m.z	p.value	t.score	rt
192.08777	4.95649691401443e-16	227.535729093025	292.8
374.10412	4.95649691401443e-16	207.987248871429	617.4
453.06699	4.95649691401443e-16	214.851033318808	717
404.14251	1.1664000004728e-15	178.276237205182	288.6
186.04643	3.26745452130539e-15	156.690796309667	617.4
374.11369	1.05663550013738e-14	142.255982488155	507.6
535.28145	3.7085338997806e-14	111.731396631177	280.2
239.07889	5.08471564042492e-14	144.871609982149	187.8
125.04696	8.88880974079977e-14	139.132229699	280.2
388.1841	8.88880974079977e-14	117.863979034244	283.2
257.08938	1.96059996977262e-13	189.652412387931	280.2
397.11454	2.5176261212227e-13	-106.900209764442	533.4
333.0943	3.03639500999124e-13	151.006738767448	332.4
359.01509	3.19867815905482e-13	85.5915915795429	586.2
359.03776	3.19867815905482e-13	86.980841027476	552.6
166.05145	3.35077518153401e-13	-123.717665040162	231
125.0469	4.28853687956583e-13	160.10099063731	551.4
597.18115	4.28853687956583e-13	-85.4045669733353	481.2
364.11879	4.59687273352516e-13	105.464841731461	470.4
236.99845	4.91224164592491e-13	-96.8145775065839	247.8
160.06157	5.00579308101712e-13	-85.6774611077782	531
290.96801	1.05789668969319e-12	137.967356769693	660
675.11861	1.08457722330232e-12	144.352581667872	550.8
644.13961	1.113427269545e-12	72.4830545341663	550.8
437.98239	1.69950663314558e-12	71.3522798001	552
178.05106	1.94870271799056e-12	99.0472044965406	193.2
436.11327	1.94870271799056e-12	89.1397372715195	488.4
428.10922	3.58325119530793e-12	-97.9788593543958	481.8
427.19482	3.86382019019316e-12	61.5444341968349	283.2
383.02649	4.4546115136937e-12	119.168946091409	598.8
228.02799	4.47988153760399e-12	197.646383060834	544.2
197.00572	5.82897583439853e-12	-96.0132558507188	247.8
260.07756	6.01025377710764e-12	163.780267470114	525.6
380.01562	8.37264008302207e-12	64.526268092261	630
95.96185	1.1577010192167401e-011	-83.6892192283472	529.2
258.0926	1.1577010192167401e-011	140.594702094741	280.2
387.13574	1.1577010192167401e-011	103.617044665627	277.8
450.09122	1.1577010192167401e-011	-83.0534014546248	481.2
442.12488	1.50231349959279e-11	-93.7947088975793	481.2
321.10368	2.01547587313506e-11	-69.7489421152767	481.2
243.05685	2.92696150922507e-11	62.8432678341915	424.2
328.06863	3.1424244797822e-11	73.537626107863	485.4
929.29929	3.21442610200919e-11	47.9148831176922	633
125.00677	4.33393436898971e-11	46.4171603740696	487.8
156.99072	4.61181589368812e-11	-69.8928419712862	483
226.04867	4.64296006470286e-11	-50.6813892474676	481.2
438.11903	4.64296006470286e-11	108.653580110465	505.8
497.99195	4.64296006470286e-11	88.2198206382224	661.2
429.11269	5.05178300694504e-11	-66.1321214725783	481.8
514.20211	5.12447220588286e-11	-46.1656704045627	481.8
179.05434	5.15749797569191e-11	80.5383354999322	193.2
286.05293	5.55133266509484e-11	79.7100544236054	600
335.0747	6.64077520542434e-11	49.8874945767134	519
575.19864	6.8113599702773e-11	-87.0558054052277	481.2
320.08496	7.70656347770723e-11	109.584346102122	280.8
324.07505	7.8070978214155e-11	-114.224305161383	247.8
513.19858	9.93227521632711e-11	-92.1388529202908	481.2
408.11396	1.08410956539025e-10	73.1543541707628	278.4
242.08003	1.21762791598937e-10	-53.7456762884128	402.6
119.03497	1.269973903822e-10	46.5801813138818	440.4
236.97831	1.7350190411646e-10	-62.6209102665573	481.2
244.05921	1.73815652914266e-10	-74.9668208174329	529.2
126.05033	2.1683065081254e-10	74.6525918507365	280.8
134.06123	3.40371316411498e-10	55.9708949636255	193.2
293.06617	3.77351429964999e-10	87.1391560333752	282
308.03808	3.84491179863123e-10	-86.8418909484876	253.8
101.02444	4.17700085910778e-10	35.3197080868667	440.4
195.05105	6.58603412222957e-10	-45.3799598741593	460.8
122.98533	6.66891498365347e-10	-85.534348207112	529.2
236.02363	6.66891498365347e-10	-35.1867611162472	630
254.989	7.12894182344509e-10	-82.9208400966608	481.2
167.99726	9.98983839184072e-10	-37.9883677375068	551.4
181.07187	1.0813909688778e-9	38.9871165023991	441
241.0121	1.13817263456877e-9	36.4045783768156	484.2
340.07802	1.16014589728439e-9	-83.4185174166788	481.2
147.04306	1.20997396919944e-9	-31.7768126241071	303
168.98134	1.21557943220292e-9	-33.1674464538709	625.8
182.07496	1.21557943220292e-9	38.7301402698025	441
147.03	1.34718096892503e-9	32.2586307774896	553.8
360.04171	1.34718096892503e-9	60.9314046894147	551.4
439.98758	1.34718096892503e-9	-88.9079519297373	628.8
175.03607	1.35356517875024e-9	-30.564797297219	610.2
226.96392	1.90844913667918e-9	-74.7421605797383	483
302.53369	1.99760980107546e-9	-29.726994497013	555.6
215.05188	2.0092462173041e-9	-50.2844251707989	534.6
429.10435	2.04973760729253e-9	-52.3313224430208	534.6
125.01068	2.36101431393127e-9	28.7486583366888	487.8
182.05878	2.36188916495158e-9	-73.436323936515	529.2
832.30163	2.36188916495158e-9	-71.0349589770357	481.2
436.98086	2.41449436802566e-9	123.411099730158	552.6
336.06179	2.47070747516009e-9	-71.6261775239773	579
243.08295	2.48065429383284e-9	-52.5381350571505	481.2
241.05995	2.55141607644897e-9	81.3911140099627	424.2
183.07568	3.05109887150497e-9	39.252458782351	441
212.00476	3.36909253707333e-9	27.774936079787	418.8
164.06456	3.55226302787019e-9	28.8100772089857	440.4
429.05826	4.43653198677288e-9	-37.1793065335376	549.6
147.04932	4.49488239645811e-9	-28.3349564847342	303
312.13028	5.32516666592759e-9	35.000660590311	474.6
343.09115	5.45870813408718e-9	-32.2671841958655	534.6
386.06248	5.92757970548409e-9	-45.6260930807186	540
294.01528	6.8606893002665304e-009	-33.5899576828551	606
197.02201	6.91541200232619e-9	-61.7260896977516	481.2
170.94613	7.15407627482177e-9	-62.8530688482385	481.2
279.04881	7.17754962171332e-9	26.6205836441819	441
300.04908	7.24104452117793e-9	-43.1944129752776	538.8
163.06141	8.14961317919837e-9	40.3097976332699	440.4
124.00738	8.22162341336247e-9	28.6894564527185	487.8
130.05098	8.72698254628487e-9	-27.1923091714158	477.6
245.97132	9.34011280251422e-9	-24.4686476541646	303
256.09576	9.95877334156677e-9	-66.1636812862887	481.2
843.5584	1.09404981387841e-8	24.4658944209651	87
346.11927	1.1947041393613e-8	-54.4121219425744	246.6
231.06222	1.28796399889776e-8	-35.8868404436955	515.4
115.05944	1.57199584343285e-8	-22.9673892301676	387
418.02592	1.57199584343285e-8	45.9316713445274	611.4
606.07441	1.57199584343285e-8	-22.9513293762573	555.6
855.5954	1.57199584343285e-8	-23.169641527365	90
375.02532	1.61261389985406e-8	67.2417008798634	280.2
151.02624	1.73303382743441e-8	29.4613100445398	326.4
126.01166	1.74130359738399e-8	27.7185479328855	487.8
286.05604	1.7657676268024e-8	-56.2819409991948	250.8
151.04559	2.16983717974534e-8	-36.3415888507562	349.2
388.93506	2.16983717974534e-8	50.0163061387172	658.2
428.21506	2.16983717974534e-8	-22.491145692974	481.2
104.0354	2.2002152088203e-8	-24.2993078987347	303
158.01660999999999	2.20647939896958e-8	-65.302227088799	246.6
146.04597	2.3815855762111e-8	-31.1694489190843	303
381.11035	2.85683197148278e-8	-29.9992170369145	485.4
301.05253	2.87942462926443e-8	-41.4399113812672	538.8
313.13388	2.89786095208025e-8	26.6742190039069	474.6
241.01208	3.0914322502257e-8	26.2998836564109	604.8
185.0219	3.14389925574545e-8	-46.2291979204555	481.2
842.55542	3.44757519780426e-8	22.7037800302721	87.6
74.0245	3.61039013607105e-8	-24.0348670601621	525.6
151.01667	3.82964567915401e-8	-64.1606991293956	481.2
271.22811	3.89431029600883e-8	27.3150683278521	85.2
182.03056	4.24719185588463e-8	-51.6744340275366	481.2
181.05075	4.55237565941822e-8	-24.1865261763797	217.2
192.98828	4.60288963164863e-8	-31.5537931445793	481.2
607.07768	4.63871894785733e-8	-20.1015401527304	555.6
318.09598	5.46825744456454e-8	-69.1432539373562	481.2
116.03539	6.20431740984971e-8	-32.0580119940036	303
426.02255	6.43671716665351e-8	-23.737933990951	616.2
272.05429	6.67498111446136e-8	-25.364433870223	532.2
176.03873	6.84080690560285e-8	-19.2937042744177	109.8
212.01672	7.48229901768884e-8	-34.0034534137128	350.4
381.01946	7.64136593353727e-8	54.7367968887345	552.6
249.02225	7.81711212075832e-8	22.9517180778848	489.6
113.03568	8.32385702670748e-8	-23.9035843717929	517.8
608.07937	8.45932853297812e-8	-22.5971011163719	555.6
343.32168	8.65283438290462e-8	-31.743317379447902	87.6
386.13638	8.65283438290462e-8	20.3177272600619	440.4
135.03133	8.89413171027376e-8	-27.2985294194699	245.4
134.02341	9.30332218412398e-8	-56.8099869718592	247.8
189.0881	9.92066930806905e-8	27.6248061463596	473.4
172.98716	1.02489522124594e-7	-52.718377925848	246.6
172.02404	1.10373979083585e-7	-51.8593978087577	350.4
280.06345	1.18777326670941e-7	-20.7221130698687	274.8
150.97071	1.21618510693984e-7	-18.186614238479	625.8
388.94559	1.22003188975296e-7	36.3755634768342	661.2
85.02951	1.29186124150303e-7	19.5866507181355	440.4
240.05167	1.29186124150303e-7	-18.1393301660286	741
127.04015	1.2930386758973e-7	24.09757357246	439.8
435.20489	1.2930386758973e-7	-49.9479478387992	246.6
315.09639	1.32497019661165e-7	-25.4621201122871	533.4
549.29682	1.32497019661165e-7	43.5875278799291	280.2
399.04644	1.39996048397704e-7	-18.3429589464345	566.4
826.56037	1.41910620828209e-7	-19.0490667507803	87.6
131.05432	1.46795747979456e-7	-18.3636998530381	477.6
363.09836	1.64509260987622e-7	19.6997329197308	548.4
172.00979	1.64775526955619e-7	-29.6295239798045	481.2
243.96636	1.65177565589768e-7	17.7676810203835	486.6
609.08291	1.72610993926522e-7	-17.7066193796832	555.6
131.0462	1.77610506237486e-7	-19.5418723241334	517.8
128.03535	2.21798271397239e-7	16.7348569516271	519
430.11383	2.21798271397239e-7	-37.0397289090573	481.2
302.05205	2.32241053670604e-7	-19.5558671099898	741
360.97114	2.44959447495279e-7	30.2579417812648	675.6
125.00445	2.4653377990117e-7	18.4557583941802	489
471.10513	2.4966130969499e-7	-28.5491754443855	510
97.02949	2.53454243923257e-7	19.5512709714626	440.4
187.07248	2.53454243923257e-7	-23.3508562679668	300
301.06534	2.61736263733564e-7	22.4291102114442	529.2
534.28708	2.67008965332713e-7	-51.7649876090325	480
79.9571	2.70518088077115e-7	18.6575469239771	487.8
805.57934	2.79044973067095e-7	-23.0299422713298	152.4
322.09241	2.86180074891486e-7	-55.3710001707974	249.6
195.00617	2.91415251073834e-7	18.0166211190828	532.2
385.13285	2.91415251073834e-7	20.9021340704632	440.4
762.50843	2.91415251073834e-7	17.0089664075643	84
273.00019	3.07018181555237e-7	16.6729649817905	486.6
168.02786	3.13364534571448e-7	-16.0052469443649	304.2
854.59079	3.19168258447685e-7	-17.8525376518998	88.2
300.13019	3.26642823731404e-7	25.4653014298054	473.4
819.51844	3.27896334145509e-7	-37.3790434049872	78
152.9959	3.29898875586854e-7	-26.4327629916829	483
159.52766	3.30648274057505e-7	-16.5413823801042	741
182.05414	3.38454563806204e-7	-19.2523885178849	218.4
234.95667	3.50055516453983e-7	-52.0335327651546	247.8
141.00899	3.50828907279097e-7	-15.9641973519859	569.4
376.15745	3.50828907279097e-7	-47.7338990215178	477.6
779.56381	4.02480153517706e-7	-17.2767278972692	153.6
337.05572	4.34905970486074e-7	50.035041040066	551.4
490.03138	4.55724152166531e-7	18.4103766627153	441
613.14022	4.55724152166531e-7	16.8852092451705	559.8
387.10886	4.80803520710664e-7	30.2056630424389	440.4
302.09927	4.93044492184447e-7	-16.708163688797	516.6
492.07575	5.02744907320631e-7	39.9662621612979	548.4
576.20089	5.02744907320631e-7	-33.094644011846	480
770.30091	5.23736362858151e-7	-37.4779201633485	481.2
386.10041	5.39900448699256e-7	26.7467546337818	470.4
73.02919	5.56946017843178e-7	22.6600250516083	439.8
375.15384	5.67345687091147e-7	-34.2827819671182	477.6
317.09904	5.6834868089647e-7	-26.9211170211184	616.2
130.05102	5.73392932941725e-7	-16.5676873345533	205.8
126.00317	5.8587420287209e-7	24.6180563633785	487.8
312.94993	5.88955253505409e-7	34.9710686664479	660
118.05104	5.8993071452399e-7	-15.5223206665695	475.8
211.0014	5.90105921959765e-7	35.1340400462581	616.2
491.03056	6.3400227217064e-7	16.6756838228402	439.8
419.07137	6.48652481041605e-7	16.2925218456773	441
195.03333	6.54227511817126e-7	-16.6113147229328	195
180.06672	6.58202788104337e-7	-16.4367784061771	411.6
419.98807	6.67417022792024e-7	-14.5582653454123	741
308.09904	6.75856957232749e-7	15.0825974944025	459.6
321.06599	6.90002486999293e-7	-17.172693222389	741
176.03876	7.11926292477263e-7	-22.5648247390993	166.2
280.99714	7.31990317128002e-7	14.9322643876959	441
291.97142	7.53924113444993e-7	39.7370312421691	660
219.1068	7.6256527509932e-7	-17.2107202629015	199.2
153.99913	7.72719850147634e-7	-46.3050080360712	483
303.03549	7.75668709971209e-7	-21.4557425081393	555.6
303.05548	7.81037158673755e-7	-17.8151246143697	741
277.05893	7.87896523153236e-7	21.2904332180551	483
821.53313	7.91715163955454e-7	-41.3976113048942	76.8
259.05727	8.12620346748003e-7	-17.1114503876754	501.6
434.13365	8.12620346748003e-7	40.5569983213277	437.4
445.05315	8.30086474829293e-7	-14.394863213736	587.4
183.06201	8.33299267354375e-7	-41.8096141382153	529.2
136.02835	8.42865706114865e-7	-46.7566455162884	245.4
220.00887	8.42865706114865e-7	-20.3012689705748	245.4
304.0566	8.42865706114865e-7	-16.024634269344	741
196.06158	8.44389477775007e-7	-21.4720602769036	739.8
111.95672	8.9226736772711e-7	-35.8605862544828	481.2
320.06257	9.0561009764465e-7	-18.1252013067639	741
299.25932	9.16258899735494e-7	26.0932323159305	84
132.05527	9.33450357305752e-7	-14.0942718220914	475.8
83.01377	9.82711191012978e-7	21.2497285149246	440.4
136.03461	1.00581788075141e-6	-22.8594939787923	245.4
337.07813	1.00581788075141e-6	-26.1969329230676	536.4
125.00092	1.01253876593113e-6	-25.5940988014015	481.2
161.06503	1.04453353654147e-6	-14.1392655824774	228.6
329.24899	1.04453353654147e-6	16.8855275134031	82.8
285.0731	1.05553945517088e-6	-19.778705127798	624.6
315.08115	1.05698630694161e-6	15.6029279108466	520.2
327.2329	1.05698630694161e-6	18.3892541169517	82.8
420.98989	1.05698630694161e-6	-13.6737975618423	741
235.07267	1.06208748851316e-6	-15.6464779971573	357.6
252.05492	1.06208748851316e-6	28.0831606725499	434.4
483.11025	1.09115348191639e-6	13.9491533482332	441
337.01592	1.13775255620468e-6	-33.8634890872501	245.4
313.0447	1.18512331193874e-6	20.4801418092954	553.8
254.99033	1.23105333553296e-6	-29.9184994126887	245.4
614.14361	1.23919808635081e-6	13.7504907273924	559.8
102.05604	1.24328903390961e-6	16.1049041581742	519
160.06168	1.27240146527118e-6	-23.7363760103727	228.6
279.0026	1.27240146527118e-6	13.8177457754464	441
203.00212	1.27463216573788e-6	15.3032379821564	170.4
133.01572	1.33503920392498e-6	-41.1140094531254	349.2
195.08639	1.33948688458488e-6	13.3283531198715	846.6
464.31486	1.35369511618785e-6	-13.2511841726415	162
157.02558	1.36562382856088e-6	-33.7252994534405	330.6
119.05431	1.3945428083951e-6	-13.1918828288964	475.8
274.9493	1.4224889725272e-6	-33.3984191583512	246.6
489.03032	1.44729766423954e-6	13.2076417199596	440.4
140.01187	1.44888599666946e-6	-23.6360671895304	569.4
151.06126	1.47560780219384e-6	-16.4128399064824	384
829.57946	1.47560780219384e-6	-22.8635931165034	88.8
129.0387	1.51791101947899e-6	16.2759652466768	519
161.0457	1.5419334574692e-6	-28.3245009300446	175.8
303.53625	1.5419334574692e-6	-14.8830832845957	555.6
216.05145	1.62405428182784e-6	-17.0722122873554	741
293.05202	1.62405428182784e-6	-35.8843692448135	245.4
319.09946	1.62405428182784e-6	-26.6398812866149	481.8
289.03326	1.75725925885889e-6	14.0062849278741	594.6
365.12224	1.75725925885889e-6	33.8241972332932	470.4
114.0561	1.75790748445204e-6	-21.0798837400476	387
230.01974	1.75790748445204e-6	-26.1089618451007	481.8
381.01919	1.82044376385348e-6	23.2057249467948	630
301.13376	1.83312255667766e-6	16.2442429141202	472.8
115.04005	1.87272275542929e-6	17.8259848370776	439.8
275.12519	1.89061040401949e-6	-28.5082888547848	562.2
509.28887	1.97667091195532e-6	-21.0795965325203	84
281.99744	1.98059103817689e-6	13.7968734607277	441
110.02483	2.01167255446903e-6	-12.8301265942343	741
172.06171	2.07986024122977e-6	-12.6115325541676	741
303.0836	2.11942428813512e-6	-17.43120836954	622.8
163.04025	2.21189198378233e-6	-12.6154340269118	411.6
264.07405	2.36175234180788e-6	-34.5596160041679	252
365.34241	2.36175234180788e-6	14.1951916154383	80.4
203.08272	2.38477515583171e-6	-12.823536236006	333.6
287.05238	2.43139730459858e-6	-16.0373311639397	407.4
315.034	2.43139730459858e-6	-34.0972394232572	245.4
422.08803	2.43139730459858e-6	-13.3906734656991	682.8
452.06668	2.60155069552725e-6	-12.8263863067206	274.8
557.18807	2.61210674517077e-6	-33.4831038547269	482.4
382.11397	2.63033048572048e-6	-22.4205392479615	485.4
205.08306	2.63102549945627e-6	24.3185230188297	439.2
113.02448	2.6596425303526e-6	19.2678736774541	441
322.06711	2.6596425303526e-6	-13.7833689804858	741
172.00995	2.79051547357936e-6	-12.3777829832458	543
268.96019	2.79051547357936e-6	13.0248116719131	420
308.97843	2.79051547357936e-6	29.1900911650102	616.2
324.04677	2.79051547357936e-6	-23.8602003100587	475.8
339.99241	2.79051547357936e-6	33.693328419897	673.2
408.11838	2.79051547357936e-6	14.1203655107866	441
134.0473	2.81240712760901e-6	13.6124092947854	166.2
211.00141	2.87771458754085e-6	29.6211226065966	457.8
273.96615	2.87771458754085e-6	12.0234891686455	533.4
373.10025	2.87771458754085e-6	34.5162368421983	617.4
209.95008	2.89926251901497e-6	-15.0502495314113	274.8
148.03337	2.97905195044688e-6	16.9197900419899	553.8
331.2647	3.11323319404088e-6	20.4588017956016	82.8
246.04673	3.15007615372817e-6	-20.2813404699488	432.6
84.04548	3.24503082804175e-6	-13.3915477646249	304.2
178.05994	3.24976486025375e-6	13.4501164305333	846.6
430.0845	3.29454809747546e-6	-14.3735225756189	274.8
128.0744	3.36141699941716e-6	-11.7929965489196	274.8
280.03572	3.39928605542502e-6	-32.8336877930853	529.2
130.05104	3.42031010636003e-6	-11.7664717878846	532.2
465.98281	3.42031010636003e-6	-13.2906064835949	643.8
349.05442	3.42261935486772e-6	17.5992623229481	619.2
251.07881	3.42568882903515e-6	-25.2049981543197	221.4
150.04219	3.53203177606326e-6	-17.2515550884506	349.2
241.99105	3.56420754149984e-6	-32.1237810017054	243.6
161.0649	3.64099470924986e-6	-27.9891369170418	531
401.08287	3.65272211771673e-6	-30.1502434028319	240
147.04914	3.78448542263071e-6	13.1293882880169	519
363.03521	3.82374433641078e-6	17.6013690636494	661.2
426.02249	3.82374433641078e-6	-11.5850247662436	564
149.03434	3.837411700751e-6	-19.8462252656918	351.6
146.04589000000001	3.84269821064986e-6	13.9589823729442	519
361.068	3.84269821064986e-6	-30.7801195102784	351.6
132.08607	3.89662811231177e-6	11.722748622111	845.4
294.05004	3.89672870714968e-6	18.9709692366981	555.6
382.10055	3.89672870714968e-6	25.9387260613357	531
174.1078	3.95904240504463e-6	14.0651499952054	845.4
168.02778	3.96840088967955e-6	17.1417881063607	519
371.00871	3.98639915276503e-6	11.8291129335606	229.8
131.08269	3.99514625477033e-6	13.5151695593854	845.4
170.97713	3.99514625477033e-6	-19.1988291877035	625.8
204.08593	3.99514625477033e-6	-12.5080828428639	333.6
218.10349	3.99514625477033e-6	-17.6961545711151	199.2
417.02203	3.99514625477033e-6	17.0347393372935	609
387.16529	4.15008044242358e-6	-28.7492645980534	480
184.07883	4.19578360365898e-6	20.5279751909216	440.4
271.00426	4.19578360365898e-6	20.5539745460448	489.6
425.13655	4.19578360365898e-6	-22.0545759172484	534.6
427.02606	4.19578360365898e-6	-11.8015465315555	564
393.0809	4.27788219623336e-6	25.2586808975276	453.6
223.93275	4.29707892104842e-6	11.4239579243354	486.6
354.07251	4.35763220924005e-6	-30.4816619843681	478.8
141.01526	4.47083264628697e-6	-20.7210894693157	569.4
231.02362	4.53834556953959e-6	-16.3230305683684	304.2
227.96074	4.56709092317826e-6	-12.9631113537513	274.8
468.12912	4.65827569856586e-6	27.7255446898872	529.2
507.07166	4.83785715800241e-6	-12.0603041211966	409.2
387.15384	4.84713843152802e-6	-24.1024360444066	477.6
339.08589	4.84824778415095e-6	-29.4808989412659	350.4
213.01305	4.86260543789764e-6	-12.1376436789895	274.8
142.05094	4.96535779930196e-6	-21.5144401464693	532.2
393.16332	4.99264681068601e-6	13.7885926198467	441
423.06499	4.99264681068601e-6	-26.8040000798359	239.4
441.0522	4.99884693342903e-6	12.7259021911311	441
228.05302	5.11997808817388e-6	-26.636823244155998	482.4
134.03442	5.15734311256926e-6	-12.1656217633001	534.6
853.57936	5.87224116010644e-6	-11.0239999398987	88.2
284.04155	6.00593700349683e-6	-11.7412765376369	741
338.05955	6.13138375269319e-6	29.7004893601112	551.4
257.09903	6.20608024511469e-6	-22.8657343850043	481.2
437.21437	6.22509867445423e-6	-21.8489339050735	199.2
386.13207	6.50408814477773e-6	26.2289214405259	277.8
373.14116	6.52891853949353e-6	11.2320462044311	441
174.10189	6.53422003334398e-6	14.413387004134	846.6
295.98403	6.53422003334398e-6	-11.161358070699	410.4
454.08812	6.53422003334398e-6	10.8122474988846	231
92.02549	6.57947964029879e-6	-11.2985475628469	245.4
143.04632	6.57947964029879e-6	17.6864106196651	363
283.06864	6.69634523500124e-6	19.1266231657716	403.2
309.50677	6.75418276758748e-6	-11.2759936465925	617.4
103.0594	6.93773539296578e-6	11.4144137594185	519
180.05945	6.99238060265278e-6	13.7586246773126	577.8
804.57572	7.18636504885853e-6	-15.0362729670724	90.6
328.93728	7.20160032945468e-6	22.8152526502149	556.2
407.11481	7.20160032945468e-6	16.1639658296215	441
391.18033	7.29225955653719e-6	16.1449713047007	846
288.10921	7.33091625958556e-6	10.7021879589833	210
104.03534	7.50173696440574e-6	24.096244025455	533.4
407.10238	7.81904307193358e-6	12.0012445369722	441
205.03542	8.03533593938433e-6	-11.4506613164557	639.6
279.06	8.05838590859737e-6	-16.0853746592218	274.8
309.10242	8.05838590859737e-6	14.1857118032418	459.6
496.98878	8.05838590859737e-6	25.8949486534165	661.2
543.35016	8.39541987888651e-6	-15.0624318401059	96.6
370.14037	8.56623399651127e-6	10.4602389862958	441
866.55515	8.56623399651127e-6	12.666529185383	85.8
313.05124	8.73898582858527e-6	12.0446155458346	488.4
371.13661	8.82904000245489e-6	10.3800503226624	441
235.0726	9.23988463795117e-6	-15.5476367013583	279
285.9639	9.57113650944256e-6	-10.281449292056	303
312.01154	9.57113650944256e-6	-10.4546164731583	457.8
164.07193	9.7191553278044e-6	-10.7745244132057	250.8
252.00934	1.02737767194123e-5	-24.5931339043717	353.4
273.99249	1.02892070204725e-5	-10.4482562508219	304.2
169.98473	1.03438795815801e-5	-14.8462708649796	625.8
228.06433	1.05111220010321e-5	-25.1684342924093	476.4
192.03379	1.05790883718934e-5	-18.9013188493699	179.4
258.09982	1.13196966375016e-5	-21.9275922132223	481.2
152.01179	1.14847884565786e-5	-24.0154287849528	529.2
353.94272	1.14847884565786e-5	-10.1597977059521	409.2
179.05609	1.15968968803526e-5	16.5928893496614	577.8
316.0842	1.17492191674361e-5	10.1519393176727	520.2
116.07174	1.18701887931651e-5	-18.9527865376789	531
267.07238	1.18701887931651e-5	-16.115440491352	525.6
319.04371	1.19888822966086e-5	-18.0349708972088	603
299.12261	1.20201198842462e-5	-10.8027495278002	304.2
341.14998	1.20201198842462e-5	10.1126828816357	477.6
489.14273	1.20201198842462e-5	-12.0742039336791	526.8
141.0193	1.2037398528643e-5	11.1637521697424	577.8
338.989	1.2037398528643e-5	22.9962023918092	673.8
363.15112	1.2037398528643e-5	17.1748785033428	441
313.00447	1.20945784909753e-5	11.8611207889574	367.2
364.09227	1.21393848938337e-5	10.9391928575873	486.6
497.14382	1.23596366901883e-5	-20.1155605804012	252.6
666.45059	1.24320964575692e-5	15.557570862835	84
147.04527	1.25045636298007e-5	-11.2910515957367	250.8
347.12291	1.25126048201863e-5	-22.6586309937862	246.6
146.08237	1.25128851010185e-5	-17.9666028600253	199.2
173.10449	1.2538231135866e-5	12.7799430383329	845.4
287.03942	1.2538231135866e-5	12.2886335073093	814.8
287.05946	1.2538231135866e-5	-22.1978514292171	250.8
162.02318	1.25474591929806e-5	20.2167672098685	435.6
176.0447	1.26140400666956e-5	-10.369517890453	532.2
342.04443	1.28592874454798e-5	-10.4399564704735	741
526.12177	1.29606706060615e-5	-10.6149531891315	246.6
228.93194	1.32850404999195e-5	-10.1820380063856	457.8
204.05695	1.33823961788244e-5	16.0898548217406	441
142.01607	1.33899718868058e-5	-13.383436797888	569.4
201.12457	1.34432993752823e-5	14.4691242350365	367.2
206.95834	1.34432993752823e-5	-13.1741936469623	536.4
238.02546	1.34432993752823e-5	-9.82792510762295	410.4
505.98878	1.34432993752823e-5	-10.0090008256612	613.2
894.58637	1.34432993752823e-5	9.99968000044119	87.6
454.11162	1.35120156919647e-5	-16.9321055734847	169.8
471.07849	1.36936560886523e-5	24.8015687881936	617.4
295.26422	1.4108186696352e-5	12.3694200880501	83.4
867.55832	1.42722121424532e-5	12.2149908303614	86.4
231.0275	1.43912491593167e-5	-9.7224151767455	570.6
506.99213	1.43912491593167e-5	-9.77494188843151	613.2
423.15739	1.44954599226141e-5	-19.5561502316588	480
208.95159	1.46653363568778e-5	-18.0380969333034	246.6
114.08887	1.46863003166466e-5	-12.3337753717004	387
161.04562	1.52049895552952e-5	13.3907479495536	577.8
335.08982	1.52049895552952e-5	-10.2327441289354	304.2
128.03541	1.59566908622648e-5	-14.2901859983618	274.8
119.05029	1.6116069821136e-5	-10.7919884871642	410.4
507.99327	1.6116069821136e-5	-9.73073936855448	613.2
135.05065	1.63292177526481e-5	9.59558331378163	166.2
203.05377	1.64942391259614e-5	15.6037348821886	441
229.95902	1.64942391259614e-5	-9.57277315092927	274.8
343.04788	1.64942391259614e-5	-10.1237631538012	741
152.06472	1.67739358864104e-5	-10.26599481787	384
275.08881	1.67739358864104e-5	12.5930818198876	619.2
72.00883	1.68156384578031e-5	-9.75614881091421	475.8
298.98189	1.69011764270281e-5	13.1245270823842	441
134.06125	1.72099540556463e-5	-10.9674071341662	410.4
335.0955	1.75112408136488e-5	13.3572725697019	489.6
359.16836	1.75112408136488e-5	-9.56038043827507	519
369.19827	1.75450544109172e-5	14.4705999248626	845.4
410.92715	1.76375016065071e-5	20.1944843741041	661.2
460.18021	1.76448507458828e-5	10.4591100883857	624.6
405.10721	1.7654921457928e-5	10.5551629315062	441
198.02534	1.76694567474919e-5	-18.9972250340562	481.2
199.02613	1.76694567474919e-5	-20.4157550007867	481.2
237.02945	1.77165803321991e-5	9.82680731730886	441.6
114.01967	1.78826634963592e-5	-14.9499549145099	532.2
315.08137	1.84544258738255e-5	-15.376578034308	303
566.05122	1.84768692401353e-5	-9.77334798514326	600.6
282.02041	1.85311528069382e-5	-9.47704896828848	600.6
106.02855	1.86167244173992e-5	-21.4661693908688	351.6
612.17064	1.86167244173992e-5	-20.6584840817649	240.6
361.13036	1.90550720306255e-5	-20.5691570325437	350.4
201.08818	1.92954377865846e-5	-10.0814731965105	183.6
306.08646	1.92954377865846e-5	13.9248238811413	486.6
464.32418	1.93916339125958e-5	-22.4280978183091	174
283.09134	1.94311197486385e-5	-13.9186257358912	474.6
229.01184	1.96060845231664e-5	19.7367530552739	573.6
263.47545	1.97854902267405e-5	-9.35504799074092	613.2
379.10101	1.97854902267405e-5	-12.360215385287	242.4
431.09142	1.97854902267405e-5	9.36960470195173	500.4
355.9398	2.0299434638779e-5	-10.571652507418	409.2
822.53664	2.08214812681605e-5	-16.673556038645	76.8
644.2558	2.10346506381999e-5	-19.8427925417055	478.8
392.15993	2.10486694435728e-5	14.320958699404	441
263.97647	2.10986854196419e-5	-9.21734258681096	613.2
289.10195	2.10986854196419e-5	10.8374121588183	189.6
401.06108	2.10986854196419e-5	-10.0773894952533	624.6
528.95992	2.15013104530943e-5	-9.23341639869563	613.2
88.04047	2.200457081121e-5	-16.136447444681	204.6
243.08111	2.20403784919067e-5	9.91914260654585	207.6
337.09136	2.22865419073612e-5	10.5030269461586	486.6
890.58403	2.23819600590921e-5	-20.7214405780892	79.2
297.98114	2.26102551192479e-5	-9.14085804474816	410.4
527.95775	2.27689043120368e-5	-9.12208772558398	613.2
895.58998	2.27689043120368e-5	13.3251643491432	89.4
488.03106	2.29244052100761e-5	10.4781414356038	441
165.07508	2.29675533305109e-5	-10.4809807373866	250.8
135.03775	2.31849911196304e-5	-9.54237079933506	534.6
241.05494	2.44262309363932e-5	-14.8385470050151	741
568.36177	2.46135999332556e-5	-11.0038613866348	162
181.02716	2.48365337095986e-5	-18.2122289443139	481.2
245.06241	2.49166707709665e-5	-20.0440887413177	530.4
196.08979	2.6081143928588e-5	8.96881828297408	846.6
208.02042	2.61321595755888e-5	-9.15133892728236	303
828.57621	2.61857897891913e-5	-9.97825982677205	128.4
852.57622	2.61857897891913e-5	-9.24442568969006	87.6
446.05686	2.64008212580134e-5	-9.82759189849443	587.4
202.07219	2.69242003627868e-5	-12.1124381063777	558.6
264.47379	2.75100816787013e-5	-9.63160699349192	613.2
241.0721	2.81764793115005e-5	-15.9110813098961	481.2
148.05022	2.86401222986782e-5	-17.2960615663431	303
103.04008	2.90202642490941e-5	12.2281069465756	554.4
129.03243	2.90202642490941e-5	-13.1623657575728	274.8
151.03927	2.90202642490941e-5	-8.90005551362428	349.2
307.26423	2.95986747547815e-5	9.19312546766316	83.4
132.04959	3.00214672489133e-5	-9.44475398479758	517.8
746.51194	3.01018591670822e-5	-9.05911225180763	83.4
277.98856	3.03643170594861e-5	-19.7078988038004	351.6
628.05658	3.06522548514918e-5	-8.8988241653374	555.6
113.03573	3.07991695199339e-5	-16.8017122577917	329.4
579.02749	3.15226800743496e-5	10.0244819978228	698.4
570.37786	3.18798321516002e-5	-11.3189065851304	95.4
189.03501	3.20254348763961e-5	-10.8246999451289	390.6
529.95578	3.22106942390008e-5	-8.77635830976318	613.2
271.09144	3.27629908731841e-5	-13.4536478977675	473.4
206.95	3.31583414232206e-5	-11.0477164334735	457.8
95.02509	3.34661132446951e-5	-9.52228050575484	517.8
369.06791	3.34661132446951e-5	-13.0772794899896	536.4
542.34703	3.34661132446951e-5	-13.6897612243119	164.4
164.05801	3.38900100364141e-5	11.2972745848803	224.4
290.96788	3.38900100364141e-5	-9.26262226839905	562.2
779.56367	3.38900100364141e-5	-19.1839350137052	91.8
561.90842	3.43293693597712e-5	-8.68877805599317	613.2
220.10767	3.54087597680697e-5	-12.6289023988489	199.2
477.99385	3.54224759937058e-5	14.0229287814529	630
804.57625	3.54224759937058e-5	-14.296560826371	152.4
806.59101	3.57282862035054e-5	-9.37607527785408	91.8
129.03873	3.70224354460113e-5	-14.0084772508792	274.8
300.26295	3.73657864522423e-5	17.2013397921948	84
415.06271	3.77824461604303e-5	16.0333552605981	453.6
807.55866	3.79167590847931e-5	9.6354066941547991	91.8
147.0431	3.90538509606641e-5	9.91571456497615	519
303.23299	3.9287675036632e-5	10.7354860376903	84.6
294.05562	4.24396837799183e-5	-17.5763384968637	246.6
436.96736	4.24396837799183e-5	17.7907776068553	675
510.29205	4.29684378452947e-5	-12.6989045354212	84
216.04333	4.33405041885254e-5	-10.0799296721014	411.6
233.07806	4.33405041885254e-5	11.9461103595095	301.2
406.99839	4.33405041885254e-5	8.7682897052021609	813.6
89.04382	4.40320418309486e-5	-10.2731771841677	534.6
603.15888	4.42585779929415e-5	-16.3370032011757	492
181.06028	4.45545863891151e-5	10.0317014354957	577.8
156.07808	4.45733006197928e-5	13.3922703438498	845.4
148.0439	4.52913802962613e-5	-12.9560693108521	326.4
446.21944	4.55520012874317e-5	-8.5174162893614	303
387.03511	4.58105798708718e-5	9.0720861603989	633
204.05118	4.71518363893817e-5	-8.67632880878671	519
638.21323	4.75988850074479e-5	-17.1756197410372	485.4
337.06318	4.78704782653266e-5	13.307750275669	520.2
276.07751	4.93956705344909e-5	16.0541418811048	410.4
294.06709	4.93956705344909e-5	8.37579811263345	846
240.02253	4.94758228258537e-5	-8.96549759087396	410.4
563.9039	4.94758228258537e-5	-8.78975304227514	613.2
235.9564	4.96748677917542e-5	-16.3421023188591	247.8
235.07910999999999	4.99615833502041e-5	8.33234370792706	846.6
247.04066	5.02495539564604e-5	-16.856561505448	409.2
562.90618	5.02495539564604e-5	-9.02347667728029	613.2
304.04415	5.03586212616924e-5	-9.96105023577706	543.6
131.08271	5.16079998067231e-5	-8.35808388180087	769.8
227.05191	5.3205431928366e-5	-16.4935640404669	482.4
243.06228	5.3205431928366e-5	8.82584045155803	521.4
258.08223	5.42434056227033e-5	8.5536060423177709	846
496.29552	5.63626059605155e-5	-8.12195705667825	197.4
246.97138	5.71060443128825e-5	-8.1048760295891	303
326.98884	5.79211313823152e-5	17.1744613483967	574.8
870.58631	5.83723306613755e-5	14.4129718396728	88.8
271.0817	5.83990321318043e-5	8.1213513546765	845.4
871.59022	5.93698427684585e-5	10.9716345509372	134.4
508.99598	5.96367478400298e-5	-8.47170055695688	613.2
329.112	5.99921503174036e-5	-14.0467166338836	523.8
278.08808	6.01126385897841e-5	17.1372351558676	525.6
115.00369	6.03990549482574e-5	-9.69123842714925	534.6
489.15833	6.04668423430081e-5	8.08456286744711	845.4
314.90557	6.09161921748389e-5	8.33848780852781	586.2
401.01584	6.10384526925477e-5	-8.01734373915598	540
130.03952	6.32738228613804e-5	7.99137887692222	519
203.06748	6.39016522430854e-5	-11.1319955626864	316.8
565.04775	6.39016522430854e-5	-9.73091426988553	600.6
372.98495	6.46225226670373e-5	16.6610314315467	657
424.07654	6.46225226670373e-5	16.6754298966673	606
505.09248	6.57907839628732e-5	12.3259985804858	441
341.13895	6.61549421596836e-5	-8.84153659136022	473.4
236.03057	6.67710637780708e-5	-13.5652813165683	534.6
293.06357	6.67710637780708e-5	8.69580724437408	845.4
461.01312	6.74322045082394e-5	8.22910402765899	662.4
187.03793	6.74501848981692e-5	-11.2099759087924	390.6
328.10407	6.75385992813248e-5	-15.5089939046074	231
320.1005	6.79416334871184e-5	-15.6466038343562	481.2
518.08549	6.79511482750604e-5	16.7289514297706	510
830.58808	6.83602846433194e-5	-14.7729962442854	90.6
304.23643	6.85357653376707e-5	10.6130670683603	84.6
443.12797	6.85357653376707e-5	-10.4810838399428	480
88.04043	6.95093458043387e-5	-10.6136478165918	534.6
106.98088	7.14040440743499e-5	8.792412924899	488.4
313.97402	7.2262023088569e-5	-9.94612876507762	536.4
164.00007	7.22634281341639e-5	10.0186054468312	489.6
489.99375	7.45103759835961e-5	-8.73778284153731	583.2
499.37981	7.45103759835961e-5	7.87341916062338	79.2
148.05	7.66719093755158e-5	11.4738498717854	519
143.04632	7.70970242631136e-5	10.9839503462562	301.2
114.02334	7.77264699322309e-5	-9.77929433428796	387
219.07029	7.77264699322309e-5	8.23016855511598	504.6
460.26691	7.77264699322309e-5	10.5184824238395	441
485.03177	7.77264699322309e-5	10.4527112112057	439.8
473.27931	7.94152154937216e-5	7.99278891349441	441
174.04073	8.03234509894894e-5	-7.98698591327923	532.2
329.04815	8.03234509894894e-5	-15.2296288809963	294.6
298.04633	8.13138407473818e-5	-14.813640771656	625.8
773.53435	8.13138407473818e-5	-15.8434990234028	78
285.04955	8.20122535092171e-5	15.2140562554876	598.8
116.05067	8.20877974979236e-5	-8.24465421242779	333.6
134.98907	8.32091816350601e-5	-14.0324097656702	245.4
609.08826	8.41354665358093e-5	-15.1257152300127	622.8
292.97231	8.48877466090302e-5	15.9220611323403	660
357.13262	8.48877466090302e-5	-7.85772128001178	303
402.19923	8.54663899491398e-5	9.10787955013864	488.4
395.25688	8.72133122827348e-5	-13.6913048926805	164.4
333.2804	8.72262319653236e-5	8.06386444199481	81.6
272.00844	8.78564379470629e-5	11.6133211336004	486.6
348.13342	8.84337511088537e-5	11.0716769177402	441
778.56036	8.99749830282271e-5	-13.5387809769133	153.6
567.0527	9.02891318239655e-5	-7.6714179177294	600.6
357.07176	9.13192658075756e-5	-7.58842181495781	304.2
105.0386	9.13495046615143e-5	8.69818667975444	533.4
239.03056	9.13495046615143e-5	7.58517887976876	434.4
132.03024	9.22075195934633e-5	-9.9126956834192	534.6
296.07384	9.420518082906e-5	12.8210221780104	361.8
490.14802	9.420518082906e-5	-9.69375329982704	274.8
298.07001	9.44440121358511e-5	11.7504729759422	559.2
423.09155	9.54361407948171e-5	-10.2327317108361	682.8
232.06564	9.57653422128271e-5	-7.80274699035978	515.4
310.93476	9.57653422128271e-5	-7.58595967698445	410.4
150.03961	9.69398533463534e-5	-7.58528740702346	326.4
300.08147	9.7640362875015e-5	-8.22130267116304	519
220.04883	9.77085037436278e-5	9.97768201404645	436.8
339.05999	9.79470363549402e-5	15.370218019926	551.4
386.01622	9.79697950367811e-5	-12.9208481692931	597
401.09622	9.84113554144281e-5	9.83439062632541	441
297.07053	9.92912385516996e-5	-12.6616620260993	283.2
260.07784	9.93662757687519e-5	15.0879928054415	334.8
309.98197	1.00416787139136e-4	15.0376904857019	616.2
339.12331	1.00870246494877e-4	-8.35128345076305	274.8
265.05729	1.01424667852244e-4	8.66401655666721	814.8
476.13243	1.02636254408095e-4	7.69588174145566	231.6
388.15738	1.03800573320052e-4	-14.8916586764037	477.6
304.08706	1.04162080778091e-4	-10.1038034755845	622.8
182.07056	1.04763142468051e-4	-8.19181562624165	411.6
196.07274	1.04814955806954e-4	-7.8278105549706	274.8
148.00752	1.05936269659574e-4	-9.60040018046841	208.8
175.04406	1.07343000161097e-4	-7.65247402544926	532.2
305.037	1.07679281495634e-4	7.4154000838207	231.6
493.24762	1.09710401654249e-4	9.22216340894278	441
304.06655	1.11287299246952e-4	-13.3837341736216	247.8
187.0249	1.1273004271711e-4	-8.00631067823226	634.2
388.15551	1.13709864376018e-4	12.0722636541971	86.4
218.06701	1.14775680944936e-4	11.7829208788811	504.6
157.01328	1.15304921007188e-4	-13.7613389409719	246.6
108.01251	1.17531854206081e-4	8.28484641393514	496.2
128.0056	1.18306440070281e-4	-8.77742317093415	274.8
214.04864	1.23148720481704e-4	-13.7979310509233	534.6
384.19255	1.23567162975207e-4	11.1657942712157	846
112.04047	1.25127894680958e-4	-7.38619135540694	249
130.03962	1.26287928537942e-4	-8.51466729397738	274.8
449.11341	1.27891393015834e-4	-7.72406176262045	409.2
432.10602	1.28001545906873e-4	7.29240378418593	231.6
162.02328	1.28981232797438e-4	-9.65385970447391	178.2
357.13321	1.29520951133359e-4	7.30501211163739	519
295.03386	1.30668631098261e-4	-7.61467324708401	274.8
778.56024	1.32273478953378e-4	-14.171442031734	91.8
279.0712	1.33167903119573e-4	13.7915974139997	282
168.06672	1.35714747715199e-4	7.8907789028381	172.8
213.01704	1.37720630196423e-4	10.5435688875151	532.2
203.03269	1.3837978211045e-4	-7.20530475217577	217.2
218.05181	1.40656461741191e-4	8.82698478701622	438.6
229.04669	1.40656461741191e-4	-9.03209185298629	638.4
133.03354	1.42549205782573e-4	-9.70969812793184	534.6
465.31816	1.43543771125319e-4	-9.90631361479281	162
117.07511	1.48097552602223e-4	-7.85114015719157	374.4
151.02619	1.50995185279841e-4	7.62788738580148	665.4
451.11035	1.51723050527386e-4	-7.14765727561153	409.8
742.06846	1.5187029709198e-4	-12.0580229063751	619.2
281.09922	1.52120427222776e-4	-8.74271071869623	199.2
286.97819	1.52120427222776e-4	10.4088774166109	487.2
121.05064	1.53389926529805e-4	11.7244958932561	439.8
346.05596	1.53389926529805e-4	-8.85677727405962	564
867.51796	1.54847496217205e-4	-7.61929641399984	76.8
513.0762	1.56335004805828e-4	-13.740928024512	430.8
320.0738	1.56656828086281e-4	-9.47940798609101	186.6
125.0244	1.57966478414554e-4	10.7515022973286	577.8
726.54364	1.60925615722874e-4	-7.69023902014204	88.8
412.8824	1.62084312391257e-4	7.47578161772962	587.4
90.02778	1.64017934058066e-4	7.11591751041871	232.8
289.06808	1.65882296539104e-4	-7.22890425888754	633
369.12108	1.66159283539612e-4	7.07294197561635	463.8
515.98274	1.70660305710628e-4	-10.7447110067638	627
417.99367	1.73168879696583e-4	-7.33139673841406	741
89.02449	1.73189615440957e-4	7.06961332981532	232.8
242.08009	1.75373357976975e-4	-13.1267789497562	481.2
233.07809	1.7562055169256e-4	8.95084527856122	363
91.0287	1.75753590781249e-4	7.16955269682769	232.8
410.02732	1.77436736104838e-4	-8.50028365720876	529.2
315.00244	1.77483185852446e-4	11.8100260761912	367.2
149.04723	1.7851407030637e-4	-7.08806312551487	327
431.08776	1.78886126635962e-4	-7.67486818316767	274.8
266.00491	1.82007949337498e-4	-9.12020542564695	304.2
434.86438	1.82185455591521e-4	8.92481216985127	591.6
196.05445	1.855216356467e-4	-11.8114064546361	460.8
121.0507	1.88092595449247e-4	7.10927487319333	319.8
328.23683	1.88558084663493e-4	10.7606293230565	82.8
545.96833	1.89020676780494e-4	-7.40589901596465	614.4
207.00415	1.89363537422242e-4	-13.0064170128047	319.8
497.09378	1.89363537422242e-4	6.87005647118801	517.8
631.19941	1.89363537422242e-4	-12.1655978834075	533.4
390.89309	1.91172685717256e-4	12.4770405069795	660.6
300.08556	1.91758995902983e-4	-12.7378983708341	481.2
630.8188	1.92683854101035e-4	7.85540905020274	591.6
167.0116	1.95687120597121e-4	-12.5437056617533	481.2
349.01061	1.95687120597121e-4	-8.00389729887359	442.8
296.07374	1.99561619699965e-4	10.5227407564502	301.2
246.06338	2.01763245954646e-4	-12.7749285280706	531
385.01713	2.11513366353944e-4	10.3195076723171	662.4
323.04159	2.11519916449595e-4	-6.80332133715665	333.6
283.06873	2.16533832588805e-4	12.4095735510697	661.2
571.38122	2.19081168083112e-4	-6.74691945598095	163.2
219.05112	2.19889907737885e-4	-10.3943449857705	654
474.28266	2.20362892781008e-4	7.24968952549772	441
188.0413	2.20888911761439e-4	-6.84751804738779	390.6
173.0092	2.23720735723482e-4	6.77919399651937	652.2
218.04041	2.249021628721e-4	-7.12979657464029	411.6
219.04553	2.24956152617918e-4	9.14374387461651	437.4
115.0531	2.34351410295709e-4	-8.2360076651238	387
131.0544	2.34351410295709e-4	-6.67769176159511	205.8
133.02731	2.34351410295709e-4	-9.19397391169633	534.6
115.05133	2.3523851683173e-4	10.0878273245	441
135.02998	2.3523851683173e-4	-8.01498106941273	403.2
171.00647	2.3523851683173e-4	-11.8848389060524	481.8
412.03158	2.37101165422187e-4	-12.3632559230725	510
130.09069	2.37931456921405e-4	-7.7012106733297	477.6
267.07371	2.39032670544879e-4	-6.67982188553957	564
217.04846	2.40535622488102e-4	9.16628318061767	436.8
154.04867	2.41656094350998e-4	-7.48919254404139	382.8
396.26041	2.49557135659834e-4	-9.83537657840626	95.4
283.10254	2.51638674771099e-4	-6.82185875017213	477.6
270.95729	2.54351436091591e-4	8.82880270746672	421.8
286.99792	2.61148773445372e-4	-10.3011180029427	298.8
247.04761	2.61438526888545e-4	-11.5323093652828	432.6
228.96012	2.62397127540819e-4	-11.0125197503493	274.8
89.0019	2.63549759588605e-4	6.77444472715491	232.8
568.36184	2.68186292610175e-4	-8.19819419367975	94.2
175.10863	2.68911804607741e-4	6.87137094486063	845.4
766.10761	2.68911804607741e-4	-6.92217228800563	513.6
307.03376	2.69300423527273e-4	-6.54258786704217	496.2
103.05309	2.73734842080116e-4	6.55580908064909	519
146.10176	2.73734842080116e-4	7.03739278233333	814.8
743.07121	2.73734842080116e-4	-8.42392893347232	618.6
332.99181	2.7464146705601e-4	-11.8224783262348	247.8
308.95148	2.76907380417601e-4	7.23007614846129	441
504.01137	2.77104548341476e-4	6.76231533546951	588.6
832.60679	2.77649002316886e-4	-11.0314451411251	155.4
270.9319	2.78153682404004e-4	-7.43589956152873	547.2
570.37786	2.80180575676075e-4	-6.77774591912508	163.2
897.60531	2.8373990680196e-4	6.48583560708831	90
603.96571	2.86158266532454e-4	-6.80401847363956	612
329.0627	2.86308404203302e-4	7.58462115876598	512.4
145.0619	2.90925092301534e-4	6.80607734710558	507
421.27262	2.94848709692111e-4	-7.55833144019513	94.2
315.0456	2.95276152920568e-4	7.18341317424242	846.6
501.28205	2.95872967058597e-4	7.16577831795384	94.2
615.14562	2.9665830532127e-4	8.57900329456901	559.8
120.05524	2.97402901945543e-4	-7.37629328616905	475.8
374.03148	3.01735721544305e-4	-10.9515436546684	480
146.09346	0.00030238635754203903	-7.23184003062823	303
277.03304	0.00030238635754203903	8.22472565894867	577.8
507.26321	0.00030238635754203903	8.21695215421619	441
403.55593	3.03391114558617e-4	-8.51614510397123	465
204.08779	3.03426716493976e-4	7.14525305590957	392.4
305.24897	3.0854769186693e-4	6.96480413114818	84
413.22295	3.08963732887637e-4	-11.3072878238543	249
266.08978	3.16821577050584e-4	-10.8319839481152	298.8
280.94955	3.16954127920889e-4	-7.71796524131081	613.2
358.12592	3.21038338623347e-4	-6.96891241430545	462
473.05428	3.25019490517408e-4	-10.1410966220857	246.6
239.02885	3.26161572404919e-4	-7.38073281182854	410.4
267.07378	3.26161572404919e-4	-6.9102058671392	292.8
494.00078	3.26961022567873e-4	-7.62761476825746	625.8
303.09468	3.34703400970347e-4	6.98900777093899	577.2
395.25707	3.34703400970347e-4	-9.64280281872617	94.2
383.12285	3.45207860407088e-4	-8.47657084482005	410.4
888.56839	3.50807693502369e-4	-8.8741052677001	78.6
889.57904	3.63174580427946e-4	-10.8941005745282	78.6
244.06754	3.66578017253136e-4	8.42131156591369	441
289.00744	3.66578017253136e-4	-10.8531328176403	430.2
544.35303	3.68813803932636e-4	-8.79734023360399	96.6
869.5739	3.73666110586968e-4	7.53224994630163	87.6
146.06514	3.94899489754595e-4	6.60528778510902	505.8
89.04711	4.01579859146359e-4	6.53317965637761	232.8
467.33397	4.01579859146359e-4	-6.69745924696531	95.4
348.04377	4.05513276093759e-4	-6.90032108114059	564
116.06034	4.10976931660368e-4	-8.60284078601874	387
878.59117	4.15365389221244e-4	-9.77360792032143	87.6
167.04375	4.16555380434874e-4	7.81690015027998	504.6
150.0561	4.17049074833673e-4	6.19966635680915	171.6
89.02449	4.18846496660591e-4	10.6021910230882	439.8
250.01007	4.26353996460399e-4	7.13821360840895	472.2
451.08649	4.2858110925296e-4	-10.588565810884	534.6
482.31557	4.2858110925296e-4	6.1531929899873	94.2
382.98024	4.341076724972e-4	6.12346616685537	231.6
450.11642	4.38832523514858e-4	-6.12725791749194	410.4
275.01775	4.38991620157942e-4	10.8213465536165	660
530.96063	4.4004776106292e-4	-7.29474267586756	613.2
216.05255	4.44841385753313e-4	-10.5804369681946	534.6
223.96404	4.45317963041631e-4	-10.5260689247097	246.6
483.07831	4.46589213598444e-4	7.2318103381818	536.4
173.01622	4.49952818443044e-4	-6.84847488665334	564
370.11569	4.58171828638587e-4	7.68290543216682	441
787.53179	4.58171828638587e-4	-6.38749202541556	79.2
807.595	4.59036195798781e-4	-8.21878769399714	155.4
263.95616	4.77570689879339e-4	-7.69119459738506	303
391.04061	4.77570689879339e-4	6.03499871155794	845.4
414.17087	4.78943478711321e-4	-6.67932519451699	333.6
335.96577	4.79672630099464e-4	-7.56217578206947	573.6
338.98878	4.79672630099464e-4	9.55044767558145	603
326.02606	4.85121358493112e-4	-6.09352459265513	543.6
272.23131	4.86990260024101e-4	9.67413676076771	85.2
216.92837	4.90547958522842e-4	7.04002022527966	583.2
145.09839	4.9914965905422e-4	8.78653276253563	814.8
399.01883	4.99607865174614e-4	-7.63682705937828	274.8
144.98027	4.99984092838908e-4	10.4658902891613	660
253.9994	5.01935731256676e-4	-9.17604516665524	410.4
353.08251	5.01935731256676e-4	-10.3490202805512	441
257.17613	5.08908899288143e-4	8.82183934406693	87.6
315.29027	5.19068277739943e-4	-9.85463199814097	88.8
148.04861	5.22450319446624e-4	-5.95195109613768	250.8
312.04686	5.27489437692602e-4	-9.89517373520628	474.6
322.1121	5.27489437692602e-4	9.63787921348854	470.4
328.05848	5.33781400777216e-4	7.41443356664257	512.4
292.07237	5.40240842466102e-4	-9.74595573652797	481.2
137.03409	5.50610154461732e-4	-8.17156511987953	402.6
226.08352	5.56142201551276e-4	-7.90632460481345	258
130.062	5.56347420530426e-4	-5.90112322074139	480
215.04618	5.63340873951878e-4	-9.86813296955857	534.6
196.92327	5.64117561378994e-4	6.12726046524236	652.8
444.02172	5.683446106325e-4	-6.40948240644581	659.4
301.04199	5.69368838000156e-4	-9.28537210305237	274.8
483.2735	5.71155340012417e-4	-8.8486364140971	84.6
269.96454	5.74158760910073e-4	7.11919771436931	488.4
337.06326	5.7613412744571e-4	-9.24308804061066	303
385.01629	5.7613412744571e-4	7.24597947302933	813.6
156.03035	5.8754925974759e-4	-5.93760589491742	532.2
597.30485	5.8754925974759e-4	-5.8778063575654	164.4
808.11909	5.87791156019163e-4	-8.33041376467597	465
199.17039	5.8951737818128e-4	6.27013403359218	87.6
267.95336	5.8951737818128e-4	-6.23261967536359	273.6
390.01989	5.8951737818128e-4	-6.81267796359125	496.2
266.04778	5.92156556596686e-4	5.95808689691664	232.8
707.06526	6.01323709455813e-4	-9.64852015603645	622.8
308.93769	6.02027212521115e-4	-7.68957155748055	410.4
349.04476	6.04368120609305e-4	-6.47991285965106	564
415.10996	6.04368120609305e-4	-9.66913352319742	346.2
201.13588	6.0513586247581e-4	5.95453927258513	708
449.22056	6.07054121779567e-4	-9.92122654593552	246.6
225.96627	6.14917314291394e-4	-6.40314741296663	274.8
247.9942	6.15802360976087e-4	-6.11546286036196	273.6
318.00331	6.15802360976087e-4	-9.79322242153427	486.6
171.00649	6.1687019530291e-4	-8.49850679820829	544.2
409.06757	6.31983774457117e-4	-7.28582445255781	687
100.93361	6.34698336307708e-4	6.43702017150073	519
119.04802	6.35873706071113e-4	-6.6472863192977	475.8
213.00556	6.39218855986186e-4	9.3962077928975	419.4
130.04202	6.44293283090892e-4	-5.79969085458108	274.8
144.07786	6.45923814063174e-4	6.03061682789381	499.2
320.98962	6.47315773173123e-4	7.12755191486159	441
343.12563	6.50041924732297e-4	9.80036951851273	538.8
433.11181	6.53707776990435e-4	9.46659285600746	417
147.06606	6.55404439346128e-4	6.12905613738808	505.8
261.07305	6.55404439346128e-4	-7.34005827604739	642.6
84.04544	6.56383051357409e-4	9.46058768043301	434.4
367.35816	6.56657853791609e-4	5.75165749045691	80.4
219.02773	6.5975650962907e-4	8.04856251390344	441
301.03069	6.60766619375693e-4	8.08226367833717	441
774.06945	6.60766619375693e-4	-6.70491142853533	562.2
364.15426	6.65585681833459e-4	8.35905441991638	441
280.45067	6.7034966804029e-4	-7.17102423237886	613.2
436.15886	6.75340857837225e-4	-5.97877515886488	481.2
229.00262	6.87312607177769e-4	9.63270911369363	618
347.03999	6.87312607177769e-4	-6.50766753276456	564
114.03895	6.97763064840875e-4	-7.66769178431497	517.8
127.05131	7.01706509047661e-4	6.00748395560095	507
522.95421	7.01706509047661e-4	6.4537903052604	610.8
333.09169	7.08781834757793e-4	8.95112480064866	95.4
368.12479	7.09068965091513e-4	6.44197795537012	468.6
290.08849	7.15887254055696e-4	-6.37364772380362	452.4
323.01271	7.1855163562442e-4	-5.6703285918029	444
627.93274	7.18894515195103e-4	-5.99276104055574	613.2
338.06672	7.25100123357216e-4	5.6757771299957	628.8
173.02742	7.27194142512209e-4	-5.65788242746797	351.6
369.22834	7.31567911629012e-4	8.82895681642199	95.4
281.03108	7.34963320837735e-4	-7.11178295306396	566.4
128.06521	7.43788670408569e-4	-6.67944145871146	274.8
258.03853	7.43788670408569e-4	-5.67303123839585	553.8
117.05579	7.50364289107409e-4	8.13778243568292	166.2
315.0991	7.54062184399114e-4	6.0952745934354	186.6
620.02065	7.56366073217238e-4	-5.76511208966801	618.6
132.07114	7.63668325711444e-4	-5.81747463179822	534.6
504.14003	7.67776676083239e-4	-9.31396327222976	246.6
115.02309	7.71287912486953e-4	-7.53731617939426	533.4
368.03783	7.75329396691346e-4	-7.44081581685368	497.4
182.98667	8.04629502290702e-4	5.58156713459713	504.6
259.09132	8.04629502290702e-4	-7.05081653652611	472.2
365.03964	8.10208807180737e-4	9.21135695264594	661.2
504.05357	8.10535962841282e-4	-5.890378726328	536.4
319.09442	8.10737135951523e-4	8.95153753385615	472.2
543.93569	8.10737135951523e-4	-6.53074496607576	613.2
745.50285	8.141385955802e-4	-8.99803797183685	78
324.29123	8.14348469387212e-4	5.71913379801457	88.8
497.98904	8.14348469387212e-4	6.5126328561994	538.8
311.94257	8.24949704602847e-4	-7.08225912228332	534.6
555.27345	8.27060303214918e-4	5.69460077958045	83.4
323.02382	8.32221751322991e-4	-6.07440469684982	273.6
271.05753	8.36795121568607e-4	-5.88478150970165	633
424.57953	8.47086385652402e-4	-8.14839372066656	371.4
480.11299	8.49789004905737e-4	-9.11826931331495	247.8
125.03562	8.50246243418203e-4	5.53290994277937	507
160.06164	8.54540542385735e-4	-8.12298076123183	136.2
116.07177	8.67552316571411e-4	-8.3925760048074	374.4
173.01051	8.70551283309931e-4	-8.97211847544147	481.8
428.209	8.71674298090493e-4	-5.9130265932728	273.6
364.02656	8.75298239802033e-4	-6.1588855791608	741
219.00395	8.7856906465912e-4	-8.8992933615656	481.2
169.9808	8.78636933296857e-4	-6.86880631074976	625.8
343.10359	8.8157686428984e-4	-8.96862528317573	426
418.0056	8.84157114344231e-4	-8.93142938979005	627
419.20383	8.84157114344231e-4	7.4291869699616	442.2
806.59168	8.84157114344231e-4	-8.6641884641834	155.4
461.09657	8.92159294926493e-4	6.17541226494336	535.8
257.07821	9.03762999926039e-4	-8.35747570087648	274.8
413.02271	9.03762999926039e-4	5.4726326717739	846.6
698.51346	9.03762999926039e-4	-6.73441965852451	88.2
604.96893	9.07413822478093e-4	-5.59072983539171	612
150.01728	9.13167085489738e-4	-6.25526727734421	213
88.04043	9.14131508471268e-4	-5.4659474738273	481.2
250.9867	9.23051041293722e-4	-6.0373805866606	382.8
194.93697	9.37798730950307e-4	5.82050058816665	651
512.11867	9.46506697736845e-4	5.54036196784346	442.8
268.07717	9.49987932013779e-4	-6.23775547056409	292.8
608.83667	9.55907018284451e-4	6.25112860626906	587.4
145.99852	0.0010118044054406	-8.00316613078751	303
540.33111	0.00102109195201485	-6.96437540138993	95.4
402.08653	0.00104376444061014	-8.63359155397338	240
245.04333	0.00104814050616752	-8.30801142836631	432.6
330.06124	0.00105517645866709	-5.96604473960438	455.4
148.05247	0.00106296381218424	5.46708302392068	519
521.25432	0.0010755949757626	5.33528697112443	232.8
478.16158	0.00107710154463201	-8.43848167766241	294.6
388.16877	0.00108697416438201	-8.57143842474407	480
256.05963	0.00109203355248638	-5.90412220556665	409.2
604.32561	0.00109203355248638	5.35938894484295	94.2
194.92756	0.00109831596442848	5.75620658947884	652.8
448.00445	0.00110066387379768	-5.31738065762271	561
657.12423	0.00110066387379768	5.32230028490724	512.4
150.01728	0.00110287468514644	-6.76641810494106	274.8
480.30997	0.0011095011112331	8.19403336979382	163.2
599.3204	0.00112991737288139	-5.9890702635340904	164.4
370.20174	0.00114037717186425	7.58816847927509	845.4
304.0709	0.00117374196498495	5.37657109167929	485.4
176.91702	0.001193612265503	5.33307213526127	652.8
128.05462	0.00123103540421599	5.231215252464	505.8
738.5082	0.00126500989086328	5.94518513179116	85.2
413.16811	0.00130096798948188	5.34908084821818	232.8
378.13432	0.00131395161056363	5.58023612828698	420
262.98197	0.00131985600505801	-5.36581015558405	532.2
809.12185	0.00132530485427017	-6.75110439290213	465
135.03136	0.0013327991346748	-6.27599049293223	298.8
194.04468	0.00134513358305638	6.19764331786558	95.4
153.99931	0.00139252845622364	-5.69832241897262	349.2
265.04445	0.00140964374258437	5.14895554707567	232.8
373.0842	0.00140964374258437	6.04606532092043	217.2
281.01842	0.00141603999529423	5.20312727267984	231.6
353.04917	0.00142760398895572	6.08514950718573	166.2
467.17573	0.00144022962480465	6.59376353015474	845.4
464.31487	0.00145180101126501	-6.90611232599114	94.2
357.28026	0.00145198061767153	7.49198161356223	81.6
537.24635	0.00145247630887535	5.66630848650943	231.6
436.28351	0.00147101640910368	-5.8211508518749	163.2
289.05583	0.00150178597316205	-7.0450389182232	294.6
198.9178	0.00152259471450194	5.95462936936883	582
455.15379	0.00152777736408186	5.06940654647954	232.8
257.11457	0.00153212500799533	-7.83730402302494	562.2
444.03395	0.00153669432782687	-6.44427096819003	497.4
475.9894	0.00154787731382216	-7.86193838901988	582
97.95951	0.00156312964795578	5.50276258539374	651
192.03356	0.00156312964795578	7.33549552647186	522.6
226.08515	0.00156312964795578	7.95453888286507	410.4
142.0663	0.0015659853497084	-5.05405097433449	333.6
184.00165	0.00158392606101464	5.99937427575749	519
506.04882	0.00159756084047927	-5.55203083001198	536.4
302.06489	0.00160347071092792	-7.72184568905347	417.6
308.09843	0.00160657201689122	7.83773896411696	533.4
337.02756	0.00162052872540294	5.35320042553906	846.6
693.11924	0.00162106345403576	-6.16340528138893	497.4
478.0906	0.0016366146867329	-6.41358025036219	544.2
329.13897	0.00163761897448649	-5.08500599993395	472.2
500.27877	0.00165564799931538	5.04283269811713	94.2
196.93241	0.00169153191485917	5.04648822498855	651.6
317.11453	0.00170776304508935	5.1105461730598	172.8
207.00403	0.00172056803195162	-7.72935196953566	481.2
87.00878	0.00173707962711286	5.16283275858524	577.8
104.06031	0.00177022753669937	6.0837230217275	519
295.08423	0.00177794706006001	-6.14152748696031	388.8
429.09662	0.00178134048776314	7.28814895580672	441
315.10042	0.0018055382656102	5.73028136424147	94.2
129.03247	0.00184599927569568	5.10240789205387	519
653.13966	0.00185047446261354	-6.05393664831021	505.8
364.03909	0.00185390468332399	7.19730568051796	661.2
323.09197	0.0018559920231614	-6.47487880526472	414.6
309.03431	0.00186189823085349	5.19892438513552	232.8
251.09448	0.00187190659030245	6.73027557870046	845.4
372.11602	0.00193284506968032	5.60817222643838	492
297.24336	0.0019445779310036	5.91146374489087	85.2
209.06675	0.00195162257209685	-7.45223378537491	409.2
244.0499	0.00197368801482505	5.37198399139172	442.2
316.11659	0.00198119641626453	-7.19111600944589	481.2
163.04028	0.00198334128843717	-6.7949256721666504	217.2
518.06971	0.00198334128843717	-6.67316400868364	543
449.1983	0.00199905268512435	-6.9839822565696	548.4
360.97282	0.00202065939810823	4.86616142012317	234
365.00221	0.00202205295624125	-7.46375547858406	431.4
672.93823	0.00202399798010707	-6.71669000665284	574.8
222.04433	0.00203848243674696	-7.3268174321359	400.8
169.03141	0.00204194954387191	4.9928069562998	519
243.04631	0.00204194954387191	6.56920808223132	442.8
112.04044	0.00204832297054449	-5.55222042010295	532.2
198.91794	0.00204892873242127	4.96080347366028	637.2
152.99597	0.00205083187109305	-4.87884025492846	349.2
278.98159	0.0020592094332344	5.55008689049864	463.8
511.96287	0.0020592094332344	-6.31833379981922	583.8
192.04893	0.00208167903607214	7.01576396642814	95.4
330.2521	0.00208167903607214	6.8802311794908	82.8
89.00718	0.00209004503594051	5.67551934678645	232.8
316.03727	0.00210244008889736	-7.3658028622519804	246
454.15049	0.00211998756003325	4.8127021333404	232.8
346.05593	0.00214456703169728	-5.79816425966396	497.4
425.08096	0.0021500230221308	-4.81450948542245	604.8
248.98387	0.00216473368210424	-5.69977951961205	544.2
411.12733	0.00216796779004681	6.18909944777042	290.4
466.00192	0.00217016483603209	-6.02514795130219	562.2
440.02228	0.00217371267641803	-5.42522967827816	741
265.02813	0.00221551849726462	6.07568609879599	442.8
452.27837	0.00221551849726462	4.84645637419059	96.6
208.98507	0.00225071944728005	5.50924304103058	488.4
385.12047	0.00225071944728005	6.90531921057028	441
261.01241	0.00226423172096833	5.70164849474943	333
279.06893	0.00226423172096833	4.80016894472388	846.6
162.04886	0.0022645527991313	6.09612615742446	577.8
98.95593	0.00226948866079444	5.54090984786892	651
720.49566	0.00230878392852913	-5.96291079422723	82.8
225.18597	0.00234205088682048	4.78349556253236	86.4
338.95556	0.00235186673247912	5.92622446525147	333.6
265.06792	0.00236823154556728	-4.76802316061214	536.4
309.10834	0.00236886920070841	4.74176654997708	216.6
624.24747	0.00237919197807957	-5.48096020241729	496.2
334.09552	0.00237928310288032	6.46508908959194	95.4
326.9842	0.00239025462795004	6.37705936200158	333.6
354.07244	0.00242708782506422	-6.98243417902669	543
462.00451	0.00242801356482892	-5.93180057456297	741
786.52934	0.00243165536132218	-6.4934268879026	79.2
218.10346	0.00243527660978283	-5.65607723552862	118.8
531.09636	0.00243527660978283	4.71276386793562	231.6
201.01702	0.00244154363019848	5.73846104084337	556.8
173.01065	0.00245360641615415	-6.58741774738051	544.2
347.05971	0.00245360641615415	-5.69458545543707	497.4
212.96264	0.00246997522924523	-5.2925154434464	544.2
175.01248	0.00247186182433528	4.72448879568372	232.8
134.01907	0.00247348247332748	-7.03726471517575	350.4
216.92847	0.00248211133559446	5.26719685807331	637.2
654.14237	0.00248453890305484	-5.77879744747693	505.8
294.00091	0.00248904080385151	-5.5159904787592	324
271.93217	0.00252849122839354	-4.82971860455445	547.2
522.98755	0.00255811283465744	-4.86161498697695	712.2
145.0508	0.00256955460199647	-6.10313673864089	510.6
171.04118	0.00260636862367913	-5.72482701664718	558
174.9778	0.00260636862367913	-4.74642328031688	351.6
284.07209	0.00260636862367913	5.07247630641132	403.2
569.36544	0.00260636862367913	-5.92383664455342	95.4
96.96024	0.00262226891204869	5.33308280939186	651
288.05582	0.00262226891204869	-6.76929058763156	407.4
302.88546	0.00263822047877963	-4.73833155611077	400.8
211.13399	0.00264264177004251	4.78673646021342	90.6
283.99776	0.00265347435361943	-6.88541414313065	439.8
436.82785	0.00269068602437597	4.64943430799411	586.2
916.60252	0.00269068602437597	-4.75941395311126	80.4
308.05771	0.00270565065567211	4.74550436397767	582
555.23826	0.00270906413449608	4.62322208871991	234
410.12407	0.00271313844186102	4.61886965304609	232.8
282.03868	0.00273965682267208	-6.00907907578245	555.6
195.92694	0.0027819809084874	4.84553445213155	652.8
186.03843	0.00278238702586143	-6.6509244102362	303
188.05639	0.00278238702586143	-5.11800499085656	515.4
509.11419	0.00278238702586143	4.63003792496993	232.8
244.16692	0.00279022595199836	5.46177011128491	768.6
266.08975	0.00280936388655836	-5.83308125063925	496.8
318.02883	0.00281150506030585	-6.06042096499831	199.2
124.04444	0.00282379861012831	5.65193475590844	487.8
229.13485	0.00284111861927729	4.89031184639803	217.2
391.16805	0.00285696723555466	5.10988289786739	845.4
675.12135	0.00290478859254099	-6.42032914053177	505.8
343.0201	0.0029458531431644	-5.86165105757372	544.2
372.1401	0.00296364823756657	5.37324207088341	441
558.33143	0.00296411343704233	4.66844501734921	95.4
315.04991	0.00296810115870922	-4.61339066455705	277.8
116.03538	0.00297178742633404	-6.63793048832455	227.4
282.08465	0.0029844919660952	-4.92646897741391	384
351.17743	0.00299305699162115	6.1631459856315	442.8
357.94763	0.00299305699162115	-4.54631744945391	573.6
240.08559	0.00301304910986369	-6.32247404866583	199.2
502.95133	0.00301304910986369	-4.54448677142841	594.6
343.03147	0.00301518209814698	-6.16001583925312	459.6
348.06075	0.0030316840350436	-5.60488128505808	497.4
245.97111	0.00307616751566255	4.77551782598262	519
219.97817	0.0030798775106149	-4.56515697238072	573.6
521.13243	0.0031132846892553	-6.35995851299676	534.6
229.06206	0.00311966871150672	4.59731619545271	846.6
244.92416	0.00311966871150672	-4.68684039155626	392.4
289.11561	0.00311966871150672	4.51030591664888	604.8
347.21632	0.00311966871150672	6.16311425928517	845.4
221.98435	0.0031220135741723	5.73769026092084	488.4
259.98698	0.00316147049672571	-6.24719306206756	226.8
212.99122	0.00316171890625362	5.67872386507809	332.4
446.98309	0.00318969189937662	-5.90759684990515	497.4
91.04012	0.00319778718991611	-5.45217384387414	244.2
239.01672	0.00320060300004981	-6.06369767758289	570.6
301.05096	0.00320381152330752	4.60441878810878	846.6
225.06471	0.0032159851062874	-5.54230905966533	332.4
522.25766	0.0032159851062874	4.49336102858288	232.8
228.96848	0.00322756638515551	-6.23696865555044	303
189.05182	0.00325010295850072	-4.83933200266592	600.6
193.05212	0.00328904852393855	5.85483576837384	95.4
188.07582	0.00330403576225865	-6.38983026717118	300
872.60203	0.00330403576225865	-6.21675035530649	148.2
267.02528	0.00334331916792074	-6.53266678604862	431.4
604.07037	0.00336041797195146	-4.97857600520192	662.4
641.17208	0.00336825033248317	-6.38771128116131	274.8
159.02992	0.00338100822863207	5.13892719487112	577.8
426.08439	0.003389269846645	-4.59679035177301	604.8
247.05737	0.00341935600908791	-6.07764929994478	639.6
308.11598	0.00341935600908791	5.32431424272945	217.2
320.04717	0.0034568624576207	-4.78033624341796	603.6
333.05935	0.0034568624576207	-5.08698948827992	576.6
516.97319	0.00347056810163532	-6.11542217828686	613.2
760.51367	0.0035246164976815	-5.73620778697888	79.2
521.98414	0.00353135549456747	-4.76841399379835	712.2
598.25434	0.00358031672439243	-4.57951394132946	739.8
450.20158	0.00358869673651415	-5.47604350099003	548.4
179.03513	0.00359035329359534	-6.20096367916746	186.6
227.96076	0.00360498188127153	4.39977462435469	519
127.00655	0.00360800308857958	6.32928100751745	486.6
375.15163	0.00361726406793432	5.40413692861222	654
475.25528	0.00363034690313835	5.93437296945857	442.8
183.97061	0.00365285537191113	4.44786142202858	519
284.94753	0.00367391511893652	-6.39258898582214	321
352.0432	0.00369286445874828	-6.22693310826313	455.4
487.13224	0.00369442863868005	4.38225894168425	232.8
243.02764	0.00372726617557564	4.9246835708397	488.4
117.03874	0.00374790141370859	-4.7253405153227	303
112.0171	0.00374972501922173	4.39900078798212	233.4
221.05191	0.00374972501922173	4.37164347225498	441
109.04068	0.00377279918355829	4.89859732963363	507
279.03915	0.00377279918355829	4.3641104337907	232.8
833.5182	0.00379306021534933	-5.88271703220217	78.6
244.06569	0.00381046925505054	4.3594604103736	234
369.13386	0.00381517327974417	-4.9715250565191	329.4
476.16274	0.00383970334957648	6.29277077769681	536.4
445.9813	0.00386607724930288	-5.66762673236142	497.4
170.98543	0.0038672433724207	-4.39712975106739	624.6
446.96533	0.00388474473837441	-5.68204020285165	562.2
289.10176	0.00388787321101845	5.71158902202391	95.4
215.02855	0.00390410856998907	-5.58502240754023	473.4
111.02004	0.00390433271501996	4.34610143708633	232.8
868.57074	0.00391235566901221	5.62137259145958	87.6
228.12705	0.00395613960181205	4.9217909688537	217.2
862.55382	0.00395613960181205	-5.5489370974092	78
413.89843	0.00400065087600132	-5.34127214334788	410.4
340.12682	0.0040474375208129	-5.30592949293311	274.8
123.97023	0.00406666300381388	5.93462307878237	487.8
421.06499	0.00409137889298781	4.35557285985855	333.6
99.00873	0.00411498338680944	4.48590000570121	577.8
283.07855	0.00411498338680944	-4.42833278792634	333.6
112.02339	0.00415782455993137	4.293170878565	233.4
382.55044	0.00416820953706718	-5.25264485269038	513.6
429.15465	0.00417080914477382	-5.61773596909416	333
216.90975	0.00426014037933124	4.53667682629267	649.8
350.02182	0.00426014037933124	4.81724658891427	239.4
416.21509	0.00427100346089438	5.21027104421163	488.4
494.04728	0.00427100346089438	-5.03459137773182	555.6
364.08398	0.00431289559153607	-4.49805463627498	350.4
308.11612	0.00431812199541431	5.2160254029968796	473.4
445.19334	0.00434377743052917	5.65375907662274	845.4
265.04779	0.00437661765548244	4.63133770364582	484.8
302.04533	0.00449589141013894	-4.64051075121033	274.8
396.02363	0.00449589141013894	-5.88872647468875	625.8
861.54985	0.00449589141013894	-5.46559585159072	78
556.32575	0.00452198496282102	4.238155318778	163.2
326.30671	0.00452895721196348	-4.66554426333942	88.8
307.11246	0.00455327142433828	4.87412271192694	217.2
337.31159	0.00457179482228434	4.54305966524949	81.6
336.32734	0.00459371879678292	4.46633425761415	86.4
130.86854	0.00460828835673487	-4.67837363729356	397.8
556.32569	0.00460828835673487	4.64138959714995	95.4
131.04822	0.00467747468123093	-4.2563473973812	477.6
834.62195	0.00467818603643772	-5.22661868950423	157.8
435.00465	0.00470210740998813	4.26226590039637	846.6
236.89352	0.00473147269580264	4.37905053619332	652.8
331.06493	0.00478341039643056	-4.7995443559239	455.4
165.99127	0.00481366818230118	-4.27187463788863	274.8
546.97034	0.00481366818230118	-5.16108741437016	613.2
481.19428	0.00481383909995136	5.02207279586449	231.6
557.32912	0.00484553962211486	4.29444236413504	163.2
383.05166	0.00485486626345624	-4.8900321317127204	513.6
694.12217	0.00487625125000554	-5.30408515453798	497.4
165.04048	0.00488251585989296	-5.66611410836412	436.8
478.29415	0.00488368638911531	4.88252884537255	94.2
136.03324	0.00490650050479447	-5.16239091483592	403.2
455.09777	0.00493937214977041	4.26026654503637	403.2
307.11494	0.00495157669530712	4.73888458060722	543
131.09071	0.0050383166122478	-4.45057569935111	282
308.26766	0.00504105282149869	4.62190621536318	83.4
351.01377	0.00507729768321109	4.18731046937803	519
98.96436	0.00513442637631402	4.82042191276945	651
307.93987	0.00522919720872132	-4.39904734598929	411.6
384.01191	0.0052308610523783	-5.33344051590387	497.4
488.13566	0.0052308610523783	4.12853859446125	232.8
259.0202	0.00524743496494894	4.33337451235357	442.8
481.31321	0.00524743496494894	4.79087759925265	94.2
748.52579	0.00524743496494894	-5.12612136764792	81.6
233.02149	0.00530569034216436	-5.26757523348794	326.4
316.08447	0.00532039330413117	-5.53730443567582	303
344.99461	0.00534196608932482	-4.92111595317648	444
749.5303	0.00534230921459943	-5.24166697509936	82.8
453.2819	0.00537095042464014	4.30539127894634	95.4
87.00881	0.0054244054948284	4.10705619170134	189.6
700.52891	0.00544165512155232	-4.35803288859309	145.8
523.99899	0.00546012706177286	-4.93106038145088	574.8
597.30487	0.00546612423279414	-5.39055157688304	90.6
480.98238	0.00547454278583534	-4.36292031618416	594.6
310.02882	0.00549620321047045	5.3470577894641	252
915.59842	0.00552588264058007	-4.09305210628147	80.4
309.02861	0.00553192735074343	4.12411425884848	846.6
388.08157	0.00553192735074343	5.19282324378649	332.4
198.8092	0.00562891217819032	4.12392030529681	407.4
854.59169	0.00563429675301174	-5.67018545307708	133.8
557.14354	0.00565896819736335	-5.27736887058743	497.4
74.02453	0.00592340380805266	-5.56196326508688	303
334.06278	0.00596738364574161	-4.03336870148612	576.6
463.26517	0.00596738364574161	-5.42968338865961	78
327.02397	0.00600424158390191	4.13290781448183	234
241.07235	0.00601094311264455	-4.15317682449411	163.2
638.26329	0.00601561524575817	-4.30171612471762	496.2
175.02485	0.00601592550645861	-4.41493715283083	517.8
336.86816	0.00607558125781612	4.02170398709247	649.8
311.16888	0.00611763524682477	-4.43387057610357	156.6
243.06234	0.00611986295088888	4.02643622364606	234
747.51826	0.00612063320852015	-5.2875451007472	78
314.89597	0.00612149929825582	4.32835928965498	646.8
238.01006	0.00614025207254194	4.12990263098051	472.2
143.04627	0.00615535813114568	4.04275271758338	511.2
221.01979	0.00615535813114568	4.76343622451421	333.6
130.08736	0.00616635920447019	-4.22502694852524	282
230.98747	0.00623582558711647	4.00090494079011	381
363.02144	0.00624265869624374	4.09171813462501	231.6
185.02208	0.00626972465864205	-5.05349623429473	321
255.09893	0.00637343476253645	4.23386147171284	207.6
749.53289	0.00645430985348403	-5.21945069789841	127.2
790.52227	0.00645753962042992	-5.50657054274222	87.6
526.82379	0.00648622341721487	3.97704366725603	587.4
238.03116	0.0065395499363888	-4.37325964870599	382.8
359.13203	0.00666870130940396	-4.83989469440802	326.4
364.0142	0.00666870130940396	-4.03944359211055	741
220.96285	0.00672838883243839	-4.74427727835324	535.8
131.99892	0.00673238904221826	-4.15319836177892	535.2
319.077	0.0067831053693031	-5.19173655822564	326.4
295.09398	0.00678771400182844	-5.12209034161326	517.8
393.24163	0.00680981094300379	-4.20387593197132	93
519.054	0.00682774627940485	-4.83189644853088	562.2
140.97826	0.00684124573873836	-4.00011005809053	457.8
215.0329	0.006843386317533	3.94713548905934	414.6
251.04175	0.00685716117467664	-4.18952755830959	768.6
853.05193	0.00685716117467664	-4.18886997625593	561
203.02868	0.00696613425056453	-4.75988492543728	470.4
575.34939	0.00699011211133496	-5.14539760280303	82.2
510.31109	0.00700437855800364	-4.02731980094316	197.4
313.18616	0.0070442864755988	5.25901123365589	813.6
132.07974	0.00705402963264894	5.10846301742555	846.6
258.05655	0.00705402963264894	-3.90942017599296	409.2
456.13138	0.00710426164324358	-5.38965634410661	431.4
446.82083	0.00714876907826009	4.15073638617129	586.2
481.98572	0.00718189288965456	-4.14402295268668	594.6
423.28845	0.00721361044196687	-5.31608441025049	94.2
174.0172	0.00723868347811742	4.12917971856538	232.2
435.25168	0.00731397223173372	4.01387383625997	94.2
331.05503	0.00731776043069053	4.92709899656202	520.2
517.97424	0.00731776043069053	-5.16948117504939	612
534.80481	0.00731776043069053	3.89213032570597	588.6
281.03622	0.00741364458481962	3.87454745763179	232.8
281.2488	0.00742227210362514	3.87688387101219	84
149.05298	0.00742414940091622	4.59246469216826	519
331.01047	0.00753931022246749	3.93231932353285	846.6
132.09162	0.00759529886256817	-3.96081014968125	282
288.06607	0.00761672287375148	3.89606459055905	512.4
201.04194	0.0076400000122638	4.2623474894187	333.6
162.04097	0.00767565812418556	-5.24031149362411	407.4
635.14249	0.00772154020416395	3.84529262018136	511.2
321.01084	0.00772988935147816	4.31251418991293	231.6
369.02185	0.00772988935147816	-4.47498030046903	562.2
268.93754	0.0077879119528262	-4.53292195359196	547.2
509.21751	0.0077879119528262	4.16420576258882	232.8
859.5341	0.0077879119528262	-5.03476492122027	78
401.05038	0.00779032156614649	3.84346577723828	623.4
386.00844	0.00799489384673261	-4.42260782220274	741
811.53236	0.00801735251386671	-4.76733612480129	79.2
315.09662	0.00811225772010915	-3.92709087848747	258
812.54447	0.00825830884051191	-4.68659902695226	79.2
154.92835	0.00829383937621334	-5.16353948995547	396.6
284.0155	0.00832506739949663	4.02792245551235	334.8
832.57072	0.00832506739949663	3.80283547210275	91.8
111.05155	0.00833480226368474	3.9351899267313	232.8
569.25375	0.00834088300704267	3.79993441219432	233.4
200.8063	0.00844422256611903	3.90063965519548	407.4
259.97077	0.00844839152839317	-3.95073254980733	570.6
282.95337	0.00846983864147369	4.53787499143961	649.8
341.27005	0.0084715092815601	3.83908234544162	82.8
226.06798	0.00851882669093062	-4.08698684544586	332.4
131.98945	0.00860316091074696	-3.77329077244263	534.6
481.31325	0.00866393880036888	3.86830550116246	163.2
207.01219	0.00868535546987303	-4.04419209889209	104.4
271.93169	0.00868535546987303	-4.68390786764575	547.2
810.52939	0.00870480459415372	-4.74613786065096	79.2
410.12588	0.00891913629894893	4.48262649691824	333.6
629.05969	0.00908277856537451	-3.73554017851688	555.6
188.5452	0.00910598124774488	-4.10646134029702	441
449.10442	0.00916067728675661	-4.886213475439	434.4
384.03127	0.00926567896125568	4.92604895752419	601.8
399.08285	0.0092905478960911	3.91436683459306	334.8
296.9419	0.00933402881472611	-4.53325079912118	501.6
120.90941	0.00943361540065186	3.85256119377061	374.4
292.92358	0.00957493426006214	3.7841218708082	580.2
134.0369	0.00958255252998818	-3.87045378345448	535.2
390.90049	0.00958255252998818	3.77840315728035	582
405.76909	0.00967378665792279	-4.54948476758086	79.2
349.01881	0.00980893470049789	3.81532170936732	519
465.31837	0.00980893470049789	-4.52561904112889	94.2
286.10459	0.00985075227296878	3.67962020088829	490.8
402.01285	0.00985075227296878	-4.29090503988164	497.4
454.85232	0.00986751879669651	3.84586793784685	963.6
823.58051	0.00986751879669651	3.69043037941226	93
624.801	0.0098785692008858	3.72208255357947	587.4
259.02255	0.00993023301518439	4.11642329905045	585
239.09279	0.00997594604701307	4.57402311754824	96.6
404.05746	0.00999350441949964	-4.72132407482326	465
202.80336	0.0100072737464621	3.8563171121125	407.4
254.90407	0.0100072737464621	3.67681741260666	652.8
110.98855	0.0101419066584025	3.73268904703726	232.8
341.03927	0.0102440330415129	3.6506246916977	234
282.25207	0.0102923874061592	3.65729383061022	84
135.0735	0.0102945143613056	-4.88977348240754	245.4
386.03626	0.0103059017286684	-3.92069265528627	497.4
349.06367	0.0103485545508942	-4.69343951723542	497.4
192.9882	0.0103505875583285	-4.67498650706275	546
118.91145	0.0103621392246353	3.64108056679184	374.4
201.9814	0.0103841545841379	3.92065683504417	519
321.04957	0.0104651710059257	-3.90528849086873	459.6
113.02427	0.0105192121859426	3.66685671976233	232.8
414.84607	0.0106164391576503	3.63808084185577	583.2
235.80054	0.0107325383604531	-3.71538078001451	405
392.09768	0.0108248232186339	4.30828220757193	442.8
600.32378	0.010885042741824	-4.1941793128022	164.4
645.45026	0.010885042741824	-3.70971242683105	87.6
428.06265	0.0110446066489882	4.48777288589649	441
524.29979	0.0111189253852291	-3.93204993664383	165.6
200.04112	0.0111853393080476	4.0883581110835	333.6
415.84567	0.0112438969450352	3.74283257591658	583.2
330.08092	0.0112862119686731	3.72643058891888	459.6
468.10349	0.0113054797541715	-4.09664398928295	274.8
201.94537	0.0113657723511101	3.67158682595443	983.4
488.87738	0.0114364512639584	3.72316239816988	582
483.00631	0.0114436185179906	-3.58216799719129	562.2
298.88664	0.0114572266036231	-4.06174540692888	400.8
267.96274	0.0114736487270186	3.59225890481105	374.4
269.96075	0.0114835997644491	3.71714405711913	374.4
309.01825	0.0114835997644491	4.17623420046073	442.8
380.10487	0.0114835997644491	-4.73454367769771	242.4
495.03401	0.0114917071469636	3.70827217853797	536.4
337.08766	0.0115332742752872	-3.96828379532547	325.2
746.51272	0.0116668538472024	-4.5123430893769	84
299.01497	0.0118212069243214	3.58119690906405	577.8
129.01938	0.0118238615120057	3.55528129717707	519
896.60172	0.0118238615120057	4.08074348985264	137.4
294.92765	0.011832436925339	3.63028497927489	580.2
688.49223	0.011832436925339	-3.58840839584305	87.6
509.04921	0.0118622276472557	3.62953788188482	517.8
517.47415	0.011925536249851	-4.60438453759317	613.2
365.0134	0.0119327771699807	-4.67870580434008	459.6
720.20174	0.0120363265713629	3.82488849934339	232.8
774.54494	0.0120372511913587	-4.25937914052343	130.8
387.09664	0.0120688097878471	4.3950859979077	441
271.11872	0.0120690958310782	3.97839793990393	88.8
152.04409	0.0120715860022138	3.93266815577597	478.8
298.96318	0.0120715860022138	4.15162764107526	333.6
293.09957000000003	0.0120945120712314	3.61386672950076	520.2
360.99842	0.0120945120712314	3.60939566929194	234
541.2228	0.0120945120712314	3.54496571027129	232.8
200.05648	0.012112494125164	3.66591224850021	234.6
362.14589	0.012112494125164	4.56943763530824	438.6
444.07654	0.0121198591470145	-4.66474591764584	247.8
442.01744	0.0122084648968584	-3.69655856571012	661.2
379.75343	0.0123291400599216	-4.04318616512742	79.2
510.11753	0.0124931964170073	3.54349113472829	232.8
303.09985	0.012538662810142	-3.99882228388319	382.8
172.52435	0.0125483953552178	-4.35977657271577	497.4
813.54792	0.0125483953552178	-4.3151283265067	79.2
512.823	0.0125628935068481	3.5589464637458	583.8
636.62165	0.0126345811571941	-3.66983782843257	994.2
223.1341	0.0126946675554249	4.58582276335363	90.6
420.12803	0.0127032892721446	3.56374674702296	334.8
248.58184	0.0128149630725547	-3.8207032408013	159
443.02119	0.0128149630725547	-3.68591095502863	661.2
412.13073	0.0128892093225117	3.48878849140159	288.6
230.02834	0.0129011518790556	-3.48456176272249	303
147.06639	0.0130058292966037	-3.62367451954942	274.8
199.03779	0.0130596029462789	4.01134187868923	333.6
242.05207	0.013123114686922401	3.78064612047016	463.8
369.0421	0.013137286299776	-4.21145867457582	497.4
684.83073	0.0131579533297259	3.72943833505058	582
424.03317	0.0135059726392986	-4.08460951347173	497.4
888.56708	0.0136608110315498	-4.44951313082872	78
358.0093	0.0137881684280595	-3.50642644706018	741
210.00767	0.0138016542675169	-4.48199403114368	577.8
195.97612	0.0138623770901815	3.46834308291263	415.2
126.01976	0.0141251026178166	-3.43635539469814	292.8
269.2487	0.0142475512465702	3.49157347739739	85.2
857.61086	0.0142478707594482	-4.17172011227995	151.2
317.11032	0.0143087903289693	3.6681682515725	558
327.03189	0.0143420827776958	4.17914959821572	814.2
361.99994	0.0144869998807925	3.74307959321984	234
352.18095	0.0146063860200648	4.38331578967651	442.8
300.88881	0.0146855530721063	-3.913992757348	400.8
201.95571	0.0147074826904816	-3.45374249189074	273.6
316.86891	0.0147074826904816	3.48994731399455	583.2
101.07203	0.014861715331808	3.99249930729174	507
793.54281	0.0148802981522494	-4.09315703272676	89.4
307.09479	0.0148966346569966	3.53089552907154	470.4
318.09451	0.0149645173379666	3.93296240972308	631.2
315.03339	0.0149648083105047	3.62532512024835	846.6
163.06139	0.0150431004238589	3.46534703217381	286.2
480.85291	0.0150431004238589	3.39665874670623	963
176.87275	0.0150467221197345	3.40273425723772	579
151.02068	0.0150841848763483	-4.22004159497957	274.8
195.95037	0.015163569238271	3.49613037930646	579
309.02585	0.01532114715867	-4.37028445648322	245.4
474.14667	0.0153709770663628	4.35669283775996	537.6
194.94642	0.0153779686116304	3.54460173724436	579
129.05579	0.0153871758027041	3.49824946050236	103.2
84.0454	0.0153990642520227	4.23939623166299	517.8
322.05312	0.015402384001993	-3.6631108816283	459.6
232.96218	0.0154036992645452	-4.34273647882844	247.8
343.11771	0.0154945161822904	-4.04035977826831	537.6
864.56901	0.0155996390560485	-3.98602851025029	78
887.56084	0.0157305767512326	-4.31326596491087	78
610.79971	0.015814174986611602	3.46113626085871	585
196.95061	0.015841860140374	3.56209355835739	579
459.26362	0.015841860140374	4.19968681229814	441
242.94532	0.0159339035885447	3.34192748972877	964.2
262.88405	0.0160380025825951	3.3378374455201	981.6
410.2398	0.0160380025825951	3.37180302370285	94.2
209.90998	0.0160758596002543	-4.16447582484786	501.6
262.06749	0.0161917114066541	-3.62640171850362	199.2
721.50226	0.0162094226768215	-4.26926091704155	81.6
294.86224	0.0162425483064394	3.33226615380018	654
117.01939	0.0162536124123194	3.47268474161202	417.6
265.05724	0.0162561874297669	-3.77247807991493	332.4
442.06943	0.0162673302264318	3.65277495462626	540
178.94016	0.0164589724852293	3.43513629384699	579
158.92545	0.0165661765640622	3.46667785625524	579
331.04593	0.016633526014348	3.33187584266109	519
308.0724	0.0167019417415614	3.39578446473789	512.4
213.51399	0.0167137155087678	-3.69212863197075	177
196.88553	0.0167210954595744	3.70727493067244	654
88.01218	0.0170340724133868	3.50587960903672	190.2
311.16887	0.0170641935172926	-3.37886027834225	408.6
193.97913	0.0171035683729438	3.30700077416497	414.6
242.92707	0.0171227951119567	-3.59324544461741	392.4
844.5706	0.0171522682946717	-4.16684719003432	128.4
863.56333	0.0171522682946717	-3.96942503194936	79.2
462.29955	0.017377531667632	-3.56208140811204	94.2
524.27929	0.0174123853558093	3.80386465277422	93
726.54506	0.0174387301405354	-4.0664842977843	144.6
233.15472	0.0174401374446353	3.55758152107966	89.4
331.01385	0.0176160044670015	3.51281160821513	543
295.88678	0.0177650671585166	-3.72768423367039	400.8
246.07314	0.0178411059870426	-3.89109766086691	574.8
203.08894	0.0178648066015338	3.43164943813089	814.8
365.0021	0.0179118067233232	-3.7050562455183	544.2
186.02556	0.017928222361071	-4.17555476160781	322.2
314.9057	0.0180479441339394	3.59696880343547	681
125.0357	0.0181132485207143	-3.32686269594834	167.4
237.98882	0.0181718361580225	-3.28020834258395	573.6
160.92959	0.0181823340510074	3.34503763097053	579
369.18634	0.0184035732840478	3.88613899014602	845.4
791.52633	0.0184231291983772	-4.13590414471796	87.6
176.93595	0.0184545438468317	3.39868051155031	579
72.94288	0.0186962624439933	3.34237745519584	414.6
586.85401	0.0187892114668591	3.49604291961037	582
375.16162	0.018898352999685	-3.27484994952921	673.8
211.0977	0.0189822695632921	3.45021558797497	101.4
245.07805	0.0190205491837578	3.4718014708531	241.2
486.08745	0.0190347775146428	3.22414881922785	336.6
166.97516	0.0192397664000733	-3.38973332542084	451.2
410.56377	0.0193349785276632	-4.0666966758934	431.4
466.33143	0.0193628988814478	-4.04717522968595	164.4
216.91932	0.0195107689947283	3.23492071605942	648.6
228.06268	0.0195702260754819	-3.8827448921583	573.6
100.02273	0.0196193453818468	-3.31813341035013	171.6
180.84223	0.0197539696255197	3.32484019684077	374.4
665.12082	0.0198326944918297	3.67687119995203	490.8
87.9727	0.019924959848741	3.40910060990687	415.8
368.88408	0.0199939127854165	3.21441920489421	963
154.01225	0.020015235549227	-3.18541551161651	538.8
171.13915	0.0200499551229599	3.24474438854846	90.6
856.60615	0.020076325028785	-3.25134373638796	90.6
195.05638	0.0202115702048768	3.21279401082057	186.6
128.07439	0.0203384061080256	3.22018909226949	519
212.01779	0.0203922620469884	-3.17236349509474	274.8
269.13947	0.0203922620469884	3.74891739965152	90.6
513.82283	0.0204270252209811	3.25132547753352	584.4
130.92532	0.0205218123453498	3.31604064207803	413.4
195.10263	0.0205218123453498	3.54273568613796	94.2
404.13136	0.0206024707481278	-3.46719986694828	229.8
571.38075	0.0207705430343419	-3.95159910148378	95.4
155.01568	0.021200762105619	-3.1594039625907002	538.8
123.9021	0.0212672822234405	3.37221762397668	434.4
354.89237	0.0212785916326008	3.21343098213165	963
181.8424	0.021285347576638	3.14849614584283	374.4
200.17371	0.0213065681696052	3.23945234414564	87.6
267.23322	0.0215736256174271	3.84173722742976	84
433.94248	0.0215736256174271	-3.24080687559795	576.6
187.98761	0.0218225872389504	-3.12831054663079	538.8
270.9288	0.0218539308856221	3.15125690506892	964.2
308.08119	0.0220482258687849	3.31174164971975	512.4
663.10493	0.0221926914494078	-3.57274278777882	503.4
217.02991	0.0222551344080208	3.14725141879501	414.6
202.95266	0.0222947993512604	3.11906330903614	964.2
260.01308	0.0224764290955887	-3.12399915244078	381
872.6014	0.02250297969966	-3.86469012493631	148.2
286.06994	0.0225107163214006	-3.14592533574218	287.4
130.04207	0.0225636912372103	3.13890570905297	519
273.98974	0.0227919185384735	-3.65583437540798	410.4
480.30984	0.0229443654740353	3.48750173810547	94.2
213.0845	0.0229573497205586	3.36550098717974	846.6
346.11785	0.0229573497205586	3.81118063392211	439.8
701.94191	0.0230053347577647	-3.13747241763601	610.2
163.01606	0.0231150140617925	3.09952475679063	964.2
167.83424	0.0231744756676077	3.13325978093506	409.2
294.88552	0.0231872914450022	-3.63093338362809	400.8
320.00351	0.0232378048730973	-3.39340756917222	534.6
666.12277	0.0233967717877212	3.33082304620251	490.8
97.97371	0.0234313202158715	3.14985227061782	579
263.00929	0.0234421822511075	3.75456470174993	512.4
478.29425	0.0235117651863622	3.59746825342335	163.2
335.39792	0.0235202366672908	3.09812208232876	963
425.10997	0.0235840242387421	3.13831811116175	333.6
282.52212	0.0237878261187203	-3.08098360676483	600.6
171.0776	0.02384923859833	-3.61140827614052	407.4
816.53938	0.0240104018493005	3.06611943586071	87.6
290.00715	0.0240247248328437	3.3322316109458	374.4
548.82961	0.0241144872485516	3.06001638321677	963
328.11661	0.0243018445241136	-3.76280346979982	480
149.00094000000001	0.0243254174520254	3.05211273071537	135
177.94017	0.0244098322091733	3.2325474957102	579
240.89611	0.0244429786360178	3.29787432961073	987.6
393.37411	0.0245399513021374	3.59630775716804	80.4
292.88786	0.0245715503465381	-3.57031398145689	400.8
142.97298	0.0245837146176127	3.24148166069297	414.6
478.04868	0.0245837146176127	-3.05838174263279	548.4
341.00452	0.0245970198339429	-3.23365587977765	556.2
614.80076	0.0245970674975051	3.05683980851181	963
140.97599	0.0245972649414672	3.10429301510766	414.6
134.9702	0.0247051883706043	-3.16944146513239	991.8
651.87822	0.0247795728250997	-3.64209199147767	580.8
547.82848	0.0248709940672803	3.03639136371263	963
80.01163	0.0249408693107374	3.0415724020126	964.2
318.99669	0.0250840275382519	3.21819702981822	334.8
192.98854	0.0251755394809963	-3.77898745322828	397.8
402.87215	0.0253114149974418	3.03600087683506	963
356.9041	0.025381139855409	3.2160062492189	963
204.06421	0.0254361776495873	3.03117632082514	252
255.98182	0.0255088413201968	3.02168703334843	273
131.96026	0.025632965230116	-3.02879076012023	540
312.17239	0.0258193378886819	-3.14738502787089	156.6
118.95153	0.025827193178645	3.16273136854336	579
418.02935	0.0259248189842069	-3.02621320615627	739.8
250.09354	0.026022215250406	-3.25113204053471	517.2
392.12637	0.0261639023996567	-3.33996121841978	332.4
848.60025	0.0261639023996567	-3.22673672195036	90.6
295.03381	0.0261824470498221	2.99910628313562	846.6
192.02327	0.0262379414023494	3.22759558239865	679.8
170.04572	0.0263389006805705	-3.3766473910258	513.6
541.05768	0.0263389006805705	-3.39551398168549	503.4
347.12106	0.0263698411397537	3.62083835635498	439.8
158.95622	0.0265080359780651	3.10320702439685	983.4
464.1054	0.0267457440424403	3.02247380888689	337.8
315.90213	0.0267805708908065	2.98936199489561	964.2
540.05425	0.0268593227317358	-3.3623592206188	503.4
164.96428	0.0269027592245208	2.98321216473522	964.2
662.10192	0.0269027592245208	-3.33714251559289	503.4
473.28279	0.0269658936000774	2.97872468385458	80.4
378.88592	0.0270542238463225	2.9761695899214198	963
124.9718	0.0272005905579174	2.98336195623805	964.2
289.96717	0.0272005905579174	-2.98693248356768	410.4
314.91858	0.0273482611257316	2.98164821893347	963.6
295.40534	0.0274385782750169	2.99151414932792	963.6
652.78903	0.0276596394813594	2.98217769354573	963
196.0579	0.0277438782052997	3.1792177999773	846.6
232.98549	0.0277496774332424	2.99445826233216	381
172.01475	0.0278205530321309	-3.17469791656309	387
140.94573	0.0280720980848502	3.0227603771007	981.6
508.83684	0.0280720980848502	2.95502068210751	963
401.87101	0.0280932065971132	2.96694533155411	963
182.98881	0.0282017280882539	3.20276395208153	964.2
695.12395	0.0283090555695074	-3.5148381269139	497.4
140.87265	0.0283546919603091	2.9452820244183	389.4
765.52686	0.028557147495921	3.32703130347367	84
165.83746	0.0286033298991593	3.01531804458397	409.2
253.14513	0.0286150185026829	2.93825911907297	91.2
471.08666	0.0286150185026829	-3.4532614575428	433.8
252.92136	0.0289949464637905	-3.30146369711412	351
348.88798	0.0290911563190487	2.95884006815146	963
772.53531	0.0292089822688774	-3.30057089491433	994.8
99.93396	0.0292809565510281	-3.02550806550567	538.8
408.14158	0.0293606304146793	3.12777129292709	246.6
864.71675	0.0293606304146793	3.01180232301861	963
182.99666	0.0293938806740794	-2.9188821537674	579
269.92791	0.0294116913380239	2.92392971626526	964.2
190.93667	0.0295340456900915	-3.12559158414524	993.6
546.82502	0.0295540349439525	2.93418656004142	963
100.04041	0.0295626865568933	3.01193835961057	520.2
151.11285	0.029983329986053	3.33562373889365	95.4
297.2802	0.029983329986053	3.38104712618047	82.8
336.90075	0.029983329986053	2.9100571441115	964.2
484.85036	0.029983329986053	2.91912321794946	963
162.96017	0.0299855536006684	2.91346775425826	964.2
440.8604	0.0299877674779572	2.91149572227454	963.6
96.96957	0.0300181085015941	2.97424816841599	579
506.8323	0.030177917976114	2.91081492724758	963
197.88557	0.0301787268612111	3.24404142074852	654
347.88575	0.0301787268612111	2.91490192445233	963
246.90405	0.0302081932279448	3.00232358924654	976.2
136.87766	0.0302417375743736	2.8966822451684	388.2
287.03623	0.0302795002184454	-3.09024100934029	442.8
664.11775	0.0302795002184454	3.32658684273948	490.8
163.84054	0.0302956179523647	2.93836281787181	409.2
331.00012	0.0303575487596443	3.1442500916383	442.8
229.93516	0.0305269483906965	2.90186786158719	964.2
96.99527	0.0306906198922635	2.9262399872883	579
580.32595	0.0308022469473247	3.16854670266137	95.4
111.02006	0.0308529559013086	-3.50647353821298	407.4
268.9245	0.0308529559013086	2.89020742461853	964.2
96.94388	0.0308877103389484	2.91605304348271	579
309.03193	0.0308877103389484	3.01751107623083	541.8
400.86787	0.0308877103389484	2.89801171799978	963
270.25214	0.0310095170472462	2.89961071602438	85.2
334.89628	0.0310261135446625	2.88633911779248	964.2
272.08903	0.0311064887416009	2.8896456935299	511.2
335.89961	0.0311429834615477	2.87889273683373	964.2
507.83575	0.0311429834615477	2.88444307018663	963
178.84426	0.0312210858600953	2.99234645664651	374.4
184.96793	0.0313819750272717	2.8680865669119	964.2
758.75263	0.0313857342356556	2.98436464530212	963
441.86385	0.0313925911143	2.87793498216592	963.6
296.90786	0.0314515630511401	2.88293549557115	964.2
145.98356	0.0315663931133671	2.86420056403458	963.6
163.9635	0.0318077696435072	2.88663179683258	964.2
248.08039	0.0318190799901111	-2.93505544534209	85.2
417.18021	0.0321060280581788	-2.89495010082333	402
98.9738	0.032534791904403	2.92052900477317	579
856.60731	0.032626784071119	-3.46439886379829	151.2
175.0547	0.0326385665053035	2.84327518183452	326.4
154.02757	0.0326498719528944	2.86483773552157	531
367.88197	0.0326745422221543	2.8625042080568	963
322.98294	0.0327390549255283	-2.84765336715318	537.6
348.3875	0.0327390549255283	2.85451237866284	963
387.87833	0.0327390549255283	2.84000821358256	963
294.90359	0.0328641189176872	2.84416528544692	964.2
420.86406	0.0329070311391257	2.9377280716175	963
612.79639	0.0329222628614407	2.89147268454809	963
489.13718	0.0330454410022223	3.26482754512446	232.8
251.98925	0.0333940394655767	2.96653599731638	544.2
269.21258	0.0334602493040846	2.92337347178125	86.4
312.91436	0.0335095634450592	2.83116410474942	964.2
140.91939	0.0335313480477726	2.90613283232993	374.4
292.00504	0.0336331457036503	2.93570371673911	374.4
401.36964	0.0336438712379187	2.85712571437409	963
368.38375	0.0337342632925798	2.84015089055684	963
558.00465	0.0337342632925798	2.86968515963486	606
144.01254	0.0337577273991428	-2.95579806277065	171.6
122.96758	0.0337910126309581	2.82418896910019	964.2
703.4068	0.0338253382504561	2.85181945265602	81.6
306.07663	0.0338325474620717	2.85089155196424	512.4
404.76131	0.0338325474620717	-3.31753409348983	79.2
613.79957	0.0338369387713025	2.88155596556461	963
82.97452	0.0339227806630216	2.82237112214259	964.2
165.8945	0.0339227806630216	2.92779981793439	375.6
453.85015	0.0339227806630216	2.86923089891071	963
314.90008	0.0339598379929945	2.82151899560333	963
143.96008	0.0340333307676012	-2.82145896966224	538.8
184.98565	0.034037683652961	3.39828548920719	621.6
429.19318	0.0342478357806899	2.97021374415903	91.2
228.93181	0.0343105564806668	2.81491088115398	964.2
750.54525	0.0343700287780956	-3.11729612206372	133.8
820.57149	0.0344088185460312	2.92937167854801	151.2
246.94241	0.0345117738780825	2.82033535674722	963
442.86497	0.0345834511339884	2.81146922622917	963
360.83606	0.0347164368800696	2.80197603849575	984.6
110.89898	0.0348390967304196	2.79132285128048	410.4
148.86374	0.0348626908475983	2.79184887758115	413.4
527.33013	0.0348626908475983	2.87171371922148	963
303.90939	0.0348639906500779	2.84416827334294	963
222.89116	0.0350075286793335	2.8155168219457	985.8
329.02072	0.0350075286793335	2.83460106098769	232.8
206.96369	0.0351643938473662	-2.79788301757832	538.8
560.31562	0.0353836927539883	2.86288974564254	963
168.99079	0.0355152105051185	2.91118513046833	593.4
142.91731	0.0356112134630207	2.82127293340068	374.4
740.52493	0.0356391084540102	-2.81944044127623	105
248.0802	0.035725559757298	-3.29505405109043	159
724.52383	0.035725559757298	-3.14321001622453	127.2
96.98827	0.0360230699178297	2.77927303086359	964.2
405.26299	0.0360270512266052	-3.2736642053969	78
256.09416	0.0360964597692233	2.8568180063128	205.8
190.05103	0.0362127370649839	-3.23949997208319	424.8
409.23625	0.0362543224225992	2.76251340301929	163.2
98.03283	0.0363773965216725	-2.78383457282026	89.4
575.34924	0.0363773965216725	-3.32941081466937	163.2
219.97622	0.0364623479891582	2.76784481353899	519
277.02202	0.0367521317951357	-2.76026205791433	442.8
295.90681	0.0370201752060151	2.75833590324255	963.6
633.79473	0.0372075554870779	3.05083103374944	963
420.80006	0.0372234913939988	2.79887662735351	988.8
182.82499	0.0372997703963898	2.85033318016438	374.4
296.88537	0.0373917208275193	-3.1802815149967	400.8
930.68898	0.0375544911712864	2.82474033531929	963
313.91779	0.0376746019422288	2.73922144239595	963
199.03759	0.0378238712919531	3.27609248886155	232.8
299.15894	0.0379076850887512	-2.74334898711737	82.8
78.91877	0.0383578986137815	2.81855400960786	374.4
350.87008	0.0383935863295411	2.82663246608159	974.4
247.17087	0.0384190452791395	2.85698860136735	86.4
179.86035	0.0385288439886836	2.74695328196914	409.2
128.87161	0.0385709681724108	-3.10559953300049	399
628.77027	0.0385709681724108	2.89602499543965	973.2
277.0478	0.0386991314328347	3.02112676867257	484.2
576.68383	0.0386991314328347	-2.75119192337831	993.6
206.91144	0.0388015380080429	2.79399780873632	978.6
138.87549	0.0388269046418419	2.73735390064973	389.4
315.40158	0.0388269046418419	2.71516284060893	963
313.98495	0.0389373261144245	-2.7377802049946798	304.2
272.92184	0.0390621413539098	2.74829645501317	964.2
553.90119	0.0390621413539098	-3.20814485971235	579
139.94497	0.0391410035283663	2.73675805870929	982.8
90.97139	0.039147847681151	-3.06841186883413	612
166.95738	0.0391975045940007	2.7317440492359	964.2
344.96853	0.0392317800342598	-3.26607682640151	430.2
205.96046	0.0392346721195489	-2.70821230457521	538.8
230.93599	0.0392346721195489	2.71823103345248	964.2
824.72496	0.0392346721195489	2.80249566052043	963
429.19218	0.0392850308289087	2.81242644634409	90.6
522.80634	0.0392850308289087	2.83865812006336	973.2
207.95319	0.0393158716487903	2.72212739578906	964.2
244.90585	0.0394707382310516	2.79001449956633	976.2
452.27858	0.0394707382310516	2.7726546867412	164.4
581.27528	0.0394707382310516	-3.12733481871277	624.6
144.06689	0.0399872597280433	-2.89779774427243	513.6
140.97817	0.040016163780418	2.70048845264685	964.2
270.00122	0.040016163780418	-3.24613603241997	350.4
331.02912	0.040016163780418	-2.95090358923582	332.4
538.72778	0.040016163780418	-2.83039740160186	991.8
310.87772	0.0405092406233364	2.75590376361464	975
320.98749	0.0405092406233364	-2.70795675060999	537.6
559.81408	0.0408384676599833	2.79573255096676	963
613.29811	0.0410532109064578	2.81982123202629	963
178.85912	0.0411556794916161	2.75776615237808	409.2
456.83456	0.0411556794916161	2.74492386683593	973.2
265.04455	0.0412526821249923	2.6950052812358	347.4
207.95594	0.0414308924890209	-2.6697325407591	538.8
197.06825	0.0415666745454801	2.66542306153089	410.4
280.8499	0.0415666745454801	2.67804381034844	987.6
493.05298	0.0415830500860357	2.79820944884763	493.8
221.89066	0.0417443495326027	2.68085292529449	985.8
163.89672	0.0417474499923974	2.70209475882781	375.6
304.86969	0.0417474499923974	2.69111313242676	981.6
307.07997	0.0417474499923974	2.6862122785696	512.4
630.11285	0.0417849489599596	2.72836457848526	549.6
636.14567	0.0418573781615825	2.65864378578209	511.2
355.87281	0.0421654611345678	2.71792333490091	972
98.0248	0.0424086315742963	-2.9889151374319902	303
144.86974	0.0424086315742963	2.6507772478551	413.4
200.94193	0.0424086315742963	2.67141721181203	983.4
389.87766	0.0424086315742963	2.70398072062194	963
320.84358	0.0424288050314691	2.6639397037507	987.6
210.89975	0.0425738678171245	2.6517735147237	414.6
291.96426	0.0425738678171245	-2.65027132301513	410.4
580.93871	0.0426940692726646	2.70198488035083	660
465.30469	0.0427471726575085	-2.87681538983389	76.8
579.81039	0.0427501333600052	2.76777737302803	963
182.85663	0.0427569076453342	2.74674249414757	409.2
180.82715	0.0430358013030728	2.63852830344922	374.4
204.91323	0.0430358013030728	2.70702935271535	978.6
206.94985	0.0430492537104513	2.65200700351146	964.2
146.86683	0.0430755222394511	2.63819989809466	413.4
562.79848	0.0431348136679775	2.74191585186042	972
375.869	0.0431461194991816	2.76836879269854	972
580.31198	0.0431742682892691	2.78101408303202	963
122.93089	0.0432421271359661	2.63413616583008	964.2
253.07722	0.0432740456299763	2.701446491086	846.6
526.82865	0.04344184581765	2.73806890695933	963
75.00857	0.0436397208902946	-2.76904322296153	402
188.93931	0.0436397208902946	2.63754479251865	964.2
339.20007	0.043697262871054	-2.71072303416917	156.6
310.07739	0.0439169283001863	2.65614994574956	511.2
416.84202	0.0439712955522735	2.71774578374203	973.2
288.89577	0.0440362981858705	2.65783677370021	977.4
80.91676	0.0444264574688824	2.69749869059555	374.4
390.11575	0.0445657583713311	-2.6846353425142	235.8
180.85962	0.0446123080604165	2.67352528070561	409.2
463.21399	0.0446123080604165	-2.61215708122494	548.4
970.68062	0.0446123080604165	2.76028354970992	963
614.63996	0.0446277247784888	-2.8931232668585	993.6
178.93404	0.0446760968839832	2.6925599746451	978.6
719.26214	0.0447353261209429	2.84574140435532	961.8
94.92514	0.0451581520985385	2.60416589906281	410.4
174.861	0.0453580306589755	2.67393506003668	409.2
190.94348	0.0454225902541435	2.61012784372203	964.2
825.72816	0.0455984901503654	2.72031476923934	963
847.59057	0.0457060246266697	-2.64539950699453	148.2
633.29419	0.0459963130142807	2.7567663516951	963
284.89842	0.0462940257042662	2.67866461201264	975
192.03376	0.0462961220013309	-2.62738275310329	342
560.81633	0.0463293738076161	2.69911514587996	963
100.9856	0.0465485152186747	2.70182366004804	964.2
466.76171	0.0466034336986767	2.5815088603494	983.4
248.05439	0.0467113730022659	2.5986735306179	410.4
326.85159	0.0467113730022659	2.6639786750005	980.4
394.08687	0.0468039284650622	2.65069794547182	232.8
201.01934	0.0469081889309891	2.58090144141124	504.6
269.05483	0.0471758939849941	2.5843228237953	846.6
123.97084	0.0473012307703981	2.58148944448054	964.2
177.86007	0.0473012307703981	2.63786644336363	409.2
222.88541	0.0473012307703981	2.61513200514028	985.8
328.84939	0.0473322309874275	2.65302690495073	980.4
719.76289	0.0477173855665875	2.75244928170742	962.4
182.8616	0.0477431229699	2.63772432067996	409.2
189.94272	0.0477548423688663	2.57612170862614	964.2
92.92806	0.0478747559261847	2.56563810247613	410.4
293.92808	0.0478747559261847	2.58140647878699	580.2
366.84399	0.0479088796385293	2.66098019593233	978.6
594.06264	0.0479088796385293	-2.67351274871834	462
432.81583	0.0479100476371115	2.5772733384332	978.6
368.36141	0.0479789422200258	2.60518621008776	80.4
908.70514	0.0480522392681436	2.69471261996134	963
260.87982	0.0481422541741072	2.61910565077108	981.6
342.82545	0.0481422541741072	2.61432437777763	984.6
450.15358	0.0481422541741072	2.8312593291232	85.2
559.10312	0.0483581838008995	-3.0268340569369	242.4
179.84446	0.0486343385660658	2.55027151887766	374.4
205.91663	0.0487881482445848	2.61411200564557	978.6
243.92578	0.0487881482445848	-2.68796601623928	396.6
439.30312	0.0487881482445848	-3.02538751907589	96.6
98.96691	0.0488503927063142	2.70445286769829	411.6
685.77464	0.0489314611586743	2.78441563381683	963
408.855	0.048970776991455	2.67800889332205	972
164.03889	0.048987051970096	3.00110286950684	439.8
138.94154	0.0492843281326476	2.61557552596626	981.6
227.2018	0.0492843281326476	2.58544449500447	86.4
335.02651	0.0493683376642583	2.53808067425783	846.6
387.01027	0.0493913416901062	2.83099004415725	594.6
436.10881	0.0493913416901062	-3.01468441046059	297
261.88323	0.0494088332993654	2.55001402560704	981.6
570.64974	0.0494088332993654	-2.78766002861601	993.6
156.9521	0.0495176812558531	2.63373308232315	982.8
775.54886	0.0495405903218051	-2.93015786617138	128.4
140.93971	0.0498973304056226	2.60156233517222	981.6
158.95024	0.0499479561586931	2.57986644528116	983.4
316.10232	0.0502018760829974	2.5611912434049	186.6
342.98771	0.0502018760829974	2.52466321951521	235.8
632.79257	0.0502018760829974	2.70535003698143	963
107.03638	0.0503767688997231	-2.65240761674109	349.2
240.86374	0.0504382313560831	2.59645943641327	990.6
182.93126	0.0504974452584404	2.55179154012918	982.8
334.12596	0.0504974452584404	-2.58515689103811	553.8
157.9555	0.050502132562181	2.52671680203919	983.4
242.17648	0.05060805957209	2.56530422314745	97.8
325.1845	0.05060805957209	-2.62462261115682	156.6
209.95352	0.0509396366044627	-2.51589612402836	538.8
772.24409	0.0509396366044627	2.80787300412238	961.8
73.02923	0.0513367762485748	2.72331275198201	552.6
100.00161	0.0513367762485748	2.50745289602243	964.2
475.11221	0.0513367762485748	2.68650893697792	516.6
344.8233	0.0513781468869037	2.55399334191824	984.6
517.16416	0.0513781468869037	2.51377056161673	511.2
555.31312	0.0513781468869037	-2.66905102132816	95.4
108.90197	0.0514227116864116	2.54698321307041	410.4
196.06491	0.0514227116864116	2.51439773493775	410.4
190.05106	0.0514670895531537	2.60428094495468	179.4
535.27005	0.0516255969823179	2.6116134441343	232.8
208.95415	0.0516333741193945	2.52359248525057	963.6
464.76387	0.0518159645045782	2.60491468619933	983.4
133.01426	0.0520390045018454	2.66284836188936	586.2
276.85373	0.0520390045018454	2.5138140640888	987.6
436.8449	0.0522523038106439	2.50927960574144	963
145.95564	0.0524728728051563	-2.49703839884906	538.8
80.9632	0.0532528988204123	2.4860984627252	579
137.03798	0.0532528988204123	-2.90662937825066	245.4
400.78994	0.0532528988204123	2.53569982305882	985.8
449.15021	0.0532528988204123	2.75163581046654	85.2
371.00288	0.0532786875609161	2.48084951783531	846.6
254.69814	0.053606441764793	2.51452594991137	103.2
297.15303	0.053641612523648	-2.53138166646408	82.8
686.27609	0.0537310173006078	2.73344804719146	962.4
665.77854	0.053753714779017	2.67387564582009	963
135.04464	0.0539934973393758	2.79315789816562	165.6
184.82294	0.0543077164624596	2.52402819250151	374.4
243.06244	0.0543077164624596	2.82626003573149	347.4
666.28006	0.0543077164624596	2.66645409516095	962.4
358.79956	0.0544417241540208	2.47414279400467	988.8
748.52886	0.0544417241540208	-2.83556611345502	127.2
458.75631	0.0545339170996818	2.46699664469135	990.6
233.07799	0.0545472765919873	-2.47209556515029	558
402.37178	0.0545472765919873	2.46289928740601	963.6
278.85182	0.0547654901074245	2.48832653154378	987.6
427.23393	0.0547681794576142	2.5050428137146	88.8
133.01564	0.0548570359844337	-2.89274737728961	246
359.80294	0.0548570359844337	2.4587007689946	988.8
298.15655	0.0549564669618588	-2.51209893541617	82.8
273.09258	0.055005891720578	2.54101834916536	511.2
242.89506	0.0552039456277606	-2.45708260813732	990.6
352.89903	0.0552847032026786	-2.65600366287162	395.4
241.21764	0.055560977639106	2.53567867838419	85.2
441.02527	0.0559409382174876	-2.55703031155224	741
220.88724	0.0560984067191032	2.48117500796052	985.8
414.76607	0.0560984067191032	2.44905739528004	990.6
262.87793	0.0561658116364045	2.49795254954617	981.6
482.73587	0.0562014390198388	2.51703286085655	987.6
78.94445	0.0562921424085197	2.44599711758159	579
279.23329	0.0564174641044596	2.45286702249638	84
192.08263	0.0565224800082702	-2.54421213022904	163.2
181.014	0.056743958497929	2.4354399086278	661.2
187.9982	0.0570029594290704	-2.83060547773727	352.2
144.97	0.0570931237253073	2.61122437378861	417.6
204.06665	0.0571136533893874	2.45200097515484	181.2
376.86529	0.0572908288653707	2.58744761883151	960.6
312.87535	0.0573298348635951	2.4754364393440502	975.6
615.23565	0.0574786115148599	-2.7781357379907	552.6
144.97546	0.0575277678355221	2.55120903962533	964.2
570.34188	0.0581448414616989	2.42131937550537	94.2
382.81807	0.0581689034256123	2.49995502040381	981.6
409.14502	0.0581696019321824	2.45992805919282	246.6
246.05744	0.0586626734468487	2.43943281483059	410.4
451.07242	0.0587084132561495	-2.82580795012526	246.6
144.86647	0.0588771401331053	2.74658731686557	407.4
146.86354	0.0589113384688667	2.73547431952095	407.4
751.54861	0.0589538063963159	-2.48974480805878	133.2
135.06636	0.0593221449052092	2.59917188820734	241.2
184.92945	0.0593841015795506	2.43777689201883	982.8
256.86375	0.059447954923831	2.49558005075554	987.6
78.97779	0.0597766776216506	2.48845171819689	579
306.05815	0.05988755170797	2.41743064133637	240
686.7768	0.05988755170797	2.55999673011091	963
454.35196	0.0599776258546005	2.42746728179399	963
213.0123	0.0600576996343325	-2.75633425093332	178.2
286.88024	0.0601362908850233	2.3933444669302	411.6
451.0787	0.0601667267592939	2.68619691892424	441
480.73785	0.0604396240725029	2.47505787372476	987.6
226.76113	0.0604416621233662	2.39377279026688	372.6
268.91631	0.0605757999431535	2.51806098720075	558
96.92216	0.0605977620526745	2.38805031878311	410.4
133.99184	0.0611030752334632	-2.40212875806556	171.6
650.59767	0.0612076319932598	-2.6641706551911	994.8
360.79748	0.0615363441327374	2.40840595246776	988.8
580.81249	0.0615363441327374	2.50266697882344	963
78.97335	0.0616701735952861	2.39078090699146	579
314.90581	0.0616874246103095	2.39130818587	765.6
184.85868	0.0622027164059233	2.43712572427382	407.4
495.04282	0.0622488898327464	-2.56097923755747	548.4
414.1084	0.0622988691400403	-2.6401440146637	332.4
310.28365	0.0626947978760999	2.38429808769636	82.8
309.28022	0.0627315914624119	2.4209765032474	82.8
176.85908	0.0627893338445496	2.41367790645979	407.4
405.13489	0.0627893338445496	-2.38206579425816	229.8
718.76061	0.0630057625201838	2.53820377080042	962.4
362.79536	0.0633586622034429	2.35874185569063	988.8
634.62373	0.0634419204402817	-2.53302459368483	993.6
176.00239	0.0644260525617418	2.3488306993813	297
398.79198	0.0650420651986834	2.4069587632049	985.8
738.75668	0.0653806400448132	2.56901978194419	961.8
448.78981	0.0656298454835508	2.36399860334184	980.4
309.15301	0.0659816931188622	-2.36725819495586	82.8
384.81594	0.0661037043750616	2.38560604295922	981.6
322.84148	0.0664015918031045	2.3319825803886	987.6
806.55514	0.0664015918031045	2.4746112879734	132
176.93608	0.0667110835013879	2.34319770482193	679.8
208.90272	0.0669863237914974	2.32725940425507	414.6
94.99314	0.0673888885812548	-2.32449881613748	935.4
181.85732	0.0673888885812548	2.3678944900224	409.2
467.26539	0.0673888885812548	2.3257230143332	83.4
148.89141	0.067393590722341	2.43494997040877	414.6
299.14891	0.0675036810912105	-2.36752121829494	82.8
229.96461	0.0675439592332473	-2.48644228963901	274.8
395.38986	0.0675683369209856	-2.65402443634066	80.4
654.78753	0.0675683369209856	2.48970600320326	961.8
206.91734	0.0678053145933687	2.37692309277214	978.6
307.06173	0.0678053145933687	2.33119281532362	240
78.94001	0.0679158167712173	2.39680373531149	579
277.85717	0.0680342130817284	2.31344695472664	987.6
284.77513	0.0682064192194275	2.3150999722822	409.2
325.99048	0.0683259175302225	-2.36180189460705	507.6
304.90091	0.0687143208700888	2.30301802179734	963
254.91359	0.0689306578081132	2.30002341347372	676.8
141.98148	0.0689632700743708	2.30075465859641	964.2
370.87267	0.0690432614904991	2.32450578158392	963
219.07761	0.0690664086543555	-2.451019897124	262.2
174.01259	0.0692765645675127	2.30272457573826	651
264.94278	0.069370344955073	2.29608989332377	646.8
198.06077	0.0694022404825609	2.2958022222828	410.4
282.8877	0.0694022404825609	2.29561152207944	985.8
194.93728	0.0695085947597072	2.30336281711429	598.8
619.28897	0.0695180981334953	2.4061901749916	90.6
235.07256	0.0695359151637366	-2.58862517940967	213
313.17505	0.070131661902926	-2.31272504451233	82.2
310.83835	0.0702657560919574	-2.56484793127394	991.8
246.91017	0.0703169498894148	2.35179698588008	977.4
115.92078	0.0707774099026574	-2.58400560960252	313.8
821.57437	0.0707774099026574	2.39097834806613	91.8
89.92569	0.0708133590200457	-2.28636204629829	538.8
280.23674	0.0708806060679867	2.45434331682757	85.2
149.06079	0.071341983799372	2.27715969694718	95.4
244.08286	0.0716337692004982	2.30362442391873	339
683.43899	0.0716337692004982	2.55260425167606	960.6
536.27331	0.0718168441078899	2.37438669385728	232.8
180.85599	0.0719716082109481	2.29426404979913	409.2
148.06301	0.0720894782959548	-2.60430742323619	429.6
384.03273	0.0721916307988369	-2.42244347585622	607.8
162.90426	0.0722183998441984	2.27448027137115	964.2
192.99085	0.0722296049948795	2.37053878160973	499.2
247.06091	0.072319179350308	2.30108157676885	410.4
514.6839	0.0723521254170825	-2.52016563101936	993.6
791.7388	0.0724516010699326	2.50193242174488	961.8
334.01887	0.0728249101114872	-2.25975935288508	519
416.76402	0.0729016839460898	2.26186699161956	990.6
331.55546	0.0729366628374376	2.43506994057472	490.2
580.69441	0.0730064098642339	2.28483912927942	990.6
193.08044	0.0733360700248891	-2.29754477633253	163.2
180.93216	0.0737410720662003	2.28158032380921	978.6
324.98031	0.0740474327631118	-2.30543737209708	537.6
339.06093	0.0740498571842429	2.26066909977029	274.8
288.87723	0.0744806612939315	2.25696684324806	411.6
222.76497	0.0749616322516449	2.24202771577624	372.6
321.98451	0.0749616322516449	-2.47825118740314	536.4
328.18348	0.0750299528753689	-2.23928664276507	81.6
442.78212	0.0750299528753689	2.23801085628908	985.8
289.96021	0.0750811564544853	-2.57185170417857	350.4
142.98232	0.075391944324313	2.26723783144726	964.2
167.96089	0.075391944324313	2.23453219840056	964.2
739.25815	0.075391944324313	2.45200670615632	961.8
279.15999	0.0754053927982062	2.28926937081753	85.2
123.90207	0.0754350481012055	2.36929258150103	522.6
312.17227	0.0754958228278047	-2.26124791888755	82.2
620.13783	0.0755355079123502	-2.23579451694607	546
311.16882	0.0764500934482358	-2.25170050696745	82.2
313.16478	0.0766054260353301	-2.24419897106491	82.8
500.27887	0.0769072779658266	2.22603234302297	162
877.7063	0.0769164091104058	2.52276550910868	960.6
763.56123	0.077562114815822	-2.42024236634897	160.8
335.06382	0.0776223085603042	-2.43089087657564	576.6
568.65179	0.0776223085603042	-2.39982210268009	993.6
224.76301	0.0777406119438045	2.22229119795727	372.6
323.16895	0.0778761278216193	-2.23040166417544	82.8
771.74267	0.0778761278216193	2.40958529509687	961.8
223.88876	0.0779889644811691	2.26310967319569	985.8
666.78034	0.0781865771974166	2.38662914851865	962.4
276.85203	0.0789613700064567	2.24283296481839	654
194.94659	0.0793275681515334	2.2281639111763	848.4
295.04292	0.0793935501370458	2.37538852619863	473.4
127.05137	0.0799721824538799	-2.20752367645859	164.4
355.8981	0.0802752885962553	-2.22454937021876	396.6
289.06986	0.0803348226835467	2.50046296075736	421.8
183.93472	0.0813516718837763	2.20371333217459	982.8
883.5344	0.081369712737631	-2.39376923150155	78
377.01987	0.0816739535213403	2.1840215430284	848.4
516.68199	0.0816927335149626	-2.22271045220459	993.6
325.5198	0.0829229737931209	-2.2491595062791	619.2
245.90933	0.0830438699480527	2.18808098904484	976.8
202.94011	0.083596285610037	2.18711007845766	983.4
328.88827	0.0838316632833211	2.3294508560104	975.6
320.0923	0.0842883634186999	2.41402095045274	451.2
162.84266	0.0843260212629661	2.16153926332284	410.4
178.90332	0.0843260212629661	2.15953732972222	175.8
234.15821	0.0843914198405531	2.15922279500417	90.6
652.59569	0.0846155936921102	-2.29623106090392	994.8
355.02549	0.0856766247164628	2.18792197926357	847.2
165.96021	0.0859739923783961	2.1706575209221	519
375.16124	0.0859739923783961	2.16740783379515	580.2
315.13675	0.0866806072305981	-2.30514216703458	82.8
574.68589	0.0867525610853948	-2.32730361913459	993.6
808.50883	0.0868173414533519	-2.22093082035209	79.2
191.08275	0.0868900034309117	2.14438010357845	172.8
264.90836	0.0870197073286746	2.13731934892129	964.2
242.22069	0.0874106731118275	2.1744942766965	86.4
249.0579	0.0874106731118275	2.13418753029676	410.4
115.97564	0.0874217664242956	2.13562051270606	988.8
290.0367	0.0881086258439696	2.19415896967356	594.6
172.92598	0.0886663152798224	-2.15142427603165	990.6
263.99454	0.0888280201468487	2.26714117458506	447
580.03077	0.0889974348859292	2.26937336593831	698.4
510.86043	0.08988968227998	2.34539561239942	587.4
222.92383	0.0911090529384075	2.33186418898418	978.6
884.53787	0.0911971824711938	-2.24741803280751	78
229.13461	0.0913949413178266	2.31736273420396	98.4
789.4032	0.092016747372263	2.29700154821548	960.6
237.12466	0.0924774485748164	-2.15318497981538	164.4
749.85368	0.0928902237842873	-2.32621010144354	580.2
168.83219	0.0929959492039244	2.09328530164727	410.4
199.0904	0.0929959492039244	-2.12368278620374	162
722.51348	0.0937881424168085	-2.24611126386149	87
612.64189	0.0938479950960623	-2.2800264895694	993.6
411.23924	0.0938923053954549	2.13602757921548	85.2
178.81537	0.0941919164713541	2.08486977931121	378.6
196.90613	0.0941919164713541	2.09377805755638	985.8
268.8012	0.0943795283712092	2.08308809640954	405
500.97284	0.0945650019179227	2.21729841240691	609.6
323.98599	0.0947347215358563	-2.08353267255433	537.6
289.06909	0.0949452496328366	2.07866950188441	511.2
573.08365	0.0958106545767226	-2.08620674591441	462
655.42183	0.0958106545767226	-2.27799232773587	81.6
827.56424	0.0958106545767226	-2.28992188009173	87.6
696.77034	0.0961616682314347	2.31768806404011	961.2
600.3238	0.0963379203081992	-2.18694356132578	90.6
341.2062	0.0963528760270463	-2.07010796458442	80.4
312.01159	0.0965458706769693	-2.15576616439277	1039.2
415.76932	0.0968663223679123	2.16703717068512	988.8
119.94706	0.0971870493932668	-2.24815595313238	393.6
179.85705	0.0971870493932668	2.07489993208043	409.2
180.81308	0.0972195649601336	2.07617854734057	378.6
185.07479	0.097595972774466	2.21820791190262	13.2
447.81787	0.0976826950074523	2.25425839870698	585
123.00424	0.0980820986657844	2.06272585651009	964.2
218.90528	0.0982568668120153	2.07631719148599	649.8
224.88353	0.0984378263120667	2.0718301944133	985.8
438.77184	0.0984378263120667	-2.05746052975639	990.6
417.33776	0.0985323683280286	2.0574978389924	88.8
656.42532	0.0985323683280286	-2.27375711812635	81.6
599.32043	0.098629944381951	-2.12784414337646	90.6
256.87015	0.0997062677591704	-2.04483739096324	991.8
134.89474	0.099736649034422	-2.22047871283072	157.8
412.86967	0.099736649034422	2.14054955174524	586.2
216.91587	0.101001740180275	-2.16756037469872	990.6
586.36336	0.101048888760348	2.04801820077655	94.2
238.12794	0.101089288086227	-2.04819157950953	164.4
844.721	0.101333989544214	2.2505753506259	961.8
141.97371	0.101998469631704	2.08437604063358	990.6
249.1498	0.102695888124894	2.02856307535219	88.8
823.58151	0.10367923100619	2.09194515417081	151.2
134.01763	0.104405557721584	2.13258944480371	586.2
327.19075	0.104405557721584	-2.03352489112231	81.6
376.16467	0.104405557721584	2.05162051513676	580.2
196.89482	0.104691225347737	2.02943505629305	600.6
112.96221	0.105997007322033	2.01202387326355	982.8
144.03032	0.105997007322033	-2.07092690766625	201.6
254.91347	0.10607393756029	-2.11680509379852	580.2
732.09137	0.106411763691433	2.22398316960376	961.2
174.92411	0.106792241994755	-2.03379715415544	990.6
344.0235	0.106792241994755	-2.16766085470032	544.2
259.0114	0.10692303862846	2.06688960483952	442.8
572.08034	0.10692303862846	-2.01962054431554	462
536.70427	0.107002101041428	2.10424107280837	990.6
199.13404	0.107014995039341	2.03245292518963	90.6
138.89009	0.107339978351916	-2.09932473065007	396.6
402.01119	0.107920591856532	-2.12818059273869	630
723.5173	0.108102791497974	-2.14657133256029	87.6
168.85005	0.108142920081051	2.02092331490582	411.6
219.08879	0.108353557843928	-2.15036422092719	167.4
198.91804	0.10877772399241	2.08058337238869	817.8
393.12804	0.10918536013187401	-2.22336546247723	346.2
96.985830000000007	0.109754733296833	2.0423585527768102	649.8
132.92244	0.110214693415123	2.05229428173892	415.8
189.05971	0.110356492541242	-2.08571789485854	515.4
512.68581	0.11045367201098	-2.17189181442673	993.6
610.37254	0.110621548013397	-2.01740587579214	93
160.00738	0.111185646449295	1.98673590930533	511.2
314.16791	0.111206396910995	-1.98431061884053	82.8
309.0845	0.111669079939094	2.00699274261885	512.4
326.18785	0.112065398594247	-1.97856462057505	81.6
236.90273	0.112463673323926	-2.04400197478112	580.2
325.18439	0.11330385603569	-1.97069795309319	81.6
602.67583	0.114327672400884	2.04069207639665	987.6
183.01091	0.114884012442333	-1.96947785648118	81.6
653.30122	0.115363062930484	2.16050949409809	80.4
768.55038	0.115591353094921	-2.1023216167649	134.4
749.5337	0.116182046728407	-2.08762571185622	127.2
334.00762	0.116195938669171	-2.17541331235992	535.2
620.64774	0.116195938669171	2.00781159374	991.8
846.58704	0.116195938669171	-1.96069621378007	148.2
404.04334	0.116391494466041	-2.0159996522798	645.6
498.70992	0.116559278754469	1.94894755816342	991.8
327.18034	0.116914019811866	-1.94696788061726	81.6
198.89331	0.117678923587767	-2.0555521614132	598.8
242.07849	0.117678923587767	-2.01105891330642	556.8
304.01613	0.117708745073905	1.93922505412748	405
176.81743	0.118280195015097	1.92573482212827	378.6
309.07576	0.118330944759894	1.94147571077053	512.4
277.03323	0.120173450619807	2.00618026915313	463.8
835.53309	0.120555576288355	-2.04735224272652	78
306.01315	0.121178988719132	1.95357589583614	406.2
380.13131	0.121215532072474	1.94103132299086	301.2
171.0201	0.121634830255959	-1.97998560814232	617.4
228.20513	0.123716816884024	1.91016044072446	86.4
190.14497	0.123894372341359	2.08640164437644	130.8
501.66579	0.123894372341359	1.98778801704471	174
496.71192	0.124162595948146	1.92367752173136	991.8
285.53668	0.124509762223861	-1.9478986305575	461.4
238.89781	0.124587613728171	1.92757309513664	987.6
229.08301	0.124736444604876	-2.01577712512065	555.6
437.02593	0.124844051326757	-2.04672159622311	462
654.30483	0.124947302378763	2.06471359958513	80.4
400.12991	0.125004252831129	-1.97632969385137	444
178.07325	0.125355496666763	1.97725664568332	189.6
186.07268	0.126090963740146	-2.0405528103381	164.4
199.90875	0.126125131084573	1.94162760903505	988.8
462.2994	0.126125131084573	-1.88151463080739	162
183.08151	0.126332365036779	-1.88037646608304	88.8
202.0035	0.127816957424939	1.87331790331299	519
674.64172	0.128582258823159	-2.02246049791574	993.6
245.9457	0.128687062091856	-1.96185706473853	271.8
897.70266	0.129243603861026	2.04427507176229	961.2
407.00387	0.129416320081826	-1.88533159461059	508.8
220.76695	0.129577045839394	1.86898557205052	372.6
204.80035	0.129768891896815	1.8713264265886	408.6
115.92076	0.130733600297532	-1.91671725250025	382.8
254.07845	0.131214225016615	1.85450507009749	512.4
657.4279	0.131214225016615	-1.98707694354548	81.6
96.94986	0.131243415781617	1.86799275297649	579
328.04596	0.132382099410612	-2.0194369024857	245.4
437.28698	0.133048416664022	-1.98501945194216	163.2
445.0171	0.133048416664022	-1.89872628294112	570.6
292.92376	0.133603653702884	1.88251710361147	678.6
857.51868	0.133672561983344	1.93357934924411	78
262.11266	0.133940165703922	-1.95358089002338	573.6
437.09179	0.133940165703922	-2.04616926183855	346.2
166.97517	0.135006702177521	1.83462645891025	645.6
148.86051	0.135705141451983	1.91875013828494	406.8
652.04651	0.136683759464448	-1.86697191974274	619.2
432.7379	0.136791391226046	-1.9552234798109	991.8
386.03382	0.137362778636497	-1.94831522662118	688.2
187.07649	0.137380889269968	-1.90684943305918	89.4
183.99284	0.137699126659618	-1.85460018544987	273.6
598.30781	0.137760822361842	-1.84188502941585	90.6
819.55871	0.137790532340341	-1.83347879440058	88.8
178.01808	0.13794982707234	1.81894555735474	220.2
446.16844	0.138529598675407	-1.81828615990741	336.6
115.92073	0.139607224061921	1.82943276492716	540
158.91182	0.139607224061921	1.83627177068777	988.8
171.84786	0.14023026227645	1.80990303664887	371.4
130.08739	0.140722567692187	-1.9554184221602	438
785.15322	0.140791613474205	1.80927533909987	406.2
169.09835	0.141227069976445	-1.93411270227131	407.4
82.95411	0.141344269470369	-1.89731897831484	207.6
228.09893	0.141437204224292	1.84407460059359	511.2
792.5398	0.141437204224292	-1.99708285325049	90.6
802.73523	0.141437204224292	1.9612961541229	961.8
835.53364	0.141437204224292	-1.91460813788814	78.6
340.20338	0.141534260097983	-1.80750359036249	81.6
300.00896	0.141600703310356	1.80296833515537	371.4
598.66642	0.142799826619863	-1.83912170467179	993.6
339.19996	0.142955194388164	-1.80018876825331	81.6
171.02005	0.142962005758031	-1.83440808865856	973.2
255.83759	0.14296664042055	1.82933693717935	407.4
219.08787	0.143358740265584	-1.85130903072144	199.2
496.04618	0.143720966768958	-1.875343732207	548.4
137.03152	0.144642650035876	-1.96591396184647	245.4
416.84245	0.145540537374452	1.78790243600455	1028.4
254.87196	0.146736359532657	-1.88455689817223	990.6
463.28351	0.147927653159711	1.79117915281905	94.2
192.03378	0.148950550002191	-1.7665663842246	403.2
767.41267	0.149476509887095	1.91715419822027	960.6
202.07221	0.149938331959866	1.76454967938638	418.2
243.09869	0.150398203062794	-1.7969151755489	574.8
152.92723	0.151649990889191	1.76487147785362	580.2
231.0987	0.15233571207462	-1.78059937233236	492
261.10927	0.152794290935866	-1.74823398475647	574.8
276.86118	0.153521767496402	1.75017340937833	586.2
341.19577	0.153521767496402	-1.74726676237012	81.6
164.83962	0.153897531412824	1.7471839836324	410.4
117.01938	0.155049689468692	1.79908987693175	552.6
765.56913	0.155049689468692	-1.74238302679655	160.8
368.0996	0.155293186277979	1.90113729984246	439.8
763.56104	0.155611271168789	-1.83011748608838	93
193.02382	0.156114549870513	1.77007981011321	677.4
430.73987	0.156114549870513	-1.85152314809622	991.8
502.16728	0.156114549870513	1.8267030614671	174
170.84717	0.15700821455889	1.76215227274988	411.6
317.01591	0.158913112704089	-1.73023644900302	274.8
131.89012	0.159407072736151	1.73498520864703	413.4
167.85165	0.159434801726697	1.75689738225569	371.4
172.0467	0.160235990605788	-1.76211616585191	382.8
72.98624	0.161122336245422	1.76390796943664	990.6
169.09833	0.161578337270768	1.81601735513836	109.8
385.17266	0.161578337270768	-1.71588525301586	162
129.89301	0.161881895209142	1.72746343454066	413.4
283.11096	0.164214613547075	1.70880381472793	82.8
156.01322	0.166301990469583	-1.69067908089523	271.8
239.00383	0.166791439559224	-1.7937247621874	405
323.04815	0.166791439559224	-1.70116008149084	577.8
145.99869	0.166798076395945	1.69708741646179	519
336.87792	0.167284186236862	1.75286018822301	648
261.97881	0.168607105057671	1.7487719562905	463.8
151.0261	0.169038088967126	1.74773492331175	403.2
479.29756	0.169342738723879	1.71721021777431	94.2
237.12461	0.169353729200214	1.67757306032319	96.6
249.05517	0.169558912249889	1.74757085248726	500.4
312.01151	0.172898331370721	-1.73790444538746	364.2
199.0375	0.175448735124029	-1.81361186905633	481.2
169.98629	0.175869417662671	-1.668962147654	538.8
84.9512	0.175996017727797	-1.72924653696056	207.6
266.96788	0.17631829655761	1.69331985917426	591.6
198.91805	0.176622170790451	1.64798170106302	910.8
584.35704	0.177062539186316	1.68174912494504	94.2
154.96578	0.177413819793301	1.71038159159476	665.4
139.97559	0.179151504337227	1.67095038723631	988.8
571.28874	0.179151504337227	-1.72968285714423	91.8
386.18214	0.179676130926688	1.71263177001551	88.8
744.08439	0.180106831827037	1.6510956014082	637.2
206.04688	0.180813406638166	1.71214095171413	370.2
302.007	0.180863294957391	1.64213500153865	372
96.94062	0.181031670238461	1.62907066891215	651
130.88932	0.181031670238461	1.65115795179435	413.4
132.88646	0.181031670238461	1.65236487538041	413.4
616.47169	0.181031670238461	-1.76545847004156	160.8
764.56472	0.181031670238461	-1.75251473427966	160.8
128.89227	0.181050185558413	1.64718509381306	413.4
350.87051	0.181067480999819	1.63868869646771	1028.4
474.28631	0.181735624781731	1.66625883496479	80.4
154.91558	0.182749945367807	1.62170173674151	988.8
169.84972	0.182749945367807	1.64819225612973	371.4
344.96479	0.182749945367807	1.62236716617327	540
554.30976	0.182749945367807	-1.66780731534983	95.4
490.13234	0.183433671483711	-1.62385471032712	336.6
198.90872	0.183730395817185	1.64625309543471	649.8
363.01647	0.183730395817185	-1.63863865680012	273.6
171.02003	0.183840902135948	-1.64423408256134	503.4
355.16799	0.184338013690348	1.67009896156484	88.8
218.91403	0.184773092504739	-1.65306240195101	990.6
459.07383	0.185474670557978	-1.75664855545621	348
221.15462	0.186422271775394	1.60801878570197	85.2
437.28681	0.18670274943215	-1.67247051016399	95.4
839.5633	0.18753562060126	-1.7071118781962	79.2
155.91896	0.187972048361399	1.60723250197377	988.8
596.6682	0.188068641065311	1.61416265729197	993.6
447.13448	0.188345602297831	1.70248471799605	84.6
754.08171	0.188432955565769	1.71058664268281	960.6
282.08458	0.188434595295676	-1.65998891825978	607.2
214.03339	0.189181405334858	-1.62355384935289	473.4
77.01284	0.189215565939761	-1.59591141295055	142.8
132.03028	0.190178315451703	-1.64525625595522	611.4
250.93968	0.192513674708304	-1.72384868573798	964.2
335.00317	0.19353209872073	1.5902464354527	531
153.03063	0.193799416300519	1.61958688250096	347.4
734.57959	0.194540299834422	-1.66096879643324	994.8
110.98522	0.194594682574286	-1.58232831544615	519
194.90589	0.194594682574286	-1.66621255450664	761.4
460.75426	0.195887893008674	1.57295452840555	990.6
219.10275	0.196381235208526	-1.58024096896524	88.8
146.96606	0.205140258399438	-1.54808550191211	245.4
347.10337	0.205703970571275	1.53868667721909	449.4
177.03396	0.209177232729142	1.54973803173209	512.4
244.06578	0.209299492806083	1.61892526619925	347.4
156.91979	0.209516343462779	1.56025683505239	988.8
227.09264	0.210745160725609	1.52452652825171	164.4
356.17156	0.211349911539649	1.55804407053192	88.8
613.16022	0.211533943671778	1.52430857710219	511.2
894.47221	0.212042855393099	-1.5695622973908	994.8
175.03788	0.212084763412005	-1.63165829883851	532.2
223.9565	0.212200723470131	-1.53747615021704	394.8
198.91799	0.212619868787431	1.58682076431047	690
129.54068	0.213218706980662	-1.59154248587368	511.2
404.9996	0.213400159724374	-1.52312346555812	610.2
243.06238	0.213554689550936	1.51489965089033	622.8
227.20182	0.214313955253309	1.60747358975635	157.8
234.80307	0.214919886413641	-1.50782078263501	405
492.34616	0.215931071125038	1.51961912324412	93
432.57679	0.216295500151447	1.52019625971698	456.6
157.07721	0.216790317171596	-1.51152389939259	263.4
158.85137	0.216790317171596	1.54716839275389	371.4
385.17882	0.216790317171596	1.55130080522455	88.8
303.00205	0.217053437932591	-1.52485007901916	426
436.28345	0.217176105132428	-1.54179817428752	95.4
166.83549	0.219187729077059	1.49269513641345	410.4
913.57976	0.219350810052857	-1.57222250788727	78
291.89535	0.220080691304611	1.53003292257399	961.8
224.91577	0.22018182175751	1.5309087758756	965.4
190.00989	0.220643469250039	-1.49254521877042	273.6
371.53855	0.222576718483618	1.52022586746461	637.2
250.05887	0.222584265285501	1.52410534955174	499.2
367.99854	0.223191248745037	1.47903533581662	512.4
184.95486	0.224208611785903	1.4779712802179	678.6
443.10742	0.224550167506819	-1.54131971480979	234
116.98565	0.225468825664825	1.55527058229135	990.6
194.90056	0.226937278662382	-1.57327394020717	671.4
303.02365	0.227026775690447	1.46749929980814	537.6
136.89179	0.227848228521285	-1.51894955253624	396.6
207.97885	0.228791006988794	-1.51444990633158	396.6
476.72821	0.231117720967803	-1.51319140441097	991.8
306.07681	0.232608056855851	-1.49451217295524	409.2
296.82027	0.233659302245178	1.45989717634605	675.6
389.17704	0.233914683407968	1.47569229425714	580.2
474.73018	0.233914683407968	-1.52784673779452	991.8
134.89477	0.234840469071672	-1.50477629418674	396.6
618.65009	0.235158536393524	1.44036791099173	993.6
346.05605	0.235562262752847	1.4389608592223	410.4
394.78265	0.235562262752847	-1.4881591337896	991.8
383.08376	0.235955597406902	-1.55227732881242	529.2
135.89481	0.237481110292148	-1.49384668368433	396.6
336.12052	0.237752297884654	1.45883053899631	402
250.05032	0.238468349640651	1.45651733861054	409.2
233.79968	0.239427882614488	-1.5020211238906	405
328.16869	0.239552887300245	-1.46539131683772	402
342.96949	0.239934687027414	1.42485269382164	540
724.52828	0.240669015705057	-1.53358756237712	87.6
249.04951	0.24135755384476	1.42590985871198	249.6
160.84948	0.241419418310831	1.4675551411004	370.2
307.08049	0.241718156152799	-1.4266442767607	409.2
224.88941	0.241965213937828	1.41848577284131	984.6
392.78474	0.24209324543677	-1.50298343393974	993.6
281.1121	0.242626803857938	-1.41755362147141	283.2
209.97599	0.242703350199105	-1.50428919915435	396.6
118.95767	0.242726368391113	1.41628681848179	990.6
298.13782	0.243042889315345	1.4146489815847	103.2
206.04687	0.2444365207933	-1.47236705566182	58.8
199.00147	0.244525215978764	-1.43599356646429	449.4
365.13547	0.244662722087276	-1.41064615010486	504.6
97.98386	0.24483749584194	1.41785666129719	990.6
312.01153	0.24526267953714	-1.41008062656327	1249.8
216.9286	0.246101118554437	1.4037205431947	817.8
297.13449	0.246101118554437	1.40483104023462	103.8
307.11235	0.246374543443491	1.47324936350167	97.8
323.11408	0.246374543443491	-1.40687185589087	90.6
202.94615	0.247333932824953	1.4207495087838	983.4
538.70196	0.248576178485609	1.4194667580292	991.8
132.9003	0.249896269814795	-1.44847855359731	396.6
156.91362	0.253269815387382	1.38371449087283	988.8
152.93614	0.253977237356357	1.38141493247939	991.8
146.08233	0.254101293072313	-1.4128881586141	415.8
616.47162	0.254793673900843	-1.44455365476435	93
500.70805	0.255324788624761	1.38229999030107	991.8
287.09996	0.257995449540868	-1.42406141794058	597.6
554.31002	0.258028105887781	-1.37216028161722	164.4
418.76216	0.25814688652004	1.37252422939309	990.6
251.46994	0.258727855091966	-1.37261399491537	679.8
187.13403	0.258981108518764	-1.44479596719267	160.8
618.25222	0.25912891480002	-1.39730576123371	508.8
171.83167	0.259368848475956	-1.40514549464092	397.8
228.80384	0.260120433222505	-1.37741256083287	405
795.55731	0.260124878586714	-1.37591904088109	155.4
197.89496	0.261081273490765	1.42925868485147	600.6
103.04013	0.262666155589694	1.37801369136278	241.2
137.89188	0.263053843799051	-1.41070147351495	397.2
176.92673	0.263528409780605	1.40430223243596	648
322.0446	0.264632665073679	-1.36001308688607	576.6
116.00699	0.264633140402237	-1.37956446585095	586.2
614.16317	0.265259035468209	1.34693806411871	511.2
391.12956	0.265835467581396	-1.35258542824112	334.8
492.31013	0.266121925005941	1.42137242072952	94.2
194.00469	0.266198647536208	1.34398077138037	547.2
363.05496	0.268231419372242	-1.36319978873872	607.8
134.999	0.268400602250748	-1.43360281108312	246
429.03047	0.269066879647765	-1.33817129897346	548.4
178.06701	0.270287044879879	1.41424793393966	13.2
377.14067	0.270906318303112	-1.33409549472305	993.6
294.98798	0.271512765643244	1.34466802012698	534.6
116.99365	0.273471040646822	1.32504623874232	990.6
158.0435	0.276409808541877	-1.37174014281233	472.2
198.91803	0.276624161480974	1.37085051521165	764.4
724.52193	0.276633026592203	-1.32640023525625	86.4
179.05625	0.277268336308549	1.40216554272683	439.8
369.08522	0.277767263151819	1.31242166504339	449.4
232.92483	0.278309734878355	1.3115635753879	411.6
844.56974	0.278494216541485	-1.40200716473272	87.6
687.41165	0.281027380759094	-1.36140478181403	81.6
185.57647	0.281930793195516	-1.31472392820601	164.4
396.08147	0.282728388411315	1.32043513498406	345
185.07471	0.284918275781945	-1.36245842442749	82.2
362.05099	0.288705913641876	-1.30643504649896	607.8
190.09558	0.290021070275781	-1.29231895226024	89.4
87.04515	0.290947064862498	-1.29832710151201	90.6
97.0295	0.290947064862498	-1.29032342607982	88.8
185.07475	0.290947064862498	-1.27894983152077	164.4
253.09314	0.290947064862498	-1.36029661549856	427.2
127.99639	0.292061267957327	-1.35282979230327	274.8
230.80135	0.292780201078221	-1.27532086253721	403.2
364.0557	0.293962710700689	-1.30654048223601	607.8
764.52325	0.296421712153491	1.29559421341577	123
197.80798	0.296551031668995	-1.31728902993826	397.8
192.58422	0.297791434985123	-1.30375262970405	162
494.32589	0.299063186594375	1.26165118539475	95.4
671.41722	0.29970410538978	-1.30565660219118	81.6
420.99521	0.302561231730744	-1.29884964392697	552.6
409.14006	0.30340629266152	1.28441955755893	339
248.0577	0.303773850472577	1.28354613129793	462
198.9053	0.303774874842788	1.24993004894738	988.8
776.56088	0.303903080852764	-1.25226227811856	136.2
170.82944	0.304134613485725	1.24358851985092	410.4
391.57171	0.305916390649482	-1.26383340296709	405
75.00856	0.306415559279821	-1.23900677595	142.8
260.89262	0.306417752198961	1.28213924343176	790.2
213.09237	0.307491369647053	-1.23924437372026	88.8
174.07719	0.3079204769105	1.31083801695836	504.6
74.96763	0.308668667918039	1.2352563040586	990.6
788.54584	0.310701191216417	-1.28668931486812	80.4
378.76923	0.310995744045695	-1.22900042320868	990.6
91.03021	0.311894384293263	1.22365926338261	340.8
536.72935	0.312064021821006	-1.24817954452225	991.8
207.13918	0.31426579477506	1.22363866852766	87.6
476.27872	0.314395031341459	-1.22212177584707	94.8
257.07853	0.314544960429659	-1.22271230617743	507
265.14808	0.316274232033041	1.24655589343053	442.2
482.25482	0.316274232033041	-1.2401775486596	169.8
911.5653	0.316274232033041	-1.25936339792475	78
180.52173	0.323194507845084	-1.19818652294387	607.8
390.28657	0.324446628831797	1.2476724285538	87.6
794.55479	0.324748436182029	-1.22915649457116	155.4
99.92588	0.326045074041689	-1.25293094213648	61.8
228.93196	0.328042355075603	1.23998152964251	57.6
481.00112	0.328738315975169	-1.20977141356502	601.8
281.08945	0.328863965373831	1.18281869143027	179.4
457.248	0.328863965373831	1.23125918562993	463.8
265.06361	0.32901013455587	1.19383946773354	339
192.91973	0.329054367830121	-1.20332367274003	820.8
207.13921	0.329054367830121	1.20715720378297	1156.8
156.96354	0.330356947382883	1.1901653736948	234
163.06139	0.3315508098651	1.17611442732545	103.2
384.11817	0.331706799754664	-1.17599192618558	452.4
836.54341	0.331706799754664	-1.20091352079421	78
194.94659	0.332163118711368	1.20794929589856	765.6
482.98036	0.333493051108818	-1.19275902356024	684
203.06743	0.334518699982436	-1.16844328878119	561
460.02833	0.335277343257495	1.1671033987133	607.2
428.02674	0.33600291757056	-1.16569809229292	549.6
238.10868	0.337059378493576	-1.21920993317895	157.8
308.11593	0.337059378493576	1.21431322910813	97.8
346.89125	0.337059378493576	1.16213707182499	409.2
543.95166	0.337059378493576	-1.17041094435866	712.2
236.79971	0.33859629723847	-1.16926022850863	403.2
838.55886	0.339165996272739	-1.19931507024386	79.2
270.7983	0.341704730797148	1.17246282630651	405
117.92875	0.342031110213381	1.17577318103138	441.6
95.98577	0.345234738627417	1.15473264429248	990.6
450.29917	0.345234738627417	-1.14323004851528	163.2
132.86795	0.345858471367197	-1.14699988087287	1308.6
244.90608	0.345950050374797	-1.20748606686033	1028.4
238.86497	0.346918278155417	-1.18597052440431	990.6
525.30334	0.348737431920923	-1.13805333451975	165.6
339.32677	0.350385735640011	1.15039529576369	80.4
292.99264	0.350521111071959	1.13412094652148	535.2
146.02481	0.350575393926093	-1.13419912013026	500.4
133.06592	0.351538715768233	-1.12917622490878	88.8
483.96533	0.35309559822147	1.12615674138903	659.4
144.03028	0.356069525995973	-1.12597601597568	291.6
134.92559	0.356487059086988	1.12202095401873	991.8
109.04075	0.357297366082475	1.11715629756977	339
118.02271	0.357310527726305	1.13762971155149	552.6
535.03755	0.357501012399799	-1.16979702628925	596.4
261.07294	0.358320542128676	1.16847211863296	519
372.04022	0.358497972974902	1.11742822830049	637.2
216.92856	0.358610939499418	1.14991122937513	688.2
116.95961	0.358792369642231	1.11056704960484	990.6
482.96173	0.36007936938895	1.1100585695239	659.4
473.28295	0.360967272817892	1.12139811788579	142.8
312.01158	0.36136417125383	-1.13007290349681	1176
201.09209	0.361423662667694	-1.10451099105229	89.4
317.07901	0.364635770188754	-1.10702379586352	274.8
167.07139	0.366239138281585	1.09482351213329	81.6
157.12344	0.366830642677279	1.09574890272389	91.8
145.05067	0.367446402562076	-1.09512191612728	88.8
238.80184	0.367675604633117	-1.13552803160228	405
742.53943	0.367675604633117	-1.13106283242831	88.8
307.1555	0.367836668314442	-1.14997803082427	85.2
178.56872	0.369728371254707	-1.08651737451942	165.6
334.87983	0.373004252153823	1.11293905266284	588
101.02441	0.375810571513701	1.10601823838184	564
280.12728	0.378279756703961	-1.0706213561265	88.8
394.27056	0.378972974441093	-1.10896282669278	79.2
534.48983	0.379180493109418	-1.12135751453152	83.4
85.02947	0.379735064754246	-1.06992492085721	88.8
120.99658	0.380429807550885	-1.07769919668159	1309.8
225.16906	0.380632507825188	-1.08535097975374	167.4
736.57726	0.380632507825188	-1.08320222515211	994.8
154.08748	0.382964826631756	-1.0602692339164	163.2
326.18799	0.382964826631756	-1.05735271122691	156.6
189.09214	0.383011746658216	-1.05792178506147	88.8
396.24763	0.384426856680148	-1.07520993846348	82.8
448.13787	0.384426856680148	1.10412726136677	84
745.08724	0.385106075604453	1.06584224316895	637.2
86.0328	0.38628314473334	-1.0791231486629	88.8
395.24405	0.387058818348929	-1.07697838198448	82.8
230.99118000000001	0.387977294701496	1.04966465674963	587.4
402.99527	0.388960316352816	-1.09719221151238	664.2
764.564	0.390265011868682	-1.07843261291432	93
471.07079	0.390682817742671	-1.06538226443207	493.8
419.93353	0.392309920758697	1.07527752982478	403.2
453.10386	0.39259993484258	1.05272976852539	340.8
301.16596	0.393707074331087	1.03974086120514	90.6
789.54902	0.395361948108263	-1.05774438413577	79.8
170.83319	0.396230074822545	-1.05496797486493	409.2
195.90593	0.396587429011158	-1.02784759436112	761.4
116.92559	0.397848609921054	1.03287379224201	990.6
279.12397	0.398179508789941	-1.02661426069593	88.8
117.92873	0.399448676224491	1.02266201232002	231.6
294.04872	0.399946548582485	-1.06965916306647	246.6
341.04335	0.405385851275592	1.01560454034458	846.6
161.91378	0.405661508764429	1.01068606353591	243.6
285.2709	0.408287383428365	1.00904976215904	85.2
508.1495	0.408287383428365	1.02753893278934	339
415.20342	0.408921881911439	1.00346891229183	88.8
418.04029	0.409067976738943	-1.001570224637	739.8
524.29988	0.409067976738943	1.03669441676144	88.8
174.94683	0.411401540999482	1.00711875312233	579
192.91975	0.41342085320268	1.00019703312043	922.2
503.94515	0.413889900816917	-1.01190568492442	679.8
266.90065	0.415376829027542	-0.988959684797469	645.6
298.11449	0.415376829027542	1.0077721798946	473.4
506.92871	0.415764537646862	-1.00808566265464	660
192.08266	0.420468404039785	-0.980345990024913	79.2
146.05406	0.421597690604653	-0.977316419410358	88.8
481.24544	0.421852029435132	0.990517128619024	441
272.83784000000003	0.421869066996967	-0.998726612680835	993.6
393.76901	0.421869066996967	-1.0032482272965	79.2
226.18159	0.421999732184606	0.983776298873751	94.2
315.02353	0.422042535894118	0.989512445015884	174
335.14327	0.422042535894118	-0.978903160389056	406.2
99.92588	0.422310088683922	-1.02157148324445	413.4
283.13701	0.422310088683922	-0.973897179048986	84
283.26439	0.42315787616803	0.974717469688569	85.2
205.07516	0.426616197751343	0.972957216046239	409.2
260.89264	0.4266915592899	0.968244088448023	874.2
284.26771	0.426838347464316	0.966620829421438	85.2
450.2629	0.426838347464316	-0.974607978399155	96.6
150.98023	0.428363190507339	0.971127696245667	593.4
210.88195	0.4285222439071	0.960622886576067	990.6
435.11928	0.428554004879951	-0.967910347851874	340.8
341.02715	0.429446730479187	-0.971604157709906	398.4
158.12684	0.429793072076156	0.957470356410476	92.4
111.03307	0.430314033883206	0.956275987868644	339
299.11801	0.434861200401591	0.964782890127796	473.4
134.91604	0.437531697027189	-0.949389226751708	991.8
909.54946	0.438436854390062	-0.977328168409262	78
174.96263	0.438592285007621	0.948428349472088	984.6
199.59216	0.438592285007621	-0.94047059696872	162
493.94641	0.438592285007621	-0.97070787413965	658.2
323.07376	0.439151115185572	-0.98133810491053	349.2
438.27091	0.439662666393718	0.938033387210023	94.2
373.10868	0.439668221680985	0.938110347584097	234
117.92876	0.44097220925225	0.971394300072505	364.2
162.95348	0.44097220925225	-0.934866370921999	991.8
583.34489	0.441591401917083	0.938202947372471	94.2
200.90346	0.442324982576255	0.93369516999542	988.8
136.94967	0.442756912307452	0.957138052795161	714
72.96947	0.443550145426362	0.929558485204897	990.6
381.99619	0.443550145426362	0.95216834595656	338.4
235.01999	0.443700318797998	-0.971868107043534	350.4
434.73592	0.445824639051708	-0.949087892540544	991.8
205.15977	0.447367081342056	-0.921595630949193	90.6
266.80412	0.448331058570775	0.920344851357739	405
127.04011	0.45346886345409	-0.911048189984249	88.8
152.07178	0.46058112442939	-0.898600929814279	163.2
179.88441	0.46189973747318	-0.908807648715963	594.6
243.07558	0.462214029732571	0.896268115415677	339
179.88462	0.462516679575681	-0.930242819718215	671.4
115.04008	0.463676604271432	-0.898954307998828	88.8
436.77397	0.464899140348181	-0.914296142196649	990.6
837.54779	0.467441793219164	-0.914746052758732	78
485.16422	0.468326912671665	0.892539848336844	339
612.27006	0.468562535634914	-0.889486363474899	739.8
117.96292	0.469310702542742	0.882584221772315	990.6
286.27366	0.469310702542742	0.892036853213741	85.2
287.04985	0.469310702542742	0.882346816929867	537.6
281.12981	0.470425653971425	-0.881534899313762	88.8
231.95553	0.473797447574438	0.878336663869787	540
374.77343	0.473797447574438	-0.878385305740164	990.6
328.87937	0.474132503014969	0.871831420314995	964.2
127.99639	0.474396464124816	0.902708370171199	519
220.10616	0.476670828914206	-0.868102515595467	88.8
135.01847	0.476690716213673	0.888669250179628	586.2
194.89103	0.478130012760152	0.866068603303017	654
337.14018	0.479825319026234	-0.862804564059398	407.4
155.00999	0.480972314460851	-0.859763669330879	271.8
255.03253	0.482104844845517	0.882603711315039	172.8
257.23973	0.482104844845517	0.864899241326198	86.4
383.11462	0.48215737147306	-0.856397694362537	452.4
132.97299	0.482400357646137	-0.867280437122469	586.2
146.02486	0.482792149381489	-0.874216809533608	10.2
522.94172	0.482975353535632	-0.861860401450216	660
198.95441	0.485976827058378	0.8515093814127	409.2
191.05614	0.486425332785061	0.861726499654678	507
197.05661	0.486425332785061	-0.848141500969938	510
368.98882	0.486425332785061	-0.850589491441168	510
258.83733	0.487111162752889	0.845458244980683	407.4
311.29579	0.487111162752889	0.847015960865974	82.8
536.04086	0.487111162752889	-0.857341591319558	596.4
384.14321	0.487293830504986	-0.853052572757619	420
278.1879	0.487459293301577	-0.862875271891686	156.6
416.76135	0.488238354860427	-0.865435897527257	78
601.32629	0.489174109644874	-0.843007839199857	90.6
154.88085	0.489322705458956	-0.840182909223953	406.2
420.02164	0.489322705458956	0.848791459859054	577.8
647.06458	0.489540392423767	0.853694409126341	549.6
558.06445	0.490455275263441	-0.837654310385829	546
200.08837	0.493849287817549	-0.833335803387766	160.8
239.14031	0.493849287817549	0.861606556323864	157.8
371.15694	0.494105363045889	-0.83100269943911	164.4
255.23319	0.494677732805137	0.835884132302046	86.4
117.92877	0.495275375192838	-0.84330439744485	38.4
672.42019	0.495825407684646	-0.833653554789052	81.6
219.17547	0.496200644811713	-0.828622974595481	91.8
767.54389	0.498921650025374	-0.843304728008996	130.8
251.20171	0.499068338218371	0.83197771844898	86.4
265.14816	0.499068338218371	-0.845186069741619	157.8
280.0344	0.50030500823766	0.818799190230694	339
317.02893	0.50030500823766	-0.822816489576515	571.8
256.23649	0.500423124945999	0.824129925224244	86.4
554.67591	0.500837027938386	-0.817690220168698	993.6
286.91222	0.502903835624253	0.814738152738694	410.4
101.06082	0.506221949850141	0.807657562436265	166.2
372.10507	0.506221949850141	0.808145351737853	234
743.54224	0.506221949850141	-0.81862228499542	92.4
822.57786	0.507140833423837	0.811723792520661	151.2
216.92862	0.507897106520666	0.807688422330159	764.4
138.05615	0.50866170363176	0.830392417471706	172.8
417.76894	0.509781808470457	-0.829598809141738	78
152.53458	0.50989903603179	0.801188033724832	511.2
132.94641	0.509945576260107	0.806912133256562	410.4
72.95269	0.510069771060821	-0.803742089172373	990.6
340.05525	0.510069771060821	-0.819878394305781	339.6
300.95059	0.512015664185678	-0.80865163620203	661.2
190.07222	0.512103807283581	0.79959456435336	214.2
504.93007	0.517401315105488	-0.799413079201197	659.4
272.79535	0.517762205841308	0.807117734929271	405
260.89264	0.52013415318072	0.782854557242784	928.2
297.15319	0.521693253953688	0.795783786791108	4.2
236.8613	0.522874899161055	0.78380907942853	990.6
379.1015	0.52290187361766	-0.804000167253315	441
206.95	0.524323817731318	-0.775396351055619	57.6
886.55349	0.525628803066399	-0.787497980741685	78
134.94345	0.526328487543069	0.777769765634875	410.4
413.12378	0.528714144547119	-0.767842942159403	346.2
338.31475	0.529992679443846	0.764922270492079	81.6
378.09779	0.529992679443846	-0.765319825485468	441
206.16308	0.53049958018584	-0.763286581152327	90.6
303.01492	0.531543023784272	0.765694618446762	538.8
376.77136	0.531543023784272	-0.761443615553632	990.6
795.55859	0.534379314004624	-0.768254273203518	155.4
156.93972	0.535246778389999	-0.755711433214977	993.6
200.90929	0.535246778389999	0.762638754041856	988.8
216.85389	0.535246778389999	-0.76183918472283	745.2
293.83133	0.536090541479761	-0.752887198818581	990.6
158.98885	0.537291109086789	-0.764936065711295	963
421.00575	0.538345083958449	0.765626022795614	579
87.04519	0.538609988503961	0.75218519735253	168.6
288.05335	0.538609988503961	0.749208095833744	537.6
484.96624	0.538609988503961	0.750705061410716	659.4
310.87804	0.539141391831681	-0.769530260827501	1028.4
521.95762	0.541856556246444	-0.747919369793588	681
584.35714	0.542410655820771	0.740607340765068	162
78.95894	0.546756616356578	-0.741414599557682	410.4
258.24139	0.546756616356578	0.73398978208625	86.4
385.09322	0.546756616356578	0.73510993073585	167.4
274.87261	0.549024403820611	-0.731821971577439	675.6
421.22689	0.549024403820611	0.73010044478379	80.4
885.54995	0.550089220038413	-0.742198724394558	78
321.08738	0.55143748525588	0.727079605608113	521.4
403.99882	0.554676190540802	-0.722688148292834	610.2
152.92729	0.556225009875603	0.719064754125355	793.2
179.04622	0.556453083964751	0.725544569722398	511.2
406.00192	0.556453083964751	-0.719133261762076	508.8
230.52989	0.556673930964856	-0.716970505544099	678.6
421.93052	0.55735378683065	0.715053921555117	403.2
348.10662	0.558923304063718	0.71171069944139	451.2
187.10879	0.559479883289847	0.725976866408767	407.4
171.02017	0.559775467119581	-0.70971554529129	742.8
402.99509	0.559775467119581	-0.713808682976998	610.2
494.44737	0.559877138898123	-0.716880048133083	658.2
96.96064	0.560016390915902	-0.734836803810162	587.4
146.96607	0.563071224482605	-0.708542566494352	4.8
260.90575	0.565646545066558	-0.702115425184717	990.6
520.27026	0.568028790472821	0.707845757291963	339
485.96886	0.569336232890128	0.694025909590972	659.4
669.29674	0.569336232890128	0.695189527011926	79.2
133.05073	0.569782522033147	0.696973397675186	197.4
271.10234	0.569782522033147	-0.692777583720614	477
423.92745	0.570532066658187	0.696048042969609	403.2
442.22465	0.573155182472164	-0.69203002249815	273.6
598.28348	0.573155182472164	0.69627029282747	510
111.03938	0.574238005159843	0.686883146473659	339.6
169.83421	0.575472351715123	-0.68629173570684	397.8
238.85946	0.576597466235083	0.687686690612194	990.6
361.99635	0.57793569149422	0.678661956916506	511.2
253.21772	0.578039867907873	0.692652706299335	85.2
312.29936	0.579571400937545	0.679199574365228	82.8
118.96366	0.579703574615805	0.675951970908302	990.6
132.86797	0.581672181471354	-0.679100245219486	407.4
98.95588	0.583760440629957	0.687428481604734	585
234.87239	0.584340005834566	0.667914613515371	58.8
155.97596	0.585426111263731	-0.665280962866908	473.4
337.82119	0.585426111263731	0.667296491262815	990.6
125.96523	0.5855326530497	0.664342372669569	540
848.60236	0.586124005969942	-0.685770088889097	155.4
132.86792	0.588226719295194	-0.671631416253065	142.8
155.91128	0.588226719295194	0.670009036853876	411.6
78.9589	0.58837540042041	0.666578535042768	529.2
238.79663	0.589041129540339	-0.667521600950186	405.6
212.83946	0.590456427340945	0.657312565095497	406.2
279.18038	0.592538448498337	-0.653080108568345	156.6
152.88372	0.594148128125128	0.649891026258941	406.2
160.84216	0.594148128125128	-0.651148970927161	409.2
129.01943	0.594321244726278	0.666291975883615	652.8
539.8797	0.595183857626508	0.653180699236068	659.4
299.14003	0.595390923383021	0.650499527630585	163.2
264.06044	0.595582032594502	0.647539427262583	340.8
143.97589	0.596319254698161	0.646703662557344	540
210.84239	0.597180630016371	0.643232649159908	406.2
146.02484	0.598038358857915	-0.652078079568114	385.2
76.01195	0.598084718060482	-0.641020202600454	142.8
355.09823	0.598084718060482	0.64087893973843	57.6
194.94663	0.598227547103646	0.648109700451554	919.2
109.02946	0.59858895368865	-0.639211907968318	90.6
178.06697	0.59858895368865	-0.639352161718847	165.6
873.60412	0.598992551569688	0.651110882666867	90.6
490.28132	0.599070280352079	-0.650022165658307	78.6
216.92863	0.601965138076804	0.638536390320665	912
150.88657	0.603704136358925	-0.634154061339336	405.6
190.89202	0.606816823428885	0.627468791360803	991.8
359.08622	0.609262878957707	-0.622555503422599	574.8
505.98889	0.612555392316904	0.61830909276515	108
351.15563	0.612824719656232	0.628901399629442	406.2
431.12179	0.613387709395258	0.615295232852858	340.8
834.52727	0.613387709395258	-0.616767178336447	78.6
121.04077	0.616492447080442	0.61344335756231	164.4
191.01988	0.616492447080442	0.624449150939586	679.8
136.94968	0.616852638719489	-0.609898033188445	792.6
407.22071	0.616852638719489	-0.621905520584958	95.4
179.05619	0.618301562524827	-0.607331298282377	948.6
210.08848	0.618301562524827	0.620618647251902	511.2
217.91927	0.618301562524827	-0.609438154413667	990.6
136.86327	0.618731416810088	-0.607059230278634	142.8
176.05648	0.618731416810088	0.608257737489681	277.8
194.94654	0.620081924807228	0.603092810384953	681
197.89507	0.620081924807228	-0.615565036769935	672.6
241.92938	0.620523240899024	-0.60943792151709	394.8
111.00884	0.622991956611487	-0.615355935370489	678.6
599.2867	0.627102145829329	0.60244861642979	510
134.86501	0.62822013978439	-0.596760266177613	142.8
453.16646	0.62822013978439	0.591561395386976	339.6
183.09283	0.629801267442806	0.58677328063807	216
174.93749	0.630158727556942	0.585954840764417	652.8
836.54124	0.636882485453518	-0.577214672968458	79.2
110.03603	0.638198951914125	0.576590764880364	339
185.97152	0.63836982743121	-0.579978052698889	964.2
242.07857	0.639282238148069	0.574115001509053	339
413.19719	0.639282238148069	0.571720001278785	88.8
251.96196	0.643230188732039	-0.567234580793474	659.4
469.98623	0.643352698484843	-0.575291602873792	561
744.55571	0.643352698484843	0.569506336425655	152.4
90.97145	0.64528216318496	-0.568075959800238	933.6
457.88814	0.647136131310541	0.559410673785058	576.6
240.8576	0.648826502185098	0.55898069994709	990.6
389.17747	0.649553698136849	-0.557350723073457	673.8
531.91967	0.651191690406513	-0.559715498718824	577.8
115.00368	0.651868063748631	0.557229163737633	586.2
186.02582	0.65196207009849	0.562670994084531	519
463.07097	0.65196207009849	-0.552741613892197	678.6
146.02485	0.653463515663154	-0.55000891051934	336
136.94955	0.656495422653444	0.547570700669977	580.2
361.97489	0.656495422653444	0.543559445432993	403.2
365.96832	0.660729241382235	-0.544991061981535	403.2
363.97186	0.663752940133098	0.532997377315271	403.2
265.14801	0.666020926464311	0.544453355279937	82.8
412.18417	0.666020926464311	-0.529837235855625	340.8
489.27797	0.669839375060419	-0.5382278202463	79.2
138.97075	0.669935225800784	-0.525103486863612	645.6
137.03572	0.670067203960389	0.53780002209012	170.4
378.80216	0.670067203960389	-0.527319539511901	1012.8
323.02874	0.677736104283176	-0.519329631473102	549.6
134.06928	0.677816311966892	-0.51134214751432	88.8
827.40171	0.679047214974701	-0.510405878882439	88.2
324.0323	0.680237644985509	-0.514343147226233	549.6
149.06079	0.681290161948261	0.507225294673744	164.4
171.02019	0.684365820906938	-0.502459000383689	1187.4
391.11903	0.684724808989312	-0.505841080428154	241.2
149.04691	0.68743063557269	0.496488042552712	187.8
254.69809	0.688186649753448	0.502696023980183	172.8
457.18712	0.688843564988931	-0.495456156782565	88.8
345.01064	0.689292307894526	0.49522843655653	551.4
105.936	0.689711712127759	0.492124161899807	181.2
146.02484	0.69150244724322	-0.490716670688787	262.2
190.89245	0.692935248740076	0.496247733272563	411.6
240.87108	0.692935248740076	-0.49160248289601	60
340.81333	0.692935248740076	-0.489577498302259	990.6
586.36328	0.692935248740076	0.486395962388002	162
266.15179	0.697926702937613	0.489512399292235	82.2
236.80487	0.698225744201215	-0.48397543562443	405
153.06709	0.699853349232235	0.478337701098172	510
443.24747	0.701925588421306	0.480770302068375	84
243.08173	0.704031379780464	0.471589169056085	339
157.90834	0.704931913448037	0.476249820869318	411.6
736.52973	0.707001892092992	0.466693504268199	89.4
237.8647	0.707611015596003	0.464024679835576	990.6
171.02016	0.708615922013126	-0.46216965965901	1271.4
484.04937	0.708615922013126	-0.462159290886947	678.6
349.16185	0.709673269429848	0.462988779267316	469.2
157.0368	0.71486769006844	-0.454989578306425	420
349.15878	0.71486769006844	0.456984146244905	407.4
146.9661	0.71492074866696	0.45575959044509	60
538.88166	0.714922840285056	0.452231177897706	658.2
226.99641	0.715347291109872	-0.451175213369369	593.4
458.19062	0.717295596272813	-0.452905244222837	89.4
152.92727	0.721927664479646	0.441595629094352	711
575.05912	0.721927664479646	0.4450164433707	403.2
588.07528	0.722563271970148	0.440415077053993	638.4
153.86873	0.724479552471913	-0.438420353618933	393.6
196.89493	0.724479552471913	-0.443150335756827	671.4
866.1608	0.724521972542894	0.44180696497544	456.6
252.46294	0.729752543209246	-0.430953260185785	659.4
534.28577	0.730539779545873	-0.428229999875039	339
489.10543	0.731001268195107	0.428302457911252	548.4
231.80291	0.731964361079426	-0.425717282027548	403.2
370.02468	0.733386754861316	0.424061901414597	340.8
310.12967	0.734775421260636	0.42297869954587	106.8
262.90743	0.736195266120958	0.419178871262737	964.2
208.93471	0.738469015391388	-0.415836513350324	406.2
305.21577	0.739048071199465	0.414483493131783	156.6
768.54886	0.739048071199465	-0.423455564028453	87.6
134.86542	0.742588538621706	-0.410890627369616	409.2
304.05296	0.7426245767782	0.409305293371513	340.8
171.0202	0.74345478193405	0.410005520962761	846.6
136.86319	0.743763945262892	-0.409592943093482	407.4
180.04164	0.743763945262892	0.414821597900782	203.4
559.98157	0.743763945262892	-0.410752654878562	741
234.97855	0.743820842252655	-0.408279806679499	520.2
845.57392	0.743820842252655	-0.408789555854393	88.2
111.00884	0.749633964357685	-0.407877722820541	741
369.99591	0.749838204021234	0.397854257884915	512.4
98.94915	0.750452826300715	-0.39847467669768	1207.8
784.15032	0.750844090454275	0.399907117831722	406.2
105.93601	0.754240555397139	0.390299672835897	60
278.18804	0.761164591183864	-0.387893495918417	90
505.93296	0.766258049139421	-0.375106898749943	659.4
584.26797	0.767295412612578	-0.372605907336653	510
163.06138	0.770009980000848	0.371238302839186	163.2
178.88443	0.770009980000848	0.374050245389058	671.4
297.13449	0.77316654460978	0.365888400507104	163.2
258.89174	0.773724129431152	0.36420431781103	925.2
171.0664	0.773733645853156	-0.366293054259201	165.6
196.92591	0.777216341876339	0.358352792204428	991.8
232.80131	0.777216341876339	-0.357534778201063	405
210.93172	0.778025513180899	-0.355862913005843	406.2
515.68133	0.778294178574321	-0.358242244056357	172.8
390.08197	0.779555934240152	0.360215707329071	439.8
194.90045	0.78173104005052	-0.35089332349009	600.6
136.86327	0.784242447000177	-0.346121387337726	1309.8
265.14822	0.784242447000177	0.349814871610672	14.4
611.14508	0.784775040670474	0.345456229536756	630.6
294.82569	0.785125781047296	0.344611421650498	990.6
145.01429	0.785136360680225	0.349356699032148	564
302.136	0.785932567543122	0.343617524787207	403.2
475.1484	0.785932567543122	0.342993722664556	339
231.03178	0.786026193166235	-0.342249518778403	678.6
849.60599	0.787227691557963	-0.340216434066183	155.4
124.99147	0.788078433206339	0.340615292725395	298.8
178.88433	0.788078433206339	0.338571819846165	596.4
140.97826	0.788189512256217	-0.338023614594405	58.8
344.03557	0.790566367642223	0.339701108120872	172.8
602.91923	0.793596238157677	0.332313654976025	660
612.14821	0.793596238157677	0.330221831218983	630
298.13781	0.793701494922996	0.331151162781087	163.2
112.93738	0.794258786104823	-0.329332047138291	771.6
178.06694	0.794701339096661	0.327875384045567	87.6
325.03318	0.79550090216993	-0.328937682328763	549.6
520.90815	0.799675025548587	-0.322768172123033	660
325.18459	0.80680215891593	-0.310411208890692	13.2
342.56718	0.80680215891593	0.309972999108514	283.2
850.60887	0.80680215891593	-0.317003417184638	155.4
156.92117	0.810156886764425	0.305878407780874	213
218.91978	0.810156886764425	0.305282695403525	990.6
174.93018	0.813123936357483	0.300856849646937	990.6
91.02212	0.817396960851225	-0.295071202145378	156.6
602.22388	0.818212680174914	0.296237431038043	552.6
551.11011	0.819757369601802	0.291847485180131	339
194.90589	0.820036712133199	-0.292348097862626	58.8
529.12848	0.820036712133199	0.290473684995219	339
152.92731	0.820892503989617	0.288509504047174	908.4
171.02015	0.820892503989617	0.289414491858622	1345.8
305.07421	0.820892503989617	0.288313585124027	340.8
537.50852	0.822577188053699	0.289880844211439	84
300.85969	0.824950401518642	-0.2827464071961	990.6
794.54672	0.824950401518642	-0.282773988247178	89.4
297.15305	0.826251698291723	-0.28352944319067	183.6
311.16901	0.834201466712644	-0.271185729643055	13.2
822.57694	0.834667786223208	-0.270747743388495	90.6
116.93356	0.837189712902287	-0.265004697646212	990.6
312.01154	0.837189712902287	-0.266107657301395	1313.4
686.14114	0.838061338451005	0.263226744219145	284.4
85.02951	0.839568794170237	-0.266252379075783	651
115.07649	0.841983461608011	-0.257415014941367	164.4
123.90211	0.841983461608011	0.256889943461035	387
154.91585	0.841983461608011	-0.262284128005758	411.6
192.88946	0.842972282255079	0.255765763443291	411.6
254.22134	0.842972282255079	-0.25463272932127	85.2
462.06734	0.842972282255079	-0.256016013418269	678.6
698.2948	0.845790501393859	0.251686912802924	81.6
716.52416	0.845790501393859	-0.25492371530254	93
296.82372	0.846388510217398	0.249369397335507	990.6
179.05629	0.847857202643078	-0.24773001876475	1116
293.17596	0.849650622899407	0.244545275721362	156.6
658.66772	0.852104320244158	0.240844583070101	993.6
118.94209	0.853143559968833	-0.240615839816946	651
312.01152	0.854416184327684	0.237922640214978	57.6
146.0248	0.854620215386635	0.236651067382763	90.6
463.30263	0.855450109715744	-0.235174330303363	162
74.97375	0.855522815956098	-0.23471450075996	990.6
254.86314	0.858276033540358	-0.230886752867178	991.8
161.95289	0.859021156183363	0.23070675182952	990.6
191.07146	0.859021156183363	-0.228913989372731	88.8
377.7749	0.859021156183363	-0.229886079231159	990.6
336.81771	0.859869817569498	-0.227726974533411	990.6
105.93601	0.861111256647024	0.225568047232396	360
147.08156	0.861152340398926	0.225326929287586	89.4
79.95676	0.864647768933973	0.222983416979644	162
488.10388	0.864703588891224	0.220005566201093	548.4
192.91972	0.865152627605974	0.219072497069922	715.2
481.97782	0.865152627605974	-0.218638078886551	679.8
552.67845	0.868971891184694	-0.215478660179747	993.6
487.10035	0.869098431911366	0.212933874591312	548.4
601.22042	0.869563745064156	0.214183589961781	552.6
293.19617	0.870840723719301	0.210915626882851	156.6
136.9497	0.873382139952906	-0.206022124323032	919.2
192.08269	0.873382139952906	0.206337260566298	13.2
250.11692	0.873546060085768	-0.205710482445002	88.8
872.59959	0.873665190404292	0.210209799351114	90.6
376.81031	0.875034567536363	0.205902538365537	990.6
414.20067	0.875034567536363	0.2024851143401	88.8
171.02021	0.875051638717308	-0.202530694294196	1081.2
404.0547	0.876614132642503	-0.200280658412175	510
363.99224	0.878046367830843	-0.198397849449013	511.2
239.86291	0.879581440669579	0.19502173152623	990.6
390.1805	0.879581440669579	-0.1957679352742	580.2
162.94765	0.880421867240174	-0.193523992450833	990.6
292.82784	0.881963591354135	0.191677811170972	990.6
375.77687	0.884950785976357	0.187060687319064	990.6
697.29153	0.886465920929024	0.185512506022576	81.6
495.26088	0.886590094268335	0.184850633642469	441
132.86794	0.887117590051245	0.18607715601406	13.2
343.09229	0.887119944309606	-0.18344934542862	381
156.92117	0.887595842035241	0.181578121495713	366
468.15033	0.887595842035241	0.183208861210451	336.6
525.30338	0.887595842035241	0.18115340485091	89.4
625.33623	0.889153379427078	0.181029933991355	88.8
153.03638	0.889707979122245	0.178162768214334	511.2
474.21382	0.889707979122245	-0.178993736051126	89.4
243.03394	0.890665544552038	0.175864797933892	442.8
284.12546	0.890665544552038	0.177772938851661	403.2
766.54056	0.890665544552038	-0.176833441890748	129.6
278.05523	0.891418012503241	-0.173985183212763	407.4
152.0466	0.892326141484922	-0.17305529187932	340.8
237.07706	0.892326141484922	-0.172503366072927	166.2
280.02299	0.892955649078609	-0.172375410840052	549.6
88.98812	0.893570512323851	0.171888201973531	645.6
135.54069	0.894957756715274	0.167931395168639	510
403.30691	0.898418673998042	-0.162770855274943	87.6
506.32541	0.898418673998042	0.162560977484126	93.6
105.93598	0.900209809363848	-0.16066657446532	115.2
820.57116	0.900585920317585	-0.162862437771445	90.6
699.29751	0.904913123485266	0.153751488794819	81.6
344.11023	0.905016206799144	-0.15256129008405	474.6
198.89339	0.905205029577448	-0.154255274718558	672
309.17385	0.906833913992387	-0.15194137521958	82.8
585.27087	0.907959666746004	0.147697104194029	510
869.53205	0.911636301225797	0.142621425440169	76.8
72.0088	0.91212890601994	-0.143252782808545	533.4
338.81542	0.91212890601994	0.140675450139484	990.6
366.99011	0.91212890601994	-0.14090539922995	510
454.16979	0.91212890601994	0.141472363786327	339.6
155.86581	0.912906333694489	-0.139163390193103	393.6
305.06906	0.914617359055072	0.137159573529687	630
219.08869	0.916211517471744	-0.134433626852809	101.4
558.71178	0.916255190678679	-0.133836108581133	991.8
168.99951	0.918946838300321	-0.130011923091634	174
629.89627	0.922907367216877	0.126414060835826	577.8
298.86161	0.930109013970287	-0.115276409855897	990.6
423.95577	0.930793220752824	-0.114638991762693	551.4
818.55576	0.930891232514457	-0.114662555777167	127.2
146.02484	0.931059201484599	0.113175314517882	436.8
149.00955	0.931624809908668	-0.111692181855453	93
250.1453	0.932519656301701	-0.110490708568901	81.6
667.06481	0.935701975274657	0.105856858912948	631.2
359.98869	0.936575516805618	-0.104619906775797	340.8
98.97393	0.936887059964495	0.104368260339415	410.4
699.4978	0.936939328658004	-0.104410421924979	145.8
756.56117	0.936939328658004	-0.102916629357468	994.8
696.62309	0.938200298096121	-0.100818274929317	994.8
150.98892	0.939890803848117	-0.0981645382181351	174
249.11364	0.941213642465775	-0.0961076266416859	88.8
462.25723	0.941213642465775	-0.0961980868614118	78
208.84535	0.941858575620469	-0.0951098641950716	406.2
382.07515	0.941858575620469	-0.094147648745286	478.8
184.03801	0.946090728280886	0.0904262558165185	537.6
165.04085	0.946102359486728	-0.0876168182059171	93
170.04352	0.946102359486728	-0.0886462847402941	473.4
146.02483	0.949015134263905	0.0842841418684929	162
161.04555	0.949015134263905	-0.0839586273257591	510
160.94951	0.952698191269582	0.0780809868393646	990.6
115.92079	0.952721657836325	-0.0769575280125268	472.2
116.0434	0.952721657836325	-0.0775807212296889	88.8
536.50528	0.952721657836325	0.0790377096278072	84.6
313.07866	0.954951647218507	0.0736903278128805	83.4
344.03279	0.957778882392047	0.0710533377827869	512.4
81.04575	0.957999434736188	-0.0690288820555904	342.6
292.20362	0.961568820701153	0.0640445112352631	89.4
514.67347	0.961568820701153	-0.0643358324373628	172.8
507.14625	0.962056829649604	-0.0629938314516943	339
217.08302	0.962122688363514	0.0619677662703837	274.8
223.0284	0.962122688363514	0.0621496669045799	86.4
106.98091	0.963911574611232	0.0592389570586024	164.4
310.11461	0.963911574611232	0.0592316180612822	475.8
391.06692	0.963911574611232	-0.0584287484635051	451.2
134.86517	0.964723804302325	-0.0580356319633824	1308.6
176.94221	0.964937205796766	-0.0559797106522983	923.4
239.05991	0.964937205796766	0.0559339009056783	86.4
617.33345	0.965338849005098	0.0550682407438549	81.6
174.94697	0.965492732031776	0.0540860825370656	409.2
674.61438	0.965492732031776	-0.0549928644911171	994.8
108.99627	0.966213006885309	0.0517923155511729	144.6
140.97829	0.966213006885309	0.0520566114776138	1037.4
260.8926	0.966213006885309	-0.0532757488856742	715.2
357.14136	0.966213006885309	0.0516314898126376	166.2
345.05559	0.966963490845281	-0.0500697230656701	351.6
727.87233	0.966963490845281	-0.0509824826274098	577.8
163.07656	0.970570855651399	-0.044719635675675	90.6
173.92943	0.970570855651399	0.0449407645488779	990.6
172.9174	0.971885398555561	-0.0422246676173267	991.8
342.00361	0.971885398555561	-0.0420237619275122	340.8
416.02679	0.974969026143651	-0.0376661069419484	548.4
328.80427	0.97539417282367	-0.0368441673129201	994.8
188.93945	0.978128601042034	-0.0329262504619785	57.6
308.0484	0.978128601042034	-0.0326449937006803	648.6
231.10289	0.97845707746733	0.0316227091644146	88.8
100.94616	0.983915580113553	0.0243488000884596	1206.6
292.20368	0.988289283363458	0.0183391290689126	156.6
201.03817	0.988901148059214	0.0173083353279206	577.8
311.11813	0.989416843596341	0.0161476684961541	475.8
362.0374	0.992779293535248	0.0112851113971794	339
422.95422	0.995051262573042	0.00803797891355887	551.4
132.86789	0.997436813380985	-0.00424819403387559	86.4
178.90326	0.997436813380985	0.00409958188254717	35.4
144.97595	0.999954430481853	-5.85957798026564e-5	539.4
806.55448	0.999954430481853	-4.31721331295013e-4	90.6
