m.z	p.value	t.score	rt
333.0943	1.76540772740117e-15	183.526451549188	332.4
404.14251	1.76540772740117e-15	176.951364274433	288.6
125.0469	3.33727519482825e-15	271.371817762468	551.4
228.02799	1.0903171354998e-14	256.246130076157	544.2
125.04696	2.11120287290248e-14	129.439329657586	280.2
197.00572	4.71229085748098e-13	-83.5865161949967	247.8
239.07889	4.71229085748098e-13	151.587150390728	187.8
383.02649	4.8890948580021e-13	111.546661858369	598.8
364.11879	5.84210841725005e-13	105.464841731461	470.4
160.06157	6.32831704497094e-13	-85.6774611077782	531
535.28145	6.48059323348407e-13	134.861938424971	280.2
290.96801	1.10054419755674e-12	137.967356769693	660
453.06699	1.10054419755674e-12	158.783101052305	717
324.07505	1.79399217046667e-12	-78.6401987802274	247.8
178.05106	2.05288083983063e-12	99.0472044965406	193.2
397.11454	2.05288083983063e-12	-116.045200456244	533.4
286.05293	2.77009522394452e-12	73.924495971759	600
380.01562	9.52061218645979e-12	64.526268092261	630
374.11369	1.03207709371703e-11	204.883580597223	507.6
439.98758	1.13502002990085e-11	-80.209157572411	628.8
95.96185	1.2119976937748e-11	-83.6892192283472	529.2
575.19864	1.2119976937748e-11	-82.1486529395471	481.2
156.99072	1.39063109307004e-11	-65.9560894144156	483
436.98086	3.05321734780207e-11	112.757385578298	552.6
929.29929	3.32834190863584e-11	47.9148831176922	633
226.04867	5.16010903016793e-11	-50.6813892474676	481.2
320.08496	5.71357750812443e-11	110.042277061659	280.8
226.96392	6.74332191242407e-11	-68.85452896069	483
335.0747	7.30621909645901e-11	49.8874945767134	519
308.03808	7.44932071765173e-11	-83.8583145619257	253.8
242.08003	1.84263550584802e-10	-52.7053620246469	402.6
244.05921	2.0273402175374e-10	-74.9668208174329	529.2
257.08938	3.52227958855639e-10	212.38564436638	280.2
241.05995	4.12768203930881e-10	78.6156667576726	424.2
101.02444	4.81357079411386e-10	35.3197080868667	440.4
336.06179	6.18404406996996e-10	-68.6676054323943	579
122.98533	7.20584065993012e-10	-85.534348207112	529.2
195.05105	7.20584065993012e-10	-45.3799598741593	460.8
236.02363	7.20584065993012e-10	-35.1867611162472	630
167.99726	1.08249776463414e-9	-37.9883677375068	551.4
181.07187	1.15909166329889e-9	38.9871165023991	441
241.0121	1.19991637601741e-9	36.4045783768156	484.2
832.30163	1.19991637601741e-9	-68.9263752517424	481.2
168.98134	1.29724292221672e-9	-33.1674464538709	625.8
147.03	1.42164515181453e-9	32.2586307774896	553.8
175.03607	1.42164515181453e-9	-30.564797297219	610.2
534.28708	1.42164515181453e-9	-46.0985561697145	480
212.00476	4.01412921287181e-9	27.774936079787	418.8
514.20211	4.04365543289155e-9	-54.1720664055213	481.8
429.05826	5.18133159909778e-9	-37.1793065335376	549.6
312.13028	6.22292065812157e-9	35.000660590311	474.6
343.09115	6.31949785787253e-9	-32.2671841958655	534.6
300.04908	8.71820855502023e-9	-43.1944129752776	538.8
124.00738	9.71884569194481e-9	28.6894564527185	487.8
163.06141	9.71884569194481e-9	40.3097976332699	440.4
130.05098	1.02258311853958e-8	-27.1923091714158	477.6
231.06222	1.55070704522086e-8	-35.8868404436955	515.4
243.05685	2.11357761430495e-8	73.8910558193179	424.2
151.02624	2.1219361653717e-8	29.4613100445398	326.4
286.05604	2.64134141283236e-8	-56.9948921303377	250.8
388.93506	2.64134141283236e-8	50.0163061387172	658.2
428.21506	2.64134141283236e-8	-22.491145692974	481.2
104.0354	2.64905636200982e-8	-24.2993078987347	303
146.04597	2.86742605770622e-8	-31.1694489190843	303
322.09241	3.04815564131812e-8	-52.0161456453961	249.6
429.10435	3.10695948642495e-8	-56.0150839275456	534.6
381.11035	3.3112780146461e-8	-29.9992170369145	485.4
241.01208	3.61260760835956e-8	26.2998836564109	604.8
842.55542	4.03056097698917e-8	22.7037800302721	87.6
74.0245	4.19165859752846e-8	-24.0348670601621	525.6
271.22811	4.523648084604e-8	27.3150683278521	85.2
181.05075	5.29074020923214e-8	-24.1865261763797	217.2
170.94613	5.84829485957679e-8	-65.5233057383554	481.2
318.09598	6.31686532749889e-8	-69.1432539373562	481.2
426.02255	7.43980744825721e-8	-23.737933990951	616.2
272.05429	7.6665591677651e-8	-25.364433870223	532.2
176.03873	7.80846203270941e-8	-19.2937042744177	109.8
375.02532	9.54420357018179e-8	70.4064987726626	280.2
346.11927	1.02549317537539e-7	-57.4648554346931	246.6
135.03133	1.03069538350415e-7	-27.2985294194699	245.4
189.0881	1.15020855443988e-7	27.6248061463596	473.4
388.94559	1.44204644013756e-7	36.3755634768342	661.2
127.04015	1.52245034679251e-7	24.09757357246	439.8
240.05167	1.52245034679251e-7	-18.1393301660286	741
315.09639	1.55787597178305e-7	-25.4621201122871	533.4
134.02341	1.58256440522094e-7	-57.4844645860347	247.8
399.04644	1.62742823629394e-7	-18.3429589464345	566.4
826.56037	1.64064633604474e-7	-19.0490667507803	87.6
386.06248	1.65231206580066e-7	-49.1144567597586	540
172.02404	1.8609774470498e-7	-52.339932827022	350.4
363.09836	1.8609774470498e-7	19.6997329197308	548.4
131.0462	2.033831240439e-7	-19.5418723241334	517.8
133.01572	2.53063340650838e-7	-38.6111918128054	349.2
360.97114	2.80811837733185e-7	30.2579417812648	675.6
125.00445	2.81203922775842e-7	18.4557583941802	489
471.10513	2.83370493675761e-7	-28.5491754443855	510
97.02949	2.84918482206904e-7	19.5512709714626	440.4
187.07248	2.84918482206904e-7	-23.3508562679668	300
301.06534	2.92848205767396e-7	22.4291102114442	529.2
79.9571	3.02904199202674e-7	18.6575469239771	487.8
435.20489	3.1064023531504e-7	-51.6719117325796	246.6
294.01528	3.14552766541598e-7	-37.85968520889	606
195.00617	3.22187246366767e-7	18.0166211190828	532.2
762.50843	3.22187246366767e-7	17.0089664075643	84
300.13019	3.64991548148532e-7	25.4653014298054	473.4
819.51844	3.64991548148532e-7	-37.3790434049872	78
152.9959	3.65644735002222e-7	-26.4327629916829	483
182.05414	3.75427201414073e-7	-19.2523885178849	218.4
136.02835	3.95945662222477e-7	-44.7295558644503	245.4
234.95667	4.05949904798882e-7	-52.5433732155723	247.8
337.05572	4.81170062975365e-7	50.035041040066	551.4
613.14022	5.04600043770726e-7	16.8852092451705	559.8
264.07405	5.34534262299104e-7	-32.7682093457167	252
302.09927	5.41552588224626e-7	-16.708163688797	516.6
73.02919	6.20999008379855e-7	22.6600250516083	439.8
317.09904	6.2872900359346e-7	-26.9211170211184	616.2
375.15384	6.2872900359346e-7	-34.2827819671182	477.6
130.05102	6.31858919257753e-7	-16.5676873345533	205.8
126.00317	6.43151354484261e-7	24.6180563633785	487.8
118.05104	6.48126706832273e-7	-15.5223206665695	475.8
491.03056	6.97097873966281e-7	16.6756838228402	439.8
195.03333	7.198961917781e-7	-16.6113147229328	195
180.06672	7.2160355650968e-7	-16.4367784061771	411.6
419.98807	7.23212335287852e-7	-14.5582653454123	741
434.13365	7.23212335287852e-7	39.7743367402129	437.4
308.09904	7.29774565956017e-7	15.0825974944025	459.6
176.03876	7.69417746318548e-7	-22.5648247390993	166.2
280.99714	7.88364190665993e-7	14.9322643876959	441
220.00887	8.3248465427037e-7	-20.4438070847444	245.4
277.05893	8.57412349571834e-7	21.2904332180551	483
821.53313	8.58629313221178e-7	-41.3976113048942	76.8
259.05727	8.82036908796611e-7	-17.1114503876754	501.6
445.05315	8.9797787872224e-7	-14.394863213736	587.4
196.06158	9.25601140912297e-7	-21.4720602769036	739.8
320.06257	9.93433121380276e-7	-18.1252013067639	741
299.25932	1.00177984877934e-6	26.0932323159305	84
83.01377	1.0723926305001e-6	21.2497285149246	440.4
274.9493	1.0723926305001e-6	-33.3107181833061	246.6
337.07813	1.09338802646699e-6	-26.1969329230676	536.4
329.24899	1.13677086430094e-6	16.8855275134031	82.8
576.20089	1.13677086430094e-6	-34.0262450878901	480
235.07267	1.13861480251219e-6	-15.6464779971573	357.6
252.05492	1.13861480251219e-6	28.0831606725499	434.4
285.0731	1.13861480251219e-6	-19.778705127798	624.6
315.08115	1.13861480251219e-6	15.6029279108466	520.2
327.2329	1.13861480251219e-6	18.3892541169517	82.8
111.95672	1.20031188000403e-6	-35.7614999726576	481.2
313.0447	1.26780836987991e-6	20.4801418092954	553.8
160.06168	1.37607446283117e-6	-23.7363760103727	228.6
203.00212	1.37607446283117e-6	15.3032379821564	170.4
195.08639	1.44719432132604e-6	13.3283531198715	846.6
464.31486	1.45828436216307e-6	-13.2511841726415	162
157.02558	1.46689268491433e-6	-33.7252994534405	330.6
140.01187	1.55875667566834e-6	-23.6360671895304	569.4
489.03032	1.55875667566834e-6	13.2076417199596	440.4
151.06126	1.57859794912195e-6	-16.4128399064824	384
829.57946	1.57859794912195e-6	-22.8635931165034	88.8
161.0457	1.65673746704386e-6	-28.3245009300446	175.8
361.068	1.71845095293507e-6	-30.20677180718	351.6
241.99105	1.74245913065715e-6	-30.824415751511	243.6
289.03326	1.88576643528061e-6	14.0062849278741	594.6
114.0561	1.88788216609353e-6	-21.0798837400476	387
301.13376	1.97012111919568e-6	16.2442429141202	472.8
205.08306	2.00108316227331e-6	25.1185477953395	439.2
275.12519	2.02107188250613e-6	-28.5082888547848	562.2
339.08589	2.06018195649906e-6	-28.2515027975228	350.4
557.18807	2.06018195649906e-6	-33.5363694021765	482.4
254.99033	2.07408827912304e-6	-30.5681386675202	245.4
509.28887	2.07408827912304e-6	-21.0795965325203	84
110.02483	2.10860931636933e-6	-12.8301265942343	741
303.0836	2.22348447353704e-6	-17.43120836954	622.8
163.04025	2.31474255859691e-6	-12.6154340269118	411.6
365.34241	2.4716434781534e-6	14.1951916154383	80.4
203.08272	2.49173110600654e-6	-12.823536236006	333.6
287.05238	2.5365249758922e-6	-16.0373311639397	407.4
422.08803	2.5365249758922e-6	-13.3906734656991	682.8
113.02448	2.81323772322689e-6	19.2678736774541	441
172.00995	2.90997091358953e-6	-12.3777829832458	543
268.96019	2.90997091358953e-6	13.0248116719131	420
308.97843	2.90997091358953e-6	29.1900911650102	616.2
324.04677	2.90997091358953e-6	-23.8602003100587	475.8
339.99241	2.90997091358953e-6	33.693328419897	673.2
401.08287	2.90997091358953e-6	-29.798543389136	240
134.0473	2.92606202222644e-6	13.6124092947854	166.2
211.00141	2.97376869071894e-6	29.6211226065966	457.8
273.96615	2.97376869071894e-6	12.0234891686455	533.4
373.10025	2.97376869071894e-6	34.5162368421983	617.4
331.2647	3.22994296701336e-6	20.4588017956016	82.8
84.04548	3.36699235703782e-6	-13.3915477646249	304.2
178.05994	3.36699235703782e-6	13.4501164305333	846.6
393.0809	3.4624050406683e-6	26.1960763791686	453.6
128.0744	3.46747310987044e-6	-11.7929965489196	274.8
465.98281	3.53540024958969e-6	-13.2906064835949	643.8
349.05442	3.53669123444739e-6	17.5992623229481	619.2
150.04219	3.65284158456693e-6	-17.2515550884506	349.2
149.03434	3.96436904134421e-6	-19.8710099705137	351.6
363.03521	3.96436904134421e-6	17.6013690636494	661.2
426.02249	3.96436904134421e-6	-11.5850247662436	564
146.04589000000001	3.99336193754931e-6	13.9589823729442	519
294.05004	4.04976319259851e-6	18.9709692366981	555.6
382.10055	4.04976319259851e-6	25.9387260613357	531
371.00871	4.15808628581782e-6	11.8291129335606	229.8
170.97713	4.18530303902359e-6	-19.1988291877035	625.8
417.02203	4.18530303902359e-6	17.0347393372935	609
387.16529	4.33859081303538e-6	-28.7492645980534	480
271.00426	4.38458678340311e-6	20.5539745460448	489.6
184.07883	4.39279844844728e-6	20.5279751909216	440.4
354.07251	4.5781487876319e-6	-30.4816619843681	478.8
231.02362	4.77133797611619e-6	-16.3230305683684	304.2
227.96074	4.79178682328589e-6	-12.9631113537513	274.8
468.12912	4.87758490534958e-6	27.7255446898872	529.2
387.15384	5.0550822506136e-6	-24.1024360444066	477.6
507.07166	5.0550822506136e-6	-12.0603041211966	409.2
213.01305	5.0748733483483e-6	-12.1376436789895	274.8
142.05094	5.17191131591554e-6	-21.5144401464693	532.2
174.10189	7.04769350961829e-6	14.413387004134	846.6
92.02549	7.06774212875978e-6	-11.2985475628469	245.4
143.04632	7.06774212875978e-6	17.6864106196651	363
283.06864	7.1788415641523e-6	19.1266231657716	403.2
309.50677	7.22641544619318e-6	-11.2759936465925	617.4
386.13207	7.48289033982159e-6	25.840489179799	277.8
496.98878	7.63317136747113e-6	26.4963166379251	661.2
804.57572	7.64357750726056e-6	-15.0362729670724	90.6
328.93728	7.65657819357984e-6	22.8152526502149	556.2
391.18033	7.7457976516818e-6	16.1449713047007	846
288.10921	7.77193092538022e-6	10.7021879589833	210
104.03534	7.93788698332643e-6	24.096244025455	533.4
205.03542	8.50162117190325e-6	-11.4506613164557	639.6
277.98856	8.50162117190325e-6	-18.7274994577848	351.6
543.35016	8.89950085323716e-6	-15.0624318401059	96.6
866.55515	9.0859094288579e-6	12.666529185383	85.8
251.07881	9.15875399206585e-6	-25.6934382066797	221.4
252.00934	9.18737490290151e-6	-24.8248853864606	353.4
313.05124	9.18737490290151e-6	12.0446155458346	488.4
235.0726	9.70462110365256e-6	-15.5476367013583	279
312.01154	1.00483876832726e-5	-10.4546164731583	457.8
164.07193	1.0195916474926e-5	-10.7745244132057	250.8
273.99249	1.080062992435e-5	-10.4482562508219	304.2
228.06433	1.10403609280407e-5	-25.1684342924093	476.4
192.03379	1.10919863276098e-5	-18.9013188493699	179.4
152.01179	1.2027788161245e-5	-24.0154287849528	529.2
353.94272	1.2027788161245e-5	-10.1597977059521	409.2
179.05609	1.21239465569806e-5	16.5928893496614	577.8
267.07238	1.24466584044975e-5	-16.115440491352	525.6
299.12261	1.25172939482978e-5	-10.8027495278002	304.2
319.04371	1.25172939482978e-5	-18.0349708972088	603
341.14998	1.25172939482978e-5	10.1126828816357	477.6
489.14273	1.25172939482978e-5	-12.0742039336791	526.8
338.989	1.25534533644821e-5	22.9962023918092	673.8
313.00447	1.25858314312011e-5	11.8611207889574	367.2
364.09227	1.25858314312011e-5	10.9391928575873	486.6
612.17064	1.25858314312011e-5	-20.5399902221876	240.6
471.07849	1.28536758464961e-5	25.5073586742745	617.4
666.45059	1.28536758464961e-5	15.557570862835	84
146.08237	1.28833534466322e-5	-17.9666028600253	199.2
147.04527	1.28833534466322e-5	-11.2910515957367	250.8
173.10449	1.28833534466322e-5	12.7799430383329	845.4
425.13655	1.28833534466322e-5	-22.7902702902251	534.6
201.12457	1.39701804270537e-5	14.4691242350365	367.2
206.95834	1.39701804270537e-5	-13.1741936469623	536.4
238.02546	1.39701804270537e-5	-9.82792510762295	410.4
505.98878	1.39701804270537e-5	-10.0090008256612	613.2
894.58637	1.39701804270537e-5	9.99968000044119	87.6
454.11162	1.40192135488901e-5	-16.9321055734847	169.8
295.26422	1.46466250807103e-5	12.3694200880501	83.4
231.0275	1.49563096287882e-5	-9.7224151767455	570.6
423.15739	1.50666848443598e-5	-19.5561502316588	480
114.08887	1.52740652743923e-5	-12.3337753717004	387
335.08982	1.58227818165211e-5	-10.2327441289354	304.2
128.03541	1.65791027964389e-5	-14.2901859983618	274.8
119.05029	1.67545104599624e-5	-10.7919884871642	410.4
275.08881	1.75970738587844e-5	12.5930818198876	619.2
72.00883	1.76132850784824e-5	-9.75614881091421	475.8
298.98189	1.76754046751407e-5	13.1245270823842	441
497.14382	1.77733357309301e-5	-20.5208826619669	252.6
134.06125	1.79054420934071e-5	-10.9674071341662	410.4
379.10101	1.79340622954133e-5	-12.4857693979738	242.4
335.0955	1.80985703862085e-5	13.3572725697019	489.6
359.16836	1.80985703862085e-5	-9.56038043827507	519
460.18021	1.82853398499201e-5	10.4591100883857	624.6
237.02945	1.844615644563e-5	9.82680731730886	441.6
162.02318	1.84855065190737e-5	19.1799581853919	435.6
114.01967	1.85255355001637e-5	-14.9499549145099	532.2
201.08818	2.0104341043227902e-005	-10.0814731965105	183.6
306.08646	2.0104341043227902e-005	13.9248238811413	486.6
361.13036	2.0104341043227902e-005	-20.3745529967607	350.4
283.09134	2.02566843490181e-5	-13.9186257358912	474.6
229.01184	2.04090958861799e-5	19.7367530552739	573.6
431.09142	2.0648225709236e-5	9.36960470195173	500.4
355.9398	2.11536688917918e-5	-10.571652507418	409.2
106.02855	2.1760669648936e-5	-21.6671110533509	351.6
644.2558	2.18164688368231e-5	-19.8455548384861	478.8
392.15993	2.18395882461765e-5	14.320958699404	441
289.10195	2.18722335035705e-5	10.8374121588183	189.6
401.06108	2.18722335035705e-5	-10.0773894952533	624.6
88.04047	2.28237713469322e-5	-16.136447444681	204.6
243.08111	2.28286137221902e-5	9.91914260654585	207.6
337.09136	2.30511408167417e-5	10.5030269461586	486.6
208.95159	2.33207958658778e-5	-18.348311136936	246.6
297.98114	2.33207958658778e-5	-9.14085804474816	410.4
895.58998	2.34787245217307e-5	13.3251643491432	89.4
568.36177	2.55624195296905e-5	-11.0038613866348	162
245.06241	2.58907788233114e-5	-20.0440887413177	530.4
828.57621	2.7237829283705e-5	-9.97825982677205	128.4
852.57622	2.7237829283705e-5	-9.24442568969006	87.6
202.07219	2.80203205885606e-5	-12.1124381063777	558.6
103.04008	3.04347530711363e-5	12.2281069465756	554.4
307.26423	3.10086158052483e-5	9.19312546766316	83.4
151.03927	3.11349016149235e-5	-8.89339805991245	349.2
746.51194	3.14492245839027e-5	-9.05911225180763	83.4
113.03573	3.22531341378626e-5	-16.8017122577917	329.4
579.02749	3.29658188154075e-5	10.0244819978228	698.4
570.37786	3.32941213957505e-5	-11.3189065851304	95.4
189.03501	3.34010660240605e-5	-10.8246999451289	390.6
271.09144	3.41870533943199e-5	-13.4536478977675	473.4
206.95	3.45532643928842e-5	-11.0477164334735	457.8
369.06791	3.48447125626917e-5	-13.0772794899896	536.4
542.34703	3.48447125626917e-5	-13.6897612243119	164.4
436.96736	3.497116493606e-5	18.5818856889525	675
164.05801	3.51400984790268e-5	11.2972745848803	224.4
290.96788	3.51400984790268e-5	-9.26262226839905	562.2
561.90842	3.55562342658628e-5	-8.68877805599317	613.2
477.99385	3.66593820609765e-5	14.0229287814529	630
804.57625	3.66593820609765e-5	-14.296560826371	152.4
303.23299	4.10438519546418e-5	10.7354860376903	84.6
227.05191	4.34772804062976e-5	-17.2481820650163	482.4
233.07806	4.54796488440963e-5	11.9461103595095	301.2
638.21323	4.6143870660105e-5	-17.4331459070547	485.4
156.07808	4.68151942154775e-5	13.3922703438498	845.4
294.05562	4.68915450267317e-5	-17.5447633217132	246.6
148.0439	4.73643354019513e-5	-12.9560693108521	326.4
446.21944	4.75759974603073e-5	-8.5174162893614	303
387.03511	4.77852001356981e-5	9.0720861603989	633
204.05118	4.91219980671382e-5	-8.67632880878671	519
240.02253	5.16145342023916e-5	-8.96549759087396	410.4
294.06709	5.16145342023916e-5	8.37579811263345	846
563.9039	5.16145342023916e-5	-8.78975304227514	613.2
443.12797	5.17674366154568e-5	-10.7411181751005	480
603.15888	5.19673866385081e-5	-16.0125364335575	492
247.04066	5.21616353382697e-5	-16.856561505448	409.2
562.90618	5.21616353382697e-5	-9.02347667728029	613.2
304.04415	5.22106452551237e-5	-9.96105023577706	543.6
131.08271	5.34405549470762e-5	-8.35808388180087	769.8
243.06228	5.50759964116554e-5	8.82584045155803	521.4
496.29552	5.84190452815311e-5	-8.12195705667825	197.4
326.98884	6.00624768845158e-5	17.1744613483967	574.8
870.58631	6.04571862603536e-5	14.4129718396728	88.8
871.59022	6.15190354683314e-5	10.9716345509372	134.4
329.112	6.21927147324517e-5	-14.0467166338836	523.8
278.08808	6.22429659005073e-5	17.1372351558676	525.6
115.00369	6.24608090669161e-5	-9.69123842714925	534.6
489.15833	6.24608090669161e-5	8.08456286744711	845.4
314.90557	6.28506043208464e-5	8.33848780852781	586.2
401.01584	6.29026465892146e-5	-8.01734373915598	540
203.06748	6.58075045704706e-5	-11.1319955626864	316.8
565.04775	6.58075045704706e-5	-9.73091426988553	600.6
341.13895	6.83833847275216e-5	-8.84153659136022	473.4
293.06357	6.90520259369982e-5	8.69580724437408	845.4
187.03793	6.95924054864299e-5	-11.2099759087924	390.6
461.01312	6.95924054864299e-5	8.22910402765899	662.4
518.08549	7.01767055094073e-5	16.7327192985902	510
830.58808	7.05964613469091e-5	-14.7729962442854	90.6
106.98088	7.40103132217163e-5	8.792412924899	488.4
164.00007	7.49343178394738e-5	10.0186054468312	489.6
489.99375	7.70872149356717e-5	-8.73778284153731	583.2
499.37981	7.70872149356717e-5	7.87341916062338	79.2
143.04632	7.97989085422195e-5	10.9839503462562	301.2
114.02334	8.04987578474935e-5	-9.77929433428796	387
485.03177	8.05215903060652e-5	10.4527112112057	439.8
174.04073	8.33791290358621e-5	-7.98698591327923	532.2
313.97402	8.36412358983162e-5	-9.86265369119103	536.4
298.04633	8.39907883318392e-5	-14.813640771656	625.8
773.53435	8.39907883318392e-5	-15.8434990234028	78
285.04955	8.44338631677493e-5	15.2197978530455	598.8
609.08826	8.53046283447896e-5	-15.1735667267717	622.8
357.13262	8.77720069478501e-5	-7.85772128001178	303
395.25688	9.02427823816677e-5	-13.6913048926805	164.4
272.00844	9.09475885930105e-5	11.6133211336004	486.6
778.56036	9.31807495650655e-5	-13.5387809769133	153.6
239.03056	9.49124384346232e-5	7.58517887976876	434.4
132.03024	9.57200185133982e-5	-9.9126956834192	534.6
490.14802	9.78346914646744e-5	-9.69375329982704	274.8
298.07001	9.79750808246265e-5	11.7504729759422	559.2
310.93476	9.95374955876826e-5	-7.58595967698445	410.4
150.03961	1.00648138911584e-4	-7.58528740702346	326.4
300.08147	1.01265093006883e-4	-8.22130267116304	519
386.01622	1.01801396918087e-4	-12.9208481692931	597
297.07053	1.032167180212e-4	-12.6616620260993	283.2
339.12331	1.05056900954038e-4	-8.35128345076305	274.8
265.05729	1.05520034410047e-4	8.66401655666721	814.8
476.13243	1.06665469802012e-4	7.69588174145566	231.6
196.07274	1.09295681731602e-4	-7.8278105549706	274.8
148.00752	1.10346122999985e-4	-9.60040018046841	208.8
305.037	1.12206067624412e-4	7.4154000838207	231.6
134.98907	1.1366319154939e-4	-14.3959514325223	245.4
493.24762	1.13911970173166e-4	9.22216340894278	441
187.0249	1.17094305964188e-4	-8.00631067823226	634.2
388.15551	1.1798728988246e-4	12.0722636541971	86.4
218.06701	1.18967890237365e-4	11.7829208788811	504.6
260.07784	1.199845398151e-4	14.5802286157762	334.8
108.01251	1.21570017026301e-4	8.28484641393514	496.2
157.01328	1.2711562748184e-4	-13.6042601500178	246.6
214.04864	1.2711562748184e-4	-13.7979310509233	534.6
384.19255	1.27415964343469e-4	11.1657942712157	846
112.04047	1.28892720225388e-4	-7.38619135540694	249
432.10602	1.31772894494681e-4	7.29240378418593	231.6
449.11341	1.31772894494681e-4	-7.72406176262045	409.2
162.02328	1.32646311824783e-4	-9.65385970447391	178.2
357.13321	1.33066330309462e-4	7.30501211163739	519
279.0712	1.34768152824422e-4	13.8325877894413	282
778.56024	1.35620404329404e-4	-14.171442031734	91.8
168.06672	1.39207610964054e-4	7.8907789028381	172.8
213.01704	1.41123817265882e-4	10.5435688875151	532.2
218.05181	1.44049691740415e-4	8.82698478701622	438.6
229.04669	1.44049691740415e-4	-9.03209185298629	638.4
451.11035	1.56103565130895e-4	-7.14765727561153	409.8
742.06846	1.56103565130895e-4	-12.0580229063751	619.2
281.09922	1.56399690835431e-4	-8.74271071869623	199.2
346.05596	1.57641426672112e-4	-8.85677727405962	564
867.51796	1.59136606697288e-4	-7.61929641399984	76.8
125.0244	1.62634012687164e-4	10.7515022973286	577.8
412.8824	1.66940523121537e-4	7.47578161772962	587.4
304.06655	1.67031595976018e-4	-13.5315120992945	247.8
289.06808	1.70517434301146e-4	-7.22890425888754	633
513.0762	1.74797364046652e-4	-13.4849436346779	430.8
515.98274	1.75087677273519e-4	-10.7447110067638	627
726.54364	1.75751000304034e-4	-7.67041982848954	88.8
151.02619	1.76762064892327e-4	7.53646119632872	665.4
89.02449	1.76926128969778e-4	7.06961332981532	232.8
283.06873	1.77484369666254e-4	12.2226148424919	661.2
233.07809	1.7906758131083e-4	8.95084527856122	363
315.00244	1.8087116444407e-4	11.8100260761912	367.2
410.02732	1.8087116444407e-4	-8.50028365720876	529.2
266.00491	1.85812309749683e-4	-9.12020542564695	304.2
434.86438	1.85818082600353e-4	8.92481216985127	591.6
207.00415	1.90411863270546e-4	-12.898667663781	319.8
121.0507	1.91483228444262e-4	7.10927487319333	319.8
545.96833	1.92508296864711e-4	-7.40589901596465	614.4
497.09378	1.92947584829877e-4	6.87005647118801	517.8
390.89309	1.94861247341725e-4	12.4770405069795	660.6
630.8188	1.96482274727755e-4	7.85540905020274	591.6
349.01061	1.99454655379916e-4	-8.00389729887359	442.8
296.07374	2.03390469027649e-4	10.5227407564502	301.2
246.06338	2.05444757544029e-4	-12.7749285280706	531
323.04159	2.15467747709299e-4	-6.80332133715665	333.6
219.05112	2.24382134136504e-4	-10.3943449857705	654
173.0092	2.28684396042354e-4	6.77919399651937	652.2
218.04041	2.29526181711094e-4	-7.12979657464029	411.6
219.04553	2.29526181711094e-4	9.14374387461651	437.4
135.02998	2.40837047890348e-4	-8.01498106941273	403.2
171.00647	2.40837047890348e-4	-11.8848389060524	481.8
412.03158	2.42522766910679e-4	-12.3632559230725	510
130.09069	2.43150990031346e-4	-7.7012106733297	477.6
267.07371	2.4405526234766e-4	-6.67982188553957	564
217.04846	2.45368283562593e-4	9.16628318061767	436.8
154.04867	2.46289700329869e-4	-7.48919254404139	382.8
270.95729	2.53490912461543e-4	8.84774558965557	421.8
283.10254	2.56005274104944e-4	-6.82185875017213	477.6
286.99792	2.65786590838704e-4	-10.3011180029427	298.8
568.36184	2.73759619256652e-4	-8.19819419367975	94.2
307.03376	2.75355600192263e-4	-6.54258786704217	496.2
396.26041	2.76818665550637e-4	-9.73577239583433	95.4
103.05309	2.79705647623828e-4	6.55580908064909	519
332.99181	2.79705647623828e-4	-11.9777997614555	247.8
308.95148	2.8183817464164e-4	7.23007614846129	441
413.22295	2.8183817464164e-4	-11.2225216982249	249
504.01137	2.8183817464164e-4	6.76231533546951	588.6
832.60679	2.82145674092942e-4	-11.0314451411251	155.4
270.9319	2.8241287702609e-4	-7.43589956152873	547.2
570.37786	2.84224419036349e-4	-6.77774591912508	163.2
897.60531	2.87586663617626e-4	6.48583560708831	90
603.96571	2.89788295639064e-4	-6.80401847363956	612
145.0619	2.9473326033856e-4	6.80607734710558	507
374.03148	2.97824199983971e-4	-11.0040120053865	480
421.27262	2.97824199983971e-4	-7.55833144019513	94.2
315.0456	2.98002805746754e-4	7.18341317424242	846.6
146.09346	3.0656757455615e-4	-7.23184003062823	303
277.03304	3.0656757455615e-4	8.22472565894867	577.8
204.08779	3.0710165386201e-4	7.14525305590957	392.4
403.55593	3.0710165386201e-4	-8.51614510397123	465
305.24897	3.12021576547272e-4	6.96480413114818	84
358.12592	3.25583157599919e-4	-6.96891241430545	462
385.01713	3.25948593792915e-4	9.73485533190012	662.4
267.07378	3.30629103682596e-4	-6.9102058671392	292.8
494.00078	3.31161959463986e-4	-7.62761476825746	625.8
303.09468	3.39135458634933e-4	6.98900777093899	577.2
289.00744	3.68660292059727e-4	-10.8753048945985	430.2
244.06754	3.72170950484294e-4	8.42131156591369	441
266.08978	3.92769834138068e-4	-10.8315679341388	298.8
146.06514	4.0074358627812e-4	6.60528778510902	505.8
275.01775	4.09507615364963e-4	11.0432078155198	660
167.04375	4.24059710416674e-4	7.81690015027998	504.6
150.0561	4.24210373838131e-4	6.19966635680915	171.6
250.01007	4.33836317746493e-4	7.13821360840895	472.2
382.98024	4.42417525046127e-4	6.12346616685537	231.6
450.11642	4.46863756594598e-4	-6.12725791749194	410.4
391.04061	4.91695509821103e-4	6.03499871155794	845.4
414.17087	4.92697685486516e-4	-6.67932519451699	333.6
338.98878	4.93616268429406e-4	9.55044767558145	603
223.96404	4.96806627185925e-4	-10.5753201202553	246.6
326.02606	4.97813398242601e-4	-6.09352459265513	543.6
216.92837	5.035557514764e-4	7.04002022527966	583.2
145.09839	5.1196427421031e-4	8.78653276253563	814.8
399.01883	5.12014262415695e-4	-7.63682705937828	274.8
257.17613	5.22940133792442e-4	8.82183934406693	87.6
312.04686	5.42868644841082e-4	-9.89517373520628	474.6
328.05848	5.49503693256054e-4	7.41443356664257	512.4
315.29027	5.68408528096495e-4	-9.74104457435737	88.8
130.062	5.71992189036769e-4	-5.90112322074139	480
226.08352	5.71992189036769e-4	-7.90632460481345	258
196.92327	5.8017499063013e-4	6.12726046524236	652.8
444.02172	5.84048964519166e-4	-6.40948240644581	659.4
483.2735	5.87133719797992e-4	-8.8486364140971	84.6
385.01629	5.92729556317858e-4	7.24597947302933	813.6
597.30485	6.05074712776716e-4	-5.8778063575654	164.4
199.17039	6.06325960615266e-4	6.27013403359218	87.6
267.95336	6.06325960615266e-4	-6.23261967536359	273.6
390.01989	6.06325960615266e-4	-6.81267796359125	496.2
308.93769	6.20094345163711e-4	-7.68957155748055	410.4
201.13588	6.24199321743733e-4	5.95453927258513	708
433.11181	6.28859922762232e-4	9.61499994515629	417
247.9942	6.34393517616581e-4	-6.11546286036196	273.6
318.00331	6.34393517616581e-4	-9.79322242153427	486.6
171.00649	6.34989509628696e-4	-8.49850679820829	544.2
415.10996	6.39028710374424e-4	-9.66759554225699	346.2
436.15886	6.46712310500304e-4	-6.03391218992916	481.2
100.93361	6.51072155031206e-4	6.43702017150073	519
144.07786	6.64278126336681e-4	6.03061682789381	499.2
261.07305	6.76483228976962e-4	-7.34005827604739	642.6
84.04544	6.76713040468812e-4	9.46058768043301	434.4
367.35816	6.76713040468812e-4	5.75165749045691	80.4
774.06945	6.8191044345265e-4	-6.70491142853533	562.2
229.00262	6.96238294667806e-4	9.67502743179651	618
347.03999	7.10523471905983e-4	-6.50766753276456	564
418.0056	7.21318748038612e-4	-9.44741139411732	627
522.95421	7.25061062715975e-4	6.4537903052604	610.8
333.09169	7.3180262599943e-4	8.95112480064866	95.4
707.06526	7.32890006416022e-4	-9.28736911647037	622.8
290.08849	7.37995317845244e-4	-6.37364772380362	452.4
323.01271	7.40171287738664e-4	-5.6703285918029	444
338.06672	7.47149897310777e-4	5.6757771299957	628.8
137.03409	7.52659998272898e-4	-7.84752520751373	402.6
369.22834	7.52659998272898e-4	8.82895681642199	95.4
281.03108	7.5557663654468e-4	-7.11178295306396	566.4
698.51346	7.59257635350312e-4	-6.88664461016585	88.2
258.03853	7.63354705742798e-4	-5.67303123839585	553.8
117.05579	7.68251738235599e-4	8.13778243568292	166.2
504.14003	7.68251738235599e-4	-9.34515388110325	246.6
315.0991	7.71458381215972e-4	6.0952745934354	186.6
409.06757	7.7183302697813e-4	-7.15293771181469	687
620.02065	7.7183302697813e-4	-5.76511208966801	618.6
132.07114	7.78705696311483e-4	-5.81747463179822	534.6
115.02309	7.86732380477015e-4	-7.53731617939426	533.4
182.98667	8.20402288620016e-4	5.58156713459713	504.6
259.09132	8.20402288620016e-4	-7.05081653652611	472.2
480.11299	8.27725248183059e-4	-8.99803795920317	247.8
745.50285	8.31516741363072e-4	-8.99803797183685	78
324.29123	8.31997660331377e-4	5.71913379801457	88.8
323.02382	8.51425984980898e-4	-6.07440469684982	273.6
424.57953	8.66907307328555e-4	-8.14839372066656	371.4
125.03562	8.70414817761273e-4	5.53290994277937	507
160.06164	8.74169739018575e-4	-8.12298076123183	136.2
116.07177	8.86831706241695e-4	-8.3925760048074	374.4
428.209	8.91326228272372e-4	-5.9130265932728	273.6
343.10359	9.05878058810098e-4	-8.9604746785944709	426
419.20383	9.05878058810098e-4	7.4291869699616	442.2
806.59168	9.05878058810098e-4	-8.6641884641834	155.4
413.02271	9.27694218190632e-4	5.4726326717739	846.6
150.01728	9.3810889364006e-4	-6.25526727734421	213
88.04043	9.38417565318435e-4	-5.4659474738273	481.2
250.9867	9.4688773043534e-4	-6.0373805866606	382.8
213.00556	9.69208718933681e-4	8.62183459460715	419.4
512.11867	9.69548917346088e-4	5.54036196784346	442.8
608.83667	9.79477269884494e-4	6.25112860626906	587.4
540.33111	0.0010465879757741	-6.96437540138993	95.4
245.04333	0.00107463769299117	-8.30801142836631	432.6
330.06124	0.00108107744991202	-5.96604473960438	455.4
521.25432	0.00110233111300741	5.33528697112443	232.8
256.05963	0.00111985288636824	-5.90412220556665	409.2
604.32561	0.00111985288636824	5.35938894484295	94.2
194.92756	0.00112549480823585	5.75620658947884	652.8
448.00445	0.00112823981726332	-5.31738065762271	561
480.30997	0.00113763901013821	8.19403336979382	163.2
599.3204	0.00115775393010595	-5.9890702635340904	164.4
304.0709	0.00120301805443272	5.37657109167929	485.4
478.16158	0.0012396044853138	-8.41085997531066	294.6
738.5082	0.00129603684625484	5.94518513179116	85.2
413.16811	0.00133194203540325	5.34908084821818	232.8
378.13432	0.00134429379735942	5.58023612828698	420
135.03136	0.00136534512427176	-6.27599049293223	298.8
373.0842	0.00144736631049401	6.04606532092043	217.2
281.01842	0.00145291771815943	5.20312727267984	231.6
353.04917	0.0014637620176583	6.08514950718573	166.2
464.31487	0.00148900858806337	-6.90611232599114	94.2
537.24635	0.00149013661857961	5.66630848650943	231.6
436.28351	0.00150811111337267	-5.8211508518749	163.2
289.05583	0.00153859196817567	-7.0450389182232	294.6
198.9178	0.00155883492465127	5.95462936936883	582
302.06489	0.0015729354853322	-7.90776854645595	417.6
444.03395	0.0015729354853322	-6.44427096819003	497.4
192.03356	0.00160071274790415	7.33549552647186	522.6
142.0663	0.00160247140487829	-5.05405097433449	333.6
226.08515	0.00160247140487829	7.95210933493853	410.4
184.00165	0.0016197253047393	5.99937427575749	519
329.13897	0.00168049258123855	-5.08500599993395	472.2
478.0906	0.00168049258123855	-6.41358025036219	544.2
500.27877	0.00169783662143259	5.04283269811713	94.2
196.93241	0.00173345673737406	5.04648822498855	651.6
317.11453	0.00174890457869596	5.1105461730598	172.8
315.10042	0.0018566952293698	5.73028136424147	94.2
316.03727	0.00189582627335486	-7.51176372868058	246
653.13966	0.00190032644934915	-6.05393664831021	505.8
308.09843	0.00190588458095411	7.57864620624474	533.4
323.09197	0.00190588458095411	-6.47487880526472	414.6
309.03431	0.00190819848051795	5.19892438513552	232.8
365.00221	0.00195762778322619	-7.56846275170176	431.4
372.11602	0.00197826017664071	5.60817222643838	492
297.24336	0.0019889424505773	5.91146374489087	85.2
209.06675	0.0019948210388356	-7.45223378537491	409.2
244.0499	0.00201603744717145	5.37198399139172	442.2
475.9894	0.00202896049065103	-7.42396001186202	582
449.1983	0.00204311971318839	-6.9839822565696	548.4
360.97282	0.00206384033670426	4.86616142012317	234
672.93823	0.0020678426363249	-6.71669000665284	574.8
222.04433	0.0020812720999428	-7.3268174321359	400.8
169.03141	0.00208208292705864	4.9928069562998	519
243.04631	0.00208208292705864	6.56920808223132	442.8
152.99597	0.00209370775932385	-4.87884025492846	349.2
278.98159	0.00210285987167075	5.55008689049864	463.8
192.04893	0.00212548093494212	7.01576396642814	95.4
518.06971	0.00215867115191327	-6.5987933321912	543
454.15049	0.00216474656961103	4.8127021333404	232.8
346.05593	0.00218842505229979	-5.79816425966396	497.4
425.08096	0.00219257356807655	-4.81450948542245	604.8
354.07244	0.0021994913379253	-7.17321085332739	543
248.98387	0.00220268230880139	-5.69977951961205	544.2
411.12733	0.00220455889236347	6.18909944777042	290.4
440.02228	0.00221103827516638	-5.42522967827816	741
452.27837	0.00225420972014674	4.84645637419059	96.6
208.98507	0.00229063523519214	5.50924304103058	488.4
261.01241	0.00230389717091242	5.70164849474943	333
98.95593	0.00231110062431574	5.54090984786892	651
720.49566	0.00234962147186198	-5.96291079422723	82.8
225.18597	0.00238196510799543	4.78349556253236	86.4
265.06792	0.00240840408144211	-4.76802316061214	536.4
309.10834	0.00240840408144211	4.74176654997708	216.6
624.24747	0.00241737421333325	-5.48096020241729	496.2
326.9842	0.00242930768686162	6.37705936200158	333.6
786.52934	0.00247434351926368	-6.4934268879026	79.2
218.10346	0.00247491929688332	-5.65607723552862	118.8
531.09636	0.00247491929688332	4.71276386793562	231.6
201.01702	0.0024797369844794	5.73846104084337	556.8
173.01065	0.00249174587878552	-6.58741774738051	544.2
316.11659	0.0024947610893425	-6.85080637956354	481.2
212.96264	0.00250393384711905	-5.2925154434464	544.2
216.92847	0.00251923444718196	5.26719685807331	637.2
294.00091	0.00252698374079077	-5.5159904787592	324
134.01907	0.0025661848247836	-6.90309598849965	350.4
145.0508	0.00260784956652414	-6.10313673864089	510.6
302.88546	0.00261326836499553	-4.73990922085483	400.8
171.04118	0.00264039039635685	-5.72482701664718	558
174.9778	0.00264039039635685	-4.74642328031688	351.6
96.96024	0.00265957910030916	5.33308280939186	651
283.99776	0.00269439260742859	-6.88541414313065	439.8
436.82785	0.00272883760479652	4.64943430799411	586.2
916.60252	0.00272883760479652	-4.75941395311126	80.4
308.05771	0.00274234243587589	4.74550436397767	582
555.23826	0.00274413312268786	4.62322208871991	234
410.12407	0.0027465935764886	4.61886965304609	232.8
282.03868	0.00277176108825485	-6.00907907578245	555.6
188.05639	0.00281864061496764	-5.11800499085656	515.4
244.16692	0.00282701912262604	5.46177011128491	768.6
266.08975	0.00284469296372302	-5.83308125063925	496.8
124.04444	0.00286011120005495	5.65193475590844	487.8
521.13243	0.00286786315960713	-6.4878934101383	534.6
558.33143	0.00300918588506266	4.66844501734921	95.4
315.04991	0.00301142266489011	-4.61339066455705	277.8
116.03538	0.00301335425745604	-6.63793048832455	227.4
282.08465	0.00302442563711663	-4.92646897741391	384
351.17743	0.00302948915200774	6.1631459856315	442.8
357.94763	0.00302948915200774	-4.54631744945391	573.6
245.97111	0.0031226225231503	4.77551782598262	519
229.06206	0.00316936151694242	4.59731619545271	846.6
244.92416	0.00316936151694242	-4.68684039155626	392.4
289.11561	0.00316936151694242	4.51030591664888	604.8
221.98435	0.00316985992084586	5.73769026092084	488.4
212.99122	0.0032063748579634	5.67872386507809	332.4
259.98698	0.0032063748579634	-6.24719306206756	226.8
91.04012	0.00324383381521207	-5.45217384387414	244.2
239.01672	0.00324477723086242	-6.06369767758289	570.6
225.06471	0.00326405860157007	-5.54230905966533	332.4
228.96848	0.00327388696027568	-6.23696865555044	303
189.05182	0.00329481307654266	-4.83933200266592	600.6
872.60203	0.00335325955831109	-6.21675035530649	148.2
604.07037	0.00341139608182062	-4.97857600520192	662.4
641.17208	0.00341734774526519	-6.38771128116131	274.8
247.05737	0.00347603423685124	-6.07764929994478	639.6
333.05935	0.00351509059844729	-5.08698948827992	576.6
516.97319	0.00352696737901759	-6.11542217828686	613.2
284.94753	0.0035780834172155	-6.43721498702481	321
760.51367	0.0035780834172155	-5.73620778697888	79.2
521.98414	0.00357946272530275	-4.76841399379835	712.2
598.25434	0.00362699458602272	-4.57951394132946	739.8
179.03513	0.00363813589599064	-6.20096367916746	186.6
127.00655	0.00365699648676252	6.32928100751745	486.6
375.15163	0.00366427445052335	5.40413692861222	654
475.25528	0.00367541690053157	5.93437296945857	442.8
487.13224	0.00374757651483231	4.38225894168425	232.8
267.02528	0.00388292788727853	-6.31694293661982	431.4
369.13386	0.00388827011360911	-4.9715250565191	329.4
170.98543	0.00393454993433367	-4.39712975106739	624.6
396.02363	0.00393454993433367	-6.09406752280418	625.8
445.9813	0.00393454993433367	-5.66762673236142	497.4
446.96533	0.00395009575600153	-5.68204020285165	562.2
111.02004	0.00396877189761263	4.34610143708633	232.8
215.02855	0.00396877189761263	-5.58502240754023	473.4
228.12705	0.00402578996512268	4.9217909688537	217.2
413.89843	0.00406876915673121	-5.34127214334788	410.4
123.97023	0.00413696277290974	5.93462307878237	487.8
99.00873	0.00418481390715411	4.48590000570121	577.8
283.07855	0.00418481390715411	-4.42833278792634	333.6
112.02339	0.00422599237210241	4.293170878565	233.4
382.55044	0.0042341585548226	-5.25264485269038	513.6
429.15465	0.00423441535019121	-5.61773596909416	333
216.90975	0.00432621801157737	4.53667682629267	649.8
494.04728	0.00433667059536209	-5.03459137773182	555.6
364.08398	0.0043784565521328	-4.49805463627498	350.4
556.32575	0.00461059369058694	4.238155318778	163.2
307.11246	0.00464364498270831	4.87412271192694	217.2
337.31159	0.00465991915945009	4.54305966524949	81.6
336.32734	0.00467964350323691	4.46633425761415	86.4
130.86854	0.00469565209769975	-4.67837363729356	397.8
131.04822	0.00476155988159329	-4.2563473973812	477.6
834.62195	0.00476155988159329	-5.22661868950423	157.8
481.19428	0.0049166209233811	5.02207279586449	231.6
165.04048	0.00499436926177885	-5.66611410836412	436.8
478.29415	0.00499436926177885	4.88252884537255	94.2
455.09777	0.00505253073281212	4.26026654503637	403.2
307.11494	0.00506219462299303	4.73888458060722	543
351.01377	0.00519610105605473	4.18731046937803	519
307.93987	0.0053528293522982	-4.39904734598929	411.6
259.0202	0.00537829744468423	4.33337451235357	442.8
748.52579	0.00537829744468423	-5.12612136764792	81.6
233.02149	0.00543498950946026	-5.26757523348794	326.4
344.99461	0.00547076244100181	-4.92111595317648	444
749.5303	0.00547076244100181	-5.24166697509936	82.8
453.2819	0.00549705779892142	4.30539127894634	95.4
87.00881	0.00554871144579949	4.10705619170134	189.6
700.52891	0.0055632983105923	-4.35803288859309	145.8
523.99899	0.00557912292056658	-4.93106038145088	574.8
597.30487	0.00558219533562088	-5.39055157688304	90.6
480.98238	0.00558774063045811	-4.36292031618416	594.6
915.59842	0.00564148734994583	-4.09305210628147	80.4
388.08157	0.00564900172204344	5.19282324378649	332.4
198.8092	0.00574491399510381	4.12392030529681	407.4
854.59169	0.00574728973954555	-5.67018545307708	133.8
557.14354	0.00576933077812176	-5.27736887058743	497.4
185.02208	0.00589149348648222	-5.13295729819563	321
463.26517	0.00607815527913621	-5.42968338865961	78
327.02397	0.00611619854090916	4.13290781448183	234
175.02485	0.00611824508202469	-4.41493715283083	517.8
241.07235	0.00611824508202469	-4.15317682449411	163.2
638.26329	0.00611824508202469	-4.30171612471762	496.2
336.86816	0.00617561517838709	4.02170398709247	649.8
243.06234	0.00620907492986169	4.02643622364606	234
311.16888	0.00620907492986169	-4.43387057610357	156.6
314.89597	0.00620907492986169	4.32835928965498	646.8
747.51826	0.00620907492986169	-5.2875451007472	78
143.04627	0.00624975514762206	4.04275271758338	511.2
130.08736	0.00625761482602606	-4.22502694852524	282
230.98747	0.00632477052703581	4.00090494079011	381
363.02144	0.00632836739003202	4.09171813462501	231.6
526.82379	0.00658648031297044	3.97704366725603	587.4
790.52227	0.00658648031297044	-5.5004311411093	87.6
238.03116	0.00663415135270716	-4.37325964870599	382.8
359.13203	0.00676466109603842	-4.83989469440802	326.4
220.96285	0.00682379151610938	-4.74427727835324	535.8
131.99892	0.00682428166587744	-4.15319836177892	535.2
295.09398	0.00688202035891331	-5.12209034161326	517.8
393.24163	0.00690082825369155	-4.20387593197132	93
519.054	0.00690193836336379	-4.83311537434174	562.2
215.0329	0.00693292071890661	3.94713548905934	414.6
251.04175	0.00694854774836379	-4.18952755830959	768.6
203.02868	0.00705531832542968	-4.75988492543728	470.4
575.34939	0.00707594512498127	-5.14539760280303	82.2
132.07974	0.00714408433959035	5.10846301742555	846.6
258.05655	0.00714408433959035	-3.90942017599296	409.2
446.82083	0.00724176813650728	4.15073638617129	586.2
174.0172	0.00734012752266484	4.12917971856538	232.2
255.09893	0.00737366409885517	4.16600781712406	207.6
435.25168	0.00740328562480383	4.01387383625997	94.2
331.05503	0.00740510447297596	4.92709899656202	520.2
534.80481	0.00740510447297596	3.89213032570597	588.6
456.13138	0.00746798736465352	-5.33437134846764	431.4
281.03622	0.00748887364810912	3.87454745763179	232.8
281.2488	0.00749378295288546	3.87688387101219	84
331.01047	0.00761378729978713	3.93231932353285	846.6
132.09162	0.00766644686346057	-3.96081014968125	282
162.04097	0.00775521177804448	-5.24031149362411	407.4
635.14249	0.00779762788985275	3.84529262018136	511.2
369.02185	0.00780548518231581	-4.47498030046903	562.2
268.93754	0.0078531779234113	-4.53292195359196	547.2
401.05038	0.0078531779234113	3.84346577723828	623.4
509.21751	0.0078531779234113	4.16420576258882	232.8
859.5341	0.0078531779234113	-5.03476492122027	78
423.28845	0.00805575630339441	-5.17903920076757	94.2
315.09662	0.00817559923250618	-3.92709087848747	258
812.54447	0.00831864309707557	-4.68659902695226	79.2
154.92835	0.0083502780267925	-5.16353948995547	396.6
284.0155	0.00836309566546116	4.02792245551235	334.8
517.97424	0.00836309566546116	-5.02059376788278	612
832.57072	0.00836309566546116	3.80283547210275	91.8
569.25375	0.00838102955585957	3.79993441219432	233.4
200.8063	0.00848068782625118	3.90063965519548	407.4
259.97077	0.00848070430284069	-3.95073254980733	570.6
282.95337	0.00849557738526315	4.53787499143961	649.8
341.27005	0.00849557738526315	3.83908234544162	82.8
207.01219	0.00873134269125415	-4.04419209889209	104.4
810.52939	0.00874660833826772	-4.74613786065096	79.2
410.12588	0.00895758805806342	4.48262649691824	333.6
449.10442	0.00920911554945572	-4.886213475439	434.4
384.03127	0.00931012652206543	4.92604895752419	601.8
296.9419	0.00938106349082614	-4.53325079912118	501.6
292.92358	0.00962549479650484	3.7841218708082	580.2
135.0735	0.00963226293461992	-4.98231644035243	245.4
390.90049	0.00963226293461992	3.77840315728035	582
349.01881	0.00985772703482718	3.81532170936732	519
286.10459	0.00989311568734928	3.67962020088829	490.8
402.01285	0.00989311568734928	-4.29090503988164	497.4
823.58051	0.00991232844363747	3.69043037941226	93
624.801	0.0099186437865755	3.72208255357947	587.4
259.02255	0.00996571848081619	4.11642329905045	585
254.90407	0.0100599066110495	3.67681741260666	652.8
399.08285	0.0102111627673368	3.86402137537557	334.8
192.9882	0.0103528332278006	-4.68100028106733	546
321.04957	0.0105578193732502	-3.90528849086873	459.6
414.84607	0.0107129019173292	3.63808084185577	583.2
235.80054	0.0108248423242262	-3.71538078001451	405
392.09768	0.0109126748795881	4.30828220757193	442.8
645.45026	0.0109714327444828	-3.70971242683105	87.6
524.29979	0.011214343476651	-3.93204993664383	165.6
468.10349	0.0114212886464836	-4.09664398928295	274.8
201.94537	0.0114766946922032	3.67158682595443	983.4
488.87738	0.0115425381151964	3.72316239816988	582
483.00631	0.0115442562083897	-3.58216799719129	562.2
298.88664	0.0115524748167359	-4.06174540692888	400.8
269.96075	0.0115837337303647	3.71714405711913	374.4
309.01825	0.0115837337303647	4.17623420046073	442.8
337.08766	0.011637129588488	-3.96828379532547	325.2
746.51272	0.011766325584177	-4.5123430893769	84
129.01938	0.011921742940402	3.55528129717707	519
896.60172	0.011921742940402	4.08074348985264	137.4
509.04921	0.0119715201569316	3.62953788188482	517.8
720.20174	0.0121536409081237	3.82488849934339	232.8
774.54494	0.0121536409081237	-4.25937914052343	130.8
152.04409	0.0122041993870862	3.93266815577597	478.8
293.09957000000003	0.0122139239014656	3.61386672950076	520.2
360.99842	0.0122139239014656	3.60939566929194	234
541.2228	0.0122139239014656	3.54496571027129	232.8
200.05648	0.0122206076086751	3.66591224850021	234.6
362.14589	0.0122206076086751	4.56943763530824	438.6
442.01744	0.0123201978037156	-3.69655856571012	661.2
303.09985	0.0126649952178501	-3.99882228388319	382.8
512.823	0.0127010430724583	3.5589464637458	583.8
636.62165	0.0127675450468527	-3.66983782843257	994.2
223.1341	0.0128222752355565	4.58582276335363	90.6
420.12803	0.0128250048278139	3.56374674702296	334.8
444.07654	0.0128484611868895	-4.5915881859175	247.8
412.13073	0.0130095445479126	3.48878849140159	288.6
147.06639	0.0131301633564928	-3.62367451954942	274.8
199.03779	0.0131783401933165	4.01134187868923	333.6
242.05207	0.0132363028628106	3.78064612047016	463.8
684.83073	0.0132743866858318	3.72943833505058	582
424.03317	0.0136191985127499	-4.08460951347173	497.4
358.0093	0.0139068425482167	-3.50642644706018	741
195.97612	0.0139698369898302	3.46834308291263	415.2
888.56708	0.0139698369898302	-4.43261433012556	78
126.01976	0.0142270524308386	-3.43635539469814	292.8
210.00767	0.0142285468957367	-4.45500876355081	577.8
317.11032	0.0144086767469313	3.6681682515725	558
327.03189	0.014435608780063	4.17914959821572	814.2
300.88881	0.0147946303969793	-3.913992757348	400.8
201.95571	0.0148032323381893	-3.45374249189074	273.6
316.86891	0.0148032323381893	3.48994731399455	583.2
793.54281	0.0149804934257088	-4.09315703272676	89.4
307.09479	0.0149901349928571	3.53089552907154	470.4
721.50226	0.0150249308887948	-4.36848863419014	81.6
315.03339	0.0150281869403403	3.62532512024835	846.6
318.09451	0.0150281869403403	3.93296240972308	631.2
163.06139	0.0150932284269375	3.46534703217381	286.2
480.85291	0.0150932284269375	3.39665874670623	963
887.56084	0.0153553891359442	-4.34913404052779	78
129.05579	0.0154764846216317	3.49824946050236	103.2
84.0454	0.0154814865750063	4.23939623166299	517.8
343.11771	0.0155913104299381	-4.04035977826831	537.6
610.79971	0.0159270815494326	3.46113626085871	585
459.26362	0.0159380249092271	4.19968681229814	441
864.56901	0.0159380249092271	-3.97362076068565	78
410.2398	0.0161523034163399	3.37180302370285	94.2
294.86224	0.0163835888105992	3.33226615380018	654
117.01939	0.0163874126037458	3.47268474161202	417.6
726.54506	0.0164250452420097	-4.13371362053143	144.6
331.04593	0.0167887548323901	3.33187584266109	519
308.0724	0.0168502833150948	3.39578446473789	512.4
196.88553	0.0168545883467914	3.70727493067244	654
213.51399	0.0168545883467914	-3.69212863197075	177
88.01218	0.0171624392965075	3.50587960903672	190.2
193.97913	0.017236159648309	3.30700077416497	414.6
242.92707	0.0172478922878221	-3.59324544461741	392.4
844.5706	0.0172623186116155	-4.16684719003432	128.4
863.56333	0.0172623186116155	-3.96942503194936	79.2
524.27929	0.0175278769571333	3.80386465277422	93
233.15472	0.0175595832062424	3.55758152107966	89.4
246.07314	0.0179788971829296	-3.89109766086691	574.8
314.9057	0.0182149525414425	3.59696880343547	681
125.0357	0.0182528813397681	-3.32686269594834	167.4
186.02556	0.0182528813397681	-4.1679800622946	322.2
237.98882	0.0183038895908476	-3.28020834258395	573.6
72.94288	0.0188728706587119	3.34237745519584	414.6
375.16162	0.0190808666359345	-3.27484994952921	673.8
211.0977	0.0191571915957412	3.45021558797497	101.4
245.07805	0.0191874232422356	3.4718014708531	241.2
486.08745	0.0191933876143553	3.22414881922785	336.6
166.97516	0.0193916238237577	-3.38973332542084	451.2
410.56377	0.0194791031883972	-4.0666966758934	431.4
216.91932	0.0196603451985186	3.23492071605942	648.6
228.06268	0.0197116939181966	-3.8827448921583	573.6
87.9727	0.0200990676783234	3.40910060990687	415.8
154.01225	0.0201943390983281	-3.18541551161651	538.8
171.13915	0.0202205959049048	3.24474438854846	90.6
856.60615	0.0202384241220271	-3.25134373638796	90.6
195.05638	0.0203659550543769	3.21279401082057	186.6
128.07439	0.0204837326631541	3.22018909226949	519
466.33143	0.0204837326631541	-3.99158977054913	164.4
212.01779	0.0205170052700068	-3.17236349509474	274.8
513.82283	0.0205476455567101	3.25132547753352	584.4
130.92532	0.0206473309674571	3.31604064207803	413.4
404.13136	0.0207196065772634	-3.46719986694828	229.8
433.94248	0.0217838252388287	-3.24080687559795	576.6
393.37411	0.0219872257363429	3.6942554515056	80.4
187.98761	0.0220023398507922	-3.12831054663079	538.8
217.02991	0.022471519823199	3.14725141879501	414.6
202.95266	0.0225019308557666	3.11906330903614	964.2
260.01308	0.0226755505323778	-3.12399915244078	381
872.6014	0.0226926479317841	-3.86469012493631	148.2
130.04207	0.0227585358590224	3.13890570905297	519
480.30984	0.0231472306964711	3.48750173810547	94.2
346.11785	0.0231550336500939	3.81118063392211	439.8
701.94191	0.0232036074489228	-3.13747241763601	610.2
167.83424	0.0233789722492893	3.13325978093506	409.2
263.00929	0.0236983701074687	3.75456470174993	512.4
335.39792	0.0237820475601549	3.09812208232876	963
425.10997	0.0238364203253934	3.13831811116175	333.6
171.0776	0.0241093052721106	-3.61140827614052	407.4
816.53938	0.0242619453393504	3.06611943586071	87.6
290.00715	0.0242661531580859	3.3322316109458	374.4
149.00094000000001	0.024590099242137	3.05211273071537	135
240.89611	0.0247138669182369	3.29787432961073	987.6
292.88786	0.0248488064311048	-3.57031398145689	400.8
142.97298	0.024866043015174	3.24148166069297	414.6
140.97599	0.0249000849241008	3.10429301510766	414.6
341.00452	0.0249323885561439	-3.22923778944189	556.2
134.9702	0.0249728404740081	-3.16944146513239	991.8
651.87822	0.0250375217279607	-3.64209199147767	580.8
318.99669	0.025365826109499	3.21819702981822	334.8
204.06421	0.0257587111388834	3.03117632082514	252
255.98182	0.0258214626977206	3.02168703334843	273
328.11661	0.0262673935601519	-3.69130114658698	480
418.02935	0.0262673935601519	-3.02621320615627	739.8
250.09354	0.0263404100949333	-3.25113204053471	517.2
392.12637	0.026461745042418	-3.33996121841978	332.4
848.60025	0.026461745042418	-3.22673672195036	90.6
170.04572	0.0266718431803482	-3.3766473910258	513.6
464.1054	0.0271103806698122	3.02247380888689	337.8
315.90213	0.0271343758712917	2.98936199489561	964.2
540.05425	0.027202851655111	-3.3623592206188	503.4
662.10192	0.0272521088407861	-3.33714251559289	503.4
473.28279	0.0273047311427121	2.97872468385458	80.4
289.96717	0.0275546018316634	-2.98693248356768	410.4
314.91858	0.0277025876999951	2.98164821893347	963.6
232.98549	0.0281486665157541	2.99445826233216	381
172.01475	0.0282088782769907	-3.17469791656309	387
182.98881	0.0286353680748978	3.20276395208153	964.2
140.87265	0.028796119269282	2.9452820244183	389.4
765.52686	0.0289897364485167	3.32703130347367	84
165.83746	0.0290246332064904	3.01531804458397	409.2
253.14513	0.0290293483048769	2.93825911907297	91.2
772.53531	0.0296681947263303	-3.30057089491433	994.8
408.14158	0.0298304332188519	3.12777129292709	246.6
182.99666	0.0298671802266676	-2.9188821537674	579
190.93667	0.0300152019260382	-3.12559158414524	993.6
100.04041	0.0300499032770909	3.01193835961057	520.2
297.2802	0.0305194956657758	3.38104712618047	82.8
440.8604	0.0305296274209989	2.91149572227454	963.6
96.96957	0.0305479642915879	2.97424816841599	579
506.8323	0.030698000713561	2.91081492724758	963
246.90405	0.0307526965647084	3.00232358924654	976.2
136.87766	0.0307742389971805	2.8966822451684	388.2
287.03623	0.0307874977192987	-3.09024100934029	442.8
664.11775	0.0307874977192987	3.32658684273948	490.8
163.84054	0.0307913324701569	2.93836281787181	409.2
331.00012	0.0308417226819651	3.1442500916383	442.8
268.9245	0.0314006448729995	2.89020742461853	964.2
400.86787	0.031440134838962	2.89801171799978	963
334.89628	0.0316127058185363	2.88633911779248	964.2
272.08903	0.031681709454681	2.8896456935299	511.2
471.08666	0.0321737152680227	-3.36220878313158	433.8
248.08039	0.0325332077975683	-2.93505544534209	85.2
417.18021	0.0328132175694208	-2.89495010082333	402
154.02757	0.0333478090115712	2.86483773552157	531
175.0547	0.0333478090115712	2.84327518183452	326.4
856.60731	0.0333478090115712	-3.46439886379829	151.2
367.88197	0.0333594795422929	2.8625042080568	963
612.79639	0.0336965179522331	2.89147268454809	963
269.21258	0.0342729516503596	2.92337347178125	86.4
140.91939	0.0343517083098576	2.90613283232993	374.4
292.00504	0.0344420251426211	2.93570371673911	374.4
558.00465	0.0345714866416379	2.86968515963486	606
144.01254	0.0345815258205893	-2.95579806277065	171.6
306.07663	0.0347040644012773	2.85089155196424	512.4
165.8945	0.0348238392091018	2.92779981793439	375.6
184.98565	0.0349865060566021	3.39828548920719	621.6
429.19318	0.0351882588906369	2.97021374415903	91.2
228.93181	0.0352384462267999	2.81491088115398	964.2
750.54525	0.0352852744054136	-3.11729612206372	133.8
820.57149	0.0353108563626607	2.92937167854801	151.2
442.86497	0.035496053721323	2.81146922622917	963
148.86374	0.035816428214586	2.79184887758115	413.4
303.90939	0.035816428214586	2.84416827334294	963
329.02072	0.0359698924944581	2.83460106098769	232.8
168.99079	0.0365183481225898	2.91118513046833	593.4
142.91731	0.0366023542487905	2.82127293340068	374.4
740.52493	0.0366163341350302	-2.81944044127623	105
248.0802	0.0367019524313609	-3.29505405109043	159
96.98827	0.0369914667321782	2.77927303086359	964.2
405.26299	0.0369914667321782	-3.2736642053969	78
256.09416	0.037047947667125	2.8568180063128	205.8
190.05103	0.0371524853172546	-3.23949997208319	424.8
409.23625	0.0371803567087214	2.76251340301929	163.2
98.03283	0.0372769732946537	-2.78383457282026	89.4
575.34924	0.0372769732946537	-3.32941081466937	163.2
219.97622	0.0373492330946442	2.76784481353899	519
277.02202	0.0376311839982316	-2.76026205791433	442.8
420.80006	0.0381417025711406	2.79887662735351	988.8
296.88537	0.0383204985570019	-3.1802815149967	400.8
350.87008	0.0394422115130701	2.82663246608159	974.4
128.87161	0.0396374437468472	-3.10559953300049	399
628.77027	0.0396374437468472	2.89602499543965	973.2
277.0478	0.0397756564549182	3.02112676867257	484.2
206.91144	0.0398651761279259	2.79399780873632	978.6
138.87549	0.0398814078275632	2.73735390064973	389.4
313.98495	0.0399954767650379	-2.7377802049946798	304.2
553.90119	0.0401302433863719	-3.20814485971235	579
90.97139	0.0402248545919173	-3.06841186883413	612
429.19218	0.0404461293640471	2.81242644634409	90.6
522.80634	0.0404461293640471	2.83865812006336	973.2
244.90585	0.0406119557639235	2.79001449956633	976.2
452.27858	0.0406119557639235	2.7726546867412	164.4
581.27528	0.0406119557639235	-3.12733481871277	624.6
344.96853	0.0407287304380793	-3.25284685110291	430.2
144.06689	0.0410885438537104	-2.89779774427243	513.6
331.02912	0.0411155452606654	-2.95090358923582	332.4
538.72778	0.0411155452606654	-2.83039740160186	991.8
310.87772	0.0416450551870787	2.75590376361464	975
559.81408	0.0419671763415107	2.79573255096676	963
270.00122	0.0427159644030068	-3.19766763843392	350.4
493.05298	0.0428399283330314	2.79820944884763	493.8
163.89672	0.0430599119695055	2.70209475882781	375.6
630.11285	0.0430850454703371	2.72836457848526	549.6
355.87281	0.0434842097622443	2.71792333490091	972
559.10312	0.0436332880300162	-3.18345309464524	242.4
98.0248	0.0436565738468859	-2.9889151374319902	303
144.86974	0.0436565738468859	2.6507772478551	413.4
200.94193	0.0436565738468859	2.67141721181203	983.4
320.84358	0.0436710751173363	2.6639397037507	987.6
210.89975	0.0438272982890517	2.6517735147237	414.6
465.30469	0.0439987247065236	-2.87681538983389	76.8
579.81039	0.0439987247065236	2.76777737302803	963
436.10881	0.0440617337929536	-3.13959589591215	297
204.91323	0.0442826778376391	2.70702935271535	978.6
146.86683	0.0443305240079694	2.63819989809466	413.4
375.869	0.0443691444267063	2.76836879269854	972
562.79848	0.0443691444267063	2.74191585186042	972
122.93089	0.0444748805122432	2.63413616583008	964.2
75.00857	0.0449197235023948	-2.76904322296153	402
310.07739	0.0452318010976153	2.65614994574956	511.2
416.84202	0.0452704850622636	2.71774578374203	973.2
288.89577	0.0453201035188225	2.65783677370021	977.4
390.11575	0.0458721545357455	-2.6846353425142	235.8
180.85962	0.045944504374414	2.67352528070561	409.2
178.93404	0.0460246857562496	2.6925599746451	978.6
719.26214	0.0460681616140694	2.84574140435532	961.8
94.92514	0.0464859105232922	2.60416589906281	410.4
174.861	0.0466739455561224	2.67393506003668	409.2
192.03376	0.0477048938952572	-2.62738275310329	342
284.89842	0.0477048938952572	2.67866461201264	975
133.01564	0.0477570186745315	-3.07601770836404	246
466.76171	0.0480107396565738	2.5815088603494	983.4
248.05439	0.0480855716888086	2.5986735306179	410.4
326.85159	0.0480855716888086	2.6639786750005	980.4
394.08687	0.0481626802666382	2.65069794547182	232.8
201.01934	0.0482517902957504	2.58090144141124	504.6
222.88541	0.0486919344339319	2.61513200514028	985.8
328.84939	0.0487288242139331	2.65302690495073	980.4
92.92806	0.0493731628803362	2.56563810247613	410.4
366.84399	0.0494133940564481	2.66098019593233	978.6
342.82545	0.0497687757725474	2.61432437777763	984.6
243.92578	0.0504756206550465	-2.68796601623928	396.6
98.96691	0.0505688697267574	2.70445286769829	411.6
685.77464	0.0506336944663904	2.78441563381683	963
164.03889	0.0506530878023663	3.00110286950684	439.8
408.855	0.0506530878023663	2.67800889332205	972
138.94154	0.0509222492173962	2.61557552596626	981.6
227.2018	0.0509222492173962	2.58544449500447	86.4
156.9521	0.0512778816804994	2.63373308232315	982.8
775.54886	0.0512823593933676	-2.93015786617138	128.4
140.93971	0.0516322923168701	2.60156233517222	981.6
158.95024	0.0516653437978899	2.57986644528116	983.4
316.10232	0.0518699038541325	2.5611912434049	186.6
342.98771	0.0518699038541325	2.52466321951521	235.8
632.79257	0.0518699038541325	2.70535003698143	963
240.86374	0.052121789239055	2.59645943641327	990.6
334.12596	0.052176775059292	-2.58515689103811	553.8
242.17648	0.0523397554161653	2.56530422314745	97.8
100.00161	0.0531363349821362	2.50745289602243	964.2
475.11221	0.0531363349821362	2.68650893697792	516.6
344.8233	0.0531671261501869	2.55399334191824	984.6
517.16416	0.0531671261501869	2.51377056161673	511.2
196.06491	0.0532027347640569	2.51439773493775	410.4
208.95415	0.0534742083331742	2.52359248525057	963.6
464.76387	0.0536434409457662	2.60491468619933	983.4
107.03638	0.0537589760112493	-2.63147204297537	349.2
133.01426	0.0538113568761136	2.66284836188936	586.2
352.89903	0.0550818630407685	-2.68158372734398	395.4
400.78994	0.0550818630407685	2.53569982305882	985.8
449.15021	0.0550818630407685	2.75163581046654	85.2
254.69814	0.0554880315721143	2.51452594991137	103.2
297.15303	0.0555040218713189	-2.53138166646408	82.8
665.77854	0.0556280051878011	2.67387564582009	963
135.04464	0.0558556466733702	2.79315789816562	165.6
387.01027	0.0559101634636885	2.75799940409282	594.6
243.06244	0.0561469362827761	2.82626003573149	347.4
358.79956	0.0562656538717095	2.47414279400467	988.8
748.52886	0.0562656538717095	-2.83556611345502	127.2
233.07799	0.0563363007011989	-2.47209556515029	558
458.75631	0.0563363007011989	2.46699664469135	990.6
427.23393	0.0565987244323402	2.5050428137146	88.8
242.89506	0.0571441030420446	-2.45708260813732	990.6
241.21764	0.057521848108079	2.53567867838419	85.2
220.88724	0.0580653486246891	2.48117500796052	985.8
414.76607	0.0580653486246891	2.44905739528004	990.6
262.87793	0.0581140029120229	2.49795254954617	981.6
279.23329	0.0584121253717031	2.45286702249638	84
192.08263	0.0584996285411942	-2.54421213022904	163.2
204.06665	0.0591793755040627	2.45200097515484	181.2
376.86529	0.0593414419444181	2.58744761883151	960.6
312.87535	0.0593603494279888	2.4754364393440502	975.6
570.34188	0.060242913949848	2.42131937550537	94.2
382.81807	0.0602460579593744	2.49995502040381	981.6
246.05744	0.0607659706495887	2.43943281483059	410.4
144.86647	0.0609966538705241	2.74658731686557	407.4
146.86354	0.0610100803024073	2.73547431952095	407.4
751.54861	0.0610320801650284	-2.48974480805878	133.2
135.06636	0.0613698672739445	2.59917188820734	241.2
355.8981	0.0613698672739445	-2.42603403961459	396.6
144.97	0.0614838366667996	2.58458615319246	417.6
187.9982	0.0619439520770635	-2.79111639099597	352.2
306.05815	0.0619439520770635	2.41743064133637	240
213.0123	0.062103193235508	-2.75633425093332	178.2
286.88024	0.062162253986788	2.3933444669302	411.6
226.76113	0.0624644332611486	2.39377279026688	372.6
480.73785	0.0624644332611486	2.47505787372476	987.6
268.91631	0.0625807784772314	2.51806098720075	558
96.92216	0.0625812156698436	2.38805031878311	410.4
650.59767	0.0632199691350813	-2.6641706551911	994.8
360.79748	0.0635684426635803	2.40840595246776	988.8
495.04282	0.0643772379040891	-2.56097923755747	548.4
309.28022	0.0649175443144193	2.4209765032474	82.8
176.85908	0.0649782402852743	2.41367790645979	407.4
718.76061	0.0651871892987169	2.53820377080042	962.4
362.79536	0.065529097795165	2.35874185569063	988.8
634.62373	0.0655920074673942	-2.53302459368483	993.6
176.00239	0.0665859717007374	2.3488306993813	297
398.79198	0.0671989309675549	2.4069587632049	985.8
738.75668	0.0675249446082382	2.56901978194419	961.8
448.78981	0.0677584841767924	2.36399860334184	980.4
384.81594	0.0682572666032898	2.38560604295922	981.6
322.84148	0.0685167660154926	2.3319825803886	987.6
806.55514	0.0685167660154926	2.4746112879734	132
176.93608	0.0688120187947382	2.34319770482193	679.8
208.90272	0.0690717708992282	2.32725940425507	414.6
654.78753	0.0698864478658416	2.48970600320326	961.8
395.38986	0.0701633512742815	-2.65039107175869	80.4
284.77513	0.0706001970366706	2.3150999722822	409.2
325.99048	0.0706991263158708	-2.36180189460705	507.6
304.90091	0.0710761582476678	2.30301802179734	963
219.07761	0.0715196055725656	-2.451019897124	262.2
174.01259	0.0717121569997923	2.30272457573826	651
198.06077	0.0717671585811712	2.2958022222828	410.4
264.94278	0.0717671585811712	2.29608989332377	646.8
282.8877	0.0717671585811712	2.29561152207944	985.8
194.93728	0.0718305258124785	2.30336281711429	598.8
235.07256	0.0718305258124785	-2.58862517940967	213
619.28897	0.0718305258124785	2.4061901749916	90.6
115.92078	0.0731964595483895	-2.58400560960252	313.8
280.23674	0.0733458350034194	2.45434331682757	85.2
149.06079	0.0737976791554116	2.27715969694718	95.4
683.43899	0.0741067305605279	2.55260425167606	960.6
148.06301	0.074627022030708	-2.60430742323619	429.6
192.99085	0.0748180931201578	2.37053878160973	499.2
791.7388	0.075094121990875	2.50193242174488	961.8
334.01887	0.0754549406804514	-2.25975935288508	519
416.76402	0.0755083967062303	2.26186699161956	990.6
331.55546	0.075518566354317307	2.43506994057472	490.2
580.69441	0.075564740423891	2.28483912927942	990.6
193.08044	0.0758798361995067	-2.29754477633253	163.2
339.06093	0.0766653134904991	2.26066909977029	274.8
288.87723	0.077084836135534393	2.25696684324806	411.6
222.76497	0.0775294177975468	2.24202771577624	372.6
321.98451	0.0775294177975468	-2.47825118740314	536.4
167.96089	0.0781336354631764	2.23453219840056	964.2
123.90207	0.0781886548602888	2.36929258150103	522.6
311.16882	0.0792888537917293	-2.25170050696745	82.2
313.16478	0.0794227209391599	-2.24419897106491	82.8
500.27887	0.0796905870949373	2.22603234302297	162
877.7063	0.0796905870949373	2.52276550910868	960.6
763.56123	0.0803321430912197	-2.42024236634897	160.8
224.76301	0.0805657791645967	2.22229119795727	372.6
771.74267	0.0806854013755641	2.40958529509687	961.8
276.85203	0.0818910728215458	2.24283296481839	654
194.94659	0.0822428192538761	2.2281639111763	848.4
295.04292	0.0822832095218264	2.37538852619863	473.4
289.06986	0.0833088838146881	2.50046296075736	421.8
883.5344	0.0843930968399139	-2.39376923150155	78
377.01987	0.0846798639196935	2.1840215430284	848.4
245.90933	0.0861518787718244	2.18808098904484	976.8
202.94011	0.0866955431246913	2.18711007845766	983.4
328.88827	0.0869101859559533	2.3294508560104	975.6
162.84266	0.0873340796625867	2.16153926332284	410.4
178.90332	0.0873340796625867	2.15953732972222	175.8
320.0923	0.0873340796625867	2.41402095045274	451.2
652.59569	0.0876454495169626	-2.29623106090392	994.8
355.02549	0.0887145719902992	2.18792197926357	847.2
375.16124	0.0890155725532275	2.16740783379515	580.2
315.13675	0.0897357096026792	-2.30514216703458	82.8
191.08275	0.0900062346324284	2.14438010357845	172.8
264.90836	0.0901103137546866	2.13731934892129	964.2
115.97564	0.090508101800748	2.13562051270606	988.8
242.22069	0.090508101800748	2.1744942766965	86.4
263.99454	0.0920187692506653	2.26714117458506	447
229.13461	0.0948221166742553	2.31736273420396	98.4
789.4032	0.0954352321773344	2.29700154821548	960.6
237.12466	0.0958809324762395	-2.15318497981538	164.4
749.85368	0.0962766910461549	-2.32621010144354	580.2
168.83219	0.0963219352443092	2.09328530164727	410.4
199.0904	0.0963219352443092	-2.12368278620374	162
722.51348	0.0971100967217645	-2.24611126386149	87
411.23924	0.0972305312190293	2.13602757921548	85.2
178.81537	0.0974759734570269	2.08486977931121	378.6
196.90613	0.0974759734570269	2.09377805755638	985.8
268.8012	0.0976377286906155	2.08308809640954	405
500.97284	0.0977971951248829	2.21729841240691	609.6
289.06909	0.0982032056026072	2.07866950188441	511.2
655.42183	0.099144949149364	-2.27799232773587	81.6
696.77034	0.099487162336526	2.31768806404011	961.2
341.2062	0.0996978765074306	-2.07010796458442	80.4
415.76932	0.100242089938859	2.16703717068512	988.8
119.94706	0.100586958805805	-2.24815595313238	393.6
180.81308	0.10058744047925	2.07617854734057	378.6
185.07479	0.100943640414638	2.21820791190262	13.2
447.81787	0.101000112771811	2.25425839870698	585
218.90528	0.101606918835225	2.07631719148599	649.8
224.88353	0.101727274904877	2.0718301944133	985.8
438.77184	0.101727274904877	-2.05746052975639	990.6
417.33776	0.101795202197032	2.0574978389924	88.8
599.32043	0.101905651345387	-2.12784414337646	90.6
334.00762	0.102468129038795	-2.31316561575354	535.2
256.87015	0.102903471024186	-2.04483739096324	991.8
134.89474	0.10292282561018	-2.22047871283072	157.8
586.36336	0.104316291043671	2.04801820077655	94.2
238.12794	0.104324037028871	-2.04819157950953	164.4
844.721	0.104542579927047	2.2505753506259	961.8
141.97371	0.1051939415013	2.08437604063358	990.6
823.58151	0.106941301425383	2.09194515417081	151.2
376.16467	0.107677828463728	2.05162051513676	580.2
196.89482	0.108013227958063	2.02943505629305	600.6
112.96221	0.109289713967414	2.01202387326355	982.8
144.03032	0.109289713967414	-2.07092690766625	201.6
254.91347	0.109333725529635	-2.11680509379852	580.2
732.09137	0.109646567507375	2.22398316960376	961.2
174.92411	0.110052972218404	-2.03379715415544	990.6
259.0114	0.110116888333847	2.06688960483952	442.8
572.08034	0.110116888333847	-2.01962054431554	462
199.13404	0.110140875500044	2.03245292518963	90.6
536.70427	0.110140875500044	2.10424107280837	990.6
138.89009	0.110439968195552	-2.09932473065007	396.6
402.01119	0.111001830047979	-2.12818059273869	630
723.5173	0.111153706691041	-2.14657133256029	87.6
168.85005	0.11115948435031	2.02092331490582	411.6
219.08879	0.111340499828632	-2.15036422092719	167.4
198.91804	0.111740776764393	2.08058337238869	817.8
132.92244	0.113282810693021	2.05229428173892	415.8
512.68581	0.113543374845322	-2.17189181442673	993.6
610.37254	0.113679810432745	-2.01740587579214	93
160.00738	0.11422323903958401	1.98673590930533	511.2
236.90273	0.115655075998648	-2.04400197478112	580.2
602.67583	0.117587332332774	2.04069207639665	987.6
183.01091	0.118122073156426	-1.96947785648118	81.6
653.30122	0.118577065839299	2.16050949409809	80.4
768.55038	0.118774139202089	-2.1023216167649	134.4
620.64774	0.119335671556062	2.00781159374	991.8
749.5337	0.119335671556062	-2.08762571185622	127.2
846.58704	0.119335671556062	-1.96069621378007	148.2
404.04334	0.119498863902076	-2.0159996522798	645.6
498.70992	0.119633483124549	1.94894755816342	991.8
327.18034	0.11995987865353	-1.94696788061726	81.6
198.89331	0.120661779653097	-2.0555521614132	598.8
242.07849	0.120661779653097	-2.01105891330642	556.8
304.01613	0.120661779653097	1.93922505412748	405
176.81743	0.121209654589315	1.92573482212827	378.6
835.53309	0.123612686301484	-2.04735224272652	78
306.01315	0.124211799799863	1.95357589583614	406.2
380.13131	0.124211799799863	1.94103132299086	301.2
190.14497	0.126990384281341	2.08640164437644	130.8
501.66579	0.126990384281341	1.98778801704471	174
496.71192	0.12722570309121	1.92367752173136	991.8
285.53668	0.127541775650023	-1.9478986305575	461.4
229.08301	0.127790852017048	-2.01577712512065	555.6
400.12991	0.128138726105918	-1.97632969385137	444
178.07325	0.128458901532649	1.97725664568332	189.6
186.07268	0.129172526932264	-2.0405528103381	164.4
462.2994	0.129199961707131	-1.88151463080739	162
202.0035	0.130975137274801	1.87331790331299	519
437.02593	0.131463888714874	-2.02635272841775	462
674.64172	0.131619938279484	-2.02246049791574	993.6
245.9457	0.131686605422341	-1.96185706473853	271.8
897.70266	0.132215392857675	2.04427507176229	961.2
407.00387	0.132351360331886	-1.88533159461059	508.8
220.76695	0.132475021392011	1.86898557205052	372.6
204.80035	0.132630448835659	1.8713264265886	408.6
115.92076	0.133575479496208	-1.91671725250025	382.8
96.94986	0.134173075519728	1.86799275297649	579
328.04596	0.135295745183522	-2.0194369024857	245.4
445.0171	0.135994743578133	-1.89872628294112	570.6
857.51868	0.136650783975572	1.93357934924411	78
262.11266	0.136942432696783	-1.95358089002338	573.6
166.97517	0.137990738284213	1.83462645891025	645.6
148.86051	0.13866232263712	1.91875013828494	406.8
652.04651	0.139619731665817	-1.86697191974274	619.2
432.7379	0.13968717066288	-1.9552234798109	991.8
386.03382	0.140228034893085	-1.94831522662118	688.2
183.99284	0.140590051312686	-1.85460018544987	273.6
819.55871	0.140702013299735	-1.83347879440058	88.8
178.01808	0.140821971554367	1.81894555735474	220.2
446.16844	0.141370995613532	-1.81828615990741	336.6
115.92073	0.142384611902571	1.82943276492716	540
158.91182	0.142384611902571	1.83627177068777	988.8
171.84786	0.142976892216454	1.80990303664887	371.4
130.08739	0.143435599631297	-1.9554184221602	438
785.15322	0.143462778395849	1.80927533909987	406.2
169.09835	0.143863228480936	-1.93411270227131	407.4
228.09893	0.143966967461589	1.84407460059359	511.2
792.5398	0.143966967461589	-1.99708285325049	90.6
802.73523	0.143966967461589	1.9612961541229	961.8
835.53364	0.143966967461589	-1.91460813788814	78.6
300.00896	0.144152683503147	1.80296833515537	371.4
598.66642	0.145329959178986	-1.83912170467179	993.6
171.02005	0.145369581365583	-1.83440808865856	973.2
255.83759	0.145369581365583	1.82933693717935	407.4
339.19996	0.145369581365583	-1.80018876825331	81.6
219.08787	0.14572489703789	-1.85130903072144	199.2
416.84245	0.148026453735913	1.78790243600455	1028.4
463.28351	0.150474481486446	1.79117915281905	94.2
202.07221	0.152605853677029	1.76454967938638	418.2
152.92723	0.154368501418549	1.76487147785362	580.2
231.0987	0.15502046810687	-1.78059937233236	492
261.10927	0.155441010518443	-1.74823398475647	574.8
276.86118	0.156151011767225	1.75017340937833	586.2
164.83962	0.156537844356958	1.7471839836324	410.4
117.01938	0.157616546952897	1.79908987693175	552.6
765.56913	0.157616546952897	-1.74238302679655	160.8
763.56104	0.158208531571318	-1.83011748608838	93
170.84717	0.159786742182146	1.76215227274988	411.6
167.85165	0.162347083126325	1.75689738225569	371.4
72.98624	0.164087049596858	1.76390796943664	990.6
385.17266	0.16454903392627	-1.71588525301586	162
283.11096	0.167280174034551	1.70880381472793	82.8
145.99869	0.169956375886952	1.69708741646179	519
323.04815	0.169956375886952	-1.70116008149084	577.8
336.87792	0.170401512660854	1.75286018822301	648
261.97881	0.171698582369849	1.7487719562905	463.8
237.12461	0.172554724909449	1.67757306032319	96.6
249.05517	0.172713039994759	1.74757085248726	500.4
312.01151	0.176062907478284	-1.73790444538746	364.2
199.0375	0.178555298018372	-1.81384013324441	481.2
266.96788	0.179592376293562	1.69331985917426	591.6
198.91805	0.179849226455604	1.64798170106302	910.8
584.35704	0.180244918268219	1.68174912494504	94.2
139.97559	0.182342003379859	1.67095038723631	988.8
571.28874	0.182342003379859	-1.72968285714423	91.8
744.08439	0.183338280043381	1.6510956014082	637.2
302.007	0.184132317559206	1.64213500153865	372
616.47169	0.184429304017719	-1.76545847004156	160.8
764.56472	0.184429304017719	-1.75251473427966	160.8
350.87051	0.184489658222565	1.63868869646771	1028.4
169.84972	0.186197859395131	1.64819225612973	371.4
344.96479	0.186197859395131	1.62236716617327	540
554.30976	0.186197859395131	-1.66780731534983	95.4
363.01647	0.187253970037906	-1.63863865680012	273.6
171.02003	0.187357675407048	-1.64423408256134	503.4
221.15462	0.190171923384024	1.60801878570197	85.2
596.6682	0.192036263862786	1.61416265729197	993.6
282.08458	0.192242505796703	-1.65998891825978	607.2
447.13448	0.192242505796703	1.70248471799605	84.6
754.08171	0.192242505796703	1.71058664268281	960.6
214.03339	0.192948533655746	-1.62355384935289	473.4
250.93968	0.196453955371941	-1.72384868573798	964.2
153.03063	0.197791096313671	1.61958688250096	347.4
110.98522	0.198430771797167	-1.58232831544615	519
194.90589	0.198430771797167	-1.66621255450664	761.4
734.57959	0.198430771797167	-1.66096879643324	994.8
460.75426	0.199691933328047	1.57295452840555	990.6
146.96606	0.209150583833512	-1.54808550191211	245.4
347.10337	0.209664998947448	1.53868667721909	449.4
177.03396	0.213143892589567	1.54973803173209	512.4
156.91979	0.213516620454907	1.56025683505239	988.8
227.09264	0.214707301348008	1.52452652825171	164.4
894.47221	0.21614628396592	-1.5695622973908	994.8
223.9565	0.216334626400909	-1.53747615021704	394.8
198.91799	0.216699863765985	1.58682076431047	690
129.54068	0.217248031965007	-1.59154248587368	511.2
243.06238	0.217617968005267	1.51489965089033	622.8
227.20182	0.218329311136378	1.60747358975635	157.8
234.80307	0.218884136807602	-1.50782078263501	405
492.34616	0.219851308538957	1.51961912324412	93
432.57679	0.220159670921645	1.52019625971698	456.6
157.07721	0.220475373082482	-1.51152389939259	263.4
158.85137	0.220475373082482	1.54716839275389	371.4
385.17882	0.220475373082482	1.55130080522455	88.8
303.00205	0.220680413010544	-1.52485007901916	426
913.57976	0.223136320757776	-1.57222250788727	78
291.89535	0.22381542064541	1.53003292257399	961.8
224.91577	0.223854948519341	1.5309087758756	965.4
190.00989	0.224260933708148	-1.49254521877042	273.6
250.05887	0.226262447237097	1.52410534955174	499.2
367.99854	0.226815478691965	1.47903533581662	512.4
184.95486	0.22778517674995	1.4779712802179	678.6
443.10742	0.228067986807325	-1.54131971480979	234
116.98565	0.228936668929407	1.55527058229135	990.6
194.90056	0.230363009938057	-1.57327394020717	671.4
136.89179	0.231317374216961	-1.51894955253624	396.6
476.72821	0.234666694313596	-1.51319140441097	991.8
306.07681	0.236113741904253	-1.49451217295524	409.2
296.82027	0.237114449763646	1.45989717634605	675.6
389.17704	0.23724097387928	1.47569229425714	580.2
474.73018	0.23724097387928	-1.52784673779452	991.8
134.89477	0.238113482230122	-1.50477629418674	396.6
618.65009	0.238369541709667	1.44036791099173	993.6
346.05605	0.238724858541931	1.4389608592223	410.4
336.12052	0.241158744899576	1.45883053899631	402
250.05032	0.241817754700051	1.45651733861054	409.2
328.16869	0.242948649609179	-1.46539131683772	402
342.96949	0.243268263879026	1.42485269382164	540
160.84948	0.24473707458796	1.4675551411004	370.2
249.04951	0.24473707458796	1.42590985871198	249.6
307.08049	0.244972028455702	-1.4266442767607	409.2
224.88941	0.245154545935923	1.41848577284131	984.6
392.78474	0.245216455555216	-1.50298343393974	993.6
281.1121	0.245689030956252	-1.41755362147141	283.2
118.95767	0.245821452374187	1.41628681848179	990.6
298.13782	0.246074143731044	1.4146489815847	103.2
206.04687	0.247416994674835	-1.47236705566182	58.8
199.00147	0.247438677150727	-1.43599356646429	449.4
365.13547	0.24750978157475	-1.41064615010486	504.6
97.98386	0.247618592795646	1.41785666129719	990.6
312.01153	0.247980584026786	-1.41008062656327	1249.8
216.9286	0.2486920820968	1.4037205431947	817.8
297.13449	0.2486920820968	1.40483104023462	103.8
307.11235	0.24883237066338	1.47324936350167	97.8
323.11408	0.24883237066338	-1.40687185589087	90.6
202.94615	0.249733196890352	1.4207495087838	983.4
538.70196	0.25091910916319	1.4194667580292	991.8
132.9003	0.252182988640753	-1.44847855359731	396.6
152.93614	0.256334646797459	1.38141493247939	991.8
146.08233	0.256390163062809	-1.4128881586141	415.8
616.47162	0.257018993879613	-1.44455365476435	93
500.70805	0.257484909072562	1.38229999030107	991.8
554.31002	0.260245004709983	-1.37216028161722	164.4
418.76216	0.260294315243651	1.37252422939309	990.6
251.46994	0.260809562242868	-1.37261399491537	679.8
187.13403	0.260994324565467	-1.44479596719267	160.8
618.25222	0.261072805413657	-1.39730576123371	508.8
171.83167	0.261244093804178	-1.40514549464092	397.8
228.80384	0.261864572545054	-1.37741256083287	405
795.55731	0.261864572545054	-1.37591904088109	155.4
103.04013	0.264457489036053	1.37801369136278	241.2
137.89188	0.264776685887224	-1.41070147351495	397.2
176.92673	0.265183191480268	1.40430223243596	648
322.0446	0.266223009387375	-1.36001308688607	576.6
391.12956	0.26757481716997	-1.35258542824112	334.8
194.00469	0.267975391693199	1.34398077138037	547.2
429.03047	0.271005957922014	-1.33817129897346	548.4
178.06701	0.272162047373666	1.41424793393966	13.2
377.14067	0.272712677794297	-1.33409549472305	993.6
116.99365	0.275330357962599	1.32504623874232	990.6
158.0435	0.278214809878382	-1.37174014281233	472.2
724.52193	0.278475733975137	-1.32640023525625	86.4
179.05625	0.279040872491735	1.40216554272683	439.8
844.56974	0.280422161131972	-1.40200716473272	87.6
687.41165	0.282897501168924	-1.36140478181403	81.6
185.07471	0.286965014876351	-1.36245842442749	82.2
362.05099	0.290702494496137	-1.30643504649896	607.8
87.04515	0.292895635523094	-1.29832710151201	90.6
185.07475	0.292895635523094	-1.27894983152077	164.4
253.09314	0.292895635523094	-1.36029661549856	427.2
127.99639	0.294000974011627	-1.35282979230327	274.8
230.80135	0.294646586175902	-1.27532086253721	403.2
197.80798	0.298597666232514	-1.31728902993826	397.8
192.58422	0.299767251356705	-1.30375262970405	162
671.41722	0.301731527109308	-1.30565660219118	81.6
420.99521	0.304527464211915	-1.29884964392697	552.6
198.9053	0.305566140138316	1.24993004894738	988.8
248.0577	0.305566140138316	1.28354613129793	462
409.14006	0.305566140138316	1.28189391263638	339
776.56088	0.305566140138316	-1.25226227811856	136.2
391.57171	0.307619660817859	-1.26383340296709	405
75.00856	0.308040626622932	-1.23900677595	142.8
174.07719	0.30971488044142	1.31083801695836	504.6
74.96763	0.31038590825042	1.2352563040586	990.6
788.54584	0.312347786422169	-1.28668931486812	80.4
378.76923	0.312561976911525	-1.22900042320868	990.6
91.03021	0.313383090061033	1.22365926338261	340.8
207.13918	0.315806660902448	1.22363866852766	87.6
257.07853	0.31612801966903	-1.22271230617743	507
476.27872	0.31717850681468	-1.22122079530651	94.8
265.14808	0.317410680201803	1.24655589343053	442.2
482.25482	0.317410680201803	-1.2401775486596	169.8
911.5653	0.317410680201803	-1.25936339792475	78
390.28657	0.325654691150014	1.2476724285538	87.6
228.93196	0.329434702068476	1.23998152964251	57.6
281.08945	0.330216614214725	1.18281869143027	179.4
457.248	0.330216614214725	1.23125918562993	463.8
207.13921	0.330578806795482	1.20715720378297	1156.8
163.06139	0.333129625162087	1.17611442732545	103.2
836.54341	0.333329133404942	-1.20091352079421	78
194.94659	0.333701121611931	1.20794929589856	765.6
482.98036	0.334950415177132	-1.19275902356024	684
203.06743	0.335893594908651	-1.16844328878119	561
460.02833	0.336568320362469	1.1671033987133	607.2
428.02674	0.337209576776911	-1.16569809229292	549.6
238.10868	0.338334241744723	-1.21920993317895	157.8
236.79971	0.34003105157047	-1.16926022850863	403.2
838.55886	0.340515318232511	-1.19931507024386	79.2
270.7983	0.342975762700776	1.17246282630651	405
117.92875	0.343214995473889	1.17577318103138	441.6
95.98577	0.346467084370241	1.15473264429248	990.6
132.86795	0.347010972781729	-1.14699988087287	1308.6
244.90608	0.347013741974792	-1.20748606686033	1028.4
238.86497	0.34789569701263	-1.18597052440431	990.6
339.32677	0.351418110404402	1.15039529576369	80.4
146.02481	0.351653480611262	-1.13419912013026	500.4
144.03028	0.357347540451587	-1.12597601597568	291.6
134.92559	0.357674978059266	1.12202095401873	991.8
109.04075	0.358396300327556	1.11715629756977	339
535.03755	0.358646470887717	-1.16979702628925	596.4
261.07294	0.359376825755527	1.16847211863296	519
216.92856	0.35971409005772	1.14991122937513	688.2
482.96173	0.361233177449944	1.1100585695239	659.4
473.28295	0.362031623992241	1.12139811788579	142.8
317.07901	0.365897448248718	-1.10702379586352	274.8
167.07139	0.367412773691391	1.09482351213329	81.6
157.12344	0.367912551234794	1.09574890272389	91.8
238.80184	0.368947711213827	-1.13552803160228	405
178.56872	0.371054686169411	-1.08651737451942	165.6
334.87983	0.374247211236289	1.11293905266284	588
235.01999	0.376164916499643	-1.13498467445667	350.4
534.48983	0.380540531399656	-1.12135751453152	83.4
120.99658	0.381842642885504	-1.07769919668159	1309.8
225.16906	0.381852544598577	-1.08535097975374	167.4
736.57726	0.381852544598577	-1.08320222515211	994.8
154.08748	0.383998094211749	-1.0602692339164	163.2
326.18799	0.383998094211749	-1.05735271122691	156.6
448.13787	0.385620126489037	1.10412726136677	84
395.24405	0.388495713096503	-1.07697838198448	82.8
230.99118000000001	0.38931926759536	1.04966465674963	587.4
402.99527	0.390207233033693	-1.09719221151238	664.2
764.564	0.391417448960163	-1.07843261291432	93
471.07079	0.391737845225257	-1.06538226443207	493.8
419.93353	0.39327041266036	1.07527752982478	403.2
301.16596	0.394720893698891	1.03974086120514	90.6
170.83319	0.39730055456528	-1.05496797486493	409.2
116.92559	0.39897376752848	1.03287379224201	990.6
279.12397	0.399205412768567	-1.02661426069593	88.8
418.04029	0.410997222558852	-1.001570224637	739.8
524.29988	0.410997222558852	1.03669441676144	88.8
174.94683	0.413237983899628	1.00711875312233	579
192.91975	0.415162122689009	1.00019703312043	922.2
266.90065	0.417073752126927	-0.988959684797469	645.6
298.11449	0.417073752126927	1.0077721798946	473.4
506.92871	0.417358561479499	-1.00808566265464	660
192.08266	0.421974929041434	-0.980345990024913	79.2
272.83784000000003	0.423222080496925	-0.998726612680835	993.6
393.76901	0.423222080496925	-1.0032482272965	79.2
481.24544	0.423222080496925	0.990517128619024	441
315.02353	0.423343438130806	0.989512445015884	174
335.14327	0.423343438130806	-0.978903160389056	406.2
283.13701	0.423560601958825	-0.973897179048986	84
283.26439	0.424409540888915	0.974717469688569	85.2
205.07516	0.427741147616746	0.972957216046239	409.2
260.89264	0.427741147616746	0.968244088448023	874.2
158.12684	0.431707084030488	0.957470356410476	92.4
134.91604	0.439697728269085	-0.949389226751708	991.8
174.96263	0.440326113088133	0.948428349472088	984.6
199.59216	0.440326113088133	-0.94047059696872	162
493.94641	0.440326113088133	-0.97070787413965	658.2
909.54946	0.440326113088133	-0.977328168409262	78
438.27091	0.441455118309204	0.938033387210023	94.2
117.92876	0.442714938239948	0.971394300072505	364.2
162.95348	0.442714938239948	-0.934866370921999	991.8
583.34489	0.443227010784802	0.938202947372471	94.2
200.90346	0.443853694765891	0.93369516999542	988.8
205.15977	0.449632686155905	-0.921595630949193	90.6
266.80412	0.450490204210037	0.920344851357739	405
152.07178	0.462855755973003	-0.898600929814279	163.2
179.88441	0.464066347271965	-0.908807648715963	594.6
179.88462	0.464742876543021	-0.930242819718215	671.4
115.04008	0.46579358682478	-0.898954307998828	88.8
436.77397	0.466906745898042	-0.914296142196649	990.6
612.27006	0.470816554750692	-0.889486363474899	739.8
287.04985	0.471664432711356	0.882346816929867	537.6
231.95553	0.476395913193564	0.878336663869787	540
328.87937	0.476761816658596	0.871831420314995	964.2
127.99639	0.476910008952529	0.902708370171199	519
194.89103	0.480897634771313	0.866068603303017	654
337.14018	0.482484253763257	-0.862804564059398	407.4
155.00999	0.483518966740084	-0.859763669330879	271.8
383.11462	0.484946135295644	-0.856397694362537	452.4
132.97299	0.485071610025659	-0.867280437122469	586.2
191.05614	0.489593707726819	0.861726499654678	507
197.05661	0.489593707726819	-0.848141500969938	510
258.83733	0.490222588245132	0.845458244980683	407.4
311.29579	0.490222588245132	0.847015960865974	82.8
416.76135	0.491594594768579	-0.865435897527257	78
154.88085	0.492624601878173	-0.840182909223953	406.2
420.02164	0.492624601878173	0.848791459859054	577.8
558.06445	0.493823588578236	-0.837654310385829	546
200.08837	0.4969982598648	-0.833335803387766	160.8
239.14031	0.4969982598648	0.861606556323864	157.8
371.15694	0.497134800644747	-0.83100269943911	164.4
255.23319	0.497589519090707	0.835884132302046	86.4
117.92877	0.498069519306149	-0.84330439744485	38.4
219.17547	0.499059588189374	-0.828622974595481	91.8
251.20171	0.501578538474931	0.83197771844898	86.4
265.14816	0.501578538474931	-0.845186069741619	157.8
767.54389	0.501578538474931	-0.843304728008996	130.8
554.67591	0.50378043480161006	-0.817690220168698	993.6
340.05525	0.507712686629163	-0.832178390396853	339.6
101.06082	0.508704349052809	0.807657562436265	166.2
372.10507	0.508704349052809	0.808145351737853	234
743.54224	0.508704349052809	-0.81862228499542	92.4
822.57786	0.509504722807957	0.811723792520661	151.2
216.92862	0.510141470040715	0.807688422330159	764.4
138.05615	0.510786357811021	0.830392417471706	172.8
132.94641	0.512013616875284	0.806912133256562	410.4
152.53458	0.512013616875284	0.801188033724832	511.2
72.95269	0.512199530854563	-0.803742089172373	990.6
190.07222	0.514303445943092	0.79959456435336	214.2
504.93007	0.519498918909375	-0.799413079201197	659.4
272.79535	0.519736546105594	0.807117734929271	405
260.89264	0.521992390231912	0.782854557242784	928.2
297.15319	0.523431688206163	0.795783786791108	4.2
236.8613	0.524491764476229	0.78380907942853	990.6
206.95	0.526008128248529	-0.775396351055619	57.6
134.94345	0.528082367747315	0.777769765634875	410.4
378.09779	0.531914248936304	-0.765319825485468	441
303.01492	0.53350509046407	0.765694618446762	538.8
376.77136	0.53350509046407	-0.761443615553632	990.6
200.90929	0.537350228269769	0.762638754041856	988.8
216.85389	0.537350228269769	-0.76183918472283	745.2
158.98885	0.539466578175551	-0.764936065711295	963
421.00575	0.540396063012093	0.765626022795614	579
87.04519	0.540880192840619	0.75218519735253	168.6
310.87804	0.541323663895406	-0.769530260827501	1028.4
584.35714	0.544670564377977	0.740607340765068	162
385.09322	0.548946077618953	0.73510993073585	167.4
78.95894	0.548959498629274	-0.741414599557682	410.4
274.87261	0.550984447547634	-0.731821971577439	675.6
421.22689	0.550984447547634	0.73010044478379	80.4
885.54995	0.551922277941279	-0.742198724394558	78
321.08738	0.553144083300898	0.727079605608113	521.4
179.04622	0.558307348120418	0.725544569722398	511.2
406.00192	0.558307348120418	-0.719133261762076	508.8
421.93052	0.559277113945002	0.715053921555117	403.2
348.10662	0.560719591237096	0.71171069944139	451.2
187.10879	0.56114552770126	0.725976866408767	407.4
402.99509	0.561408886842286	-0.713808682976998	610.2
96.96064	0.561636149127811	-0.734836803810162	587.4
520.27026	0.561636149127811	0.72155220354456	339
146.96607	0.564415513923254	-0.708542566494352	4.8
669.29674	0.571129423676588	0.695189527011926	79.2
133.05073	0.571345315869742	0.696973397675186	197.4
271.10234	0.571345315869742	-0.692777583720614	477
423.92745	0.571962660925126	0.696048042969609	403.2
442.22465	0.57432308340933	-0.69203002249815	273.6
598.28348	0.57432308340933	0.69627029282747	510
111.03938	0.575273460016017	0.686883146473659	339.6
169.83421	0.576375248468655	-0.68629173570684	397.8
253.21772	0.578880113857492	0.692652706299335	85.2
361.99635	0.578880113857492	0.678661956916506	511.2
132.86797	0.582791380591376	-0.679100245219486	407.4
98.95588	0.584747211121454	0.687428481604734	585
234.87239	0.585191333436371	0.667914613515371	58.8
155.97596	0.586348240881899	-0.665280962866908	473.4
848.60236	0.587116456187961	-0.685770088889097	155.4
132.86792	0.589292118549973	-0.671631416253065	142.8
78.9589	0.589303983043236	0.666578535042768	529.2
238.79663	0.589833681655396	-0.667521600950186	405.6
212.83946	0.59111363316024	0.657312565095497	406.2
279.18038	0.593060397420253	-0.653080108568345	156.6
152.88372	0.594396079864962	0.649891026258941	406.2
160.84216	0.594396079864962	-0.651148970927161	409.2
539.8797	0.595502606512638	0.653180699236068	659.4
264.06044	0.595971324976381	0.647539427262583	340.8
143.97589	0.596571137299868	0.646703662557344	540
210.84239	0.597294945728567	0.643232649159908	406.2
146.02484	0.598014869977907	-0.652078079568114	385.2
355.09823	0.598131888636895	0.64087893973843	57.6
178.06697	0.598824439800693	-0.639352161718847	165.6
490.28132	0.599120908477901	-0.650022165658307	78.6
873.60412	0.599120908477901	0.651110882666867	90.6
216.92863	0.601877574470383	0.638536390320665	912
150.88657	0.603477643807227	-0.634154061339336	405.6
190.89202	0.606449932956331	0.627468791360803	991.8
359.08622	0.608754879438414	-0.622555503422599	574.8
351.15563	0.612386099833602	0.628901399629442	406.2
431.12179	0.612890793246443	0.615295232852858	340.8
121.04077	0.615841972371847	0.61344335756231	164.4
191.01988	0.615841972371847	0.624449150939586	679.8
407.22071	0.616274520032779	-0.621905520584958	95.4
210.08848	0.61757017507526	0.620618647251902	511.2
217.91927	0.61757017507526	-0.609438154413667	990.6
176.05648	0.618156086699025	0.608257737489681	277.8
197.89507	0.619578243409037	-0.615565036769935	672.6
241.92938	0.619877879584064	-0.60943792151709	394.8
111.00884	0.622643570232567	-0.614695277620193	678.6
412.18417	0.626389834449657	-0.591452386831158	340.8
134.86501	0.626996112974274	-0.596760266177613	142.8
453.16646	0.626996112974274	0.591561395386976	339.6
183.09283	0.628431544639204	0.58677328063807	216
174.93749	0.628645694150303	0.585954840764417	652.8
185.97152	0.637131800546733	-0.579978052698889	964.2
242.07857	0.637753571341423	0.574115001509053	339
413.19719	0.637753571341423	0.571720001278785	88.8
744.55571	0.6419039788147	0.569506336425655	152.4
457.88814	0.645962872331216	0.559410673785058	576.6
531.91967	0.650310645828768	-0.559715498718824	577.8
146.02485	0.653103563056653	-0.55000891051934	336
361.97489	0.656210185547792	0.543559445432993	403.2
391.11903	0.659148965922852	-0.54602572431361	241.2
365.96832	0.659917661487038	-0.544991061981535	403.2
363.97186	0.66278809549581	0.532997377315271	403.2
265.14801	0.665008042054245	0.544453355279937	82.8
489.27797	0.668793078004717	-0.5382278202463	79.2
378.80216	0.669263549074	-0.527319539511901	1012.8
323.02874	0.676835337542071	-0.519329631473102	549.6
827.40171	0.678223656562025	-0.510405878882439	88.2
149.06079	0.680543005282879	0.507225294673744	164.4
171.02019	0.683461655769962	-0.502459000383689	1187.4
149.04691	0.686602208288687	0.496488042552712	187.8
254.69809	0.687203034906798	0.502696023980183	172.8
457.18712	0.6877047618638	-0.495456156782565	88.8
345.01064	0.687998587268663	0.49522843655653	551.4
240.87108	0.691875803671272	-0.49160248289601	60
340.81333	0.691875803671272	-0.489577498302259	990.6
586.36328	0.691875803671272	0.486395962388002	162
236.80487	0.697239012572284	-0.48397543562443	405
153.06709	0.698708125556064	0.478337701098172	510
443.24747	0.700620495599028	0.480770302068375	84
736.52973	0.706008415816602	0.466693504268199	89.4
349.16185	0.709237958119714	0.462988779267316	469.2
146.9661	0.713847310685827	0.45575959044509	60
157.0368	0.713847310685827	-0.454989578306425	420
349.15878	0.713847310685827	0.456984146244905	407.4
538.88166	0.713847310685827	0.452231177897706	658.2
226.99641	0.714112225207532	-0.451175213369369	593.4
575.05912	0.720912680387832	0.4450164433707	403.2
588.07528	0.72148211517496	0.440415077053993	638.4
153.86873	0.723074388876393	-0.438420353618933	393.6
196.89493	0.723074388876393	-0.443150335756827	671.4
370.02468	0.7330352794968	0.424061901414597	340.8
310.12967	0.734260193311828	0.42297869954587	106.8
262.90743	0.735515822730841	0.419178871262737	964.2
768.54886	0.73845878031175	-0.423455564028453	87.6
134.86542	0.742072840821719	-0.410890627369616	409.2
136.86319	0.743252431111436	-0.409592943093482	407.4
180.04164	0.743252431111436	0.414821597900782	203.4
559.98157	0.743252431111436	-0.410752654878562	741
234.97855	0.743390864223212	-0.408279806679499	520.2
111.00884	0.74903814675433	-0.407877722820541	741
98.94915	0.749941740027258	-0.39847467669768	1207.8
784.15032	0.750167093593011	0.399907117831722	406.2
584.26797	0.767203494692554	-0.372605907336653	510
163.06138	0.769772718320193	0.371238302839186	163.2
297.13449	0.772990879835792	0.365888400507104	163.2
171.0664	0.77364539599484194	-0.366293054259201	165.6
196.92591	0.776785421473871	0.358352792204428	991.8
232.80131	0.776785421473871	-0.357534778201063	405
515.68133	0.777950715087371	-0.358242244056357	172.8
390.08197	0.779040592914866	0.360215707329071	439.8
194.90045	0.781042651621086	-0.35089332349009	600.6
136.86327	0.783208096062737	-0.346121387337726	1309.8
265.14822	0.783208096062737	0.349814871610672	14.4
145.01429	0.784450446831142	0.349356699032148	564
302.136	0.785334720992475	0.343617524787207	403.2
849.60599	0.7867176710098	-0.340216434066183	155.4
140.97826	0.787595275312986	-0.338023614594405	58.8
178.88433	0.787595275312986	0.338571819846165	596.4
344.03557	0.789797594016667	0.339701108120872	172.8
112.93738	0.794101642709112	-0.329332047138291	771.6
178.06694	0.794370407923256	0.327875384045567	87.6
325.18459	0.806471165881073	-0.310411208890692	13.2
342.56718	0.806471165881073	0.309972999108514	283.2
850.60887	0.806471165881073	-0.317003417184638	155.4
156.92117	0.809471519548805	0.305878407780874	213
218.91978	0.809471519548805	0.305282695403525	990.6
174.93018	0.812259204808231	0.300856849646937	990.6
91.02212	0.816350096008808	-0.295071202145378	156.6
194.90589	0.819564547497166	-0.292348097862626	58.8
300.85969	0.825468160879369	-0.2827464071961	990.6
297.15305	0.826830570838347	-0.28352944319067	183.6
311.16901	0.834604261059031	-0.271185729643055	13.2
822.57694	0.834889254793237	-0.270747743388495	90.6
116.93356	0.837048247398697	-0.265004697646212	990.6
312.01154	0.837048247398697	-0.266107657301395	1313.4
686.14114	0.837738032298733	0.263226744219145	284.4
85.02951	0.839063084569111	-0.266252379075783	651
115.07649	0.841846000460928	-0.257415014941367	164.4
462.06734	0.8430503782876	-0.256016013418269	678.6
716.52416	0.845993158510456	-0.25492371530254	93
293.17596	0.850350702098999	0.244545275721362	156.6
658.66772	0.852621825783684	0.240844583070101	993.6
312.01152	0.855029437530669	0.237922640214978	57.6
74.97375	0.856510675559504	-0.23471450075996	990.6
254.86314	0.859081288384416	-0.230886752867178	991.8
377.7749	0.860034704945118	-0.229886079231159	990.6
79.95676	0.866495136187975	0.222983416979644	162
192.91972	0.866908249858386	0.219072497069922	715.2
481.97782	0.866908249858386	-0.218638078886551	679.8
487.10035	0.870486206808088	0.212933874591312	548.4
552.67845	0.870486206808088	-0.215478660179747	993.6
601.22042	0.870764539886364	0.214183589961781	552.6
136.9497	0.874495466208747	-0.206022124323032	919.2
192.08269	0.874495466208747	0.206337260566298	13.2
872.59959	0.874874407634813	0.210209799351114	90.6
376.81031	0.876096004264402	0.205902538365537	990.6
404.0547	0.878018826781518	-0.200280658412175	510
363.99224	0.879264412466048	-0.198397849449013	511.2
697.29153	0.888941186756689	0.185512506022576	81.6
343.09229	0.889980328406807	-0.18344934542862	381
156.92117	0.890607870351548	0.181578121495713	366
474.21382	0.893344289068994	-0.178993736051126	89.4
284.12546	0.894131759182394	0.177772938851661	403.2
506.32541	0.894131759182394	0.174778867100729	93.6
766.54056	0.894131759182394	-0.176833441890748	129.6
152.0466	0.895299632740521	-0.17305529187932	340.8
237.07706	0.895299632740521	-0.172503366072927	166.2
280.02299	0.89573928704899	-0.172375410840052	549.6
135.54069	0.897843878093086	0.167931395168639	510
403.30691	0.901412467350946	-0.162770855274943	87.6
198.89339	0.908706857378501	-0.154255274718558	672
344.11023	0.908706857378501	-0.15256129008405	474.6
869.53205	0.915553633937039	0.142621425440169	76.8
72.0088	0.916171641127294	-0.143252782808545	533.4
366.99011	0.916171641127294	-0.14090539922995	510
155.86581	0.916827714627777	-0.139163390193103	393.6
305.06906	0.918349955881217	0.137159573529687	630
219.08869	0.919602129273832	-0.134433626852809	101.4
558.71178	0.919602129273832	-0.133836108581133	991.8
168.99951	0.922107175759767	-0.130011923091634	174
629.89627	0.925884255241405	0.126414060835826	577.8
146.02484	0.934261035906885	0.113175314517882	436.8
818.55576	0.934261035906885	-0.114662555777167	127.2
250.1453	0.935825836519077	-0.110490708568901	81.6
98.97393	0.94026086085283	0.104368260339415	410.4
699.4978	0.94026086085283	-0.104410421924979	145.8
756.56117	0.94026086085283	-0.102916629357468	994.8
696.62309	0.941326655436439	-0.100818274929317	994.8
249.11364	0.944750189471926	-0.0961076266416859	88.8
208.84535	0.945220533206335	-0.0951098641950716	406.2
165.04085	0.949154704717442	-0.0876168182059171	93
170.04352	0.949154704717442	-0.0886462847402941	473.4
184.03801	0.949154704717442	0.0904262558165185	537.6
146.02483	0.951674796147926	0.0842841418684929	162
161.04555	0.951674796147926	-0.0839586273257591	510
115.92079	0.956098176915565	-0.0769575280125268	472.2
344.03279	0.961274585874718	0.0710533377827869	512.4
81.04575	0.961293106669393	-0.0690288820555904	342.6
292.20362	0.964758072627065	0.0640445112352631	89.4
217.08302	0.965430375647256	0.0619677662703837	274.8
223.0284	0.965430375647256	0.0621496669045799	86.4
106.98091	0.966615399443196	0.0592389570586024	164.4
310.11461	0.966615399443196	0.0592316180612822	475.8
391.06692	0.966615399443196	-0.0584287484635051	451.2
174.94697	0.967998869475231	0.0540860825370656	409.2
176.94221	0.967998869475231	-0.0559797106522983	923.4
341.02715	0.967998869475231	0.0550739925545522	398.4
674.61438	0.967998869475231	-0.0549928644911171	994.8
108.99627	0.968417597964676	0.0517923155511729	144.6
286.06994	0.968417597964676	0.0525686334820331	287.4
357.14136	0.968417597964676	0.0516314898126376	166.2
727.87233	0.969175542505307	-0.0509824826274098	577.8
163.07656	0.972481561428439	-0.044719635675675	90.6
173.92943	0.972481561428439	0.0449407645488779	990.6
172.9174	0.973719771098861	-0.0422246676173267	991.8
416.02679	0.976787615119996	-0.0376661069419484	548.4
328.80427	0.977009991731366	-0.0368441673129201	994.8
188.93945	0.979341320820872	-0.0329262504619785	57.6
308.0484	0.979341320820872	-0.0326449937006803	648.6
231.10289	0.979466640326544	0.0316227091644146	88.8
100.94616	0.984726288436749	0.0243488000884596	1206.6
292.20368	0.988898413738995	0.0183391290689126	156.6
201.03817	0.989305560456438	0.0173083353279206	577.8
345.05559	0.989709016560008	0.0158659668418986	351.6
362.0374	0.992774135171699	0.0112851113971794	339
422.95422	0.994840364688222	0.00803797891355887	551.4
132.86789	0.997265780836561	-0.00424819403387559	86.4
806.55448	0.999665700859423	-4.31721331295013e-4	90.6
