Pathway,Mummichog_Pvals,GSEA_Pvals,Combined_Pvals,Run,N_features
Purine metabolism,0.08132,0.01667,0.01031,1,1927
Vitamin B9 (folate) metabolism,0.0489,0.8723,0.1772,1,1927
Purine metabolism,0.2006,0.01282,0.01791,2,1927
Vitamin B9 (folate) metabolism,0.03725,0.5319,0.09751,2,1927
Purine metabolism,0.04425,0.05682,0.01757,3,1927
Vitamin B9 (folate) metabolism,0.06486,0.9524,0.2338,3,1927
Purine metabolism,0.1375,0.0339,0.02969,4,1927
Vitamin B9 (folate) metabolism,0.1341,0.6226,0.2908,4,1927
Purine metabolism,0.2488,0.0125,0.02107,5,1927
Vitamin B9 (folate) metabolism,0.242,0.5085,0.3808,5,1927
Purine metabolism,0.1605,0.01639,0.01826,6,1927
Vitamin B9 (folate) metabolism,0.1164,0.8261,0.3214,6,1927
Purine metabolism,0.06922,0.01449,0.00793,7,1927
Vitamin B9 (folate) metabolism,0.05987,0.3276,0.09673,7,1927
Purine metabolism,0.08762,0.04762,0.02703,8,1927
Vitamin B9 (folate) metabolism,0.03379,0.8525,0.131,8,1927
Purine metabolism,0.4001,0.141,0.2186,9,1927
Vitamin B9 (folate) metabolism,0.1001,0.5962,0.228,9,1927
Purine metabolism,0.2008,0.03797,0.0448,10,1927
Vitamin B9 (folate) metabolism,0.05068,0.6735,0.1494,10,1927
Purine metabolism,0.4405,0.08955,0.167,11,1927
Vitamin B9 (folate) metabolism,0.04906,0.3276,0.08246,11,1927
Purine metabolism,0.09984,0.02667,0.01845,12,1927
Vitamin B9 (folate) metabolism,0.04696,0.2381,0.06143,12,1927
Purine metabolism,0.09317,0.01333,0.00955,13,1927
Vitamin B9 (folate) metabolism,0.1293,0.8571,0.3547,13,1927
Purine metabolism,0.3128,0.0641,0.09843,14,1927
Vitamin B9 (folate) metabolism,0.2733,0.95,0.6098,14,1927
Purine metabolism,0.1752,0.1961,0.1502,15,1927
Vitamin B9 (folate) metabolism,0.2309,0.5,0.3646,15,1927
Purine metabolism,0.3267,0.05063,0.08438,16,1927
Vitamin B9 (folate) metabolism,0.06479,0.5417,0.1526,16,1927
Purine metabolism,0.2612,0.01515,0.02585,17,1927
Vitamin B9 (folate) metabolism,0.0489,0.5833,0.13,17,1927
Purine metabolism,0.14,0.0137,0.01392,18,1927
Vitamin B9 (folate) metabolism,0.358,0.6818,0.5883,18,1927
Purine metabolism,0.3647,0.05263,0.09508,19,1927
Vitamin B9 (folate) metabolism,0.6262,0.48,0.6619,19,1927
Purine metabolism,0.09492,0.09524,0.05158,20,1927
Vitamin B9 (folate) metabolism,0.2701,0.6327,0.4728,20,1927
Purine metabolism,0.1437,0.1077,0.07998,21,1927
Vitamin B9 (folate) metabolism,0.08786,0.7222,0.2384,21,1927
Purine metabolism,0.04416,0.01408,0.00521,22,1927
Vitamin B9 (folate) metabolism,0.1524,0.6182,0.3168,22,1927
Purine metabolism,0.09492,0.01493,0.01071,23,1927
Vitamin B9 (folate) metabolism,0.06916,0.4468,0.1383,23,1927
Purine metabolism,0.217,0.1781,0.1644,24,1927
Vitamin B9 (folate) metabolism,0.2767,0.9138,0.6005,24,1927
Purine metabolism,0.2881,0.3857,0.3552,25,1927
Vitamin B9 (folate) metabolism,0.1662,0.7937,0.3991,25,1927
Purine metabolism,0.065,0.02532,0.01219,26,1927
Vitamin B9 (folate) metabolism,0.1765,0.6667,0.3695,26,1927
Purine metabolism,0.2254,0.08065,0.09102,27,1927
Vitamin B9 (folate) metabolism,0.04408,0.68,0.1351,27,1927
Purine metabolism,0.3561,0.1235,0.1814,28,1927
Vitamin B9 (folate) metabolism,0.1197,0.2667,0.1419,28,1927
Purine metabolism,0.3909,0.07407,0.1315,29,1927
Vitamin B9 (folate) metabolism,0.2129,0.5122,0.3507,29,1927
Purine metabolism,0.1648,0.03226,0.03316,30,1927
Vitamin B9 (folate) metabolism,0.03606,0.403,0.07603,30,1927
Purine metabolism,0.05193,0.02469,0.00982,31,1927
Vitamin B9 (folate) metabolism,0.6277,0.9333,0.8991,31,1927
Purine metabolism,0.4254,0.02632,0.06149,32,1927
Vitamin B9 (folate) metabolism,0.06265,0.7619,0.193,32,1927
Purine metabolism,0.0793,0.08219,0.03932,33,1927
Vitamin B9 (folate) metabolism,0.1906,0.7761,0.4306,33,1927
Purine metabolism,0.4118,0.2727,0.3578,34,1927
Vitamin B9 (folate) metabolism,0.1789,0.2609,0.1897,34,1927
Purine metabolism,0.01342,0.02941,0.00349,35,1927
Vitamin B9 (folate) metabolism,0.4063,0.6792,0.6313,35,1927
Purine metabolism,0.0121,0.01266,0.0015,36,1927
Vitamin B9 (folate) metabolism,0.0538,0.4348,0.1112,36,1927
Purine metabolism,0.0752,0.03797,0.01958,37,1927
Vitamin B9 (folate) metabolism,0.1906,0.7288,0.4132,37,1927
Purine metabolism,0.0744,0.01282,0.00759,38,1927
Vitamin B9 (folate) metabolism,0.06907,0.5385,0.1596,38,1927
Purine metabolism,0.3451,0.1111,0.1634,39,1927
Vitamin B9 (folate) metabolism,0.1163,0.7115,0.2889,39,1927
Purine metabolism,0.5955,0.2222,0.4,40,1927
Vitamin B9 (folate) metabolism,0.1038,0.6,0.2351,40,1927
Purine metabolism,0.09661,0.04762,0.02936,41,1927
Vitamin B9 (folate) metabolism,0.444,0.6981,0.673,41,1927
Purine metabolism,0.2493,0.01389,0.02308,42,1927
Vitamin B9 (folate) metabolism,0.3143,0.7358,0.5698,42,1927
Purine metabolism,0.1039,0.04545,0.03002,43,1927
Vitamin B9 (folate) metabolism,0.618,0.8667,0.87,43,1927
Purine metabolism,0.1608,0.129,0.1011,44,1927
Vitamin B9 (folate) metabolism,0.09408,0.7556,0.259,44,1927
Purine metabolism,0.114,0.02703,0.0209,45,1927
Vitamin B9 (folate) metabolism,0.05798,0.5614,0.144,45,1927
Purine metabolism,0.5036,0.03448,0.08775,46,1927
Vitamin B9 (folate) metabolism,0.03451,0.3636,0.06748,46,1927
Purine metabolism,0.4479,0.03704,0.08459,47,1927
Vitamin B9 (folate) metabolism,0.04954,0.5397,0.1236,47,1927
Purine metabolism,0.2704,0.01538,0.02696,48,1927
Vitamin B9 (folate) metabolism,0.02449,0.4915,0.06524,48,1927
Purine metabolism,0.5084,0.02273,0.0631,49,1927
Vitamin B9 (folate) metabolism,0.07054,0.3889,0.1261,49,1927
Purine metabolism,0.2035,0.03077,0.03802,50,1927
Vitamin B9 (folate) metabolism,0.6978,0.9661,0.94,50,1927
Purine metabolism,0.1548,0.0641,0.05568,51,1927
Vitamin B9 (folate) metabolism,0.5677,0.7885,0.8074,51,1927
Purine metabolism,0.1025,0.01471,0.01131,52,1927
Vitamin B9 (folate) metabolism,0.4423,0.9796,0.7956,52,1927
Purine metabolism,0.2708,0.03333,0.05151,53,1927
Vitamin B9 (folate) metabolism,0.01805,0.3617,0.03938,53,1927
Purine metabolism,0.2831,0.025,0.04211,54,1927
Vitamin B9 (folate) metabolism,0.3741,0.9574,0.7259,54,1927
Purine metabolism,0.1326,0.03614,0.03038,55,1927
Vitamin B9 (folate) metabolism,0.232,0.7424,0.4752,55,1927
Purine metabolism,0.08207,0.07273,0.03654,56,1927
Vitamin B9 (folate) metabolism,0.06337,0.84,0.2094,56,1927
Purine metabolism,0.417,0.1,0.1742,57,1927
Vitamin B9 (folate) metabolism,0.2332,0.2593,0.2301,57,1927
Purine metabolism,0.02937,0.03659,0.00842,58,1927
Vitamin B9 (folate) metabolism,0.04854,0.5,0.1145,58,1927
Purine metabolism,0.05483,0.01818,0.00789,59,1927
Vitamin B9 (folate) metabolism,0.03212,0.9661,0.1388,59,1927
Purine metabolism,0.07475,0.02597,0.01406,60,1927
Vitamin B9 (folate) metabolism,0.03779,0.2712,0.05719,60,1927
Purine metabolism,0.0696,0.03093,0.01537,61,1927
Vitamin B9 (folate) metabolism,0.02276,0.5938,0.07168,61,1927
Purine metabolism,0.00882,0.01266,0.00113,62,1927
Vitamin B9 (folate) metabolism,0.03893,0.4182,0.08332,62,1927
Purine metabolism,0.02279,0.04839,0.00861,63,1927
Vitamin B9 (folate) metabolism,0.2119,0.8776,0.4988,63,1927
Purine metabolism,0.05262,0.03614,0.01382,64,1927
Vitamin B9 (folate) metabolism,0.1888,0.5,0.3172,64,1927
Purine metabolism,0.308,0.0137,0.02729,65,1927
Vitamin B9 (folate) metabolism,0.4082,0.9138,0.7408,65,1927
Purine metabolism,0.2585,0.4918,0.3893,66,1927
Vitamin B9 (folate) metabolism,0.08848,0.5581,0.1979,66,1927
Purine metabolism,0.4116,0.04598,0.09402,67,1927
Vitamin B9 (folate) metabolism,0.04008,0.5763,0.1101,67,1927
Purine metabolism,0.01943,0.01818,0.00316,68,1927
Vitamin B9 (folate) metabolism,0.07746,0.38,0.1332,68,1927
Purine metabolism,0.01336,0.01538,0.00195,69,1927
Vitamin B9 (folate) metabolism,0.02315,0.2553,0.03624,69,1927
Purine metabolism,0.2447,0.2716,0.2467,70,1927
Vitamin B9 (folate) metabolism,0.1518,0.6286,0.3196,70,1927
Purine metabolism,0.3302,0.05797,0.09487,71,1927
Vitamin B9 (folate) metabolism,0.04006,0.8571,0.1501,71,1927
Purine metabolism,0.1608,0.04,0.0389,72,1927
Vitamin B9 (folate) metabolism,0.0407,0.75,0.137,72,1927
Purine metabolism,0.09593,0.01515,0.01095,73,1927
Vitamin B9 (folate) metabolism,0.03569,0.5714,0.09977,73,1927
Purine metabolism,0.01233,0.01235,0.00149,74,1927
Vitamin B9 (folate) metabolism,0.08748,0.5,0.1806,74,1927
Purine metabolism,0.105,0.1026,0.05957,75,1927
Vitamin B9 (folate) metabolism,0.05282,0.5814,0.1377,75,1927
Purine metabolism,0.1805,0.01205,0.01551,76,1927
Vitamin B9 (folate) metabolism,0.2287,0.8182,0.5008,76,1927
Purine metabolism,0.4976,0.06667,0.1462,77,1927
Vitamin B9 (folate) metabolism,0.2588,0.4906,0.389,77,1927
Purine metabolism,0.5114,0.03571,0.09136,78,1927
Vitamin B9 (folate) metabolism,0.145,0.5111,0.2669,78,1927
Purine metabolism,0.03629,0.03774,0.0104,79,1927
Vitamin B9 (folate) metabolism,0.1535,0.8667,0.4014,79,1927
Purine metabolism,0.02157,0.01205,0.00241,80,1927
Vitamin B9 (folate) metabolism,0.1505,0.3571,0.2108,80,1927
Purine metabolism,0.01462,0.01299,0.00182,81,1927
Vitamin B9 (folate) metabolism,0.1014,0.2899,0.133,81,1927
Purine metabolism,0.4063,0.03175,0.06903,82,1927
Vitamin B9 (folate) metabolism,0.5973,0.8868,0.8663,82,1927
Purine metabolism,0.07805,0.01333,0.00819,83,1927
Vitamin B9 (folate) metabolism,0.05369,0.6441,0.1509,83,1927
Purine metabolism,0.01086,0.01124,0.00122,84,1927
Vitamin B9 (folate) metabolism,0.2289,0.4915,0.3583,84,1927
Purine metabolism,0.1582,0.02632,0.02698,85,1927
Vitamin B9 (folate) metabolism,0.2191,0.8246,0.4898,85,1927
Purine metabolism,0.07854,0.01176,0.00738,86,1927
Vitamin B9 (folate) metabolism,0.5538,0.7091,0.7598,86,1927
Purine metabolism,0.5362,0.1111,0.2276,87,1927
Vitamin B9 (folate) metabolism,0.1938,0.8409,0.4586,87,1927
Purine metabolism,0.05104,0.02817,0.01085,88,1927
Vitamin B9 (folate) metabolism,0.06908,0.3542,0.1153,88,1927
Purine metabolism,0.2213,0.1111,0.1157,89,1927
Vitamin B9 (folate) metabolism,0.09741,0.5818,0.2194,89,1927
Purine metabolism,0.1264,0.01389,0.0129,90,1927
Vitamin B9 (folate) metabolism,0.09195,0.4464,0.1721,90,1927
Purine metabolism,0.162,0.01064,0.0127,91,1927
Vitamin B9 (folate) metabolism,0.03857,0.6923,0.1234,91,1927
Purine metabolism,0.2161,0.4098,0.3032,92,1927
Vitamin B9 (folate) metabolism,0.05221,0.6491,0.1486,92,1927
Purine metabolism,0.2224,0.0122,0.01875,93,1927
Vitamin B9 (folate) metabolism,0.1198,0.274,0.1449,93,1927
Purine metabolism,0.07061,0.09333,0.03969,94,1927
Vitamin B9 (folate) metabolism,0.3383,0.8364,0.6402,94,1927
Purine metabolism,0.1899,0.07246,0.07272,95,1927
Vitamin B9 (folate) metabolism,0.02539,0.5833,0.07719,95,1927
Purine metabolism,0.1328,0.01111,0.0111,96,1927
Vitamin B9 (folate) metabolism,0.07366,0.7121,0.2071,96,1927
Purine metabolism,0.00252,0.02817,7.5e-4,97,1927
Vitamin B9 (folate) metabolism,0.08889,0.5862,0.206,97,1927
Purine metabolism,0.04299,0.0119,0.00439,98,1927
Vitamin B9 (folate) metabolism,0.3083,0.3636,0.3574,98,1927
Purine metabolism,0.1924,0.01389,0.01851,99,1927
Vitamin B9 (folate) metabolism,0.237,0.8182,0.512,99,1927
Purine metabolism,0.0248,0.01205,0.00272,100,1927
Vitamin B9 (folate) metabolism,0.01923,0.7436,0.07503,100,1927
Purine metabolism,0.08663,0.03333,0.01977,101,1927
Vitamin B9 (folate) metabolism,0.2445,0.9091,0.5566,101,1927
Purine metabolism,0.0367,0.1286,0.03,102,1927
Vitamin B9 (folate) metabolism,0.03386,0.8889,0.1355,102,1927
Purine metabolism,0.07257,0.0125,0.00726,103,1927
Vitamin B9 (folate) metabolism,0.1071,0.7447,0.2814,103,1927
Purine metabolism,0.1208,0.01316,0.01183,104,1927
Vitamin B9 (folate) metabolism,0.4316,0.873,0.7445,104,1927
Purine metabolism,0.04519,0.03614,0.01211,105,1927
Vitamin B9 (folate) metabolism,0.4016,0.4524,0.4915,105,1927
Purine metabolism,0.7356,0.06154,0.1854,106,1927
Vitamin B9 (folate) metabolism,0.2164,0.38,0.2876,106,1927
Purine metabolism,0.1999,0.25,0.1997,107,1927
Vitamin B9 (folate) metabolism,0.2096,0.58,0.3777,107,1927
Purine metabolism,0.4917,0.01408,0.04135,108,1927
Vitamin B9 (folate) metabolism,0.2185,0.5435,0.3718,108,1927
Purine metabolism,0.4258,0.02564,0.06024,109,1927
Vitamin B9 (folate) metabolism,0.3869,0.6935,0.6213,109,1927
Purine metabolism,0.05561,0.02439,0.01031,110,1927
Vitamin B9 (folate) metabolism,0.00931,0.7797,0.043,110,1927
Purine metabolism,0.4158,0.1045,0.1797,111,1927
Vitamin B9 (folate) metabolism,0.2305,0.2444,0.2184,111,1927
Purine metabolism,0.1356,0.1154,0.08068,112,1927
Vitamin B9 (folate) metabolism,0.09252,0.8605,0.2811,112,1927
Purine metabolism,0.1826,0.03659,0.04015,113,1927
Vitamin B9 (folate) metabolism,0.1963,0.4915,0.3221,113,1927
Purine metabolism,0.4876,0.08824,0.1784,114,1927
Vitamin B9 (folate) metabolism,0.2332,0.6415,0.4338,114,1927
Purine metabolism,0.08395,0.06944,0.03582,115,1927
Vitamin B9 (folate) metabolism,0.06174,0.1667,0.05739,115,1927
Purine metabolism,0.0535,0.05556,0.02027,116,1927
Vitamin B9 (folate) metabolism,0.05433,0.5455,0.1339,116,1927
Purine metabolism,0.2772,0.03448,0.05401,117,1927
Vitamin B9 (folate) metabolism,0.3247,0.9016,0.6523,117,1927
Purine metabolism,0.3241,0.01449,0.02987,118,1927
Vitamin B9 (folate) metabolism,0.09298,0.7255,0.2493,118,1927
Purine metabolism,0.188,0.01149,0.01542,119,1927
Vitamin B9 (folate) metabolism,0.01705,0.6071,0.05767,119,1927
Purine metabolism,0.4338,0.0122,0.03303,120,1927
Vitamin B9 (folate) metabolism,0.1345,0.549,0.2662,120,1927
Purine metabolism,0.03264,0.01163,0.00337,121,1927
Vitamin B9 (folate) metabolism,0.00992,0.2623,0.01809,121,1927
Purine metabolism,0.05275,0.02273,0.00926,122,1927
Vitamin B9 (folate) metabolism,0.1337,0.5676,0.2716,122,1927
Purine metabolism,0.08862,0.01235,0.00856,123,1927
Vitamin B9 (folate) metabolism,0.1517,0.75,0.361,123,1927
Purine metabolism,0.05683,0.01299,0.00606,124,1927
Vitamin B9 (folate) metabolism,0.07173,0.8966,0.2408,124,1927
Purine metabolism,0.6129,0.1034,0.2382,125,1927
Vitamin B9 (folate) metabolism,0.04102,0.4038,0.08448,125,1927
Purine metabolism,0.1877,0.02326,0.02809,126,1927
Vitamin B9 (folate) metabolism,0.04031,0.35,0.07423,126,1927
Purine metabolism,0.02,0.0122,0.00227,127,1927
Vitamin B9 (folate) metabolism,0.2388,0.88,0.538,127,1927
Purine metabolism,0.2804,0.07812,0.1056,128,1927
Vitamin B9 (folate) metabolism,0.3146,0.8393,0.6157,128,1927
Purine metabolism,0.469,0.02899,0.07203,129,1927
Vitamin B9 (folate) metabolism,0.03698,0.4746,0.0885,129,1927
Purine metabolism,0.2848,0.03947,0.0617,130,1927
Vitamin B9 (folate) metabolism,0.0289,0.6296,0.0911,130,1927
Purine metabolism,0.1033,0.01205,0.00957,131,1927
Vitamin B9 (folate) metabolism,0.1256,0.9318,0.3682,131,1927
Purine metabolism,0.22,0.0125,0.01896,132,1927
Vitamin B9 (folate) metabolism,0.1467,0.5102,0.2689,132,1927
Purine metabolism,0.7415,0.01538,0.06242,133,1927
Vitamin B9 (folate) metabolism,0.5646,0.94,0.8669,133,1927
Purine metabolism,0.5574,0.01333,0.04386,134,1927
Vitamin B9 (folate) metabolism,0.03284,0.7447,0.1152,134,1927
Purine metabolism,0.07198,0.01587,0.00888,135,1927
Vitamin B9 (folate) metabolism,0.01125,0.3704,0.027,135,1927
Purine metabolism,0.1998,0.07692,0.07955,136,1927
Vitamin B9 (folate) metabolism,0.07244,0.6047,0.1808,136,1927
Purine metabolism,0.1482,0.2,0.1339,137,1927
Vitamin B9 (folate) metabolism,0.03778,0.7903,0.1347,137,1927
Purine metabolism,0.5915,0.08108,0.1936,138,1927
Vitamin B9 (folate) metabolism,0.05968,0.4754,0.1294,138,1927
Purine metabolism,0.531,0.8448,0.8082,139,1927
Vitamin B9 (folate) metabolism,0.1748,0.9259,0.4566,139,1927
Purine metabolism,0.08327,0.01562,0.00994,140,1927
Vitamin B9 (folate) metabolism,0.04357,0.8302,0.1562,140,1927
Purine metabolism,0.1948,0.03226,0.03814,141,1927
Vitamin B9 (folate) metabolism,0.05248,0.8261,0.1794,141,1927
Purine metabolism,0.268,0.1373,0.1583,142,1927
Vitamin B9 (folate) metabolism,0.08365,0.8163,0.2516,142,1927
Purine metabolism,0.4403,0.07353,0.1434,143,1927
Vitamin B9 (folate) metabolism,0.195,0.8333,0.4577,143,1927
Purine metabolism,0.1468,0.03659,0.03345,144,1927
Vitamin B9 (folate) metabolism,0.2782,0.8679,0.5846,144,1927
Purine metabolism,0.4117,0.04545,0.09316,145,1927
Vitamin B9 (folate) metabolism,0.1307,0.5833,0.2725,145,1927
Purine metabolism,0.467,0.01587,0.04376,146,1927
Vitamin B9 (folate) metabolism,0.1402,0.75,0.342,146,1927
Purine metabolism,0.1974,0.0641,0.06795,147,1927
Vitamin B9 (folate) metabolism,0.03297,0.587,0.09571,147,1927
Purine metabolism,0.05117,0.01266,0.0054,148,1927
Vitamin B9 (folate) metabolism,0.09539,0.7619,0.2632,148,1927
Purine metabolism,0.2892,0.3382,0.3252,149,1927
Vitamin B9 (folate) metabolism,0.1409,0.7069,0.3293,149,1927
Purine metabolism,0.4756,0.01887,0.05128,150,1927
Vitamin B9 (folate) metabolism,0.3285,0.4884,0.454,150,1927
Purine metabolism,0.03216,0.04225,0.01033,151,1927
Vitamin B9 (folate) metabolism,0.4826,0.4545,0.5521,151,1927
Purine metabolism,0.1283,0.03509,0.02883,152,1927
Vitamin B9 (folate) metabolism,0.0988,0.7209,0.2594,152,1927
Purine metabolism,0.6355,0.1081,0.2527,153,1927
Vitamin B9 (folate) metabolism,0.4392,0.5574,0.5894,153,1927
Purine metabolism,0.2439,0.03947,0.05433,154,1927
Vitamin B9 (folate) metabolism,0.1972,0.1538,0.1363,154,1927
Purine metabolism,0.4809,0.2115,0.3342,155,1927
Vitamin B9 (folate) metabolism,0.2387,0.9423,0.5606,155,1927
Purine metabolism,0.1877,0.01493,0.01927,156,1927
Vitamin B9 (folate) metabolism,0.1817,0.6984,0.3889,156,1927
Purine metabolism,0.128,0.04938,0.03833,157,1927
Vitamin B9 (folate) metabolism,0.0202,0.6897,0.07347,157,1927
Purine metabolism,0.5826,0.1129,0.2448,158,1927
Vitamin B9 (folate) metabolism,0.3914,0.3913,0.4405,158,1927
Purine metabolism,0.05468,0.02174,0.00919,159,1927
Vitamin B9 (folate) metabolism,0.2087,0.4918,0.3363,159,1927
Purine metabolism,0.02947,0.03175,0.00746,160,1927
Vitamin B9 (folate) metabolism,0.1388,0.6667,0.3128,160,1927
Purine metabolism,0.0454,0.01562,0.00585,161,1927
Vitamin B9 (folate) metabolism,0.02062,0.566,0.0636,161,1927
Purine metabolism,0.06112,0.1163,0.04227,162,1927
Vitamin B9 (folate) metabolism,0.06922,0.8413,0.2238,162,1927
Purine metabolism,0.01348,0.01429,0.00184,163,1927
Vitamin B9 (folate) metabolism,0.1135,0.5082,0.2223,163,1927
Purine metabolism,0.2391,0.01408,0.02254,164,1927
Vitamin B9 (folate) metabolism,0.1259,0.8929,0.3582,164,1927
Purine metabolism,0.4337,0.04167,0.0906,165,1927
Vitamin B9 (folate) metabolism,0.06049,0.5968,0.156,165,1927
Purine metabolism,0.09908,0.01266,0.00963,166,1927
Vitamin B9 (folate) metabolism,0.04605,0.4333,0.09805,166,1927
Purine metabolism,0.09811,0.01235,0.00935,167,1927
Vitamin B9 (folate) metabolism,0.2572,0.4889,0.3864,167,1927
Purine metabolism,0.03703,0.01163,0.00377,168,1927
Vitamin B9 (folate) metabolism,0.3385,0.431,0.4267,168,1927
Purine metabolism,0.1978,0.1207,0.113,169,1927
Vitamin B9 (folate) metabolism,0.08608,0.6724,0.2228,169,1927
Purine metabolism,0.3058,0.0411,0.06758,170,1927
Vitamin B9 (folate) metabolism,0.05606,0.375,0.1022,170,1927
Purine metabolism,0.3156,0.3273,0.3378,171,1927
Vitamin B9 (folate) metabolism,0.165,0.7451,0.3806,171,1927
Purine metabolism,0.3034,0.1273,0.1643,172,1927
Vitamin B9 (folate) metabolism,0.1464,0.52,0.2722,172,1927
Purine metabolism,0.5067,0.2059,0.3402,173,1927
Vitamin B9 (folate) metabolism,0.1376,0.4,0.2147,173,1927
Purine metabolism,0.1269,0.0375,0.03021,174,1927
Vitamin B9 (folate) metabolism,0.04,0.7273,0.132,174,1927
Purine metabolism,0.00953,0.01471,0.00138,175,1927
Vitamin B9 (folate) metabolism,0.03873,0.4524,0.08838,175,1927
Purine metabolism,0.2807,0.05405,0.07871,176,1927
Vitamin B9 (folate) metabolism,0.06247,0.8966,0.2174,176,1927
Purine metabolism,0.1298,0.1447,0.09347,177,1927
Vitamin B9 (folate) metabolism,0.02024,0.5167,0.05814,177,1927
Purine metabolism,0.2017,0.06818,0.07271,178,1927
Vitamin B9 (folate) metabolism,0.1926,0.5714,0.3529,178,1927
Purine metabolism,0.02867,0.04167,0.00923,179,1927
Vitamin B9 (folate) metabolism,0.2434,0.6034,0.4285,179,1927
Purine metabolism,0.5624,0.2542,0.4211,180,1927
Vitamin B9 (folate) metabolism,0.4402,0.7826,0.7116,180,1927
Purine metabolism,0.182,0.05333,0.0547,181,1927
Vitamin B9 (folate) metabolism,0.5418,0.7885,0.7905,181,1927
Purine metabolism,0.01059,0.01235,0.0013,182,1927
Vitamin B9 (folate) metabolism,0.2064,0.7833,0.4563,182,1927
Purine metabolism,0.5757,0.2152,0.3826,183,1927
Vitamin B9 (folate) metabolism,0.5008,0.451,0.5619,183,1927
Purine metabolism,0.00979,0.0137,0.00133,184,1927
Vitamin B9 (folate) metabolism,0.1488,0.8913,0.4006,184,1927
Purine metabolism,0.3532,0.02778,0.05518,185,1927
Vitamin B9 (folate) metabolism,0.2056,0.8621,0.484,185,1927
Purine metabolism,0.06037,0.1286,0.04548,186,1927
Vitamin B9 (folate) metabolism,0.1897,0.8906,0.4693,186,1927
Purine metabolism,0.4555,0.01299,0.03627,187,1927
Vitamin B9 (folate) metabolism,0.1124,0.44,0.1981,187,1927
Purine metabolism,0.3184,0.02857,0.05186,188,1927
Vitamin B9 (folate) metabolism,0.3015,0.7959,0.5825,188,1927
Purine metabolism,0.1843,0.01613,0.02027,189,1927
Vitamin B9 (folate) metabolism,0.0922,0.2245,0.101,189,1927
Purine metabolism,0.0495,0.05,0.01733,190,1927
Vitamin B9 (folate) metabolism,0.00635,0.5965,0.0249,190,1927
Purine metabolism,0.3094,0.06154,0.09446,191,1927
Vitamin B9 (folate) metabolism,0.00239,0.1667,0.00352,191,1927
Purine metabolism,0.1058,0.02564,0.01874,192,1927
Vitamin B9 (folate) metabolism,0.1771,0.8594,0.4388,192,1927
Purine metabolism,0.3265,0.01429,0.02971,193,1927
Vitamin B9 (folate) metabolism,0.1894,0.5769,0.3512,193,1927
Purine metabolism,0.2542,0.05556,0.07428,194,1927
Vitamin B9 (folate) metabolism,0.1755,0.3281,0.2219,194,1927
Purine metabolism,0.3861,0.02632,0.05679,195,1927
Vitamin B9 (folate) metabolism,0.1818,0.9091,0.4627,195,1927
Purine metabolism,0.3185,0.1607,0.2033,196,1927
Vitamin B9 (folate) metabolism,0.03466,0.3519,0.06594,196,1927
Purine metabolism,0.2797,0.07463,0.1016,197,1927
Vitamin B9 (folate) metabolism,0.2497,0.78,0.5134,197,1927
Purine metabolism,0.2389,0.02632,0.03816,198,1927
Vitamin B9 (folate) metabolism,0.4119,0.283,0.3671,198,1927
Purine metabolism,0.09184,0.01136,0.00821,199,1927
Vitamin B9 (folate) metabolism,0.1787,0.9512,0.4712,199,1927
Purine metabolism,0.602,0.01724,0.05778,200,1927
Vitamin B9 (folate) metabolism,0.2436,0.878,0.5437,200,1927
Purine metabolism,0.4127,0.01316,0.03376,201,1927
Vitamin B9 (folate) metabolism,0.2467,0.8864,0.5511,201,1927
Purine metabolism,0.229,0.03896,0.05104,202,1927
Vitamin B9 (folate) metabolism,0.1686,0.1818,0.1375,202,1927
Purine metabolism,0.03824,0.06098,0.01647,203,1927
Vitamin B9 (folate) metabolism,0.1837,0.4211,0.2754,203,1927
Purine metabolism,0.01496,0.04167,0.00522,204,1927
Vitamin B9 (folate) metabolism,0.1029,0.5686,0.2246,204,1927
Purine metabolism,0.6852,0.01515,0.0578,205,1927
Vitamin B9 (folate) metabolism,0.1948,0.68,0.4002,205,1927
Purine metabolism,0.1738,0.02778,0.03058,206,1927
Vitamin B9 (folate) metabolism,0.1445,0.6,0.2987,206,1927
Purine metabolism,0.4809,0.02299,0.06086,207,1927
Vitamin B9 (folate) metabolism,0.7639,0.5147,0.7602,207,1927
Purine metabolism,0.2153,0.169,0.157,208,1927
Vitamin B9 (folate) metabolism,0.09078,0.2931,0.1231,208,1927
Purine metabolism,0.1384,0.02667,0.02436,209,1927
Vitamin B9 (folate) metabolism,0.07557,0.5385,0.171,209,1927
Purine metabolism,0.03837,0.05,0.01392,210,1927
Vitamin B9 (folate) metabolism,0.2066,0.82,0.4701,210,1927
Purine metabolism,0.1988,0.04,0.04639,211,1927
Vitamin B9 (folate) metabolism,0.2057,0.7273,0.4339,211,1927
Purine metabolism,0.1943,0.3137,0.2314,212,1927
Vitamin B9 (folate) metabolism,0.1005,0.74,0.2677,212,1927
Purine metabolism,0.2266,0.08571,0.09598,213,1927
Vitamin B9 (folate) metabolism,0.1121,0.5455,0.232,213,1927
Purine metabolism,0.5032,0.09836,0.1983,214,1927
Vitamin B9 (folate) metabolism,0.03207,0.625,0.09842,214,1927
Purine metabolism,0.2405,0.02667,0.0388,215,1927
Vitamin B9 (folate) metabolism,0.1685,0.8158,0.4103,215,1927
Purine metabolism,0.3492,0.02597,0.05172,216,1927
Vitamin B9 (folate) metabolism,0.1182,0.5962,0.2574,216,1927
Purine metabolism,0.01337,0.01163,0.00152,217,1927
Vitamin B9 (folate) metabolism,0.122,0.8361,0.3348,217,1927
Purine metabolism,0.0935,0.04762,0.02856,218,1927
Vitamin B9 (folate) metabolism,0.2328,0.6545,0.439,218,1927
Purine metabolism,0.1442,0.07792,0.06167,219,1927
Vitamin B9 (folate) metabolism,0.4322,0.5088,0.5529,219,1927
Purine metabolism,0.03012,0.01316,0.0035,220,1927
Vitamin B9 (folate) metabolism,0.2585,0.9074,0.5747,220,1927
Purine metabolism,0.2204,0.1923,0.1763,221,1927
Vitamin B9 (folate) metabolism,0.1431,0.8276,0.3711,221,1927
Purine metabolism,0.4065,0.1475,0.2287,222,1927
Vitamin B9 (folate) metabolism,0.06684,0.86,0.2217,222,1927
Purine metabolism,0.1516,0.02857,0.0279,223,1927
Vitamin B9 (folate) metabolism,0.09289,0.5238,0.1957,223,1927
Purine metabolism,0.03979,0.1184,0.02995,224,1927
Vitamin B9 (folate) metabolism,0.01986,0.6296,0.06729,224,1927
Purine metabolism,0.6883,0.01515,0.05802,225,1927
Vitamin B9 (folate) metabolism,0.02395,0.7963,0.09457,225,1927
Purine metabolism,0.2953,0.06154,0.091,226,1927
Vitamin B9 (folate) metabolism,0.4723,0.2391,0.3592,226,1927
Purine metabolism,0.143,0.03704,0.03305,227,1927
Vitamin B9 (folate) metabolism,0.03614,0.6852,0.1164,227,1927
Purine metabolism,0.05919,0.03297,0.01413,228,1927
Vitamin B9 (folate) metabolism,0.02042,0.4478,0.05207,228,1927
Purine metabolism,0.03574,0.02857,0.00805,229,1927
Vitamin B9 (folate) metabolism,0.1888,0.931,0.4813,229,1927
Purine metabolism,0.3496,0.04878,0.08649,230,1927
Vitamin B9 (folate) metabolism,0.3892,0.7907,0.6704,230,1927
Purine metabolism,0.4452,0.2895,0.3929,231,1927
Vitamin B9 (folate) metabolism,0.3727,0.8772,0.6924,231,1927
Purine metabolism,0.09065,0.1304,0.06428,232,1927
Vitamin B9 (folate) metabolism,0.1838,0.7959,0.4274,232,1927
Purine metabolism,0.1918,0.01389,0.01846,233,1927
Vitamin B9 (folate) metabolism,0.3484,0.678,0.5771,233,1927
Purine metabolism,0.1718,0.1268,0.1051,234,1927
Vitamin B9 (folate) metabolism,0.4805,0.95,0.8145,234,1927
Purine metabolism,0.2233,0.075,0.08523,235,1927
Vitamin B9 (folate) metabolism,0.1396,0.2742,0.1632,235,1927
Purine metabolism,0.037,0.01149,0.00373,236,1927
Vitamin B9 (folate) metabolism,0.04345,0.5938,0.1202,236,1927
Purine metabolism,0.2021,0.04167,0.04865,237,1927
Vitamin B9 (folate) metabolism,0.2908,0.6136,0.486,237,1927
Purine metabolism,0.7835,0.1091,0.2957,238,1927
Vitamin B9 (folate) metabolism,0.05257,0.7347,0.1643,238,1927
Purine metabolism,0.2539,0.02778,0.04199,239,1927
Vitamin B9 (folate) metabolism,0.05928,0.4559,0.1246,239,1927
Purine metabolism,0.04616,0.01389,0.00536,240,1927
Vitamin B9 (folate) metabolism,0.1314,0.661,0.2991,240,1927
Purine metabolism,0.4153,0.02564,0.05901,241,1927
Vitamin B9 (folate) metabolism,0.2951,0.7778,0.5674,241,1927
Purine metabolism,0.2679,0.0119,0.02151,242,1927
Vitamin B9 (folate) metabolism,0.266,0.7458,0.5193,242,1927
Purine metabolism,0.05081,0.02532,0.00985,243,1927
Vitamin B9 (folate) metabolism,0.1629,0.7037,0.363,243,1927
Purine metabolism,0.05081,0.0625,0.02144,244,1927
Vitamin B9 (folate) metabolism,0.06187,0.8043,0.1991,244,1927
Purine metabolism,0.07311,0.2078,0.0788,245,1927
Vitamin B9 (folate) metabolism,0.1435,0.8387,0.3752,245,1927
Purine metabolism,0.2514,0.01449,0.0241,246,1927
Vitamin B9 (folate) metabolism,0.1057,0.28,0.1338,246,1927
Purine metabolism,0.05686,0.01333,0.0062,247,1927
Vitamin B9 (folate) metabolism,0.04051,0.5088,0.1006,247,1927
Purine metabolism,0.2619,0.03077,0.04691,248,1927
Vitamin B9 (folate) metabolism,0.3999,0.7547,0.6634,248,1927
Purine metabolism,0.02165,0.08108,0.01289,249,1927
Vitamin B9 (folate) metabolism,0.01986,0.5926,0.06405,249,1927
Purine metabolism,0.9367,0.5714,0.8698,250,1927
Vitamin B9 (folate) metabolism,0.2894,0.2542,0.2655,250,1927
Purine metabolism,0.09,0.02469,0.0158,251,1927
Vitamin B9 (folate) metabolism,0.1207,0.3175,0.1634,251,1927
Purine metabolism,0.1309,0.02273,0.02029,252,1927
Vitamin B9 (folate) metabolism,0.1709,0.6977,0.3728,252,1927
Purine metabolism,0.0698,0.01538,0.00841,253,1927
Vitamin B9 (folate) metabolism,0.1463,0.9038,0.3998,253,1927
Purine metabolism,0.2044,0.01205,0.01726,254,1927
Vitamin B9 (folate) metabolism,0.2595,0.5424,0.4167,254,1927
Purine metabolism,0.04423,0.01887,0.00675,255,1927
Vitamin B9 (folate) metabolism,0.233,1,0.5724,255,1927
Purine metabolism,0.2687,0.0122,0.02203,256,1927
Vitamin B9 (folate) metabolism,0.03973,0.7222,0.1306,256,1927
Purine metabolism,0.01227,0.04819,0.00499,257,1927
Vitamin B9 (folate) metabolism,0.1271,0.5098,0.242,257,1927
Purine metabolism,0.1022,0.01299,0.01012,258,1927
Vitamin B9 (folate) metabolism,0.4063,0.8,0.6904,258,1927
Purine metabolism,0.1891,0.02703,0.03208,259,1927
Vitamin B9 (folate) metabolism,0.2519,0.825,0.5343,259,1927
Purine metabolism,0.5166,0.01449,0.04413,260,1927
Vitamin B9 (folate) metabolism,0.2084,0.4545,0.3179,260,1927
Purine metabolism,0.4206,0.03261,0.07255,261,1927
Vitamin B9 (folate) metabolism,0.3887,0.7463,0.649,261,1927
Purine metabolism,0.1271,0.01111,0.01068,262,1927
Vitamin B9 (folate) metabolism,0.311,0.6462,0.5234,262,1927
Purine metabolism,0.4859,0.01562,0.04463,263,1927
Vitamin B9 (folate) metabolism,0.1232,0.7143,0.3019,263,1927
Purine metabolism,0.398,0.02778,0.06086,264,1927
Vitamin B9 (folate) metabolism,0.1245,0.617,0.2739,264,1927
Purine metabolism,0.2317,0.04615,0.05922,265,1927
Vitamin B9 (folate) metabolism,0.3325,0.8036,0.6198,265,1927
Purine metabolism,0.2581,0.07692,0.09766,266,1927
Vitamin B9 (folate) metabolism,0.2488,0.3542,0.3022,266,1927
Purine metabolism,0.02755,0.08929,0.01724,267,1927
Vitamin B9 (folate) metabolism,0.07286,0.3137,0.1092,267,1927
Purine metabolism,0.298,0.03846,0.06267,268,1927
Vitamin B9 (folate) metabolism,0.8284,0.8333,0.9461,268,1927
Purine metabolism,0.01808,0.01099,0.00189,269,1927
Vitamin B9 (folate) metabolism,0.04946,0.5439,0.1242,269,1927
Purine metabolism,0.06976,0.01515,0.0083,270,1927
Vitamin B9 (folate) metabolism,0.1015,0.2097,0.1032,270,1927
Purine metabolism,0.1409,0.1045,0.07684,271,1927
Vitamin B9 (folate) metabolism,0.2218,0.4231,0.3159,271,1927
Purine metabolism,0.5531,0.1739,0.3214,272,1927
Vitamin B9 (folate) metabolism,0.1458,0.5192,0.271,272,1927
Purine metabolism,0.07185,0.0119,0.0069,273,1927
Vitamin B9 (folate) metabolism,0.01986,0.4211,0.04838,273,1927
Purine metabolism,0.0639,0.0119,0.00622,274,1927
Vitamin B9 (folate) metabolism,0.7342,0.8254,0.9095,274,1927
Purine metabolism,0.1682,0.01136,0.01387,275,1927
Vitamin B9 (folate) metabolism,0.02419,0.5342,0.06913,275,1927
Purine metabolism,0.5454,0.03896,0.1031,276,1927
Vitamin B9 (folate) metabolism,0.2646,0.8667,0.5671,276,1927
Purine metabolism,0.08741,0.01538,0.01023,277,1927
Vitamin B9 (folate) metabolism,0.2496,0.3548,0.3032,277,1927
Purine metabolism,0.1994,0.1222,0.1149,278,1927
Vitamin B9 (folate) metabolism,0.1365,0.6429,0.3013,278,1927
Purine metabolism,0.6338,0.0625,0.1675,279,1927
Vitamin B9 (folate) metabolism,0.1039,0.4,0.1737,279,1927
Purine metabolism,0.1608,0.01429,0.01626,280,1927
Vitamin B9 (folate) metabolism,0.02451,0.3385,0.04806,280,1927
Purine metabolism,0.1915,0.02597,0.03135,281,1927
Vitamin B9 (folate) metabolism,0.393,0.8571,0.7034,281,1927
Purine metabolism,0.067780000000000007,0.01351,0.00732,282,1927
Vitamin B9 (folate) metabolism,0.05902,0.3333,0.09696,282,1927
Purine metabolism,0.3582,0.1159,0.1736,283,1927
Vitamin B9 (folate) metabolism,0.3497,0.7674,0.6213,283,1927
Purine metabolism,0.3674,0.08333,0.1374,284,1927
Vitamin B9 (folate) metabolism,0.05832,0.1636,0.05393,284,1927
Purine metabolism,0.265,0.05063,0.07126,285,1927
Vitamin B9 (folate) metabolism,0.09557,0.7037,0.2488,285,1927
Purine metabolism,0.1096,0.02597,0.01954,286,1927
Vitamin B9 (folate) metabolism,0.09796,0.3585,0.1527,286,1927
Purine metabolism,0.3528,0.04348,0.07942,287,1927
Vitamin B9 (folate) metabolism,0.2475,0.8182,0.5259,287,1927
Purine metabolism,0.2554,0.07463,0.09454,288,1927
Vitamin B9 (folate) metabolism,0.3226,0.3158,0.3346,288,1927
Purine metabolism,0.08635,0.01754,0.01135,289,1927
Vitamin B9 (folate) metabolism,0.09833,0.3922,0.1641,289,1927
Purine metabolism,0.1697,0.0125,0.01518,290,1927
Vitamin B9 (folate) metabolism,0.05552,0.4,0.1068,290,1927
Purine metabolism,0.558,0.09589,0.2102,291,1927
Vitamin B9 (folate) metabolism,0.1342,0.72,0.3224,291,1927
Purine metabolism,0.2999,0.01408,0.02731,292,1927
Vitamin B9 (folate) metabolism,0.2822,0.3462,0.325,292,1927
Purine metabolism,0.09469,0.0241,0.01616,293,1927
Vitamin B9 (folate) metabolism,0.00201,0.3333,0.00556,293,1927
Purine metabolism,0.1004,0.03614,0.02401,294,1927
Vitamin B9 (folate) metabolism,0.1266,0.7857,0.329,294,1927
Purine metabolism,0.01944,0.0137,0.00246,295,1927
Vitamin B9 (folate) metabolism,0.1559,0.7,0.3509,295,1927
Purine metabolism,0.263,0.1967,0.205,296,1927
Vitamin B9 (folate) metabolism,0.05412,0.2857,0.07994,296,1927
Purine metabolism,0.02815,0.01299,0.00326,297,1927
Vitamin B9 (folate) metabolism,0.02214,0.6739,0.07767,297,1927
Purine metabolism,0.3578,0.01299,0.02961,298,1927
Vitamin B9 (folate) metabolism,0.2593,0.2963,0.274,298,1927
Purine metabolism,0.5942,0.8767,0.8607,299,1927
Vitamin B9 (folate) metabolism,0.08172,0.6739,0.2147,299,1927
Purine metabolism,0.1821,0.03125,0.03511,300,1927
Vitamin B9 (folate) metabolism,0.3179,0.963,0.6685,300,1927
Purine metabolism,0.1466,0.0375,0.0341,301,1927
Vitamin B9 (folate) metabolism,0.1662,0.7736,0.3924,301,1927
Purine metabolism,0.2116,0.09333,0.09724,302,1927
Vitamin B9 (folate) metabolism,0.147,0.3191,0.1904,302,1927
Purine metabolism,0.02715,0.03896,0.0083,303,1927
Vitamin B9 (folate) metabolism,0.3426,0.6379,0.551,303,1927
Purine metabolism,0.01659,0.0125,0.00197,304,1927
Vitamin B9 (folate) metabolism,0.01778,0.5294,0.05334,304,1927
Purine metabolism,0.2237,0.01449,0.02182,305,1927
Vitamin B9 (folate) metabolism,0.2544,0.4717,0.3745,305,1927
Purine metabolism,0.2437,0.7586,0.497,306,1927
Vitamin B9 (folate) metabolism,0.08485,0.7447,0.2377,306,1927
Purine metabolism,0.679,0.03846,0.1213,307,1927
Vitamin B9 (folate) metabolism,0.01407,0.4655,0.03949,307,1927
Purine metabolism,0.04178,0.04167,0.0128,308,1927
Vitamin B9 (folate) metabolism,0.2634,0.8136,0.5445,308,1927
Purine metabolism,0.071,0.0125,0.00712,309,1927
Vitamin B9 (folate) metabolism,0.06334,0.3214,0.09963,309,1927
Purine metabolism,0.07532,0.05172,0.02551,310,1927
Vitamin B9 (folate) metabolism,0.04878,0.3208,0.0807,310,1927
Purine metabolism,0.4221,0.01587,0.04023,311,1927
Vitamin B9 (folate) metabolism,0.2095,0.4912,0.3369,311,1927
Purine metabolism,0.1754,0.1216,0.1034,312,1927
Vitamin B9 (folate) metabolism,0.0546,0.7551,0.1727,312,1927
Purine metabolism,0.08081,0.0125,0.00798,313,1927
Vitamin B9 (folate) metabolism,0.1202,0.7273,0.3005,313,1927
Purine metabolism,0.5114,0.01639,0.04846,314,1927
Vitamin B9 (folate) metabolism,0.03739,0.2,0.04409,314,1927
Purine metabolism,0.4734,0.02469,0.06369,315,1927
Vitamin B9 (folate) metabolism,0.06255,0.9107,0.2202,315,1927
Purine metabolism,0.02665,0.01299,0.0031,316,1927
Vitamin B9 (folate) metabolism,0.0398,0.6552,0.1212,316,1927
Purine metabolism,0.1671,0.03226,0.03354,317,1927
Vitamin B9 (folate) metabolism,0.06468,0.4615,0.1347,317,1927
Purine metabolism,0.1576,0.01429,0.01598,318,1927
Vitamin B9 (folate) metabolism,0.09257,0.2182,0.09902,318,1927
Purine metabolism,0.5124,0.07143,0.1577,319,1927
Vitamin B9 (folate) metabolism,0.1408,0.9231,0.3951,319,1927
Purine metabolism,0.03783,0.0137,0.00444,320,1927
Vitamin B9 (folate) metabolism,0.1311,0.7843,0.3367,320,1927
Purine metabolism,0.3248,0.0137,0.02855,321,1927
Vitamin B9 (folate) metabolism,0.5986,0.7447,0.8059,321,1927
Purine metabolism,0.06164,0.02439,0.01128,322,1927
Vitamin B9 (folate) metabolism,0.02185,0.8095,0.08906,322,1927
Purine metabolism,0.2864,0.06849,0.09674,323,1927
Vitamin B9 (folate) metabolism,0.07181,0.4194,0.1356,323,1927
Purine metabolism,0.08792,0.01316,0.00898,324,1927
Vitamin B9 (folate) metabolism,0.08038,0.4561,0.1579,324,1927
Purine metabolism,0.115,0.02817,0.0218,325,1927
Vitamin B9 (folate) metabolism,0.03186,0.551,0.08851,325,1927
Purine metabolism,0.2731,0.0122,0.02234,326,1927
Vitamin B9 (folate) metabolism,0.0916,0.8333,0.2727,326,1927
Purine metabolism,0.00965,0.04762,0.00399,327,1927
Vitamin B9 (folate) metabolism,0.2504,0.8654,0.5481,327,1927
Purine metabolism,0.2268,0.01299,0.02012,328,1927
Vitamin B9 (folate) metabolism,0.6838,0.4773,0.6918,328,1927
Purine metabolism,0.09131,0.01852,0.01248,329,1927
Vitamin B9 (folate) metabolism,0.2659,0.7895,0.5376,329,1927
Purine metabolism,0.1135,0.0303,0.02294,330,1927
Vitamin B9 (folate) metabolism,0.03533,0.5532,0.09646,330,1927
Purine metabolism,0.8262,0.07018,0.2231,331,1927
Vitamin B9 (folate) metabolism,0.5668,0.8627,0.8388,331,1927
Purine metabolism,0.2175,0.09302,0.09915,332,1927
Vitamin B9 (folate) metabolism,0.04548,0.8154,0.1593,332,1927
Purine metabolism,0.2265,0.01961,0.0285,333,1927
Vitamin B9 (folate) metabolism,0.5555,0.4286,0.5798,333,1927
Purine metabolism,0.3242,0.02564,0.04813,334,1927
Vitamin B9 (folate) metabolism,0.0701,0.6316,0.1823,334,1927
Purine metabolism,0.03705,0.02703,0.00792,335,1927
Vitamin B9 (folate) metabolism,0.2126,0.82,0.4788,335,1927
Purine metabolism,0.05212,0.01351,0.00582,336,1927
Vitamin B9 (folate) metabolism,0.0051,0.371,0.01375,336,1927
Purine metabolism,0.1545,0.01389,0.01533,337,1927
Vitamin B9 (folate) metabolism,0.1011,0.3968,0.1692,337,1927
Purine metabolism,0.326,0.1154,0.161,338,1927
Vitamin B9 (folate) metabolism,0.06643,0.675,0.184,338,1927
Purine metabolism,0.0495,0.01333,0.00549,339,1927
Vitamin B9 (folate) metabolism,0.4829,0.8913,0.7933,339,1927
Purine metabolism,0.1839,0.2679,0.1976,340,1927
Vitamin B9 (folate) metabolism,0.05489,0.7586,0.174,340,1927
Purine metabolism,0.1262,0.05063,0.03867,341,1927
Vitamin B9 (folate) metabolism,0.05988,0.9123,0.2134,341,1927
Purine metabolism,0.03037,0.02817,0.0069,342,1927
Vitamin B9 (folate) metabolism,0.02411,0.8621,0.1013,342,1927
Purine metabolism,0.1764,0.541,0.3196,343,1927
Vitamin B9 (folate) metabolism,0.0812,0.5577,0.1854,343,1927
Purine metabolism,0.2901,0.02941,0.04918,344,1927
Vitamin B9 (folate) metabolism,0.3544,0.8261,0.6524,344,1927
Purine metabolism,0.3,0.1143,0.15,345,1927
Vitamin B9 (folate) metabolism,0.1086,0.629,0.2517,345,1927
Purine metabolism,0.03162,0.01613,0.00438,346,1927
Vitamin B9 (folate) metabolism,0.1284,0.8824,0.36,346,1927
Purine metabolism,0.2006,0.2958,0.2269,347,1927
Vitamin B9 (folate) metabolism,0.2514,0.7391,0.4986,347,1927
Purine metabolism,0.2356,0.08333,0.0968,348,1927
Vitamin B9 (folate) metabolism,0.1277,0.7059,0.307,348,1927
Purine metabolism,0.4542,0.04412,0.0984,349,1927
Vitamin B9 (folate) metabolism,0.01814,0.5254,0.05389,349,1927
Purine metabolism,0.06984,0.01299,0.00726,350,1927
Vitamin B9 (folate) metabolism,0.09075,0.5306,0.1942,350,1927
Purine metabolism,0.6472,0.3019,0.5144,351,1927
Vitamin B9 (folate) metabolism,0.1321,0.4667,0.2334,351,1927
Purine metabolism,0.3777,0.05063,0.09479,352,1927
Vitamin B9 (folate) metabolism,0.3288,0.6129,0.5243,352,1927
Purine metabolism,0.288,0.0119,0.02288,353,1927
Vitamin B9 (folate) metabolism,0.1485,0.8727,0.3944,353,1927
Purine metabolism,0.00737,0.03614,0.00246,354,1927
Vitamin B9 (folate) metabolism,0.08758,0.5357,0.1904,354,1927
Purine metabolism,0.01342,0.02247,0.00275,355,1927
Vitamin B9 (folate) metabolism,0.1404,0.7073,0.3286,355,1927
Purine metabolism,0.4494,0.1507,0.2501,356,1927
Vitamin B9 (folate) metabolism,0.6653,0.375,0.5959,356,1927
Purine metabolism,0.05507,0.0125,0.0057,357,1927
Vitamin B9 (folate) metabolism,0.232,0.8462,0.516,357,1927
Purine metabolism,0.4452,0.1803,0.2828,358,1927
Vitamin B9 (folate) metabolism,0.03282,0.5238,0.08704,358,1927
Purine metabolism,0.00599,0.01449,9e-4,359,1927
Vitamin B9 (folate) metabolism,0.1024,0.9216,0.317,359,1927
Purine metabolism,0.3929,0.07143,0.1284,360,1927
Vitamin B9 (folate) metabolism,0.1178,0.66,0.2764,360,1927
Purine metabolism,0.2499,0.06024,0.07822,361,1927
Vitamin B9 (folate) metabolism,0.06697,0.4909,0.1452,361,1927
Purine metabolism,0.05343,0.04286,0.01621,362,1927
Vitamin B9 (folate) metabolism,0.3955,0.8864,0.718,362,1927
Purine metabolism,0.1472,0.1515,0.1071,363,1927
Vitamin B9 (folate) metabolism,0.3494,0.6471,0.5622,363,1927
Purine metabolism,0.283,0.02632,0.04394,364,1927
Vitamin B9 (folate) metabolism,0.3256,0.3443,0.3574,364,1927
Purine metabolism,0.6026,0.05333,0.1426,365,1927
Vitamin B9 (folate) metabolism,0.2959,0.8254,0.5885,365,1927
Purine metabolism,0.3606,0.01266,0.02917,366,1927
Vitamin B9 (folate) metabolism,0.06072,0.54,0.1449,366,1927
Purine metabolism,0.2398,0.01724,0.02683,367,1927
Vitamin B9 (folate) metabolism,0.4414,0.9773,0.794,367,1927
Purine metabolism,0.202,0.01299,0.01822,368,1927
Vitamin B9 (folate) metabolism,0.3847,0.377,0.4251,368,1927
Purine metabolism,0.2067,0.05479,0.06206,369,1927
Vitamin B9 (folate) metabolism,0.09697,0.6364,0.2336,369,1927
Purine metabolism,0.06407,0.01493,0.00761,370,1927
Vitamin B9 (folate) metabolism,0.1438,0.24,0.1507,370,1927
Purine metabolism,0.1448,0.05263,0.04478,371,1927
Vitamin B9 (folate) metabolism,0.02135,0.3208,0.04098,371,1927
Purine metabolism,0.02751,0.02326,0.00534,372,1927
Vitamin B9 (folate) metabolism,0.1494,0.8409,0.3863,372,1927
Purine metabolism,0.1476,0.01282,0.01375,373,1927
Vitamin B9 (folate) metabolism,0.0366,0.2807,0.05731,373,1927
Purine metabolism,0.7564,0.1765,0.4023,374,1927
Vitamin B9 (folate) metabolism,0.1198,0.9,0.348,374,1927
Purine metabolism,0.169,0.3725,0.2371,375,1927
Vitamin B9 (folate) metabolism,0.7125,0.8654,0.9148,375,1927
Purine metabolism,0.176,0.06757,0.06459,376,1927
Vitamin B9 (folate) metabolism,0.1875,0.6538,0.3799,376,1927
Purine metabolism,0.2199,0.01282,0.01937,377,1927
Vitamin B9 (folate) metabolism,0.3345,0.7857,0.614,377,1927
Purine metabolism,0.6418,0.04286,0.1264,378,1927
Vitamin B9 (folate) metabolism,0.2258,0.6727,0.4382,378,1927
Purine metabolism,0.5333,0.02532,0.07163,379,1927
Vitamin B9 (folate) metabolism,0.6505,0.2245,0.427,379,1927
Purine metabolism,0.08106,0.01538,0.00958,380,1927
Vitamin B9 (folate) metabolism,0.1046,0.6923,0.2626,380,1927
Purine metabolism,0.2712,0.02703,0.04337,381,1927
Vitamin B9 (folate) metabolism,0.2214,0.5306,0.369,381,1927
Purine metabolism,0.5955,0.3286,0.5149,382,1927
Vitamin B9 (folate) metabolism,0.8502,0.7174,0.9115,382,1927
Purine metabolism,0.09848,0.1129,0.06114,383,1927
Vitamin B9 (folate) metabolism,0.1934,0.7885,0.4393,383,1927
Purine metabolism,0.1405,0.1389,0.09635,384,1927
Vitamin B9 (folate) metabolism,0.09371,0.7843,0.2653,384,1927
Purine metabolism,0.1048,0.1061,0.06116,385,1927
Vitamin B9 (folate) metabolism,0.1744,0.8841,0.4425,385,1927
Purine metabolism,0.04482,0.06757,0.02059,386,1927
Vitamin B9 (folate) metabolism,0.1303,0.2143,0.1278,386,1927
Purine metabolism,0.1309,0.01235,0.01201,387,1927
Vitamin B9 (folate) metabolism,0.3205,0.5517,0.4832,387,1927
Purine metabolism,0.09218,0.01389,0.00981,388,1927
Vitamin B9 (folate) metabolism,0.2295,0.3519,0.284,388,1927
Purine metabolism,0.2453,0.01493,0.02421,389,1927
Vitamin B9 (folate) metabolism,0.2826,0.56,0.45,389,1927
Purine metabolism,0.2795,0.06579,0.09187,390,1927
Vitamin B9 (folate) metabolism,0.2392,0.807,0.5105,390,1927
Purine metabolism,0.2176,0.03409,0.04379,391,1927
Vitamin B9 (folate) metabolism,0.04283,0.7869,0.148,391,1927
Purine metabolism,0.1146,0.0303,0.02314,392,1927
Vitamin B9 (folate) metabolism,0.03897,0.4839,0.09374,392,1927
Purine metabolism,0.2937,0.03947,0.06327,393,1927
Vitamin B9 (folate) metabolism,0.2315,0.5306,0.3804,393,1927
Purine metabolism,0.4761,0.06667,0.1412,394,1927
Vitamin B9 (folate) metabolism,0.2164,0.5818,0.3868,394,1927
Purine metabolism,0.1533,0.07692,0.06417,395,1927
Vitamin B9 (folate) metabolism,0.2469,0.3617,0.305,395,1927
Purine metabolism,0.1924,0.1389,0.1235,396,1927
Vitamin B9 (folate) metabolism,0.3931,0.7679,0.6634,396,1927
Purine metabolism,0.4239,0.01754,0.04388,397,1927
Vitamin B9 (folate) metabolism,0.2223,0.3833,0.2951,397,1927
Purine metabolism,0.2034,0.02469,0.03161,398,1927
Vitamin B9 (folate) metabolism,0.0064,0.1961,0.00965,398,1927
Purine metabolism,0.2145,0.03125,0.04025,399,1927
Vitamin B9 (folate) metabolism,0.09347,0.8182,0.2731,399,1927
Purine metabolism,0.0318,0.03125,0.00786,400,1927
Vitamin B9 (folate) metabolism,0.06848,0.3542,0.1145,400,1927
Purine metabolism,0.08557,0.05797,0.03128,401,1927
Vitamin B9 (folate) metabolism,0.2188,0.7907,0.4765,401,1927
Purine metabolism,0.00565,0.01163,7e-4,402,1927
Vitamin B9 (folate) metabolism,0.05657,0.7164,0.1704,402,1927
Purine metabolism,0.1343,0.03333,0.02869,403,1927
Vitamin B9 (folate) metabolism,0.1268,0.619,0.2783,403,1927
Purine metabolism,0.2502,0.03896,0.05488,404,1927
Vitamin B9 (folate) metabolism,0.2584,0.2456,0.2384,404,1927
Purine metabolism,0.1955,0.04651,0.05182,405,1927
Vitamin B9 (folate) metabolism,0.2679,0.4878,0.3966,405,1927
Purine metabolism,0.4192,0.08772,0.1582,406,1927
Vitamin B9 (folate) metabolism,0.06931,0.7586,0.2074,406,1927
Purine metabolism,0.0141,0.03529,0.00428,407,1927
Vitamin B9 (folate) metabolism,0.2721,0.9677,0.6147,407,1927
Purine metabolism,0.07026,0.06667,0.02981,408,1927
Vitamin B9 (folate) metabolism,0.1864,0.3654,0.2511,408,1927
Purine metabolism,0.05249,0.05634,0.02018,409,1927
Vitamin B9 (folate) metabolism,0.1238,0.3019,0.1602,409,1927
Purine metabolism,0.3252,0.02985,0.0547,410,1927
Vitamin B9 (folate) metabolism,0.05641,0.4783,0.1245,410,1927
Purine metabolism,0.1219,0.04,0.03084,411,1927
Vitamin B9 (folate) metabolism,0.1538,0.4182,0.2408,411,1927
Purine metabolism,0.1704,0.01493,0.01775,412,1927
Vitamin B9 (folate) metabolism,0.02117,0.6667,0.07424,412,1927
Purine metabolism,0.1303,0.01205,0.01171,413,1927
Vitamin B9 (folate) metabolism,0.03186,0.4603,0.07658,413,1927
Purine metabolism,0.2619,0.09677,0.1185,414,1927
Vitamin B9 (folate) metabolism,0.05716,0.6471,0.159,414,1927
Purine metabolism,0.198,0.0122,0.01697,415,1927
Vitamin B9 (folate) metabolism,0.1039,0.9545,0.3283,415,1927
Purine metabolism,0.07383,0.0303,0.01589,416,1927
Vitamin B9 (folate) metabolism,0.2696,0.5,0.4049,416,1927
Purine metabolism,0.317,0.01333,0.02732,417,1927
Vitamin B9 (folate) metabolism,0.1615,0.339,0.2138,417,1927
Purine metabolism,0.3349,0.05556,0.09275,418,1927
Vitamin B9 (folate) metabolism,0.03579,0.5441,0.09618,418,1927
Purine metabolism,0.2219,0.02899,0.03889,419,1927
Vitamin B9 (folate) metabolism,0.03788,0.5,0.09407,419,1927
Purine metabolism,0.05938,0.06849,0.02646,420,1927
Vitamin B9 (folate) metabolism,0.3508,0.84,0.6548,420,1927
Purine metabolism,0.2165,0.02222,0.03049,421,1927
Vitamin B9 (folate) metabolism,0.225,0.5522,0.3833,421,1927
Purine metabolism,0.7484,0.02817,0.1024,422,1927
Vitamin B9 (folate) metabolism,0.4343,0.7333,0.6829,422,1927
Purine metabolism,0.511,0.01562,0.04654,423,1927
Vitamin B9 (folate) metabolism,0.1517,0.1,0.07873,423,1927
Purine metabolism,0.09454,0.02632,0.01741,424,1927
Vitamin B9 (folate) metabolism,0.06659,0.8769,0.2243,424,1927
Purine metabolism,0.07525,0.05556,0.02708,425,1927
Vitamin B9 (folate) metabolism,0.3948,0.6383,0.5993,425,1927
Purine metabolism,0.01886,0.01235,0.00218,426,1927
Vitamin B9 (folate) metabolism,0.163,0.8846,0.4235,426,1927
Purine metabolism,0.0709,0.0119,0.00682,427,1927
Vitamin B9 (folate) metabolism,0.1385,0.8824,0.3791,427,1927
Purine metabolism,0.04013,0.01389,0.00473,428,1927
Vitamin B9 (folate) metabolism,0.1572,0.5763,0.3081,428,1927
Purine metabolism,0.2466,0.1341,0.1458,429,1927
Vitamin B9 (folate) metabolism,0.02084,0.3182,0.03989,429,1927
Purine metabolism,0.0313,0.01316,0.00362,430,1927
Vitamin B9 (folate) metabolism,0.01498,0.5246,0.04594,430,1927
Purine metabolism,0.1961,0.0137,0.01859,431,1927
Vitamin B9 (folate) metabolism,0.0271,0.7,0.09418,431,1927
Purine metabolism,0.035,0.0137,0.00414,432,1927
Vitamin B9 (folate) metabolism,0.07333,0.2941,0.1043,432,1927
Purine metabolism,0.1437,0.04878,0.04179,433,1927
Vitamin B9 (folate) metabolism,0.2417,0.62,0.4343,433,1927
Purine metabolism,0.2011,0.01087,0.01557,434,1927
Vitamin B9 (folate) metabolism,0.141,0.5,0.2574,434,1927
Purine metabolism,0.03364,0.04,0.01024,435,1927
Vitamin B9 (folate) metabolism,0.1657,0.5,0.2893,435,1927
Purine metabolism,0.1898,0.08065,0.07928,436,1927
Vitamin B9 (folate) metabolism,0.05252,0.3214,0.08578,436,1927
Purine metabolism,0.03164,0.05085,0.01196,437,1927
Vitamin B9 (folate) metabolism,0.05512,0.6111,0.1479,437,1927
Purine metabolism,0.06417,0.01587,0.00803,438,1927
Vitamin B9 (folate) metabolism,0.1764,0.7586,0.403,438,1927
Purine metabolism,0.09031,0.01429,0.00988,439,1927
Vitamin B9 (folate) metabolism,0.1993,0.6792,0.406,439,1927
Purine metabolism,0.1545,0.12,0.09248,440,1927
Vitamin B9 (folate) metabolism,0.1056,0.5814,0.2328,440,1927
Purine metabolism,0.3569,0.01333,0.0302,441,1927
Vitamin B9 (folate) metabolism,0.2349,0.9355,0.5528,441,1927
Purine metabolism,0.0253,0.02,0.00435,442,1927
Vitamin B9 (folate) metabolism,0.09854,0.7609,0.2692,442,1927
Purine metabolism,0.04,0.01235,0.00425,443,1927
Vitamin B9 (folate) metabolism,0.2261,0.3103,0.2566,443,1927
Purine metabolism,0.00656,0.0137,0.00093000000000000005,444,1927
Vitamin B9 (folate) metabolism,0.1707,0.4561,0.2767,444,1927
Purine metabolism,0.02239,0.01316,0.00269,445,1927
Vitamin B9 (folate) metabolism,0.09396,0.4783,0.1844,445,1927
Purine metabolism,0.1543,0.03636,0.03469,446,1927
Vitamin B9 (folate) metabolism,0.2104,0.7736,0.4583,446,1927
Purine metabolism,0.02482,0.02941,0.006,447,1927
Vitamin B9 (folate) metabolism,0.2181,0.5357,0.3676,447,1927
Purine metabolism,0.3857,0.1558,0.2291,448,1927
Vitamin B9 (folate) metabolism,0.06061,0.7609,0.188,448,1927
Purine metabolism,0.1396,0.03797,0.03307,449,1927
Vitamin B9 (folate) metabolism,0.1314,0.4,0.2074,449,1927
Purine metabolism,0.1952,0.08824,0.08718,450,1927
Vitamin B9 (folate) metabolism,0.04762,0.5556,0.1226,450,1927
Purine metabolism,0.2436,0.01449,0.02346,451,1927
Vitamin B9 (folate) metabolism,0.3866,0.7917,0.6684,451,1927
Purine metabolism,0.1406,0.01429,0.01449,452,1927
Vitamin B9 (folate) metabolism,0.2572,0.6949,0.4865,452,1927
Purine metabolism,0.2391,0.6133,0.4282,453,1927
Vitamin B9 (folate) metabolism,0.2436,0.1754,0.1774,453,1927
Purine metabolism,0.04521,0.02941,0.01014,454,1927
Vitamin B9 (folate) metabolism,0.01302,0.4127,0.03346,454,1927
Purine metabolism,0.2994,0.01316,0.02576,455,1927
Vitamin B9 (folate) metabolism,0.07866,0.1538,0.06551,455,1927
Purine metabolism,0.09614,0.02564,0.01727,456,1927
Vitamin B9 (folate) metabolism,0.07524,0.7255,0.2133,456,1927
Purine metabolism,0.266,0.1667,0.1825,457,1927
Vitamin B9 (folate) metabolism,0.0135,0.4746,0.03876,457,1927
Purine metabolism,0.07463,0.08434,0.03819,458,1927
Vitamin B9 (folate) metabolism,0.07853,0.8226,0.2416,458,1927
Purine metabolism,0.2684,0.0125,0.02247,459,1927
Vitamin B9 (folate) metabolism,0.06805,0.5161,0.1527,459,1927
Purine metabolism,0.5211,0.01449,0.04444,460,1927
Vitamin B9 (folate) metabolism,0.9388,0.3256,0.668,460,1927
Purine metabolism,0.2099,0.07143,0.07797,461,1927
Vitamin B9 (folate) metabolism,0.1164,0.566,0.245,461,1927
Purine metabolism,0.2366,0.03774,0.05105,462,1927
Vitamin B9 (folate) metabolism,0.1847,0.4878,0.307,462,1927
Purine metabolism,0.07018,0.01351,0.00755,463,1927
Vitamin B9 (folate) metabolism,0.01005,0.7288,0.04333,463,1927
Purine metabolism,0.08189,0.0137,0.00874,464,1927
Vitamin B9 (folate) metabolism,0.04984,0.6613,0.1454,464,1927
Purine metabolism,0.06973,0.0303,0.01513,465,1927
Vitamin B9 (folate) metabolism,0.3257,0.2667,0.2991,465,1927
Purine metabolism,0.09331,0.03448,0.02168,466,1927
Vitamin B9 (folate) metabolism,0.00411,0.3699,0.01138,466,1927
Purine metabolism,0.2154,0.01613,0.02315,467,1927
Vitamin B9 (folate) metabolism,0.06152,0.7111,0.1806,467,1927
Purine metabolism,0.3139,0.04,0.06752,468,1927
Vitamin B9 (folate) metabolism,0.141,0.7097,0.3305,468,1927
Purine metabolism,0.0433,0.01351,0.00494,469,1927
Vitamin B9 (folate) metabolism,0.5752,0.6512,0.7424,469,1927
Purine metabolism,0.1003,0.02469,0.01733,470,1927
Vitamin B9 (folate) metabolism,0.05284,0.7414,0.1661,470,1927
Purine metabolism,0.4395,0.1111,0.1962,471,1927
Vitamin B9 (folate) metabolism,0.3304,0.9649,0.6832,471,1927
Purine metabolism,0.2846,0.05714,0.08324,472,1927
Vitamin B9 (folate) metabolism,0.01986,0.8627,0.08681,472,1927
Purine metabolism,0.04574,0.01408,0.00538,473,1927
Vitamin B9 (folate) metabolism,0.05763,0.3448,0.09774,473,1927
Purine metabolism,0.1166,0.03077,0.02378,474,1927
Vitamin B9 (folate) metabolism,0.6048,0.3636,0.553,474,1927
Purine metabolism,0.07259,0.01205,0.00703,475,1927
Vitamin B9 (folate) metabolism,0.4945,0.9778,0.8349,475,1927
Purine metabolism,0.03272,0.0625,0.01471,476,1927
Vitamin B9 (folate) metabolism,0.03624,0.4815,0.08809,476,1927
Purine metabolism,0.2486,0.01205,0.0204,477,1927
Vitamin B9 (folate) metabolism,0.3149,0.6271,0.5178,477,1927
Purine metabolism,0.1864,0.01429,0.01846,478,1927
Vitamin B9 (folate) metabolism,0.02915,0.4091,0.06474,478,1927
Purine metabolism,0.1906,0.04,0.04479,479,1927
Vitamin B9 (folate) metabolism,0.1905,0.3818,0.2634,479,1927
Purine metabolism,0.3424,0.0375,0.06877,480,1927
Vitamin B9 (folate) metabolism,0.2268,0.98,0.5566,480,1927
Purine metabolism,0.1219,0.07042,0.04944,481,1927
Vitamin B9 (folate) metabolism,0.2627,0.9455,0.5944,481,1927
Purine metabolism,0.1354,0.3284,0.1828,482,1927
Vitamin B9 (folate) metabolism,0.0489,0.8043,0.1666,482,1927
Purine metabolism,0.05395,0.04054,0.01558,483,1927
Vitamin B9 (folate) metabolism,0.1266,0.5849,0.2667,483,1927
Purine metabolism,0.04331,0.01205,0.00447,484,1927
Vitamin B9 (folate) metabolism,0.05351,0.6491,0.1514,484,1927
Purine metabolism,0.2961,0.03774,0.0614,485,1927
Vitamin B9 (folate) metabolism,0.1242,0.5192,0.2413,485,1927
Purine metabolism,0.2935,0.02985,0.05027,486,1927
Vitamin B9 (folate) metabolism,0.1551,0.8431,0.3967,486,1927
Purine metabolism,0.1044,0.03175,0.02224,487,1927
Vitamin B9 (folate) metabolism,0.02151,0.4255,0.05211,487,1927
Purine metabolism,0.00226,0.01163,3e-4,488,1927
Vitamin B9 (folate) metabolism,0.07489,0.431,0.1431,488,1927
Purine metabolism,0.4097,0.02469,0.05659,489,1927
Vitamin B9 (folate) metabolism,0.08959,0.3404,0.1369,489,1927
Purine metabolism,0.07104,0.01408,0.00791,490,1927
Vitamin B9 (folate) metabolism,0.01783,0.56,0.05598,490,1927
Purine metabolism,0.06631,0.01639,0.0085,491,1927
Vitamin B9 (folate) metabolism,0.4857,0.7347,0.7246,491,1927
Purine metabolism,0.01522,0.07042,0.0084,492,1927
Vitamin B9 (folate) metabolism,0.1297,0.4833,0.2363,492,1927
Purine metabolism,0.1875,0.01205,0.01603,493,1927
Vitamin B9 (folate) metabolism,0.1438,0.7222,0.339,493,1927
Purine metabolism,0.06355,0.05747,0.02415,494,1927
Vitamin B9 (folate) metabolism,0.1012,0.6222,0.2371,494,1927
Purine metabolism,0.06012,0.01282,0.0063,495,1927
Vitamin B9 (folate) metabolism,0.0546,0.5246,0.1304,495,1927
Purine metabolism,0.759,0.07353,0.2169,496,1927
Vitamin B9 (folate) metabolism,0.3089,0.383,0.3709,496,1927
Purine metabolism,0.1057,0.09722,0.05731,497,1927
Vitamin B9 (folate) metabolism,0.131,0.92,0.3756,497,1927
Purine metabolism,0.1303,0.01493,0.01409,498,1927
Vitamin B9 (folate) metabolism,0.09663,0.4545,0.1812,498,1927
Purine metabolism,0.07419,0.01351,0.00792,499,1927
Vitamin B9 (folate) metabolism,0.07851,0.1053,0.04791,499,1927
Purine metabolism,0.09922,0.07143,0.04216,500,1927
Vitamin B9 (folate) metabolism,0.0279,0.8167,0.109,500,1927
Purine metabolism,0.6234,0.02703,0.08566,501,1927
Vitamin B9 (folate) metabolism,0.285,0.8448,0.5836,501,1927
Purine metabolism,0.01443,0.02985,0.00377,502,1927
Vitamin B9 (folate) metabolism,0.1582,0.6607,0.3405,502,1927
Purine metabolism,0.2295,0.1356,0.1391,503,1927
Vitamin B9 (folate) metabolism,0.1458,0.4808,0.2565,503,1927
Purine metabolism,0.1805,0.02667,0.03051,504,1927
Vitamin B9 (folate) metabolism,0.01926,0.7593,0.0764,504,1927
Purine metabolism,0.08237,0.0122,0.00794,505,1927
Vitamin B9 (folate) metabolism,0.13,0.1935,0.1178,505,1927
Purine metabolism,0.03584,0.01587,0.00482,506,1927
Vitamin B9 (folate) metabolism,0.03765,0.8333,0.14,506,1927
Purine metabolism,0.1533,0.4478,0.2526,507,1927
Vitamin B9 (folate) metabolism,0.3766,0.907,0.7085,507,1927
Purine metabolism,0.03693,0.01316,0.00419,508,1927
Vitamin B9 (folate) metabolism,0.2752,0.3393,0.3148,508,1927
Purine metabolism,0.0772,0.0274,0.01514,509,1927
Vitamin B9 (folate) metabolism,0.2505,0.4386,0.3525,509,1927
Purine metabolism,0.2596,0.01449,0.02477,510,1927
Vitamin B9 (folate) metabolism,0.1248,0.4906,0.2322,510,1927
Purine metabolism,0.3323,0.02899,0.05436,511,1927
Vitamin B9 (folate) metabolism,0.06495,0.9333,0.2305,511,1927
Purine metabolism,0.1475,0.0375,0.03428,512,1927
Vitamin B9 (folate) metabolism,0.05182,0.2388,0.06672,512,1927
Purine metabolism,0.08553,0.01562,0.01018,513,1927
Vitamin B9 (folate) metabolism,0.08529,0.7333,0.2359,513,1927
Purine metabolism,0.2613,0.01136,0.02024,514,1927
Vitamin B9 (folate) metabolism,0.2041,0.9574,0.5145,514,1927
Purine metabolism,0.02088,0.01205,0.00234,515,1927
Vitamin B9 (folate) metabolism,0.4266,0.8864,0.7458,515,1927
Purine metabolism,0.1716,0.2714,0.1894,516,1927
Vitamin B9 (folate) metabolism,0.1103,0.4717,0.2058,516,1927
Purine metabolism,0.09778,0.01235,0.00932,517,1927
Vitamin B9 (folate) metabolism,0.1302,0.95,0.3823,517,1927
Purine metabolism,0.03066,0.0122,0.00333,518,1927
Vitamin B9 (folate) metabolism,0.04834,0.7568,0.1576,518,1927
Purine metabolism,0.0485,0.04598,0.01585,519,1927
Vitamin B9 (folate) metabolism,0.03689,0.5,0.0921,519,1927
Purine metabolism,0.3284,0.06944,0.109,520,1927
Vitamin B9 (folate) metabolism,0.692,0.9474,0.9324,520,1927
Purine metabolism,0.1365,0.04286,0.03592,521,1927
Vitamin B9 (folate) metabolism,0.1597,0.6038,0.322,521,1927
Purine metabolism,0.1019,0.04167,0.02744,522,1927
Vitamin B9 (folate) metabolism,0.0313,0.5345,0.08517,522,1927
Purine metabolism,0.1696,0.01316,0.01586,523,1927
Vitamin B9 (folate) metabolism,0.08728,0.3729,0.144,523,1927
Purine metabolism,0.1382,0.01587,0.01562,524,1927
Vitamin B9 (folate) metabolism,0.1349,0.6727,0.3084,524,1927
Purine metabolism,0.04234,0.025,0.00831,525,1927
Vitamin B9 (folate) metabolism,0.1054,0.625,0.245,525,1927
Purine metabolism,0.379,0.01408,0.03326,526,1927
Vitamin B9 (folate) metabolism,0.4278,0.9444,0.7702,526,1927
Purine metabolism,0.1457,0.01235,0.01317,527,1927
Vitamin B9 (folate) metabolism,0.5079,0.9231,0.824,527,1927
Purine metabolism,0.02575,0.01163,0.00273,528,1927
Vitamin B9 (folate) metabolism,0.04447,0.3793,0.08573,528,1927
Purine metabolism,0.2354,0.06557,0.07982,529,1927
Vitamin B9 (folate) metabolism,0.09087,0.825,0.2692,529,1927
Purine metabolism,0.03644,0.0641,0.01649,530,1927
Vitamin B9 (folate) metabolism,0.1448,0.9773,0.4182,530,1927
Purine metabolism,0.08853,0.02439,0.01541,531,1927
Vitamin B9 (folate) metabolism,0.09209,0.6182,0.2201,531,1927
Purine metabolism,0.08415,0.0137,0.00895,532,1927
Vitamin B9 (folate) metabolism,0.1836,0.6071,0.3561,532,1927
Purine metabolism,0.02148,0.01299,0.00256,533,1927
Vitamin B9 (folate) metabolism,0.5171,0.675,0.7165,533,1927
Purine metabolism,0.02551,0.02778,0.00585,534,1927
Vitamin B9 (folate) metabolism,0.1458,0.6939,0.333,534,1927
Purine metabolism,0.07901,0.02469,0.01412,535,1927
Vitamin B9 (folate) metabolism,0.1993,0.4483,0.3052,535,1927
Purine metabolism,0.3409,0.07576,0.1203,536,1927
Vitamin B9 (folate) metabolism,0.209,0.537,0.3577,536,1927
Purine metabolism,0.0597,0.01136,0.00563,537,1927
Vitamin B9 (folate) metabolism,0.214,0.8605,0.4957,537,1927
Purine metabolism,0.05453,0.03659,0.0144,538,1927
Vitamin B9 (folate) metabolism,0.07367,0.7869,0.2231,538,1927
Purine metabolism,0.06039,0.03846,0.01641,539,1927
Vitamin B9 (folate) metabolism,0.6764,0.7429,0.8483,539,1927
Purine metabolism,0.5373,0.01538,0.04789,540,1927
Vitamin B9 (folate) metabolism,0.06076,0.65,0.1671,540,1927
Purine metabolism,0.4281,0.2128,0.3094,541,1927
Vitamin B9 (folate) metabolism,0.02302,0.7857,0.09065,541,1927
Purine metabolism,0.4079,0.125,0.2027,542,1927
Vitamin B9 (folate) metabolism,0.3176,0.75,0.5799,542,1927
Purine metabolism,0.2793,0.01754,0.03096,543,1927
Vitamin B9 (folate) metabolism,0.5084,0.3273,0.4648,543,1927
Purine metabolism,0.09472,0.06494,0.03747,544,1927
Vitamin B9 (folate) metabolism,0.06306,0.5593,0.1532,544,1927
Purine metabolism,0.2271,0.03297,0.04414,545,1927
Vitamin B9 (folate) metabolism,0.5507,0.9846,0.8741,545,1927
Purine metabolism,0.04303,0.1304,0.03469,546,1927
Vitamin B9 (folate) metabolism,0.05099,0.3103,0.08143,546,1927
Purine metabolism,0.2934,0.01099,0.02172,547,1927
Vitamin B9 (folate) metabolism,0.1221,0.6739,0.2878,547,1927
Purine metabolism,0.04963,0.01587,0.00642,548,1927
Vitamin B9 (folate) metabolism,0.03613,0.4902,0.08916,548,1927
Purine metabolism,0.08221,0.01923,0.01178,549,1927
Vitamin B9 (folate) metabolism,0.0179,0.2444,0.02814,549,1927
Purine metabolism,0.00258,0.02439,6.7e-4,550,1927
Vitamin B9 (folate) metabolism,0.1019,0.1091,0.06115,550,1927
Purine metabolism,0.04664,0.02632,0.00946,551,1927
Vitamin B9 (folate) metabolism,0.2048,0.4444,0.3091,551,1927
Purine metabolism,0.1586,0.03226,0.0321,552,1927
Vitamin B9 (folate) metabolism,0.3971,0.9184,0.7326,552,1927
Purine metabolism,0.1584,0.01205,0.01386,553,1927
Vitamin B9 (folate) metabolism,0.05387,0.3684,0.09763,553,1927
Purine metabolism,0.02141,0.0119,0.00236,554,1927
Vitamin B9 (folate) metabolism,0.1404,0.3571,0.2002,554,1927
Purine metabolism,0.231,0.0411,0.05371,555,1927
Vitamin B9 (folate) metabolism,0.3399,0.7333,0.5955,555,1927
Purine metabolism,0.07531,0.01333,0.00794,556,1927
Vitamin B9 (folate) metabolism,0.1589,0.7105,0.3591,556,1927
Purine metabolism,0.415,0.075,0.1391,557,1927
Vitamin B9 (folate) metabolism,0.1124,0.8718,0.3257,557,1927
Purine metabolism,0.4801,0.09091,0.1803,558,1927
Vitamin B9 (folate) metabolism,0.263,0.7059,0.4983,558,1927
Purine metabolism,0.05618,0.04348,0.01713,559,1927
Vitamin B9 (folate) metabolism,0.4739,0.4211,0.5212,559,1927
Purine metabolism,0.08386,0.01205,0.00798,560,1927
Vitamin B9 (folate) metabolism,0.2297,0.7887,0.4906,560,1927
Purine metabolism,0.1055,0.02353,0.01737,561,1927
Vitamin B9 (folate) metabolism,0.03895,0.4375,0.08643,561,1927
Purine metabolism,0.08268,0.01333,0.00861,562,1927
Vitamin B9 (folate) metabolism,0.1335,0.625,0.2907,562,1927
Purine metabolism,0.577,0.3256,0.502,563,1927
Vitamin B9 (folate) metabolism,0.07765,0.425,0.1456,563,1927
Purine metabolism,0.0167,0.01587,0.00245,564,1927
Vitamin B9 (folate) metabolism,0.361,0.4483,0.4566,564,1927
Purine metabolism,0.02978,0.01299,0.00343,565,1927
Vitamin B9 (folate) metabolism,0.2952,0.7551,0.5574,565,1927
Purine metabolism,0.5889,0.1803,0.3443,566,1927
Vitamin B9 (folate) metabolism,0.2656,0.2321,0.2334,566,1927
Purine metabolism,0.06705,0.02439,0.01213,567,1927
Vitamin B9 (folate) metabolism,0.1817,0.5303,0.3218,567,1927
Purine metabolism,0.1433,0.1774,0.1188,568,1927
Vitamin B9 (folate) metabolism,0.09313,0.4783,0.1831,568,1927
Purine metabolism,0.2064,0.01754,0.02397,569,1927
Vitamin B9 (folate) metabolism,0.1053,0.2698,0.1296,569,1927
Purine metabolism,0.5493,0.04545,0.1171,570,1927
Vitamin B9 (folate) metabolism,0.01092,0.4808,0.03281,570,1927
Purine metabolism,0.05361,0.02899,0.0116,571,1927
Vitamin B9 (folate) metabolism,0.05476,0.8167,0.1837,571,1927
Purine metabolism,0.03706,0.03175,0.00911,572,1927
Vitamin B9 (folate) metabolism,0.00661,0.6531,0.02781,572,1927
Purine metabolism,0.3693,0.01282,0.03008,573,1927
Vitamin B9 (folate) metabolism,0.05605,0.587,0.1452,573,1927
Purine metabolism,0.3403,0.03704,0.06773,574,1927
Vitamin B9 (folate) metabolism,0.241,0.3208,0.2752,574,1927
Purine metabolism,0.1699,0.2899,0.1975,575,1927
Vitamin B9 (folate) metabolism,0.2867,0.6034,0.4765,575,1927
Purine metabolism,0.2088,0.06757,0.07423,576,1927
Vitamin B9 (folate) metabolism,0.01674,0.4333,0.04299,576,1927
Purine metabolism,0.2056,0.0274,0.03481,577,1927
Vitamin B9 (folate) metabolism,0.1574,0.4737,0.2681,577,1927
Purine metabolism,0.04049,0.07792,0.021329999999999998,578,1927
Vitamin B9 (folate) metabolism,0.01616,0.5926,0.05408,578,1927
Purine metabolism,0.05726,0.01389,0.00647,579,1927
Vitamin B9 (folate) metabolism,0.424,0.8947,0.7471,579,1927
Purine metabolism,0.2849,0.05556,0.08146,580,1927
Vitamin B9 (folate) metabolism,0.1751,0.86,0.4357,580,1927
Purine metabolism,0.3655,0.04444,0.08316,581,1927
Vitamin B9 (folate) metabolism,0.2679,0.4091,0.3519,581,1927
Purine metabolism,0.08932,0.02632,0.01658,582,1927
Vitamin B9 (folate) metabolism,0.123,0.8485,0.3402,582,1927
Purine metabolism,0.01664,0.01316,0.00206,583,1927
Vitamin B9 (folate) metabolism,0.093410000000000007,0.8214,0.2737,583,1927
Purine metabolism,0.3953,0.2333,0.3121,584,1927
Vitamin B9 (folate) metabolism,0.0811,0.4737,0.1636,584,1927
Purine metabolism,0.3003,0.1304,0.166,585,1927
Vitamin B9 (folate) metabolism,0.03041,0.8723,0.1228,585,1927
Purine metabolism,0.4509,0.02985,0.07145,586,1927
Vitamin B9 (folate) metabolism,0.2197,0.566,0.3836,586,1927
Purine metabolism,0.1956,0.03488,0.04086,587,1927
Vitamin B9 (folate) metabolism,0.2739,0.5385,0.4298,587,1927
Purine metabolism,0.1597,0.01389,0.01577,588,1927
Vitamin B9 (folate) metabolism,0.00641,0.3333,0.01526,588,1927
Purine metabolism,0.06131,0.01786,0.00856,589,1927
Vitamin B9 (folate) metabolism,0.09272,0.75,0.2549,589,1927
Purine metabolism,0.0035,0.01266,4.9e-4,590,1927
Vitamin B9 (folate) metabolism,0.2539,0.8049,0.5288,590,1927
Purine metabolism,0.6903,0.254,0.4806,591,1927
Vitamin B9 (folate) metabolism,0.3184,0.3,0.3199,591,1927
Purine metabolism,0.1082,0.0119,0.00986,592,1927
Vitamin B9 (folate) metabolism,0.2027,0.5077,0.3369,592,1927
Purine metabolism,0.1427,0.06818,0.0548,593,1927
Vitamin B9 (folate) metabolism,0.1229,0.6111,0.2696,593,1927
Purine metabolism,0.4274,0.05128,0.1057,594,1927
Vitamin B9 (folate) metabolism,0.07464,0.8276,0.2338,594,1927
Purine metabolism,0.3076,0.01333,0.02664,595,1927
Vitamin B9 (folate) metabolism,0.5248,0.5893,0.6722,595,1927
Purine metabolism,0.1701,0.01266,0.01538,596,1927
Vitamin B9 (folate) metabolism,0.02639,0.4909,0.06925,596,1927
Purine metabolism,0.3298,0.1373,0.1854,597,1927
Vitamin B9 (folate) metabolism,0.2471,0.25,0.2337,597,1927
Purine metabolism,0.09408,0.02247,0.01513,598,1927
Vitamin B9 (folate) metabolism,0.03363,0.2031,0.04089,598,1927
Purine metabolism,0.00883,0.02703,0.00223,599,1927
Vitamin B9 (folate) metabolism,0.2539,0.6383,0.457,599,1927
Purine metabolism,0.1121,0.01299,0.01097,600,1927
Vitamin B9 (folate) metabolism,0.0273,0.5686,0.08018,600,1927
Purine metabolism,0.1945,0.01429,0.01914,601,1927
Vitamin B9 (folate) metabolism,0.5244,0.4355,0.5656,601,1927
Purine metabolism,0.2032,0.02439,0.03126,602,1927
Vitamin B9 (folate) metabolism,0.08774,0.5435,0.1928,602,1927
Purine metabolism,0.04601,0.01639,0.00618,603,1927
Vitamin B9 (folate) metabolism,0.00398,0.3171,0.00969,603,1927
Purine metabolism,0.01752,0.0125,0.00206,604,1927
Vitamin B9 (folate) metabolism,0.1014,0.5517,0.2172,604,1927
Purine metabolism,0.1144,0.0119,0.01034,605,1927
Vitamin B9 (folate) metabolism,0.02351,0.8209,0.09548,605,1927
Purine metabolism,0.2547,0.01471,0.02468,606,1927
Vitamin B9 (folate) metabolism,0.3504,0.4386,0.4415,606,1927
Purine metabolism,0.2136,0.04348,0.05275,607,1927
Vitamin B9 (folate) metabolism,0.1229,0.6222,0.273,607,1927
Purine metabolism,0.1786,0.08,0.07497,608,1927
Vitamin B9 (folate) metabolism,0.1543,0.6102,0.3166,608,1927
Purine metabolism,0.0465,0.01205,0.00476,609,1927
Vitamin B9 (folate) metabolism,0.09432,0.4098,0.1644,609,1927
Purine metabolism,0.4484,0.05714,0.1195,610,1927
Vitamin B9 (folate) metabolism,0.08161,0.5424,0.1823,610,1927
Purine metabolism,0.02437,0.01389,0.00304,611,1927
Vitamin B9 (folate) metabolism,0.01499,0.6531,0.05508,611,1927
Purine metabolism,0.04534,0.01316,0.00503,612,1927
Vitamin B9 (folate) metabolism,0.08567,0.5789,0.1986,612,1927
Purine metabolism,0.1047,0.04054,0.02743,613,1927
Vitamin B9 (folate) metabolism,0.5478,0.7018,0.7519,613,1927
Purine metabolism,0.08398,0.01235,0.00816,614,1927
Vitamin B9 (folate) metabolism,0.5284,0.8511,0.8091,614,1927
Purine metabolism,0.09848,0.025,0.01725,615,1927
Vitamin B9 (folate) metabolism,0.3647,0.3793,0.412,615,1927
Purine metabolism,0.04447,0.125,0.03442,616,1927
Vitamin B9 (folate) metabolism,0.01611,0.717,0.06309,616,1927
Purine metabolism,0.07265,0.02941,0.01527,617,1927
Vitamin B9 (folate) metabolism,0.06908,0.8163,0.2185,617,1927
Purine metabolism,0.3484,0.02778,0.05457,618,1927
Vitamin B9 (folate) metabolism,0.02346,0.4545,0.05908,618,1927
Purine metabolism,0.1804,0.05128,0.05257,619,1927
Vitamin B9 (folate) metabolism,0.04504,0.5763,0.1207,619,1927
Purine metabolism,0.05803,0.01389,0.00655,620,1927
Vitamin B9 (folate) metabolism,0.4515,0.6429,0.6493,620,1927
Purine metabolism,0.02366,0.05882,0.01055,621,1927
Vitamin B9 (folate) metabolism,0.07343,0.6538,0.1938,621,1927
Purine metabolism,0.3279,0.0122,0.02609,622,1927
Vitamin B9 (folate) metabolism,0.09179,0.4138,0.1622,622,1927
Purine metabolism,0.1092,0.01695,0.01349,623,1927
Vitamin B9 (folate) metabolism,0.5166,0.7857,0.7719,623,1927
Purine metabolism,0.6098,0.122,0.2677,624,1927
Vitamin B9 (folate) metabolism,0.5544,0.6102,0.705,624,1927
Purine metabolism,0.2332,0.07895,0.09197,625,1927
Vitamin B9 (folate) metabolism,0.08964,0.5085,0.1863,625,1927
Purine metabolism,0.06794,0.02857,0.01406,626,1927
Vitamin B9 (folate) metabolism,0.01823,0.6949,0.06802,626,1927
Purine metabolism,0.2952,0.01266,0.02463,627,1927
Vitamin B9 (folate) metabolism,0.3188,0.9091,0.6488,627,1927
Purine metabolism,0.03131,0.01493,0.00405,628,1927
Vitamin B9 (folate) metabolism,0.7498,0.2353,0.4825,628,1927
Purine metabolism,0.1711,0.1212,0.1011,629,1927
Vitamin B9 (folate) metabolism,0.02975,0.8167,0.1146,629,1927
Purine metabolism,0.08845,0.025,0.01573,630,1927
Vitamin B9 (folate) metabolism,0.07264,0.7241,0.2075,630,1927
Purine metabolism,0.2514,0.04348,0.06029,631,1927
Vitamin B9 (folate) metabolism,0.2096,0.7451,0.4461,631,1927
Purine metabolism,0.4059,0.1014,0.1725,632,1927
Vitamin B9 (folate) metabolism,0.9166,0.7826,0.9556,632,1927
Purine metabolism,0.2842,0.125,0.1541,633,1927
Vitamin B9 (folate) metabolism,0.1081,0.3846,0.1738,633,1927
Purine metabolism,0.1833,0.02564,0.02989,634,1927
Vitamin B9 (folate) metabolism,0.1356,0.3509,0.1925,634,1927
Purine metabolism,0.1107,0.0125,0.01049,635,1927
Vitamin B9 (folate) metabolism,0.01023,0.4364,0.02863,635,1927
Purine metabolism,0.5876,0.02326,0.07234,636,1927
Vitamin B9 (folate) metabolism,0.4634,0.4902,0.5638,636,1927
Purine metabolism,0.1148,0.025,0.01967,637,1927
Vitamin B9 (folate) metabolism,0.1121,0.4655,0.2062,637,1927
Purine metabolism,0.1416,0.1549,0.1057,638,1927
Vitamin B9 (folate) metabolism,0.2464,0.7091,0.4795,638,1927
Purine metabolism,0.1449,0.02439,0.02348,639,1927
Vitamin B9 (folate) metabolism,0.1032,0.7059,0.2636,639,1927
Purine metabolism,0.2077,0.05455,0.06209,640,1927
Vitamin B9 (folate) metabolism,0.04249,0.3137,0.07088,640,1927
Purine metabolism,0.4737,0.09677,0.1871,641,1927
Vitamin B9 (folate) metabolism,0.157,0.6429,0.3325,641,1927
Purine metabolism,0.1339,0.02532,0.02267,642,1927
Vitamin B9 (folate) metabolism,0.3954,0.8846,0.7172,642,1927
Purine metabolism,0.224,0.06579,0.07689,643,1927
Vitamin B9 (folate) metabolism,0.02185,0.7015,0.07938,643,1927
Purine metabolism,0.02967,0.08955,0.01841,644,1927
Vitamin B9 (folate) metabolism,0.042,0.4211,0.08906,644,1927
Purine metabolism,0.2637,0.01333,0.02338,645,1927
Vitamin B9 (folate) metabolism,0.8104,0.7381,0.9056,645,1927
Purine metabolism,0.126,0.06349,0.04661,646,1927
Vitamin B9 (folate) metabolism,0.03018,0.8772,0.1226,646,1927
Purine metabolism,0.1208,0.01316,0.01183,647,1927
Vitamin B9 (folate) metabolism,0.2267,0.7143,0.4568,647,1927
Purine metabolism,0.04031,0.01136,0.00398,648,1927
Vitamin B9 (folate) metabolism,0.4425,0.8421,0.7405,648,1927
Purine metabolism,0.2377,0.02564,0.03718,649,1927
Vitamin B9 (folate) metabolism,0.1396,0.2759,0.1639,649,1927
Purine metabolism,0.03934,0.04494,0.01297,650,1927
Vitamin B9 (folate) metabolism,0.06236,0.7755,0.1948,650,1927
Purine metabolism,0.419,0.04688,0.09685,651,1927
Vitamin B9 (folate) metabolism,0.1352,0.1887,0.1191,651,1927
Purine metabolism,0.1586,0.01124,0.01307,652,1927
Vitamin B9 (folate) metabolism,0.3107,0.6129,0.5062,652,1927
Purine metabolism,0.07714,0.02632,0.01462,653,1927
Vitamin B9 (folate) metabolism,0.5487,0.8269,0.8123,653,1927
Purine metabolism,0.01934,0.06667,0.00987,654,1927
Vitamin B9 (folate) metabolism,0.2587,0.9762,0.6001,654,1927
Purine metabolism,0.4981,0.08108,0.17,655,1927
Vitamin B9 (folate) metabolism,0.2398,0.3103,0.2677,655,1927
Purine metabolism,0.0909,0.0678,0.03753,656,1927
Vitamin B9 (folate) metabolism,0.1404,0.5079,0.2596,656,1927
Purine metabolism,0.181,0.05128,0.05271,657,1927
Vitamin B9 (folate) metabolism,0.0859,0.3103,0.1233,657,1927
Purine metabolism,0.6818,0.07843,0.2101,658,1927
Vitamin B9 (folate) metabolism,0.4996,0.6222,0.6741,658,1927
Purine metabolism,0.09715,0.03261,0.0214,659,1927
Vitamin B9 (folate) metabolism,0.04949,0.6615,0.1447,659,1927
Purine metabolism,0.3939,0.1029,0.1705,660,1927
Vitamin B9 (folate) metabolism,0.1611,0.617,0.3289,660,1927
Purine metabolism,0.1384,0.02105,0.01992,661,1927
Vitamin B9 (folate) metabolism,0.3142,0.6444,0.5258,661,1927
Purine metabolism,0.01071,0.01136,0.00122,662,1927
Vitamin B9 (folate) metabolism,0.3282,0.3966,0.3955,662,1927
Purine metabolism,0.3249,0.02381,0.04534,663,1927
Vitamin B9 (folate) metabolism,0.1916,0.6102,0.3678,663,1927
Purine metabolism,0.3575,0.01299,0.02959,664,1927
Vitamin B9 (folate) metabolism,0.3497,0.7719,0.6234,664,1927
Purine metabolism,0.1326,0.02469,0.02201,665,1927
Vitamin B9 (folate) metabolism,0.05706,0.2759,0.08109,665,1927
Purine metabolism,0.3503,0.03077,0.0596,666,1927
Vitamin B9 (folate) metabolism,0.2208,0.1818,0.1692,666,1927
Purine metabolism,0.8829,0.8276,0.96,667,1927
Vitamin B9 (folate) metabolism,0.252,0.1509,0.1623,667,1927
Purine metabolism,0.02328,0.07812,0.01329,668,1927
Vitamin B9 (folate) metabolism,0.131,0.5645,0.2666,668,1927
Purine metabolism,0.02946,0.01471,0.00379,669,1927
Vitamin B9 (folate) metabolism,0.01438,0.4,0.03543,669,1927
Purine metabolism,0.4865,0.07576,0.1585,670,1927
Vitamin B9 (folate) metabolism,0.07401,0.7143,0.2083,670,1927
Purine metabolism,0.03942,0.0137,0.0046,671,1927
Vitamin B9 (folate) metabolism,0.09241,0.4098,0.1618,671,1927
Purine metabolism,0.5674,0.03659,0.1012,672,1927
Vitamin B9 (folate) metabolism,0.2623,0.5614,0.4293,672,1927
Purine metabolism,0.03528,0.02899,0.00806,673,1927
Vitamin B9 (folate) metabolism,0.09145,0.2632,0.1138,673,1927
Purine metabolism,0.04404,0.02778,0.00943,674,1927
Vitamin B9 (folate) metabolism,0.3559,0.7826,0.6345,674,1927
Purine metabolism,0.02798,0.04167,0.00904,675,1927
Vitamin B9 (folate) metabolism,0.1094,0.2727,0.1346,675,1927
Purine metabolism,0.2746,0.02299,0.03828,676,1927
Vitamin B9 (folate) metabolism,0.2427,0.9149,0.5562,676,1927
Purine metabolism,0.00216,0.01176,2.9e-4,677,1927
Vitamin B9 (folate) metabolism,0.09421,0.5526,0.2059,677,1927
Purine metabolism,0.3125,0.02532,0.0462,678,1927
Vitamin B9 (folate) metabolism,0.2739,0.3818,0.3407,678,1927
Purine metabolism,0.5462,0.0625,0.1494,679,1927
Vitamin B9 (folate) metabolism,0.1447,0.3214,0.1892,679,1927
Purine metabolism,0.02609,0.01389,0.00323,680,1927
Vitamin B9 (folate) metabolism,0.03842,0.4902,0.09364,680,1927
Purine metabolism,0.2177,0.04286,0.05294,681,1927
Vitamin B9 (folate) metabolism,0.3208,0.6341,0.5274,681,1927
Purine metabolism,0.07467,0.03659,0.01886,682,1927
Vitamin B9 (folate) metabolism,0.02607,0.5333,0.07335,682,1927
Purine metabolism,0.1068,0.01389,0.01115,683,1927
Vitamin B9 (folate) metabolism,0.2358,0.2453,0.2227,683,1927
Purine metabolism,0.19,0.05263,0.05606,684,1927
Vitamin B9 (folate) metabolism,0.1635,0.4167,0.2511,684,1927
Purine metabolism,0.2115,0.02353,0.03137,685,1927
Vitamin B9 (folate) metabolism,0.2002,0.7869,0.4486,685,1927
Purine metabolism,0.4285,0.6479,0.6334,686,1927
Vitamin B9 (folate) metabolism,0.162,0.6182,0.3307,686,1927
Purine metabolism,0.06149,0.01852,0.00886,687,1927
Vitamin B9 (folate) metabolism,0.3507,0.8846,0.6734,687,1927
Purine metabolism,0.00477,0.01299,6.6e-4,688,1927
Vitamin B9 (folate) metabolism,0.3547,0.6545,0.5712,688,1927
Purine metabolism,0.2087,0.01562,0.02193,689,1927
Vitamin B9 (folate) metabolism,0.05074,0.375,0.09442,689,1927
Purine metabolism,0.6454,0.2459,0.4508,690,1927
Vitamin B9 (folate) metabolism,0.5371,0.9184,0.8419,690,1927
Purine metabolism,0.1934,0.01695,0.02203,691,1927
Vitamin B9 (folate) metabolism,0.00859,0.5833,0.03155,691,1927
Purine metabolism,0.2884,0.0625,0.09041,692,1927
Vitamin B9 (folate) metabolism,0.1171,0.6667,0.2771,692,1927
Purine metabolism,0.05563,0.01408,0.00639,693,1927
Vitamin B9 (folate) metabolism,0.06284,0.3833,0.1138,693,1927
Purine metabolism,0.03054,0.01333,0.00359,694,1927
Vitamin B9 (folate) metabolism,0.03653,0.28,0.0571,694,1927
Purine metabolism,0.154,0.2319,0.1548,695,1927
Vitamin B9 (folate) metabolism,0.1471,0.9762,0.4224,695,1927
Purine metabolism,0.1298,0.1268,0.08406,696,1927
Vitamin B9 (folate) metabolism,0.09328,0.9111,0.2945,696,1927
Purine metabolism,0.2454,0.01562,0.02517,697,1927
Vitamin B9 (folate) metabolism,0.1222,0.8947,0.3513,697,1927
Purine metabolism,0.0031,0.01235,4.3e-4,698,1927
Vitamin B9 (folate) metabolism,0.2268,0.9574,0.5488,698,1927
Purine metabolism,0.126,0.04054,0.03205,699,1927
Vitamin B9 (folate) metabolism,0.391,0.9167,0.7262,699,1927
Purine metabolism,0.09101,0.06667,0.03704,700,1927
Vitamin B9 (folate) metabolism,0.3644,0.6939,0.6006,700,1927
Purine metabolism,0.2616,0.01316,0.02297,701,1927
Vitamin B9 (folate) metabolism,0.08227,0.8036,0.2457,701,1927
Purine metabolism,0.05229,0.0137,0.0059,702,1927
Vitamin B9 (folate) metabolism,0.00755,0.3966,0.0204,702,1927
Purine metabolism,0.02055,0.01333,0.00252,703,1927
Vitamin B9 (folate) metabolism,0.5923,0.6744,0.766,703,1927
Purine metabolism,0.07368,0.06944,0.03211,704,1927
Vitamin B9 (folate) metabolism,0.435,0.6364,0.6324,704,1927
Purine metabolism,0.5645,0.1351,0.2725,705,1927
Vitamin B9 (folate) metabolism,0.1929,0.4468,0.2975,705,1927
Purine metabolism,0.1868,0.02632,0.03105,706,1927
Vitamin B9 (folate) metabolism,0.01574,0.5333,0.04853,706,1927
Purine metabolism,8.3e-4,0.04651,4.3e-4,707,1927
Vitamin B9 (folate) metabolism,0.1082,0.569,0.2332,707,1927
Purine metabolism,0.1019,0.01351,0.01044,708,1927
Vitamin B9 (folate) metabolism,0.1454,0.3673,0.2098,708,1927
Purine metabolism,0.01067,0.05263,0.00476,709,1927
Vitamin B9 (folate) metabolism,0.06696,0.8113,0.2126,709,1927
Purine metabolism,0.1612,0.02703,0.02804,710,1927
Vitamin B9 (folate) metabolism,0.2171,0.6842,0.4318,710,1927
Purine metabolism,0.8104,0.431,0.7167,711,1927
Vitamin B9 (folate) metabolism,0.03983,0.5172,0.1006,711,1927
Purine metabolism,0.0775,0.0119,0.00737,712,1927
Vitamin B9 (folate) metabolism,0.06378,0.6562,0.1747,712,1927
Purine metabolism,0.261,0.01389,0.024,713,1927
Vitamin B9 (folate) metabolism,0.6339,0.7647,0.8358,713,1927
Purine metabolism,0.1749,0.01266,0.01575,714,1927
Vitamin B9 (folate) metabolism,0.06567,0.8333,0.2137,714,1927
Purine metabolism,0.5329,0.08824,0.1908,715,1927
Vitamin B9 (folate) metabolism,0.06187,0.434,0.124,715,1927
Purine metabolism,0.3276,0.05333,0.08819,716,1927
Vitamin B9 (folate) metabolism,0.3378,0.5714,0.5105,716,1927
Purine metabolism,0.5634,0.04651,0.1216,717,1927
Vitamin B9 (folate) metabolism,0.5702,0.9302,0.8668,717,1927
Purine metabolism,0.02709,0.03125,0.00684,718,1927
Vitamin B9 (folate) metabolism,0.1452,0.5208,0.2709,718,1927
Purine metabolism,0.1208,0.0125,0.01132,719,1927
Vitamin B9 (folate) metabolism,0.4058,0.4746,0.5098,719,1927
Purine metabolism,0.141,0.01695,0.01681,720,1927
Vitamin B9 (folate) metabolism,0.00239,0.6471,0.01154,720,1927
Purine metabolism,0.4921,0.08219,0.1702,721,1927
Vitamin B9 (folate) metabolism,0.5471,0.9273,0.8516,721,1927
Purine metabolism,0.179,0.02469,0.02838,722,1927
Vitamin B9 (folate) metabolism,0.2182,0.4444,0.3232,722,1927
Purine metabolism,0.1845,0.3333,0.233,723,1927
Vitamin B9 (folate) metabolism,0.01843,0.6875,0.06801,723,1927
Purine metabolism,0.03345,0.07692,0.01791,724,1927
Vitamin B9 (folate) metabolism,0.00222,0.6066,0.01025,724,1927
Purine metabolism,0.07437,0.04615,0.02291,725,1927
Vitamin B9 (folate) metabolism,0.4082,0.7778,0.6817,725,1927
Purine metabolism,0.3703,0.04494,0.0848,726,1927
Vitamin B9 (folate) metabolism,0.07837,0.8,0.2363,726,1927
Purine metabolism,0.4717,0.01389,0.03949,727,1927
Vitamin B9 (folate) metabolism,0.5644,0.4889,0.6312,727,1927
Purine metabolism,0.4265,0.02326,0.05568,728,1927
Vitamin B9 (folate) metabolism,0.1141,0.6087,0.2547,728,1927
Purine metabolism,0.6125,0.05,0.1374,729,1927
Vitamin B9 (folate) metabolism,0.1158,0.3966,0.1874,729,1927
Purine metabolism,0.04731,0.06154,0.01991,730,1927
Vitamin B9 (folate) metabolism,0.1094,0.8214,0.3063,730,1927
Purine metabolism,0.05773,0.02632,0.01138,731,1927
Vitamin B9 (folate) metabolism,0.05545,0.4754,0.1222,731,1927
Purine metabolism,0.09422,0.01316,0.00954,732,1927
Vitamin B9 (folate) metabolism,0.289,0.8966,0.6091,732,1927
Purine metabolism,0.1162,0.01449,0.01244,733,1927
Vitamin B9 (folate) metabolism,0.3354,0.7619,0.6042,733,1927
Purine metabolism,0.1662,0.025,0.02694,734,1927
Vitamin B9 (folate) metabolism,0.2598,0.7609,0.5181,734,1927
Purine metabolism,0.1015,0.02778,0.01937,735,1927
Vitamin B9 (folate) metabolism,0.2568,0.7455,0.5079,735,1927
Purine metabolism,0.1444,0.05479,0.04621,736,1927
Vitamin B9 (folate) metabolism,0.1743,0.2692,0.1905,736,1927
Purine metabolism,0.09589,0.01266,0.00936,737,1927
Vitamin B9 (folate) metabolism,0.04345,0.3281,0.07486,737,1927
Purine metabolism,0.08827,0.0411,0.02401,738,1927
Vitamin B9 (folate) metabolism,0.2248,0.4583,0.3372,738,1927
Purine metabolism,0.0222,0.04348,0.00767,739,1927
Vitamin B9 (folate) metabolism,0.07355,0.6,0.1818,739,1927
Purine metabolism,0.08302,0.05714,0.03013,740,1927
Vitamin B9 (folate) metabolism,0.1308,0.5208,0.2512,740,1927
Purine metabolism,0.0413,0.08108,0.02243,741,1927
Vitamin B9 (folate) metabolism,0.3113,0.6,0.5001,741,1927
Purine metabolism,0.2259,0.01389,0.02123,742,1927
Vitamin B9 (folate) metabolism,0.09487,0.7895,0.269,742,1927
Purine metabolism,0.2248,0.01299,0.01997,743,1927
Vitamin B9 (folate) metabolism,0.1479,0.7091,0.3414,743,1927
Purine metabolism,0.3891,0.06349,0.1161,744,1927
Vitamin B9 (folate) metabolism,0.5184,0.7222,0.7422,744,1927
Purine metabolism,0.0532,0.03077,0.01214,745,1927
Vitamin B9 (folate) metabolism,0.0297,0.4561,0.07182,745,1927
Purine metabolism,0.1001,0.0122,0.00941,746,1927
Vitamin B9 (folate) metabolism,0.02666,0.5781,0.07971,746,1927
Purine metabolism,0.01932,0.1081,0.01498,747,1927
Vitamin B9 (folate) metabolism,0.07728,0.3621,0.128,747,1927
Purine metabolism,0.0458,0.02532,0.009,748,1927
Vitamin B9 (folate) metabolism,0.1537,0.9302,0.421,748,1927
Purine metabolism,0.1158,0.01471,0.01257,749,1927
Vitamin B9 (folate) metabolism,0.0695,0.6596,0.1872,749,1927
Purine metabolism,0.1542,0.02857,0.0283,750,1927
Vitamin B9 (folate) metabolism,0.1551,0.4237,0.2446,750,1927
Purine metabolism,0.2533,0.127,0.1427,751,1927
Vitamin B9 (folate) metabolism,0.4848,0.8846,0.792,751,1927
Purine metabolism,0.255,0.01176,0.02042,752,1927
Vitamin B9 (folate) metabolism,0.197,0.9388,0.4971,752,1927
Purine metabolism,0.05336,0.04878,0.01809,753,1927
Vitamin B9 (folate) metabolism,0.1796,0.5667,0.3343,753,1927
Purine metabolism,0.1719,0.04762,0.04752,754,1927
Vitamin B9 (folate) metabolism,0.2811,0.898,0.5999,754,1927
Purine metabolism,0.423,0.0122,0.03234,755,1927
Vitamin B9 (folate) metabolism,0.3143,0.7193,0.5623,755,1927
Purine metabolism,0.05481,0.02353,0.00987,756,1927
Vitamin B9 (folate) metabolism,0.13,0.5263,0.2519,756,1927
Purine metabolism,0.1258,0.01449,0.01332,757,1927
Vitamin B9 (folate) metabolism,0.08403,0.5102,0.1779,757,1927
Purine metabolism,0.391,0.04444,0.0878,758,1927
Vitamin B9 (folate) metabolism,0.364,0.36,0.3974,758,1927
Purine metabolism,0.2667,0.08772,0.1113,759,1927
Vitamin B9 (folate) metabolism,0.2825,0.6923,0.5147,759,1927
Purine metabolism,0.07611,0.01176,0.00718,760,1927
Vitamin B9 (folate) metabolism,0.3419,0.5893,0.5243,760,1927
Purine metabolism,0.1615,0.01389,0.01593,761,1927
Vitamin B9 (folate) metabolism,0.07763,0.8167,0.2383,761,1927
Purine metabolism,0.6707,0.07229,0.1952,762,1927
Vitamin B9 (folate) metabolism,0.03114,0.7273,0.1084,762,1927
Purine metabolism,0.0339,0.04396,0.01119,763,1927
Vitamin B9 (folate) metabolism,0.05097,0.6389,0.1441,763,1927
Purine metabolism,0.2628,0.07246,0.09446,764,1927
Vitamin B9 (folate) metabolism,0.06558,0.8298,0.2128,764,1927
Purine metabolism,0.1681,0.01493,0.01753,765,1927
Vitamin B9 (folate) metabolism,0.0852,0.4038,0.1503,765,1927
Purine metabolism,0.1519,0.04167,0.03838,766,1927
Vitamin B9 (folate) metabolism,0.1627,0.625,0.3341,766,1927
Purine metabolism,0.392,0.1053,0.1728,767,1927
Vitamin B9 (folate) metabolism,0.2694,0.377,0.3338,767,1927
Purine metabolism,0.04888,0.1268,0.03771,768,1927
Vitamin B9 (folate) metabolism,0.07485,0.3265,0.1151,768,1927
Purine metabolism,0.1676,0.01429,0.01685,769,1927
Vitamin B9 (folate) metabolism,0.05321,0.8372,0.1832,769,1927
Purine metabolism,0.107,0.04478,0.03038,770,1927
Vitamin B9 (folate) metabolism,0.07049,0.2909,0.1002,770,1927
Purine metabolism,0.05517,0.03947,0.01553,771,1927
Vitamin B9 (folate) metabolism,0.1775,0.8772,0.4453,771,1927
Purine metabolism,0.1339,0.01471,0.01424,772,1927
Vitamin B9 (folate) metabolism,0.3054,0.6667,0.5277,772,1927
Purine metabolism,0.3287,0.2833,0.3142,773,1927
Vitamin B9 (folate) metabolism,0.2869,0.551,0.4497,773,1927
Purine metabolism,0.03557,0.03846,0.01039,774,1927
Vitamin B9 (folate) metabolism,0.2285,0.7188,0.461,774,1927
Purine metabolism,0.3978,0.02703,0.05948,775,1927
Vitamin B9 (folate) metabolism,0.1184,0.5926,0.2566,775,1927
Purine metabolism,0.5331,0.03797,0.09918,776,1927
Vitamin B9 (folate) metabolism,0.5143,0.7857,0.7702,776,1927
Purine metabolism,0.2419,0.01471,0.02362,777,1927
Vitamin B9 (folate) metabolism,0.1556,0.6364,0.328,777,1927
Purine metabolism,0.2084,0.06579,0.07252,778,1927
Vitamin B9 (folate) metabolism,0.07058,0.4545,0.1424,778,1927
Purine metabolism,0.3913,0.04,0.08072,779,1927
Vitamin B9 (folate) metabolism,0.1714,0.9245,0.4504,779,1927
Purine metabolism,0.2545,0.01613,0.02666,780,1927
Vitamin B9 (folate) metabolism,0.1564,0.6481,0.3333,780,1927
Purine metabolism,0.2861,0.01493,0.02758,781,1927
Vitamin B9 (folate) metabolism,0.1886,0.8491,0.4534,781,1927
Purine metabolism,0.03329,0.01471,0.00422,782,1927
Vitamin B9 (folate) metabolism,0.05474,0.4,0.1056,782,1927
Purine metabolism,0.5461,0.01667,0.05188,783,1927
Vitamin B9 (folate) metabolism,0.3588,0.7885,0.6401,783,1927
Purine metabolism,0.05009,0.0125,0.00524,784,1927
Vitamin B9 (folate) metabolism,0.193,0.9038,0.4791,784,1927
Purine metabolism,0.2184,0.01205,0.01826,785,1927
Vitamin B9 (folate) metabolism,0.2851,0.4722,0.4045,785,1927
Purine metabolism,0.2732,0.05882,0.08244,786,1927
Vitamin B9 (folate) metabolism,0.01369,0.6724,0.05237,786,1927
Purine metabolism,0.02703,0.02985,0.00655,787,1927
Vitamin B9 (folate) metabolism,0.03331,0.4898,0.08347,787,1927
Purine metabolism,0.1121,0.07143,0.04665,788,1927
Vitamin B9 (folate) metabolism,0.04651,0.5319,0.1162,788,1927
Purine metabolism,0.04444,0.01282,0.00483,789,1927
Vitamin B9 (folate) metabolism,0.2326,0.2667,0.2345,789,1927
Purine metabolism,0.2501,0.04286,0.05933,790,1927
Vitamin B9 (folate) metabolism,0.1271,0.6,0.2725,790,1927
Purine metabolism,0.1605,0.1486,0.113,791,1927
Vitamin B9 (folate) metabolism,0.1802,0.8833,0.4517,791,1927
Purine metabolism,0.02043,0.01299,0.00245,792,1927
Vitamin B9 (folate) metabolism,0.1476,0.9286,0.4094,792,1927
Purine metabolism,0.2666,0.0625,0.0849,793,1927
Vitamin B9 (folate) metabolism,0.2287,0.3,0.2524,793,1927
Purine metabolism,0.1746,0.06667,0.06348,794,1927
Vitamin B9 (folate) metabolism,0.02959,0.4375,0.06922,794,1927
Purine metabolism,0.2269,0.08046,0.09135,795,1927
Vitamin B9 (folate) metabolism,0.09663,0.9833,0.3187,795,1927
Purine metabolism,0.3028,0.01587,0.03046,796,1927
Vitamin B9 (folate) metabolism,0.2628,0.8214,0.5468,796,1927
Purine metabolism,0.234,0.02857,0.04017,797,1927
Vitamin B9 (folate) metabolism,0.1514,0.6863,0.3391,797,1927
Purine metabolism,0.3174,0.05263,0.08506,798,1927
Vitamin B9 (folate) metabolism,0.1253,0.8302,0.3394,798,1927
Purine metabolism,0.1827,0.01316,0.0169,799,1927
Vitamin B9 (folate) metabolism,0.1667,0.7561,0.3871,799,1927
Purine metabolism,0.6783,0.08219,0.2167,800,1927
Vitamin B9 (folate) metabolism,0.5906,0.2885,0.4719,800,1927
Purine metabolism,0.09532,0.01333,0.00974,801,1927
Vitamin B9 (folate) metabolism,0.1485,0.7451,0.3542,801,1927
Purine metabolism,0.1501,0.075,0.06176,802,1927
Vitamin B9 (folate) metabolism,0.04433,0.1373,0.03714,802,1927
Purine metabolism,0.0584,0.01333,0.00635,803,1927
Vitamin B9 (folate) metabolism,0.2053,0.42,0.2976,803,1927
Purine metabolism,0.03393,0.0119,0.00356,804,1927
Vitamin B9 (folate) metabolism,0.1028,0.8889,0.3101,804,1927
Purine metabolism,0.1861,0.03846,0.04252,805,1927
Vitamin B9 (folate) metabolism,0.1359,0.4815,0.2439,805,1927
Purine metabolism,0.08921,0.01471,0.01002,806,1927
Vitamin B9 (folate) metabolism,0.2081,0.6538,0.4075,806,1927
Purine metabolism,0.2162,0.7826,0.4698,807,1927
Vitamin B9 (folate) metabolism,0.0697,0.8222,0.2212,807,1927
Purine metabolism,0.4839,0.08333,0.1698,808,1927
Vitamin B9 (folate) metabolism,0.1711,0.2727,0.1897,808,1927
Purine metabolism,0.02618,0.0597,0.01166,809,1927
Vitamin B9 (folate) metabolism,0.3089,0.8049,0.5947,809,1927
Purine metabolism,0.5783,0.03509,0.09939,810,1927
Vitamin B9 (folate) metabolism,0.05986,0.3043,0.09118,810,1927
Purine metabolism,0.6792,0.1159,0.2788,811,1927
Vitamin B9 (folate) metabolism,0.07567,0.587,0.1828,811,1927
Purine metabolism,0.1924,0.1176,0.1083,812,1927
Vitamin B9 (folate) metabolism,0.1495,0.5455,0.286,812,1927
Purine metabolism,0.6173,0.04478,0.1268,813,1927
Vitamin B9 (folate) metabolism,0.3415,0.5532,0.5037,813,1927
Purine metabolism,0.0966,0.04615,0.02859,814,1927
Vitamin B9 (folate) metabolism,0.2532,0.5323,0.4049,814,1927
Purine metabolism,0.0634,0.0122,0.00631,815,1927
Vitamin B9 (folate) metabolism,0.01575,0.5735,0.05155,815,1927
Purine metabolism,0.06121,0.03175,0.01408,816,1927
Vitamin B9 (folate) metabolism,0.0869,0.8846,0.2741,816,1927
Purine metabolism,0.1744,0.1867,0.1441,817,1927
Vitamin B9 (folate) metabolism,0.0603,0.375,0.1083,817,1927
Purine metabolism,0.2842,0.1194,0.1487,818,1927
Vitamin B9 (folate) metabolism,0.689,0.9024,0.9172,818,1927
Purine metabolism,0.2272,0.1429,0.1438,819,1927
Vitamin B9 (folate) metabolism,0.1197,0.6379,0.2728,819,1927
Purine metabolism,0.1233,0.0274,0.02261,820,1927
Vitamin B9 (folate) metabolism,0.2746,0.8679,0.58,820,1927
Purine metabolism,0.01085,0.02532,0.00253,821,1927
Vitamin B9 (folate) metabolism,0.2679,0.8983,0.5834,821,1927
Purine metabolism,0.03526,0.01389,0.00422,822,1927
Vitamin B9 (folate) metabolism,0.01031,0.6885,0.04223,822,1927
Purine metabolism,0.3876,0.02,0.04542,823,1927
Vitamin B9 (folate) metabolism,0.2101,0.2326,0.1964,823,1927
Purine metabolism,0.04918,0.1029,0.03182,824,1927
Vitamin B9 (folate) metabolism,0.08035,0.8958,0.2614,824,1927
Purine metabolism,0.022,0.01205,0.00245,825,1927
Vitamin B9 (folate) metabolism,0.02267,0.3692,0.04841,825,1927
Purine metabolism,0.4219,0.3704,0.4464,826,1927
Vitamin B9 (folate) metabolism,0.19,0.4783,0.3089,826,1927
Purine metabolism,0.2452,0.0375,0.05232,827,1927
Vitamin B9 (folate) metabolism,0.1799,0.5085,0.3103,827,1927
Purine metabolism,0.3589,0.03947,0.07447,828,1927
Vitamin B9 (folate) metabolism,0.3505,0.9322,0.6922,828,1927
Purine metabolism,0.2383,0.06757,0.0826,829,1927
Vitamin B9 (folate) metabolism,0.3037,0.9808,0.6586,829,1927
Purine metabolism,0.5944,0.01613,0.05415,830,1927
Vitamin B9 (folate) metabolism,0.1203,0.84,0.3328,830,1927
Purine metabolism,0.3632,0.1233,0.1839,831,1927
Vitamin B9 (folate) metabolism,0.09989,0.08333,0.04819,831,1927
Purine metabolism,0.6412,0.06944,0.1831,832,1927
Vitamin B9 (folate) metabolism,0.5366,0.463,0.5944,832,1927
Purine metabolism,0.3613,0.04651,0.08546,833,1927
Vitamin B9 (folate) metabolism,0.2155,0.5517,0.3721,833,1927
Purine metabolism,0.2739,0.01471,0.02625,834,1927
Vitamin B9 (folate) metabolism,0.1582,0.625,0.3276,834,1927
Purine metabolism,0.3506,0.0274,0.05423,835,1927
Vitamin B9 (folate) metabolism,0.4465,0.7679,0.7099,835,1927
Purine metabolism,0.374,0.1014,0.162,836,1927
Vitamin B9 (folate) metabolism,0.0078,0.0566,0.00385,836,1927
Purine metabolism,0.1616,0.05882,0.05376,837,1927
Vitamin B9 (folate) metabolism,0.5184,0.807,0.7829,837,1927
Purine metabolism,0.00297,0.01176,3.9e-4,838,1927
Vitamin B9 (folate) metabolism,0.07406,0.3896,0.1312,838,1927
Purine metabolism,0.4577,0.2222,0.3342,839,1927
Vitamin B9 (folate) metabolism,0.03088,0.7451,0.1098,839,1927
Purine metabolism,0.0978,0.0122,0.00922,840,1927
Vitamin B9 (folate) metabolism,0.03889,0.3958,0.07964,840,1927
Purine metabolism,0.1501,0.01316,0.01427,841,1927
Vitamin B9 (folate) metabolism,0.4955,0.7455,0.7373,841,1927
Purine metabolism,0.1994,0.06061,0.06546,842,1927
Vitamin B9 (folate) metabolism,0.1848,0.7778,0.4225,842,1927
Purine metabolism,0.2057,0.0566,0.0635,843,1927
Vitamin B9 (folate) metabolism,0.1133,0.2444,0.127,843,1927
Purine metabolism,0.07219,0.01111,0.00652,844,1927
Vitamin B9 (folate) metabolism,0.0278,0.9,0.1173,844,1927
Purine metabolism,0.02805,0.02632,0.00606,845,1927
Vitamin B9 (folate) metabolism,0.02953,0.5439,0.08243,845,1927
Purine metabolism,0.2351,0.02667,0.03808,846,1927
Vitamin B9 (folate) metabolism,0.3247,0.2679,0.2994,846,1927
Purine metabolism,0.09369,0.1125,0.05852,847,1927
Vitamin B9 (folate) metabolism,0.2122,0.619,0.398,847,1927
Purine metabolism,0.368,0.05333,0.09677,848,1927
Vitamin B9 (folate) metabolism,0.04833,0.2264,0.06035,848,1927
Purine metabolism,0.4265,0.01333,0.03508,849,1927
Vitamin B9 (folate) metabolism,0.8323,0.9286,0.972,849,1927
Purine metabolism,0.1251,0.04918,0.03747,850,1927
Vitamin B9 (folate) metabolism,0.09718,0.6792,0.2454,850,1927
Purine metabolism,0.02912,0.03704,0.00845,851,1927
Vitamin B9 (folate) metabolism,0.6623,0.875,0.8957,851,1927
Purine metabolism,0.2934,0.06061,0.08945,852,1927
Vitamin B9 (folate) metabolism,0.1039,0.8148,0.2937,852,1927
Purine metabolism,0.1658,0.02564,0.02746,853,1927
Vitamin B9 (folate) metabolism,0.07852,0.4545,0.1546,853,1927
Purine metabolism,0.5092,0.04938,0.1178,854,1927
Vitamin B9 (folate) metabolism,0.3928,0.7544,0.6567,854,1927
Purine metabolism,0.269,0.04412,0.06449,855,1927
Vitamin B9 (folate) metabolism,0.541,0.5227,0.64,855,1927
Purine metabolism,0.5404,0.1579,0.2953,856,1927
Vitamin B9 (folate) metabolism,0.6783,0.5769,0.7584,856,1927
Purine metabolism,0.2478,0.04167,0.05755,857,1927
Vitamin B9 (folate) metabolism,0.2634,0.8462,0.5574,857,1927
Purine metabolism,0.2179,0.07407,0.08275,858,1927
Vitamin B9 (folate) metabolism,0.1734,0.875,0.4379,858,1927
Purine metabolism,0.2279,0.02198,0.03155,859,1927
Vitamin B9 (folate) metabolism,0.05647,0.6308,0.1544,859,1927
Purine metabolism,0.1479,0.06557,0.05466,860,1927
Vitamin B9 (folate) metabolism,0.01846,0.7455,0.07275,860,1927
Purine metabolism,0.4948,0.01111,0.0341,861,1927
Vitamin B9 (folate) metabolism,0.3027,0.5538,0.4671,861,1927
Purine metabolism,0.4063,0.3699,0.4351,862,1927
Vitamin B9 (folate) metabolism,0.06226,0.5385,0.1474,862,1927
Purine metabolism,0.766,0.04,0.1374,863,1927
Vitamin B9 (folate) metabolism,0.1988,0.7073,0.4165,863,1927
Purine metabolism,0.2231,0.0274,0.03727,864,1927
Vitamin B9 (folate) metabolism,0.0582,0.2742,0.082,864,1927
Purine metabolism,0.09288,0.0241,0.0159,865,1927
Vitamin B9 (folate) metabolism,0.2765,0.7692,0.5419,865,1927
Purine metabolism,0.01633,0.0241,0.00348,866,1927
Vitamin B9 (folate) metabolism,0.356,0.7121,0.6014,866,1927
Purine metabolism,0.03153,0.01389,0.00382,867,1927
Vitamin B9 (folate) metabolism,0.1762,0.6102,0.3474,867,1927
Purine metabolism,0.0107,0.01316,0.00139,868,1927
Vitamin B9 (folate) metabolism,0.06674,0.4146,0.1269,868,1927
Purine metabolism,0.5432,0.2373,0.393,869,1927
Vitamin B9 (folate) metabolism,0.3721,0.07273,0.1247,869,1927
Purine metabolism,0.1506,0.01235,0.01356,870,1927
Vitamin B9 (folate) metabolism,0.1645,0.8085,0.4013,870,1927
Purine metabolism,0.1349,0.01316,0.01302,871,1927
Vitamin B9 (folate) metabolism,0.2302,0.3929,0.3078,871,1927
Purine metabolism,0.4237,0.01282,0.03376,872,1927
Vitamin B9 (folate) metabolism,0.4711,0.7547,0.7232,872,1927
Purine metabolism,0.03388,0.0119,0.00355,873,1927
Vitamin B9 (folate) metabolism,0.0506,0.4262,0.1043,873,1927
Purine metabolism,0.1209,0.01639,0.01431,874,1927
Vitamin B9 (folate) metabolism,0.1716,0.6863,0.3697,874,1927
Purine metabolism,0.07726,0.01408,0.00851,875,1927
Vitamin B9 (folate) metabolism,0.3039,0.8,0.587,875,1927
Purine metabolism,0.3046,0.04054,0.06661,876,1927
Vitamin B9 (folate) metabolism,0.8504,0.8246,0.9501,876,1927
Purine metabolism,0.2436,0.04878,0.06456,877,1927
Vitamin B9 (folate) metabolism,0.1326,0.4355,0.2224,877,1927
Purine metabolism,0.1744,0.02326,0.0264,878,1927
Vitamin B9 (folate) metabolism,0.312,0.5781,0.4893,878,1927
Purine metabolism,0.00468,0.04444,0.00197,879,1927
Vitamin B9 (folate) metabolism,0.04481,0.4722,0.1028,879,1927
Purine metabolism,0.00852,0.04225,0.00321,880,1927
Vitamin B9 (folate) metabolism,0.02017,0.8475,0.08666,880,1927
Purine metabolism,0.06861,0.02353,0.01199,881,1927
Vitamin B9 (folate) metabolism,0.03869,0.6098,0.112,881,1927
Purine metabolism,0.5674,0.09877,0.2175,882,1927
Vitamin B9 (folate) metabolism,0.031,0.5574,0.08739,882,1927
Purine metabolism,0.466,0.01613,0.04428,883,1927
Vitamin B9 (folate) metabolism,0.06079,0.434,0.1223,883,1927
Purine metabolism,0.03779,0.01389,0.00449,884,1927
Vitamin B9 (folate) metabolism,0.03148,0.5893,0.09252,884,1927
Purine metabolism,0.4412,0.04545,0.09844,885,1927
Vitamin B9 (folate) metabolism,0.1073,0.3898,0.1746,885,1927
Purine metabolism,0.07789,0.01316,0.00808,886,1927
Vitamin B9 (folate) metabolism,0.2841,0.4833,0.41,886,1927
Purine metabolism,0.3237,0.02857,0.05256,887,1927
Vitamin B9 (folate) metabolism,0.1541,0.5439,0.2917,887,1927
Purine metabolism,0.2072,0.01176,0.0171,888,1927
Vitamin B9 (folate) metabolism,0.8361,0.7273,0.9106,888,1927
Purine metabolism,0.06828,0.01316,0.0072,889,1927
Vitamin B9 (folate) metabolism,0.09421,0.7037,0.2462,889,1927
Purine metabolism,0.2555,0.0125,0.02155,890,1927
Vitamin B9 (folate) metabolism,0.5743,0.2857,0.4606,890,1927
Purine metabolism,0.1961,0.04545,0.05098,891,1927
Vitamin B9 (folate) metabolism,0.07538,0.3968,0.1349,891,1927
Purine metabolism,0.3839,0.03191,0.06618,892,1927
Vitamin B9 (folate) metabolism,0.1787,0.8356,0.4333,892,1927
Purine metabolism,0.03042,0.0125,0.00337,893,1927
Vitamin B9 (folate) metabolism,0.04286,0.3273,0.07388,893,1927
Purine metabolism,0.08086,0.01266,0.00807,894,1927
Vitamin B9 (folate) metabolism,0.0733,0.7818,0.2212,894,1927
Purine metabolism,0.1605,0.01639,0.01826,895,1927
Vitamin B9 (folate) metabolism,0.07195,0.7727,0.2162,895,1927
Purine metabolism,0.1212,0.0137,0.01229,896,1927
Vitamin B9 (folate) metabolism,0.07416,0.9057,0.2485,896,1927
Purine metabolism,0.217,0.01639,0.02361,897,1927
Vitamin B9 (folate) metabolism,0.4703,0.3488,0.4606,897,1927
Purine metabolism,0.00725,0.01351,0.001,898,1927
Vitamin B9 (folate) metabolism,0.07585,0.5745,0.1801,898,1927
Purine metabolism,0.01302,0.03077,0.00353,899,1927
Vitamin B9 (folate) metabolism,0.0701,0.4615,0.1434,899,1927
Purine metabolism,0.1319,0.0137,0.01322,900,1927
Vitamin B9 (folate) metabolism,0.1685,0.7222,0.3779,900,1927
Purine metabolism,0.1442,0.05357,0.0453,901,1927
Vitamin B9 (folate) metabolism,0.5163,0.9111,0.8252,901,1927
Purine metabolism,0.04431,0.0625,0.01908,902,1927
Vitamin B9 (folate) metabolism,0.01386,0.3333,0.02947,902,1927
Purine metabolism,0.06832,0.01266,0.00697,903,1927
Vitamin B9 (folate) metabolism,0.6584,0.9535,0.92,903,1927
Purine metabolism,0.6392,0.08108,0.2052,904,1927
Vitamin B9 (folate) metabolism,0.4309,0.4,0.4754,904,1927
Purine metabolism,0.4264,0.04412,0.09355,905,1927
Vitamin B9 (folate) metabolism,0.3871,0.4082,0.4496,905,1927
Purine metabolism,0.3168,0.01299,0.02672,906,1927
Vitamin B9 (folate) metabolism,0.1014,0.6032,0.232,906,1927
Purine metabolism,0.1096,0.01351,0.01113,907,1927
Vitamin B9 (folate) metabolism,0.1615,0.6909,0.3562,907,1927
Purine metabolism,0.1527,0.01299,0.01433,908,1927
Vitamin B9 (folate) metabolism,0.00299,0.5818,0.0128,908,1927
Purine metabolism,0.4659,0.2353,0.352,909,1927
Vitamin B9 (folate) metabolism,0.0438,0.6667,0.1324,909,1927
Purine metabolism,0.06533,0.05405,0.02347,910,1927
Vitamin B9 (folate) metabolism,0.4548,0.8868,0.7695,910,1927
Purine metabolism,0.3142,0.1268,0.1682,911,1927
Vitamin B9 (folate) metabolism,0.1482,0.9216,0.4086,911,1927
Purine metabolism,0.09997,0.01205,0.0093,912,1927
Vitamin B9 (folate) metabolism,0.0759,0.3056,0.1105,912,1927
Purine metabolism,0.07301,0.02857,0.01496,913,1927
Vitamin B9 (folate) metabolism,0.00699,0.3962,0.01909,913,1927
Purine metabolism,0.1856,0.05063,0.05326,914,1927
Vitamin B9 (folate) metabolism,0.02602,0.7377,0.09508,914,1927
Purine metabolism,0.09088,0.3696,0.1476,915,1927
Vitamin B9 (folate) metabolism,0.06428,0.6042,0.165,915,1927
Purine metabolism,0.4209,0.07353,0.1385,916,1927
Vitamin B9 (folate) metabolism,0.3686,0.95,0.7177,916,1927
Purine metabolism,0.04232,0.02381,0.00796,917,1927
Vitamin B9 (folate) metabolism,0.0384,0.8,0.1377,917,1927
Purine metabolism,0.05361,0.01176,0.00528,918,1927
Vitamin B9 (folate) metabolism,0.1922,0.359,0.2534,918,1927
Purine metabolism,0.161,0.02532,0.02651,919,1927
Vitamin B9 (folate) metabolism,0.2295,0.6444,0.4306,919,1927
Purine metabolism,0.3044,0.03571,0.06002,920,1927
Vitamin B9 (folate) metabolism,0.1171,0.7727,0.3079,920,1927
Purine metabolism,0.08338,0.04286,0.02371,921,1927
Vitamin B9 (folate) metabolism,0.148,0.8333,0.3815,921,1927
Purine metabolism,0.01453,0.07246,0.00827,922,1927
Vitamin B9 (folate) metabolism,0.03244,0.4909,0.08184,922,1927
Purine metabolism,0.6414,0.2535,0.458,923,1927
Vitamin B9 (folate) metabolism,0.01868,0.5862,0.06039,923,1927
Purine metabolism,0.08617,0.01205,0.00817,924,1927
Vitamin B9 (folate) metabolism,0.1491,0.5079,0.2712,924,1927
Purine metabolism,0.01313,0.03947,0.00444,925,1927
Vitamin B9 (folate) metabolism,0.00808,0.6491,0.0328,925,1927
Purine metabolism,0.03521,0.03509,0.00951,926,1927
Vitamin B9 (folate) metabolism,0.1702,0.7708,0.3977,926,1927
Purine metabolism,0.1243,0.0119,0.01112,927,1927
Vitamin B9 (folate) metabolism,0.2703,0.7667,0.5334,927,1927
Purine metabolism,0.2329,0.02857,0.04,928,1927
Vitamin B9 (folate) metabolism,0.328,0.8727,0.6443,928,1927
Purine metabolism,0.6222,0.01176,0.0433,929,1927
Vitamin B9 (folate) metabolism,0.6904,0.6034,0.7814,929,1927
Purine metabolism,0.00454,0.02857,0.00129,930,1927
Vitamin B9 (folate) metabolism,0.08343,0.6034,0.2008,930,1927
Purine metabolism,0.6491,0.07143,0.1888,931,1927
Vitamin B9 (folate) metabolism,0.2188,0.8077,0.483,931,1927
Purine metabolism,9.5e-4,0.0122,1.4e-4,932,1927
Vitamin B9 (folate) metabolism,0.0871,0.4603,0.169,932,1927
Purine metabolism,0.09725,0.05333,0.03247,933,1927
Vitamin B9 (folate) metabolism,0.02688,0.7778,0.1018,933,1927
Purine metabolism,0.01603,0.02353,0.00335,934,1927
Vitamin B9 (folate) metabolism,0.1903,0.3396,0.2416,934,1927
Purine metabolism,0.271,0.05195,0.0741,935,1927
Vitamin B9 (folate) metabolism,0.03184,0.8305,0.1225,935,1927
Purine metabolism,0.05044,0.02353,0.00918,936,1927
Vitamin B9 (folate) metabolism,0.0688,0.3,0.1007,936,1927
Purine metabolism,0.01929,0.01351,0.00241,937,1927
Vitamin B9 (folate) metabolism,0.08282,0.3387,0.1283,937,1927
Purine metabolism,0.3502,0.0411,0.07544,938,1927
Vitamin B9 (folate) metabolism,0.3454,0.3208,0.3546,938,1927
Purine metabolism,0.3789,0.07547,0.1302,939,1927
Vitamin B9 (folate) metabolism,0.1092,0.9216,0.3318,939,1927
Purine metabolism,0.2751,0.03448,0.05367,940,1927
Vitamin B9 (folate) metabolism,0.3005,0.234,0.257,940,1927
Purine metabolism,0.06762,0.01111,0.00616,941,1927
Vitamin B9 (folate) metabolism,0.2161,0.6739,0.4262,941,1927
Purine metabolism,0.3811,0.06349,0.1142,942,1927
Vitamin B9 (folate) metabolism,0.5602,0.9184,0.8564,942,1927
Purine metabolism,0.5464,0.01562,0.04919,943,1927
Vitamin B9 (folate) metabolism,0.3789,0.8548,0.689,943,1927
Purine metabolism,0.1059,0.05882,0.03787,944,1927
Vitamin B9 (folate) metabolism,0.1364,0.4082,0.2165,944,1927
Purine metabolism,0.00951,0.01266,0.00121,945,1927
Vitamin B9 (folate) metabolism,0.1239,0.9032,0.357,945,1927
Purine metabolism,0.5631,0.025,0.07409,946,1927
Vitamin B9 (folate) metabolism,0.2328,0.3878,0.3074,946,1927
Purine metabolism,0.02042,0.04938,0.00797,947,1927
Vitamin B9 (folate) metabolism,0.4076,0.7,0.6431,947,1927
Purine metabolism,0.612,0.07246,0.1825,948,1927
Vitamin B9 (folate) metabolism,0.1169,0.4833,0.2189,948,1927
Purine metabolism,0.561,0.01282,0.04268,949,1927
Vitamin B9 (folate) metabolism,0.2087,0.7742,0.4561,949,1927
Purine metabolism,0.2816,0.01299,0.02419,950,1927
Vitamin B9 (folate) metabolism,0.2202,0.4603,0.3334,950,1927
Purine metabolism,0.6012,0.03226,0.09586,951,1927
Vitamin B9 (folate) metabolism,0.5355,0.4314,0.5695,951,1927
Purine metabolism,0.3852,0.0137,0.03295,952,1927
Vitamin B9 (folate) metabolism,0.7665,0.875,0.9386,952,1927
Purine metabolism,0.07889,0.01299,0.00808,953,1927
Vitamin B9 (folate) metabolism,0.04811,0.6522,0.14,953,1927
Purine metabolism,0.08663,0.01282,0.00867,954,1927
Vitamin B9 (folate) metabolism,0.03032,0.7069,0.1038,954,1927
Purine metabolism,0.1626,0.01176,0.01388,955,1927
Vitamin B9 (folate) metabolism,0.01748,0.4902,0.04934,955,1927
Purine metabolism,0.08479,0.02597,0.01568,956,1927
Vitamin B9 (folate) metabolism,0.03986,0.7333,0.1325,956,1927
Purine metabolism,0.2604,0.01408,0.02423,957,1927
Vitamin B9 (folate) metabolism,0.1122,0.6923,0.2762,957,1927
Purine metabolism,0.148,0.01176,0.0128,958,1927
Vitamin B9 (folate) metabolism,0.2485,0.76,0.5036,958,1927
Purine metabolism,0.03483,0.01282,0.00389,959,1927
Vitamin B9 (folate) metabolism,0.1084,0.4375,0.192,959,1927
Purine metabolism,0.1028,0.0125,0.00984,960,1927
Vitamin B9 (folate) metabolism,0.3224,0.6379,0.5309,960,1927
Purine metabolism,0.09979,0.01299,0.00991,961,1927
Vitamin B9 (folate) metabolism,0.1272,0.6167,0.2782,961,1927
Purine metabolism,0.3221,0.05263,0.08608,962,1927
Vitamin B9 (folate) metabolism,0.4199,0.6182,0.6097,962,1927
Purine metabolism,0.3942,0.04286,0.08584,963,1927
Vitamin B9 (folate) metabolism,0.3578,0.6122,0.5517,963,1927
Purine metabolism,0.2168,0.2143,0.1891,964,1927
Vitamin B9 (folate) metabolism,0.2091,0.7407,0.4437,964,1927
Purine metabolism,0.06586,0.01235,0.0066,965,1927
Vitamin B9 (folate) metabolism,0.1974,0.2742,0.2119,965,1927
Purine metabolism,0.07678,0.0597,0.02927,966,1927
Vitamin B9 (folate) metabolism,0.3224,0.7797,0.5984,966,1927
Purine metabolism,0.1996,0.02667,0.03319,967,1927
Vitamin B9 (folate) metabolism,0.03441,0.4912,0.08587,967,1927
Purine metabolism,0.0265,0.0241,0.00534,968,1927
Vitamin B9 (folate) metabolism,0.08243,0.8182,0.2493,968,1927
Purine metabolism,0.2844,0.02532,0.04272,969,1927
Vitamin B9 (folate) metabolism,0.2013,0.5614,0.3594,969,1927
Purine metabolism,0.143,0.01429,0.0147,970,1927
Vitamin B9 (folate) metabolism,0.128,0.2708,0.1512,970,1927
Purine metabolism,0.02894,0.01176,0.00306,971,1927
Vitamin B9 (folate) metabolism,0.04125,0.8269,0.1493,971,1927
Purine metabolism,0.4341,0.359,0.4455,972,1927
Vitamin B9 (folate) metabolism,0.2888,0.8615,0.5949,972,1927
Purine metabolism,0.03286,0.01471,0.00417,973,1927
Vitamin B9 (folate) metabolism,0.06993,0.3051,0.1034,973,1927
Purine metabolism,0.02553,0.06897,0.01293,974,1927
Vitamin B9 (folate) metabolism,0.1412,0.9,0.3893,974,1927
Purine metabolism,0.04521,0.01136,0.0044,975,1927
Vitamin B9 (folate) metabolism,0.03027,0.7333,0.1067,975,1927
Purine metabolism,0.1925,0.04,0.04517,976,1927
Vitamin B9 (folate) metabolism,0.2368,0.6829,0.4563,976,1927
Purine metabolism,0.6861,0.01429,0.05515,977,1927
Vitamin B9 (folate) metabolism,0.2104,0.1569,0.1456,977,1927
Purine metabolism,0.2915,0.03636,0.05879,978,1927
Vitamin B9 (folate) metabolism,0.04549,0.5122,0.1109,978,1927
Purine metabolism,0.02848,0.1186,0.0226,979,1927
Vitamin B9 (folate) metabolism,0.08643,0.8868,0.2735,979,1927
Purine metabolism,0.2642,0.0137,0.02397,980,1927
Vitamin B9 (folate) metabolism,0.214,0.4074,0.2999,980,1927
Purine metabolism,0.577,0.02128,0.0663,981,1927
Vitamin B9 (folate) metabolism,0.4224,0.4426,0.5005,981,1927
Purine metabolism,0.2523,0.01235,0.0211,982,1927
Vitamin B9 (folate) metabolism,0.1587,0.9348,0.4314,982,1927
Purine metabolism,0.6962,0.01538,0.05929,983,1927
Vitamin B9 (folate) metabolism,0.05738,0.449,0.12,983,1927
Purine metabolism,0.2754,0.05195,0.07508,984,1927
Vitamin B9 (folate) metabolism,0.1872,0.5,0.3153,984,1927
Purine metabolism,0.319,0.01429,0.02913,985,1927
Vitamin B9 (folate) metabolism,0.2677,0.3158,0.2934,985,1927
Purine metabolism,0.2881,0.01235,0.02362,986,1927
Vitamin B9 (folate) metabolism,0.1004,0.6545,0.2447,986,1927
Purine metabolism,0.1781,0.02632,0.02982,987,1927
Vitamin B9 (folate) metabolism,0.1422,0.4211,0.2285,987,1927
Purine metabolism,0.1414,0.01887,0.01849,988,1927
Vitamin B9 (folate) metabolism,0.0268,0.5581,0.07781,988,1927
Purine metabolism,0.3163,0.01389,0.02824,989,1927
Vitamin B9 (folate) metabolism,0.2669,0.5385,0.4225,989,1927
Purine metabolism,0.1804,0.01587,0.01963,990,1927
Vitamin B9 (folate) metabolism,0.1894,0.3958,0.2691,990,1927
Purine metabolism,0.09391,0.0125,0.00909,991,1927
Vitamin B9 (folate) metabolism,0.4275,0.9322,0.7652,991,1927
Purine metabolism,0.04438,0.03947,0.01287,992,1927
Vitamin B9 (folate) metabolism,0.1066,0.2456,0.1216,992,1927
Purine metabolism,0.1281,0.01515,0.01406,993,1927
Vitamin B9 (folate) metabolism,0.06518,0.7143,0.1894,993,1927
Purine metabolism,0.1911,0.04225,0.04698,994,1927
Vitamin B9 (folate) metabolism,0.4107,0.8393,0.7119,994,1927
Purine metabolism,0.0699,0.01316,0.00735,995,1927
Vitamin B9 (folate) metabolism,0.198,0.6667,0.3993,995,1927
Purine metabolism,0.3015,0.01389,0.02712,996,1927
Vitamin B9 (folate) metabolism,0.07367,0.541,0.1683,996,1927
Purine metabolism,0.09412,0.08,0.04434,997,1927
Vitamin B9 (folate) metabolism,0.4057,0.9444,0.7507,997,1927
Purine metabolism,0.1107,0.01316,0.01097,998,1927
Vitamin B9 (folate) metabolism,0.08973,0.1071,0.05425,998,1927
Purine metabolism,0.4772,0.04545,0.1048,999,1927
Vitamin B9 (folate) metabolism,0.1051,0.2941,0.1384,999,1927
Purine metabolism,0.09931,0.01538,0.01143,1000,1927
Vitamin B9 (folate) metabolism,0.06428,0.4286,0.1265,1000,1927
