"feature","mzmed","rtmed","NEG_1_QC_pool_n1.mzXML","NEG_2_WT_b1_t1.mzXML","NEG_3_PM-31_b1_t1.mzXML","NEG_4_PM-37_b1_t1.mzXML","NEG_5_KO-6_b1_t1.mzXML","NEG_6_KO-22_b1_t1.mzXML","NEG_7_QC_pool_n2.mzXML","NEG_8_WT_b2_t1.mzXML","NEG_9_PM-31_b2_t1.mzXML","NEG_10_PM-37_b2_t1.mzXML","NEG_11_KO-6_b2_t1.mzXML","NEG_12_KO-22_b2_t1.mzXML","NEG_13_QC_pool_n3.mzXML","NEG_14_WT_b3_t1.mzXML","NEG_15_PM-31_b3_t1.mzXML","NEG_16_PM-37_b3_t1.mzXML","NEG_17_KO-6_b3_t1.mzXML","NEG_18_KO-22_b3_t1.mzXML","NEG_19_QC_pool_n4.mzXML","NEG_20_WT_b1_t2.mzXML","NEG_21_PM-31_b1_t2.mzXML","NEG_22_PM-37_b1_t2.mzXML","NEG_23_KO-6_b1_t2.mzXML","NEG_24_KO-22_b1_t2.mzXML","NEG_25_QC_pool_n5.mzXML","NEG_26_WT_b2_t2.mzXML","NEG_27_PM-31_b2_t2.mzXML","NEG_28_PM-37_b2_t2.mzXML","NEG_29_KO-6_b2_t2.mzXML","NEG_30_KO-22_b2_t2.mzXML","NEG_31_QC_pool_n6.mzXML","NEG_32_WT_b3_t2.mzXML","NEG_33_PM-31_b3_t2.mzXML","NEG_34_PM-37_b3_t2.mzXML","NEG_35_KO-6_b3_t2.mzXML","NEG_36_KO-22_b3_t2.mzXML","NEG_37_QC_pool_n7.mzXML"
"FT0001",72.0088265059409,476.06494140625,298940.1,318647.6,345603.6,263576.1,218850.1,264360.9,312543.1,330063.8,366354.3,261337.9,238690.4,261561.4,292929.4,350832.4,321696.7,295005.6,230161.8,252272.9,298722,306830.3,366762.3,276117.2,250602.4,268150.1,295935.1,346068.2,375966.5,272553.6,253857.9,289955.7,310450.6,340810.7,355647.4,291132.7,255162.9,261705.1,311641.4
"FT0002",72.0088034075805,533.42529296875,77823.55,123751.34,110809.97,55528.11,125376.15,91708.15,87872.58,122437.3,110266.92,60445.94,131447.97,91970.13,106973.44,125824.61,97975.05,38772.56,111691.65,104516.73,97775.75,128049.24,107442.93,59789.43,134156.09,105318.35,86668.73,125132.98,119489.06,54567.35,123189.74,99238.09,89375.99,121816.47,107098.71,49524.4,119394.99,99477.43,102955.59
"FT0003",72.9428774663842,414.600341796875,62994.67,14216.89,37567.95,22527.86,67828.18,94614.25,57162.71,50604.56,45993.07,48677.03,73265.34,85226.33,57302.82,39417.86,28990.85,18091.62,147426.38,99524.39,51477.96,20412.4,43389.62,29137.71,65515.83,80391.13,55469.93,59431.14,44963.69,53346.58,68613.87,79215.6,60333.25,48106.89,37256.83,21825.1,139909.51,90484.07,54133.92
"FT0004",72.9526936068198,990.429077148438,82399.48,76341.56,76028.22,71815.51,70172.4,59214.9,73431.49,77579.05,74725.55,74375.74,75567.37,73244.67,70518.86,78055.77,68865.27,72565.5,74713.9,68260.73,63636.19,67334.79,74291.82,68143.82,68258.76,63283.43,67206.64,73430.91,74439.96,72816.96,70425.46,74487.49,70007.02,66137.7,66143.7,73018.62,66786.75,72842.1,76450.13
"FT0006",72.9862395143946,990.429107666016,76865.45,71489.24,75270.29,73403.64,70084.77,72524.7,82931.16,73686.86,74003.69,75408.78,70375.15,70731.8,71514.25,69647.35,77386.79,71801.26,77325.08,66800.39,52593.78,72252.23,70600.21,73205.98,73637.23,66681.29,69600.62,70853.61,85676.86,78250.52,77984.7,72717.03,74642.68,57206,70307.24,72878.93,77385.98,72461.06,70686.85
"FT0007",73.0291947032502,440.030609130859,155614.91,84721.14,84732.2,123649.06,354212.58,85000.83,136049.79,69481.71,73863.73,120108.6,361543.39,95942.61,138207.42,60726.88,83445,116642.18,311053.6,103529.03,127402.8,72571.49,73280.33,108068.94,334082.62,102316.32,112523.41,57862.67,62862.7,100001.69,332901.51,89154.25,129378.73,79701.9,85553.08,115648.51,295382.24,88713.17,147307.65
"FT0009",74.0245004994288,525.436584472656,1575500,1736817,2113181,1154762,1238495,1367315,1452430,1744247,2173776,1111128,1181723,1396623,1433342,1784266,1836091,1114678,1212430,1304855,1446438,1639580,1940446,1078121,1223455,1301199,1432114,1773861,1969454,1050006,1202598,1426783,1407078,1725389,1821807,1118048,1168307,1384348,1415880
"FT0011",74.9676272944229,990.42138671875,2663454,2513730,2709834,2514095,2520953,2491383,2634296,2604302,2833655,2656732,2487624,2472157,2524061,2578368,2564349,2611510,2699191,2414674,2457437,2330858,2596928,2539575,2477670,2384364,2484774,2457328,2727154,2654331,2511987,2455962,2571406,2419084,2531413,2474291,2607886,2443277,2560705
"FT0012",74.9737458789503,990.431274414062,90691.55,103440.23,88998.89,102845.47,99347.12,95249.18,91088.14,84307.09,105077.9,92496.94,91218.17,85260.92,88879.24,96115.01,83344.73,96179.89,75864.03,87160.68,97834.43,79645.54,82515.62,91160.74,89899.41,84483.36,78692.3,90355.89,98579.43,94720.16,82884.43,83220.78,102828.91,87261.25,92140.95,102295.49,95061.35,88019.55,92511.84
"FT0013",75.0085611246244,142.973007202148,31890554,32041567,31618325,31351604,29937917,29980722,29403494,29936481,30243582,28547918,29152237,29399866,29652967,29527052,29368040,29648454,27741428,29331410,28806601,29327172,28349330,28671418,28235835,27731225,28125547,27840771,26453899,27554418,27680652,27187247,27201811,26827448,27258693,27113873,25586793,26505086,27174003
"FT0014",75.0085655019869,402.006530761719,395447.8,326204,244155.3,772586.1,146944.7,215890.3,344814.1,231419.6,207113.9,719396.9,153394.3,183298,197089.9,161127.3,201129.6,745978.2,165968.4,175661.5,242481.1,180648.5,215087.4,778438.3,148064.9,176103.5,271244.1,168611.5,205516,700114.8,169273.6,133095.8,257456.8,218842.5,179326.3,752821.5,113975.5,163446,286036
"FT0020",78.9588999072745,529.400268554688,9202199,10182600,11751641,78021783,2656187,10190976,9696946,10398200,12294288,102693615,2757088,135901503,9337023,10469355,11692576,79846967,217027145,10474648,9389181,72996599,11417006,79524774,112976453,10393280,9427235,10353303,12123887,101174094,118672586,10733731,8938400,109274723,89018087,78205411,215277368,10283564,9297631
"FT0021",78.9589359141003,410.440093994141,2786282.8,2132826.6,2417997.3,1747991.7,2229207.8,3093208.3,3216493.2,2991415.8,2908507.2,2296538.2,2569529.4,2631017.2,2983643.7,2513783.8,2744405.6,414228.6,1679525.7,3364044.8,3374431.9,1721747.1,2652973.2,2090934,878038.4,3090006.9,3130232.2,2633755.1,2907704.5,1861738.1,2584544,2820886.5,3197313.3,376578.6,283292.4,186464.4,67501.7,3352124,3376416.1
"FT0024",79.9570950619711,488.087768554688,572074.5,518947,487153.9,467548.7,713436,588572.8,530015.9,511498,414597.8,454553.7,716621.5,582150.8,555454.6,543695.3,446008.3,483910.5,718230.5,555008.3,545642.6,512589.9,452030.3,476125.3,764434.6,558329.6,513529.9,531517.6,403411.8,437677.9,720982,555282.6,426953.3,488860.3,389050.8,466441.8,733688.1,575364.2,508431.4
"FT0025",79.9567607163195,161.898101806641,466839.4,545852.4,364835,500428.5,516046.9,515727.8,552138.1,520598.5,458274.2,542469.8,529413.6,604109.2,555234.6,556873.2,538880.7,428042.5,504787.3,559835.2,613647.6,620443.2,462936.6,558533.3,552205.2,503861.8,606608.5,546692.6,577261.4,578520.9,537642.7,562190.6,405580.8,418350.7,530923.9,541386.6,592831.6,531520.3,534191.6
"FT0029",81.0457459369511,342.640472412109,29956.383,8534.946,3148.98,64968.214,6051.708,12141.944,34955.133,12878.835,7263.075,81632.661,4933.626,9324.901,27050.365,21729.381,8151.804,68066.194,7108.898,12541.204,20774.154,3856.65,15786.668,76320.328,13880.445,13310.636,33061.784,11900.307,6170.719,86472.637,17022.36,18754.562,18347.043,9582.772,11549.122,79230.859,18276.849,10287.954,20377.605
"FT0032",83.0137732848432,440.126342773438,84648.83,19452.41,31702.67,72817.46,233619.55,43186.78,85894.49,31823.37,31597.25,77714.13,228714.07,37711.01,55465.78,20581.95,23006.73,72392.93,172565.69,33268.5,71774.08,15618.84,21314.58,65365.06,221574.26,35170.15,78649.65,18085.95,24561.37,56350.37,201620.37,36835.06,87228.82,20087.43,32613.15,53103.73,190134.88,30098.08,69647.34
"FT0033",84.0454765349806,304.133010864258,290886.8,301772.8,257854.2,370718.8,184708.9,218551.7,280685.9,292687.3,238553.3,344737.1,178570,206345.8,270557.7,291508.6,230679.4,363832,165718.1,204522,267413.7,277836.7,248075.8,370116.9,193456.4,217088.6,260582,268775.6,234398.1,349749.9,161036,233017.3,271770.7,311424.6,242340.1,348858.6,161057.5,224464.4,280176.3
"FT0034",84.045395004787,517.687438964844,198343.4,154780.6,168826.1,156867.3,251375.6,167463.4,153391.2,191994.6,168834.3,145793,251972.4,182266.9,135642.9,213904.4,165521.5,164876.1,259490.2,146226.6,178382.8,196526.7,164643,157925.9,250849,147506.3,189262.8,204230.7,144555.3,156805.6,266906.2,178114.6,204584.9,240897.8,167943.5,141785.6,260929.8,159020,178945.7
"FT0035",84.0454448415634,434.188018798828,49001.265,3345.264,2917.619,59246.635,323085.739,15524.802,43848.096,3676.163,0,13209.269,306075.505,13914.815,49095.355,6155.557,0,73236.182,221525.665,7208.928,38468.177,0,3169.018,53097.484,293128.992,10156.811,27682.895,1523.155,1381.153,9529.253,294219.69,6406.376,29012.072,0,0,7290.371,215563.383,14401.416,37121.162
"FT0038",85.0295132877978,651.197875976562,475714.35,224571.51,194206.76,836756.17,267193.78,236114.83,440880.87,247443.01,225668.1,754360.05,252401.21,200362.71,433512.69,210822.77,236790.74,754622.6,163805.35,127076.27,400037.12,196102.52,114003.02,936659.48,264978.93,222739.22,401917.58,202113.15,202087.87,766433.18,282413.82,236690.17,417228.36,151722.07,79662.87,713018.9,55674.5,138870.92,438631.43
"FT0041",87.0088147836825,189.380729675293,1813406.9,1211732.6,1099260.6,1589925.4,2386957.8,1485382,1696130.7,1687549.7,1047510.9,1837737.9,2345364.3,1545728.8,1730436.5,1933315.5,1443318.6,1739903.9,3456072.7,991259.5,1685768.8,1112882.5,1023161.9,1517215.6,2258948.4,1423142.3,1683953.1,1646783.9,988319.3,1710219.1,2152754.6,1525535.3,1643199,1878437.6,1332531.4,1652200.6,3389823.7,987985.2,1696450.9
"FT0043",87.0451932853906,168.620574951172,695203.6,704072.7,651897.1,758972.3,730374.9,616170.2,666748.4,637330.3,717621.5,683498.8,731249.6,698014,486195.6,820121.6,663232,750984.6,736272,589773.2,694074.3,690708.3,658505.1,718177.9,684159.7,487834.8,683078.7,680637.4,673183,713474.7,780471,464991.1,694623.4,675012.9,665828.5,693593.6,670343.1,659960.6,674999.9
"FT0044",87.0451549981629,90.3113250732422,1009094.2,912350.6,975056.1,927410.4,883995.5,955494.3,943478.9,951387.6,930361.2,825255.9,916350.9,1010389.9,804734.9,991727.9,841421.3,848270.9,987279.5,893887.6,951434.5,924443.8,815671.6,887037.6,804386.2,738438.4,922489,938380.6,778425,544408.8,982559.8,780271.7,956057.6,1023957.4,872123.1,882350.3,915603.3,905157.8,891025.2
"FT0045",87.9726990984314,416.021362304688,40344.34,6177.911,23879.07,5692.338,55123.974,76991.721,44379.921,32899.852,23350.95,33164.236,47802.664,63840.753,43418.901,24284.308,14505.015,10713.066,117961.886,77696.305,40903.604,7863.264,26852.689,20690.767,42564.713,68845.998,22990.991,37729.736,22403.087,32348.882,45537.733,56604.58,43320.784,25275.505,15900.379,16411.63,91555.677,71180.501,37086.101
"FT0046",88.0121786864674,189.999794006348,40778.3,23543.29,24825.76,46157.5,63723.48,36693.05,47592.13,44973.03,27458.8,45709.37,66844.25,30438.18,43406.53,53983.87,30999.54,44173,91266.51,13232.98,40613.03,23459.96,23493.4,37083.43,76774.35,29016.43,45425.12,50931.5,22470.4,49605.66,58474.45,22716.18,48175.05,52281.91,31055.12,30227.84,106066.22,22212.45,33341.38
"FT0047",88.0404333866452,481.421997070312,4217821,3095019,2755210,6310810,2761166,4096288,4243569,3096190,2793296,5861012,2714242,3957404,4035771,3023612,2466264,6348496,2550315,3874848,3932170,2772541,2638078,6209732,2632938,3828545,3890422,2948555,2611820,5928710,2652430,3883105,3803356,2984659,2381674,6251573,2486390,3823308,4012274
"FT0049",88.0404748934399,204.644790649414,853240.7,790468.7,835144.3,1034863.1,526571.6,680690.1,825808.5,762389.3,889865.5,1059823,589584.9,716386.6,797845.9,784364,809842.5,1055706.9,556797.4,663949.6,823762.1,778612.5,875648.8,1008651.4,505621.3,672036.6,814143,775359.7,898103.8,988309,548143.9,700121,839956.1,800251.5,800591.8,1077656.4,549432.8,692330,825001.8
"FT0053",89.0244940146687,232.724807739258,96650501,24658943,18377414,156704685,86748079,36729795,91341007,36783315,16231027,221050145,86613608,45763737,92701315,45387208,31014142,178705947,136419364,24831631,88649960,23087740,17604479,152084942,82931739,36754716,90600454,35133831,15379496,218638096,84580194,44736711,87014834,44064165,30494235,172828344,135614719,24133106,87973687
"FT0059",90.9713896074139,611.759185791016,1616976.5,1889823.4,2122222.2,1953874,1365865.4,1928053.8,1916497.2,2161125.7,2430941.6,2017355.7,1183881.6,1854043.7,2207214.5,2066567,2285969.3,2031296,1134315.3,1019453,2351646.7,2720249.5,2897317.4,2419843.1,792748.5,2787075.8,2766076.6,2838588.9,3197663,2891952.5,2628285.7,2304401,2819409.3,3032372.3,3105270.4,3036591.2,413245.1,2082978.7,3431781.3
"FT0061",91.0221225305508,156.473007202148,1961068,2802239,1909690,1855937,1830550,2527413,2715260,2757081,1886990,2462811,2651884,1722317,1865770,1927981,1836620,1979346,2469857,1923194,1938893,6811848,5423780,5848682,6235163,6029925,1977125,6177046,5967875,5702724,5868351,7366614,1949148,6810847,1810944,5178951,5572010,5601672,3282341
"FT0063",91.030210733019,340.556640625,29585.16,10728.705,1693.752,62562.707,4674.98,18709.16,31258.324,5979.265,1435.196,92168.27,3647.581,10004.091,23328.627,1393.259,9150.056,77707.7,23969.725,13942.999,22031.032,1664.108,3365.131,70026.169,8076.33,5295.608,32185.392,3807.308,3107.56,91314.854,3085.471,12228.735,28025.84,7943.325,6560.46,74275.795,14618.931,9609.148,28875.867
"FT0064",91.0401215514024,243.953216552734,162619.58,131910.29,127242.5,231908.91,62105.51,92817.64,150058.01,157568.01,84754.66,219861.66,102838.67,136981.59,152564.61,147587.19,87259.81,183500.73,81118.7,121810.77,151071.47,123536.76,121664.18,230666.88,66576.78,104035.95,197423.52,140274.19,72334.97,213059.64,106614.38,138251.05,145529.68,130571.79,87948.02,190291.25,79414.17,114562.93,160814.28
"FT0065",92.0254886494867,245.279998779297,241610.027,73775.954,43325.178,493341.642,7251.535,144885.711,245129.583,92573.157,56674.753,603842.568,5586.381,185914.499,226013.559,89345.124,93026.619,504288.168,10633.017,136244.391,228316.336,42479.025,49438.745,493351.601,4594.023,133795.949,198560.643,89540.644,58217.256,605671.107,11040.575,195243.017,220629.012,93709.921,94455.233,510415.793,11312.095,121688.039,216728.666
"FT0066",92.9280577293809,410.410003662109,12844337,9989410,11412056,9742420,11957820,13879545,12178968,11830686,11352863,11340638,12293637,13299571,12143726,11514448,10627903,9506492,15410949,13618416,11634139,8877124,10978773,9631171,11655859,13314898,11602238,11545058,10953469,11010903,11708465,12780931,11882774,11366496,10689465,9541369,14812415,13411320,11744677
"FT0067",94.9251398760861,410.410003662109,9707586,7530327,8459994,7186696,9007060,10287078,9048805,8877553,8513861,8435988,9191014,9983529,9119995,8727747,8064697,7200992,11439339,10135634,8750122,6776714,8304528,7197459,8841527,9968915,8610228,8764845,8213493,8209612,8891661,9673696,8891598,8540240,8035730,7166655,10975384,9978570,8776294
"FT0070",95.9618487025216,529.475708007812,1005514.2,1238068.7,1526382.7,751312.1,170709.8,1264818.4,1040469.4,1292951,1601479.5,762121.3,177884.8,1337600.3,996330.7,1256738.4,1501693.1,814626,175332.5,1352429,995665.4,1244575.3,1484146.2,709779,165360.6,1322745.8,1039144.1,1324141.7,1577834.4,766144.2,180182.7,1459980.4,935647,1218608.2,1377967.2,748718.9,190690.8,1297144,1003295.7
"FT0071",95.9857747274788,990.416687011719,5587656,5170015,5716436,5116616,5305962,5388898,5351928,5337162,6012906,5941326,5950555,5310746,5650737,5468548,5570501,5755052,5633063,5293873,5369475,5152274,5594137,5336058,5242817,5137665,5379051,5453846,5781407,5932321,5372622,5358256,5354624,5517770,5401101,5410387,5461785,5304100,5504883
"FT0072",96.9221583005865,410.410003662109,1688466,1360705,1484379,1277383,1587017,1807204,1634113,1581252,1488390,1518607,1606476,1757990,1610551,1541321,1405139,1256684,2056830,1770539,1543156,1166765,1491514,1315871,1580531,1759156,1548420,1559893,1471603,1469942,1562222,1698442,1570764,1538166,1453517,1315338,1968011,1774590,1573207
"FT0075",96.9498643943068,579.079895019531,297858.04,202261.34,283123.01,244719.88,368233.2,217400.56,265889.5,340673.08,292873.08,340481.02,360657.46,405701.6,346697.24,203886.32,271128.77,258284.67,201458.95,281721.55,332154.3,177881.02,268141.64,93457.12,345667.72,437226.7,331301.32,360042.23,274632.19,341087.97,396457.5,432533.3,336682.41,291989.84,276874.33,239194.15,700693.22,449209.07,325099.94
"FT0076",96.9602377886357,651.185668945312,64544600,50840548,56732823,60356877,63409955,64969815,63665729,55470258,57990276,65301130,66967020,58163353,55802179,50247922,56239387,62561796,83978230,63905568,59501065,45916194,55248804,61466205,65415241,64418532,58890096,54174753,56237103,64283041,65163661,61377641,57936698,52276658,55506470,58616287,84314322,65855140,61222275
"FT0077",96.9606354923793,587.517700195312,27463730,26381534,27930676,24992253,31598460,27337565,27366879,26251266,29244510,26516816,32491528,27093684,26638803,26561600,28681877,26227614,13643876,29209755,28380962,27913205,30118774,26717179,30689407,29969378,28741597,28524576,29936241,26906764,33128564,30850484,29737803,29319376,30591819,27043330,13541045,31931237,28940501
"FT0078",96.9695722103653,579.015960693359,341207187,198789919,264921814,239942714,346838076,428044947,336791029,314407668,282694436,322020092,371028898,406988733,344147817,295994673,254146079,249008280,687845058,449803652,332028872,198814435,270771790,247030331,346656561,431759575,320902896,324069194,279549432,318615283,362071626,420784597,338142759,315555313,262818473,243425261,684459311,460762596,355630725
"FT0080",96.9882739154629,964.254455566406,11958648,8034591,10190010,8333345,11440239,13826335,11333075,11432783,10106859,10168233,11930386,13225127,11604609,10691049,9465183,8510775,17926327,13873020,11366673,7465930,9825984,8517841,11565740,13876774,11001014,11390270,10379643,10292977,12127883,13242103,11391053,10494982,9642085,8104085,17756955,14577349,11688939
"FT0083",97.0294898933454,440.290222167969,128204.47,55306.3,55150.25,117839.01,285255.72,83980.66,118733.3,45318.04,52264.15,101414.32,297900.01,65105.44,103656.23,46201.29,43267.66,87281.87,229603.29,74843.97,117551.2,36485.61,64824.98,78707.61,280502.47,75975.16,100179.69,35953.21,52688.08,93933.74,268782.38,66306.3,125402.16,53440.37,47595.26,91199.83,219689.32,61288.23,127793.3
"FT0086",97.9838553632561,990.42138671875,457963.4,393283.1,456299.9,423794.7,450799.3,441066.4,447614.3,449517.9,502583.8,452133,460805.4,416893.7,468163.7,437783,463317.1,462559.3,420703,405562.9,432727,403630.6,425963,442200.9,437458.4,422930.5,437039.3,424986.6,471265.8,498621.8,423283.1,447396.1,439627.3,441819.7,450253.4,421931.7,455477.5,425418.2,440543
"FT0087",98.0248006745532,302.809310913086,1354065.9,1104923.9,1175848.8,1635541.2,802498.7,1092004.4,1233110.6,1192755.3,871587.2,1555209.4,1034879.2,1092267.2,1271167.1,819501.6,1132264.4,1504462.5,813541.3,725212.7,715411.9,1229604.7,1004505.4,1451236.3,427473.2,766482.2,1233625.3,1172232,1106598.3,1409198.8,574644.3,374621.2,1115866.4,1162402.7,1002121.4,1441295.7,291949.3,445328.7,1192590.8
"FT0088",98.0328265140068,89.1649780273438,106553.21,137591.55,146123.51,105621.41,112816.76,154082.37,114259.85,141389.49,121685.52,50853.74,125130.33,168930.11,130172.66,167271.06,107929.65,75999.58,104787.26,150445.46,120448.15,130124.99,155808.61,118241.9,109383.6,121005.36,84990.97,166012.59,102593.61,61042.61,155122.53,161738.79,82586.14,170051.51,116455.4,84217.08,132809.08,152512.34,84993.47
"FT0089",98.9491523519396,1207.77977050781,39172768,39306962,38661107,37420304,38997225,37371819,37106281,39134543,38717077,38686602,39185441,38481813,39336497,39400383,39753374,39341327,38870967,38878996,39428089,40099412,39686476,39019946,39150180,39617205,40366346,39551735,39680929,40341001,40384062,39927591,39036587,39992987,40295085,40438670,40180478,39239843,39830596
"FT0090",98.9559280989203,651.185668945312,3382135,2620367,2951451,3149814,3349441,3337419,3345885,2867336,2973210,3361537,3539636,3056685,2883433,2675051,2878442,3293108,4253527,3357371,3178363,2394536,2936526,3183388,3473423,3347202,3047785,2806997,2976242,3363864,3334764,3133425,3011077,2724706,2908411,3079266,4506558,3463363,3218733
"FT0091",98.9558783035593,584.73828125,1446156.5,1327761.8,1487918.8,1243939,1625614.8,1491265.3,1407117.4,1400862.7,1544796.8,1357197.4,1701705.9,1400772.9,1384776.9,1351215.5,1438802.7,1339049.7,1611386.3,1570130.3,1455775.1,1395744,1503656,1391041.2,1569242,1528380.7,1524612.8,1500972.5,1566534.9,1384349.7,1708942.5,1633439.3,1543191.9,1513078.4,1557161,1341168.8,971110.2,1721252.2,1498749
"FT0093",98.9669092195396,411.799,883304.9,653376.2,768838.2,607392.4,835569.3,1013709.4,834904,827859.5,788444.5,769953.2,918104.6,990013.3,868443.7,801595.2,731963.6,635560.2,1443003.1,1010915.7,821895.7,612578.1,704158.3,649383.5,825438.6,959712.8,816073.1,777357,757790.7,716548.7,850872.6,925219.2,808693.8,784808.4,676351.5,615713.2,1300030.6,975201.9,793494.4
"FT0095",98.9739334706131,410.419311523438,65010.7,62093.31,73442.4,58950.47,64733.17,84861.99,90920.49,73648.36,65931.83,70310.78,51361.41,84189.08,79288.49,83065.77,75416.58,66388.87,84745.54,107135.4,80164.44,65882.33,65217.02,63194.87,76352.94,92060.18,80503.32,75163.98,68150.48,73959.04,71517.59,91652.73,90482.99,68899.04,68355.43,61300.09,89245.36,105317.53,87835.99
"FT0096",99.0087285317399,577.680419921875,234072.8,258395.4,223978.2,410376.1,327179.7,235887.2,251049.5,244656,216752.5,435943.7,342811.7,235350.9,195099.8,191146,165770.7,356629.8,264046.5,133522.4,212263.3,240587.9,172075.6,401452.9,331460.1,270309,236755.1,242932,147138.3,447433.8,335310.6,211522.5,185885.7,179876.6,176108.2,354074.7,287984.2,198533.9,196733.8
"FT0100",100.001608689653,964.275329589844,375587.5,239965.1,326991.3,229372,352859.9,502298.4,348863.9,334852.5,315829.2,294902.2,405175.4,421460.7,383578.1,324049,287014.3,245488.8,624023.3,449765.5,382046,201495.5,274981.8,247636.6,337959,447579,341363,344428.8,339046,296281.3,410768.1,393607.7,319718,337950,272567.7,206565.8,352334.4,384307.5,380483.8
"FT0102",100.040413106068,520.205871582031,160541.7,172400.5,160432.3,164714.9,184064.6,143832.3,181607.7,149658.2,180410,138358.5,199098,140047,112838.1,162416.2,152678,146704.5,164944.6,148859.9,146689.9,142157.3,176113.7,141083.2,189552.9,153133.6,173473.8,173734.7,164717.4,158146.9,178579.3,142229.7,144431.7,134646.3,143314.3,172644.1,171445.3,143848.5,137757.2
"FT0103",100.933612886801,518.931762695312,678741.7,602152.2,535689.4,487306.6,1262155.9,473274.4,525309.5,466129.9,506943.7,454853.4,1086573.2,437584.7,365051.4,556901.6,503644.1,454406.9,950658.9,402939.5,478632.6,529991.3,586079.7,432611.5,1001489.6,531522.9,440647.8,571599.6,491587.8,427585.7,959268.7,484285.7,656803.8,440568,403678.9,418728.8,686040.6,413716.4,444964.3
"FT0104",100.946155969794,1206.37390136719,14048691,14165077,13823386,13538629,13952259,13625900,13440316,14104647,14100284,14156789,14045540,13782737,14120951,14081210,14245898,14075838,13949440,13970409,14098345,14171815,14295131,14120197,14125857,13937880,14340908,13965513,14502191,14446644,14475891,14358450,14009622,14358708,14473877,14452625,14317697,14111916,14225973
"FT0107",101.024438403375,440.481094360352,1155245.3,358756.4,449193.3,933678.1,2763037.9,634226.1,1120382.6,294283.5,508048.5,937993.3,2775501,661066.2,1059414,360890.7,410374.6,913929.2,2322300.1,647170.3,1093124.8,399909.9,427658.5,930952.1,2733467.4,619870.2,1089156.1,334024.7,485867.2,913090.2,2792952.1,644105.3,1063532.3,334506.5,325168.3,877811.5,2281926.3,602277.3,1048162.4
"FT0108",101.060820511497,165.932373046875,1482423,1646982,1842410,1566092,1810698,1630067,1644807,1644398,2046926,1577656,1783512,1658033,1571916,1539456,1719989,1817201,1588605,1630972,1776927,1700003,1846126,1659160,1730199,1664049,1707686,1833454,1926578,1673804,1782971,1625521,1641600,1649424,1778900,1717337,1592835,1860669,1862141
"FT0111",103.040129090949,241.119720458984,1204105.2,800546.5,867234.9,826977.6,829746.2,951496.2,1167201.1,876257.7,868393.5,1767480.3,927584.6,977542.8,1162489.2,919683.5,886388.6,951443.9,928445.5,940999.5,1128676.2,737507.8,831556.4,764642.2,864221.1,955367.3,1121696.5,838827.7,853384.5,1726036.8,960692,991429.5,1135954.2,953137.9,855249,950838.2,925635.6,933732,1133403.3
"FT0112",103.040080225018,554.686065673828,96704.22,50966.18,42568.57,153129.37,91289.78,47978.22,89885.23,33885.49,41132.44,151230.22,106599.13,45223.19,98292.2,40239.77,37644.33,160511.76,88334.5,42161.26,83736.56,45987.71,45121.5,158542.57,93469.13,48910.52,87898.48,43113.52,43677.15,151562.49,91865.62,40274.7,89368.02,46796.52,45253.86,147303.15,98334.46,42699.13,73737.78
"FT0113",103.053091349844,518.945007324219,157081.23,130693.96,134708.33,138071.52,162358.45,106287.75,105561.23,124335.96,174021.06,146435.85,163067.14,117671.26,137753.17,143066.96,147416.52,131215.09,163572.13,80450.83,135921.48,140461.16,144863.87,121153.53,168615.38,124004.88,158785.31,142036.44,141044.77,149740.91,190168.04,124787.11,144630.62,138676.04,128453.59,138246.2,175088.15,120951.82,162690.47
"FT0115",104.03534439877,533.426696777344,3199639,3584994,2815013,1476600,6073419,3249673,3318334,3623256,2780600,1483896,5941306,3207090,3295762,3880397,2640528,1385548,6137523,3099127,3235188,3412583,2816481,1411239,6076322,3229190,3148413,3661759,2779917,1474824,6076678,3256365,3131162,3886940,2635563,1416478,6060732,3065561,3217766
"FT0116",104.035401367458,302.812286376953,546139.9,571633.6,499045.8,718542.5,317680.7,410752.4,547023.2,555437.3,472277.1,675088.9,305182.5,425770.2,542870.2,553373.5,433937,731703.3,296621.4,415907.8,541633.9,540420.5,493571,727135,321513.8,437471.9,521179.3,517605.9,476184.4,691075,333951.1,458250.1,534624.9,561306.6,462124.5,749334,300890.9,433341.7,533170.2
"FT0123",106.028546319821,351.699981689453,58970.092,12627.867,6039.77,103824.491,0,37645.914,62011.302,17879.142,13261.018,112335.268,0,45449.753,63972.151,39644.259,36004.307,128251.816,0,39231.245,70159.475,17914.167,7250.724,126819.354,0,39118.978,73599.103,34327.728,18243.267,127487.475,0,60662.987,78081.868,40764.572,36485.993,120211.472,0,49975.28,80062.473
"FT0124",106.980878354659,488.103820800781,202238.1,199527.8,125632.1,149936.1,284472.9,204741.2,158265.5,176518,126116.7,126858.5,277669.6,189675.3,155047.1,144529.1,130364.1,143322.1,268226.5,184469.7,158502.2,156439.6,101315.1,144292.6,278663.3,180917.3,159327.5,163313.1,127576.5,123771.2,301846.4,184915.9,140900.2,148066.3,114394.2,118867.5,238662.4,186396.1,166701.8
"FT0125",106.980911934084,164.56657409668,240546.2,210933.8,217479.3,214369.7,207936.2,188394.5,189391.1,182703.6,196221.6,184881,188658.8,174209.7,176835.2,178409.9,155850.8,152570.8,154531.2,162533.7,165228.4,128099.8,154816.1,145183.1,165168.6,164386.4,164311.9,176414.3,162770.4,143799.4,161291.9,173530.2,159207.6,158644.3,156845.4,137124.2,157242.8,162172.1,156787
"FT0126",107.036379288141,348.913513183594,28583.588,11871.775,7420.879,86955.034,4856.621,15131.717,33270.244,9208.796,4261.54,97192.38,1877.612,25412.998,25920.015,2798.782,7186.574,77690.557,0,13233.786,25503.587,4580.405,1327.198,79847.8,2976.048,9304.772,33898.714,5143.441,4520.947,87955.574,3217.23,19252.968,36651.333,8093.014,6505.904,68508.493,1546.316,10846.408,12697.414
"FT0127",108.012514165179,496.286544799805,70595.28,70577.96,59449.82,76311.23,145190.11,72506.36,71335.41,61619.3,58816.51,58666.44,135294.11,63402.14,29819.06,41564.33,47358.77,68713.75,118943.98,75499.2,70154.08,63754.61,61789.28,66182,142864.78,80378.35,74692.93,65757.34,60219.73,61363.1,125547.81,71407.1,67436.48,64156.56,56301.43,58859.8,106650.18,73984.06,79288.21
"FT0129",108.996268111734,144.315368652344,325619.9,326876.3,334897.3,325873.6,315328.5,338500.5,341377.4,369857.3,346635.5,357990.8,361823.2,366448.7,354620.7,360024.8,355593.1,369793.1,364070.1,388022.8,409143.3,419904.6,405898,428339.4,434079.3,431798,444505,442598.9,443535.1,461754.3,467709.6,455788.1,478611.1,472833.7,504064,501032.7,465994.3,501280.8,521168.9
"FT0132",109.040752391757,339.18885925293,199033.7,41137.87,39350.9,405940.74,65900.8,103953.74,202393.73,72653.27,29486.9,498803.73,49792.37,118104.72,173542.66,80319.73,57034.15,446956.77,110828.12,81887.41,182345.63,34635.51,37821.92,392962.48,54812.66,95468.49,174151.44,67933.39,28134.96,497471.99,51548.24,95035.81,167171.74,53809.81,51466.2,410281.66,124200.22,63207.84,171453.13
"FT0133",110.024834389904,741.048217773438,836907,853021,750079.5,639981.8,628757.5,703726.2,751281.5,905791.7,885894.1,718574.3,613757.9,704686.3,677340.3,841083.7,764553.6,651204.5,629532.3,705117.1,698753.4,786870.4,753951.6,628518.1,561233,629462.4,718035.4,896069.4,851540.2,670556.8,589469.7,735652.6,742236.6,857650.5,769164.5,575732.3,596952.7,702761.9,671481.7
"FT0136",110.98522067205,518.94677734375,425757.9,224184.8,240911,446554.7,256252.5,242811.1,365156,399635,421508.4,480603.4,188305.5,273945.8,396002.2,405005,416321.2,791569.3,338690.6,204394.9,392428.1,218056.6,266869.7,418913.1,216243.2,266251.1,375953.2,377886.7,369929.3,504324.6,214470.6,268598.9,394570.9,491416.8,388336.4,740581.9,364165.3,223540.6,431166.4
"FT0138",111.008838329324,741.067565917969,1506442.4,991599.2,839339.2,2132770.9,986877.5,1000133.8,1297630.8,870617.9,759420.9,1984586.9,1033327,753102.9,969908.1,721566.3,618541.4,1894496.3,844358.5,783737.1,1111876,717345.4,668747.9,1876724.7,981374.4,786058.3,1053779.9,782656.4,722789.4,1913802.5,930270.6,876061.1,1236633.1,796833,666186.9,1871233.7,175132.3,824943.8,1183271.7
"FT0139",111.00883606211,678.355724853516,1182691.9,1164890.9,970615.2,5125765.8,1502755.3,1117000.3,2370908.1,1007390.1,873973.3,4352209.4,1690082.8,1309623.7,1262561.3,773124.7,741611.8,4505285.3,634655.3,176190.5,2307270.2,1136282.8,998438.8,5210906.5,1626051.2,1290264.1,2383926.3,1164543.5,1067673.7,4535609.4,1626345.1,1426154,2441096.3,207610.6,982937.5,4669084.3,0,1399599.9,2379004.9
"FT0140",111.020042359756,232.758697509766,40689729,12985742,11241669,63765571,30005440,26154879,39095682,18450624,10472611,77005891,26935631,31082983,39093476,22195372,18954256,67017460,48426227,23408423,37828521,11957442,10893486,63627831,29678846,26725830,36796100,17843915,10398928,77447820,26627649,30632945,37396567,21929338,18999692,66005063,48624370,23137509,37332558
"FT0143",111.039382584457,339.862258911133,171255.366,35522.892,11667.573,397979.533,39774.588,79869.547,175685.464,54872.936,12164.645,529116.819,34300.29,94230.149,165825.336,62336.226,38976.269,419566.736,105536.541,58707.828,166513.309,21537.288,15749.471,380073.057,39928.287,80050.641,174639.299,46028.601,8920.385,486093.724,35074.578,88706.691,182120.138,59208.973,44119.947,419930.385,113143.873,62875.342,179603.895
"FT0145",111.956715649633,481.435302734375,54025.708,40861.57,55036.803,89025.757,0,13046.993,57136.76,25220.854,39750.279,94844.071,0,7241.281,49379.177,16790.956,40945.721,102208.251,0,10470.186,42834.104,24306.121,57863.742,108403.713,0,16698.695,43494.146,21202.994,46030.956,89686.141,0,2088.961,35055.346,23056.597,25934.982,97328.313,0,12503.513,56072.298
"FT0147",112.02338627442,233.470672607422,1723788.9,544822.1,455370.1,2766045.9,1290284.1,1099396,1651776.8,777699.2,443569,3414448.2,1146746.1,1331350.5,1656488.7,951078.6,826917.1,2870567.5,2051429.4,968771.3,1597963.2,490359.5,436952.4,2751303.6,1253000.1,1117533.4,1542580.7,750862.8,432091.5,3314428.5,1133279.2,1289142.3,1568898.1,936879,796010.9,2825169.9,2103165.6,957897.4,1554179.6
"FT0149",112.040467152396,248.74089050293,241308.36,407546.48,723310.7,56852.79,124917.68,184373.62,256703.93,374306.39,686721.35,63133,93504.82,223037.23,312202.98,341773.95,445804.49,78205.69,83794.31,259850.87,230175.11,393227.44,672203.67,68469.17,108062.5,215876.16,208313.42,355956.58,673555.05,57788,108902.04,194544.7,96489.82,191998.89,461213.56,38997.14,49489.33,292635.22,273007.94
"FT0150",112.937383447879,771.577514648438,339046.6,105219.3,237385.8,288485.3,121209.9,372156,351609.3,322290.3,179506.2,299854.9,164534,356630.4,328308.3,219741.2,310886.6,356761.9,267229.3,628250,344607.1,107347.4,243857.5,311155.9,134214.4,406324.5,433323.1,327349.5,189382.5,331755.7,168716.8,444449.4,359419.3,207636.9,301138.4,346842.7,275197.3,603740.2,329934.9
"FT0151",112.962213602369,983.089294433594,144637.03,91759.53,119399.15,103459.93,133762.5,141945.63,148198.78,137510.91,120659.11,121662.74,128824.87,160350.55,135569.88,122312.43,118434.83,117744.62,204890.05,166441.74,118661.83,92045.62,131435.39,122766.52,132202.7,140652.43,126732.02,131399.44,131420.64,142146.38,127433.64,149104.14,135400.99,143554.34,111360.71,111603.41,213170.87,163377.5,155463.47
"FT0152",113.024481847061,441.16584777832,479150.7,188993.2,281075.4,386535.1,1108162.8,818398.5,447920.8,140941.2,213736.2,370941.4,1122643.2,773975.3,455937.5,141331.2,835613.3,337561.8,927059.8,335417.3,417836.4,120205.2,260005.4,358917.2,1087267.1,789895.9,440852.8,134756.7,594877,322553.1,1201734.5,895291.4,425540.3,215772.9,795262.4,334321.6,949242.1,327120.8,436760.2
"FT0155",113.035734954163,329.524200439453,443711.67,325479.78,226093.58,839310.43,69226.16,114388.35,425550.31,318567.72,218579.15,988070.31,77408.92,108049.16,415353.71,339559.76,143754.65,820712.12,85569,74566.72,421769.76,304565.34,228552.42,899694.07,61061.29,106936.23,417688.45,330599.84,215908.5,1012611.5,50910.02,67682.62,416249.63,360361.28,191988.64,774111.07,47536.31,92803.83,435356.84
"FT0156",114.019667079514,532.08837890625,3993167,4693481,4838643,3504052,3276542,3627773,4106399,4616617,5161978,3527417,3296549,3702419,4093484,4503834,4475720,3606684,2861776,3812620,4017521,4461037,4719026,3558723,3221722,3827793,4100713,4724630,5075399,3607344,3302917,3772327,4005131,4591365,4451353,3660281,3066532,3872565,4061459
"FT0157",114.02333948575,386.745909545898,67103.81,79681.96,97135.29,66090.84,54192.37,54976.47,72905.11,83068.26,104229.76,65398.63,57817.97,52922.72,72855.2,67179.43,92261.29,61949.89,52413.93,47107.65,67661.16,78300.13,103495.68,68238.06,55033.96,40686.23,73481.4,78228.28,100720.42,63616.18,57713.58,57878.18,64391,75689.93,96367.91,65752.96,55681.02,52627.39,71111.59
"FT0159",114.056096363998,386.746002197266,35088559,38381068,49112409,32111218,27796913,27590004,33871221,38109198,49060737,29523826,28173814,26692982,34482124,38121744,43646070,30852223,26154036,26391524,33201496,36979315,47833791,31802294,28070431,27945286,33235639,37241348,47928206,29378308,28509120,26927313,33514155,38041551,43536969,31027866,26772148,26286805,34178872
"FT0160",114.088865904765,386.746002197266,73478.68,78374.54,98320.97,68810.95,54172.94,55271.99,66634.91,82598.92,94864.3,57248.91,54383.51,61382.25,69743.13,81365.1,98595.07,66377.18,49094.23,51935.31,68727.92,76475.19,100821.41,63506.29,59052.3,55153.82,75058.17,78056.7,103488.1,60516.32,56154.2,53469.8,63063.01,75516.65,93826.79,57170.9,56727.67,53854.23,59404.9
"FT0161",115.00368909025,534.773132324219,5726111,7863516,8597729,2924666,5193701,6838077,5708489,7427256,9012053,2667479,4938787,6898877,5508221,6943339,7455007,2552415,4040091,6927672,5348473,6940489,7967579,2602483,4714100,6772764,5354904,7349099,8623229,2346958,5008797,6771743,5372744,6836175,7568512,2580677,4369613,7139522,5580030
"FT0163",115.023092870794,533.40771484375,124593.94,147366.68,177109.43,117427.83,109207.32,107174.25,132283.32,147054.12,161960.55,112430.24,95626.03,111508.27,132264.26,134538.32,131487.85,139305.68,82754.09,113133.33,120568.83,144481.05,139180.36,110459.05,92526.33,122680.01,139135.09,154079.04,193348.38,120548.03,115858.06,107994.52,123853.42,147740.23,160545,108724.73,92020.16,118570.88,130420.93
"FT0164",115.040075826879,89.0946807861328,3722518,3147687,3783437,2447363,2978396,3280135,3809717,3658238,3038551,1896236,3662149,4276016,3650350,4273498,2834224,2276632,3613936,3799742,3500424,2980981,3676370,2475953,3035006,3309220,3455356,3727313,3127135,1737520,3661592,4253686,3714589,4323728,2836681,2270077,3614355,3921482,3556662
"FT0169",115.07648976335,164.589141845703,475734.3,470274.7,502118.5,463243.6,484167.6,439423.7,459073.3,455509.5,515981.3,485732.1,469335.2,506656.2,503209.7,504087.1,487141,492802.5,483871.8,505908,504555.2,501066.5,447612.5,486912.1,527589.1,541082.1,535370.2,528368,556983.1,518313,505820.4,534011.5,510720.1,517443.6,543685.8,508194.8,482132.6,547380.2,523454.9
"FT0170",115.920734079791,540.216491699219,1412712.8,1850150.9,1703931.5,762884.4,1989313.9,1369963.2,1175955.7,1387243.5,1578666.9,516041.9,1743167.2,1225575.2,1001185.4,1202708.2,1325574.8,552552.5,1327505.5,1170490.5,1002249.5,1172495.9,1257630.6,312636,1593271.5,1079486,1172018.7,1038810.3,1350257.3,455354.4,1435632.7,623601.9,1067214.8,931414.5,1321987.1,292733.5,1256821.7,868696.7,1066512.9
"FT0171",115.920784474707,314.078948974609,1175683.3,1419988.6,1400059.2,892790.5,1187275.9,1109389.5,1107996.5,1229338.8,1278344.4,846927.9,654588.5,1018122.2,772036.5,1302531.5,1241917.4,860458.3,1004342.7,962125.1,1019879.8,1171934.8,1226761.4,864042.9,1170110.4,948735.9,1005845.6,1201796.8,1301760.5,743626.5,953917.6,977256.5,1023870.3,1259171.5,1236599,104353.4,506222.3,950302.6,1031490.4
"FT0172",115.920759062511,382.625549316406,1019310.4,1122136.7,1173409.5,875546.8,873464.3,821426.7,873608.4,964797.4,1108163.5,819233.1,650504.2,712919.3,861175.9,999256.1,1040382,829082.2,682473.5,747630.8,869468.8,1000679.8,1078993.8,735746.6,841608.5,838565.5,381102.5,569354.3,1046074.8,782362.9,655515.5,802822.1,860979.5,1000022.4,1005889.7,814348.9,791038.9,761425.3,867494
"FT0173",115.920790576457,472.019012451172,380204.4,511114.2,435157.5,358346.5,467207.1,382110.3,355379.5,403588.3,739838.4,255645.3,426368.5,367943,253579.4,441340.8,338733.8,332171,352003.2,341289.6,319671.9,435098.7,392481.5,340659.4,468011,345960.9,340504.7,441088,365027.7,329048.5,453456.1,322587.5,385180.7,327067.5,407106.8,224727.3,370351.5,360687.3,389240.7
"FT0174",115.975642470256,988.959533691406,85451.46,65919.21,91001.85,86161.65,77475.35,77692.1,94060.69,82875.01,85777.45,85348.12,77098.66,68867.47,75102.99,74361.28,80794.99,88387.95,96027.42,73768.93,76367.35,68028.76,76941.7,77891.35,77696.3,67257.3,66939.1,74980.07,92716.77,76388.65,78270,71978.48,76617.14,77286.91,71413.75,86896.42,87931.27,79390.82,91957.26
"FT0177",116.03538036431,227.113990783691,735963.8,752237.9,648369.4,970576.3,508915.1,621047.3,739109.8,715040.4,631614.1,978979.7,474084.3,595351.5,738250.6,718941.3,577151.5,990447.6,390731.5,580302.6,727502.1,736833,638528.7,1004732.2,500153.6,596400.6,721531,747302.3,649720.6,989093.6,521600,623269.8,732841.1,738461.6,618012.1,978387.3,331876.1,596107.9,738990.1
"FT0181",116.071774579502,374.286270141602,7047209,7654300,8337616,6436285,6488413,5986921,6927153,7872447,8340994,6128539,6584387,5946557,7002844,8320829,7787509,6285255,6546919,5647140,6808243,7271708,7940287,6312149,6551168,6007218,6778770,7791551,8126291,5939939,6683086,5988431,6807922,8280155,7628967,6245815,6638959,5744948,6920703
"FT0183",116.925587467339,990.432525634766,132331.76,98775.46,125408.46,122956.85,110899.34,121971.86,123206.9,129115.43,131442.41,142624.69,126164.95,111068.34,127238.17,127981.07,134575.05,126828.31,135375.5,121383.28,126571.6,111325.74,131572.29,127459.81,126046.07,128313.55,137970.14,126923.05,143358.87,140890.11,123645.95,127014.3,134910.29,123353.49,125557.64,117388,133047.52,119531.62,125040.4
"FT0184",116.933563254199,990.396728515625,43247.61,35591.8,53203.85,46632.47,45337.62,36434.41,32019.24,44894.92,56841.07,54748.93,33240.17,49081.35,41819.62,47557.17,49286.93,46126.56,48657.67,52311.56,49821.45,48139.22,46305.75,48587.6,43317.34,49232.87,45508.91,44591.76,53744.35,55514.3,44007.51,41825.9,40160.18,47262.59,48992.34,39452.24,49015.06,35685.9,51152.89
"FT0186",116.985646072805,990.428070068359,49694.39,47973.9,52077.7,49093.06,47975.16,48122.44,47299.41,48073.38,48966.39,56521.9,50276.66,55557.6,47037.42,38168.13,50902.89,44396.94,49564.92,44617.05,49559.26,42795.96,48528.82,49567.3,53960.91,49703.6,48698.44,57411.4,58196.78,53695.07,49099.4,54749.42,50099.1,43144.52,49638.6,47526.35,51195.73,38850.58,45125.74
"FT0187",116.993650385943,990.431274414062,147752.58,123589.9,139157.9,135970.62,133620.96,130837.49,140236.96,136634.31,134651.14,132401.18,137158.51,123012.39,120521.2,127662.46,138073.1,135794.29,141348.53,120751.65,128637.67,126287.4,135573.98,129878.64,124559.56,77339.81,135564.31,126034.49,135703.09,145008,122373.17,131122.78,137926.5,117296.03,124466.13,125718.48,129807.06,125406.01,126435.43
"FT0188",117.019381852726,552.680358886719,4842958,1854754,1721268,9796377,2076344,2303599,4599095,2094647,1411580,11584242,2194055,2762729,4649713,2351577,1884669,8718700,3514985,2242773,4385600,1724070,1631023,10008817,2083539,2243402,4508604,1940374,1397709,11961021,2216726,2632040,4392797,2385496,1992488,8637455,3556452,2147390,4562829
"FT0189",117.019390384282,417.450134277344,470932.9,235407.2,336189.3,627944.4,551296.6,485499.9,424561.9,278405.7,306528.7,591008.6,497290.1,376900.5,307779.2,378754.3,317601.5,609286.5,747545.7,288186.8,315840.2,184041.8,220233,586029.3,313211.2,331533.8,317346.9,276003.6,278427,597094.4,305302.5,386714.7,287132,224439.7,240805.8,576927.6,690214.4,277293.8,288998.7
"FT0191",117.055790543646,165.938049316406,542463.1,544774.1,675628.6,423688.2,732117.9,455682.8,568155,573056.5,714834,374846.4,786737.9,469391.2,555140.4,562926.4,559250,425439.2,649956.2,485388.5,546491.9,543272,651197.7,439962.3,734302.8,475155.7,556273.4,567377.8,721764.6,387094.1,783120.8,465570.2,528473.1,557763.5,591502,416807,679761,519207.4,557154
"FT0193",117.928773434753,38.1272878646851,3246646,2964394,3029450,2659933,2626797,2631048,2608413,2583989,2625475,2881036,2699166,2855687,2866548,2928692,2660468,2731231,2558694,2659246,2649107,2578564,2716243,2459877,2753184,2744294,2706279,2650835,2888266,2733027,2732536,2642101,2735176,2676212,2627030,2717412,2610716,2758505,2922992
"FT0194",117.928748157636,441.467376708984,3088955,3003983,2696880,2877214,3116934,2498309,2823635,2376479,2665096,2741521,2933554,2446883,2649221,2590596,2621806,2763081,2419174,2251383,2561677,2734422,2500859,2674590,2878326,2271138,2654405,2337659,2572012,2534324,2779193,2450246,2624927,1401751,2535509,2750800,2210008,2190420,2536578
"FT0196",117.928764899797,364.406005859375,2881760.65,1313086.2,2349856.36,2813298.02,2607001.51,2860341.41,2669457.26,2530587.6,2731056.18,2749325.3,2544777.82,2431975.79,2678444.83,3027889.64,2089629.06,2637854.5,1771502.11,2267630.97,2639323.77,2609772.06,2403779.37,2530830.32,2374862.53,2417258.61,2459759.13,2404731.36,2595637.93,2477402.05,2176026.06,2576613.14,2504532.81,482587.59,2593269.83,79546.22,2760508.7,2792489.39,2614183.19
"FT0199",118.051035044625,476.072998046875,20366576,21636769,23325371,18114382,14818439,17401214,20825763,21145290,23744207,18516607,14867399,17043931,19957769,21920164,21424636,19287393,15202671,16861398,19891282,20484916,23602736,18696011,15740790,17877528,19508629,22222471,24564803,18488958,16308435,18211199,19856338,22368175,22130747,19066534,16083678,17312846,20466120
"FT0203",118.957665932829,990.42138671875,4967947,4587473,5084173,4767821,4684374,4603371,4773479,4822749,5214572,5048900,4788698,4638917,4841149,4683976,4833942,4823398,4898134,4527104,4632219,4331266,4898155,4618549,4509484,4407216,4704494,4654601,5264139,5008138,4666432,4663661,4721263,4584402,4706495,4666047,4884055,4603880,4719359
"FT0207",119.050289207553,410.410003662109,483228,586755,581284.6,448263.3,391346.6,373023.2,457353.4,533359.4,569109.8,395918.9,404757.8,364274.2,466469.2,588068.5,519554,439157.9,355348.6,381457.7,430361.9,552646.4,586251.5,457643.2,428898.6,411687.8,443754.5,577365.5,607347.9,419442.3,418964.6,389515.9,478839.2,607757,548845,435384,375332.5,365642.6,492027.9
"FT0209",119.947055011375,393.654571533203,394646.6,594590.6,423549.6,466836.2,381796.4,347488.2,390392.6,367010.5,439007.6,375348.9,374918.2,365463.6,360990.8,388671,392534.2,441205.2,357483.2,358551.5,369240.6,507862.9,388132.1,426249.5,357309.3,378755.5,353762.9,382579.3,408525.9,417688.7,347805.8,314160.7,327488.6,385942.9,490837.6,447142.1,322382.4,311713.8,333396.7
"FT0212",120.996579359311,1309.77856445312,1946845,1529895,1987013,3638354,1758253,2047063,2614567,3286273,2491290,3744379,1483676,1695822,1728823,2319546,1271753,1670912,1705526,2192584,2141978,1578303,1396190,1772800,1917416,1831674,1454762,1406895,1811638,1733456,1743640,1381002,1701667,1751900,1474591,1717506,1144866,1350989,1575358
"FT0213",121.040766389789,164.584686279297,1969754.9,1040774.4,1750369.2,2525354.6,1604307.2,1006401.7,2070991.3,1672231.8,2171483.5,2931377,1376791.6,1165021.5,2011884.8,1884389.1,2388963,3630665.1,2023469,863060.1,2040372.8,1019711.2,1696401.8,2433833.2,1473459.4,923228.1,1943288.9,1611578.3,2075808.7,2917527.8,1290089.2,1099147.1,1985667.6,1867131.9,2389658.2,3455617.4,1967732.4,896343.7,2030460.8
"FT0215",121.05069840012,319.698715209961,96529.28,37137.61,31297.55,218880.99,54693.79,30175.36,94075.27,39005.34,29654.26,211937.2,57443.07,28039.12,78534.25,35061.23,32647.92,199004.63,46075.23,21697.77,86693.1,27191.33,35534.25,203703.63,54054.03,26455.79,85542.96,35169.69,24396.25,219662.96,61989.05,20871.98,91388.18,35085.37,29405.57,209073.33,55787.12,31349.01,100258.32
"FT0216",122.930893981534,964.244812011719,448309.7,264322.3,354620,259282.2,404372.5,508730.7,393840.1,431423,371626.2,316659.6,410965.9,470605,493730.1,353027.3,307764.3,283047.5,745979.7,525140.5,356944.2,223952.2,367900.1,248736.1,447794.3,535987.4,380530.8,434858.5,351198,314121.2,427588.6,410714.4,409510.3,349886.4,326946.5,244008.7,692644,510551,445880.8
"FT0218",122.985327752825,529.459106445312,1602645.5,2041142.7,2460860.5,1208913,274242.6,2108034.4,1618952.6,2078873.6,2510305.3,1239379.6,291612.1,2161810.9,1619729,2035663.5,2333404.1,1300016.3,298135.6,2146087.6,1583737,1957687.9,2308365.4,1130884.1,259856.7,2112226.5,1559847.7,1975469.2,2497275.6,1304033.5,290910.8,2172405.6,1563871.8,2011097.1,2203786.7,1221862.6,290640.9,2126065.4,1629434.5
"FT0222",123.902070611044,522.772827148438,728567.2,513424.9,897481,805664,1153379.2,1289975,1020044.5,1187134.1,1087247.6,1196328.8,1337027.6,1376386.4,1031873,1182324.5,1170606.1,970186,1756827,1280886.7,1034617.2,920544.8,1026896.8,947058.8,1219774.7,1189157.2,1042754,1087862.1,1047019.6,1029499.3,1294563.9,1233965.7,1012167,1076292,926142.6,879407.6,1396897.1,1211022.7,755869.9
"FT0223",123.970225573594,487.601745605469,76667.27,78930,54993.75,18045.76,133325.99,87299.9,69187.18,35754.43,52577.9,51633.27,125038.68,88372.28,68932.83,69276.88,53685.24,33973.14,124716.39,81656.26,72951.63,60450.49,30167.11,31590.56,127301.93,89337.21,73782.02,72334.96,40900.2,48376.6,133488.85,81842.28,62509.33,69308.37,19381.96,36348.94,115688.31,84484.87,65093.73
"FT0225",124.00738395957,487.617156982422,37387948,37480642,27567265,31675699,61725459,43393470,38513292,35116586,25486874,30224471,61419448,42029504,37213085,36326340,25646350,32747632,58749421,40181896,35170500,34601049,27374523,32085445,60707626,42756889,35715985,34026261,26127569,29971918,60977728,42245811,36049435,36357309,25237351,31861978,57812377,41644641,37037014
"FT0226",124.044437221682,487.609634399414,68064.17,72286.14,39471.81,55805.84,134265.12,76150.64,74513.4,60936.76,34374.76,46380.31,126790.91,79261.49,76939.47,81364.74,43043.85,61782.4,99772.39,84094.69,64757.75,38927.36,46338.78,47480.49,132135.07,70185.83,67169.55,49824.04,24830.28,61691.93,131753,79758.24,66201.58,76130.18,35642.32,36722.6,122263.12,85700.73,73816.09
"FT0230",125.00445031973,489.112075805664,109640.63,115825.12,78359.55,77734.64,199887.74,130030.23,120037.83,120506.75,74855.96,68337.72,213777.94,125377.76,107419.23,114930.51,70204.32,91354.66,199565.56,133546.16,100067.48,107829.18,88285.69,104062.86,208547.17,137199.89,112978.95,114021.46,86754.23,79585.66,212494.17,127552.06,100472.18,122025.7,45614.64,42239.06,182086.26,128744.13,105635.64
"FT0233",125.024396879668,577.690002441406,584818.4,561524.9,477395.3,403604.5,839057.5,612328.8,532753.6,537019.3,473472.2,331909.8,842272.3,579294.3,553122.9,529009.3,425906.1,351769.2,729002.4,599851.4,514566,554046.2,469441.1,392714,845193.5,595794.8,552786.1,522141.9,442325.3,305795.4,881497.9,609957.8,512040.1,529653.1,415657,331512.7,715538.1,555289.1,500174.8
"FT0234",125.035695847881,167.236541748047,1932559.3,929635,885229.1,2914860.9,613025.3,1295124.6,1916271.2,1296398.3,438253.7,4319740,537127.6,1472281.7,1850477.3,1639936.8,1365660.2,3319877.7,1080832.5,1024862.8,1823048.4,898154.7,891776.4,2902689.1,528946.8,1235969.2,1733221,1313110.9,435224.5,4240359.9,503534.3,1448685.6,1795182.1,1606446.2,1364063.3,3128631.6,1072487.9,1011671.5,1867821
"FT0235",125.035624280869,507.232940673828,305382.7,413343.39,215001.41,90416.12,536604.86,362635.07,277953.99,350553.63,101386.2,89482.93,495652.54,337549.45,292044.44,431373.14,252291.13,55961.41,513177.24,295951.57,279795.94,379873.28,208837.53,70174.32,474956.43,344639.6,258922.67,378849.98,143761.24,46824.34,438809.47,317973.89,243778.13,398318.06,219662.8,29762.89,536687.82,272263.5,286282.13
"FT0236",125.046960514056,280.329010009766,316081.983,0,0,0,1662438.878,125389.814,293209.142,0,0,4462.13,1636473.285,111548.534,290704.239,0,1548.398,0,2073957.567,98807.776,290209.33,0,0,1288.361,1605608.331,119046.335,289646.438,0,0,4901.697,1689717.919,130148.122,297849.363,0,0,1785.372,2119779.265,95263.56,298465.368
"FT0237",125.046898298684,551.257781982422,106306.918,0,0,0,621613.19,11066.825,102696.7,0,0,0,696507.304,1633.582,97416.199,0,0,0,625960.512,4515.944,96996.353,0,0,0,627887.379,9442.081,98579.124,0,0,0,697318.076,6743.13,106309.454,0,0,0,613998.485,4537.135,100408.169
"FT0239",126.003173951332,487.617156982422,1726139,1682424,1174702,1402404,2830269,1966971,1730324,1566604,1125591,1344300,2820712,1915720,1647378,1661327,1162225,1400259,2707112,1810681,1568288,1503256,1241599,1429782,2763344,1945497,1620841,1511971,1171522,1318203,2794134,1929814,1652773,1648898,1129770,1387566,2671195,1858171,1677242
"FT0241",126.019758930331,292.949920654297,251709.6,194030.4,200259.6,373016.3,153820,290958.2,258555.4,163559.7,206263.9,367841.8,170900.1,278468,243865,191697.5,163967.4,336475.8,164981.6,271520,248177.2,196780.2,199409.5,355883.4,161945,275935.2,298340.3,187924.4,182999.1,335023.5,180119.4,294796.6,264380.2,185854.3,170612,363197.1,154911.6,286256.7,259656.6
"FT0243",127.006551605607,486.764007568359,24871.929,19330.033,15267.595,21131.851,51055.016,22485.755,23716.284,20159.839,9802.89,15351.22,51509.603,20742.996,20910.7,35361.174,17162.932,28666.036,55549.218,29445.184,17645.738,12891.324,17672.044,10055.52,54089.892,29769.846,21196.226,28417.559,10533.929,6544.617,54696.601,32663.242,8071.567,21248.779,5667.629,2600.207,55341.593,30597.776,21094.609
"FT0245",127.040145073026,439.962463378906,44914.977,18565.316,17906.961,54351.657,132724.62,27209.271,35380.936,13409.272,16538.572,39859.646,144888.585,28105.716,50930.49,10888.11,17887.805,30342.674,114403.147,32290.432,50117.78,16282.266,11894.094,48456.53,123180.346,21056.461,31748.421,15158.105,22911.354,51254.404,137673.98,36424.684,41496.826,12767.089,6122.931,39040.126,107509.336,24479.413,46209.587
"FT0248",127.996388496715,274.738571166992,250332.8,203038.9,295409.2,289590.8,135887.4,194342.6,222979.9,195394,286460.4,283761.3,147016.7,208255,225887,84596.7,262700,301979.5,144432.3,192243.2,210408.6,202095.5,279264,304698.7,134843,177602.5,191521.8,215670.9,286593.1,273967.4,155130.8,201665.6,230966.2,217925.2,267634.3,265249.6,154053.6,193678.2,243817.9
"FT0249",127.996390528583,518.945068359375,128101.93,175124.27,207572.17,169685.42,234722.61,138302.81,189169.93,183200.03,74992.24,167359.27,94005.94,181649.75,156798.59,156788.37,182466.82,179147.32,197587.52,152321.34,181964.8,185052.41,179381.52,167428.52,211597.58,181061.74,176479.09,152122.72,86440.78,96862.81,241504.75,79552.53,176228.78,159839.55,157871.13,202646.42,229758.79,146013.12,177069.1
"FT0252",128.035410312001,274.748474121094,115428404,98542378,130358885,132552767,65869660,91451472,110654749,98160282,136567746,135163222,71157237,94476034,109665139,100119296,124877251,132983170,73294357,90863448,108867355,95805494,130013234,134505094,65031234,88765825,109618684,99507046,136752335,129591213,72053481,95998243,110505286,102995561,121846514,129318591,73589423,91635517,111544942
"FT0255",128.07440370679,274.739013671875,232644.1,187642.6,276626.4,278170.2,128245.4,189648.9,226853.9,195219.1,306261.2,291594.8,139141.5,200259.2,230767.2,213181.7,245549,287963.1,140556.5,182350,226918.7,203507.1,275498.3,282680.3,135037.6,172628.2,239858.8,201378.9,294239.9,271904.1,145551.8,192735.2,244701.7,218324.8,254602.7,276518.5,149539.2,189721.8,237997.6
"FT0256",128.074388886776,518.945007324219,191354.3,100376.9,190782.5,162623.5,156358.7,161724.7,198820.6,173336.6,137903.8,169165.9,239217.5,170609.7,152337.2,159768.5,199464.6,168438,222812,160229,180852.4,176840.5,167526.9,163306.7,219911.4,150552.3,185900.6,157813.1,163572.6,113827.4,241408.3,169069.6,153200.6,160323.3,174869.2,202145.1,226404.5,155397.6,172015.9
"FT0257",128.871613075589,399.193450927734,201942.5,199221,201618.1,177125.9,176732.7,134605.4,177857,200164.2,193940.2,169218,178285.4,146009.5,180451.5,201292.5,199692.7,179780.3,106702.6,120417.5,171258.4,169479,190768.8,182006.7,149306.2,129351.2,189797.1,188574.7,193300.4,181573.6,148745,130720.8,135338.1,208238.8,192989.7,186509.8,100023.4,128336.5,155175.9
"FT0259",129.019384946648,518.949279785156,680831.9,640152.6,708494.7,612430.2,736344,576161.9,603680.2,669643.7,688098.5,588518.1,663662.2,557475.1,662005.3,588074.7,628899.5,606376,659904.6,551251.3,615344.2,613921.9,655735.9,617348.1,681585.4,534164.7,621486,618094.3,609016.8,650991.5,666998,558360.6,590476.7,619539,626864.2,618218.1,679246.8,514609.9,607277.9
"FT0265",129.055792906274,102.929756164551,568050.7,421568.8,568344.7,895708,551907.5,412117.5,579172.4,455000.1,546544.3,873606.7,562953.8,409170.6,550319.7,543112.1,479122.1,956353.3,682820.2,423795.2,565146.7,371086.7,565624.9,967868.4,545476.5,434081.4,581207.8,497236.6,577311.2,790336.2,603935.1,463407.1,556170.4,533057.1,525395.5,879515.4,663104.2,434016.9,667828
"FT0266",129.540679156051,511.25422668457,254687.9,290390.1,267315.5,214074.9,256843.1,247081.9,224275.1,290381.1,225062.5,186860.6,269283.2,241785.6,242652.9,278519.8,211685,201431.7,217598.2,242704.2,235705.6,301473.9,232305.8,183606.4,260595.7,236247.9,274181.5,278767.2,282620.8,201949.8,316720.9,242412.1,251020.5,311319.4,243747.6,232153.2,292371.4,277860.1,279059.1
"FT0271",130.042066300027,518.942077636719,102932.09,132628.99,143918.63,109898.21,158986.7,105385.28,106203.37,124318.53,131305,77029.01,143502.05,127128.43,102373.93,122622.38,122465.7,110173.72,142699.89,92494,122160.31,105311.26,123931.16,106447.97,141814.13,110807.51,123631.84,124358.21,128979.41,120127.52,153112.44,106772.66,115903.55,112221.68,131583.36,98421.09,117412.27,88705.94,153440.96
"FT0272",130.05097583054,477.413635253906,26696222,30727544,31891884,22726717,19360990,25054139,27530138,30518941,31920406,23112699,19084999,24549948,26007866,31061620,28761245,23901884,18660012,24208098,25540115,28989320,31582834,23084005,19690983,25229770,25350234,31269787,32661048,23509385,20092097,25591818,25967284,31964576,29712124,24220740,19401737,24947185,27151185
"FT0274",130.051018261032,206.067993164062,1727963,1537015,1408793,2472247,1028099,1247459,1634516,1497395,1371860,2534120,1113374,1271154,1638851,1523791,1257610,2538869,1040409,1225254,1542115,1410927,1328177,2407302,1054584,1243058,1625624,1493339,1380928,2431825,1110132,1292271,1634231,1505430,1213681,2529159,1006953,1233573,1682296
"FT0275",130.061996153107,480.096008300781,573904.7,535926.9,456782.7,515088.3,388251.4,793197.8,544136.2,527203.4,397189.9,504167.9,383923.4,807058.4,504908.3,564185.6,406281.4,488483,441346.6,761172.5,513794.7,451649.3,413543.5,512277.7,369587.7,804150.1,520142.5,494426.6,427056,445677.3,362492.3,802496.6,494370,525364.5,386019.2,483733.2,427905,723943.2,537234.4
"FT0276",130.087355352505,281.738525390625,39126917,40824631,45389320,35353345,36692508,33907224,38527433,42808987,43870319,35120125,37582789,33421068,38643348,47404446,45299821,34971950,38630516,31652617,38051427,40283914,44416756,35171633,36164685,33318061,37588654,43886237,45088866,34915669,37139608,34200188,39058221,47224299,42970386,35636277,40958973,31904774,39006528
"FT0277",130.087390364538,437.825378417969,957799.9,1045227.8,993678.5,868447.8,1027868.1,635245.1,855239.7,964399,1017617.1,1024982.2,998901.2,819129.3,1002835.7,1242385.4,1051348.5,1079788.9,663631.3,762347.6,940939,1145959.6,1149259.1,1007327.1,1051079.3,736696,937559.8,1118332.7,1095855.9,1020141.2,992764.4,817788.8,1007030.7,1295721.6,1149584,987833.5,364571.3,764417.3,988250.8
"FT0278",130.090691919633,477.414947509766,29900.13,46832.07,51144.23,42050.28,35218.53,48602.83,56448.71,57251.13,63115.75,24350.63,28927.86,23088.9,37978.27,60353.26,57462.98,35511.1,27759.48,34857.74,34902.69,55021.01,41882.22,33907.94,31345.1,42886.16,45356.16,57012.7,69157.11,33300.11,40895.85,41109.6,45094.67,58559.78,51729.25,26001.48,27612.34,46926.94,49177.71
"FT0279",130.8685354693,397.805328369141,114808.4,145408.58,126186.3,117920.89,111023.58,80089.79,112392.06,119561.35,134016.35,117101.77,112869.78,84580.14,121245.48,135672.82,125339.61,109726,87346.24,88562.64,109405.54,127560.67,132323.88,135217.41,108878.9,94230.44,98647.48,125097.74,129493.84,118599.72,90254.47,74613.6,113781.72,129532.25,141608.39,125256.74,86856.74,92634.16,103828.69
"FT0281",130.925316496005,413.222991943359,48738.48,31086.02,47443.28,24353.9,58564.67,89251.14,61231.18,52194.42,40982.16,47777.43,48964.62,77857.68,56960.64,49006.24,43378.94,30309.89,122373.7,85510.91,44234.84,33616.99,45674.51,32232.19,63245.51,82150.51,43450.5,47047.25,51976.39,23997.32,72216.41,85633.65,58189.57,46400.28,39236.48,25924.77,103338.47,79942.57,50296.19
"FT0282",131.046204668987,517.689086914062,16124780,17019423,20412859,14038606,12525406,14809916,15990950,17652497,20361075,14273168,12667383,14298881,15609874,18080708,19039402,14761259,11908673,13916585,15203032,16674369,20331866,13503417,12376681,15066669,15434987,17192074,19512119,14120966,12781663,14279415,15218292,18154841,18292334,14252680,12507460,14392044,16068756
"FT0283",131.048216443718,477.416015625,63199.17,74200.65,73830.49,45119.6,48579.21,61878.57,69657.81,67990.98,66887.91,54418.36,40105.58,59653.07,57166.3,71862.53,64809.35,51787.73,40969.94,34475.92,61686.78,63974.19,65461.42,50701,49682.95,61182.34,53968.24,55704.89,78866.28,62690.55,59971.3,65755.76,61714.4,80427.1,48376.3,36327.17,53654.51,59819.72,67073.28
"FT0287",131.082705392573,769.989624023438,1146044.8,1370975.2,1797032.1,683766,1017382.8,1071532.2,1181207.1,1324099.7,1825165.5,792928.7,1088724.6,1166739.9,1253316.8,1484273.9,1780133.1,754444,986089.3,1061496.6,1237332.7,1415298.7,1863690.2,685347.6,1101554,1142538,1257127.8,1460563.5,1901426,857643.2,1184240.1,1255041.3,1291193.3,1536089.3,1856692.9,794771.9,1073444.9,1194949.4,1342379.6
"FT0292",131.998921872173,535.45068359375,142100.996,228425.266,230677.124,23008.546,123673.002,199709.437,166566.011,208491.338,299072.457,5575.131,131653.42,152367.706,155819.893,138647.517,235366.392,14975.493,61261.261,217361.562,140514.826,202092.328,266353.09,24025.142,114753.293,144752.269,118100.922,241841.19,220314.128,23609.973,141500.479,171307.693,138387.621,206088.932,214301.69,28138.34,106199.007,232382.34,90772.111
"FT0293",132.030235681098,534.786224365234,181383021,277733449,315645753,45393387,172020545,245452193,187255038,267003758,335401589,34730540,173537900,248322247,183880093,244435399,273700666,40641743,133128473,254363160,173931074,249843884,294510175,43880274,160465160,249809251,180307015,266858411,323032484,36775238,173951652,249529909,178493821,247616286,283295579,43469038,148827823,264379673,188964154
"FT0297",132.071139548376,534.7890625,346163.7,546828.04,635688.75,79267.9,370708.79,285859.65,410885.17,525279.85,725215.34,60756.65,338822.12,547022.95,377509.66,410200.47,574391.75,82586.28,268486.81,469887.23,384594.03,540410.87,636043.81,77043.37,343699.4,553248.04,378316.68,554601.05,654182.24,70501.49,390803.06,553491.81,384532.15,545069.28,594827.44,59587.12,277789.91,590870.98,311249.85
"FT0298",132.079737326523,846.781311035156,29643.242,21680.695,25221.709,38301.477,38777.564,19910.942,40532.537,14972.057,30032.001,49794.386,48395.747,10006.317,29737.622,23797.003,26691.585,42055.177,40144.773,10616.578,26842.225,8223.821,27800.428,39420.284,39593.895,14716.465,31745.683,13999.898,21519.355,43447.38,45973.596,16634.484,39383.868,26454.048,20582.146,41368.329,45163.568,23712.426,20842.76
"FT0300",132.091624280991,281.738891601562,155758.4,163621,173007.9,110833.6,150309.9,124091.3,143041.8,161575.3,171062.4,124820.2,132785.9,132260.1,149892.2,170780.2,175739.7,136327.5,152137.1,122358.8,138191.5,148182.7,165816.9,126258.8,118967,108023,132444.8,159666.3,155525,124595.2,123288.4,125150.9,140810.3,188753.8,168847.1,127987.6,120958.9,193151.1,136570.8
"FT0301",132.867951851526,1308.46252441406,6631276,5357462,6466344,4998037,5981031,7241515,7100311,12122276,9524694,7035380,6889048,7951615,6544732,9104092,4996283,6627270,8090725,8240392,8080899,12615555,5773691,6920114,8240803,10748692,11084949,5658041,7833818,6548865,5889829,5859288,4770000,5705734,5210837,5704004,3718395,5050779,5446391
"FT0302",132.867916641777,142.973007202148,3351326,3703235,3204916,3696206,3788010,3905900,4743184,3884823,4133529,4498718,4330062,4176742,4220558,3927869,4068987,3880197,3844714,4066699,4480434,3856819,4299525,3884244,3494720,3405470,3995912,3705607,3574075,3441820,3252871,3515795,3583505,3434102,3324579,3254503,3124416,3521883,3324401
"FT0303",132.867965952343,407.633636474609,10699167,9829788,10923023,11429656,12465277,13315457,13388116,13163220,12793406,12108313,14145236,14295611,13961230,13417134,12678931,11257092,8754768,13892902,12758797,10865117,11627921,10227852,11779227,6468453,11517537,11497988,10395239,11293558,11057470,11879647,11145124,11025127,9871490,9437722,7787531,11639843,10533351
"FT0304",132.867889742441,86.6787757873535,2772182,2983644,5199751,3711527,1971521,4271595,3349550,3125521,3940664,3466585,2755257,3027556,3554019,4199338,3163972,5455048,2780986,2956980,3242179,1378163,1510236,2666421,2502622,3322676,3301694,2122974,1891858,2576235,2508760,3197156,2813195,2075469,2165988,2604711,2496545,2449894,2033292
"FT0307",132.900296060019,396.408538818359,3908446,3659977,3618206,3308940,3439234,2667055,3348823,3333498,3411191,3324929,3442973,2424720,3377523,3434155,3256486,3141212,2431641,2355374,3096218,3027531,3269454,3113300,3197057,2568017,3177995,3178525,3199932,3255012,3188639,2318265,3223482,3297310,3143449,3064733,2399022,2207201,3176453
"FT0308",132.922443547269,416.007263183594,26557.665,6778.748,19880.797,11491.048,28678.055,54779.682,28545.55,28644.308,18067.206,25916.71,32668.85,52500.153,29774.722,20033.318,29351.336,24603.417,65268.614,51671.055,29870.188,4176.05,33626.974,23246.676,27531.775,48613.703,25433.96,32734.255,24735.415,21362.866,23514.347,50357.175,30088.622,32793.872,14964.927,18582.604,67960.337,49360.03,33394.512
"FT0309",132.946405217999,410.403381347656,801003.2,654364.5,658177,589384.9,726897.9,871222.5,872021.1,809495.4,780236.2,768376.3,853603.2,852102.9,823807.1,824254,703205.6,639466.4,834446.9,1107219.4,913062.1,704155.6,697856.5,651762.6,767065.3,903079.7,850078.4,822435.2,795364.5,755132.4,832538,874062.2,883937.1,824175.2,761588.8,663701,795158.3,1078931.3,935607.6
"FT0310",132.972986299211,586.163726806641,54753.579,16535.695,7982.378,129505.315,26002.739,13723.958,41786.276,17007.825,9698.787,142161.587,6891.28,11409.144,37738.037,19337.292,12423.991,135840.127,8517.434,11398.454,44126.568,9930.865,6974.351,137893.151,21527.696,12906.02,40977.197,10655.684,13425.378,138025.236,13159.496,16490.405,51506.515,20642.309,13992.103,130261.69,6750.862,13568.306,50709.157
"FT0311",133.014261573849,586.117004394531,33043396,14044943,11979846,67865836,18908174,14710561,31381180,14219623,12579991,72091819,17226597,15656681,31625355,14329552,13073605,72681651,14393254,13509985,30433190,12914560,12162754,70351707,18635326,14822949,30775830,14657696,12112347,67840081,16861804,16400826,31434202,15511655,13618228,70839264,14115678,14479709,31634261
"FT0312",133.015635438119,245.995185852051,20283.026,0,0,83020.306,0,9653.574,22766.031,4926.381,0,96872.367,0,22691.236,17614.944,5660.207,3949.696,71598.579,0,6062.723,19024.725,0,0,73481.992,0,9816.454,21236.767,3619.722,3193.522,99756.169,0,12923.836,27502.186,3576.814,2418.526,83842.196,0,11460.591,20315.591
"FT0313",133.015719082506,348.920379638672,652807.25,98588.94,99609.15,1670654.73,0,309557.37,643168.42,223356.93,92271.98,1893288.8,0,391274.68,593664.18,221829.1,202915.92,1740974.93,0,244470.9,576158.82,111245.16,88435.52,1615460.47,0,292393.89,618584.4,189453.74,110149.01,1876210.01,0,422589.84,611279.61,222163.44,191441.18,1655477.36,0,246341.88,622679.56
"FT0316",133.050733168495,197.661598205566,88532.03,25403.22,41931.06,217659.65,29415.7,28874.51,69741.15,13029.54,32565.7,206400,20510.01,29253.05,82795.34,17164.27,26523.77,197050.2,12451.84,29864.72,76208.38,21802.78,32080.87,215703.81,27979.17,31485.87,70350.94,16925.74,25183.7,202981.41,28492.54,28898.07,78567.94,20143.58,16224.25,203415.55,14858.45,31910.13,71478.47
"FT0320",134.019065637574,350.297744750977,33374.2,1402.414,0,91340.18,0,10140.884,36302.7,7455.262,0,107646.573,0,8558.541,25747.769,2135.24,5247.4,96092.585,0,4853.996,34951.034,1231.951,0,77216.803,0,15676.852,24485.811,2537.245,2236.787,96493.982,0,18848.536,24849.006,6303.413,3514.191,86091.354,0,1835.322,33703.847
"FT0321",134.023414777203,248.023040771484,311827.47,112773.45,84358.36,432772.97,0,221262.9,307098.55,134884.25,80276.22,511376.58,0,301950.11,314401.38,206991.96,116679.57,441321.1,0,238120.45,318866.76,121596.42,72088.39,429368.63,0,254246.38,267840.71,187143.15,111621.88,533123.32,0,291503.61,332126.19,189266.03,176110.56,475434.87,0,260846.72,317688.82
"FT0324",134.047301189741,165.910934448242,8391677,7186575,8347940,10791169,9450825,6637280,8583721,6956445,8701485,11549428,9602382,6534768,8141292,6990807,7926871,12053085,8787743,6223521,8329691,6656920,8086211,11102744,9022376,6164411,7941051,7083820,8703322,11720318,9368767,6366815,8314299,7145501,8092324,11738316,8742156,6446248,8660899
"FT0326",134.061246862213,410.428680419922,108706.53,133020.41,140673.73,94644.67,95177.49,79650.64,118779.02,128386.52,133732.75,95948.2,101087.95,87119.07,107747.87,139421.9,120957.46,95425.6,82994.78,92967.21,109907.09,145810.68,126907.99,90017.9,96383.39,99167.5,103372.67,131906.77,141394.54,101097.17,89563.8,93289.49,100073.41,141232.8,127360.22,102252.89,85983.22,82973.8,108330.26
"FT0328",134.865010675797,142.973007202148,2031414,2182053,1961060,2197654,2274458,2424878,2823879,2345037,2570390,2831470,2681874,2555139,2678745,2446577,2529108,2352257,2274451,2467641,2707482,2318688,2487923,2422663,2045346,1896464,2394990,2187016,2070668,1995023,2008944,2085127,2203853,2035235,2144339,1960691,1824185,2050356,1924077
"FT0330",134.865424189009,409.016998291016,7554525,7018101,7857556,8471765,9135949,9728397,9796640,9819402,9566074,8775386,10816633,10634157,10688890,10289168,9576642,8180243,7177778,10488684,9753882,7936163,8679927,7220386,8496343,4001597,8485120,8242480,7373791,7974762,7974707,8348403,8042560,7860397,7035697,6503106,5870231,8162048,7420794
"FT0331",134.894767365655,396.409225463867,75583725,69582001,68991494,65000515,65134266,49186536,65022609,64000285,64893643,63553035,66198462,47921476,65724027,66314000,62014070,59004056,47011258,45596303,60792327,58108597,62769330,60295674,61315649,47950343,62282450,62100561,62104967,62341758,61848949,44406904,62052981,63387388,60351056,59180248,46584016,42434326,60636442
"FT0332",134.894735374079,157.82600402832,802685.4,1095926.2,968792.1,965132.1,809520.6,791994.5,908671.8,854929.3,962399.1,961720.7,792049,822255,840148.2,978049.4,1013260.4,988810.9,783414,910620.4,961975.3,1105696.4,1047273.9,1056402.4,903816.7,740129,932342.5,1059990.2,1034801.4,1035784.7,1016432.3,870415.5,1024611.6,1038132.3,1144295.2,1111444.5,421294.5,497702,318225.8
"FT0333",134.916044514789,991.913024902344,219620,191660.6,213721.9,205894.2,213104.2,194133.9,214418.8,196228.5,233197.7,215315.8,192199.5,193221.7,191426.5,206334.1,202279.1,222105.6,165422.3,180257.3,142055,203444.2,192276.5,208036.6,190579,177345.6,186534.7,190766,192398.6,210140.1,184060.5,188175.5,197136.7,172553.9,196276.8,199601,167892.7,186646.2,183596.8
"FT0334",134.925588050902,991.885864257812,276852.3,235950.9,264437.3,254841.6,259805.8,264889.4,266298,269934.7,275233,259281,255461.3,274653.8,283438.5,269106.1,261453.6,255745.3,321084,289807.3,279553.2,230698.4,250000.8,239010.7,258065.5,259076.1,272720.9,282852.3,274107.2,257872.8,242760.9,263866.5,265225.6,247528.8,247756.1,271214.7,302489.6,276747.3,272304
"FT0335",134.943454555585,410.389923095703,292976,266123.1,246472.4,210233.1,272958.2,331261.3,311782.8,287157.8,291861.6,289943.3,314662.9,318951.5,311942.8,297053.4,258954.2,247157.9,317761.3,413901.8,340917.5,247652.2,263468.5,250845.8,284026.6,330507.3,313133.7,313566.5,295029.1,291642.8,305206.3,343027.3,305411.2,323060.7,281679.4,246234.7,300659.6,400743.1,355129.4
"FT0336",134.970204893507,991.913,616829.1,675084.5,679436.2,698210.2,635555.5,614782.2,651069.5,666239.9,715381,678064,622822.5,611712.3,632445.1,650843,688057.2,689979.6,597759.7,596891.3,645838.4,669455.1,686054.3,673988.4,627914.1,578143.4,655214,646316.8,725692.8,672579.6,647542.5,619795.9,624609.6,633683.9,667992.8,665776.4,583742.9,605387.6,652872.4
"FT0337",134.989066907806,245.279998779297,66014.167,7484.358,2183.065,147084.356,0,33847.391,62223.426,17964,1682.754,193082.554,0,48497.042,62695.344,18064.498,11769.708,157266.882,0,24741.707,59967.837,4545.834,0,153217.661,0,37787.636,46767.56,19210.13,4941.648,187959.826,0,49900.234,59419.754,20903.079,14581.025,164376.675,0,18894.438,53684.165
"FT0340",135.029982763311,403.416107177734,14265169,7791625,6646032,35466898,3978174,5095075,13815848,6161612,6277055,32876291,4219046,5121406,13954656,6708402,5744760,35196119,2998364,4672245,13407751,7169837,6579065,37088105,3950818,5117988,13725909,6254540,6387583,33872516,4253755,5183541,13936311,6765098,5781506,36402089,2997603,4617404,13852010
"FT0341",135.031328827924,245.279998779297,35090552.668,7905197.237,6227640.239,76594136.808,11001.426,19682934.157,34392748.228,13376970.151,6738497.63,96597187.931,10779.882,27250791.789,33880223.416,14706148.946,12279392.38,81761312.992,5016.778,18320939.699,32185326.271,7450229.802,5975209.82,78071922.096,18153.58,19573255.424,30097271.328,13414168.424,6823684.321,93647173.897,3901.67,27238510.298,32653996.284,15124015.033,12550516.739,80740423.914,7115.509,17989014.095,33044052.812
"FT0342",135.031363466224,298.604339599609,1915152.8,415244.81,265258.87,3941462.86,32305.84,1101367.27,1945751.47,877956.34,284247.2,5329114.39,31262.96,1614911.46,1870346.15,1023568.71,752960.32,4337465.39,225416.93,1096012.88,1804197.44,490143.73,314821.25,3995714.88,45020.71,1048862.54,1786965.04,838346.38,398829.83,5309787.89,50766.1,1694898.92,1840828.38,1013183.94,751544.73,4357435.15,165586.22,997106.7,1853846.83
"FT0344",135.044642758722,165.896926879883,217816.7,183837.4,240367.5,248695.3,250780.1,196365.3,217107.2,205443,226021.2,258810.5,248461.1,185431.7,238035,187178.2,221670.3,274950.3,222707.3,376421.5,234865.1,200882.7,231285.6,261589.1,221362.7,162784.2,245616,231246.6,237066.8,296452.8,245917.8,184725.7,248295,122523,218894,255230,249647.2,378072.3,231939
"FT0346",135.066359326485,241.180671691895,473927.89,482731.49,959201.64,397894.61,391983.14,274293.09,476941.07,426279.96,336471.27,55716.13,737664.72,460102.71,473388.31,359304.77,308714.23,108541.85,735733.47,470317.26,457577.1,461078.18,923394.69,391423.17,394434.82,282861.99,452959.54,405770.39,340689.64,93563.63,706742.13,451471.32,447154.45,349415.56,314348.77,35068.21,718667.07,483042.91,449537.14
"FT0347",135.073504920043,245.279998779297,62992.277,5733.325,2149.886,148879.149,0,35756.579,61948.175,21083.473,2714.359,175820.72,0,39174.832,60995.602,26148.888,17727.92,150289.758,0,34263.019,54225.48,0,0,85727.668,0,38835.345,46720.587,18878.666,6022.043,182129.447,0,34590.97,54175.577,26573.966,20107.305,74061.399,0,27722.147,62636.056
"FT0348",135.54068991654,510.014556884766,277724.8,236684.9,250025.7,226433.4,286630.2,239311.2,208171.5,288029.5,247149.1,187490.7,325225.3,216029.7,238620.2,243176.7,234375.6,213729.4,209458.8,247579.2,207077.8,254463.1,298387.6,184527.9,259495.8,260590.6,263000.3,307832.3,283281.1,202338.4,280141.7,233166.3,236383.8,275829.8,257300,203437.8,271504.5,258127.5,297901.1
"FT0350",136.028346864645,245.280410766602,449534.51,100882.41,74594.06,1065220.52,0,272293.83,456572.6,180789.91,79105.13,1342673.26,0,386429.13,455927.39,186235.32,166306.37,1122507.29,0,244845.84,440576.28,101848.57,71815.18,1075210.56,0,273847.46,410402.56,186839.42,80485.7,1323157.82,0,372095.18,442298.75,206642.9,156491.89,1174550.05,0,251901.22,432653.1
"FT0353",136.86318726202,407.627868652344,2924116,2741118,2994144,3191700,3539671,3656249,3735452,3721996,3538166,3329946,4016567,4037427,4056140,3793624,3537708,3136446,2708921,2245100,3636116,2987284,3284983,2883482,3337404,3576965,3202106,3164502,2913817,3137315,3135157,3285186,3070859,3087865,2741785,2630610,2180672,3212358,2831474
"FT0354",136.863272841244,1309.81665039062,1592944,1440914,1797222.6,1312933.9,1610650.5,2305295.1,1773357.1,3254305.3,2863681.9,2127269.8,1992479.4,1995736.2,1886735.1,2325141.4,1333287.1,2057904.7,2224012.5,2243247.4,2130011.9,1450485.1,1495866.5,1780012.9,2237550,2047519.8,1470114.6,1589988.9,2020610.2,1851378.1,1699764.8,1617616.3,1290315.7,1567422,1361030.7,1463809.6,992505.6,1383058.6,1352046.3
"FT0356",136.877656133952,388.114013671875,79852.372,11863.699,42360.905,11834.979,72939.25,149803.521,59903.672,77824.958,58957.55,30746.233,100571.298,138745.162,66225.384,46173.642,40459.174,27793.918,399674.561,177144.843,66661.018,13584.761,51248.96,11929.575,72739.073,165758.505,45675.865,75512.024,54812.095,40087.928,110624.938,128370.546,70544.392,54853.184,35742.957,8661.987,427987.294,176387.015,76250.11
"FT0357",136.891787803759,396.40673828125,25978232,24166583,23881044,22349588,22152157,16898375,22296396,21815727,21940490,21618277,22699572,15645348,22354960,22743523,21166416,20087306,16058504,15327797,20493993,19640898,21383371,20552890,20726087,16423171,20999378,20877560,21036005,21285068,20992910,14998406,21063593,21728465,20507207,20073120,15468303,14243453,20590812
"FT0359",136.949700103735,919.357971191406,304777.76,181607.76,249107.97,210326.76,160539.59,30749.63,317012.29,231670.5,266495.99,250381.17,352709.97,662832.45,366493.35,462180.94,348883.21,289254.39,331080.32,304536.84,280632.42,306752.95,224841.32,271651.62,271128.12,383153.86,344891.48,233728.85,229268.22,259584.91,299842.65,245795.87,194380.89,242712.93,210178.53,157460.84,175785.76,347548.19,144971.34
"FT0363",137.034094696828,402.762008666992,71774.492,30969.191,29446.273,340487.681,0,4873.53,84051.614,20006.905,20465.938,307401.16,1723.795,3108.839,87559.448,12262.467,12672.171,324955.396,1778.911,5070.345,81895.923,19463.1,25845.352,336254.381,1883.44,7286.649,51134.544,27305.655,10713.212,313398.099,0,13472.821,93708.267,18180.666,14633.437,346474.936,0,8195.467,60448.392
"FT0366",137.891878487016,397.087524414062,2798976,2603256,2534753,2520366,2474632,1863584,2432537,2372739,2417082,2386461,2488639,1735299,2468954,2493637,2297129,2200874,1776035,1708886,2276771,2188928,2373317,2260130,2315316,1877412,2348848,2345241,2332948,2341577,2328568,1703059,2367560,2370623,2228486,2201930,1756776,1667604,2254143
"FT0367",138.05614552344,172.743072509766,75186.04,142480.3,75716.92,65917.43,85752.21,69678.23,63710.31,47582.66,71355.29,95441.2,95208.58,65090.98,79886.81,140378.88,73984.69,71249.29,98539.2,66289.4,78968.18,58983.24,124228.9,82528.26,102747.68,63502.44,68429.12,59103.79,80933.84,79208.73,76409.25,75339.66,84196.26,66257.95,26006.7,67562.76,93965.72,61733.99,81846.2
"FT0368",138.875490413666,389.469802856445,89791.6,27611.36,67588.45,25685.97,98313.84,160093.88,99599.3,96397.31,76906.28,58374.48,105079.17,137050.15,92858.22,64572.26,48625.28,26067.04,445986.77,190110.62,90045.67,21010.79,55356.94,15566.1,86848.94,166135.35,80795.13,85303.43,60720.3,54528.09,114217.45,153748.93,83424.22,76849.49,55803.75,25541.74,481451.41,197042.08,88910.95
"FT0369",138.890092650108,396.40673828125,675337.1,634655.7,627000.3,588921.8,572590.9,432731.1,601318,578059,565014.6,556077.7,431242.5,417404.5,594943.1,611710.7,580085.6,540070.4,432074.6,428722,543885.3,515956.7,566846.5,541451.3,551167.7,456400.6,535282.2,555439.4,546881.9,558538.6,588907.5,420623.2,554787.4,558763.2,540408.7,519097.4,410423.8,382059,581369.1
"FT0370",138.941541278,981.685974121094,16444459,11528324,15086662,12637779,16028219,18813886,16148440,15939024,15699349,14850884,16407222,17437158,15958831,14479628,14357951,12776197,27059181,19301723,15420447,10659623,14278561,12460704,15931330,17708681,15863376,15839873,16679742,15715751,16826094,18299576,16898103,15107764,14589437,12657652,28026581,20855393,17627387
"FT0373",139.975592168385,989.000183105469,1106703.5,1016808.4,1129969.3,1008274.3,1063755.9,1000493.3,1033931.7,1020215.6,1133926.8,1106691.3,1099869.8,1011229.7,1075377.8,1018487.6,1067242.2,1100045.2,1098283.9,1003360.3,1011260.6,986781.4,1054397.3,1006286,1007832.7,993296.7,1012393.9,1035099.5,1123321.6,1122983.3,1004694.2,1089093.2,1019709.8,1079075.2,1066029.8,991852.5,1130544.6,1047258.3,1044571.1
"FT0374",140.011866288862,569.502685546875,22611729,39672750,25255347,3360035,20626288,35130548,22180812,37923254,25367705,3419713,21431315,35173663,22174454,36925915,22617366,3418444,18881489,34335522,21544114,37887540,24985119,3372952,20157491,34191756,20171912,38172002,25204717,3432656,21475324,34954675,21764277,38988886,23162142,3357159,18616030,35175731,22392760
"FT0375",140.872651090623,389.498413085938,17959.426,2340.725,20760.343,2189.01,17837.087,51258.719,22685.119,12499.43,17096.289,9620.991,33770.961,40701.047,21039.319,8544.82,6416.222,6151.83,146668.37,62876.111,19046.903,2031.163,9909.777,1704.742,18266.95,56261.902,18480.012,23318.774,12040.599,2328.131,26823.556,48880.703,10077.398,18049.362,4876.541,3356.584,146130.138,66675.683,18400.81
"FT0376",140.919386191222,374.316986083984,299619.9,211801.5,260926.5,176072,296614.9,343544,295403.5,269020,265789.5,241352.5,316023.2,351066.4,288196.3,277840,250332.6,193454,487026.8,374016.5,282934.4,202518.5,243810.3,205532.7,301548.5,350238.4,300310.6,298707.4,265537.6,237741.6,310705.1,342630.3,290913.3,276023.1,241502.4,187021.3,491036.3,390729.1,292679.1
"FT0377",140.939709648682,981.697021484375,1170011.7,834574.7,1067305.7,892002,1137958.6,1312046.8,1148909.1,1134841.9,1110142.4,1043606.7,1153445,1242102.9,1114233.8,1090802.5,995285.5,915650.8,1954013.9,1375327.8,1106984.4,738968.6,983000.9,904577.1,1132526.2,1231104,1101347.2,1077019.3,1172631.3,1107515,1217188,1340922.3,1207188.1,1068743.8,1032064.4,893996.2,1979081.6,1506360.1,1251826.7
"FT0379",140.975992938124,414.613006591797,102083.88,15384.52,63029.96,37874.94,96840.35,151281.71,94707.5,79092.51,61841.51,74464.05,110247.29,148523.2,95221.28,62426.85,48895.62,36409.36,271430.9,159986.52,83981.1,31629.46,32196.96,39243.48,99486.57,145409.28,79960.91,87662.45,66195.12,78127.69,105225.42,133086.47,96376.79,66709.57,55152.28,29511.26,255717.61,157843.08,94082.67
"FT0381",140.978261029795,58.8196125030518,1692727,1299875,1589745,2053696,1521924,1257735,1406124,1503310,1851642,2008482,1780636,1145709,1561672,1811863,1609482,1923012,1111961,1486694,1672520,1867623,1259040,1094426,1757823,1798564,1963104,1852834,1119468,1221021,1277763,1810300,1191561,1315144,1084733,1546476,1900643,1330866,1902045
"FT0387",141.973710536806,990.42138671875,102759.98,76795.95,79123.64,70799.46,83156.97,81742.91,72632.99,67582.48,89788.52,84420.39,86885.15,65741.18,82396.71,77466.9,82900.72,78114.69,82047.12,73713.83,76321.12,78342.43,79937.93,76402.02,77909.97,69666.26,73358.61,84065.25,81713.78,88346.82,77343.19,83727,78593.56,72285.27,76679.75,70038.73,83470.6,68098.81,85635.98
"FT0390",142.050944363284,532.084106445312,680967.4,952558.7,1353431.7,169995.1,189406.8,861051,636059.2,886030.5,1314382.6,179892,173115.4,861842.2,624680,911127.1,1142286.6,147029,177310,830584.9,624129.2,842031.4,1211241.9,132582.5,174357.5,833176.5,591396.3,871959.6,1207794.8,137088.2,154552,822267.8,603343.3,801637.2,1078416.4,133322.9,114188.7,834195.5,605202.1
"FT0391",142.066296076451,333.629699707031,61369.58,72138.2,80466.71,51446.59,47383.65,57663.72,58371.64,84288.91,63997.59,46345.57,52351.99,54893.56,62281.27,73822.6,65173.96,49534.32,58913.05,51168.08,55131.21,63032.7,74402.1,40277.49,55947.07,50613.88,68663.48,74419.4,72404.39,45588.77,64095.62,46112.28,63795.42,78639.34,71610.93,53025.41,54915.46,65738.35,63429.88
"FT0392",142.91730596375,374.313995361328,333493.8,243385.9,311895.7,222766.5,350078.4,416141.9,335310.3,324358.4,335475.2,278623.7,364738.6,420059.3,337726.6,333009.6,287025.6,210837.7,563314.9,427947.9,338864.1,234108.6,285959.3,233364.8,344405.6,431972.8,367463.9,361071.3,323035.2,253776.7,375568.7,408833.2,340349.1,306176.4,272534.6,222283.1,573084.7,451623,357013
"FT0393",142.972981216304,414.6142578125,90851.37,18340.85,56741.64,29780.74,109891.83,157915.56,94966.96,87499.25,58630,79902.42,118111.44,149638.64,104247.07,71968.63,50374.56,28816.4,274844.79,173160.37,94113.69,15657.93,53782.28,51683.31,112216.62,138459.2,79598.25,78562.3,58393.64,73694.35,126010.07,151703.73,99720.07,72722.19,31184.53,29177.54,259038.99,172845.23,94311.41
"FT0395",143.046265368969,511.285461425781,497973.9,490010.7,443687.1,396120.6,587367.6,464528.5,498150.7,521172.1,467109,411346.6,625125.5,468960.8,480472,536270.4,502536.1,409122.4,558361,470620.1,456538,527593.1,510990.3,393383.2,578580.2,524972.7,516237.4,561317,515618.8,397436.3,597895,516726,493827.7,546876,520050.5,406319.3,571766.8,549669.9,543879.2
"FT0396",143.046318417345,301.407012939453,76764.59,44236.62,24274.64,79972.01,126968.92,93250.03,70999.37,40770.18,31238.98,76972.61,121214.94,81137.58,69222.86,41908.94,29402.14,60658.66,102994.95,85665.31,61534.2,34860.15,32415.86,70006.07,105364.32,97124.79,62535.17,52921.77,35185.06,74642.9,115931.43,84092.01,72300.07,28405.45,29415.91,80305.69,103200.25,78647.79,67922.7
"FT0397",143.046322651149,362.990051269531,61667.62,54727.39,32572.98,52388.3,107322.9,42621.64,54717,49677.86,19847.93,49931.01,110056.31,32726.18,56049.01,40473.71,19870.24,32251.14,108138.82,42739.92,65000.05,44785.83,27298.45,53129.55,115129.7,43084.47,37274.49,44780.12,23696.52,47851.93,108030.9,44242.05,57302.5,49823.06,14655.02,51253.57,100636.2,37266.23,44533.03
"FT0399",143.975890478086,540.213989257812,659470.65,988245.66,924487.16,109127.28,939250.48,685662.74,545291.04,731814.37,821714.18,53383.95,809829.98,588345.6,465093.34,639450.98,670937.54,35094.66,567835.14,592543.13,423646.37,554384.6,593559.26,77272.73,671822.02,515307.07,389305.98,494056.92,540299.05,41313.28,638423.68,407220.91,334060.65,426012.75,468078.45,54864.21,524476.02,475148.27,349499.82
"FT0400",144.012539326226,171.371002197266,114345.94,157254.07,155421.14,161403.69,77713.09,174069.38,128711.34,244054.15,159510.31,200766.39,63759.07,189167.16,148070.64,282000.48,230834.45,206811.1,180833.81,212584.92,157466.33,192973.19,213530.43,201613.88,103542.32,213046.27,176225.48,339072.31,207872.92,237651.57,113987.31,222227.14,210341.02,329381.93,292059.79,278967.91,264025.46,280157.91,217960.83
"FT0401",144.030281897794,291.584045410156,295547.9,226711,205182,388283.3,215142,294369.9,296642,218060.8,221543.6,383248.4,224159,318846.4,277798.1,208148.8,191651.4,372994.4,193260.5,300040.1,268863.2,213130.3,212001,385721.4,213803.9,321391.3,308031.1,213133.5,215178.8,377840.4,222825.5,323758.5,282780,231929.8,181139.6,396969,199855.7,326131.2,274632.6
"FT0402",144.030318592258,201.853118896484,86134.91,86683.9,136602.92,96786.94,57362.91,75676.32,95376.66,95496.31,148787.89,81151.83,109843.4,75944.98,96067.53,90319.18,104484.95,91100.99,65637.94,105088.86,97148.44,74395.43,130641.81,102352.87,60288.04,79492.09,106225.19,110683.02,151460.86,90229.99,92246.79,89623.47,95367.68,107972.78,97654.7,104748.94,61526.01,108638.15,99494.71
"FT0403",144.066893369654,513.8740234375,300750.1,231525.8,230054.4,431447.3,211829.7,190461.4,293368.3,220487.8,301631.7,428631.7,240222,182069.6,281487.3,238353.3,253003.6,418847.2,194537,195175.9,283761.7,228607.3,288366.3,422882.9,151762.7,184205.7,304643,232973.4,299128.9,451462,193856,168416.4,309842.3,272113.8,235992.3,479944.3,180552.1,161557.3,311496.9
"FT0404",144.077863628241,499.041625976562,116646.59,94262.02,81214.44,138885.03,109917.18,127556.67,120027.26,91356.16,97527.36,131745.84,122556.9,115387.85,105032.22,74910.56,81954.45,149425.81,109007.3,104663.95,113011.14,80611.36,81844.09,133504.7,107229.24,112010.9,114205.19,84388.17,94887.68,113576.37,110722.01,114020.86,116108.43,78767.18,74255.08,138188.87,100296.45,111015.96,111047.47
"FT0405",144.866471168105,407.578002929688,2045244,1680489,1807773,1540660,1941320,2054274,1892443,1839571,1785736,1846697,2006984,2053464,1939927,1914857,1751801,1565425,2028584,1983342,1802985,1513760,1860171,1614492,1946914,2087963,1825212,1864479,1824372,1862134,1942113,2001531,1935525,1903606,1828236,1657248,2010087,1905306,1848819
"FT0406",144.869737442362,413.197723388672,444215.2,235607.7,341152,260295.3,463650.2,628591.6,474179.1,445486.8,384855.7,486196.2,556563,709514.8,539465.6,438194.9,364910.5,327322.4,1021757.2,779390.1,536576.6,291941.2,434222.5,407479.4,676928.5,893368.6,663799.2,630336,525318.6,651386.2,714510.4,881202.1,675476.9,583168.7,515489.6,465441.9,1260551.7,1010270.7,787329.4
"FT0407",144.969998123824,417.42219543457,27741.629,0,6924.313,4441.772,19261.879,47328.533,20971.452,22110.007,15526.25,21131.108,33806.399,41510.085,31260.66,13382.808,12547.471,2427.344,89024.817,50813.88,18991.33,2258.356,5007.725,7245.583,19860.551,45841.289,21993.426,9425.419,15988.903,8887.204,24008.149,43318.668,20645.988,15298.384,12597.459,6529.361,88265.676,50364.709,26334.275
"FT0411",145.014293268744,563.87890625,3962054,2550243,2646797,7502153,2719502,2002796,3754820,2056344,2417017,6234651,2864735,1691884,3746881,1897325,1903054,7651346,1557544,2006979,3578785,2398944,2609973,7664729,2720532,1993625,3494423,2079456,2302426,6168395,2722443,1575442,3637307,1912509,1781513,7734081,1416873,1926995,3740213
"FT0413",145.050798170793,510.644439697266,423138.85,218718.6,224778.36,785746.81,46280.9,293340.04,344604.07,264411.3,218534.45,790118.62,91526.78,249046.65,335360.78,246989.29,198520.64,792667.5,58038.75,270900.34,373822.33,279017.62,197118.94,697871.48,83813.49,212000.91,564464.75,272388.45,242617.93,834291.86,158191.85,323427.72,385196.5,193759.76,206355.86,710963.84,53107,298795.97,378336.51
"FT0414",145.061904736273,507.260528564453,27806799.1,42425048,18418802.1,789958.6,59202508.6,36730892.7,27692613.5,38537564.5,14573843.7,940716.7,56902041.2,34386617.7,26458322.3,47478290.9,21811866.5,799602.5,63339648.5,28004152.3,25753004.7,40375175.5,19101947,818157.8,55995036.8,35735667.7,25871406.5,39496638.1,14138323.3,940544.2,53845621.2,34181430.2,25354727.4,47858219.9,21003905.8,845429,63807044.8,29042094.4,27568822.1
"FT0415",145.098386720448,815.02197265625,1618394,1090278,1460501,2040194,1890775,1222035,1648622,1170201,1498184,1991757,1939022,1268800,1687255,1285266,1529039,2170360,1825028,1144034,1631236,1088762,1523091,2134691,1956019,1265519,1668910,1305125,1694395,2122639,2030345,1341975,1786589,1479826,1631220,2166664,1906213,1318373,1778569
"FT0419",145.998692691635,518.94677734375,996473.2,991124.6,1102326.4,878965.8,1311673.9,627911.9,1016017.4,674603,924113.9,912876.6,721628.7,787405.7,908367.1,896245.3,1103485.1,937452,1114414.5,851544.1,1120056,933077.3,1131042,921647.7,766055.5,524274.2,769069.1,823123.3,925156.3,890198.4,1037439.8,597861.1,666403.2,611094.5,816213.3,1129820.5,1239241.6,791228.8,844975.2
"FT0421",146.024810157557,500.417419433594,7722535,7751136,7187871,7406453,5621788,5456603,6767351,5091713,6090855,6424730,5488463,5593362,5425043,3501108,5645126,4002456,4356012,4419605,5010140,5458032,4311693,4392968,3508410,4481757,4771118,4836765,3740481,4749121,3970574,4134024,4698760,4756113,4516402,3289296,3771464,3181518,4306678
"FT0422",146.024848307154,335.727401733398,5996866.7,3560475.5,4827088,5432160.9,3542620.5,3892931.2,4418112.7,3257844.2,3854344.9,4058421.7,4037909.1,3309533.8,5054783.7,2539203.7,5621679.9,2307872.2,2612482.5,2748766.2,3332039.3,1971438.6,2762275.4,3361987.8,2110210.4,2222058.5,4517563.1,5333591.9,3305153.7,3651799,1351440.5,1440220.2,3786736.1,3472857,4343144.2,338790.3,4671625,1969378.9,3256330.5
"FT0423",146.024836902071,385.37890625,7022995,5167777.6,6858800.2,5584897.5,4501117.1,5647876.8,5000498.4,4700537.6,6635090.8,5646030.5,5965155.8,6008764,5376806.9,2785876.1,4716270.1,2859284.5,5164377.6,2375875.7,5265674.1,4191040,2034726.5,4538153.6,2011970.6,4825499.4,4926982.9,5201512,3867508,4168092.9,1653907.9,1422477.7,3988322.2,3830940.1,4485683,227688.6,4777728.5,1694558.7,4221855.4
"FT0425",146.024844775452,436.984008789062,6688944.8,6432776.7,6009467.3,6223812.8,4517282.1,4822707.5,5434698.9,2831151.7,5264081.9,5164520.6,5065515.6,4820495.2,5133886,1948983.5,4620771.8,2518236.1,4445512.2,1983077.6,4664169.5,4638405.2,1568319.3,4245459,2350335.5,4287414,4376333.6,4126185.6,3190268.5,4307557.2,3386303.1,1084353.9,3872663.2,3695184.2,4054255.5,135625.1,3558923.2,1500217.3,3791234.5
"FT0427",146.024828829671,161.892959594727,6488883.9,4823575,4152891.6,1840248.9,3705827.7,3747733.4,4670274.4,2603939.5,4051099.3,3273055.8,2376732.9,2001013.9,4763904.9,913803,3093582.1,2477767.8,3989583.1,2360300.9,4282498.9,3047102.4,2217348.1,2190092.7,2423785.7,4585237.6,3112991.7,4376157.3,2816211.8,3470570.7,2423558.4,2329241.2,2710107.6,3918141.7,1846418,761661.4,3326096.5,1850025.7,3593057.3
"FT0428",146.04596594901,302.809310913086,30954321,31795606,27774768,40556083,17710929,23722290,30955327,30012881,26846342,39859658,17993992,23554945,30297525,31133854,24935699,40888977,17035583,23454172,29409172,30493500,27337377,40585102,17948517,23932249,29175060,30215087,27733764,39442814,18124497,24748964,29767273,31330442,24855861,40980236,16455970,23456152,29731541
"FT0429",146.045890029191,518.945007324219,572517506,523322197,563379686,528662024,654174926,472329833,558373313,520785448,581523563,540782132,675422526,480217371,545647109,529619925,564882113,541201980,623543651,443862962,549053903,499709590,562098616,509289066,632499582,471484393,541305530,526418786,553254941,545511961,675401890,484721504,539394341,524171171,519482537,528215348,645266726,457540296,559954325
"FT0431",146.065144859853,505.904205322266,1315658.335,2181361.345,866482.761,9568.944,2980813.766,1836719.412,1374511.299,1960798.013,705580.313,25431.454,2888570.505,1694007.076,1391395.819,2443059.512,1045809.572,13524.194,3286702.323,1391448.156,1261737.669,2056875.283,951179.656,23547.934,2945381.998,1763746.391,1303083.511,1977284.394,686832.693,7847.09,2730044.111,1676753.542,1251116.948,2435389.129,1081283.154,12723.96,3218053.979,1431698.668,1382534.767
"FT0432",146.082368985258,199.052825927734,135495.35,135561.82,237227.81,88873.52,57123.38,121861.32,119012.04,135350.24,228628.67,73453.42,56246.77,127162.47,117452.48,138826.87,223533.84,93490.33,55146.68,107806.15,114217.38,136478.08,236318.16,91884.82,53933.69,120465.94,117000.99,141450.95,218139.7,78993.31,52607.58,130723.65,112131.86,149373.12,210228.99,77280.04,72137.63,128316.36,127223.3
"FT0433",146.082333464147,416.02490234375,108704.73,51769.82,76121.77,114379.99,55393.89,80488.69,107404.95,89172.61,72377.17,161872.73,46579.72,78606.09,98938.03,93475,63654.57,118339.94,78810.41,80814.97,98231.3,33522.28,68856.42,116648.43,50335.81,80955.26,99072.84,81954.39,71165.89,150283.75,41730.82,84943.01,112094.35,92047.7,67477.78,110694.6,49894.86,71073.81,102913.29
"FT0434",146.093457125733,302.809722900391,33825.639,53729.388,44269.526,65137.943,22469.203,31497.769,56423.37,31545.012,39475.809,63531.473,14340.94,28537.849,45101.821,36980.226,33807.921,70891.653,8747.119,21590.229,50093.529,44498.19,36046.325,67461.494,15276.211,30929.304,34889.326,51389.615,39317.291,64968.505,14618.322,28033.733,38294.197,48029.099,37060.516,67323.816,9877.307,24497.282,45933.295
"FT0436",146.863543874356,407.578002929688,1366696,1183605,1270447,1075167,1346249,1384917,1293096,1248258,1235225,1253421,1375551,1375901,1339227,1279183,1200601,1080010,1403597,1360035,1261717,1039247,1252295,1146266,1317832,1365826,1257556,1310016,1217661,1228317,1356621,1384172,1306226,1320674,1221608,1153470,1359555,1324949,1265754
"FT0437",146.866830950312,413.208923339844,509692.2,240136.4,370594.5,329574.3,479781.9,678262.4,501753.1,447814,407260,515443.7,595122.9,759672,588592.9,466047.7,404323.1,368826.4,1040193.6,803117.9,557030.9,298326.9,482890.2,441673.1,701327.1,923144.2,699939.9,674806,564225.1,684203.6,752825.4,942283.6,737817.8,603886.7,545515.6,476840.6,1363892.6,1082117.8,820324.8
"FT0438",146.966074115357,4.60897350311279,1045185.5,1023200.7,968930.2,938741,941909.1,952020.8,924324.6,872644.7,901194.8,899487.5,858782.6,895212,911612,852038.1,889549.1,915607.6,918154.3,891729.7,853436.3,857817.7,900395.5,817353.8,863985.5,855717.3,879607.7,935508.5,901574.4,889320.8,895606.5,859185.9,848657,910757.1,889689.8,860349.3,839023.2,892059.9,875258.3
"FT0439",146.966061424981,245.265197753906,609045.7,351766.3,631467.1,370804.4,253667.2,538930.3,551379.6,849492.8,443490.1,367019.5,425939.3,633930.6,563272.1,560028.6,614095.6,328174.1,561940.7,726025.8,548449.5,323409.2,607798.3,343272.7,265865.1,523294.1,985275.2,891977.9,479618.9,335243.8,411644.1,647106.1,548963.8,544565.3,674228.7,285121.8,511878.8,725134.5,590049.1
"FT0440",146.966096329446,60.2548694610596,319244,308540,303075.8,263362.1,267161.1,277290.2,274575,265084.7,219646,321301.1,294408.7,258794.9,263282.6,235576.9,274951.2,280171.6,266245.1,239377.8,246857.5,269952.7,229570.2,267163.9,249363.6,263118.3,265336.1,248631.3,271624.9,243330.8,263631.2,238072.7,221573.5,226735.4,230404.9,132066.8,245647.5,165152.4,229397.1
"FT0441",147.03000437172,554.093994140625,5351428,2056413,2291863,9624667,5307513,1764127,4885337,1794291,2294915,9647507,5900985,1751173,5083405,1809621,2019609,9249324,5172996,1807655,4845019,1858115,2252665,10000578,5210563,1808700,5124967,1841382,2248823,9403937,5878234,1733348,4937271,1788819,2036024,9320649,5204006,1843142,5046570
"FT0444",147.045272435913,250.765548706055,1032194,1181664.7,1261659.6,842581.4,983637.5,922448.6,1023019.1,1162470.3,1242021.2,807388.3,1001757.5,905398.8,1008923.7,1236786.4,1103142.9,828957.9,942792.9,875785,934571.6,1131116.3,1197606.3,837197.5,951315.1,858086.7,921937.5,1192514.1,1264410.3,812679.3,961515.8,879010.1,981668.2,1254893,1164225.8,796942.5,937864.5,850094.3,961173.7
"FT0448",147.066391791072,274.748580932617,136413.86,77694.33,67730.96,310568.73,49176.25,71521.6,152771.52,60964.62,51456.1,286605.52,44446.58,70784.89,134066.22,72526.67,45427.4,308205.91,48380.82,47339.26,124667.93,72599.22,45866.25,300737.49,54031.02,56911.64,119192.68,75459.14,49217.18,319149.38,60977.8,66940.02,137277.23,55173.24,35881.11,314188.19,33185.96,38529.65,154329.68
"FT0450",148.007522609443,208.849670410156,68215.38,68548.05,54808.68,84079.25,22689.66,42433.02,70196.07,83540.4,60106.09,104338.29,38618.61,44412.03,76055.81,68788.56,65098.57,98638.57,34894.09,37904.49,71525.67,71452.74,69041.65,93825.64,31915.59,28079.31,63642.26,84614.29,61985.5,101880.62,31317.57,45346.36,67338.56,75397.21,59725.56,97624.69,37586,38412.35,73937.08
"FT0452",148.043898686526,326.692810058594,3734852,5002378,4918134,2042615,3878840,3515347,3766879,5106859,4887906,1972551,3790234,3336914,3640064,5300732,4699166,2064283,3675686,3307764,3592794,4826601,4929686,2188505,3821026,3637681,3612465,5254375,5005324,2020062,3774890,3573308,3724585,5693008,4933276,2105728,3680029,3441135,3771314
"FT0457",148.063013019167,429.899627685547,59881.307,64882.838,73964.137,82753.402,32099.46,29864.797,38830.879,52124.441,83723.064,66335.12,31968.005,38601.669,52020.113,47312.13,74774.196,71425.976,1586.301,12557.783,40740.168,61966.752,74973.844,76194.012,24949.458,24095.57,36112.044,46923.16,65021.838,44118.244,22130.569,28844.123,50300.267,41928.451,64344.501,75782.358,1519.547,9460.148,36614.274
"FT0458",148.860511016486,406.923461914062,194551.9,186185.2,202592.5,174186.5,207100.3,216491.2,212205.1,196840.3,204562.6,197060.4,221674.7,222418.1,223524.9,201287.8,213359.8,176696.7,227062.5,222310.2,209756.4,157063.1,199925.9,180074.1,199480.9,237398.3,200974.3,195861,198503.9,220306,203471.4,210860,210201.7,220173.1,195783.7,165601.4,210719.5,203634.1,131162.1
"FT0459",148.863744385824,413.193496704102,158588.84,92195.6,120373.01,105083.85,173220.34,226824.45,170949.45,149330.09,140285.21,158598.69,209659.76,263166.98,184958.89,162630.75,141611.66,119759.94,223829.77,274109.43,197352.3,99033.53,172593.4,144283.1,230349.79,307876.74,217814.97,211731.61,190371.42,244781.7,252377.23,305990.9,250480.19,186253.73,200348.85,166509.77,443296.12,364207.64,270258.14
"FT0461",149.000937689622,134.923004150391,1477464,931037.3,1929688.5,1116927.4,994973.3,854959.2,1406065.3,542024,1095023,738894.8,1502448,1322797.5,1422198.6,1079812.1,1387768,630898.5,2081108.7,1452293,1424145.5,952877.4,1827132.5,1063877.8,1003906.3,885185.7,1404854.5,524678.9,1130441.7,722573.6,1495291.9,1398472.8,1488250.3,1068928.5,1387636.1,639303.1,2183054.3,1462629.2,1501963.1
"FT0463",149.03433766421,351.699279785156,568223.57,164592.088,136564.502,852931.441,0,357899.959,537114.31,258083.79,158382.008,984293.454,1842.225,439114.536,555175.983,302549.79,271099.36,943785.61,0,351735.027,595827.757,194475.415,160380.268,915577.797,0,395966.267,597025.699,299062.754,188290.776,1062021.264,0,540744.105,643840.459,358794.265,319648.464,1023914.157,0,408377.892,675172.201
"FT0464",149.04691215823,187.939437866211,113167.42,115812.95,112027.66,101564.07,117016.33,109873.09,142841.05,120947.76,115131.49,106285.57,133353.37,103254.13,116061.56,118827.89,107379.32,108934.93,106661.26,115394.86,112667.84,96668.81,109343.64,106791.65,106758.31,86275.92,90805.59,95257.91,119314.36,86539.66,111169.62,100350.26,97305.69,90034.24,93073.62,96936.16,87873.74,111307.77,92131.03
"FT0467",149.06079310554,164.59245300293,455686.4,511466.6,665135.7,415865.7,352338.6,359271.1,431637.5,297513.7,531065.5,277091.7,501330.9,477008,440075.1,496337.2,483975.4,312227.2,533306.8,564214.4,447359,513718.3,610632.9,418547,364973.1,417836.9,466708.2,315138.6,509896.2,303765.3,516571.4,451626.7,426256,490842.5,474425,316323.8,501711.3,535901.3,473731.9
"FT0468",149.060791241306,95.2405548095703,1025617.5,1055212.4,1132990.9,775973.5,863494.5,1112468.3,1061147.7,718055.6,1070362.5,573559.6,1506717,994869.4,1013925.5,1023734.8,849574.8,657528.9,1448485.4,1155602.4,911235.4,1011697.2,1135034.2,796608,887006.9,1091783.1,1035831.9,580501.8,1062165.8,630016,1520794.3,1006288.6,1006349.5,1037890.5,850055.4,664500.3,1497192.9,1200728.4,773954.2
"FT0470",150.017277344541,213.04719543457,338538.5,338517.3,556779.3,322521.4,251792.8,309436.4,337484.8,317023.9,510788.9,327328.2,200106.5,242826.2,308859.6,302931.8,386608.5,300127.5,232492.9,304257.8,317792.6,351150.1,472931.9,356597.1,224841,313370.7,318902.8,358124,516479.9,289074.7,224598.2,316419.1,333592.4,320829.4,436576.8,342571,283069.2,336362.7,330337.7
"FT0471",150.03961346947,326.679992675781,135758.58,182167.28,202692.48,69702.65,145131.01,133480.19,146796.99,201823.34,200412.03,59360.36,152476.55,131352.16,130745.21,221786.01,176786.16,70783.45,131911.77,131433.44,133332.52,194076.95,195058.87,76811.94,159588.6,142660.12,141163.62,204899.2,210627.08,69856.9,148533.49,138503.1,142600.49,221027.6,196318.96,81112.33,156202.78,143085.43,156991.25
"FT0472",150.042186990274,348.918579101562,3840812.663,737054.468,651439.787,9740162.328,15292.903,1714596.181,3795598.851,1252762.102,625617.761,11208359.588,12341.091,2330147.242,3616350.447,1327930.163,1208479.714,9995596.909,3786.442,1488211.217,3433297.404,733653.347,631910.578,9377621.069,15204.611,1702660.307,3445422.338,1203576.978,654336.575,10951807.255,15096.51,2426794.972,3583887.532,1361282.727,1212459.662,9285264.868,5982.565,1498762.044,3639017.842
"FT0473",150.056102180476,171.380935668945,146481.24,85487.3,111162.83,89654.06,166476.07,127773.02,124668.02,80143.68,123297.19,130684.85,182535.19,144985.23,118885.07,114442.09,155310.13,98104.14,264148.62,85459.91,105929.01,70919.51,127770.06,80146.55,159604.88,103112.4,130578.64,92777.13,121754.1,115809.8,175526.01,152546.51,123099.43,117140.51,151010.46,96159.71,260130.61,97617.15,129844.33
"FT0474",150.88656791872,405.497329711914,446993.5,411009.6,422869.8,380969.7,427553.2,438116.6,431651.7,424402.6,401006.9,416900.7,440832.4,432913.3,417160.7,441416,393793.1,350338.3,327489.1,434056.6,423095.9,349973.5,415430.7,378628.5,397785.5,441635.1,380596.4,406673.2,404768.4,407003.8,410284.4,416197.2,420371.5,394650,381824.9,360603.6,342628.4,433480,411823
"FT0481",151.026187168116,665.246948242188,67169.939,0,2626.183,214906.46,43405.428,1898.84,70669.013,2778.228,7335.959,212289.49,12813.547,2066.728,69413.491,1404.271,6192.107,183820.356,49795.03,1659.274,64142.999,1958.815,3851.589,192093.746,21269.579,3016.835,66757.702,1409.962,1718.319,204333.866,23303.374,10403.761,80447.522,2178.812,4614.616,202276.484,52125.798,3284.853,69241.281
"FT0482",151.026244311249,326.679992675781,215366.87,75148.58,80252.83,224581.98,463764.45,107165.92,226033.45,70229.59,90286.26,240259.84,388739.95,122908.22,207580.98,66407.57,104216.54,230628.29,523119.87,99417.6,189683.99,61020.07,83795.08,220567.53,464348.76,108255.72,245879.87,73697.03,85693.89,259072.46,378624.06,124007.02,211328.62,75593.68,99909.29,231029.52,492314.5,98026.31,211515.92
"FT0483",151.039274177678,348.911756591797,64351.757,16004.679,6016.124,172369.814,0,20310.223,52833.248,13446.056,2989.934,196562.969,0,37258.125,66396.361,13805.828,17595.31,184149.067,1435.849,12506.264,54687.209,3083.719,10841.963,169361.292,0,25983.91,49145.714,17103.285,8523.359,179651.398,0,37166.546,57997.125,22284.193,16750.071,178762.169,0,26681.536,62497.648
"FT0485",151.061263558873,384.010009765625,2407670,2115078,1506989,3929148,1392351,1819493,2330250,2092811,1545179,3738822,1364894,1871517,2327828,2045196,1341111,3570623,1252256,1731299,2249123,1948547,1370664,3794428,1369177,1779339,2215932,1982208,1491163,3655234,1376503,1806790,2195345,1984289,1292472,3627801,1231063,1736261,2240272
"FT0487",152.01178644574,529.467407226562,663578.85,854004.65,991084.99,508992.06,111790.57,849754.56,668081.08,801980.02,1078034.46,516422.51,95556.26,918409.94,632244.06,836569.05,998746.23,511850.79,108821.26,896633.27,657202.33,781506.67,931196.62,468789.86,64507.44,864437.25,639209.97,826086.79,1039275.34,508746.6,107391.58,900795.2,602701.64,807613.84,902918.42,527375.31,111379.89,878848.09,667192.87
"FT0488",152.044089466521,478.756271362305,48157.499,58762.663,11628.141,13131.282,67701.158,94608.302,38160.551,64040.833,31487.531,16178.192,69755.134,91166.449,37136.718,52473.09,17377.727,17590.158,80817.981,91536.418,44771.761,46753.531,12253.782,7035.478,85933.845,83350.681,39955.221,61438.267,31764.519,20148.08,85328.873,88543.179,44862.762,35854.769,21685.121,4029.842,73613.01,89976.039,39337.542
"FT0489",152.046604457506,340.561002319336,76615.363,5124.57,0,158914.791,5772.352,23424.037,74538.749,23415.881,0,201355.408,8211.814,23466.299,63802.929,17894.944,8652.077,172150.544,37766.39,19545.414,62189.47,5518.615,0,159742.353,13313.156,28078.378,64559.358,14836.959,3528.878,207595.786,1928.455,33835.149,55566.603,18363.711,5109.293,172768.677,39882.479,11609.239,63457.343
"FT0491",152.071780227557,163.244995117188,242218.7,254411.2,226598.9,238253.8,234234,237238.9,249890.7,216525.3,225029.6,235192.6,237749.7,243124,239665.3,235300.1,239560.9,242701.2,224395.7,237491.1,231776.2,230717.1,236740,230111.7,237355.4,228456.5,219941.1,234896.3,238860.9,214094.1,210367.8,233677.6,217181.5,228843.3,236554.8,238045.2,220023.4,224916.4,244992.2
"FT0492",152.534577312863,511.274322509766,4244024,4197363,3929854,3324806,4556679,3734924,4032782,4294615,4448837,3251285,4669094,3917085,3812427,4159613,3909519,3348609,4016600,3842425,4052343,4208926,4350042,3387992,4307104,3987026,3836449,4563933,4185986,3649916,4660795,4046948,4064785,4676827,3906937,3368996,4562940,4316804,4420299
"FT0493",152.883720502316,406.227600097656,512190,451181.4,463414.6,415415.9,463654.5,496907.6,495836.5,457810.2,444953.8,458066.2,471040.6,496080.7,455871.5,381730.5,406438,402343.8,399801.7,496222.9,444226.5,379032,457483.6,405636.2,448754,474546.7,443995.7,421214.6,432362.6,444008.2,455933.7,456989.3,454689.1,431591.7,424606.3,405897.2,371314.3,495610.4,449959.4
"FT0495",152.927230184504,580.390808105469,307255.2,209539,251923.4,272799,345290.9,327450,294993.6,301255.5,294016,392055.2,376055.1,441807.7,410773.6,395159.5,390445.2,327595.5,531868.7,433039.6,528983.6,293404.4,354828.9,422632.9,422906.8,521610.8,497147.3,439577.8,412917.3,539648.8,523363.8,521263.4,499448.3,530529.3,448366.8,439077.3,684222.7,625109.9,607249.2
"FT0498",152.936137219154,991.913024902344,153627.2,126735.5,142410.5,146377,144531.1,149826.3,145427.4,150378.5,160185.7,141956.6,130630.9,144597.1,134067.9,139176.3,144065.4,148063.3,155039.8,151869.9,159726.3,134251.7,152170.2,131386.5,151193,146378.1,157261.4,149682.7,147932.3,167571.6,159662.2,147831,151735.6,148106.8,149230.7,152361.4,157838.6,151887,143158.8
"FT0499",152.995973289681,348.9267578125,1968173.2,941918.9,1240771.9,3741953.7,724812.7,1266909.7,1967002.4,1023156.5,1231763.6,4274233.2,709030.4,1302481,1850594.3,1194610.2,1530553.4,3970453.6,889615,1054371.8,1826037.7,904521.4,1264284.9,3650987.7,695977.5,1298734.2,1836048.7,1043800.2,1219967.4,4272836,686776.1,1336114.3,1873920.3,1242277.8,1503315.8,3728869.7,840604.4,1083725.3,1907296.2
"FT0500",152.995896593169,482.753143310547,4707414.95,3622844.68,5408870.02,9259628.42,124948.69,2142437.46,4613893.16,2912901.13,4900807.29,8440930.25,102882.67,1657690.34,4459060.33,2669479.58,4121140.44,8937204.88,93400.79,1660842.9,4487289.73,3457134.33,5170445.98,9212695.13,56486.61,2070976.22,4350728.58,2721986.31,4815257.43,8597937.57,121145.78,1676979.49,4432672.79,2656072.5,4175408.46,8886816.63,98723.16,1640891.2,4380071.55
"FT0501",153.030631120247,347.476898193359,194720.3,129572.2,171046.5,298115.6,152209.5,126955,190017.3,120173.9,171178.8,237232.4,143476,114467.4,164224.1,125452.8,144053.9,267382.2,118551.1,127844.7,186113.3,117928.8,165707.2,282098.5,142813.3,129083.6,156455.3,108213.8,174627.2,228989.1,124389.6,123279.5,172742.5,109780,135848.8,255025.6,108108,129598.8,175780.6
"FT0503",153.067090392905,509.95556640625,209024.9,215872.4,194886.4,153665.6,231875.5,165896.5,179105.1,238142.3,198819.4,152254,248463.9,171521.6,192275.6,202635.3,171359.7,145848.1,190422.1,199413.3,175667.3,223486.1,183414.4,137440,233127.3,223961.4,196209.6,216387.7,190194.8,159690.7,218889.8,204316.8,176024.5,202046.5,201356.4,149672.3,207643.2,214862.3,201959.6
"FT0504",153.868731953313,393.622467041016,761475.6,811395.5,804508.7,762917.3,774746.9,811217.2,778019.6,824120.4,833744.8,743907.2,845949,766332,846843.4,889330.4,843279.1,717864,781896.7,757183.2,692962.6,753150.8,788623.8,717765.5,771461.2,784158.7,728444.4,727638.2,796955.4,731240,753956.4,686485,727086.5,711753.4,733406.7,671021,694376.7,625009.4,659920.2
"FT0507",154.01224621374,538.834899902344,2143915.3,2862046.1,2944859.7,789258.5,2243537.3,2490557.3,2143893,2675333.4,2998938.6,569602.7,2199295.9,2350226.4,1966768.7,2293005.1,2444257.6,614854.1,1700717.8,2353315.4,1766259.1,2307795.9,2496134.7,606107.9,1857352,2147361.9,1794778.8,2230061.3,2555666,459490.1,1941874.4,2127874.9,1763964.7,2112475.9,2328999.5,552445.2,1714575.4,2238984.8,1790053.5
"FT0508",154.027570064276,530.747009277344,242119.5,353363,273101,164763.7,380320.4,320162.4,276041.4,300296.1,264426.2,161205.3,392605.3,335940.4,292867.5,311848.4,235566.6,155887,313214,318377.5,255317.7,320874,274092.4,169878.1,343407.9,316840.4,254431.9,290590.4,260971.2,156422.8,368786.9,326789.3,261410.8,310983.5,236721.2,164518.9,342533.9,318633.4,296028.5
"FT0509",154.048666208061,382.648010253906,124371.52,150984.26,161872.24,113289.66,98328.57,106317.57,115607.44,134982.01,150966.34,106690.49,94947.03,100588.78,99199.84,124844.74,136628.92,100988.23,90896.41,78861.02,118825.86,126113.02,145938.43,100439.6,94837.92,84314.67,119072.16,124605.83,160649.83,94387.41,105604.51,92884.97,104668.87,120141.08,148075.13,99754.68,95004.04,87779.53,114271.11
"FT0510",154.087484729299,163.244995117188,875576.9,885132.2,867158.6,837809.1,845990.8,809609.6,854387.2,801700.1,870808,855702.8,881371.8,851406.2,862605.4,873813.2,841620.6,824841.8,775328.1,868766.8,830371.6,851594.1,840369,875838.5,854695.3,824792.7,829899.2,870995.7,873808.6,850571,821820.6,836723.6,828514.6,818867.3,821189.6,818737.4,786258,825852,851139.9
"FT0511",154.880851383573,406.241271972656,154105.5,151060.6,170376,140780.6,146313.9,172963.7,169809.3,158830.9,145776.1,162105.6,149029.4,146052.1,155485.4,161693.4,142894.6,124347.1,126146,157435.1,141566.9,118595.2,149262.2,145538.9,159161.6,136105.8,145148.7,145026.3,133701.5,153890.2,145381.1,150820.9,138503.7,158543.1,133778.3,130820.4,119876.6,156383.6,147039.8
"FT0514",154.928349603456,396.412384033203,314506.4,335715.4,288458.4,269798.1,287357.4,263013.5,350598.5,333738.5,336503.6,312649.4,240218.7,252201.1,312113.4,333727.3,330315,267442.1,211905.4,282261.8,361024.6,328291.7,294949.3,298963.9,264722.6,298438.1,321065.4,334476.2,337296.3,308859.1,271595.1,269072,340571.5,330108,304113.8,279911.8,197549.4,276874,360407.8
"FT0516",155.009994841405,271.95361328125,864567.18,67102.62,59285.36,1919394.93,74686.33,30029.34,821859.5,123367.03,87355.06,2586405.38,54978.54,48902.84,818877.86,186413.42,126851.48,2988313.42,158792.85,46910.52,823797.92,48756.57,77102.74,1937233.7,59448.71,46229.93,837382.58,131859.15,89847.22,2473863.54,67729.82,56709.71,852712.66,193670.83,132806.79,2910675.15,156002.94,37945.71,863945.15
"FT0518",155.865806112538,393.612915039062,491334.2,531223.3,541806.3,484751.7,513304.6,499091.9,482109.6,499438.6,545101.1,477843,535897.2,495796.8,530915.1,557224.9,531909.1,451221.5,520914.9,477063.3,481325.9,478057.1,481978.3,449047,494052.2,485131.5,445162.8,450787.5,507723.6,452450.6,440889.8,433411.1,477110.9,457425.8,464860.2,430981.3,448696.7,418954,432631.9
"FT0521",155.975960019735,473.378692626953,45279.51,56829.2,59002.16,22623.87,66990.66,47834.6,47673.86,47352.37,44097.35,14154.66,55923.69,32675.87,29558.55,65456.99,40432.63,25606.24,48071.13,45616.36,26451.61,51606.41,46035.93,20393.94,57510.78,45222.03,49150.71,69989.71,43291.89,35608.89,56980.58,47190.02,33586.31,60818.24,54932.26,29668.57,47827.08,51043.36,44235.3
"FT0524",156.07807661257,845.426635742188,489599.2,311955.4,443146.7,592255.9,587701.6,325859.5,461978.7,334441.3,446013.7,619896.9,581379.5,294504.7,476110.7,346624.7,441396.4,593442.1,619732.7,306974.5,474101.3,262786.4,401771.6,564511.4,570684.7,318174,460887,335273.5,445892.4,619519.3,574810.6,344012.2,461878.7,345191.9,411671.5,578455.5,620705.1,328327.3,455089.4
"FT0526",156.919785955025,989.036010742188,100973.37,73454.12,105778.59,90570.77,94585.29,84309.57,102103.89,105548.45,98986.03,103559.8,91079.28,83643.1,86611.94,90568.36,88072.92,105126.65,82961.21,94156.29,93803.9,70494.28,91611.59,76516.09,89074.98,78010.44,93112.61,83359.12,94918.18,87244.4,88143.37,80645.82,95518.53,74002.43,92579.27,76298.72,107078.6,101516.03,92340.66
"FT0527",156.921172491334,365.820678710938,349949.6,387050.1,348765,259440.6,389261.7,332301.8,303198.7,322978.1,380259.5,259826.1,367819.5,294814.4,253570.1,318283.3,344354.8,231357.1,297748.1,273964.8,272308.4,356181.1,327212.7,226033.3,342723,308475.1,222651.7,310463.8,335392.7,218067.4,333511.9,273933.5,201253.8,328981.2,259973.5,182511.4,314584.7,243909.6,229223
"FT0528",156.92116936547,213.056304931641,260500.4,301596.3,262635,210813.4,255614.3,277953.2,252335.8,291487.2,407109.1,210697.3,388152.2,274607.7,234739.7,255051.1,236074.2,176428.5,225990.1,248703.5,235262.2,253791.7,240550.3,191333.2,372487.8,252369.3,206220.9,403844,236550.4,190536.1,250680.5,367823.8,169689.6,131046.6,115068.5,150503.3,202926.3,388138.9,137751.1
"FT0530",156.952100781451,983.095336914062,12765841,10748734,12433864,11152315,12939172,14137086,13062312,13057711,12809035,12424701,13279630,13743129,12961629,12436797,12386831,11543512,17932217,14354677,12882654,10479741,12325982,11510396,13261925,14030609,13312972,12949890,13606858,12976536,13697002,14332174,13673606,12702210,12684724,11694300,18628473,15783123,13915721
"FT0532",156.990722161926,482.752655029297,80511.23,68132.48,107828.51,189612.92,0,29533.84,79266.27,44509.09,86078.19,157404.26,0,25555.19,81175.36,50941.7,65775.69,177300.48,0,31153.3,79801.15,63347.69,101763.15,158839.86,0,35714.74,87322.89,52593.86,78843.07,155772.65,0,20062.56,77343.64,53125.34,72823.27,163975.85,0,31702.43,81607.47
"FT0533",157.013278371381,246.650177001953,3439509.412,1507960.64,1213884.703,3800781.557,1873.661,2757243.369,3345035.048,2109864.304,1241927.63,4248461.191,8171.572,3082571.829,3089419.985,2015348.109,1786229.782,3836634.161,0,2557077.653,3058373.151,1285615.249,1089314.215,3843673.612,0,2494330.633,2883640.597,2010495.449,1220811.748,4025422.178,1731.671,2921538.243,3083639.877,2126879.226,1859165.959,3741247.224,1591.107,2484733.241,2983701.696
"FT0534",157.025581542211,330.855102539062,405066.33,288517.44,146144.97,875318.59,81623.34,102318.13,407222.14,301734.73,155801.83,1073407.63,81345.22,98570.67,421328.03,324437.41,153553.71,845838.5,79262.27,105181.68,396170.34,261627.74,164733.1,963665.73,76756.65,90238.1,397199.53,323827.83,161254.81,1069141.17,78664.45,108332.16,381634.52,338659.03,161418.65,806952.48,79952.98,94908.58,411631.38
"FT0535",157.036802069043,420.188781738281,295691.1,197615.2,290440,235600.6,255935.1,232936.6,284752.2,268998.4,322412.1,318481.9,282470.7,250158.2,300184,292933.3,259949.5,227923.8,214691.7,196030.4,274016.2,171391.7,290548,211541.5,245740.7,209473.7,334996.5,305470.5,294129.3,301740.7,254602.9,209970.6,278182.3,297542,253397.2,222428.2,180426.7,191535.9,288035.6
"FT0536",157.077213567905,263.409912109375,65460.74,63113.5,50071.24,62191.26,40209.13,45096.2,60923.47,52792.01,60821.77,68188.34,52032.37,59394.99,57174.55,49964.79,55161.17,71688.33,48764.19,43335.94,61450.82,46345.21,54067.51,73891.66,42111.21,45819.06,56761.5,55949.15,57502.98,75535.49,45968.44,42305.47,63570.62,52853.91,51531.54,65709.82,59679.17,41647.13,53643.59
"FT0537",157.123443664004,91.541820526123,1999584,2061507,2208145,1989058,2035951,2187935,2010515,2137546,2255721,2150152,2343935,2632664,2287534,2092327,2565785,2029384,2657795,2224789,2170662,2526416,2718335,2472704,2330482,2612167,2307069,2524789,2695071,2541525,2691634,2917390,2550320,2530865,2845651,2625191,2915424,2605963,2545132
"FT0541",158.043499884437,472.010986328125,107919.36,183350.79,130774.23,73320.58,166446.89,126424.18,110206.26,168505.53,148048.37,85233.77,175900.79,117423.67,109557.16,168075.69,121217.79,97392.58,135999.23,129030.8,109828.12,179477.72,133991.52,95459.23,180713.07,125996.18,123542.67,190123.88,153297.43,108599.25,188038.22,140802.13,139953.49,173723.02,148204.45,123228.68,139053.02,145447.21,131541.9
"FT0542",158.126843765528,92.4838790893555,107823.1,153870.8,170931.9,132758.4,143777.1,195985.1,154269.6,165844.3,193719.7,169597.4,210797.6,195060.7,157732.6,148661.4,226826.3,143005.8,218696.3,180279.5,123509.5,205981.3,205365.5,194920.5,189628.3,190999.9,144823.9,218065.1,231236.2,210153.1,230547.4,224153.8,179469.4,205171.7,250233.7,226001.6,211263.3,216155.6,109653.8
"FT0543",158.851365263838,371.433074951172,32429.86,38327.14,44868.03,36662.1,65810.85,60530.2,60300.47,65704.05,63501.28,53793.68,69403.01,74140.43,61870.95,65636,67743.33,44957.17,80601.85,61306.01,61169.21,59326.98,60010.63,48410.01,64628.96,59053.34,64237.52,66481.67,55267.52,50278,63357.43,57217.23,49224.28,57603.08,53071.54,42531.19,60360.1,52165.88,44480.02
"FT0544",158.911816186965,988.967864990234,62911.26,42646.18,71973.21,54671.78,46857.31,49495.99,35667.75,48949.87,65560.33,65757.88,58715.07,53165,61162.69,59747.06,63939.69,54237.29,70592.42,49690.48,56010.65,47811.38,64458.52,60987.46,48785.4,28909.04,58266.09,51339.43,72546.54,60472.78,60413.54,54541.73,59421.63,50908.82,54036.98,54017.96,65743.61,61604.36,65098.08
"FT0546",158.950240969885,983.128173828125,893967.5,723072.1,876196,776705.1,876535.6,956786.2,910894.7,886983.8,887881.5,850537.3,900486.2,987029.6,864969.1,854987.6,861475.4,809520.7,1229689.6,1033167,900267.1,684115.6,838648.3,773817,912489.2,992543.8,885469.2,893809.9,931402.9,891462.2,938401.5,967323.9,924393.9,869403.6,854462.6,785032.5,1269987.2,1048187.1,960384.7
"FT0548",158.988846034028,963.028076171875,689797.5,649447.3,672392.6,628672.7,614386.4,737050.4,681799.6,729635,651472.7,657063.1,738401.5,776662.5,751784.5,695994.7,657274.6,645794.7,760737.6,800389.6,707492.5,665333.5,696005.8,675183.8,720639.3,754888,722306.3,774013.5,707484,695588.7,709409.6,699120,713600.7,721929.7,695971.1,621419.1,509284.9,766826.5,668699.3
"FT0551",160.007384482592,511.294189453125,273960,293801,271774.6,243300.5,322094,276514.1,274813.4,303096,305777.3,204632.7,343478.6,272405.7,238570.8,280060.3,241437.2,179553.6,314439.3,293780.1,225588.4,316737.6,276460.4,204417,333663.4,271288.9,255149.5,292526.8,276616.5,206926,286010,295583.3,263534.9,323160.9,250058.7,249480.6,347579.8,268824.8,279956.1
"FT0552",160.061566907527,530.747009277344,4430022.9,7155279,10565085.8,615447.8,823121.4,6200881.9,4604171.2,6840977,10283040.1,660624.5,756890.3,6390014.8,4433778.4,6555831.8,9386600.4,638070,727482.8,6140596.8,4298037.4,6743684.7,9997072.5,609043.6,759954.5,6359264.6,4361081.8,6735136.6,9755135.5,639461.2,716472,6233143,4176434.4,6362471,8924933.1,623827,749342.1,6161871.1,4392720.5
"FT0553",160.061682922878,228.520126342773,3644823,3559133,2463535,5680152,1821413,2550305,3538210,3234120,2478520,5617828,1815245,2702132,3481085,3508309,2246126,5653657,1720227,2471436,3390751,3090558,2362590,5851184,1821077,2616526,3363835,3215001,2414994,5538101,1822368,2728747,3363010,3523168,2275772,5814138,1755418,2557725,3357801
"FT0554",160.061638510226,136.263114929199,249074.99,235291.31,188433.78,374228.18,100048.39,193093.1,249081.36,265436.35,182373.1,354887.31,136870,185710.3,244103.54,247842,175201.01,352191.17,99380.53,166296.41,262077.27,252725.19,183439.46,363285.98,71124.92,210788.06,256021.13,286369.02,181143.62,374303.78,91817.44,208368.17,283317.06,263025.57,172421.21,392115.24,145149.3,197566.76,249269.58
"FT0555",160.842161296021,409.220306396484,347207.4,329851.4,315195,268865.9,307241.7,331871.2,283758.3,335330.2,286375.1,236933.9,269072.6,283252.1,265675,292879.5,267457.4,180631.6,202879.8,295335.8,195384.2,184180.8,235204.6,218902.9,238568.8,244153.6,196653.8,261772.8,213516.3,253004.2,278588.4,239416.9,234749.9,230354.1,200801.3,205005.3,204362,196788.9,205149
"FT0556",160.849483259239,370.063446044922,54558.41,55505.02,72229.1,55293.18,85845.52,84484.89,85988.93,89980.93,91624.22,78531.06,105741.89,100238.64,92489.44,99682.07,78620.62,83888.86,101614.25,94223.62,85408.93,80187.25,93429.08,66510.16,89426.58,86162.83,83230.01,88556.93,79474.35,66344.29,90267.87,77622.36,73988.85,80560.99,77267.28,67224.13,84950.24,85259.56,72234.96
"FT0559",161.045548740551,509.949142456055,1946091,1514891,1806662,2659840,1461247,1085263,1923494,1631028,2038689,2702911,1633235,1281474,1835847,1608753,1816816,2561482,1563241,1285608,1791083,1499531,1851875,2621526,1449596,1092153,1867419,1713797,1961765,2502877,1794547,1204865,1862601,1657191,1771080,2562777,1708807,1224867,1856434
"FT0561",161.04570327958,175.509780883789,209865.64,411402.7,402664.48,66868.93,60797.21,144752.94,217768.6,378778.31,363123.29,57289.39,82326.99,132762.57,219046.8,382973.71,353678.94,72268.59,78992.36,164754.34,191515.85,371265.91,366810.37,58433.97,71973.25,149812.43,193250.71,403491.89,382703.5,61754.1,78814.13,160062.52,207830.03,409250.49,337531.35,50885.08,59604.29,163045.55,185685.61
"FT0566",162.023176644319,435.376419067383,29187.186,0,0,0,232120.47,6758.36,33240.768,0,0,2905.472,253309.578,3164.287,16965.864,0,0,3165.582,163993.284,1422.15,29436.116,1945.156,0,0,203309.504,4863.99,26483.064,0,0,1755.952,246174.253,6911.469,24322.955,0,0,0,173151.546,5289.509,24826.807
"FT0567",162.023280949477,178.407333374023,48117.41,67142.31,62700.12,49349.02,14662.05,30888.82,50320.45,50018.38,67850.28,56700.87,14523.38,41069.54,44329.59,67640.75,63914.81,57760.21,12489.07,37061.78,43149.6,55158.44,71683.9,47510.75,10871.62,44606.86,47620.08,60962.36,67826.36,47764.62,23492.36,45472.3,49180.16,73214.21,71080.84,64254.52,22770.45,34266.59,60727.52
"FT0568",162.040971564118,407.578002929688,83957.361,140694.595,120028.329,52975.322,29420.624,80448.612,78312.96,115706.726,103585.611,52286.752,43808.025,65419.023,86339.606,124114.906,92543.775,64137.767,11058.525,80839.995,80053.541,126971.277,130124.145,65842.811,35275.526,77322.596,97274.024,119402.145,113836.536,55034.622,43183.36,71476.626,79404.917,125456.846,89698.742,64890.746,6660.712,74594.526,73574.24
"FT0570",162.842661545975,410.409576416016,4688719,3647987,4138882,3326674,4276248,4656326,4132564,3914367,3779184,3830708,4378609,4724313,4556879,4518465,4060743,3769878,5480023,5588119,4985161,3951696,4991958,4291810,5279610,5577173,4755405,4894283,4565528,4544499,4776044,4979261,4584905,4423446,4050562,3700590,4665272,4597039,4236720
"FT0573",162.953484927783,991.872741699219,189063.5,162951.3,194265.7,184526,178311.4,179908.3,183451.1,174877.3,200253.7,181195,167859.5,173196.3,176653.6,169585.9,169026.7,173610.1,152676.1,151987.3,174187.5,154802.8,164687.6,174431.5,162281.3,155754.3,167196.2,183165.1,196614.2,188953.2,158230.1,157128.7,179418.5,156181.9,172606.1,171152,146388.8,153521,153766.1
"FT0576",163.040247777164,411.800811767578,365377.5,417588.4,431446.2,318797.8,287067.1,297309.5,349687.2,406395.7,418924.8,302741.7,298668.3,302273.3,369112.7,446456.8,409949.7,295751.6,267781.9,277417.2,332207.8,381117.3,416885.4,312562.7,298573.1,308248,331839.1,414079.4,417725.5,323500.7,295348.7,287700.9,356674.4,431572.8,405802.8,314465,271992.7,291724.6,329769.6
"FT0578",163.06138898856,102.941192626953,1307771.3,1527916.1,1043087.6,938686.7,799259.3,1226222.4,1243270.2,542301.8,1263272.7,771900.8,1834122.1,1589610.7,1280496.7,1469798.1,1144915.1,632367.2,2681801.8,2635907.7,1211330.7,1476225.7,1175079.5,1068264.5,868449.3,1267900.5,1296412.5,558273,1323064,770019.1,1885813.3,2385915.4,1276485.9,1584284.7,1211170.5,687798.1,1940507.4,1866717.3,1899175.9
"FT0579",163.061382529982,163.244995117188,1471772.8,2003942.9,1301982.7,1261259.7,929964.2,1262941.5,1385115.5,572736.9,1510529.2,896408.1,1947322.9,1583130.6,1388296.2,1743060.2,1360158.8,819618.9,1488638.7,1926700.1,1330904.2,1852671,1251542.4,1241089.8,1004929.2,1312034.3,1348859.4,651574.5,1552880.6,910175.3,1999787.2,1617327.7,1349999.3,1739701,1374601.6,815177.6,1407140.5,1823274.5,1401783.5
"FT0580",163.061409882115,440.686798095703,3249861.7,768965,872925.6,2603780.3,9591405.8,1462953.6,3186777,689355.8,1029300.6,2609046.1,9419108.9,1436565,3095167.4,779810.6,789737.1,2481361.7,7425522,1391897.7,3212836.9,771506.6,893276.9,2615456.8,9091785.4,1431364.1,3071155.5,685904.2,1015056.3,2416994.5,9629462,1490775.1,3246257.7,817958,759148.9,2533629.9,7276115.4,1407233.4,3163376.7
"FT0581",163.061394678007,285.940002441406,553582.6,522528.1,732333.2,532260.6,536327,412798.3,617903.7,327351.8,477593.2,220264.4,916262.3,546856.9,521543,526138.5,530489.4,255398.8,1324353,620024,578083.2,507268.3,689877.4,462352.1,551244.1,448866.6,617169.7,281688.3,487468.1,226968.5,926076.2,553908.1,593226.1,534703.3,525179.3,171339.7,1283402.5,599626.9,578356.5
"FT0582",163.076557825729,90.3666496276855,391406.1,350060.7,426303,279672,352110,381563,329735.7,383588.6,309490.4,213865.2,387285,466273.9,335537.1,375212.2,314209.6,234870.5,400669.5,345915,393005.4,323679.3,400590.1,286788.8,328915.8,374983,395620.3,377768.1,311693.4,225503.5,367550,474135,303498.7,379707.4,330748.5,247837,350358,349096.6,399776
"FT0583",163.840539814708,409.000091552734,7437116,5766526,6451753,5629074,6831705,7658884,6724549,6554776,6271935,6469197,7398936,7860386,7417673,7100874,6279292,5687274,8679294,7675475,6789007,5264479,6599056,5999096,7506637,7995695,6885397,7041893,6671499,7007548,7439991,7641023,7218251,6935837,6434534,6028790,8550137,7760729,7073993
"FT0584",163.896715250791,375.700073242188,120575.59,69690.82,111155.59,65473.5,120892.61,153947.61,107350.73,105402.89,99714.04,83304.41,125740.19,150819.71,113301.77,115952.5,91738.35,70836.51,250908.93,150846.01,123916.92,60004.42,83222.52,59648.24,112467.69,164948.82,111220.8,114707.66,112184.56,88447.53,118945.21,137414.88,94974.5,96178.22,82559.36,55054.96,240834.41,148119.29,98416.77
"FT0586",164.000074766102,489.459197998047,119939.74,158763.51,104090.27,68964.92,371568.24,193624.26,133231.61,143343,99498.25,47843.11,344949.69,168058.39,135752.34,135743.86,72706.19,53202.66,252742.98,191209.64,113368.85,121161.31,91106.51,74490.54,325607.49,165380.1,112837.69,138875.18,103942.27,46553.43,331526.79,152418.24,112784.25,133538.43,68971.33,69805.54,242718.76,184029.37,119817.06
"FT0587",164.038892996626,439.77099609375,3810629,2714822,2942347,2745968,5975876,2464652,3751921,2455040,3125297,2674610,5593982,2371898,3465832,2531063,2548247,2484456,2589009,2203061,3541714,2535256,2746764,2508953,5337720,2309016,3355299,2462234,2989244,2299356,5453040,2411461,3648765,2699685,2471796,2375603,2432303,2174751,3565404
"FT0588",164.058009053638,224.268463134766,147176.4,120714.4,178630.6,166930.8,187028.1,124111.8,165509.2,123000.1,210774.3,168437.8,211842.6,122396,152175.2,114026.7,152745.5,163848.4,173106.2,121618.4,138270.7,121749.6,177942.3,161926.3,191510.8,110213.3,136013.8,117976.8,191505.4,157245.4,186134.8,126546.2,144981.5,109434.6,154426.4,166097.3,164382.5,112008.8,141446.9
"FT0590",164.071934775795,250.765548706055,16070035,18118734,19491140,12880437,14986097,14044496,15716213,17907010,19348333,12709986,15251066,13949668,15667595,18646786,17024221,12839452,14234145,13336501,14594230,17181164,18850439,13163548,14905058,13210061,14496103,17901460,19206317,12509693,14597011,13564301,15029416,19178852,17511786,12379786,14153075,13066205,14968770
"FT0591",164.839623699069,410.4091796875,4882806,3624302,4148941,3373843,4340099,4617859,4176036,4015208,3836093,3841609,4308573,4706286,4519732,4591258,4105394,3864076,5423200,5667955,5046241,4085842,5028260,4450498,5313062,5564551,4829817,5016353,4572175,4523014,4747495,4830718,4606035,4530047,4116187,3713823,4645099,4616056,4167815
"FT0593",165.040482748,436.984008789062,3525529.7,1971853.1,1972275.1,6670816.6,1270356.6,1500234.3,3427874,1766599.4,2030973.7,6621156.7,1329429.6,1487918.7,3259889.4,1837289.2,1733619.8,6584237.4,874781.6,1419683,3341245.2,1850264.9,2035054,6870693.4,1284107.6,1454726.9,3279059.1,1853390.7,2089320.5,6150417.4,1352717.2,1525925.7,3376240.7,1930943.7,1806629.1,6555958.1,880492.1,1403096,3279463.6
"FT0594",165.040851849797,92.7723999023438,1014635.2,1331383.7,885069.1,954209,1053043.4,990694,1597930,1179636.4,1301847.8,1181701.2,1343129.1,1373939.5,1348049.1,1459124.4,919216.2,1362641.1,1172006.4,1090212.1,1985754.9,9440966.4,9183502.3,9528238.4,9360697.6,10618956.2,1472648.3,9953043.8,9330239.9,8686861.9,10048120.7,9415741.5,2008317.7,9705737,7133109.5,7144923.3,9530632.4,9456399,1762160
"FT0596",165.837455376192,409.000091552734,7520877,5734562,6573922,5630286,7043426,7635722,6794397,6568874,6304530,6436641,7516267,7983073,7477241,7254361,6361632,5786507,8719721,7760128,6875504,5388780,6770688,6020485,7500900,7948634,7046364,7061430,6711421,6944620,7449625,7609508,7192819,7023536,6631127,6074260,8527357,7792608,7068348
"FT0597",165.894504661212,375.700378417969,123619.16,73965.08,108732.25,65004.1,124227.62,165504.93,120029.39,101278.33,103159.2,86264.03,118315.92,143166.04,120394.34,106606.12,94640.37,65680.07,254341.18,157424.84,99730.51,74066.03,92578.29,73892.29,129838.93,154430.88,131880.29,116810.52,105182.96,80095.84,131651.63,142145.05,104486.31,117065.62,92162.97,55569.89,240157.14,161642.97,109305.1
"FT0603",166.975168951174,645.463989257812,319012.4,346502.5,514552.3,227839.2,289788,242638.9,295027,300766.3,567127.8,188422.2,381084,245913,298713.4,234497.1,346347.2,246756.6,312672.8,370633.3,332418.5,326804.4,489337,278672.6,325603.9,250896.6,288785.8,327208.1,594369.1,184513.5,450101.6,265454.1,304848.5,256925.5,407923.3,237999.3,357872.2,416003.6,338592
"FT0604",166.975157387261,450.977828979492,61961.84,37763.85,63794.41,47365.72,15550.66,59726.49,68757.78,47838.29,71889.14,74940.67,37362.43,65691.92,73912.66,41600.53,58566.53,71552.25,13755.08,95427.64,62556.13,24926.73,57026.89,56219.29,15266.34,64554.21,65925.34,52463.06,72134.03,70278.57,15273.1,69512.72,75555.98,41062.02,47209.58,78216.73,31876.1,89629.85,68045.03
"FT0606",167.043750743954,504.533569335938,737242.413,1046048.754,542925.51,8166.12,1331970.64,995948.064,770774.476,863664.581,446963.587,9431.272,1271266.068,866440.08,653729.429,1022081.509,613290.259,2298.224,1305411.826,766927.653,643014.311,936747.527,513136.336,11171.616,1245778.093,839484.793,652684.911,868911.324,401865.594,14912.598,1200804.487,822318.1,597568.909,986897.484,592689.589,7329.77,1246779.189,758275.992,629584.176
"FT0607",167.071389896835,81.8705215454102,1074239.9,1283113,1324449.2,1903457.3,1355655.7,1131842,1130222.2,1124713.7,1659319.9,1150851.9,1724444.2,986292,1172227.8,593266,1471295.4,702794,734571.7,787290.2,1262267.3,1249106.2,1284919.9,2085274.3,1423927.7,1140091.1,574263.3,1147440.4,1671010.4,1136077.8,1717819.4,986543.2,774358,632734.4,1442256.7,785942.5,754569.9,811727.5,1220341.4
"FT0608",167.834240211421,409.016998291016,2109213,1558726,1728802,1486840,1877109,1999414,1795511,1724795,1646643,1711628,1970261,2142489,1926086,1919696,1690253,1502430,2349360,2046780,1812983,1427270,1795846,1632449,2162801,2199550,1915082,1940332,1800988,1872592,2080818,2164702,2005894,1914776,1788873,1637844,2410007,2223268,1939732
"FT0609",167.851651726408,371.471984863281,134473.7,131709.6,166998.4,154588.5,182082.8,213087.2,201270.2,197586.5,209735.9,215219.9,210898.4,242823.3,230269.7,212544.5,200316.3,182299.7,246382.7,226783.6,212486,172743,184398.4,162204.8,197661.7,208638.2,209194.6,199277.5,183788.9,180946.9,202405.2,186541.8,189154.5,180149,193419.6,163507.4,212591.2,199353.7,194402.8
"FT0610",167.960894401432,964.25740625,346105.6,261185.4,324723.1,280914.4,353714.8,337743.6,323822.8,346782,248650.9,323138.6,274990.5,352844.1,340690.8,340310.7,275842.7,243756.3,382582.1,343888.4,204578.5,243137.9,255226.6,269319.4,351949.4,336875.8,318834.2,264741.6,310379.6,307482.6,308492.7,449615.6,305243,266012,307746.7,256501,429040.8,281491.9,347977.2
"FT0611",167.997259495268,551.335388183594,1130766.2,2253933.6,1385551,795187.8,681149.3,928142.5,1097194.6,2160172,1459937.6,710273.6,720038.7,958221.8,1119334.5,2090747.4,1242738.4,763569.7,624227.7,922755.6,998340.9,2037248.2,1314150.6,823919,649964.5,892549,1037642.7,1994722,1342058.6,723577.6,711710,896741.6,1037086.8,2085064.7,1223020.5,782639.9,635791.8,880472.6,1103243.4
"FT0614",168.066719809144,172.751541137695,229340.1,109840.2,206226.6,118034.1,296119.9,200357.6,212344.5,130322,182982.9,178512.3,324831.7,196767.3,208997.5,159282.4,245463.1,147540.5,502668.9,147658.8,203229.7,113585.8,188517.9,124461.7,295943.9,182733.9,195125,134946.8,197632.1,182358.9,313787,209750,202689.9,167088,249165.3,150865.6,502743.5,144008.7,210993.8
"FT0615",168.832194156581,410.4091796875,774692.7,612911.6,648952.1,554749.6,715491.9,736105,681655.5,663417,627175.5,619691.5,720665.4,825932.1,756348.6,765160.4,688625.8,607471,903720,917535.9,799196.2,662573.5,808633.6,717150.9,889303.3,895460.6,784482.2,797357.5,739194.3,732414.2,792948.3,827849.7,755273.2,738180.9,681955.1,562555,768085.9,778866,687883
"FT0616",168.850051062636,411.841735839844,103552.14,76674.09,85355.61,58328.8,104611.64,126924.15,101318.12,92405.63,88680.13,74020.24,95964.44,130940.67,83285.23,94034.97,85781.54,53748.29,110420.06,126873.2,82435.03,61626.44,89559.86,56763.74,90232.73,102427.54,79086.33,91992.62,73958.97,65329.67,81106.11,94625.34,81750.77,80092.25,68943.3,48044.13,98555.19,90527.84,61775.97
"FT0617",168.98133933383,625.781555175781,12941302,4997063,2899215,28931720,2694521,2381717,14332000,4928525,3171390,30603740,2840953,2445589,13687836,5171430,2894307,30151642,2874055,2642358,13752191,4981396,3091161,30337374,2881088,2576990,13596338,5243001,3267626,29816369,2917008,2795800,13750279,5223127,2973942,30853713,2966712,2645374,14981207
"FT0618",168.990786848596,593.318969726562,833706.6,158061.9,137598.7,2414546.6,172741.9,164548.9,838900.1,100591,137600.2,2448982.2,190652.9,177890.9,824917.4,134480.9,146364.4,2280413.9,167060.6,136774.5,850844.9,137107.6,136810.6,2484605.9,155628.4,168018.9,851791.9,119368.7,119130.1,2361645.2,190231.8,182635.4,846778.4,160872.8,141247.8,2286545.8,148541,141506.8,915797.8
"FT0619",168.99951490021,174.127105712891,159158.44,127394.98,99704.07,109481.21,117543.3,129714.64,167118.04,106557.45,131558.86,123445.31,121394.06,94256.19,129872.45,117915.56,91383.57,103677.55,102319.82,98992.33,133790.69,433915.01,403950.76,374877.55,390189.48,477779.73,102153.23,472172.58,422508.84,391757.86,415673.39,418902.67,146698.29,432466.35,405740.75,421536.68,432487.16,400780.64,123196.78
"FT0620",169.031408504945,518.947814941406,203324.4,204298.2,183662.8,213460.9,214641.5,189675.5,196365.8,176195.8,185261.7,203928.8,233502.6,180110.8,166790.1,173943.3,180976.7,190570,220450.6,160423.8,184423.1,181885.1,198900,208291.4,213338.4,164194.7,186999.1,174170.4,177231.3,197336.5,197285,174102.9,178920.6,160989.5,160934.9,206049.9,227739,155726.2,198270.3
"FT0622",169.098352787308,407.650634765625,2964551,2779892,2911870,2467452,2722892,2874164,2857228,2880664,2754987,2660845,2817383,2893301,2707455,2936779,2824079,2450673,2769335,2900063,2705547,2607834,2967655,2610855,2712546,2893163,2670997,2958873,2828593,2756293,2713394,2813680,2792804,3045856,2853776,1133359,2689254,2845429,2760970
"FT0623",169.834209901115,397.804992675781,537865.8,1024388.9,687652.4,1189401.9,727869.3,787721.2,720146.6,791639.6,779627.6,814607.2,849104.7,846245.7,829005.9,932817.1,846125.9,680216.6,871558.1,805073.9,745983.5,709407.8,701935.4,719180.7,704153,737964.3,699595.2,678685.3,748411.4,676957.6,688405.8,684854.8,710128,674043.7,610125.4,562991.9,660150,598793.3,589984.1
"FT0624",169.849722694953,371.471984863281,212171.7,197531.2,238569,216610.5,277136.8,289778.5,299565.2,288600.3,299286.3,292645.7,311515.9,335943.5,345077.4,309204.6,282681.4,251325,341855.2,319362.1,294997.9,253756.1,271444.6,252709.5,268216.4,301463.1,321525.7,297627.4,288659,257651.8,275473.6,289811.7,271039,246125.4,265064,234369.2,331731,278998.9,270650.4
"FT0628",170.043517012112,473.451766967773,268584.2,355181.5,299772.5,180756.1,368136.3,299893.5,282575.7,352488.9,298244.9,184201.2,340146.5,294620.3,257170.1,328547.4,286930.9,192644.4,282835.4,312484.4,229106.5,305250.4,270863.7,159544.5,387132.1,297926.2,244760.5,342574.5,291284.4,177180.7,330964.9,306869.5,240956.4,337843.5,256852,211264.8,311583.3,311679.9,243101.9
"FT0629",170.045724618747,513.890197753906,252033.7,190693.4,215437.4,356817,173440.8,137940.3,230807.5,192538.4,245045.3,355977.2,180500.7,175248.8,247252.5,202875.7,222527.7,384718.4,120942.3,141406.6,221033.2,175060.4,216161.2,349403.3,169170.1,145981.7,235733.5,191684.7,226011.7,363333.7,147138.3,128396.4,236008.7,205699.3,160743.7,386285.4,144767.8,172575.1,272477.6
"FT0631",170.833187391324,409.069213867188,380542.8,313533.7,344124,261965.3,322478.1,202210.5,278160.9,312600.3,260654.8,222889.5,275653.1,323093.3,246741.6,269346.5,215371.2,210779.4,261803.1,285221.5,224992,231171.8,285191.7,181177,136844,287430.7,257945.9,249444.3,225419.1,234516.6,250073.8,137248.3,223118.5,286054.2,257079.2,209320,240211.8,289193.4,276248.1
"FT0632",170.847170194697,411.850189208984,122481.39,84078.49,104748.37,69943.83,120615.72,127151,110536.82,112722.34,100382.06,75205.03,122866.15,124023.47,99984.45,116076.96,99377.97,60173.33,134661.85,128915.44,93208.38,62960.04,102336.04,65038.42,100066.55,123005.86,75995.12,94148.46,84743.9,54439.91,93097.98,104957.27,87310.48,99318.6,71740.52,41028.88,108881,97930.5,83562.76
"FT0633",170.946125752401,481.435302734375,167070.09,94396.56,183464.85,299333.9,0,73692,139370.88,111891.16,134230.02,285025.18,0,55928.79,122591.82,93426.38,154645.04,286509.07,0,57996.56,160506.06,134661.57,179473.79,82436.09,0,74344.29,166830.91,101464.97,185970.43,299506.49,0,55858.89,122245.94,72245.62,118544.62,309437.25,0,32750.78,171774.03
"FT0634",170.977128889071,625.773986816406,542949.69,209778.99,101477.07,1254301.09,102778.32,92176.32,583451.64,200816.12,118786.99,1300884.01,109602.68,98211.37,559701.3,207138.5,115995.42,1251949.33,113794.06,96671.29,577120.22,200570.69,126998.63,1304762.84,116781.91,101411.32,587124.04,216833.99,138563.23,1271208.26,112995.24,104754.3,556370.47,206142.71,115284.45,1356896.81,127225.5,107398.09,612888.06
"FT0635",170.985433399792,624.486022949219,143634.819,26740.906,26054.208,258877.502,24302.365,19323.723,154912.513,34341.449,12474.46,350219.754,13939.672,19278.423,134233.297,41917.53,7880.003,350094.693,28215.502,24720.297,151923.552,60986.831,26894.373,352692.696,20756.409,21265.774,159951.909,44567.308,31813.093,324718.09,23068.886,21210.04,141555.572,50124.641,18788.947,341398.969,20108.217,30880.979,160434.512
"FT0636",171.006491304192,544.34288671875,31166272,16815911,16104691,50924131,4838242,14128343,31246141,16440939,14503869,52099748,4819945,14767552,29197267,17470989,18392436,46733716,7152530,12942730,27363166,14669339,14333897,48131522,4284290,13492590,26976638,13695762,12749318,50657455,2978276,9087273,25981694,16288837,16078118,46053153,6849435,10999870,26227938
"FT0637",171.006470607849,481.554641723633,102671436.9,81371307.9,118840364.5,196307469.9,1875789.7,47540101.7,103948823.3,64597322.1,105219454,185584138.4,536673.6,36991681.4,96950239.9,60418859.8,91068088.2,193575097,1891215.6,30368254,95905245.4,74411832.5,115952814.1,195721962.6,202429.6,46562936.7,94161546.5,61168664.8,105593184,184723780.4,1440837.3,37979176.6,96639134.6,59497297.6,89402028.8,189679032,1033965.7,37894861.5,98651455.3
"FT0638",171.020054551621,973.444152832031,1936776.5,2863994.3,2178730.1,3064134.5,2193105.5,1996931.5,2691143.3,2214848.1,2554536.5,4000998.7,1767654.3,1973317.7,2032767.2,2058573.2,3229375.2,887835.8,1735747.6,1933896.1,3005846.7,3314805.8,3074718.2,2245778.1,1907586.9,1807587.3,2669370,1996475.3,2483516.9,3606441.6,1897839.9,1694302,2887026.5,1561550,3275254.9,2365389.1,1352385.4,1472624.8,2775987.3
"FT0639",171.020026655751,503.159759521484,3167476,3922139,3526538,4968489,2968271,3086594,3453084,3309008,3832462,4999791,2297763,3275273,3541721,2773336,5894131,3146783,3329678,3270327,5863136,3066901,3546627,4477575,2001251,3107885,5215825,3032250,3539884,4500433,2494603,2413389,3759697,2843273,3098867,4464169,3214753,2906883,2928549
"FT0641",171.02018812802,1187.45727539062,2629794.8,2465084.6,344442.7,2681850.1,2527861.4,2638642.3,3173924.1,3128735.7,1792469.4,1939208.2,2504842.1,2257162.7,1848190.4,1535174.3,3588580.4,2873709.3,1539040,2370848.7,1542045.5,2759551.4,2875162.1,1055790.7,2260661,2390082.3,3255039.6,2363962.4,1860059,1640765.1,1914734.3,421131.3,2834653.8,556357.8,2475869.2,752994.4,273060.5,158953.6,3431822
"FT0647",171.041180131513,558.276977539062,193564.1,244562.4,218025.1,165818.2,189639.4,189074.8,192389.3,223144.1,223271.8,148841,188688,187415.3,177410.4,223887.7,180427.8,157579.5,156502.7,189661.5,183032.8,226040.2,220114.6,171065.9,175875.6,173048.6,167654.9,220015.2,208004.8,147553.6,197854.3,184669.5,170136.8,237137.6,175056.2,148762,155368.7,189790.3,188163.9
"FT0648",171.06639896323,165.882919311523,500635.5,440649.4,445312.7,435917.1,425859,393832,415856.3,428816.2,436104.7,413003.1,435890.6,477705.2,468438.2,412216.4,405354,412737.4,401333.3,491972.3,406942.8,404223.6,422778.2,400275.8,496417,410911,410642.5,459847,420253.3,440981.2,415560.4,430475.8,409998.1,434136.5,385076,416141.4,371555.9,422678.5,410740.1
"FT0649",171.077600126452,407.613983154297,191156.62,217796.75,240800.58,183388.35,139028.23,144026,211995.23,183059.85,212506.09,147574.2,169145.31,153581.8,165844.47,196644.76,166844.29,160755.43,129451.02,148256.73,162789.23,189587.16,209806.52,188198.55,142938.6,133369.12,169619.36,189768.08,198123.27,148087.82,175212.1,133861.61,164844.12,189548.93,185080.15,186724.89,96148.88,135359.76,175794.81
"FT0650",171.139152756564,90.3173990356445,873839.3,848456.5,875983.7,934219.2,880486.5,855008.8,943994.6,826425.6,897177.6,957801.7,1026445.3,915556.3,948837.8,833792.4,959307.7,894349.3,1021324.2,969896.9,984059.9,863635.9,917232,991993.9,923256.5,941302.3,884920.9,921644.2,985617.1,998258.7,1076625.9,990312.3,908519.1,948840.9,982016.9,931267.8,1021402.2,993389.5,995130.1
"FT0651",171.831666927527,397.804992675781,294758.5,556150.8,386703.8,641128.9,410466.6,448163.7,418795.1,437933.8,423465,411458.2,458751.3,473414.2,449044.7,508198.3,463073.1,414562.5,479372.7,449418.4,411634.7,672579.7,442660.9,382345.1,410392.6,426064.7,359227,399702.9,400643.4,360337.3,360293.9,357718.7,398501.5,368140.8,371706.6,598838.4,392111.6,328763,330153
"FT0652",171.847856560596,371.471984863281,55288.7,58747.31,73734.32,67196.69,84232.05,97029.94,78267.47,89336.93,92326.61,89702.92,102201.52,99151.17,93358.52,88053.7,84670.14,76428.94,107730.01,102330.65,89281.16,69429.18,81006.22,66312.39,69047.53,92609.61,95490.69,90126.03,76053.14,81364.22,93396.15,81559.19,80003.71,69235.97,75112.12,68989.97,97159.91,89191.75,75342.36
"FT0653",172.009946717579,542.974090576172,1169278.2,747772.5,730327.4,1754639.4,299501.2,638356.9,1164138.5,722952.7,673198.2,1731999.6,303371.9,795406.1,1290521.9,897737.5,841989.3,1574865,346038.9,610658.4,1041642.3,659801.5,583230.7,1621240.7,274403.7,611492.3,1058753.7,619788.5,616153.4,1670744.6,248879.9,566796.9,954347,659826,661748.2,1524612.1,312886.1,482371.4,967292.9
"FT0655",172.014746580127,386.746002197266,136785.4,147301.71,155271.37,114043.99,123725.04,119509.57,118425.12,126516.57,163692.33,115240.18,114367.31,107031.82,118716.37,127545.49,145699.43,93717.98,93835.03,54926.09,121370.93,140632.88,144761.44,124681.66,116482.98,116839.11,48127.95,125829.77,146345.41,110732.93,116615.07,104628.48,132484.78,124890.48,148203.74,112703.53,88424.14,105973.34,131479.15
"FT0656",172.024044608823,350.314,978033.9,230574.8,197782.8,1483909.9,0,495055.4,918924.5,351589.5,213926.1,1475839.4,0,735973.8,862071.9,403668.4,343323.6,1458025.7,0,380053.8,846129.7,239813.1,235215.2,1453344.2,0,638631.8,857449.6,531475.3,211175.4,1434988.9,0,739623.3,867253,345620.2,517556.3,1328278.3,0,580708.3,877170.3
"FT0660",172.917396475746,991.913024902344,442854.1,449809,479993.1,491968.7,455757.5,470210.6,470173.3,509246.8,554643.1,557155.6,525960.9,534637.9,539804.9,548902.3,571857.4,601305.7,505581.7,528743.2,613512.8,647493,633703.3,685971.1,675668.1,623144.8,699848.9,691932.1,761271.2,750396.8,677810.1,701270.8,709838.2,703144.7,744763.3,763914,694880.9,747574,872770.6
"FT0663",173.009195327381,652.497985839844,1139613.7,362908.9,300640.1,2880417.1,477800.6,382595.2,1098494.3,291505.9,295503,2569057.1,499437,357917.9,1047837,278892.4,280296.4,2639900.7,381725.8,350324.3,988463.3,294943,272333.3,3218788.4,447118.8,388804.7,1031796.7,287137.9,271773.9,2587963.7,491837.6,365987.4,1078467.4,303922.3,281776.1,2519317.3,409723.6,388932.3,1098811.2
"FT0665",173.010649435659,544.343017578125,378381.86,190876.32,193633.31,587317.9,48865.79,154508.83,354241.23,202895.34,170585.18,612389.98,59240.2,190641.29,355806.95,231288.23,237506.45,559085.62,105433.48,149901.51,326702.79,182276.63,180468.5,568625.96,33317.31,160459.94,304727.08,180597.21,125592.17,569643.78,52262.94,157337.71,290994.04,210600.77,190226.61,562819.93,94323.2,118550.13,312026.59
"FT0668",173.104485091771,845.425537109375,15819551,10170678,14421301,19154477,18594420,10814232,15672082,11160845,14825374,20257394,18644599,10276260,15096315,11868801,14612948,19152323,19784205,10211794,15310811,9354652,13802154,18808615,18110499,11069316,15448551,11203506,14333438,19741894,18981883,11430072,15718312,11918045,14242603,19400200,20899810,10786835,15884918
"FT0669",173.929429018688,990.435974121094,52222.2,50302.99,62397.83,60173.79,52961.68,63382.48,55047.45,55188.31,65916.15,59214.97,51906.89,50537.91,44778.84,62735.29,47613.54,55671.09,47510.98,58514.7,56403.05,57682.33,65331.66,57267.47,51304.55,50211.87,51860.15,43960.75,58681.83,58380.14,52961.79,46627.99,53209.17,45599.96,55669.6,49711.87,57702.83,31256,50792.53
"FT0670",174.01258832809,651.158599853516,48978.555,9657.768,12945.721,163519.227,12884.546,14066.415,63357.36,13979.318,6451.002,144192.46,15581.432,14319.907,69371.462,7123.483,7092.958,160485.735,16396.313,7225.166,55994.571,6049.116,4555.359,198028.758,17040.901,10815.439,44297.989,2527.808,9826.222,164223.89,21548.661,11594.028,38221.628,5959.293,6482.718,146063.368,5242.528,9369.681,37470.96
"FT0671",174.017196027694,232.02025604248,105255.73,53010.05,44390.63,127657.23,100581.57,85050.2,106411.53,51283.28,26366.16,127879.03,97710.96,86553.47,105931.46,85535.82,60072.74,125014.87,158457.5,65156.59,95852.3,28567.42,23637.08,112580.53,102542.22,95085.18,106790.79,61288.95,35188.96,135192.78,102215.82,87054.6,97524.87,71415.32,59817.71,124588.43,158138.73,75421.64,98097.72
"FT0672",174.040730744021,532.085571289062,62716922,51201446,31157117,98412363,43765652,22532547,62106951,48846144,33284079,101495756,44143138,24182210,61465932,50229003,29976518,100405518,40736242,22607564,60664078,47615572,30468375,98340425,41827960,23107723,59929985,49486532,32092856,98635641,43133982,23304498,59528761,47755365,28383203,99424074,40692442,23198182,59420941
"FT0673",174.077187368124,504.519088745117,60258.769,14612.313,12484.988,129669.47,27100.05,6428.137,55094.567,11914.608,3449.098,106611.089,17313.853,5486.898,46108.356,14387.838,9551.475,126699.265,9590.026,6090.518,53506.6,13427.411,14325.281,134746.189,20383.658,7018.063,58152.656,11592.012,11242.418,116042.973,169874.189,10669.352,46050.255,15433.135,11985.433,124298.256,11122.379,9744.19,32695.594
"FT0674",174.101893645093,846.781311035156,216272.8,126148.9,190741.8,261729.7,246769.6,141096.5,202885.6,137945.1,187147.4,284306.3,254010.4,138131.9,209286,148806.6,184852.8,247019.4,271202.2,138264.4,204751.8,119392.8,188439.3,246581.1,258253,144539,218611.1,144436.2,174437.8,271943.5,257829.4,150905.3,199193.2,152219.6,189122.5,262941.6,285214.7,139470,204765.1
"FT0676",174.861000811576,408.978057861328,2012750,1659291,1815774,1354903,1837782,1989722,1710277,1697752,1657210,1495915,1816372,1869890,1743148,1722806,1653134,1263024,1972472,1782156,1561282,1348703,1592727,1262933,1703864,1800059,1527218,1628143,1578088,1389760,1678408,1690070,1530777,1594129,1478032,1228084,1811469,1628740,1473333
"FT0677",174.924113918068,990.435974121094,828335.1,776342.7,814557.5,829411.5,767445.1,752817.7,818529.6,815902.9,887861.7,837126.2,747178.6,758854,793095.1,792294.2,817082.5,824722.2,736963.1,729660.4,772077.7,728608.7,837469.2,795428.3,748751.9,682946.3,800847.1,787469.3,886704.4,817681.6,765573.6,729259.6,801265.3,759983.8,787162.9,798574.2,716229.7,725363.2,813208.7
"FT0678",174.930182262523,990.435974121094,51313.26,48349.62,53481.68,46387.2,51575.05,50082.14,49610.06,51540.16,62599.64,51115.31,46685.02,49000.49,34579.49,47540.28,54200.09,45072.6,46355.67,54056.02,46009.16,43321.5,38995.28,48792.72,42914.1,43369.73,54655.4,41609.67,54091.14,54317.68,56383.89,55318.8,54651.59,53216.19,56085.67,53758.11,46512.07,44413.22,49879.24
"FT0679",174.937489938831,652.612609863281,554292.1,592642.7,601625.6,515767.9,573299.8,560097.2,589630.3,576731.1,667134.3,576224.4,697554.4,623742,644788.1,628062.1,698641.1,671091.6,653319.7,702454.3,725989.9,773542.1,809949.8,738140.8,826578,807285,764562.6,824354.4,912226.5,803010.2,914305.1,799610.9,853743.3,902533.3,953732.9,874254.7,922535.6,962577,953535.9
"FT0680",174.946834095079,579.036010742188,316660.1,348959.6,318609.6,288621.9,340978.5,341166.7,321763.7,362542.3,367166.6,344071.2,368312,368097.5,364339.1,376303.2,327786,348216.4,430745.2,417146,359684.7,382996.5,412497.3,414695.8,431587.5,430054.9,393795.2,422360.4,453716.9,409783,479497,524897.9,467494,488394.6,481670.7,438113.6,598600.2,561579.8,524076.6
"FT0681",174.946969432788,409.016998291016,283374.5,272248.3,252023,219960.6,273888.6,318158.4,343157.4,304081.1,321179.5,292721.6,335594.9,322600.7,299287.4,311640.8,299441.9,253057.3,301215.2,465857.1,422322.8,346320,338259.9,309587.9,366767.7,384756.5,416008.9,406035.4,377651.3,400007.1,439012.1,448070.1,480998.4,466614.5,441557,381293.7,393301.6,589624.7,518962.5
"FT0682",174.962630353955,984.612762451172,154435.3,161325.9,143780,149218.2,146256.2,145037.7,155197.3,147435.8,150591.5,152480.8,148207.3,167122.9,150980.2,141544.5,161220.3,160317.9,178208.5,172479.6,158325.4,163924.2,161765.8,145164.7,162693.8,170848.7,156615,156860.1,123952.8,158688.7,156789.9,176547.3,159984.7,161155,169378.1,166911.6,182627.3,163182.7,163096.9
"FT0683",174.977800597851,351.696990966797,118343.53,67748.44,96379.42,151928.78,47645.99,102174.57,107701.3,73152.6,94604.64,154697.74,41914.05,79359.3,99687.62,83334.22,105264.64,138501.11,63841.46,68812.52,92009.71,57950.15,89233.5,142592.75,39112.36,75277.85,99869.42,65105.79,89877.23,144225.12,42841.24,88077.76,102089.04,80310.65,94238.57,133235.88,45562.76,69216.13,104418.02
"FT0685",175.024854479491,517.684020996094,332908.76,229905.71,221104.05,589769.67,90271.6,226318.14,328246.23,164732.01,238702.21,609669.39,77717.77,226901.23,318801.95,147043.63,183124.1,583114.12,97103.02,172291.72,300819.15,121429.11,231484.77,599906.73,31925.5,215583.48,308759.01,166732.92,202671.01,585320.58,63194.38,223918.41,285953.52,135146.27,186507.43,613432.43,76408.12,200642.77,312197.14
"FT0686",175.036068278312,610.310546875,193032.34,139062.67,85637.8,547107.71,33420.55,59364.21,186417.59,135911.65,73509.27,553305.12,31104.3,39941.98,223658.23,126612.24,51555.07,472644.25,32921.63,47370.17,193620.31,141763.68,66757.04,600039.29,33301.11,42844.16,196445.36,142993.2,77483.11,533505.85,35077.26,39832.92,182829.74,117967.51,68359.19,458268.23,39298.13,55780.87,200987.21
"FT0689",175.054702277679,326.692810058594,52581.43,20435.74,41417.46,128476.32,33701.56,53240.03,54967.75,34490.49,46578.5,136954.02,35495.83,43854.75,61627.09,27034.96,49697.57,155972.16,25349.03,61607.27,50115.02,21619.16,62070.88,159582.69,42400.06,57314.99,65381.54,31060.9,64283.38,151511.63,44182.75,49597.96,60611.57,24650.5,30966.81,175853.73,43738.28,65109.28,77148.74
"FT0691",176.002387279355,297.207489013672,132681.35,57445.56,84121.84,283738.5,67968.4,56705.59,143130.91,57806.07,78922.14,295424.12,62125.61,52892.17,141768.79,66016.11,79128.31,276658.62,72134.03,53442.33,124378.9,57473.95,75651.13,303225.99,61307.16,65539.82,132303.38,57183.71,74124.65,280208.08,62206.78,61324.71,138276.4,64726.25,77404.24,272878.28,70779.01,48311.26,111899.17
"FT0692",176.038761547945,165.941009521484,1870132,1974070,2566862,1458792,1097324,1629159,1901917,1970009,2634056,1588998,1182497,1900024,1833404,2053364,2352982,1654460,1028275,1703371,1763362,1890917,2563797,1536115,1092797,1670960,1729928,2008049,2784600,1577799,1156143,1805892,1756140,2022791,2327549,1647048,1028598,1774219,1797868
"FT0693",176.038728580218,109.585037231445,854469.7,848876.5,1173456.1,677746.3,476486,767265.1,776024.7,878494.2,1245737.4,673254.1,531086.7,801320.3,824907,934105.4,1065529.7,698835.5,519294.3,788642.1,842586.2,879439.9,1171754.5,693125.9,497282.1,737898.7,797076.5,947146,1249124.4,697939.6,547055.8,876632,890263.1,958922,1075165,756865.1,534698.6,880548,806730.2
"FT0695",176.05648316151,277.528015136719,69587.7,46934.51,51786.63,100070.91,50712.44,28291.75,59068.84,61004.36,30768.33,93414.51,66645.32,37408.15,60023.49,51090.41,41283.33,112572.77,34824.24,26819.12,60969.94,46409.9,40601.22,102810.75,60391.4,30034.02,88534.58,38695.83,21708.93,85169.68,59428.95,49320.69,54616.62,39671.47,25117.61,86625.85,39145.52,30033.11,56577.85
"FT0696",176.817434847683,378.498229980469,176659.7,141948.4,189059.2,149910.2,226176.2,277480.9,251490.3,258047.2,244876.2,217099.9,309337.9,302399.8,276081.9,251937.7,229671.6,179383.6,395470.5,282396.9,241461.1,192313.3,236442.1,190225.2,232735.5,260710,234767.3,245235.7,227507.3,210336.3,233029.2,246380.8,242453.8,236952.8,194447.3,151205.4,318846.6,277226,231690.5
"FT0697",176.859078350081,407.655914306641,1445818.6,1181273.6,1297312.4,959407.2,1329694.7,1431112.2,1250343.3,1270455,1201288,1101854.3,1386776.5,1387442.4,1254917,1292092.6,1149429.2,895815.8,1455929.4,1312985.1,1071883.8,966534.7,1140667.5,914680.3,1237019.8,1323609.2,1124396,1180970.4,1110651.8,1012334.3,1207947.4,1199823.2,1144831.4,1149098.2,1074542.7,873071.3,1325639.7,1207486.4,1051372.9
"FT0700",176.926726330974,648.284515380859,121054.49,126041.88,171593.15,104854.22,110686.68,86970.28,131745.77,122362.86,184053.82,66214.87,123746.38,77846.52,102019.6,84520.66,121033.11,111548.43,107986.79,108739.09,128241.94,99750.24,161737.68,112767.47,114329.67,97611.08,101899.63,113198.4,187358.05,51760.09,125226.51,95910.72,115350.35,97246.11,132896.71,100566.51,119037.5,132044.32,135137.15
"FT0701",176.936077712443,679.816986083984,4137627,3118834,3734578,3609170,17039785,5043476,14389405,4072467,3668751,13564643,16802995,14950656,13676668,11599849,11018669,10568303,6611134,17909949,13659459,9017417,3473908,10049793,16596502,4898634,13032047,12554162,3227363,13342269,17210364,15836064,13340738,11377717,3539826,10951542,28038214,17147103,13297979
"FT0703",176.942205984654,923.686950683594,524478.3,584782.1,430572.5,549144.9,572243.2,738575,607646.2,660830,604029.9,743092,671281.7,979042.2,820446.7,665822.3,709541.8,574907.5,729353.8,487791.5,680929.9,564083.9,512570.2,489098.1,529228.4,547938,574693.5,576970.5,419785.2,378240.6,414748.9,576784.7,537048.1,422210.2,449091,259877.5,554980.5,372104.8,576795.9
"FT0704",177.033960034344,512.573852539062,377363.7,408965.4,409179.1,297074.1,461143.7,390205.5,358293.5,393439,363392.7,278012.5,434604.2,411990.1,373773.2,444645.1,381814.1,319707.5,440704.8,382170.8,367882.8,419061.3,410130.4,316748.4,451173.4,437807.2,439140.9,457984.7,452628.4,295786.8,476473.4,450505.8,409294.1,451818.2,385323.2,341444.6,429904.3,428190.4,440686.9
"FT0707",178.018075694693,220.05411529541,62725.99,60014.04,65349.1,52670.51,59963.39,54752.91,55530.76,57104.45,53636.49,57519.3,56162.96,56068.46,58439.04,49591.06,66622.34,63121.42,56200.54,56608.8,61014.64,50245.74,59504.04,64369.36,63919.07,63837.4,59815.14,60499.55,56435.66,51230.87,63878.52,54945.66,60166.15,59883.53,60592.6,25458.22,71521.37,48755.66,60707.12
"FT0708",178.05106120028,193.473075866699,4684715,1963330,2347370,5041951,9983383,2198404,4517869,1861323,2295691,4991222,11005502,2246585,4418512,1895442,2242914,4800049,10112751,1903606,4382986,1876165,2234613,4888845,10180261,2222395,4384167,1959724,2332796,4687690,10503850,2261183,4354081,1882665,2104226,4733713,10324988,2038711,4544163
"FT0709",178.059937668425,846.764831542969,1091280.4,790699.5,1035158.8,1356675.1,1228230.3,730239,1017664.4,769642.8,996032.5,1308037.2,1188079.7,588893.1,840694,752362.8,947681.7,1213567.9,1100552.4,622251.2,975921.3,666808,913611.9,1174697.1,1103961.5,691040.2,954015,701536,918179.5,1183180.5,1170460.3,727983.5,965862.4,772275.9,938324,1235775.5,1113921.1,643234,936021
"FT0710",178.066974280637,165.878967285156,5497337,5298425,5110104,5063273,5314266,4927674,4976347,4938814,5406595,4774858,5027866,5284702,5231139,5060221,5040312,4918033,4735064,5270683,5027208,4710179,4867899,5141633,5001042,5162096,5222567,5326152,5079081,5089055,4723359,5061995,5181561,4649294,4920616,4966146,4561550,5081815,5118519
"FT0711",178.066936868863,87.8796997070312,1619686.1,1977194,1334011.9,1115437.4,1652202.6,1390225.7,1167154,1299540.9,1583070.2,1584253.8,1342410.1,1607238.8,1313156.5,1246328.8,1362218.2,1372214.9,1676767.2,1310048.5,1763932.6,1376781.2,1242383,1304033.1,1180935.7,957906.3,1377312.1,1383141.3,1555259.8,1374484.5,1483516,1529995.8,1322832.1,1219429.1,1705255.6,1546944.1,1364796.3,1327466,1503928.8
"FT0712",178.067011375371,13.0742244720459,1665141.5,1269174.6,1380996.1,1306040.4,1298658.4,1502494.2,1370189.4,1129775.2,1503618.4,1612693.1,1849964.1,1522945.3,1320371.1,1282409.7,1763818.7,1041615.5,1379840.2,1221379.2,1348373.8,1637156.8,1413376.1,593979.8,1744768.8,1081621.6,1398267.6,1641201.6,1460575.3,1640218,1522627.2,1479671.2,1584930.7,247334.4,1310475.3,1407295,1744138.3,1634142,1572468.8
"FT0713",178.073248240322,189.312622070312,64197.3,40620.53,56134.18,87283.91,36374.89,32001.87,66680.35,30405.5,62145.23,77332.58,39401.63,35006.34,56813.28,27085.76,46943.62,103135.21,33000.43,36479.29,53020.28,25031.33,52868.56,92070,42735.02,41822.94,57157.68,34489.35,64768.59,84324.46,38762.71,35430.74,66558.94,37857.61,58980.91,80656.27,38443.85,43806.09,43084.06
"FT0714",178.568716549383,165.874618530273,853098.3,802379.7,759857.1,784873.2,716938.3,725776.7,751268.3,688041.5,864155.6,746829.7,737778.7,800018.6,788037,725331,744015.7,724684.8,686639.2,758156.4,705192.1,674814.9,701487.5,706037.4,761676.8,776811.8,760549,806838.5,688139,700665,685819.1,736837.5,741240.6,716858,673464.8,705997.1,628558.1,760852.8,779054.5
"FT0715",178.815370514426,378.498229980469,283068.3,251643.5,299963.3,239375.1,388636.8,453699.5,392733.8,424099.6,390548.4,333085.7,500500.9,499345.9,446541.2,418201,379439.7,310301.1,623981.5,502494.9,401034.9,343451.9,368025.9,306984.7,377744.4,404047.2,366703.4,402063.9,375475,322177.8,387016.5,409488.1,388104.3,349885.6,346574.6,259316.7,519487.5,456120.9,361315
"FT0719",178.884325965936,596.164672851562,8831395,9440499,8522017,3503253,9585608,7906289,7524834,7049111,7827348,4169303,8418832,7378265,4418618,6998762,7577485,4017096,7390730,7159315,6799049,7395360,7638521,3759836,9510166,7319260,4344156,3218807,3124869,4135374,2837111,7441917,4864396,7161188,7314837,3736028,8040171,7624716,6915519
"FT0721",178.903323631118,175.511520385742,1063768.4,1006639,1240264.3,964524.6,1022928.1,1178581.7,990917.2,995115.5,1015591.7,966645.9,1877924.2,1018984.8,1016617.9,661813.1,1021260.7,1010244,1278351.1,1093863,939413.5,1078133.4,1123392.4,1121214.5,1184203.4,1242690.5,1045993.8,1211330.2,1084405.8,1081323.2,1267568.6,1071640.4,1114070.8,1132669.7,1095891.6,1007416.6,1258367.9,1116061,381413.9
"FT0722",178.934040017338,978.653747558594,3870577,2524626,3350702,2638861,3876443,4408130,3946588,3675644,3392250,3562865,4132560,4388957,3961079,3455993,3286880,2857649,7330417,5165225,3965977,2491827,3351934,2877870,3984505,4613190,3782501,3780391,3763553,3678192,4023623,4598448,3921018,3858003,3400579,2881420,7521562,5005202,4083663
"FT0724",179.035133862975,186.520401000977,77197.99,82131.67,109069.15,49952.42,32507.52,184976.22,82555.31,75537.02,114974.88,23958.12,46667.81,178591.53,97436.76,76543.09,86284.4,44091.13,30927.7,243540.1,68221.42,72733.09,78584.97,63377.38,54690.15,170268.01,86286.68,79726.56,102324.1,49433.21,45660.22,177069.93,85844.92,79397.25,102490.39,40941.84,27684.92,225954.8,67107.96
"FT0725",179.046222583499,511.276733398438,319723.5,351583.1,296897.9,280088.3,417661.3,324766.1,293820.5,338845.7,344417.3,273019.6,396212.6,305953.7,333886.1,323687.8,271742.3,263192.7,290804.5,322821.4,310747,317611.5,300128.6,244069.3,343113.9,300546.1,297564.6,380531.5,323091.3,264705.5,354639.5,318310.7,295300.9,346756.1,291279.4,260268,354902.2,352808.5,337127.7
"FT0727",179.056087491031,577.690002441406,37450964,38203532,31530780,24184971,59443532,41457116,36900867,36531252,30522199,22467785,60664113,41250676,37555651,36087098,27584142,22837739,53123345,40713138,35110150,36548962,31388891,25438933,60473828,41567077,35770267,35617947,31566657,21306135,60218308,41885510,35668741,35994908,27214277,22363529,53461935,39061343,35987352
"FT0728",179.05625136126,439.771331787109,861842.6,717179.2,847122.9,659281.4,783049,693212.4,850260.9,729139.6,743494.4,639204.8,942072.8,722976,773299.6,704299.2,670994.8,630008.1,660475.4,668423.7,799021.8,705727.6,818614.9,654112.9,790568.4,661252.7,844494.5,734429.4,732616.2,613274.1,915318.2,686350.3,822614.7,725663.7,615942.9,635684.3,663636.4,671880.3,806872.9
"FT0734",179.884620482012,671.159486816406,822926.6,681265.5,820932,414287,772133.6,1035857.2,852666.1,742043.3,339792.3,637898.3,595895.7,789448.4,652843.1,655576.4,607895.4,535966.7,846734.1,770512,635595,603623.9,691350.1,319960.4,630934.2,816973.1,632710.4,670073.4,645172.5,543097.7,505940.1,613429.5,709646.7,666336.8,619514.8,440219.1,322279.3,889150.6,674561.5
"FT0735",179.88441192678,594.763732910156,913938.3,980460.5,897423.2,658812.4,405445.3,839365.3,799662,739084.8,420714.8,472973.9,829173.5,447360.8,496105.8,455905.3,806182.8,571595.7,741808.5,761732.6,704695.9,800473,783534.3,591977.6,896252.3,759549.6,692391,730146.6,323830.3,466049.2,271040.5,773372.6,463027.4,753746.8,782637.6,420674.7,724780.6,806038.6,717736.5
"FT0736",180.041643507328,203.278854370117,59988.09,50831.87,54110.91,51172.06,53428.14,49358.72,44987.33,36313.54,53999.92,47544.46,74098.45,45656.16,49230.18,36917.24,36301.21,49183.25,21000.31,54528.28,54375.29,48546.22,47287.04,42017.56,60715.44,51554.4,42306.48,41910.85,59902.77,44880.83,61518.01,48302.55,49194.19,36074.37,28340.31,37834.51,27588.48,57731.04,58524.22
"FT0738",180.066722347833,411.799011230469,16726927,20609583,20922900,14810991,13956549,13756440,16369410,19966656,20023615,14051704,14197305,14002177,16338437,20947196,19022199,14301365,12889751,13533245,15434027,19278680,20119965,14703998,13627366,14031826,15663863,19659643,19742887,14460729,14096373,13589221,16259009,20935660,19238664,14458866,12664985,13467806,16118030
"FT0740",180.813081593199,378.4931640625,121959.81,88845.79,119270.82,99577.43,163096.39,196333.61,165727.14,175219.1,163309.42,129243.91,212211.68,211989.99,185142.3,176812.63,172001.7,119495.42,269007.86,211799.22,173969.45,133715.28,162842.21,137224.1,162906.42,188179.3,157892.31,174649.96,161108.57,144916.89,169540.57,177893.34,165784.56,161700.23,136659.99,109942.42,231586.4,203606.52,151368.43
"FT0744",180.859619222609,408.990325927734,3309128,2726132,3004120,2276484,3068210,3271411,2799746,2795666,2782860,2472342,3060545,3116248,2832212,2878996,2677329,2115906,3334042,2955294,2585935,2173418,2672173,2096300,2799871,3011658,2558436,2668909,2575239,2341123,2775395,2827298,2602880,2608642,2454614,1998586,3006333,2728469,2469711
"FT0748",181.050754183584,217.278106689453,2158944,1912140,1529248,2485370,1005151,2914743,2107340,1891369,1614961,2444114,1055576,3572135,2150289,1975294,1557137,2339291,1047463,3625971,2099152,1786464,1481001,2398410,1042401,2991742,2036376,1920077,1581818,2378190,1107671,3645127,2043245,2077616,1527760,2464337,1090547,3702891,2120394
"FT0750",181.071869949263,441.154632568359,222476922,55779915,61938385,182855562,618009984,103221868,218876877,46590677,75656265,181207133,613429945,103992681,213409485,55600926,53989667,177125567,484502314,99451867,214479598,54200481,60956402,180087927,599788462,99397359,210442469,48187250,74257926,170883715,618440189,103714767,218644446,57237626,53491373,173071039,483743045,99178829,212996478
"FT0754",182.05413652241,218.644058227539,212174.03,177361.28,144078.09,238582.53,86869.87,269898.58,193069.62,169500.17,143861.89,212857.88,101164.78,347852.37,203933.11,192482.78,137184.85,207171.53,82131.71,341225.91,188971.16,175361.68,127051.65,245409.18,91984.54,274127.25,202042.07,181745.39,144304.51,212859,92433.38,359788.27,195419.6,190341.04,150126.06,232504.43,84922.8,340568.49,186101.7
"FT0762",182.986665440591,504.530120849609,95795.46,140049.72,52939.73,0,190067.41,117508.5,78546.3,124825.23,37710.31,0,186710.05,109221.82,67560.65,118415.56,70132.69,0,188205.84,88432.97,49628.79,121742.03,49601.81,0,162599.06,112401.4,59502.52,98667.67,29814.69,0,154300.16,70619,66754.72,112537.73,37531.15,0,148840.54,88309.38,44158.91
"FT0763",182.988809918843,964.282867431641,304326.2,179698.2,132998.4,177801.9,253843.6,217530,217189.2,246122.5,209667.6,217878.1,287704.9,217659.3,211421,245068.3,216893.6,201919.4,273029.2,223876.8,251840,149833.4,191667.2,191230.7,254341.3,213072.4,237701.8,173987.5,203327.2,164820.4,220893.3,245036.5,200162.3,196747.1,159343.3,177688,276404.8,221331.4,182561.4
"FT0764",182.99665897824,579.137634277344,381701.3,246902,328330.4,283243.1,139305.3,374708.6,369916.7,451730.1,193737.7,163764.9,251708.9,447419.7,361886.9,269770,522537.6,257506.3,214123.8,555682.8,337733.1,233887.3,354439.3,323057.1,138086.8,342832.1,589038.8,445323.4,229593.7,196081.3,263741.7,405507.4,376171,307217.5,548764.1,239337.3,194760.3,584911.8,385594.4
"FT0765",183.010907326655,81.8688982421875,339360.8,162311,221149.7,109164.7,102479.7,146873,353144.4,522424.3,158694.3,107979.9,158014.7,211014.5,362285.9,280153.1,358958.8,138258,281365.8,476956.4,301848.7,140359.4,198358.5,108615.3,117310,185343.1,411035.7,518001.8,172342.3,132833.2,152671,211768.8,343308.6,320934,350561.2,112039.7,247455.2,477403,333336.4
"FT0769",183.092826379717,215.883438110352,72126.66,80408.96,77440.61,57563.59,85118.19,85954.38,80058.28,77357.06,87700.46,55382.29,84631.06,88857.06,71805.7,86917.82,84020.88,51889.74,77520.82,64506.43,64642.89,82173.99,87149.93,47659.07,83886.67,82584.43,73420.37,89045.35,81493.09,47428.39,89415.37,73215.77,71435.15,85822.59,72175.51,58134.18,90452.48,91161.22,71934.97
"FT0772",183.992844353046,273.358032226562,63414.35,59856.96,58170.04,47728.76,40243.83,51809.46,77017.39,66335.63,76292.4,67705.64,50551.1,63671.01,69602.71,70469.82,83241.81,70139.56,53058.94,70634.55,84861.05,73765.12,90665.9,80894.16,55858.75,76413.24,95147.08,93757.05,114846.13,93725.76,69299.36,85006.22,95481.1,92977.23,103891.47,99261.52,92262.61,97888.06,114080.91
"FT0773",184.001653460418,518.947692871094,217735.7,198601.9,222783.2,202390.1,225290.7,178280.4,187863.2,173265.3,189935.3,219789,231416.6,191871.6,179873,193183.3,180819.1,194649.3,228024.7,174691,200762.7,172193.3,167969.6,210838.4,213984.8,189421.5,207357.2,159582.3,181307.2,206204.4,237791.8,205263,208277.4,193596,195736.2,191094.6,239407.6,161864.3,189463.6
"FT0774",184.03801493501,537.487976074219,594708.7,671488.5,522224.4,784008.4,673751.7,616688.2,620238.2,477076.3,377908.7,696387.9,661343.2,502244.6,612169.9,833500.1,441701.8,695900,604188.9,468228,585130.3,655440.9,502165.8,756187.1,638214.1,645591.3,593354.6,468653.6,384199,673559.1,663610.1,487387.5,591867.2,851688.1,418933.1,683585.5,649380.8,436188.9,617792.7
"FT0775",184.078828089119,440.481094360352,152568.7,35751.3,41292.29,137929.6,473656.82,80383.92,145532.11,17075.35,51217.49,124692.49,471130.63,64083.59,155390.18,29576.53,32520.59,117814.14,369346.74,70110.33,146662.19,23212.1,36199.09,137305.04,468939.58,71663.06,158237.5,16436.06,40670.35,127662.57,478846.57,68416.8,158126.81,30674.86,26665.87,122228.05,381444.36,71936.49,145732.87
"FT0779",184.954864049532,678.324676513672,214287.06,85467.22,75282.35,353930.66,99103.68,66656.41,151536.31,33569.88,28851.87,308504.85,75001.34,42024.78,100270.51,46167.22,29869.6,288711.93,32774.17,30045.28,135873.46,45477.83,32279.73,336244.71,69102.07,40430.04,118951.63,44761.87,23860.45,284743.6,67030.74,45803.25,132569.53,42027.28,20505.47,304071.2,57817.14,32771.28,106433.99
"FT0781",184.985651581332,621.597717285156,707841.8,541209.6,645883,535812.1,856714.4,669301.2,729619.8,568214.3,786904.7,489874.1,960848.7,742783.6,752523.6,494707.6,536354.1,529794.4,3333747.4,878236.2,749276.2,602587.2,704648.8,604825,952797.5,726887.1,770911.3,607522.6,822380.2,548519.5,1045598.8,887955.9,750820.6,528449.4,632704.3,483656,4167988.5,1076620.4,841838.7
"FT0783",185.02208300223,321.080841064453,2200765.469,475308.024,457325.545,2636814.57,11857.568,464840.859,2171344.813,1385741.077,623040.401,5684961.337,3444.288,442923.099,2096167.05,1635722.563,1487083.541,8619976.644,76411.05,77319.175,2063364.841,449090.929,455338.738,2608690.792,14673.862,458539.794,2078803.804,1353183.453,625496.714,5541229.125,0,452634.83,2022895.327,1682687.157,1458407.546,8326908.914,82517.576,74115.922,2073826.888
"FT0784",185.074793464048,13.1164336204529,1886965,1539399,1712894,1237309,1522444,1263553,1870282,1292340,1542755,1096890,1716769,1597898,1875171,1702232,1349246,1662803,1704220,1396771,1308800,1299386,1361103,1753635,1492381,1526344,1481822,1478950,1323028,1599241,1618023,1462481,1357328,1065535,1286934,1319686,1667501,1435320,1266570
"FT0785",185.074707409978,82.1948776245117,1499418,1762696,1449741,1898669,1466080,1889976,1301653,1889093,1590048,1536288,1410488,1557144,1376975,1493220,1804006,1403179,1349655,1772189,1784020,1666552,1661415,1258518,1432031,1509383,1656348,1531223,1163757,1398938,1464126,1670645,1676336,1126774,1632464,1684637,1309976,1590527,1318373
"FT0786",185.074747653495,164.467422485352,7025576,6937232,6524971,6868426,6586372,6474560,6659544,6412568,6847895,6519522,6469520,6775933,6742759,6605329,6555024,6623067,6223277,6500086,6548242,6316110,6368222,6627258,6833717,6738464,6627583,7006459,6661887,6615869,6289491,6536907,6884927,6388257,6523752,6653805,5900944,6375797,6504145
"FT0788",185.971522041101,964.257507324219,604574.1,524118.4,535602.9,462123,518375,530473.3,493124.5,554244.4,534741.8,553850.8,564038.1,614742.6,603992.9,508825,544110.6,491059,491607.8,543649.7,554940.8,451609.9,541303.8,470587.6,545731.8,578653.2,566914.1,524418.2,549361.1,502340.6,385256,596543.2,535752,470479.2,408560.2,426998.2,430590.9,405771.3,457558.6
"FT0789",186.025555023388,322.451557617188,62975.544,1728.372,4490.135,84886.543,0,2558.061,67052.266,27242.785,6350.612,220518.453,0,5082.233,52627.427,33883.873,24522.589,357189.728,0,0,59799.484,0,0,95781.579,0,3809.906,65912.236,37183.527,7238.69,218124.671,0,3760.039,57862.481,28440.061,35253.1,330832.415,0,0,67289.094
"FT0793",186.072678229498,164.561996459961,616881.1,581103.2,579557.3,558747.9,590913.6,585787.8,591246.3,567800.1,600550.9,576204.4,573650.8,571124,580879.2,600518,552062.9,571786.2,523069.1,574681.8,551352.5,572191.8,528790.6,596273.6,573985.8,558165.7,557612.1,604571.9,548376.9,572260.3,529792.1,565117.5,611079.5,582199.6,540800.9,558340.5,461928.8,527184.1,561075.8
"FT0794",187.024904321991,634.105590820312,84217.815,142040.867,192335.882,13354.721,105864.566,37688.557,94083.366,149468.381,216351.364,9034.156,112626.824,40605.906,94541.858,149628.563,193162.36,7431.236,91078.486,24454.721,86980.279,133025.847,183014.325,13065.823,97913.315,51934.318,83077.575,161317.109,224174.769,5069.917,111464.944,44964.724,94318.941,151145.364,200720.905,9259.815,91708.95,42238.027,93875.081
"FT0795",187.037926229817,390.8505859375,1423256.7,1335615.2,1033026.8,1998000.2,809995.9,1112601.3,1373008.9,1313139.3,1080404.6,1925165.6,857067.7,1086732.8,1420011.1,1387883.3,929701.8,1895319.9,699413.8,1077151.4,1416992.7,1318485.6,1082361.4,2139270.6,887527.7,1155638.4,1408120.4,1383340.3,1145736.9,2143288.9,922254.7,1206461.7,1477498.8,1475236.7,984971.1,2080562.7,760799.3,1063068.2,1483439.6
"FT0796",187.072482819713,300.00146484375,1339740.8,1786812.7,1495107.3,1248658,964376.6,1150264.1,1331605.9,1718108.6,1404415.1,1179860.9,922136.3,1125387.3,1299993.6,1732055.8,1353653.5,1210807.2,883026.6,1075415.5,1233309.5,1675941.8,1531070.1,1200730,965363.4,1139654.7,1279554.6,1637410.5,1463975.2,1163775.7,915591.2,1129692.6,1288107.5,1767622.3,1294105.8,1204072.7,828427.8,1068910.2,1221139.4
"FT0798",187.108792492358,407.621704101562,247109.3,203170.6,223439.7,271320.3,212484.7,229443.8,253401.8,198166.3,230843.6,264137,262677.9,257320.6,242032,181908.4,236280.9,251930.1,190623.7,237213.5,253743.1,218532.5,242191,257093,236961.3,249304.8,261532.8,220001.6,257550.9,267049.7,272070,256644,262904.3,217127,217726.9,270270.3,162367.9,236534.8,251854.8
"FT0799",187.134028799544,160.537925720215,82938.14,71426.44,68127.51,93585.08,72704.06,78133.79,53648.85,77162.91,66554.26,97128.4,66741.05,65905.52,70367.93,79236.39,77041.84,82671.24,57294.33,61865.3,84554.86,72879.69,73606.42,89288.13,81605.52,74727.1,100727.84,80621.39,75816.29,93102.82,82807.27,80220.44,81849.54,75784.44,53907.28,98548.19,51819.04,69740.96,79962.08
"FT0800",187.987613345339,538.835021972656,207254.54,252257.36,295148.88,73576.17,220211.83,261027.29,234207.62,282758.93,327013.36,55018.64,228670.63,275834.16,223958.53,255291.73,292063.07,63187.57,186730.52,296462.96,207694.1,313297.63,342186.07,75794.46,234740.87,325604.59,275745.88,350091.18,388771.65,55398.97,268726.87,319677.77,268241.06,331202.78,366739.48,78124.41,261227.2,347379.03,334053.56
"FT0801",187.998197614225,352.402633666992,11167.412,1728.974,0,52228.111,0,1591.34,17477.443,6655.742,0,37268.718,0,6215.828,11945.544,0,0,43335.034,0,3686.931,8184.899,0,1805.186,42854.61,0,1465.758,14446.301,8757.847,1275.821,44234.413,0,12389.51,10164.403,1471.968,1809.874,39970.963,0,0,12708.356
"FT0803",188.056386828821,515.125305175781,6687943,5064101,5522956,9345537,4717412,4151342,6113682,4869802,6162251,9197710,4748723,4187171,6091540,5123833,5497394,9354066,4437622,3992041,5970924,5078395,5905429,9090057,4452888,4121567,6181479,5146197,5915534,9354194,4870460,4073886,6301525,5131321,5145457,9386033,4622887,4081994,6251675
"FT0807",188.939450358773,57.4279327392578,2095836.3,1258965.8,1976392.7,1966061.4,1608684.6,1936494.8,2078409.7,1104456.1,1554967.2,1573122,1917075,1024989.1,1235129,1344627.7,1081789.3,1807395.9,1128845.5,1170919.6,1456866.6,1181869.4,1124614.7,1829600.7,1440144.9,1757762.2,1156342.9,1528316.1,1527983.2,1015741.2,1556074.7,1130284.3,1863826.9,1539553.8,1124647.7,1863751.4,644740.9,1913694.4,1110268.9
"FT0808",189.035010715882,390.8505859375,484573.2,450765.5,354799.5,698235.2,277470.2,374952.4,469182.8,443136.7,385675.8,647218,297245.5,372418.7,476702.6,477743,314289,615482.5,238819.6,374818.2,448686.5,458250.2,358556.4,725948.1,301526.3,413537.3,493681,475754.5,394422.3,739891,315469.1,418314.7,504744.7,518790.7,319947,727867.4,265532.6,375617.8,502926.4
"FT0809",189.051817883896,600.398,118743.69,150422.38,107947.25,139320.64,102587.4,116701.62,107165.43,132260.02,110729.01,118332.96,111025.11,111130.64,119632.96,135380.82,108686.64,130047.53,81013.77,42744.06,121519.05,156721.97,47135.91,127786.93,102819.22,101476.86,114617.66,130495.13,119757.13,97681.83,108688.58,98176.23,118562.33,122365.3,96223.78,130861.83,77978.75,86578.91,109011.53
"FT0811",189.088098828744,473.447692871094,166330.02,124613.11,120696.87,70436.53,282187.39,110733.83,158906.29,126875.01,139076.38,111389.67,295799.61,112358.62,163762.38,139996.78,121437.42,114825.79,288895.21,103272.74,156226.59,132739.74,126488.86,99507.89,291226.88,112131.27,145155.09,145961.19,139322.23,103628.82,302040.74,126511,146310.54,127977.2,139654.25,113976.54,310678.48,111563.92,160731.12
"FT0814",190.009893372046,273.340408325195,1429127,1475485,1560501,1199429,1300623,1504687,1373997,1407878,1588459,1170342,1327772,1373919,1259196,1297306,1434684,1083675,1377826,1416520,1330633,1361107,1474440,1076489,1179071,1315580,1275834,1357717,1485689,1075450,1286331,1353112,1267874,1319492,1390127,1022506,1384923,1398003,1277544
"FT0816",190.051034594982,424.852081298828,68615.58,38127.67,39818.56,126788.95,24097.93,26258.6,70783.19,31538.29,50408.99,129090.03,19977.04,30423.13,65556.35,37880.27,40157.13,120538.33,14297.42,21247.18,68421.27,34033.26,36629.99,128219.54,26800.22,33298.55,62217.54,32202.1,48367.65,126034.86,32792.14,29732.62,57716.46,32188.42,33872.87,144599.28,12222.16,23947.12,56944.83
"FT0817",190.072218459492,214.450477600098,62610.457,19484.028,26900.053,161722.868,17574.169,19957.685,51196.497,10912.841,15889.537,165508.294,25273.514,16161.242,59196.622,13172.186,25778.234,185481.202,23572.944,16689.9,55997.449,19278.853,21815.519,162973.602,22650.986,15704.195,70865.897,23698.89,21362.516,168242.271,29098.885,6596.094,64810.801,31044.194,17799.158,182501.781,14229.632,9196.046,57693.018
"FT0819",190.144966355096,130.912689208984,380599.4,330528.5,355711.8,239858.3,203734.3,303702.9,441458.8,278546.4,331185.4,243419.4,458899.6,202884.2,335182.9,250648.4,344054,246499.2,1364108.4,349359.8,430312.6,354311.4,194025.4,145114.8,360257.8,257093.2,346174.2,267454.9,349380.9,219718.3,456651.2,167728.1,414279,258629.8,322652.7,218468.2,1131855.7,428552.9,201239.4
"FT0820",190.892023137299,991.913024902344,224312.4,203408.5,241049.4,223726.4,223696.2,243809.7,233737.5,233274.3,254458.4,245952.4,227078.9,239289.9,247508,225313,217314,246879.8,254803,236303.6,256303,232042.6,246687.5,216262.6,207758.4,202488.9,224988.2,229107,246444.9,234445.5,233817.6,244865.4,223807.9,232421.7,229415.7,224978.7,240040.4,224213.7,232321.9
"FT0822",190.936672256455,993.339782714844,265784.3,280815.8,299348.9,306374.2,257364.7,244276.1,278710.2,298094.7,309522.5,303843.5,267874.8,268541.1,271006.1,288399.9,294635.8,311120.2,235194.6,248237.6,283727.5,296791.5,308832.2,295885.7,273862.7,256264.2,269182.5,268305,283824.9,285847.3,272547.5,269128.8,276977.1,280909,307191.3,330450.2,229071.7,258361.8,292457
"FT0824",191.019884663185,679.78857421875,20453660,13039225,8780842,40993121,15943465,9262908,23004788,11411841,9723335,32930643,11484532,13772467,16345542,9872132,7480859,33851136,3685371,11106950,20256859,8327939,7517282,41170232,15671131,12565928,18373055,10189623,6472701,34357144,15237345,12045768,18760051,8139562,7082373,35486056,15950255,10187293,15962892
"FT0825",191.056140317942,507.270446777344,118014.61,138853.18,103524.1,98870.57,133571.37,122543.96,133703.64,174377.09,97814.78,103230.15,201741.75,148650.3,136814.55,146110.45,107981.55,77297.15,154228.79,174105.27,122595.77,135692.81,131822.94,99681.12,121769.12,112798.85,123928.09,139238.24,129379.63,83912.8,189622.99,136636.74,134835.51,138967.32,95874.91,83767.52,152815.09,191188.65,113318.25
"FT0827",191.082749329849,172.745315551758,164217.79,124587.35,128976.94,146348.4,130099.59,78310.69,124553.22,84000.94,101387.18,133453.91,128893.91,70353.79,120390.97,103288.29,110645.33,147932.67,172679.91,87931,123856.78,130509.41,150007.51,182734.51,201687.32,118757.83,183312.48,141991.28,194585.74,246139.71,226004.23,118883.97,218162.05,197013.6,199037.88,241783.54,307681.51,145237.45,236828.73
"FT0829",192.033561223145,522.77001953125,109736.35,74664.11,163748.36,81112.53,316463.23,51021.32,155340.4,130842.31,173667.99,114705.93,288893.17,73962.64,146544.98,143490.81,171830.27,76802.78,290461.32,52414.25,135372.87,128585.93,104717.71,109885.09,269525.5,39460.21,142149.85,132826.98,161944.48,83769.83,302333.73,71316.56,84183.19,71191.53,89894.91,47116.68,263687.04,67501.48,87076.06
"FT0830",192.033787439055,179.655,356719.25,301440.66,205581.93,693911.75,114049.36,127891.89,336553.68,281181.27,201509.06,715436.75,116669.25,135675.57,349363.04,285542.52,178370.38,750752.17,92161.1,125678.38,298196.34,299436.87,208671.18,708964.52,108492.37,131383.72,332944.45,294477.2,194824.88,693537.22,115842.82,140376.32,334335.21,271958.17,195608.86,729446.82,87786.21,145153.98,327372.91
"FT0831",192.033760912421,341.955009887695,404090.29,118598.53,47631.92,1279941.51,65480.1,36941.39,452632.72,94797.87,46441.27,1359179.45,47510.6,39730.98,409541.45,65590.25,39083.6,1491888.73,74420.94,41295.51,451288.28,83947.16,47486.26,1382407.83,55957,40409.73,465961.76,68853.11,57897.29,1496462.82,35859.17,49640.82,483680.82,189249.56,53312.44,1548063.44,74938.33,61868.28,516882.75
"FT0833",192.048933829513,95.2382469177246,3116327,1746845,2114330,3960917,2502354,2345998,3028858,1671450,2138164,4215935,2758699,2419595,2945702,1742961,2227758,3797907,3749032,2053051,2779772,1639095,2121131,3994486,2512129,2356911,2832897,1752113,2080446,3975031,2748626,2541387,2901226,1794400,2231005,3717991,3694762,2038359,2837201
"FT0834",192.082625943781,163.21354675293,6440296,6380073,6049969,6206008,5946842,6020784,6047905,5806683,6109054,5986581,5911277,6030840,6035482,6036520,6029975,6030042,5439596,5972104,5974823,5983098,5846056,5936188,5928515,5717405,5896966,6099650,6059855,6124620,5642507,5821870,6090627,6036814,5971610,6000094,5204440,5537661,5874423
"FT0835",192.082657047663,78.9595260620117,1365998,1243650,1187370,1205508,1241646,1183799,1312086,1589440,1196087,1531781,1104396,1365850,1380208,1232887,1379950,1389036,1368673,1637236,1186276,1194476,1310152,1238779,1102152,1290503,1399682,1404077,1286452,1283109,1156618,1219825,1053929,1168199,1512772,1515407,1374599,1211712,1216244
"FT0836",192.082691020895,13.0458335876465,1373242,1511084,1089778,1380253,1411842,1473752,1337023,1069078,1439008,1163267,1512217,1150449,1109655,1135931,1267147,1167734,1263494,1018735,1311158,1377758,1271534,1157936,1432197,1211398,1308742,1103535,1243487,1343945,1013411,1327230,1476801,1331447,1032176,1011741,1059491,1296599,1271432
"FT0838",192.584219313521,161.905532836914,1068986.7,1047155.9,1025863.3,1088152.9,1057411.7,992558.3,992451.2,998560.4,1027677,1048350.9,1018792,983971.1,1026708.9,1011094.9,1046512.5,1055056.4,939977.7,973462.4,1052701.2,975974.2,964686.1,1012146.2,972039,991788.5,1024299.6,992340.8,953848.2,1006692.4,948541.1,1005215.6,1062759.5,1002041.3,996794,980898.6,896069,979414.4,963230.8
"FT0840",192.91975278608,922.180267333984,560023.4,566085.6,542084.3,512513.6,596139.9,1319957.3,698676.7,506167.1,743682.1,705488.1,613081.8,507374.6,468348.7,503076,799151.5,478535.5,713116.5,864235.1,743042.4,735401.3,656974.5,812688.8,730368,776480.7,810881.8,670200.8,754321.1,737516.8,820606.8,841348.7,545413.6,969409.6,706065.1,767353.8,932433,989338,1045153.7
"FT0842",192.919719583699,715.388549804688,763398.4,522282.4,395486.3,651879.1,623366.8,770385.8,491367.1,661994.9,858997.1,600627.1,652583.7,672935.8,792371.3,439095.5,864258.8,734785,514622.9,639916.4,578954,593277.4,548336.4,867130.5,601578.9,1078426.4,850788.1,589745.5,620874.6,1234599.2,594172.6,586089.5,568536.1,1210282.4,694482.1,725312.2,1083147.1,761867.2,836556.3
"FT0844",192.988198466755,545.726257324219,88901.85,32133.27,35980.29,547060.79,0,38101.44,129814.2,38897.85,33286.07,552820.46,0,31089.79,109626.35,56256.27,67814.23,538758.1,12715.66,44130.93,120048.4,51384.09,51218.93,556742.43,0,56397.99,147486.25,75433.71,43289.63,581160.18,0,68868.23,175103.5,89349.75,102323.01,574662.2,17167.67,66957.9,191619.07
"FT0846",192.990851004014,499.036804199219,116566.3,80385.11,73423.01,169820.54,177932.83,101228.32,116821.69,107058.31,52581.63,253225.03,208135.93,102787.58,102673.82,119946.53,103611.41,190630.54,63539.13,80140.21,103500.4,67408.18,61382.41,173155.08,177389.12,94380.59,87234.84,95152.02,49096.95,227123.42,205141.81,98991.67,109009.23,124480.23,69207.67,171390.05,190353.22,93061.99,125741.94
"FT0849",193.080435879749,163.21354675293,550554.9,533761.5,524255.5,492188.8,544957.2,500760.8,483323.4,525884.7,487653,526813.3,466069,536435.9,535814.7,534907.2,522714.6,491062.5,456553.2,469314.2,521974,513040.5,495573.4,491540.8,496185.1,491159.5,509818.6,542930.5,492095.5,504340.8,480915.4,495672.3,498263.5,478524.3,509733.4,502185.8,455985.3,490453.4,507001.2
"FT0850",193.979130438409,414.654541015625,34654.04,11583.41,29463,19181.05,58325.23,81906.3,47840.68,42322.19,38534.92,32108.05,59222.67,76183.57,63855.45,36780.56,35158.72,21709.05,151574.5,91807.23,50606.35,14730.02,31716.44,15376.53,51040.29,84497.73,53388.45,41315.8,32075.48,45010.8,59077.56,72852.86,58623.43,40273.99,15531.03,13095.62,151753.35,89519.34,47880.6
"FT0851",194.004689768095,547.136169433594,179156.96,217297.37,183560.81,95151,230451.6,186201.41,162767.14,183642.24,196361.25,49735.49,230583.62,175902.31,164175.19,147431.5,149823.17,61341.2,156786.02,181980.69,129535.32,154771.27,171638.78,32175.39,192947.62,138839.03,129611.67,142366.73,167078.06,19555.7,170663.35,146323.54,129412.79,138451.58,141781.79,36242.16,151638,157147.2,114015.16
"FT0853",194.891025959368,653.987335205078,68319.54,62620.05,56162.01,69706.62,62521.32,57500.11,58681.16,49752.07,57976.5,59015.18,60108.11,49647.79,41579.13,44433.84,62250.48,53773.68,56470.03,35803.12,43738.47,43951.7,49738.83,54266.32,51678.16,41494.64,44030.36,50390.42,44038.44,59318.21,50885.09,41070.59,38302.46,43730.32,43999.06,53185.68,38494.24,44111.19,53418.44
"FT0854",194.900447421142,600.407928466797,1238766.4,1384236.4,819003.7,716619.6,927445.3,1123793.3,1059544,1049792.2,1154985.8,989501.7,1201883.2,1033425,818583.3,1052898.5,1128851.4,669476.8,805999.6,1062841.3,995640.5,654140.6,1130890.7,675069.3,1304094.5,1032570.1,799047.7,1028058.5,1076967.1,950472.3,1200681.7,1095074.6,968246,1055164.8,1063611.1,670138.9,541871.2,1049488.3,984125.9
"FT0855",194.900558686125,671.149995849609,1367694,1168354.4,1246392.7,898055.2,1177123.6,1022241.4,1237695.5,1170324.2,1287401.7,1042431.6,1010833.2,1250392.1,588829.6,1114511,1213089.6,898845.3,969188.9,1379654.9,1152999.2,1030986.6,1129839.2,795308.6,1086053.8,1379150,1111380.5,1176700,1055865.7,800621.8,922235.1,1336571.6,1060027.3,1067655,1077475,835329.7,473529.5,1495772,1108365.7
"FT0856",194.905886952763,58.8498001098633,2610930,2584900,2507815,2496128,2426951,2574644,2533798,2399730,2644573,2747195,1626065,1560469,2489870,2793453,2890590,2873044,2966486,1937390,3099661,3072022,3210281,3321970,3238925,3402265,3401654,3555013,3667649,3721988,3691844,3768272,3815335,3964651,4106773,3977748,4071749,4213972,4267517
"FT0857",194.905885096856,761.359252929688,3045198,3380034,3011340,2389574,2785254,2856453,3817398,4133048,3408331,1597776,2408593,3340706,3448098,3919558,2453048,1099427,4343529,4455422,3551123,5067905,4349484,2659431,1497841,4283184,3945789,4354998,4872285,2323258,2876475,5179441,5633881,5113428,1213035,2174136,6112345,5276340,4461338
"FT0858",194.927560399758,652.579467773438,8326136,5239468,6884112,9302829,7206732,6898258,8322940,5797119,6947562,10300042,8178241,5532906,6377139,4468708,6419147,9743085,10250148,6756508,7057896,4342530,6526402,9830599,6965448,6670174,7424487,5487210,6653013,10086684,8007356,6481045,7245838,5344866,6630231,9180391,10844734,7445500,7968060
"FT0860",194.937281132569,598.994750976562,2140845,2082279,2106249,1950112,2506673,2216731,2260636,2153876,2146246,2119147,2456159,2182693,2279384,2185866,2487529,2236818,2665860,2324329,2317989,2437010,2463179,2012689,2382812,2394309,2424877,2361745,2343289,2272506,2440682,2546357,2434680,2389298,2479372,1185413,2268018,2523401,2414115
"FT0862",194.946588569908,765.69384765625,1596034,1094515.7,1847187.1,1547669.3,1523127.1,1764732.4,2012809.6,1876389.7,1825288.8,1724698.6,1507009.3,1173843.2,1079539,1471500.8,1252880.9,1063701.2,2753804.3,2577175.9,1466019,1067153.2,1093018.2,975045.4,735089.9,1451830.1,1630251.2,1316413.9,1259856.9,1307711.8,1906007.5,1957812.2,1512974,1200757.5,1263554.9,936209.3,2867863.3,1785200.6,1338085.5
"FT0864",194.946592054097,848.188201904297,667884.3,448022,677364.3,514413.6,640584.6,795346.6,630039.6,209148,796895.9,921878.7,595228.1,456567.3,446175.1,619679.7,461519.5,511337.1,420352.4,528880.1,546661.1,375344,475631.7,397013.2,518096.6,566411.6,564581.7,482857.6,421702.1,428321.7,642052.7,610440.5,469767.7,404010.1,265115.1,466060.1,927782.4,621048.6,620814
"FT0866",195.006171611205,532.088989257812,215211.9,200545.4,207455.8,177943.2,350467.5,196174.2,213379.8,194021.9,206010.7,200807.7,341827.3,214266.2,208663.3,201966.5,210869,175924.5,314550.2,195234.4,213412.8,183286.2,214427.2,196989.5,322074.1,219549.5,224843.4,198048.1,219321.4,194512.4,370600.5,222052.9,229938.5,208319.7,207683,179403.7,336194.2,221565.4,211677.8
"FT0867",195.033327762984,194.867004394531,65208.567,14708.724,8082.909,169043.132,2327.19,5149.537,63753.041,19592.868,15857.835,191913.15,1939.844,1753.599,67764.144,16001.45,9019.77,194853.439,2389.53,5709.459,60557.479,13045.419,7367.515,186896.64,1899.479,1371.556,51182.658,17357.466,13515.593,176714.872,1681.706,1928.367,58789.042,20535.942,17254.63,190459.541,3348.505,5268.39,59521.867
"FT0868",195.051049193753,460.809997558594,5803453,4664314,3000869,7558535,1701016,9304550,5979623,4768804,2975955,7648296,1814502,8986225,5652706,4720242,2855373,7741701,1869508,8468801,5779236,4474804,3046989,7636400,1733331,9356621,5926767,4865036,3064285,7840457,1900073,9811315,5980318,4644235,2846629,7909708,1830613,8781898,5829246
"FT0869",195.056383950753,186.613800048828,128901.78,113268.19,106610.01,112458.26,131326.2,128295.34,133204.52,107690.77,111892.03,131545.75,126928.01,108949.38,112616.25,103249.09,109348.55,119013.34,154986.97,93007.05,125701.52,108257.1,117624.26,116341.67,127255.75,105855.32,120641.63,130281.29,129300.33,112401.5,130688.34,118101.14,90681.07,125930.49,86837.32,117974.76,133209.98,123706.76,119443.98
"FT0870",195.086394173469,846.781311035156,1371392.7,986099.3,1332556.1,1695393.2,1583680.1,938087.1,1357840.6,994570.8,1275863.6,1687151.2,1483181.5,768322.4,1103988.7,955910.3,1236064.7,1551764.8,1394481.6,817257.5,1206261,855802.6,1142717.5,1494154.1,1360098.3,872368.4,1235047.7,932817.3,1169348.3,1520531.2,1443980,914514.1,1246112.3,984234.4,1227791.8,1568497.7,1437221.8,847143.5,1203728.9
"FT0875",195.976115010205,415.320236206055,80587.27,18021.29,48907.6,31180.84,74873.34,136606.84,70645.49,52674.52,48167.29,56075.02,79920.47,111362.35,77446.81,36891.41,48357.56,30977.37,208370.64,123566.69,60840.03,15077.35,45009.73,33836.01,73265.07,114283.21,74176.73,55276.34,47062.43,55137.81,78891.01,92893.79,75578.57,60805.95,40519.35,40338.37,194984.16,120749.35,72498.49
"FT0878",196.061579871839,739.66796875,121164.56,135774.69,113548.92,89021.59,85798.33,113491.44,105463.98,136250.44,146399.29,94426.04,86237.65,99688.36,107048.46,134270.52,119981.95,101542.25,92922.38,118527.93,112072.14,135729.04,126274.72,98682.34,94009.32,102530.84,102964.29,141216.1,153615.23,108770.63,86968.46,137292.18,131483.52,132503.45,112717.06,92017.7,92649.55,116636.57,112672.02
"FT0879",196.064914313403,410.409576416016,4845017,4019103,4569487,3895171,4711477,5193970,4616630,4628028,4334368,4235178,4857830,4881212,4540596,4423014,4133247,3629128,5864431,4994360,4239060,3506957,4192098,3605727,4300218,4906014,4220900,4436035,4161726,4184334,4535348,4648708,4354998,4321022,4057142,3641921,5456256,4690848,4209625
"FT0880",196.072742499532,274.735778808594,310369.79,329722.88,171500.86,456287.6,233282.84,100209.8,300801.84,324031.35,164839.74,483571.6,280368.85,113738.65,281267.3,340090.51,165912.31,480266.57,262427,91310.8,292472.5,345753.41,198921.19,466908.62,258684.12,90408.4,293798.45,324999.76,174364.25,476644.51,275222.04,97367.93,303278.35,367768.78,172963.55,453298.09,263267.48,100982.95,295968.8
"FT0882",196.885529286072,654.025024414062,1938286,1672715,1764837,1555297,1809121,1700196,1667838,1513604,1605742,1626862,1732828,1393757,1349631,1224224,1410675,1491156,1746631,1492239,1503805,1216881,1449117,1404531,1582195,1528830,1362145,1308645,1454525,1412424,1557227,1384951,1399825,1213986,1323227,1321328,1697156,1563064,1484826
"FT0883",196.894818334447,600.404871582031,25845873,28338237,25541446,13581175,28713179,22746480,21889606,21449181,23560129,15069363,25842749,21812429,21567387,21508350,23020822,14330812,21055363,21350992,20871003,23092299,22869362,13215263,30469101,21698325,20666655,21007683,21706332,14285785,23756925,21852789,20573303,21476031,22411667,13399212,30914387,22243901,20336234
"FT0884",196.894925538122,671.164947509766,26842173,24468135,26234496,18612563,21864015,30215951,25195215,25243035,26010281,21559938,20439133,25789474,22555554,22833925,23732854,18274485,26963312,27313888,23443976,20636215,23164642,15588818,20563997,28167887,22154925,24272851,22321958,18872256,17877461,27644513,22963663,21790837,21893290,16483280,28209673,30236418,21674560
"FT0885",196.906126275201,986.047302246094,125127.77,80010.55,103699.24,82457.27,100922.62,132290.05,117026.94,111853.34,117069.2,109339.47,124648.75,99785.61,118615.92,104528.61,98971.21,101041.72,171388.02,137373.91,120233.08,85196.73,115200.18,96769.84,124084.72,132372.04,115244.13,130780.16,107185.07,127626.32,111793.12,128132.07,116136.08,112401.38,109481.77,85877.47,174268.92,130935.6,126600.55
"FT0886",196.923267535386,652.579467773438,707238.2,439802.9,612158.5,816658.6,638257.7,606427.1,729341.8,498472.1,605567.8,858373.6,691137.6,468667.1,543550.4,367512.2,575304.8,859736.9,851523.8,579209.2,615543.9,366896.3,563338.2,858400.1,607668.3,562403.1,652592.6,462489.9,547845.6,862079.7,699491.4,543273.1,619570.2,455280.1,561196.4,783489,940025.6,632856.2,673598.9
"FT0887",196.925908932352,991.913024902344,79991.34,75085.73,85504.51,85324.82,77390.69,74124.98,77610.34,68961.17,92030.36,79410.17,77354.03,87359.78,65038.68,83094.67,68495.31,73902.64,88159.67,84082.07,76842.47,66303.42,68237.94,54604.31,72477.64,74652.68,78261.72,79083.7,85829,84942.77,71841.07,76998.22,86298.53,89710.34,70558.74,79152.69,83191.52,72766.06,77689.57
"FT0888",196.932413797915,651.899688720703,337714.2,246441.9,294676,297528,335438,327422.8,347020.6,302607.3,306972.5,341804.5,404132.4,305639.3,307245.6,202186.8,270428.6,316276,455245.9,340415.6,265117,195219.6,280863.9,302458.2,329837.9,341841.4,292147.7,270140.4,246331.3,317820.5,369513.8,328988.7,256382.3,266039.2,267994,274281.9,460276.7,360988.1,305952.9
"FT0890",197.005719541647,248.002639770508,505343.1,326163.6,278779.7,364374.8,0,494021.8,466226,388329.5,264054.7,371600.9,0,487084.2,460364.7,368623.8,340410.6,352283.1,0,461453,439692.3,265402.1,228860.9,343853.9,0,435593.7,402570.6,378464.4,265314.4,357084.6,0,476541.4,441528.9,395705.7,346456.9,372719.5,0,454031.6,413586.4
"FT0892",197.056607445415,509.983001708984,84904.16,121207.18,118437.03,111161.49,125399.54,103949.24,105010,116070.41,114490.91,94623.94,122990.53,113336.88,91645.98,139571.82,117530.97,101263.71,124531.53,107983.05,107315.38,142527.69,117390.35,102962.05,120775.96,120404.81,133737.95,149775.6,120969.36,98476.09,115240.35,143497.93,139161.55,144212.88,94642.32,89032.98,162337.59,120551.77,129351.71
"FT0894",197.807978304457,397.804992675781,604265.7,947678.3,510364.1,754194.8,526598,558340.4,796282.9,890656.4,815339.2,659240.4,486228,460400.3,435840,455498.9,798587.7,876808.9,590791.1,523514.3,628978.5,539184,671198.1,669688.2,457024.3,511519,389196.5,425112.1,628704.3,687230.5,535943.7,407755,669458.9,578983.7,392594.7,641954.7,436757.1,398720.6,489881.1
"FT0897",197.895072656303,672.528869628906,2989915,2767651,2993454,2097462,2414355,3307731,2735165,2713283,2879727,2433235,2228549,2989562,2580664,2513142,2640256,1990371,2992730,3182787,2571815,2380808,2580770,1731589,2285948,3234769,2387741,2706891,2469743,2030077,1845491,1870001,2501041,2403649,2351666,1849533,3141212,3346468,2377186
"FT0899",198.060766784148,410.409788208008,188036.3,164750.3,180564.5,154331.6,184724.1,221167.6,190043.4,173390.2,179869.6,163168.9,201541.8,199269.7,186155.8,180327.6,162103.8,139291.1,237550.3,201648.5,186818.8,133424.7,184989.3,135983.2,167622,195254.3,161207.9,180390,167052.8,182427.8,178497.2,196369.4,178184.9,169124.9,155188.8,136968.4,202133.9,174810.2,181052.8
"FT0900",198.809201576399,407.610260009766,922018.7,664977.3,733079,675941.1,824325.8,914394.7,814532.5,753482.1,747676.2,829902.2,939181.6,940626.3,908832.7,794166,707860.1,707793.6,1070168.7,960461.6,796970.6,616005.5,764817.8,716059.4,916960.9,982751.6,825611.9,808734.3,790129,859267,914988.3,941083.8,885777.4,809014.5,753636.4,745894.9,1030976.7,948753.7,841660
"FT0901",198.89339268034,671.847381591797,731985.8,669786,675688.1,520058.8,724223.3,555747.4,239734.3,701872,840734.7,577170.8,553056.7,717199.8,612444.4,591946.5,667840.9,429515.8,820039.9,712640.8,675074.4,601168.6,474647.3,435217.5,560162.6,734404.9,606774.9,610932.9,624920.6,457073.4,654391.2,685038.6,596094.7,624747.5,517126.1,167045.4,491270.1,591153.5,583953.8
"FT0902",198.89330731867,599.056518554688,682550.2,759324.1,669940.7,358264.4,778327.9,590356.5,610701,572765.6,633258.6,495385,519855,574557.8,396543.9,588731.1,602149.9,471313.9,493750.7,585074.6,571311.7,649414.4,443467.3,500703.1,367257.7,600317.5,572948.4,575198.2,499429.9,452986.8,452770.8,606588.5,558292.4,577214.6,291077,314620.5,339785.5,355059.5,568182.4
"FT0903",198.90529825583,988.968811035156,10494661,8754237,10794980,9894959,9620541,9632456,10108957,9784507,11480907,10439336,9780086,9375194,10101868,9641455,9854739,9734508,10433583,9109554,9385309,8147054,10156652,9160298,8936876,8694466,9352322,9552130,11311949,10410307,9188761,9311409,9510808,9352959,9471063,9033922,9792028,8994728,9581074
"FT0905",198.917989447702,689.782470703125,1569339,1360317,1662612,2813434,1528665,1878487,1684053,1788343,2410102,2103727,1604618,1714698,2216922,1306604,1473893,1519825,2017038,1088668,2537752,1359600,1452515,1223213,1358843,1719248,1567032,1502179,1356517,1923612,1546079,2674894,1705867,1419648,1394594,2545025,3141117,1835968,1364695
"FT0906",198.918052929686,910.526,318900.6,124265.6,276840.5,216935,237937.3,304743.9,212150,254432.8,353316.3,178945.1,186563.8,221943.7,148181.3,257727.3,227072.8,356756.7,337726.3,297413,274187.8,208931.4,230781.5,608498.5,208218.6,338122.6,267172.3,137199.4,169702.5,142524.2,199853.8,233660.3,322273,182980.8,214313.1,172114.2,402952.9,362657.1,371660.3
"FT0909",198.918038692636,817.92041015625,784637.61,633377.06,71104.64,903489.21,937646.45,1377966.07,888816.54,483720.77,842146.92,1035130.15,805774.96,811254.98,568416.01,591679.97,728004.88,742545.52,1043570.6,694350.13,955453.07,228857.36,596880.64,526016.88,559047.81,688225.05,629546.22,774289.69,490765.79,100123.65,869699.13,737456.25,825220.26,810667.91,640411.18,626510.95,927157.67,866828.8,847231.79
"FT0910",198.917798032634,581.851745605469,2454729,2007607,2130975,2264642,2589648,2537329,2395599,2142002,2060998,2394932,2778919,2330964,2207112,2073218,2036350,2214231,3143217,2482791,2253831,1936067,2044793,2150564,2478141,2407632,2228121,2083270,2008285,2295155,2542668,2426060,2316930,2249676,2073718,2198103,3128893,2444030,2367652
"FT0912",199.00147398013,449.610931396484,90420.24,48680.61,77075.34,91629.86,49083.57,74905.45,101365.69,54630.9,100430.81,93468.29,54583.18,82399.53,90333.13,46698.1,68055.5,104653.83,53781.46,114955.56,90478.86,56858.78,82194.72,85937.55,18460.77,76726.97,79056.98,66402.53,88380.87,91258.55,32487.42,90844.63,88322.63,32670.35,66147.13,91666.87,32051.64,114312.62,84435.57
"FT0915",199.037790543341,333.687927246094,19626066,10845401,17760190,14819581,20159101,15310116,19176389,10913997,15964242,15072125,21682741,16273182,18612112,15074088,18541988,11020087,53290724,18936180,18101159,10019488,17400657,15005579,19437659,15172826,18187203,10928516,16267979,15028978,21179519,16293451,18439920,15514862,18366899,10299125,51130818,18997628,18963318
"FT0916",199.037503676076,481.427001953125,113352.9,96097.41,140420.62,247411.2,0,58087.58,134534.98,74828.91,138328.15,228239.17,0,31498.89,117725.51,70973.35,117537.72,237543.47,632458.12,32946.98,122651.93,82739.6,91566.37,215810.98,0,55424.12,101279.3,68199.92,122209.75,229732.68,0,26632.78,72831.06,63053.07,100043.95,223278.35,673494.13,31710.81,107421.75
"FT0917",199.090403397327,161.874557495117,2600334,2749721,2643875,2639853,2490448,2524732,2531960,2506364,2538976,2565974,2489608,2405703,2495476,2512374,2560157,2477853,2233845,2412207,2500243,2465673,2449255,2417715,2460307,2385160,2469160,2464771,2433642,2539543,2369947,2364276,2515285,2446807,2495813,2445050,2150106,2296128,2462597
"FT0918",199.134037629253,90.5235366821289,79700.07,93866.21,158939.79,143227.57,129158.75,114143.12,120088.69,149904.52,176504.3,117968.09,236012.05,121732.3,69698.39,79068.04,114597.78,121431.03,134153.35,121059.41,66899.14,93105.05,175806.89,159205.97,177206.85,91800.2,94669.37,131427.71,185666.72,110422.95,214245.93,119544.35,77150.3,79913.03,125553.11,130719.03,78089.06,127051.89,98269.22
"FT0919",199.170392991778,87.8796997070312,1578567.4,677099.5,757925.4,2678164.7,965754.9,812160.4,1445823.4,760363,843060,3064030.9,1239839.4,867630.6,1539380.9,702973.5,840659.2,2573326.4,994770.4,870879.6,1443157.5,652012.3,715073.1,2712356.4,972863.7,765732.7,1401505.2,821242.5,822616.3,2994349.4,1280064,914265.9,1481392.6,756762.1,812821.6,2639881,1031196.5,842650.1,1479637.7
"FT0920",199.592162083601,161.874557495117,473846.1,490204.5,437140.4,478015.1,441918.6,416811,453708.9,409606.7,445445.2,446539,421572.5,432769.5,448269.6,427360.4,440218.2,428416.8,389217.3,434327.6,436663.2,417275.8,414116.2,425171.4,440599,433779.3,461613.8,437968.9,440211.7,443732,424631.3,392849.2,441630.4,401074.1,456197.7,469826.7,364117.3,399573.9,431003.6
"FT0923",200.056482170831,234.50813293457,56778.306,3524.482,6257.74,96432.548,19551.935,18893.533,57473.802,12945.538,2579.258,122910.229,23402.404,25465.305,48847.629,15528.354,8934.67,118395.498,57269.782,24493.997,36038.966,4114.217,7248.72,94107.124,39949.143,37391.54,49538.127,11891.856,5305.649,133310.091,27345.418,35048.301,43758.242,20312.96,15391.415,105714.019,64124.101,19833.126,35417.868
"FT0924",200.088365733743,160.540756225586,213806.2,231689.4,217863.5,222662,203600.7,189266.1,188228.5,199471.6,186515.9,212861.5,192237.9,187547.9,215838.5,197326.8,198480.3,208962.9,180132.5,192859,205104,163803.1,200089,197556.7,216581.7,212988.1,205915,208957.3,194183.6,190350.3,182796.1,180992.7,205403.1,185860.9,202167.9,183369.8,142180.6,142658.2,232021.6
"FT0926",200.806295983743,407.634552001953,1223137.5,903628.5,1023702.7,939399.7,1172596.7,1304689.7,1156459.8,1054346.1,1012627.2,1131706,1255730.1,1321221.8,1185089.9,1114474.1,957568.7,979310.3,1494791.2,1310885.5,1121213.3,832552.4,1047435.1,969540.4,1246983.8,1358507.6,1140032.6,1137098.4,1077196.1,1192561,1286779.8,1313557.4,1194341.4,1107095.8,1018539.2,1039424.2,1434284,1331107.8,1177842.9
"FT0927",200.903455183866,988.985473632812,1504864,1254039,1549828,1424513,1357282,1383764,1483266,1413631,1667111,1492856,1368593,1330300,1493931,1391409,1433971,1408774,1494194,1318410,1335057,1165102,1464747,1302042,1245459,1238375,1358804,1382739,1636726,1490306,1356189,1303851,1370971,1352262,1342970,1319211,1430891,1303544,1378130
"FT0928",200.909285215513,988.994079589844,105527.99,88884.06,95230.5,97012.07,92946.78,111841.29,96881.43,100470.72,105339.9,113183.3,103937.52,87002.68,100167.49,93045.98,97603.71,83519.13,100891,94413.76,83391.64,61569.81,92214.01,93005.81,81889.81,94763.54,97903.55,92719.68,115276.23,113049.78,85086.85,95678.79,93720.3,99183.87,96466.38,88389.44,102190.99,91421.43,91128.28
"FT0929",200.94193322824,983.128173828125,4930949,4024103,4751424,4275755,4870480,5031942,4937302,4896230,4842214,4790394,5068483,5141561,5024897,4757805,4542900,4378305,6297884,5341933,4877711,3988214,4688741,4340887,4974829,5271157,4930545,4880328,5030974,4899426,5028137,5258838,4987669,4826371,4734204,4442453,6314732,5597626,5086422
"FT0930",201.017019821522,556.89599609375,64935.365,17139.941,12116.663,116770.158,40804.61,20428.279,60884.21,8072.523,6668.489,126617.228,44231.157,25369.834,54963.016,3174.25,5781.566,119741.35,40171.977,22744.685,44227.449,5015.564,14527.658,119630.475,25817.134,12221.188,49427.485,11128.394,4332.821,119993.977,31454.4,23421.937,37243.832,4909.969,1888.665,124121.432,24194.908,17087.624,64249.336
"FT0931",201.019344695148,504.530853271484,48441.87,71483.01,35255.45,0,83933.05,80340.71,58916.2,72790.37,30251.88,0,99102.52,71357.12,32622.57,74080.9,56340.82,0,97819.18,74297.38,64552.01,92816.25,48323.11,2626.01,118782.37,83829.55,76686.86,98395.72,47398.94,0,119395.77,83983.62,73745.86,99738.91,59435.88,0,136955.87,89541.68,78341.31
"FT0932",201.0381680642,577.690002441406,114006.73,158148.68,119752.35,84336.75,196678.31,104976.74,122308.9,99777.47,100483.35,65140.65,161086.85,117757.06,102777.3,111304.82,101856.15,80744.34,45720.93,105409.32,105818.66,160455.12,114682.22,74550.22,199362.95,96064.34,89653.64,107099.5,105793.67,62594.49,172569.23,98190.4,117623.23,102101.23,100378.5,77541.71,63636.73,104754,116665.4
"FT0934",201.088183716819,183.792999267578,112874.76,161909.01,121132.27,95163.67,60512.86,88586.92,101391.15,126305.41,126441.25,102694.75,55871.45,112478.91,103082.85,140631.45,125398.33,89676.98,50277.67,88676.85,96245.65,119877.94,124212.47,86072.12,73946.34,95478.91,127237.76,136867.28,146425.05,106575.86,73341.26,94371.33,93735.42,123829.43,112014.24,83594.75,62207.79,85774.24,110104.65
"FT0936",201.124570506981,367.259368896484,28665.037,22292.712,30449.046,1560.324,59849.974,39324.401,19125.259,18153.243,33038.524,0,65102.978,40978.205,31060.925,13937.434,22623.679,5813.32,61054.169,45029.529,29700.63,23439.199,26744.169,0,72687.138,46170.567,23324.764,20896.938,21991.433,1965.917,73217.108,42467.335,27619.608,20395.581,16291.735,2664.802,66034.511,41591.864,21033.697
"FT0937",201.135876745488,708.258972167969,113196.92,81436.45,100168.24,168187.24,102294.73,75787.07,117484.38,79587.07,94995.4,144395.92,111493.97,62307.62,100211.06,70553.1,79613.9,154223.53,88656.99,68617,110493.32,63586.26,91863.4,159425.89,107846.76,68002.23,97104.5,73789.12,98224.75,137808.74,98991.07,73609.6,92575.59,63511.43,90314.78,144628.2,93595.34,72259.33,106911.46
"FT0938",201.945365780811,983.130981445312,93119,87457.84,101555.09,84365.65,109851.13,113201.39,97766.84,94475.7,108470.55,105412.56,121358.53,103252.96,97782.3,114310.93,100196.05,91601.32,130201.61,108512.92,90276.83,79124.65,103615.82,80080.08,114709,106543.96,116523.36,101589.45,95176.68,111669.91,106646.76,122560.38,96668.99,92043.71,107351.05,87867.72,133819.28,106767.82,100193.92
"FT0939",201.955708412946,273.358000854492,53480.09,53303.9,68084.05,68152.8,42604.23,48301.54,46754.33,55467.68,72729.05,65651.25,34766.22,46288.72,40762.03,42274.8,61399.6,66259.61,39977.3,39088.59,44862.93,40831.83,67147.93,58544.86,32978.27,47820.93,58350.34,48316.25,76064.56,66568.7,26314.44,37933.04,61029.04,55539.1,63156.42,65328.72,40071.35,40057.85,57867.64
"FT0941",202.003496540746,518.9462890625,257237.1,229253.9,265640,290323.9,285104.3,253240.5,283458.4,279581.7,283896.3,344847,361342.1,287369.4,257778.8,293194.6,310195.7,334817.9,354312,292960,356047.6,316545.5,330729.8,389761.9,398853.3,330922.8,421790.6,386786.4,414828.7,445677.8,453947.3,345109,422327.4,390969.2,369570.1,411914.4,531164.1,366217.4,508153.4
"FT0942",202.072188760059,558.307739257812,249564.6,182663.4,265292.2,299707.7,120085.4,224209.7,262194.1,217915.1,304753.1,373118.4,119255.8,189469.6,241539.8,256119.5,233307.2,350458.3,103866.9,177073.2,263380.2,221385,252751.1,250731.7,117291.7,219024.2,267970.9,219711.2,295671.6,286107.2,113066.8,211490.8,269128.5,196715.6,209404.7,325898.5,109403.9,226375.9,222051.8
"FT0943",202.072208732587,418.078536987305,90800.76,22550.09,34671.16,142362.24,38437.16,19693.56,80233.27,34302.83,19594.23,181989.74,55054.19,31297.19,76602.22,32805.68,17410.39,167032.96,26148.59,29750.65,71040.86,28234.93,21514.43,151440.34,48321.39,33318.05,53292.08,28113.98,25287.46,183442.37,38598.3,21777.83,59955.27,15138.98,17452.88,161276.16,21984.02,19761.02,72016.79
"FT0945",202.94010997343,983.130981445312,371178,286153,340313.9,291692,343799.9,364892.2,346071.4,347070,346300.2,335176,371468.1,357312.9,361512,349993.6,321404.2,324691.5,440195.9,415690.8,362896.6,291273.1,319739.1,298909.4,352533,375747.8,364944.6,372021.1,361984.1,366596.9,339722.5,362060.4,354716.8,330017.2,337506.9,323054.7,475063,411680.1,366869.2
"FT0946",202.946154078817,983.131134033203,43496.9,49959.15,50959.17,53328.78,61739.8,64672.04,49569.96,62209.9,52298.43,57425.12,62803.89,61278.77,63391.97,60548.21,51718.8,45184.91,79609.5,65953.26,54344.38,49349.52,62980.71,46654.47,72396.03,60635.85,54184.35,62278.9,45210.23,56511.94,47997.23,69219,52840.48,67793.19,53294.54,45391.32,86958.94,59709.05,57188.46
"FT0947",202.952661176423,964.06689453125,3289559,1789567,2691774,1998242,3140936,4107179,3068780,3000946,2555667,2838761,3646253,3892894,3160388,2992186,2486663,2086447,6051363,4727008,3213147,1681594,2596319,2091635,3396829,4245159,3085621,2946451,2795007,2662838,3435731,4220218,3154897,2768242,2453351,1961838,6018243,4257508,3027363
"FT0948",203.00212053761,170.690628051758,165050.67,100449.84,119372.51,143585.93,294872.18,83953.92,160689.57,82323.75,155613.45,177293.29,398552.42,93367.52,184682.83,104218.66,147695.23,174321.71,389459.77,79614.93,156835.71,85302.42,130920.37,144934.14,274421.31,66690.8,144574.37,104425.04,154186.93,192961.14,405676.44,103947.46,171795.2,109119.92,102397.2,122722.36,377536.9,107227.26,164117.82
"FT0949",203.0286818578,470.644378662109,133550.9,264126,165410.2,123450.5,196664.5,136968.4,126395.1,232341.2,183985.4,114520.7,174553.7,145401.4,132477.5,231947.4,150142.8,130186.5,142632.9,174543,125750.6,255675.7,169218.2,135720.1,210037.4,159488.6,154239.2,262004.1,200743.8,125792.5,187467,166052.9,151568.1,237705.6,160265.4,143419,137286.5,188808.7,136387.8
"FT0952",203.067476337388,316.897338867188,266994.67,161854.58,179122.19,451775.63,86216.61,151936.38,262717.03,173300.13,174277.27,420072.15,110680.82,148772.12,252225.75,168827.97,174556.93,480093.42,92650.08,125973.16,217491.94,151770.86,184926.5,428340.96,107142.48,144444.51,239068.31,161243.49,181958.85,440211.97,96174.49,144854.57,253707.43,169258.36,164488.76,466507.75,85447.21,127970.11,234437.22
"FT0953",203.067427689021,561.067260742188,193483.7,230148,235291,130070,182704.2,174812.8,166581.6,188290.8,236276.9,112522.2,195174.6,178792.5,180559.3,198168.1,186923.9,132808.7,191983,167061.6,164267.8,221096,243831.6,143648.9,197144.3,161653.2,171829.9,192217.2,232273.3,105284.4,210933.6,165661.6,169754.5,181671,230380.3,128376.5,157286.6,185600.4,183149.6
"FT0954",203.082721215912,333.633453369141,6314506,7087781,7676806,4841305,5725038,5712802,6114278,7318018,7577101,4436345,5767873,5607532,6053204,7394304,6953355,4924353,5589408,5555069,5814464,6768742,7378823,5010397,5571846,5724663,5875330,7271639,7652111,4428853,5664115,5572786,6020464,7529637,6761921,4670188,5289289,5589119,6035325
"FT0956",204.051177817147,518.942321777344,326266.3,274882.6,296872,535124.3,201209.9,230440,325996.9,234434.1,311742.6,558744.7,162421,233921.4,355291.7,268245.4,269346.8,559728.9,157811.9,232599.4,327966.7,274135.1,311441.2,553781.3,176505.1,288258.5,368958.7,282939.4,317166.2,549073.4,185943.7,260258.7,356371.1,249069.3,297862.3,606797.8,165758.3,262379,318972.3
"FT0958",204.064209976126,252.153350830078,38653.425,96688.28,93665.463,8929.651,103164.294,56688.327,20827.767,75479.383,95315.893,10015.483,96751.488,47037.278,44435.398,66516.442,68529.564,10887.128,89601.03,56523.273,33622.994,78349.722,93181.427,8919.61,107748.912,38507.974,35803.797,76655.058,88677.858,2326.669,94041.169,42646.065,28025.777,73441.486,66285.33,2591.176,79604.708,61140.694,31772.365
"FT0959",204.066649129801,181.021575927734,54026.96,5259.575,17641.983,157839.386,7348.289,38416.999,60931.085,9292.94,17781.314,92278.444,18616.393,50507.057,57110.105,9777.652,24370.929,110872.511,39986.98,52165.395,36565.109,2430.238,6294.944,140411.82,9860.604,38674.936,62655.341,5263.015,16441.452,76135.055,11575.548,47497.574,59266.587,13296.967,19006.29,101897.832,50560.659,58648.007,57466.281
"FT0961",204.08779268854,392.227813720703,167240.16,61537.61,42262.95,320272.78,89198.28,42829.64,153015.66,53933.14,47362.5,296145.46,84080.44,27656.73,132880.89,47230.73,29124.98,273108.59,83321.74,29682.39,118548.78,47203.35,29266.57,266352.62,77403.9,50487.11,130483.6,49614.38,30389.69,263454.4,69876.93,28526.09,140178.2,39838.1,17703.95,234950.58,87962.52,25266.17,113385.81
"FT0962",204.800353901071,408.570358276367,146150.6,108799.77,109812.75,102138.58,133988.78,159163.42,126834.28,112539.43,117679.25,114508.9,143920.16,150793.55,139965.35,118961.07,109110.73,109552.97,165887.39,134245.38,130262.15,79312.67,118796.42,112993.7,133495.35,136204.29,123013.12,137695.99,114068.82,140573.89,136217.2,142152.45,145130.84,125321.97,121519.13,120279.89,104048.45,141588.93,138669.86
"FT0963",204.913229287453,978.653747558594,31324441,21226367,28133806,22885576,31279778,38022734,31693423,31312698,28951811,27618113,32137941,34637434,30948419,27600115,27235222,23612780,57034788,39063854,30214833,19362380,26651509,23069118,32367348,36510087,31022826,30339799,30332561,29589700,33626617,36883284,32370215,29987258,27698837,23418274,60051246,42302577,34301483
"FT0964",205.035418916643,639.786987304688,598464.5,1149739.8,1424782.6,383594.6,594625.1,338313.8,579755.3,1011889.7,1542733.6,409581.4,653160.5,400575.4,647100.9,1150448.4,1503937.4,427343.8,553898.2,361299.1,601062.2,1127178,1568411.8,411504.9,674215.5,391338.1,598362.8,1264566.1,1849931.5,429682,740907.4,422230.4,645231.4,1190632.2,1624838.9,458458.4,639276.7,451918,757121.3
"FT0965",205.075159353823,408.970184326172,140141.96,127152.4,132484.17,109849.19,140535.99,139516.52,123399.23,129448.12,126345.32,134206.65,127787.76,130405.14,126722.67,139233.04,126846.04,108270.28,129626.82,135934.65,134796.95,110649.9,133365.64,119132.21,127217.03,128845.98,125805.62,133710.88,119827.61,128174.97,141229.76,137175.93,142519.25,106431.34,130677.01,107960.11,117157.27,98949.59,123541.21
"FT0966",205.083062359239,439.037994384766,134181.093,0,36118.561,0,1029479.089,71632.866,127795.874,0,33554.051,0,989560.903,77590.625,112649.5,1688.146,0,0,615261.563,59632.7,95408.472,0,0,47497.222,942983.531,70116.652,101068.027,0,0,52554.449,984038.777,75269.722,144694.651,0,0,48852.548,609445.562,66544.118,153332.041
"FT0967",205.159773228538,90.314079284668,13561440,13367045,13140097,9599719,12614525,15690895,13815675,13939716,13164338,10121789,13460794,16249176,13775431,13857920,12184692,9577698,13978544,16814780,13184479,12788616,13073679,9775830,12884777,15695629,13299281,14229438,13395634,9670112,13665831,16167458,13458412,14169392,12085051,9623284,13948535,16529439,13397528
"FT0970",206.046868525159,58.8172798156738,1072094.1,1075386.8,1015764.2,1128181.2,1036412.5,1050526.4,996934.2,833771.8,876620.8,915220.9,1020528.6,1033285.1,940360.8,969473.9,790676.8,1042026.6,610145.3,704486.2,948741.2,817120.2,597740.5,1067334.4,962372,940741.9,999478.5,947761.5,833734.2,704709.2,621681.8,588454.5,897034.4,977435.5,944965.6,946574.8,568839.4,903509.4,938872.2
"FT0973",206.911435220005,978.747863769531,2233768,1509438,1973033,1660399,2288130,2719670,2243703,2192453,2098962,1944822,2262799,2515250,2213968,1955784,1938633,1681804,4080448,2749641,2137837,1399668,1894869,1631660,2346541,2679406,2173480,2163606,2168173,2106051,2449951,2732066,2357834,2189428,2015915,1673796,4348207,2992018,2501354
"FT0976",206.95000287695,57.4272003173828,1830147.8,1754720.3,2364979.1,2651980.2,1562789.3,2435353,2077464.2,1584276.4,2618334.3,2528807.4,1578424.3,1463695.6,2028218.4,2435200,1707963,2491660.8,1280159.1,660607.7,1728268.3,2443832.5,2316539.5,1619539.8,1610971,1597055.8,2524909.3,2047052,1961312,1401328.9,2264784.6,2410072.8,2446270.4,1543024.1,1436133.4,1667157.2,2456915.8,1595753.8,1737498.8
"FT0977",206.949999715344,457.998352050781,455287.7,861354.4,643126.1,485917.9,348536.8,627612.6,474184.9,872772.5,606453.5,437509.3,342529,594945.1,246747.2,764126,686485.4,401988.1,271451.6,587301.6,332561.8,648451.9,537218.5,386346.1,204607.4,545241,398527,790009.6,511178.3,417592.7,286739.1,577299.6,340916.7,762227.6,514426.5,379570.2,250378.5,572806.6,315059.5
"FT0978",206.958336848453,536.135986328125,1382463.2,1963091.6,2224700,410370.8,1137823.9,1638941.3,1330121.4,1842904.3,2273405.4,316643.7,1113379.2,1797919.1,1407967,1843410.3,1890800.5,338370.4,920750.1,1805274.9,1277637.8,1833619.2,2125333.3,385344.4,1122182,1717258.8,1351921.8,1882026.9,2211519.3,291956.5,1143439.8,1657226.3,1307816.5,1701436.3,1888343.8,347028.4,989739.7,1795429.1,1386639.8
"FT0981",207.004148575305,319.70947265625,96728.474,18232.899,17407.945,115406.865,0,8214.146,104768.295,61914.506,18872.557,223693.522,0,8544.318,86909.246,74427.466,65611.652,351224.68,0,1341.432,104295.635,8028.346,5704.974,111237.631,0,8119.123,79896.884,56225.743,8220.007,236252.318,0,9349.673,95811.51,57781.328,56955.508,336211.175,0,0,84682.654
"FT0982",207.012192511124,104.312633514404,553219.8,304675.1,535797.8,227195.2,196149.6,353311,570150.2,756126,325022.6,167800.8,275116.1,403552.6,623836.5,618368.3,773959.6,637983.7,293990.4,816589.7,568180.2,277649.3,602609.4,257176.6,188118.3,373517.7,1039377.3,746035.2,294425.8,218288.2,242661.8,446048.7,624119.5,632463.5,833122.8,327597,147538.4,853011.7,634361.7
"FT0983",207.139175707865,87.7404251098633,359670.1,337836.3,506914.7,440530.8,371949.9,452989.5,328368.1,396068.9,407071.3,537182.1,508353.1,602204.5,427322.2,537838.8,484995.7,601679.6,745143.2,622035.3,323470.7,429514,559404.6,491605.7,465311.6,553404.6,399479.9,489961.7,503687.7,600106.3,549225.1,707405.3,426869.5,642331.8,504675,669052.3,846505.3,717500,481664.6
"FT0984",207.139206682353,1157.0546875,371023.1,305185.5,361147.6,378862.1,364781.9,317687.2,310202.2,375213.4,391893.8,405247.5,369951.3,371520.9,377999.6,382316.9,400941,402435.7,386368.6,391126.6,388755.5,378397.9,386643.2,385888.8,394422.7,382131.6,392507,387199.5,380903.5,399785,413869.7,365614.8,403958.6,378986.4,374597.7,405326.1,385376.6,256361.1,373319
"FT0989",208.845347148279,406.1669921875,173400.9,128852.5,159890.7,138074.7,156201.7,152489.6,165981.7,157738,146771.1,150319,154770.2,155495.7,116704.2,144627.9,137838.5,137177,135543.9,172781.4,152895.2,127979.2,154320.6,125001.7,155000.4,140563.3,146914.4,153426.7,147152.2,151737.8,151512,167486.4,154594.7,146772.6,138090.5,123408.2,105640.4,165843.3,126321
"FT0990",208.902719209752,414.582733154297,57129.95,18956.77,40613.07,16439.25,50110.61,113956.83,57888.65,55737.67,48884.91,52145.05,79217.23,115606.26,68615.18,64591.1,42624.86,43723.3,150223.67,113413.46,62643.89,29592.48,51750.91,43107.41,73241.77,113802.5,62654.7,68551.84,48782.31,61193.53,60954.04,101510.8,61084.95,55889.65,44818.44,35752.92,142370.35,108621.24,55222.25
"FT0992",208.951587599488,246.649002075195,46483.926,10485.428,12133.972,80541.374,0,39819.719,56594.323,27503.012,15521.822,87549.544,0,48692.602,53445.997,16727.566,16836.767,79534.961,0,25064.491,51375.356,7219.115,8507.548,81618.96,0,38791.995,36093.124,23189.092,1806.795,79964.02,0,46123.836,57048.546,19834.027,18931.894,84142.884,0,24860.717,37571.336
"FT0993",208.954153771538,963.578308105469,1940252,1367670,1766127,1478435,1875920,2312578,1784159,1890301,1711107,1625049,1914863,2190249,1928305,1812058,1607005,1479090,2934702,2169335,1754611,1395853,1625548,1405506,1918985,2001464,1868851,1963914,1731078,1717150,1963737,2083548,1803405,1738152,1622186,1369404,2669157,2221652,1948573
"FT0994",208.985067298683,488.10205078125,97398.64,157033.33,99069.94,34183.89,364502.09,145892.31,81685.36,144687.5,107064.43,22609.84,316421.44,147713.76,83370.72,144746.94,71454.13,13838.33,216593.22,152385.41,76730.11,124603.39,88246.04,28875.49,329593.86,117326.49,76301.76,124404.16,96134.62,20122.21,294164.43,118561.65,85836.34,105621.89,81077.4,17359.87,171671.08,138457.28,69832.75
"FT0995",209.06674904447,409.016143798828,79846.786,89629.091,58974.755,126432.404,8636.271,29991.971,70776.579,75124.952,59968.386,130896.131,10333.002,28065.194,72814.576,75012.622,61863.541,137423.397,11467.974,36433.896,63932.22,83317.709,51366.643,145073.601,6698.273,30420.574,73553.786,82033.592,56523.336,115640.231,18314.709,29057.634,62110.799,82191.772,57588.308,135630.941,1955.695,34663.624,69181.554
"FT1000",210.007667748854,577.690002441406,176566.017,115685.727,19842.542,510367.043,11581.354,5137.645,163611.379,76021.207,15394.047,442950.726,16256.755,0,167722.401,92923.165,18244.804,551880.151,0,0,155498.881,106936.807,31398.994,555430.207,14137.876,9472.824,192494.608,97530.871,24377.613,449559.629,3940.514,6641.707,159876.237,94116.507,4018.26,510286.119,0,0,170103.496
"FT1001",210.088477021534,511.261901855469,258970.9,284312.4,235448.4,230389.3,242095.4,237802.7,273253.5,274018.3,286023.1,215186.4,341495.9,279748.5,281561.4,309944.7,241682.2,181293.8,314647.6,244831.6,227980.2,286059,287700.3,220163.8,307103,243168.7,239967.1,283130.6,293016.5,225653.9,267753,299059.9,251185.9,290182.4,223985,219500.5,326789.3,304963.3,308821
"FT1002",210.842394562928,406.161727905273,242971.7,213243.2,217108.5,193780.2,188025.6,233410.1,243775.7,230664.5,207843.6,219249.3,229278.1,234780.6,225585.9,222140.1,190527,180936.2,240596,246018.4,211785.2,174861.9,196550.3,187262.9,203686.9,240251.2,218185.8,213203.3,202566.2,204664.5,226559.5,235451.9,188387.8,190316.2,201062,196454.9,201988.1,246053.1,207648.2
"FT1004",210.8997498525,414.617156982422,43943.35,10420.02,29377.87,12567.37,31276.32,81855.89,31945.63,26179.52,26880.45,37050.44,31966.55,80192.49,38169.18,30877.29,24900.32,17286.82,106448.4,80105.4,41490.52,15903.92,18199.72,29268.33,48214.92,77270.12,25905.31,50010.38,31342.64,42171.43,46709.56,72728.11,41409.06,24338.39,20222.93,17639.09,77037.08,89929.06,32684.99
"FT1007",211.001411721831,457.992706298828,1706570.4,797308.7,1181339.2,1692436.7,7401185.3,811567,1804002.4,562830.7,1270074.4,934790.7,7143817.3,802247.6,1655414.5,551578.5,1062049.3,733263.1,6616601.2,794948.5,1683738.6,754854.7,1204317.4,1656693,7053750.5,786143.7,1696634.5,774257.3,1232328.1,818757.6,7279181.2,813097.9,1726599.8,529133.7,1095218.1,1591830.9,6786886.4,799787.4,1690659.5
"FT1008",211.097699042453,101.598999023438,114997.73,197340.23,317041.6,273996.18,277681.25,184577.99,137559.42,167843.32,310219.03,177858.88,404560.31,146161.62,117259.23,119468.34,182267.45,149795.51,211093.5,180626.9,159565.84,191338.59,302167.73,296860.9,310747.77,175132.15,112251.2,183306.87,376386.46,200747.3,424384.98,171321.37,95681.27,156132.87,136631.67,125547.16,182541.52,226773.77,153596.8
"FT1010",212.004763949899,418.818664428711,336828,28226.8,66521.91,64291.79,1510100.87,62212.83,311076.86,45633.78,56807.94,82090.35,1544285.88,62469.74,303795.5,27240.17,49230.08,81420.11,982634.04,56982.67,304738.56,30150.3,71599.03,85358.16,1439886.33,60972.61,286612.32,42142.12,46473.91,78882.11,1503841.63,59992.73,303541.6,34926.53,45766.89,89286.88,919247.74,53870.93,302285.98
"FT1012",212.017791144168,274.7236328125,123659.12,113656.17,151005.66,114228.2,87495.55,97399.14,124967.75,122356.01,136482.31,129599.98,106744.25,105404.7,115035.04,108497.93,130815.72,102709.91,97088.1,114065.67,109291.56,108089.48,118155.83,106979.08,85682.64,105947.9,109609.29,91200.99,128559.84,110433.42,86795.15,104199.82,115991.32,108130.1,88263.8,83146.28,83479.94,115105.94,94143.63
"FT1013",212.839461690042,406.179016113281,133004.07,97764.74,119053.68,92979.95,116801.79,124312.98,118533.6,112942.95,104962.81,122179.21,111269.76,116306.39,110276.64,115857.61,95257.73,92638.89,96384.23,129934.82,109112.6,86861.78,100682.81,97864.18,110365.93,89377.55,109349.45,100305.99,96425.6,108288.87,97211.77,104661.76,109695.23,101560.69,104688.83,87371.6,103880.24,119815.7,103395.79
"FT1014",212.962636985548,544.339874267578,87994.91,42408.7,43918.07,92202.08,10436.09,37914.37,98871.52,44303.77,50396.42,89396.29,15898.41,48597.19,103293.87,42158.9,51082.7,103469.9,25978.84,47905.23,97041.18,56007.84,55243.92,125094.4,18646.74,51631.82,96786.09,66492.25,52701.71,134830.87,17629.89,54399.1,97099.84,66727.23,61668.16,137750.85,34068.83,30711.75,110413.21
"FT1015",212.991218142724,332.271545410156,54666.47,39427.974,82451.715,30674.545,104211.942,64557.552,71857.4,52358.358,77279.831,24263.538,117966.976,55550.838,63779.488,49908.204,75377.092,14077.697,236700.596,74208.957,50685.944,34365.427,68418.086,20855.988,91873.47,68594.32,52718.422,43269.508,72051.644,16136.19,91125.778,59305.478,50716.894,47615.888,87587.976,5577.359,238717.701,86431.032,43375.684
"FT1016",213.005557425542,419.514099121094,74945.104,2030.922,3302.835,12296.483,342737.541,11118.511,69946.938,0,3265.849,12185.894,356291.272,4823.722,66708.11,0,2583.734,0,252359.949,6083.973,62962.936,3107.678,8539.092,6002.415,353973.848,6403.041,59649.976,6368.439,1755.993,7665.06,357006.285,5198.922,62165.137,5575.336,10477.831,13800.17,225738.115,7978.321,49750.826
"FT1017",213.012304526069,178.268005371094,506899.1,179936.2,474636.3,133855.4,162874.8,239133.7,450220.3,615827.2,295637.9,235750.7,138049.4,273835.5,421673.3,386548.4,601204.3,225861.8,189058.1,543320.1,397752.5,137188.3,430380.4,163427,159603,210934.3,633329.5,577582.9,268873,167507.6,173779.8,300193.3,402634.4,370389.5,610329.7,284693.9,160128.9,538088.9,374426.8
"FT1018",213.013045092243,274.748260498047,967837.2,858225.3,708201,882489.4,520766.7,848943.6,904965.4,935511,1065268.7,892336.6,578694.1,860138,882329.5,897530.3,1019142.6,810761.9,598269.7,838892,815017,806629.1,695755,852954.3,492285.2,800924.3,539268.4,925250,698563,838313.9,564446.7,843258.6,864675.9,860555.5,706029.6,771914.1,579788.4,534138.1,828026.2
"FT1019",213.017039736031,532.067687988281,333922.5,281508.2,517860.3,249788.4,505843.5,237592.6,446584,254524,327463.9,798359.6,506373.4,310018.5,295492.7,300418.2,389840.5,828097.8,478567,309448,317764.7,228119.8,502742.9,251214.3,507853.6,328119.7,351361.1,301054.3,349927.7,272143.6,562212.1,315626.7,214832.9,210663.8,280101.8,833476.4,531747.6,307484.5,256413.1
"FT1022",213.513988062953,176.907241821289,83816.53,35358.76,96057.07,21739.16,23532.6,45362.18,86178.18,120553.73,26583.52,19265.28,32634.27,38964.38,78542.72,42754.17,117153.88,31438.9,26772.27,111313.32,66944.2,31317.63,77696.08,26414.97,23775.1,27298.11,123853.51,113692.15,35382.5,15228.97,18684.08,21562.76,79174.68,86317.8,102358.36,35712.44,15126.86,127865.24,81832.42
"FT1023",214.0333860234,473.383041381836,85887.28,124574.85,97070.85,41986.14,115853.48,91054.45,92633.67,132311.8,94424.27,66114.36,111969.89,97502.28,79593.98,114411.7,77195.26,56721.63,89684.82,97545.9,90608.01,109355.48,84164.06,64322.72,121648.97,97216.07,78157.44,115246.36,100808.58,72728.52,105027.47,100679.54,73774.68,104042.97,82044.96,74129.93,85779.84,115176.19,87387.39
"FT1024",214.048636352486,534.304321289062,48625039.8,25064007.5,25997129.5,122887781.5,1082177.1,18252195.7,50663304.6,21369917.5,25120638.8,115254628,1107945.4,17057083.5,49389320.3,20607581,21956254.8,118373743,984888.8,17180631.8,48465102.9,23298668.8,24875070.4,118302579.3,1083217.3,18913114.3,48659562.2,21217459,23984981.4,115136235,1140268.9,16694891.2,47602314.2,20149029.9,21824612.3,114843351.7,268625.8,16609222.4,48731396.3
"FT1025",215.028551437797,473.373626708984,129311.93,186483.94,141527.09,83368.03,139762.47,111017.9,114490.78,198336.52,130489.11,98028.68,90298.54,115314.23,117529.68,187684.65,105661.02,93089.96,112489.01,132323.53,103421.71,183764.66,129689.63,89202.03,149342.72,128296.87,110499.72,200801.06,136560.42,85553.7,129765.46,132334.03,96381.29,171072.22,119655.74,95925.24,104146.98,147581.5,99569.87
"FT1026",215.03290339043,414.590515136719,486788.5,286191.3,514383.4,426659.8,419047.9,256620.9,486207.2,439822.3,440722.1,499253.4,654920.3,450135.2,491620.3,325941.7,568610.9,411442.6,616749,315962.5,468019.8,281025.4,467702.2,417166.8,402964.2,421249.3,760162.5,423610.8,372341.3,502266.6,618423.7,432786,463556.7,311954.5,237837.7,401998.5,612714.6,333050.1,421801.7
"FT1032",216.853893986098,745.366149902344,611553.9,539908.3,580371.9,377896.7,483033.3,496159.2,464040.3,498267.1,479163.1,438648.3,449072,483517.2,410763.8,466174,429125.8,464034,390238.6,415879.6,458494.2,466017.1,428767.2,339194,433000.3,415955.3,385598.7,468972.3,451968.5,370555.4,432613.6,430724,334891.5,309987.3,503301.3,354504.1,353881.4,442140.9,371680.9
"FT1033",216.90975486146,649.759948730469,781641.2,519514.4,527486.5,1351089.5,541783.5,497376.6,802187.6,472837.1,446705,1488966.3,589597.5,474815.6,598124,438448.3,611212.4,1354430.9,698006.5,430142.4,631832.5,443349,459020.4,1291135.3,528841.2,455616.2,694032.8,426102.3,399424,1307173.5,554090,445418.1,599647.6,476549.5,558212.1,1239701.3,659923.2,443994.9,710465
"FT1035",216.919318651331,648.304016113281,1335124,1032696.9,997474.2,1427337.8,1165683.9,1207898.7,1263081.8,1095247.4,929385.2,1564414,1128251.3,919419.3,908497.4,909990.5,957143.3,1340557.7,1300122.8,1043644,1091733.5,871282.4,907668.4,1310211.2,1039909.7,1051921.1,1047980.9,942584.4,836110.1,1383698,1020263.7,980267.3,1073307.7,965539.7,1004971.7,1275060.5,1292072.8,984629.1,1041616.1
"FT1036",216.928563293177,688.347106933594,2489475,2369103,2281477,2685898,2630554,3175607,2392070,2668917,2651886,3414995,2304489,1337256,3460576,2256922,2343250,2451497,2542376,1133924,2088251,1965355,2382636,2168397,2572913,2718329,2505939,2569445,2022320,2794931,2134534,4312047,2647514,2360949,2283866,2370694,5017954,2946313,2443384
"FT1037",216.928470816327,636.901611328125,2487082,1964139,2050902,2024594,2858092,2702976,2413519,2243598,1933080,2499980,2547098,2393056,2042582,1986998,1957065,2099977,3365099,2464920,2200892,1856392,1772181,1954065,2616453,2407324,2179422,2148638,1874495,2294104,2475046,2332319,2109048,2154529,1988648,2010553,3276732,2430364,2165572
"FT1038",216.928616169527,764.2509765625,2089413.7,1172451.1,1616402.9,1595985.7,1686869.9,2048137.6,2258565,2191801.2,1649713.4,1995084.6,1490178.6,1507717.5,1442707.1,1156724,1615813.9,1522198.7,2562557.7,2482737.5,1607902.9,1189101.6,1389491.2,1329546.8,952026.3,1766431.8,1903495.8,1536130.8,1410245.6,1446948.4,1467583.4,1867309.8,1591556.2,1597085.6,1484466.6,1495243.2,2273786.4,1969617.9,1379519
"FT1039",216.928628537214,911.964721679688,477750.8,344811.3,379234.6,475250.1,316172.9,290227.9,505379.9,330544.6,716043.5,74380.4,286613,342537.8,274672.2,379326.2,468717.6,483588.9,583963.6,485143.8,403844.2,279420.4,948296.2,303453.1,405509,123499.6,409971.2,373537.1,275684.1,266941.7,331172.3,603071.4,229975.4,452198.1,299185.6,254225.8,469107.7,444738.7,492767.7
"FT1040",216.928373884135,583.277587890625,4364886,3540520,3729948,4197418,4749730,4443523,4211081,3811865,3590666,4489416,4797893,3940741,3834704,3605430,3552757,4075889,5453590,4222314,4060283,3296257,3686347,4037094,4349044,4177365,3864171,3619918,3399316,4216325,4510654,4187729,3965677,3717790,3594349,3902301,5386160,4239393,4103044
"FT1041",216.92860250047,817.931884765625,1517695.2,1581695.4,1303498.8,1291399.2,1801512,1777800.3,1165770.5,936977.5,1343566.6,1244341,1561190.9,1067394.5,1024894.6,937227.5,951640.4,1104843.1,1380384.1,372999.9,1384734.2,638967.1,1094129.6,1171646.5,799008.3,1324139.3,931917.5,1064620.8,1210535,1364001.9,983930.3,1316505.8,1289227.6,1102622.4,1056156.9,378643.7,1474740,1163189.3,1345284.3
"FT1042",217.029908279011,414.598297119141,145238.28,94239.15,160559.3,131815.67,120352.95,115821.93,158445.49,127731.04,133514.09,153932.27,188006.58,136346.76,144485.22,105186.82,188642.27,130801.4,179079.34,81564.61,143330.54,78329.95,125229.54,132616.62,114762.86,64575.27,243562.23,127088.67,132780.11,158100.6,195194.48,121242.04,139904.86,105463.81,60972.12,120620.24,144951.35,83116.41,152455.63
"FT1043",217.048456657152,437.0078125,10244711,1298001,2203737,4879972,26457333,9201538,11277132,2170459,2801365,6057230,30479820,8306984,9835052,2287363,1843082,4422036,129882509,10574062,8941995,1224443,2150430,4265025,25555466,9370414,9113831,2270958,2864544,5746246,29368074,8524933,9347927,2499148,1825346,4171689,129908859,11241115,10703914
"FT1044",217.083022694439,274.759201049805,298831.27,160005,116183.27,685432.6,149523.21,100873.95,299780.54,127174.74,91320.16,614351.87,149151.54,112622.09,302286.25,151388.17,120270.27,693647.13,164174.29,84538.66,284343.52,150407.12,114885.58,672196.55,135810.11,87490.7,306265.58,141452.33,104257.22,555805.74,140513.78,98442.14,310713.17,165768.07,83285.12,632831.66,158305.05,96290.3,282933.18
"FT1045",217.919273478421,990.436,103327.28,100785.03,109403.22,93441.21,94454.4,75883.27,102597.15,96819.39,116506.6,106028.59,104516.39,96917.22,94659.31,102557.96,105105.96,96905.67,87959.94,84654.27,99593.23,90885.04,112026.49,88636.3,96264.9,93491.16,97852.7,97291.25,99093.77,101452.4,99613.34,97955.16,98670.21,93206.58,93386.53,104335.44,87468.19,80101.12,90815.05
"FT1046",218.040409590522,411.799011230469,246008.2,275332.9,324694.6,193829.9,220404.7,207644.2,250677.8,296256.7,289521.5,234975.1,224147,210262.5,255208.7,300424.7,292873.5,214207.8,188998.6,209361.3,230479.5,248407.8,295917.1,195488.3,212734.4,205166.5,240420,310141.8,284346.7,220055.9,205279.8,201633,270540.6,324450.8,279619.5,197195.2,194672.3,206521.9,243225.5
"FT1047",218.05180662589,438.352722167969,626672.74,55657.81,127941.38,302291.08,1667419.42,563639.58,752011.58,111063.62,169442.94,347229.05,1919989.89,521858.1,598043.5,132764.52,107546.76,268879.58,8509712.18,657545.2,577982.94,67652.47,128008.61,258193.82,1600885.09,579820.66,569715.79,152405.56,184597.52,372649.07,1819448.32,540547.85,595026.59,151006.95,111665.97,254318.42,8652863.44,712933.86,676386.64
"FT1048",218.067010988213,504.537048339844,2637136.6,722723.1,618355.8,5755984.9,1069861.5,603113.2,2600011.6,542256.5,608539.2,4977447.6,1077579.3,558893.9,2461931.6,624745.9,602315.1,5684558.7,1034292.8,507369.4,2443222.8,675478,658803.8,5894315.4,1029459.1,582217.6,2519452.4,595567.2,621215.9,5136397.9,1032317.4,527972.7,2373186.6,633300,546973,5744687.7,990452.5,513894.1,2547184.4
"FT1049",218.10345893683,118.908912658691,3515258,2917955,5036761,1963823,1608912,3334069,3260629,3377041,5391617,2223475,1785383,3202745,3369625,3553898,4912215,2059936,2412861,3193055,3311265,2920135,5254047,2035497,1574385,3413314,3194338,3463835,5538028,2232933,1771654,3511449,3368975,3535742,4767056,2090528,2599185,3561458,3256181
"FT1051",218.905282865482,649.726989746094,99177.85,49015.18,46576.31,136201.64,49719.45,53864.61,71955.02,33149.15,36173.85,147426.56,38172.48,61389.96,65900.06,52326.25,69752.73,131400.37,72335.97,43324.2,69004.69,46606.67,50306.49,129653.16,59407.89,46837.93,59096.38,40762.29,36789.94,139330.52,51139.3,42067.55,54075.97,40042.59,51265.05,126627.08,64530.18,41469.68,62639.61
"FT1053",218.919778929632,990.441040039062,66405.16,58356.74,69199.37,74345.68,48601.5,61033.52,56061.46,56684.2,63003.67,67135.22,56479.76,51428.88,60317.45,66166.11,65276.24,56245.84,52554.47,57737.88,56122.56,48207.89,57968.89,57321.24,61487.23,49813.63,59863.29,57351.18,50713.48,59494.29,52901.67,52064.94,50630.91,45139.52,65763.59,55834.71,66625.78,50297.07,53565.32
"FT1056",219.045527389734,437.522033691406,3487437.6,440542.5,728682.9,1633208.9,8942659.7,3114894.3,3780633.7,717685.6,965404.5,1983469.2,10493854.2,2824673.3,3406312.3,780145.8,632261.8,1501974.3,43995907.2,3666129.6,3080459.1,405146.2,725827.5,1446482,8589154.3,3260243.9,3060111.4,770078.5,948627.1,1950822,10077867.7,2893185.3,3112579.8,873615.7,604478.6,1413665.6,44175614.4,3837599.5,3634557.1
"FT1057",219.051117114822,654.025024414062,41445.024,70258.94,88483.668,4729.246,23927.885,14711.519,32853.933,66415.201,97801.251,9367.634,25476.161,28147.538,41844.072,72296.541,80710.087,13689.319,33133.867,22397.709,32839.097,65404.643,89245.578,6513.328,39067.206,38138.682,40376.582,77056.02,102381.783,6294.777,25243.308,22952.672,42708.386,67098.297,88635.148,3992.396,23547.073,23535.603,31205.252
"FT1059",219.077612709838,262.031448364258,248079.4,217824.1,222925.7,252229.4,149972.5,193353.8,217277,199464.8,231940.2,278852.6,193512.2,164400.4,218752.3,196343.7,213632.7,260430.4,194527.1,176261.1,211850.6,197451.8,220179.3,289127.8,188028.2,166282,206666.3,201215.3,208174.1,270651.7,185495.8,190977,232992.1,214192.8,164618.8,249889.8,191635,187267.3,220548.6
"FT1060",219.087866653327,199.065994262695,538387.22,287947.89,267814.76,1039690.7,65187.57,313019.11,492270.85,223491.41,223119.54,1049547.26,201452.71,339759.27,503876.97,186742.61,266785.41,1018093.35,204381.9,387896.53,542659.89,271650.31,212855.06,1040559.72,112092.4,236752.26,778953.63,317992.18,282159.92,1032561.75,257368.48,249932.37,581180.04,448364.29,501784.86,1010301.67,309429.54,397873.89,606558.88
"FT1061",219.08878788964,167.269111633301,701034.7,705842.4,686423.1,642678.9,600128.4,709945.2,745799.6,672939.9,584117.7,671319.4,592198.2,702155.6,704153.9,696802,693720,670310.9,656455.8,672005.8,682123.9,690963.6,661286.6,683693.8,683930.6,662300.4,660013.6,721658.7,498189.8,669573.8,716473.1,666581.2,680697.1,690331.1,673712.5,669240.3,661440.8,655371.4,682492.1
"FT1062",219.088687407378,101.671508789062,390831.8,421637.8,404377.9,552084.8,366903.3,444869.9,389679.3,372952,396856.3,569263.1,429378.2,432057.9,350400.9,370617,383446.9,345774.3,398907.6,403227.7,341109.7,384089.3,399882,339523,379570.3,410518.7,348009.1,411485,399273.7,572832.8,359273.1,448632.4,353674.5,389729.7,401832.4,507478.2,407249.4,378025.6,348927.2
"FT1065",219.175471814469,91.5405807495117,954380,1025690.7,985130.4,787140.3,923452.6,1146402.8,909531.7,1131680.4,1058407,952200.8,1032371.2,1189652.6,1054517.2,1018073.4,991705,794464.4,1061768.8,1224852.8,948294.6,1023091.3,1056410.7,887155.1,998955.2,1152991.8,1015595.5,1171529.2,1083866.4,950118.7,1094584.1,1376124.8,1021937.4,1121947.6,1016151.5,851049.5,1168208.2,1294387.7,1059011.3
"FT1066",219.97621982448,518.949279785156,262609.8,240512.1,222932.4,226795,260611.7,189172,248268,222218.5,227772.6,230673.9,293400.2,217827.7,242653.5,240200.9,258723.7,310294.3,358994.8,247361,328215,305083.7,319655.8,353625.5,368437.6,261907,285784.8,277665.6,277206.9,311979.2,302874.8,224209.4,260358.3,238140,222501.7,263825,285576.5,190092,241762.8
"FT1068",220.008867347998,245.280410766602,866652.148,290153.497,262977.971,798655.305,1805.954,626407.781,808520.746,576973.326,245671.076,973096.838,0,799590.912,781436.001,475099.961,432385.016,765625.761,0,643920.98,715832.6,214053.642,245578.023,791143.423,0,593585.397,848699.787,534176.483,237213.484,827772.483,0,747199.456,749307.678,471959.227,438662.779,721743.98,0,645755.811,735333.318
"FT1072",220.766952068954,372.895416259766,99560.86,78017.5,101336.34,81495.72,128111.36,180531.36,141866.45,141787.74,138128.19,127022.18,164778.53,180701.78,146228.16,158340.53,131854.66,101980.02,225581.93,168788.41,137186.28,108456.31,127881.28,106271.82,136168.5,151093.31,142620.65,150590.43,123326.52,122195.68,141890.78,153099.45,132046.96,128833.36,118615.81,97157.54,194516.5,166097.87,125863.91
"FT1073",220.887241861437,985.993408203125,36963617,27155250,35385894,30329022,35915112,40511368,37794925,36695283,38059600,35278620,37664377,38989332,37130470,33949462,33829920,31354787,55725759,41206404,36236423,26598749,34911353,30242522,36911926,39663793,37577890,36852366,39766260,37778088,38501389,41421572,38017660,36761120,34681435,31491917,56852562,44368035,40212650
"FT1074",220.962850706312,535.778930664062,34715.062,93728.406,98226.323,0,44777.447,77855.026,64993.797,98620.003,142383.149,0,61644.707,106890.95,70718.692,120516.273,143165.031,1966.496,24399.624,98773.641,65721.428,137671.822,152159.281,0,60875.814,97210.049,75374.667,109873.26,131160.347,0,48132.168,93784.003,58215.831,85288.317,109512.171,2489.031,20019.918,93112.826,49924.792
"FT1077",221.154621808043,84.928840637207,478023.6,418559.4,398162.4,427468.1,330484.1,400160.5,461630.9,325346.6,372032.5,361816.2,415775.4,384097.2,399759,270296.6,468134.8,241844.4,316867.8,418410.2,388449.7,295473.1,404537.5,424272,310594.6,397321.9,304061.2,325284.2,382308.5,333787.3,458650.2,294449.1,322696.7,254745.3,472647.2,331023.6,368632.7,398065.6,334858.1
"FT1079",221.984354193519,488.208190917969,19975.026,33814.012,15966.022,3912.702,72132.329,27734.48,19266.666,9737.369,12595.482,3405.699,85328.651,30408.026,21609.01,23884.768,13938.303,2825.521,55014.045,54649.877,19800.617,25758.899,10392.763,7167.58,63589.277,21566.733,13439.93,30570.786,12464.321,4629.477,72318.955,27989.562,22560.057,22182.36,11044.619,4641.223,63516.654,41524.127,24429.209
"FT1080",222.044325482742,400.61,271948.22,158959.59,116074.27,571368.64,56810.26,71971.22,254723.45,156935.29,107655.63,587881.85,65534.03,52083.79,267079.4,158827.62,93196.8,553181.44,26437.76,60134.99,255875.58,144004.65,116569.78,549997.03,58117.99,66221.64,246043.05,156099.72,103778.76,596312.76,72824.35,70264.96,253402.56,151016.33,91712.36,581615.8,46363,65429.55,271422.42
"FT1081",222.764969712276,372.896148681641,257570.1,212195,274223,211124.2,334244.8,425303.5,335739.1,359931.6,337688.7,316996.6,430816.3,461295.2,387431.9,365309.5,342480.5,266162.8,568085,426950.4,354769.7,252646.5,336508.3,266093.5,346205.6,380625,373327.5,377700.2,320848.6,292689,351895.4,365045.4,337526.4,314473.4,304717.6,229186.6,475144.8,381624.9,326448.7
"FT1082",222.885410429242,985.993408203125,5348930,3845746,5129759,4411061,5244137,5779553,5484894,5248972,5520231,5073782,5451079,5586643,5367345,4891209,4948419,4548455,8016895,5905414,5237861,3830284,4977150,4378832,5311657,5687441,5423976,5264939,5829531,5403500,5545739,5923619,5444745,5178645,5052046,4485057,8260876,6445586,5715529
"FT1085",223.028401840345,86.6883697509766,458112.3,538754,401302.5,431429.6,532334.4,521513.1,792054.5,499689.2,512747.8,543894,625418.4,532043.6,765738.9,648667.9,427088.9,654745.6,644204.9,519807.3,1029866.1,4208491.2,4598258.7,4504073,4300433.7,5249990.5,614279.1,4782009.2,4449500.1,4211847.2,4907864,3929978.9,963119.2,4693276,3857320.6,3713815.1,4654499.3,4562320.9,912842.1
"FT1086",223.134098583468,90.3248672485352,530797.5,753809.6,1106563.4,893325.1,913019.5,672513.6,721972.8,741764.7,1127536.6,723010,1155421.1,829580.7,627206.3,731426.1,756343.1,834856.1,845041.5,795936.4,734817.7,742781.9,1074898.6,972972,941517.6,725560,508389.4,738393.5,1144445.9,719368.5,1084789.3,804656.5,469485.5,742894.5,797757.1,856792.3,828565.7,798693.9,875202.3
"FT1089",223.956495186079,394.968078613281,52003.23,55286.66,66860.46,30053.99,56485.85,33490.1,61813.65,59870.57,68455.37,52170.18,65713.57,54379.44,53185.66,76373.34,73364.24,46198.95,53132.95,55769.23,65473.74,79140.65,92737.84,74824.69,66549.17,77711.73,80688.84,85398.92,95752.75,74484.24,77462.8,70244.52,76423.14,94252.77,91851.09,81209.76,62698.96,66011.34,98008.7
"FT1090",223.964041667637,246.641264831543,45675.84,2377.017,0,97869.023,0,30525.597,62916.688,19240.691,8766.938,151564.675,0,61736.534,77202.779,12813.38,21705.151,117559.622,0,33193.819,55936.649,8683.282,3069.569,123286.192,0,34722.242,49765.932,18485.767,8435.383,139727.76,0,47241.558,57566.345,19706.61,13527.993,115957.56,0,27424.235,51083.412
"FT1091",224.763011528954,372.897155761719,185779,148787,192423.9,157901.4,249943.1,329155.9,263645.6,271084,245723.4,245397.9,318031.9,343392.6,289803.5,282341.6,253311.4,198353.8,422618.7,339603.2,264715.3,182336.3,253118.7,201720.8,255147.8,290060.3,265728.1,265764,261415.7,229305.3,263021.6,287936.6,253249.2,237833.5,221314.5,186970.9,361502.2,290409.3,237946
"FT1092",224.883526027951,986.02587890625,180876,127125.7,160501.2,140912.2,156039.7,207461.2,172687.8,172930.5,180230.8,166299.6,168740.6,186053.6,168129.5,176293.8,146302.2,151169.2,244091.2,197987.3,168319.1,124906.1,155769.2,134025,165622.3,190969.3,166407.9,171123.5,187419.2,193589.1,191026,165569.3,185902.7,164220.3,153780.2,135103.1,258144,209366,183261.4
"FT1093",224.889407262174,984.6044921875,55005.9,33972.28,58559.27,47018.62,49373.59,66470.68,53901.59,60485.26,57654.82,40105.53,53669.19,58697.65,40644.57,53698.69,56396.55,43133.76,86284.76,66836.25,53546.19,32481.66,51263.49,34264.57,44473.25,72654.02,61307.26,64607.91,68742.48,66477.04,58964.76,53369.7,57277.15,55982.84,61318.74,45520.61,100257.95,65758.58,53008.63
"FT1094",224.915765945542,965.407958984375,1295025.8,979055.5,1186438,1112746.1,1196809.7,1372538.6,1255345.5,1437922.7,1209694.4,1249214.7,1308523.7,1562767.6,1490246.4,1323471.1,1153570.4,1151902.8,1458321.4,1674394.1,1378116.5,1069613.9,1141414.5,1140593.2,1417559.6,1544529.8,1443245.7,1333677.3,1354050.7,1356156.4,1434495.2,1391154.8,1346395.3,1277146.5,1200633.6,1084877.7,1358210.5,1605629.8,1304126.5
"FT1095",225.064708248331,332.266998291016,767588.5,1045353.9,1037760.8,476839.2,807095.7,816966,726188.9,1025145.4,1029728.5,407012.2,830409.6,705665.4,679770.2,949024.1,914194.5,455874,632708.1,727607.8,690960.4,925202.7,984222.9,479841.6,741937.9,733325.4,689924.3,972362.3,1060175.8,418923.2,761157.7,703354.1,718257.3,965616.8,907955.2,453789.4,620835.7,778974.7,737323.1
"FT1096",225.169058268006,167.276596069336,410748.38,406374.78,383589.24,390332.64,369229.85,395421.38,386854.23,384013.69,374908.4,376526.58,369121.22,364440.67,377892.11,336353.49,353821.5,372950.11,326252.87,338954.49,348095.4,328940.86,329542.52,307697.34,344564.83,319794.78,323591.29,334973.36,295666.35,321599.26,277008.7,266988.87,172008.03,294615.17,275490.67,70766.28,195640.09,304598.3,276285.03
"FT1097",225.185972653079,86.6746978759766,261531.57,97477.49,96927.48,469851.01,191128.27,122048.96,252281.36,105522.18,114550.51,596976.83,206891.05,118707,250222.68,126402.82,130236.14,476553.49,182132.13,120388.16,275916.62,133117.81,115954.03,500821.05,190113.03,116542.95,277386.63,85340.61,128510.35,579079.01,199520.62,112915.29,238670.55,135453.46,125472.95,495434.65,132804.68,73540.09,268351.88
"FT1099",226.048674182971,481.499267578125,4362264.04,3468475.01,5026466.98,8269637.39,89283.24,1955287.27,4419934.75,2681851.72,4480477.1,7685641.74,80613.28,1535305.2,4126778.31,2497158.9,3830781.08,8188300.49,68217.63,1581985.59,4099690.75,3103941.92,4971745.47,8316614.09,69418.02,1944738.01,3955332.77,2537362.53,4457537.15,7841639.76,68756.1,1561346.62,4004403.51,2499712.14,3841788.09,8030938.53,76741.2,1633803.04,4223860.52
"FT1101",226.083521103378,257.773712158203,148677.041,78147.34,60453.664,375833.507,12656.753,60108.234,130512.465,56555.076,65079.128,414794.233,8801.592,60837.286,142908.562,62350.006,58829.434,349427.815,23170.083,54042.263,141223.43,79831.559,78013.806,398282.249,8458.101,53866.618,132444.557,52218.366,68282.474,411528.31,24015.616,65906.981,137812.715,71408.755,63123.053,352103.675,12436.546,52103.813,123429.241
"FT1102",226.085153704011,410.406585693359,28491.833,0,0,0,149686.345,11487.854,26146.131,0,0,0,160166.23,10841.595,22830.713,2378.293,0,0,151832.606,8297.293,17390.42,4178.866,0,0,152830.147,12356.819,17441.154,0,2710.127,0,148060.771,7517.868,28268.951,7397.324,1481.552,0,135419.537,9626.176,19163.326
"FT1104",226.761127050428,372.89665222168,35778.88,36617.34,44734.89,37359.64,54357.7,63585.18,58136.07,61135.3,54265.1,45714.62,70442.56,69106.73,58992.02,61554.19,50794.62,33534.4,96976.84,71660.38,56787.35,40439.2,58785.33,47461.83,54565.65,65419.08,62249.94,49545.58,55416.16,51553.38,53333.13,57857.79,51901.77,44349.41,46799.73,37927.06,74657.63,63536.81,42634.3
"FT1105",226.963921759225,482.759,67491.07,48726.01,67322.19,106690.41,0,24388.01,70402.11,50998.46,76742.11,104391.12,0,42768.01,84467.32,53970.89,70323.93,115457.39,0,49611.9,85370.49,62597.45,92345.1,145237.49,0,56202.93,88228.59,72132.76,107087.89,146517.2,0,52008.13,106142.3,66926.57,107079.48,173133.98,0,54003.3,119641.97
"FT1106",226.996408228237,593.333343505859,95642.19,21580.35,55619.85,158145.46,29219.89,51747.49,73762.61,30875.79,63589.99,153928.64,39323.55,44683.19,81411,36474.35,53986.32,137240.35,29364.57,27678.05,74331.15,37749.84,46961.28,143645.91,20456.85,24138.1,50932.04,28706.05,38367.9,139446.28,24968.14,35567.45,62098.01,24968.27,46085.15,134241.73,27229.76,24533.82,77575.28
"FT1107",227.051912414029,482.579559326172,266440.35,216666.009,306511.476,511317.73,2470.373,117962.388,271118.211,155531.323,262219.065,468632.081,0,85074.632,250673.592,148085.774,224287.211,496454.766,0,97067.836,241893.091,172074.925,290918.187,511752.512,0,113627.159,229263.598,170077.29,264354.242,493049.779,0,85790.902,256061.307,148807.01,228980.331,489146.244,0,90091.689,246614.944
"FT1108",227.092640451837,164.561996459961,221464.6,230180.1,239739.3,200064,216197.1,194372.3,228926.8,191750.4,202144,205678.2,266546.5,222853.7,206076.3,199227,179238.2,192545,232009.6,232362.1,196698.9,210144.1,250494.2,200941.2,205893.8,195935.3,197651.6,221224.8,180252.2,189053.3,214408.9,198503.8,161487,185127.6,189951.7,195882.1,207421.4,182827.1,207498.3
"FT1109",227.201797661332,86.6746978759766,13806229,4374968,4669829,17192428,4988556,4898275,14151822,5436689,4475556,19502996,5879172,5400299,13641269,4533898,4920968,16994795,5895074,6135530,12753604,4031989,4436148,17015917,4946083,4931154,13248885,5512075,4654547,18856733,5929241,5399154,13339779,4719101,4957099,16860573,5809312,6077595,13323824
"FT1110",227.201819745742,157.822975158691,2016238.1,1392766.1,1109538.5,2118332.5,1310148.3,1309582.2,1966392.8,1043535.8,1273215.6,2125676.4,1385267.8,1380925.9,1736091.7,758218.6,1285539.6,2061323.3,1087581.7,969999.4,1536716.2,1337132,1292437.6,2104727.6,1264459.6,1278791.2,1806906.2,1244101,1334132.9,2073697.2,1354791.7,953339.7,1878682.8,594995.7,1330200.6,2137234.9,1298563.2,1302468.4,1800725
"FT1111",227.960735942864,274.737487792969,4544742,3900858,4929062,4683943,2380097,3472796,3959539,3580419,5009423,4836396,2518968,3496371,4040206,3622559,4547688,4617535,2692876,3356345,3829660,3542696,4770443,4728592,2323743,3287980,3918523,3706935,5100816,4589240,2568260,3619731,4019951,3866553,4457709,4420502,2673337,3437028,4073537
"FT1113",228.027992951039,544.343,85260.469,0,0,3445.487,497305.291,12916.856,74462.764,0,0,0,509093.341,10829.079,70775.509,0,0,4024.168,479855.27,4032.403,65880.937,0,0,4638.393,502596.945,4734.441,69811.114,0,0,2298.409,531616.305,2084.732,66667.818,0,0,1755.938,485208.309,8417.064,88048.466
"FT1115",228.062684503809,573.647766113281,76364.53,129183.87,112845.22,32534.13,78970.95,40441.98,71518.02,102242.32,89140.19,26217.38,40249.93,77048.84,40489.58,91873.35,86816.72,32678.96,18175.33,75971.84,74527,102620.21,104163.61,27397.41,60430.88,45120.17,67068.2,91948.6,105574.36,31973.2,58988.77,25939.04,75355.28,115280.57,88560.81,42214.8,25386.09,67345.36,83136.69
"FT1116",228.064328999056,476.466369628906,415661.521,580834.763,319345.093,435665.494,12873.848,532472.657,419890.077,616227.634,339863.054,423573.311,7118.258,555603.352,368449.836,575839.288,320788.178,452629.654,18807.649,535476.921,392021.193,550284.996,329841.528,419038.106,11455.967,517321.268,359259.884,618787.118,325575.287,425471.01,18469.355,558308.042,382937.67,596870.106,327988.052,453274.539,15679.952,515997.454,385463.483
"FT1117",228.098927333205,511.274322509766,216975,218070.2,182795.4,179344.9,266388.8,207899.3,236207,220642.6,226080.1,174320.9,248557.9,228322.6,184511.1,236650.8,223357.7,198920.2,230652.4,240923.2,249387.8,225223,212743.7,152712.5,238425,196520.6,233044,211632.7,242000.4,169330.8,251431.4,236254.9,253305.1,272504.5,218488.5,185912,260467.6,250865.3,210734.4
"FT1118",228.127054086244,217.244873046875,282949,170895.7,284986.2,237545,281426.5,332771.4,278528.2,161478.5,262733.9,273568.6,324802.1,372492.7,280672.2,221052.9,376580.1,199887.1,534808.3,261223.5,276996.7,156257.1,272119.9,220023.4,276489.8,359941.1,265637.8,163279.3,254134.1,254080,293162.6,375047.3,258376.9,213689.3,350158.1,220305.5,515257.4,256532.9,293078.6
"FT1120",228.80383745452,404.809219360352,342863.4,337530,338924.9,243519.6,334802.3,334125.8,310115.1,323287.2,341108.8,266640.7,331343.4,333303.9,317514.4,378519.1,324480,235314.4,265795,260778.5,323659.9,303940,327249,249915.3,346962.9,347743.2,309062.1,337613.3,320711.4,257089.7,332992.4,319313.9,315948.4,351187.5,319647.2,264578.7,276644.3,319338.1,333490
"FT1121",228.931811426049,964.243743896484,441687067,252116195,359330859,271686707,437883615,563293801,421911911,424552541,359299951,359194142,445451690,522088553,428880505,383637785,331155819,277671920,811733748,570850620,406382542,232645664,330188891,271446415,429461596,547626481,400202630,414334334,364567138,356605515,453004445,518946763,405761539,376030410,328552314,258911716,788484035,582625941,430538398
"FT1122",228.931958904278,57.4272001586914,1473379.4,1521903.7,2236507.7,2367254.3,2312126.6,2440618.8,1456084.2,1410099.7,2220419.5,2365322.1,1409933.6,1257689.5,1553708.2,2201293,1592214.9,2176184.8,2265479.1,2426693.3,2331839.3,2203776.5,2218833.2,773384.9,2131605.8,1194435.6,1459320.7,2293367.1,2234731.5,1373003.9,2290412.7,1422409.6,2323744.4,365653.1,139067.8,1603641,2203197.9,1690626.4,1387605.1
"FT1125",228.96848399747,302.816986083984,44979.93,68985.38,59668.77,98676.31,29268.07,67807.15,81781.82,78909.14,76520.42,118928.39,41527.37,64728.61,86836.67,82122.24,62897.06,114606.51,24590.31,61693.18,88012.94,80960.03,66694.61,97542.71,39839.37,65205.03,76806.67,73248.58,68031.78,86953.17,19334.5,47412.74,71388.75,68660.73,51007.03,89306.61,14950.92,45859.16,63492.13
"FT1126",229.002615907787,618.187194824219,21915.879,6569.312,6909.029,1529.949,175681.093,2354.481,27019.739,0,5765.45,0,201833.165,0,12479.146,1533.568,3885.928,7759.442,165694.516,3805.034,23145.592,2263.673,2488.186,0,188178.123,10116.023,21010.416,3505.671,5768.886,2146.253,195497.699,13990.129,16045.373,0,0,5243.95,191560.445,6582.915,17887.628
"FT1127",229.01184160682,573.621276855469,1195218.9,542606.8,696063,1802705.6,1958558.8,554857.3,1171449,484928.1,668162.7,1977314.6,2005718.2,718732.2,1133351.4,508360.5,902824,1943362.1,1926912,666372.5,1100394.7,476555.7,653903.5,1776417.1,2015504.5,673511.9,1022577.1,728222.4,814233,1935793,1917159.1,743435.6,1115619.7,552150.4,697465.9,1964373.2,1854259.6,673361.5,1103049.1
"FT1128",229.046690506143,638.36279296875,221734.7,318538.7,244924.5,108557.9,177339.3,205006.6,216773.9,273834.5,255684.5,132953.2,215810.1,225999.2,203456.8,279513.9,227435.6,130488.7,170419.8,222920.5,213485.9,280946.1,229133.5,140425,187004.1,232666.8,189664,282607.1,245239,140159.9,198343.6,228148.4,171965.9,290412.2,218544.7,150102.2,159685.8,221194,198449
"FT1129",229.062063172666,846.798522949219,205913.8,144588.5,200643.7,263804.3,271763.4,149768.6,222167.6,170409.1,235775.4,307165.4,285871.3,155643,221561.6,164303.2,236057.8,311539.8,279089.4,159533.8,271789.7,172389.5,263227.3,353206.5,336907.7,221202.7,310954.3,234062.3,295752.9,403226,394387.5,238251.7,315545.7,263763.3,293506.1,424702.5,412122.5,224987.1,395069.2
"FT1130",229.083011766184,555.480102539062,247109.8,282109,239993.5,234355.3,253344.8,217970.3,227586.6,273305.2,233341.3,200344.7,259769,229847.9,238928.5,285344.5,235722.3,216045.1,240319.6,237249.1,231410.6,281657.8,262278.7,214013.2,270310.8,227022,220849.8,270650.9,271077.7,201374.9,302825.5,215704.8,226013.1,294251.8,232051.9,211597.9,246970.8,224652.3,226100.3
"FT1131",229.13460670521,98.4048614501953,173041.16,79291.79,105656.04,205312.66,91098.18,130426.72,151500.85,83534.57,109047.52,224982.03,94279.33,119146.22,133645.15,80735.33,112130.52,182735.37,166627.58,92200.67,128777.61,77133.03,101183.01,213330.02,87818.89,119044.49,129776.84,88858.27,112477.01,198820.56,98368.94,127392.51,132343,95642.4,118298.24,189928.71,159124.29,68139.1,144126.73
"FT1139",230.801349497934,403.430969238281,470299.5,468412.4,474213.2,356838,449588.8,473010.5,449160.3,463401.2,458002.3,386228.3,490413.1,471649.7,456962.5,492672.7,483021.5,357305.9,416415.8,462694.5,442316.2,426682.6,476511.1,363497.1,465121.6,481021.5,436834.7,473023.6,460560.8,380986,470787.2,470896.3,466052.4,509856.6,478544.6,378928.5,407063.9,460651.9,457560.6
"FT1141",230.987471070014,381.271026611328,74168.77,18551.49,32778.62,67083.97,55320.65,82219.4,75196.39,38599.36,30470.07,107305.47,58584.56,74699,73414.73,37702.15,24945.36,85257.47,128802.89,72496.47,61991.11,16639.94,27557.7,65252.46,60848.05,67777.71,75211.5,43990.44,37254.91,103714.86,67231,71465.52,65715.87,37703.4,24719.49,69895.03,130175.65,77110.79,81451.36
"FT1142",230.991181543256,587.534301757812,83596.82,22807.32,33553.19,201617.77,55401.6,43789.69,94265.9,37573.49,32004.99,202161.46,40759.67,44737.38,91523.45,30495.01,31017.69,178495.69,34499.43,34848.69,95294.35,18658.56,25534.09,182235.28,52360,40039.45,89700.94,41574.15,27412.73,199631.06,20883.89,35200.4,89240.69,29455.8,38696.71,183082.72,25014.62,35290.45,93948.45
"FT1143",231.023619877889,304.133010864258,585025.7,555541.3,510705.8,640804,332689.9,455772.9,534935.5,529270.3,481704.4,695312.9,320248.1,442744.1,501811.9,530815.5,434524.8,612056.6,312656.3,442321.1,481076.4,504868.9,447725.4,630133.6,303760.8,432773.7,470693.1,508929.6,440198.9,610115.4,282852.4,449134.2,491627.3,511221.4,416776.3,595954.8,275241.5,385325.1,467495.1
"FT1144",231.02750148908,570.877136230469,253241.66,232459.28,164479.86,471911.18,101274.89,136089.96,230489.09,163967.92,174601.27,420639.17,109222.75,148832.62,234501.39,191894.68,157084.47,443088.09,100435.87,141025.36,233270.38,198134.69,174422.73,456209.17,104757.05,138528.57,213752.67,180275.9,154649.03,414436.18,110705.01,139143.6,224586.68,205418.42,140714.38,443093.1,80544.21,132746.89,219146.17
"FT1146",231.062217661996,515.152,3414170,2648298,3050824,4915492,1648522,2470911,3077184,2618155,3248613,4913773,1628208,2376469,3131245,2713876,3113261,5086523,1584224,2294489,3096106,2615571,3305144,4823162,1584632,2533964,3155552,2601004,3236036,4869310,1704240,2293533,3277411,2681830,2862589,5153431,1590487,2433493,3189979
"FT1147",231.098700684297,492.170837402344,279828.1,285964.5,298504.5,258990,277565.1,285842.7,274466,265389.8,303808.1,237723.3,275814.3,278997.7,281927.5,257834.5,271658,301205.5,253003.2,296627.8,270541,288530.7,323543.2,294707,248328.3,263999.5,269146.8,270643.4,346554.2,252331.9,269093.4,275731.3,265031.7,283294.2,270602.3,282628,231019.6,307063.8,280855.9
"FT1148",231.102892257117,89.0962371826172,233653.3,225857.3,240218.7,171754,202806.6,216391.4,200870.5,260086.5,208085.4,120933.7,266938.5,329570.5,177570.1,283337.4,205402.2,152796.7,266505.9,269771.2,194643.5,205009.2,246767.4,152385.2,220113.8,242176.9,195537.5,262716.9,223628.3,126882.2,282787.8,328798.1,246846,286573.2,188870.7,156050.3,290437,279751.2,215972.3
"FT1150",231.955527174495,540.217224121094,791284.07,1166009.52,1113346.36,125979.54,1118640.43,878289.44,670909.94,889465.01,989166.43,74580.68,970223.44,742433.3,610437.07,751828.93,776807.66,84961.7,743486.78,713595.07,513882.86,695378.14,736598.45,69728.38,840390.29,621012.12,490390.36,617984.49,658821.32,44798.92,819456.19,498458.87,415688.17,521127.24,596740.48,53894.54,653992.15,572910.97,401051.58
"FT1152",232.801313850545,404.765198120117,335655.4,325495,345674.9,220460.6,334830.6,347891,325887,301174.7,327281.6,224898.5,316796.4,338920.4,346732.8,363188.4,307067.4,241921.4,283590.9,318142,235012,282803.7,358223.5,242503.3,354740.6,342762.5,317849,321451.1,345761.2,261843.2,351485.5,307254.6,346383.1,362564.7,364662.1,289515,275015.3,335001.1,352054.4
"FT1155",232.985491670463,381.273010253906,75956.94,14431.6,34736.3,75725.55,51590.39,64962.51,67627.28,48004.34,38638.83,102404.51,56106.61,57007.84,76409.05,44263.97,23465.41,56557.52,122912.18,66882.98,67464.8,18106.28,28723.9,78963.24,61355.44,72886.18,87774.99,50607.14,36062.28,106956.53,66906.05,75480.65,73626.27,43326.4,20912.79,67359.63,142350.24,66256.63,80832.75
"FT1156",233.021491198947,326.660980224609,174791.54,221830.44,198268.75,85797,174259.23,200165.43,158605.43,230079.08,203975.59,75101.7,172323.36,137370.99,146848.5,220183.13,202089.21,83111.99,129990.25,150268.4,147430.45,212507.94,187341.06,81244.08,149287.71,152442.64,141664.46,207351.83,190114.09,69817.48,150237.89,152387.8,131720.81,200992.89,174059.8,69417.99,110536.47,141344.65,128627.05
"FT1157",233.077992767477,558.276977539062,278063.4,405028.1,364284.7,189604.9,323674.6,332326.2,270742.4,339604,352656.3,159574.2,342320.7,349011,288381.8,360654.3,304663.6,184481.8,249854.4,350466.9,251152.8,397731.5,342198.1,188861,308849.8,333612.3,265648.7,303108.8,363416.8,158245.4,326896,285618.8,261979.8,340377.8,303918.9,171632.4,264528.4,329277.6,274560.5
"FT1158",233.078088396487,362.962768554688,67115.43,59769.74,32186.58,61985.66,94153.58,51823.66,46269.98,38473.07,28429.72,40147.34,108490.76,47267.56,58660.2,54977.06,16132.86,30319.72,101428.96,42706.42,41078.25,49390.54,35014.38,36294.2,85533.33,52942.09,48873.07,39188.13,31874.98,56170.44,94069.87,34036.2,48274.99,43038.04,20411.99,52470.28,103979.78,47326.93,41673.87
"FT1159",233.078055817687,301.387664794922,56853.95,35806.23,12649.88,65569.68,95688.5,67883.75,53463.87,24484.15,15001.6,69743.37,78646.15,62769.83,46853.09,27914.63,15763.99,49440.6,85733.84,65029.21,56280.16,39693.07,14260.79,67754.88,90700.36,74616.47,44615.76,24985.47,14272.46,78444.92,84163.19,69523.77,32196.03,30540.46,19502.28,66162.65,76157.17,53824.79,47169.84
"FT1160",233.154717269983,89.1461029052734,995232.2,1356990.7,1699903.6,1399106.7,1354144,1382933.4,1270701,1286123.4,1567034.4,1493131.9,1643876.3,1662832.6,1147101.2,1413284.9,1457402.6,1433000.6,1773873.1,1399331.5,1225247.6,1305570.9,1678836.1,1481756.8,1512904.7,1462513.8,1018929,1310436.2,1724938,1431606,1755719.1,1653922.1,988284.5,1494602.9,1471163.7,1500247.3,1802772.4,1383304.1,1438162.5
"FT1163",234.803069125603,404.793,409053.5,419705.3,403161.6,305315.8,403449.9,386863.8,375580.1,400842.1,419818.3,324078.7,369028.9,413541.7,392023.6,414675.1,395477.6,320099.8,357428.4,382028,371167.2,350491.2,420211.8,289460.7,399423.5,376592.7,363749.7,381111.4,416768.7,338227.5,373309.6,405201.8,402286.1,406950.1,410693,324472.8,329100.9,393406.9,386997.3
"FT1164",234.87239456254,58.8852958679199,368948.1,243802.7,284215.4,285493.4,356232.7,385324.9,369398.9,225172.8,382581.6,383925.2,375765.6,228400.4,363885.9,369553.2,390826.9,378095.3,236153.5,392706,410261.5,372111.6,244757.8,401515.1,364388.6,443308.5,417155,432336.5,415742.6,403414.9,431617,258813,363486.3,358645,249618.6,489400.7,409421.7,444670.5,285328.8
"FT1165",234.956668015541,248.014846801758,880833.9,240928.6,167434.1,1636743.8,0,500793.6,793730.9,348610.9,179690.2,1922306.2,0,709467,810892.3,357020.2,304679.3,1688026.6,0,426930,742853.9,169199.4,163432.5,1630633.5,0,490628.5,679874,345361,186486.8,1830846.7,0,625840.6,776769.9,379733.9,305171.6,1569782.6,0,410909.6,717094.8
"FT1166",234.978552925823,520.209350585938,55218.59,107269.27,125098.11,117072.63,139836.13,80244.76,118112.57,103563.8,154456.89,122001.49,134734.84,126299.8,128374.33,113178.74,141305.51,118452.08,101460.76,99872.64,113231.87,141608.96,153114.12,104309.12,117996.49,103123.78,105459.33,145229.87,148273.57,100053.46,128194.72,113808.59,120019.22,106036.33,145318.08,98351.64,70338.21,100224.02,95853.02
"FT1167",235.019988938099,350.319488525391,13285.139,0,0,61467.393,0,3860.213,16753.134,0,0,82779.736,0,2434.577,18043.864,0,0,62363.442,0,3719.313,9503.89,0,0,61864.041,0,0,11556.488,0,0,64875.929,0,3908.235,12678.04,2881.927,1224.468,61614.108,0,0,12251.416
"FT1168",235.072602728803,278.929992675781,244903.7,311595.3,313954.8,196291,208766.7,231480.4,225104.8,309642.5,311104.7,197889.5,203403.7,233757.6,239880.4,313654,320225.9,197862.3,220818.1,238964.6,238910.2,314382.7,329595.8,196753.9,197171.8,231555.2,235051.3,328872.3,333371.3,196472.7,211438,260896.2,240643.8,327451.2,284001.2,194634,231818,248399.5,249111.4
"FT1169",235.072665917796,357.313888549805,252246,264293.1,271878.3,219088,189383.3,192731,235628.9,271441.7,274029.3,217777.6,176342.4,196436.9,205607.2,265095,255554.7,221065.5,175615.2,188041.8,207013.1,261868.4,276503.5,219003.6,177578.8,195141.3,225160.5,244574.7,278351.2,217230.5,172481.1,208639.4,223417.4,258067.3,245436.9,201075.4,161645.7,186040.8,224385.5
"FT1170",235.072560935224,213.046379089355,74656.71,85774.47,94979.77,70009.05,59145.9,65154.06,71076.77,76497.45,91474.26,75055.46,35028.67,74608.4,73838.56,74512.98,93820.25,65192.53,73040.25,57980.81,73357.16,71331.25,85090.87,70713.46,41851.31,60271.88,66628.34,82264.19,97504.21,68296.57,64861.38,72889.16,73671.11,80527.01,78401.63,72121.94,74734.25,63360.44,68181.04
"FT1172",235.800535571829,404.851165771484,167342.3,161770.1,160307.5,82626.1,107106.7,123973.9,123648.2,173406.5,113071.1,136278.1,142929.3,160130,147500.3,165415.1,148496.8,112727.2,129974.8,126838.7,145262.2,135541.6,177670.8,127910.4,147453.2,137071.4,163894.8,155988.9,167358.8,140990.9,123298.5,123918.6,147716.6,168078.3,179104.5,115743.8,117193.1,127796.8,149373.9
"FT1174",236.023627997357,629.897521972656,345479.6,701434.3,405345.1,413566.5,145583.1,263251.4,367425.1,632644.2,410555.4,429674.1,159365.7,271774.7,399361.1,740578.6,399795.3,429694.2,133884,231837.1,354802.9,763742,403277.2,443981.1,151438.9,263587.7,363282.7,719769.1,449958.3,446867,168740.9,298609.5,386688.4,760617,437050.8,488537,141278.8,250313.9,417350.6
"FT1176",236.799711770946,403.432373046875,466542.8,450329,472042.2,352613.4,464884.2,457965.7,409225.6,465554.6,446104.5,387952.2,456489.4,453017.7,431767.2,470901.8,450944.5,350603.3,390830.5,450328,440662,409951.6,456381.7,354549.3,442688,463381.1,435811.3,445543.2,446145.6,376802.5,459516.9,447599.8,462771.2,481009.6,470484.9,354443.2,380879.9,455906.5,431510.5
"FT1177",236.804868809097,404.78564453125,167724.9,155371,160995,120719.9,159974.5,158669.6,138098.3,166848,165723.3,132623.5,168583.9,159798,149297.7,164372.7,163633.5,116893.3,153327.3,126882.4,168349,143578.3,163386.5,127378.1,168963.3,142256.6,145963.2,167588.9,165063.3,131844.8,163542.1,163647.6,149079.3,160793.6,166395.5,123485.4,123276.4,124076.6,151338.1
"FT1178",236.86130117262,990.429077148438,47881488,41788821,51496914,46157336,44178266,42670721,47737836,45335921,55213068,49433557,45424950,42888127,46760932,44768612,46835907,46979957,45582119,40334474,43687557,38789612,48398459,43418458,41534681,39905099,44630333,43755783,53871789,49094551,43629553,42557895,44295134,43673220,44216479,44223279,43132595,40184087,45680554
"FT1180",236.902730481914,580.400756835938,636006.8,834969.7,662579.5,540826.6,471516.4,700416.6,737571.1,692833.7,721692.4,409589.7,525834.4,375784.3,497543,454576.3,575896.2,446074.3,561162.2,573740.1,481359.2,816259.1,1225612.9,416108.9,620716.2,513095.7,591102.3,1020719.2,967114.5,483539.2,662364.3,626231.5,616267.7,1073493.2,1456709.6,528801.6,718473,692824.9,791246.2
"FT1183",237.029451298332,441.473907470703,245521.8,112468.1,136689.1,241799.4,401908.2,185623,272890.4,114095.5,161422.1,261407.4,440513.3,217333.4,299325.5,128715.2,127683.4,261358.3,358101,202008.2,324066,157585.2,177094.1,314333.6,514133,258093.5,369194.7,167847.5,219197.5,315431.5,592571,265070.9,388395.5,197559,165327.5,353858.4,497089.9,289050.5,407778
"FT1184",237.077058821364,165.917976379395,388910.1,356818.9,340419.7,355972.5,360436.7,347687.3,346469.4,321228.6,351315.9,371432.5,366071.6,403077.2,395253.1,362717.7,336514.2,369794.5,331792,375213.2,404180,367985.1,357190.8,410215.2,390047.6,432117.2,373802.8,437550,384037.3,422712.8,417042,428598.6,403880.9,402242.1,384407.4,410935.5,357568.1,419516.1,433720.1
"FT1185",237.124610298003,96.5281753540039,4173481,3608200,3571977,3520181,3215743,3804978,3722980,3541892,3552248,3560374,3756579,3541442,3609209,3697060,3329197,3428151,4162476,3504783,3535171,2887588,3500903,3395636,4088422,3472119,3613938,3316009,3375927,3461711,3461996,3481508,4042785,3402902,3412165,3506019,3725956,3570277,3674989
"FT1186",237.124660366596,164.561996459961,5982300,5961348,5746235,5597267,5748106,5667055,5847176,5563676,5736215,5851108,5634307,5846661,5706690,5645978,5531939,5725502,5324082,5520135,5650609,5726218,5511482,5593496,5590497,5566913,5648642,5867895,5671720,5620867,5641606,5577630,5629053,5753573,5668596,5498593,5163563,5523936,5610662
"FT1188",237.98881694992,573.638671875,2255899.9,2898765.6,2190698.2,280242.9,2184513.2,4220842.5,2293855.9,3651104.8,2260786.2,318544.4,2362840.4,3890387.6,2327175.5,3419157,2000476.6,297430.6,3129568.1,4270061.1,2179174.3,2797003.5,2250020.5,293167.4,2298080.3,4013634.9,2043637.3,3780612.6,2288903.1,329796,2317623.7,4092514,2257246.8,3719027.4,2019646,263962.6,3103178.2,4390978.6,2359841.9
"FT1190",238.025458892536,410.410003662109,772897.6,1314473.7,1142752.9,802656.3,570586.5,537426.2,747315,968248.7,1005879.6,645055.2,589847.1,516253.3,721396.2,1027999.6,983776.7,769719.9,444379,532887.8,714513.4,1213042.3,1076997.1,830026.9,566111,560751.5,718691.8,948418.9,1030869,657525.5,577990.2,556632.1,747062.1,1107993.6,1045820.6,834808.1,468102.2,537387.4,765643.4
"FT1191",238.031162748643,382.63330078125,85084,91457.59,104932.09,63271.13,80388.18,66129.02,81455.16,91212.63,106840.69,72867.28,68169.79,48929.47,77003.98,82877.84,95347.22,73422.69,56592.38,65922.55,80145.2,87709.47,92439.23,65173.85,69846.59,66833.56,72487.89,78455.89,97397.36,69003.34,71462.94,63030.76,69646.04,88710.65,92142.84,46614.91,69015.84,40011.93,68975.72
"FT1192",238.108681809126,157.829490661621,1207044,1202912,1150963,1165072,1134461,1100373,1178982,1101863,1152332,1228964,1200511,1176677,1148622,1161960,1114242,1078491,836913,1244872,1149997,1135515,1090408,1098289,1105154,1109431,1099861,1137362,1159741,1147664,1134395,1151699,1182491,1148359,1113155,1245944,1081229,1092263,1091071
"FT1193",238.127935326491,164.561996459961,758287.6,745441.9,714004.6,717162.2,695423.3,702929.9,720417.7,718321.7,712206,759268.7,699769.1,717459.2,705351.8,707743,701686.6,689749,688848.8,702057.6,701350.9,682246,701392.3,698886.4,701602.9,701996.2,680726.9,724788.7,725242.6,701042.6,712016.7,693511.5,713803.2,730831,683979.2,682368.5,638286.1,670422,734592.6
"FT1194",238.796626433249,405.517272949219,150899.15,143103.21,138674.51,113069.21,144812.49,154716.76,119918.54,138731.6,132912.46,116205.63,161359.46,119690.58,140053.24,151793.97,149656.22,98651.98,106604.61,119000.27,139251.13,126167.47,161625.67,111920.62,139627.76,127552.84,128468.67,154628.71,144879.86,122400.88,155616.96,128155.31,145280.18,148053.15,155185.61,127939.43,120870.61,108823.56,139353.3
"FT1195",238.80184167562,404.827514648438,196849.2,182545.3,205285.7,148391.1,184972.2,172732.3,178751.9,189511.5,183203.4,156869.2,190824.7,180745,178510.5,197334.1,192130.9,147446,146244.4,166952.2,154425.4,182444.3,187997.8,136857,204075.1,181518.3,179949.2,196316.6,191144.4,160464,188831.8,186428.8,179531.4,188640.1,196826.5,142352.2,162838.1,173358.9,180580.7
"FT1197",238.864969534795,990.42138671875,572573.9,520729.6,632662.1,576703.9,510374.5,501469,601336.7,549394.1,643224.9,581132.1,514926.6,503116.4,559880.5,504026.2,574922.5,549669.3,541878.6,474123.9,517155.2,456120.8,579176.3,457092.4,449070.5,426962.9,465130.1,464222.3,628107,557755.3,414838.7,473294.9,492952.5,508835.8,472990.7,489235.3,283977.3,421501.3,528533.3
"FT1200",239.016721984551,570.853393554688,513544.4,581015.9,493527.8,423621.6,245569.5,467781.2,488855.3,554011.6,442049.3,440127.5,251879.4,501058.1,496995.5,609971.9,577814.6,436607.1,441013.6,406821.3,451144.5,557306.5,467713.1,377964.2,247660.7,423725.7,429494.6,566167,454278.9,382580.3,244987.6,463381.8,459409.8,660160.5,568961.9,375288.6,392136.2,418510.9,486170.4
"FT1202",239.030561991704,434.256591796875,171415.918,10263.8,34651.212,76728.973,262450.475,199350.933,210057.342,28373.087,43061.079,82258.096,250257.029,157560.065,138985.43,23334.356,19556.481,57895.376,876898.874,216568.608,106353.523,6399.749,21993.575,47598.375,167047.173,194550.825,86171.122,30693.716,22587.889,67438.887,302615.526,177784.315,122672.715,32569.153,17809.986,26985.894,815351.577,198931.984,140792.45
"FT1204",239.078894757018,187.952217102051,16593.081,0,0,0,144440.796,7379.778,16824.421,0,0,0,165322.365,7699.126,22289.988,0,0,0,145209.144,7424.891,18114.759,0,0,0,129869.75,7758.162,12866.982,0,0,0,160091.78,12554.288,24320.814,0,0,0,148567.811,4250.776,19853.714
"FT1206",239.140312715412,157.827278137207,963084.1,1002631.3,959843.1,857202.7,848631.6,954121,952334.2,863866.2,944794.1,964593.8,992619.5,978071.1,849138.4,919537.9,900817.3,932345.3,922368.9,992438.1,969225.4,938019.5,919862.9,919677.9,936652.9,956936.6,871956.9,958273.4,921932.8,953835.8,961142,940161,949132.2,518195.6,1009720.5,988946.3,902559.5,548502,976338.1
"FT1208",240.022531273472,410.410003662109,262508.9,485355,375682.4,261619.5,191481.1,174241,266636.8,324650.3,341908.9,252962.9,191048.9,180218.6,239207.5,385961.1,342384.5,281259.4,155996.2,168593.2,237931.9,410722.8,366040.3,272843.4,187064.1,188941.6,263598.1,308915,360441.6,229869.9,206965.7,180554.6,250436.2,367553,382154.6,279296.3,157634.1,171634.2,262096
"FT1209",240.051673262923,741.068725585938,2566841,2862777,2372861,1991495,1837668,2173684,2493678,2992850,2927681,2297425,2018637,2243280,2247762,2869521,2496458,2165850,1980690,2277864,2336050,2792752,2615671,2151878,1891627,2150808,2293589,3080599,3049917,2322175,1912247,2593918,2496064,3088317,2492104,2106974,2009798,2347332,2445559
"FT1212",240.863744598987,990.429107666016,99481.03,85580.84,113806.03,97157.75,98960.08,92024.18,91835.08,96913.92,116745.43,108649.58,106718.44,85357.52,109067.83,90381.89,95179.03,96420.96,112687.84,101857.61,97659.22,84641.2,113032.32,82001.38,100336.67,79905.62,93570.4,91779.52,121819.84,116446.77,103497.87,86725.17,104150.87,95555.73,98908.79,94116.49,87019.97,87720.38,91857.88
"FT1213",240.871082290756,60.2596321105957,560772.7,537456.3,601919.7,616880.5,389140.5,345470.5,558200.9,579814.5,619614,637223,571130.5,632823.6,652770.2,664031.3,678405.6,680115.4,588273,457256.8,413213.7,650976,436118.7,394585.7,724035.7,419837.1,721912,730304.1,716171,749383.8,681998.8,749050.3,762009.7,747416.5,504637.9,755114.5,806660,578484.8,776632.4
"FT1214",240.896107240564,987.47998046875,74938.26,82977.7,70656.84,71478.12,86134.96,79911.55,74743.56,77987.79,91657.68,77474.2,83307.98,87578.19,70356.03,70800.75,82481.87,68328.24,104534,71711.99,69289.36,70798.5,85915.54,75882.32,77469.85,85079.56,71155.62,72841.93,81533.06,78838.49,95816.49,81647.72,84611.38,78257.76,86052.99,83379.16,106675.43,85437.95,92978.52
"FT1215",241.012075619269,604.673736572266,881882,402305.2,353787.6,1741573.5,705511,504363.2,815443,424551.4,320947.6,1794007.8,695697.5,493285.1,878430,401162.7,324161.1,1813382.1,634018.2,488574.3,855630.4,392422.5,364534.4,1833632.8,672742.8,529442.8,804453.5,400569.4,347026,1800077.6,657553.5,511156.9,840282.8,404112.9,321993.5,1722131.5,660804.2,496828.5,886861.8
"FT1216",241.012101000882,484.092041015625,162542.42,118988.55,117240.7,172173.18,339796.88,133479.77,167672.1,103410.52,105250.34,148346.54,330252.52,136806.37,167839.14,116477.38,94826.73,178177,311428.8,120299.86,163221.25,117076.72,111094.62,154206.86,351703.07,138720.72,156942.86,111164.37,120526.14,157011.08,322073.02,133475.1,176375.55,120674.56,110587.81,167170.05,325223.38,145400.75,158680.16
"FT1218",241.059954499948,424.452911376953,148667,0,0,0,787234.9,123459.9,152402.1,0,0,0,894631.8,114009.5,139249.9,0,0,0,1265923.7,108012.9,123237.7,0,0,0,718206.3,131506.3,117771.3,0,0,0,829801.1,108505.6,128864.9,0,0,0,1159513.6,113164.1,136478.2
"FT1219",241.072354931975,163.244995117188,226301.8,196879.8,226153.6,165116.4,163792.7,182948.5,220480.2,242351.5,171685.8,169228,184259,198836.9,213526.1,204729.6,230155.4,188675.3,151678.3,199922,208126.9,176177.2,186385.7,162755.3,153536.3,160865.1,265080.4,254286.9,165347.5,163205.5,175349.1,186027.9,184366.2,219945.4,233536.4,159127.8,141505.3,237496.5,211925.2
"FT1221",241.217639034238,85.4724502563477,2200634,1146958,1279274,1449192,1404420,1312390,2266974,1382969,1285377,1606198,1640215,1424402,2252427,1454080,1697197,1621801,1534570,1929334,2169552,1114029,1207094,1471163,1450751,1295956,2354714,1388687,1254882,1528520,1719848,1407478,2131374,1501376,1574214,1588986,1511770,1961159,2178300
"FT1222",241.929379924436,395.027938842773,124004.02,126910.78,149844.57,101374.5,111260.05,115114.29,120722.46,117761.33,131389.5,87325.34,117389.24,100790.73,124744.86,121619.09,138231.68,91983.32,127346.2,120582.93,134820.98,135782.54,173993.9,111092.99,143208.91,134761.01,129776.55,124592.05,147626.27,112446.41,130770.86,123466.01,117957.59,130782.01,133884.62,91554.97,108277.64,98500.99,112761.32
"FT1223",241.991045608545,243.89225769043,73146.55,41035.1,55641.26,21826.06,0,79144.12,75312.68,92096.15,46047.34,10497.49,0,77519.43,62208.69,67651.29,70017.87,25398.93,0,89691.67,56968.09,34418.04,43321.97,21784.77,0,66550.35,87297.66,88441.55,36396.79,16283.52,0,72575.33,61351.42,59209.23,72005.05,15616.41,0,78226.33,59047.39
"FT1224",242.052068004133,463.666687011719,85211.269,57120.375,154720.384,0,121992.626,216493.61,97118.022,64662.074,117046.54,9063.637,151260.451,254240.047,88013.622,97552.682,200637.546,5539.705,381034.112,187532.345,89176.873,44717.753,143138.181,3900.263,99874.386,207971.882,89236.841,82185.034,101469.447,1530.816,144685.222,245377.495,89084.339,82453.746,206818.594,9206.949,327607.39,130901.568,79711.141
"FT1225",242.078565121012,339.218048095703,9869315,1731087,1199697,21586238,2354387,4219170,9563053,2950278,1097066,28260869,2044884,5102252,9323339,3455839,2384897,23587745,5869599,3367926,9202612,1606844,1165704,21488924,2320238,4284686,9033082,3011265,1098478,27829007,1986594,5175319,9129370,3581303,2159462,22022731,5581448,3368196,9273831
"FT1226",242.078485294315,556.89599609375,129395.99,214288.01,181890.05,55612.73,182336.23,183495.88,131452.08,206175.14,168148.65,40655.08,176389.04,201010.34,143808.72,183044.88,146006.83,51747.83,162875.84,170779.49,118445.72,200045.11,181208.33,59567.93,169542.2,178273.97,129584.45,165095.27,169322.93,55703.97,176061.24,188424.49,142401.86,184372.73,162490.33,41914.58,109075.15,165964.59,155108.21
"FT1228",242.080030398905,402.678588867188,118931.49,36793.16,60308.48,453107.74,0,13170.76,117752.89,33697.44,49199.16,471240.2,0,15199.61,111609.95,24672.51,39775.11,420703.3,0,22234.93,93001.43,42731.56,61348.68,427215.42,0,26217.98,102496.55,32830.09,37690.47,469653.86,0,17264.48,178553.32,34178.49,40776.61,451105.46,0,21191.58,105543.54
"FT1229",242.176476612476,97.7357559204102,1007671.8,193621.7,1351309.4,536459.7,417905.7,357645,1081277,557733.2,456452.5,588401.5,3932062.4,830999.8,990351,559965.1,761776.7,372773.4,1742335.1,802606.9,1005170.5,805641,1269438.2,534700.2,436306.3,338248.6,1225176.8,563897.2,421177.3,538657.9,3836927.8,866806.3,1666371.8,140390.5,734681.7,377651.9,1722303,765539.8,1162850.8
"FT1230",242.220692675173,86.1958885192871,288854.3,170205.9,153698.5,219187.3,213477.7,168294.8,159845.4,178898.6,188729.7,226870.1,219830,186161.4,318648.1,183462.1,240953.1,219220,230286.2,287851.8,330837.9,168819.2,195824.4,187067.1,193911.2,184494,332313.3,200614.4,197508.1,234136.5,241552.5,172753.5,271953.8,235897.8,264534.6,213216.1,198487.4,318242.6,340516.9
"FT1231",242.895063995369,990.434722900391,81335.26,71574.84,88693.23,72506.23,77756.93,67490.85,73731.48,82281.18,89375.67,82398.76,68379.32,75422.43,68246.84,80925.66,77932.85,71294.26,63096,62073.51,66662.28,66556.89,81880.87,78130.55,65967.85,66836.49,73253.53,76363.88,81992.13,72350.14,65689.88,53312.21,73958.19,73508.34,73673.74,72827.33,60189.21,64258.55,76811.4
"FT1232",242.927073439223,392.240051269531,113473.47,130677.06,142610.7,81000.89,102316.01,105586.3,108762.27,118422.51,144560.41,76710.48,118787.54,119345.72,115651.49,140526.93,145310.3,84443.03,96534.6,97391.81,112658.29,128957.03,155315.23,92237.24,120282.46,106854.78,108007.94,126670.56,162560.02,98865.41,117522.63,114718.73,110848.32,133223.81,137194.84,90934.34,93321.51,89337.47,107053.1
"FT1236",243.04631448574,442.531372070312,1788565.4,1092919,1113733.3,1645762.4,2399606,1420902.7,1794839.5,919241.4,1265292.7,1636335.4,2267755.9,1286639.1,1532746.2,936618.9,957671.6,1541972.8,1443150.9,1252953.5,1637514.3,1009964.1,1023795.4,1477135.1,2124534.5,1261268.1,1591123.1,909943.4,1179148.5,1474083.3,2156682.2,1287875,1673966.9,983112.8,939776.4,1514351.5,1374018.1,1268707.2,1633502.6
"FT1237",243.056848193578,424.463577270508,54720.94,0,0,0,242924.25,36788.69,37881.68,0,0,0,255459.86,27060.92,33605.95,0,0,0,405635.39,28381.05,31424.19,0,0,0,257170.94,39497.57,44935.92,0,0,0,273596.38,15704.57,39806.39,0,0,0,372878.31,35399.31,25461.59
"FT1238",243.062435551455,347.500076293945,1748512,1152572,1496158,2627501,1348301,1170731,1657710,1112653,1687940,2266630,1368460,1133784,1604185,1082700,1428713,2533779,1112418,1173641,1575892,1098082,1567025,2603278,1277412,1195801,1628787,1118122,1672893,2263003,1338465,1188145,1669865,1127100,1424664,2393795,1101456,1227975,1711898
"FT1239",243.062344479614,234.141510009766,2756983.7,647105.3,523030.3,4921345.3,1813969,1620353.9,2669956.4,974101.6,535408.5,6490229.1,1507463.4,1957402,2637802.2,1248278.3,992975.6,5517070.9,3286124.4,1346767.2,2523294.3,590774.2,516970.7,5015386.7,1765052.2,1658338,2355257.2,970165.8,565464.9,6527487.1,1476085.7,1968289.2,2487682.5,1305342.7,1052960.8,5454186.3,3241024,1362284.4,2505941.4
"FT1240",243.062276568138,521.484008789062,707451.7,467092.3,643283.3,790197.6,640618.6,708246.8,643381.7,492057,577496.8,787278.4,689986.4,707647.7,683156.9,502354.3,573449.3,795571.7,590795.7,703696.7,685824.1,470281.2,600769.4,762560.3,635125.4,716854.5,711383.5,526118.9,569439.5,763835,695279.4,771927.8,662384.5,490042.9,559807,788881.7,625566.2,743960.3,592417.9
"FT1241",243.062376598893,623.054008056641,217090.11,288111.98,267010.08,94200.46,293237.35,248750.35,233850.33,262544.09,272653.94,102253.15,252918.93,244143.81,232066.23,262311.66,245142.2,100257.99,270732.17,222922.14,218840.33,260674.67,248282.4,92078.78,282997.11,217469.74,202358.36,251872.24,278516.83,104476.64,298093.1,252482.17,211890.18,244390.02,257452.55,77722.77,259252.02,232581.96,224815.22
"FT1243",243.081110230832,207.459777832031,466058.5,390555.6,667506.1,311747.5,470536.1,465327.5,465955.7,389412.7,663920.3,342643.9,479018.6,471924.2,455601.1,399330.3,619030.2,358470.5,490015.7,439560.2,448091.8,360496.7,629197.8,295260.1,481261.2,468478.3,421673.6,367529.1,660161,313860.2,470142.8,475627.1,453020,404091.6,618920.1,349119,513697.6,458102.7,437120.9
"FT1247",243.925784519619,396.376770019531,99519.79,116592.32,124356.29,74179.78,92391.85,97698.27,99444.45,110786.38,118956.08,84411.51,97887.63,107339.14,110716.3,120167.84,120193.02,84870.36,111251.9,101555.84,116091.22,126181.83,156140.24,104905.87,121219.5,120689.39,108167.06,119436.45,141684.31,88558.29,99876.27,89094.22,101775.16,107951.11,113444.29,82728.99,92407.64,77003.25,93126.92
"FT1249",244.049895945441,442.096374511719,107676.92,64615.01,57736.9,86713,84421.37,77320.66,116918.95,48637.09,73311.83,91997.75,68197.9,65408.92,98577.7,55143.29,55855.94,87019.51,71355.84,68335.52,89546.8,55127.29,61118.11,94544.57,98032.48,74284.56,94948.23,54243.58,58576.03,55720.95,98788.02,71719.03,109787.79,52781.9,55150.31,76371.41,76739.08,66503.04,94345.67
"FT1250",244.059207183653,529.459106445312,7932901,10254285,12213818,5965709,1358559,10350381,8495068,10145319,12771340,6318266,1422011,11082590,8013621,9982635,11493548,6476561,1408357,10601127,7809159,9427288,11611791,5687916,1229022,10178227,7758633,9736923,12239217,6420337,1384833,10762668,7431241,9861534,10761570,6003922,1434901,10187179,7528221
"FT1253",244.067542867565,441.194946289062,1552157.4,645399.9,656528.9,1296522.3,2252535.7,825259.9,1480681.9,471221.3,726926.5,1346302.8,2229244.8,867453.9,1458808.5,633893.5,561012.8,1304652.1,1237763.3,755087.6,1417561.3,578677.7,578622,1341188.8,2152191.2,787147.3,1416090,509976.5,689250.2,1240899.7,2070063.5,795935.3,1431666,588688.6,542056.3,1231878.2,1163200.5,776841.1,1375341.5
"FT1255",244.166919068712,768.588989257812,67116.78,74548.34,85246.65,49613.37,82673.59,52643.9,75034.29,80332.2,97726.54,56911.77,92406.42,47478.29,65664.68,76047.34,81395.13,46504.99,85699.56,52898.5,74060.78,73318.42,95052.83,43300.27,86357.31,55419.98,58499.07,76510.81,94841.11,49224.55,97691.87,58884.19,75183.19,75302.16,64033.92,45965.52,97112.84,57057.21,68159.91
"FT1256",244.905848656001,975.933227539062,16743281,10505764,14477968,11270042,16648295,20312728,16407324,16176865,14896335,14447621,17339774,18922507,16251741,14530618,13700106,11766032,32885000,21674860,15801462,9549192,13672163,11261374,16928758,19920113,16075061,15509517,15372932,14701578,17568273,19814309,16495393,15271542,13584622,11372180,35175199,22781189,17406192
"FT1257",244.906075137603,1028.56005859375,1889365.9,1707856.5,1915574.1,1729400.6,1726018,1814118.5,1763624.5,1729739.6,1716359.8,1700485.3,1481703.2,1236049,1497755.3,1596158.9,1477458,1500896.7,1048214.9,1735072,1556692.5,1389684.1,1507118.9,1460476,1533323.9,1590006.7,1567239.1,1501327.8,1575003.9,1554364.2,1534616.6,251542.3,1573732.6,1611988.4,1528796.1,1448250.6,129124.5,191552.2,1479379.9
"FT1258",244.924161753198,392.240051269531,81869.85,91304.66,100977.48,52996.96,66854.74,67412.82,64450.39,80860.12,98036.43,56313.78,69478.59,67355.03,75843.46,83891.42,88607.44,54424.17,66553.73,47249.71,70693.41,84471.22,103812.69,68361.8,77908.16,78843.05,73388.13,91819.54,116163.11,66370.43,76838.51,71639.8,74352.02,91957.44,104897.39,61827.98,78671.4,78282.23,88102.01
"FT1259",245.043327110081,432.852416992188,28243682,15420314,11827997,47311660,6966770,15532951,26945403,14838327,13141182,47298384,6707353,15082423,25297121,14912849,10859086,45260701,9811705,14920292,26247116,15044737,11902777,48453607,6503588,14702090,25015072,14914644,12996048,43086269,6650987,15902269,26109882,16153241,11101473,43796765,9925270,15210967,25582820
"FT1260",245.062412086674,530.106658935547,491838.98,639951.6,765710.52,372334.7,45448.66,642397.86,491897.4,626963.9,779658.3,397052.08,29425,687088.69,486738.64,628000.54,715924.45,377649.88,58146.57,650094.39,466276.21,582923.45,690401.81,332243.71,62970.69,650746.04,475677.41,583406.98,739570.32,374268.11,62273.82,685754.91,462051.65,595547.61,660049.55,361542.98,60773.27,656968.63,473295.34
"FT1261",245.078049055403,241.165061950684,59735.58,37827.03,61647.29,91970.53,52309.5,35977.39,60539.49,43803.3,71411.75,73611.67,57337.24,46270.76,65615.78,22266.39,54486.41,79617.56,52654.41,38496.6,56325.4,43714.95,57342.55,90424.41,53666.8,39783.71,52602.59,35250.98,66479.83,70979.08,64867.5,35881.65,50636.77,37961.97,58781.08,80819.73,43395.94,42271.12,48861.96
"FT1262",245.909325107849,976.670959472656,359831.3,203124.5,322680.3,261019.7,325887,438985.8,369457.7,399737.2,332420.3,312476.1,357550.7,385554.7,337656.3,322233.1,316456.8,270197.2,692179.3,491320.1,354840.2,203430.9,305291,255425.7,368421.6,434833.6,349938.3,361432.8,341643.5,307759.5,382697.1,417693.8,392835.8,347248.7,293745.7,252100.9,812190.1,508127.8,359336.8
"FT1263",245.945695146741,271.985107421875,54825.69,43931.41,61567.65,58960.91,28030.1,35529.69,58660.77,33025.55,47028.85,56807.42,46346.32,46711.65,52699.99,47487.65,64798.23,59073.2,39668.2,36537.07,48288.82,39074.85,57400.97,61150.04,17907.43,44899.89,61848.55,49317.72,66207.94,75590.73,34794.82,55432.22,57536.48,40474.66,66671.71,41276.17,29323.87,26510.83,50672.58
"FT1264",245.971111876671,518.9462890625,1739272.7,1432558.9,1336601.5,1490913.8,1750717.9,1221581.3,1305339.6,1104011.8,1168688.8,1326852,1598761.8,1016173.7,1147521.5,1155817.1,1261239.3,1372903.6,1406229,945106,1138921.8,1121031.9,1167189.3,1248466.8,1446246.5,1120947.9,1201115.1,1013206.1,1025314,1270681.6,1490480.7,998083.5,1177267.7,1036105.9,1059913.2,1325844.1,1444806.6,1018185.4,1131298.6
"FT1267",246.057443904136,410.409576416016,10024219,8491256,9405694,7907836,9547361,10518156,9524520,9449365,9106629,8878257,9761641,10190613,9352533,9132337,8640239,7510155,11865413,10183725,8807655,7493989,8708140,7657959,8940749,9947266,8723628,9127192,8533088,8596848,9196157,9491558,8903111,8754975,8347335,7406751,10980195,9733793,8729080
"FT1268",246.063378963336,530.739013671875,90392.562,131640.339,151135.15,75390.534,6150.619,124687.909,101649.43,131076.253,157665.109,65840.558,11850.064,143064.193,101024.972,117817.22,105865.902,60296.829,5749.143,136293.616,86040.517,123215.351,141066.194,43460.337,2731.671,146811.667,92370.288,129978.525,129123.384,67874.879,3042.767,139888.429,79699.251,118691.594,126518.624,74003.358,9596.159,118719.154,98835.581
"FT1269",246.073136937703,575.015991210938,89951.62,186412.77,159117.57,83848.91,90877.5,102260.27,121135.39,139343.56,150970.03,79092.86,110365.19,111043.84,97174.68,138060.28,123646.34,78011.87,40957.35,113385.75,105486.67,160908.46,144320.01,82100.9,73969.84,124733.01,89917.74,132664.4,144555.54,57602.01,106780.75,133927.01,102158.55,144277.42,133146.43,49924.61,43458.39,127108.62,110554.24
"FT1270",246.904048259237,976.138244628906,1121252.3,661794.7,950950.7,741959,1104507.2,1326561.2,1100072.1,1039986.3,1003426.3,943036.7,1165452,1297044.5,1039651.5,932908.7,868227.2,717326.4,2257851.2,1425332.3,1044925.5,615643.2,899665.4,744389.1,1111469.8,1375677.9,1047634.3,1009636.5,995799.5,970947.9,1231891.7,1356625.3,1063791.9,992944.2,897626,732567,2387091,1498945.7,1180316.7
"FT1274",247.040660765067,409.007690429688,146385.89,166756.95,115121.76,242811.82,22581.54,68078.84,154171.79,152397.74,118576.79,232220.7,39665.84,65595.56,141480.94,162253.48,97881.35,261187.52,23475.75,63084.79,139167.59,151613.4,120168.65,260448.71,31683.12,74883.84,126686.88,153564.17,121649.29,227790.66,20274.51,70254.48,136739.06,153468.45,106123.69,253295.98,22202.71,67473.11,147664.27
"FT1276",247.057370197711,639.781860351562,230605.7,291952.8,233447.1,123560.1,210978.7,244190.9,215148.2,281290.4,252150.1,122652.2,222248.1,231336.9,189559.3,297529.4,223380.7,132177.5,195209.5,201335.6,206172.9,285164.5,225420.9,147066.5,209335.6,231203.5,204509.6,272703.2,252605.6,141693.4,212768.5,230723.4,200727.5,292974.7,222844.8,142996.4,149327.6,236294.5,220069.3
"FT1279",247.994204135935,273.358001708984,276735.6,227355.7,286351.7,276350.1,170837.1,255605,320881.3,255141.8,325232,331090,198193.5,247103.1,300707.1,259269.1,302489.7,301812.3,203962.4,319286,303515.4,263707.4,292290.4,290318.6,162877.5,244394.1,297560.9,247428.5,328826.3,298408.1,197372.3,255394.5,290167.7,280415.5,299208.5,281302.4,203945.7,290905.4,331908.2
"FT1280",248.054393934969,410.403594970703,3678121,3147174,3482344,2858867,3521806,3851577,3557038,3525953,3410129,3294902,3621790,3706307,3401369,3328104,3183365,2841697,4330817,3706794,3206980,2785060,3200465,2800319,3341051,3696511,3265480,3361316,3198878,3184778,3413930,3485031,3304467,3203253,3083627,2756118,3992515,3499950,3256290
"FT1281",248.057701208926,462.204986572266,32931.74,11358.04,53869.862,3570.035,12115.309,72165.262,34956.215,12139.705,23110.452,3600.469,20874.597,66892.02,19514.109,29823.799,65883.138,0,92689.887,55427.139,29565.067,17207.113,51639.589,0,11369.657,61940.261,28420.865,16392.858,41108.87,0,29766.571,67324.314,27574.687,23213.093,58670.293,0,66237.452,42372.209,25986.69
"FT1282",248.080385573297,85.4702682495117,1223128.3,498183.6,819038.8,423035.1,339358.7,641486.8,1121246,1521784.8,446676.1,410464.3,355404.5,651151.2,989823,1124306.2,1265496.5,495026.5,673060.9,1627146.1,1189077.1,468546.7,837410.9,432433.4,302739.6,621100.9,1618263.2,1613427.2,504431.9,435967.8,368480.9,712513.1,1128041.2,1075161.9,1267307.6,525183,697029,1612313.1,1239627.3
"FT1283",248.080198550979,159.180999755859,515634.9,334023.1,408238.1,305047.8,267562,337225.5,521943.5,685834.4,319989.4,271225,279474.3,335289.4,493228,536003.3,545708,319936.8,234501.3,589284.4,468014.5,281917.9,439979,243551.3,236502.1,287571.6,625927.5,693681.2,262283.3,245077.8,264549.3,348570.3,467733.9,314439.6,516854.3,321193.4,243700,412860.9,486997.2
"FT1285",248.983872929103,544.343017578125,80897.603,46283.477,47132.018,108190.909,6905.414,17124.132,86886.149,41605.134,37614.584,106223.107,11066.192,49857.205,98085.447,67034.147,80931.66,116405.824,21599.648,59590.21,117623.713,69047.391,58244.613,133582.457,13675.477,58431.318,121138.935,66080.484,53780.104,138139.248,12612.208,56272.815,106644.772,79566.261,80024.198,159216.101,33893.303,55223.102,120598.914
"FT1287",249.049506979065,249.433921813965,70796.726,153285.371,165275.88,12639.474,158020.689,94290.885,70169.911,148439.69,170249.465,10792.2,166516.461,81992.658,45846.625,124263.958,104253.786,3128.215,152043.05,111871.245,70847.795,124923.14,169585.01,12308.161,131025.3,91467.556,71532.696,138285.071,159326.921,2636.641,158518.038,73894.966,63616.08,131911.779,117515.48,2661.781,127107.215,95863.262,66453.306
"FT1288",249.055172063928,500.412017822266,701779.6,492700.4,399071.6,859302.9,599582.9,570068.2,740711,529810.5,422669.2,1176496.2,545243.6,560552.6,707040.4,597995.5,475368.1,950677.7,964198.8,522195.2,675036.9,458093.7,425650.5,962959,592935.3,570918.9,721948.1,575937.5,444085.9,1306868.3,540033.7,657450,724870.3,643522.4,476073.3,1019065.3,1009975,557522.6,788086.6
"FT1290",249.113640967806,89.0948028564453,1090023,913694.7,1236608.3,704687.5,898251,1107592.9,1140086,962321.7,1123437.4,510977.3,1351358.7,1202469.1,1039775.1,1584071.6,739565.6,541252.2,1039835.5,1459550.5,1067086.4,882508.3,1182835.8,706129.1,889755.3,1117960.8,1084423.3,887549.6,1118112.4,555723,1386646.3,1236817.3,1147161.9,1627037.6,757821.9,548824.5,1049178,1365154.1,1147266.3
"FT1292",250.010066611565,472.019012451172,54279.38,71857.66,50512.35,33950.72,120687.35,93104.8,73279.74,83970.27,78194.11,46295.75,145724.31,81097.63,58338.82,104684.6,55197.8,30671.24,124028.4,110397.38,65440.96,93291.72,52126.05,35977.04,134184.45,69174.65,65743.27,84878.11,62826.32,39154.27,132631.68,110489.99,53251.77,88482.86,60125.81,34305.7,137812.58,113618.88,69427.7
"FT1293",250.050315194921,409.069213867188,144149.3,123186.18,127751.47,120252.98,130816.27,145539.78,151226.67,133338.16,123553.19,121691.83,142799.86,136540.39,115144.64,130942.52,113106.68,84091.39,118826.86,134412.7,109533.79,93821.47,113522.01,109212.51,126324.51,147794.27,118000.79,122147.81,118211.01,114886.93,129017.32,132677.08,117120.84,124791.05,118260.98,97088.12,143952.16,115227,120870.13
"FT1294",250.058874957081,499.036804199219,49972.17,26683.91,24699.04,65015.44,34498.54,19881.69,60901.11,38497.33,30831.36,81686.03,30561.25,41863.53,56238.84,43273.95,24657.26,68209.7,68495.53,37757.35,50687.07,36538.34,29641.05,74322.11,55706.9,47220.35,46270.67,33192.81,27680.24,90168.06,35408.24,42122.06,58444.43,37989.87,22652.9,67335.62,58423.1,32012.49,57580.7
"FT1295",250.093538074004,517.057922363281,141724.09,81832.76,49322.53,336941.02,61669.67,31708.99,149774.96,55946.85,54290.9,287279.57,19267.6,54418.5,156657.81,72236.78,38991.83,345676.32,46745.5,44337.67,129627.79,80639.32,21927.59,323808.13,48821.24,55417.99,136035.31,98352.83,51695.73,316994.41,43722.76,41369.73,127037.67,65520.38,25759.9,331209.63,42571.29,54056.44,144220.55
"FT1297",250.14530285646,81.8731842041016,651821.7,698447.9,817896.6,905342.5,657874.8,632364.5,707041.4,677957.2,814677.1,720154.9,716005.7,732505.3,645656.6,588321.3,753833,664957.3,528227,558663.6,649872.7,650470.7,717125.9,831099.3,678857.8,574912.1,447129.4,569316,788557,688814.1,634792.7,682765.3,518143.4,543571.3,696796.4,620320.3,498470,482899.5,670356
"FT1298",250.939684324829,964.248870849609,779764.5,805273.6,809463.9,786630.5,858845.7,792074.1,777171.3,797947.6,792256.2,813431,723202.9,814206.4,767331.2,791551.9,810245.3,814106.5,592328.9,712661.9,748370.3,813792.5,770262.6,830044.7,804845.3,765054.4,740544.7,817831.9,780501,762006.8,777566,718072.6,793605.6,789922.5,763039.6,730056.9,577030.3,791327.5,790401.7
"FT1299",250.986702086835,382.648010253906,84112.91,74414.04,38469.43,123063.77,43002.95,55987.53,72597.97,67892.59,46126.58,114450.65,38376,59867.09,77429.95,60325.06,41223.27,91601.59,28533.44,45541.94,66916.09,56927.56,27426.46,113940.47,46477.38,52938.65,57424.58,57281.96,42073.22,106302.66,40894.96,62992.6,67024.36,62765.76,35238.12,105454.21,34906.52,60788.37,66262.45
"FT1300",251.041749994134,768.588989257812,186154.78,196384.01,262388.37,77860.98,146324.7,161510.63,182907.7,212120.66,290469.09,87601.1,132518.86,116665.69,117987.4,170709.51,228571.38,78831.24,157181.43,145038.94,149775.74,153120.89,243267.86,58209.1,141787.93,149776.81,146753.16,186553.87,259154.2,80196.96,141715.08,152810.29,145662.73,195497.6,237332.59,74472.92,160215.09,143808.74,146825.4
"FT1301",251.07880643732,221.483001708984,204713.33,20617.5,26411.56,530834.34,0,54752.95,210068.07,34384.31,11225.67,751574.65,0,92076.7,215505.76,51255.47,42108.93,557946.91,0,29098.05,215875.15,18093.06,32917.6,541734.84,0,54843.35,198154.3,38180.24,19577.01,721041.08,0,92208.46,187384.44,48871.86,31324.94,580990.54,0,50187.38,217625.64
"FT1303",251.201706547441,86.6735382080078,283669.71,99237.69,72837.37,155249.48,103210.61,74823.75,237419.74,59958.94,63661.77,208329.23,139772.66,85895.35,294319.93,68783.4,59836.67,163817.87,69295.31,83375.76,235227.79,76969.3,55440.99,207238.41,95638.49,71244.68,277094.87,55809.84,82387,184016.77,60085.87,74186.52,174950.86,61477.45,42457.57,174010.71,47093.14,40353.37,168276.65
"FT1304",251.469938889024,679.817565917969,425799.7,543541.1,641363.3,329199.8,437005.7,456632.9,391220.4,416131.4,706662.5,136587.6,545436.7,687076.5,751952.9,627140.9,620733.8,331362.8,375447.8,594444.3,433331.8,525655.4,714159.7,344161.3,494106,517015,456269.5,444514.5,699822.3,138382.7,471402.5,461170.4,393169.9,461337.9,427795.5,240185.3,319648,495820.6,385164.4
"FT1307",252.00934332222,353.108123779297,53199.328,8234.291,6608.186,72469.916,0,35273.861,45600.84,13382.229,0,57072.992,0,47693.138,55780.014,13535.448,14188.733,73851.456,0,22205.47,48343.341,11450.435,1803.385,78584.622,0,25988.514,48924.96,17044.215,6122.88,67621.07,0,38070.66,47627.097,25013.183,28102.815,65862.718,0,24678.823,52653.066
"FT1308",252.054919671261,434.188018798828,489353.44,6751.57,9879.107,71492.983,3466674.578,157402.712,500786.528,1722.268,4744.933,79071.338,3376984.419,149127.682,461025.111,5739.218,2589.84,75997.021,2307231.231,129667.858,484257.711,7375.919,3932.913,71186.803,3181788.344,170928.514,462173.403,4110.37,6019.467,62560.268,3365927,149083.148,471316.249,5190.981,8645.785,67669.901,2372238.764,162462.863,483417.956
"FT1312",253.093137478283,427.255081176758,91694.267,127511.034,71983.342,79713.175,119640.798,74279.831,92381.994,88763.534,62082.476,71138.5,112701.61,95900.516,82660.639,96215.492,66983.614,82470.049,8288.487,72050.522,88402.52,117887.854,70018.629,87230.36,111196.487,77757.351,88383.547,89602.051,52624.096,66749.534,103575.72,100981.579,84605.743,84873.238,67845.392,76900.877,8555.589,73190.162,83487.748
"FT1313",253.145129403462,91.3045654296875,133677,261075.9,288067.7,318241.9,233369.7,291248,171731.5,209843.4,290322.4,300684.7,345240,277653,164098,237331.6,283967.6,279540.9,303226,266275.6,174600.3,288439.2,303496,321892.3,283318.5,301052.2,176189.6,212072.2,286914.8,279290,308154.8,311691.6,186082.3,206709.6,340805.1,271351.6,298251.6,274094.6,257953.7
"FT1314",253.217717876679,85.4702911376953,3542524,1385460,1324106,7825334,1444597,1287126,3563894,1164220,1322706,8460931,1431995,1366172,3445237,1535702,1585756,7311494,1296958,1648129,3304814,1284888,1234200,7792019,1330076,1265163,3393002,1113975,1336006,8086464,1419165,1380148,3457146,1493974,1555713,7541637,1324516,1548789,3324034
"FT1318",254.698094124606,172.749374389648,894136.7,1128313.8,1104456.8,456108,1161371.3,823995.6,840982.2,917714.9,1219672.4,416902.9,1328636.6,885215.2,862367.3,817429.8,941551.2,402450.8,735787.2,967067,866630.2,1026679.5,1066467.9,429810.5,1078320.7,826071,803235.3,956684.8,1262709.7,393175.6,1254221,819397.1,773519,840349.6,895276.5,403731.1,668935,972516.1,799100.9
"FT1319",254.698137855655,102.911346435547,305658.16,287942.37,380995.17,111909.37,317698.12,293060.41,243052.28,348346.3,392699,113096.43,430288.25,283143.48,228882.03,280480.69,283468.53,140115.8,347260.07,393996.02,235029.09,313986.7,353365.85,112614.98,310741.69,308307.3,262360.38,295815.65,390567.01,149278.67,408127.86,256761.63,263574.73,260124.69,281363.13,58322.24,323344.77,369706.23,284215.51
"FT1320",254.863135911987,991.913024902344,261922,280567.7,283396.8,282271.4,276870.3,255732.9,284561.3,320305.4,344504.7,342726.5,329834.6,291175.8,329085.8,348918.2,345642.2,371941.3,299511,313807.7,376095.8,378665.3,435793.6,405674.9,390126.1,387033.2,438662,440448.9,467602.6,454541.5,426933.7,412430.1,463410.6,430273.8,477047.9,459254.1,427598.6,478754.9,570314.9
"FT1322",254.904074137215,652.615417480469,280309,218814.3,250663.3,226486.4,350125.9,294805.8,319687.2,263895.5,324183.5,292020.4,352592,263385.2,229746.1,290775.5,280587.8,295709.2,409416.3,371678.8,333531.6,278320.3,343786.3,321094.6,416578.3,376140,354111.7,327924.5,382687,355021.7,439733.5,392808,389844,356122.7,391743.2,354744,588600.7,483970.1,438839.2
"FT1323",254.913467571763,580.420104980469,601098.9,824384.4,905658.2,409283.6,550084,478295.6,557709,882027.4,721289.9,650968.5,600765.8,486141.1,391622.5,1371237,571669.2,493955.1,595176.4,534600.8,496854.8,1019756.6,748288,595376.1,651528,601336.7,538684.1,623644.2,703436.2,429026.9,652833.4,696431.1,615458.6,607696.9,870119,630946.7,810639,732407.4,822112
"FT1326",254.990332771397,245.405303955078,135007.87,29855.92,17732.29,150111.37,0,99025.64,125849.4,64420.53,35733.37,178097.96,0,122413.32,139736.69,73675.04,58151.82,154785.23,0,106596.79,137621.88,34790.07,27469.68,140568.05,0,87959.59,115136.81,67046.78,30780.18,188884.99,0,121903.07,123527.51,73629.55,55341.58,160091.77,0,101027.45,133089.47
"FT1328",255.098932153559,207.465957641602,32022.665,3167.181,0,86187.389,13034.572,1694.402,23678.47,0,1519.349,136598.499,8040.564,0,36968.516,1387.545,3725.185,76799.469,48306.973,0,23146.691,1704.882,2052.803,86131.483,8989.259,0,19708.851,7545.485,2436.669,129052.94,13084.823,0,26971.108,0,4423.788,73402.215,41725.563,0,37949.18
"FT1329",255.23318825835,86.49609375,1050224032,299731467,333990556,263920681,324840393,357142953,1054775150,457285462,304285303,287735750,375247888,409585925,1030697155,328096227,305909307,266218652,446510453,448243809,985840117,281310682,324210405,267644738,341273817,358721209,988114693,452258154,312572711,275942142,378121898,411177061,1016303372,331237296,302508647,268161635,447263642,447804717,996817361
"FT1330",255.837587578335,407.578002929688,102799.44,95212.48,102686.54,72191.48,111912.72,117488.97,102007.97,97232.13,100595.76,85345.67,111003.41,107916.14,97887.09,94747.88,100154.17,85721.63,91990.5,108996.47,105470.9,96099.04,105766.61,86795.34,147085.52,136513.82,114313.37,106065.2,123824.11,102047.96,116408.77,133913.24,123078.45,120157.15,130680.75,88114.93,122480.11,137494.33,124845.08
"FT1331",255.981821208195,273.268096923828,528682,551561.1,555055.3,348735.5,566251.6,578280.6,498725.3,528325.7,558934.3,354089.9,561741.2,501476.5,462794.3,494586.5,517352.5,250714.3,598349.7,572728.3,473770.4,535732.1,534473.3,236294.2,536347.1,510256.2,473140.8,516139.2,527999.8,336876.5,532171.2,514634.3,483184,488504.8,502003.5,195668.8,599235.8,554910.9,462779.3
"FT1332",256.059628001352,408.970184326172,812647,657703.2,696694.7,1019513.5,562422.5,644193.5,795350,621806.7,662572.4,1059067,580565,689124.5,810020.6,722472.1,691924.2,1054798.4,531957.9,589322.3,733388.5,639010.6,697298.1,1063840.1,560064.1,621382.7,742578.4,621689.8,614907.1,1063714.9,562983.9,673631.3,764574.4,694756.1,658492.1,1072034,528345.5,601190.8,759676.9
"FT1333",256.094158675473,206.067993164062,67837.31,71725.83,56648.82,70056.85,95452.98,71168.98,77335.44,66636.98,63066.85,64747.93,79556.12,85617.37,71631.9,71599.52,67115.22,72907.59,142391.12,73708.05,83331.77,46507.66,54123.64,71559.87,90806.06,68083.58,76469.56,73323.72,53177.6,68571.52,67844.04,92004.02,82383.27,71931.36,62486.04,84937.52,123038.14,74513.59,65513.05
"FT1337",256.870152124037,991.880676269531,281098,274383.3,293886.8,280560.9,243670.6,253845.8,263745.8,260938.3,305350.9,283650.8,247747.9,251825,258542.5,277556.7,265244.6,289016.4,218120,225974.8,271762.7,269496.5,288292.4,269316,257545.1,226356.5,248484.7,242188.3,276646.8,266221.3,251354.4,220616.8,265504.1,235896.7,261854.1,286146.1,217993.1,235814.5,258880.3
"FT1339",257.078526236244,507.261993408203,133111.31,113714.43,109466.31,104705.76,98519.79,166916.73,139700.67,100731.27,121094.98,106761.45,110925.5,180090.41,110384.08,121401.3,107603,114774.36,97014.14,160857.92,120898.98,95166.65,111215.85,113928.02,84085.97,162138.9,149553.06,94948.44,115393.94,112228.12,116774.84,169489.05,107007.54,115605.05,120364.07,96636.34,81741.89,169425.64,116676.33
"FT1340",257.089378141256,280.329010009766,645097.304,0,0,2024.619,3605864.018,281855.928,641266.69,0,0,15294.933,3514534.753,248059.688,611536.707,0,0,5298.87,4318538.757,231105.495,619511.104,0,0,4412.527,3475877.202,265333.007,630804.804,0,0,17593.886,3575122.798,245352.35,620929.569,0,0,5324.431,4363477.688,215520.28,645572.692
"FT1343",257.176131879495,87.8796997070312,163821.21,98682.69,102482.96,371675.18,307626.35,240016.29,192617.29,38700.28,96779.81,489603.45,278859.06,252390.16,192276.64,99513.51,126708.6,353882.34,344365.89,196648.62,234507.19,88919.34,109823.74,399754.33,268311.19,209179.43,129544.12,66587.36,102765.04,459346.23,293436.43,244771.62,162819.54,92117.16,129454.24,364401.14,346340.64,181998.39,224491.1
"FT1345",258.038526212618,554.089477539062,665707.8,367667.1,384198.5,1373850.4,268369.7,362949.8,638246.4,358552.7,383143.8,1207900,287781.7,378968.9,642652,317683.4,332248.7,1213357.7,274306.1,344168.9,588959.7,329858.9,369566.9,1361947.4,266692.4,343333.4,634562.2,350181,373869,1233576.1,318781.4,374681.7,627874,364826.4,359607.5,1250413.9,286121.2,365316.9,637884.1
"FT1346",258.05654893719,409.016998291016,275071.8,219356.3,225124,340076,186035,207266.1,269387,214783.7,206944.9,360759.4,199024.7,236035.9,281216.5,214171,245156,350141.9,173689.2,194290.8,248895.2,190598.3,213004.1,351116.6,187190.2,205552.7,247497.6,200306.7,169578.8,373244.1,188335.6,202613,268168,222003.7,204901.7,362653.7,169023.5,198880.3,254481
"FT1351",258.837330561416,407.621307373047,148965.7,143837.9,142021.7,109221.9,141948,157126.2,146828,134721,146905.5,113738.6,167887.5,156295.8,151688.6,153854.7,140930.6,112404.3,138785,144894.7,134411.2,143391.1,160149.5,130170,183930.5,160162.5,153547.4,174240.7,159242.7,137897.4,185037.8,181117.4,161003.4,180516.4,183010.3,133174.9,170273.8,176338.3,169963.7
"FT1353",259.011395415777,442.597076416016,66617.51,34771.94,43667.94,64318.63,55486.82,62048.4,55399.21,32331.77,54120.04,80198.38,55935.35,69056.67,69036.14,34288.9,49477.58,60274.92,56113.83,64994.16,88716.34,60490.58,62870.3,83293.48,75772.23,75059.69,96494.04,63301.56,72781.79,101312.18,86398.78,95011.69,106733.98,72077.01,58048.95,96668,76304.14,92184.53,122980.98
"FT1354",259.020197412864,442.561065673828,120141.85,90129.61,87876.41,128821.46,103205.4,91925.41,134138.91,64801.85,92850.04,119365.66,141592.06,101176.03,108539.96,71867.71,72792.69,114466.55,88613.95,88026.76,117344.33,76699.89,82342.16,118063.3,121436.55,110434.44,107594.74,66853.54,95615.38,119144.21,107439.15,95987.2,116412.41,74346.94,82407.77,118289.25,90859.04,90613.26,126134.44
"FT1355",259.022545368586,584.724548339844,810917.4,415452.4,371350,1298099.7,977721.7,675233.6,782348.9,327191.9,361955.9,1321693.3,1057275.9,658110.1,790535.5,315630.2,352333.2,1219741,737776.9,445196.8,724048.7,346175,386367.7,1280754,920717.6,914808.9,737346.5,292399.9,251947.7,1219458.8,987099.3,668876.3,739672.5,499638.7,321723.4,1110251.8,346013.9,751741.9,745943.1
"FT1356",259.057268625609,501.785095214844,341056.3,363737.8,239401.2,440973.9,205273.1,258067,378110.5,364855.4,280429.4,461582.2,225691.3,251441.8,326254.6,395115.4,257351,437010.9,221882.2,264343.6,327742.7,335276.9,250058.5,446780.2,209858.4,242582.8,350244.9,395058.6,296285,478364.3,224415.9,258564.4,339180.2,386865.9,238515.2,460043.1,226173.3,258163,351851.5
"FT1357",259.091315922374,472.140441894531,484965.9,843259.5,586206.8,525473.1,420210.2,393886,502879.8,760406.3,688842.6,539136.4,421113.2,399128.3,492104.8,764591.7,526294.9,606284.2,299595.7,466679.2,538122.2,913976.9,703231,592058.3,530121.1,508643.9,541618.2,970428,788018.7,654567.7,535789.8,497052.8,576110.6,853706.6,605854.4,693745.6,356655.1,563758.8,606651.7
"FT1358",259.970773444979,570.829162597656,310289.29,644965.34,392583.7,68612.28,369788.6,389204.16,316655.07,438464.61,373111.49,66162.66,298075.33,355675.79,280236.01,431206.26,362695.06,61008.75,215772.2,366961.39,289227.93,582888.65,375779.62,63248.3,310533.99,349867.2,324832.26,421862.62,373648.4,53043.22,368847.54,379075.12,313228.68,434992.35,370051.03,56612.73,189895.95,363827.69,313956.58
"FT1359",259.986975307543,226.96012878418,35645.27,67783.09,53105.76,66026.05,26014.48,30488,43649.57,52175.82,52002.84,51451.6,16795.97,23969.9,53860.78,55859.88,42732.58,49734.45,11339.92,29088.51,44620.21,68812.84,49982.44,43329.65,12446.62,26681.19,44511.66,67009.54,49809.95,47048.85,22193.31,30737.78,35579.05,58329.05,37473.12,67465.64,5328.2,44719.91,53101.52
"FT1360",260.013081758172,381.273005126953,126308.1,152042.6,160534.9,122212.9,124532.6,120412.8,132022.6,141329.3,139814.4,101714.7,112552.5,111810.1,110035.4,127608.8,145885.2,115160.5,110664.9,115063.9,112594,127513.9,142916.1,114215.2,126928.3,113285.2,115630.7,122791.8,154055.8,109401.7,109316,108356.4,125695.7,124909.8,149020.9,113399.3,107041.6,110255.9,125070.3
"FT1362",260.077837601224,334.741836547852,57100.211,0,0,1458.864,279778.958,10124.644,50191.718,1362.626,0,1669.807,272427.033,2583.567,48031.819,0,0,4068.31,249223.324,1458.537,44378.838,0,3260.032,0,279060.153,1277.151,57474.378,0,0,1597.118,271854.369,0,33620.58,2915.265,0,4053.256,226849.89,0,48630.168
"FT1366",260.892641690379,874.226196289062,724239.2,625188.5,680164.7,644821,694706.5,311318.4,690667,768355.5,596301.6,664856.9,629010.6,366758.6,316510.6,445228.2,497890.8,552056.6,692616.1,678629.3,588262.7,463899.7,461107.7,456301.1,491627.1,625023.6,478583.4,515163.7,463176.9,593351.4,482770,628410.2,476125.9,463909.5,590803.3,512678.1,625917.7,551108.7,602352
"FT1367",260.892644889145,928.148376464844,576329,468623.8,502102.3,492760.2,489113.7,579049.3,574459.7,575331.8,596566.1,559728.1,414327,330036.2,428170.6,362704.9,509570.8,468101.7,595033,722264.1,502986.3,415350.8,366707.4,486295.4,466208.2,488241.6,500161.5,523448.3,337878.6,450511.5,584708.9,574051.4,640274.3,593488.7,405863.5,476557.1,621730.7,698677.1,418824.9
"FT1369",261.01240857765,332.962982177734,60926.831,43562.65,76794.11,30221.37,95752.131,66408.322,69003.796,42520.65,71762.052,17920.83,108460.481,67661.848,52142.511,58563.826,64820.5,4565.607,243080.405,79836.279,50578.973,32309.264,73077.647,17153.122,93188.112,65892.165,55869.927,36965.766,59999.863,20858.881,94283.548,64654.684,53924.49,39331.896,64661.045,10747.984,219550.885,93725.943,57406.727
"FT1370",261.072939747631,518.945007324219,1824399,1189644,1276047,1829448,1105266,1396721,1687192,1219639,1372485,2101245,1226993,1497652,1600786,1460586,1347797,2221158,2786798,1497147,1672245,1167209,1286692,1853225,1099367,1428187,1666928,1250645,1484918,2003199,1315684,1492320,1643353,1356982,1361824,2104278,2949968,1655822,1670674
"FT1371",261.073049345708,642.656982421875,857232.1,1034823.6,981711.4,582418.6,807454.3,938095.3,862811.8,972403.2,996548.7,588989,871329.9,988418.9,819763.4,1011998,925380.3,608345.1,760031.4,888578.9,804987.4,1007815.3,950959.5,609652.7,807973.4,954893.2,825546.3,1057367.9,1046814.1,582599.2,864120,932430.3,770459.5,990180.8,943747.5,592139.4,728031.9,893482.7,852110.7
"FT1372",261.109266860154,574.990905761719,1252887.7,1459660.6,1859470.4,697456.8,1150322.4,1052009.1,1091884.8,1083895.1,1534998.7,538300.5,1052102,923454.4,916422.4,982404.9,1230425.2,579075,792898,853734,872466.7,1121287,1477607.5,583208.8,981545.5,943896.7,871486.7,1073334,1481567.9,564079.1,1069894.7,1004189.1,967837.7,1164298.9,1470019.3,645689.6,977736.1,967089.7,1077276
"FT1374",261.978811587181,463.621490478516,65452.969,62844.658,147840.445,15390.903,71556.126,200424.532,77600.603,72259.023,137157.48,11799.793,104238.9,238429.626,86368.463,112596.561,226194.879,1426.964,247205.491,170222.111,76387.84,67702.834,154731.832,5113.209,74702.714,169965.045,74579.731,63184.093,104032.191,7240.819,86715.701,173183.276,75048.974,90807.373,182925.15,0,186324.216,128589.477,74233.164
"FT1376",262.112662327114,573.645080566406,122433.84,148124.68,190353.19,66613.55,100087,101329.6,102701.99,95952.52,146947.63,55631.67,108700.83,86624.38,98418.32,99540.53,107210.67,55124.83,37199.56,72191.52,65495.15,122353.67,156220.22,60455.58,99445.14,91944.61,82123.02,121477.5,150088.37,47863.25,105457.71,96914.37,90825.34,117184.02,136223.44,67258.46,68104.6,91982.17,103419.45
"FT1377",262.877931993594,981.694885253906,1279399.3,804608.3,1112557.2,901091.3,1213447.4,1579417.5,1334906.8,1294761.7,1260654.5,1137201.4,1383928.3,1489467.2,1300623.2,1168774.3,1144247.4,975332.9,2574613.3,1632022.6,1337972.8,789066.1,1186533.3,937461.9,1383777.6,1554433.9,1413671.8,1302501,1357022.3,1297485.8,1400316.2,1622539.3,1390564.3,1300465.4,1160024.3,1008395.9,2799412.3,1891528.6,1456256.8
"FT1379",262.907432470904,964.263732910156,442468.8,398183.7,463327.4,464154.6,504753.1,551478,477322.5,533949.4,509985.8,514316.7,516364.6,675953.1,652431.1,617598.7,615368.7,625986.1,551115.1,687644.7,731125.2,647736.6,640898.2,695721.2,805011.4,875593.4,812641.5,805336.9,824709.4,735264.9,814959.4,783433.9,808407.8,796185.5,787473.9,683272.9,839737.7,1040250.4,1040086.5
"FT1381",263.009292960876,512.578247070312,599011.34,125512.78,387409.89,206596.93,479953.74,188137.16,516041.74,147920.19,217420.18,229281.21,463037.48,258116.91,518030.98,177525.57,222642.22,197371.87,5677993.15,202725.12,525762.34,94056.2,423079.01,174043.69,446977.71,184792.09,578860,151780.93,235351.79,235483.06,482119.93,260903.99,595440.07,178683.87,68556.92,192285.88,5914754.02,189884.58,536865.23
"FT1385",263.994536073637,446.941757202148,409315.2,402959.9,390025.7,471508.8,609367.8,384629.3,488181,364627.7,461858.6,496866.9,657024.2,450599.6,549738.5,439345.2,415470.7,503328.8,421484.6,391261.5,457871.3,435284.2,417767.3,482218.8,631352.5,376885.8,474650,359681.7,401849.9,456900,429371.8,379102.7,443871.7,340453,330054.6,420692.4,356170.3,339625.7,385941.4
"FT1386",264.060440441016,340.508361816406,1403064.3,332522.5,206904.7,2147372.8,452737.6,760905.9,1296246,526916.3,201407,2477240.2,385103.5,808959.6,1257568.8,560411.1,408919.8,2252143.9,879874.4,577141.7,1251212.2,287980.4,198517.1,2062748,441770.7,694440.8,1241842.8,521508.7,211830.6,2373052.7,346869.9,812818.1,1292836.3,603422.2,391064.6,2091288.6,845558.9,579383.5,1298699.7
"FT1387",264.074051589547,252.227142333984,100090.23,21372.66,17530.83,233020.33,0,60429.52,109528.59,31244.26,20241.18,274156.99,0,65997.91,105654.39,44688.38,55079.21,237365.57,0,35469.09,98781.66,19640.78,20880.07,238326.89,0,59621.62,81800.66,33498.87,35912.36,266730.67,0,84213.75,103927.55,37143.09,52036.5,234128.2,0,49828.45,106297.74
"FT1389",264.908361118384,964.257659912109,879056.1,601304.1,753296.9,646774.9,793588.9,1005777.8,899187.9,865444.9,723056.3,771407.9,897001.5,1062480.2,1086941.7,1065089.5,1092092.2,755602.3,1515808.2,1116411,925525,638992.8,739375.4,688401.1,1128435.7,1020492.3,889424.2,947017,991288.4,707280.6,1207241.8,1064803.8,853941.8,836172.6,772188.9,705889.2,1017874,1142885.4,944886.7
"FT1390",264.942778449082,646.889953613281,250144.5,221042.7,338270.3,192738.8,198405.5,163395.2,236595.4,189489.7,359687.3,148324,266707.3,156075,218459,142278.1,241237.3,201140.8,201237.6,241673,238530.2,183184.3,338560.2,211848.8,202290.9,175080.1,221680.9,206157.1,412706.2,150611,275121.5,162031.7,243259.7,162172,269756,201933.7,211864.5,284369,272687.1
"FT1395",265.057288343694,815.009765625,215595.54,106378.72,167053.44,266956.55,254549.69,150698.55,199728.39,137132.67,186640.77,240856.25,225993.87,86040.28,141243.08,109892.92,162327.85,217886.74,258421.05,124160.52,156181.68,93353.37,148142.32,214680.36,198544.49,114774.24,170095.35,133285.09,173079.68,219273.93,223585.29,131709.91,185126.54,138777.02,159243.64,214046.5,241906.21,138130.54,167917.29
"FT1398",265.067921222083,536.363586425781,126011.805,209776.885,196784.995,4883.574,141619.413,150430.49,123932.088,181806.379,231738.854,2594.645,136481.396,166118.725,102769.455,163015.323,186185.183,2549.35,106567.188,169210.274,100761.474,171671.206,178868.349,6675.177,121498.983,153261.987,101432.004,161060.885,188106.265,3640.493,129377.357,138793.915,96608.584,146141.394,183447.98,5849.397,115844.264,166134.526,97153.996
"FT1399",265.148013483949,83.0705261230469,2911078,2233579,3345542,1745133,1726518,2221576,2873796,2667255,1966359,1647346,5704594,2314791,2774735,2181783,2331513,1331605,1803568,3601082,2847314,2087943,3259995,1853331,1793247,2285344,4995455,2645226,1902142,1582878,5607680,2357248,2859704,2128174,2361558,1391059,1905134,3653154,3084182
"FT1400",265.148079402633,442.002380371094,801703.7,449351.1,714715.9,636065.9,797364,455065.5,705090.4,674946,459909.4,659609.2,784369.5,644498.3,687520.8,730337.5,763686,587019.7,631220.9,372291.9,673641.7,1046023.9,499998.8,676046.7,782974.8,658227,685846.3,390838.1,861661.6,642065,864656.3,657549.7,782764.3,491821.6,745998.3,673643.6,565531.1,662158.7,738438.1
"FT1401",265.148162414635,157.822975158691,1970537,1922564,1850487,1804385,1798641,1831753,1915381,1824409,1877822,1808587,2001066,1824282,1900260,1839590,1842999,1753312,1699226,1850144,1899420,1871779,1877663,1777557,1757904,1786278,1952808,1842565,1843752,1810282,1942415,1803994,1908978,1892998,1844063,1804805,1755306,1838668,1864286
"FT1402",265.148219364414,14.5734,1145599.5,999917.3,1138497.2,1132626.2,1052928.5,1130476,1138502.3,1101329.3,1089128.2,1108128.3,875431.5,1118218.2,1057978.5,1117131.7,939635.8,1039434.2,1103836.8,1116471.2,1100936.4,1101352.5,1138579.8,1096363.5,1125783.3,1098838.8,1140009.1,1099945.6,1112871.5,1122900.8,880134.5,1125909,1088778.6,600991.1,1123990.9,303867.2,1121010.9,1109767.3,1141962.8
"FT1403",266.004907561342,304.133010864258,53343.89,68406.33,46272.21,85872.11,15712.85,51318.04,67253.25,75575.78,52903.79,82227.55,24950.91,44384.04,74842.27,80143.09,40460.53,82072.9,22159.33,70292.52,67732.35,73435.5,51047.11,83655.58,23304.95,47965.64,75942.82,56079.54,56227.65,83590.99,35712.22,64441.44,75359.16,73820.52,39471.32,85662.95,18576.75,65796.29,77630.05
"FT1405",266.089750782617,497.02099609375,67897.623,49776.017,45344.749,90353.664,11342.786,54502.978,74504.55,57327.35,26732.421,149948.285,10504.469,44407.396,62827.694,61016.862,61444.931,117560.775,28506.448,43024.038,60437.046,42542.788,52496.736,107319.03,6111.924,45248.997,56382.541,43018.66,28815.392,134722.463,9402.504,52216.999,58225.806,69573.157,59100.232,109114.668,21486.561,51532.373,76632.574
"FT1406",266.089777634569,298.600915039062,46427.819,5716.369,3782.922,125643.992,0,15220.413,42390.22,13390.566,7854.203,152904.672,0,22096.646,39890.151,16183.522,10731.804,109894.773,0,1817.203,46676.268,2276.322,1667.291,136430.187,0,8851.507,46802.471,7762.708,6212.009,145681.581,0,18358.291,43319.667,11812.637,10014.936,112900.432,0,14773.667,50612.231
"FT1408",266.804123568271,404.823608398438,340362.2,286377.8,303679,273132.2,316047.1,359840.8,333428.4,307281.7,306414.9,290534.2,272281.9,313678,295510.8,295074.8,291302.2,255297.1,290845.8,349253.4,305157,241056.4,288342.8,249191.2,285479.6,306776.9,292918.4,305303.8,305400.1,292853.9,291185.9,319537.4,300582.8,290679.9,278073.8,254702.6,362322.1,337346.3,308553
"FT1409",266.900648059103,645.46337890625,138097.36,164835.66,206964.32,80822.91,112085.44,79660.53,108520.06,124451.08,217018.05,55131.74,122019.77,74193.31,101814.37,79951.33,119474.43,88598.94,68773.61,99886,105115.94,108546.52,161140.19,85694.34,95206.38,60111.76,100686.59,107743.88,209936.48,32480.3,113313.41,78572.63,87276.92,86785.01,142291.7,90263.16,67008.24,116760.71,101251.74
"FT1410",266.967875607114,591.822387695312,209901.02,38783.3,68977.32,538361.7,53222.9,102274.96,211408.22,46703.74,44224.53,514230.49,67752.06,100765.38,211157.97,46044.61,40159.24,493504.67,44039.51,86835.95,225385.53,49182.23,69193.13,553138.44,66531.49,102036.85,208267.31,45923.82,40641.75,521671.74,83737.72,106568.92,210067.65,29795.98,57296.59,496281.96,32250.51,97314.87,212554.1
"FT1411",267.025282055114,431.209136962891,338730.03,553251.75,363273.1,885078.23,16207.85,221631.52,324403.91,459211.61,364392.18,791455.48,18688.84,230430.8,250571.49,439009.12,364556.32,915813.12,5453.3,190416.66,325824.04,541069.39,367535.31,909803.58,19656.8,191981.21,314058.43,453948.79,351502.56,693678.45,10817.37,149026.63,339695.9,482872.9,363685.07,852528.72,0,185676.14,306238.63
"FT1412",267.072378061606,525.399780273438,623215.7,401771.1,228760.4,1536224.7,125215.7,154692.2,650148.5,381553.5,250236.1,1482066.5,167382.3,173577.3,651733.7,383744.7,188244.8,1538764.5,112353.6,159867.4,628960.3,448364.1,247942.9,1523673.5,150531.2,188533.3,621452.4,389940.2,226657,1474585.2,155441.5,169738.9,605439.3,408554.8,225039.3,1456361.2,133039.4,178544.6,624573.7
"FT1413",267.073780238667,292.995300292969,1294227.14,334968.45,232238.59,2678747.44,50588.96,736822.24,1299969,588498.14,253655.45,3657901.29,63146.48,1103360.89,1287551.93,713454.42,512352.31,2962918.97,162612.93,776601.04,1227009.1,325719.57,234450.27,2627003.51,62851.74,712529.37,1258846.95,581926.91,259872.73,3640621.96,58156.24,1160474.29,1241395.75,720273.34,512036.76,2963712.16,167470.68,779423.16,1238954.66
"FT1414",267.073711170181,563.832580566406,250983.33,161858.32,116905.71,393136.55,70066.78,218982.52,239664.53,223970.98,97519.14,495804.17,65429.12,301614,263656.4,240900.06,139490.76,436786.92,115400.45,179261.85,234248.85,137599.85,98388.86,397749.03,79984.39,234743.09,237554.29,237776.27,95065.82,549830.03,62976.89,313157.75,246559.29,263367.42,135338.75,422508.46,93891.36,174191.16,250728.31
"FT1416",267.953364414693,273.358001708984,394619.4,329214.9,385286,374568.9,238451,344426.6,328697.5,307131.6,355051.3,350482.4,233073.4,301907.7,326511.5,290685.8,352205.7,329528.1,241022.9,288325.8,295035.2,273343.7,359469.8,324563,201771,280095.6,291924.3,296151.2,347330,333618.7,199517.2,291613,286554.6,292343.6,293491.9,320099.3,241768.2,245947.3,277276.7
"FT1419",268.801198227671,404.823608398438,602833.2,515911.7,565462.5,481783.6,547027.3,624547.5,588082.3,555944.7,544854.1,532506.2,556489.4,586882.1,500632.8,546667.2,511689,458458.8,644855.3,613810.7,559411.4,434696.5,509476.7,469071.2,511417.5,586986.9,543607.4,484883.9,528141.5,531801.8,543053.2,570636.2,561712.5,534755.9,513298.5,463135.7,625172.9,606803.3,550233.7
"FT1420",268.916307859413,558.272033691406,246626.64,119961.21,186212.83,292444.62,156095.37,231398.05,196686.52,98066.02,104944.69,267546.93,133921.8,213631.88,163815.16,54525.7,89479.55,240276.28,107331.63,203324.56,148221.38,90560.97,118329.79,245536.61,111958.51,198755.34,154273.12,86830.44,111916.5,267517.97,110653.27,205761.23,135809.16,51089.38,95326.79,132501.2,96981.01,202148.43,155042.43
"FT1421",268.924496012097,964.06689453125,111731090,58297327,89002873,64881076,111711992,147256731,108060546,107132862,88855118,89515886,115884586,135979233,109602022,96624955,81367210,65884234,221162498,154338800,105636004,55493649,82333024,65105195,111885632,144507041,103191049,104077074,91799315,89358830,117171317,137625737,104234422,95906947,81430389,62408837,218326562,155708414,108546225
"FT1422",268.937540936427,547.098999023438,137137.15,45895.09,49938.618,253617.215,5262.747,30671.057,109757.792,30359.421,25171.631,218646.164,2863.478,35482.215,100725.697,44596.933,37587.924,204420.394,16357.296,24638.541,95191.648,26396.755,23131.579,211333.617,10693.113,36354.602,92344.028,24357.384,32990.7,199376.316,7645.121,18908.21,83861.581,39245.374,27938.136,192178.701,18013.513,19214.968,81799.678
"FT1423",268.960188623748,420.243011474609,191854.822,24718.488,39260.258,59071.214,805781.772,16976.891,181442.189,20048.565,20549.601,43409.872,747165.12,33130.06,151568.368,8611.284,14821.564,50152.849,284874.937,12003.675,174310.82,21221.945,39244.083,65191.795,740675.403,15976.693,161046.053,20995.436,35537.294,27921.396,691631.437,8060.2,171653.453,13983.959,20678.127,35798.232,268241.709,17791.601,157565.685
"FT1426",269.21257570703,86.6746978759766,1036214.7,423283.8,407230.6,441277.9,452113.3,459276.9,1065349.9,484713.8,398776.6,472198.4,503649.7,480110.2,968737.3,428520.1,406803.7,435136.3,477352.6,476701.8,949821.2,377198.3,415543.1,454392.6,483219.2,429879,910804.8,469672.7,421320.7,418207.4,539454.5,496877.8,1007829,405499.3,380765.8,459135.9,489557.5,514133.5,965792.7
"FT1429",269.960745246881,374.299377441406,90296.15,57717.53,81565.69,53427.3,87693.13,105807.17,84467.59,73937.99,62458.07,62042.16,96426.74,92898.38,81211.72,63921.95,67462.19,53988.94,121131.59,91443.26,69278.69,36478.91,66910.57,45061.89,87468.22,93856,86376.49,74219.11,63173.3,60075.31,84468.67,89755.76,71155.08,69156.05,55334,47563.78,127051.94,85632.1,77768.74
"FT1431",270.001220561441,350.313995361328,21494.878,0,0,81154.755,0,9706.696,31539.025,7969.287,0,91185.455,0,20059.387,29552.129,7736.2,6136.458,88381.176,0,5741.441,44596.671,0,1857.223,82518.308,0,11136.182,36169.283,7124.14,0,98751.297,0,24690.045,44271.017,7385.839,7896.103,79787.462,0,12459.074,45149.43
"FT1433",270.798300432133,404.825531005859,463192,350736.8,403253.6,356132.1,389413.6,440196.4,399990.1,414248,383040.2,374123.5,387971.4,393599.7,374192.6,384504.3,350503.6,331631.5,399653.2,420934,363750.8,300817,379970.5,315068.2,367836.8,407703.3,365166.8,382356.9,358124.2,388309.3,369945.7,394620.6,386945.8,384468.2,364085.3,327486.2,431856.4,440659.5,353150.2
"FT1435",270.931902005545,547.108337402344,2838288.9,1241709.9,1057312.2,5394850.2,426295.4,864529.7,2367714,958943.9,849930.5,4990834.9,395427.7,825875,1992384.3,1061568.2,1068068,4311163,596600.7,714964.7,2011373.2,935907.1,877767.8,4590423.1,357678.4,791486.2,2053414.4,817418,721195.4,4490065.6,331543.7,728762.6,1880856.6,1009371.2,992988.7,4217519.2,553262.2,615745.8,1940869.8
"FT1436",270.957291243448,421.663070678711,43714.559,7392.39,11499.658,17819.737,282123.906,0,46261.012,1621.614,8669.476,15199.81,258818.073,3204.818,34737.359,0,6827.554,13302.962,88657.699,0,50408.106,0,5309.088,13281.667,242123.441,0,48428.418,2086.695,6077.92,14632.729,252561.528,3741.564,46878.322,0,5582.736,13405.892,85232.758,1922.51,53051.13
"FT1437",271.004260843325,489.438323974609,534115.8,758776.7,347529.3,161948.2,3422167.6,1114736.6,538297.2,758112.5,379018.2,151602,3236254.1,1056515.2,542142.9,775676.3,311331,176425.3,2452787,1162829.9,465943.1,677701.8,334672.3,146671.5,3236028.1,984448.5,465905.4,708857.2,348476.4,126259.8,3111642.6,985250.6,468778.1,684843.9,276756.6,144788,2380002.1,1119473,462066
"FT1440",271.091437573932,473.385986328125,757081.3,1242730.4,975494.2,752866.6,654080.1,727334.8,824736.8,1239799.8,1059869.7,776013.1,626530.1,699614.7,793004.3,1209251.1,800889.1,814669.2,513703.7,793678.8,786146.1,1240940.7,1041923.1,799671.3,719847.2,786975.7,787555.1,1378342.3,1159088.7,829527.6,676334.6,784123.4,847316.6,1242276.3,893349.6,940825.1,590891.3,878543.8,843719.3
"FT1441",271.102342246896,476.910659790039,141469.36,171769.86,97908.1,97555.04,175673.93,214990.4,135855.09,197743.07,112076.5,78433.9,168521.98,212988.31,128127.13,178672.32,74899.15,76031.88,204305.98,235167.87,120522.91,175757.29,60920.89,81424.12,164384.89,204652.33,111548.2,203909.81,112107.3,96768.53,162547.42,201558.46,113788.8,153727.55,47244.22,98150.77,164874.5,211607.24,107200.84
"FT1443",271.22811285752,85.4700012207031,1024405.9,449365.3,529819.9,800008.2,1341414.2,743868.1,965744,483177.6,580163.1,926853.6,1641317.7,928682.9,964771.2,424408.9,533912,779581.9,1363894.9,888922.1,917248.9,416760.8,576626.9,809270.1,1463520.9,725256.7,1006849,466618,557207.1,876600.8,1558496.8,950860.6,971002.9,449085.7,532826,793822.2,1317203,865577.8,1017670
"FT1446",272.008436610147,486.764007568359,13107.422,21270.57,0,0,113940.015,37900.703,10023.669,19429.169,11173.035,0,115784.305,35333.446,10381.438,14958.389,1907.595,0,91799.015,38619.159,10527.377,16562.969,4251.929,0,102980.829,15739.989,14228.153,20656.488,8273.077,2816.198,116621.891,25913.828,9167.86,7900.753,2239.875,3054.543,85027.709,32820.398,5731.322
"FT1447",272.054293150795,532.107055664062,174745.37,205592.13,157788.65,225872.68,57288.8,193140.19,191505.32,196095.49,146374.77,228811.21,69524.43,176695.58,175358.6,176541.7,138601.72,217942.15,62133.28,194708.14,176459.55,179867.96,131354.26,214421.17,59570.89,188414.45,153302.94,183929.65,145584.63,237202.08,68154.39,188122,150436.76,186018.57,122680.77,234340.49,55740.65,185906.47,172643.67
"FT1448",272.089033205454,511.296295166016,4572451,4734547,4433033,3542623,5210789,4340094,4400641,4585424,4587406,3515077,5302443,4431112,4259519,4656792,4266296,3679723,4741252,4426197,4228738,4712884,4579825,3601069,4986364,4432550,4442682,4957912,4790215,3744456,5337714,4659136,4488870,5062853,4354578,3781881,5217378,4746084,4621864
"FT1450",272.795352633423,404.820236206055,154296.82,104050.79,149721.02,108202.68,133726.93,164958.06,142235.69,133684.94,125001.22,124960.73,130803.96,139055.12,113760.09,123595.35,117184.99,110318.01,129785.32,113578.77,141663.55,93078.16,115012.33,98127.14,118378.82,138843.39,117718.66,133000.65,132743.47,129589.44,121168.32,126090.64,129846.98,134218.3,121763.46,115315.27,121099.57,143698.77,136898.59
"FT1451",272.837841869632,993.339111328125,318501.7,304360.6,333837.3,299637.3,299261.3,307760.7,333929.7,311687.1,360739.3,347368.3,295897.3,306537.2,345129,335643.9,320385.1,331907.4,312164.2,315170.4,333298.8,279645.5,322183.8,342146.6,292690.5,309944.1,311436.3,309919.4,340544.4,351750.4,306567.5,287898.9,317616.2,309858,289508.5,317261.4,295106.1,306593.9,322474.2
"FT1455",273.966154962505,533.435974121094,174241.85,118945.5,67767.44,278454.8,339611.28,29103.37,147520.47,88414.58,45657.57,231192.06,265266.17,33192.46,129936.45,82590.47,39671.21,211846.61,232351.72,40745.16,147701.74,91784.23,44813.82,242854.73,253283.49,45132.7,157366.26,113036.32,37860.78,223153.14,257698.89,20592.35,158283.47,95381.77,59884.66,236835.66,231476.93,20238.11,161692.51
"FT1457",273.992490535691,304.172210693359,199811.6,208010.7,180954.5,208008.2,143624.8,173438.8,217584.6,208802.7,166801.7,203763.3,121633.9,162157.6,191691.3,186413.5,156129.3,189993.9,127800,172918.7,193482.9,182760.6,173378.6,202928.6,128843.2,176152.8,160797.7,181134.7,161223,194920.2,127614.7,162501.2,184419.7,192892.1,150346.1,199860,114453.6,171059.5,188776.7
"FT1458",274.872610930533,675.460113525391,780056.3,812424.8,909960,519856,689305.9,780980.2,736084.2,815007.8,920921.3,540763.2,689289.1,786658.3,877042.8,930171.3,1154602.6,625996.6,927285.6,885711.5,985082.5,1112970.7,1142020.4,726126.1,1041000,1101673.3,1072278.6,1250801.7,1134184.1,778601.9,894732,1356509.6,1345991.9,1219112.3,1702413,445301.8,1404161.6,1484870.7,1216099.9
"FT1459",274.949304381352,246.654861450195,162286.26,65616.21,51375.67,168904.98,0,123296.94,145764.11,88116.88,40003.18,182145.02,0,136974.44,145463.7,95805.09,72163.44,151530.87,0,107127.08,119769.24,34227.95,29270.87,162690.14,0,112207.56,122251.35,79966.53,35222.42,147560.37,0,124230.45,131545.66,91840.74,63839.85,156414.5,0,90189.03,118464.75
"FT1460",275.017750816991,659.721038818359,74289.869,0,0,24579.576,277451.332,9501.845,73721.147,5702.773,2218.152,29818.362,301483.528,11704.565,61295.053,0,2073.63,29241.195,286554.331,20190.363,53560.114,1840.439,3201.015,30609.109,290494.379,33888.771,70036.597,3490.591,3125.308,35337.025,286774.502,16036.199,68917.652,1714.31,0,34892.549,313106.979,30878.105,64013.181
"FT1461",275.088809926057,618.902038574219,548436.7,351981,634383.3,493578.3,642050.3,498243.4,547905.8,356830.3,618501.5,570742.7,622553,571869.4,571551.1,437785.4,727869.6,523409.2,673001.6,548935.2,564892.7,347900.5,580898.5,487163.4,611873.3,495810.1,539209.5,382881.5,605676,534036.1,612068,577027.6,512029.9,402380,727071.8,510901.7,680882.7,553166.6,524093.6
"FT1462",275.125189693913,562.444946289062,793736.42,896977.36,1239360.46,665483.63,110819.29,1165159.84,758354.59,783082.68,1125653.1,661793.87,126297.2,1086518.73,711973.51,796716.41,1012125.61,648057.9,85763.69,1080066.49,700141.24,843060.13,1184684.7,674509.09,97349.73,1180620.72,717345.44,797509.2,1164992.67,650399.4,115418.69,1119336.75,742553.21,820964.84,1064430.72,653869.06,81775.44,1069334.58,784231.09
"FT1464",276.852026176218,653.990295410156,119789.15,77126.41,103135.91,87951.21,110181.06,109181.7,105411.87,99358.94,90561.53,86547.2,120338.36,78491.29,64802.9,69899.65,76252.51,81292.67,108806.72,103750.48,80314.03,62053.61,81400.62,73620.23,73754.64,89291.09,75067.22,77951.5,71220.05,85099.49,69326.03,90576.9,78297.25,65760.93,68214.18,64921.85,118325.43,93189.71,81913.77
"FT1466",276.861179264155,586.146911621094,215714.8,97296.34,142703,169071.28,124518.28,174948.71,172430.33,129197.22,137598.57,222643.62,141529.86,154982.09,134619.98,107617.67,127757.21,161857.32,145922.22,126631.74,126182.14,71686.6,112323.41,145778.13,96755.83,163382.34,123100.62,119354.77,114449.06,149856.06,108439.07,145372.17,120267.48,107035.66,129429.26,106059.13,144245.14,127223.14,135214.82
"FT1467",277.022017130547,442.56298828125,41203.9,43160.89,43025.38,39413.75,24505.89,55619.35,46648.09,40582.85,49845.66,42858.39,21784.1,60571.46,32444.49,29965.05,48683.84,29832.25,22143.03,55772.86,57033.66,57597.48,60198.75,48222.65,34420.16,66501.49,60633.7,59442.54,72466.24,67635.17,29948.71,77052.03,54631.6,62250.69,53268.34,86986.08,50280.72,79261.47,75226.62
"FT1468",277.033044273626,577.68212890625,799306.9,1130098,667582.2,459352.9,1441351.7,1006344.8,830538.3,814157.4,644630.2,451924.4,1551147.1,979357.7,845409.2,751667.7,582316.2,435674.5,1716083.3,1009370.3,741911.5,986552,659687.3,438871.8,1490954.1,1019530.2,705561.7,808255.2,645941.3,395648.4,1482799.8,999974.4,733710.5,794070.7,561982.2,417017.5,1684537,979669.7,815836.9
"FT1470",277.047800666387,484.092529296875,76913.88,142694.69,76710.62,27089.5,262199.88,101249.46,82616.12,131139.02,89390.85,32684.3,229711.26,121061.57,61159.42,129682.06,61096.82,38310.06,134326.62,97094.81,54723.21,111184.07,72372.54,25182.15,216199.56,79706.61,53476.17,119870.61,73478.49,26008.64,196787.07,89826.59,58388.75,103171.01,53475.92,24791.4,118126.66,82429.77,52403.48
"FT1471",277.058929073538,482.757965087891,39762.928,60322.596,18814.882,3718.959,219382.677,105687.301,36250.123,53626.987,13315.698,3996.163,229379.255,122919.408,29042.408,67864.963,20015.461,5145.606,190824.536,121107.292,32212.234,62789.542,14203.584,10045.222,204881.239,100179.597,26004.511,58032.336,25052.779,7719.383,208592.916,138358.558,30284.271,76146.935,25054.302,7153.931,204582.922,130665.45,23302.628
"FT1473",277.988556744955,351.729,50176.131,9946.186,4142.768,82356.052,0,31731.997,46105.088,16332.89,1606.298,53901.809,0,34929.702,40951.426,19180.051,16887.04,62142.909,0,21978.329,53522.875,6224.081,3399.617,62228.873,0,29547.03,46376.871,21407.455,8970.849,57858.787,0,31445.257,41986.263,16338.296,21132.553,60912.991,0,16744.11,47755.388
"FT1475",278.088075817231,525.359924316406,181632.054,4961.57,2212.035,26466.151,1211237.18,35045.046,194738.396,12074.096,2349.35,4478.663,1218402.221,30096.195,201043.939,1974.063,7291.171,19694.752,1102730.46,17424.384,209707.902,6599.196,0,21140.922,1270441.85,19788.085,197503.461,1880.31,0,17351.668,1292618.1,21508.643,159393.673,9479.068,4040.511,19237.493,1160317.355,24482.564,190612.917
"FT1479",278.981592574932,463.612670898438,148329.691,78372.411,215006.166,15402.41,229382.838,269082.963,124236.318,71367.687,151277.958,7090.209,279247.223,338398.083,121204.181,119270.135,265042.736,4343.617,725602.863,219099.188,104802.734,62202.776,168675.012,6315.546,210353.458,252018.995,111530.298,72702.231,130033.535,12621.993,265186.43,327319.436,108783.152,122276.825,258546.077,9881.736,678189.063,223714.047,104465.052
"FT1485",279.071196261444,281.738067626953,8951.229,0,0,0,231307.516,4180.516,8548.186,0,0,0,214483.805,6988.685,17063.637,0,2162.278,0,281785.844,0,11229.723,0,2266.738,0,219884.352,5751.117,11517.161,2445.078,0,0,224600.938,2873.514,9212.467,2222.538,0,0,286220.642,2349.513,8684.824
"FT1486",279.123971041304,89.0947418212891,23350491,20377212,23188170,15791720,18704465,20349492,24013998,23832287,18063056,12181074,21942980,27455248,22835735,25049309,18664910,14332397,23285200,22909048,21723149,18948192,22519638,16025353,19336500,20855237,21729794,24079671,18433219,11487022,22122336,27948343,22349752,25429218,18364898,14311811,23452900,22918150,22390519
"FT1488",279.180382338758,156.470962524414,2861663,2792418,2578737,2596074,2503576,2360482,2448045,2336720,2328713,2398900,2357249,2278648,2342551,2253585,2219794,2181218,2040362,2146787,2221626,2273046,2164247,2153368,2109634,2058450,2244923,1932122,2285687,2133185,2243776,2180652,2211988,2172414,2090902,2171283,1923679,2015306,2094588
"FT1489",279.233288867828,84.2704010009766,1284687.1,541537.2,592753.9,1608306.5,594674.7,699322,1310066.7,724615.4,455692.8,1825423.9,837892.9,810414.8,1325070.9,614503,661764.2,1569094.5,955646.7,786220.6,1220183.1,496449.6,549718.3,1594763.9,660420.1,691525.9,1198773.4,762840.2,522751.6,1733135.7,833890.1,802523.8,1276607.1,589635.1,676965.1,1543651.6,986545.1,848913.3,1227688.8
"FT1490",280.022988113725,549.891037841797,262406,180618.7,132835.9,302848.4,157451,268764.6,257889.6,218432.3,135903,398301.3,168224.8,369737.4,253138.4,251893.7,201642.5,305259,338697.3,265790.2,237971.2,168662.2,132248.9,286662.5,149071.2,289450.5,256700.6,203249.7,124478,389578.1,172005,369125.8,251758.7,275700.6,205180.2,309839.7,340377.1,244197.3,259979.6
"FT1495",280.236740768756,85.4740867614746,223907.12,56338.11,36291.12,287163.02,43337.05,61280.87,121670.05,66611.67,63180.22,316924.44,82614.72,54194.91,151269.94,45993.4,74789.88,303907.13,116341.19,104639.11,100904.24,66214.68,31964.88,293439.19,71271.4,33478.99,170797.23,45543.36,27835.11,319315.16,130764.85,102257.28,217072.41,58699.96,76762.21,300644.75,117101.17,60241.31,146011.89
"FT1499",280.997141282343,441.164825439453,2554867.9,1082944,1064208.2,2079065.4,3861180.4,1319214.1,2235699,770363.3,1116234,1946796.3,3640567,1273574.3,1998218.3,839755.2,827647.7,1788899.8,2656807.1,1117484.4,1891611.2,811003,860318.6,1783619.3,3298073.3,1152866.9,1938462.6,714621,994239.7,1708879.3,3442401,1192799.1,2009916,799774.2,766816.7,1763845.5,2546187.3,1111468.4,1888411.1
"FT1500",281.018418577519,231.338592529297,80728.45,48954.05,41590.48,91823.67,106464.65,84088.21,89760.6,71143.68,28300.38,108129.63,99909.63,89502.79,89862.39,71958.44,52718.23,100255.5,138601.67,73116,80032.84,36219,38789.14,106769.89,109127.99,78737.24,93806.13,54533.56,40263.61,109153.28,90211.03,75882.18,85410.64,62540.49,58543.97,106161.13,160594.05,76079.16,84150.05
"FT1501",281.031077488327,566.655456542969,547582.395,1506973.141,721687.108,1934.472,535257.44,956496.293,478080.777,1141798.98,687472.428,5857.023,600997.932,933570.679,457219.288,1096525.768,654213.726,6582.221,329087.287,968434.054,418730.562,1478411.979,697145.064,4890.491,530143.204,913633.76,413891.26,1179296.506,650889.671,4389.782,536563.826,928898.644,479266.76,1146998.889,566967.716,0,272876.617,931782.663,432155.732
"FT1502",281.036218457373,232.72200012207,102468.8,37026.31,25959.72,173140.78,92606.29,86802.29,131582.39,60547.09,34676.96,248393.58,86855,104220.5,128409.67,78222.75,61969.34,220596.05,162543.39,87229.64,140233.9,46404.26,39380.28,233813.86,127547.95,107647.27,129018.98,60796.63,43173.11,272280.42,102205.72,101305.9,143525.87,88957.23,79115.86,249791.9,189157.09,92400.2,155528.43
"FT1503",281.089451168614,179.654998779297,97059.07,72610.21,113319.9,127876.4,85848.93,65502.95,87792.33,72458.78,123005.72,94368.66,78058.15,70254.03,91235.56,61569.2,89049.57,113413.56,68957.45,66860.52,88620.05,70665.94,112607.21,127508.04,74139.75,74697.69,86236.43,82856.05,122595.6,101702.91,83583.33,67713.77,91019.02,69670.91,96866.98,118005.68,68277.27,70312.45,96077.57
"FT1504",281.099223749774,199.061332702637,42615.62,49205.84,77730.04,22216.33,13807.77,29418.86,39999.41,37033.22,74527.05,32373.16,10572.77,36690.48,28173.85,51231.29,68635.55,24487.53,10618.25,29923.74,45296.21,37775.17,70903.28,21474.69,19582,34063.76,33923.01,38853.39,71889.54,25119.41,12173.73,39366.04,44029.47,39336.27,74749.74,12418.22,18980.85,42850.16,42638.83
"FT1505",281.112100896561,283.097045898438,82013.26,86789.56,77062.19,50178.49,88060.14,67059.33,70847.1,101829.98,77415.3,41611.54,74945.04,82421.55,82213.64,108404.63,88335.18,40739.23,90371.28,78148.9,74159.15,80094.87,92259.93,50466.9,83775.79,88174.63,78277.42,97062.79,82692.87,36211.44,83223.05,93599.69,74574.92,119128.9,96015.53,42746.93,109445.99,78012.06,82266.76
"FT1507",281.248803034749,84.2704010009766,16328165,5064761,6246697,26289655,8188665,8005933,16168189,7523668,5520809,30212525,8805071,9164945,15901933,6187251,7701885,25915336,12562429,9276760,15457688,4852968,5990397,26290292,8243674,7966501,15388441,7675508,5481565,29068172,8478484,9077118,15918090,6252584,7463492,25962843,12357121,9236406,15659783
"FT1510",282.038676737778,555.490203857422,84271.59,80147.58,95014.87,113801.9,18009.63,79519.53,85903.84,69589.83,96545.12,124873.19,36239.56,72000.12,90667.52,66258.29,80497.62,114117.23,45863.54,66157.98,82670.25,82999.83,101718.27,114653.75,31536.54,73050.31,81236.82,73939.15,95290.26,121626,37173.94,79400.5,90749.11,85550.02,82436.68,122784.94,38047.92,74544.36,89250.35
"FT1511",282.084583998529,607.488647460938,121841.83,56141.79,40834.44,198782.97,49134.1,68667.38,105284.61,64745.88,47139.23,246469.48,27714.74,84111.86,106671.04,86329.48,80094.47,190813.4,78698.2,71195.53,105759.81,56614.37,61846.12,183993.67,41084.56,70324.45,113412.76,57607.23,35954.92,241613.4,32963.61,88219.76,107585.88,84655.53,73327.05,206333.48,81667.55,69266.09,114096
"FT1512",282.084652929879,384.010004882812,314149.28,78660.75,69884.34,643758.57,28414.54,129121.58,309093.24,129726.41,82251.82,834468.28,30053.05,205798,279368.4,163556.55,144756.89,759980.71,68793.57,142618.9,299209.55,82601.03,62473.74,636962.86,17268.41,125001.24,295448.03,122160.48,78656.5,802042.24,23589.91,201107.81,279864.71,167044.01,151735.4,784363.52,59486.99,129185.57,294691.91
"FT1515",282.887699679845,986.043029785156,112545.66,63415.61,89403.68,91907.49,101061.81,126158.79,111459.71,113021.5,113132.59,112915.49,103547.96,112039.46,120227.02,98365.72,91862.45,97422,140547.63,117617.49,102290.58,80106.23,88825.51,88543.38,123576.15,125282.91,98052.92,96794.24,120941.59,102000.18,101658.38,114309.32,107477.5,106615.59,93994.34,97443.25,162404.44,127500.63,113807.5
"FT1516",282.953366382256,649.822204589844,354064.6,218320.1,354718.4,233341.4,454576.2,357938.9,374997.2,250380.9,353855.8,178609.6,511678.5,347165.4,327048.6,148698.3,234566.8,179462,1800733.4,455025.3,393217.7,192537,306625.4,264065,504914.6,352442.1,311054.5,252393.6,335723.8,243328.9,569964.4,432678.6,337511.2,140286.5,234397.2,168761.7,2288870.1,545723.5,416202.6
"FT1517",283.06864307861,403.432373046875,2237452.3,127308.1,225250,7135138.6,471235.1,130720.3,2252603,109907.9,228145.7,5682980.6,386703.6,166288.8,2215604.4,126119.9,335002.9,6412485.4,584595.6,143791.3,2089349.1,121770.2,226075.4,7511865.9,512543.7,125020.4,2067503.8,122358.4,232774.7,5967282.2,402539.5,181095.5,2165893.3,129957.1,360988.5,6794920.7,537088.9,132745.3,2177579.2
"FT1518",283.068726403844,661.138854980469,30785.29,0,0,127439.899,19081.7,0,44427.15,0,0,131451.517,7226.643,2022.369,31813.116,0,0,127551.286,13940.843,0,33806.306,0,0,149829.516,15136.496,0,31094.521,0,0,130523.832,3731.748,0,32329.17,0,1546.432,128008.374,28471.999,0,48488.81
"FT1519",283.07854869618,333.621704101562,111899.9,75852.77,58294.77,312618.43,64177.14,81675.97,120868.07,89949.34,69363.41,290115.86,65893.11,86445.91,96400.75,93953.7,84401.16,349283.72,56859.75,82435.87,102472.99,70317.56,84430.18,314314.66,66342.03,92467.84,145094.23,82024.21,80384.1,268605.12,70375.31,88874.89,107097.95,99595.58,88443.79,328438.53,54616.25,73885.58,116030.91
"FT1520",283.091338631419,474.726165771484,414825,672782.4,551482.2,405572.7,293777.4,403766,430796,672625.3,587948.9,408063.6,304288.2,392110.8,420818.9,630212.5,462089.7,425773.6,251949.4,434898.2,440142.2,643053.9,545173,395609.7,366798.9,435328.6,401832.8,738277.3,646206.1,445314.4,332614.7,432885.5,467177.9,664691.8,527548.2,467522.8,296255.8,499644.5,445990.7
"FT1521",283.102540641617,477.4169921875,178021,265438.8,143092.6,117728.5,208687,287720.6,190294.3,264424,150169.5,127976.1,178878.4,275656.1,175737.9,259275.3,125265.4,122359.8,200164.4,289262,164432.5,215942.4,146203.9,119654.6,196291.2,253023.8,161004,263612.2,149695.6,159700.7,180637.8,286350.1,151367.1,255553.6,133645.5,108134,184462.6,284286.7,160523.3
"FT1522",283.110961243964,83.0709,620223,602632.7,619300.4,654273.7,614449.1,722153.5,957146.2,629831.8,617011.4,680969.3,619875.1,692489.1,703871.1,570383.7,750676.2,570987,647350.8,610039.2,738493.8,549093.8,602834.9,738199.5,653350.6,728872.6,680645.2,613877,584985.4,660526.3,622153.2,696052.8,733995.7,612191.6,760457.6,563209.3,585472.9,645396.2,845373.1
"FT1523",283.137014440071,84.2704010009766,575823,269431.6,256129.7,182446,171748,304282.5,725118.9,520045.7,236210,246455.6,313668.5,385755.2,796721.5,350230.8,275377.8,226334.7,403035,500282.4,580952.1,208264.6,220038.9,145012.2,251071.5,246973.4,669171.2,509803.1,239763.6,153266.7,226343.3,239221.8,788830.6,301063.1,349108.6,257021.5,392962.3,483695.8,840433.4
"FT1524",283.264386342674,85.47,567503983,165490306,185090609,131532996,181495154,204168745,571228276,251094136,173876821,144612513,208307237,230141456,552203079,185975591,178212377,134826399,261724532,246560771,531026831,154307769,178932772,132446560,190084605,207113477,540305792,248010622,179046858,138059728,209112734,230767587,551609989,188520315,177021084,136167748,261615868,250522017,544507772
"FT1525",283.997755447714,439.77099609375,55001.216,70188.695,67282.783,35442.267,5465.682,59745.959,60115.487,75194.747,88174.558,39513.072,15952.497,63227.991,46245.901,67549.314,70228.928,43339.922,28703.671,54264.921,71855.296,73947.294,57950.366,41805.453,14694.171,42407.907,35544.18,66232.04,65577.956,43184.883,11944.953,46549.332,56686.739,66056.758,60470.449,33219.138,5922.059,45670.881,60815.83
"FT1526",284.015498128177,335.01904296875,104159.15,37348.04,74008.15,76870.48,103570,79811.89,103021.06,51195.47,72462.81,64496.59,114120.51,84672.64,89708.85,83575.34,96674.89,48643.7,271339.92,94873.33,84323.99,48571.04,82860.33,61748.12,91421.77,74107.04,79404.12,48731.73,72228.73,61931.9,101446.48,79536.52,85945.22,72502.98,88116.43,42121.12,242960.81,81475.12,82140.71
"FT1529",284.125455260145,403.437957763672,52924.35,51527.07,64114.8,47857.51,54896.34,34782.44,61674.47,64240.47,47753.48,39994.61,53965.86,57532.2,59732.55,54617.03,51608.9,42207.98,44853.98,59053.18,60262.99,32591.25,56391.73,35739.52,50270.88,52333.26,49131.4,57421.1,57718.9,38200.86,55836.52,58885.6,55164.96,45811.64,45061.78,31880.58,46424.61,46451.23,47319.87
"FT1531",284.775125251407,409.030639648438,121268.38,82577.62,107668.54,91140.84,107723.67,117652.63,109088.18,109474.62,112426.51,96644.62,115226.59,120590.73,95026.67,99508.58,107996.04,73892.46,120724.21,115951.87,101799.47,89736.56,83425.8,79973.16,94280.67,117436.65,99764.58,100917.29,91976.65,93650,106666.36,109627.1,105322.96,97620.03,103703.79,78594.67,109927.52,120835.74,99827.22
"FT1532",284.898422946659,974.750427246094,1379159.7,813569.7,1148963.7,869754.8,1335144.8,1742371,1342480.3,1370339.2,1217300.3,1180690.8,1484036,1694389.3,1388568.7,1183628.2,1160702,918931.4,3035648.9,1943761.8,1373103,764925.5,1083857.8,943759,1409766.9,1805724.1,1326426.1,1270975.3,1196629.1,1180165.1,1427074,1659648.2,1290313.2,1276032.6,1060410.4,839908.9,3219896.4,1953983.2,1397477.1
"FT1533",284.947528985584,321.097198486328,70750.287,2471.739,0,74717.244,0,1597.877,48299.965,23947.484,6325.613,166530.041,0,0,43836.727,33620.685,24835.367,274394.571,0,0,47974.04,1845.522,1415.437,71831.533,0,1520.251,52272.095,35044.678,4446.706,162713.906,0,0,51134.364,41057.389,38126.13,269605.916,0,0,60720.222
"FT1534",285.049552150422,599.050598144531,823090.702,0,0,0,5187756.779,102875.25,839455.674,7428.64,0,0,5629251.024,93262.657,848364.746,6553.999,0,0,3895663.585,75190.507,868089.688,1876.954,0,0,5055251.092,85822.316,788841.311,4020.976,0,0,5515374.262,99105.717,824866.222,4970.446,0,0,3901874.893,64970.374,866143.078
"FT1535",285.073097408481,624.411193847656,481558.8,716244.9,350643,656690.3,407478.8,222277,511355.1,719728.4,396201.9,731584.4,420803.8,262910.4,522277.8,768778.9,345570.9,650888.8,387814.2,235967.7,507071.9,698032.2,342853,680724.9,402120,227727,516915,735792.5,406393.1,722360.2,434146.6,270679.6,489079.3,749692.5,357907.1,648136,360138.2,237180.4,532154.7
"FT1537",285.536681677374,461.443588256836,155891.11,80671.12,104662.76,240759.77,86994.96,33860.98,191988.61,180398.34,174561.22,356146.18,17803.51,64593.78,208656.4,235656.91,239984.04,429873.97,140192.84,13299.93,188733.92,70605.21,110707.61,241593.66,97239.51,42987.36,166849.87,180720.15,166983.63,324578.93,20873.12,51213.22,175411.5,220912.99,234923.64,405885.79,134661.79,12240.09,187403.18
"FT1539",286.052932163142,599.706298828125,34061.23,0,0,0,409563,0,50142.36,0,0,0,394798.03,0,43599.48,0,0,0,268102.97,0,49750.94,0,0,0,370983.58,0,42066.06,0,0,0,412436.18,0,46660.29,0,0,0,290872.3,0,51712.25
"FT1540",286.056043992443,250.636795043945,867852.5,257506.9,262404.8,1455413.6,0,539430.9,857685.5,394460.2,287065.5,1606907.8,0,613814,782876.4,403457.6,420140.8,1456887.4,0,466846.9,826589.7,223673.3,248694.4,1469441.6,0,507311.8,744979.2,401925.5,285720.9,1651452.1,0,691907.4,866073.3,449609.6,464880.2,1460677.5,0,516667.1,830232.7
"FT1541",286.069944487256,287.359619140625,28491.89,0,0,123295.5,0,0,27957.84,0,0,116637.96,0,0,15907.91,0,0,132389.52,0,0,24728.3,0,0,136701.1,0,0,32014.12,0,0,111065.53,0,0,19913.09,0,0,109237.15,0,0,21360.28
"FT1542",286.104589400542,490.802459716797,118185.74,126673.59,122795.54,97683.93,158925.28,108385.31,136095.54,131726.02,124950.41,90493.35,150146.23,119587.11,113637.18,120550.07,119610.87,85268.67,133276.39,122989.19,100202.24,125041.04,125518.74,92668.53,144327.43,114063.56,117943.48,121247.29,135713.12,84346.5,158628.71,120777.15,111577.66,144076.26,99689.86,91762.79,142243.06,118979.03,130068.62
"FT1544",286.880237411704,411.855895996094,162854.7,104345.2,148985.2,115915.4,184732.5,277227.3,182693.5,172946.5,148624.3,179242.2,206153.6,289856.7,208389,180890.6,161792.2,138320.5,381690.4,303817.4,184850.4,119023.4,198690.4,134589,231852,358220.9,219896.6,242102.4,203679.5,211277.3,243471.5,357105.1,238620.7,224763.5,177298.1,168004.5,421419.8,372502.8,245423.5
"FT1547",286.997916316328,298.641372680664,59774.45,73298.28,67106.48,46351.94,24189.33,28747.26,44043.21,61515.44,56334.75,40982.11,15197.77,34548.16,47863.43,68521.84,55028.16,38934.58,24336.72,32807.58,30932.14,60459.33,54074.38,35884.28,21819.24,34490.44,45218.05,64184.37,50106.9,31548.5,12044.52,36579.87,52009.75,60623.04,33927.87,37328.97,19408.66,36409.26,41053.2
"FT1548",287.036226167965,442.566589355469,79407.85,50905.63,59612.73,79327.9,42884.27,66227.26,92715.08,51163.22,70136.65,69037.48,39561.35,69515.87,56384.35,45287.52,52263.3,69658.67,40130.26,58871.93,67672.19,40937.65,52453.37,60612.03,36310.98,58672.75,56378.54,43853.97,59619.11,56140.99,36187.94,56994.56,89824.57,50564.94,51952.22,56951.93,25831.77,58483.93,62387.16
"FT1550",287.049849169447,537.487976074219,2680327.5,4796965.4,4824955.8,281935.3,4916673.6,3941941.5,2597098,4228138.4,4820135.7,134253.1,4409200.7,3386141.7,2130268.9,2984699.7,3139329.3,198316.2,2888684.6,2971356.2,1834903.2,2891349.5,2918535,213882.2,3272230.7,2698833.1,1882210.7,2885010.4,3091835.5,135804.3,3796208.2,2771834.3,1883818.9,2766953.2,3125504.1,163719.4,3481406.9,3140761.2,1881626.8
"FT1551",287.052379355726,407.621307373047,1355304.4,1950046.3,1386281.1,1939209.9,506936.4,963367,1286819.6,1511875.3,1321512.3,1865066.2,526982.2,1030678.1,1289269.2,1622250.3,1235328.4,2075145.9,379515.3,954783.7,1264547.7,1769165.8,1353178,2102728.4,491006.9,991135.3,1254469.5,1511527.2,1339475.7,1870271.2,507494.8,997145.7,1321821.9,1623558.7,1263175.1,2138099,354608.3,932552,1315570.3
"FT1557",288.109209504167,210.253356933594,52651.18,46402.95,54480.62,36048.46,71812.23,44066.64,54725.73,51961.75,57693,59156.96,62691.84,57498.78,53299.21,45010.88,55966.45,43862.66,70024.28,47737.13,54653.46,50235.88,43867.63,47714.96,67255.8,52373.41,44411.75,47647.27,50966.38,47063.52,66216.83,46568.41,52054.43,50968.79,47980.88,38943.37,71341.96,45575.25,46016.47
"FT1558",288.877233351205,411.827880859375,130715.29,60519.77,90496.77,70823.59,121435.82,202601.55,131375,130475.98,114986.77,121209.14,149831.38,224302.44,150257.91,133924.03,110267.67,103739.61,255088.69,228845.08,155972.4,77973.82,125075.9,104811.03,161789.28,254030.39,165695.37,166134.14,143888.86,154027.69,179101.97,238637.24,169198.45,156425.13,131880.51,112443.09,289106.72,267008.91,178765.12
"FT1559",288.895773650038,977.299133300781,689347.6,492913.6,621251,510089.4,654783.8,814964.5,665233.8,706036.3,606292,589374.6,710494.5,741769.2,707820.4,626730.5,603984.4,532984,1085702,809067.5,659673.5,437516.6,586819.1,540757.7,699327,745499.9,689678.8,625499.2,660344.4,625981.4,689942.6,747840.5,721798.1,631282.5,591908.3,486407.6,1112073,857356.9,719369.6
"FT1560",289.007438603974,430.037902832031,125467.657,261875.846,170266.909,334655.463,3193.001,74377.955,106933.937,207187.994,151855.36,286794.345,2320.65,82747.308,104531.392,191094.783,161359.308,352360.343,0,46701.201,112833.04,257236.364,132706.5,368366.266,2105.798,54112.499,47780.731,199314.958,159778.228,263108.674,3475.322,88591.163,128225.225,188203.444,174771.668,353536.63,0,60013.463,109604.584
"FT1561",289.033257290299,594.791015625,596714.16,118386.81,106331.14,1657198.16,222712.91,132267.07,584715.28,117672.35,105821.94,1720388.53,250456.3,133552.49,595506.38,108436.03,94514.17,1665245.28,236350.23,132140.61,599562.05,100409.76,100790.73,1588759.93,186334.46,121381.6,556938.01,98398.97,96763.61,1707336.28,240184.15,133117.8,561524.18,107049.86,92740.34,1547757.48,230860.93,132585.63,599150.57
"FT1562",289.055827308346,294.399993896484,204227.537,55904.713,25126.488,390105.962,1709.674,119370.72,200811.351,88102.242,36876.968,511863.307,2054.467,172229.789,186923.06,98775.356,84127.255,402640.552,13131.337,129577.365,190903.538,54741.799,36981.972,343978.231,1624.375,110583.844,181385.929,96028.722,31837.144,488060.088,1715.665,183910.403,195735.884,106550.853,75292.831,393700.866,13803.704,130719.822,191378.044
"FT1563",289.068075958742,632.718994140625,350604.6,412236.5,370079.1,304821,355293.2,346316.6,359170,414274.5,427970.7,314246.1,349849,365329.9,379300,455788.3,396225.8,321111.7,318264.1,327517.5,349183.1,438457.4,400318.4,311573.8,361525.8,365012.6,374240.4,470819,465921.1,339443.7,343358.6,393506.8,329678.6,461391,411806.2,326602,300871,350848.7,385657.4
"FT1564",289.069088413615,511.276733398438,167849.4,183854.3,145825.8,126480.4,174673,184614.3,157478.5,146183.8,174797.4,121453.4,217739.1,152352,131745.8,167870.7,150579.2,146739.8,170880.5,145897,159290.8,182439.5,162277,139362.5,189617.7,180494.5,183589.6,169205,182016,138443.8,187840.6,159428.9,175475.2,164085.9,130359.2,110973.5,181704.4,200645,145406.4
"FT1565",289.069862701482,421.6640625,257096.23,81776.09,119479.71,70282.38,334409.12,424306.53,248559.73,250798.84,161403.54,106024.04,370682.53,481246.85,260058.98,238053.43,94832.93,69592.58,312567.02,429433.41,237496.89,45048.86,131956.26,70613.57,324646.13,395007.31,252216.86,253027.78,134651.65,127380.94,342523.29,468820.03,238195.92,232545.7,87758.78,68780.18,291299.88,440387.47,254902.6
"FT1567",289.101951591194,189.322616577148,119296.8,33997.6,51989.57,84738.74,174187.26,76818.98,111865.43,38948.9,46928.57,124111.04,185122.12,88692.67,97931.28,36390.59,86077.65,78649.38,344062.93,55730.84,91173.23,28627.44,33925.4,75282.99,158468.38,79560.38,96337.05,27970.35,60455.28,104925.62,173922.15,79582.41,106427.25,50043.41,84980.85,75513.84,328203.85,67314.56,101648.42
"FT1568",289.115613454653,604.712036132812,303729.54,106519.02,140780.23,699949.27,167482.09,74134.59,311076.47,132891.94,133649.71,673089.13,172466.2,74545.41,295600.12,113903.42,131571.61,735051.77,136955.12,68804.46,316319.17,105728.92,134206.73,727747.84,159178.63,92330.91,286471.65,120733.36,135183.01,688788.82,169916.3,102037.52,301588.94,134727.36,125876.02,704750.63,136628.77,90714.71,305757.13
"FT1570",289.967173165943,410.482498168945,72117.17,68085.02,80639,54390.34,64818.92,46946.94,72784.83,88813.16,84585.92,67585.29,51097.4,73128.64,80176.56,102468.38,92319.41,68678.95,59242.5,65165.08,73233.66,102130.02,110395.96,77988.77,83626.93,71210.45,99280.7,124640.72,126103.76,88434.34,86526.21,81495.53,110900.71,131501.63,112676.04,97632.73,73115.59,98248.62,112933.36
"FT1571",290.007146215068,374.316986083984,194770.1,159366.5,179873.8,131835,207556.7,258175.9,204106.4,194746.7,196250.3,163227.6,221847.8,234395,195828.7,178804.6,174358.4,118866.4,354716.3,243158.6,182547.8,138867.9,168279.8,118417.3,215594.8,245392,202461.1,185756.5,178926.8,156351.1,215575,232228.7,180095.3,181072.2,146800.2,130607.9,352583.2,254958.6,170734.5
"FT1573",290.088489007185,452.378204345703,697402.2,797470.7,718554.8,861158.7,689963,564006.4,761646.2,758051.8,727513.4,828695.6,612981.8,566997.2,721171.9,738032.6,626170.3,805538.1,603237,548291.5,713730.6,759512.4,708709.9,828481.2,671821.1,551116.8,699490,726434.6,672140.3,836482.6,650556.6,595801.3,726237.5,776379.7,591559.1,848556.3,606597.5,557798.3,694525.5
"FT1574",290.96800722594,659.712707519531,2187954.7,497889.7,484164.3,406858.8,9231843.1,1063103.6,2173329.5,549991.5,539197.9,450801.8,9844314.8,991296.7,2031343.8,549037.4,459933.4,446860.3,9398307.7,1012984.5,2048227.4,539984.5,521701.1,465376.4,9160445.7,1008772.1,2046990.9,520027.3,550200.6,461939.1,9481978.4,1018060.7,2053253.6,560701.6,428326.2,433892.5,9530175.4,1046438.7,2144189
"FT1575",290.967876018935,562.448120117188,252303.3,286981,234819.5,346814.5,143688.7,228501.2,257300,357944.8,245967.4,363907.7,114001.9,247542.3,243536.9,316180.2,281724.5,366110.8,182191.4,213881.1,300744.6,270515.7,231267.7,345311.1,132889.8,263586.9,268964.6,355084.7,287595.7,355868.9,134729.2,280412.9,245375.3,363856.2,255699.8,400023.3,169406,225888.4,343094.2
"FT1576",291.895347982791,961.800628662109,462296.5,433755.3,480149,419427.6,514178.3,587546.6,601011.3,590089.1,581838.3,503181.9,605899.8,611352.1,573292.2,581728.6,558136.8,453444,795045.8,740888.6,655546.4,257443.3,628089.4,551988,727310.2,834997,770638,766154,755100.2,724520.8,866966.1,893524.1,713964,798723.8,698661.5,643063.5,880328.6,1069002.6,1024148.7
"FT1579",292.005041203921,374.316986083984,207372.8,159307.7,191898.5,136552.4,221101.1,250670.2,186454.7,198706.1,178948.2,170300.7,203333,227908.2,200720.5,190833.3,175386.7,137085.2,353612.7,249767.8,193934.5,128360.4,173931,132496.1,203072,258172.6,211085.3,191277.8,189001.8,148548.9,218789.5,231768.8,186141,175193.5,163147.5,146666.4,355382.3,238629.3,190253.2
"FT1581",292.203622265059,89.1044731140137,1606478,1486377,1852677,1869315,1692163,2595558,3256984,2801876,3222154,3624475,3768809,3995552,4131517,4159836,4152571,3153894,2891436,3946362,4523833,3018269,3166255,3444360,2961813,3760862,4192503,3458679,3830080,1952727,3695506,3880964,4146630,3936414,2605096,3533085,3806510,3466346,3977704
"FT1582",292.203678478225,156.468475341797,2709530.2,3166045.9,3385743.5,3976634.8,4371000.9,4770319.6,5521728.1,5781433.8,6369551.3,6674153,6905568.7,6820877.6,7361895.3,7087822.2,7258033.1,7192261.4,6923397.2,7099611.3,7743681.2,7299048.1,6983995.9,6673046.6,5509766.2,6958732,7222580.9,7381824.5,7516290.4,5493471.6,7220357.5,6965077.3,7372146.7,7212821.4,532623.6,6923613.1,6169947.7,6580410.7,6761287.3
"FT1584",292.887861496158,400.609985351562,177521.932,107935.843,66902.404,425649.57,29372.771,39508.001,146971.026,68066.574,68917.333,368197.008,37088.359,35854.769,149841.803,74495.746,63176.472,405273.602,12164.061,33399.16,145910.783,79855.552,72518.546,402749.269,28593.137,28573.4,98651.121,54608.185,63550.387,384551.481,26011.847,21133.383,150063.427,53305.738,44026.928,379704.669,3320.566,6995.604,107186.686
"FT1585",292.923581574475,580.419006347656,26805493,17525492,21852294,19534544,28791086,30729953,25603410,24205362,22703589,24543632,30691590,29339921,26529459,23229901,21481979,20219142,45996100,30465667,25259855,17381253,22334487,19991944,28513203,30426832,24276498,25043678,22046251,23325838,28959056,29760847,25286752,24574152,21851884,19338449,45051078,31103433,26248214
"FT1590",293.06357225974,845.425537109375,1152546.4,736842,1009453.5,1279555.3,1265544.3,821524.7,1091065.6,817024.7,1032179.5,1341911.7,1138991.9,612905.5,825652,729644.5,900107.7,1128564.9,1337083.8,750541.4,995928.8,573623.2,871483.5,1093044.5,1092844,756469.9,973627.9,734346.2,908807,1185125.3,1198025.8,770825.1,987145.6,778566.3,921806.5,1150699.5,1333452.6,754790.2,924008.6
"FT1592",293.099574941252,520.210998535156,244094.2,212350.5,235680.1,226016.8,265954.3,217888,212848.5,198730.7,237977.9,242846.1,246603.2,180678.2,220505.7,232957.6,205433.3,228985.1,243247.6,168653.1,230609.9,206266.1,229220.4,222592.5,221820.5,186588.4,211124.7,225042.5,206185.3,253446.4,241094.4,179688.2,191508.2,187998.5,161545.2,221982.5,239802.3,172973.9,228400.5
"FT1593",293.175956130779,156.468246459961,2062123,1729074,1974956,1913408,1931104,1941193,2067299,1981185,1798189,2022689,2143552,1714054,1929927,1979211,1610608,1716720,1898498,1995539,2048503,1999473,1628509,1862984,1669897,1977419,1978031,1965234,1971155,1972270,2024765,1960421,2107846,1744704,2020499,1963168,1866583,2031256,1690496
"FT1597",294.000913370654,323.894775390625,48604.695,75831.166,69639.9,6684.247,54394.783,53850.926,50852.351,85887.223,72804.975,10705.697,44136.232,44105.541,32393.882,70604.564,67284.761,16293.428,32830.905,48420.7,47638.577,65744.293,72586.461,14785.152,44567.806,42536.668,35496.292,73501.672,69770.338,10940.497,56285.716,49852.053,48513.454,71434.949,66583.876,17506.759,45681.736,41601.225,54327.465
"FT1598",294.015278937349,606.065338134766,68011.38,17235.95,27940.36,182402.02,0,22499.56,63534.22,18870.11,24651.73,172789.92,0,21969.18,65421,22924.27,10194.4,199327.05,0,25347.81,48892.26,14683.35,29856.86,174784.78,0,20144.71,67394.84,27949.79,10204.51,191788.34,0,21065.75,66133.59,27238.2,21539.83,184763.44,0,30938.42,61725.09
"FT1600",294.050037744902,555.482788085938,164063.069,6399.204,1858.947,189611.541,447996.128,23391.308,149663.689,7153.161,2354.736,235346.819,426115.701,23043.24,150631.235,8564.982,0,181695.772,651481.213,13900.074,145496.585,14620.935,6909.329,180996.779,423783.357,32783.854,153963.238,5943.69,1856.982,235865.731,449758.557,24968.205,134969.989,18840.054,1963.301,177777.116,632148.568,16930.962,133952.363
"FT1601",294.055616853372,246.569869995117,190954.533,17231.169,7153.245,354996.15,0,99962.446,170159.902,41349.756,5381.918,432777.18,0,118710.851,158386.424,57364.078,30923.673,365030.689,0,81345.257,154943.172,11967.785,2132.183,349353.898,0,80931.272,133231.663,39764.097,9932.31,429968.51,0,134708.576,158220.01,51644.322,27221.218,366829.508,0,77680.601,156709.999
"FT1602",294.067090643061,846.105895996094,49056.4,33687.23,46118.82,79184.08,68346.68,29287.16,53215.53,33231.89,53722.95,61661.77,59249.91,20517.82,43501.17,33673.57,45667.43,61437.27,71838.42,29955.47,49362.45,22687.94,51186.74,49652.47,60411.32,30807.49,41344.63,29967.87,33168.39,67667.5,49997.39,30635.91,50786.45,25066.47,27081.71,67136.99,73940.62,33976.77,43267.23
"FT1604",294.862244585748,653.981872558594,119211.55,70658.73,97397.81,84593.42,105763.88,108090.01,79535.24,75516.53,98917.3,97751.84,92071.34,72713.08,72226.62,50239.57,71157.28,79023.89,123168.24,72083.8,63280.4,40562.94,64094.09,41263.13,68192.78,79187.3,75619.33,49164.77,60055.13,69947.13,76943.51,68126.06,66320.9,63115.62,57698.39,53983.53,77666.31,77656.17,72155.08
"FT1611",295.042923772704,473.346740722656,91824.54,42755.54,87486.85,43622.77,68247.39,140913.7,107142.85,40748.6,77971.61,66627.13,80586.93,124934.66,64451.94,65698.13,123572.26,24642.38,231889.74,87747.93,79048.79,44273.1,90216.46,38046.95,42179.32,130559.18,72808.46,37009.86,79195.29,64543.34,76897,146458.87,72653.04,68342.45,140612.3,25150.54,227156.38,83405.99,91925.7
"FT1613",295.093979409561,517.68505859375,272462.2,266301.3,236959.2,217658,213457.7,271313.4,218719.3,258517.8,253373.4,246243.2,234773.7,239217.6,237242.7,253775.1,211802,236768,191818.3,239167.8,248760.3,244090.3,228905.2,233743.9,186227.3,265258.2,225037.2,259587.4,255460,251743.9,189631,230525.6,236439.9,259975,220209,247548.3,160537.7,278697,225548.6
"FT1614",295.26421724858,83.4634399414062,240807,112780.9,151013.3,585966.3,279481.8,233893.6,385580.1,115063.9,139293.3,652401.8,249671.8,247740.4,341985.6,116155.4,177045.6,541520.6,346651,291904.5,368516.6,109506.1,170548.9,541278.3,260793.4,261735.9,369944.6,119166.5,147296.6,629148.6,246735.1,253368.1,335162.5,139195.3,169522.7,523556,338910.3,215260.9,252964.9
"FT1619",296.073736357108,301.407012939453,36318.688,6369.556,5328.104,39182.933,56940.258,54303.454,26356.422,10200.53,3446.469,40566.775,66211.862,45286.946,35582.253,11127.272,4940.669,23585.339,57467.188,40545.165,37253.843,13026.329,11669.748,38368.649,65826.435,51552.825,28146.494,5164.62,3917.351,24449.621,60502.479,38658.968,34783.653,14323.102,8276.964,20194.641,47177.603,38894.278,28065.666
"FT1621",296.820274675898,675.461975097656,1027097.5,901933.6,875571.6,669019.8,965103.5,916108.6,817570,822717.8,774634,604641.3,800493.6,649390.3,524562,589349,617607.7,442255.5,848582.8,780447.5,609065.7,503729.4,633709.8,420933.5,653986.3,724241.2,583034.6,638667.1,522126.5,541447,615639,641341.4,664309.3,509909.7,519362.3,276431.5,780475.7,714508.5,437577.4
"FT1623",296.885370759838,400.609985351562,194155.171,100354.488,91118.072,508056.651,42260.181,37227.247,196945.492,72015.021,77173.216,427800.865,43204.843,43475.823,153308.081,67951.864,77544.83,445178.027,14069.726,41660.804,177027.177,102625.52,71803.85,486704.682,46950.001,42802.757,178727.347,79759.597,64635.071,454346.725,56572.913,34380.816,167698.18,66958.607,67228.451,468631.85,9035.526,35013.982,169867.905
"FT1625",296.941903996271,501.786102294922,170953.54,177007.25,153935.18,133610.9,36420.66,139469.14,180100.96,247280.71,107396.89,126047.34,49577.23,130658.67,183250.94,266862.38,226031.65,136030.2,143615.05,162070.01,187753.36,169747.84,143476.41,124112.6,49662.18,136145.27,156015.64,232324.29,94050.22,125700.24,42411.67,128311.84,172858.16,257552.89,209014.18,109599.79,147641.3,149726.7,152810.16
"FT1626",297.070534823797,283.157531738281,295950.42,261317.18,257819.5,429118.8,95681.91,240378.62,293877.52,280743.07,284196.36,437375.03,115766.65,206296.9,278139.68,253598.35,235479.26,401276.25,120045.26,217746.79,276756.38,247130.31,279238.95,434539.87,87363.39,225433.51,243381.59,261211.96,263578.98,417213.65,114024.72,232144.9,295472.63,266951.85,218588.89,409908.81,136263.12,237397.79,287823.04
"FT1627",297.134487872917,103.614139556885,33919406,39734232,28440344,21949950,23205079,38713624,33484836,15753954,40979505,18121861,47753075,57435264,32608841,38713832,28699273,17314321,71376200,53166888,32881534,39139736,30302005,22123046,23708668,38854516,33124400,16554481,41544209,17738325,45863836,38931995,34335194,38304702,28605621,17562003,73054810,56423312,34633360
"FT1628",297.134490339135,163.244995117188,40840673,54734940,37523750,29459188,28648622,43424384,39647757,19494935,51783412,23363071,54457313,43306017,40137805,47836283,36483302,23804300,41516196,61734427,38412257,51720694,36358196,29253243,29289249,44433531,39003904,20870883,52371255,23381142,55676629,42727966,38218411,46395102,36914330,23621365,39770563,60142978,39646854
"FT1629",297.153026642638,83.0708999633789,20904790,10253831,12831417,7285989,6945638,10943055,21417337,26701235,9684991,8343954,9070678,12163110,20761753,17535949,20476967,8022543,13773267,26054567,20223255,9738835,12331131,7458527,7500099,10984396,25956273,26254899,9917968,8186898,9057723,11894634,20846704,17624751,20476102,8405532,13859784,26080001,20557019
"FT1630",297.153051959874,183.792999267578,1330773.1,1135269.7,1581619.7,1370476.4,1336129.4,1920031,1919175.7,1332783.9,1231157.5,978370.7,1688933.4,1513405.6,1593464.5,1646634.2,1556578.3,1531474.8,1186320.4,1696425.8,2071469,2185751.8,1431276.3,1864746.7,1700210.6,1795869.9,1884878.5,735274.4,1770655.9,1510100.2,1649854.1,2649103,2364309.5,2820784.2,1487267.9,1758391.1,1046605.2,1195004,1291234.3
"FT1631",297.153194456492,3.91003799438477,2483413,2380792,2327850,2377623,2306079,2353072,2344022,2138955,2366573,2337532,2379566,2329186,2267026,2328283,2293157,2272895,2276814,2268276,2280078,2293672,2305554,2288077,2290931,2313908,2149978,2209627,2313812,2337179,2318845,2300389,2261784,2325941,2321993,2302963,2288099,2305995,2323425
"FT1632",297.243356167659,85.4660949707031,1323637,482874.2,590102.5,516087.6,747136.4,649765.8,1370647.7,635832.2,463164.9,577871,896469.8,739817.9,1324338.3,495585.3,572930.7,493479.5,868279.2,739960.2,1352824.1,446477.2,537345.9,515475.4,812092.6,635829.8,1336324.5,699852.9,533036.3,566000.1,906922.9,721101.4,1377055.6,509523,550373.8,497786.8,901851.1,756486.3,1312104.9
"FT1633",297.280197470491,83.0753440856934,190582.4,94595.98,145153.31,191333.01,183320.34,156685.07,209234.17,194133.38,154083.19,212924.07,210111.45,211171.77,303739.75,102215.56,162328.42,181762.04,219403.38,235888.39,244102.29,131206.8,147714.8,173296.41,184207.46,170305.05,205174.25,175128.72,144783,196343.67,217284.81,197160.39,232140.99,137085.34,175067.42,212969.71,201764.28,146248.3,222233.94
"FT1634",297.981137084406,410.398834228516,158521.5,232101.6,214326.9,162810,113056.3,106666.8,154530.2,186614,195382.9,134489.1,120812.4,103056.6,151719.7,178721.9,170010.6,152090.1,104610.9,112700.5,151791.2,203235.2,199633.9,166421.5,109583.3,122721,146870.3,180134.9,182636.5,144463.3,134174.4,106585.6,170489.9,219290.7,196974.1,151500.7,100287.1,105025,161967.1
"FT1635",298.046331552951,625.866088867188,329103.936,389456.121,313555.949,470580.601,24434.745,267227.983,350256.311,458917.991,288308.972,565206.076,11009.21,233729.483,335123.459,465954.596,323131.77,442391.625,27130.018,226919.366,320028.95,394942.547,317155.253,454929.754,12744.374,284062.741,329157.986,436353.255,324124.354,540917.294,8795.424,280391.78,315252.004,487061.152,324703.411,457924.337,30440.383,232584.387,318864.597
"FT1636",298.070014901114,559.112121582031,40979.264,11497.657,11873.641,37384.999,159690.421,35263.714,49289.984,19220.15,27625.312,21348.074,152714.233,59715.395,37273.758,4973.146,10683.416,30164.81,106112.276,36321.991,38401.099,6282.776,13632.488,25647.758,152781.033,32448.882,39485.482,14654.491,20964.337,32882.728,151376.06,45425.481,43817.294,11620.953,9107.444,27543.114,115348.016,39619.33,32943.273
"FT1637",298.114488801087,473.516448974609,1096007.6,775358.9,1638167.6,244770.4,776197.8,1799024.7,1109770.9,855407.9,1452415.1,241026.3,951391,1978235.7,1140864.1,1272752.2,2359036.4,213561.6,2216303.5,1584170.7,1149744.5,768623.4,1760095.4,269580.9,824769.5,1973290.4,1172363.3,999876,1626544.6,269458.9,1057829.8,2279121,1154863.8,1341044.7,2582030.3,224907.2,2429565.7,1713872.6,1208650.3
"FT1639",298.137816232388,102.989166259766,5806351,6566038,4678017,3650938,3915250,6363181,5721571,2552671,6793180,2948739,7949673,9480043,5785729,6185674,4684974,2820560,11825520,8906614,5508669,6487783,4803719,3627620,3832416,6541277,5588988,2726258,6947228,2941955,7626391,6424841,5755758,6577086,4761490,2924235,12253770,9429636,5835465
"FT1642",298.886636511936,400.609985351562,292461.87,166257.15,119450.08,658019.75,78676.31,85331.27,247767.64,111164.41,109862.73,611746.78,78547.7,78379.24,239353.41,128675.41,105518.67,632800.5,34364.51,61048.89,234636.49,136802.41,110506.26,657395.49,59642.8,82437.07,256901.49,98329.1,102681.2,597610.18,65044.51,64341.01,249894.6,101100.23,109720.7,622722.36,25776.84,42297.31,251078.42
"FT1644",298.981894351963,441.182,221469.68,91689.09,105628.19,193542.98,357665.79,131080.12,223702.97,69552.77,116002.49,193469.88,328407.08,120052.62,201973.95,77397.98,88286.44,175206.15,258746.96,107022.43,213603.4,90593.42,80617.15,183241.63,333144.83,125297.76,206253.07,79078.24,109448.32,180875.46,326388.65,122218.33,203383.86,85253.98,83152.86,179827.33,202688.66,117453.77,206846.02
"FT1647",299.12261450856,304.204993286133,93947.81,104068.77,100079.1,86705.07,52452.22,73506.76,87721.12,93793.24,82699.31,92907.85,50574.06,83518.71,87964.44,108975.06,88238.26,88073.43,67656.02,69599.62,93719.5,91022.73,89238.43,98049.68,52112.81,80950.94,72933.17,107116.47,86518.17,102181.56,53910.01,76077.2,91242.93,110073.41,82655.43,95534.4,59825.47,77954.3,91367.38
"FT1651",299.259322721913,84.2704010009766,976521.5,384189.7,581308.4,685082.1,1616563.9,806805.9,968420.1,453509.6,579715.2,800316,1839918.2,1073600.6,1008565.3,474131,597426.6,742973.6,1781143.7,1012220.2,1015369.1,404417.6,586704.1,812932.8,1726930.4,853756.3,982405.9,537754.8,662478.4,856495.4,1822875.5,1090546.6,1022018.6,455475.5,704174.8,779270.2,1798598,1067114.5,1048531.1
"FT1652",300.008960121588,371.521759033203,147133.8,34912.63,49020.57,276949.27,56119.56,84666.28,146638.63,48154.27,47630.57,279665.82,50977.43,77003.28,154520.77,62294.47,61869.31,299677.98,103758.37,75229.78,152100.08,31961.62,52009.56,315656.01,58457.11,77008.14,163251.59,62654.6,50567.32,293733.89,49468.2,81967.21,155705.46,56832.82,53054.2,343379.16,101525.62,97225.15,165836.88
"FT1653",300.04907895932,538.837341308594,3736645,5939369,5533081,2249187,1826466,4877109,3870050,5666932,5781475,2209211,1860681,4923511,3797172,5540632,5317033,2207116,1664004,5160348,3779048,5856278,5643278,2215401,1783709,5173824,3820934,5815208,5436296,2243807,1963057,4863593,3739730,5515805,5099908,2110865,1727014,4691814,3889711
"FT1654",300.081465633704,518.945068359375,168556.44,175169.57,167734,154025.23,121774.46,125923.76,142658.47,154125.97,186081.75,145935.6,90977.86,126450.1,128154.95,175161.79,137021.97,172833.44,99499.18,130113.94,121277.97,141913.14,181477.45,150216.92,86526.7,151148.04,136345.26,170319.99,185683.66,137743.4,87139.33,128286.69,126215.71,153683.6,162141.26,146770.14,95487.95,132592.91,152666.81
"FT1656",300.13019301213,473.371368408203,1263920.3,453527.8,415327.5,1080103.6,2530746.7,610244.6,1318485.7,384057.9,538896.4,1011261.7,2550894.5,581650.7,1314671.5,442034,351953.1,1111829.1,1909182.2,656537,1388734.5,464388,464620.7,1156626,2773181.6,656195.6,1346236.7,425859,573362,1160387.5,2804623.2,708324.9,1418539.8,467745.2,370091.3,1194453.2,2208210.2,730907.8,1416392.8
"FT1658",300.859691596031,990.427062988281,82040.31,65184.4,88788.17,95172.51,89927.21,67934.21,78492.81,73825.79,96484.97,80127.79,65078.62,60053.91,72635.13,89277.33,82032.8,76950.03,80705.44,66737.01,78084.37,69297.72,89287.07,73134.57,60441.04,58932.18,64625.16,80896.31,96292.53,82415.37,75760.17,48550.33,70295.6,75819.72,77844.66,69189.56,74429.68,71224.11,79069.78
"FT1659",300.888807286981,400.609992675781,72341.517,29479.107,26354.768,198779.092,3884.681,5868.841,38179.15,23965.172,6663.784,175817.603,13347.596,12104.289,63367.771,21691.66,16857.805,178916.906,1784.938,10565.192,58922.845,30408.359,15593.539,177364.985,10157.946,20211.014,47282.314,12089.411,7106.606,168079.941,7444.538,15641.672,45008.275,18514.456,19428.101,192337.761,1702.883,4426.614,57974.971
"FT1665",301.065335091241,529.402648925781,347636,385842.1,332635,104061.6,933397.6,340435.5,368020.9,357187.8,352941.6,119374.2,860203.5,345000,362679.1,368739.4,357081.3,156104.2,793643.9,342545,397294.6,381965.5,358988.3,167364.6,806091.1,339194.1,386679.1,391026.7,401525.7,162190.2,903026.4,377972.2,416378.6,407010.4,423639.8,185107.7,961191.3,420531.3,436331.7
"FT1666",301.133763255506,472.693878173828,132597.45,37487.28,23871.61,103259.28,261021.67,57255.56,139091.09,20191.62,39369.42,101939.7,264877.32,47219.42,131000.82,38130.15,18836.4,117584.32,191671.07,50546.69,140160.98,25791.97,30143.99,109316.4,280256.04,64936.11,131117.91,31424.6,30582.89,97996.83,282137.28,67640.49,140558.73,39682.2,20257.83,115519,213204.79,62343.63,144530.63
"FT1667",301.165957078493,90.3165969848633,222202.8,377034.4,335957.2,310775.5,372190.1,354897.9,260731.7,376957.2,395727.5,323542.1,390523.1,411638.9,184510.4,350118.4,402420.3,337308.1,417249.3,372277.3,325767.9,394779.5,312342.7,322449,385395.4,395064.1,390117.7,357823.6,393631.3,337839.1,382754.6,397065.7,286508.7,360634.3,373390.3,313708.8,344492.1,364822.4,318710.5
"FT1668",302.006995317878,372.160110473633,157961.88,35138.83,47850.86,267568.58,50473.51,76010.33,154745.14,60578.65,52562.71,267938.39,56555.19,85707.7,150572.43,61429.68,44380.43,312011.09,88850.98,78330.06,158319.46,29041.19,51861.62,298999.47,60745.9,75230.13,167466.25,68908.17,47038.21,275449.14,66074.5,92139.48,152691.21,63809.02,68512.71,333148.03,102050.48,77779.66,172404.21
"FT1671",302.06488598452,417.441619873047,47894.371,22537.989,6007.864,160937.597,0,0,39156.07,4520.571,8052.603,150192.731,0,0,47607.402,13885.132,9407.492,144814.667,0,4211.741,29745.403,2440.933,2887.128,155285.411,0,4471.335,48321.255,2243.871,5710.233,134255.804,0,1904.178,29524.97,9196.076,8304.282,148962.937,0,2321.563,30579.49
"FT1672",302.099268371854,516.419372558594,748511.8,730208.2,831533.2,838382.3,436284.9,610319.8,713197.5,642230.2,889852.5,856922.6,485165.7,590055.3,699934.6,719668.2,814913.5,900141.9,436675.3,577618.6,677446.6,708967.7,858306.2,816134.1,450369.6,588389.8,724958,681982.2,839855.6,944419.1,453421.5,579795.3,675721,737561.8,707282.7,876190.7,451101.1,575353.1,673250.1
"FT1673",302.135995424985,403.430969238281,360381.9,327356.6,355944.2,294279.4,375895.4,337834,364536.7,379794.5,348139.9,319114,394848.1,380514.6,366155.4,359819.9,310412.2,292541.1,283465.3,361336.3,311681.1,293826.8,338545.5,309153.1,359279.6,362715.9,323518.6,342996.6,338940.2,300980,370278.5,369602.1,327402.7,327888.6,299764.7,275416.3,302145,344954.8,340721.1
"FT1675",302.885460234766,400.594787597656,15120.884,16197.13,2322.515,86803.839,1681.464,1695.341,25171.225,1673.159,0,70854.243,0,0,14127.896,8040.05,2367.849,81456.008,0,0,13649.086,5900.865,1643.203,84862.925,0,0,16164.524,7511.685,0,77451.903,2160.806,0,20197.664,4370.666,5612.099,74184.724,0,0,11590.733
"FT1676",303.002049057256,425.817596435547,123465.731,22417.673,44521.051,91041.338,15372.893,155624.688,126029.042,70144.343,51601.512,145177.867,22898.633,157159.809,102992.776,69187.905,31233.187,93417.412,77666.805,183012.545,117387.31,29109.048,36879.127,90028.208,7759.528,155665.952,89333.428,89607.244,56606.418,151586.571,16868.744,155587.761,103102.839,82657.19,31182.363,80425.759,93089.073,189628.543,120040.253
"FT1677",303.014916604213,538.853515625,48118.99,51088.81,62046.5,0,56075.21,57166.11,27555.2,44341.11,91627.02,0,57375.25,64387.13,46126.52,57277.85,66393.12,0,37374.52,66893.32,37164.41,68666.01,75973.89,0,65873.46,60201.45,52041,62494.05,79439.38,0,73054.79,60909.62,50894.8,45436.45,78367.88,0,79727.79,74467.08,55261.2
"FT1681",303.083603544159,623.064819335938,1323354.8,1745331.3,1103416.8,1663212.5,1104952.2,783108.3,1380399.9,1783718.8,1183366.6,1894097,1108224.5,836953,1429725.6,1893839.1,1139305.8,1646015.6,996932.6,773372.4,1364555.5,1718246.6,1042759.1,1693080.9,1062275.2,777305.5,1374708.7,1829478.4,1228067,1851676.1,1117223.9,892327,1271716,1826890.3,1065284.9,1649181.8,951063.9,837714.5,1370784
"FT1682",303.094679081479,577.000457763672,135262.8,142858.1,115513.1,130569.7,173616.8,131327.1,137617.9,102978.8,129118.8,119486.8,177366.8,151394.3,142427.7,119334.5,114062.5,136428,166105.1,125753.7,121395.9,118844,127466.8,118408.4,177140.2,140033,145340.2,119167.4,119869,124240.7,184387.8,144322,128502.9,110325.2,112863,115847.4,151296.4,138141.4,133773.2
"FT1683",303.099847479934,382.634429931641,71991.5,71432.46,77284.23,65069.35,55514.17,59755.36,61336.91,53509.51,74501.66,58965.71,56324.98,57386.96,64470.54,71494.56,65252.45,61492.73,55989.67,55144.74,59371.7,67967.74,72837.89,61319.69,50299.72,46154.24,60628.21,69407.16,73339.99,57926.81,56835.66,39664.19,61549.65,79045.86,74872.29,56757.69,50845.46,30375.59,50082.44
"FT1684",303.232989584655,84.6192169189453,1238800.1,841905.9,1198482.6,528097.1,2260166.8,1251058,1293101.5,746889.4,1126526.5,581695.6,2198112,1390417.7,1295745.5,988987.3,1481774.9,516772.3,3471139.7,1231984.5,1282301.3,905179.5,1173729.6,513906.2,2385563.5,1234279.4,1267186.4,806641.5,1156977.2,523525.5,2220821,1414881.3,1278163.3,1006708.6,1511136,575838.4,3423385.8,1283075.1,1282433.4
"FT1686",303.909393162941,963.030059814453,831937.3,342586.4,494520.5,333209.6,897991.3,1527155.7,997590.9,890031.3,691830.8,624620.7,955201,1312677,464900.4,618737.6,456869.1,357748.2,3245025.9,1636607.1,786862.2,274819.2,583066.9,356337.8,820661.5,1417606.7,765776.9,706322.8,586379,619780.5,933903.4,1273690.2,811558.2,696951.3,435165.4,343318.8,2998372.6,1705756.8,886829.1
"FT1687",304.016129880255,404.844970703125,578122.1,482279.8,533017.2,467070.9,571497,573922.8,547463.9,525833.9,495090.1,528998.1,541843.7,553801.1,516159.3,488180.9,456948.9,445536.4,599624.4,551084.6,511685.5,423698.8,488200.3,444641.4,500860.9,539138.6,497736.3,494048.2,464912.6,480004.5,514452.6,514579.5,516773.1,499355.8,465935.7,432833.1,468371.7,512142.8,477658.5
"FT1688",304.044150096964,543.877502441406,1807098,1085168.2,992759.1,1172471,280020,857086.5,1840842.1,1017624,967383.7,803407.8,273699.5,893735.8,1581254.4,1073775.1,1173954.7,869135.5,389613.2,805806.7,1431094.7,891528.7,844859,832064.3,211141,767087.7,1341101.8,755740.7,701950.6,561575,194496.8,692055.5,1158782.8,823201.3,855341.7,610942.2,331814.5,574441.4,1160784.1
"FT1691",304.066546873502,248.006973266602,64720.734,12762.66,1477.481,174725.236,0,20807.382,60575.05,12754.607,1545.141,187950.377,0,17297.076,62476.523,17058.517,4696.847,180679.94,0,13195.256,57160.379,3012.029,2941.247,170359.602,0,12701.202,41402.86,8396.858,0,169816.951,0,13266.09,59855.183,14081.555,6427.868,157758.372,0,4753.92,53881.382
"FT1692",304.070897597767,485.127166748047,71560.237,37800.152,71048.163,2242.27,125660.928,185470.401,73791.571,45886.142,42247.584,0,159208.831,198568.654,64840.282,85209.072,122817.095,2633.891,317367.744,144030.324,72787.793,47001.591,84801.181,0,128591.723,171619.387,80504.692,57942.877,66225.972,3546.117,169029.16,210899.279,47317.031,85294.851,124186.785,2837.899,318914.932,152478.812,82977.911
"FT1696",304.900908135128,963.032928466797,1165033,941484.1,984841.2,922303.1,1170891.9,1254751.8,1147415.2,1157330.9,1020742,1081479.8,1132707.5,1097558.7,980001,1004094.5,944587.4,935957.8,1477718.4,1332689.8,1134903.1,803527.5,919979.5,910743.9,1007416.7,1091470.8,1030624.2,1031873.8,1022647.9,940021.4,1086050.3,1176230.9,1040573.7,1043239.7,847471,825060,1209559.5,1125902.3,1026749.9
"FT1697",305.036999108644,231.313232421875,653865.9,450332.6,373370.7,500104.6,902853.5,614725.5,621038.8,539010.7,360067.5,495622.3,822329.3,630033.3,633788.6,553037.8,473503.6,452829.4,1102818.5,595838.4,628414,371740.5,351701.9,466828.2,851982.8,628593.5,591709.8,481662.4,332471.1,465004.2,790596.8,603339.4,602472.5,540838.1,501146.7,487987.7,1103057,568101.7,565874.4
"FT1698",305.069056653294,629.954528808594,1062956.8,1140218.1,1190243.2,972249.9,1032765.2,1079048.8,1034830.8,1056794.8,1081554.5,861559,969488.6,876759.9,783407.2,763196.5,697142.4,544369.3,759114.5,744569.4,647054.5,613150.4,642201.9,492135.1,681366.2,697567.5,605381.6,666704,776364.2,543164.4,729023.9,822087.2,591939.2,624621.8,618867.2,445912.7,693710.2,722596.1,628951.9
"FT1701",305.248967268755,84.2697257995605,397948.9,356257.3,376052.4,393882,489660.3,420548.4,398222.1,272258,364735,448219,474684,515296.2,359014.3,348849.4,472030.3,379328.3,657950.6,446244.6,405889.8,298692.6,372605.2,433195.9,509502.8,441282.8,297372.2,303469,353538.3,403519.5,477762.6,482785.5,411691.4,330698.4,459386,393101.7,654268.2,423837.3,388862.1
"FT1702",306.013151062545,406.168090820312,445773,373615.3,418849.6,366352.1,432838.9,420357.9,418108.2,401649,381715.8,391328.6,426987.5,410504.2,370240.8,354110.5,357943.6,350369.2,363070.2,395181.4,360208.6,311953.1,371134.9,334690.8,380820.4,404017.1,358492.5,351197.6,348653.7,366703.6,388818.3,383979.8,368037.3,270760.9,298532.1,309395.6,348943.9,376336.4,366272.8
"FT1703",306.058153301262,239.748550415039,5530813,1885777,2072116,6544523,3500681,3749606,5381159,3389605,1767794,7448069,3929987,4661277,5476878,3572179,3433736,6937750,6321186,3878862,5255192,1774968,2189897,7095954,3726309,4034448,6519277,3721164,1906139,7641661,3929499,4711227,5463743,3804695,3658100,6919039,6504554,4075285,5679312
"FT1704",306.076806784379,409.016998291016,3538319,3170140,3486742,2961777,3079339,3814529,3412663,3440273,3550289,3382121,3242993,3814473,3400732,3434637,3484333,2930677,3220800,3704302,3416240,3085123,3517221,3230715,3271009,3874264,3415025,3511473,3729407,3611310,3392674,4003402,3671776,3692612,3815814,3160126,3204394,3833273,3601440
"FT1705",306.076632971771,512.570861816406,312509594,324495243,303015254,244417751,358556407,299055844,299979290,325482884,323948008,246158801,365249281,302326298,300952974,330036775,295605134,257147376,328641319,304097035,298309249,327438125,317110655,252109798,349725999,310743225,304206969,344998006,330648606,261738028,370070033,316703408,307580725,349629420,295224858,260264046,357838371,320779859,321497464
"FT1706",306.086457466589,486.688888549805,117306.699,10939.009,19859.416,48430.968,579418.854,69516.563,95186.504,27801.652,23610.958,58094.118,536196.595,70853.78,108249.031,34085.887,6871.869,30756.683,366556.076,70866.141,98465.773,15468.551,0,63625.718,521713.507,74365.698,110910.862,8826.785,5575.756,29814.483,520099.53,42313.287,107148.658,11535.704,0,24037.125,326025.991,71995.566,97401.213
"FT1707",307.033764641033,496.286987304688,243568.54,158871.29,154410.13,157569.27,59172.48,365998.09,252852.97,236604.56,226422.12,201115.99,46987.49,484392.4,235459.41,296653.68,211286.38,289741.7,95667.04,432210.33,222402.65,142226.56,145989.7,164366.41,43768.24,343800.78,227652.85,232624.91,224157.43,226372.04,71602.52,487663.29,233301.45,303186.02,197162.02,266847.98,90716.79,435289.56,238180.67
"FT1710",307.080494445786,409.023223876953,359288.1,289491.8,352704.6,316567.1,301039.8,389871.1,346529.3,359302.2,322982.1,355679.4,294027.8,342910.9,345070.7,280068.3,358858.1,296504.6,309302,367622.8,345189.4,306528.8,376503,318898.9,287828.9,407857.9,290783.6,358075.9,371619.8,373675.5,322369.7,360107.1,348156,319047.6,394810.7,330813,218263.5,377849,327572
"FT1711",307.094793472529,470.640014648438,71402.2,103831.5,74244.83,39445.39,132976.86,93934.12,68731.19,91487.29,72279.37,48818.07,127571.62,71621.37,68993.19,97641.58,58255.41,53366.06,100143.49,90377.13,63955.11,90571.19,82898.51,36958.92,146631.68,82916.22,74783.73,113052.75,95815.34,56639.16,138773.12,93031.11,72050.73,106636.11,104063.59,58224.57,118548.63,92315.49,87514.36
"FT1712",307.112352714015,97.7910766601562,1688390.6,963747.7,1206970,2466464.8,1005057,1339991.8,1704840.6,946245.2,1234170.4,2602445.5,1054396.3,1369573,1705069.3,1136097.3,1280004.2,2297739,1604940,1139727.2,1607394.9,991542.3,1174732.1,2495875.1,955579.6,1324197,1655989.5,1025530.3,1190791.2,2400784.6,1091482.6,1451766.6,1678732.2,1106825.2,1306489,2326604.5,1597200.1,1163153,1705325.3
"FT1713",307.11245932457,217.244483947754,1219307.7,734497.4,1199458.2,1010751.1,1184076.1,1457473.5,1221668.3,714219.2,1078006.8,1166240.9,1320811.5,1609622.6,1232260.6,941986.5,1541767.9,875663.5,2243059.2,1122494.4,1207393.7,675488.9,1117871.6,942871.2,1180903.4,1493070.2,1160728,724682.6,1044314.2,1129465.8,1326616,1675067.4,1166027.8,920145.9,1480746.2,891790.1,2232573.3,1161126.9,1209096.8
"FT1714",307.114937325801,542.880065917969,60204.93,65734.9,55076.45,41319.95,81251.98,54959.13,55968.09,69942.4,57392.27,39537.11,85576.29,42818.07,51646.63,53187.34,43512.47,42098.33,69104.08,52327.37,57051.19,44527.38,49955.39,54332.91,83764.27,51308.68,50732.47,43872.96,60173.24,26485.83,90903.49,48317.87,55147.33,54208.68,51223.31,47804.42,85034.37,59160.06,61764.22
"FT1716",307.264226398602,83.2960052490234,534097.3,193833.1,291237.6,843893.6,374502.9,401841.6,548300.1,195144.1,291204.1,976359.3,344814,426887.4,612477.4,232846.6,317429.1,855912.6,464829.8,380608.7,530015.9,229567.4,265603.1,887008.7,370513.9,399736.9,520922.7,180189.5,263092.6,932046.7,363527.9,439449.8,569394.8,221837.9,323156.9,853173.8,471572.3,394626.4,539648.2
"FT1717",307.939870491315,411.77848815918,43207.87,84837.08,73384.52,55460.04,11701.23,19087.79,23438.72,40310.51,71340.27,42225.2,30607.59,26713.42,52002.16,65551.81,68888.92,62305.86,34656.88,33522.58,59324.57,88906.11,84144.85,71006.48,34641.49,32272.49,43480.37,72128.45,78708.64,44221.59,38322.55,31093.85,56335.96,82426.46,71864.82,59304.61,17982.24,32194.77,48050.37
"FT1718",308.038075026341,253.607986450195,144283.99,81812.59,84320.68,181837.04,0,123127.22,146793.41,98001.52,87743.62,185633.36,0,130890.53,124054.4,96189.32,112175.09,160948.23,0,105911.5,132209.74,70809.32,83553.23,168654.95,0,99062.11,130882.22,93554.68,96701.84,169030.17,0,129191.67,157939.09,106486.78,106128.8,156050.66,0,109543.6,138982.65
"FT1719",308.048395685451,648.347534179688,160033.44,146609.89,128914.45,184275.55,129685.01,127825.81,136362.02,112654.14,112736.03,200994.8,114974.04,96110.66,103142.6,108080.11,127607.14,169019.01,135730.28,104536.36,118197.32,115031.09,104393.48,174040.41,105874.44,102314.15,114697.51,117210.94,102016.57,191249.9,112180.08,96209.3,96640.76,126821.22,90187.56,171216.74,125519.41,101357.35,103697.1
"FT1720",308.057709033535,581.828918457031,1207416.2,910289,1029509.4,992130.6,1181986.6,1235321.1,1159427.1,1051422.5,1025140,1128914.5,1219767.3,1152287.1,1106476.6,1026480.9,956705.4,1001913,1462607.8,1192787.3,1100106.3,895085.4,985647.2,977988.2,1183350.4,1178284.8,1058270.3,1006293.4,968314.7,1007528.2,1169067.9,1166645.4,1033988.6,1075667.2,955912.2,970476.5,1416932.5,1220385.6,1080322.7
"FT1721",308.072398162032,512.558166503906,13096196,13624210,12627480,10394476,15125211,12607166,12740941,13766654,13564748,10282282,15428676,12586978,12593414,13907189,12524175,10724120,13946758,12761828,12591564,13710787,13479407,10509738,14787196,12976259,12657730,14295402,13900516,11200378,15667173,13466101,12883068,14677649,12557350,10885916,15073549,13590786,13551376
"FT1723",308.098434262005,533.435852050781,46228.751,7618.593,7283.642,18015.599,243405.945,2123.686,29266.363,5913.091,5636.58,20136.723,238141.119,7957.196,44949.119,4881.047,2279.627,15951.675,192221.241,5359.87,38591.077,8341.929,6589.145,10135.857,203096.057,0,44788.483,0,1821.384,17859.536,223133.455,12280.032,41594.738,6888.754,0,5577.991,212571.343,2387.741,40940.352
"FT1724",308.099039076996,459.398651123047,1291927.2,752654.8,1121828.5,2013112.9,1431712,854814.6,1348087.1,838004.1,1165265.9,1853408.9,1180670,894427.9,1286283.3,747208.2,1142051.8,1828671.9,1348873.2,890658.7,1273328,704683.1,1091114.7,2037107.9,1353748.3,859630.4,1267660.8,775581.8,1154610.1,1818566.2,1260077,971268.4,1287061.2,773080.8,1107821.9,1861319.3,1361446.3,910208,1267333
"FT1729",308.937685338572,410.409790039062,89388.8,226749.34,162307.48,112726.53,65912.28,45870.73,87025.01,113272.65,148215.57,79923.93,67866.57,52545.67,88900.69,164456.72,161207.66,131313.15,50090.91,55109.18,91741.84,221469.67,170684.48,127964.02,67978.93,66089.12,94470.83,122323.96,163726.37,96440.28,59745.34,72622.64,105011.74,191361.71,174856.8,124858.3,59251.44,61934.25,105262.73
"FT1730",308.951479432875,441.181182861328,76224.6,23581.52,32253.09,77914.99,140176.48,39271.1,74572.98,30341.92,41365.38,65145.81,90041.42,46609.99,64146.91,30094.97,19102.28,58076.96,61333.91,27250.35,59967.62,24499.2,22661.1,60479.32,61191.42,35121.77,72787.36,23853.32,34757.37,46186.36,96547.91,31772.21,61951.91,16755.11,23107.97,58975.22,60251.25,32063.07,60688.79
"FT1731",308.978427779206,616.037078857422,663079.71,161701.93,206343.3,169243.6,2784830.56,373573.27,696863.8,111531.05,193365.95,162324.79,2843964.45,333907.23,660598.62,87239.93,167788.7,142264.83,3049030.1,353885.92,679422.64,155971.03,74034.12,197782.15,2670869.66,379746.88,687577.01,119061.22,205913.84,132367.13,2866981.41,362160.63,652681.35,162738.41,93941.06,155843.83,3138311.06,357260.64,658886.26
"FT1732",309.018248939418,442.564794677734,365176.1,241566.2,248935.3,327290.4,446463.2,292656.7,366296.2,186800.2,261586.2,315933.5,434427.2,266689.8,301467.2,188748.1,203230.7,304367.5,274071.2,258466.6,334526.8,215734.3,229044.2,297604,275501.2,246800.7,310944.1,192551,246827.2,302330.9,385535.5,283000,350165.1,211507.5,202229.6,315293.6,242172.4,265303.8,319030.6
"FT1736",309.034308078994,232.706268310547,90778.31,35314.1,25507.17,84156.79,83976.32,60554.46,79382.8,46609.03,23263.33,89615.49,80100.86,77837.28,72477.44,54191.75,51987.4,76966.76,126224.8,51079.78,73562.07,26382.76,26429.92,80945.8,82173.22,56501.4,67482.47,51447.43,10217.62,86588.26,79489.6,60666.16,57291.2,55343.53,52034.72,95141.92,111528.14,56304.79,65013.41
"FT1740",309.108336676867,216.564590454102,42467.65,10768.34,42639.22,26062.57,42810.42,44070.71,37209.74,26273.85,35279.45,34174.94,43846.62,59046.45,45886.56,26076.58,58288.35,15571.86,74842.28,29014.12,45341.5,19335.4,40992.4,20155.01,33484.16,43586.66,31211.63,16936.84,35617.32,38146.75,39919.78,58179.81,38077.36,21044.39,49955.98,25168.84,81842.44,38703.76,38081.92
"FT1743",309.280218588477,83.0687789916992,2053280.9,552944.4,561835.7,4079556.7,626421.1,1113718.7,1989708.6,623722.9,548450.7,4716398,673149.7,1232361.5,1909727.2,618999.5,713844.8,3970727.3,837623.1,1119721.4,1842406.4,488466.9,616230.4,4009412.1,616167.9,1104376,1876748.6,605551.6,597001.9,4611591,615820.3,1235439,1865402.2,619534.9,690168.7,3940718.5,837584.6,1091919.1,1880516.2
"FT1744",309.50677297676,617.513977050781,159118.11,205165.36,361016.73,33924.85,82283.44,98215.54,146611.67,202360.92,400445.14,32882.02,108950.99,108020.61,135563.42,176324.21,228645.4,59066.82,77870.96,138950.43,139524.4,203352.59,346163.27,28614.19,101535.35,101718.08,136856.27,208478.39,395277.14,46462.91,91942.72,116345.33,130595.79,163982.26,228871.11,34931.5,93667.43,136803.48,143295.25
"FT1747",310.077388166303,511.259384155273,139025.33,165257.83,134792.33,101729.99,168693.89,138613.74,137626.34,151693.36,150238.84,94554.9,158617.92,129291.24,134512.87,146512.75,91418.51,109271.5,162293.49,146533.85,111130.22,133761.12,146381.54,108010.49,163303.8,149607.22,139564.44,140887.3,148738.62,99909.2,150319.61,147829.92,131169.71,151052.7,161027.71,102311.47,176497.36,124184.06,157727.06
"FT1748",310.114613048506,476.072998046875,1458262.8,982325.8,2281591.1,318617.7,797667.1,2449673.6,1522957.4,1248625.7,1989195.3,325765.8,985824.7,2713767.7,1468007.3,1665752.2,3232108.6,254571.8,2528125.6,2114839.4,1456411.4,959052.8,2291398.3,300808.1,854104.1,2512641.8,1445642,1331063.7,2095364.3,315560.1,1064054.1,2974613.8,1491413.6,1731825.4,3402410.5,294697.1,2730110.6,2248413.7,1573903.8
"FT1749",310.12966540253,106.924003601074,136232.18,98488.57,122154.98,114680.66,119386.3,118690.72,137004.88,115174.93,129370.35,119261.83,122388.79,135977.88,124683.29,129494.19,117842.3,115714.49,128220.99,117798.95,123435.85,124195.84,121160.5,109353.3,137073.47,123793.92,131923.78,131744.53,112876.91,121634.85,109651.97,126997.06,137144.09,132049.88,123247.42,115633.92,130015.66,131174.42,135525.92
"FT1752",310.877722264033,974.710144042969,9236548,5414961,7688897,5835646,8800525,11590470,8755734,8894559,7926553,7674318,9445633,10459069,8905347,7627884,7356296,6087295,19064788,12117640,8451524,4786519,7187570,5664411,9191643,11047561,8515074,8322152,8130343,7744016,9474913,10643940,8846434,8171113,7134178,5690800,19868700,12427142,9114435
"FT1753",310.878036290709,1028.56005859375,1075642.6,895982.3,1003773.2,939909.6,973307.4,1145853.3,1048532.2,1025131.6,1061062.3,967577.2,817788.8,829986.6,800123.6,830913.8,871480,872545.8,969588.7,958120.8,891583.8,823654.4,840989.6,740984.2,916009.7,1001963.2,881887.7,825489.9,884664.3,791721.2,946495.4,968141.3,877454,986145.9,907010,829764.6,355655.7,490404.6,859465.7
"FT1754",310.934763513955,410.422454833984,70394.51,144034.89,122052.77,77388.85,38941.83,22303.16,62253.39,75716.91,104097.55,53394.55,41148.38,24368.46,60022.35,101316.05,102756.78,76239.91,28232.03,21413.62,57940.62,130946.19,111146.02,83631.19,46668.78,32121.61,47970.78,100767.27,93988.8,66245.63,46641.59,42567.15,74400.36,132090.65,122599.68,89919.22,24768.71,31623.44,73870.67
"FT1756",311.168823525224,82.0341873168945,52892721,25438877,30883419,17779601,17853353,26310359,52555817,66061050,23931641,20699344,23139430,28851355,51297019,42811689,48309943,19048032,37007092,62325933,50180200,23960892,29558310,17976198,18552690,26004638,60218210,65249169,24122707,19983112,23080013,28883919,51883004,43312564,48454860,20080409,36872348,62682410,50291183
"FT1757",311.169013855429,13.1572742462158,5877661,5808360,5708904,5621948,5608543,5610221,5826006,5721736,5743673,5768987,5729524,5685221,5599048,5676111,5706124,5638874,5605375,5631639,5594333,5409229,5613543,5418857,5568634,5533175,5697433,5583227,5577725,5686304,5616998,5667421,5455613,5512180,5627057,5332468,5463032,5378354,5685224
"FT1758",311.168882554743,156.47248840332,9261786,8505389,8490873,8127120,8138797,8235351,9429744,9384510,8427007,8464973,8395725,8419217,9338338,8916768,8935614,8126219,8312326,9153230,9154885,8513739,8395995,7839946,7849754,8191867,9265515,9436570,8351973,8098672,8059512,8315114,9042471,9005934,9271934,8101803,8224174,8926776,8906311
"FT1760",311.295793526932,83.0708999633789,3455357,1161704,1363292,1492748,1243206,1476439,3579731,1815931,1239580,1568485,1501891,1678834,3417855,1353435,1335108,1489637,1906329,1744039,3452720,1076970,1251633,1408450,1344710,1438912,3439617,1827099,1320056,1527106,1515961,1609310,3544376,1382024,1363400,1458721,1931033,1802745,3422264
"FT1762",312.011544105259,1313.44610595703,1473800.4,1025273.8,131045.8,1048069.4,1475575.8,942771.9,1006523.5,1004399.6,823626.4,965577.8,937175.3,838603.2,910225.1,716920.2,609517.4,688820,1174273.5,905744.3,1131255,1196861.9,1145683.4,111578,710772.7,847054.4,1074600.4,591140.1,113744.6,893220.5,365153.9,414139.6,1067684.4,1300903,612849,1273432,1103796.8,747721.9,949467.1
"FT1763",312.011529847986,1249.68383789062,817527.17,880893.32,892392.11,968986.58,802112.01,818821.66,889121.91,592725.21,1388389.69,592438.05,463627.14,634504.62,695999.18,834739.04,1200859.86,98050.69,917381.18,451027.38,632738.41,1068290.51,789778.83,544912.51,701103.37,690372,657366.92,748477.01,612037.11,993931.02,616680.45,635503.67,949745.41,746366.88,628450.32,785598.54,604757.66,583873.69,823934.94
"FT1764",312.011524476006,57.4272003173828,1312775.8,836027.2,1175353.3,1238254.2,1106565.2,1213935.9,1179192,1145776.6,1078354.7,807325.3,1026691.1,744351,1118844.7,1113204.9,1128400.2,1066541.1,900728.5,1161404.7,715928.7,980302.5,705555.6,1089549.7,1073745.3,1146538.8,1126968.4,1081205.6,618261.7,846544.4,1098750,862014.8,1104533.4,1104544.5,675340.3,1135557.8,1124848.3,1138233,1128328.4
"FT1767",312.011506388044,364.399334838867,562980.7,775108.6,699368.5,426544.3,644356.3,629407.6,541264.5,623113,697991.3,355497.2,640604,521134.6,488352.3,591032.3,614490.1,355604.1,465681.8,546089.4,514556.3,616571,651977.7,371495.5,594435.2,600693.6,485645.1,614164.1,682198.3,251543.5,551855.4,574731.3,486932.8,605570,628791.6,229984.2,351806,491801.3,474540.2
"FT1768",312.011542789675,457.926818847656,162645.8,343764.57,279080.31,179875.7,110072.65,230718.31,161486.61,409184.54,257083.78,203706.52,111739.53,195755.08,139193.01,266909.83,239102.51,147205.83,66164.8,221107.69,140300.85,295820.06,251822.32,143496.05,83255.49,167856.7,126434.05,358618.35,211245.95,161316.83,90373.18,207937.08,99449.49,240319.19,216201.8,122126.76,67517.29,200410.96,113691.65
"FT1769",312.046859851282,474.731567382812,157206.424,179742.236,164328.972,129280.179,14639.863,144981.964,177534.926,188177.217,186443.956,97215.781,16109.953,117371.266,126395.216,168015.749,159429.385,115362.198,7942.223,132811.229,145637.138,144719.102,163168.85,124928.649,2243.368,138519.448,130515.885,172189.897,163707.364,137425.502,6801.234,118273.494,138974.662,147814.983,143384.751,126757.461,12343.412,132843.008,142407.412
"FT1770",312.130283815628,474.727508544922,1203164.5,394980.6,398460,996164.9,1622297.5,602988.6,1249352.6,365683.6,479536.2,958438.3,1701341.8,563984.8,1149077,412334.1,317862.6,964730.1,1432873.6,595584.8,1216213.3,356033.1,382737.7,986714.4,1710874.6,547578.8,1162822.5,372541.2,511338.9,981357.4,1786954.6,593044.2,1189744.2,390764,320607.2,1026271.5,1497397.9,604958,1179027.7
"FT1774",312.875348760658,975.794006347656,562536.4,300896.9,455268.4,354031.8,519960.1,644262.1,508071.7,537002.9,479497.4,460785.3,533851.6,636136.6,529179.2,493881.6,414384.5,353547.2,1107952.1,726000.9,453019.1,291432.1,306368.4,354011.6,506877.9,633929.6,507708,521138.1,556394,424603.4,593816.7,498462.4,514997.2,472686.8,339610.7,220956.4,1238144.4,697954.6,418587.8
"FT1777",313.004471176997,367.237548828125,43176.2,44812.011,25236.781,30347.846,94174.467,29774.896,48449.246,39614.534,10898.533,51061.571,99924.449,28768.499,42144.418,39016.773,8041.525,33323.426,81792.877,37867.874,42496.135,31147.769,28032.636,46094.158,102176.818,41153.813,44171.276,36947.66,24207.358,44541.97,108665.087,37451.296,55339.398,48840.613,25733.226,36516.117,94776.555,37444.246,59979.666
"FT1778",313.044700095768,554.084777832031,187399.49,95059.24,70049.81,83684.83,597686.81,71021.73,198919.77,100065.59,66607.51,98619.77,611038.52,66983.31,174139.78,103319.96,67877.71,61495.9,908455.51,48941.5,182354.05,87765.17,59440.31,91009.88,561910.59,70709.43,168199.78,79185.68,61573.37,108039.3,589560.94,43596.3,157013.66,102719.94,46922.39,82853.76,857418.99,40075.01,173516.85
"FT1779",313.051240969599,488.108001708984,32818.528,47854.439,33706.406,3693.834,194296.996,61968.374,31768.867,27030.886,13774.844,1676.501,176786.895,61664.885,33651.981,40969.653,15750.536,0,141146.544,65074.861,22144.605,35230.336,22433.804,2599.643,171062.466,55846.731,13629.582,51534.053,32043.534,2580.114,163704.201,57284.161,25447.366,32411.412,17070.926,1603.961,125581.162,64923.886,26103.861
"FT1782",313.164777619948,82.9970092773438,2243367.2,1106899.1,1327707,772905,743889.8,1140434.6,2256490.9,2789339.1,998492.4,872461,1011679,1197074.8,2171112.3,1826285.1,2103470.4,792482.9,1524288,2652943.3,2182549.9,1023030.3,1268061.2,824596,794927.6,1123036.3,2612124.5,2810694.8,1053137.6,909628.1,966602.8,1217973.6,2149454.2,1804311.9,2020911.9,854589.8,1651297.7,2629588,2126873.8
"FT1786",313.974015595908,536.135986328125,120269.749,40808.293,3361.102,289424.464,0,8416.01,91012.102,11328.845,17179.377,229156.03,0,8376.922,77990.531,22529.323,12734.689,232336.554,0,20595.711,106680.953,30407.882,29998.411,258944.393,0,14679.679,96876.228,20789.147,12911.847,224418.456,0,9629.994,65891.344,18359.104,12046.628,240404.794,2572.984,10112.064,89780.921
"FT1787",313.984946973157,304.204986572266,59518.73,69717.12,48565.18,62618.45,37753.9,58922.36,64401.04,55909.25,43877.08,63340.63,37221.66,42889.52,55338.08,29486.98,43016.08,46345.74,33275.06,59054.65,52121.83,54473.2,35880.71,41524.31,34799.1,39467.45,41891.09,45656.44,45857.07,30765.85,25875.21,49761.74,49473.65,48511.31,30603.92,53005.96,14690.5,56728.52,51331.71
"FT1789",314.89596504307,646.910278320312,600855.3,389340.6,415885.2,568062.6,585918.9,575862.9,571754.2,483313.2,424616.6,702995.3,563326.1,170095.8,267446.7,251795.4,434021.1,580273.4,750745.5,566095.8,501914.1,348436.9,368186.8,542019.5,542857.7,520560,484286.4,422665.4,348948.6,615558.3,546408.6,509572.4,470914,431453.3,376512.4,527813.8,683899.8,490920.9,451894
"FT1791",314.905565179214,586.117004394531,7332689,5327203,6156087,7209668,8040686,7073037,6958216,6093624,5937563,8048253,7879007,6444866,6442738,5726618,5916778,7146049,9138939,6705983,6743980,5176852,5981876,6895937,7549412,6703678,6482058,5853658,5534277,7485624,7665164,6636030,6568245,6023440,6085059,6962848,9085641,6827859,6728192
"FT1792",314.905695988755,681.192321777344,3033599,1259618,1589334,2597121,1952365,2522332,1854475,1690923,1609072,2348191,2569512,2425792,2089730,1586131,1479702,1909676,2696905,2037256,1815024,1207144,1349877,1437530,1574446,1937524,1815227,1562655,1422259,1763837,2338851,2027906,1854745,1592330,1475389,1536796,3820298,2303611,1826803
"FT1794",314.918577563345,963.791625976562,1166080.2,717000.1,987469.6,781119.9,1227908.5,1531833.7,1164053.3,1219659,996287,1013239,1318022,1396177.6,1148472.7,1033799.3,866827.8,833213.4,2082939.8,1476680.5,1185070.1,702725.8,972444.5,785468.9,1226316.7,1463826.8,1218550.7,1132101.2,984971.7,1020875.5,1181153.8,1322843.9,1193589.6,1025197.7,940838.5,788141,2096805,1610724.9,1162573.6
"FT1795",315.002435379005,367.226379394531,41133.88,30166.89,20708.21,37640.19,96952.72,47732.47,39311.52,39348.18,23741.71,42439.9,101923.16,45365.69,48575.4,44458.67,22706.25,32868.08,92379.45,28770.45,42758.55,33544.73,25005.37,41349.61,99991.21,39652.43,55497.95,49286.3,23148.26,52306.81,104110.99,39165.02,51008.43,43712.98,23482.24,31351.12,99100.51,41789.47,53830.59
"FT1796",315.023528810744,174.112106323242,186841.19,184979.94,196987.51,76349.17,215031.13,143165.78,166980.15,171673.08,209533.67,61897.11,245385.31,145145.44,144015.19,153585.88,185375.08,74929.31,122799.86,178282.33,136827.91,196429.79,196190.78,72064.64,210483.12,152539.1,160667.07,127004.24,226770.29,55442.16,230034.53,133496.23,128919.75,149688.78,178903.31,42268.34,132024.93,176858.78,151967.43
"FT1797",315.033387106448,846.781311035156,134969.7,83469.99,149013.15,163479.53,165230.27,96810.58,139303.85,103956.53,138771.01,164405.54,201527.59,181664.13,238795.71,171766.54,168844.93,185555.35,176490.78,119956.61,153032.85,93497.47,136978.23,168307.57,151509.76,106477.38,146992.49,100216.91,114391.5,138526.22,139826.84,108938.12,118722.55,92249.43,106838.69,132060.87,139893.33,88051.61,114292.5
"FT1799",315.045603815209,846.775390625,650129.6,452170.7,608743.2,687045,685943.3,495565.4,644303.2,484810.9,569709.4,697183.2,587099.2,320073.1,427309.8,390253,525773.2,606525.4,671504.9,436868.6,548413.4,356169.4,468675.6,579860.1,581562.7,434324.7,519467.6,420468.2,496085.4,622082.9,615411.1,446890.3,551576,460484,508033.8,632482.4,664700.6,431597,505486.1
"FT1800",315.049913306197,277.530578613281,49647.17,28463.26,58359.54,32236.65,23704.9,40340.78,21967.6,35548.35,52198.21,38886.79,20364.13,25305.36,39167.49,38584.19,47153.01,47687.6,31475.73,33249.11,44209.29,45747.53,58427.7,38992.22,27020.57,38324.69,43681.38,52482.53,63448.68,50619.03,20646.48,32456.08,35506.52,43661.27,50074.44,41775.77,20898.29,19847.58,46288.92
"FT1801",315.081148031368,520.209350585938,4443019,3918577,4084579,4521186,5586895,3666583,4207463,3686047,3812772,4556323,5239391,3372254,3984273,3628675,4000120,4570867,5030848,3418734,4219102,3713100,3913767,4281728,4912938,3514193,4139443,3653445,3616533,4557256,5194378,3511675,3988442,3597016,3661655,4421657,5202468,3515382,4152159
"FT1803",315.096387144265,533.424255371094,381494.77,681689.88,823526.86,36114.69,141644.79,606618.96,400496.99,669244.04,974422.16,32528.62,158021.9,649489.8,387418.42,603760.35,682085.32,55910.93,122862.83,670138.03,385161.12,644573.33,793754.05,57574.54,141643.69,641920.68,423292.42,706009.69,993378.5,63888.07,179310.77,776278.76,438536.09,743010.03,852196.23,82424.26,151371.97,783139.59,492037.39
"FT1804",315.096618233983,257.743988037109,73064.71,148473.05,141238.6,32216.77,103249.61,82436.1,78672.16,118437.32,146924.71,44089.83,94592.52,76373.81,83275.59,112692.16,99936.7,34396.45,84689.77,78146.77,75078.23,127287.94,137515.39,49911.45,94492.98,66263.02,70578.57,95804.69,136972.59,28224.19,79484.89,63497.83,71919.89,115118.79,100198.74,36644.5,80877.27,69528.81,72230.66
"FT1805",315.099099393375,186.559219360352,579483.9,498085.2,513576.5,500985.5,571789.1,499194,560123.1,516189.1,541203,546749.6,571122.2,527052.6,558706.9,516675.4,500926.9,530150,606576.9,490566.5,499824.4,468656.4,511486.7,500831.5,589870.9,510437.4,513333.4,532622.6,564450.2,532421.8,582396.8,524261.2,542224.6,532874.9,488193.6,529939.2,617004.9,509046.9,544264.4
"FT1806",315.100420503835,94.0202178955078,287218.92,98070.59,115348.16,142274.7,360265.94,205031.58,336454.78,133338.48,246585.76,250454.55,406992.73,145498.39,282513.77,179716,235816.55,191910.41,1079447.52,210771.37,291303.32,93136.45,110231.45,158590.83,346209.43,173262.9,288725.18,122569.08,259974.16,230763.51,400048.96,164148.03,301001.38,171039.69,247119.21,200560.23,1067627.6,208015.63,279821.74
"FT1807",315.136749831095,83.0753440856934,196645.5,400544.8,327894.2,354542.3,289242.4,328083.5,221121.8,348055.2,284029,408579.4,266581.4,431743.3,207528.6,390203.8,526108,317950.7,348992.1,364296.5,227166.9,368362.7,352280.6,403374.5,373231.6,375250.1,262891.8,405339.7,298761.6,414756.9,256440.2,417786.9,317631.3,428846.9,552014.3,349992.9,415046.7,330717.8,265234.9
"FT1808",315.290273479394,89.0947418212891,157193.41,74667.304,20395.569,560631.615,0,114390.235,241680.84,60100.603,34484.107,587772.124,0,125254.635,178674.483,71939.419,39362.337,505771.123,3470.432,135222.734,193472.235,55477.912,33266.737,518565.911,0,81878.08,179266.731,56147.818,4269.901,570625.052,0,105565.922,170987.832,86077.56,17932.422,475259.487,2209.675,116233.453,181705.685
"FT1810",315.902133702467,963.915557861328,283661.18,132167.59,167642.01,128956.68,335560.76,459120.81,310771.38,303153.8,181768.24,254140.91,361258.6,354366.69,275329.71,204913.45,174825.29,160774.53,990589.33,497413.43,307200.75,69150.67,204437.68,147722.21,368931,465099.36,252144.75,281971.21,173451.33,220844.15,309053.67,431351.78,238604.87,260876.41,186231.54,165076.46,860479.76,574315.27,283129.48
"FT1811",316.037272687927,246.027153015137,59275.344,2153.934,1835.44,61207.529,0,37780.529,53314.025,19084.842,0,80978.605,0,45884.141,53659.685,25926.251,12655.902,66735.051,0,37137.779,49753.077,2164.738,2559.506,54644.45,0,37415.516,44996.431,12293.395,0,65016.722,0,36760.175,40682.422,17272.955,6112.125,66290.913,0,21806.343,40353.011
"FT1814",316.102323337766,186.559219360352,76666,77037.12,79917.41,74068,80655.59,70406.62,82568.97,71828.17,73464.2,66502.68,74727.09,67754.59,69563.55,86242.8,71670,84151.5,98347.28,72878.95,84442.3,55097.65,80245.64,64802.93,88711.71,60650.82,88251.53,73710.51,82330.05,67462.2,97872.74,75465.33,72070.49,70561.34,74771.26,85255.98,84169.75,81622.39,84634.18
"FT1815",316.116586575474,481.425994873047,77818.64,24138.859,84784.039,58847.717,0,67711.376,66406.13,39610.686,61675.11,47454.205,0,54086.402,62662.843,32668.571,105028.457,51340.927,2215.387,48130.522,43162.746,38450.581,86350.439,28400.875,0,53207.278,55557.7,27843.367,60241.543,42040.159,2067.554,53213.097,53911.294,30236.949,103878.585,41211.734,4434.146,39227.402,64734.368
"FT1816",316.868911854794,583.199279785156,153385.28,42422.17,83797.7,130537.56,172401.75,119595.62,147879.01,119030.92,116942.97,196092.65,174001.95,142724.03,136364.79,106845.38,123260.03,158846.75,287350.28,165121.84,165983.81,71660.28,132358.07,174887.61,185090.13,222398.15,170975.27,157409.33,149871.07,256152.42,233840.78,245266.53,165567.96,144353.6,182445.76,190724.52,419723.2,276591.46,228961.94
"FT1819",317.079010979381,274.735961914062,728256.8,737869.7,812230,612276.2,671700.6,761444.9,681324.2,713688.4,804763.2,596576.7,680220.6,641331.4,635998,655012.2,743041,561380,716043.2,681899.5,637686.9,701114.5,773675.3,553017.2,593348.1,646627.5,638092.7,664683.9,753893.3,554631.9,633913.7,661951.9,627517.3,673976.5,680132.2,519217,702030.1,618360.9,616129.2
"FT1820",317.099036213804,616.000610351562,56857.64,102913.12,88872.51,57846.27,29636.14,30342.01,69156.89,103042.74,80955.03,70542.82,29808.46,35193.07,65368.83,102322.16,78959.25,59060.39,25391.53,44542.72,60162.98,99018.8,86997.68,76300.59,31424.68,38512.13,55669.06,93483.7,98241.25,62929.47,34715.22,45179.51,37809.97,105809.38,82724.57,60581.25,29960.49,38511.4,61144.71
"FT1821",317.110320460373,558.254760742188,70787.43,59307.11,75934.47,57713.08,80312.73,63987.99,69191.98,58722.91,66341.45,51011.79,86628.81,66850.2,66085.83,63740.37,51939.33,42624.77,67215.04,63317.47,70337.96,70698.94,56598.5,58248.99,85768.7,58593.37,58572.91,61482.09,63195.73,36556.63,80948.64,70925.92,65533.93,63642.4,65503.83,57282.84,65699.63,69824.32,71396.7
"FT1822",317.114534348098,172.744003295898,424537,339765.8,368721.5,381981.4,427284.8,361519.6,433522.5,352984.8,352586.9,426823.5,425585.3,368984.5,419643.9,375171.3,357183.8,388915.5,452611.6,354271.2,387099.2,322892,357828.2,363353.5,392007.1,369032.4,374335.7,366357.4,390072.3,418098.9,421393.8,368006.3,387975.1,389797.3,356126.2,390708.4,452080.8,358886.7,406399.9
"FT1823",318.003309683788,486.76594543457,195196.24,217920.4,158362.46,116376.95,32080.85,194100.45,187322.52,205752.22,153836.68,112405.35,29758.71,192388.28,176346.07,193935.36,158809.44,109547.55,18673.66,172659.9,178414.28,208397.33,159283.58,109079.68,40894.79,186848.35,172979.88,191185.01,168580.13,119667.14,22782.91,170785.51,199303.73,197049.5,151199.26,73774.22,8833.25,190297.54,185576.31
"FT1825",318.094506632487,631.334259033203,286306,265290.8,288215.2,209391.1,303835.6,290192.4,260601.9,254528.6,300560.9,201352.8,328041.9,318063.9,274404.4,271710.8,263693.1,214006,285105.4,296281.5,264781.3,264004.5,273373.2,229491.7,331649.2,288100.3,262706.6,260942.2,312302.4,213135.7,332338.7,313033.2,255102.4,278639.1,265233.2,200941.8,271817.1,288679.1,273979.1
"FT1826",318.095981174081,481.435302734375,35563736.5,28619695.3,41363942.2,66283479.3,744570.6,16910000.8,36255731.4,22897426.3,36602891,63469593.8,719105.2,13348629,33840030.1,21696580.7,32287047.4,64425040.8,690548.2,13807985,33281736.5,26366192.9,40219764.5,64662943.8,707801.4,16771112.9,32597974.3,21870011.6,36707219.5,61742263.7,707587.7,13618203.1,33797636.5,21355210.5,31282779.7,63436845,691415.6,13775587.3,34761336.2
"FT1827",318.996685560098,335.017578125,51552.28,29245.79,36920.23,27193.85,51431.91,51596.08,59717.37,30923.47,52756.19,24491.05,55883.57,46643.06,56067.26,47718.7,58037.56,13677.09,157800.31,76555.67,45921.58,23905.14,35849.34,28204.1,58612.07,43895.09,57499.73,31933.3,41260.24,25430.2,55610.92,46965.27,40868,52221.99,61727.53,18490.81,160159.85,74895.16,56530.13
"FT1828",319.043710446338,603.187072753906,880104.6,614777.9,754042.4,1524472.7,400387,521172.5,886447.5,629477.9,791273.9,1654252.6,418381.1,559782.7,906665.7,631525.5,706692.3,1583443.3,354336.3,534714,823603.1,605895.1,753353.5,1528070.1,389723.3,546900.9,838408.9,600943.4,751786,1577476.2,398779.2,554704.4,830929.7,617996.8,698736.4,1531222.5,370567.6,524192.4,885764.7
"FT1834",320.062568918151,741.068725585938,23068334,25092849,21421125,17850133,16997468,19619120,22000822,27092721,26165606,20940124,18240803,20282859,20105939,25418420,22204778,19581951,17723321,20837261,21008986,24449333,23307623,19286045,17334870,19298316,21084337,26833265,26529300,20515635,17367485,22557146,22052314,27167380,22311665,18317699,18067141,21464531,21535102
"FT1836",320.084962545931,281.029626220703,70192.465,0,0,0,398775.284,19862.755,66587.386,0,0,0,384280.994,22684.18,73999.085,0,0,0,523659.105,7565.222,73086.646,0,0,0,372454.72,17432.222,71940.5,0,0,0,390253.39,22349.293,51198.756,0,0,0,494792.566,4880.694,79486.749
"FT1837",320.092296031723,451.008178710938,132024.87,142338.35,169798.37,86520.14,158878.73,110110.81,143058.8,143765.42,176114.92,71906.81,165763.07,136453.21,131464.52,143892.49,148881.46,75275.34,141650.26,141608.19,132753.21,143454.55,168578.84,76427.03,166833.62,113897.16,133886.84,143534.38,166359.52,77977.02,160912.64,133288.44,129128.84,137253.58,135889.53,71320.44,137422.04,139139.16,136213.78
"FT1839",320.843575339216,987.479797363281,1710776,1307416,1703070,1490404,1707527,1823431,1801261,1718600,1841290,1736479,1792100,1813195,1782436,1625236,1634463,1473484,2429432,1861877,1632857,1316373,1670222,1446402,1703067,1822045,1739721,1721509,1866971,1741414,1826561,1858272,1740942,1688264,1629791,1507961,2316482,1980938,1831283
"FT1843",321.04956831968,459.401672363281,2172161.5,1181283.9,1203868.9,3246658.7,677193.1,2167572.4,2223489.7,1536487.1,1116690.1,4320693.3,594443.8,2466861.9,2005835.9,1785767,1692563.9,3413149.2,1207695.3,1745133.5,2108010.5,1153182.8,1180755.9,3132993.8,638844,2087083.8,2086308,1421012.5,1067421.1,4236015.5,600774.7,2519485.6,2124004,1801515,1638155.1,3506264.3,1203157.7,1751972.3,2071413.2
"FT1845",321.087380390458,521.484008789062,707290.7,765782.8,669337.7,614753.2,761453.5,638769.6,659795.5,661408.7,628941.1,536638.4,716087.8,649214.3,610843.3,620449.2,513037.1,513532.1,611976,542984.6,554886.8,540283.8,524546.6,468223.5,572129.4,541767.6,533807.7,511533.5,548692,464015.7,587388,503217.5,479179.5,485949,473819.9,410650.8,553097.1,444731.8,486055.2
"FT1847",321.984505728986,536.107177734375,271789.023,573382.267,653206.653,8056.029,336646.272,451254.717,249575.214,525402.815,677723.245,0,305415.47,303813.553,236703.659,364100.758,380615.447,2801.222,191290.717,338297.423,170943.189,340020.414,436159.219,0,248202.286,344157.995,202802.454,434428.911,567932.748,5405.149,323178.143,395443.311,236493.697,432431.957,471436.034,0,53847.176,205520.834,96721.856
"FT1848",322.04460124297,576.404357910156,2690954,1606098,1364235,3915421,1489681,1887371,2524248,1919900,1339780,4846111,1510823,2362149,2580743,2076919,1642415,4289634,2123762,1843903,2462285,1630624,1354643,3933206,1524187,1984585,2394955,1960241,1308125,4677304,1439903,2406552,2456107,2154305,1686156,4173821,2056706,1785173,2545900
"FT1851",322.092408086445,249.390899658203,299946.5,128391.6,103773.8,301289.2,0,218553.7,299971,208213.2,105255.8,280403.4,0,265174.9,315518.9,227136.6,181256.1,285159.7,0,208303.5,297595.7,136657.3,102591.7,314684.7,0,225886.6,269521.3,203425.7,120605.7,308057.1,0,285707.5,312456.9,255900.2,203896.9,298830.2,0,219995.5,323527.5
"FT1853",322.841478205292,987.47998046875,371568.2,269534.1,336598.9,294097,343524.2,398166.6,353154.6,366226.9,378476,336583.6,365559.2,370305.9,359039.8,327386.5,323557.5,317392,487611.9,374571.8,354864.9,234081.8,353701,296358.1,332123.7,353273.5,349003,343900.8,390697.1,366110.4,374945.7,402127.3,352108.7,348879.6,330055.1,305155.2,453203.2,395164.8,385790
"FT1855",323.012712992742,443.981597900391,104644.45,105326.76,108913.63,94865.07,77298.59,128982.01,142928.39,112441.02,134269.48,100092.42,92878.19,120907.61,125921.37,108992.03,115280.7,123499.42,77588.38,141739.56,139690.7,134718.44,126645.12,82876.08,85160.1,126583.97,108440.47,100716.18,133606.65,122809.96,83304.05,140908.1,114272.62,116209.33,120834.08,93510.09,68340.38,150053.98,116626.83
"FT1856",323.023819627788,273.358062744141,318052.4,305976.3,338618.2,258659.6,204273.5,297669.5,312885.5,294573.1,356923.7,286340.1,221839.4,280788.9,285402.3,280929,316975,250202.6,249831.9,301472.4,293042.9,272657.7,330627.9,253195.5,204674.9,285703.7,289826.3,306970,327127.8,245327.7,230607,287729.3,282363.9,274312,303155,247473.7,243632.8,289273.1,312675.9
"FT1857",323.02873654071,549.890075683594,26399338,20286637,16638443,25170941,16425502,29327977,26078704,23139105,15777068,31809559,17508758,35848633,25155037,26363244,21312689,25905695,31237503,27901435,23935336,18223973,15244662,25383684,15657324,28450242,23848778,20547884,14242119,32329967,17024390,33775214,23301766,25228624,20069198,26123366,31062454,24627623,24175744
"FT1858",323.041593610928,333.629745483398,45653.76,49266.63,45321.94,20182.28,38693.65,52213.87,58096.21,76673.14,67935.45,18029.06,35093.46,39035.14,48606.52,67490.13,63456.25,27404.65,30263.4,60268.57,57472.89,55103.27,52264.91,27577.53,26961.9,54776.16,47281.89,72624.27,71516.09,18297.31,40956.82,50762.12,44111.7,70102.3,47515.28,27653.23,32229.57,53320.3,57755.22
"FT1859",323.048149735658,577.675354003906,195577.91,120577.23,98192.1,340531.93,97370.78,176842.06,199445.35,146325.72,94616.53,432391.92,133714.87,200557.73,220551.64,163428.83,130058.69,379333.94,159553.83,139021.85,191321.97,139273.61,101811.39,359472.54,120860.53,160267.73,187073.34,163729.52,91295.46,387576.3,103523.42,195762.97,204986.01,188912.86,125865.05,344295.13,160165.95,149040.13,201726.88
"FT1861",323.091965844476,414.613006591797,44227.408,85110.001,41765.374,63535.585,26868.725,31707.736,31678.186,55022.47,49900.247,58763.522,18945.461,31687.879,37318.493,73487.306,47896.883,59378.022,9584.357,19273.153,43575.268,79507.06,36587.079,76703.367,32532.785,17222.739,45884.418,72057.644,46000.016,51885.513,28560.433,26926.695,33838.641,72002.547,44900.192,67160.439,17742.643,11011.372,25966.039
"FT1862",323.114075118085,90.4853248596191,117668.8,284098.9,310779.6,231404,263882.6,269632.9,115468.5,286341.4,258856.3,136322.6,268082.9,316344.4,143978.3,322657.8,278301.5,196642,282901.5,229172.5,126465.4,283680.8,267963.9,210435.3,265737.9,240068.4,123834.6,252700.6,226275.4,112263.7,292214.8,353381.1,136294.3,283713.1,241685.3,157248.5,243690.8,254097.8,107609.7
"FT1866",324.046767176956,476.072998046875,276120.03,320692.52,286756.99,196736.71,25582.11,253589.3,271405.87,302401.8,301908.68,208469.52,20277.97,204404.05,237778.82,268803.8,279844.34,213501.1,18052.25,242066.12,233290.69,253289.8,273522.99,196711.59,33657.88,222953.52,215728.33,289641.26,284249.23,210121.61,17621.38,214220.08,242962.29,286591.42,272152.36,211847.34,24376.21,213838.78,238407.4
"FT1867",324.075054199192,248.027908325195,306801.7,210940.4,168705.8,245308.9,0,300764.1,315873,248851.3,161248.4,246970.7,0,297676.9,287282.8,223615.8,212682.6,225491.1,0,269054.3,253960.9,171853.7,156984.5,231442.3,0,285274.1,248139,234213.9,151522.1,233708.3,0,274082,279954.7,218390.8,210483.4,217407.3,0,250441.4,256719.7
"FT1868",324.291232738628,89.0952339172363,60026.12,141827.66,207956.9,44865.38,209742.21,164082.07,67519.35,172467.92,207860.2,45021.99,195040.25,191037.66,70877.8,153226.21,178098.63,46904.03,203560.94,166311.09,83094.57,128564.16,186295.44,43581.8,236605.95,189332.42,53844.39,140150.28,201132.34,56658.91,184911.91,197024.11,75658.49,162089.75,172991.15,43180.68,200676.09,189044.2,82860.69
"FT1872",325.184590517654,13.1353998184204,4156051,4135830,3998042,4024390,4001142,4029723,4106632,3964223,4118641,4107940,4071275,4080353,3977020,4110866,4100488,4059798,4058310,4143789,4085666,4144772,4188070,4121222,4125785,4090806,4189662,4206904,4151247,4236253,4201653,4248955,4200271,4190401,4191605,4161098,4203213,4216683,4243124
"FT1875",325.990479332266,507.307189941406,492380.3,487034.9,460257.6,381063.8,386520.7,403506.3,387885.3,361188.2,419478,336620.9,326814.3,365338.6,363788.9,337196.1,380663.2,342050.6,303000.9,397501.1,347755.9,392757.8,415798.1,337257.2,326340.2,366442.6,383668,366152.6,427558.7,336562.2,316474.4,383690.9,354568.1,366524.6,396059.4,352060.1,327311.3,414033.7,363943.6
"FT1876",326.026061645445,543.5087890625,564998.86,425928.18,403057.01,421623.16,135897.69,322693.32,561095.41,345103.9,326559.63,297437.33,133666.87,257875.85,437808.23,250768.22,274739.64,279520.01,147150.47,200151.07,358616.56,235970.46,213217.12,257394.95,84666.84,189302.68,364210.33,220039.33,206579.01,165982.14,112561.24,208846.46,347293.12,277413.77,292578.69,182711.01,148603.01,191770.07,334726.97
"FT1878",326.187988081818,156.473007202148,1284997.9,1117535.9,1130770.3,1095050.8,1133716,967624.7,1275122,1284317.3,1167539,1128699.1,1149676.4,1118586.6,1315416,1229925.1,1257816.6,1104924.5,1227179.1,1285394.1,1271391.7,1006020.1,1208494.6,1129212.7,921649.1,1165453.6,1327889.4,1339045.4,1249482.1,1153592.2,1170930,1206957.2,1254785.3,1254908.5,620587.6,1183186.1,1182859.2,1323907.8,1277714.8
"FT1880",326.851589613073,980.121032714844,3873429,2258537,3201911,2530861,3824670,4935322,3916989,3860628,3630936,3358412,4289430,4744789,3943583,3353938,3233778,2665093,9362081,5538138,3897327,2222731,3448371,2671425,4257423,5083754,4108495,3952812,4055795,3775646,4540068,5250855,4274679,3976540,3466401,2863308,10356552,6188252,4665751
"FT1881",326.984196836072,333.621704101562,87533.67,60284.64,119184.43,38880.88,144231.53,103880.3,81175.1,58314.69,112254.52,28015.31,145077.15,89031.32,80522.51,70700.32,90892.16,24479.49,308063.05,127470.02,84388.53,54560.29,98066.4,44915.55,124569.26,96247.85,83519.1,51384.82,89958.4,29103.03,149151.62,94615.2,79443.46,64672.71,110340.86,17122.67,313172.13,120593.5,70710.05
"FT1882",326.988844782674,575.015991210938,218099.75,89471.38,92974.15,274338.4,442642.85,110010.96,205640.32,60542.99,105877.12,285277.51,470933.5,129262.44,225405.22,84465.9,124797.34,307860.74,453190.71,90759.55,191838.38,87452.19,119786.05,278775.38,456716.42,111761.55,208414.04,76761.96,98577.52,284655.48,468860.76,123632.08,195199.53,46056.29,128630.76,294388.7,454000.96,153544.67,218359.34
"FT1883",327.023974120988,234.115997314453,305287.1,150296.3,127584.6,339223.6,238166.5,266075.2,301641.3,172638.4,123566.3,378551.3,235354.9,273700.6,297117.7,226452.7,178854.2,350360,316909.3,226360.5,297935,128997.1,138493.8,344867.6,265788.2,269815.4,288834.7,174540.7,131874,394935,237615,249393.1,286334,208087.3,200771.8,381298.9,330534.7,244053.3,284560.8
"FT1884",327.031893610211,814.281707763672,64918.9,35666.25,51518.63,72415.21,65199.84,40587.03,54667.86,41397.04,45473.61,61829.85,60822.41,24761.1,26624.97,14779.14,36464.62,65373,51324.56,26373.61,52840.42,18564.5,43847.59,63050.77,51051.77,33333.89,49200.99,31473.84,41592.95,66092.17,60161.71,37738.26,44913.35,33850.67,50139.58,52502.26,52127.16,27849.03,44864.93
"FT1885",327.180335933703,81.8731842041016,1681791.3,789520.4,995155.2,562825.2,564122.3,852255.7,1664815.4,2216095.2,797400.9,690075.1,763713.3,950033,1708310.6,1348728.9,1554903.2,626593.1,1308393.5,1976345.7,1636988,762355.5,956329.4,613601.7,604375.3,814910.7,1950079.6,2110613.8,792521.1,652468.5,763120.7,953103.5,1761102.6,1371116.7,1581970.4,685833.1,1248046.2,2059162.2,1548528.7
"FT1887",327.232904684153,83.0720291137695,653991.9,384942.9,557656.2,313504,1234573.3,524735.7,650133.5,399515.2,484075.7,327879.4,1174305.8,587447.1,575260.7,465244.3,657272.2,296589.6,1590942.3,519444.3,622348.7,388444.8,533356.8,335918.2,1265510.1,523525.1,619769,390691.4,528659.4,314540.4,1165722.1,573446.4,666582.1,436151.2,697462.6,328757,1525077.3,475156.8,611861.3
"FT1888",328.045956968923,245.259429931641,133153.59,165154.97,160881.36,90305.04,126880.86,214692.08,145983.32,150951.32,180301.62,76982.18,140761.39,204440.92,123912.36,136204.21,128560.17,77961.77,63759.29,215415.78,120821.38,147716.37,170410.65,80004.44,142837.71,193036.41,100950.06,126036.1,167747.66,78288.85,122962.01,204652.06,116983.27,147138.29,130235.75,75441.97,57246.99,219709.77,109221.67
"FT1889",328.058475949808,512.583618164062,4198676,4351720,4029104,3674062,5968232,4101501,4119940,4089012,4092119,3560089,5780048,3729803,3788587,3877121,3952014,3690472,4839146,3941940,3862603,4085897,3914140,3476435,5091816,3898473,4011578,4134555,3884453,3656491,5401433,3928416,3921793,4067258,3776501,3580564,5136721,4155824,4092087
"FT1892",328.116611050271,480.132415771484,108738.617,47986.559,165322.683,3516.093,5694.8,136860.277,115819.166,49666.239,118986.782,8139.954,5460.791,124844.959,109686.244,77615.964,232140.401,3101.972,25425.918,86651.365,101239.59,47415.499,159510.23,10157.388,2968.881,132147.339,86663.648,49902.84,127892.809,13617.649,0,129095.047,65662.202,71830.407,234273.731,1760.827,19514.883,90925.739,111252.797
"FT1893",328.168689763135,402.018966674805,161097,170575.3,172993,138805.3,163320.6,146058.2,148602.1,158030.1,166103.4,146194.4,162343.1,136411.1,146169.9,167134.4,164668,126960.9,134580.5,164500.9,163616.4,153607.9,179248.7,137443.8,156078.6,163938.9,165413,162339.3,167949.9,118103.9,172860.1,145340.9,167662.8,176385.1,173708,140264.7,136698.4,158805.8,166455.7
"FT1896",328.804273217334,994.813537597656,110111.74,93431.93,103688.72,110893.6,98514.56,93445.32,104560.87,100326.04,116796.41,95620.65,99084.13,96209.13,121281.87,97814.86,108253.27,104119.36,102924.29,97951.38,102077.41,97273.91,104332.71,97629.77,93501.98,86282.82,104382.69,98547.17,114992.05,118494.33,97294.31,90792.14,94164.56,87771.13,81573.89,101112.67,83746.29,86649.33,105991.68
"FT1897",328.849386511083,980.183349609375,496913.3,278004.9,411195.8,320795.2,484528,685057.1,487227.1,465709.3,497598.2,445957.6,541312,605991.8,486047.7,469275.5,446079.8,330849,1205945.9,730244.2,486915.4,289676.4,434667.2,344215.3,541655.8,639623.2,534947.3,493599.3,542401.5,472176.9,600675.4,715892.2,570992.5,514246.9,466782.3,354769.3,1332265.8,879736.1,589927.9
"FT1898",328.879369785261,964.256612792969,582983.8,366032.5,420340.2,494239.3,479287,580311.3,529491,563645.7,538301.1,728210.3,621901.3,685748.8,686604.6,689170.7,484589.8,727109.8,635947.2,683953.5,823404.9,773048.3,621727.6,645946.8,932407.1,1043913.7,985111.7,777728.4,768346.6,995414.3,969518,1030704.2,971001.7,739138.1,1036741.3,1040091.2,876882.1,950467.6,1181611.6
"FT1899",328.88826795648,975.794006347656,375420.5,239270,303141.7,255567,339624.7,466336.5,350562.1,356713.4,357829.2,302997,385149,419889.1,348055.4,304253,310623.3,262386.4,761402.9,404650,335648.3,254588.5,301674.2,269462.8,315538.2,400435.9,333886.2,320451.1,313381.2,322399.2,341117.7,410369.5,331619,317743.4,283720.9,269754.1,706690.6,444175.5,354513.4
"FT1900",328.937275285525,556.101684570312,95294.6,10865.22,26401.75,123208.98,156202.57,25847.44,76844.04,19643.88,19399.54,120990.38,165855.84,33603.6,59449.56,13967.12,26347.3,125085.33,150712.2,31633.52,52389.88,10200.07,22420.28,105097.33,139647.92,26734.14,43221.44,14068.01,14309.24,98376.19,142206.72,28748.47,70985.12,16650.33,25991.5,122298.13,153895.12,30946.67,63186.45
"FT1901",329.020724143183,232.753509521484,107835.56,52888.31,46680.03,120551.43,77803.73,63438.06,77963.4,62930.24,28771.99,145904.29,66159.45,90068.68,96444,66955.12,62765.71,127427.85,96015.69,66315.39,81356.62,38143.06,48347,105665.65,88248.15,86297.16,74047.36,68861.47,41617.64,126356.85,76701.45,70339.8,90686.78,75124.58,61739.46,122555.99,109938.78,71601.08,88434.1
"FT1904",329.112003728727,524.073987304688,755419.1,732939.5,952789.5,502673.6,169395.2,741926,704162.2,724458.9,911181.2,550181.4,201802.2,773757.9,643432.6,743961.7,849543.7,573654.9,205791.2,701016,641771.9,633941.2,819189.8,459972.6,116090.1,671153.4,631436.1,654065.2,853672.5,521823,131568.1,752152.6,547256.5,721804.6,738713.5,455946,195094.9,636228,582295.1
"FT1905",329.138973124444,472.019012451172,92596.98,152273.47,109816.67,92691.53,122392.07,102818,83496.88,146191.26,113714.62,92092.72,118463.81,113292.93,94889.77,165727.37,110356.33,88329.99,107452.44,118134.43,93756.53,161652.73,128870.34,86791.8,137603.23,116879.91,119304.22,180670.39,138123.21,102376.19,137046.34,116581.82,113048.42,150640.74,125348.11,92863.39,121081.12,127424.57,110396.98
"FT1906",329.248988993864,83.0708999633789,410730.7,258114.1,353599.6,181424.8,937456.6,373297.7,448592.6,267935.5,389229.6,168020.1,994332.7,422906.3,446635.7,301252.3,473066.5,158449.8,1321524.3,364220.4,390835.5,275107,364021.6,174853,1045275.7,397586.7,458118.2,250047.5,351521,183116.5,907883.7,394386.3,438578.4,330652.4,483207.3,196156.5,1311319.8,358051.4,403903.3
"FT1907",330.061244302297,455.192199707031,951916.5,487297.8,623969.8,1575905.3,234394.3,951921.8,1018706.9,579763.2,548494.7,2094367.9,196217.4,1121981.6,958128.5,676353.2,809076,1621642.3,358726.5,809474.7,935789.6,448174.7,624800.9,1487953.4,201671.8,933936.5,915750.2,575675.1,545963.6,2038148.1,200529.2,1136099.9,961170.1,685988.5,777030.9,1654461.2,362156.8,800659.5,932257.6
"FT1910",331.000116907823,442.848114013672,141991.19,101596,112107.32,124269.24,139188.3,108363.74,142178.68,77469.96,109355.13,107804.47,122831.81,93889.36,112326.98,80188.82,93591.34,100546.64,94645.46,106409.24,116517.86,85298.51,85219.77,113435.51,129516.67,99002.69,104864.97,80818.36,85467.3,109186.73,124009.35,108651.46,115208.87,80536.39,83180.53,116588.34,80774.25,101642.52,99369.53
"FT1911",331.010468415614,846.798522949219,141407.52,96730.13,113092.63,156053.48,154197.31,103600.04,147483.36,108839.79,146264.17,183111.07,153384.28,93966.31,117710.92,95458.27,132320.19,159561.25,177169.58,108067.13,144283.36,117281.09,147893.41,211727.38,193955.52,148175.43,190720.36,154675.56,179905.24,221768.47,213222.76,158611.79,183700.56,154626.24,170972.99,216275.4,231709.58,171311.32,214702.61
"FT1913",331.02912098919,332.266998291016,106940.76,163037.41,164412.54,44590.86,120910.12,129450.48,88580.07,154849.83,152183.6,27202.63,137394.88,109759.14,82127.68,125138.34,140498.04,30072.28,84843.7,111905.92,92931.5,135388.51,139902.88,41601.58,116581.35,116230.45,97821.64,149862.19,164864.66,37458.94,114603.31,98180.71,83824.27,137964.56,127657.6,30357.59,73849.87,118904.05,86686.08
"FT1914",331.045933899536,518.947814941406,209782.1,138346.4,195141.9,218166.7,279929.8,196185.3,215117.8,201883.2,226145.8,254049.3,364791.9,204339.6,247754,239948.2,253830,284927.4,314340.9,210868.2,277566.1,255290.1,320158.3,312513.7,434367.1,270801,327001.6,301138.6,274601.1,386904.5,496991.9,289948.8,325230.9,299993.6,316258.1,400441.4,516685.9,320488.2,414339.2
"FT1915",331.055027922864,520.205932617188,148261.05,182307.95,154996.13,183615.86,206288.26,96132.17,148339.82,150906.87,134625.05,169725.03,208260.48,152285.23,108684.2,128170.66,147143.48,168903.69,195295.78,129457.97,150561.17,128031.15,128139.12,160863.26,215450.74,127362.64,146713.04,147116.56,148457.05,168325.93,202985.82,139693.35,140975.51,172380.81,162516.04,168747.12,194840.26,134615.22,162707.32
"FT1917",331.264703217158,83.0306739807129,248322.12,129543.2,210849.37,104331.38,579372.93,222961.82,187320.31,122800.96,171624.76,118981.54,554288.17,246250.53,216396.98,139096.87,256501.15,134467.59,860772.35,213004.01,208415.75,124962.95,188895.49,86883.51,660352.01,234718.37,213534.35,110635.94,161886.09,131103.98,565971.25,244231.02,209247.4,122817.76,218182.03,125931.31,781146.31,219049.03,261131.56
"FT1918",331.555462056822,490.442810058594,436918.1,311356.5,273822.9,570983.1,351891.2,286310.6,450201.8,372664.7,311094.7,668079.5,440746.5,438384.5,427766,334947.8,351420.3,450714.6,488501.2,387517.1,400005.5,298466.6,285218.6,539522.2,298653.4,263668.1,391475.4,349712.7,292908.1,644146.4,428299.4,442718.3,426620,329898.7,331341.8,426054.8,502171.5,427527,416443.9
"FT1919",332.991808784259,248.015634033203,30098.398,3836.334,2214.316,98217.047,0,36769.966,55606.881,20110.114,6912.221,123820.107,0,48831.833,61702.676,25476.947,19066.235,137826.088,0,43148.105,62215.455,7693.514,2293.696,113632.489,0,14512.175,36770.673,6940.438,9510.187,114819.329,0,51882.564,59559.033,15198.413,16118.024,105146.348,0,18107.474,57083.831
"FT1920",333.059345205483,576.33642578125,6870272,2898229,2112070,17674025,1543460,2042783,6376109,1929200,2025292,15710353,1595729,2110779,6438304,2010935,2014212,16699479,1374631,1808498,5972482,2707816,2088363,17591915,1585573,1990953,5911507,1949842,2001514,14718732,1478292,1993897,5993455,2070170,1985238,15794396,1279889,1763377,6025141
"FT1921",333.091690817549,95.2420616149902,1791848.5,999278.2,1257195.3,2289283.7,1721751.5,1470165.3,1793389.6,952069.2,1250837,2417466.8,1780980.4,1483994.6,1797802.4,1036548.4,1278890.1,2140640.1,2471891.1,1324038.2,1731359.9,980836.7,1201518.4,2299204,1672643.3,1401557.1,1680503.8,1012383.8,1203638.7,2327538.1,1841190,1521221.7,1662657.5,1039988.3,1301995.7,2169861.9,2479462.7,1299923.3,1814991.8
"FT1922",333.094303327015,332.263809204102,47465.09,0,0,0,286994.769,11458.936,50952.741,0,0,0,301016.915,14490.353,47600.13,0,0,0,288094.795,20558.768,50459.649,0,0,0,294450.112,9814.728,46315.962,0,0,0,291521.992,13556.533,48546.345,0,0,0,255093.648,3740.379,47040.519
"FT1924",334.007621508805,535.462524414062,19187.454,3246.012,4467.147,95534.202,0,5079.775,28716.858,0,5771.313,101036.855,0,1876.298,23999.746,2066.14,0,105562.713,0,0,25144.657,0,0,94284.443,0,2310.887,19412.005,0,0,96287.561,0,0,20909.147,5642.169,3878.562,107123.672,0,0,22997.204
"FT1925",334.018872375008,518.945007324219,196842.5,202324.2,226106.6,139726.9,159331.6,134199.8,172511.4,184188.9,193948.7,149378.6,173438.7,152355.6,225611.6,218417,260709.9,206219.9,205147.4,165984.5,256903.9,265625.7,335100.9,210499.6,220043.7,211809.4,254263.2,244606.6,258984.6,237526.4,213546.9,176397.5,199792.4,255746.6,233296.1,191532.6,169966.9,163890.4,187572
"FT1928",334.125956791719,554.093994140625,304569.6,345042.8,302854.3,286459.7,285918.5,373988.2,304014,314999.1,332281.8,272676.3,311750.7,374067.6,306387.8,296906,268088.8,260869.6,260817.6,368069.7,289644.8,306191.8,307288.2,307099.2,293596,381233.9,290120.7,324557.9,330654,274265.8,317279.3,385208.8,301992.3,336901,295176.7,288623.6,258169.4,380122,318530.5
"FT1929",334.879832879746,588.257751464844,1254642.2,1182407.8,1203307.8,1145242.1,1808707.7,1275320.7,1268732.5,1139058.1,1247362.2,1339731.9,1676157.8,1358494.1,1422999.2,1322056.5,1458156.8,1480744,709976.6,1429104.5,1545763.6,1569264.9,1594822.2,1606346.2,2324015.3,1706320.6,1656165.6,1600222.6,1583113.7,1801624.4,2459250.2,1866999.4,1814704.7,1822334.8,1937211.5,1981161.8,2810775.7,1995346.7,2051474.4
"FT1930",334.896280397368,963.903259277344,253370758,123478283,193488937,136568696,257512683,357448929,248128352,245870700,199676667,197654532,268091115,327464199,251151383,215668911,176010198,139884106,569877577,373590155,238371548,114465967,184034352,136870671,253928617,346395334,232462247,238821080,201908109,198489643,273087646,326213805,238318831,213404801,177794791,131790785,548635555,377559256,251515163
"FT1934",335.074703295772,518.945251464844,511445.31,191101.96,85419.81,600346.26,1408660.67,350084.18,497237.98,207513.08,68691.35,545516.08,1307006.57,288830.86,445457.67,213983.26,44179.7,562881.23,1146570.27,274663.34,485063.96,213344.64,75784.52,535857.21,1315684.16,373257.44,474822.71,189395.23,54091.1,570199.72,1316345.14,307388.89,475574.23,209591.83,77000.1,548596.21,1218365.83,298836.19,481934.37
"FT1935",335.089822947647,304.134704589844,257496.9,264060.5,248654.1,325372.3,179777.2,235435.6,281558.8,279259.7,230005.2,281964.5,154126.4,218185.5,230850.2,238072.8,211302.8,272901.7,144348.2,201355.7,229283.1,235536.1,213022.8,295835.9,157430.8,198339.9,227787.4,244321,204338.8,251897.4,141186.5,201939.3,231240.6,235143.6,193821,279820.6,140708.9,187677.5,218574.3
"FT1936",335.095499215473,489.448669433594,326477.6,447345.4,274773,165015.1,1015008.2,501161.5,331268.4,414040.6,303060.4,112743.3,965340.3,476912.1,304172.2,418773.7,272202.5,165013.1,793278.8,461383.5,293026.6,405581.9,273239.3,137291.5,929409,403519.8,283356.2,378219.9,284335.1,141700.4,904649.3,419560.3,290506.1,385408.8,238671.6,149763.6,723100.4,471962.7,268654.7
"FT1937",335.143272661981,406.26513671875,828629.5,791874.6,762446.2,675188.7,711050,715040.1,685981,682051,646702.3,629397.2,619525.6,639032.3,605144.2,629796.2,605380,536342.1,583195.5,618063.5,582448.9,555323.7,612721.1,524927.3,583042.5,621649.2,580137.4,611939.3,584099.3,589914.6,576320.3,594730,589722.4,592557.8,588479.9,564122,548121.1,580623.6,562757.1
"FT1938",335.397915161191,963.032592773438,1330769.5,471128,872950,528925.1,1330375.8,2071084.7,1234179.3,1171393.1,890356.8,916652.9,1729432.9,1879715.1,1222154.5,1057049.3,762978.2,573440.8,4083543.8,2274327.7,1143443.7,458185.7,815586.1,519815.6,1331841.7,2156066.8,1236947,1165108.4,925814.2,955022.8,1457517,1839469.1,1208708.3,1088175.5,800658.8,573949,4240724.5,2353562.3,1222438.3
"FT1941",336.061787307036,579.036010742188,113950.47,89837.42,121671.65,254785.14,0,47990.69,111224.27,81951.84,108477.33,242849.18,0,33909.16,96943.61,89506.46,92895.31,264005.06,0,40665.8,103668.02,92066.39,105873.59,251754.55,0,43305.86,82339.23,59113.87,102044.68,244138.51,0,37717.52,99267.5,95543.74,84866.5,265366.63,0,36116.12,131742.87
"FT1942",336.12051539889,402.019989013672,239215.7,206027.1,209231.1,259255.1,225269.4,220139.6,261482.7,209131.7,245393,278793.8,244372.2,230291.2,246903.7,207709.6,188528.2,229518.8,184020,213237.2,214648.6,171712.1,182621.8,242899.4,215717.1,214547.4,222414.5,187208,222655.6,269620.4,245171.2,218310.6,232236.4,183681.4,182579.8,247805.2,176313.9,212264.1,231722.1
"FT1943",336.327344260774,86.6735382080078,549701.125,28504.944,40539.312,19541.254,93915.973,47269.268,551616.132,16235.726,75755.214,54877.789,143843.996,78900.073,546317.524,13056.188,214757.582,2077.261,31944.98,50139.491,507958.087,35526.557,27653.254,27810.396,98267.706,28703.328,576365.531,18080.904,39820.722,48392.576,87446.07,108678.618,725556.692,16491.21,216295.325,24271.019,38127.626,22299.322,610408.445
"FT1945",336.868162072782,649.759246826172,151696.1,97458.77,97892.71,261733.6,109771.08,115643.54,163449.89,89263.54,74386.77,294718.43,124396.57,63100.66,124913.97,96158.21,106149.82,260559.23,122566.47,76622.59,129026.54,98397.38,85195.77,259696.77,105427.24,95600.8,131923.1,79487.05,71542.12,262791.53,101953.99,111146.47,105233.53,99684.77,123549.36,250060.06,117377.36,90538.42,138755.39
"FT1946",336.877922189593,648.290710449219,606189.6,498725.2,446932.7,674732.2,555345.8,558396.3,560170.6,516552.1,397405.1,818246.2,495410.3,490679.6,474137.4,489762,457858,664294.2,559302.7,497324.1,541055.7,315725.3,397443.4,594093.4,503282.7,482572.4,458586.1,440923.6,353097,650033.4,459884.9,461652.5,492318.1,483582.5,496067,617188,566973.6,319767.3,403331.1
"FT1950",337.055722403468,551.289000732422,8735983.24,57058.14,29164.41,232924.29,45098387.56,1177202.72,8594982.5,98991.18,32867.09,323074.25,49122755.51,1131800.73,8302860.2,122783.06,71344.95,238678.51,44408482.35,960844.87,8111432.17,65861.1,35487.9,255518.85,44917879.6,1178367.33,8216236.34,88761.12,36051.7,303958.24,50234950.66,1131061.48,8235153.24,112870.11,75287.75,255445.38,46102484.93,873741.45,8543435.67
"FT1953",337.078133638626,536.122406005859,136455.68,247123.96,248451.17,72895.03,25543.84,205538.2,137878.21,227414.03,297061.26,57621.74,29374.1,251820.02,136617.52,213313.17,253863.97,61839.27,35715.66,271885.16,136068.2,249751.89,251955.67,64826.98,23325.11,254629.61,152194.61,258674.18,289298.76,42362.08,27638.54,246664.49,141600.24,232146.75,293028.93,82875.59,36845.84,256749.39,147672.29
"FT1954",337.087659844447,325.287994384766,32175.978,59011.706,57001.066,12210.059,50745.773,24026.951,26650.469,55541.638,55101.265,6093.277,32997.68,26949.867,37959.578,53214.97,40085.001,5736.62,43042.693,24193.607,31051.525,47650.755,52716.143,7566.906,44988.855,42065.813,31511.064,58198.825,44244.17,14830.478,37566.096,33036.026,33946.386,61930.161,50351.694,9430.296,30619.732,17787.361,33859.662
"FT1955",337.091357194941,486.764007568359,8569.159,22142.9,10196.111,2102.572,73594.891,24752.097,17269.495,20451.846,11963.939,5404.609,63292.699,23548.662,9788.717,22068.09,15326.257,6257.547,54882.049,23761.141,8823.224,14136.757,6281.117,2746.592,63542.41,19678.712,9736.818,20532.702,15876.239,2449.061,65925.277,20946.505,9754.117,13063.172,6592.975,0,47769.833,26028.139,14262.526
"FT1956",337.140179091678,407.578002929688,304151.3,293848.2,286730.8,276437.9,267577.9,268255.9,263361.6,265026.2,244131.8,233097.2,237290,244292.7,224998,229850.5,240599.1,195235.8,199962.5,229488.1,203469.8,201833,244352.5,189810.6,225644.8,228328.5,220738.9,205208.5,210157.8,198631.1,217887.4,226689,220564.7,215846.2,210855,193718.1,154304.9,158784.4,212643.3
"FT1957",337.311593831779,81.6726150512695,326012.23,42607.8,136844.5,746865.41,115146.01,159471.41,351431.7,88932.76,119137.97,806462.42,116039.18,174252.28,321496.84,58149.42,141451.2,687790.24,159394.64,147683.2,299648.2,85653.37,99013.37,682705.7,136943.01,176120.51,284385.4,54097.5,99066.59,754049.74,107768.04,174719.04,290679.63,89026.88,111264.85,718322.25,170726.97,190561.68,284291.8
"FT1960",338.066719567313,628.575805664062,250552.5,278570.1,334504.9,136806.9,336216.7,196034.9,239159.5,266880.8,352782.9,130417.4,343589.2,189936.3,222754.4,252803.8,322069.2,113377.2,311988.6,182020.1,204834.1,236910.2,319898.1,122141.9,313143,193222.9,208996,255600,350377,117997,313231.9,193114.4,195624,230402.5,303670.9,113397.5,285247.7,169134.6,223358.4
"FT1964",338.989000975871,674.008239746094,1589475.3,550922.8,464439.3,269321.2,7927942.2,1532726.9,2377539.9,562882.6,351018.7,312665.8,8577484.1,1404763.2,1871900,369667,261119.8,192976.1,8562456.7,1540849.7,1795333.5,409673.1,354314.2,255651.4,8073080.6,1186743.4,1682168,826146.7,387811.6,241331.4,8601871,1103646.1,1156298.5,417036.3,180395.5,155408.5,9158278.3,1521787.5,1820090.6
"FT1965",338.988783826637,603.294128417969,210545.67,80169.88,82953.03,450418.36,153844.03,170345.86,211882.43,111567.85,80066.43,447843.68,160303.27,126757.16,211402,99789.24,80627.5,431865.32,165012.64,155476.17,195187.08,110289.64,74297.88,449632.06,163735.56,163609.1,229475.41,99528.33,51996.91,445461.37,157187.75,165260.31,210357.15,99040.83,81914.06,416865.88,158836.09,168539.39,204589.29
"FT1967",339.060934484166,274.735992431641,313329.5,317908.7,280988.7,217663.3,349432.1,348159.6,284789,311209.5,333242,218766.7,324467.3,296282.1,256807,273996.5,274787.4,196955.9,347005.6,306464.8,264416.6,299926.8,296348.9,190432.1,283254.4,295251.8,259213.8,287361.8,285516.3,193202,302132.4,295993.8,278104.3,268508,266878.1,181934.6,339990.4,294442.6,258996.1
"FT1968",339.0858869632,350.324920654297,123307.42,36103.35,10122.39,223316.31,0,68009.15,113862.94,50955.03,21240.12,207182.87,0,82992.68,104907.73,49421.37,49094.44,191969.49,0,56577.54,117078.87,18910.01,23929.67,202221,0,63826.51,115632.23,36146.47,10722.82,203883.22,0,91903.63,104260.33,55863.47,36954.34,186587.16,0,51342.27,115784.42
"FT1969",339.123307529676,274.739013671875,1354180.1,1207942.3,1502517.4,1467751.7,865995.3,1174201,1290185.4,1142536.1,1505229.3,1476342.3,883190,1109221,1244809,1121482.6,1364456.2,1429330.8,932228.6,1019041.8,1189184.8,1061838.7,1363949.7,1378748.4,764033.7,1016674.7,1155844.7,1115068.5,1444616.3,1363072.4,855441.6,1089544,1175027.1,1104618.2,1312600.4,1278612,875490.8,981370.4,1160161.4
"FT1970",339.199955519421,81.3699493408203,17137737,7686299,9938727,5579022,5352328,7777822,16931419,22213339,7329194,6163210,7704629,8957072,16320155,13604870,15163278,5762374,13300881,19705966,15966297,7199224,9320444,5633608,5663871,7912573,18870956,22057895,7367914,6101902,7573328,8658083,16565555,13644612,15304240,6161568,13251839,19733200,15915833
"FT1972",339.326766293154,80.6753120422363,393335.47,130114.19,141631.14,430864.97,159463.15,205585.89,318384.48,246422.88,108404.95,445542.11,185011.71,247043.59,274670.33,155196.55,165477.29,440376.24,243796.76,248889.44,322848.57,101452.51,90154.63,451862.3,164266.97,178066.41,380188.85,264233.36,128396.28,438476.58,227085.9,242474.53,311782.68,153373.53,188812.5,422465.43,249466.21,243687.36,352032.71
"FT1973",339.99240934216,673.303497314453,74702.113,6671.928,1919.129,2759.038,561626.745,21136.685,79154.463,9355.334,6812.51,1592.696,574980.679,25159.566,59851.842,8346.819,1773.64,1711.125,561160.477,36187.988,58093.939,5236.886,4979.321,0,549815.512,34407.891,64287.868,11337.78,2798.639,1775.263,576274.924,31466.899,73921.233,5319.639,0,0,623237.887,33417.889,84055.155
"FT1974",340.055252867483,339.876861572266,36152.212,4932.038,0,100331.9,1724.874,11964.648,59785.278,5421.168,0,138582.218,0,18836.167,51440.136,9044.162,3950.285,111926.432,14841.026,14253.936,51371.471,2003.051,0,104164.233,1549.07,12083.433,48171.458,5243.099,0,129669.418,3683.47,18739.475,60883.975,6432.198,3566.545,103662.061,14827.031,10803.661,56949.991
"FT1978",340.813325533718,990.435974121094,88894.68,92370.1,88483.07,101853.24,98608.44,84959.27,105174.37,94369.89,108572.32,99695.08,100647.07,93967.29,86855.06,98730.86,109303.26,108871.94,75182.96,84120.45,99248.76,74842.65,108958.53,99121.02,73137.92,75225.98,89196.46,90685.33,88993.24,115050.56,96720.37,88704.08,93396.27,88809.68,89249.76,84324.46,79696.22,76824.5,85989.88
"FT1979",341.004520291919,556.202453613281,69063.64,15346.724,12766.448,164586.555,0,34650.739,40382.03,13640.054,4922.149,169488.511,0,33517.215,45123.77,2641.848,21396.792,171438.453,7369.877,29273.896,54334.468,7741.511,17390.084,166811.584,0,40281.123,52246.301,2423.225,14277.314,179235.458,0,34412.834,59920.827,11026.718,10394.99,157135.867,3260.455,22811.975,38474.851
"FT1980",341.027146395013,398.494506835938,11440.53,0,0,146151.86,0,0,15374.87,0,0,82201.24,0,0,12248.79,0,0,113250.58,0,0,18431.71,0,0,133476.13,0,0,21126.34,0,0,73117.95,0,0,14545.21,0,0,124348.14,0,0,11631.51
"FT1983",341.138949695512,473.448135375977,149083.7,230738.2,166042.8,116754.8,165347.9,170568,154681.5,203077.1,192772.6,132195.8,149295.2,159967.4,141943.3,210921.1,162442.9,121322.6,135873.6,178439,160199,211342.3,160649.3,113712.1,166165.6,174524.5,135789.9,228535.5,196866.2,127467.4,157895.5,178629.9,125245.8,212560.9,166806,125378.1,159770.6,178423.1,140366.7
"FT1984",341.149979032577,477.383209228516,56770.22,67089.41,30954.76,21925.8,123155.65,114326.37,45449.33,72528.81,31424.31,10286.31,116609.87,111378.75,40348.08,73301.72,32243.14,23230.61,113474.44,129370.52,46728.09,57212.29,10453.34,10703.81,126704.64,107384.02,39500.79,65161.51,17676.88,17449.57,101553.96,123446.34,36061.82,57379.23,34037.23,20211.92,133776.21,121037.87,22739.15
"FT1986",341.206196846972,80.6782379150391,377013.32,153685.19,195020.83,68579.08,86090.73,143777.53,357055.54,490904.19,146349.74,112481.26,143076,116743.95,299588.1,271786.5,322635.26,96939.96,285254.7,407030.78,275109.93,130628.95,162614.19,80972.4,71123.24,124095.89,317491.92,464395.27,136041.94,98256.33,83774.63,144137.37,291125.93,258080.59,297127.48,105294.8,251972.71,414203.41,330296.16
"FT1987",341.270051792784,83.0748062133789,196825.5,279965.3,310491.1,327886.2,293694.1,328882.9,174895.7,278540.4,326686.7,302781.5,338755.5,359624,133201.5,303581.1,347780.1,301290.2,312187.7,281712.6,161493,248249,290453.4,321136.3,363549.7,329833.9,232852.5,270026.4,332375.2,300901.4,377647.1,329192.8,200957,300473.3,345800.5,281763.8,343461.7,320682.3,178160.8
"FT1990",342.567183774596,283.162582397461,53018.473,9194.849,42051.505,98707.601,11537.907,46456.306,67803.826,16483.736,27899.995,132160.364,18493.11,35336.676,48125.646,25700.567,57565.92,91334.521,35554.01,26665.346,52867.436,25492.259,36642.496,100698.03,13550.022,27267.411,47672.644,14794.489,38881.273,129005.242,23602.187,51490.499,41278.27,34227.193,65184.187,92912.828,34432.383,38205.929,48839.265
"FT1991",342.825452870139,984.491394042969,4042767,2599360,3649421,2949686,4013645,4936325,4113206,4130750,4008386,3724093,4351320,4748783,4159870,3718753,3521057,3138321,8066097,5313663,4099101,2577480,3801931,3083376,4370948,5130624,4293996,4179074,4471142,4112008,4668759,5288331,4402588,4100769,3783537,3297439,8669878,6031731,4734038
"FT1992",342.969489760133,540.219543457031,176155.249,392063.783,405600.918,0,400511.775,289713.846,179971.237,355334.569,461449.504,0,436580.407,367271.885,268898.275,461279.929,563260.411,2449.316,547024.427,637347.957,334873.431,593370.098,568447.933,8161.593,672292.221,437657.954,300237.947,456333.709,466467.369,2029.539,605157.974,332841.807,200705.3,315297.774,367843.924,2085.709,416936.68,327173.543,165699.453
"FT1993",342.98770726405,235.593994140625,398879.52,115302.77,93921.33,546925.51,194952.33,269292.77,366206.05,169137.27,99768.36,664272.14,193387.85,298021.75,344784.26,209210.69,158994.35,564114.37,335301.96,233296.76,360102.99,100746.67,86612.57,545720.44,203563.76,245556.17,323366.65,182761.43,91536.1,638762.59,201647.16,294676.15,335467.81,189984.05,173813.89,577806.5,365026.88,225086.74,316733.21
"FT1997",343.091153468119,534.772155761719,507268.6,579590.6,572774.7,641420,236738.4,455845.3,530855.7,539246.8,630120.5,607479.7,225522.4,465616,525348.4,524526.8,558433.4,575047.8,203713.1,472763,518314.8,565237.9,571900.6,603961.6,212696.2,439899.4,514371.9,547222.4,574187,589103.2,214490.1,465074.5,510633,525719,547335.3,560891.3,204693.6,424435.5,484990.7
"FT1998",343.092293675577,381.258270263672,66775.97,83182.47,77187.33,63543.88,73440.61,60508.16,66128.74,49624.97,79743.91,63988.16,55620.07,55325.74,54943.28,72316.23,73546.71,54359.78,64559.01,57379.5,73093.94,54861.69,78086.18,59173.93,69674.86,62407.26,58499.8,58004.39,70127.46,41631.64,58032.73,51331.31,63147.51,65828.39,62027.68,43369.54,52866.05,57069.89,51660.45
"FT1999",343.103593584536,425.837249755859,33784.501,61398.894,36821.526,3146.07,2436.189,29078.765,20809.779,69218.084,41670.199,1611.105,0,29162.608,21208.16,74092.772,25435.198,1958.281,1558.148,20108.407,37422.074,58280.837,49366.318,2227.785,4117.018,24758.5,20490.03,69685.39,42775.457,2584.113,0,29962.132,28110.033,76099.363,32791.24,4204.767,0,25752.954,27874.582
"FT2000",343.117705286337,537.488342285156,80564.627,302325.239,308478.173,12476.211,155140.713,238933.069,88294.581,255764.282,286048.465,5982.925,82340.46,204350.822,116541.641,197094.841,214415.012,2090.395,15200.217,193971.01,109759.38,193286.243,189447.627,2388.316,43647.353,157097.081,98854.156,181236.297,214412.185,0,74345.753,163352.266,77166.066,166887.032,188180.382,7116.226,42238.586,173629.225,89136.053
"FT2004",344.032786930413,512.558166503906,178700.2,151909.2,176846.5,150354.7,181766.8,159297.1,166594.4,154473.9,141379.5,141204.6,150859.1,153382.7,156165,159079.8,158801.6,158391,224417,158687.4,142260.8,156541.9,165756,114734.9,131340.8,152683.1,165388.2,166072.3,190430.1,122059.3,151933,151707.9,167414.8,173173.1,139964.9,126776.2,141734.6,164099,166783.4
"FT2005",344.035567788747,172.751190185547,387833.5,447359.6,493903,207032,457801.9,378408.7,354618.1,406669.4,531002,191855.9,547514.4,363248.8,361595.3,373672.7,404948.1,198629.1,353032.3,422276.9,362666.8,464493.4,499790.9,179519.4,444879.2,342014,365390.7,421979.3,550389.6,173160.1,527683.5,371851.4,360450,386948.9,424476.2,220532,304208.5,401139.9,405490
"FT2006",344.110230690449,474.726470947266,206972.1,218613.1,220525.1,166536.3,216507.5,247890.8,227123.1,246708.8,214206.7,169242.3,219715,271187.9,213124.1,220241.8,202923.7,149576.5,196243.1,261320.5,196494.3,193991.7,206416.9,158001.7,244136.7,254677.7,192195.6,240377.8,240971.6,183158.4,231950.8,280089.7,215620.5,226169.3,206652.6,153173.8,227217.6,279274.4,199655.3
"FT2007",344.823304175754,984.495971679688,818315.6,531206.7,745040.5,602341.2,826201.1,989619.5,845212.1,820807.8,834155.2,761120.6,892772.4,957123.9,818556.5,782339.7,708876.5,637292.1,1668229.9,1089088.5,838093.8,540019.6,762799.3,633039,896250.7,1018377.5,871900.7,881731.4,894994.1,848249.7,959353.8,1051252.8,898421.3,868383.4,781012,675452.5,1725991.9,1219425.4,982207.6
"FT2008",344.964789233164,540.216491699219,72630.993,128910.005,129102.347,0,132234.644,109981.768,58074.865,121522.812,152694.308,0,165521.877,114932,83479.949,149686.572,209171.508,2224.109,203927.19,238287.862,120850.016,226322.644,221785.118,0,252032.362,157297.892,89639.169,158044.563,179192.649,0,205544.809,130970.865,69410.953,111891.879,113771.822,0,157831.171,100538.326,57379.523
"FT2009",344.968531014207,430.403289794922,131217.999,152298.818,91430.587,444712.06,6760.396,70566.832,103950.471,125920.293,88447.849,367830.077,4304.4,68288.379,73751.858,118896.773,79465.545,395915.679,87243.002,44926.206,96521.723,123017.306,80203.761,424733.455,0,72343.904,95542.214,108185.979,74403.501,325364.671,1778.345,59305.182,111144.036,108670.139,82981.269,375345.148,73406.933,41943.433,95103.029
"FT2010",344.994611993711,443.969268798828,53146.95,67847.65,64913.25,37661.74,37869.58,68650.2,74666.36,62802.52,89324.13,55990.04,54893.28,76936.34,51096.34,74435.76,67180.01,48048.38,44029.33,97702.59,62986.76,83206.95,70280.1,39851.86,32409.16,64530.03,64699.56,67550.69,81236.4,39792.04,29923.36,66240.7,58692.06,75817.99,82574.56,47440.33,54416.68,82663.46,53839.51
"FT2011",345.010643073913,551.289001464844,245223.7,174955.4,113612.6,394151.4,177810.5,251604.8,246664.4,175655.7,108196.1,462020.3,173029.9,297886.2,236562.5,223059.1,196397.9,384503.9,364658.7,284699.1,279031.3,217445.2,162757.5,426682.1,201460.3,354171.2,333634.8,263036.1,167358.1,534846,242818.3,453092.5,340812.3,345496.4,291363.6,428713.7,433547.2,375836.3,317160.8
"FT2012",345.055594913346,351.700988769531,21127.947,0,0,93448.118,0,4178.736,24463.634,0,0,98568.209,0,4434.86,11870.958,0,0,89058.606,0,1673.931,18512.886,0,0,75908.048,0,0,16747.822,0,0,93975.439,0,8609.54,14278.45,0,0,77745.881,0,0,14839.57
"FT2013",346.055961956639,563.838012695312,7893636,6818874,6242502,9780548,3161892,6166117,7388325,6949704,5951882,11437300,3123034,6733062,7199394,7722337,7198497,10201915,4326186,5622544,7045256,6116917,5860027,9353875,3254542,5875116,6698742,6772834,5686581,11358250,3100601,6563190,6763272,7592008,6696827,9778778,4420600,5258184,7160327
"FT2014",346.055926699047,497.669830322266,86923948,64429465,60496695,120083825,25603490,74170228,88086171,73139066,52557015,154340981,25518636,79873700,83555614,83883296,77466304,124278213,47191610,62628772,81284127,59793421,60878036,120365626,24045739,71946723,83341735,72146313,52741824,153474430,24208697,81384190,82744437,87219150,74624414,120188945,47303438,63013211,85373084
"FT2015",346.056054858047,410.410001831055,1490747.3,751696.8,1176794.7,1451493.3,1055589.8,1299272.9,1157142.4,1140305.2,1151480.6,1353553,1115589.8,1058652.6,941951,1340116.3,1272278.8,1450550.2,1843429.4,911582.4,1294585.7,657654.5,1321339.3,1506242.3,946444.7,1263229.6,1256213.4,1152782,1254124.5,1690995.4,1594999.2,1274484.2,1466347.1,1511659,1053540.2,1555692,2010475.2,1398054.3,1238274.2
"FT2016",346.117847254337,439.784301757812,3012001,1719526,1794992,2210479,4997355,1729095,2999466,1408300,2136095,2028214,4795053,1679854,2754121,1540042,1551919,1973451,1898117,1472168,2824004,1586366,1761218,1987137,4514839,1602314,2581153,1427748,1924763,1765544,4599673,1624467,2732350,1653355,1524371,1807922,1698374,1490192,2765712
"FT2017",346.119272713717,246.624435424805,771612.2,227836.3,175779.4,1168440,0,510422.2,723300.2,349179.3,190748,1349021.2,0,628400,669038.3,338154.5,329566.7,1125381.9,0,426044.3,628458.1,184228.3,157750.1,1085513.7,0,443606.7,592000.6,328564.9,174404.7,1220093.5,0,571798.1,672272.8,375603,306511.3,1104689.5,0,413997.5,603454.3
"FT2019",347.039986645037,563.833862304688,19824462,13456331,8468186,29663454,5484711,18918779,19247736,17662579,8098112,36774657,5283696,22408026,19248925,18764430,11264792,31749754,9807372,15406039,18626190,13229526,8219285,30247855,5506133,18549565,17975853,17388120,7990389,36833674,5413158,22588065,18690907,19658843,11545596,32072652,9600698,15178342,19292873
"FT2021",347.103371410389,449.569488525391,890625.9,1088204.6,1170445.9,963204.2,1418743.7,1323186.8,1041750.6,1431176.2,1353418.9,1193803.8,1485555.3,1430639.4,1123996.7,1513809.4,1221969.9,1342198.3,1904082.5,1745669.1,1265063.4,1377555.3,1513670.5,1246606.2,1782986.7,1714109.5,1402659.8,1853127.4,1708273.9,1498429.4,2069694.4,1901252.9,1545592.2,1970105.6,1590523.1,1611553.2,2471282,2265841.5,1657480.1
"FT2028",348.106623125261,450.962219238281,85752.64,102216.13,99505.06,88785.63,134525.17,115680.17,82742.89,151387.46,136738.23,111150,120645.18,150546.44,104062.08,156921.39,125081.72,111187.51,188808.36,193369.8,129811.92,125092.16,146778.37,114930.02,164686.65,180902.37,142196.6,213136.04,176726.56,164619.68,215823.62,213349.61,154904.39,210930.99,171439.59,174411.04,253326.15,250489.06,177624.22
"FT2032",349.010608941572,442.796966552734,61086.39,79388.89,92791.14,60304.24,35496.81,80718.26,64080.55,67637.97,81255.67,47671.9,29328.3,69485.42,55265.27,61791.18,71107.77,63902.29,47517.46,84643.21,49354.55,64105.39,63947.56,45326.11,32854.12,66481.89,50598.73,61347.99,76173.57,42237.1,37274.28,61947.51,63723.89,71166.61,73733.92,47399.63,30661.94,74205.62,52461.07
"FT2033",349.018805596589,518.949279785156,757896.9,699167.9,785517.5,685237.4,985076,580134.7,736531.6,617546.2,763001.5,755456.5,1034612.1,574852.2,835602.4,753459.1,933400.8,952401.7,1235592.2,760094.2,1048994.2,1013883.3,1152675.7,982215.4,1372903.1,850237.1,1053156.5,967843.7,1028346.3,951952.5,1274909.9,777733.7,805405.3,841860.6,877957.1,789904.9,1072816.3,620464.8,756086.8
"FT2035",349.054423391489,618.912048339844,154017.602,26632.99,22270.06,365527.183,103060.883,23668.74,143578.369,17862.059,16099.091,405103.314,106009.902,27772.174,155981.073,20695.076,25978.207,378268.614,106165.027,21406.09,141722.553,21735.655,15774.325,366702.311,119957.076,20624.126,122863.126,27358.157,26326.079,381457.711,126201.741,12502.118,142228.159,16523.905,8856.493,369558.561,97248.889,20226.068,149322.197
"FT2037",349.158784374145,407.578,187584.5,219255.1,270070.5,271989.1,325297.7,400194.8,428483.9,435794.2,462564.2,460482.8,502174.3,525966,530950.7,552773.7,550279.6,481601.1,536985.5,552504.3,524067.3,512368.9,556217.2,493362.1,540077.3,536621.4,509452.5,561726.1,523486.9,516108.6,536204.2,501987.6,541553,508475,523596.7,454487,480447.3,501302.1,482679.5
"FT2038",349.161854237622,469.243896484375,71056.548,40867.395,119657.484,6265.948,31039.133,138756.791,72481.792,30841.226,87539.426,2241.159,35387.518,147431.414,60569.579,65654.401,151713.898,3843.985,126776.255,111049.529,67753.084,21712.242,97855.052,2256.12,27884.075,122033.505,58735.684,53900.038,87438.876,0,34247.744,148610.659,61237.814,66811.54,169722.9,0,126779.79,110912.633,53816.934
"FT2040",350.870083314669,974.393249511719,7467723,4174379,6038206,4490910,7175469,9202575,6992356,7044818,6264130,5982378,7754743,8279330,6966330,6046537,5629670,4704174,16518676,9729256,6715059,3785828,5377251,4344095,7112772,9174583,6543257,6508953,6211303,5907191,7570107,8543341,6564878,6279590,5346230,4182135,16632803,10090826,7171233
"FT2041",350.870505815251,1028.55163574219,850396,817469.7,893614.6,758439.5,960960.8,875485.9,857422.1,983092.7,813709.2,937587.3,743437.1,697711.5,617789.4,746350.9,700025.4,681745.5,1000220.2,850930.9,685614.6,637457.1,758971.8,640426.3,740163.5,755983.2,723936.2,748443.2,716141.5,671798.6,795836.1,787373.4,772670,550779,728617.9,704073.6,1026049.7,677236.8,704456.7
"FT2042",351.013768971601,518.94677734375,291400.7,256584.7,313083.2,271363,361152.6,168380.2,284553.4,261580.6,304475.4,284565.9,373690.2,176110.2,305240.5,246621.1,333967.9,359057.3,444208.3,158471.6,378557.1,353946.5,416416.3,364715,499782.7,316282.8,348160.6,340495.2,395387.2,351686.5,434972.3,257869.3,340639.6,305347.8,331738.2,296038.7,370726,203308.4,310702
"FT2043",351.155632215801,406.230712890625,58973.03,54260.55,86709.69,102395.65,119381,100311.61,157116.48,168601.54,173747.31,167081.6,193709.68,186223.98,197424.82,186159.89,196763.59,190863.23,183646.77,168341.7,184849.18,178590.1,196455.27,189448.35,185494.68,208265.93,190544.41,194586.23,202620.34,182569.18,189706.52,208242.12,194847.79,183236.69,177473.65,191722.75,164007.32,186622.92,173498.44
"FT2044",351.177426198692,442.560913085938,654167.5,320147.3,302721,597512.5,1176104.8,381443.8,642494.5,257375.9,367039.6,536053.6,1092480.9,385589.6,591688.3,290951.2,297985.5,544290,491680.5,340038.6,639644,325607.9,297958.2,574356.1,1119518.3,352271.1,595920.8,255156.7,367475.5,538842.4,1038525.5,365962.6,658474.7,287058.1,296599,571546.4,500828.8,349249.3,617946.2
"FT2047",352.899031004502,395.693283081055,23964.841,8402.44,4071.904,94135.649,3621.493,4268.588,22362.502,2405.303,4111.532,75926.517,1985.116,2405.178,22092.576,3850.932,3570.598,73844.628,0,3681.446,20973.865,6181.915,2427.552,100127.124,1722.626,1944.382,29253.167,3500.899,3067.231,83970.006,3313.991,5554.839,18888.606,6994.044,4352.682,99522.253,0,2688.443,23203.427
"FT2048",353.049166322429,165.912399291992,634605.5,350033.5,549897.2,488852.8,599002.6,784458.6,625710,376733,556322.6,547125.4,633925.1,800644.2,627221.6,435096,648639.7,487657.1,920954.3,593033.4,591915.3,345651,548315,513393.9,587960.4,761361.3,582882.2,384530.5,528830,547103.4,631150.8,810258.5,590303.2,440672.8,723473.1,462855.6,937591.2,609799.3,625795
"FT2050",353.942719068556,409.050872802734,66543.61,123475.73,108190.78,66163.58,36222.49,52109.96,63252.01,80927.33,94811.28,52649.64,42272.62,43305.89,60255.34,93947.44,90063.02,65876.73,33938.32,21937.66,60598.83,106820.93,99995.15,78621.32,49081.04,48378.75,59672.47,98770.51,102408.57,67558.14,49914.39,55580.81,61464.19,101425.24,106379.9,83156.07,42827.92,42008.49,65896.48
"FT2051",354.072513283956,478.759002685547,381954.35,381234.9,380105.21,420995.74,19421.58,327107.81,438933.57,370124.53,437181.97,448283.03,29967.09,294650.35,394957.98,363023.31,415607.57,438696.08,27996.69,350270.56,441243.22,393818.1,393776.12,442341,22833.37,331473.18,425617.58,374428.03,435552.79,454001.01,34125.43,292066.21,426164.24,377600.57,400129.08,447520.9,21841.14,350798.25,454160.63
"FT2052",354.072436248537,542.958862304688,117897.53,71176.973,57287.137,175354.263,0,76473.52,114972.046,78980.298,77029.356,193045.747,2394.34,46964.807,103263.507,71256.411,81228.658,180819.806,2851.807,33148.59,89778.093,57922.265,36378.96,150119.822,0,40392.321,110475.325,64747.125,80790.321,199718.86,3235.672,74040.219,123676.974,91544.554,81104.019,183368.201,6430.735,60828.165,125465.702
"FT2054",355.025486292535,847.496002197266,85592.51,66546.91,91275.59,93905.07,96566.5,55400.55,89418.48,59884.15,95540.12,102282.7,122959.81,110427.38,142587.56,116216.36,115058.6,109982.24,92951.12,71929.09,93267.06,53893.59,83185.25,87149.15,89324.7,68047,79390.87,62138.8,71845.57,90680.3,77155.86,60857.11,68275.54,58711.39,67060.81,75478.46,72193.9,43236.95,67491.96
"FT2055",355.09822613122,57.4272003173828,182370.4,182167.5,258788.1,279603.3,188868.4,243668,261277.2,239550.5,231303,203374.1,277233,229950.7,238167.3,223431.3,199682.8,283984.2,235298.3,215799.3,257621.5,258777.3,254558.2,208635.7,232177.9,255337,251735.3,228519.7,123491.6,235295,248259.3,213869.7,249638.2,180759.2,137822.2,243804.6,201749.9,192455.2,145695.5
"FT2057",355.872811131183,971.802978515625,1579337.5,740697.5,1091866.3,842199.5,1535608.2,2111434.2,1432753.1,1446979.3,1138749.5,1266680.8,1592186.3,1838637.8,1463332.6,1190695.6,1067601.4,843146.4,4065495.8,2085169,1312829.8,578256,1009948.5,777451,1361429.5,1924772.5,1204298.5,1306329.6,1111569.2,1047429.2,1429781.8,1888205.6,1370329.9,1163501.2,976591.9,642808.7,4136615.6,2141733.5,1448359.5
"FT2058",355.89810271229,396.37858581543,25293.739,19361.627,7702.43,96307.199,0,0,17596.141,5919.961,0,73098.596,1910.519,1999.532,21123.389,2692.306,9066.788,99559.263,0,2331.319,19598.798,4090.154,3932.831,101694.615,0,2882.051,20183.698,2107.817,4383.145,87550.455,2481.175,7452.074,20871.568,0,1828.319,105662.357,0,0,14690.856
"FT2059",355.939797990944,409.021119018555,77889.7,122444.76,112297.13,81466.52,51380.72,49709.58,67622.08,102275.97,97039.13,69165.88,51263.8,49381.71,78002.83,101817.25,108187.55,84101.91,36428.85,41568.87,73785.87,119902.64,107993.06,82323.02,55892.97,56983,75359.77,92313.76,104902.34,61715.62,40751.52,60644.49,76195.17,111828.88,101342.73,81134.71,42257.5,57274.07,69461.95
"FT2063",357.132619941298,302.813995361328,234199.56,213819.89,184423.1,327437.03,92908.78,154085.34,212132.51,214085.83,175742.5,286815.36,92883.58,150188.68,200949.28,204345.65,139791.2,287857.56,86005.5,148905.37,183379.8,190225.73,173744.61,261124.66,106497.71,138845.18,177417.2,192339.16,148771.44,260179.29,87027.58,164062.22,185160.82,131525.55,140741.67,298678.01,67412.98,130238.78,188965.99
"FT2064",357.133212158127,518.946838378906,419996.1,397141,381752.7,456367.1,557831.4,362435.4,415084.3,428959.2,414154.1,473992,531641.5,385817.3,424087.8,385709.1,438030,409282.3,465012.2,303066,430185.8,393028.7,412424.2,420033.6,484618.8,368106.8,430999.9,362287.6,429260.4,425341.3,492295.9,354668.4,407376.3,372487.4,415345.1,428073.9,516939.1,342533.8,411803.4
"FT2065",357.141359265155,165.910934448242,1029339.4,1007476.4,1031535,1000387.4,1018767.3,1010024.9,1061109,956469.4,1039716.8,1029604,976470.1,1093123.7,1013280.5,1025493.7,973797.2,989162,998387.7,987645.4,1010036.2,986303.8,975273.9,1079057.7,1028284.9,1039006.8,1013547.3,1004526.6,1009026.2,982323.2,990166.2,1014333.3,1008379.2,1011902.5,986591.3,1020193.1,983655.5,1007887.3,1003286.1
"FT2067",357.947632953262,573.625732421875,340911.46,645767.93,402273.51,31953.64,298006.16,374552.12,318153.52,382488.63,361220.95,35518.3,309459.57,347995.63,285114.92,412337.8,328282.09,63078.24,201854.42,354290.86,294408.4,599880.51,355477.65,49458.43,276079.14,350425.49,293369.08,405458.34,355696,27616.3,318801.66,314665.35,314171.65,440578.94,376628.01,40549.84,186057.92,335341.93,293406.43
"FT2068",358.009299919978,741.071899414062,71138.66,87301.71,71103.76,82694.46,52540.98,64281.59,74332.4,88530.14,90994.94,76257.11,68720.69,79114.65,72990.3,92140.64,74467.74,78660.61,36612.54,60593.02,86103.04,122426.87,102829.27,112986.04,75016.17,88848.92,104521.02,123214.51,127509.51,118974.66,84555.68,104796.88,119593.62,154264.77,118095.68,101528.7,72389.15,93044.87,136060.81
"FT2069",358.125919132091,462.204986572266,89280.69,73397.89,90252.57,110588.78,59992.43,89004.97,97631.66,78056.96,91652.51,134286.27,55766.61,83199.44,80049.41,81060.62,80756.92,126507.18,49736.61,78782.02,90589.33,70910.05,83675.25,125157.08,46116.46,88456.38,85753.31,67020.52,103246.39,120869.5,45887.99,83919.54,86485.11,71249.01,73749.49,129455.97,51416.47,78434,90639.68
"FT2070",358.799562687217,988.905944824219,5526744,4183829,5586746,4830757,5478236,5811704,5717759,5590656,6198725,5571226,5771815,5677556,5716543,5303564,5194275,5105733,7602423,5883019,5451320,4235891,5598522,4690680,5395679,5807793,5577277,5532359,6410567,5797091,5849316,6083627,5691961,5528097,5398366,5036879,7682288,6154399,5990964
"FT2073",359.086217228497,574.959350585938,97688.02,100722.15,136786.79,35992.45,82495.16,79613.96,75141.94,81502.9,125879.93,35352.23,69086.96,57123.75,69362.93,70882.6,113772.5,35730.8,79409.4,82344.05,47830.86,95524.97,133275.45,44166.62,87179.98,67647.93,68136.23,98100.45,131289.68,34309.07,99895.86,101818.48,71070.23,80623.91,123201.77,37865.72,84256.11,48858.8,54971.2
"FT2074",359.132027125199,326.675018310547,45198.52,58610.97,52647.34,19699.6,45430.27,40573.32,33394.6,74489.15,56992.61,13632.1,32857.03,58527.93,43118.36,66514.29,55328.43,11209.63,20108.35,41612.87,32235.44,59095.63,47765.85,18787.22,38283.04,51351.11,45545.24,55261.03,63776.84,16825.6,35040.97,44042.75,31092.56,71958.41,55798.93,11856.4,18660.77,50035.04,50939.63
"FT2075",359.168361723172,518.943756103516,124558.51,108491.47,159903.87,124854.22,58351.22,141079.1,145672.55,133360.36,132945.77,131842.37,53972.04,137624.33,129117.79,141256.9,136995.61,138186.81,72973.14,111758.31,112828.48,116049.15,141350.26,116357.3,68153.74,155272.09,105869.88,144423.81,166185.71,123921.53,61710.89,140605.06,132201.88,112157.39,141560.9,95081.11,50546.74,138528.18,118674.63
"FT2079",360.797475155146,988.929870605469,1498361,1210069,1592024,1311628,1454898,1585794,1617736,1545914,1673488,1508272,1552582,1562320,1570610,1418404,1444396,1367861,2095887,1572189,1511270,1150651,1539245,1319664,1468211,1563794,1583606,1501424,1770009,1602782,1626337,1644462,1575076,1495787,1441348,1351756,2090812,1697404,1633090
"FT2081",360.971142552594,675.494262695312,128023.898,11518.463,12307.827,3333.833,531886.796,44216.936,122472.796,8257.423,6146.476,5238.264,536187.321,36714.327,76788.521,7149.734,6833.803,5497.087,498825.754,35863.451,81817.775,6174.237,6470.831,0,606160.327,41789.594,80821.332,12580.613,10841.799,1730.589,711450.058,51047.003,80094.658,5976.061,6143.126,1787.6,665135.584,48566.351,99251.802
"FT2082",360.972822449151,234.115997314453,137876.06,51051.07,44326.03,169101.86,106437.98,104614.36,133001.68,67263.2,36297.43,197377.76,102624.39,116870.52,130306.08,72414.59,62382.84,181693.55,154049.9,74936.48,131572.26,45170.93,40995.55,189018.81,108736.45,105989.27,128683.85,69037.95,46684.37,206814.18,110648.66,124004.56,121046.95,83963.59,67460.7,197073.53,189401.38,94437.43,132004.42
"FT2083",360.998424061696,234.134063720703,670036.5,291050.9,267724,703682.6,512912.1,492959.3,566410.9,351188.1,252594.7,765839.5,447850.6,523383.6,555217.3,440660.5,353043,659388.6,626556.6,412022.6,545627.3,243261.6,220873.3,687708.8,484862.3,474875.3,504593.9,346191.2,242089.3,716682.8,429555.3,513317.9,511585.2,423261.6,342256.2,679182.6,636263.5,435134.8,532953.2
"FT2084",361.067995546754,351.728788330078,79491.139,14403.595,8253.659,117759.715,0,56618.481,83129.448,33217.743,21460.332,120493.701,0,64523.544,78830.22,29936.886,32232.109,118555.142,0,35655.86,71721.381,25391.947,13900.074,118335.78,0,48146.705,70688.701,39917.822,14245.95,113843.175,0,57272.583,76058.321,32228.939,22741.778,109683.623,0,44683.948,77385.142
"FT2085",361.130355268769,350.266647338867,181060.93,14120.72,21104.44,389647.31,0,72835.15,169505.34,42599.91,20459.1,414721.37,0,98407.7,142464.83,55129.64,50096.13,371939.32,0,57461.85,135578.45,20062,12827.34,373662.46,0,76093.5,138858.89,48858.5,24401.76,392558.35,0,102483.02,138534.45,46148.12,45965.53,344898.94,0,59865.79,139535.24
"FT2086",361.974887552577,403.430969238281,420736,383060.8,410450.4,342271.5,408680.9,458938.6,406703.9,412574.5,387928.8,399532.9,410445.8,392579.7,381638.5,365615.5,374597.4,334239,361595.8,393746.2,368984.2,332425.9,361042,335644.8,380468.3,385048.7,365713,370946,357719.7,368036.7,371837,376105.7,260185,353198.3,347895.7,332674.7,337214.8,369178.3,383461.5
"FT2087",361.996347911828,511.249359130859,464523,449126.7,468959,385179.2,477014.7,459575.1,462464,456813.1,458000,374900.4,552150.7,417279.5,473444.4,507289.6,507496.6,463353.2,566104.1,597291.1,597730,647022.7,675425.7,548570.1,693509.2,601822.2,575403.6,632665.9,589269.6,534248.7,654342.4,524090.6,525562.9,589014.5,488575,473850.4,528473.5,512583.3,536377.7
"FT2089",362.037399236976,339.188858032227,78647.771,9960.455,0,104759.931,22775.627,36317.692,89056.481,20267.56,3201.632,144024.336,15387.742,43677.181,82618.086,33723.368,6544.733,134341.258,31884.36,35794.821,87859.314,6870.742,2179.68,100999.156,13106.269,35031.182,84617.096,26236.89,8659.294,126144.975,8806.413,46617.772,87711.571,37390.503,23182.734,107958.004,36452.901,33788.392,89953.132
"FT2090",362.050992677143,607.525634765625,11376224,6199069,6291769,18553575,5418860,7926344,11343033,7528074,5497460,23899315,4892839,8944110,11474355,8733665,8350904,20145717,8904521,6543395,11062727,6113460,6257034,18863830,5406828,8272025,11009066,7419189,5392765,24653887,4939453,9435086,10980774,9046428,8126505,19773156,9099813,6914738,11381357
"FT2091",362.145888929962,438.390991210938,173047.32,39143.12,55852.65,128133.55,417441.43,62588.64,186471.63,44851.29,81475.94,126495.04,424475.74,53608.07,171100.15,43618.91,47199.88,107345.42,73926.65,37006.49,147836.84,46453.4,47453.28,103731.4,317372.51,42301.66,129998.95,33378.84,47308.01,70494.47,282018.93,46131.61,128301.73,40269.93,36886.12,84928.54,65487.69,44404.26,131743.47
"FT2092",362.795356740111,988.936798095703,158819.79,98797.56,158118.01,126157.55,146003.98,145249.58,143654.91,165837.18,162178.66,150036.79,147592.77,140841.32,141466.17,139954.15,143035.86,123070.22,232194.39,162512.45,140450.03,96839.44,127194.57,111044.99,151588.14,144469,146114.68,136020.74,152733.16,153213.27,152529.92,153219.25,144355.36,142928.26,131964.41,118706.21,207105.89,168845.87,154559.45
"FT2093",363.016468443555,273.358001708984,85598.83,87875.42,87228.36,70312.4,69381.62,96089.49,79742.59,80218.56,92910.37,65225.11,62414.65,81363.57,76667.65,69857.78,88125.53,54581.11,78158.18,91371.58,89585.59,82133.1,71123.68,53311.17,68088.18,96803.19,85331.88,76471.62,68778.23,59191.11,64874.19,85887.63,80389.63,62866.69,65889.61,57472.84,72627.62,91737.59,85515.07
"FT2094",363.021442644911,231.328392028809,84297.87,41295.33,24813.18,68960.84,81921.93,72004.41,94242.31,59729.23,24979.35,97861.77,80960.84,72236.43,80503.51,77448.56,46326.58,83822.35,129970.96,78386.31,104470.22,35807.94,37195.53,72655.02,92862.33,71480.72,79797.5,56106.53,24484.65,77947.87,98623.97,89827.24,93358.4,68170.44,55538.05,95223.21,134787.63,90319.9,98991.45
"FT2095",363.035207257311,661.164123535156,2122413.01,86797.86,193451.88,5904736.5,904676.73,217245.67,2037497.79,109396.59,192787.4,5889766.69,812244.99,251053.15,1914084.15,101757.13,284038.65,5631420.36,1505445.37,210020.37,1968538.85,75634.34,194225.2,5955246.28,972029.65,219525.83,1846458.39,106138.14,180241.81,5686078.93,772293.94,247044.58,1917951,99933.5,277181.64,5619697.01,1512549.06,203676.6,2053762.63
"FT2097",363.098364076619,548.389099121094,19661.283,7419.225,1619.131,0,140299.27,6003.122,21104.614,5727.866,0,0,150040.29,2269.482,25850.121,8891.508,2681.997,0,99895.919,6724.872,24139.514,8706.198,5779.402,0,159378.519,11714.524,25164.621,4284.929,5639.062,0,179454.348,6945.429,23038.132,8923.193,2276.74,0,114985.765,1630.302,27828.426
"FT2099",363.971860758406,403.432373046875,476905,405556.1,464537.3,379237.5,458631.3,497865.1,463809.8,459522.6,430727.1,447603.5,453921.9,454633.5,424772.4,414495.4,400707.1,356432.3,405270.7,450546.3,415525,353555.4,413320.5,373048.4,399471.1,418274.3,418819.2,399677.6,408169.6,405552.4,408971.4,445134,422914.3,402774.2,386167.4,370621.9,371323.4,414061.3,410737.5
"FT2100",363.992235974916,511.26091003418,170421.1,171421.5,180400.2,157514.7,169704.4,169252.9,179707.3,199840.6,176253.6,136694.6,150665.4,165050.3,205540.8,218329.7,194297.5,214143.7,231688.8,246415.4,265328.8,258221.7,270702.2,220645.3,256075.7,251256.7,244180.9,267256.8,251152.7,180612.7,291922.4,232772.6,233897.8,219870.6,213799.6,205550.3,221575.5,207210.2,219284.2
"FT2105",364.083984651289,350.242950439453,75422.788,22681.383,41120.857,133216.166,18637.427,49093.366,59043.909,34775.012,38295.765,155222.397,9971.268,47455.36,60593.107,35392.809,47635.654,129647.879,13942.574,23081.121,53188.76,18757.507,34942.067,140317.278,5130.462,45036.98,63690.88,32109.71,31046.369,158836.702,11120.316,36874.123,55578.463,38859.546,53734.39,123967.634,13479.465,36872.654,57303.786
"FT2106",364.092271345126,486.764007568359,55913,31622.58,23933.81,35068.69,94607.75,110194.77,49443.54,43734.95,36493.38,24374.01,89469.25,116389.82,55081.59,43768.27,25692.01,27798.83,75365.31,108280.81,51117.25,31293.69,29085.08,34592.79,94382.73,107233.82,40920.46,38491.65,38257.31,28740.62,94381.15,118862.77,22579.95,32760.34,28086.8,24909.27,75194.32,112233.81,45690.45
"FT2107",364.118789417138,470.640014648438,649410.3,327199.2,548223.8,131279.5,1942652.6,787455.6,718905.1,297149.4,575436.1,140789.4,1959838,880429.8,636053.2,302160.7,502240.8,137971.6,1849087,890706.1,625185.4,309160.4,542114.1,134950.9,1914438.9,790267.1,625092,300381.7,545923.4,138557,1937089.6,960825.4,629871.7,304087.4,533148.4,122545.8,1855367.9,933471.4,681208.8
"FT2110",365.002208591581,431.431304931641,77260.684,73265.362,59875.178,129425.916,6550.771,66646.907,92690.417,73105.444,59242.844,138031.164,2632.798,62560.127,72322.235,71799.482,56902.264,145451.059,3699.22,74199.448,109983.549,84208.435,50687.869,135705.114,2279.512,57369.203,84664.657,72844.138,58976.497,135715.178,0,70095.598,82877.018,76647.014,59761.357,124893.973,0,75500.882,91395.229
"FT2114",365.135472764469,504.494567871094,94235.18,97723.43,62383.16,113127.68,90461.02,92435.01,84006.11,107642.98,68941.48,101094.97,72790.91,91076.51,100459.72,87982.48,62763.41,107927.89,85694.08,99575.35,100850.64,89014.29,74461.13,113933.44,95492.62,82608.48,87001.98,113347.86,86311.04,73146.09,94306.41,106816.72,90882.3,95271.37,51228.67,81602.17,102263.67,84487.23,98877.11
"FT2115",365.342407629552,80.6667938232422,409080.35,113557.39,148723.25,731499.81,314488.64,234839.55,400688.85,92214.77,131585.78,796591.86,311536.12,251122.38,418269.52,147588.25,154698.92,694052.76,376053.83,218461.89,358767.82,105192.92,127462.49,720076.98,296467.04,240205.72,304002.19,113989.35,166869.21,765381.71,324932.98,202296.65,416322.42,107292.33,175230.8,717335.16,382753.38,232493.48,323937.87
"FT2116",365.968321070855,403.420013427734,197808.5,178601,174181.6,152974.2,169257.8,172178.5,170414,162729.3,175183.4,161528.2,188179.1,179194,165009.5,164771.1,177620.9,155789.2,155724.5,145001.4,169068.3,153052.5,159371.4,156045.5,131376.4,179107.4,140753.3,175234.6,176140.4,158291.7,174857.4,184863.3,150490.2,159148,155833.7,148436.4,148617.8,170427.8,176752.9
"FT2117",366.843986871052,978.747680664062,2122499,1215105,1768708,1366645,2094200,2831314,2099726,2062491,1929024,1838133,2432185,2639131,2167770,1921677,1818520,1387408,5776043,3132266,2082346,1139763,1756886,1413733,2333507,2903394,2200393,2120269,2143311,2042300,2488865,2905665,2342451,2165850,1862794,1516795,6315000,3493145,2455968
"FT2118",366.990111975203,509.956329345703,381295.5,453955.6,447080.2,434280.3,543032.8,504785.4,553320.1,530248,568421.4,476175,581987.3,514278.9,487624.2,529655.3,468108.4,411713.3,485374.6,450719.6,450749.8,450184.4,427083.5,366826.2,351391.3,375372.5,346586.9,412462.5,384775.9,340536.6,397102,354196.1,344522.7,336347.8,317180.7,312747.1,336991.7,304983.5,310573.3
"FT2119",367.358160217364,80.5828857421875,515509.2,124103.8,160454.5,1065804.2,234193.4,259268.8,497704,162878.4,183663.5,986139.1,323048.2,284812.9,581641.4,113018.1,210121.7,937550.7,220140.5,310910,489960.6,141998.5,184695.7,1044036.9,234617.3,252326.7,481973.6,171985,174726.9,936762.9,285571.5,256286.6,360435.3,152246.1,201460.8,938100.2,206452,284525.4,462469.9
"FT2120",367.881967759121,963.031494140625,60983334,22295546,41776343,25291121,63440644,103094735,61311240,59286264,44516256,42975498,68715845,91450932,61318394,49337530,36245692,26399069,208351437,113026998,58174736,20765377,39754115,26580817,61633911,100546171,56027849,57639732,45631871,44648052,70012830,93212177,58166786,49538191,37475290,24850434,201048721,112899081,61072328
"FT2121",367.99853880722,512.579,271858.4,356444.7,334626.8,356359.5,498655.2,445754.1,440033.7,504317,500033,380009.1,630292.4,446699.4,471742.3,500176.9,461149,385311.4,528927.5,422647,427523.1,441021.1,408764,316456.9,453996.1,351761.7,359270.8,388019.2,390595,288190.9,443155.8,350117.9,375609.9,367590.7,329894.4,285287.4,385739.2,308636.3,331023.5
"FT2129",369.021854456828,562.443969726562,372397.6,242379.7,192297.8,743616.2,136674.5,290969.9,358550.8,269565.7,148599.1,859447.3,129520.6,336516.1,338215.7,287692.5,214658.7,766600.7,198575.8,265873.8,351670.3,242650.6,202483.5,783725.6,156936.1,314708.7,356943,281828.2,168993.6,833799,130523.9,343485.4,367829,323269.4,239085,788600.6,248498.9,264136.1,359977.5
"FT2131",369.067905478091,536.120544433594,503223.33,320837.23,291745.3,327739.91,17355.39,248370.1,520226.66,267268.98,298333.54,278812.3,35898.71,190590.32,466793.57,205592.85,199898.85,308325.51,12641.87,163974.01,428064.19,215216.22,197709.27,337288.96,16289.94,202526.46,449386.96,209357.89,210700.31,284899.99,13484.18,165797.09,469013.09,221404.46,242536.01,339185.66,30542.86,200176.65,490833.17
"FT2134",369.133864432495,329.47265625,111142.07,111229.36,114686.8,71554.86,99377.09,110203.5,110939,128835.29,112883.65,77370.03,80530.81,104321.42,104960.68,132385.97,110016.84,81523.15,60120.75,95366.93,101440.16,106002.63,106804.56,67388.86,89163.85,109057.31,94329.78,120173.32,102006.49,65881.15,86149.57,105148.11,99359.68,130612.38,106090.43,67878.37,67387.96,96031.17,102702.84
"FT2137",369.228343638155,95.2603416442871,59084.34,10383.546,47031.533,38734.867,119904.802,107234.032,52423.562,11946.376,65509.405,28618.236,110508.221,103750.024,62169.451,18005.287,78610.082,29292.364,122677.133,137963.643,28278.543,23287.485,57584.777,26319.853,102752.505,110635.872,36193.759,3763.83,83646.887,21129.017,116929.954,138901.221,53444.377,6627.529,52501.294,24403.392,150598.548,141006.416,49783.347
"FT2139",370.024679696366,340.563247680664,187034.31,52250.08,26111.71,216868.89,82369.85,135938.63,186358.42,96262.34,26117.27,228884.21,60152.45,137835.16,191084.75,98590.7,70263.61,216900.82,146752.67,102945.96,193029.17,53006.88,38752.52,213172.3,70115.51,131022.83,181521.9,98589.53,40154.1,213633.55,62359.48,145188.25,187050.16,104830.66,76965.21,230745.48,147935.74,109391.64,182317.99
"FT2145",371.008709512754,229.923004150391,177104.5,118411.2,120092.1,119403.6,270085.2,183902.3,171779.4,141198.4,110237,112552.8,254689,176115.4,150267.6,147921.7,139083.9,94629.6,288827.1,173373.5,149811.8,112929.5,106726.3,107464.5,259627.9,173784.2,140785.6,142461.3,100314.4,105300.9,249916.9,162189.7,151827.4,142239,146541,101716.8,321868.5,174715.2,154748.3
"FT2147",371.156939948505,164.561996459961,1049542.8,996500.6,1000943.8,993650.7,1032776.9,973129.9,1036359.9,1004806.8,1019646.6,1068313.6,959526.1,1078422.4,1036360,1056503.2,960056,1020479.8,1005284.2,1001028.5,993432.1,992548.7,979606.4,1017341.6,1036185.5,1007433.3,1000954,1052987.7,999762.3,1005387.5,993546.3,988161.9,1026444.5,1035935,1030886.6,1047983.2,1027763.3,974521.7,1055517.3
"FT2150",372.105069399698,234.116,3043159,1331000,1517840,5006197,1496086,2077428,3048087,1435286,1638449,5718560,1518650,2116268,3044886,1835671,2070474,5650275,1935032,1766301,3091220,1315058,1568537,5517352,1633643,2193136,2485756,1561178,1676227,6266156,1550519,2351685,3335850,2118558,2247541,5739952,2252412,1984893,3147442
"FT2151",372.116019671196,492.174606323242,47150.876,7418.189,12644.024,143223.632,14680.013,7026.393,59605.922,2590.84,8084.616,141646.473,16663.018,17065.234,52179.055,5210.72,4380.009,129968.823,21608.189,16834.298,52600.737,3121.154,7759.241,153930.797,13833.62,13781.395,67579.315,8519.562,12995.58,147837.964,19988.964,11175.049,61588.421,4329.419,7860.949,130942.588,11222.01,14411.829,39525.725
"FT2154",373.084196828948,217.236312866211,52889.83,20669.14,46382.75,28025.84,45995.17,55452.38,46233.92,20129.93,42122.49,37012.49,58049.7,75558.42,50473.51,31529.82,55300.51,20381.21,108570.92,44490.96,41650.11,27124.24,44890.08,27428.94,57329.28,64613.29,34840.25,23598.07,37278.14,38731.35,54984.32,61865.87,42428.63,28104.95,57085.09,19777.58,105453.11,47388.74,38024.6
"FT2155",373.100245168569,617.454162597656,970503.521,15909.853,20957.412,186540.235,4432470.609,836198.834,970266.252,14887.019,10775.755,186064.772,4450128.486,770082.591,973804.662,24260.019,6535.929,181811.374,4078255.364,714160.873,942979.446,7934.689,14707.693,179429.537,4345742.428,815719.018,912532.047,19308.458,20666.284,181132.171,4490368.642,778706.295,879699.428,10817.45,6078.51,186026.628,4069806.288,729470.362,887049.502
"FT2158",374.031480542425,480.089477539062,122235.764,126234.983,120248.881,119620.951,0,109049.782,115691.665,102368.124,117628.925,116052.834,0,78398.527,86347.508,86281.324,101912.471,124274.52,0,59603.173,94225.608,93386.562,95580.279,116770.228,0,64688.974,102168.238,90093.192,93621.85,110891.853,2289.334,71473.916,86092.355,69701.031,102901.838,107607.625,2871.387,58423.714,87624.481
"FT2160",374.113692374288,507.307189941406,212807.59,0,0,14790.79,1139837.61,198987.19,193763.41,0,0,44739.39,1180501.55,142611.71,216205.39,0,0,38115.07,971601.35,146139.23,174651.93,0,0,37605.32,1032891.59,173135.18,208620.92,0,0,30733.72,1186684.37,159663.95,199656.76,0,0,37261.59,989827.11,139931.14,207203.21
"FT2162",375.025323847402,280.332824707031,23941.683,0,0,0,138573.422,2180.403,11225.177,0,0,0,117017.326,1886.865,15285.79,0,0,0,191506.143,0,21386.066,0,0,0,130371.395,1840.251,20475.716,0,0,0,128933.521,0,12337.207,0,0,0,191210.798,1694.953,13571.491
"FT2163",375.15163399534,654.011779785156,203819.1,183311.4,183497.1,126667.7,224528.2,177632.6,158947.7,165818.6,181273,131794.4,222317.5,138298.3,129781.4,116893.2,147685.7,122958.4,206122,155797.8,156291.5,106437.6,156022,151891.6,225714.9,171341.4,117722.4,140739.9,179558,137028.6,214951.2,163312.7,135767.4,132749,155223.1,112391.1,259510.4,179566.3,180391.9
"FT2164",375.153836899425,477.419738769531,595978.039,638192.369,773600.618,758027.507,12274.938,357002.924,617047.991,582326.141,782933.649,778672.94,8949.853,285898.348,579769.279,526331.373,567130.616,780639.058,13590.165,304509.184,569388.485,560762.061,730384.436,718547.458,8250.256,338395.578,524087.773,544222.998,708396.677,718709.847,16463.008,258892.003,518648.535,499785.817,519697.512,697457.135,12874.545,285738.419,527251.536
"FT2165",375.161616503967,674.0009765625,1553048.7,2463398.4,2459080.4,1147768.2,1845172.8,1804949.8,1501142.9,2274986.2,2270707.8,1197190.6,1755094.1,1464272.5,1894118.4,2147458.2,2064348.9,999896.3,1780449.9,1502425.7,1340386.4,1855999.7,2039557.1,891036.1,1676100,1833919.4,1968445.6,2235717.7,2171268.5,1002278.4,1463086.8,1679054.9,2098584.1,2103291.4,1976289.5,1473574.2,2134697.1,2126357.4,1355120.1
"FT2166",375.161239072812,580.420654296875,6016468,6916174,6105946,5127525,7288130,5315158,5144939,5037266,5615671,4622317,6537193,5062563,3187047,5116376,5452321,4594349,6034389,5012377,4768573,5760421,5472624,4462546,6540024,5090680,4844473,4971887,5323234,2611970,5568153,5107412,4811715,5143344,5288317,2857787,5864137,5095271,4712441
"FT2168",375.86899537798,971.786071777344,1406464,704332.3,1076518.5,782550.8,1277891.1,1922519.7,1297898.8,1253422.7,1045974.7,1092603.9,1508380.4,1860799.4,1306076.4,1032304.4,949482.1,786507.4,4059858.9,1941532.9,1183227,545594.3,915360.7,708038.5,1228845.8,1851572.4,1244670.6,1079238.9,1103843.3,933240.8,1305408.7,1759836.7,1126429.9,1079510.6,813552.8,678800.7,3915483.2,1944329.6,1233839.3
"FT2170",376.164671802411,580.455932617188,893879.1,1043241.6,905629,678994.6,983314,805600.9,805844.1,761994.5,847731.8,667535.1,1035228.8,805627.3,756445.2,776239.9,825127.4,717961.1,901387.7,758297.7,658229.6,850025.4,498803.8,416851.5,974081.5,488890.1,731672.1,752994.9,812657.9,476169.4,806294.6,781473.7,743291.3,712259.1,771824.1,541335.9,888500.8,675548.1,707354.8
"FT2171",376.771359528054,990.436,1588930,1379261,1785175,1568475,1474477,1321343,1617358,1538627,1986498,1712398,1458986,1371274,1562418,1477032,1594053,1615662,1321860,1241259,1395092,1296666,1676756,1482481,1354040,1273267,1451901,1431914,1852446,1673270,1443513,1314379,1470362,1405002,1467604,1521206,1247098,1223114,1480824
"FT2172",376.810307214422,990.435974121094,322831,314225,323815.2,320649,318820.9,328030.1,332221.6,324703.1,324888.5,348783.9,302004.3,319426.1,334406.7,328649.5,311643,318172.3,328962.1,307215.6,327652.5,318306.5,339173.2,337640.5,321132.2,321393,310887.4,329628.8,333790.6,331357.3,326697.8,337448.2,319685.5,324879.8,310012.9,339300.7,353573,326081.8,330422.2
"FT2173",376.865285346609,960.56103515625,734236.9,481699.5,468817.1,469317.7,749659.8,833483.5,572355.9,654404.7,446151.6,611600.2,600737.5,568279.9,529455.3,580346.6,426425.8,483685.4,1376259.3,1011545.6,716194.7,394422.3,423530.4,416917.5,574715.4,877112.4,634156.4,629523.3,535493.6,636302.9,773801.4,800769.1,489534,524748.1,363860.4,359064.2,1434648.6,849257.1,530627.2
"FT2174",377.01987037282,848.137268066406,105945.61,100396.69,101713.9,133635.6,132138.49,86153.29,97799.91,76318.45,90770.18,130169.47,96412.88,51863.14,55783.13,59680.69,75150.49,103094.5,85323.2,70232.31,94774.13,67967.24,64546.43,87271.5,78783.74,64231.16,72267.18,70327.38,70882.99,86594.96,94709.32,80204.68,101383.54,69531.94,77976.19,106060.66,76948.91,74912.21,72006.58
"FT2175",377.140674673972,993.380065917969,90123.5,99111.16,98324.54,99349.77,88336.71,93621.14,91012.82,75053.74,62471.4,63351.99,81790.14,68883.8,77162.58,69885.02,78587.67,86954.87,68469.67,64255.74,70545.98,96074.47,75744.96,77304.87,72246.17,70013.76,75952.65,79921.46,57294.4,86403.48,65819.22,65237.24,76289.89,72921.22,68637.17,71007.1,66374.48,59227.83,87342.88
"FT2176",377.774904040988,990.435974121094,40537.93,48878.36,60008.18,52820.33,54251.04,43444.05,40107.01,47708.82,67209.28,59920.73,45287.36,46298.18,42741.17,52011.18,56144.54,52583.49,28776.15,28491.6,33326.44,43426.41,56589.8,33220.68,46099.97,31499.65,41426.78,34741.96,65672.74,36456.12,46817.13,18965.29,38641.87,41169.23,48153.11,38666.44,42667.25,32138.69,45915.47
"FT2177",378.097791628323,441.182003417969,274398.51,57399.5,59077.78,760975.69,45462.7,51350.71,233172.5,48682.9,57385.93,786476.37,62561.12,51597.88,257181.45,41443.96,60442.16,764167.61,52150.75,57543.28,263888.16,60829.08,68009.73,731461.63,39317.41,43124.99,272535.38,61521.4,62638.29,746589.46,58050.39,51258.35,284859.88,51516.39,37465.64,757715.17,42156.51,43898.48,272638.39
"FT2178",378.134317141947,420.281951904297,213039.06,116140.46,231375.32,86194.81,299316.92,409906.14,232591.34,129513.04,225509.92,105340.05,251907.96,423016.09,223274.02,147282.17,226930.68,66197.98,198229.99,377829.89,188319.88,107043.83,236576.63,71281.05,309316.33,389900.58,200586.58,140496.01,209982.36,108229.23,282809.11,437040.66,220205.09,159397.54,217564.52,73721.75,176286.88,386558.85,222318.93
"FT2179",378.769230425399,990.436096191406,207847.2,189292.5,227240.2,211259,187608.1,172807.9,211173.6,205517,258891.6,247957.1,203492.3,184462.5,221430.6,204888.9,220037.1,234908.7,179759.3,167324.7,195572.7,180357.1,210916.1,217414.8,174010.5,160875.3,199832.5,186427.6,238444,235081.2,189894.1,150773.1,190329.3,185384.1,207594.1,201769.8,168663.8,152874.6,194657.2
"FT2180",378.802159892092,1012.59197998047,67420.41,64718.49,67171.88,63547.95,67313.91,64547.26,58766.82,70675.31,76692.37,56995.77,55880.93,35855.78,58792.89,67576.11,51801.13,57142.55,55728.33,63378.14,49836.73,69545.9,49641.71,57218.59,46420.9,70807.96,55402.68,60110.77,70287.34,67356.56,64769.98,57644.27,53566.52,36198.03,62220.8,60484.02,50976.67,56663.6,46167.08
"FT2182",379.10100889838,242.506187438965,1067518.678,87984.714,47278.534,2871141.605,3690.573,465448.052,1025499.975,186606.435,62981.584,4049718.37,0,703463.066,999283.756,262366.639,187541.008,3282055.748,0,370291.205,987978.734,80221.102,46787.692,3037250.439,0,489368.014,711987.937,179139.781,58949.875,4049443.283,0,699498.25,974709.637,277379.273,180196.802,3312411.698,0,352537.714,1000050.404
"FT2185",380.015620847241,629.943359375,955335.2,695348.3,780668.2,370671.4,2424265.8,768585.2,882002.2,696601.1,740771.2,354307,2594294.7,737109.1,907047.3,630335,624687.9,395807.9,2650278.9,702966.4,849284.8,679532,743767.1,352335.5,2505547.2,798001,884141.7,696477.1,742085.6,374222.1,2526214.1,731404.3,888823,662682.3,629842.4,341381.9,2566306.4,733865.4,914600.7
"FT2187",380.131314433646,301.407012939453,47132.92,37953.5,10890.47,101995.61,51975.27,57595.61,67975,24097.52,9946.51,93554.45,47334.45,52893.49,69627.16,31916.92,10154.65,100425.17,31484.59,61252.31,61373.78,33098.76,18337.74,103936.93,45033.27,64384.21,64652.64,34235.98,16357.16,111200.31,41947.49,66848.57,56309.75,34254.34,9849.11,92481.14,29177.19,55390.13,59348.63
"FT2190",381.110353567791,485.428004516602,3449046.6,3648651,3069455.6,4386216,283631.3,2491813.8,3494519.2,2888500,2742134.5,3922868.2,247524.4,2052984.8,3258085.2,2833391.2,2492907.7,4342693.1,195152,2081440.2,3181739.6,3426935.7,3042843.7,4414390.2,268926.1,2441020.1,3256845.5,2858109.8,2917311.9,4036664.4,241554.8,2148479.3,3420205.3,2940796.2,2478404.6,4562411.6,179545.4,2137665.4,3484469.8
"FT2193",382.100546922323,530.747009277344,191812.59,51009.63,40662.78,357268.87,262862.78,240814.51,188700.48,60221.81,48441.25,361707.27,282768.47,225819.46,213234.61,40724.99,10556.09,360532.21,261567.04,240713.05,197605.26,46695.37,18363.33,353050.74,269747.62,254708.64,185066.39,57016.04,19705,341651.27,281157.23,244324.3,196598.22,42559.22,34283.18,343684.37,287743.52,228457.48,197503.66
"FT2195",382.550441590613,513.8740234375,1123837.2,1050132.5,1197588.6,1099584.2,731339.9,942939.6,1102480.4,1068739,1160728.6,1382841.4,582259.8,834567.6,1083196.9,1127845.2,1250794.3,1270081.5,869496.6,748058.8,1100100.9,1051713,1120760.8,1173434.2,838314.8,896322.5,1004168.3,1160912,1180811.3,1457070.5,634453.2,938651.1,1044056.6,1237157.8,1218904.2,1272531.7,880629.9,750393.3,1084609.7
"FT2196",382.818073987106,981.653,1469624.3,928395,1296454.1,981120.7,1486733.3,1988322,1569361.7,1515265.7,1477123.7,1334151.7,1688540.6,1868370.5,1577141.8,1422493.7,1320861.6,1089377.2,3844975.4,2254838.2,1587827.7,888015.5,1419849.5,1120607.5,1680916.4,2044453.7,1639081.2,1588750.6,1702469.4,1571630.7,1854762.7,2168639.8,1764444.1,1658060.7,1361031.1,1205786.8,4264744.9,2569847.2,1882410.7
"FT2197",382.980242480406,231.331390380859,140198.33,57689.12,57628.36,107347.73,146344.44,94773.29,129911.92,73975.57,47549.7,105994.05,123468.99,109440.94,100002.36,83485.59,68394.97,102429.34,193909.53,87309.32,99124.69,46535.41,49712.1,103739.45,132333.99,99584.3,95553.07,72731.91,37325.75,89812.74,114504.18,81150.88,86434.75,79490.07,62789.16,106425.85,180594.94,90527.65,88347.73
"FT2198",383.026488513765,599.007019042969,124048.485,0,0,0,914785.885,0,133508.955,0,0,0,963672.016,0,119840.705,0,0,0,709617.907,2171.904,122634.924,0,0,0,859316.882,3173.428,112893.624,0,0,0,953269.047,0,118946.537,0,0,0,709678.996,0,122973.217
"FT2201",383.114615554065,452.361633300781,577896.7,260848.5,307844.2,980259.2,282987.4,337015.2,582470.5,299644.9,327780,1209168.6,233106,358184.1,550362.9,337833,361465.6,1288070.8,315878.5,315041,553358.7,240757.3,295029,968778.2,255070.5,331492.4,559500.2,304551.7,316993.5,1215259.5,255426.3,401515.2,600241.2,355401.4,377120.3,1383056.5,331825.7,311805.1,633705.6
"FT2204",384.031274207342,601.864624023438,72562.003,5654.85,29718.806,68513.762,102675.849,22386.856,43481.872,10725.419,29688.048,119978.24,88386.692,25561.505,35712.057,21564.607,34415.317,32918.724,95503.454,18841.912,58672.49,17392.051,31751.172,65361.259,81603.343,41938.098,53075.101,21228.403,39996.339,9964.933,92314.711,21572.154,67745.904,66835.252,46415.469,164240.349,111614.511,23054.164,55643.013
"FT2208",384.192551628061,846.092529296875,79781.1,49590.86,71014.62,103306.49,105356.69,42325.07,76557.72,53969.42,76131.34,107846.35,96421.3,26420.38,62945.19,44139.64,66759.89,105036.75,91350.37,26853.56,72557.57,37095.97,65809.9,95605.32,94621.53,36956.52,65074.87,42249.26,60466.1,93347.31,95238.39,37671.26,55184.68,34332.05,63932.01,90848.34,104500.14,38290.62,61777.72
"FT2209",384.815935764722,981.656890869141,293562.9,169738.9,259637.6,196538.4,285284.7,362203.4,293810.5,311203,273051.6,263194,322968.8,390245,300686.5,283372,249432.3,214155,779786.5,418282.5,319804.7,174832.7,262192.3,228812.5,335342.3,408302.9,316156.3,308157.2,349905.9,327148.2,378971.2,431253,355937.4,344362.2,267260.6,237561.9,848136.9,484532.4,381245.7
"FT2210",385.016285731057,813.634033203125,99463.17,35199.49,78430.43,98666.9,114374.01,55023.08,87476.5,55019.29,72761.99,113090.68,93289.85,39107.7,34217.08,38989.15,47463.86,87643.26,111553.82,60370.35,66967.31,27501.78,55151.84,83560.18,85228.32,51180.42,59544.49,50455.87,63013.55,103460.69,94596.22,53393.72,75075.49,51842.69,55891.47,89748.87,114935.6,53979.57,66656.74
"FT2211",385.017129054588,662.549896240234,135881.499,0,2417.07,508172.331,49439.426,6038.862,139965.712,2469.66,2199.784,463964.575,33520.66,5690.95,111010.313,0,12747.461,460663.478,68004.07,6775.908,110361.676,1867.246,7803.412,476084.52,42252.306,4636.844,111757.572,0,3617.975,466064.769,30317.73,7656.136,111388.485,0,12953.579,461917.962,54426.149,4110.494,137289.913
"FT2212",385.093224749012,167.234268188477,733200.5,672210.6,672365.1,670853.1,663549.7,693993.2,741303.4,624439,680113.5,692261.1,642114.8,702890.4,692498,657041.7,645292.8,716729.5,683657.2,687094.3,704635.1,678589.7,678121.4,678883,704456.8,674603.1,689917,707755.6,673966.3,680964.5,685447,702009,700214.3,665501.6,662837.5,715056.4,688856.5,688565.2,680150.7
"FT2215",385.172660575399,161.899154663086,845837.2,823566.9,806514.5,769614,804074.5,778468.4,793591.3,794532.9,809773.6,848122.5,762128,769602.5,771707.6,766865.6,799851,798896.5,777493.9,759659.3,770716.7,789117,802962.2,811885.8,789598.4,777370.7,785623.6,798654.1,787478.7,771721.4,740831.8,747268.3,756567.5,787969.1,801760.1,804332.3,765658.5,775536.7,771252.1
"FT2216",385.178821660797,89.0948028564453,3841420,3713287,3646642,2176429,2256385,4075647,3759871,1772401,3308863,2087769,3879267,2848533,3709631,3477057,2779081,1826969,11746902,4160773,3569402,3363442,3441499,2223891,2372221,4068504,3345563,1881863,3400542,2027305,3902412,2896648,3603144,3462670,2843094,1885123,11424289,4158787,3645857
"FT2218",386.016221726428,596.906188964844,80677.62,105298.106,71714.695,78174.705,10490.022,120940.569,81853.781,126722.589,97841.158,80505.173,11680.338,138121.504,73382.683,114183.25,83312.832,96837.427,16852.099,108135.996,89091.413,98506.8,80811.346,78796.452,12107.935,125093.242,84335.087,129056.77,82436.279,87950.891,5483.281,148430.268,88640.526,123317.513,85650.67,96348.33,17700.091,108094.695,92950.211
"FT2219",386.033824381584,688.318695068359,62382.18,101640.43,121010.13,56551.54,48478.86,87524.89,86749.19,93556.93,129523.86,54048.66,78384.83,99546.86,76621.46,103871.85,103911.53,49438.02,95332.45,90462.22,77201.65,86967.35,126075.46,53487.43,56824.68,105527.52,92886.75,107300.33,134092.3,67466.56,76887.92,111159.95,89082.07,121812.16,126745.15,60872.34,125552.95,122637.38,89783.8
"FT2221",386.062479876682,540.216247558594,304250.789,65438.072,8580.548,1237147.052,0,39914.366,331727.292,39940.773,31852.43,1218907.482,0,33362.168,274694.834,47336.341,65660.511,1222059.696,0,44263.481,314439.541,57104.958,54118.967,1359413.22,0,43616.323,345230.022,72930.035,62616.504,1346747.869,0,29189.839,329912.556,75513.818,74098.202,1263328.019,0,36131.704,353635.149
"FT2223",386.132069376024,277.541625976562,672142.874,0,0,9854.256,2165975.681,268489.444,658906.751,0,0,17574.212,2284554.992,224585.247,649631.033,2142.878,2329.949,13940.367,2886002.743,224343.757,623898.277,0,0,9515.347,2099761.628,246839.062,621745.51,0,0,12279.178,2291851.682,266065.341,645298.995,0,0,5772.705,2897578.893,200454.104,673373.917
"FT2226",387.010270193824,594.735778808594,87877.813,2388.884,6388.856,228972.908,27837.242,0,91525.459,6566.126,0,259286.385,15181.853,17177.764,89585.11,8427.742,6577.919,219754.197,21507.77,5633.427,80541.971,12861.507,2300.74,244215.62,23118.723,6340.974,72812.037,6986.703,6982.959,242262.292,31561.248,12734.342,76619.33,0,0,238798.296,9674.858,10898.42,88128.708
"FT2227",387.035109532435,632.733520507812,137288.42,117572.98,137832.1,68473.03,159455.63,135109.5,121825.97,123303.38,151349.3,82516.65,158296.72,139628.77,119162.58,111653.29,112742.83,69360.21,162777.29,143700.53,123685.83,99908.96,133665.32,83693.58,166474.12,140293.28,111881.54,125886.64,150763.38,72776.33,184100.06,151554.59,112890.89,111847.52,107770.22,43026.79,174676.25,157611.87,117237.46
"FT2231",387.153837188701,477.421356201172,1227296.26,1389774.66,1638079.15,1577320.92,31596.09,700990.86,1272891.85,1194805.52,1595549.65,1590526.07,37820.81,599648.81,1116165.06,1071860.77,1268209.23,1577217.49,39930.49,603823.97,1154166.67,1154590.69,1559934.66,1527794.6,50279.02,717864.09,1067229.97,1107642.18,1559072.78,1479764.39,22720.17,624525.27,1127894.93,1092336.5,1271967.07,1570181.06,19973.92,610709.73,1177655.62
"FT2232",387.165291420095,480.095886230469,879997.97,854408.12,753544.76,1163975.53,42021.13,953660.76,956584.07,801492.01,731141.16,1161912.62,43743.32,873678.59,853164.06,753529.44,628303.06,1155641.23,62581.77,838041.57,815759.07,820655.53,744202.14,1116695.77,43983.58,954072,824822.68,783272.82,748445.48,1125173.15,33649.41,921449.96,844746.1,779545.04,644077.19,1126869.89,60924.48,882292.34,862716.37
"FT2234",388.081571593372,332.266998291016,107093.76,73726.05,123393.59,50946.94,159417.1,108148.23,99285.05,77774.56,110914.2,42859.6,173824.81,97232.02,88146.56,91076.42,119001.07,23251.11,354138.65,123816.53,90310.47,64435.83,105611.86,47768.99,129902.55,83530.95,95331.02,68318.31,97181.69,24026.39,142328.2,100097.23,76823.21,82279.89,105850.38,21855.91,327908.71,94887.56,102315.77
"FT2235",388.155510279203,86.6723709106445,302276,219935,220229.2,244423.7,505744.9,430855.7,295735.9,167307.5,163988.3,167971.8,457273.8,370282.1,287239.3,241372.1,168285.6,172260,482689.8,515757.5,266676.1,172348.4,188578.4,232938.1,521727.2,420300,248067.1,161134.1,185076.1,184311.4,462162.8,343831.5,288076,226790.3,143305.3,229335.8,492089.9,510717.4,297555.8
"FT2239",388.935056318182,658.315063476562,186486.51,42082.2,48360.84,16477.14,1091431.93,87057.2,202090.37,36019.26,64602.29,22176.5,1236102.7,68225.6,153781.03,33701.59,31355.11,15482.21,1032250.88,60808.91,182993.04,27899.45,50766.46,22818.83,1087217.38,90208.7,172676.38,39586.77,61318.08,18618.95,1150580.92,87237.39,156696.69,41315.39,33293.14,13415.62,1168341,128150.22,196960.72
"FT2240",388.945591894125,661.140502929688,159943.31,21641.27,23543.04,21613.88,660985.15,80434.12,144011.57,31331.85,15515.1,25753.91,680263.12,48992.92,128915.01,24005.24,19370.52,24461.92,796098.45,58424.94,139985.2,19677.69,23895.93,22124.01,651177.72,64139.53,144329.4,31343.12,23467.32,26730.82,643104.51,64585.09,133549.5,30102.95,15247.15,17359.54,743953.65,66181.1,144852.53
"FT2241",389.177035972363,580.420654296875,1651554,2182682,2376317,2243319,3694150,3110883,3251774,3628329,4242199,3715148,4883300,4378815,4427356,4649321,4991560,4429199,5668739,4574833,4646090,5501251,5375071,4357418,6388377,4954900,4715705,4836891,5109960,4180797,5218223,4917622,4510839,4711422,4910608,4136763,5400752,4703515,4337424
"FT2244",390.019888397957,496.292938232422,199865.54,213505.66,212378.34,204989.13,103217.88,181054.6,167298.04,163498.75,202565.1,198206.49,79505.86,168684.92,167221.88,148163.13,231606.65,219669.75,96994.05,187965.38,159672.63,165702.79,195181.42,201100.19,54877.6,164551.83,172243.72,161426.44,198297.35,159749.12,73579.95,165770.58,168027.68,162274.32,207936.36,164115.45,89913.61,183571.09,152445.23
"FT2245",390.081973903639,439.77099609375,211748.4,172473.7,201658.1,181648.1,206546.6,191970.3,215971.6,156342.6,216161.9,143996.2,192094.3,161773.2,200987.1,157884.5,145674.3,150500.9,133367.5,156865.6,211782,169741.5,182679.5,149588.8,182624.7,156924.3,197426.3,144004.1,209328.3,143501.2,191226.8,167254.7,200589.9,167841.5,154438.9,135613.5,116959.4,165070.4,182651.7
"FT2246",390.115750664885,236.062721252441,372712.87,97312.03,84059.9,1039094.32,96221.11,138382.51,346752.66,115398.2,93152.04,1054938.38,82023.78,126234.25,346740.04,157188,106785.95,1076456.49,97155.56,111784.76,360537.25,110118.82,84814.22,1074528.83,96684.27,142087.55,302347.44,127549.47,88078.47,1086142.86,86027.63,160628.5,384034.4,168790.39,125134.35,1127938.73,122839.08,136570.72,364680.83
"FT2248",390.286569427255,87.8796997070312,403379.637,58054.53,45371.444,10525.214,71007.176,63807.66,408315.418,47959.236,73364.813,33780.982,46445.965,75668.107,406416.579,56226.985,35345.592,16627.619,54990.144,65778.084,336430.895,40544.462,50783.296,11170.66,66736.015,73266.948,298205.981,13963.802,32709.509,2968.857,66539.65,58782.251,339247.95,73344.2,40943.367,19271.392,52274.652,68982.297,374967.85
"FT2249",390.893094827851,660.485809326172,63546.954,14698.581,2986.108,6163.55,320644.03,17939.435,62851.489,9647.411,11896.103,2603.348,348312.7,14722.243,53348.51,4213.884,7181.502,6796.641,262399.651,20313.416,51468.477,2392.113,13488.88,6345.452,320127.306,15818.639,54881.734,13213.792,14851.872,3012.602,305623.393,24546.779,49948.79,10243.776,5929.159,9226.408,278198.64,16957.136,53113.603
"FT2250",390.900487349741,581.79833984375,5651036,2984916,4374385,4023317,5885532,6301578,5515755,4926195,4651910,5460796,6234564,5940367,5512598,4656118,4358259,4296296,8883208,6220615,5322412,2992471,4505673,4204208,5940110,6261199,5039599,4966265,4504813,4955011,5973714,5956445,5279179,5015471,4456570,4103900,8491238,6405175,5534288
"FT2251",391.040610452112,845.413024902344,288742.6,154092.4,226530.5,285878.2,320787.9,243727.8,259692.8,221420.6,245278.2,316349.9,282044.7,144925.2,187628.8,167349.2,201414.1,245720.5,388441.2,211825,244932,125560.8,188385.1,234189.2,258118.9,187480.9,236184.2,176003.8,201930.4,260621.7,274320,220855.9,236668.9,171895.7,188297,223165,388046.8,197606.8,216825.8
"FT2252",391.06692394199,450.964584350586,30412.5,42513.76,47446.96,25828.57,50307.55,55474.28,36928.21,54828.03,36679.79,46066.34,42688.27,53150.47,41121.73,47250.15,48698.92,39026.1,40714.17,69289.16,51576.93,48678.26,62912.96,32940.66,79852.76,71277.94,58382.56,73319.42,35558.32,46445.14,57213.57,85316.54,54160.99,74300.05,56690.06,51185.42,69479.32,92897.52,66102.09
"FT2253",391.119028953443,241.096862792969,28381.485,2371.779,0,137978.725,2740.047,1701.151,27247.452,1772.447,4124.641,134639.258,2996.775,0,27960.325,4309.898,1829.594,146955.71,0,7150.641,29657.002,1783.642,6393.746,145852.877,2140.432,3104.048,21256.904,4059.347,0,154126.733,6525.069,6240.952,35676.612,6470.176,5903.91,169669.39,5066.414,8627.47,37872.027
"FT2254",391.129556908917,335.046630859375,153878.27,35126.61,18916.44,172751.93,44760.29,86334.33,168123.96,70635.77,16537.79,185035.13,25443.07,89538.61,146099.17,101274.52,55474.55,168138.96,70217.29,49103.72,134869.89,27128.27,17657.45,157186.07,37618.77,64250.48,108264.02,60586.89,16210.49,155207.49,11368.46,67649.92,115741.43,67731.16,37065.01,137492.83,55162.91,50150.59,125844.8
"FT2256",391.180325119044,846.209899902344,138375.39,65805.54,129559.67,221042.27,195246.5,67096.07,145432.53,70834.13,134555.63,212754.3,165616.75,44270.18,104068.17,70666.02,108003.7,192501.71,167490.3,54678.49,121618.21,54922.65,118855.05,180107.52,176127.7,62995.66,124791.52,68645.8,115725.19,191979.05,175215.58,77442.3,136199.85,82240.95,116195.73,190904.1,180330.32,63303.85,136766.27
"FT2257",391.571713720388,404.832214355469,195500,194686.8,198619.5,218675,189723.4,171908.8,207805.8,180276.2,204437.2,210735.9,207494.8,180092.3,213560.5,200382.6,168174.1,208015.9,156314.1,180276.2,200092.2,202334.1,197164.1,211975,179297.2,176696.8,187901.6,174908.2,203748.3,198836.9,191504.1,194069.8,205478.4,198867.4,185170.6,194181.2,156580.6,168490.7,202670.1
"FT2258",392.097683947005,442.577087402344,531126.9,360225.3,364899,472266.4,683680.4,426635.6,517900.2,312450.6,386194.1,465690.3,631345.6,384526.7,433651.5,300034.5,306800.9,436545.4,356526.9,357597.7,448135.3,311861,314446.7,428445,573542.3,352678.6,430624.2,268589.8,318369.3,426030,565821.4,379221.8,470704.6,300360.7,308137.7,432644.8,372374.5,342010.5,436865.1
"FT2259",392.126370104523,332.266998291016,138041.37,215632.16,214955.68,63091.69,173977.76,158581.54,131878.77,211996.8,208997.45,37358.69,175382.32,140880.51,119304.74,172311.95,183336.01,38123.68,116026.33,139210.8,113467.29,188761.39,197180.21,74784.31,151215.85,143650.26,114880.97,194693.1,205902.74,48247.91,152884.1,140268.55,118354.59,186131.72,165237.11,69684.18,108539.98,133599.27,132650.75
"FT2260",392.159931223458,441.167816162109,1467676.7,589815.1,663264.7,1261682.2,2381667.7,941266.8,1412237.5,494163,734041.4,1242504.1,2287731.1,868558.7,1260328,544919.3,548094.5,1239753.2,1537933.2,800628.8,1293027.1,538845.1,600666.8,1181504.3,2177209.1,817412.3,1223094.2,473395.6,655125.7,1090183.4,2078032.9,820739.2,1241949.3,567318.1,520191.3,1157348.1,1483251.9,762249.4,1227553.2
"FT2261",392.784741622229,993.321716308594,350481.1,339404.2,408912.5,374751.7,335407.2,305733.1,365579.1,352862.1,422723,398507.9,370941.5,316415.3,352373.4,358250,378250.6,373421.1,262570.7,276233.6,345285.7,336701.7,380723.6,363556.5,311823.1,314665.7,343725.5,340140.8,395266.1,371077.4,339625.1,306694,333243.6,318137.1,340501.2,363496.1,240437.9,266128,340598.5
"FT2262",393.08089825291,453.776947021484,75218.097,0,0,23366.248,762911.28,2514.006,74825.411,0,0,17961.054,780672.285,2020.758,73667.587,0,1433.587,33890.161,526099.335,4775.84,74851.506,1587.472,0,32534.184,787902.335,0,73711.504,0,0,22347.461,816721.324,9269.107,85191.185,0,2213.301,23125.024,591442.084,4294.046,87518.31
"FT2265",393.241627255659,92.7773475646973,65599.98,56573.24,24114.344,191369.532,28216.722,151587.105,93258.527,32972.323,36682.825,195016.093,26523.374,123238.067,73479.418,51592.898,31721.105,184062.443,7647.173,141243.056,70814.424,50377.09,31914.666,198677.816,19018.711,127471.355,50508.073,60951.77,41769.945,204218.35,18665.577,140042.099,75360.304,30733.887,29997.245,171863.152,14439.143,116303.209,84554.053
"FT2266",393.374112417719,80.5034637451172,93986.11,6034.404,17538.811,430136.021,19111.222,32025.144,78311.538,1770.057,2431.81,397046.145,16702.16,16698.494,65911.415,0,14781.733,372836.578,13094.881,15777.845,47065.935,1796.884,17874.198,415278.387,23285.06,18546.188,62714.959,8933.776,17675.753,390879.642,7147.212,26336.827,80975.875,0,19021.351,386898.36,15299.825,20883.046,51748.45
"FT2267",393.769005654671,79.4677925109863,333258.5,940013.7,700564.2,321451.8,915119.8,452653,234305.2,452564,720383.4,184098.4,775941.6,434968.4,285957.8,619361.4,821313.8,216014.3,194411.8,357766,359224.4,876884,740522.4,300951.8,691187.1,160675.1,315521,523668.4,632981.8,225035.1,700347.9,316964.6,320322,667424.7,834131.6,320733.7,164806.3,358450.7,253096.2
"FT2268",394.086870886381,232.731857299805,151769.67,50806.69,81262.23,197775.36,95637.61,95260.71,142428.3,79464.95,76008.58,189886.35,105045.59,102569.96,140216.76,92272.2,99245.77,185285.34,182082.72,86009.61,134597.39,59819.67,67631.54,201014.18,84903.59,100926.47,132481.35,76294.34,76008.85,192783.73,102349.9,108759.31,135613.41,99335.77,108803.59,179098.55,224848.87,97433.91,123505.39
"FT2271",395.244046215395,83.0675964355469,4317815,3384341,2058752,3633934,1651812,2807432,3017445,2472798,2184148,2341282,2248959,2454436,4262380,1382950,4760015,1229266,1602955,1641626,3218027,3211328,1883957,3946635,1846547,2859452,2553971,2451524,2215117,2442163,2259742,2412302,3390914,1371340,4855001,1378256,1621628,1628742,2506270
"FT2273",395.25687717776,164.561996459961,185126.589,62388.411,52148.398,411904.713,12393.993,171000.103,179931.96,75305.302,59296.056,404786.899,11492.934,151014.652,179011.881,75929.848,61892.107,365450.337,12098.637,126352.731,159332.747,70128.387,50268.112,407805.587,4956.927,159110.9,178884.742,79093.887,37217.554,403428.176,9319.711,168232.449,165514.543,71754.739,18814.915,381211.934,7292.88,172591.88,155339.819
"FT2274",395.389856397254,80.3203506469727,173695.23,45390.21,43656.62,423235.04,5743.42,132680.22,161965.67,21289.89,63604.93,355460.57,22764.24,140639.63,105560.95,33705.86,51775.19,420425.39,0,127680.99,91674.77,49246.78,36127.92,404614.68,12971.88,133408.44,128879.28,36225.69,40537.39,295802.07,24353.61,154569.85,133060.65,44334.56,63532.15,401493.13,0,106082.53,150685.44
"FT2275",396.02362515501,625.801727294922,85666.849,62205.264,70278.584,102185.997,2160.679,96697.632,91641.616,92543.835,68247.426,140872.585,0,80064.3,81500.073,98549.304,61663.977,101404.051,13637.02,73043.314,92373.866,68771.039,65532.609,91568.242,1954.599,74880.722,94998.36,92762.153,71523.242,125848.656,5491.781,79598.217,61332.985,102445.407,66562.982,98670.159,7274.759,74811.891,83543.436
"FT2278",396.260405046244,95.2407531738281,43195.756,31857.027,10965.358,246483.529,0,82402.087,57404.656,31002.762,19494.139,247523.442,0,82582.639,66851.449,18808.573,12711.14,209179.629,3291.974,95330.277,57081.076,26183.738,25778.011,218644.751,0,98424.332,66896.78,19105.304,29785.812,216654.224,0,60623.083,27867.115,41962.76,27762.59,205381.713,0,90249.808,53616.719
"FT2279",397.114541349285,533.40771484375,586677.3,380836.8,398671.6,932079,0,297085.3,628506.9,323812.6,410536.6,959323.2,0,258730.2,565027.6,292281,303675.9,1025480,0,233486.7,525621.2,297454.1,323379.8,908080.2,0,256471.6,563028.8,277681.1,336938.2,968337.3,0,234891.9,534797,271523.4,318645.1,954457,0,237629.7,569901.7
"FT2280",398.791976231898,986.001647949219,2032424,1436913,1866278,1614202,2030179,2330877,2135064,2098919,1990292,1932355,2160692,2219483,2016816,1940646,1880873,1725940,3530673,2449787,2118642,1504214,1936112,1672073,2091547,2363585,2157744,2027423,2153136,2064207,2236563,2498992,2179428,2156806,2004311,1799176,3787414,2788692,2274249
"FT2281",399.018826536415,274.736,66674.87,57663.23,66559.63,78365.91,24310.24,54454.74,76227.46,52232.91,91585.6,81781.74,29460.09,61519.93,75400.19,66788.17,83186.15,73418.21,34210.71,63580.57,87123.71,60685.76,75357.87,70833.93,23779.18,56882.04,75517.37,65061.68,91301.27,73870.15,35796.39,70555.79,69152.17,62200.93,71912,72123.85,38172.62,58492.58,83135.27
"FT2282",399.046441083821,566.652709960938,338579,360809.4,300874.4,219576.7,217036.9,445732.2,321791.3,363902.2,329897.4,247719.2,228346.8,490203.3,296961.3,367726.8,304482.8,228279.6,213169.7,474816.1,298055.2,355717,307332.4,232933.1,209457,435174.5,306758.6,379160.9,353316.5,247320.4,240407.8,472593.9,300428,402633.6,325442.3,238748.1,211486.9,438210.8,292409.4
"FT2283",399.082850496983,334.736465454102,42926.76,10101.278,53254.646,23728.418,76999.882,35617.48,57724.694,6332.016,44193.414,12733.076,81015.291,41055.613,44663.254,20457.641,59921.924,3585.753,553546.854,52895.196,43875.431,13227.134,52753.335,17862.309,56025.666,32619.21,42032.637,0,41764.026,15613.466,84402.045,25984.993,30040.211,19469.408,61625.14,1676.929,483752.08,56736.722,48292.943
"FT2284",400.129905696969,443.969192504883,118796.9,139695.3,149056.5,105941.3,136949.3,142150,141448.4,139920.1,162422.3,105284.7,152091.5,138775.7,130908.3,143645.3,132085.7,109161.3,133432.1,144085.6,117238.1,152702.2,135138.3,102212.4,128661.1,123271.7,134534.1,142792.6,139123.4,101496.7,122672.7,153126.5,119666.9,140886.2,122774.4,105027.7,133889.6,138088,132059.1
"FT2285",400.789938673043,986.003356933594,547190.5,389409.9,509605.9,445115.7,566940.8,666239.7,574911.5,566507.6,561492,518656.3,584143.1,590610.7,537170.6,547846,492003.3,456257.4,986564.7,656877.6,573664.6,391365.3,553068.2,439538.1,579802.1,654824.9,581787.9,570833.6,596965.8,564649.8,638438.6,696219.9,611405.1,567992.4,536949.9,472320,1034569.5,752961.4,652695.8
"FT2286",400.867870786115,963.03515625,222742716,95452355,160841212,108216991,227960310,337512880,218602408,215056407,171556379,166974055,243716114,306567467,223184382,185192644,145762121,110222441,597820919,359700211,209582824,89534528,153276743,109276938,225052686,329229722,204196114,209333829,172095014,168991106,246261352,307052438,211896577,183670651,148036531,104513694,584977475,364855748,223277356
"FT2287",401.015839582417,540.137512207031,432109.8,413533.7,310325.8,474399.4,261434.6,544383.7,445358.8,541905.4,304690.4,505911.5,191124.6,624117.7,419922.4,533182.9,402258.1,545680,250011.4,486681.9,414999.1,392198.4,300786.4,473989.4,254028.5,566102.1,433025.5,499293,325601.5,530640.8,219747.2,629413,437295.4,555425.2,407605.7,541321.1,293986.8,484445.2,467088.8
"FT2288",401.050380061067,623.124694824219,291808.9,323752.7,276747.8,222099.7,433924.8,213243,296338.8,358132.4,337844.7,208372.1,476373.8,228274.6,306285.1,307999,289177.5,218654,383174.4,219666.8,313115.3,372346.1,297988.2,250132,501921.1,249874.7,312324.5,412630,391977.2,224003.3,534254.5,279867.1,332477.3,383508.8,321865.1,264084.2,446937.6,276705.4,368522.2
"FT2289",401.061077556296,624.404724121094,269205.51,309374.27,161760.33,302540.8,225768.15,112783.27,244468.22,365155.87,196578.31,374914.6,229476.02,142305.31,265855.29,368604.02,174465.75,304308.92,197643.33,128577.76,247277.14,302592.43,171881.92,315661.52,208920.67,121383.86,275707.9,385239.66,193440.96,375530.73,203435.52,135128.56,248199.31,359912.48,67646.81,72673.65,192541.24,129426.07,262026.36
"FT2290",401.082872807168,239.793640136719,604421.49,84989.27,58026.25,944908.07,0,354249.52,606165.64,189653.79,55911.11,1134569.9,0,454848.36,564998.91,223660.69,173057.11,1007130.38,0,281331.22,572674.91,73732.92,29223.47,939066.68,0,335140.37,491959.27,170155.98,62879.83,1149696.64,0,455387.65,563671.75,227896.22,168572.62,1016919.75,0,285522.37,554774.6
"FT2294",402.011189276497,629.946411132812,2199386,2102831,2187091,2251202,2125063,2163336,2251729,2455453,2377511,1964581,2114750,2231601,2144937,2222273,2140872,2274162,2064315,2015749,2170118,2058908,2167600,2249447,2210024,2178587,2119995,2453881,2391560,1921341,2059883,2365085,2094535,2267861,2222130,2248526,2055623,2031950,2274153
"FT2295",402.012848181416,497.668472290039,83236.39,65451.35,54532.77,86083.67,11336.83,58218.09,75899.39,52618.44,68676.06,110433.26,31219.54,80398.06,72213.28,67800.62,91629.74,104179.52,36555.8,70073.37,84083.3,77077.61,78972.29,118927.32,15937.06,88878.83,90978.6,86493.36,54257.13,131953.5,12846.85,82649.32,83342.75,107688.34,113963.77,122826.11,52719.79,91086.75,116548.46
"FT2300",402.995091432957,610.2841796875,16903643,15508497,15350342,13473555,17773785,18598805,17194178,20878580,16506790,14088012,15507857,18123245,15587596,18377622,16514681,15439595,18983033,15227889,16616596,15482477,15184053,13481582,17272500,19276616,16424055,20825584,16214769,14314242,16201984,21720439,16875968,20598359,17156647,15631179,19977263,16504715,17371070
"FT2301",402.995268682654,664.072998046875,2378807.5,2420201.4,2518709,1314287.6,2480101.6,2512800.8,2169730.1,2524308.4,2736385.1,1313295.8,2455540.1,1980063.7,1251570,1833095.6,2155010.6,1319097.8,1208520.1,2199104.9,2068837.7,2094140.3,2427523.5,1150995,2466985,2357230.5,2079026.2,2394219.1,2570264.9,1062927.4,2411084.4,2040225.3,2167662.7,2365811.6,2281781.6,508528.2,220760.3,2303083.7,2180176
"FT2302",403.30691193099,87.8797,509957.03,93641.82,77048.8,29853.6,76900.96,69188.95,462345.09,59276.25,86663.43,53883.37,96975,80889.68,458806.28,61452.33,17782.21,11672.68,53431.82,110609.92,517578.92,88784.69,55272.68,12581.53,68415.78,105201.53,477949.62,63879.98,57883.24,30438.8,113747.76,112677.68,477139.28,95757.26,47872.11,24306.57,51106.92,129252.77,432304.34
"FT2303",403.555933581091,465.016998291016,530487.1,547141.1,532418,736490.6,291311.2,378323,516618.6,455147.8,501974.9,605639.9,335765.9,370739.1,480047.8,481773.5,479397.9,768610.5,232625.2,375993.8,491803.9,507884.8,491907.8,713910.1,276681.4,359869.8,511850.5,474206.7,541188.6,553226.4,318177,427220.7,499927.6,496856.7,481083.9,752736.9,236839.8,372349.5,510373.4
"FT2305",404.043339228219,645.547424316406,476135,488272.1,413500.8,404802.9,487251.4,426374,440089.1,473892.5,401994,384532,445445.3,452951.5,428922.6,512276.7,421895,420812.3,385824.4,395807,408778.7,454599.3,421188.6,387712.6,484084.3,405755.1,421305.4,459330.5,397955.8,388129.2,447993.9,428692.5,417168.8,499532,448783.3,402684.8,405559.1,413883.6,435934.5
"FT2306",404.054698982613,509.949447631836,140048.6,164407.1,118201.4,105634.1,148927.7,146591.2,145648.7,127368.3,140791.2,110538.6,171593.1,137033.9,126505.4,153241.3,144037.7,107086.1,147889,191324.6,177437.1,154288.6,128080.5,125913.3,146974.4,154704.4,129063.9,127021.3,124653.6,123240.6,152827.1,164612.7,185529.1,158999.8,125625.9,103828.8,107078.7,193409,163120.5
"FT2308",404.131355935236,229.923004150391,947435.4,528738,353837.4,1536184,469526,607347.7,959575.1,604980.3,333542.3,1584358.7,424433.9,660458.1,915507.2,761490.4,426819.1,1663342.1,492613.2,548109.4,891608.4,476788,342942.1,1636207.2,459553.2,634246,839476,621645.8,344221.8,1655814.8,409167.6,677545.1,876010.6,741411.1,475129.3,1668029.2,515433.6,590702.5,914203.2
"FT2309",404.142511334598,288.751190185547,49758.387,0,0,0,180599.512,2538.204,53496.355,0,0,0,174013.222,5122.59,48262.509,0,0,0,192270.654,2979.118,44445.696,0,0,0,186537.628,13166.786,40408.641,0,0,0,190799.828,8841.627,55035.442,0,0,0,211108.805,8476.708,52308.268
"FT2314",405.262989803667,78.2512969970703,80595.78,210379.4,200976.97,76024.49,136049.66,195434.06,107117.66,193048.9,219786.57,59616.3,116794.58,190887.18,99890.52,176962.92,251812.93,71158.22,26157.53,174730.98,105526.2,199038.31,180345.32,46705.21,116730.39,175136.19,55426.5,145901.85,213373.74,90094.18,81803.17,138455.07,137873.56,208525.39,245391.24,68735.2,32790.9,151516.25,80090.73
"FT2316",406.00192279909,508.624847412109,1653744,1655532,1494731,1192827,1475655,1394933,1287312,1238500,1282591,1052169,1297806,1222809,1114500,1272286,1203696,1083133,1212516,1237547,1148156,1306860,1325787,1118541,1209454,1315623,1250002,1294067,1413775,1087916,1328025,1202706,1208473,1307079,1304358,1157919,1228088,1395212,1279687
"FT2318",407.003874277475,508.610992431641,312718.8,288501.8,250842.5,139852.4,230994.6,220857.6,224796,239871.8,237892.3,151786.2,174447.8,203693.8,195183.3,192132.5,239885.7,172717.9,205902.9,230829.1,191366.9,232271.9,221905.2,183561.7,197362.6,226938.9,189284.5,226074.5,227240.7,177446.4,197273.6,210908.4,191430.1,215018.8,233447.4,205656.7,216846.6,221699.1,246357.1
"FT2321",407.220705610439,95.2405548095703,63730.36,28269.16,49179.97,252312,29006.16,58652,88049.03,37801.33,37466.55,276652.74,25706.11,76233.53,51973,45536.01,34241.93,234601.61,30799.08,62385.87,82155.77,20983.2,31438.23,264286.98,26583.79,53410.29,86177.24,58562.38,43742.79,276046.33,37617.09,59041.79,74276.1,19322.68,30502.8,234863.66,24765.22,104626.08,88501.91
"FT2324",408.141584121897,246.624435424805,448008.9,321084.5,236138.9,377851.6,531932.2,374938.6,428627,307989.7,249805.1,391328.8,447177.5,361609.1,441915.2,456081.8,339080.7,426498.4,532976.7,319767.2,487505.8,334284,288812.9,449931.7,611955.1,440638.9,396165.5,369341.4,327652.6,477306.2,503500.1,449975,546416.4,564437.9,448512.5,507487.3,616867.2,398043,545479.7
"FT2325",408.854997244909,971.785705566406,1786439.5,917267.5,1319031.1,1001901.8,1628790.4,2361293.2,1651408.2,1522644.7,1374996.6,1422519.4,1759144.9,2289381.3,1691194.2,1385022.6,1194097.9,994668.1,4838412.8,2571363.5,1546393.5,750127.8,1090619.6,908511.3,1550444,2159801.5,1430699.8,1477699.7,1391137.4,1234285,1757731.1,2171778.6,1460628.2,1401509.1,1121907.2,839542.1,4899208.2,2436923.9,1475133.7
"FT2326",409.067572976056,686.880981445312,28315.804,15142.832,0,107375.173,0,3996.1,36687.962,14508.966,3918.984,107312.838,0,4145.756,34856.655,8367.031,1810.864,111624.947,1676.464,0,29500.568,5294.664,3360.119,102404.448,0,2254.535,31967.842,12601.874,5424.428,102562.761,1792.64,1735.982,25234.08,9405.91,0,103349.516,0,0,27938.417
"FT2327",409.140063292888,339.183258056641,54636.49,0,0,103063.548,10722.236,21917.963,49704.412,12439.755,2193.286,119892.128,5385.365,25990.743,41303.136,15686.372,5943.126,111415.286,33013.257,12336.823,49042.724,0,1293.328,96966.608,5732.063,18335.44,50217.795,11429.223,0,121721.711,5840.867,19772.032,51636.019,12551.744,6018.157,105014.768,30590.974,4460.021,49676.449
"FT2329",409.236253701107,163.245,509740.4,257596.3,301258.5,751921.1,302751.3,475267.7,488470.8,283545.7,355423.7,814015.1,359931.5,507925.4,492409.2,341236.6,371213.1,723550.7,451059.1,460261.5,489319.5,239916.3,298694.3,765848.8,328703.4,453781,484226.8,308801.5,346221.6,784768.8,398718.6,510915.9,485968.9,336120.7,375674.4,717850.4,375203.1,470247.9,493417
"FT2330",410.02731540402,529.414215087891,263737.85,179828.91,192682.49,290404.88,61623.68,241845.01,228055.15,246956.44,197120.69,316757.52,78048.14,265326.47,228699.71,254576.82,226527.89,319366.33,99349.57,222085.62,244199.39,223312.61,187281.63,284353.13,52665.39,218168.09,226101.22,264789.73,197188.24,319374.96,71929.15,272114.26,214708.91,266370.33,262824.72,320162.33,113634.84,207233.32,206965.65
"FT2331",410.124073617861,232.777557373047,57485.892,17477.546,13287.583,77408.545,52203.882,44365.967,64699.272,10964.435,13915.311,93721.189,40926.749,39693.373,37324.191,19582.911,23205.729,74576.567,54858.478,29281.342,47697.814,8739.212,14148.81,60430.484,26364.104,39058.58,36011.193,20165.518,5973.542,68466.627,25835.044,44334.117,29889.871,20576.439,15883.195,69896.964,55012.439,27025.163,37699.525
"FT2332",410.125878217509,333.663726806641,260737.37,138058.36,221596.88,169898.63,279381.99,209756.17,227007.43,136380.93,209663.87,162107.65,288329.6,209557.04,216475.53,179704,233917.36,121051.17,692862.88,229198.3,219399.21,114984.15,217598.95,159305.81,240589.08,184535.56,223873.15,127060.78,192822.72,155335.83,253887.71,190698.06,203501.5,167581.83,216184.69,97134.76,629167.71,212803.13,220335.1
"FT2333",410.239798122532,94.0221099853516,404561.2,154906.5,203393.8,499389.3,199887.3,344733.8,330904.5,189101.8,209199,549999.1,269444.7,356051.8,311260.5,205223.6,243480,471117.9,346448.8,337318,323440.5,139990.9,199026.7,549445.5,231427.2,358351.9,328319.2,198964.7,221147.5,495360.5,266956.2,395707.1,351533.3,225714.6,239901.1,510719.1,355605.8,339936.8,362681.4
"FT2334",410.56377007522,431.426208496094,94518.949,111284.31,161862.204,27518.571,52570.182,81354.159,88375.387,93360.427,190655.751,23928.126,30626.641,65218.484,67202.505,104355.501,116103.864,39270.538,23724.264,77986.748,74393.591,95896.782,167718.617,23386.333,49067.86,77944.295,91432.978,103393.46,170403.206,25486.225,50704.959,74818.716,70554.314,97759.859,143683.263,28478.463,8084.383,84781.308,77826.705
"FT2336",411.127332936688,290.131195068359,633049.6,558032.3,641587.3,578280.7,736144.3,567495.9,600040.4,588659.5,657593,580912.4,717496.9,551493,589336.3,563729.6,602192.1,558042.4,664987.1,562470,621803.7,580553.8,645271.3,554154.2,671984.7,542440,581300.9,555066,657065.7,577592.4,738934.9,604877.5,591478.6,554320.8,572410.9,519595.1,612428.9,572029.2,608742.4
"FT2337",411.239235323774,85.4820785522461,249849.9,290862.9,320860.4,268054.4,228452.6,379618.4,270166.3,223263.5,325976.3,353057.7,328779.3,416794,301001.2,238151.9,299931.3,274454.2,319095.4,319246.5,231498.7,264537.5,338145.5,282964.8,250647,351469.9,220873.1,207732.7,373152.6,391576,389697,449869.4,237240.7,272728.6,299082.9,265241.4,350213.2,335744.1,345794.4
"FT2338",412.031581101301,509.956329345703,380354.58,464561.18,420545.26,102880.03,116494.39,852476.9,369483.59,474703.26,486610.78,126245.32,141668.47,816956.43,380587.82,449801.37,431256.85,62658.97,143303.11,788780.04,336971.64,456203.97,430635.37,89124.93,112345.66,860725.47,381726.84,470068.39,473355.09,142041.44,101801.48,857538.92,340284.49,472891.89,409186.28,60829.21,66017.22,771379.31,349559.89
"FT2339",412.130733807862,288.789001464844,92193.11,78908.86,90985.42,79636.31,90719.59,70933.98,88185.31,85702.28,90543.12,82203.94,115532.75,78242.39,89355.95,64498.07,80309.12,72490.28,86395.05,77496.48,90438.38,77955.38,93693.96,89091.97,93015.5,79057.4,88536.54,80263.06,96427.09,89354.58,91626.75,62115.25,86250.72,71731.61,60160.27,72215.65,87928.71,79293.74,89121.63
"FT2340",412.184168072558,340.5556640625,32411.141,0,0,71414.773,3302.796,11645.77,47017.424,8523.751,0,87501.711,0,15086.926,32478.545,3912.205,4968.374,84875.146,6445.003,7769.766,29707.762,4073.867,2069.126,75730.866,3354.015,12903.7,42078.726,11813.73,0,95260.217,2189.794,10067.539,43869.145,5127.383,1538.952,84098.524,5134.95,4435.836,32697.292
"FT2342",412.882403044444,587.570434570312,4337119,2827951,3561327,4442709,4914725,4206011,4228635,3612113,3471256,5013397,4872018,3759758,3756521,3250534,3482533,4390165,5504976,3891974,4004382,2722469,3551034,4320623,4600012,3964456,3873910,3400659,3314127,4697903,4598950,3888293,3937003,3532488,3564973,4353467,5568459,3981168,4007390
"FT2343",413.02271253757,846.623962402344,261653.1,169146.5,235192.8,260677.9,301573.7,222788.2,280558.7,198945.4,243554.4,291900.1,230355.8,118984.4,159175.8,157251.1,187400.8,247855.7,322742,181946.8,235128.7,120841.8,198764.4,212618.5,232533,198289,208775,173801,187723.9,257095.4,246804.9,187887.3,219651.6,169165.1,187084.3,235432.1,319410.4,195275,197724.6
"FT2345",413.16811376947,232.696632385254,261359.8,180230.5,148825.8,263150.4,284957.9,238514.6,251401.6,150707.5,142993.8,279483.5,234583.1,239265.2,241873.6,195358.5,177151.5,246267.4,253272.7,199774.8,258081.6,173514.4,134484.6,254413.9,270456.7,231210,206037.2,184798.4,144511.9,265837.4,222541.3,218486.5,250145.3,216199.8,181709.6,186605.9,264164,217915.2,241717.8
"FT2346",413.197194634284,89.0935134887695,8388595,7429552,8194669,6079239,7208373,8424474,9093247,8030558,7398111,4911535,8924571,9342254,8692816,9184250,6972409,5161146,9389589,8192439,8154833,6867453,7946991,6233989,7225095,8399352,8667554,8164015,7459648,4656194,8869201,9551957,8934731,9231445,6894139,5218761,9283100,8411524,8490267
"FT2347",413.222953406903,249.236785888672,46813.182,4451.233,0,70352.029,0,14786.514,45125.615,8609.56,1642.498,68774.539,0,31375.135,36893.636,9461.911,13376.606,62877.581,0,19678.82,22456.169,3554.034,1645.7,63732.74,0,10254.574,28620.084,3672.254,9643.567,55770.19,0,20984.939,33444.609,19089.692,8225.847,49502.765,0,14443.418,38023.937
"FT2348",413.898432438466,410.406860351562,43467,88421.438,73171.195,47203.745,14596.671,22926.767,54473.396,55357.411,67226.671,33166.634,7828.963,17622.051,42018.669,64365.594,75833.981,43737.09,19055.068,14258.867,29052.643,75107.847,69544.515,51968.599,29153.21,29173.673,21184.584,53469.211,56366.546,21349.131,34428.997,25804.792,42220.795,74428.75,72136.736,49472.665,24149.759,24823.074,37948.06
"FT2350",414.170868887582,333.639373779297,291298.5,341367.7,370242.5,234067.1,272485,282680.7,280916.4,363344.6,334510.7,211261.4,258490.5,255017.3,261240.2,332898.8,306052.2,224969.2,225607.2,243729.6,239014.7,305326.9,317090.8,221580.5,249084.9,244726.9,256598.3,321309.6,322558.3,196548.8,236222.3,241024.1,258345.4,317805.4,294821.6,213645.8,207477.4,249743.7,244262.3
"FT2352",414.766073031183,990.427062988281,2232963,1856620,2383849,2080741,2238853,2299000,2349701,2278485,2564127,2292796,2272820,2327252,2314472,2170411,2180231,2168462,2875447,2265434,2216305,1812983,2326485,2022639,2218648,2258749,2297099,2244595,2670150,2413569,2371701,2402904,2349565,2257511,2170588,2152878,2820394,2329608,2453531
"FT2353",414.846065042651,583.223,3538328,1459403,2541559,3093067,3941907,4069085,3722720,2918413,2965395,4632997,4518054,3968469,3638150,2760098,2914303,3754875,8152721,4844481,4258145,1785838,3396368,4009591,5099139,5192519,4453441,3828374,3671519,5742297,5576722,5426697,5042320,4025508,4118836,4916233,10157582,6574273,5828552
"FT2355",415.109958303243,346.077575683594,91303.704,5280.732,0,316652.352,0,16682.515,96063.413,7702.539,0,429334.113,0,36313.313,87504.816,4394.091,3602.201,341307.697,0,8149.702,85888.795,1774.402,0,312671.802,0,20045.847,84650.402,8210.046,1805.986,437707.363,0,42602.219,81360.379,16134.543,3065.477,323976.424,0,19044.334,95426.306
"FT2357",415.769318262112,988.985473632812,68906.47,43165.11,74758.74,73605.56,84179.58,85615.5,71136.75,79222.09,86884.14,58488.02,72636.9,68406.55,75960.95,75083.05,66916.2,54513.58,91499.78,77088.81,80519.08,54118.67,67797.87,69106.49,72757.88,90691.83,83297.7,75716.05,76488.64,73541.24,80728.22,82555.53,72826.77,72065.96,52000.6,72365.48,96425.26,79309.12,77961.67
"FT2359",416.026792858044,548.294677734375,151694.52,143266.04,115375.65,57708.05,141716.11,212365.45,148081.1,181106.36,108227.64,94958.58,148918.71,245325.28,155144.26,198943.14,142470.12,77142.05,226668.2,196765.08,148705.87,138317.03,141360.31,66622.85,161976.61,219767.86,149257.09,197107.21,126878.05,113164.02,167650.05,229305.15,150568.84,214459.45,152869.13,76074.19,226501.14,190748.22,149383.59
"FT2361",416.761349909655,78.2512969970703,291832.7,445131.9,431480.3,178216.8,411922.1,290662.6,223860.4,281360.4,378963.2,168815.9,384619.8,280483.8,263560.3,337345.5,402340.5,151262.8,164528.7,299683.1,273002.7,394343.4,334747.4,129532.2,374377.5,265878.4,172119.5,308172.6,393355.7,135401.9,389425.7,232696.7,242182.6,307564.6,395109.7,194890.1,134872,280118.1,232163.4
"FT2362",416.764019711758,990.379364013672,798026.8,635678.4,830662.7,709285,762369.3,820985.7,805703.6,812423.7,881841.4,797534.5,802943.9,820249.2,791334.3,739895,767905.8,729028.5,968294.9,814623.6,784022.2,589365.5,811915.6,676755.9,758911.5,820030.9,813093.3,775597.3,916914.1,813936.1,834426.9,835800.2,822367.6,799743.1,755644.4,744359.6,994693.5,838343.7,832465.5
"FT2363",416.842017228457,973.167022705078,5554001,3012364,4549108,3339284,5299874,7364788,5109522,5181237,4576092,4422445,5970479,6521780,5346805,4675443,4073291,3266954,13463879,7667846,4888429,2614075,4028814,3179753,5220863,6748460,4887139,4954017,4581464,4294886,5585938,6637405,4999137,4590404,3924301,3064084,13935253,7676257,5191954
"FT2364",416.842452412264,1028.56005859375,684970.8,605580.4,679692,580365.4,644890.1,780895.5,618599.5,640182.4,577047.1,559476.6,563051.7,376144,437524.1,528249.9,533034.1,381720.3,829865.8,644408.6,547629,431334.7,456646.2,374311.1,506069.3,606093,513703.5,513432,610293.4,501529.7,538917.8,583476,354496.5,348180.1,516606.5,268610.7,684515.4,577961.4,333456.7
"FT2365",417.022028746306,608.935394287109,338116.08,47905.57,22728.16,173096.97,1126958.15,273522.53,340933.46,45357.53,43925.03,171917.27,1092032.79,261889.25,335587.46,19219.78,26735.28,180860.3,1687561.86,204869.26,323678.73,38818.86,27394.12,167676.75,1109242.33,257001.87,337947.25,22341.55,61142.8,198121.97,1078294.77,260338.53,327420.98,14907.28,32204.47,124971.1,1794435.68,207948.1,331893.98
"FT2366",417.180206655545,402.019989013672,464637,480628.6,499092.6,421747.9,418637.4,453279.9,468974.3,471612.7,503835.8,429822.5,459344.5,450547.9,463970.5,515761.7,474731.2,414427.3,401127.3,440995.9,463644.5,455500.1,481957.3,395657.5,464390.2,456035.5,442064.6,450280.2,484108,421096.6,450633.4,443865.6,458641.1,488032.8,494219.5,426837.7,404379.2,440297.9,461325.2
"FT2367",417.337763688699,89.0968627929688,341376.9,261072.5,296236.5,285364.9,274874.2,369155.6,327691.5,283586,283509,332027.4,286491.2,392453.6,317457.4,292256.7,234377.2,295267.8,317617.3,393912,281373.8,236563.4,261219.8,293508.5,271202,364235.8,272181.6,253022.4,303885.1,317355,284101.8,389774.7,294979.3,277231.3,263064.4,301644.1,314573.2,385781.1,308355.2
"FT2370",418.005595444529,627.188110351562,144671.78,125697.904,107641.901,167607.613,0,105739.651,124934.366,130527.571,94132.971,216730.279,1718.159,90814.053,124805.602,142661.38,121339.998,179776.798,5899.964,91995.613,120759.752,127648.833,108079.356,153706.96,4264.816,129041.927,138256.458,149292.326,108575.425,206802.317,3597.26,117268.689,140917.543,165440.475,137622.649,190141.399,4109.899,92127.821,111746.647
"FT2372",418.029353998435,739.665313720703,281241.9,301543.8,266926.3,202747.9,201831.1,253395.2,279741.6,330827.9,335704,235431.1,207854.5,163724.7,186486.7,241456,223444.4,182059,235196.1,255684.4,215196.1,229806.5,229944.4,175436.5,169189.6,178032.2,211053,206403.8,280531.9,204619.9,158552.4,252833.4,218894.5,287167.1,189778.5,172134.5,216401,229185.5,226654.6
"FT2373",418.040291847257,739.672271728516,276626.5,225033,222229.5,176219.8,218428.7,257876.5,281933.5,332254.2,283023.7,234589.7,220313.1,174483.3,159501.8,211090.4,185890.6,171760.1,277296.3,265886.4,216885.5,205415.3,200898.7,157300.5,179634.6,244611.2,201623.8,247313.4,247103,176307.7,182623.7,226020.6,215302.2,257390.1,201497,141281.9,256376.6,266007.8,223114.8
"FT2374",418.762161465013,990.381713867188,104196.35,83305.16,107556.72,85834.07,95651.23,108150.16,114000.45,112395.31,114441.45,103108.37,116793.74,111996.1,104018.3,110399.1,89847.55,102216.58,137500.36,108235.58,105661.01,78233.52,111521.79,96351.54,76329.75,113891.66,107491.66,100160.01,117970.47,109770.93,107265.5,102001.59,124426.44,77862.36,94084.82,97077.76,124096.57,99863.9,110589.37
"FT2376",419.203833086236,442.002380371094,310141.3,139186,144642.2,263339.5,456249.8,175871.7,283265,111188.1,157259.2,274835.5,451599,174386.1,278167.5,131244.1,130441.3,259001.7,246438.7,163941.5,312926.6,149545.6,144749.1,269599.8,456175.8,173214.9,281207.7,122332.2,171890.6,279141.3,464252.8,200004.1,293469.8,144540.3,133605,283036.6,244098.9,174958,295337.4
"FT2377",419.933526343472,403.407775878906,275465.3,207200.7,246946.2,211002.5,240851.1,276981.5,246662.5,249843.4,246279.2,245886.6,217320,238661.7,216425.3,222338.4,215353.8,200437.3,229422.8,233307.8,198909.3,172370.4,220783.1,205995.9,221686.9,237069.6,228839.4,214124,185260,207995.9,220670.8,222252.5,230283.2,224583.9,223678.3,190286.9,227755.4,245576.9,217893
"FT2378",419.988065493653,741.062133789062,2994479,3396512,2756899,1967222,2107012,2551725,2663071,3396303,3298215,2216470,2311862,2453932,2254736,3076188,2775233,2179752,2149031,2641373,2490661,3020467,2856331,2005306,2105454,2335667,2428856,3287192,3279402,2236682,2012309,2792665,2580590,3305238,2740467,1795311,2009281,2628670,2377722
"FT2379",420.021636211966,577.677185058594,648023.7,286465.6,243612.4,848492.5,353883,548458.9,644070.1,436076.8,265761.7,1242523.3,352821,632797.1,664204.7,467368.4,343123.8,896421.8,794060.1,499106.7,591090.6,270842,278982.3,853295.9,356874.7,533666.9,566563.2,434207.8,272196.4,1164785.3,322070.3,703305.9,605121.3,466718.6,330244.7,897716.1,791384.5,545839.4,634946.2
"FT2380",420.128025228072,335.013824462891,68679.17,23571.92,38483.28,60628.9,61495.72,56430.1,61589.35,19652.89,45375.01,68995.16,43669.5,43688.21,69104.65,49892.37,57155.93,58309.36,137778.16,50817.76,67886.29,18904.17,48721.52,63834.88,51692.49,47924.84,68536.4,27461.69,49558.46,69822.08,49259.8,53216.77,69807.06,38475.11,44412.33,48857.98,130881.78,67419.36,65038.51
"FT2381",420.800058080247,988.943725585938,267496.3,206877,257259.2,224202.9,261567.3,265624.9,275315.6,245623.8,282961.2,265648.2,264460.1,231678.2,263053.7,244812.3,247444.5,257059.1,342239.5,280790.9,256733.1,201535.8,270789.7,245322.9,266197.4,271505.8,265939.3,255803.2,272116.5,254275.4,247207,283426.7,250209,246881,253101.3,234374.7,340682.4,270448.2,272602.1
"FT2384",420.99520541713,552.684478759766,62578.76,28162.03,17937.33,96140.21,12205.71,51855.97,46253.17,41141.84,24932.57,144339.42,33503.87,55700.92,34344.93,44669.97,33373.63,103779.23,46448.43,21169.45,30975.13,25957.14,16908.92,106039.95,18205.54,31416.77,59579.07,35981.2,18513.86,135989.22,13530.01,34093.43,39623.53,36946.85,34697.09,96604.45,48177.38,24985.27,47296.25
"FT2385",421.005747944443,579.036005371094,648176.8,519449.6,412403.7,591278.6,483138.8,634446.2,557448.3,447193,421621.7,837688.7,480040.7,712544.5,585614.6,590261.3,432112.5,690950.6,979987.1,567000.1,599391,442201.4,418480.7,463081.8,409859.6,616551.2,592770.9,504798.2,326257.1,903065.1,499665.4,750812.1,510519.7,573844.1,550510.1,683947.6,725802.5,559412.6,562353.7
"FT2387",421.226885119725,80.6705169677734,350567.169,56405.362,946632.417,0,9067.503,5477.701,381289.064,7663.696,2858.671,0,64602.909,0,336822.033,14455.018,0,0,72411.435,0,428427.156,46966.744,863284.91,0,3420.05,4557.652,345561.002,3481.039,9172.817,0,49883.931,3596.301,317061.238,23245.33,2844.69,0,66200.202,0,350493.721
"FT2388",421.272616842527,94.0022964477539,134866.95,67216.45,58009.03,401898.54,20133.54,175004.81,179220.18,83767.87,73404.04,394778.73,13908.08,155337.89,170456.56,95889.04,73695.72,380998.66,29310.21,136763.65,145902.03,61595.86,60616.09,397108.48,25492.31,147157.22,143801.44,96938.26,66679.54,368300.63,34974.98,162426.5,149173.6,76834.18,79677.92,382919.73,29421.36,146296.32,150414.28
"FT2389",421.930517727297,403.420013427734,389000.6,326430.8,361746.2,323850.9,350506.4,412849.1,370261.8,349715.2,337242,353872.5,350960.5,351497.7,319101.5,308627.5,305737.3,300108.5,283810.3,321318,340372.3,265391.6,325602,295485.2,321787.5,346716.7,319288.4,321439.6,315451.8,310011.6,322938.6,317069.4,327140.4,273897.9,323426.9,277946.2,289973.4,349735.9,306105.3
"FT2390",422.0880288764,682.649291992188,728482.5,857860.7,856210.6,595105.9,610220.5,779393.6,733773,859905.2,909048.6,617082.6,647183.8,720294.8,666030.1,818661.4,759526.1,603732.3,577065.7,699299.2,708684.1,799401.4,800559.9,548084.7,640034.6,779812.2,685321.6,867722.2,855651.8,545090.4,620451.6,817756.4,724840.8,856121.5,738831.9,578269.2,646249.3,794197.1,715852.5
"FT2391",422.954219763464,551.371826171875,1639299.6,1132737.3,825473.5,1471242,914028.9,1354273.1,1376548.6,1063443.5,712876.7,1596121.9,909505.8,1455684.4,1193292.9,1209313.2,972759.4,1313843.5,1536395,1181984.4,1174118.2,863191.1,742280.8,1280543.9,809408.6,1260811.2,1217091.9,910782.6,633180.6,1473591.2,855894.1,1342135.5,1117643.9,1147906.2,939170.2,1243598,1495165.6,1050623.5,1122133
"FT2394",423.157386923187,480.16650390625,391744.658,378938.437,421976.591,547581.766,6773.148,264533.906,421374.062,318095.936,409710.063,511737.818,5448.015,222857.658,338850.2,289037.433,363261.621,514483.447,3686.011,215517.556,359188.295,344059.925,420694.434,517836.403,14998.509,239757.26,383449.504,304276.224,402447.631,471324.314,7140.43,208561.382,349238.339,274036.896,363714.514,477551.034,7912.276,205129.519,362920.21
"FT2395",423.288448508957,94.0022964477539,186768.186,70961.301,35947.503,414015.577,0,220855.844,194816.119,61055.289,43485.571,408883.001,0,177973.406,171521.883,61086.236,48315.727,411854.469,6725.777,222746.522,157733.154,56124.233,25744.246,396292.376,9128.574,212412.792,150291.609,57030.767,28274.459,414209.929,4601.839,198584.464,169211.746,81319.555,42695.805,396858.496,4227.711,221188.848,130742.545
"FT2396",423.927450916006,403.39875793457,212327.9,186187.3,201681.9,164531.7,187251.7,171344.2,157087.4,199539,187699.6,176494.9,191469.6,194392.9,187444.1,162307.7,160975.2,156619.4,188491.7,199241.5,184193.9,132704.5,180178.2,159406.5,167516.7,197195.4,177987.4,171602.3,174088.1,177170.3,178834.9,178479.8,198625,171431.7,168701.7,157114.6,153686.7,175263.6,195909.2
"FT2398",424.033165322669,497.66633605957,150731.32,153090.32,126225.02,148620.08,44960.78,163215.64,173579.01,181033.07,137860.97,183420.47,65916.77,162375.38,164295.2,192221.56,182853.76,194815.07,129129.58,168530.84,189101.68,173161.57,187662.07,199688.95,53638.72,206370.01,199315.78,213901.51,172286.27,207280.21,68772.18,215275.39,207698.04,250591.8,234691.14,220811.46,163589.65,212377.29,253889.06
"FT2400",424.57953055135,371.447509765625,76694.3,87335.07,112837.55,63712.67,39515.85,65275.19,93938.76,108901.36,102122.32,85848.76,24348.33,69615.76,79819,103082.33,111377.38,98750.09,14116.4,72581.91,77359.11,90691.88,108422.11,74418.83,38130.45,74862.02,76793.52,104286.19,115155.93,79523.11,30194.71,83833.33,62964.57,111161.33,116743.94,85062.79,21153.81,45827.78,79586.25
"FT2401",425.080956755234,604.9443359375,1238674.3,1362410.3,1291752,1049612.8,733227.7,1506390.7,1139672.2,1215628.2,1360219.5,1271355.1,746386,1554362.8,919685.8,1123497.2,1055713.7,820902.7,544890.3,776099.9,656656,813273.3,796498.2,666907.9,435950.6,1089014,838871,818421.9,1129433.2,1100676.4,584735.1,1620955.9,765599,1188360.2,1085402.8,887834.9,597825.1,907866.4,933902.5
"FT2402",425.109974898528,333.640167236328,84190.58,58391.05,99907.87,37937.95,93922.8,80148.72,75817.21,62408.15,90842.35,27446.6,96061.9,67750.05,61935.16,88003.01,91243.97,20974.72,182957.69,76255.18,80080.38,45437.51,89559.57,43335.67,86671.14,63926.64,68702.02,64972.44,95744.2,23191.91,87222.12,58151.9,76388.56,85565.98,95735.4,22609.52,168199.49,73648.28,82011.15
"FT2403",425.136553667856,534.783020019531,74034.553,45815.004,20858.496,151832.706,0,11563.107,71686.101,23539.664,28325.875,162542.422,0,6484.479,64287.454,11897.373,11828.71,129361.006,0,18961.576,65446.393,21878.692,2731.091,145930.866,0,15872.337,55683.243,19087.019,14571.007,145302.384,0,5761.579,65102.097,16575.044,4660.19,136751.252,0,12328.381,67178.809
"FT2404",426.022489655057,563.820922851562,34999086,37166721,33174828,35619829,20059754,31326815,34857507,44347994,35353550,37043099,19553072,33804876,33011020,42087867,35931393,39154550,24201893,28313035,33325654,36833271,33509600,36434064,20338079,31366709,32357379,44460546,35829338,36917507,20256724,35705047,34282903,46981393,38154565,40456344,24357671,28904151,35361731
"FT2405",426.022551301029,616.057922363281,8259861,9934367,10524751,7574878,4718377,8000794,7827030,10212496,11216835,6853927,4743604,7244268,6809023,8494505,8843711,7730410,4336501,7553329,7594434,9434963,9998628,7224806,4449913,7704054,7445470,9693877,10773510,6734862,4667664,8251176,7628815,9490159,9451674,7554016,4318471,7920374,7763155
"FT2409",427.233931077906,89.0948028564453,83298.12,153505.58,160136.79,167956.32,139437.58,161345.66,81354.43,83159.76,164208.84,163779.63,190344.42,187209.84,88036.6,108665.84,184071.94,125271.31,142581.11,146068.72,47709.2,163061.88,170248.73,173966.94,142731,175921.56,44089.53,101096.21,171329.82,153770.4,215337.71,175767.46,93576.8,124394.75,187762.04,130651.94,167383.4,115718.65,83670.88
"FT2410",428.026736196794,549.355224609375,3248109,3269214,2742663,1947823,3022144,4129672,3203846,3919554,2718970,2429251,3035100,4730022,3185328,4173537,3258832,2179177,4115285,3856035,3172009,3271764,2841557,2024993,3251199,4414045,3265827,4123575,2899955,2589055,3318977,5032677,3322518,4688994,3604931,2245047,4455196,3869221,3487932
"FT2413",428.209001712582,273.358825683594,303699.4,266402.7,308744.5,291325.8,175917.1,262908.5,247731.4,238981.4,294303.6,272185.9,160761.9,224807.2,235032.3,216016.5,251844.9,236943.8,177424.6,195923.3,229459.1,206763.4,257093.7,256688.9,148621.1,208001.7,227332.3,200497.3,275712.3,245704.3,157284,220309.8,212017,216904.5,237701.9,249048.7,170004.8,194367,209843.2
"FT2414",428.215058424809,481.42497253418,171535.68,180199.68,193214.7,184621.09,65038.67,130197.78,168742.67,166572.24,228559.64,200905.93,70919.8,132599.97,166884.62,175133.03,193096.83,218525.06,63682.19,145345.62,164151.61,180449.63,203847.14,231924.43,60513.97,149331.5,164203.25,161369.89,237356.54,217224.82,66801.48,151925.01,157962.32,148453.11,176696.63,139925.15,72349.03,132177.06,155494.57
"FT2415",429.030465402358,548.527954101562,371256,370792.3,285728.3,196614.8,357107.9,450011.9,343329.4,458130.7,309932.7,251618.5,330860.2,564059.7,338036.1,476183,341642.8,213605.5,462811.5,445380.4,350380.6,376412.7,311553.3,204540.9,371797.7,504247.1,360043.4,451995.8,300586.5,278358.7,367933.1,545913.1,397498.1,512251.9,393937.1,221084.8,486392.1,432009.2,387312.8
"FT2416",429.058255973462,549.865234375,536760.4,684991.6,710392.7,321512.3,259193.9,913066.1,545807.2,669320.5,731008.8,361463.5,283987.6,921526.5,571978,657906.5,643033.2,338580,268109.2,944769.9,519840.5,638177.1,661157,349958.9,277962.4,949903.6,537968,686906.9,745880.1,357673.3,293604.9,967656.5,544221.9,690242.9,681692.4,347814.8,292106.8,900162.8,585611.7
"FT2418",429.104353666335,534.774841308594,276085.389,43254.443,41899.602,1248361.389,0,16736.442,269486.034,30353.485,35441.211,1172655.603,0,6030.619,246293.549,32432.113,18996.201,1162568.063,0,13476.111,259457.965,23765.18,29325.316,1276031.678,0,14496.979,234590.336,32514.253,30193.795,1117766.28,0,18420.008,224164.515,32441.384,24803.331,1119317.207,0,15312.142,231893.302
"FT2420",429.154646454576,332.961624145508,39653.22,59682.63,58402.44,17873.27,40582.89,41047.59,25496.72,69557.87,68082.65,13811.98,29814.29,29168.87,34443.65,66613.69,53175.12,16326.29,19067.13,32600.01,39867.39,61867.01,68834.21,20802.17,47697.69,45994.08,28385.54,74709.67,78012.06,16332.18,31307.33,48166.82,33471.25,72294.05,63559.77,22227.22,25601.77,42392.4,38378.51
"FT2421",429.192177348775,90.3798217773438,186575.04,179104.53,180655.1,127933.55,150228.34,265720.35,201522.61,112649.47,178716.41,116343.47,393696.5,187657.11,167499.45,174246.82,142684.39,85768.36,281216.85,166599.16,203751.14,184243.61,187118.46,122017.84,187919.86,259939.12,207833.63,122069.26,210964.74,73713.79,362517.26,160437.69,196574.88,184457.57,136572.16,92454.71,258388.82,225652.02,186595.54
"FT2422",429.193180215445,90.927806854248,290330.32,148544.77,177859.55,117267.18,132171.28,206001.43,286095.87,105894.98,136021.85,125312.28,377649.97,173031.28,169628.35,170271.4,144095.79,71385.36,269213.64,132841.61,292876.4,124846.52,156812.02,123906.85,177834.68,251638.07,268627.87,95661.91,173881,70665.4,361989.85,134064.93,304961.38,155146.91,121795.54,82808.62,187652.24,167665.83,254767.58
"FT2427",431.091419993096,500.41796875,258620.2,233859.3,165445.6,135118.7,518558.4,341763.2,259043.7,247568.6,186816.9,125042.9,555751.9,342195.4,244285.1,271512.7,171297.3,143216.3,592477.8,364585.8,251953.7,276991,200626.4,155919.8,572919.3,421365.5,269848.4,320202.9,211999.4,128999.3,652079.9,355862.3,291257.5,331038.8,173241.7,174301.8,796517.8,454050.3,332215.6
"FT2428",431.121792283014,340.550903320312,202943.09,41419.07,10717.4,278761.68,71849.93,103050.97,205813.88,85188.87,24633.01,319359.62,58878.73,120113.49,175074.82,88461.23,58720.63,301395.5,117094.36,90446.5,184086.76,43319.72,12683.99,274671.68,59553.64,109499.5,189890.56,83056.05,17291.24,329435.59,56215.58,119175.14,181007.37,80437.98,62493.37,280849.87,114247.17,90528.39,169193.53
"FT2429",432.106016707494,231.320785522461,196714.4,119114.1,105018.6,134324.7,242398.2,174949.4,200835.5,140306.3,109008.1,144142.2,228287,163676.9,157202.2,154005.1,133493.2,137209.2,308703.7,150313.2,149181.4,102466.6,94709.4,129805.5,240439,156324,157900.3,137547.9,91523.9,144357.4,200138.5,157276.3,155942.3,137933.4,140820.4,139148,293027.7,147022.2,147149.5
"FT2430",432.576788711923,456.615997314453,216169.7,166617.8,294446.9,263353.4,245709.7,204601.9,227623.9,205228.5,342083.7,145381,255519.7,197056,229537.2,184755.2,255132.6,220610.4,167885.4,221112.3,222160.8,147071.3,297670,248063.2,238781.8,213605.3,229438.9,189583.8,342202.9,150626.4,220522.2,209391,210672.7,208210,248766.1,208324.6,161557.9,221231.4,217071.4
"FT2431",432.73790211655,991.910217285156,622959.5,596648.9,725833.2,670403.2,605413.6,531729.1,649525.5,620645.5,784968.5,698114.8,578241.3,544321.4,642697.2,628338,648317.5,701322.3,504774.8,492208.1,583876.1,570507.1,674447.3,634637.5,574922.1,511863.3,620821,605747.6,774312.2,690496.4,592428.9,556007,601306,591710.9,627068.8,657647,462573.9,470310.5,618384.6
"FT2433",433.111805376502,416.722198486328,68464.127,0,56013.259,14609.253,152964.388,85632.061,64680.775,2180.599,65384.581,27403.934,149255.173,118240.49,63704.591,4358.564,72028.031,21080.779,116685.248,113744.449,61247.532,4896.877,39986.038,8842.55,144464.243,73995.06,41965.175,2171.274,65481.481,20168.106,133743.309,102956.2,53867.908,4325.936,68696.026,28647.705,109660.435,106584.756,60080.228
"FT2434",433.942478657893,576.373107910156,473792.92,504641.57,448395.67,84419.71,462950.97,653748.45,443146.32,589432.88,461563.59,36853.89,458251.03,610794.64,445740.34,547645.47,418503,67991.21,514674.43,600384.57,410845.46,490500.18,469958.8,68421.49,448871.41,638077.57,417159.53,626531.44,464317.68,46765.76,463266.39,617569.19,433184.21,568068.67,433831.9,55938.23,516291.25,626174.16,429338.81
"FT2435",434.133650389658,437.270812988281,152188.893,0,0,2341.142,1221490.48,18270.228,136782.835,0,0,0,1200611.039,16713.977,134312.386,0,0,6948.336,490210.87,12607.495,131301.413,0,0,6113.002,1094001.828,15697.529,122047.339,0,0,6289.678,1066329.454,23382.892,119905.463,0,0,1919.199,437481.325,12922.079,124422.31
"FT2437",434.864377373076,591.89697265625,951662.8,722983.7,824240.2,1083363.1,1130540.9,820732.1,861911,752109,739232.3,1162968.3,1014608.1,702236.4,777058.8,699146.7,788127.3,1097259.4,927372.8,687477.9,845934.8,716244.6,773449.1,1032165.1,1025896.3,724581.2,833928.3,690767,688774.6,1032849.8,955776.3,751037.7,637855.9,755647.7,789100.4,918431.1,915160.4,736356.2,839920.4
"FT2440",435.204891653938,246.649002075195,146906.87,63198.15,30252.31,163541.51,0,101861.33,125907.76,61131.72,39682.85,186358.46,0,108162.5,114908.14,66381.84,55109.43,145337.22,0,77546.78,108036.15,35809.19,34857.69,131286.25,0,85364.96,95041.56,63280.92,35594.69,156884.45,0,101734.28,109332.25,69608.25,54482.44,124524.09,0,72522.21,102931.81
"FT2441",435.251680116346,94.0022964477539,533981.9,276699.5,323851.6,869380,356546.9,527735.4,503806,294055.3,350627.3,1038358.2,413506.2,571651.1,565566.9,356658.2,397257.9,869851.2,544977,549854.4,546916.5,271871.8,321772,932495.5,401578.1,569755.4,548243.7,325626,378371.7,958113.4,439244,636785.1,573103.3,362551.7,361041.1,942476.9,558193.2,547141.4,598536.1
"FT2442",436.108806950913,297.215042114258,18996.301,0,0,73728.913,0,1738.137,14311.977,5222.507,0,95406.842,0,5620.138,16554.018,0,0,70857.235,0,0,28165.188,1762.299,0,70075.015,0,0,20701.971,3778.747,0,90631.88,0,11197.123,22462.877,2684.432,0,77386.545,0,8756.168,12339.163
"FT2444",436.15885749479,481.419647216797,37544.913,2418.047,68915.945,0,0,58756.618,28219.618,13518.287,51253.833,1934.475,0,54677.914,32310.12,20909.768,99858.963,2467.274,0,33556.802,44920.413,2530.687,57011.33,0,0,59691.174,46368.713,12117.465,46911.2,5597.519,0,55218.272,46162.806,23596.436,103718.447,2677.227,1799.44,34313.327,42940.429
"FT2445",436.283514336815,163.244995117188,2222221.6,280442,336431.6,6597813.5,239437.9,522408.5,2230069.9,299011.2,340624.8,6512673.4,226712.3,563168.7,2223436.1,354943.2,337685.7,6533838.4,247270.2,527841.8,2133746.7,292929,352305.8,6645944.9,262560.9,541362.4,2155399.6,322468.8,332436.9,6415095.2,249939.1,574432.8,2195668.6,338779.8,380094.7,6446434.4,247691.7,533477,2213137.5
"FT2447",436.773974137231,990.441040039062,765354.6,743599.6,861120.4,802094.6,720481.3,672263.1,777011.1,739431.7,967809.6,852194.1,795045.1,677960.7,777739.2,743193.6,775286.9,852002.7,644917.3,595049.4,716506.5,689884.1,821448.8,771539.6,675980.4,620879.4,737146.8,694105.4,920757,814508.8,727655.3,671014.9,753944.8,704957.6,748340.2,792553.6,598553.3,610633.5,730762.8
"FT2448",436.827845200867,586.117004394531,331341.5,187799.8,279899,324324.1,406518.5,352858.7,372373.1,262436.3,288445.8,411251.8,455489.3,322476,313223.7,264925.4,296576.9,326409.3,586529.8,370729.9,379172.8,241840.6,333909.6,355969,476986.1,440649,387388.6,352915.7,337580.1,454346.2,500689.6,445456.6,446016.3,374137.3,390085.1,452383.3,768615.8,504620,510504
"FT2450",436.967357458137,674.751007080078,40260.557,1538.808,0,0,386432.766,33189.259,42699.33,1929.433,0,0,393321.331,7539.723,33862.645,0,0,1629.07,448101.189,7062.45,37225.339,0,1640.171,1467.361,328360.108,27795.734,25128.131,0,0,0,378412.322,11475.295,25715.649,0,0,0,462019.379,13950.767,35513.79
"FT2451",436.980864864122,552.638427734375,171848.798,0,0,0,1100916.695,13285.286,142498.634,0,0,0,1116575.375,6690,125145.71,0,0,0,789006.185,5567.72,114622.985,0,0,0,906798.566,7677.195,119349.669,0,0,0,997402.773,2763.795,102631.322,0,0,0,789525.401,0,134062.75
"FT2452",437.025925757667,462.135986328125,129805.983,44217.383,64611.74,163806.498,22359.713,22516.554,126755.469,122954.729,118559.421,242400.411,0,40288.226,117641.124,158086.422,160845.654,279368.764,83622.338,8689.668,113360.571,48711.447,80339.327,157607.193,42538.258,24202.52,122095.52,126021.514,109159.636,222679.94,6167.151,32212.043,120851.913,166138.265,183317.634,304170.019,92332.96,5612.036,122358.093
"FT2459",438.2709078446,94.0022964477539,166255.7,129802.9,155241.2,185687.3,148229.7,292952,192092.6,147055.6,176207.9,226191.2,181327,319011.6,209893.4,179997.5,189329.8,163774.1,181326.4,284679.8,185550.6,141914.3,148696.9,212386.3,149233.3,296434,225051.8,192794.7,205742,231321.8,208885.3,315448.7,187482.1,215333.5,199092.1,212878.1,259795.4,279632.5,226910.9
"FT2460",438.771839058101,990.445434570312,284622.5,251801.4,288965.4,268412.4,260504.8,240574.9,279729.1,269169.7,347636.7,295833.9,265087.4,247797.1,274489.4,279732.2,270007.5,285041.3,230587.1,221785.6,255523.7,249796.8,301020.1,270602.3,226170.1,232680.5,280004.1,247470.9,329385.1,285434.5,243018,232589.6,264309.6,276558,247193.2,277885.5,242645.6,221284,257996.1
"FT2462",439.987578730772,628.518005371094,45447.25,51137.04,29587.18,63170.96,0,27765.98,45204.59,44846.22,43164.56,79931.99,0,31922.05,37710.16,58765.41,40249.2,71567.56,0,15907.33,50102.41,48013.21,42825.51,75032.94,0,35964.13,52514.49,63302.43,47272.28,81539.64,0,39751.11,59809.47,58199.78,42665.39,76364.23,0,35988.85,48766.79
"FT2463",440.022282897774,741.071899414062,687027.5,621362.9,580301.4,573474.2,496844.9,577309.4,661076.7,717380,667724.6,661906,468958.3,472000.2,446525.2,568258,525694.5,540372.2,505407.2,574090.6,545053.2,545125.7,537262.9,515985.9,443265.7,512637.5,550678.2,594377.7,618527.1,593666.2,462345.3,591245.7,549214.2,647386.5,534008.3,511697.4,500255.9,571881.3,542646.6
"FT2464",440.860404168162,963.574462890625,70316610,29533040,51127663,33541344,71807318,106147762,69049901,67613023,53674722,52802549,77179690,97209411,70980461,58585758,46554311,34868599,185717036,114144569,66822943,27622625,48671695,34167432,71616603,105823062,64870560,66821593,55197544,54111090,78970748,98377095,66999515,58435155,46490364,32750840,180834278,115640412,70791175
"FT2468",442.01743554862,661.113586425781,3999487,3904607,3782938,3634019,3055948,3743438,3922495,4702341,4045549,3582658,3093096,3531222,3522928,4216795,3839190,3811118,3861540,3748755,3754393,3837928,3909625,3601058,3015465,3693396,3692241,4613754,4148557,3595184,2953040,3891255,3768084,4677144,3844325,3887944,4137758,3767971,3952229
"FT2471",442.224645370332,273.356429199219,78661.9,58506.82,104606.98,130202.34,72228.15,120515.73,145547.43,145764.06,218412.01,202646.07,140064.98,167417.64,181617.74,179158.48,211833.8,214944.98,137045.31,169290.1,198802.57,184791.37,235371.99,212431.73,132498.88,179693.43,208278.01,186480.99,229158.77,204232.13,143710.29,191187.31,194851.1,188114.95,206020.8,184630.52,151135.19,159974.92,191456.73
"FT2473",442.864974584061,963.037048339844,1861283,750469.1,1414331.1,845260.2,1822853.9,2841524.6,1799220,1749971,1374388.7,1404225.9,1949708.1,2493174.8,1836225.3,1492611.7,1245165,926874.3,4775363,3179772.6,1811016.3,768001.8,1313630.7,868501,1882749.1,2696586,1707076,1753341.5,1481218.5,1377448.1,2031250.4,2593150.9,1730359.1,1606420,1195486.7,853481,4932248.1,2928842.4,1828864
"FT2475",443.107423315632,234.115997314453,53164.26,60100.09,22694.13,54536.34,30807.26,55538.48,67504.29,47667.84,18691.02,60728.78,22106.56,64146.46,61450.39,76489.46,29105.7,44606.3,94503.31,40940.17,57342.71,53379.36,24475.34,53605.95,20193.04,54032.2,53700.09,46086.11,15636.67,73932.61,33683.58,59600.29,36776.94,81078.83,38497.2,53413.41,75543.12,49523.69,52955.63
"FT2476",443.127969473551,480.092987060547,32769.095,23759.497,34041.438,177990.982,0,5640.554,32641.483,16909.182,49168.323,174378.13,1953.488,0,61898.669,10546.565,35600.355,163327.186,0,2396.557,39849.112,23614.473,55446.707,170306.087,0,2936.271,63900.413,10460.655,51207.196,168067.509,0,1643.599,42685.77,19726.404,36319.236,172393.833,0,0,57306.127
"FT2477",443.247472094306,84.2704010009766,161674.6,344977.6,309181.1,282881.2,291980.7,299860.7,230501.3,279721.2,323404.5,279947.7,311958.2,354525.4,151126.9,287893.8,342178.7,309576.9,294332.6,291249.2,212298.1,299680.3,295640.9,305750.7,301612.7,304738.1,155235,295508.2,327749.3,286976,314328.2,339372.2,216388,273521.1,333403.2,291758.7,293769.4,324667.1,181943.3
"FT2478",444.021721635794,659.693,94502.07,88181.35,86116.36,104879.15,62205.87,93157.53,100530.27,135284.66,96359.51,118866.16,70815.38,85626.42,85024.25,106718.08,93518.73,102929.98,78691.05,77370.45,83017.81,105000.47,92193.61,98461.5,70767.58,95406.51,87781.75,120135.06,94590.56,109327.23,65018.27,96663.71,100378.19,116876.82,89755.42,105416.52,77799.91,91507.1,123631
"FT2479",444.033946427573,497.667984008789,322662.95,284136.41,238077.74,211121.06,125407.69,334868.26,404954.99,328030.2,276759.48,141503.08,138335.29,340822.79,335449.04,365467.27,344920.83,373557.79,211468.96,348067.4,378643.53,309198.98,238335.23,340659.93,124130.92,325035.55,320897.28,311655.51,251666.55,107958.22,99893.85,332546.14,349748.23,384656.91,333070.99,343874.8,198226.57,359172.91,391875.52
"FT2480",444.076540368986,248.019,93095.987,4296.813,5977.588,186240.75,0,61680.534,98552.946,28190.344,5495.739,220454.538,0,66301.263,90241.841,34957.358,29309.061,186381.537,0,50243.79,95901.508,0,2160.541,196089.893,0,57784.698,68610.483,20595.908,0,222712.487,0,72353.869,103550.804,37773.775,21146.616,201465.084,0,43440.006,88882.2
"FT2481",445.017097554978,570.878021240234,840534.5,387317.8,292022.7,1085392.3,244295.6,924082.5,839369.6,631203.1,290996.9,1607559.1,250075.6,1048622.4,818186.1,713932.2,422247.7,1229143,878107.2,805599.9,866841.7,419304.1,297202.2,1205220.2,260063.2,994568.9,841021.2,716115.3,308968.3,1620509,290236.9,1121659.2,900738.7,785526,455205.5,1264363.4,576153.7,868427.4,887948.7
"FT2482",445.0531474255,587.594360351562,4935483,5445473,5167992,3924385,4239157,5629806,4604867,5220270,5192049,4075829,4489271,5466012,4753777,5309637,4713654,3971743,4179915,5141046,4619859,5454775,5101139,3914075,4322442,5529536,4531333,5406307,5216604,3962754,4312198,5727303,4575708,5642577,4953874,3936812,4119889,5411049,4898862
"FT2484",445.981301390109,497.662933349609,2695065.8,1970007.9,1685811.2,2834698.7,385208.8,2130102.4,2418212.3,1955216.6,1317089.9,3126197,356781.6,2127628.7,2005385.3,2143559.7,1945385.7,2699459.1,1001494.7,1572503.4,1954018.5,1409325,1435086.6,2464011.6,295517.7,1789480.2,2098610.4,1817650.2,1201123.5,2871801.7,327583.4,1992667.6,1994701.5,2196787.3,1817113.7,2438976.2,1000588.1,1612658.6,2027666.4
"FT2486",446.168435695115,336.438323974609,151111.237,24094.493,10154.596,245939.672,27035.549,59046.272,125727.279,51325.412,14667.78,263648.595,21313.66,69269.927,138763.611,68772.342,31444.03,251628.137,58072.312,38808.574,129813.875,26145.612,9864.335,231015.349,16519.269,54545.602,116766.682,54591.162,11021.306,240756.307,17271.719,62075.107,118559.145,57032.7,16737.74,216870.102,38381.289,25368.091,118791.12
"FT2487",446.219437349458,302.814636230469,81810.39,69904.2,64204.78,96707.06,32937.21,54776.76,66590.8,69206.37,64743.35,74453.22,20794.59,52947.14,49678.91,59650.77,43848.76,74210.96,28747.2,35239.06,51108.72,53310.67,43197.93,79009.45,21991.81,33004.3,52838.06,46977.65,50899.85,70815.76,23106.39,49138.57,56279.07,57144.94,39361.19,78793.31,28642.8,44307.4,42388.54
"FT2488",446.820832397185,586.117,211630.2,129403.6,182486.6,173895.2,184706.9,197205.4,193346.6,147329.7,180113.7,203485.7,212901.2,166131.5,187704.5,134632.7,183235.8,209719.1,363543,221838.6,246766.5,150159.6,216160.3,232765.4,228737.4,247890.2,219867.9,185820,186003.8,217770.9,229519.5,207209.8,192440.4,174283.6,200229,143786.2,262935.1,163410.4,204692.5
"FT2489",446.965331490267,562.448120117188,328928.78,225413.84,134012.63,425792.57,72669.51,257857.04,292597.09,267048.3,114888.05,470760.5,37074,286825.44,268675.57,275957.51,168755.93,406310.52,142176.56,164562.01,233962.27,190357.58,121543.16,386327.07,53172.88,235126.46,247233.78,232991.1,103084.59,412288.89,53659.03,262045.17,235989.65,266625.2,149938.8,394649.79,114682.1,164493.57,227978.53
"FT2491",447.134483275508,84.8499603271484,851285.3,940185.8,1080936.9,662139.4,776931.3,1001080.7,975766,843882.9,884322.7,587581.3,1099946.2,981028.4,978427.7,882534,789226.2,662913,1251574.3,969761.1,958910.8,960183.8,1107197.9,668446.6,856112.9,1119175.5,921761.6,831326.6,940722.6,564738.8,1050926.6,1052758.4,1002008.4,918130,852600.2,712631.6,1282213.5,1019162.6,1162092.7
"FT2492",447.817865390022,584.753723144531,232983.2,159983.1,202508.4,202132.4,214426.8,169590.2,205255.8,188822.6,172884.3,225911.4,228235.9,181083,142472.5,165329.8,171722.3,206710,294005.2,187363.4,170507.5,158635.3,173564.8,196402.9,155114.2,156924,191568.1,164649.2,161398.2,198537.8,201291,155506.3,193164.4,166375.5,170264.3,202465.4,173705.8,131939,178651.5
"FT2493",448.004454593625,561.041748046875,460835.5,465419.4,427273.5,651887.8,338463.4,352382.7,465556.9,505544.6,434864.1,611427,310748.3,367085.9,405900.3,475139.3,470365.6,678089,386610.7,341830.8,459326.7,490760.4,463719.3,642255.4,382914,378545.8,487633.2,536496,494155.3,601968.4,357342.5,427934.6,506537.7,635945.2,588718.2,752690.6,424774.9,396536.8,509116.9
"FT2494",448.137868500987,84.2720222473145,67219.39,185809.41,206357.94,129343.14,136165.69,204999.65,127337.94,183662.34,174364.88,68207.18,215250.88,189962.36,137844.45,188044.44,144037.09,107859.82,253316.94,188916.48,170456.09,173923.19,197741.1,111976.49,168113.35,201399.56,94456.41,177041.1,175458.46,100907.65,210711.22,198671.59,161566.71,167990,142204.33,127718.35,241063.3,207446.54,134902.92
"FT2495",448.789805520997,980.216094970703,838474.6,548758.8,753999.9,557231.9,866102.7,1169022.2,862361.7,880691.7,825466.6,770167.9,843568.9,1072877.7,811515.9,771272.2,758939.4,499533,2362222.5,1283562.1,894714.9,351499.4,801709.3,487706.6,999058.6,1228203.9,1007678.3,911655.4,945566,869888.6,1050295.4,1247775.6,996064.8,944930.9,791971.3,690073,2737714.6,1444928.4,1087664.9
"FT2496",449.10441891381,434.22038269043,386387.988,121397.397,119091.227,507206.717,44352.585,210365.778,339571.418,138386.933,140288.976,575173.874,32196.272,197880.538,302636.598,127814.962,63031.281,507036.131,6393.377,161855.122,328171.006,99153.877,100589.854,484366.543,29887.696,184843.371,331029.928,127496.954,150005.14,490561.159,57592.755,107871.401,312176.043,143134.745,79623.387,440168.75,18005.744,178795.577,315645.922
"FT2497",449.113412237121,409.038757324219,301010.6,519825.5,419949.1,342619.4,240799.7,216277.5,283637.7,349910,380626.9,273885.8,222699.4,207713.8,267467.5,360943.8,355769.1,321684.6,195336.8,197873.3,276070.1,434720.2,398402.5,328962.8,252622.8,228104,271645.2,362499.9,380206.2,265832.9,234059.1,221661.3,280582.4,394348.4,394951.2,329215.6,195201.3,208833.7,280883
"FT2498",449.150210835103,85.4700012207031,8195030,2058943,12870710,2057859,5273593,3775693,8451471,2234788,4058848,3264046,5482843,3480170,8317609,4618251,3090742,2755566,61631052,4079976,8096510,1927146,12600199,2157145,5642344,3899543,7848601,2221625,4255905,3065345,5437528,3456379,8358251,4934288,3148047,2899186,62463543,4176835,8079236
"FT2499",449.198296543883,548.510986328125,394370.2,137622.05,124913.11,979742.42,39272.53,112282.7,336495.01,126248.08,101271.41,944371.51,28523.68,100488.44,304596.4,153987.32,147234.18,859496.78,71629.58,100552.4,326494.34,132586.5,122104.72,846719.53,35894.31,109649.82,333436.9,129008.06,103514.1,941346.06,35213.2,114004.48,305880.44,149875.73,148102.15,826816.2,71748.27,88638.28,308110.97
"FT2502",450.116420823666,410.383758544922,51202.17,89810.28,72848.58,45570.96,30942.87,26920,40634.69,54703.45,56026.77,46885.47,34404,23861.89,42567.88,64303.33,58893.76,43040.72,26345.41,24946.23,27477.82,79297.88,60228.77,41806.3,18193.27,40696.58,45337.51,47692.4,59883.08,37594.61,36219.29,35594.95,52476,67420.22,59782.31,48340.43,25047.69,28453.23,36272.56
"FT2510",451.110345622042,409.71125793457,130794.3,206375.01,168426.34,126602.6,111057.78,89184.9,127031.58,146110.13,157262.47,109300.56,95675.45,72554.83,118133.05,155636.26,154478.33,153328.69,71091.08,85930.17,106610.92,165589.4,157499.16,128026.32,80017.36,95575.48,109371.66,140300.43,144665.08,118237.24,91990.31,78358.38,111567.41,158972.14,166378.89,133025.65,86126.79,91098.26,115482.28
"FT2512",452.278367305892,96.4740982055664,1118687.94,102421.44,160185.04,2739886.8,195344.32,243565.06,1109088.65,135934.03,171232.83,2910559.31,222257.35,231432.57,1106984.2,152618.41,163552.35,2601868.24,338454.44,214072.5,1098897.47,96047.35,180666.7,2803719.24,202175.87,250581.12,1073811.07,142534.35,175235.4,2708928.74,214527.12,254685.99,1083063.62,154429.53,175145.07,2783934.93,333004.01,234088.28,1119795.16
"FT2513",452.278578638063,164.561996459961,528052.8,56587.4,55572.32,1468145.66,104857.81,102255.61,529051.74,52157.02,81606.66,1424905.22,65835.07,118376.69,511559.79,82589.5,63632.07,1543911.38,69594.23,75241.24,481805.78,62870.62,94930.2,1512013.81,104075.64,106768.62,518177.11,72202.14,105038.83,1476019.77,101060.51,121608.52,509994.93,71172.9,29666.76,1500076.38,125067.39,57260.73,564537.68
"FT2514",453.066987115701,716.734222412109,69722.013,0,0,0,359044.669,9249.322,67812.771,0,0,1473.916,360990.653,8433.943,59202.923,0,0,4913.4,339569.229,5858.042,60791.339,0,0,2136.393,371941.697,2166.171,59718.803,0,0,3736.36,368477.507,6054.747,66602.698,0,0,2087.07,325041.341,3430.16,62747.822
"FT2516",453.166456089006,339.870086669922,287123.28,59820.14,34567.91,547997.16,83125.41,149387.46,292015.42,103325.03,26577.74,668246.83,74631.04,163552.33,263129.08,108836.11,75186.09,590464.71,155558.25,99423.57,267884.46,58251.27,27704.61,507622.3,80102.24,141983.42,254545.44,91898.99,39635.24,654778.38,63084.9,151422.83,263179.39,112460.88,77625.29,540231.92,175844.57,107172.55,268819.21
"FT2517",453.281903026746,95.2425994873047,246363.99,10416.428,18322.461,578569.731,26374.603,46686.033,214087.919,12582.824,11501.638,672120.851,27826.617,38937.977,238214.946,17679.045,28622.327,620782.534,64273.952,35081.642,232756.231,17300.342,25702.671,659781.293,18565.696,24217.442,226545.056,15133.516,23907.016,624856.69,52193.009,43869.84,259172.334,8089.289,19757.999,648418.871,37556.739,25142.3,237424.842
"FT2520",454.111622659355,170.001800537109,123665.55,184730.17,142334.39,159533.79,42841.34,79580.31,146875.31,164591.76,157395.88,163211.63,34309.44,86607.91,129059.72,173970.57,151641.24,171292.26,46799.64,103310.64,122153.99,166124,144141.19,147509.04,32365.63,66309.45,133893.71,189794.39,148976.78,177387.12,33877.19,98883.99,123673.17,196025.82,143925.71,151110.37,53453.99,105067.51,140295.63
"FT2521",454.15049289166,232.742752075195,816875.2,297985.8,282231.7,898651.8,710293.5,600526.9,749197.1,408570.7,257793.4,1051702.6,628392,634850.8,740739.4,474917,404909.5,918267.1,1050836.2,489741.8,706500.3,256851,251909.5,903166.2,669203.1,613712.7,674943.7,399716.4,238631.7,1016522.8,615588.9,624058.9,691029.9,486263.9,397039.3,922502.7,1079955.2,501004.9,674241.7
"FT2525",455.097773895842,403.420013427734,171351.27,105382.15,120298.16,145580.42,152917.36,127790.13,172946.14,146857.15,118362.71,174957.03,171488.49,146744.05,145619.2,111900.42,112693.42,136390.67,198479.09,149628.88,161013.23,90761.27,125623.36,146705.14,142737.44,125846.86,165206.32,133514.9,138266.32,164587.65,173135.28,153439.58,164383.13,124197.32,119266.8,131696.18,196952.65,163124.42,166957.03
"FT2527",456.13137520665,431.441993041992,113635.94,114703.478,90353.17,247692.844,14889.978,93288.044,121656.422,108673.412,81653.798,240850.125,7256.15,88704.811,89826.49,107845.307,84683.521,224749,0,69596.102,103855.181,103352.12,79553.859,234521.884,8571.364,84157.146,107104.489,110188.518,67945.965,198885.499,2643.663,84307.875,104180.554,94946.196,72939.92,220240.046,0,77204.835,102176.27
"FT2529",457.187123457588,89.0951995849609,1201120.1,1076677.5,1355612,805748,977345.9,1263706.8,1283708,1136352.2,1191456.5,600217,1478557.1,1351692.2,1202728.5,1804071.3,894466.7,675963.7,1192802.4,1443673.6,1130482.6,1076867,1310426.6,825850,1012248.7,1217713.7,1130573.7,1102063.3,1227155.6,570376.5,1485854.9,1349954.9,1195374.5,1738896.2,894425,670387.6,1212155.1,1486154.7,1186426.6
"FT2530",457.248001392822,463.663864135742,46195.931,24555.061,72794.295,1988.828,18372.035,108750.751,45432.196,31685.083,54657.935,3986.378,63420.781,102323.093,29222.882,55097.952,103082.99,2434.07,188044.575,66430.939,32135.24,33358.991,71230.238,0,29726.232,73910.459,34024.265,24064.608,46538.727,1507.362,28946.874,103034.118,51865.653,43288.261,109295.612,3149.62,192321.285,68960.775,37794.277
"FT2531",457.888142877895,576.371398925781,93617.844,86305.948,96191.329,3077.631,105312.352,177822.197,97879.018,130775.633,114984.142,10964.615,111752.567,157763.701,96271.817,136906.869,70034.32,3245.395,158039.08,176082.035,112549.802,109715.803,114084.221,6906.671,124065.081,193244.947,131729.396,161493.273,141025.765,13654.862,168867.405,228348.472,151119.012,193562.044,131487.626,7419.484,242751.534,253349.792,153711.034
"FT2533",458.756308427569,990.342041015625,557140.1,454231.5,587527.3,507020.9,540081.6,588352.6,563266,565570.3,605605.4,559071,555253.2,522631.1,572663.8,526073.9,512517.3,519978.9,690748.9,546798.4,541387,418908.8,568283.7,504712.8,519591.6,539097.5,561022.9,529215.9,600162.9,564781.2,585590,574289.4,538385.3,526020.8,521530.2,490285.9,691594.3,543302.3,562098.3
"FT2535",459.263620335336,441.182006835938,2139023.3,749670.6,744133.2,1861532.1,3540103.3,994060.6,1862638.3,537075.1,831692.8,1639297,3235610.3,989675.9,1759309.6,657200.7,606682.4,1616390.8,1798343.9,898476,1706270.2,662415.9,692035.6,1603584.7,3169491.9,892963.7,1683395,541451.6,828565.3,1498526.4,3187950.7,941319.5,1699629.4,632196.4,594057.5,1604773.7,549237.3,908434.4,1691501.7
"FT2536",460.028333550873,607.066650390625,483473.2,208605.6,219598,786664.9,281808.9,333734.7,471987.2,296245.8,164217.4,1143358,245327,385667.9,466681.3,327724.8,305875.4,869109.7,496154.7,278898.6,449125.6,147738.2,215436.3,791225.4,268456.4,332216.7,465989.5,280853.5,170595.6,1135004,232691.4,397335.4,472631.9,332962,288116.4,871314.8,508077.3,278806.7,485812.9
"FT2537",460.180210499644,624.713623046875,63522.53,61630.4,91571.83,28406.87,100418.52,101505.68,52799.55,57487.51,70856.64,46603.71,115272.47,88039.66,50311.28,56597.58,78398.86,40776.13,118680.07,81006.32,65375.19,64901.29,68062.25,45551.16,104113.92,86647.35,55689.91,66500.76,90265.73,36165.1,100883.62,111020.97,68173.31,74749.1,66093.62,22187.4,111934,95588.63,70601.71
"FT2539",460.754264868338,990.342041015625,197042.5,170075.1,196336.8,167799.1,181116.2,201732.7,188819.1,204682.3,223736.4,196554.9,190616.6,186558.5,184368.7,188309.1,179456.9,172974.3,242874.6,188359,195994.3,144258.5,197231,167149.4,184670,205137.5,190711.8,182183.8,208650.9,206925.3,180029.9,198761,183353.4,188861.4,189395.3,179504.5,236782.3,218531.2,199998.4
"FT2540",461.013117004688,662.606018066406,254873.199,6964.781,12771.436,646733.065,96444.857,12535.108,231659.438,8680.184,6878.803,750528.281,59177.757,10399.756,197978.589,7046.376,22794.345,592116.157,221661.653,19888.226,243396.83,1500.637,6505.174,609024.306,84343.365,7154.111,225593.134,9045.52,15342.788,708393.032,85616.355,27864.554,228132.651,7899.027,14291.451,606441.708,210160.041,15208.459,226023.457
"FT2543",462.067338544641,678.362976074219,853887.96,117087.73,106899.06,2144166.57,134552.17,218933.34,808500.11,169596.52,96310.27,2719933.98,130782.63,228810.18,747090.72,180757.65,135962.81,2162750.05,168303.23,166498.61,765858.87,97440.78,87998.78,2062504.08,127958.58,225644.01,751572.01,164513.83,94254.39,2644662.24,125893.95,263765.32,775191.31,189756.07,133827.28,2135664.48,187644.65,175509.08,825424.24
"FT2545",462.299399517542,161.897727966309,250721.27,38555.21,50627.27,721384.63,35224.34,85751.66,252454.64,43727.12,56058.52,733380.72,27119.71,66626.5,257717.41,58626.04,54504.03,695978.36,21549.01,77082.01,230452.77,44250.88,56265.94,728115.19,41030.79,58913.48,258010.28,25906.83,41514.08,712290.78,24487.95,84693.46,250227.63,57866.56,64625.26,710909.08,45116.07,65396,251462.03
"FT2549",463.265168621671,78.2512969970703,281098.62,175786.62,143479.65,549054.26,122665.03,281635.15,269984.78,176486.95,170086.58,542560.91,125580.13,277183.62,225762.69,164745.13,164571.04,502423.22,103599.27,283806.08,235222.84,186333.97,183102.79,476981.2,133435.46,236900.78,310360.22,179398.39,176043.85,501705.02,78207.23,287301.06,210929.76,178192.36,109176.22,506310.13,81346.83,259973.28,269881.93
"FT2550",463.283513727025,94.0022964477539,145117.22,106428.53,105081.41,207074.9,99066.3,191100.27,168219.07,110374.11,121485.01,239010.54,135100.06,215314.64,160670.93,120014.46,137865.32,182283.09,152685.96,202402.95,131823.49,86875.54,101968.42,222207.24,109484.95,219424.16,168194.17,118299.31,133345.8,242200.28,135019.34,231136.76,49810.53,122981.74,145072.49,219664.77,158161.12,188196.73,157556.66
"FT2552",464.105396349013,337.783569335938,74020.975,7578.32,3671.031,88646.999,23889.143,17802.884,56430.12,11093.619,8227.936,119487.658,21781.175,33385.734,67510.098,14324.89,8463.521,72228.056,134365.081,30111.169,56801.725,1909.879,2594.072,89147.779,16585.915,12871.109,65758.913,3882.896,1850.392,98869.566,12995.996,36277.561,66602.532,13436.916,16707.598,59547.496,122389.999,21951.815,60050.613
"FT2553",464.314862253372,161.892776489258,2890152.5,577538.5,513872.4,7869085.7,361287,867867.4,2881958,583818.8,558409.2,7723260.9,351798.3,921418.5,2779532.9,598833.6,573956.9,7732734.6,318031.6,864202,2750304.5,543918.4,509552.8,7928141.2,308294.2,875660.7,2760531.5,664850.3,542124.8,7471823.8,369169.4,951803.5,2732876.5,556291.2,601917.7,7697228.3,332899.3,975101.5,2742832.2
"FT2554",464.314869069238,94.0022964477539,6195243,1151132,1046378.8,14339570.9,719717,2003768.1,6220703.3,1297502.8,1071400.4,15418199.3,526597.8,1560448,5993988.9,1288036.3,956984.1,13987303.9,852590.6,1884595.9,5819442.6,1106158.3,1081142,14981370.8,609739.1,2097193.2,5972789.9,1129743.6,943636.5,14577359.9,670151.7,2211461.9,6197245.3,1234048.6,1173292,14049948.2,464607.6,2019971.5,6035222.3
"FT2556",464.763865950896,983.1298828125,839981.8,517665.4,689585.3,596060.1,894526.3,1044274.2,842544.6,855806.3,823150.7,756072.9,928704.5,1046044.1,883359.9,772678.2,722405.8,613600,2039614.5,1220619.7,857424.9,574410.1,791136.9,646577.9,960795.6,1202511.3,952938.7,916688.5,907016.5,862106.4,1010858.8,1182324.4,948674.4,899698.4,782756,662015.4,2267510.8,1339671.8,985748
"FT2557",465.304691611886,77.0251998901367,497789.7,519346.1,452764.3,362673,423042.9,585917.7,494934.9,476280.5,508824.7,422587.6,529493.8,634421.1,465525.9,531259.9,482019.6,408924.1,392444.1,604355.6,490331.2,481346.3,449212.7,384727.6,423338.6,603862.4,465334.5,526870.3,520010.6,415181.7,484212.6,587834.8,488193.3,531953.2,503790.4,371915.2,397633.1,570812.1,500915.2
"FT2560",465.982809259457,644.055358886719,331894.99,401595.1,456164.79,204948.13,89949.67,454750.71,306572.06,374925.07,528485.12,144607.05,104339.26,334141.95,216604.42,270481.69,333327.74,186655.67,68231.53,487542.89,280812.54,358263.9,439050.52,193466.68,84825.39,433551.71,267457.73,323582.07,518850.5,154531.98,119454.73,413498.18,291404.1,320026.04,398795.02,174345.21,77461.49,505335.71,305500.97
"FT2562",466.331432409506,164.561996459961,384936.401,37260.599,40637.262,1252600.383,11767.003,60144.532,408871.382,45242.63,39790.96,1115964.443,8463.258,58697.198,391892.106,45328.082,43240.807,1176490.99,3066.36,70691.786,364674.15,36073.275,29923.605,1258439.25,0,58787.209,387309.52,49593.058,43566.924,1127043.069,10044.578,61073.378,389298.957,34228.227,34255.971,1156528.524,6171.046,64286.414,394457.949
"FT2563",466.761710928535,983.128173828125,234452.22,78190.86,203571.1,162633.56,218891.54,350832.36,233421.82,242094.95,205963.09,219219.27,259645.28,292810.77,262494.81,205639.27,211594.86,165134.18,572657.81,313760.74,255381.51,156061.05,181492.62,178994.04,270431.12,322434.15,248746.35,244451.86,257844.65,224746.89,306014.34,324763.39,263926.88,223936.83,226235.59,181856.98,597042.97,390848.58,274659.16
"FT2567",468.103489219433,274.735778808594,96721.83,89244.39,112221.69,92716.8,49848.65,90814.21,92933.01,74573.14,109480.1,84611.95,59011.79,78174.16,77004.18,84493.66,89974.23,82071.38,75586.89,88245.41,84716.84,72916.57,96293.66,77601.19,39982.88,84243.47,79110.14,83355.78,101268.22,73631.63,55160.4,73723.93,91566.78,72367.15,100717.83,71255.74,50849.6,77227.72,84962.08
"FT2568",468.129115289506,529.4169921875,93689.88,3008.821,9198.464,24614.053,513432.357,37342.874,86588.069,3109.576,2393.363,31897.412,513472.04,12984.472,71068.432,4656.335,2267.129,39898.089,437824.998,14298.643,88454.464,5590.208,3315.263,30420.143,506710.158,14399.461,88317.77,2204.748,0,27624.254,557054.706,28707.996,58711.729,6633.598,4672.902,22772.342,481921.249,19381.197,87059.806
"FT2571",471.07079398256,493.548034667969,1844232.9,1358243.5,968807.6,1515078.4,1070132.1,2214460,1830451.9,1697305.9,850248.7,1707607.3,1035964.7,2030663.8,1639369.6,1711521.6,1094660,1606399.2,2118530.5,1922628.8,1662590.6,1236535.2,1063159.4,1598833.6,996743.7,2132030.9,1703245.8,1639199.6,919452,1721112.7,1019352,2208499.9,1722597.4,1950451.2,1053779.9,1527605.5,2197733.5,1944600.1,1813428.7
"FT2572",471.078494571725,617.513977050781,161689.777,0,0,22587.393,1104280.837,149259.769,161425.265,0,0,45718.824,1067684.376,154241.15,136894.068,0,0,23396.1,1122662.999,122211.407,159754.201,0,0,26125.05,1053222.889,144471.585,159445.883,0,0,38585.686,1083406.601,131419.267,170096.037,1962.619,0,28240.347,1104386.812,125194.412,158783.78
"FT2573",471.086661261843,433.528549194336,167290.293,56423.949,52608.644,225580.071,28726.192,113462.182,155606.284,73529.589,70942.805,236401.961,7073.622,55774.096,88240.027,36063.146,45346.206,197806.142,0,76586.654,145124.71,23994.963,38775.455,220482.477,5877.119,54376.55,136107.633,42860.951,62787.75,212554.437,10469.935,89820.483,140666.513,45326.365,37444.118,204312.939,3884.206,99986.117,124728.059
"FT2574",471.105132830259,509.950958251953,452584.5,609196.1,562330.3,141012,182543.1,1101198.2,489202.2,591357.2,590829.2,202756.9,179855.4,1128038.8,464493.1,583382.1,570034.8,157761.8,159859.1,1045617.7,473063.6,545583.2,546047.9,123707.4,160111.4,1090107.8,443827.4,618706.2,628961.9,205301.7,204739.9,1123175.9,448125.7,598373.7,531529.5,130951.7,168734.4,1047047.7,468335.1
"FT2577",473.282785860679,80.6687622070312,1472615,1589435,1529698,1625293,1684224,1784810,1874183,1688135,1861879,1686284,1848907,1983505,1567163,1706873,2014025,1497172,1851403,1661614,1918905,1622943,1626028,1800571,1859139,1988808,1897814,1834157,1845847,1680581,1808748,2110327,2010443,1678160,2091618,1693526,1946507,1691952,1980588
"FT2578",473.282953951355,142.971786499023,629998,794257.6,718141,720456.2,883985.7,888481.5,804331.9,788585.2,931471.9,923164.7,950607.7,931102.7,804702.7,898853,1025579.6,869489.6,846248.9,933866,845473.2,912411.1,949564.2,960079.2,911436.2,912198.9,794305.4,925044.1,956310,916286.2,945173.1,1009169.4,847049.3,923664.8,1061418.3,908228.5,910325.4,907569.3,874313.1
"FT2580",474.213816452311,89.1009635925293,67625.69,83998.76,119930.31,81170.36,93143.83,108324.8,65556.09,151252.41,88446.67,46641.14,129742.09,142530.48,66905.64,151026.52,109270.65,63014.1,130950.8,96242.02,47347.24,93291.19,119884.9,56631.62,103211.01,117350.44,73330.69,101078.49,91929.48,32165.05,116175.55,156080.78,45529.54,138597.96,76402.09,52059.34,116221.95,68110.8,50154.54
"FT2583",474.730181062518,991.913,740186.3,703069.7,840395.5,771639.2,708229.4,609475.8,732580.7,689251.1,913958.1,776457.9,701405.5,621078.9,690550.9,671950.3,740153.4,779792.5,536441.1,568017.6,667969.6,651397.1,791299.4,719115.5,590163.5,559819,661275.6,644974.5,810541.4,788548.4,641408,577047.8,655756.6,640681.3,690978.8,706467.8,513284.1,514879.4,636822.2
"FT2584",475.112212246602,516.425445556641,200761.5,188457.2,172432.7,213595.9,274314.9,197563.5,201510.6,175760.7,198945.9,206433.7,290941.3,147312.5,151098.3,165912.3,167898.4,209051.7,204733.9,152346,128195.6,130822.8,164548.9,174930.3,240975.5,183847.8,185602.8,168110.3,182340.7,198011.3,245832.8,171916.6,188018.3,161051.6,190066.1,168769,139319.5,169091.5,127753.9
"FT2586",475.255283911392,442.543502807617,90375.94,46570.48,52718.66,98373.51,166826.47,55351.07,93082.3,41770.42,57903.58,81562.74,121401.01,59911.34,88810.49,44411.93,46164.15,89790.22,68598.46,54987.9,97883.11,51542.27,54451.3,100173.3,178833.76,53515.84,100802.04,39061.11,62426.48,89033.61,156743.29,65581.12,103298.26,43642.31,43049.34,94095.8,80306.74,54816.89,93448.01
"FT2587",475.989400667716,581.788756591797,132407.642,129943.209,192626.901,105178.565,3518.423,153663.184,137687.71,154774.485,184968.1,113132.904,7269.118,157018.324,129707.872,124037.46,155052.196,95933.31,3076.726,188350.719,124455.179,118218.234,195010.161,96688.535,8455.957,154053.286,127210.742,134861.359,201749.864,133774.304,4588.732,176980.249,138854.625,152077.126,180348.445,94671.086,0,168296.486,142467.555
"FT2588",476.132429459625,231.317993164062,94680.05,54532.65,60069.08,86774.96,123166.7,82582.63,83519.66,74249.75,45256.85,71467.81,119519.45,80704.09,87164.67,57312.5,63018.92,60580.48,154857.27,75499.11,92543.27,48300.17,46482.96,64574.29,110735.89,93076.91,67090.56,62773.05,44950.82,75453.5,112878,89306.08,82929.58,76940.42,64173.08,58284.34,150288,75710.53,74754.22
"FT2590",476.278721033863,94.6193046569824,12268.471,9415.307,3586.878,160379.335,2115.475,15678.512,31945.255,7221.059,6708.95,148495.01,2859.69,27309.555,35336.83,6202.65,7932.884,130514.633,2841.537,17595.068,28912.85,8660.451,12194.482,164528.071,0,36617.884,32776.779,0,8580.55,118300.303,3441.324,21478.19,40407.061,10117.86,3099.247,129518.347,4462.333,11350.879,28808.273
"FT2591",476.728212223565,991.913,305200.5,301369.2,338505,314447.2,291635.9,250783.2,306307.7,289534.8,379548.8,348298.8,290393.2,254563.8,298448.2,266843.1,282060.9,359954.7,251648.8,227552.8,284112.3,278168,335879.6,301224.9,256263.7,242615.4,300422.5,274938,350392.6,298521.5,265248.3,253898.5,273413.1,273423.9,275491,305616.4,216216,237858.6,269586
"FT2592",477.9938450699,629.939819335938,25652.642,21785.847,17582.92,3316.241,136279.888,27370.193,26906.389,21291.65,19572.411,3035.31,151491.77,20697.455,25624.551,8717.106,16385.719,2154.226,185273.905,21843.505,32348.323,11088.511,15463.277,1832.16,137371.297,24365.282,26138.672,19982.985,16495.985,5861.555,148790.276,21487.924,16218.138,15034.404,3844.576,1615.396,181119.227,25675.199,20349.294
"FT2594",478.090602110775,544.385314941406,517168.12,247543.88,185981.64,779006.47,118464.93,183210.05,488195.77,221894.89,178676.26,743905.85,92420.77,176157.72,416281.48,215786.38,185999.62,687918.49,147094.91,150269.19,383180.22,205757.79,152924.17,697572.74,90680.33,178788.57,410166.27,207601.07,168194.99,674919.36,100815.74,170785.49,415923.18,254201.29,221872.73,706020.15,158388.13,154808.88,451908.07
"FT2595",478.161580838878,294.378936767578,50204.849,1841.259,0,111226.608,0,18882.839,51355.374,18602.967,0,166481.053,0,27683.239,46343.321,25591.931,11900.515,120025.024,0,22723.912,52328.015,5579.604,0,110562.881,0,24997.221,32936.776,9152.571,0,148285.799,0,53532.835,56621.501,20105.187,7075.779,114838.382,0,13133.848,55744.196
"FT2596",478.294151263953,94.0196495056152,855000.7,148399.9,179657.6,1951918.8,213936.4,242884.9,896161.9,171467.6,169746.5,2194192.5,220201.5,297996.6,809228.1,169180.5,179078.6,1937708.3,316426.1,255642.5,812600.7,152844.4,160761.5,2039633.4,236435,295547.1,844573.2,178186.9,180371.6,2037862.9,228198.2,314008,827021.7,183309.4,197904.5,2089442.4,331933.5,302556.3,887695.2
"FT2599",480.112985112948,248.019,97882.971,4528.99,0,126833.988,0,47362.398,95891.988,31459.466,1810.986,125211.429,0,58087.709,96383.324,39998.623,18488.114,123285.716,0,46128.626,90454.154,4735.03,0,131340.182,0,52936.865,83479.532,39650.731,5811.194,122037.882,0,67665.619,102680.209,51374.892,27369.346,141193.931,0,53169.227,117962.228
"FT2600",480.309969537417,163.244995117188,1628961.3,375380.9,395809.3,4065397.4,560202.7,689432.9,1688833.6,413610,429069.1,3943552.5,550914.6,726638.8,1646708.1,463862.7,456349.4,4205054.5,557348.4,690269.1,1636216.2,399011.3,440213.9,4156372,569622.8,725357.3,1603174.3,412137,469468.5,3986023.4,571647.2,784264.2,1651593,466664.1,480026.3,4195053.8,564572.5,737810.9,1731488.6
"FT2601",480.309844438896,94.0022964477539,3398372.3,698783.8,644421.7,7050748.4,892812.6,1487502.7,3354859.8,644192.6,668288.1,7578137.9,819843.4,1574186.8,3290823.2,609881.9,794845.4,7011090.1,1410340.4,1516681.5,3235264.9,655933.8,619797.3,7299554.3,1097940.3,1302283.5,3349810.9,792175.3,736751.4,7165923.7,1081913,1512673.8,3346896.7,722475.1,397399.7,7220187.2,734814,1339977.7,3415303.1
"FT2602",480.73784772484,987.483032226562,1357362,1024265,1268650,1088465,1310978,1469960,1373204,1361123,1350454,1279930,1398122,1428294,1341537,1262756,1239873,1170548,2062553,1524558,1294522,1053427,1305141,1134167,1352026,1507784,1341282,1339991,1437601,1360394,1506960,1572713,1428367,1384871,1285320,1195659,2201201,1648576,1513148
"FT2603",480.852913493488,963.033264160156,1713716.8,728207.8,1177195.8,784908.2,1874689.7,2413648.7,1640758.1,1547428.4,1261392.5,1388660.4,2137154.7,2386745.7,1772180.7,1419875.9,1077601.8,767849.8,4585682.6,2973458.5,1675292.9,676045.9,1209308.4,785234.1,1965125.2,2625038,1611513.2,1521333.1,1415111.5,1392182.4,1919934.5,2426412.3,1726880.6,1453544.5,1145798.3,820817.5,4699774.3,2734224.8,1678126.4
"FT2604",480.982381229956,594.755859375,1688837.4,1833022.2,2626725.7,1490394.4,1170822,2114171.9,1666160.8,1774705.5,2814848.7,1004326.3,1276509.7,1523785.9,1319413.7,1284161.2,1860274.7,1313009.1,769497.2,2047185.2,1623992,1789308.6,2548694.8,1387154.9,1104453.3,2113311.9,1579040.8,1716181.1,2712554.8,969418.3,1328783.8,2025757.6,1701540.6,1741250.6,2238707.8,1411830.5,885421.6,2423821.8,1825981.5
"FT2606",481.194276869365,231.620086669922,184804.75,93688.72,81650.23,232498.79,174628.93,154863.17,199671.92,103541.29,78476.74,268105.71,151866.49,172582.76,203884.67,141345.74,119964.47,248496.35,186727.24,138477.84,174707.79,82368.13,79687.31,246384.84,170352.56,153311.71,154517.18,91627.1,69906.84,265494.3,155729.06,166318.68,188769.28,133094.78,119250.39,254258.07,184717.67,135874.11,166950.17
"FT2607",481.245438310962,441.185989379883,146458.39,88988.42,88476.29,114639.52,106147.99,107055.68,113739.97,65135.89,97379.85,109928.58,95832.3,87033.86,87151.28,66568.2,65662.59,97182.67,59450.5,80077.26,112059.48,62842.15,72429.48,96773.19,87250.01,65344.73,93574.97,60012.7,74493.97,99267.02,61306.48,99009.67,107538.48,60351.75,64772.17,84592.88,57455.17,80913.74,93533.86
"FT2610",481.977818094473,679.802001953125,4371690,5204107,6334975,3154167,4481245,4962521,4417098,4632387,7004397,2099249,4838294,3446897,3152708,3296828,4398510,2582066,3299198,5146879,4000674,4644096,5837365,2987169,4332449,4705583,4049714,4374407,6759687,2056883,5070860,4589375,4322158,4131547,5066096,2736050,3766003,5772485,4283952
"FT2612",482.254823112424,170.001792907715,100967.25,526677.92,365776.31,154876.18,346354.23,132242.74,110611.09,162435.79,364894.84,56402.17,291941.77,98209.87,104736.31,192795.43,389808.75,119207.54,36911.9,106165,97705.97,501899.7,337420.84,159647.27,237228.79,83719.68,100328.01,178459.5,277084.6,58798.41,258418.87,71958.55,114634.63,200401.13,353735.61,85263.74,31870.63,82304.15,118065.72
"FT2615",482.961731655859,659.684753417969,23650943,27134750,33604426,13289869,27853903,26762695,23695185,25105334,37527372,8928448,30832574,17750496,15905635,17041354,23629220,11166614,19132309,27722162,20692688,24191327,31681722,12410318,26431575,25211471,20435013,23228034,36396790,8473902,30723209,23695416,21500841,21863475,25905544,11895801,21349121,29401305,22514765
"FT2616",482.980361171074,684.085021972656,379753.61,437440.62,530638.31,188422.95,334402.55,427114.27,324455.35,371259.01,616887.28,89286.75,383482.12,231464.94,256560.01,240015.26,371502,209999.88,198118.1,507632.53,341393.82,346333.02,453388.68,264544.82,321919.07,383226.25,311812.5,365688.82,640472.6,130957.27,296555.67,375420.19,230254.07,250408.83,430711.95,123304.65,115088.89,471078.43,384651.12
"FT2617",483.006313667676,562.447387695312,120750.59,123113.67,104363.43,100101.79,72829.1,78979.8,100884.18,94087.89,88515.76,78425.19,57270.48,82183.27,81415.27,88700.29,92614.01,75456.75,83091.93,76671.66,76044.25,101822.15,79501.41,82715.44,74211.68,77852.03,83609.51,90053.3,64820.07,62754.83,58288.27,81621.26,84051.42,76097.66,83500,55264.67,71174.45,81241.62,78597.11
"FT2620",483.273503237255,84.4004364013672,116384.52,130651.28,202562.61,156641.53,63521.49,241745.7,134345.41,132403.14,189285.25,173144.87,31007.29,258939.18,120185.52,155272.16,170826.69,149028.43,59296.01,231880.59,108114.84,130284.89,151547.38,157713.64,49161.85,234005.69,149289.27,127923.94,202888.7,167810.53,35816.7,270897.47,152396.72,142718.91,152631.44,148885.88,52501.32,223926.38,110617.25
"FT2625",485.031770062236,439.962463378906,138511.849,23508.088,25744.952,101157.904,264074.719,63382.124,113096.267,8866.013,30010.615,102406.943,248207.907,38863.063,112546.117,19270.588,15361.969,94762.965,144170.326,31424.72,102730.635,4337.477,21913.381,87956.056,194142.422,45469.866,92079.25,9059.765,34790.765,81692.614,217770.06,32513.146,103283.633,12120.873,8229.683,83418.516,134150.949,26807.653,95052.54
"FT2628",486.087449911691,336.438323974609,60418.454,4093.98,0,52127.761,23352.155,30774.325,69092.759,3934.516,3937.19,68424.874,23584.634,30633.892,55384.402,11719.254,14680.628,35270.901,127927.375,29611.502,48294.049,1524.138,3227.879,60910.893,22708.555,22156.127,59255.972,10802.476,1663.531,65163.34,15600.641,39124.563,60369.874,23289.96,20847.175,43401.101,106241.316,24301.447,57500.203
"FT2629",487.100349570958,548.47705078125,4714805,4820164,3834675,2257991,5091999,6550835,4773536,5769035,3881668,3098530,5197058,7775596,4768805,6347409,4846080,2469398,6933884,6407041,4764868,4858836,4119149,2335804,5352254,7246755,4864787,6144555,4103412,3262429,5580729,8385918,4959320,7023802,5293174,2581135,7595259,6264389,5173898
"FT2630",487.132241476635,232.72925567627,2181854.9,256627.1,185247.3,4284034,1372710.7,1139883.6,2151728.4,547572.8,152658.1,5730923.9,1098325.9,1477991.5,2110140,733093.7,528888.4,4708026,3210653.5,859314.3,2059917,211392.3,168888.9,4282119.8,1354051.1,1184560.6,1803276.4,502719.7,161847.4,5562891.2,1103140.6,1481730.9,1999820.7,748742.7,573959.8,4479956.8,3334341.1,862981.3,1977771.4
"FT2634",488.877380620001,581.821594238281,1859171.6,689945.8,1323466.6,1367663.5,1938192.7,2107736.6,1846872.1,1505929.4,1464208.3,1945764.4,2122194,1972524.8,1818426.9,1398430.6,1333106.2,1440029.7,3390443.3,2072166.2,1774861.9,696462.8,1345849.9,1378464.4,1980513.4,2131034.8,1694863.7,1545776.6,1362134.7,1819988,1955329.7,1985103.7,1753458.5,1484732.4,1375244.2,1334164.5,3205149.7,2174487.4,1827831.9
"FT2635",489.03032210316,440.679382324219,159504.26,33421.22,22592.01,143917.01,309287.28,56427.36,128578.38,17429.24,38457.54,114577.29,317042.82,62362.79,126699.75,26116.81,15208.16,110840.92,179897.25,50435.82,125797.95,13888.38,12500.95,125169.02,281181.96,49134.78,123659.03,16778.42,28466.41,81936.05,272948.21,56336.14,109585.04,15248.33,14886.96,93886.94,147135.42,42262.29,113896
"FT2638",489.142732707329,526.743286132812,312810.7,395139.2,388341.7,159124.9,172558.8,370421,324557.3,371369.8,427115.6,188224.9,158219,335029.8,288488.4,337069,326497.1,183934.3,139103,324684.2,263359.8,306592.8,342139.6,159445,112200,319201.7,275145.9,320589.7,380304.7,167507.5,126501,334743.3,259620.9,340623.8,306899.9,155419.9,146342.6,322921.9,283718.1
"FT2639",489.158333743209,845.413024902344,112526.63,50996.1,87521.97,125897.32,153079.49,51739.93,102922.95,54077.63,91014.77,137519.9,91798.98,25756.4,62366.62,37566.58,68475.5,123459.04,137152.54,46769.98,88221.92,33983.73,78008.28,110944.86,99197.57,46650.71,76884.36,52977.53,74950.65,130240.32,122465.74,58677.42,88810,51570.42,77900.84,130495.72,155851.72,31393.46,95367.17
"FT2640",489.277965063767,79.325023651123,1246896,1359557,1378411,1627484,1304933,1444622,1744454,1351874,1336185,1518962,1090769,1565349,1070693,1280245,1924830,1246669,1362937,1359912,1622800,1329022,1373256,1682266,1453322,1556108,1487680,1286565,1327096,1504583,1111407,1604177,1633607,1315332,1901846,1342529,1427979,1351184,1559012
"FT2641",489.993748360819,583.320678710938,597686.7,657282.6,948954,544648.8,241019.3,647160.1,534497.1,566213.1,1024148.5,402539.6,235497,500249.3,444354.9,410718.7,701152.8,462995.3,139578.1,624217.2,501239.2,594544.7,917564.7,498820.1,208102.5,606619.8,507729.7,547713.4,1038120.7,351067.1,230766,600611.5,534122.4,552113.7,774221.2,486258.8,150372.1,702830.2,605280.4
"FT2644",490.148016725978,274.732940673828,200481.9,142707.35,242895.54,235640.48,89380.15,154233.11,199383.39,165754.8,246021.26,236119.05,90399.29,146645.21,170375.6,151904.24,203324.13,213685.95,103444.15,141341.85,156522.75,142348.71,206117.88,227282.46,76973.09,133059.7,143407.6,148989.75,229519.86,214944.96,81562.92,140052.73,172240.12,145304.37,184923.35,189739.57,100556.93,120874.99,187904.03
"FT2645",490.28132434715,78.5944442749023,293598.9,392899.7,408809.5,440918,389219.1,437395.9,432971.4,372386.1,372345.7,414026.5,339491,476845.2,389703.6,348438.6,574572.4,357669.1,394442.3,380814.1,382382.8,377638.7,395690.3,508133.8,418724.6,478579.6,323514.3,402587.8,364477.5,461298.7,290897.9,463643.7,523326.4,394543.7,567278.5,400202.3,383748,375636,389734.8
"FT2646",491.030555671285,439.771331787109,242753.99,37592.37,48462.9,195911.3,444089.79,105554.84,210441.9,27883.99,67872.32,180768.54,428140.49,52363.31,194424.39,36527.65,38660.51,155496.38,237476.24,85656.32,190353.97,33463.79,46429.18,165446.15,388792.15,86705.8,184533.45,24269.05,46428.71,146464.33,383224,82999.43,188817.39,23396.48,39162.91,154834.46,234309.35,74055.76,177131.39
"FT2649",492.346155965339,92.7881546020508,70932.97,77330.9,82629.72,205134.71,76165.15,78173.71,90969.99,57123.53,66451.09,154428.68,58362.99,69313.47,91596.81,80527.77,66059.82,185455.8,103957.44,82180.45,133387.68,71746.81,49571.42,185308.37,90522.13,89673.17,94580.51,64072.16,69008.91,191103.35,82647.83,78002.74,72751.95,80880.5,86124.31,192334.21,96821.44,66642.68,72500.69
"FT2650",493.052982586491,493.55012512207,279993.6,279636.1,211682.5,167184.8,349387.6,373733.4,282058.4,297961.5,197262.9,157351.3,304906.2,353753.3,171652.6,269861.1,197842.2,171237.8,434490,364501.8,250949.7,228196.6,216235.5,159891.7,308342.7,343966.5,254918.4,282045.3,174384.2,150201.1,300191.3,358242.8,248629.9,308602.8,177083.4,145475.3,459163.3,362641.4,254962.3
"FT2651",493.24762057645,441.180358886719,118135.69,33792.37,38582.91,99817.43,184753.04,59928.09,122794.83,31040.85,50786.03,110635.73,219975.52,57456.7,120898.53,42242.97,44626.4,117344.86,127492.08,59183.41,119951.85,32354.48,51230.11,91060.66,239311.68,70994.36,118664.52,37792.1,59953.66,110319.03,206652.01,68821.43,126673.69,23518.71,40285.89,119679,88318.17,59227.36,122417.18
"FT2652",493.946413128463,658.341369628906,108050.513,169643.31,218542.111,30853.592,122846.571,117387.517,106150.494,107687.658,279055.817,3778.668,169032.335,127529.519,97936.294,121686.25,167840.475,15255.244,62181.01,143937.609,98344.144,169865.39,255144.389,21620.818,134010.505,116132.728,100640.283,115225.504,283558.745,4755.148,159567.289,102977.828,82447.957,102665.438,120383.995,15343.458,28551.239,133651.568,80344.399
"FT2653",494.000784194173,625.847351074219,199666.15,130600.31,132769.08,205879.66,15275.81,238072.6,216945.37,209187.76,114133.27,314658.37,14027.02,182827.26,178523.3,191671.93,135360.43,195597.95,52624.38,182729.03,207197.22,104935.35,128123.64,200888.4,25234.91,220066.64,195714.44,184860.65,127456.6,293175.73,17811.61,191994.37,185139.05,210654.36,150819.69,181270.67,41355.72,192260.95,196544.36
"FT2654",494.047275944015,555.492004394531,90821.22,77929.75,116582.1,137669.65,41542.61,83634.22,92237.58,68203.07,126545.55,120300.71,39404.55,70606.85,95849.63,91288.98,103202.5,123625.78,43668.69,51786.94,95210.73,65814.07,103615.95,123337.89,51717.02,73382.34,95671.02,79444.02,119208.85,119288.35,22366.42,69647.91,93287.92,86954.56,97202.24,128624.44,48050.36,78002.95,98578.18
"FT2658",495.042819932032,548.501098632812,2055367.7,584270.4,420321.5,4683062.9,225779.8,799716,2112037.7,697104.5,382137.4,6103093.6,228039.7,1055072.7,1828623.3,923852.6,800037.2,4735268.6,783143.9,750168.2,1929636.2,563846.7,453474,4855301.1,214808.9,896974.8,1990188.3,665885.2,392427.3,6294387.2,269556.3,1134878,1976770.8,1095846.8,836870.2,4875897.7,834421.6,729394.7,2072098
"FT2661",496.295517313043,197.674209594727,184754.55,215396.71,332324.44,113363.6,88481.14,163911.5,153666.48,149780,300670.87,108083.47,85575.96,156410.15,139102.04,156120.21,263004.73,122306.38,71130.06,133394.36,140539.55,175126.5,266467.6,110811.07,79008.44,134173.76,115227.67,134272.69,289839.49,96820.67,78264.02,149340.88,148846.31,161556.82,249328.31,106886.19,55498.55,125647.14,144768.16
"FT2662",496.711917670492,991.885864257812,1500042,1311616,1575427,1435165,1488805,1443036,1524575,1549585,1692683,1557737,1528360,1450636,1516872,1462046,1487883,1463685,1652552,1407821,1447966,1284094,1549414,1426867,1427959,1473429,1505594,1503051,1664802,1553071,1603877,1553734,1535312,1512559,1461575,1473517,1580833,1483600,1609485
"FT2663",496.988781997502,661.158996582031,308721.606,1881.08,0,0,1474860.314,224713.931,308745.365,0,0,0,1621069.104,148974.965,227937.38,0,0,0,1192498.142,179058.528,270850.75,0,0,0,1434396.003,204307.476,269772.453,0,0,0,1614349.747,194596.004,304850.216,0,1751.681,0,1369146.076,203387.036,297199.011
"FT2664",497.093778892,517.684020996094,241565.76,226772.13,190229.85,224269.41,384426.83,187298.88,224358.21,177540.74,187183.58,247787.23,317068.21,68768.22,110580.79,160936.47,204934.15,252393.34,266546.52,183907.09,192406.1,193254.21,138388.63,223190.96,312685.98,199111.43,205837.71,202892.8,200989.49,250514.4,303012.08,164507.44,225195.44,198538.03,200002.28,237341.29,287693.27,209835.69,230646.91
"FT2665",497.143821615904,252.80689239502,50123.686,8063.432,5749.135,57726.763,0,19289.08,45351.072,10839,14444.371,84202.266,0,30944.641,47522.958,10165.069,11790.885,67155.157,0,16645.559,42834.927,6509.375,9640.056,77285.506,0,20003.829,42283.765,21878.191,9939.329,77204.451,0,29681.873,42906.435,10177.979,14935.671,68581.623,0,21585.564,39450.297
"FT2668",498.709917515544,991.885864257812,628879.4,575956.2,667532.7,620722.9,628877.4,617767,655628.6,652568.1,696991,651362.9,631664.7,623286.7,637427.7,614110.8,648395,634836.9,681301.4,603027.3,631473.4,559678.8,670745.3,598005,607661.5,630797.3,632315.2,640337,736663.7,677146.2,672085.3,656439.4,652944.4,624796.3,618377.4,623122.5,673759.9,625425.9,674405.1
"FT2669",499.379809945036,79.4610824584961,553640.9,512508.8,598239.5,469255.9,599096.8,675506.3,566923.7,555512.2,568677.9,491247.9,659707.4,712576.7,547247.3,517886.8,520977.5,460315.5,675304.5,667189.3,495127.6,507301,562448.4,441118,686480,652845.7,563216,567431.6,598592.6,445642.7,690184.7,671704.6,546600.4,518021.6,575536.1,456308.7,675535.5,657362,475081.3
"FT2670",500.278871503695,161.898284912109,162504.9,155879.8,207768.1,143306,223323.4,237507.9,194594.5,139440.2,188720.6,111578.3,191873,213922.3,220262.2,168010.4,185522.4,117768.6,172291,171892.4,243478.3,192701.2,232363.8,173633.9,241734,275847.1,227855.2,163747.4,208994.7,108697.5,221973.2,218697,276436.1,196667.1,210889.2,131908.7,168582.9,189247.4,298344.7
"FT2671",500.278769030349,94.0022964477539,524614.5,423484,577422.8,408582.1,593126.3,763630.1,633893,385516.2,488065.4,296039.5,570210.4,619818.1,661903.4,498521.2,494286.3,285917,709881.5,510364,703373.6,482930.2,605934.7,458392.9,731533.9,867979.3,759493.8,475291.1,610141.3,298178.2,616953.4,682811.9,790664.5,545593.5,385829.8,339427.4,709744,585951.1,898568
"FT2672",500.708047943985,991.876708984375,111531.09,99924.85,110211.27,92464.77,101175.6,106594.65,103297.64,103902.18,121649.04,101315.27,117913.05,112772.2,104602.08,85735.34,105450.24,111610.64,105870.76,107470.04,103341.48,92434.13,108754.37,96261.4,95442.94,105856.92,103664.18,108137.07,109520.08,101662.95,107567.63,123338.89,109262.56,106632.04,109653.98,100919.8,108020.08,116707.95,104044.69
"FT2673",500.97284138275,609.721740722656,506184.1,392794,383290.8,391754.1,619560.9,588037.5,497960.8,583386.7,416150.5,428340.1,560807.6,566994.8,417794,512884.3,438296.5,463710.8,670213.3,452068.8,475035.3,333784.5,396172.6,390125.6,592684.5,577772.3,492140.7,586338.2,299252.3,423898.6,561464.3,638977,516935.5,585065.2,460753.9,448383.7,719245.7,470352.4,524058.7
"FT2675",501.665788572001,174.123001098633,294868.3,379275.3,389561.9,168054.9,459108.6,308644.5,288774.7,302792,405187.1,155549,536693.9,304195.5,306497.7,274526.6,320808,131233.9,281157.5,379963.8,277661.1,340825.2,377419.2,137584.8,418644.6,281171.1,287636.3,319027.1,468968.5,144802.4,562907.7,326913.4,305019.1,259778.8,331355.2,144996.9,281263.7,370196.5,308408.4
"FT2679",504.011367772171,588.622436523438,230780.1,154494.4,201776.3,181530.8,240675.1,194529.3,200411,193276.5,181751.6,197834.4,241916.9,153057.4,188310.4,172790.5,179528.8,231795.7,269102.2,184521.4,169130.7,140341.8,183341,193549.9,210860.8,180691.2,198411.3,146615.5,183808,157580,223336.9,153024.9,154661.7,156745.7,169337.1,207479.6,257221.1,161184.2,171803
"FT2681",504.140028981823,246.633529663086,131167.699,12947.372,4076.509,225708.33,0,75228.899,121868.023,35452.903,8121.172,253941.433,0,119669.001,126975.884,38327.787,37285.044,217165.64,0,64970.666,110366.798,2591.473,0,217841.002,0,74463.727,86994.917,34883.32,7732.492,226236.903,0,97806.941,121766.48,39778.606,17862.828,220111.156,0,51837.403,110688.216
"FT2682",504.93006696588,659.690124511719,2276521.9,2677364.4,3253445,1368588.5,2474351.8,2474349.7,2164846.3,2301080.3,3685506.8,960271.9,3489457.8,4264789.9,2820063.1,3636769.9,3699652.9,1550039,2091442.2,3284304.7,2488205.8,3014732.1,3813153.6,1602112.4,2887035.7,2883733.6,2413434,2673913.8,3904674.4,992822.8,2836598.9,2369321.9,1700598.8,2207792.1,2515527.2,534891.4,1178399.9,2679435.8,2228507.8
"FT2685",505.988778091853,613.146362304688,67369227,94280830,110297424,51555408,34229105,73491053,66486607,83679491,119402610,34945428,36345663,53520552,50992786,61352629,79514150,43571850,24784260,74799704,62148739,86538780,103187214,49349695,32179611,71749668,61186362,80286202,115564386,34675999,37776577,70208179,63758979,75960339,87552360,46863307,26515979,82563860,66581713
"FT2688",506.32540878655,93.3873481750488,70595.831,0,7135.442,230749.558,4610.254,8616.507,40294.163,8738.336,3845.942,263563.945,3311.39,7191.173,72684.599,0,10330.331,251447.749,8057.146,13210.758,54701.714,6717.642,5284.597,254063.465,3500.99,17847.687,48452.849,0,3344.994,269945.325,0,17077.8,52765.854,8729.26,3520.765,261855.047,0,6421.179,45248.772
"FT2689",506.832296565736,963.033264160156,35835084,14141695,25317466,16574563,36603820,55630677,35695140,34172946,26831453,26209702,39068410,50716063,35935392,29199708,22813769,17145727,101533581,59884400,33844749,13454474,24156684,16494729,36294949,53879668,32636286,33863997,27343310,26907303,40216853,50150154,34332944,29071054,22892910,15991547,97987658,60328463,35922303
"FT2690",506.928710676463,659.711791992188,327334.5,399206.5,491147.9,186341.4,374272.8,365821.6,315959.8,364405.9,525340,134012.9,498410.5,607438.7,628837.5,531215.9,520857,244163.3,293160.6,469070.3,401434.4,446334.3,557813.3,198073.7,432849.3,431083.2,367633.6,414308.1,604726.1,136592.5,433308.3,361037.5,344093.8,360684.1,378165.3,184061.1,216940.2,419880.4,331123.2
"FT2692",507.071656592039,409.030639648438,50413.34,113450.04,76389.8,56442.93,21871.97,34147.8,50865.24,71194.85,71960.06,35846.91,28252.65,22879.21,25924.37,71864.77,69390.52,53616.52,23835.72,26198.2,37631.48,87883.56,73575.83,62898.16,28661.42,37666.54,47952.67,69742.94,63363.4,29877.33,24985.81,32792.13,54406.03,72175.18,77850.32,54367.42,19766.38,13357.75,43146.43
"FT2700",509.049213631343,517.684020996094,115141.77,116129.31,127749.49,100793.59,188539.72,87137.71,103807.51,104442.35,144826.27,123227.36,173322.56,94926.81,123472.96,123949.26,160920.73,162154.42,239089.31,131362.89,128702.27,147941.38,199003.6,189202.07,285918.8,144994.37,192949.91,188207.96,165837.23,141794.65,232881.1,133902.38,155826.68,182000.3,150282.27,160970.39,214157.37,125127.55,143664.41
"FT2702",509.217513600339,232.739242553711,62151,22437.73,15905.44,79708.38,52742.75,50217.34,66790.84,30198.69,11408.48,111227.53,47156.08,61035.78,56971.56,33163.51,33097.09,79677.36,63357.29,40306.13,67036.53,15443.78,17360.47,93382.72,47521.47,49923.25,48249.41,35387.84,23409.48,112119.71,45547.13,50930.54,53732.95,37754.06,39533.04,91687.76,73183.13,58743.05,59280.4
"FT2703",509.288865702498,84.2704010009766,624784.1,506380.7,712371.3,217258.9,138474.5,1002899.8,525546.1,549791.4,703225.4,275256,145637.1,1190703.5,565588,491277.2,644336.9,268625.6,183770,1134565.2,548496.6,481609.9,720579.9,243036.8,139867,977918.6,536775.3,539146.8,796006,247309.2,158323.5,1139698.9,544208.3,538629,701663.4,274569.3,181591.9,1214893.7,541626.1
"FT2709",512.11867026483,442.535705566406,116964.48,59741.65,55163.77,91070.01,106966.05,74068.49,122792.08,58688.7,68075.91,92104.99,111060.03,76222.64,95411.84,55784.11,60305.08,86602.51,86111.15,93929.12,135404.8,66910.88,62306.62,80543.28,137273.58,79046.41,100906.51,44378.08,66584.83,84752.2,154741.77,73240.18,107171.77,75316.16,53994.15,77273.37,95052.37,90073.62,115207.65
"FT2710",512.68581031263,993.321716308594,1020265.1,1035621.6,1141437.8,1141157.9,946326.8,800495.2,1008683.9,974295,1207184.1,1083515.2,923887.1,810788.1,957690.4,978298.6,1076170.1,1123640.7,707189.6,740652.7,947443.8,944538.6,1097346.5,1056210.1,900612.1,785909.6,940720.2,928491.1,1179307.6,1068125.8,931439.9,812288.9,913378.9,955631.1,986884.9,1027160.4,645655.9,726131.7,934527.7
"FT2711",512.822998699135,583.759643554688,2873272,1158809,2100189,2563165,3124875,3182128,2955469,2311730,2386794,3751761,3575106,3040847,2980575,2262707,2404636,3164896,5822066,3662354,3398126,1491152,2776402,3375231,3943414,4110145,3482012,3131489,3046720,4670882,4502739,4206233,4003761,3257553,3314404,3967279,7315978,5007021,4545454
"FT2712",513.076197616876,430.888229370117,74182.46,48437.53,30886.16,231458.55,2431.64,43684.85,70235.18,49845.34,24972.93,232536.88,0,41603.01,62258.36,51869.6,27786.02,216180.97,0,28236.02,60720.4,48385.18,15815.15,261515.15,0,27946.75,62889.53,47908,30366.16,214853.18,0,32976.56,64958.74,53907.02,20525.07,233848.68,0,30865.12,65266.07
"FT2714",513.822832203412,584.539978027344,138329.13,53636.81,103391.67,126214.25,138043.79,148514.54,133923.37,117938.46,115803.59,191873.67,188565.29,145960.18,152410.33,105004.24,136854.24,153228.36,305171.75,182338.27,152667.92,47584.41,142907.27,165866.9,194624.89,206350.96,190916.97,155474.98,137611.65,202442.47,218484.93,184491.14,215580.22,160428.6,160304,193797.28,390336,271558.73,243284.2
"FT2715",514.202112215833,482.081695556641,116574.32,77930.91,153557.81,349213.64,0,36558.73,115673.48,66506.83,132852.55,317371.55,0,11351.77,107216.61,44959.06,102832.36,292624.57,0,27441.63,100461.73,81235.98,142095.92,332701.19,0,35377.26,103834.75,65114.75,134679.85,298777.3,0,26881.11,123266.66,58160.94,105928.84,311010.65,0,17397.49,120460.06
"FT2718",515.681327845033,172.746032714844,169721.14,283416.4,290374.45,70522.43,263241.81,199363.71,203870.21,239376.72,306194.41,56808.84,280199.41,226969.46,179143.66,226483.25,237265.02,62343.32,186946.27,257462.46,205088,296400.93,284975.73,59871.32,265969.12,223418.24,185197.35,234839.81,305983.89,47412.42,299348.02,215026.42,212446.11,222044.38,239548.07,59542.03,172129.59,246649.11,203865.79
"FT2719",515.982742136605,627.188110351562,105968.385,72649.347,69010.254,107833.778,7209.062,79259.486,96167.947,99083.38,70807.778,125241.736,2117.77,65150.061,64742.902,63797.154,77535.022,93709.386,6339.009,78020.014,82117.165,63455.919,65539.882,91684.699,1991.625,114301.077,85252.72,95989.318,55737.25,105364.568,3791.385,84952.212,81848.473,87768.539,82028.671,89096.163,8586.94,85346.577,95902.524
"FT2721",516.973191447951,613.146362304688,284503.15,618357.83,840664.94,187297.55,44548.92,327477.91,268569.09,443169.27,998575.59,75555.43,97804.38,420128.22,451758.12,511803.75,661071.15,143722.19,12203.67,392662.66,297545.45,665596.01,864805.77,193938.38,86622.68,343929.15,288151.23,481335.2,990712.34,49130.8,93818.96,308596.58,258668.54,395114.02,499198,106189.15,12966.65,405355.56,270259.4
"FT2722",517.164157186956,511.278472900391,155196.52,160388.32,140335.78,141969.04,169580.36,158297.43,143340.05,144248.98,104136.83,105102.27,164333.72,127215.4,135806.65,123822.59,129127.83,107555.67,156735.75,138266.9,119245.5,138035.48,126591.44,122594.81,139313.26,139014.75,101750.6,136475.98,118320.31,87655.53,163561.8,128158.12,111732.66,136724.97,137194.18,109287.43,148102.85,134397.66,137578.97
"FT2724",517.974241862107,611.842407226562,55797.628,136523.103,180366.069,44046.477,8715.737,65153.215,47838.011,85201.766,208769.405,0,12989.921,91588.78,82759.162,118006.448,149426.326,37600.503,0,92634.117,54071.388,142808.948,191389.435,51041.902,4732.898,65015.444,55190.95,78220.527,211525.208,14033.342,7903.637,71894.263,49379.317,78189.243,112217.989,19500.644,0,76218.202,49755.24
"FT2725",518.069711490841,542.962005615234,67643.158,20435.917,11781.763,186543.6,0,16314.724,66640.918,19891.744,18181.328,203699.828,4230.68,11010.954,63867.116,19916.38,20366.766,157323.559,2975.575,20712.665,90630.172,15936.775,20283.36,165888.975,0,25239.984,114980.04,32565.151,12214.135,194444.938,0,29625.343,56866.332,38029.522,39421.767,148217.461,0,19042.668,72863.056
"FT2726",518.085486025643,509.932189941406,38556.064,0,0,0,306652.351,4167.771,37922.496,0,0,0,290267.178,6485.405,35162.557,0,0,4778.019,284526.689,2649.471,31440.163,0,4588.028,7212.272,260941.988,9795.703,54777.603,2990.29,2140.527,0,269599.162,0,43998.669,0,0,0,280177.099,2484.867,49896.49
"FT2727",519.054000307581,562.443969726562,73865.718,11807.471,10233.221,200322.367,0,18823.265,53376.143,15275.774,2391.984,256453.08,0,16437.739,35885.997,23471.189,7029.211,208798.784,6437.573,4298.917,37025.971,7396.767,11376.692,210693.124,0,20126.205,50374.187,22617.864,0,265007.745,0,30654.351,60451.452,23880.68,12100.555,223960.73,4103.79,13100.963,40432.408
"FT2728",520.270255612375,339.183898925781,78782.244,6969.373,0,154678.493,9355.973,24591.644,68334.537,11764.387,0,155221.581,4397.463,13642.482,48433.16,13278.994,2362.471,142993.798,18112.31,9856.844,52074.211,0,2290.79,121867.212,7177.934,19013.884,48161.048,7680.044,0,156660.739,4796.837,22587.556,45475.221,13336.745,5348.194,138120.2,20691.621,10153.996,38206.693
"FT2730",521.132427193943,534.77685546875,259930.436,111498.675,69479.695,549872.433,7077.942,59528.612,239802.843,90740.711,74047.259,512543.122,3333.001,66943.62,212768.58,86157.758,54244.369,484589.47,0,36421.656,189482.97,81044.646,40598.09,485506.717,0,41848.334,182631.725,68770.933,44808.94,452659.09,6001.382,43354.232,178157.08,51503.166,39425.179,466997.653,2145.804,41560.179,212917.689
"FT2731",521.254316046973,232.72200012207,1957844.9,924793.2,765797.5,2508610.6,1585008.4,1350622.8,1696413.2,893949.3,641758.8,2540833,1236687.8,1388888.6,1576422.2,1061483.1,922396.5,2342705.8,1690571.4,1063309.8,1537660.6,721648.1,642763.3,2268458.2,1331742.4,1218281.9,1348810.9,821617.3,640464.7,2422136.6,1253230.9,1320499.6,1534222.9,1082922.1,964947.4,2352354.4,1727045.6,1028388.4,1457355.1
"FT2733",521.98414450699,712.455017089844,3121073,4261225,4743718,2349237,2479759,3227382,3186514,3688379,5132104,1567493,2517034,2157601,2065547,2617067,3242004,1835350,2004736,3064573,2657045,3657037,4422947,2180437,2464290,2969002,2731056,3375767,4872723,1466389,2611369,2931609,2965583,3257856,3870074,2030359,2225007,3502720,2880688
"FT2735",522.806341587487,973.081665039062,1233140.1,638852.1,954952.3,713698.4,1129471,1696663.8,1096023.1,1079854.2,1047792.5,963335.1,1243875.1,1508616.3,1169958.6,1025077,853478.5,676964.4,3075601.1,1772044,984482.2,557521,841401.2,642192.8,1181478,1526072.6,1064153.8,1022125,953498.7,928577.7,1231617.3,1373548.5,1033568.8,932702,819578,611931.7,3180012.7,1680949.7,1171140.1
"FT2737",522.954208136473,610.856140136719,69525.55,51950.54,40287.04,64414.62,142795.26,66163.88,76179.45,87036.52,13934,74936.32,114757.38,85804.53,57222.31,66946.32,40867.98,84434.83,111431.62,31863.56,83107.18,55731.3,20028.29,62046.91,133342.99,75567.72,68846.57,77100.04,46912.06,88780.41,106991.34,86427.69,63427.12,71478,52918.78,88846.7,125404.23,71095.63,56845.34
"FT2739",523.9989949842,575.015991210938,552765.6,547553.1,534349.5,563256.7,327074.6,537415.7,537285.5,570355.6,561778.3,563915.6,341804.7,572623.1,529227.1,550161.1,519344.1,580595.2,467739.4,502274.6,542343.7,515413.9,557650.3,529515.5,355796.9,527829.8,515809.5,598982.8,577522.8,523547.3,334896.8,577075.1,554028.7,627117.7,570259.1,593221.9,496759.2,552244.1,535626.2
"FT2740",524.279286536922,92.7706756591797,97544.24,91988.42,130004.34,124871.66,148544.46,167999.19,126597.24,99909.26,107032.55,104376.97,139786.14,128811.75,150047.63,97385.61,115456.37,79813.8,151566.14,83926.99,166290.01,97599.35,123932.33,150645.63,171194.21,173614.44,218236.31,86906.32,121575.68,96849.81,133455.04,135815.88,174935.72,108366.56,84948.57,83754.13,92344.09,87175.34,142430.98
"FT2741",524.299881415206,89.0994644165039,869574.2,343652.6,301697.8,1794581.3,292977.1,450603.3,864892.5,319257,295249.1,1735628.6,334664.9,512636.3,857652.5,349764.6,314300.7,1736422.2,391824.2,468251.2,853200.2,317916,308536.3,1866639.1,318790.3,494385.8,806173.8,320174.8,317860.8,1682924.6,360840,535082.7,848924,333120.2,310023.2,1732164.1,419835.8,509158.2,824158
"FT2742",524.299786350377,165.871490478516,252253.65,116410.65,98030.35,604815.59,103167.99,134129.78,272679.44,121396.68,117752.37,562286.36,87098.45,145624.37,229888.88,103575.69,96780.41,619465.51,91296.54,139876.7,251441.31,115777.43,83164.83,652101.96,90906.42,140797.1,269663.96,120241,99699.16,569433.95,112969.98,152756.08,248853.69,114962.44,94000.92,592839.03,85482.93,126221.85,270711.34
"FT2746",526.823794884504,587.546447753906,235888.4,141253.4,199732.3,261568.3,255460,198962.9,244108.9,196291.8,204853.6,331963.1,330484.2,272311.7,271630.5,198751,223957.2,318385,442080.7,264842.1,297278.6,188903.7,267793.2,349009.4,396208.6,312890.1,362185.5,272624.2,275215.4,469591.7,402348.9,351747.1,356941.7,299883.6,326236.9,422755.3,531895.2,396624,445269.4
"FT2754",531.096355320627,231.328392028809,260898.41,74652,33111.68,332898,259050.95,182576.05,252701.35,95850.64,27638.68,395299.34,205087.63,208510.11,235794.27,123078.71,85033.91,335061.51,485322.95,142215.42,255937.66,34399.32,33783.49,311554.82,236616.55,178286.56,235815.11,91829.18,34805.92,387104.96,196627.93,218003.17,238807.71,125006.16,94953.34,353411.05,549428.43,149382.37,227596.48
"FT2755",531.919672431595,577.675994873047,525796.55,479851.7,495283.97,101550.23,504780.88,755171.4,509683.65,625988.34,513555.25,91991.87,535762.9,661614.65,473272.18,599926.49,471557.44,96183.93,607230.18,704375,495163.8,445420.62,480629.88,80793.43,506714.54,706803.91,457532.13,612287.07,500438.52,96298.45,521583.86,698577.86,457391.14,657187.83,476949.15,42798.92,583970.36,718211.24,481501.72
"FT2757",534.28708166454,480.089340209961,70788.79,83822.13,85392.76,77151.55,0,55904.66,65221.51,64136.23,78221.61,64134.76,0,45094.43,58581.12,53533.7,70726.37,67287.35,0,48639.76,55654.28,53216.9,65038.06,72489.43,0,29531.49,53949.53,58830.68,69906.18,78700.48,0,45771.61,49182.17,40194.23,60064.55,83148.59,0,37337.2,55301.19
"FT2758",534.489827032253,83.3966217041016,319970.8,310147.1,331104.6,438407.3,302516.7,438598.1,291277.2,290418.1,328469.6,398567.5,323204.2,530807.2,285303.8,284086.7,291329.3,421368.3,156946.2,441830.8,281784.5,318217.7,290880,446934.5,324274.7,408000,271388.9,279107.1,348423.5,414614.3,315804.5,489835.1,344265,290421.3,327252.8,424536,144632.4,468389.3,259285.2
"FT2759",534.804812182597,588.687591552734,246430.6,143677,207524.3,276146.6,284139.7,189842.2,267286.1,183970.8,219155.5,366506.2,283518.1,237818,244985.7,190405.6,227404.9,338604.3,424878.3,287226.6,274578.2,168382.3,261243.7,359164.3,298473.2,291477.8,293410.8,256636.5,259079,421671.6,441649.8,316758.3,284956.2,287536,309818.9,445580,561907.4,325914.8,390203.2
"FT2760",535.03755021245,596.174743652344,520374.9,457667.7,576863.1,648061.8,432166.9,429019.9,520774.3,424020.9,608806.3,662260.5,457287.4,435881,509172.8,401613,478935.8,651946.9,374591.8,391042.9,499292.1,445203.5,561363.2,646742.4,243063.5,431090.1,473046.9,433274.9,575278.7,645775.6,466997.1,449885.6,499967.2,414993.8,533840.2,653554.7,365486,422887.2,514753.7
"FT2762",535.281452241258,280.333999633789,20556.565,0,0,0,160991.752,4254.693,16362.041,0,0,0,142210.177,1701.491,14339.754,0,0,0,151920.713,2189.23,9575.973,0,0,0,138754.815,0,13728.788,0,0,0,128531.714,0,14056.172,0,0,0,165201.098,0,11960.861
"FT2766",536.704266340861,990.435974121094,446032.6,394485.7,447438,413292.9,433814.4,496884.4,448397.8,451205.7,431812.7,448655,427151.7,486908.5,439750.6,441559.8,428354.9,411138.6,611663.8,487453.4,466825.1,377171.5,467754,421295.9,452521.7,506316.8,443949.9,443116.9,491336.4,434424.4,485577.5,524367.9,462727.3,449569.5,463882,410808.6,631055.6,542421.6,482194
"FT2768",537.246353634956,231.328392028809,55301.09,29911.65,16829.75,65326.68,51156.63,42962.55,59327.09,22671.31,11888.38,78170.65,43072.53,56589.56,42328.99,34292.11,32344.82,51264.78,59966.45,37987.96,43393.29,25694.14,23869.18,68087.9,50074.59,49501.75,31993.98,36340.07,17893.63,69962.93,48022.41,64431.54,59155.47,35752.72,31473.69,74127.81,54821.26,42189.39,63006.55
"FT2770",538.701962895988,991.885864257812,223313.9,189292.2,201917.8,163694.6,219685,218038,223150.1,229279.7,186088.9,202284.1,171984.1,206927.8,208322.6,225454.4,195200.1,202206.4,277937.7,221904.6,210491.1,188815,196899.3,184773.2,219764.2,230391.6,208445.2,169897.9,188480.3,224261.3,226607.8,230778.5,242448.8,224132.8,224280.9,196288.1,314480.4,236866.5,229289.8
"FT2771",538.727776068399,991.913024902344,60028.08,75243.48,61416.24,79488.29,57172.6,34086.65,68815.02,64211.97,83947.38,73865.08,50367.16,57824.3,63452.03,70028.12,61446.32,75502.42,49705.4,44427.09,62258.61,63125.4,68388.92,54558.93,58301.89,48518.48,55067.46,58836.62,77452.43,71687.49,48474.55,40862.28,54562.47,49972.97,67396.05,69254.31,50191.35,53608.85,68221.67
"FT2772",538.881664819522,658.378540039062,222729.66,236029.78,275978.85,111447.47,232048.58,224905.92,205746.44,212164.67,295090.95,62281.32,232538.9,169419.28,153489.77,173706.26,212369.32,116373.97,211221.72,310540.49,245690.55,318911.84,364343.07,140941.86,306170.62,268118.26,234166.83,260260.03,344381.39,70875.33,299543.5,226474.39,200551.29,200646.75,268211.39,105353.34,190137.41,252307.04,190330.54
"FT2773",539.879698683079,659.698577880859,236461.05,254307.47,313031.98,138088.93,268059.4,253284.52,220137.11,231538.06,341119.24,89038.52,285154.69,200309.45,187885.27,190366.41,249040.47,119272.67,191785.14,275936.05,218514.81,254317.54,324728.55,114936.68,253214.13,256803.36,209406.83,243228.21,348607.64,90444.87,308201.99,242167.78,201614.37,235411.34,271827.93,145483.66,202375.97,288105.99,233142.62
"FT2774",540.054250005115,503.182922363281,2715525,3304151,3715669,2567242,2723419,2405930,2752717,3044385,3843126,2186258,2800152,2205070,2708890,2853998,3244110,2030591,2026041,2151766,2635027,3278540,3814806,2488926,2540047,2401280,2660647,3063492,3848474,2175740,2759054,2084053,2714185,2939927,3157008,1991047,2014421,2189786,2789400
"FT2775",540.331109890402,95.2403564453125,286501.35,191711.53,153407.34,471694.72,84957.91,337554.23,292128.45,202766.6,164981.39,508681.97,84873.26,388969.21,260615.38,216739.22,192000.79,456909.78,145832,314771.88,278863.92,175396.76,157027.52,449524.63,88364.09,334938.57,288565.78,202781.81,166328.63,498419.46,78908.61,360383.31,310824.64,228743.87,161089.8,492739.93,116695.6,339726.52,173514.54
"FT2777",541.222801100233,232.75276184082,92896.17,33477.13,22678.17,126848.71,60787.03,65970.86,79020.45,42094.78,19630.65,145037.23,59170.4,72441,88481.33,59890.61,42495.6,140950.45,92436.71,55015.45,79772.45,29923,14091.57,128355.28,61762.36,59825.67,70904.87,31853.59,25835.78,152204.52,59319.16,73274.23,88649.16,54252,47523.72,157805.86,104767.63,55903.17,88371.66
"FT2778",542.347027763961,164.561996459961,567052.24,181723.9,208691.39,1331335.61,61765.66,336094.23,569297.2,208470.19,224832.1,1409710.86,57464.32,396308.12,566249.2,220821.76,216199.05,1370600.64,54236.31,340670.71,564544.6,194936.68,222491.71,1485063.59,61964.12,381557.39,532008.44,227196.78,217619.62,1400421.84,35283.32,398321.86,543137.37,215585.2,266270.88,1369425.82,63906.56,353864.03,582379.08
"FT2779",543.350161992198,96.4817352294922,438364.91,141125.73,151027.95,1035177.68,30361.92,286352.57,423618.56,150769.39,156739.42,1051918.56,27052.51,304272.43,414065.8,139224.7,190906.35,979852.48,41624.77,285093.68,385221.52,130632.13,153643.85,1042498.11,37223.66,269195.78,383569.32,167727.1,159044.28,1038741.53,33691.4,319960.94,423518.37,165866.43,197990.7,944723.44,47951.5,296119.13,350953.15
"FT2783",545.968328196506,614.585021972656,379148.8,556643.6,605078.5,310851.7,204500.9,399149.4,383995.1,460778.1,755036.1,205093.2,261184.9,699889.4,673217.8,727425.4,719997.5,347763.1,153354.4,501071.4,440368.9,662008,664596,356899.3,227464.5,450567.1,430617.2,518836.4,732615.3,204990,226613.2,407263.8,381322.8,442042,504205.6,225930.1,122176.8,454520.8,380468.5
"FT2790",552.678454871201,993.339111328125,404781.2,398637.1,447533.5,426666.7,417430.2,390687.3,426555.6,451093.2,447639,428038.7,417869.8,382857.8,383698.4,423600.9,417847.3,422161.2,397394.6,376722.5,405871.1,383328.9,418506.3,395753,394724.3,414561.7,425110.4,401005.3,462853.4,441967.3,421831.4,414112.2,407061.6,418079.7,410197.9,401464.3,410162.9,382542.3,416755.1
"FT2791",553.90118956801,579.036010742188,145199.03,154502.5,157690.59,13836.82,151044.34,149325.39,130870.59,181205.76,164755.19,21515.49,121634.29,132886.39,126682.53,177215.45,125287.48,19755.61,60473.63,116428.18,98657.76,191062.75,148169.53,16287.18,119112.65,162619.16,114332.24,175259.3,145042.88,22149.8,133095.07,119742.46,132946.67,187756.96,151041.97,16699.09,53593.8,104124.39,109981.9
"FT2792",554.309762837469,95.2426,277982.25,112549.33,133372.9,692743.89,87075.35,184092.6,290755.68,119781.89,109328.43,861135.31,73010.36,189391.14,309753.96,140865.26,120948.02,729831.35,119184.82,189841.87,290510.15,114147.72,124394.91,803770.01,102459.92,199524.73,341885.61,160801.89,159882.05,813076.74,109554.55,193995.5,340140.04,126654.28,132810.64,792673.02,155520.77,210435.78,317735.04
"FT2793",554.310021263052,164.561996459961,74286.86,20836.55,37247.99,214537.18,21237.61,40507.27,82599.06,36974.62,31074.37,226351.66,26021.4,48079.51,92846.97,38632.46,19186.89,219099.57,22377.33,47107.92,87230.9,21506.95,31067.17,216476.82,33514.97,56288.57,87352.26,37157.53,29351.56,243572.45,18002.82,53730.85,99548.21,36546.99,43574.95,229807.62,32255.03,46753.48,95297.74
"FT2794",554.675909230576,993.387359619141,238757.2,238044.3,248380.1,240694.4,232982,199259.1,248490.7,209970.2,243860.7,229547.8,224262,204482.7,239858.9,242778.4,244419.2,226821,206938.5,196485,219682.7,218827.2,246783.5,207888.3,216538.5,212144.4,229884.2,222633.3,260197.2,191911.8,245598,237059.9,233186.4,240873.5,218908.4,236993.8,206428,207238.4,218741.5
"FT2795",555.238255867698,234.115997314453,219403.75,79780.17,65896.87,307111.11,169958.09,155148.21,229014.36,106164.09,50935.59,371997.29,149519.81,190582.81,222704.32,132497.83,112676.47,330966.47,241139.97,131083.08,216718.23,76637.09,57315.46,319674.13,174819.01,164316.04,192020.2,104280.08,85017.98,353357.18,156692.28,195396.46,221852.19,127807.83,123066.27,337747.92,248399.7,147136.41,215532.57
"FT2798",556.32575270598,163.244995117188,1948447,948805.7,1155675.4,3036761.2,1325304,1567759.1,1990699.7,1111879.8,1291874.4,3345589.2,1566490,1819255.5,1942761.4,1267062.5,1353818.8,3073521.4,1816886.3,1858357.9,1916956.6,937957.1,1189904.2,3115236.8,1392354,1847295.1,1922780.3,1195079.6,1388350.4,3350797.9,1696656,2152350.1,1854563.5,1338553.3,1455114.1,2960485.5,1846090.1,1869631.7,1994280
"FT2800",557.143541826475,497.669342041016,253096.6,228784.1,212865,249663.1,136245.6,231482.5,256024.9,228462.7,203332.7,252584.6,126472.4,240805.4,208936.6,232624.6,264734.1,267984.2,175370.2,220216.2,207264.1,201610.4,209743.2,221773,112863.8,214578.3,216264.3,210311.2,175166.6,252640.1,100925.1,224125.5,224267.9,220003.1,216504.2,230101.5,171246.3,197700.8,215766
"FT2801",557.188067736086,482.579559326172,51866.717,43116.312,68648.051,169337.66,0,10189.59,50267.877,21001.111,59661.83,160306.709,0,2788.636,45484.549,22170.928,49075.367,163650.928,0,11872.779,46774.425,30179.334,73085.332,162244.306,0,11158.633,51574.243,19737.066,65964.019,161749.032,0,13487.734,51909.557,19525.6,55739.874,164458.723,0,0,53428.803
"FT2803",558.004647932181,606.119,75819.64,24704.36,18502.74,133141.53,41434.7,39855.02,69701.45,28047.78,12502.57,224081.92,53462.5,38204.59,77682.04,40849.44,49711.78,143126.88,96435.82,32694.1,72634.84,25907.6,27767.71,131998.21,61264.08,65041.19,80018.05,40130.1,12473.96,201232.5,41342.55,52547.42,75757.99,52739.15,30161.81,160059.82,111831.03,42175.35,78717.11
"FT2804",558.064453003724,545.706359863281,376243.5,271445,329033.9,471149.1,388555.8,214476.8,388554,477672.5,433834.3,470315.7,227535.8,219557.5,350331.8,501890.2,513802.8,407533.7,450421.9,128995.6,371526.1,262132.6,317511.6,463729,368925.4,205737.7,384952.7,486804.6,401428.3,476997.8,240487.3,219095.3,381693.4,584316.4,561586.3,427212.6,515095.2,122784.7,392681
"FT2805",558.331426314622,95.2522048950195,305484.7,130537.8,183693.1,484206,205708.6,274273.1,331911,162783.4,202397.3,543530.1,246037.1,308816.8,321448,196194,205182.2,464508.2,348394.3,289707.1,291405.7,133274.5,157081.4,486815.7,220984.2,309828.6,259785.9,148468.5,198987.4,541894.2,269749.5,321741.3,306678.2,184338.6,214814.4,458971.6,340811.5,274097,244412.9
"FT2806",558.711776724682,991.913024902344,128091.58,104536.09,116296.42,116662.11,110885.19,105650.2,123254.31,121978.09,124414.73,114267.35,111684.37,110809.29,115865.97,111782.64,107891.21,126595.52,98140.39,91189.61,119276.5,106358.37,116463.89,104358.4,101036.36,102443.44,121461.93,106951.82,138951.25,111073.87,111510.58,86564.21,121477.07,102757.23,111285.27,89698.67,117998.3,104180.65,90786.47
"FT2807",559.103117471589,242.21484375,70690.744,0,0,128746.751,0,18167.4,50707.356,3865.281,0,159663.019,0,33543.694,38469.9,4969.53,1860.348,136525.601,0,12522.603,49260.051,0,0,128200.796,0,23828.264,52659.947,2955.712,0,160619.916,0,41322.087,51691.161,5274.388,0,130102.581,0,18347.827,51197.133
"FT2808",559.814079906882,963.02294921875,7670025,3222115,5205458,3425119,8312457,14217517,7607281,7286893,5515595,5423244,8940686,12685325,7600996,6179527,4655584,3450889,34499457,15682146,7025886,2924698,4844830,3444194,7872902,14139933,7057424,7591961,5769556,5603298,8912729,12763547,7397701,6275255,4558219,3303121,33727937,15877911,7850590
"FT2809",559.981572590754,741.066101074219,194673.7,148003.94,153269.27,99256.3,128599.24,147198.08,162742.02,177492.63,152171.38,176623.41,131141.73,95296.79,81349.75,109174.82,119694.28,121800.77,135446.31,138248.62,140171.4,127194.07,125564.88,90118.06,106928.68,124575.72,97479.11,100782.47,133834.33,146103.53,120743.18,146881.64,151419.99,145877.79,116307.7,87452.51,143706.99,95484.32,134583.32
"FT2812",561.908417176519,613.181030273438,836885.2,1076034,1098943,702185.4,457064.3,821093.8,768200.5,915208.4,1125081.6,509761.9,450275.8,683762.6,688312,804919.3,1019820.7,741269.3,425529.9,1047357.7,955388.8,1272283.3,1414088.1,876848.2,533821.8,989790.7,882857,1054494.6,1343931.2,573608.1,543909,843470.6,807315.9,913334.1,980254.8,687293.9,365717.3,882884.2,761746.9
"FT2813",562.798478467217,971.830444335938,702079.6,347335.8,506322.8,439279.6,651595.3,790628.1,656435.9,666147.6,596053.6,512373.5,747967.4,821391.7,627898.9,559595.9,468980,408668.9,1849645,993365.4,604356.1,301931.3,478684.8,401750,632257.3,843173.1,603502.1,568841.5,506743.5,457491.9,671739.9,795085.3,595443.4,528813.6,468329.3,359730.2,1850106.8,932503.4,596224.5
"FT2814",562.906180026461,613.189636230469,975845.3,1275161,1402014.6,841154.6,562038.4,996811.8,943111,1108799.4,1407354.4,611925.2,584565.5,820654.7,858420.7,931575.1,1112094.3,708374.9,424970,1015575.5,929521,1261621,1386409.1,850016.9,552654.7,1060869.1,942036.6,1097436.8,1473550.7,634704.2,634945.1,984254.8,888376.5,1068235.2,1186358.2,752541.2,426525.3,1085480.6,980369
"FT2815",563.903895785774,613.181671142578,355250.8,478010.2,499465.3,313323.1,194183.1,360932.2,360019.2,408123.7,490117,221870.4,162884.9,294501.3,314293.1,364579,467424.6,306203.2,175783.2,458650.8,418539.2,541270.4,625818.3,373523.6,238214.6,437411,407498.5,485346.4,606572.6,241932.9,234113.5,399565.8,378573.9,424128.9,450101.5,315507.9,148586.7,424314.1,342977.8
"FT2816",565.047752567281,600.4228515625,15175150,16204371,17794253,11734474,11893789,18513066,15000652,15763184,18999571,12779820,12598026,18754848,14461895,14814323,16499960,12518275,10895137,18245269,14602883,16211898,18308912,11806638,11569956,19491849,14246112,15373441,18385605,12712794,12761570,20187431,14766598,15964064,16774970,12367229,11214763,19332843,15384787
"FT2819",568.361838302543,94.004381048584,424725.29,204576.5,210939.65,711492.03,91769.39,362284.55,388236.27,249540.55,211350.95,819805.59,83064.72,384929.46,406603.59,271818.45,251076,730772.81,148821.09,304648.72,383641.57,225788,224708.1,816943.54,94963.28,362730.77,363914.45,238361.54,226756.6,806188.25,85280.61,391152.83,385623.34,274621.73,229347.91,748647.33,123860.6,326308.09,351532.18
"FT2820",568.361766891914,161.897727966309,112282.84,49697.03,49869.67,227317.76,22103.14,81955.79,118276.54,69181.9,47463.18,208180.81,23108.5,90651.03,100749.5,63961.12,67791.06,199045.78,25474.15,84863.71,100927.99,56551.75,56866.35,214293.32,26308.41,74962.5,99712.07,67028.13,46301.09,225837.11,29155.29,100571.99,108305.73,85403.29,53418.28,223900.86,22532.38,83798.44,102851.81
"FT2822",569.253752456632,233.117652893066,149532.31,48689.14,47186.71,218563.5,108955.6,113499.26,135973.64,70552.97,36924.13,248818.92,99184.24,126522.26,150227.71,96317.26,77484.65,229293.26,157241,97759.94,167936.02,55655.99,55130.16,239925.36,119746.02,107492.68,136952.45,69630.92,55477.23,277650.87,108441.38,141568.88,159315.74,96810.2,89883.27,274504.65,191433.33,110719.97,153865.86
"FT2824",570.341884298759,94.0233001708984,208718.96,139771.91,196755.17,89711.7,202199.09,271115.09,228978.99,187164.81,210695.64,67229.83,259600.51,289795.71,199416.97,235373.12,232934.67,64247.24,342025.95,273490.58,223062.97,147760.28,192731.52,136112.99,213366.45,288470.91,86526.05,164736.43,239623.2,78315.51,233621.45,313076.15,203308.84,224568.44,234129.65,39875.22,211736.04,300497.34,226805.7
"FT2825",570.377863284485,95.2417449951172,634564.58,177279.95,229411,1564168.18,66987.44,358985.04,688293.18,200179.1,213835.09,1689973.98,87997.81,384306.57,600279.25,209633.76,224974.63,1421437.96,104092.25,326011.94,640728.23,193035.53,193000.68,1614538.88,75180.99,360254.39,697665.72,205479.13,209070.71,1633406.8,65159.31,426868.84,553507.33,234836.9,224160.15,1582883.85,85532.78,377547.85,662963.28
"FT2826",570.37785625241,163.244995117188,228437.54,63544.2,56195.11,575909.3,17366.51,117506.42,215570.29,58476.57,54718.69,616571.48,17662.39,125813.57,221595.96,41070.2,86726.34,562847.75,25372.14,101746.74,222051.54,55549.43,57675.44,589887.56,28858.34,122276.83,211446.79,44588.15,58663.61,642939.43,18032.31,123421.93,236775.33,91675.88,44529.26,565199.27,22722.02,123492.27,237368.88
"FT2828",571.288739061217,91.6676254272461,255707.12,36157.102,50868.329,707941.172,18778.019,63492.659,269208.208,29276.851,50859.94,787852.851,18159.72,100314.788,236227.784,26232.481,49019.792,681923.296,46693.043,76743.594,228251.287,22966.058,35175.564,716128.355,7954.755,83499.992,279063.634,41782.466,38910.994,768365.956,12802.27,76321.975,230364.773,36478.537,79192.752,692278.239,33695.12,52935.788,221531.047
"FT2831",572.080338643247,462.064270019531,2447348.3,1048496.7,1528568.3,3209947.2,1150584.2,593126.5,2533657.7,2413622.7,2307660.2,4578193.5,394708.2,827497.3,2316006,3059840.9,3197928.8,5534928.1,1921809.7,236057.1,2408295.3,1015087.5,1502790,3113372.4,1127999.7,615086.5,2346158.6,2374175.8,2242567.7,4454240.6,399513.4,855339.2,2398846.9,3147814.8,3183415.3,5570937.2,1899956.9,233444.9,2365661.8
"FT2834",575.059124737594,403.420013427734,150232,124901.1,127588.17,105019.8,132263.13,117138.96,117978.45,104063.13,124534.65,122045.17,121890.02,122170.8,101416.59,103492.18,120261.47,100509.19,103446.99,94170.58,105153.49,106516.61,108679.69,99101.31,118228.81,100813.31,106241.95,97162.33,109145.96,103352.71,102590.72,80892.23,96467.79,106592.6,111224.19,97806.39,88174.68,95673.85,111572.92
"FT2835",575.198635291364,481.427032470703,243267.74,172850.92,305150.31,695070.38,0,76327.69,264829.43,134094.35,298254.19,613434.51,0,44553.01,250685.45,120104.97,217700.12,645398.26,0,71957.55,241923.84,167251.96,301071.71,627232.55,0,93021.42,241008.59,133624.44,292452.36,593552.29,0,67099.74,231958.68,124712.8,226656.36,620370.63,0,67040.63,254839.22
"FT2836",575.349242024826,163.244995117188,244073.03,340204.58,248976.99,205734.71,203146.61,221773.19,199361.62,287451.69,288257.81,141385.41,162002.89,269327.73,215841.05,293887.86,246295.11,234132.93,74171.83,261098.14,209241.3,328232.09,260464.66,209469.01,201804.82,214317.73,219453.5,291326.41,294477.07,184319.33,171923.4,260132.51,229766.07,299265.47,243677.94,230552.06,38884.7,222000.15,241987.38
"FT2837",575.349386455363,82.0288162231445,274904.89,392493.23,337793.18,251281.76,216327.01,340057.53,159898.31,349721.66,295642.03,193510.81,192100.83,328764.73,294575.39,327128.79,357559.62,241981.08,121829.16,351842.36,179341.99,384819.51,323566.35,241384.09,187372.49,267273.65,227331.54,323845.54,292067.94,176721.33,176249.43,332440.95,228093.98,357140.37,293246.76,264286.99,76070.79,351422.01,161689.57
"FT2838",576.200892221082,480.23046875,53531.132,47667.519,63896.107,134230.263,0,14272.653,60549.694,28110.831,72773.002,131730.563,0,9187.673,35068.131,24983.17,48928.541,131094.739,0,11543.459,54566.907,37290.675,51302.97,128181.863,0,23129.752,48042.593,19282.504,57952.94,132713.8,0,2071.036,58199.292,34585.961,52432.715,136455.687,0,4664.519,46068.929
"FT2840",579.027489865683,698.341796875,518597.2,309054.2,478479.9,749009.3,427119.7,252080.5,494951.8,317164.6,556164.8,794036.8,418499.3,227070,408097,289064.2,380735.3,714597.2,412969.6,259663.7,462414,287131,430108.9,709623.3,382355.6,251960.7,473398.4,297308.8,507259.1,788140.4,402217.9,295183.4,473814.9,313742.1,436810,709375.4,466797.2,279011.9,461722.1
"FT2841",579.810394466413,963.02001953125,7851233,3215740,4947048,3419305,8247962,14745616,7730145,7362371,5775761,5331985,8472460,12722041,7667932,6317558,4408000,3632884,35567964,16048661,6932910,2819583,4987885,3495022,7694447,13678772,7068592,7007459,5619098,5642221,9042769,12775052,7352170,6224609,4625239,3222730,34297911,16076696,7965660
"FT2845",580.694408852502,990.434814453125,288708.9,234458.4,259627.1,259783.8,303874.4,311592.9,298969.3,284189.1,283837.3,284818.2,280884.3,265583.2,256353,263116.9,257449.5,256721.6,398378.6,314705.1,280955.2,208731.4,275962,224929.9,264636.7,309953.4,278125.9,298150.2,316204.1,273505.5,291378.6,318777.4,281486.8,274366.3,266792.9,258813.9,401652.5,341861.2,291986.6
"FT2848",581.275282353927,624.471405029297,88995.73,131584.07,74994.22,81884,109689.45,63744.01,84630.32,120976.77,95228.1,71197.92,102306.43,66535.47,75911.42,119189.92,87609.07,58721.09,52048.56,62821.32,85992.72,133111.27,96923.73,64661.98,105017.29,45956.73,64726.9,150312.57,113074.1,67887.4,94549.59,69741.84,87272.42,124981.94,105808.26,74166.55,54370.97,59862.28,91387
"FT2849",583.344888926403,94.0022964477539,399502.4,221145.6,246184.8,682169,218169.9,361702.8,383183.9,239086.2,232639,780095.8,245046,385126,404689.9,286533.2,252897.6,711114.5,327286.7,346407.1,395015.9,233563.3,247378.4,718255.4,268083.9,383372.1,402851,275437.9,265885.6,758680.7,282432.8,399380.8,402991.2,280147.2,288912.8,732283.2,319206.8,398974.1,443255.1
"FT2850",584.267970312145,509.943450927734,2155697,2173828,1961183,1747382,2082136,1957957,1864987,1786847,1751987,1537509,1843942,1802418,1623404,1854538,1741150,1468948,1772019,1683312,1622992,1767636,1614642,1452671,1709816,1769052,1661141,1721349,1765068,1493152,1758645,1685044,1662002,1835143,1634916,1483816,1780447,1690087,1598499
"FT2851",584.357044372597,94.0022964477539,5139853,3486567,3942411,5011388,3648110,6362747,5174033,4011916,4309775,5766857,4492133,6679419,5004878,4400950,4593017,5026613,6030284,6129459,4710633,3259351,3863455,5277680,3783489,5751373,4915751,4055778,4442045,5113173,4617245,6961566,4955697,4513435,4561468,5107551,6063376,6502237,5077700
"FT2852",584.357143230182,161.894309997559,1912635,1319672,1464019,1985667,1341507,2155665,1843547,1451524,1608990,2098106,1624956,2383641,1834927,1717598,1676846,1982288,1731948,2076248,1830222,1319090,1459237,2032116,1397166,2251899,1767774,1561848,1634258,2105862,1674632,2416512,1789068,1673491,1636927,1975264,1714724,2130386,1865033
"FT2854",586.363355015991,94.0022964477539,296835.9,184926.7,218818.3,291605.2,218067.3,351562.8,275467.6,234897.1,236241.1,327764.8,263659.1,380677.2,293190.1,239624.3,239038.4,291513.3,341298.8,334287.6,265336.8,181886.3,205968.2,283452.8,234519.3,376699.3,246752.8,224614.3,269722,303606.2,247068.8,438605.1,278019.2,267181.7,276294.9,289453,344324.3,390223.3,297644.6
"FT2855",586.363281451999,161.893463134766,78960.18,52680.26,40380.06,57379.41,33652.05,100405.66,76940.16,53488.34,53427.85,58751.39,73184.38,92414.45,55440.92,81969.83,79716.44,93772.3,50084.03,89337.55,72839,34583.04,64781.71,75577.25,63065.01,89772.54,87658.55,45082.7,83078.81,88494.16,77908.54,96892.74,63415.07,67885.51,78006.16,82546.03,67759.51,91569.91,69402.07
"FT2857",588.075278503628,638.331909179688,566215.9,516038.3,539669.9,620443.2,497153.7,434412.6,549746.1,501817,554001.6,638627.9,521830,401489.5,525423.2,482596.1,486619.5,623601.8,483653.3,388676.8,531986.3,485216.7,514457.7,661213.7,486385.5,400133.5,517751.6,509685.9,562177.2,654524,517426.7,393238.9,512467,467709.9,461674.5,615505.4,483559.9,358195.7,543188.5
"FT2859",596.66819515968,993.339782714844,406534.7,384346.1,426805.2,427354.2,415570,375058.8,417970,416066.6,469977.8,435366.6,416773.9,373346.1,386216.4,389170.5,428315.3,435386.2,402721.9,377959.2,408206.3,387405.3,398161.2,383010.3,392970.9,393205.4,402764.1,387439.1,461278.7,427538.7,413127.1,401168.8,418455.3,409864.1,420560.3,391964.4,398860.1,384711.9,411294.7
"FT2861",597.304870949572,90.3174,620511.46,85021.23,75464.77,1497491.19,35751.86,157636.06,572044.85,112280.81,94886.44,1610354.69,13421.01,160420.84,561217.96,92508.4,108331.56,1522974.17,27288.7,159517.01,557243.84,92528.19,98677.23,1602833.2,22010.48,181361.46,546980.27,109347.05,93172.93,1726426.51,24681.31,199863.76,612836.6,116726.76,124308.96,1599550.84,72465.5,177884.48,596053.24
"FT2862",597.304850518525,164.561996459961,236854.767,34118.17,33556.421,638969.442,16654.596,65250.289,242544.708,37650.589,41475.399,668071.987,13977.214,69563.542,213085.238,20493.353,42839.265,670435.403,14110.067,57800.267,230455.948,38918.24,46417.342,664287.659,14975.355,58218.851,211735.863,44695.5,41895.025,686921.426,15106.442,51138.315,214609.475,49307.988,46039.507,665085.467,7674.899,63933.993,211212.751
"FT2863",598.254344635105,739.643859863281,395952.2,377105.2,339472.7,234582.5,258646.9,324561.2,334373.5,397812.7,405094.5,262249,278731.8,286361.3,244913.9,335421.2,302028.5,240448.3,291246.2,330216.2,288906.1,290823.8,323653.3,217887.1,248685.8,269452.8,287020.8,350817.4,365376.2,239816.8,254040.7,345495.9,304765.3,341200.8,286772.2,199056.8,298941,336351.2,269094.8
"FT2864",598.283478259088,509.945251464844,524752.5,628776.3,698064.1,677941.4,979809.3,1036711.4,1074823.4,1146878,1219003.4,1098262.7,1436009.8,1377141.1,1193000.7,1516766.5,1452943.4,1274994.4,1517685.4,1458887.2,1376808,1460502.6,1467600.1,1270995.8,1409473.7,1470476.6,1437733.9,1484347,1486745.1,1209488.6,1464842.9,1432416.2,1437074.4,1423085.1,1366825.8,1265471,1461636.5,1366291.9,1333232.6
"FT2866",598.666423002235,993.351928710938,208039.6,186911.3,216366.9,238195.6,203887,211471.8,221030.7,207885.2,226628.6,211653,190606,219122,159820.6,216255.1,214139.7,219517.3,192582.2,202518.5,179471.8,212485.4,216719,200739.2,193555.5,188938.6,253832.9,227831.7,228956.4,213940.6,204444.4,220804,229049.4,194425.1,205116.9,197424,183250.5,186315.4,202836.4
"FT2868",599.320402869896,164.564218383789,1062078.2,236293.1,308445.7,2521162.3,184042.4,480050.2,1088087.9,255210.1,294829.8,2687847.7,162544.1,505933.1,1073869.1,331466.4,357763.8,2705905.7,199405,452129.4,1043317.5,265906.3,300733.8,2616433.6,197873.6,453957.6,1043509.1,290296.3,322307.8,2753843.4,192255.9,503933.9,1005181.1,338544.6,366006.3,2673595.7,201674.8,444016.4,1117409.2
"FT2869",599.320430265412,90.3122482299805,2450309.8,541006.2,649351.3,5265699.6,393609.3,1094833.9,2482320.4,627752.2,630478.9,6035334.8,386554.6,1200826.4,2361701.8,689899.5,837382.1,5318944.7,643620.7,1008762.3,2330645.1,512812,653362,5504089.4,424903.7,1146793,2423574,642394.8,615005.7,5998011.2,455965.8,1223957.6,2476837.5,717128.3,830512.7,5620329.4,675098.1,1075798.3,2513507.9
"FT2872",601.220421057099,552.695739746094,458399.6,308619.4,241280.7,492844.1,274269,359394.4,401550.3,299805.6,189130.4,557855.1,257149.3,420375.9,349814.3,348024,299604.1,460844.1,450426.4,338697.2,372391.4,246279.1,193155.6,443399.3,236904,353988.3,353432.8,275821.2,189470.6,547404.1,265547.1,418397.8,354271.4,359711.7,277266.6,437778.3,469117.3,301794.2,348255
"FT2875",602.675830420931,987.508056640625,281031.2,250154.8,269113.8,271586.1,292035.6,348144.2,299382.2,296542.9,294641.5,283925.8,295943.9,309661.7,267818.9,283272.6,286990.9,230068.1,444848,352019.3,284004.5,256440.9,282237.4,246489.6,302116.9,341453.8,308912.1,307915.1,284952.9,292838.9,325210.8,354461.8,307400.1,324534.9,295009.3,255249.2,470028,371906.6,328398.3
"FT2877",603.158879544968,492.165985107422,238448.997,184893.174,242504.734,516778.862,0,125589.89,240711.883,128295.96,230545.819,576160.323,0,93003.688,249980.68,177506.936,277319.63,573194.407,0,97192.998,244885.39,177660.239,292634.146,621668.945,0,137104.126,302421.855,187597.4,273272.465,666847.465,2720.631,142308.643,314363.823,225219.004,324001.626,637692.932,0,126011.516,335960.143
"FT2878",603.965711736375,611.767,850036.1,955558.7,1169871.4,618725.7,537122.9,983350,835043.4,905809.2,1184442.7,412331.6,552671.5,647217.3,529634.2,633267.1,840263.3,495269.8,430972.9,932777.4,725713.4,825473.4,1039387.2,536864.2,475728.8,909296.7,731891,821317,1143789.8,408447.4,558747.5,843893.3,747349.6,815024.5,930749,529082,475262.6,1041087,750640.4
"FT2879",604.070367913888,662.649047851562,229915.7,171034.4,183139.9,288894.4,140565.7,211843.1,204528.1,166953.1,177468.6,318236.1,139707.6,188953.2,196843.7,177609.9,181114.5,270353.9,150916.1,185037.7,204563.7,165028.6,181118.5,276268.4,123172.7,202361.5,189940.9,184264.9,162248.6,303323.3,127770.1,223024.5,191444.4,187493.4,169213.8,277112.6,159839.8,188295.8,200205.4
"FT2880",604.325606806479,94.0022964477539,107325.78,103554.6,126373.32,32544.92,175986.5,165900.24,126440.66,113737.27,121905.46,43315.64,187611.27,133134.42,90398.72,113624.64,119653.04,34677.08,250939.21,139021.53,109424.79,114919.74,154424.26,34647.1,197125.8,181307.76,109649.51,168629.25,167538.96,43010.23,209186.47,144771.8,144482.21,142093.59,133799.17,24523.96,262604.96,148226.88,170210.33
"FT2885",608.836665266161,587.116149902344,361171.4,187099,276396.5,394426.3,397888,354963.1,355331.9,241558.8,258368.5,436587.6,380445.1,302762.1,206069.4,242715.4,235424,348502.1,493909.3,276781.3,325379.7,149271.2,257601.5,363162.2,363242.5,332333.9,307793.6,246442.8,273948.9,404615.4,364965.5,289720.7,256223.5,251399.4,263736.1,347278.5,404983.1,327996,334397.8
"FT2887",609.088259423897,623.054016113281,225593.624,466681.247,379545.007,248596.691,0,197745.772,257217.992,397275.166,395517.066,208319.804,0,122853.273,171845.493,306523.84,284114.04,214939.476,0,158747.347,191636.281,364626.982,312776.01,221337.592,0,175741.153,189193.569,337413.677,332733.823,185190.515,4147.361,165752.811,191299.623,331673.823,283769.555,221740.957,0,172216.19,217072.158
"FT2888",610.37253883693,92.7723999023438,150079.39,46452.11,68621.03,325014.37,39459.31,88627.25,116053.15,36592.86,67441.03,410305.47,16572.85,92082.59,152710.78,54489.19,67266.99,342493.75,59047.07,102221.9,155493.6,43598.22,47119.33,376508.29,23868.86,78870.61,135631.78,41803.09,66945.78,376875.58,28668.99,127786.21,118781.87,79921.03,69136.14,360503.6,38680.26,105509.4,103642.36
"FT2889",610.79971199114,584.719299316406,584367.7,241093.6,474351.8,569081.7,671114.6,625959.9,569300.9,485371.9,508260.1,775771.5,721833.1,616129.3,616109.2,476071.2,507847.2,651487.2,748589.8,710136.3,670398.7,316319.3,565923.7,721611.9,778783.6,778911.6,722190.5,589777.6,616323.2,941080,898442.3,813224,684773.6,659395.4,685933.2,868985.4,1372093.5,935905.4,889998.5
"FT2892",612.170640253897,240.710083007812,99108.574,12647.029,1749.959,132834.978,0,52730.756,89938.646,21466.404,6077.616,142760.931,0,71206.808,88075.049,31718.044,19449.145,127942.133,0,33304.804,72199.236,10983.056,1962.436,127555.02,0,30271.19,71970.417,22887.974,0,159503.606,0,69392.899,72660.08,37824.741,20912.128,131357.131,0,38230.055,73961.187
"FT2893",612.270056461376,739.654693603516,95417.57,116335.42,121822.19,91503.61,137970.62,182498.46,204224.99,268102.82,271404.41,196590.37,212242.89,229256.58,210935.07,279199.16,255190.49,211980.29,287528.97,290864.96,257525.94,282637.62,272926.99,179227.78,203175.26,234721.7,238416.45,326467.65,304723.67,211031.67,214693.38,301671.45,246776.87,321588.07,243239.56,166166.43,257070.62,276347.01,232555.72
"FT2895",612.796390090668,963.027404785156,31598664,12936390,21561035,13884553,32476667,51232637,30309963,29923212,23013451,22807647,34708940,46681038,31428139,25478871,18741710,14142717,107442772,57322672,28668358,11641329,20535408,13912565,32255899,51086245,28678820,29080025,22612129,23148357,35455178,46459841,29153328,25324361,19605713,13458993,102775009,57264639,31355223
"FT2896",613.140215068881,559.694580078125,1955700,1578309,1850452,2174039,2506609,1359364,1873013,1456160,1889358,2017333,2652106,1473486,1978145,1415660,1720711,2114752,2371911,1478779,1890032,1542412,1867430,2224359,2522124,1400937,1795716,1414383,1932304,2026841,2740489,1433945,1899990,1439759,1703138,2127074,2330991,1400917,1892086
"FT2906",616.471691566149,160.536575317383,255617.1,283693.8,316634.4,159255.1,238304.9,226591,311384.4,248441.7,284109.2,173863.7,251112.1,230238.3,206551.6,254444.5,314241.4,167919.8,238303.3,211900.4,220485.4,266059.6,303005.4,187590.1,235407.9,218002.8,223377.8,257901.8,319557.4,144455,238061.8,255037.1,242690.7,258944.5,294232.4,180020.2,127443.1,242507.5,258083
"FT2907",616.471615596192,92.778076171875,359147.8,495155.8,542935.7,291966.7,436133.1,462988.5,418135.4,472221.1,504563.9,293259.5,446815.7,418143,393642.1,470435.6,651785,288801.1,408639.6,399626.1,387547.8,432337,511222,293884.4,524735.9,412873.6,500242.5,448120.6,635965.8,266094.7,412942.9,435469.8,414282.8,466218,519563.2,259951.7,338508,389995.4,251098.6
"FT2909",618.252218287565,508.628112792969,102110.73,113836.91,102886.3,90972.24,115066.13,117967.61,102435.13,82773.7,107383.82,96550.83,103628.03,121313.67,97550.74,106567.36,114093.46,85997.42,60892.64,124755.36,63451.07,115576.27,107340.02,102207.23,101328.34,112355.62,102613.97,97448.09,113094.37,74143.2,94441.07,90151.89,106911.68,112944.51,101501.46,93545.26,70740.85,84776.13,103368.57
"FT2910",618.650090497944,993.357788085938,361134.8,327873.7,370962.4,323135.4,348842.3,380144.4,376354.1,395077.8,382413.4,339436.1,352174.9,364498.6,328903.5,345479.2,337219.4,333943.1,420073,384684.7,345963,303286.6,349797.4,343757.8,364420.4,387889.9,362856.5,375310.1,381491.8,358998.5,373184.2,366585.3,375536.3,372489.3,326503.9,336433.3,438192.9,364400.4,324163.4
"FT2911",619.288974589876,90.3122482299805,80466.69,89998.46,91624.45,140948.01,104967.12,118764.34,64740.02,92354.33,104462.04,176627.74,103266.84,102101.59,85308.29,92292.08,88948.43,126442.28,150772.74,128057.97,61487.06,93020.36,113666.75,148814.57,90340.7,88336.69,79377.09,106569.44,108296.88,165358.68,107176.75,137541.52,53016.06,75111.08,112381.84,142996.45,152785.2,118676.23,114728.63
"FT2912",620.020648887377,618.77001953125,61235.07,98377.92,149670.32,10085.48,43141.07,31847.08,66213.79,72661.35,169534.21,20155.6,47650.1,36832.13,56659.19,61476.5,95031.39,16702.7,29167.6,57272.1,49722.05,73746.84,142233.17,15142.88,36874.25,31455.33,55417.73,86641.76,178320.37,17085.69,46935.9,48634.02,49219.19,63768.86,95739.35,10232.28,28899.93,74250.78,69595.7
"FT2914",620.647744625243,991.978088378906,169487,158812.1,183268.3,164132.2,164139.2,191057,155308.8,179167.6,171205.2,149320.5,193559.7,174718.9,164630,167893.7,172073,133417.5,194980.5,173625.8,162300.2,157226.8,168441.4,150705.8,160396.1,178121.9,163316.7,173180.2,193659,177105.3,186192.6,175222.1,172299.6,168136.4,173666.4,154861.3,199367.8,192217.3,184864.1
"FT2915",624.247471188549,496.286993652344,370568.56,250518.2,233681.07,437808.98,43537.08,257584.93,314584.17,262288.9,171017.63,472266.24,35359.93,267688.66,133289.63,272980.44,252319.55,360161.45,95645.99,205002.42,252141.11,121474.44,187134.17,335112.38,21203,224981.11,241993.37,225552.37,61163.25,414884.36,29187.88,237775.69,232201.1,276724.84,229169.1,326623.87,102381.96,186339.26,253573.63
"FT2916",624.800997508541,587.570217285156,123798.52,71639.46,118428.83,172685.06,171764.31,127696.31,142012.21,116655.42,123864.63,242582.16,180941.8,162505.51,160041.6,114032.77,127081.13,196699.5,238556.26,161085.25,182493.62,108296.66,165364.24,205706.64,253873.56,192902.27,225196.56,163698.64,164190.41,274188.67,234294.28,196139.47,203742.15,185602.97,188621.76,262752.19,365343.57,242007.32,272967.41
"FT2920",628.770266837224,973.002014160156,781753.4,450302.9,640226.9,471192.8,776927.6,1002421.5,654564.1,677264.1,621086.1,639536,822183.2,894135,723819.7,616884.9,543939.8,464993.2,1982501.2,1042327.6,643218.6,362906.2,534248.6,444999.1,708162.7,1015116.1,658937.5,670052.1,625124.9,523208.1,751503.5,868154.8,706154.9,583705.2,520968.3,430863.3,1916304.5,1054417.8,785503.5
"FT2922",629.89627398081,577.716674804688,248516.7,193049.65,225974.26,52234.62,269723.3,342265.31,241155.37,300289.8,226324.38,30641.03,270966.72,326864.55,222309.44,290035.38,199225.37,49274.36,294242.25,328063.09,235646.77,184510.23,237244.17,27660.31,238460.48,330455.52,212410.69,291132.29,215373.36,37414.12,239065.83,312996.2,210718.42,303300.51,238236.56,43666.89,241390.84,338129.19,233453.3
"FT2923",630.112851439318,549.883056640625,187525.1,163367.1,119649.2,133508.7,199207.5,233673.4,196141.9,183174.6,125491.6,141151,203181.4,233970.8,177711.9,179359.2,129624,135132.2,287198.8,189339.4,148515.2,128593.6,109019,139944.9,183347.4,192671.5,161684.1,157435,111591,137785.6,205197.1,233340.8,162705.9,201740.8,154380.8,133936.8,325618.7,201423.1,181808.2
"FT2924",630.818803850292,591.89697265625,338834.3,225306.2,280278.8,448450.5,433143.7,294615.8,255317.1,236621.4,253038.6,492069.3,418760.6,227161.3,198764.8,191458.8,297030.8,417284.5,386066.7,221629.1,276480,214181.2,269393.6,422849.2,338285.3,255913.2,247584.7,237352.7,257394.2,431701.4,336203.7,255029.3,282472.5,227632.5,300581.9,407036.5,308535.6,235972.8,283399.3
"FT2926",632.792566897724,963.011474609375,5988021,2774607,4290786,2926768,5962473,11160438,5881526,5634238,4311687,4163930,6500992,9210699,5734731,4973941,3557556,2916736,28480760,12599589,5475395,2485210,3932187,2961940,6146561,10417214,5455360,5426954,4170590,4344317,7011536,9351612,5636887,4627217,3802987,2729718,27901397,12589977,5781114
"FT2929",634.623732882489,993.391,370235.4,398241.6,402818.9,392885.2,384164,346849.2,383329.6,369884.1,418650.7,361960,353411.1,349596.7,371362.1,359660.4,398598.6,390227,308045.4,334430.1,364247.2,368492.8,389421.1,377306.5,333990.8,327927.7,384112.4,380500.6,404682.5,382434.5,362133.5,336779.7,379455.5,379354.4,373154.9,401507.6,319304.9,304764.1,357193.1
"FT2930",635.14249315363,511.276321411133,1541651.6,1579567.6,1481178.3,1229744.3,1974239.6,1464764,1466347.3,1502846,1512820,1143567.8,1894467.2,1187287.6,436786.5,1254660.1,1384201.6,1188548.9,1569598.6,1431620.1,1318453.2,1474645.8,1392873.6,1155622.8,1777121.3,1444552.6,1321332.1,1543927.9,1446188.8,1224149.4,1778617.7,1463784.7,1364089.1,1516089.5,1344998.3,1226604.3,1668933.6,1531251.5,1482481.5
"FT2932",636.621648133909,994.089630126953,198291.1,213927.1,220226.8,242144.7,202230.8,193820.4,209251.2,212454.8,238609.6,207074.5,201689.3,181576.2,200153.1,208558.7,210595.5,229683.6,185704,177359.1,200728.4,204533.8,200713.2,206575.8,200177.1,191631.7,205078.3,217507.5,235646.4,218816.4,205298.6,211487.5,210442.3,215134.1,236901.6,232460.4,200031.1,176941,188590.9
"FT2933",638.213232251059,485.428009033203,223530.356,237962.246,212458.282,254159.92,2411.144,127401.862,231905.312,181579.691,189305.458,217766.562,0,130101.939,204760.343,174964.365,168171.488,243531.423,0,103281.994,204312.516,213017.881,196950.851,260888.094,0,138520.374,220437.142,174730.429,192157.894,246176.82,0,109869.874,224371.696,181018.895,174247.351,192495.985,0,152596.714,220510.919
"FT2934",638.263290100778,496.291809082031,101522.93,69291.19,79920.02,167583.41,21578.77,126201.27,192351.57,186489.15,89482.99,351131.67,31995.95,223268.94,221199.28,225627.86,217392.93,326726.21,95678.18,179561.51,269544.06,161730.4,171165.38,315125.66,16293.74,199314.21,256966.69,208375.72,126941.71,359489.32,16933.28,227415.32,202473.79,273996.2,203087.71,284950.6,84405.8,166729.26,233199.75
"FT2935",641.172084340578,274.730834960938,91362.697,60672.143,104755.481,123472.414,17152.938,47140.878,92646.575,63612.914,112514.662,116690.767,15469.07,52565.146,74350.272,59422.745,103802.559,107744.4,20029.777,55421.183,74665.343,58906.796,110442.576,108024.097,5682.497,51372.074,75961.194,53543.528,116336.849,90298.157,25025.488,64823.572,80661.222,64376.367,71510.017,99200.844,17893.364,55710.353,76236.866
"FT2937",644.255795897352,478.753997802734,281393.54,298653.08,367444.05,313489.22,0,82151.16,281285.08,252536.81,352710.81,323129,0,65899.17,233898.83,200198.35,267072.11,340278,0,51221.07,256524.1,255503.84,324823.76,315865.71,0,131832.25,253500.09,227987.79,342782.78,313907.41,0,56597.27,196733.41,217502.21,278798.89,282457.58,2051.06,68695.18,265730.88
"FT2938",645.45026418001,87.8882675170898,199199.34,84680.82,86443.83,507649.44,66189.73,108926.79,170005.02,72314.96,103232.68,497939.55,55521.45,123922.57,199717.51,99079.01,66109.51,507982.37,40615.84,95832.53,158928.95,116450.69,104043.84,504126.8,46986.9,83792.89,143331.81,91137.04,96999.75,466403.21,76255.77,84496.38,201052.39,116668.98,68626.73,530977.39,76225.58,80695.62,159649.32
"FT2940",650.597673557887,994.803649902344,204218.03,219104.7,236071.39,240361.29,177658.18,137574.77,185663.8,177297.64,252795.44,225341.95,155656.01,139853.87,185573.8,188087.58,210312.63,226478.48,97302.6,120378.81,168861.98,198836.7,203595.74,206659.01,155315.5,139861.84,189746.26,181919.17,218209.87,211682.52,174823.06,150539.12,169783.58,180333.13,200390.18,212501.91,96961.56,126446.36,172810.77
"FT2941",651.878221089903,580.536437988281,200695.58,267482.34,219310.79,44186.62,192211.91,219716.64,190129.68,226269.94,219953.79,24597.16,170880.1,214730.16,165664.42,221409.39,207557.87,15154.31,110286.18,123940.1,166719.43,217103.72,212432.46,35163.5,173195.47,147562.73,153133.51,226202.72,203967.38,15889.48,146955.16,185548.57,149175.87,238502.91,208412.93,40114.05,79922.99,155030.79,162453.54
"FT2942",652.04650774687,618.902038574219,246132.97,124530.61,254124.71,181820.13,120859.46,70515.66,236414.14,292172.96,328137.87,260802.35,37105.38,144662.87,227307.36,339578.81,377954.89,433959.15,279972.16,27214.81,228585.6,112320.35,267895.04,181486.28,107284.63,63693.4,225324.84,319583.52,328925.3,277535.25,42791.24,147775.73,229238.64,345477.13,339580.35,411484.95,263709.2,37165.38,240100.95
"FT2943",652.595692145249,994.787536621094,114897.88,139728.04,145334.91,145579.05,125853.78,85554.53,123310.23,103344.7,144089.93,133032.63,107635.15,88156.65,111347.67,120705.57,138263.97,132356.47,69271.24,79156.51,114996.11,126054.53,144204.28,133811.05,103584.83,83573.45,110078.3,116867.96,104301.03,134638.52,100099.5,76765.59,115173,115693.01,118936.93,138335.25,73291.01,67202.99,124511.68
"FT2945",653.139662486529,505.908081054688,2717655.6,2218487.1,1942894.7,3125358.6,882442.8,2337533.1,2741893.2,2422670.2,1736921,3734001.6,887627.3,2468926.2,2459958.7,2819447.9,2456620.6,3299781.8,1565935.1,2005627.1,2477353,2199415.2,2070393.1,3225374.4,839591.2,2460206.4,2633227.6,2605819.7,1876974.8,4130561.6,902544.3,2733489.3,2806490.5,3081809.3,2557021.8,3393795.7,1684982.5,2210358,2974486.4
"FT2946",653.301221193518,80.6678924560547,914238.1,695716.6,915727.7,468331.1,620709.8,849304,932154.4,725373.5,902593.1,384153.3,1148782.1,744125.9,876542.5,740005.7,583206,393181.4,1249457.9,1063834.4,853394.2,657426.9,869707.9,393716.5,639076,841375.3,824402,713623,949238.4,356080.3,1119456.2,753421.9,887509.3,761196.7,618909.7,411466,1194477.9,1032064.5,833120.7
"FT2949",654.787533954109,961.798522949219,694711.9,451564.1,556767.5,454061,749781.9,1323116.7,757897.8,733008.4,544458.2,534704.8,884070,1338211.8,786774.6,618389.5,505628.5,414439.1,3055120.6,1572127.8,795300.8,386312,533506.8,435833.2,740230.2,1234896.4,661833.2,837157.1,594000.7,570594.7,871605.7,1009583.8,758242.1,613248.2,477248.7,403232,3185899.8,1336128,714911.4
"FT2950",655.421831347282,81.868896484375,5165577,4358778,2437790,4557197,2102154,3643031,4116912,3429305,2404438,3188206,2361933,3081018,5063232,1895627,5912702,1751549,1844390,1838483,4145499,4087537,2275772,4703682,2242018,3509901,3681169,3319795,2478966,3273240,2211778,2938701,4625081,1889971,6149402,1973875,1875739,1741189,3164638
"FT2954",658.667716147679,993.330749511719,74616.89,78446.78,88274.54,79261.84,86539.24,72027.35,78348.92,83048.99,92258.07,83114.96,79921.64,74691.41,84181.07,72149.52,85835.5,90376.74,80401.25,76647.94,86699.18,79472.42,88125.51,89784.98,67888.39,80576.21,73173.49,81692.78,91564.14,86355.77,85848.97,75971.75,78230.76,60147.69,75932.27,72767.4,62907.99,75808.86,68517.9
"FT2955",662.101923747925,503.17578125,4224879,5183576,5828287,3783287,4194290,3810060,4260678,4657674,5898586,3309975,4295659,3288963,2966405,4423130,4894565,3221712,3156165,3356205,3935930,4871358,5876054,3805260,3920160,3616719,4058078,4686165,5850191,3327023,4112783,3198418,4105501,4408847,4843634,3008607,3009161,3369426,4307143
"FT2957",664.117747514272,490.79736328125,2010264,1542251,1253789,2562673,1680068,1357928,2041573,1683462,1310524,2847608,2198025,2134118,1910709,1581389,1535189,1936243,2641466,1939813,1857454,1402457,1257320,2531811,1639338,1287786,1899474,1608714,1309839,2824418,2158853,2274378,1943824,1656253,1490431,1927177,2630679,1980371,1972477
"FT2959",665.7785415507,963.008178710938,5546086,2733410,3738295,2682826,5479406,9618363,5165206,5097944,3965684,3866600,6057580,8267136,5189041,4311221,3338286,2705862,25044996,10839013,4826898,2330423,3449526,2595268,5175491,9156720,4591374,4888617,4049507,3756417,6109191,8889611,5012487,4189856,3445330,2563139,24161141,11143038,5188735
"FT2962",666.45059013698,84.2720222473145,94336.19,77802.546,115160.17,22473.337,369832.711,20828.565,84656.479,90336.627,114745.721,8875.579,350771.961,29377.853,39643.433,103883.338,83077.563,0,414301.538,9034.368,90799.917,66073.264,81672.795,4877.701,389083.55,45047.488,48817.986,103721.472,98149.1,4532.442,362948.695,18274.074,67991.156,115912.431,77961.377,0,442031.434,13166.127,65640.174
"FT2965",669.296741042673,79.4382934570312,209866.46,165926.71,201136.57,108667.06,210552.48,161328.98,137813.66,211476.86,90975.5,118392.65,267400.82,326782.83,164036.55,222968.4,168379.12,123996.51,171560.84,217669.35,186708.33,161439.81,202069.51,82721.05,253787.29,130118.85,198555.33,208146.9,111892.02,102594.8,249966.54,285592.47,197005.46,240741.43,197295.99,117363.16,162891.93,225154.23,218206.43
"FT2966",671.417223745845,81.8645935058594,649564.5,760292.9,729634,467722.9,420354.8,817260.5,724895.1,632624.2,645154.6,1008598.9,616243.8,1093373.7,744137.6,757542.8,813330.8,735981.6,835134.6,656940.4,599863.6,733770.2,730923.2,558015.7,472842.2,859152.3,917821.2,612875.8,672128.9,1056048.4,555760.6,1076842.7,910315.3,761968.8,865034.3,809558.3,834434.2,647344,832791.9
"FT2968",672.938233085735,574.974853515625,112309.276,206008.245,142018.827,2565.947,134319.407,208172.279,138419.932,231056.746,147681.434,3476.539,125486.096,190553.412,104708.033,197495.507,120102.595,0,95456.798,194994.068,111409.112,202218.465,150173.034,0,124112.319,198411.994,97483.021,213867.537,139664.141,0,112550.188,205743.024,114048.153,198274.979,127368.923,0,72677.541,163924.436,84486.416
"FT2969",674.61438280024,994.79638671875,84827.74,80680.18,79389.39,92551.07,84464.72,97946.65,79557.41,85655.79,94997.15,87001.58,65195.21,90851.31,78003.68,82017.74,71025.17,89753.56,95256.19,68706.55,70606.14,76812.65,87753.98,86293.16,83486.89,79417.57,81324.31,88808.93,104590.49,90066.06,86490.06,93699.87,86164.81,80270.08,91955.59,83475.92,80453.08,83580.5,92627.38
"FT2970",674.641719849499,993.391361816406,94532.68,109110.85,112503.86,90843.09,83126.02,75247.74,93428.11,84418.35,111762.38,112693.18,95292.92,76529.14,97627.79,83185.58,102915.24,104866.22,46343.91,65004.35,86568.72,95910.3,97625.73,95796.22,74817.11,66376.33,97315.65,87068.81,107448.26,91495.17,87228.39,58633.92,91047.6,97233.07,81016.82,91944.44,39367.69,53401.78,83227.06
"FT2973",683.438991007388,960.598419189453,1076563.2,737266.3,865969.4,823035.9,1124432.8,1589603.7,983147.3,982048.3,931659.1,769731.6,1130784.9,1326964.9,889198.3,923307.2,887635.1,846010.7,4018495.1,1751445.3,934873.4,676746.5,768644.1,789213.6,1099525.5,1514572.2,1062932.8,921370.5,868020.4,970775.8,1083279.5,1366669.9,1082584.4,894034.3,872412,815271,3464941.4,1608491.3,1161429.3
"FT2974",684.830727194786,581.749206542969,233152.94,20072.47,104771.15,168994.43,220119.94,248838.27,212474.15,126056.98,149528.41,261887.1,252012.36,226355.98,211336.7,112709.18,114615.82,169995.39,599299.54,285274.35,200547.72,24329.94,116831.03,143277.77,218167.46,238313.49,185557.69,105568.71,122167.54,261392.83,217146.37,241041.79,183323.86,130551.38,109267.45,127690.9,553546.04,280405.98,209504.79
"FT2975",685.774643862797,962.825897216797,4196816,2165897,3052869,2247445,4294164,7244943,4107520,3860503,3218206,2987886,4950654,6488515,4162808,3439619,2535421,2136919,19565496,8483573,3928569,1866503,2726610,2173037,4122942,7361746,3816545,3548937,3078172,3215270,4807648,6543705,3961712,3276565,1808058,2019665,19414247,8540960,4034952
"FT2976",686.141138996581,284.53825378418,40221.385,7339.207,30735.333,79703.355,5685.231,33539.122,52163.812,8176.523,13350.809,116079.149,8777.694,38578.937,41364.977,29458.14,50136.858,84167.117,30547.686,30155.669,50644.982,4260.438,23611.626,73159.251,4477.883,14167.424,37523.275,4565.156,20773.239,103953.404,9610.811,34930.109,43987.09,15756.455,48267.317,77745.548,15977.873,26391.264,47051.54
"FT2979",687.411646357765,81.8664321899414,287234,327466.5,335959.4,289825,190270.5,305312.9,203773.6,280158.5,302458.8,350643.6,278366.8,417758,298969,304262.2,355796.9,310317.5,333292.4,290584.6,214919.4,280735.7,313134.4,345740.4,254269.7,305684.7,223448.2,254019,313703.6,331869.6,295052.4,414541.7,182633.3,284245.7,335323.7,295185.6,171596.4,176697.6,248788.8
"FT2984",696.62309421128,994.79638671875,98984.7,89900.7,101034.99,102479.92,102420.81,67824.45,81325.64,79588.88,108761.05,89551.07,82723.77,73495.39,81036.39,76317.31,100911.74,94586.16,58790.49,77871.07,81377.51,83171.56,74267.45,90287.44,76925.45,69749.84,81139.28,65644.56,97506.23,76772.91,69535.13,90613.93,69758.54,56863.49,84582.35,84828.73,59521.01,72354.34,73842.51
"FT2985",696.770335521718,961.260772705078,684598.9,597635.2,533038,504592.6,656836.5,1105205.9,670896.9,699811.9,566530.2,621852.7,757841.9,982865.3,612250.8,615531.3,647359,524690.7,2610183.8,948824.2,716965.7,505195.2,571232.5,547876.2,767645,881653.3,685563,547057.6,553590,605349.7,696810.3,889943.4,572895.4,564038.9,611313,454870.4,2373723,1021569,710769
"FT2986",697.291532712894,81.872631072998,9198773,4717992,6132252,4287943,8990451,4952066,8873474,10229580,5743567,2557591,5666947,10606992,8706774,7960941,3641947,4577986,8202055,6282238,8459195,4435882,5584207,4245667,9209210,4065543,8191827,9928213,5705375,2603711,5314179,10211246,8855708,8035464,3611275,4752439,8102666,6129756,8594653
"FT2988",698.513457500915,88.4866065979004,114465.874,98331.623,67333.485,502683.212,0,86056.296,111550.104,24399.617,50035.139,478281.506,2005.744,87804.399,138316.369,40638.774,36544.425,509571.615,0,100755.441,135432.207,72539.372,44285.425,527407.153,3575.052,68204.309,91327.276,24032.574,63429.672,494422.144,3944.103,50231.218,102964.073,60999.679,76547.607,608636.433,0,35967.16,126899.174
"FT2990",699.497798437969,145.664306640625,651854.2,648981.8,658741.3,372498.6,455784.4,482887.6,561120.8,662705.1,585529.1,338963.6,833111,603927.3,617468.3,542360.9,641113.7,338187,674820.4,599299.1,608679.3,650732.2,654474.2,358944.6,469100.1,619200.4,619692.8,682653,627302.3,331350.9,825156.7,626223.1,531761.1,663659.4,594658.6,286198.8,645975.4,585256.7,563820.5
"FT2991",700.528906816314,145.660774230957,341254.07,517147.09,452428.16,1258540.66,121895.69,274780.45,331346.12,211972.32,378556.56,998717.6,109697.79,317988.85,340963.07,339917.06,150135.33,1246371.32,25034.36,263638.04,246529.19,437629.54,334204.48,1227025.47,79626.48,141920.44,317645.52,151688.46,319777.68,861126.3,95636.1,138952.1,288989.3,265004.62,436856.02,1230031.73,24697.29,208735.59,281350.72
"FT2992",701.941914750716,610.360900878906,103985.9,93715.79,115967.09,60540.76,80243.52,143821.43,105380.45,110599.28,131276,29479.48,78800.42,86590.63,56846.02,75588.79,93949.28,43730.37,52533.53,117087.62,90536.54,88476.71,83587.7,71361.01,62672.79,102789.3,79892.52,84680.91,110907.23,51030.57,78737,113913.85,101654.31,96473.96,78518.93,56101.62,67840.81,138733.11,91001.26
"FT2994",707.065260765147,623.054016113281,226798.86,335424.894,321646.271,240323.064,4277.876,198244.24,213926.194,298101.085,311705.2,198164.73,2662.082,117575.151,129428.9,204825.247,217222.328,187736.211,6934.287,160503.84,191718.945,260414.539,232791.277,180537.167,0,161270.904,163080.609,246328.529,249119.427,169574.71,0,144077.98,187767.759,245950.779,229491.308,173299.547,2241.826,169053.638,167376.931
"FT2995",716.524156437616,92.7822952270508,275433.5,271407.16,262504.05,699889.43,346189.7,162708.79,229270.94,178298.83,204020.79,930403.16,294919.37,170297.08,235820.04,164348.44,244316.93,769599.48,105435.5,141132.79,373650.84,232412.85,233742.38,1213340.58,250339.19,97727.23,165707.58,148805.81,211102.89,590000.21,215286.68,136175.15,218352.01,170354.81,217206.99,788084.18,49741.12,108205.77,241182.83
"FT2996",718.760605301904,962.486480712891,6465482,3396572,4688886,3460688,6333706,10648362,6095693,5897116,4838221,4543215,6578561,9288159,5900402,5221103,4214279,3356509,25325608,11791534,5776327,2915396,4491512,3470410,6146341,10494949,5609490,5841093,4767233,4729563,6594298,9112802,6076185,5137837,3861646,3446348,24500810,11592875,5583991
"FT2997",719.262144983602,961.812866210938,609194.4,315187.2,462756,349972.9,678794.8,1019325.2,549125.5,563755.3,441924,385472.8,765818.2,807288.9,542139.7,492910.3,353340.9,361773.7,2772368.4,1174758.2,555914.7,282491.9,396068,336213.4,603278.6,1008782.5,476653.7,524330.8,464687.3,469238.5,630559.7,1032384.5,582062,499982.6,418203.3,244035.9,2375032.2,1073831.5,520147.6
"FT2999",720.20174094583,232.72200012207,89166.037,13925.198,7667.916,119733.26,72218.328,56291.569,82246.062,24871.449,5478.971,148445.648,52445.865,54631.333,70215.488,31439.176,19851.305,122122.316,137744.738,38206.203,71367.739,3245.861,2903.729,116442.238,53390.101,41931.77,74354.663,22321.643,1903.01,117165.001,54421.354,45111.807,46368.847,28872.567,11696.494,119262.736,138337.2,39870.355,59160.969
"FT3000",720.495662384099,83.0297813415527,385848.1,266610,263804.32,581427.04,151075.56,295025.55,341722.88,196616.58,250821.91,594267.63,132120.13,315708.86,327919.79,247762.45,229305.74,553540.95,72190.11,258457.48,341623.14,232837.25,222790.38,608678.6,115713.39,308402.41,302805.39,254268.48,215419.96,580511.51,132412.44,326478.5,331471.42,222030.85,252792.69,569149.53,84407.06,287043.24,361748.48
"FT3001",721.50226245162,81.5316543579102,176564.61,95467.35,79515.17,399068.06,5113.36,167822.89,139882.79,71017.31,79862.13,348379.27,16641.28,159692.42,179144.32,105569.07,98555.56,411061.25,0,172553.72,131518.78,107686.53,39784.77,402511.09,13593.96,137501.77,93403.63,72059.76,66793.04,354029.98,10270.13,129462.92,145756.25,88214.37,84303.15,383666.94,0,136339.85,184600.77
"FT3002",722.513475690249,86.7026481628418,4360876,4999952,4800638,3713485,4127979,3868485,4081622,3922000,4436205,3442263,3951515,3951946,4030522,4272025,4573314,3625994,2636686,3631056,3892070,4715699,4606422,3777026,4022223,3491132,3805321,4027483,4423601,3445024,3890890,3589142,4010988,4284500,4737317,3786083,2334769,3336169,3901236
"FT3003",723.517296606948,87.7404251098633,1795489,2140101,2064238,1605773,1858634,1681700,1699084,1720656,2018267,1568462,1772253,1755613,1857995,1907153,2054774,1595556,1181068,1478207,1685188,2012058,1907856,1612464,1757142,1496992,1134296,1743943,1978161,1483864,1699185,1594952,1130717,1960882,2056352,1184636,1013149,1498975,1103713
"FT3004",724.521926788116,86.6746978759766,579483.787,725052.663,558213.256,99981.868,328459.103,601262.795,596489.255,264990.751,720637.47,19643.538,429768.13,627087.46,680354.575,503836.57,764764.579,116851.317,250493.044,523044.813,579049.156,552823.975,551323.35,6816.676,380614.995,551223.12,684300.207,221153.97,601482.929,70581.935,404444.53,542030.834,571075.985,468569.229,708462.265,98951.314,74937.125,548115.585,669667.918
"FT3007",726.54364368111,89.0964813232422,61060.97,102281.817,69626.228,350761.679,0,72883.425,43709.411,18949.069,57451.947,333583.332,5732.725,68156.661,63082.709,39166.438,98249.01,404260.357,0,60030.478,41486.604,107004.151,56273.424,438619.79,0,28015.646,62148.921,17744.929,57930.092,314669.947,0,30752.084,66380.887,59600.346,125823.673,382208.294,0,34117.026,35108.462
"FT3008",726.545058770207,144.316528320312,125273.26,324767.99,147667,761107.71,15303.84,128014.4,145823.17,116500.6,137102.56,730466.71,25830.59,94892.61,138783.79,166784.65,149780.58,888999.5,0,102002.64,163777.59,190803.36,156968.43,894981.68,19153.77,82790.26,144708.05,126503.95,119751.11,684427.81,11268.89,134050.65,177533.92,107406.96,139947.72,956842.13,0,90224.35,126910.67
"FT3009",727.872334391933,577.690002441406,121511.876,87281.377,113829.72,19965.751,121030.42,206260.689,124833.816,163454.23,116641.898,13926.437,144440.206,218539.261,119697.746,148253.502,91320.629,3431.931,145585.685,195761.502,117971.665,81810.297,96963.816,5778.285,124266.703,192958.189,110569.15,174386.879,104995.612,6864.526,132422.476,207763.165,138869.835,178588.861,113719.177,5970.377,122956.202,167812.518,124654.238
"FT3010",732.09136840676,961.236877441406,846330.7,620145.1,715922.9,624686.1,819518,1269969.9,771890.2,840021.6,687089.1,716348.4,772168.2,1051034,728072.5,686577.3,680825.3,654844.9,2726401.6,1250499.9,818605.2,632925.6,613867.4,619344.3,859972.5,1073386.2,734885.8,698490.1,680598.1,660054.7,818699.2,1046024.5,850494.1,697988.9,632924.4,622866.8,2377041.7,1250490,791454.4
"FT3011",734.579590270888,994.836730957031,120628.52,123442.86,136024.52,124472.92,105564.05,100648.82,132024.17,107489.25,145906,115029.3,113165.07,93833.1,117086.91,111420.18,130236.26,122366.62,76622.59,91367.26,83443.36,127701.11,117988.68,130019.27,105353.2,92864.58,112093.6,111687.52,121984.52,114371.06,127116.26,105081.27,107325.1,109904.62,109506.24,116611.14,79780.02,87173.09,106613.23
"FT3012",736.529731486517,89.3708877563477,261170.4,380620.6,380374,141987.5,422632.9,176103.5,248967.3,228549.5,254071.3,181974.9,421971.8,163231.6,216219,210782.8,364441.5,143314.5,209565.9,210986.7,180957.3,345493.6,378961.7,151612.1,389838.3,163948.2,187740.8,297389.3,328391.9,114780.1,350225.3,188175,153907.9,344371.9,432412,161257.9,204880.7,284331.5,296047.9
"FT3013",736.577257806163,994.832458496094,78614.45,82502.58,96091.15,90155.87,87519.17,72901.08,82238.84,73770.88,92341.9,83378.37,74275.38,79302.25,79938.39,70495.34,74846.62,79991.46,57774.74,72893.32,72107.92,74673.47,87020.92,77603.64,69988.82,64161.84,78461.5,68069.71,79478.1,76818.05,73810.79,63188.7,84963.36,82713.89,86447.17,74491.54,57606.96,66745.78,68767.34
"FT3014",738.508199025857,85.0101776123047,269798.226,440844.316,540628.009,73098.284,636229.913,345069.045,259619.982,345749.049,464355.133,40638.425,664546.042,334341.248,257748.756,371514.749,487452.578,62162.962,545353.197,335918.327,242620.115,378893.401,484250.733,7393.996,658755.577,336880.736,199942.001,343793.144,469125.766,89035.68,647629.898,337018.832,268109.404,374861.245,494776.174,77127.85,436955.775,318452.564,269803.803
"FT3015",738.756677409742,961.800628662109,2676808,1486548,1938155,1574513,2650046,4502699,2549449,2455980,2050082,1939782,2763584,4046749,2546479,2277116,1685274,1437399,12241010,5298575,2294493,1333648,1855337,1522595,2696881,4714601,2212690,2289287,2034971,2067728,2973622,3975078,2190121,2160879,1954547,1497595,11707558,5208553,2650274
"FT3017",740.52492568452,104.80451965332,144113.735,52539.483,44152.773,345479.61,32285.033,35393.646,104186.134,33884.512,36207.123,444415.608,26280.384,52865.088,106110.342,21441.882,42660.98,316185.076,18147.507,18435.477,127932.118,56262.936,42056.614,491496.238,15525.146,34636.644,105983.587,54605.182,26650.066,449442.725,28092.821,38974.287,110534.631,37017.713,29420.915,459781.07,8139.625,25650.252,66816.197
"FT3018",742.06846297479,618.905517578125,504913.6,710667,1179434,154461.2,304292.5,370357.9,490406.3,619923.8,1300630.3,167898.2,314930.1,390405.1,527598.9,518094.5,733835.7,192319.5,312737.9,484869.4,503809.4,678480.4,1109578.3,165654.7,300552.9,342513,479205.3,657401.7,1239131.8,182361.2,329182.8,410619,455430.4,525755,733841.1,204907.6,314240.7,517790.7,488553.2
"FT3021",743.542237386648,92.155445098877,204528.65,217939.03,179576.53,462212.06,183516.51,109730.65,123391.33,88887.84,121778.24,404722.77,139501.68,102169.84,180004.64,128604.48,113579.1,428995.52,45755.7,60183.78,185868.47,173849.1,124463.25,468714.75,134828.08,56001.96,128647.85,83394.44,110811.8,371887.61,129087.28,42157,130622.18,82297.68,114458.58,713308.65,23847.13,54441.55,126659.92
"FT3022",744.084390488295,636.921325683594,897594.1,822815.4,473590.9,1316396.1,852392.5,921120.3,863338.4,698100,354614.4,1147854.7,916056.2,817371.1,824230.5,605563.6,424446.4,1027532.6,638261.7,801945.9,804491.5,772480.5,455226,1337660.4,854684.1,915638.3,826594.5,713978.9,332387.2,1142240,960671.8,806281.6,768575.7,628307.5,431290.4,943533.8,673674.8,811728.5,809602.6
"FT3023",744.55571108052,152.414642333984,188364.85,754373.24,628103.88,1056837.17,945234.77,358942.48,163346.97,260065.31,567927.18,813148.85,837334.32,395799.62,138820.06,355156.28,701774.25,917791.97,275967.36,190832.2,136310.01,676568.41,533000.72,793478.83,796347.85,136169.96,159633.75,213700.4,433668.74,495154.63,649555.85,135302.42,165121.05,263804.19,626034.75,848169.42,99189.11,145967.16,136941.8
"FT3025",745.502847994285,77.9013519287109,376959,361510.99,261372,531400.71,108108.68,520309.79,319019.05,341509.79,277341.85,469956.76,100845.9,526737.8,328182.67,360103.09,231083.95,507419.25,86995.66,512406.97,350616.38,360501.55,279506.52,492306.13,43586,505110.02,307511.7,360092.9,288215.04,506630.25,98979.85,528774.27,370687.06,395539.53,262427.72,422714.36,128722.13,503888.24,243070.08
"FT3026",746.511940348674,83.6482696533203,1610907.6,1802444,1872782.8,1377942.9,732616,1486136.2,1464700.7,1371400.7,1705004.8,1313799.5,985040.9,1462141,1512716.1,1607947.7,1750526,1366245.6,686143.3,1319103.7,1494577.7,1533717.4,1468741.1,1360370.1,939858.2,1432521.5,1568935.4,1480328.7,1564889.9,1355844.2,793261.1,1355688.5,1566232.1,1844496,1768163.4,1350865,811352.7,1229348.5,1526677.5
"FT3027",746.512717578668,84.2704010009766,861596.5,1980273.3,1810852.8,1299457.8,1458353.2,1507650.6,1586380.4,1671684.9,1632191.8,744160.9,1411190.9,1336915.9,1606607.8,1742832.6,1735254.4,1249294.4,690438.3,716840.1,1345936.3,1819701.2,1698324.8,1316725.5,1034725.7,1387427.8,1551718.4,1707008.3,1656590.2,1235259.5,955579.3,1249449.5,802862.1,1773767.5,1740261.6,753206.1,849028.5,683896.4,1437253.6
"FT3028",747.518257238718,78.2512969970703,4421359,4375316,4067738,4348457,2776580,3698507,4102834,3940942,3798556,4015209,2899772,3974667,4056576,4233020,3601418,4047851,1922790,3619528,3835735,4006666,3797420,4254355,2853953,3810824,3974947,3820870,3830364,4004796,2796706,3714229,4040227,4015520,3693342,4124656,1732247,3486770,3842585
"FT3029",748.525789852839,81.8601379394531,3571517,4068759,3787101,3065608,2360869,2967811,3255710,3320301,3487100,2938906,2420886,3244280,3267215,3644893,3396833,3005826,1734265,2734783,3111794,3682861,3422749,2793684,2719858,2826214,3117253,3349089,3369845,2836748,2618462,2799198,2925678,3564896,3559789,2583803,1594147,2725698,3042539
"FT3030",748.52886315863,126.90771484375,1805158.6,2539281.4,2213281.2,1726344.4,1819151.5,1661718.7,1657972,2016550.3,2141680.6,1520557.1,1752408.7,1592409.6,1680937.2,2102841.4,2103674.7,1631827.7,881644.8,1561111.9,1675657,2419279.3,2140114.3,1610143.9,1245461.2,1518099.9,1623023,1917657.5,2095918.8,1431294.1,1569724.8,1396747.6,1562273.8,2210429.9,2089150,331812,451339.1,1482002.7,1601580
"FT3031",749.53029984074,82.5890312194824,1297003.4,1570341.5,1460389.2,1174315.2,824124.2,1141285,1149782.9,1261330.6,1366005.8,1057569.8,850712.9,1210035.6,1197558.6,1368068.5,1315037.4,1102577.5,472693.1,999384.7,1138557.2,1405649.9,1309356.9,1153882.7,872608.4,1013188.9,1150489.2,1248411.8,1259594,1057869.5,909011.7,1027788,1181764.3,1373217.2,1376307.3,1157153.6,522057.3,924472.1,1084292.8
"FT3033",749.533697283268,126.907417297363,584918,877385.3,740819.8,488587.5,753467.7,649317.7,519936,754376.7,819678.8,378983.5,755490.1,587508.5,610591.4,924468,898123.6,465734,322917.4,407871.8,506757.1,969887.6,904799.5,494429.4,723116.1,614666.3,574883,734595.4,791573.3,386238,688512.6,516055.2,491717.5,673816.6,452657.5,144089.2,306862.8,382206.5,389058.8
"FT3034",749.853675125102,580.464050292969,136680.104,164821.207,141032.372,9342.151,135108.003,111776.381,141991.618,159054.919,150558.589,5902.376,117721.434,125375.211,91787.181,140740.547,139065.537,9967.141,38406.205,101443.907,113421.572,124591.366,141591.288,11449.642,149317.137,115692.962,110541.977,148615.019,121009.942,10466.09,99193.064,137881.615,118021.909,173837.354,130130.517,12183.032,60554.374,140274.281,121091.147
"FT3035",750.54525438516,133.584091186523,3998017.2,8495106,6879580.5,4093423.4,4764804.2,4182337.5,3778668.5,5218395.7,6333432.5,3200990.5,4286943.4,4024115.2,3832879.3,5934159.5,6954044.9,3992493.5,1723211.6,3847561.9,3672816.3,8115149.9,6720077.7,3945138.7,4000949,3248835.6,3594757.8,5106628.9,5882403.3,3285985.3,3780500.4,3242554.5,3809454.7,6062443.9,502160.1,3938228.1,1217175.5,3296357.2,3596010
"FT3036",751.548608444827,132.917251586914,1891285.1,3997652.8,3205794.2,1898571.3,2254909.7,1992507.1,1720800,2497725.6,3063368.2,1556174,2032522.4,1987369.1,1776254.9,2777198.4,3330846.8,1786716.6,821651,1825640.1,1746559.9,3749250.9,3001835.2,1843834.8,1846639,1505421.4,1737949,2489636.3,2710529.6,1451193.2,1814496.2,1482122.7,1710781.9,1555811.1,1391842.9,1026515.4,571579.2,1572014.9,1690559.7
"FT3037",754.081713281354,960.574951171875,890691.4,715180.9,656847.2,589083.6,832128.6,1227303.3,955739.6,880083.5,738878.6,665411.6,794951.6,980387.4,879039.5,679062.7,635323.7,646686.4,2555171.9,1227423.5,798043.2,604274.3,616685.1,646957.7,796474.9,1109583.7,782067.9,885764.1,624782.4,708233.9,757785.8,1040704.2,770399.9,833287.9,721304.6,618085.9,2658994.6,1200053.1,612648.5
"FT3038",756.561170333814,994.854248046875,126876.3,107353.37,131400.55,123486.36,131705.47,111822.85,124847.26,124146.08,107895.99,117152.91,113166.86,117029.72,115871.92,116646.01,134466.86,117168.32,109214.56,131606.91,99540.96,117017.22,111998.91,115251.99,113545.92,117004.2,121334.58,128654.97,107609.43,122373.61,128177.9,135200.68,125633.88,133043.03,123096.61,116360.84,127779.1,118356.42,109558.44
"FT3040",760.513668335122,79.4657020568848,870495.7,791659.4,687451.1,1776264.6,378456.9,524925,702285.9,535664.6,617067.1,1398152.3,223930.5,552305,747667.6,610488.6,649142.5,1651061.3,140021.6,523362.4,793177.2,706492.4,578160.4,1715703,296917.9,461728.8,809837.2,605406,594672.5,1433829.2,234099.4,484178.6,872003,645423.2,618584.7,1799418.3,113539.1,475519.2,810247
"FT3041",762.508433245017,84.2644653320312,186752.88,133659.54,182682,162926.64,355293.15,124298.13,177860.4,138631.32,164334.23,197072.16,373962.22,139737.86,179747.81,105694.03,179027.82,189011,314629.86,117200.36,170416.9,109764.16,150428.69,150926.94,346218.37,96374.39,158441.54,107849.98,174229.58,175981.91,334790.97,120126.82,157769.67,119944.43,168036.55,117402.98,287228.69,117819.37,135473.39
"FT3042",763.561039746254,92.7723999023438,3544006,4025956,4285868,2981833,4611229,4011448,3233831,4475125,5213930,2992485,3746874,4269930,3182685,3829585,5302050,3113314,3243876,4045923,3200391,4467594,4165881,2950283,4446848,3341555,3296998,4456891,5001866,2012771,3588422,4101964,3220874,4442771,5254089,3029890,2937562,3348141,3221823
"FT3043",763.561225930619,160.536575317383,2104398.8,2480010.1,2686349.9,1521949.4,2231459.9,1839779.9,1943107.6,2094816.5,2703079.5,1487147.8,2106755.8,2082277.1,1915185.9,2234736,2644486.3,1598952.9,1609524.1,1964578.6,1898873.9,2279450,2486596.8,1461786.4,2082407.4,1752700.7,1907768.5,2216364.2,2592002.2,1473921.1,1951103.3,1975076.7,1911563.5,2190211.8,1472980.7,931907.1,1464198.2,1891647,1908233.5
"FT3045",764.56400084506,92.7723999023438,1485980,2200834.3,1917974.5,1191411.3,2074303.1,1507603.6,1453952.9,1559536.6,2412445.1,1180496.9,1630991.4,1572036.4,1372575.4,1701761,2392382.2,1198241.9,1409179.3,1739901.7,1640267.6,1649175.9,2199011.7,667216.7,1639845.4,1646621.4,1714257.1,1648747.5,1848226.8,946162.3,1949675.6,1402216.7,1305599,2007597.4,2024286.4,900195.3,641909.2,1496236.4,1388230.5
"FT3046",764.56472230276,160.534851074219,935454.6,1124033.7,1180162.8,654195.7,1027275.1,861995.5,878984.7,945025.7,1133742.8,649923.5,987800.9,897280.1,847369.2,986817.7,1206473.9,701476.7,667804.8,895434.8,844150.5,1044029,1161687.6,645451.8,980424.6,605203.9,826490.5,970292.7,1130004.4,641198.6,900655.5,1805492.8,840843.9,978952,1067658.7,692969.7,521860.3,857694.8,683351.7
"FT3047",765.526863307724,84.2704010009766,183395.55,346409.78,356179.11,41149.24,548830.55,252546.46,207452,329807.65,325503.44,37873.09,479981.79,229428.49,217515.77,367150.09,320413.27,62801.62,378044.28,259596.65,211583.32,322120.07,330093.01,25257.33,485406.67,224635.35,182716.38,314543.9,343867.96,22447.98,466687.09,208014.96,194021.83,366310.56,389076.65,26205.15,335167.89,223539.18,180912.16
"FT3048",765.569127241665,160.534210205078,285771.9,304456.7,355405.3,160652.2,302488,228002.6,266112.2,260710.9,350737.4,162271.3,279069.8,264332.2,327994.3,345097.5,378033.1,142360.1,204472.1,233994.1,229073.9,596448.4,331023.4,156144.8,302784.2,222718,254152.9,296061.7,348387.7,170860.7,287474.1,222749.4,253042.8,275324,363253.6,158491.2,163827,229920.3,215812.8
"FT3050",766.540559104635,129.578521728516,3160033.36,4407494.89,3995782.78,0,5369056.87,2961222.07,2869701.15,3705002.34,4707342.83,15412.2,4862571.09,2886415.4,3051238.53,4159210.48,5063871.17,41793.04,2076399.25,2299015.36,2920289.38,4100688.97,4742431.71,0,4597401.89,2428093.17,2870564.45,3634231.56,4259240.65,0,4419769.11,2445884.86,2895029.23,2258573.29,956916.46,217947.48,1627463.11,1955886.29,2892692.84
"FT3052",767.543888520171,130.910675048828,1367221.92,2584101.1,2381701.44,117471.54,2538485.86,1441952.94,1390981.33,1775752.85,2305974.61,953628.37,2329900.27,1369640.63,932945.42,1984362.79,2335377.55,64496.22,1036940.91,1345293.79,1055984.72,2440662.24,2293344.53,0,2281519.91,1145008.76,1312738.22,1696371.7,2021311.31,26423.9,2137279.76,1151950.17,1327151.78,1857147.84,1964879.22,1012276.89,791197.68,1184912.21,1286645.6
"FT3053",768.548857992807,87.533447265625,272685.6,640162.1,602182.1,220355.8,780469.9,375871.4,234909.9,405471.9,498869.9,107730.1,747615.8,377965,197697.5,423337.1,624604.8,183294.6,243545,352406,254692.9,611775.2,566759,118445.3,712748.4,153963.8,244298.3,391661.1,512585.3,186864.5,438838.5,236062.9,311533.3,482283.9,627195.7,168146.2,129580,270285.9,339434.7
"FT3054",768.5503802587,134.253997802734,495723.78,988902.43,826890,102336.93,648595.88,485140.55,437138.1,601406.65,843943.46,94222.92,620331.72,404022.78,431831.73,725509.37,876944.16,267872.99,217222.7,471828.46,372834.09,908239.4,829541,63241.85,612846.35,367527.81,400487.27,605827.48,664604.45,87316.34,519810.51,337440.38,448588.67,629730.4,844761.07,253509.93,120275.93,301763.43,410620.56
"FT3056",771.742670783051,961.796761474609,1937755.5,1258681.2,1535586.6,1154181.2,2089217.8,3380809.8,1836741.3,1958616.3,1560276.9,1410491.9,2030514,2814791.2,1909812.1,1698543.7,1231718.9,1160866.4,8726267.1,3955235.4,1719167.8,999552.8,1416036.1,1141693.5,1890874,3267355,1730794.3,1841501.4,1477940.7,1449143.5,2183453.5,2977056.3,1730839.3,1621801.7,1418741.7,1207608.7,8497390,3828316.5,1866743.5
"FT3058",772.535308315211,994.857971191406,121721.9,129490.95,117683.85,134884.02,98574.2,99599.34,126478.27,117207.44,130798.34,105065.23,100469.65,82306.58,92192.73,102467.9,101774.93,126948.92,57377.73,91359.34,87888.89,108318.49,115586.28,117829.87,67270.85,83059.47,107764.04,116531.2,112548.79,102501.07,93415.76,89088.59,103516.3,101024.81,116196.6,117625.52,60594.75,71369.9,108660
"FT3059",773.5343547098,78.2512969970703,1792927.2,1842440.6,1582144.7,1538550.8,268508.6,2603561.4,1645860,1709880.7,1458967.1,1457570.7,310963.4,2617377,1605732.6,1750298.9,1254409.4,1442253.7,186170.6,2483481.7,1566678.2,1727299.7,1275927.8,1663560.8,269519.5,2570195.5,1585968.9,1761741.8,1430188.5,1454371.8,348064.9,2649637.4,1605432.5,1743659.7,1376899.7,1480605,159893.8,2484350.1,1611696.5
"FT3060",774.069450385737,562.445190429688,214962.55,164336.81,77331.31,415799.07,53590.84,191005.5,217870.69,278610.84,90880.19,494500.87,40820.93,214503.72,144065.87,204057.22,115595.93,456859.82,88820.39,134595.3,223758.8,148489.99,93041.89,407094.08,24702.49,177386.63,205309.23,217565.21,81628.92,480245.92,47734.19,214854.69,214027.24,250238.67,152753.73,460438,73319.39,119047.02,209003.73
"FT3061",774.5449350042,130.911743164062,1060759.3,2009689.7,1509938.9,1027347.2,906019.4,1058616.3,996657.8,1166871.4,1314766.3,831048.5,746134.9,1004055.7,967184.6,1426624.6,1493780.7,900129.2,173971.9,952065,953400.3,1796645,1558787.4,951089.6,494049.5,447146.7,968698.7,1367470.5,1421557.1,805037.3,698505.5,874695.2,915418.3,1452417.8,1570490.1,898965.8,304394.4,837573,925835.5
"FT3062",775.548858307608,128.240997314453,610405,1107860.94,882656.63,634598.46,571901.42,578964.2,578012.06,764650.55,869331.69,536963.35,582458.95,1174660.83,587929.72,810103.75,855820.59,620118.17,161382.49,541185.08,517711.04,1029339.04,879659.84,593822.93,470940.85,1001572.89,530545.64,741466.97,756773.27,548149.48,520552.11,498349.66,540689.3,831855.66,871212.01,650029.42,84548.25,505504.49,554126.88
"FT3063",776.560876100297,136.264572143555,188187.73,1656171.91,1328139.46,238444.04,921726.32,81315.24,156263.17,322029.36,1217769.48,39434.11,865097.82,129894.86,140355.68,1063885.4,1323656.23,196232.02,219064.44,58868.7,148711.78,1305905.86,1266142.15,293630.87,768646.58,0,230922.89,386636.65,1114318.36,131264.53,701450.08,28540.92,181093.05,1068582.54,1344350.18,161771.99,92405.93,0,212224.78
"FT3064",778.560244018093,91.5362243652344,3526523.92,2851442.92,2673104.17,5590134.37,57438.12,3864338.74,3336248.29,2425025.53,2769431.6,5633416.5,10783.79,4216011.76,3170785,2721423.65,2470294.79,5612732.36,68202.14,3874697.82,3158303.58,2559487.44,2580601.45,5578930.44,31641.97,3967009.54,3228759.67,2536976.47,2558952.86,5333839.45,17753.35,4274689.9,3133346.08,2672427.47,1728775.13,5541068.87,59823.58,3937945.68,2423964.8
"FT3065",778.560363093626,153.765396118164,5001896.91,2838080.21,3926471.29,7562554.94,27725.89,5708840.25,4571122.47,2462194.06,3702594.92,7309389.82,11624.93,5794637.47,4883594.21,3676270.51,2977368.08,7176655.15,67400.78,5572723.59,4546704.26,3662255.57,2156552.29,7366246.89,25719.34,2008823.36,4523757.38,2679656.81,3721587.64,7271134.95,36206.23,5711672.66,4657843.9,3712147.13,1246594.83,7335872.71,109383.49,5554646.66,4828778.65
"FT3068",784.150317240844,406.199401855469,630018.8,575324.5,577396.4,594294.4,586843.8,568855.2,589389.6,569501.7,578096.5,567966.2,612043.8,563912.6,597599.7,524255.7,496751.1,550712.2,547482.2,563826.9,544284.6,550417.4,533977.3,563059.4,563438.9,536750.6,548827.8,566794,559796.5,546975.4,581698.4,565357.5,530849.6,547057.8,516054.6,570702.8,493143.5,539340.9,568463.1
"FT3069",785.153221696939,406.194076538086,190401,178152.5,181181,182335.3,185089.2,177407.3,184163.7,180277.9,193367.4,186892.1,185315.5,191589.3,191862,156485,159594.4,181021.5,177053.6,192010.4,169509.4,164763.8,162303.9,180578.1,189063.1,171888.4,161778.4,172142.4,163476.7,178354.2,181794,173012.5,174711.4,176869.4,149937.7,193139.6,166031.7,170621.6,190524
"FT3070",786.529337950047,79.4657974243164,886390.6,980049.7,813258.3,1287635.9,395064.2,747038.7,850986.3,729952.1,746494.8,1103302.2,294664,794101.2,782504.4,829319.4,795812.3,1246568.3,144564.2,737829,764551,895329.6,751865.3,1273750.1,313977,733671.4,771279.9,791891.2,766662.6,1122768,406083.5,677101.4,808467.3,831904.3,833270.8,1316461.8,191989.6,724232.6,764195.5
"FT3072",788.545844930363,80.2381553649902,1372942.6,3071233.3,2492426.9,1076087.9,2714616,1496218.8,1318334.8,1648279.4,2217247.3,794158.3,2148868.5,1554815.9,1213658,2061499.6,2669450.9,820549.1,397987.4,1460141.4,1294546.7,2787956.8,2298561.2,1075307.1,2520592.5,1132978,1273333.5,1736684.7,2062140.1,445022.4,2213921.1,1142522.6,1293121.1,2094123.9,2829598.1,1093949.4,376372.5,1249957,1247984.4
"FT3073",789.403197900734,960.571441650391,595544.5,619927.8,663471.5,568829.1,709150.4,876748.9,701885.1,612938.8,659117.1,653010.7,806222.5,961751.4,666595.4,554667.5,628203.1,534562.5,1978021.6,1060842.9,640763.7,462298.8,517745.8,675291.4,632290,1114220.9,585309.9,639535.3,637778.1,580664.4,732755.6,984442.3,657726.4,745374.2,619632.5,535702.5,1948025.9,965388.3,711236.7
"FT3075",790.52226964516,87.8796997070312,535435,238109.6,212505.1,1627238.1,0,286459.7,551632.7,267522.7,216783.3,1845916.1,0,234591.2,543170.5,353007.4,115220.6,1705464.2,0,208489,569980,314927,193423.9,1660026.2,0,290097.9,469901.8,309879.3,217954.1,1774754.8,0,266492.6,554064.6,372208.2,183218.8,1683467.8,176278.8,256279.5,539680.6
"FT3077",791.738797850444,961.795593261719,1635939.4,1030001.6,1287989.4,875314.5,1593790,2654973.1,1492616.4,1520003.1,1146143.2,1179989.7,1618907.9,2112757.3,1591684.5,1280175.4,1063260.3,972260.8,7119270.9,3013192.4,1357165.9,805615.5,1129676.3,918743.5,1533163,2521128.1,1383103.2,1322679,1067073.2,1151525.2,1651201.5,2278055.7,1608199.1,1186561.1,1030610.8,837603.3,6420413.3,2922642.5,1466706.9
"FT3078",792.539800189919,90.4126358032227,9927219.8,5561601.4,5401546.1,18729911.5,4639613.8,5530369.9,9354929.1,5508898.8,5430210.4,19401047,4446570.2,5493866.6,9229017.4,5650859.5,5059590.3,18705117.7,4577946.4,5226427.9,9082633.9,5308387.5,5164638.7,19451296.8,4565107.4,5629217.4,8869444.8,5727438.2,5238214.8,19041744,4643081.7,5839441.5,5134303.5,5625424.4,362006.8,19554607.2,1416341.4,5588425.2,5325277.5
"FT3079",793.54280850794,89.1067276000977,4572696,2547524,2474661,8461843,2049499,2557303,4320696,2625845,2477123,8707140,1973989,2524795,4216052,2513796,2314347,8481699,2073574,2409681,4101272,2416323,2360326,8869959,2092257,2589022,4077008,2779460,2441865,6908851,2124372,2523402,4379547,2648192,1619490,8713368,1366518,2515533,4261152
"FT3082",795.557311484661,155.118469238281,560406.4,779137.9,576059.1,742926.9,725741.4,447579.8,473929,565615.5,598380.6,448369.2,694338.2,491512.7,417219.8,630654.5,551256.6,703576.3,425396.5,531370.3,476656.2,758455.2,587010.7,712742.5,617508.7,363064.3,460988.6,567907.1,558117.4,620597.9,632752.8,425638.9,431764,783998,792901.5,708536.1,433621.1,469872.1,458149.9
"FT3084",802.735225033822,961.509185791016,857346.4,560946.6,630113.4,571644.8,650392.7,871412,595038.7,699147,624043,661830.2,788685.7,629298.9,706831.7,621595.8,587869.2,604678.2,1862248,867108.5,552192,593267.2,581362.7,594806.9,548896.7,874286.7,590677.5,487645.6,578160,637036.9,639160.8,762016.1,695823.8,587182.9,629808.6,523084.3,1721357.1,983557.2,843878.1
"FT3085",804.575724094108,90.3138465881348,608819.86,745820.06,555667.19,920803.88,79893.77,989513.44,604463.88,641119.27,482658.33,1003807.69,104473.93,930565.08,564958.15,579335.63,529903.63,926140.04,53888.65,808375.87,611385.89,861361.59,553546.89,949206.06,95456.47,775914.15,566562.35,652254.16,378628.42,1009739.6,116919.46,785768.04,646070.45,586005.37,550463.69,991069.6,61347.19,791139.91,664218.51
"FT3086",804.576251758474,152.4130859375,1347391.46,1105534.6,1073561.6,1635426.92,232244.87,1606481.82,1287607.95,1230916.78,881876.4,1578800.23,168449.7,1673304.11,1253606.2,989861.25,930100.83,990401.05,121662.7,1565080.27,1248119.94,1083916.41,965296.05,1636077.86,139869.3,1634897.24,1218768.01,1314664.25,728872.29,1609265.26,96011.25,1736452.36,1222331.26,987331.42,651760.63,1108319.48,96498.26,1119029.47,1198827.49
"FT3088",806.554480839135,90.3212013244629,554778,497849.6,521064.3,861098.9,262752.6,430369.9,711551.3,435286.5,405723.5,884288.5,324128.2,449460.3,615480.1,374977.4,552635.7,819954.2,508092,529008,473543.4,283867.7,459893.9,887752.2,386687.5,424009.4,651011.7,410034.9,385642.6,847009.8,403700.2,385915.7,743153.7,521031.4,606736.4,853736.7,729224.8,602433.6,704193.2
"FT3089",806.555139984709,132.247589111328,755643,723232.4,782681.1,1147573.6,792425.7,692188,892573.5,754953.3,386317.1,1100800.5,1085463.5,644187.5,967788.2,622470.1,651874.8,1102690.6,814495.4,644539.6,907928.1,685474.4,531206.2,1118129.8,979699.3,668630.9,711372.3,795226.9,769630,1076482.1,1034240.2,707054.5,698507.2,649898.9,405847.5,519927.8,641723.2,646434.3,510709.5
"FT3091",806.59167852659,155.119476318359,3682427.4,3713730.2,3412954.9,5271631.9,963005,3711831.8,3706390.3,3047960,3474841.4,5016970.1,950403.8,3859701.4,3734809,3329372.6,3333072.2,4937172.5,600601.8,3768487,3387718,3510599.5,3341228.9,5102414.2,916721.7,3468209.8,3376353,3317412.2,3223430.4,5251164.1,875566.4,3775174,3357229.4,3281558.1,2674468.5,4313367.1,325781.2,3629936,2207083.3
"FT3097",810.529387337175,79.4400444030762,1581501.2,2536159.4,2261436.1,891538.6,1362165,1915462.7,1554508.7,1988981.2,2149557.9,754432.3,1378558.2,1990710.6,1533739.5,2096763.2,2196366.2,841381.5,650779.3,1835574.7,1477877.6,2205348.6,2139590.9,898403.8,1359407.7,1755428.8,1455112.8,2006279,2242486.7,800361.3,1296083.1,1814637.8,1587992.5,2203969.5,2379104.1,878006.9,732752,1802082.2,1478504.4
"FT3099",812.544468214276,79.4649353027344,1173738.5,2187101.7,1977306.2,605222.3,934892.1,1278362.7,1112674.1,1518460.1,1806883.8,514847.2,891734.6,1261457,1065606.6,1751063.5,1981141.7,623881,489261.4,1162923.7,1103966.1,2229426.5,1822977.6,614423.1,937427.5,1105518.2,1052590.1,1648222.3,1813378.1,523499.6,862856.5,1161291.5,1106418.7,1801613.3,2099514,638053,273147.7,1131670.9,826900.1
"FT3101",816.539384077183,87.8796997070312,381652.6,187175.9,219142.3,555367.5,259721.3,244204.2,271858,216992.8,217049.6,598597.8,253095.3,268867.2,342428.9,256117.9,211236.3,568428.5,339462.2,300806.1,343717.4,193511.6,215391.1,530523.4,261750.6,272748.1,238892.7,208504.1,216240.8,547733.4,243158.7,332433.8,342476.1,254361.5,182755.7,598619.9,332184.7,308229.4,353205.6
"FT3102",818.555756706123,126.90682220459,2866812,2256598,1680884,3253078,1575877,1738665,2682387,2000716,1647788,3235056,1611108,1707021,2663077,2349300,1415732,2933239,2759764,1842418,2255597,1701614,1533021,3016541,1551554,2351278,2222772,1868512,2772046,3135364,2722395,1835070,2161704,1957789,1088297,3027148,2052770,1722570,2048487
"FT3103",819.518435406584,77.9013519287109,480535.7,890790.3,827236.9,238494.4,150430.3,763315.5,601876.6,930617.9,736011.7,243165.4,172626.5,787783.2,435412.8,907972.9,674761.3,241628.8,163913.4,710955.3,507817.2,842599.7,750678.3,249560.2,139308.2,743700.8,537427.6,900899.2,768187.8,229895.9,165577.2,758828.7,544531.8,929396,668993.8,225999.1,130156.1,741477.9,578247.5
"FT3104",819.558714773297,89.0960998535156,1754675,1455703.5,1265338.8,2419709.6,1275846.5,1473229.1,1745896.3,1412668,1261238.9,2543890.5,1250552.5,1417811,1638058.2,1370756.2,1100482,2410834.6,1362355,1190537.8,1508702.6,1356710.9,1204108.6,2429226.3,1282225,1403065.6,1681363.6,1474987.1,1217665.4,2441393.7,1282328.9,1478638,1059021.2,1171210.8,756832.5,2492454.1,994994.8,919364.5,1129566.7
"FT3105",820.571485433951,151.05854864502,22514415,20652130,21800108,19990758,28341475,19843909,21136647,20569281,20360596,19719522,28414747,18971790,21120018,11360419,19286171,19353879,22079244,18839760,21146791,19536147,20217981,19045367,27021139,19663513,20488848,20203113,19971805,19302569,27778933,19244256,21108498,20283881,19763928,19973478,20754236,18383918,20670562
"FT3107",821.533128372524,77.0149612426758,609938.693,939587.486,899095.661,14626.397,179175.891,743569.206,509907.038,924611.991,821432.987,31674.087,191991.915,772742.514,542604.591,948117.308,711702.591,2393.817,145786.755,652682.411,540539.604,903482.167,781886.722,18035.367,158274.643,753669.753,417735.258,953734.085,843688.39,41677.335,177143.199,749455.235,373988.439,940391.371,686954.752,0,162615.168,732112.642,427313.532
"FT3110",822.57694251093,90.3173990356445,1613352.9,1743850.9,1543179.2,980669.8,1524856.6,1453412.6,1626219.2,1377370.5,1557195.6,1268287.9,1794055.3,1533292.9,1506943.1,1489951.3,1524357,1248821.7,1143343,1365504.8,1167622.8,1638559.3,1621760.9,1522934,1641254.5,1024682.1,1488926.1,1506684.3,1639588,610326.2,1475948.6,1504734.9,1546080,1513490.5,1627146.3,1441286.8,1573360.5,1531599.1,1473970.8
"FT3111",822.577858321557,151.057998657227,2964313,2764082,2916574,2722327,3775286,2773197,2756761,2805895,2868789,2697621,2143276,2601483,2777312,1938813,2685435,2599260,2970404,2572766,2829839,2648947,2476556,2592709,2284210,2666046,2687630,2762674,2744514,2584374,3509994,2588156,2740350,2769308,2685619,2732670,2697854,2491435,2769833
"FT3112",823.580514626335,92.7711868286133,323991.6,259263.9,299438.9,356192,433681.4,269742.7,320043.9,187673.2,312135.7,274026.2,427189.2,262613.9,277439,298855.7,274338.2,248047.4,306486.9,282512.7,246234.7,298520.1,301819.8,298412.6,381386.7,261598.9,234269.9,245561.7,295302.4,381506.9,397462.5,231501.3,307963.2,286941.1,319305.5,276066,304800.6,340750.5,331382.5
"FT3113",823.581514107838,151.066528320312,636963.6,616878.2,664041.7,484543.9,801070.8,403990.2,488178.9,459490.6,435572.3,497118,777143.6,367240.8,533241.7,586771.3,565977.6,475636.8,614116.4,536610.5,501674.1,515303.3,449529.3,498617.3,785587.4,515232.8,517252.6,543541.7,495840.2,418647,712111.9,496101.1,512836.3,434342.5,534078.2,198591.8,414200.3,399456.8,401071
"FT3116",826.560370970117,87.533447265625,869325.5,1404710.56,1019883.47,111334.36,865603.18,1343742.53,488052.81,1367942.79,999924.39,92395.79,813715.12,1388880.92,878972.9,1416838,984026.91,73909.68,872606.3,1203051.64,763900.66,1254896.89,968450.48,66756.6,861109.56,1373904.74,810529.88,1372372.51,1047817.31,87114.86,860215.38,1338342.36,616240.16,1445833.31,1005650.57,78348.65,794786.66,1197850.09,868941.4
"FT3117",827.401711589417,88.1152801513672,276606.43,214140.78,283962.45,123299.8,249057.79,288804.18,253092.94,390816.94,172217.74,67802.78,255581.61,443148.72,312626.63,350278.64,192804.9,68187.48,395527.99,292552.89,298124.73,208598.07,303211.45,148187.66,234091.25,294502.88,323166.81,402256.19,203641.65,60684.66,248510.74,479081.98,311508.5,354971.24,137363.91,100217.77,371684.96,310251.78,339904.05
"FT3119",828.576208601571,128.241989135742,1556209.6,2069648.6,2197385.8,385200.7,887651,2098730.4,1503843.1,2326410.8,2181411.4,446848.7,987633.6,2008577.2,1476120.4,2214782.9,1990945.7,393113.4,954489.1,1952747.9,1439041.5,2084480.6,2131657.9,411438.8,605220.4,1223886.3,1453554,2380382.1,2118826.2,390725.9,892519.9,2240277.8,1432933.5,1692587.9,1662052.9,194406.6,942958.3,2102134.8,1476456.5
"FT3120",829.579461285384,89.095272064209,742325.5,1105269.2,1107682,159038,411216.4,1045637.6,655462.2,1051548.7,1045786.8,220019.2,443125.6,1059860.2,711634.9,1131071.7,1032019.7,171770.7,438626.4,918650.3,625836.8,1015167.7,1027080.6,126549.7,470813.3,1011135.2,650760.2,1095970.7,1177952.9,152349.9,441344.9,1119700.2,696973.9,1078440.9,1019596,211054,361280.6,1078211.1,669957.9
"FT3121",830.588082991571,90.350456237793,294935.63,555444.88,534759.15,163338.01,138192,567702.21,409801.05,515092.64,518042.66,187780.68,93085.74,516556.69,262336.25,509240.43,503846.61,210360.59,69127.48,551648.8,310528.22,603573.8,512923.52,104461.48,97530.2,549299.93,282072.17,546437.64,585533.74,124040.74,92558.35,472488.25,296020.79,527617.5,531368.73,220307.02,59393.85,547175.18,335911.47
"FT3122",832.301626497429,481.427001953125,231199.15,184699.8,297454.9,506810.28,0,44166.14,261184.3,131687.07,273182.34,512892.69,0,30530.73,199498.1,111374.47,207924.19,515297.9,0,30051.37,210228.29,159593.27,262547.41,521046.11,0,59734.9,207587.03,131382.69,249404.14,478829.21,0,38079.11,206757.81,114383.73,208191.3,491103.29,0,37685.43,224908.32
"FT3123",832.570716342344,91.5847358703613,182159.2,258100,289121.4,271621.7,325355.8,217335.3,181942.7,305640,212058.8,302485,296544.3,248528.9,203381.9,277387.9,170052.4,251191.8,295877.8,296429.2,200799.2,258846.2,259167.2,302577.2,320333.2,264793.3,210609,249289,255598.8,273611.3,376342.4,239489.3,182624.5,246120.5,188310.4,297730.7,309850.3,174620.5,232740.5
"FT3124",832.60678987636,155.116607666016,750067.46,773001.84,623861.62,1016141.54,154740.89,896938.04,645586.11,622714.26,502310.13,1035712,116879.23,827566.54,736842.14,660229.19,622595.98,1056033.83,92410.57,754973.42,724937.18,691469.98,629274.44,1036301.71,149553.38,741028.86,584354.41,661734.7,647962.88,1037292.06,152312.99,875165.12,718286.2,714968.28,504278.07,1106020.13,57416.02,600184.7,485049.33
"FT3127",834.62195141827,157.828330993652,557343.038,476103.618,364583.039,951999.329,60269.275,436683.507,363584.738,246847.448,291629.541,823608.076,62469.945,408892.038,371657.566,200927.165,409398.423,1007679.976,7187.06,434282.435,298978.985,465413.59,288412.215,964034.301,45431.565,267012.598,347800.358,248772.12,262729.304,821703.553,63598.834,289290.635,378818.187,328402.492,454673.938,950646.934,8266.325,248005.464,362669.369
"FT3128",835.533088434421,78.2512969970703,1516011.4,1694719.4,1649244.4,1104009.8,1313920.3,1214370.6,1405171.2,1256458.8,1467868.8,1545296,1308459.6,1205866.3,1359988.5,1426181.6,1564878.2,1484848.6,713620.5,1121270.5,1361901,1577089.1,1538821.1,2125041.9,1267221.6,1067983.8,1309294.8,1203145.1,1478537.6,716815.7,1252829.7,1104065,1413205.9,1372854.6,1627327.5,2220107.9,571192.7,1061494.4,1418516.2
"FT3129",835.53364027186,78.5932731628418,1333796.1,1537978.2,1587599.7,2274373.4,1296806.9,1183786.5,1034755.2,1022178.2,1282623.8,1711069.6,1085652,1037328.4,1222132.9,1387877.1,1511233.3,2136100.9,572263.7,896173.7,1106637.7,1522954.4,1429452.8,2176363.1,1156280.7,889267.9,999114,1072811.6,1510851.7,1812078.8,939720,947558.2,873442.4,1095394.8,1316335.4,2213883,338685.2,997963.6,725105
"FT3131",836.543413347383,78.2513,1428868.1,2215251.2,2230012.4,792108.2,1997092.7,1452429.2,1654704.4,1312570.7,2026850.6,699274.7,1771423.1,1362042.5,1573363,1885453.7,2088387.8,497831,866429.1,1385724.5,1559436.8,2072196.6,2081181.6,558534.8,2032073.2,1275962.6,1591370.9,1657570.8,2146996.4,607286.7,1694581.6,1266944.5,1585892.5,1866339,2233950,217164.8,970344,1258280.9,1564561.1
"FT3133",838.5588578956,79.442066192627,444459.1,819417.8,762635,434443.9,667998.4,435736.1,497066,556345,703746.4,345777.9,716634.8,421980.5,415875.8,599886.5,762938.7,398665.3,345430.2,457036.4,413868.3,734110.8,704592.3,375227.3,717707.3,408199.9,479446.9,553421.4,684288.9,338234.7,642797.7,384776.8,409599.1,697809.1,740651.2,422236,237476.1,386426.8,477926.8
"FT3135",842.555424458496,87.4118766784668,2918437.2,2515704.6,3101925.3,658191.4,5866049.9,2817673.5,2588685.5,2605127.1,3073475,735885.8,5850284.2,2619772.4,2564970.5,2630930.8,2741971.1,594638.4,6585183.7,2519182.5,2574975.6,2331970.1,2913809.9,610769.5,5841847,2460431.8,2487644.1,2774793.9,2913167.4,267931.6,5699922.8,2611563.2,2700536.9,2563452.9,2816491,622682.8,6785959.9,2646121.4,2589754.7
"FT3137",844.569743038364,87.8830528259277,1721046.5,1656402,1807887.4,445209.4,1564827.7,1821630.6,1642929.3,1636976,1663126.9,585203.1,1308704.4,1528166.9,1506794.6,1655186.9,1614047.4,435011.3,1354080.5,1624831.9,1501750.4,1563383.3,1611507.2,698822.4,1496251.1,1460285.2,1539500.2,1799198.7,1613178.5,527153.4,1283048.2,1833706.9,1159959.2,1605352.3,1618371.4,847746.1,119558.5,1751298.4,1539936
"FT3138",844.570604225003,128.240997314453,1065865.52,1375751.02,1415460.5,1137566.07,427418.34,1435612.8,1277165.6,1260857.43,1389538.45,1202572.25,447979.93,1778047.81,1295340.39,1414713.27,1020709.2,1128955.97,155079.78,1171931.57,1125067.54,1206381.64,1133629.13,1106600.02,618897.85,1403564.7,1247761.32,1361294.98,1089051.3,1113735.53,343624.16,1211053.88,1215274.26,1026604.76,741123.14,1176578.27,52496.72,1354563.54,787249.12
"FT3139",844.720999466403,961.795296630859,1013533.1,715959.8,824915.8,644582.8,952506.5,1619350.6,768692.7,952277.2,847602.1,819756.2,938822.7,1334498.1,886973.6,871025.7,718433.1,657413.9,4049258,1750855.4,900847.1,608197.7,743154.9,608155.9,926909.3,1549708.2,946292.7,854234.8,774527.8,804008,1102595.9,1190620.4,978546.8,766436.1,653203.6,689661.5,3976417.8,1676059.4,907811.8
"FT3141",846.587044913279,148.353796508789,6855711,6597430,6078601,6439909,6059638,6528307,6169146,6863289,5909078,6388570,4156438,6137685,6429811,4009744,5351392,6245433,5011500,6002405,6156857,6274732,5636468,6101858,2746933,4217066,6102324,6654005,5324199,3814787,5586678,6163552,6099906,6274493,5219941,6271181,4645391,6078352,6025159
"FT3143",848.600250545663,90.3173866271973,2159886,3088609.1,2753326.6,1417832.9,1170862,1921012.9,1981988.8,2074952.2,2591293.4,2716608.4,1423033.4,2471402.7,2191070.9,2501742.2,2558209.5,2877115.2,1491476.5,2164635.6,2201247.5,2710363.7,2621298.7,3037371.9,1171505.2,1669905.3,1998647.2,1856791.5,2392380,2272312.4,2754078.9,2151641.9,2071409.8,2374823.6,2476645.4,2912170.9,996715.5,1919997.7,1889843.9
"FT3144",848.602361872809,155.120111999512,6713226.9,7341377.4,6623915.8,7224191.5,8097952.1,5581742,6222118.6,5344640.1,6245256.2,6531076.9,7727441.4,5798094.4,6079655.9,5795952.5,6439638.7,7128247.9,3649233.3,5657123.9,5664591.6,6856268.7,6165132.8,7041427.5,7743746,4932946.9,5811370.4,5514696.7,5896134.6,6539535.7,7309806.9,5051523.7,5887441.6,5798570.6,6368274.1,7091181.1,848701.4,5109475.5,5625421.2
"FT3145",849.605991261753,155.120081481934,3136200,3612692,3340654,3758486,4112660,2885142,2938216,2558258,3007825,3219598,2351936,2874424,2895554,1449879,3138543,2238103,1841280,2688621,2703274,3286675,2099935,3452977,2417227,1322791,2770542,2716260,2739548,2049421,3580007,2417932,2862923,2869382,3162903,3435843,1461856,2402876,2822640
"FT3146",850.60887151733,155.116683959961,861918.5,1014130.1,925348.3,1004970.3,1166189.2,798215.1,843444.6,727058.2,859492,911021.2,1105719.7,802212.2,822555.8,706659.1,919370.2,1000577.2,436220.4,760880.5,755242.6,917921.4,863091,998230,1048157,636034,823671.4,792471,818965.1,712169.2,1050090.2,733006.1,823079.8,721706.5,718111.1,946489.8,269719.3,688902.9,785472.8
"FT3147",852.576224571173,87.8796997070312,394996.09,789732.81,706751.12,64022.01,302510.29,736486.34,373898.49,766546.21,666683.59,108175.85,317176.24,749084.47,425980.14,814326.92,583772.32,73684.14,343626.38,450735.04,318050.47,739280.2,631366.52,90435.25,347326.61,712780.05,269738.09,834225.83,659742.15,77129.2,298197.13,702502.61,200208.6,512587.73,586065.49,74090.18,231659.6,629264.98,288462.52
"FT3151",854.591686384459,133.585357666016,1178296.25,1944043.99,1636094.67,96977.74,995923.63,1650231.45,1092795.6,1972173.51,1630172.33,133334.66,949991.2,1518429.19,1058128.48,2063094.58,806735.37,103125.69,353183.49,1496431.88,584991.65,1846519.47,1492452.55,103903.89,769918.76,1598612.71,1130850.94,1968746.16,1472555.94,150306.73,940800.73,1634357.93,1115997.3,1958190.57,1451273.74,64204.4,917451.25,525235.7,1125374.8
"FT3153",856.606145309002,90.4036026000977,423847.4,1059560.6,763336.2,119539.5,622313.6,688336.6,335621.4,625962.9,755662.5,187943.9,373576.4,748462.5,409413.9,707214.6,719273.9,131725.2,708498.2,561285.6,414189.4,733671.4,617239.8,122575.4,419041,638954.5,424983.7,791206.3,726888.9,113298.1,356409.8,653923.4,418750.8,1051953.6,665339.2,147255.5,617322.1,555210.8,370627.1
"FT3154",856.607310568148,151.062194824219,1391491.9,1744657.7,1883552.7,340382.5,859712.3,1686571.3,935291.3,1996945.3,1840112.9,446400.7,974588.5,1668932.9,1298520.9,1885798.9,1653913.7,249774.3,123837.8,1593313.2,1294344.2,1878140.7,1927250.8,334295.6,957298.2,1670002.1,1194007.8,1894462.9,1768578.4,273656.1,801819.2,1631188.1,996158.8,1579321.4,1704402.5,150351.2,210546.5,1531956.6,1113316.7
"FT3155",857.518681275797,78.2512969970703,843713.3,806062.6,858752.6,830552,973057.8,599269,734560.2,621476.9,785962.5,703818.2,924288.4,558781.4,670435.7,651850.7,772465.7,793370.6,651185.4,524773.9,684755.5,707951.1,781821.1,781856.2,959700.1,555070.1,655938,651774.9,752839.3,754791.6,888945.5,568921.2,728079,653309.1,754042.5,808851.9,596243.7,488242.9,698770.9
"FT3157",859.534100422561,78.2512969970703,613720.58,400512.01,263708.35,1168297.9,72522.7,295366.47,470087.65,316621.96,385456.95,949881.5,91452.23,292088.54,485892.22,353277.83,344694.62,1111715.17,12256.64,222577.58,537706.26,446085.49,338874.51,1121308.09,140494.11,249667.33,312158.03,328142.45,259357.19,1009191.69,81997.55,231362.09,496720.38,285175.01,280111.26,1165918.34,41799.58,195728.69,407145.98
"FT3160",863.5633287677,79.2147674560547,406043.512,657421.762,508196.938,1333260.991,175352.594,381474.749,304532.655,336586.466,441121.043,956605.264,82294.143,374111.516,383472.162,422048.289,517688.007,1241178.711,32019.66,402147.194,277391.402,644814.291,433708.47,1327489.362,132111.672,280131.181,344198.008,304619.685,351684.979,920705.122,93122.135,299437.805,292802.836,405503.021,468864.231,1316209.654,6553.342,296938.096,250583.378
"FT3161",864.569014068772,78.2512969970703,94360.744,260976.428,167103.731,568564.586,17864.086,164489.527,107080.369,109423.502,98804.319,379958.102,13532.105,155579.249,122864.325,131271.418,191523.455,491233.38,0,141657.264,106102.63,250861.02,126116.505,510833.094,32271.592,51951.241,108175.362,45267.905,74947.501,386758.155,6213.159,49327.545,88914.475,152106.816,216519.992,517275.146,0,92365.907,108025.821
"FT3164",866.555149377944,85.6850357055664,757127.7,686812,878443.4,230872.5,1213864.3,735935.7,680594,698170,754874.2,240860.2,1234952.5,714239.5,662878.7,715019,732281.3,227291.5,1486674.4,706540.9,618004.2,623307.8,792082.8,196505.4,1224300.2,697699.1,674205.4,753677.5,754810.8,239522.9,1193645.5,725705.4,409367.8,706089.6,684371.2,131747.2,1481662.5,750958.9,517281.4
"FT3165",867.517963956997,77.0148315429688,323248.2,531385.5,679555.5,0,381866.7,176113.7,229548.4,569812.5,649330.9,0,372572.4,162616.5,266764.1,531696.2,558515.5,0,424363.8,143446,322572.1,489906.4,608251.5,0,402759.8,165866,238209.8,539953.5,626184.8,0,374249.1,175560.7,325071.9,563308.8,585969.5,0,452095.9,164686.6,196634
"FT3168",869.532045033981,77.0073165893555,190970.45,392744.39,537404.03,0,380422.46,77779.46,200748.7,431606.41,450429.82,0,384050.53,99006.64,201642.61,380025.75,422322.3,0,435089.65,87858.49,186570.79,363527.55,444314.05,0,369247.46,114576.61,163058.83,396718.36,466477.06,0,409164.17,47511.76,174201.3,420436.57,391575.71,0,419695.85,90125.05,187203.77
"FT3170",870.586307521402,89.095272064209,2338027.2,2479192.5,2844236.4,160016.9,4283925.8,2425635,2186994.2,2382265.8,2764426.6,496966.4,4260147.5,2415930.9,2171191.9,2449269.1,2590228,465977.4,3901296,2408277.3,2099550.3,2386873.7,2606654.7,482131.5,4389131.4,2247389.7,2057787.1,2543647.2,2786296.9,248870.4,4316158.2,2411232.1,2990413.6,2415702.7,3490647.9,481376.2,5226283.2,2355533,2958559.2
"FT3171",871.590217750694,134.254028320312,1622662.79,1630592.17,1883375.11,208197.28,3284932.74,1680291.03,1562262.83,1819469.06,1938672.72,126770.55,3284624.87,1600616.52,1572269.65,1770717.55,1831362.7,99295.06,2690758.34,1677869.68,1638932.82,1594305.41,1842957.76,99042.22,3312367.01,1653900.13,1485963.82,1784722.38,1151315.54,300286.9,3243842.39,1695800.07,1517131.11,1749392.29,1815531.97,141090.87,2568474.53,1673811.5,1487360.99
"FT3172",872.59959100809,90.3407020568848,604279.5,1002768.83,962071.5,85126.32,2163844.86,891954.57,557125.69,812374.91,925232.98,105309.72,2129146.43,834425.63,625146.7,875002.41,905428.65,140443.32,443471.46,756839.36,696587.17,968069.6,869928.11,139968.95,2074650,815089.65,623180.02,945798.04,1014560.49,105571.53,1998662.28,820118.79,556716.06,865090.05,881830.15,111939.47,123809.57,776880.5,557563.95
"FT3173",872.601401137036,148.355682373047,1712872.89,2109976.39,2109513.32,388111.18,448151.39,1774101.79,1554390.87,2027889.5,2138099.34,432555.11,500503.57,1770926.09,1596780.05,1407337.29,1986091.08,302788.39,19489.89,1819782.14,1620079.76,1710515.07,2078562.28,352568.89,396553.95,1803635.57,1525316.64,2051624.34,1932081.58,317086.23,440184.29,1752822.56,1540414.87,1440606.79,2080545.54,309680.15,40728.2,1721030.64,1552282.66
"FT3174",872.602033966582,148.361625671387,987413.55,1671833.03,1244581.98,563761.02,256788.77,1444861.85,592490.44,1725093.37,1684718.22,752436.32,197700.75,1207528.67,1067609.18,2048858.51,1294814.72,788524.88,20251.02,994255.54,1029912.59,1899624.76,1464032.09,703846.37,168756.98,1551743.22,930445.21,1752833.36,1669406.14,758419.66,197339.29,1369814.81,636128.62,1120741.18,863102.35,776740.75,33246.08,952893.79,564297
"FT3175",873.604120196606,90.3109741210938,214537.3,446307.49,506976.38,130809.68,348583.67,359025.44,161231.74,340245.85,362131.91,124972.09,303657.39,352616.51,285591.82,309080.8,350305.31,100995.46,642329.87,260017.25,210431.26,369169.31,336547.28,94663.1,342025.76,305089.19,211650.25,381666.51,413605.02,104082.57,324454.19,348290.88,200824.52,384283.03,422304.61,97943.39,588650.63,333774.54,186873.13
"FT3176",877.706296002323,960.571441650391,716187.5,495475.4,476569.3,444864.5,669506.5,1157889.2,544763.8,611464.8,524987.4,524324.2,695673.4,539264.5,610777.4,539843.6,427681.1,421551.3,2618275.6,1257818.2,500784.5,447175.2,506864.6,421993.9,645245.1,947590.5,677268.8,482629.4,561390.3,507333.8,706830.4,669361.4,625234.9,539081.2,539831.8,471970.6,2496367.3,1201637.2,602847.1
"FT3178",883.534395825165,78.2512969970703,2075948,2015574,1673989,2453556,1688034,1463079,1853835,1672601,1609940,2248908,1728546,1431022,1789862,1855203,1510914,2351516,1143179,1358273,1755093,1800737,1598589,2421713,1712689,1360550,1683961,1762755,1549048,2239271,1620830,1419730,1813982,1831177,1599919,2382330,1158692,1329980,1562124
"FT3180",885.549946127487,78.2512969970703,10976068,17878444,15413140,7382906,16978244,10143827,10026225,11521310,13523965,5869519,15517971,10129457,9809610,12907455,14633575,6938963,7313038,9347477,9770642,16226067,14156324,7191875,16066849,6346815,9501416,11465267,12677574,6005154,14428230,8529918,9958123,13055844,15019702,6774582,5882034,8371884,9653034
"FT3182",887.560837945234,78.2512969970703,2860204.862,4742645.86,4135023.938,47121.202,158294.058,2730616.229,2591923.34,2946281.138,3502061.448,0,100816.225,2447684.556,2628864.078,3379090.65,3853130.812,0,39224.372,2483627.207,2530337.313,4616075.459,3730060.252,3706.525,312834.73,2082532.319,2529977.132,2816779.47,3187461.423,0,80099.22,2185143.275,2507793.323,3384026.534,4059952.22,85881.011,0,2099937.453,2293451.439
"FT3183",888.567078050758,78.2512969970703,1118470.41,1999276.99,1464203.15,1341880.37,91994.22,1005052.66,819494.05,1051439.85,1303589.26,1065965.5,62712.47,996271.09,988332.37,1213314.56,1487617.09,1225326.35,58912.24,981468.05,950501.28,1735640.3,1387783.84,1519774.38,46282.63,777508.16,912108.72,1066407.89,1185375.23,856964.99,56283.41,773842.97,843256.55,1261083.42,1543812.88,1480662.06,0,777999.96,937313.49
"FT3187",894.472214213065,994.862731933594,66977.88,77885.93,75355.85,75753.41,68531.95,75561.32,69318.81,85324.55,67484.52,72597.05,72265.72,62807.13,61014.72,69449.84,78132.53,64964.17,53746.08,79186.71,68931.44,66243.8,77533.29,69085.3,80192.56,74372.84,67739.64,77168.29,72869.25,70134.42,72388.39,63527.47,60500.95,72769.28,77578.14,73780.86,48619.12,73028.64,57597.31
"FT3188",894.586372783744,87.8796997070312,579450.45,728205.82,733516.92,97012.65,1092162.57,669517.47,293912.56,695244.83,790577.54,120620.1,1043960.5,675200.01,595911.4,680233.88,678840.14,123882.28,1073918.54,540708.5,615698.56,591930.41,710811.38,98672.73,1114426.87,610263.52,572780.27,727401.44,730361.44,128024.59,1037719.62,654469.91,570061.99,712094.24,735206.29,60348.58,922703.16,660222.66,528479.98
"FT3189",895.589977086838,89.130500793457,230796.12,337391.92,368058.33,24811.37,534380.7,345160.19,203468.17,294515.68,386974.53,27956.97,568645.58,361576.22,161725.4,352120.3,332182.8,37822.76,547088.01,313551.66,266795.22,291891.01,366818.7,33240.04,595881.56,344755.92,201001.9,359683.73,301105.44,28128.19,551709.87,325328.96,279037.91,334303.07,326239.91,25966.65,543076.63,295072.03,254006.64
"FT3190",896.601724279152,137.602005004883,711795.61,709652.13,865276.76,69597.95,1271700.69,755773.07,679361.08,377692.22,843478.65,100430.66,1239523.79,710600.15,589834.77,798102.91,779281.31,61617.07,982764.99,727963.53,681604.9,705128.13,850217.8,86574.16,1269832.11,738566.16,607651.78,839871.14,860316.59,109210.07,1228707.9,694864.04,577702.55,781636.74,625292.82,39630.89,1002554.4,738498.97,436651.98
"FT3191",897.60530551333,90.0069007873535,176192.38,212818.85,205273.89,29670.24,399016.8,252505.08,163112.97,196795.64,281619.52,22864.58,388894.72,227688.71,180049.26,214229.08,234572.09,15655.48,328544.42,242821.29,166890.47,204865,194818.46,18256.66,357607.56,230797.32,138433.41,274022.98,259126.25,19984.83,352607.94,218525.6,162628.74,265030.19,258528.56,15103.46,493320.68,217040.18,125185.61
"FT3192",897.702657075242,961.485290527344,476497.6,420775.4,439145.6,361115.4,494784,838492.1,492693.7,486454.3,425940.2,326896.8,508465.3,756600.5,598491.9,456879.3,397194.5,369603.6,2191761.8,995682.4,341062.8,317175.4,393642.4,316690.4,433133.3,749830.4,547912.7,484776.2,446686,407794.8,604604.2,719649.6,472789,445212.8,398452.3,349975.3,2133560.1,926531.5,557511.9
"FT3194",909.549457925257,78.2512969970703,323761.7,472579.3,440773.3,443710.2,480452.9,289513.8,300461.3,360075.1,393711.6,347279.9,407463.7,324751.2,251218.7,390840.3,340983.9,410272.3,205945.5,294967.6,327853.7,399159.1,410649.5,448668.9,460458.7,270477.9,282745,350995.1,355444.5,358631.3,403924.3,229379,310876.2,415846.6,386968.1,421999.1,175944.1,276367.8,258052.5
"FT3195",911.565295297247,78.2512969970703,543249.3,888003.6,836337.5,707482.5,775372.4,537251.4,551644.6,572111,736597.3,573688.9,738177.6,488827.7,554327,670337.1,798815.8,673618.4,297210.6,517960.3,529577.4,842615.6,803585.9,685285.1,737857.8,456020,491811.1,587889.1,706628.8,629080.8,677793.8,437270.9,525780.2,675562.9,838160.2,696897.1,242654.6,426095.2,538383.9
"FT3196",913.579758227306,78.2512969970703,353370.63,611248.82,518486.19,523751.54,435231.89,315399.82,306479.36,315855.37,423040.45,359142.29,445864.42,312036.59,255723.65,386463.19,529577.93,446012.17,104620.31,232895.53,222369.21,528254.18,460809.78,502216.9,415854.03,199857.29,274244.75,343873.67,408525.91,294754.42,325144.04,202160.04,284306,382305.7,500298.01,497293.52,73391.09,193120.93,263206.73
"FT3197",915.598423082751,80.6745452880859,587116,623501,433557.7,652904.4,330352.6,505532.8,560727.8,444724.6,376070.6,468291,216318.2,436943.5,428551.5,375927.4,157379.8,391670,285134.3,350452.5,497617.3,565626,379148.2,603567.1,375558.1,467410.4,503808.4,437091.3,357626.4,466662.5,294566.3,401559.6,625762.6,395805.3,776255.2,444272.8,296051.1,284705.1,457908.1
"FT3198",916.602518140468,80.6792221069336,350408.38,259370.5,258970.63,341018.55,69881.29,162223.52,189171.81,212211.21,155623.33,275453.23,71180.84,160006.82,299461.57,74884.96,335142.64,182372.31,31703.72,165730.64,268119.46,281694.03,209902.45,357501.63,83174.01,186199.28,276110.02,209589.61,155985.12,253314.52,67802.35,84780.14,270422.72,180341.4,429761.33,231693.5,46038.37,89450.95,285302.64
"FT3199",929.2992903328,632.719,171542.52,100893.3,183529.5,56185.73,348585.48,172012.79,173290.88,94867.8,186068.19,73213.13,364467.49,175194.36,146060.55,99161.13,156155.44,45236.51,321442.82,179816.57,154844.65,89351.92,179244.11,63682.38,344670.44,201973.61,174543.82,101468.01,180585.21,48786.13,338764.79,185482.08,154241.87,96086.58,153254.84,52150.1,357810.43,176238.71,159906.46
