mz	rtime	[EmpCpd]interim_id            	[EmpCpd]ion_relation	neutral_formula	neutral_formula_mass            	name_1st_guess	matched_DB_shorts	matched_DB_records	user_input
155.0442372	0.5382028	kp1_126.0317	13C/12C*6,Na/H	['C6H6O3']	126.03170199323	5-Methylfuran-2-carboxylic acid	{'C6H6O3': [{'DB_ID': 'HMDB0059735', 'name': '5-Methylfuran-2-carboxylic acid'}, {'DB_ID': 'HMDB0013674', 'name': '1,2,3-Trihydroxybenzene'}, {'DB_ID': 'HMDB0013675', 'name': '1,3,5-Trihydroxybenzene'}, {'DB_ID': 'HMDB0029750', 'name': 'Methyl 2-furoate'}, {'DB_ID': 'HMDB0030776', 'name': 'Maltol'}, {'DB_ID': 'HMDB0031256', 'name': '4-Hydroxy-2H-pyran-3-carboxaldehyde'}, {'DB_ID': 'HMDB0032651', 'name': '(Z)-Tamarindienal'}, {'DB_ID': 'HMDB0034355', 'name': '5-Hydroxymethyl-2-furancarboxaldehyde'}, {'DB_ID': 'HMDB0124831', 'name': 'benzene-1,2,4-triol'}]}	('C6H6O3_126.031694', '', 1)	[]
133.0611844	0.5534413	kp1_126.0317	13C/12C*6,M+H+	['C6H6O3']	126.03170199323	5-Methylfuran-2-carboxylic acid	{'C6H6O3': [{'DB_ID': 'HMDB0059735', 'name': '5-Methylfuran-2-carboxylic acid'}, {'DB_ID': 'HMDB0013674', 'name': '1,2,3-Trihydroxybenzene'}, {'DB_ID': 'HMDB0013675', 'name': '1,3,5-Trihydroxybenzene'}, {'DB_ID': 'HMDB0029750', 'name': 'Methyl 2-furoate'}, {'DB_ID': 'HMDB0030776', 'name': 'Maltol'}, {'DB_ID': 'HMDB0031256', 'name': '4-Hydroxy-2H-pyran-3-carboxaldehyde'}, {'DB_ID': 'HMDB0032651', 'name': '(Z)-Tamarindienal'}, {'DB_ID': 'HMDB0034355', 'name': '5-Hydroxymethyl-2-furancarboxaldehyde'}, {'DB_ID': 'HMDB0124831', 'name': 'benzene-1,2,4-triol'}]}	('C6H6O3_126.031694', '', 1)	[]
136.062157	0.5835974	kp1_126.0317	13C/12C*9,M+H+	['C6H6O3']	126.03170199323	5-Methylfuran-2-carboxylic acid	{'C6H6O3': [{'DB_ID': 'HMDB0059735', 'name': '5-Methylfuran-2-carboxylic acid'}, {'DB_ID': 'HMDB0013674', 'name': '1,2,3-Trihydroxybenzene'}, {'DB_ID': 'HMDB0013675', 'name': '1,3,5-Trihydroxybenzene'}, {'DB_ID': 'HMDB0029750', 'name': 'Methyl 2-furoate'}, {'DB_ID': 'HMDB0030776', 'name': 'Maltol'}, {'DB_ID': 'HMDB0031256', 'name': '4-Hydroxy-2H-pyran-3-carboxaldehyde'}, {'DB_ID': 'HMDB0032651', 'name': '(Z)-Tamarindienal'}, {'DB_ID': 'HMDB0034355', 'name': '5-Hydroxymethyl-2-furancarboxaldehyde'}, {'DB_ID': 'HMDB0124831', 'name': 'benzene-1,2,4-triol'}]}	('C6H6O3_126.031694', '', 1)	[]
127.0394726	0.5582969	kp1_126.0317	M0,M+H+	['C6H6O3']	126.03170199323	5-Methylfuran-2-carboxylic acid	{'C6H6O3': [{'DB_ID': 'HMDB0059735', 'name': '5-Methylfuran-2-carboxylic acid'}, {'DB_ID': 'HMDB0013674', 'name': '1,2,3-Trihydroxybenzene'}, {'DB_ID': 'HMDB0013675', 'name': '1,3,5-Trihydroxybenzene'}, {'DB_ID': 'HMDB0029750', 'name': 'Methyl 2-furoate'}, {'DB_ID': 'HMDB0030776', 'name': 'Maltol'}, {'DB_ID': 'HMDB0031256', 'name': '4-Hydroxy-2H-pyran-3-carboxaldehyde'}, {'DB_ID': 'HMDB0032651', 'name': '(Z)-Tamarindienal'}, {'DB_ID': 'HMDB0034355', 'name': '5-Hydroxymethyl-2-furancarboxaldehyde'}, {'DB_ID': 'HMDB0124831', 'name': 'benzene-1,2,4-triol'}]}	('C6H6O3_126.031694', '', 1)	[]
130.0503611	0.56947875	kp1_126.0317	13C/12C*3,M+H+	['C6H6O3']	126.03170199323	5-Methylfuran-2-carboxylic acid	{'C6H6O3': [{'DB_ID': 'HMDB0059735', 'name': '5-Methylfuran-2-carboxylic acid'}, {'DB_ID': 'HMDB0013674', 'name': '1,2,3-Trihydroxybenzene'}, {'DB_ID': 'HMDB0013675', 'name': '1,3,5-Trihydroxybenzene'}, {'DB_ID': 'HMDB0029750', 'name': 'Methyl 2-furoate'}, {'DB_ID': 'HMDB0030776', 'name': 'Maltol'}, {'DB_ID': 'HMDB0031256', 'name': '4-Hydroxy-2H-pyran-3-carboxaldehyde'}, {'DB_ID': 'HMDB0032651', 'name': '(Z)-Tamarindienal'}, {'DB_ID': 'HMDB0034355', 'name': '5-Hydroxymethyl-2-furancarboxaldehyde'}, {'DB_ID': 'HMDB0124831', 'name': 'benzene-1,2,4-triol'}]}	('C6H6O3_126.031694', '', 1)	[]
180.0871727	0.5617852	kp2_137.0483	13C/12C,ACN	['C7H7NO2']	137.04830456656333	2-Pyridylacetic acid	{'C7H7NO2': [{'DB_ID': 'HMDB0060722', 'name': '2-Pyridylacetic acid'}, {'DB_ID': 'HMDB0000875', 'name': 'Trigonelline'}, {'DB_ID': 'HMDB0001123', 'name': '2-Aminobenzoic acid'}, {'DB_ID': 'HMDB0001392', 'name': 'p-Aminobenzoic acid'}, {'DB_ID': 'HMDB0001538', 'name': '3-Pyridylacetic acid'}, {'DB_ID': 'HMDB0001891', 'name': 'm-Aminobenzoic acid'}, {'DB_ID': 'HMDB0015687', 'name': 'Salicylamide'}, {'DB_ID': 'HMDB0029806', 'name': 'Methyl nicotinate'}]}	('C7H7NO2_137.047678', '', 1)	[]
139.0574944	0.5509528	kp2_137.0483	13C/12C,M+H+	['C7H7NO2']	137.04830456656333	2-Pyridylacetic acid	{'C7H7NO2': [{'DB_ID': 'HMDB0060722', 'name': '2-Pyridylacetic acid'}, {'DB_ID': 'HMDB0000875', 'name': 'Trigonelline'}, {'DB_ID': 'HMDB0001123', 'name': '2-Aminobenzoic acid'}, {'DB_ID': 'HMDB0001392', 'name': 'p-Aminobenzoic acid'}, {'DB_ID': 'HMDB0001538', 'name': '3-Pyridylacetic acid'}, {'DB_ID': 'HMDB0001891', 'name': 'm-Aminobenzoic acid'}, {'DB_ID': 'HMDB0015687', 'name': 'Salicylamide'}, {'DB_ID': 'HMDB0029806', 'name': 'Methyl nicotinate'}]}	('C7H7NO2_137.047678', '', 1)	[]
138.055335	0.5612984	kp2_137.0483	M0,M+H+	['C7H7NO2']	137.04830456656333	2-Pyridylacetic acid	{'C7H7NO2': [{'DB_ID': 'HMDB0060722', 'name': '2-Pyridylacetic acid'}, {'DB_ID': 'HMDB0000875', 'name': 'Trigonelline'}, {'DB_ID': 'HMDB0001123', 'name': '2-Aminobenzoic acid'}, {'DB_ID': 'HMDB0001392', 'name': 'p-Aminobenzoic acid'}, {'DB_ID': 'HMDB0001538', 'name': '3-Pyridylacetic acid'}, {'DB_ID': 'HMDB0001891', 'name': 'm-Aminobenzoic acid'}, {'DB_ID': 'HMDB0015687', 'name': 'Salicylamide'}, {'DB_ID': 'HMDB0029806', 'name': 'Methyl nicotinate'}]}	('C7H7NO2_137.047678', '', 1)	[]
296.0662865	0.51884407	kp3_257.1028	M0,K/H	['C10H15N3O5', 'C15H15NO3', 'C8H20NO6P']	257.10282320823	Glycerophosphocholine	{'C8H20NO6P': [{'DB_ID': 'HMDB0000086', 'name': 'Glycerophosphocholine'}], 'C10H15N3O5': [{'DB_ID': 'HMDB0000982', 'name': '5-Methylcytidine'}, {'DB_ID': 'HMDB0039229', 'name': 'Pyro-L-glutaminyl-L-glutamine'}, {'DB_ID': 'HMDB0240577', 'name': '3-Methylcytidine'}], 'C15H15NO3': [{'DB_ID': 'HMDB0014643', 'name': 'Tolmetin'}]}	('C8H20NO6P_257.102824', '', 1), ('C10H15N3O5_257.101171', '', 1), ('C15H15NO3_257.105193', '', 1)	[]
258.1106665	0.53177905	kp3_257.1028	M0,M+H+	['C10H15N3O5', 'C15H15NO3', 'C8H20NO6P']	257.10282320823	Glycerophosphocholine	{'C8H20NO6P': [{'DB_ID': 'HMDB0000086', 'name': 'Glycerophosphocholine'}], 'C10H15N3O5': [{'DB_ID': 'HMDB0000982', 'name': '5-Methylcytidine'}, {'DB_ID': 'HMDB0039229', 'name': 'Pyro-L-glutaminyl-L-glutamine'}, {'DB_ID': 'HMDB0240577', 'name': '3-Methylcytidine'}], 'C15H15NO3': [{'DB_ID': 'HMDB0014643', 'name': 'Tolmetin'}]}	('C8H20NO6P_257.102824', '', 1), ('C10H15N3O5_257.101171', '', 1), ('C15H15NO3_257.105193', '', 1)	[]
280.0925202	0.48817444	kp3_257.1028	M0,Na/H	['C10H15N3O5', 'C15H15NO3', 'C8H20NO6P']	257.10282320823	Glycerophosphocholine	{'C8H20NO6P': [{'DB_ID': 'HMDB0000086', 'name': 'Glycerophosphocholine'}], 'C10H15N3O5': [{'DB_ID': 'HMDB0000982', 'name': '5-Methylcytidine'}, {'DB_ID': 'HMDB0039229', 'name': 'Pyro-L-glutaminyl-L-glutamine'}, {'DB_ID': 'HMDB0240577', 'name': '3-Methylcytidine'}], 'C15H15NO3': [{'DB_ID': 'HMDB0014643', 'name': 'Tolmetin'}]}	('C8H20NO6P_257.102824', '', 1), ('C10H15N3O5_257.101171', '', 1), ('C15H15NO3_257.105193', '', 1)	[]
307.1015945	0.54535353	kp3_257.1028	13C/12C*11,K/H	['C10H15N3O5', 'C15H15NO3', 'C8H20NO6P']	257.10282320823	Glycerophosphocholine	{'C8H20NO6P': [{'DB_ID': 'HMDB0000086', 'name': 'Glycerophosphocholine'}], 'C10H15N3O5': [{'DB_ID': 'HMDB0000982', 'name': '5-Methylcytidine'}, {'DB_ID': 'HMDB0039229', 'name': 'Pyro-L-glutaminyl-L-glutamine'}, {'DB_ID': 'HMDB0240577', 'name': '3-Methylcytidine'}], 'C15H15NO3': [{'DB_ID': 'HMDB0014643', 'name': 'Tolmetin'}]}	('C8H20NO6P_257.102824', '', 1), ('C10H15N3O5_257.101171', '', 1), ('C15H15NO3_257.105193', '', 1)	[]
365.1062661	0.50351113	kp4_342.117	M0,M+H+	['C12H22O11']	342.11701883331966	Glucose-1,3-mannose oligosaccharide	{'C12H22O11': [{'DB_ID': 'HMDB0060068', 'name': 'Glucose-1,3-mannose oligosaccharide'}, {'DB_ID': 'HMDB0000048', 'name': 'Melibiose'}, {'DB_ID': 'HMDB0000055', 'name': 'Cellobiose'}, {'DB_ID': 'HMDB0000163', 'name': 'D-Maltose'}, {'DB_ID': 'HMDB0000186', 'name': 'Alpha-Lactose'}, {'DB_ID': 'HMDB0000258', 'name': 'Sucrose'}, {'DB_ID': 'HMDB0000740', 'name': 'Lactulose'}, {'DB_ID': 'HMDB0000975', 'name': 'Trehalose'}, {'DB_ID': 'HMDB0002923', 'name': 'Isomaltose'}, {'DB_ID': 'HMDB0005826', 'name': 'Galactinol'}, {'DB_ID': 'HMDB0006603', 'name': '3-b-Galactopyranosyl glucose'}, {'DB_ID': 'HMDB0006792', 'name': 'Epimelibiose'}, {'DB_ID': 'HMDB0011740', 'name': 'Turanose'}, {'DB_ID': 'HMDB0011742', 'name': 'Kojibiose'}, {'DB_ID': 'HMDB0029880', 'name': 'Neotrehalose'}, {'DB_ID': 'HMDB0029882', 'name': 'Sakebiose'}, {'DB_ID': 'HMDB0029898', 'name': 'Inulobiose'}, {'DB_ID': 'HMDB0029902', 'name': 'Galabiose'}, {'DB_ID': 'HMDB0029919', 'name': 'Maltulose'}, {'DB_ID': 'HMDB0029933', 'name': 'Mannobiose'}, {'DB_ID': 'HMDB0033368', 'name': 'DEAE-cellulose'}, {'DB_ID': 'HMDB0038489', 'name': 'Allolactose'}, {'DB_ID': 'HMDB0039237', 'name': 'Glucinol'}, {'DB_ID': 'HMDB0039727', 'name': 'Trehalulose'}, {'DB_ID': 'HMDB0039876', 'name': 'Fagopyritol A1'}, {'DB_ID': 'HMDB0041627', 'name': 'beta-Lactose'}, {'DB_ID': 'HMDB0133305', 'name': '6-({[3,4,5-trihydroxy-6-(hydroxymethyl)oxan-2-yl]oxy}methyl)oxane-2,3,4,5-tetrol'}]}	('C12H22O11_342.116212', '', 1)	[]
343.1243245	0.5703882	kp4_342.117	M0,Na/H	['C12H22O11']	342.11701883331966	Glucose-1,3-mannose oligosaccharide	{'C12H22O11': [{'DB_ID': 'HMDB0060068', 'name': 'Glucose-1,3-mannose oligosaccharide'}, {'DB_ID': 'HMDB0000048', 'name': 'Melibiose'}, {'DB_ID': 'HMDB0000055', 'name': 'Cellobiose'}, {'DB_ID': 'HMDB0000163', 'name': 'D-Maltose'}, {'DB_ID': 'HMDB0000186', 'name': 'Alpha-Lactose'}, {'DB_ID': 'HMDB0000258', 'name': 'Sucrose'}, {'DB_ID': 'HMDB0000740', 'name': 'Lactulose'}, {'DB_ID': 'HMDB0000975', 'name': 'Trehalose'}, {'DB_ID': 'HMDB0002923', 'name': 'Isomaltose'}, {'DB_ID': 'HMDB0005826', 'name': 'Galactinol'}, {'DB_ID': 'HMDB0006603', 'name': '3-b-Galactopyranosyl glucose'}, {'DB_ID': 'HMDB0006792', 'name': 'Epimelibiose'}, {'DB_ID': 'HMDB0011740', 'name': 'Turanose'}, {'DB_ID': 'HMDB0011742', 'name': 'Kojibiose'}, {'DB_ID': 'HMDB0029880', 'name': 'Neotrehalose'}, {'DB_ID': 'HMDB0029882', 'name': 'Sakebiose'}, {'DB_ID': 'HMDB0029898', 'name': 'Inulobiose'}, {'DB_ID': 'HMDB0029902', 'name': 'Galabiose'}, {'DB_ID': 'HMDB0029919', 'name': 'Maltulose'}, {'DB_ID': 'HMDB0029933', 'name': 'Mannobiose'}, {'DB_ID': 'HMDB0033368', 'name': 'DEAE-cellulose'}, {'DB_ID': 'HMDB0038489', 'name': 'Allolactose'}, {'DB_ID': 'HMDB0039237', 'name': 'Glucinol'}, {'DB_ID': 'HMDB0039727', 'name': 'Trehalulose'}, {'DB_ID': 'HMDB0039876', 'name': 'Fagopyritol A1'}, {'DB_ID': 'HMDB0041627', 'name': 'beta-Lactose'}, {'DB_ID': 'HMDB0133305', 'name': '6-({[3,4,5-trihydroxy-6-(hydroxymethyl)oxan-2-yl]oxy}methyl)oxane-2,3,4,5-tetrol'}]}	('C12H22O11_342.116212', '', 1)	[]
148.0607585	0.5572169	kp5_144.0433	13C/12C*3,M+H+	['C6H8O4']	144.04331318323	3-Hexenedioic acid	{'C6H8O4': [{'DB_ID': 'HMDB0000393', 'name': '3-Hexenedioic acid'}, {'DB_ID': 'HMDB0000522', 'name': '3-Methylglutaconic acid'}, {'DB_ID': 'HMDB0002266', 'name': '(E)-2-Methylglutaconic acid'}, {'DB_ID': 'HMDB0013311', 'name': 'trans-2-Hexenedioic acid'}, {'DB_ID': 'HMDB0029171', 'name': '3-Hydroxyadipic acid 3,6-lactone'}, {'DB_ID': 'HMDB0031257', 'name': 'Dimethyl fumarate'}, {'DB_ID': 'HMDB0036232', 'name': 'Maleic acid homopolymer'}, {'DB_ID': 'HMDB0040207', 'name': 'Ethyl hydrogen fumarate'}]}	('C6H8O4_144.042259', '', 1)	[]
145.0504858	0.5459968	kp5_144.0433	M0,M+H+	['C6H8O4']	144.04331318323	3-Hexenedioic acid	{'C6H8O4': [{'DB_ID': 'HMDB0000393', 'name': '3-Hexenedioic acid'}, {'DB_ID': 'HMDB0000522', 'name': '3-Methylglutaconic acid'}, {'DB_ID': 'HMDB0002266', 'name': '(E)-2-Methylglutaconic acid'}, {'DB_ID': 'HMDB0013311', 'name': 'trans-2-Hexenedioic acid'}, {'DB_ID': 'HMDB0029171', 'name': '3-Hydroxyadipic acid 3,6-lactone'}, {'DB_ID': 'HMDB0031257', 'name': 'Dimethyl fumarate'}, {'DB_ID': 'HMDB0036232', 'name': 'Maleic acid homopolymer'}, {'DB_ID': 'HMDB0040207', 'name': 'Ethyl hydrogen fumarate'}]}	('C6H8O4_144.042259', '', 1)	[]
169.0587383	0.52062434	kp6_146.0695	M0,M+H+	['C5H10N2O3']	146.0694904333283	L-Glutamine	{'C5H10N2O3': [{'DB_ID': 'HMDB0000641', 'name': 'L-Glutamine'}, {'DB_ID': 'HMDB0002031', 'name': 'Ureidoisobutyric acid'}, {'DB_ID': 'HMDB0003423', 'name': 'D-Glutamine'}, {'DB_ID': 'HMDB0006899', 'name': 'Alanylglycine'}]}	('C5H10N2O3_146.069142', '', 1)	[]
147.0767955	0.5369775	kp6_146.0695	M0,Na/H	['C5H10N2O3']	146.0694904333283	L-Glutamine	{'C5H10N2O3': [{'DB_ID': 'HMDB0000641', 'name': 'L-Glutamine'}, {'DB_ID': 'HMDB0002031', 'name': 'Ureidoisobutyric acid'}, {'DB_ID': 'HMDB0003423', 'name': 'D-Glutamine'}, {'DB_ID': 'HMDB0006899', 'name': 'Alanylglycine'}]}	('C5H10N2O3_146.069142', '', 1)	[]
586.2696382	4.8596783	kp7_585.2602	M0,M+H+	None	585.26017963323				[]
588.271984	4.8556004	kp7_585.2602	13C/12C*2,M+H+	None	585.26017963323				[]
509.2304585	5.2620616	kp8_470.2674	M0,M+H+	['C28H38O6']	470.2674436335992	Withanolide	{'C28H38O6': [{'DB_ID': 'HMDB0003218', 'name': 'Withanolide'}, {'DB_ID': 'HMDB0034415', 'name': 'Withanolide A'}, {'DB_ID': 'HMDB0036437', 'name': 'Methyl lucidenate F'}]}	('C28H38O6_470.266839', '', 1)	[]
471.2748637	5.2620616	kp8_470.2674	M0,K/H	['C28H38O6']	470.2674436335992	Withanolide	{'C28H38O6': [{'DB_ID': 'HMDB0003218', 'name': 'Withanolide'}, {'DB_ID': 'HMDB0034415', 'name': 'Withanolide A'}, {'DB_ID': 'HMDB0036437', 'name': 'Methyl lucidenate F'}]}	('C28H38O6_470.266839', '', 1)	[]
148.0373914	0.49788496	kp9_145.0232	13C/12C*2,M+H+	None	145.02317683323				[]
151.0472074	0.5283018	kp9_145.0232	13C/12C*5,M+H+	None	145.02317683323				[]
146.0302461	0.3821843	kp9_145.0232	M0,M+H+	None	145.02317683323				[]
141.0061053	0.389016	kp10_139.998	M0,M+H+	None	139.99799339989667				[]
147.0255721	0.39545515	kp10_139.998	13C/12C*6,M+H+	None	139.99799339989667				[]
148.0277472	0.3691534	kp10_139.998	13C/12C*7,M+H+	None	139.99799339989667				[]
257.9383563	0.39537868	kp11_217.9746	13C/12C,K/H	None	217.97456339989668				[]
218.9842486	0.39526019	kp11_217.9746	M0,M+H+	None	217.97456339989668				[]
219.9855067	0.39646396	kp11_217.9746	13C/12C,M+H+	None	217.97456339989668				[]
229.9429505	0.40966293	kp12_228.9365	M0,M+H+	None	228.93648678323				[]
234.961351	0.3725722	kp12_228.9365	13C/12C*5,M+H+	None	228.93648678323				[]
292.9783028	0.42177263	kp13_286.9534	13C/12C*5,M+H+	None	286.95338773323				[]
287.9598006	0.4157178	kp13_286.9534	M0,M+H+	None	286.95338773323				[]
496.8083499	0.47159895	kp14_493.7992	13C/12C*2,M+H+	None	493.79916688323				[]
494.8112468	0.45142445	kp14_493.7992	M0,M+H+	None	493.79916688323				[]
564.7964303	0.47159895	kp15_561.7869	13C/12C*2,M+H+	None	561.78686198323				[]
562.7985566	0.4564467	kp15_561.7869	M0,M+H+	None	561.78686198323				[]
462.8625382	0.45723867	kp16_461.8511	M0,M+H+	None	461.85114988323				[]
464.8610245	0.469635	kp16_461.8511	13C/12C*2,M+H+	None	461.85114988323				[]
682.8004574	0.4642905	kp17_681.7891	M0,M+H+	None	681.7891215332301				[]
684.7990486	0.469635	kp17_681.7891	13C/12C*2,M+H+	None	681.7891215332301				[]
548.8226716	0.4716107	kp18_545.8138	13C/12C*2,M+H+	None	545.81379543323				[]
546.8261822	0.46492267	kp18_545.8138	M0,M+H+	None	545.81379543323				[]
514.8770181	0.46910965	kp19_513.8659	M0,M+H+	None	513.8659383332299				[]
516.8761215	0.469635	kp19_513.8659	13C/12C*2,M+H+	None	513.8659383332299				[]
395.8797705	0.504278	kp20_393.8683	13C/12C,M+H+	None	393.86828013323				[]
394.8746977	0.469635	kp20_393.8683	M0,M+H+	None	393.86828013323				[]
530.8500749	0.469635	kp21_529.8388	M0,M+H+	None	529.83880133323				[]
532.8487907	0.469635	kp21_529.8388	13C/12C*2,M+H+	None	529.83880133323				[]
598.8380977	0.469635	kp22_597.8254	M0,M+H+	None	597.82540498323				[]
600.8339752	0.4498976	kp22_597.8254	13C/12C*2,M+H+	None	597.82540498323				[]
614.8127825	0.469635	kp23_613.8019	M0,M+H+	None	613.80190088323				[]
616.8122822	0.47695607	kp23_613.8019	13C/12C*2,M+H+	None	613.80190088323				[]
668.8258942	0.469635	kp24_665.8154	13C/12C*2,M+H+	None	665.8154388332299				[]
666.8262464	0.469635	kp24_665.8154	M0,M+H+	None	665.8154388332299				[]
708.8083299	0.469635	kp25_697.7637	13C/12C*10,M+H+	None	697.7637194665633				[]
700.771198	0.47159895	kp25_697.7637	13C/12C*2,M+H+	None	697.7637194665633				[]
698.7737199	0.469635	kp25_697.7637	M0,M+H+	None	697.7637194665633				[]
750.7872315	0.469635	kp26_749.7761	M0,M+H+	None	749.77608448323				[]
752.7862004	0.4716107	kp26_749.7761	13C/12C*2,M+H+	None	749.77608448323				[]
448.8877194	0.47077665	kp27_445.8776	13C/12C*2,M+H+	None	445.87762533322996				[]
446.8887942	0.46975523	kp27_445.8776	M0,M+H+	None	445.87762533322996				[]
578.7722926	0.47159895	kp28_577.7609	M0,M+H+	None	577.7609481832301				[]
580.7708667	0.47361842	kp28_577.7609	13C/12C*2,M+H+	None	577.7609481832301				[]
472.817544	0.47161627	kp29_471.8066	M0,M+H+	None	471.80655063323				[]
478.8363216	0.47357464	kp29_471.8066	13C/12C*6,M+H+	None	471.80655063323				[]
480.8345857	0.47159895	kp29_471.8066	13C/12C*8,M+H+	None	471.80655063323				[]
404.8299677	0.47357464	kp30_403.8237	M0,M+H+	None	403.82366973323				[]
410.8520547	0.46607012	kp30_403.8237	13C/12C*6,M+H+	None	403.82366973323				[]
510.7841925	0.47357464	kp31_509.7741	M0,M+H+	None	509.77405978324066				[]
512.78519	0.46786374	kp31_509.7741	13C/12C*2,M+H+	None	509.77405978324066				[]
632.7846487	0.469635	kp32_629.7749	13C/12C*2,M+H+	None	629.7748978332299				[]
630.7864099	0.47357464	kp32_629.7749	M0,M+H+	None	629.7748978332299				[]
646.7603186	0.47357464	kp33_645.7487	M0,M+H+	None	645.74874333323				[]
648.758431	0.47357464	kp33_645.7487	13C/12C*2,M+H+	None	645.74874333323				[]
716.7441201	0.47357464	kp34_713.737	13C/12C*2,M+H+	None	713.7369753998967				[]
714.7471023	0.47357464	kp34_713.737	M0,M+H+	None	713.7369753998967				[]
724.7817932	0.48294216	kp34_713.737	13C/12C*10,M+H+	None	713.7369753998967				[]
736.8112135	0.4769773	kp35_733.8034	13C/12C*2,M+H+	None	733.8033631332299				[]
734.8167757	0.4756864	kp35_733.8034	M0,M+H+	None	733.8033631332299				[]
182.9629673	0.38836986	kp36_173.93	13C/12C*8,M+H+	None	173.93001313323				[]
174.9384519	0.47380993	kp36_173.93	M0,M+H+	None	173.93001313323				[]
342.8629707	0.47674012	kp37_335.8345	13C/12C*6,M+H+	None	335.83449928323				[]
336.8407108	0.47999245	kp37_335.8345	M0,M+H+	None	335.83449928323				[]
105.1109614	0.5181578	kp38_103.1004	13C/12C,M+H+	None	103.10037788323001				[]
104.1077023	0.50064415	kp38_103.1004	M0,M+H+	None	103.10037788323001				[]
425.0864191	0.55166984	kp39_413.0404	13C/12C*11,M+H+	None	413.04041388323				[]
414.0458666	0.5478156	kp39_413.0404	M0,M+H+	None	413.04041388323				[]
362.1562061	0.56339186	kp40_359.1429	13C/12C*2,M+H+	None	359.14288083323				[]
360.1508185	0.55230343	kp40_359.1429	M0,M+H+	None	359.14288083323				[]
460.2030158	0.57897615	kp41_416.1553	13C/12C*2,ACN	None	416.15530613323				[]
417.1609491	0.53040737	kp41_416.1553	M0,M+H+	None	416.15530613323				[]
439.1428071	0.53040737	kp41_416.1553	M0,Na/H	None	416.15530613323				[]
455.1165665	0.5284796	kp41_416.1553	M0,K/H	None	416.15530613323				[]
458.1872645	0.55745107	kp41_416.1553	M0,ACN	None	416.15530613323				[]
104.071372	0.5551544	kp42_100.0549	13C/12C*3,M+H+	None	100.05493930011268				[]
123.0438604	0.5829266	kp42_100.0549	M0,Na/H	None	100.05493930011268				[]
126.0555449	0.80621636	kp42_100.0549	13C/12C*3,Na/H	None	100.05493930011268				[]
426.1611625	0.8054936	kp43_425.1536	M0,M+H+	None	425.1535528998967				[]
434.1873011	0.5381795	kp43_425.1536	13C/12C*8,M+H+	None	425.1535528998967				[]
448.1428645	0.8115074	kp43_425.1536	M0,Na/H	None	425.1535528998967				[]
130.062835	0.83034223	kp44_129.0566	M0,M+H+	['C9H7N']	129.05660258323002	3-Methylene-indolenine	{'C9H7N': [{'DB_ID': 'HMDB0011664', 'name': '3-Methylene-indolenine'}, {'DB_ID': 'HMDB0033731', 'name': 'Quinoline'}, {'DB_ID': 'HMDB0034244', 'name': 'Isoquinoline'}]}	('C9H7N_129.057849', '', 1)	[]
138.0917631	0.8575337	kp44_129.0566	13C/12C*8,M+H+	['C9H7N']	129.05660258323002	3-Methylene-indolenine	{'C9H7N': [{'DB_ID': 'HMDB0011664', 'name': '3-Methylene-indolenine'}, {'DB_ID': 'HMDB0033731', 'name': 'Quinoline'}, {'DB_ID': 'HMDB0034244', 'name': 'Isoquinoline'}]}	('C9H7N_129.057849', '', 1)	[]
169.0964229	1.4609225	kp45_165.0791	13C/12C*3,M+H+	['C9H11NO2']	165.07905674989667	Benzyl glycinate	{'C9H11NO2': [{'DB_ID': 'HMDB0059934', 'name': 'Benzyl glycinate'}, {'DB_ID': 'HMDB0062402', 'name': '4-Hydroxy-1-(3-pyridinyl)-1-butanone'}, {'DB_ID': 'HMDB0062407', 'name': '5-(3-Pyridyl)-2-hydroxytetrahydrofuran'}, {'DB_ID': 'HMDB0000159', 'name': 'L-Phenylalanine'}, {'DB_ID': 'HMDB0001007', 'name': '3-Pyridinebutanoic acid'}, {'DB_ID': 'HMDB0004992', 'name': 'Benzocaine'}, {'DB_ID': 'HMDB0006044', 'name': 'Norsalsolinol'}, {'DB_ID': 'HMDB0033485', 'name': 'Gentiatibetine'}, {'DB_ID': 'HMDB0033589', 'name': 'Ethyl 2-aminobenzoate'}, {'DB_ID': 'HMDB0034169', 'name': 'Methyl N-methylanthranilate'}]}	('C9H11NO2_165.078979', '', 1)	[]
166.0869516	1.417766	kp45_165.0791	M0,M+H+	['C9H11NO2']	165.07905674989667	Benzyl glycinate	{'C9H11NO2': [{'DB_ID': 'HMDB0059934', 'name': 'Benzyl glycinate'}, {'DB_ID': 'HMDB0062402', 'name': '4-Hydroxy-1-(3-pyridinyl)-1-butanone'}, {'DB_ID': 'HMDB0062407', 'name': '5-(3-Pyridyl)-2-hydroxytetrahydrofuran'}, {'DB_ID': 'HMDB0000159', 'name': 'L-Phenylalanine'}, {'DB_ID': 'HMDB0001007', 'name': '3-Pyridinebutanoic acid'}, {'DB_ID': 'HMDB0004992', 'name': 'Benzocaine'}, {'DB_ID': 'HMDB0006044', 'name': 'Norsalsolinol'}, {'DB_ID': 'HMDB0033485', 'name': 'Gentiatibetine'}, {'DB_ID': 'HMDB0033589', 'name': 'Ethyl 2-aminobenzoate'}, {'DB_ID': 'HMDB0034169', 'name': 'Methyl N-methylanthranilate'}]}	('C9H11NO2_165.078979', '', 1)	[]
206.0451414	1.6184143	kp45_165.0791	13C/12C*2,K/H	['C9H11NO2']	165.07905674989667	Benzyl glycinate	{'C9H11NO2': [{'DB_ID': 'HMDB0059934', 'name': 'Benzyl glycinate'}, {'DB_ID': 'HMDB0062402', 'name': '4-Hydroxy-1-(3-pyridinyl)-1-butanone'}, {'DB_ID': 'HMDB0062407', 'name': '5-(3-Pyridyl)-2-hydroxytetrahydrofuran'}, {'DB_ID': 'HMDB0000159', 'name': 'L-Phenylalanine'}, {'DB_ID': 'HMDB0001007', 'name': '3-Pyridinebutanoic acid'}, {'DB_ID': 'HMDB0004992', 'name': 'Benzocaine'}, {'DB_ID': 'HMDB0006044', 'name': 'Norsalsolinol'}, {'DB_ID': 'HMDB0033485', 'name': 'Gentiatibetine'}, {'DB_ID': 'HMDB0033589', 'name': 'Ethyl 2-aminobenzoate'}, {'DB_ID': 'HMDB0034169', 'name': 'Methyl N-methylanthranilate'}]}	('C9H11NO2_165.078979', '', 1)	[]
204.0425206	1.3784751	kp45_165.0791	M0,K/H	['C9H11NO2']	165.07905674989667	Benzyl glycinate	{'C9H11NO2': [{'DB_ID': 'HMDB0059934', 'name': 'Benzyl glycinate'}, {'DB_ID': 'HMDB0062402', 'name': '4-Hydroxy-1-(3-pyridinyl)-1-butanone'}, {'DB_ID': 'HMDB0062407', 'name': '5-(3-Pyridyl)-2-hydroxytetrahydrofuran'}, {'DB_ID': 'HMDB0000159', 'name': 'L-Phenylalanine'}, {'DB_ID': 'HMDB0001007', 'name': '3-Pyridinebutanoic acid'}, {'DB_ID': 'HMDB0004992', 'name': 'Benzocaine'}, {'DB_ID': 'HMDB0006044', 'name': 'Norsalsolinol'}, {'DB_ID': 'HMDB0033485', 'name': 'Gentiatibetine'}, {'DB_ID': 'HMDB0033589', 'name': 'Ethyl 2-aminobenzoate'}, {'DB_ID': 'HMDB0034169', 'name': 'Methyl N-methylanthranilate'}]}	('C9H11NO2_165.078979', '', 1)	[]
191.0794491	1.4607564	kp45_165.0791	13C/12C*3,Na/H	['C9H11NO2']	165.07905674989667	Benzyl glycinate	{'C9H11NO2': [{'DB_ID': 'HMDB0059934', 'name': 'Benzyl glycinate'}, {'DB_ID': 'HMDB0062402', 'name': '4-Hydroxy-1-(3-pyridinyl)-1-butanone'}, {'DB_ID': 'HMDB0062407', 'name': '5-(3-Pyridyl)-2-hydroxytetrahydrofuran'}, {'DB_ID': 'HMDB0000159', 'name': 'L-Phenylalanine'}, {'DB_ID': 'HMDB0001007', 'name': '3-Pyridinebutanoic acid'}, {'DB_ID': 'HMDB0004992', 'name': 'Benzocaine'}, {'DB_ID': 'HMDB0006044', 'name': 'Norsalsolinol'}, {'DB_ID': 'HMDB0033485', 'name': 'Gentiatibetine'}, {'DB_ID': 'HMDB0033589', 'name': 'Ethyl 2-aminobenzoate'}, {'DB_ID': 'HMDB0034169', 'name': 'Methyl N-methylanthranilate'}]}	('C9H11NO2_165.078979', '', 1)	[]
188.0701177	1.3953288	kp45_165.0791	M0,Na/H	['C9H11NO2']	165.07905674989667	Benzyl glycinate	{'C9H11NO2': [{'DB_ID': 'HMDB0059934', 'name': 'Benzyl glycinate'}, {'DB_ID': 'HMDB0062402', 'name': '4-Hydroxy-1-(3-pyridinyl)-1-butanone'}, {'DB_ID': 'HMDB0062407', 'name': '5-(3-Pyridyl)-2-hydroxytetrahydrofuran'}, {'DB_ID': 'HMDB0000159', 'name': 'L-Phenylalanine'}, {'DB_ID': 'HMDB0001007', 'name': '3-Pyridinebutanoic acid'}, {'DB_ID': 'HMDB0004992', 'name': 'Benzocaine'}, {'DB_ID': 'HMDB0006044', 'name': 'Norsalsolinol'}, {'DB_ID': 'HMDB0033485', 'name': 'Gentiatibetine'}, {'DB_ID': 'HMDB0033589', 'name': 'Ethyl 2-aminobenzoate'}, {'DB_ID': 'HMDB0034169', 'name': 'Methyl N-methylanthranilate'}]}	('C9H11NO2_165.078979', '', 1)	[]
228.0270047	1.6184143	kp46_225.015	13C/12C*2,M+H+	None	225.01497643322998				[]
226.0242111	1.3825	kp46_225.015	M0,M+H+	None	225.01497643322998				[]
176.0314828	1.3426102	kp47_153.0426	M0,M+H+	['C7H7NO3']	153.0426437333435	6-Methoxy-pyridine-3-carboxylic acid	{'C7H7NO3': [{'DB_ID': 'HMDB0059749', 'name': '6-Methoxy-pyridine-3-carboxylic acid'}, {'DB_ID': 'HMDB0059811', 'name': '2-Nitro-p-cresol'}, {'DB_ID': 'HMDB0001476', 'name': '3-Hydroxyanthranilic acid'}, {'DB_ID': 'HMDB0001972', 'name': '3-Aminosalicylic acid'}, {'DB_ID': 'HMDB0014378', 'name': 'Aminosalicylic Acid'}, {'DB_ID': 'HMDB0014389', 'name': 'Mesalazine'}]}	('C7H7NO3_153.042593', '', 1)	[]
154.0503576	1.3472514	kp47_153.0426	M0,Na/H	['C7H7NO3']	153.0426437333435	6-Methoxy-pyridine-3-carboxylic acid	{'C7H7NO3': [{'DB_ID': 'HMDB0059749', 'name': '6-Methoxy-pyridine-3-carboxylic acid'}, {'DB_ID': 'HMDB0059811', 'name': '2-Nitro-p-cresol'}, {'DB_ID': 'HMDB0001476', 'name': '3-Hydroxyanthranilic acid'}, {'DB_ID': 'HMDB0001972', 'name': '3-Aminosalicylic acid'}, {'DB_ID': 'HMDB0014378', 'name': 'Aminosalicylic Acid'}, {'DB_ID': 'HMDB0014389', 'name': 'Mesalazine'}]}	('C7H7NO3_153.042593', '', 1)	[]
120.0813364	1.4223465	kp48_119.0745	M0,M+H+	None	119.07452253323001				[]
121.0856166	1.3914883	kp48_119.0745	13C/12C,M+H+	None	119.07452253323001				[]
372.187144	1.6204642	kp49_363.1539	13C/12C*8,M+H+	None	363.1539391998967				[]
364.160677	1.4506397	kp49_363.1539	M0,M+H+	None	363.1539391998967				[]
394.171506	1.5436106	kp49_363.1539	13C/12C*8,Na/H	None	363.1539391998967				[]
311.0315969	1.8191181	kp50_281.0209	13C/12C*7,Na/H	['C9H15NO3S3']	281.02089576656334	Ajocysteine	{'C9H15NO3S3': [{'DB_ID': 'HMDB0041052', 'name': 'Ajocysteine'}]}	('C9H15NO3S3_281.021405', '', 1)	[]
304.0140686	1.821137	kp50_281.0209	M0,Na/H	['C9H15NO3S3']	281.02089576656334	Ajocysteine	{'C9H15NO3S3': [{'DB_ID': 'HMDB0041052', 'name': 'Ajocysteine'}]}	('C9H15NO3S3_281.021405', '', 1)	[]
289.0498212	1.8191181	kp50_281.0209	13C/12C*7,M+H+	['C9H15NO3S3']	281.02089576656334	Ajocysteine	{'C9H15NO3S3': [{'DB_ID': 'HMDB0041052', 'name': 'Ajocysteine'}]}	('C9H15NO3S3_281.021405', '', 1)	[]
729.1653206	1.8431658	kp51_728.1605	M0,M+H+	None	728.1604712665634				[]
731.1807655	1.841142	kp51_728.1605	13C/12C*2,M+H+	None	728.1604712665634				[]
751.1458671	1.8437594	kp51_728.1605	M0,Na/H	None	728.1604712665634				[]
236.0902925	1.9640595	kp52_213.0989	M0,Na/H	['C10H15NO4']	213.09888856656332	2-(2,6-dihydroxy-3,4-dimethoxycyclohexylidene)acetonitrile	{'C10H15NO4': [{'DB_ID': 'HMDB0125517', 'name': '2-(2,6-dihydroxy-3,4-dimethoxycyclohexylidene)acetonitrile'}]}	('C10H15NO4_213.100108', '', 1)	[]
223.1332311	1.9089205	kp52_213.0989	13C/12C*9,M+H+	['C10H15NO4']	213.09888856656332	2-(2,6-dihydroxy-3,4-dimethoxycyclohexylidene)acetonitrile	{'C10H15NO4': [{'DB_ID': 'HMDB0125517', 'name': '2-(2,6-dihydroxy-3,4-dimethoxycyclohexylidene)acetonitrile'}]}	('C10H15NO4_213.100108', '', 1)	[]
214.1071665	1.9200826	kp52_213.0989	M0,M+H+	['C10H15NO4']	213.09888856656332	2-(2,6-dihydroxy-3,4-dimethoxycyclohexylidene)acetonitrile	{'C10H15NO4': [{'DB_ID': 'HMDB0125517', 'name': '2-(2,6-dihydroxy-3,4-dimethoxycyclohexylidene)acetonitrile'}]}	('C10H15NO4_213.100108', '', 1)	[]
158.0816801	1.9419253	kp53_146.0378	13C/12C*11,M+H+	['C9H6O2']	146.03781465323	Coumarin	{'C9H6O2': [{'DB_ID': 'HMDB0001218', 'name': 'Coumarin'}, {'DB_ID': 'HMDB0002359', 'name': 'Phenylpropiolic acid'}, {'DB_ID': 'HMDB0032938', 'name': 'Chromone'}, {'DB_ID': 'HMDB0033183', 'name': '2-Benzofurancarboxaldehyde'}]}	('C9H6O2_146.036779', '', 1)	[]
180.0646355	1.9487917	kp53_146.0378	13C/12C*11,Na/H	['C9H6O2']	146.03781465323	Coumarin	{'C9H6O2': [{'DB_ID': 'HMDB0001218', 'name': 'Coumarin'}, {'DB_ID': 'HMDB0002359', 'name': 'Phenylpropiolic acid'}, {'DB_ID': 'HMDB0032938', 'name': 'Chromone'}, {'DB_ID': 'HMDB0033183', 'name': '2-Benzofurancarboxaldehyde'}]}	('C9H6O2_146.036779', '', 1)	[]
188.0710767	2.2279189	kp53_146.0378	M0,ACN	['C9H6O2']	146.03781465323	Coumarin	{'C9H6O2': [{'DB_ID': 'HMDB0001218', 'name': 'Coumarin'}, {'DB_ID': 'HMDB0002359', 'name': 'Phenylpropiolic acid'}, {'DB_ID': 'HMDB0032938', 'name': 'Chromone'}, {'DB_ID': 'HMDB0033183', 'name': '2-Benzofurancarboxaldehyde'}]}	('C9H6O2_146.036779', '', 1)	[]
147.0442482	2.1897018	kp53_146.0378	M0,M+H+	['C9H6O2']	146.03781465323	Coumarin	{'C9H6O2': [{'DB_ID': 'HMDB0001218', 'name': 'Coumarin'}, {'DB_ID': 'HMDB0002359', 'name': 'Phenylpropiolic acid'}, {'DB_ID': 'HMDB0032938', 'name': 'Chromone'}, {'DB_ID': 'HMDB0033183', 'name': '2-Benzofurancarboxaldehyde'}]}	('C9H6O2_146.036779', '', 1)	[]
177.0550141	2.0629992	kp53_146.0378	13C/12C*8,Na/H	['C9H6O2']	146.03781465323	Coumarin	{'C9H6O2': [{'DB_ID': 'HMDB0001218', 'name': 'Coumarin'}, {'DB_ID': 'HMDB0002359', 'name': 'Phenylpropiolic acid'}, {'DB_ID': 'HMDB0032938', 'name': 'Chromone'}, {'DB_ID': 'HMDB0033183', 'name': '2-Benzofurancarboxaldehyde'}]}	('C9H6O2_146.036779', '', 1)	[]
236.0532568	1.9518129	kp54_213.063	M0,Na/H	['C9H11NO5']	213.06299243323	Droxidopa	{'C9H11NO5': [{'DB_ID': 'HMDB0015627', 'name': 'Droxidopa'}]}	('C9H11NO5_213.063722', '', 1)	[]
214.0706245	1.9554081	kp54_213.063	M0,M+H+	['C9H11NO5']	213.06299243323	Droxidopa	{'C9H11NO5': [{'DB_ID': 'HMDB0015627', 'name': 'Droxidopa'}]}	('C9H11NO5_213.063722', '', 1)	[]
221.0924104	1.8211364	kp54_213.063	13C/12C*7,M+H+	['C9H11NO5']	213.06299243323	Droxidopa	{'C9H11NO5': [{'DB_ID': 'HMDB0015627', 'name': 'Droxidopa'}]}	('C9H11NO5_213.063722', '', 1)	[]
176.0322101	2.4120138	kp55_153.0431	M0,Na/H	['C7H7NO3']	153.04309738323	6-Methoxy-pyridine-3-carboxylic acid	{'C7H7NO3': [{'DB_ID': 'HMDB0059749', 'name': '6-Methoxy-pyridine-3-carboxylic acid'}, {'DB_ID': 'HMDB0059811', 'name': '2-Nitro-p-cresol'}, {'DB_ID': 'HMDB0001476', 'name': '3-Hydroxyanthranilic acid'}, {'DB_ID': 'HMDB0001972', 'name': '3-Aminosalicylic acid'}, {'DB_ID': 'HMDB0014378', 'name': 'Aminosalicylic Acid'}, {'DB_ID': 'HMDB0014389', 'name': 'Mesalazine'}]}	('C7H7NO3_153.042593', '', 1)	[]
154.0505376	2.403589	kp55_153.0431	M0,M+H+	['C7H7NO3']	153.04309738323	6-Methoxy-pyridine-3-carboxylic acid	{'C7H7NO3': [{'DB_ID': 'HMDB0059749', 'name': '6-Methoxy-pyridine-3-carboxylic acid'}, {'DB_ID': 'HMDB0059811', 'name': '2-Nitro-p-cresol'}, {'DB_ID': 'HMDB0001476', 'name': '3-Hydroxyanthranilic acid'}, {'DB_ID': 'HMDB0001972', 'name': '3-Aminosalicylic acid'}, {'DB_ID': 'HMDB0014378', 'name': 'Aminosalicylic Acid'}, {'DB_ID': 'HMDB0014389', 'name': 'Mesalazine'}]}	('C7H7NO3_153.042593', '', 1)	[]
340.1369001	2.1643999	kp56_312.1314	13C/12C*5,Na/H	None	312.13143553323				[]
335.1241795	2.299504	kp56_312.1314	M0,Na/H	None	312.13143553323				[]
318.1554248	2.1722145	kp56_312.1314	13C/12C*5,M+H+	None	312.13143553323				[]
315.1426036	2.098749	kp56_312.1314	13C/12C*2,M+H+	None	312.13143553323				[]
315.1417818	1.9642318	kp57_314.1362	M0,M+H+	['C18H20NO4']	314.13619808323	Litcubinine	{'C18H20NO4': [{'DB_ID': 'HMDB0032650', 'name': 'Litcubinine'}]}	('C18H20NO4_314.139233', '', 1)	[]
318.1552323	1.9825073	kp57_314.1362	13C/12C*3,M+H+	['C18H20NO4']	314.13619808323	Litcubinine	{'C18H20NO4': [{'DB_ID': 'HMDB0032650', 'name': 'Litcubinine'}]}	('C18H20NO4_314.139233', '', 1)	[]
473.1296558	1.9908663	kp58_470.1152	13C/12C*2,M+H+	None	470.1151755998925				[]
511.0858655	1.984567	kp58_470.1152	13C/12C*2,K/H	None	470.1151755998925				[]
495.1117615	1.9866982	kp58_470.1152	13C/12C*2,Na/H	None	470.1151755998925				[]
499.1215037	2.0215375	kp58_470.1152	13C/12C*6,Na/H	None	470.1151755998925				[]
471.1267755	2.162424	kp58_470.1152	M0,M+H+	None	470.1151755998925				[]
472.1226474	2.331791	kp58_470.1152	13C/12C,M+H+	None	470.1151755998925				[]
481.2038301	2.023562	kp59_477.186	13C/12C*3,M+H+	None	477.18598503323				[]
478.1927579	2.023562	kp59_477.186	M0,M+H+	None	477.18598503323				[]
577.1909739	2.0332372	kp60_572.1721	13C/12C*4,M+H+	None	572.17206653323				[]
573.1811321	2.0256011	kp60_572.1721	M0,M+H+	None	572.17206653323				[]
256.1167215	2.308328	kp61_228.1111	13C/12C*5,Na/H	['C10H16N2O4']	228.11107640850724	Prolylhydroxyproline	{'C10H16N2O4': [{'DB_ID': 'HMDB0006695', 'name': 'Prolylhydroxyproline'}, {'DB_ID': 'HMDB0028871', 'name': 'Hydroxyprolyl-Proline'}, {'DB_ID': 'HMDB0040573', 'name': 'Tetraacetylethylenediamine'}, {'DB_ID': 'HMDB0094651', 'name': 'Pyroglutamylvaline'}]}	('C10H16N2O4_228.111007', '', 1)	[]
272.0897673	2.297485	kp61_228.1111	13C/12C*5,K/H	['C10H16N2O4']	228.11107640850724	Prolylhydroxyproline	{'C10H16N2O4': [{'DB_ID': 'HMDB0006695', 'name': 'Prolylhydroxyproline'}, {'DB_ID': 'HMDB0028871', 'name': 'Hydroxyprolyl-Proline'}, {'DB_ID': 'HMDB0040573', 'name': 'Tetraacetylethylenediamine'}, {'DB_ID': 'HMDB0094651', 'name': 'Pyroglutamylvaline'}]}	('C10H16N2O4_228.111007', '', 1)	[]
234.1344334	2.2990549	kp61_228.1111	13C/12C*5,M+H+	['C10H16N2O4']	228.11107640850724	Prolylhydroxyproline	{'C10H16N2O4': [{'DB_ID': 'HMDB0006695', 'name': 'Prolylhydroxyproline'}, {'DB_ID': 'HMDB0028871', 'name': 'Hydroxyprolyl-Proline'}, {'DB_ID': 'HMDB0040573', 'name': 'Tetraacetylethylenediamine'}, {'DB_ID': 'HMDB0094651', 'name': 'Pyroglutamylvaline'}]}	('C10H16N2O4_228.111007', '', 1)	[]
251.1026963	2.0487418	kp61_228.1111	M0,Na/H	['C10H16N2O4']	228.11107640850724	Prolylhydroxyproline	{'C10H16N2O4': [{'DB_ID': 'HMDB0006695', 'name': 'Prolylhydroxyproline'}, {'DB_ID': 'HMDB0028871', 'name': 'Hydroxyprolyl-Proline'}, {'DB_ID': 'HMDB0040573', 'name': 'Tetraacetylethylenediamine'}, {'DB_ID': 'HMDB0094651', 'name': 'Pyroglutamylvaline'}]}	('C10H16N2O4_228.111007', '', 1)	[]
195.0648493	2.4417114	kp62_194.0573	M0,M+H+	['C10H10O4']	194.05729469573	mono-Benzyl malonate	{'C10H10O4': [{'DB_ID': 'HMDB0059721', 'name': 'mono-Benzyl malonate'}, {'DB_ID': 'HMDB0061686', 'name': '2,5-Dihydroxycinnamic acid methyl ester'}, {'DB_ID': 'HMDB0000954', 'name': 'Ferulic acid'}, {'DB_ID': 'HMDB0000955', 'name': 'Isoferulic acid'}, {'DB_ID': 'HMDB0002120', 'name': 'Monoethyl phthalate'}, {'DB_ID': 'HMDB0029663', 'name': 'Vanillin acetate'}, {'DB_ID': 'HMDB0030765', 'name': '(-)-trans-3,4-Dihydro-4,8-dihydroxy-3-methyl-1H-2-benzopyran-1-one'}, {'DB_ID': 'HMDB0032614', 'name': 'Piperonyl acetate'}, {'DB_ID': 'HMDB0032652', 'name': 'Meconine'}, {'DB_ID': 'HMDB0037644', 'name': '3-(2-Hydroxy-3-methoxyphenyl)-2-propenoic acid'}, {'DB_ID': 'HMDB0039606', 'name': 'Repandiol'}, {'DB_ID': 'HMDB0125096', 'name': '3-(4-hydroxy-3-methoxyphenyl)prop-2-enoic acid'}, {'DB_ID': 'HMDB0125524', 'name': '(2E)-3-(3-hydroxy-5-methoxyphenyl)prop-2-enoic acid'}, {'DB_ID': 'HMDB0125588', 'name': '3-(3-hydroxy-5-methoxyphenyl)prop-2-enoic acid'}, {'DB_ID': 'HMDB0127500', 'name': '3-(4-methoxyphenyl)-2-oxopropanoic acid'}, {'DB_ID': 'HMDB0131137', 'name': '3-(3-hydroxy-4-methoxyphenyl)prop-2-enoic acid'}, {'DB_ID': 'HMDB0131171', 'name': '(2Z)-2-hydroxy-3-(4-methoxyphenyl)prop-2-enoic acid'}, {'DB_ID': 'HMDB0131172', 'name': '(2E)-3-(2-hydroxy-4-methoxyphenyl)prop-2-enoic acid'}, {'DB_ID': 'HMDB0131173', 'name': '3-(4-methoxyphenyl)oxirane-2-carboxylic acid'}, {'DB_ID': 'HMDB0134088', 'name': '3-(2-hydroxy-3-methoxyphenyl)prop-2-enoic acid'}, {'DB_ID': 'HMDB0135741', 'name': '3-(2-hydroxy-4-methoxyphenyl)prop-2-enoic acid'}, {'DB_ID': 'HMDB0137510', 'name': '3-(4-hydroxy-2-methoxyphenyl)prop-2-enoic acid'}, {'DB_ID': 'HMDB0140957', 'name': '(2E)-3-(3-hydroxy-2-methoxyphenyl)prop-2-enoic acid'}, {'DB_ID': 'HMDB0141263', 'name': '(2Z)-2-hydroxy-3-(3-methoxyphenyl)prop-2-enoic acid'}, {'DB_ID': 'HMDB0141265', 'name': '3-(3-methoxyphenyl)-2-oxopropanoic acid'}, {'DB_ID': 'HMDB0142175', 'name': '2-benzylpropanedioic acid'}]}	('C10H10O4_194.057909', '', 1)	[]
236.0323343	2.0626714	kp62_194.0573	13C/12C*3,K/H	['C10H10O4']	194.05729469573	mono-Benzyl malonate	{'C10H10O4': [{'DB_ID': 'HMDB0059721', 'name': 'mono-Benzyl malonate'}, {'DB_ID': 'HMDB0061686', 'name': '2,5-Dihydroxycinnamic acid methyl ester'}, {'DB_ID': 'HMDB0000954', 'name': 'Ferulic acid'}, {'DB_ID': 'HMDB0000955', 'name': 'Isoferulic acid'}, {'DB_ID': 'HMDB0002120', 'name': 'Monoethyl phthalate'}, {'DB_ID': 'HMDB0029663', 'name': 'Vanillin acetate'}, {'DB_ID': 'HMDB0030765', 'name': '(-)-trans-3,4-Dihydro-4,8-dihydroxy-3-methyl-1H-2-benzopyran-1-one'}, {'DB_ID': 'HMDB0032614', 'name': 'Piperonyl acetate'}, {'DB_ID': 'HMDB0032652', 'name': 'Meconine'}, {'DB_ID': 'HMDB0037644', 'name': '3-(2-Hydroxy-3-methoxyphenyl)-2-propenoic acid'}, {'DB_ID': 'HMDB0039606', 'name': 'Repandiol'}, {'DB_ID': 'HMDB0125096', 'name': '3-(4-hydroxy-3-methoxyphenyl)prop-2-enoic acid'}, {'DB_ID': 'HMDB0125524', 'name': '(2E)-3-(3-hydroxy-5-methoxyphenyl)prop-2-enoic acid'}, {'DB_ID': 'HMDB0125588', 'name': '3-(3-hydroxy-5-methoxyphenyl)prop-2-enoic acid'}, {'DB_ID': 'HMDB0127500', 'name': '3-(4-methoxyphenyl)-2-oxopropanoic acid'}, {'DB_ID': 'HMDB0131137', 'name': '3-(3-hydroxy-4-methoxyphenyl)prop-2-enoic acid'}, {'DB_ID': 'HMDB0131171', 'name': '(2Z)-2-hydroxy-3-(4-methoxyphenyl)prop-2-enoic acid'}, {'DB_ID': 'HMDB0131172', 'name': '(2E)-3-(2-hydroxy-4-methoxyphenyl)prop-2-enoic acid'}, {'DB_ID': 'HMDB0131173', 'name': '3-(4-methoxyphenyl)oxirane-2-carboxylic acid'}, {'DB_ID': 'HMDB0134088', 'name': '3-(2-hydroxy-3-methoxyphenyl)prop-2-enoic acid'}, {'DB_ID': 'HMDB0135741', 'name': '3-(2-hydroxy-4-methoxyphenyl)prop-2-enoic acid'}, {'DB_ID': 'HMDB0137510', 'name': '3-(4-hydroxy-2-methoxyphenyl)prop-2-enoic acid'}, {'DB_ID': 'HMDB0140957', 'name': '(2E)-3-(3-hydroxy-2-methoxyphenyl)prop-2-enoic acid'}, {'DB_ID': 'HMDB0141263', 'name': '(2Z)-2-hydroxy-3-(3-methoxyphenyl)prop-2-enoic acid'}, {'DB_ID': 'HMDB0141265', 'name': '3-(3-methoxyphenyl)-2-oxopropanoic acid'}, {'DB_ID': 'HMDB0142175', 'name': '2-benzylpropanedioic acid'}]}	('C10H10O4_194.057909', '', 1)	[]
205.0977865	2.2426121	kp62_194.0573	13C/12C*10,M+H+	['C10H10O4']	194.05729469573	mono-Benzyl malonate	{'C10H10O4': [{'DB_ID': 'HMDB0059721', 'name': 'mono-Benzyl malonate'}, {'DB_ID': 'HMDB0061686', 'name': '2,5-Dihydroxycinnamic acid methyl ester'}, {'DB_ID': 'HMDB0000954', 'name': 'Ferulic acid'}, {'DB_ID': 'HMDB0000955', 'name': 'Isoferulic acid'}, {'DB_ID': 'HMDB0002120', 'name': 'Monoethyl phthalate'}, {'DB_ID': 'HMDB0029663', 'name': 'Vanillin acetate'}, {'DB_ID': 'HMDB0030765', 'name': '(-)-trans-3,4-Dihydro-4,8-dihydroxy-3-methyl-1H-2-benzopyran-1-one'}, {'DB_ID': 'HMDB0032614', 'name': 'Piperonyl acetate'}, {'DB_ID': 'HMDB0032652', 'name': 'Meconine'}, {'DB_ID': 'HMDB0037644', 'name': '3-(2-Hydroxy-3-methoxyphenyl)-2-propenoic acid'}, {'DB_ID': 'HMDB0039606', 'name': 'Repandiol'}, {'DB_ID': 'HMDB0125096', 'name': '3-(4-hydroxy-3-methoxyphenyl)prop-2-enoic acid'}, {'DB_ID': 'HMDB0125524', 'name': '(2E)-3-(3-hydroxy-5-methoxyphenyl)prop-2-enoic acid'}, {'DB_ID': 'HMDB0125588', 'name': '3-(3-hydroxy-5-methoxyphenyl)prop-2-enoic acid'}, {'DB_ID': 'HMDB0127500', 'name': '3-(4-methoxyphenyl)-2-oxopropanoic acid'}, {'DB_ID': 'HMDB0131137', 'name': '3-(3-hydroxy-4-methoxyphenyl)prop-2-enoic acid'}, {'DB_ID': 'HMDB0131171', 'name': '(2Z)-2-hydroxy-3-(4-methoxyphenyl)prop-2-enoic acid'}, {'DB_ID': 'HMDB0131172', 'name': '(2E)-3-(2-hydroxy-4-methoxyphenyl)prop-2-enoic acid'}, {'DB_ID': 'HMDB0131173', 'name': '3-(4-methoxyphenyl)oxirane-2-carboxylic acid'}, {'DB_ID': 'HMDB0134088', 'name': '3-(2-hydroxy-3-methoxyphenyl)prop-2-enoic acid'}, {'DB_ID': 'HMDB0135741', 'name': '3-(2-hydroxy-4-methoxyphenyl)prop-2-enoic acid'}, {'DB_ID': 'HMDB0137510', 'name': '3-(4-hydroxy-2-methoxyphenyl)prop-2-enoic acid'}, {'DB_ID': 'HMDB0140957', 'name': '(2E)-3-(3-hydroxy-2-methoxyphenyl)prop-2-enoic acid'}, {'DB_ID': 'HMDB0141263', 'name': '(2Z)-2-hydroxy-3-(3-methoxyphenyl)prop-2-enoic acid'}, {'DB_ID': 'HMDB0141265', 'name': '3-(3-methoxyphenyl)-2-oxopropanoic acid'}, {'DB_ID': 'HMDB0142175', 'name': '2-benzylpropanedioic acid'}]}	('C10H10O4_194.057909', '', 1)	[]
220.0585126	2.0667865	kp62_194.0573	13C/12C*3,Na/H	['C10H10O4']	194.05729469573	mono-Benzyl malonate	{'C10H10O4': [{'DB_ID': 'HMDB0059721', 'name': 'mono-Benzyl malonate'}, {'DB_ID': 'HMDB0061686', 'name': '2,5-Dihydroxycinnamic acid methyl ester'}, {'DB_ID': 'HMDB0000954', 'name': 'Ferulic acid'}, {'DB_ID': 'HMDB0000955', 'name': 'Isoferulic acid'}, {'DB_ID': 'HMDB0002120', 'name': 'Monoethyl phthalate'}, {'DB_ID': 'HMDB0029663', 'name': 'Vanillin acetate'}, {'DB_ID': 'HMDB0030765', 'name': '(-)-trans-3,4-Dihydro-4,8-dihydroxy-3-methyl-1H-2-benzopyran-1-one'}, {'DB_ID': 'HMDB0032614', 'name': 'Piperonyl acetate'}, {'DB_ID': 'HMDB0032652', 'name': 'Meconine'}, {'DB_ID': 'HMDB0037644', 'name': '3-(2-Hydroxy-3-methoxyphenyl)-2-propenoic acid'}, {'DB_ID': 'HMDB0039606', 'name': 'Repandiol'}, {'DB_ID': 'HMDB0125096', 'name': '3-(4-hydroxy-3-methoxyphenyl)prop-2-enoic acid'}, {'DB_ID': 'HMDB0125524', 'name': '(2E)-3-(3-hydroxy-5-methoxyphenyl)prop-2-enoic acid'}, {'DB_ID': 'HMDB0125588', 'name': '3-(3-hydroxy-5-methoxyphenyl)prop-2-enoic acid'}, {'DB_ID': 'HMDB0127500', 'name': '3-(4-methoxyphenyl)-2-oxopropanoic acid'}, {'DB_ID': 'HMDB0131137', 'name': '3-(3-hydroxy-4-methoxyphenyl)prop-2-enoic acid'}, {'DB_ID': 'HMDB0131171', 'name': '(2Z)-2-hydroxy-3-(4-methoxyphenyl)prop-2-enoic acid'}, {'DB_ID': 'HMDB0131172', 'name': '(2E)-3-(2-hydroxy-4-methoxyphenyl)prop-2-enoic acid'}, {'DB_ID': 'HMDB0131173', 'name': '3-(4-methoxyphenyl)oxirane-2-carboxylic acid'}, {'DB_ID': 'HMDB0134088', 'name': '3-(2-hydroxy-3-methoxyphenyl)prop-2-enoic acid'}, {'DB_ID': 'HMDB0135741', 'name': '3-(2-hydroxy-4-methoxyphenyl)prop-2-enoic acid'}, {'DB_ID': 'HMDB0137510', 'name': '3-(4-hydroxy-2-methoxyphenyl)prop-2-enoic acid'}, {'DB_ID': 'HMDB0140957', 'name': '(2E)-3-(3-hydroxy-2-methoxyphenyl)prop-2-enoic acid'}, {'DB_ID': 'HMDB0141263', 'name': '(2Z)-2-hydroxy-3-(3-methoxyphenyl)prop-2-enoic acid'}, {'DB_ID': 'HMDB0141265', 'name': '3-(3-methoxyphenyl)-2-oxopropanoic acid'}, {'DB_ID': 'HMDB0142175', 'name': '2-benzylpropanedioic acid'}]}	('C10H10O4_194.057909', '', 1)	[]
227.0794248	1.832607	kp62_194.0573	13C/12C*10,Na/H	['C10H10O4']	194.05729469573	mono-Benzyl malonate	{'C10H10O4': [{'DB_ID': 'HMDB0059721', 'name': 'mono-Benzyl malonate'}, {'DB_ID': 'HMDB0061686', 'name': '2,5-Dihydroxycinnamic acid methyl ester'}, {'DB_ID': 'HMDB0000954', 'name': 'Ferulic acid'}, {'DB_ID': 'HMDB0000955', 'name': 'Isoferulic acid'}, {'DB_ID': 'HMDB0002120', 'name': 'Monoethyl phthalate'}, {'DB_ID': 'HMDB0029663', 'name': 'Vanillin acetate'}, {'DB_ID': 'HMDB0030765', 'name': '(-)-trans-3,4-Dihydro-4,8-dihydroxy-3-methyl-1H-2-benzopyran-1-one'}, {'DB_ID': 'HMDB0032614', 'name': 'Piperonyl acetate'}, {'DB_ID': 'HMDB0032652', 'name': 'Meconine'}, {'DB_ID': 'HMDB0037644', 'name': '3-(2-Hydroxy-3-methoxyphenyl)-2-propenoic acid'}, {'DB_ID': 'HMDB0039606', 'name': 'Repandiol'}, {'DB_ID': 'HMDB0125096', 'name': '3-(4-hydroxy-3-methoxyphenyl)prop-2-enoic acid'}, {'DB_ID': 'HMDB0125524', 'name': '(2E)-3-(3-hydroxy-5-methoxyphenyl)prop-2-enoic acid'}, {'DB_ID': 'HMDB0125588', 'name': '3-(3-hydroxy-5-methoxyphenyl)prop-2-enoic acid'}, {'DB_ID': 'HMDB0127500', 'name': '3-(4-methoxyphenyl)-2-oxopropanoic acid'}, {'DB_ID': 'HMDB0131137', 'name': '3-(3-hydroxy-4-methoxyphenyl)prop-2-enoic acid'}, {'DB_ID': 'HMDB0131171', 'name': '(2Z)-2-hydroxy-3-(4-methoxyphenyl)prop-2-enoic acid'}, {'DB_ID': 'HMDB0131172', 'name': '(2E)-3-(2-hydroxy-4-methoxyphenyl)prop-2-enoic acid'}, {'DB_ID': 'HMDB0131173', 'name': '3-(4-methoxyphenyl)oxirane-2-carboxylic acid'}, {'DB_ID': 'HMDB0134088', 'name': '3-(2-hydroxy-3-methoxyphenyl)prop-2-enoic acid'}, {'DB_ID': 'HMDB0135741', 'name': '3-(2-hydroxy-4-methoxyphenyl)prop-2-enoic acid'}, {'DB_ID': 'HMDB0137510', 'name': '3-(4-hydroxy-2-methoxyphenyl)prop-2-enoic acid'}, {'DB_ID': 'HMDB0140957', 'name': '(2E)-3-(3-hydroxy-2-methoxyphenyl)prop-2-enoic acid'}, {'DB_ID': 'HMDB0141263', 'name': '(2Z)-2-hydroxy-3-(3-methoxyphenyl)prop-2-enoic acid'}, {'DB_ID': 'HMDB0141265', 'name': '3-(3-methoxyphenyl)-2-oxopropanoic acid'}, {'DB_ID': 'HMDB0142175', 'name': '2-benzylpropanedioic acid'}]}	('C10H10O4_194.057909', '', 1)	[]
202.0842281	2.1320858	kp62_194.0573	13C/12C*7,M+H+	['C10H10O4']	194.05729469573	mono-Benzyl malonate	{'C10H10O4': [{'DB_ID': 'HMDB0059721', 'name': 'mono-Benzyl malonate'}, {'DB_ID': 'HMDB0061686', 'name': '2,5-Dihydroxycinnamic acid methyl ester'}, {'DB_ID': 'HMDB0000954', 'name': 'Ferulic acid'}, {'DB_ID': 'HMDB0000955', 'name': 'Isoferulic acid'}, {'DB_ID': 'HMDB0002120', 'name': 'Monoethyl phthalate'}, {'DB_ID': 'HMDB0029663', 'name': 'Vanillin acetate'}, {'DB_ID': 'HMDB0030765', 'name': '(-)-trans-3,4-Dihydro-4,8-dihydroxy-3-methyl-1H-2-benzopyran-1-one'}, {'DB_ID': 'HMDB0032614', 'name': 'Piperonyl acetate'}, {'DB_ID': 'HMDB0032652', 'name': 'Meconine'}, {'DB_ID': 'HMDB0037644', 'name': '3-(2-Hydroxy-3-methoxyphenyl)-2-propenoic acid'}, {'DB_ID': 'HMDB0039606', 'name': 'Repandiol'}, {'DB_ID': 'HMDB0125096', 'name': '3-(4-hydroxy-3-methoxyphenyl)prop-2-enoic acid'}, {'DB_ID': 'HMDB0125524', 'name': '(2E)-3-(3-hydroxy-5-methoxyphenyl)prop-2-enoic acid'}, {'DB_ID': 'HMDB0125588', 'name': '3-(3-hydroxy-5-methoxyphenyl)prop-2-enoic acid'}, {'DB_ID': 'HMDB0127500', 'name': '3-(4-methoxyphenyl)-2-oxopropanoic acid'}, {'DB_ID': 'HMDB0131137', 'name': '3-(3-hydroxy-4-methoxyphenyl)prop-2-enoic acid'}, {'DB_ID': 'HMDB0131171', 'name': '(2Z)-2-hydroxy-3-(4-methoxyphenyl)prop-2-enoic acid'}, {'DB_ID': 'HMDB0131172', 'name': '(2E)-3-(2-hydroxy-4-methoxyphenyl)prop-2-enoic acid'}, {'DB_ID': 'HMDB0131173', 'name': '3-(4-methoxyphenyl)oxirane-2-carboxylic acid'}, {'DB_ID': 'HMDB0134088', 'name': '3-(2-hydroxy-3-methoxyphenyl)prop-2-enoic acid'}, {'DB_ID': 'HMDB0135741', 'name': '3-(2-hydroxy-4-methoxyphenyl)prop-2-enoic acid'}, {'DB_ID': 'HMDB0137510', 'name': '3-(4-hydroxy-2-methoxyphenyl)prop-2-enoic acid'}, {'DB_ID': 'HMDB0140957', 'name': '(2E)-3-(3-hydroxy-2-methoxyphenyl)prop-2-enoic acid'}, {'DB_ID': 'HMDB0141263', 'name': '(2Z)-2-hydroxy-3-(3-methoxyphenyl)prop-2-enoic acid'}, {'DB_ID': 'HMDB0141265', 'name': '3-(3-methoxyphenyl)-2-oxopropanoic acid'}, {'DB_ID': 'HMDB0142175', 'name': '2-benzylpropanedioic acid'}]}	('C10H10O4_194.057909', '', 1)	[]
243.0533437	1.8271433	kp62_194.0573	13C/12C*10,K/H	['C10H10O4']	194.05729469573	mono-Benzyl malonate	{'C10H10O4': [{'DB_ID': 'HMDB0059721', 'name': 'mono-Benzyl malonate'}, {'DB_ID': 'HMDB0061686', 'name': '2,5-Dihydroxycinnamic acid methyl ester'}, {'DB_ID': 'HMDB0000954', 'name': 'Ferulic acid'}, {'DB_ID': 'HMDB0000955', 'name': 'Isoferulic acid'}, {'DB_ID': 'HMDB0002120', 'name': 'Monoethyl phthalate'}, {'DB_ID': 'HMDB0029663', 'name': 'Vanillin acetate'}, {'DB_ID': 'HMDB0030765', 'name': '(-)-trans-3,4-Dihydro-4,8-dihydroxy-3-methyl-1H-2-benzopyran-1-one'}, {'DB_ID': 'HMDB0032614', 'name': 'Piperonyl acetate'}, {'DB_ID': 'HMDB0032652', 'name': 'Meconine'}, {'DB_ID': 'HMDB0037644', 'name': '3-(2-Hydroxy-3-methoxyphenyl)-2-propenoic acid'}, {'DB_ID': 'HMDB0039606', 'name': 'Repandiol'}, {'DB_ID': 'HMDB0125096', 'name': '3-(4-hydroxy-3-methoxyphenyl)prop-2-enoic acid'}, {'DB_ID': 'HMDB0125524', 'name': '(2E)-3-(3-hydroxy-5-methoxyphenyl)prop-2-enoic acid'}, {'DB_ID': 'HMDB0125588', 'name': '3-(3-hydroxy-5-methoxyphenyl)prop-2-enoic acid'}, {'DB_ID': 'HMDB0127500', 'name': '3-(4-methoxyphenyl)-2-oxopropanoic acid'}, {'DB_ID': 'HMDB0131137', 'name': '3-(3-hydroxy-4-methoxyphenyl)prop-2-enoic acid'}, {'DB_ID': 'HMDB0131171', 'name': '(2Z)-2-hydroxy-3-(4-methoxyphenyl)prop-2-enoic acid'}, {'DB_ID': 'HMDB0131172', 'name': '(2E)-3-(2-hydroxy-4-methoxyphenyl)prop-2-enoic acid'}, {'DB_ID': 'HMDB0131173', 'name': '3-(4-methoxyphenyl)oxirane-2-carboxylic acid'}, {'DB_ID': 'HMDB0134088', 'name': '3-(2-hydroxy-3-methoxyphenyl)prop-2-enoic acid'}, {'DB_ID': 'HMDB0135741', 'name': '3-(2-hydroxy-4-methoxyphenyl)prop-2-enoic acid'}, {'DB_ID': 'HMDB0137510', 'name': '3-(4-hydroxy-2-methoxyphenyl)prop-2-enoic acid'}, {'DB_ID': 'HMDB0140957', 'name': '(2E)-3-(3-hydroxy-2-methoxyphenyl)prop-2-enoic acid'}, {'DB_ID': 'HMDB0141263', 'name': '(2Z)-2-hydroxy-3-(3-methoxyphenyl)prop-2-enoic acid'}, {'DB_ID': 'HMDB0141265', 'name': '3-(3-methoxyphenyl)-2-oxopropanoic acid'}, {'DB_ID': 'HMDB0142175', 'name': '2-benzylpropanedioic acid'}]}	('C10H10O4_194.057909', '', 1)	[]
198.076184	2.080694	kp62_194.0573	13C/12C*3,M+H+	['C10H10O4']	194.05729469573	mono-Benzyl malonate	{'C10H10O4': [{'DB_ID': 'HMDB0059721', 'name': 'mono-Benzyl malonate'}, {'DB_ID': 'HMDB0061686', 'name': '2,5-Dihydroxycinnamic acid methyl ester'}, {'DB_ID': 'HMDB0000954', 'name': 'Ferulic acid'}, {'DB_ID': 'HMDB0000955', 'name': 'Isoferulic acid'}, {'DB_ID': 'HMDB0002120', 'name': 'Monoethyl phthalate'}, {'DB_ID': 'HMDB0029663', 'name': 'Vanillin acetate'}, {'DB_ID': 'HMDB0030765', 'name': '(-)-trans-3,4-Dihydro-4,8-dihydroxy-3-methyl-1H-2-benzopyran-1-one'}, {'DB_ID': 'HMDB0032614', 'name': 'Piperonyl acetate'}, {'DB_ID': 'HMDB0032652', 'name': 'Meconine'}, {'DB_ID': 'HMDB0037644', 'name': '3-(2-Hydroxy-3-methoxyphenyl)-2-propenoic acid'}, {'DB_ID': 'HMDB0039606', 'name': 'Repandiol'}, {'DB_ID': 'HMDB0125096', 'name': '3-(4-hydroxy-3-methoxyphenyl)prop-2-enoic acid'}, {'DB_ID': 'HMDB0125524', 'name': '(2E)-3-(3-hydroxy-5-methoxyphenyl)prop-2-enoic acid'}, {'DB_ID': 'HMDB0125588', 'name': '3-(3-hydroxy-5-methoxyphenyl)prop-2-enoic acid'}, {'DB_ID': 'HMDB0127500', 'name': '3-(4-methoxyphenyl)-2-oxopropanoic acid'}, {'DB_ID': 'HMDB0131137', 'name': '3-(3-hydroxy-4-methoxyphenyl)prop-2-enoic acid'}, {'DB_ID': 'HMDB0131171', 'name': '(2Z)-2-hydroxy-3-(4-methoxyphenyl)prop-2-enoic acid'}, {'DB_ID': 'HMDB0131172', 'name': '(2E)-3-(2-hydroxy-4-methoxyphenyl)prop-2-enoic acid'}, {'DB_ID': 'HMDB0131173', 'name': '3-(4-methoxyphenyl)oxirane-2-carboxylic acid'}, {'DB_ID': 'HMDB0134088', 'name': '3-(2-hydroxy-3-methoxyphenyl)prop-2-enoic acid'}, {'DB_ID': 'HMDB0135741', 'name': '3-(2-hydroxy-4-methoxyphenyl)prop-2-enoic acid'}, {'DB_ID': 'HMDB0137510', 'name': '3-(4-hydroxy-2-methoxyphenyl)prop-2-enoic acid'}, {'DB_ID': 'HMDB0140957', 'name': '(2E)-3-(3-hydroxy-2-methoxyphenyl)prop-2-enoic acid'}, {'DB_ID': 'HMDB0141263', 'name': '(2Z)-2-hydroxy-3-(3-methoxyphenyl)prop-2-enoic acid'}, {'DB_ID': 'HMDB0141265', 'name': '3-(3-methoxyphenyl)-2-oxopropanoic acid'}, {'DB_ID': 'HMDB0142175', 'name': '2-benzylpropanedioic acid'}]}	('C10H10O4_194.057909', '', 1)	[]
172.0760128	2.2552989	kp63_171.0683	M0,M+H+	None	171.06834048322997				[]
180.1020611	2.1250458	kp63_171.0683	13C/12C*8,M+H+	None	171.06834048322997				[]
773.215266	2.1684046	kp64_770.1945	13C/12C*2,M+H+	['C33H38O21']	770.1944650498967	3,4,5-trihydroxy-6-{[5-hydroxy-2-(3-hydroxyphenyl)-4-oxo-6,8-bis[3,4,5-trihydroxy-6-(hydroxymethyl)oxan-2-yl]-4H-chromen-7-yl]oxy}oxane-2-carboxylic acid	{'C33H38O21': [{'DB_ID': 'HMDB0126962', 'name': '3,4,5-trihydroxy-6-{[5-hydroxy-2-(3-hydroxyphenyl)-4-oxo-6,8-bis[3,4,5-trihydroxy-6-(hydroxymethyl)oxan-2-yl]-4H-chromen-7-yl]oxy}oxane-2-carboxylic acid'}, {'DB_ID': 'HMDB0126963', 'name': '3,4,5-trihydroxy-6-{[7-hydroxy-2-(3-hydroxyphenyl)-4-oxo-6,8-bis[3,4,5-trihydroxy-6-(hydroxymethyl)oxan-2-yl]-4H-chromen-5-yl]oxy}oxane-2-carboxylic acid'}, {'DB_ID': 'HMDB0126964', 'name': '6-(3-{5,7-dihydroxy-4-oxo-6,8-bis[3,4,5-trihydroxy-6-(hydroxymethyl)oxan-2-yl]-4H-chromen-2-yl}phenoxy)-3,4,5-trihydroxyoxane-2-carboxylic acid'}, {'DB_ID': 'HMDB0127005', 'name': '3,4,5-trihydroxy-6-{[5-hydroxy-2-(4-hydroxyphenyl)-4-oxo-3,6-bis[3,4,5-trihydroxy-6-(hydroxymethyl)oxan-2-yl]-4H-chromen-7-yl]oxy}oxane-2-carboxylic acid'}, {'DB_ID': 'HMDB0127006', 'name': '6-(4-{5,7-dihydroxy-4-oxo-3,6-bis[3,4,5-trihydroxy-6-(hydroxymethyl)oxan-2-yl]-4H-chromen-2-yl}phenoxy)-3,4,5-trihydroxyoxane-2-carboxylic acid'}, {'DB_ID': 'HMDB0127007', 'name': '3,4,5-trihydroxy-6-{[7-hydroxy-2-(4-hydroxyphenyl)-4-oxo-3,6-bis[3,4,5-trihydroxy-6-(hydroxymethyl)oxan-2-yl]-4H-chromen-5-yl]oxy}oxane-2-carboxylic acid'}, {'DB_ID': 'HMDB0127041', 'name': '6-(3-{5,7-dihydroxy-4-oxo-3,6-bis[3,4,5-trihydroxy-6-(hydroxymethyl)oxan-2-yl]-4H-chromen-2-yl}phenoxy)-3,4,5-trihydroxyoxane-2-carboxylic acid'}, {'DB_ID': 'HMDB0127042', 'name': '3,4,5-trihydroxy-6-{[5-hydroxy-2-(3-hydroxyphenyl)-4-oxo-3,6-bis[3,4,5-trihydroxy-6-(hydroxymethyl)oxan-2-yl]-4H-chromen-7-yl]oxy}oxane-2-carboxylic acid'}, {'DB_ID': 'HMDB0127043', 'name': '3,4,5-trihydroxy-6-{[7-hydroxy-2-(3-hydroxyphenyl)-4-oxo-3,6-bis[3,4,5-trihydroxy-6-(hydroxymethyl)oxan-2-yl]-4H-chromen-5-yl]oxy}oxane-2-carboxylic acid'}, {'DB_ID': 'HMDB0127075', 'name': '3,4,5-trihydroxy-6-{[7-hydroxy-2-(4-hydroxyphenyl)-4-oxo-6,8-bis[3,4,5-trihydroxy-6-(hydroxymethyl)oxan-2-yl]-4H-chromen-5-yl]oxy}oxane-2-carboxylic acid'}, {'DB_ID': 'HMDB0127076', 'name': '6-(4-{5,7-dihydroxy-4-oxo-6,8-bis[3,4,5-trihydroxy-6-(hydroxymethyl)oxan-2-yl]-4H-chromen-2-yl}phenoxy)-3,4,5-trihydroxyoxane-2-carboxylic acid'}, {'DB_ID': 'HMDB0127077', 'name': '3,4,5-trihydroxy-6-{[5-hydroxy-2-(4-hydroxyphenyl)-4-oxo-6,8-bis[3,4,5-trihydroxy-6-(hydroxymethyl)oxan-2-yl]-4H-chromen-7-yl]oxy}oxane-2-carboxylic acid'}]}	('C33H38O21_770.190558', '', 1)	[]
793.1817543	2.170417	kp64_770.1945	M0,Na/H	['C33H38O21']	770.1944650498967	3,4,5-trihydroxy-6-{[5-hydroxy-2-(3-hydroxyphenyl)-4-oxo-6,8-bis[3,4,5-trihydroxy-6-(hydroxymethyl)oxan-2-yl]-4H-chromen-7-yl]oxy}oxane-2-carboxylic acid	{'C33H38O21': [{'DB_ID': 'HMDB0126962', 'name': '3,4,5-trihydroxy-6-{[5-hydroxy-2-(3-hydroxyphenyl)-4-oxo-6,8-bis[3,4,5-trihydroxy-6-(hydroxymethyl)oxan-2-yl]-4H-chromen-7-yl]oxy}oxane-2-carboxylic acid'}, {'DB_ID': 'HMDB0126963', 'name': '3,4,5-trihydroxy-6-{[7-hydroxy-2-(3-hydroxyphenyl)-4-oxo-6,8-bis[3,4,5-trihydroxy-6-(hydroxymethyl)oxan-2-yl]-4H-chromen-5-yl]oxy}oxane-2-carboxylic acid'}, {'DB_ID': 'HMDB0126964', 'name': '6-(3-{5,7-dihydroxy-4-oxo-6,8-bis[3,4,5-trihydroxy-6-(hydroxymethyl)oxan-2-yl]-4H-chromen-2-yl}phenoxy)-3,4,5-trihydroxyoxane-2-carboxylic acid'}, {'DB_ID': 'HMDB0127005', 'name': '3,4,5-trihydroxy-6-{[5-hydroxy-2-(4-hydroxyphenyl)-4-oxo-3,6-bis[3,4,5-trihydroxy-6-(hydroxymethyl)oxan-2-yl]-4H-chromen-7-yl]oxy}oxane-2-carboxylic acid'}, {'DB_ID': 'HMDB0127006', 'name': '6-(4-{5,7-dihydroxy-4-oxo-3,6-bis[3,4,5-trihydroxy-6-(hydroxymethyl)oxan-2-yl]-4H-chromen-2-yl}phenoxy)-3,4,5-trihydroxyoxane-2-carboxylic acid'}, {'DB_ID': 'HMDB0127007', 'name': '3,4,5-trihydroxy-6-{[7-hydroxy-2-(4-hydroxyphenyl)-4-oxo-3,6-bis[3,4,5-trihydroxy-6-(hydroxymethyl)oxan-2-yl]-4H-chromen-5-yl]oxy}oxane-2-carboxylic acid'}, {'DB_ID': 'HMDB0127041', 'name': '6-(3-{5,7-dihydroxy-4-oxo-3,6-bis[3,4,5-trihydroxy-6-(hydroxymethyl)oxan-2-yl]-4H-chromen-2-yl}phenoxy)-3,4,5-trihydroxyoxane-2-carboxylic acid'}, {'DB_ID': 'HMDB0127042', 'name': '3,4,5-trihydroxy-6-{[5-hydroxy-2-(3-hydroxyphenyl)-4-oxo-3,6-bis[3,4,5-trihydroxy-6-(hydroxymethyl)oxan-2-yl]-4H-chromen-7-yl]oxy}oxane-2-carboxylic acid'}, {'DB_ID': 'HMDB0127043', 'name': '3,4,5-trihydroxy-6-{[7-hydroxy-2-(3-hydroxyphenyl)-4-oxo-3,6-bis[3,4,5-trihydroxy-6-(hydroxymethyl)oxan-2-yl]-4H-chromen-5-yl]oxy}oxane-2-carboxylic acid'}, {'DB_ID': 'HMDB0127075', 'name': '3,4,5-trihydroxy-6-{[7-hydroxy-2-(4-hydroxyphenyl)-4-oxo-6,8-bis[3,4,5-trihydroxy-6-(hydroxymethyl)oxan-2-yl]-4H-chromen-5-yl]oxy}oxane-2-carboxylic acid'}, {'DB_ID': 'HMDB0127076', 'name': '6-(4-{5,7-dihydroxy-4-oxo-6,8-bis[3,4,5-trihydroxy-6-(hydroxymethyl)oxan-2-yl]-4H-chromen-2-yl}phenoxy)-3,4,5-trihydroxyoxane-2-carboxylic acid'}, {'DB_ID': 'HMDB0127077', 'name': '3,4,5-trihydroxy-6-{[5-hydroxy-2-(4-hydroxyphenyl)-4-oxo-6,8-bis[3,4,5-trihydroxy-6-(hydroxymethyl)oxan-2-yl]-4H-chromen-7-yl]oxy}oxane-2-carboxylic acid'}]}	('C33H38O21_770.190558', '', 1)	[]
771.1996241	2.1597927	kp64_770.1945	M0,M+H+	['C33H38O21']	770.1944650498967	3,4,5-trihydroxy-6-{[5-hydroxy-2-(3-hydroxyphenyl)-4-oxo-6,8-bis[3,4,5-trihydroxy-6-(hydroxymethyl)oxan-2-yl]-4H-chromen-7-yl]oxy}oxane-2-carboxylic acid	{'C33H38O21': [{'DB_ID': 'HMDB0126962', 'name': '3,4,5-trihydroxy-6-{[5-hydroxy-2-(3-hydroxyphenyl)-4-oxo-6,8-bis[3,4,5-trihydroxy-6-(hydroxymethyl)oxan-2-yl]-4H-chromen-7-yl]oxy}oxane-2-carboxylic acid'}, {'DB_ID': 'HMDB0126963', 'name': '3,4,5-trihydroxy-6-{[7-hydroxy-2-(3-hydroxyphenyl)-4-oxo-6,8-bis[3,4,5-trihydroxy-6-(hydroxymethyl)oxan-2-yl]-4H-chromen-5-yl]oxy}oxane-2-carboxylic acid'}, {'DB_ID': 'HMDB0126964', 'name': '6-(3-{5,7-dihydroxy-4-oxo-6,8-bis[3,4,5-trihydroxy-6-(hydroxymethyl)oxan-2-yl]-4H-chromen-2-yl}phenoxy)-3,4,5-trihydroxyoxane-2-carboxylic acid'}, {'DB_ID': 'HMDB0127005', 'name': '3,4,5-trihydroxy-6-{[5-hydroxy-2-(4-hydroxyphenyl)-4-oxo-3,6-bis[3,4,5-trihydroxy-6-(hydroxymethyl)oxan-2-yl]-4H-chromen-7-yl]oxy}oxane-2-carboxylic acid'}, {'DB_ID': 'HMDB0127006', 'name': '6-(4-{5,7-dihydroxy-4-oxo-3,6-bis[3,4,5-trihydroxy-6-(hydroxymethyl)oxan-2-yl]-4H-chromen-2-yl}phenoxy)-3,4,5-trihydroxyoxane-2-carboxylic acid'}, {'DB_ID': 'HMDB0127007', 'name': '3,4,5-trihydroxy-6-{[7-hydroxy-2-(4-hydroxyphenyl)-4-oxo-3,6-bis[3,4,5-trihydroxy-6-(hydroxymethyl)oxan-2-yl]-4H-chromen-5-yl]oxy}oxane-2-carboxylic acid'}, {'DB_ID': 'HMDB0127041', 'name': '6-(3-{5,7-dihydroxy-4-oxo-3,6-bis[3,4,5-trihydroxy-6-(hydroxymethyl)oxan-2-yl]-4H-chromen-2-yl}phenoxy)-3,4,5-trihydroxyoxane-2-carboxylic acid'}, {'DB_ID': 'HMDB0127042', 'name': '3,4,5-trihydroxy-6-{[5-hydroxy-2-(3-hydroxyphenyl)-4-oxo-3,6-bis[3,4,5-trihydroxy-6-(hydroxymethyl)oxan-2-yl]-4H-chromen-7-yl]oxy}oxane-2-carboxylic acid'}, {'DB_ID': 'HMDB0127043', 'name': '3,4,5-trihydroxy-6-{[7-hydroxy-2-(3-hydroxyphenyl)-4-oxo-3,6-bis[3,4,5-trihydroxy-6-(hydroxymethyl)oxan-2-yl]-4H-chromen-5-yl]oxy}oxane-2-carboxylic acid'}, {'DB_ID': 'HMDB0127075', 'name': '3,4,5-trihydroxy-6-{[7-hydroxy-2-(4-hydroxyphenyl)-4-oxo-6,8-bis[3,4,5-trihydroxy-6-(hydroxymethyl)oxan-2-yl]-4H-chromen-5-yl]oxy}oxane-2-carboxylic acid'}, {'DB_ID': 'HMDB0127076', 'name': '6-(4-{5,7-dihydroxy-4-oxo-6,8-bis[3,4,5-trihydroxy-6-(hydroxymethyl)oxan-2-yl]-4H-chromen-2-yl}phenoxy)-3,4,5-trihydroxyoxane-2-carboxylic acid'}, {'DB_ID': 'HMDB0127077', 'name': '3,4,5-trihydroxy-6-{[5-hydroxy-2-(4-hydroxyphenyl)-4-oxo-6,8-bis[3,4,5-trihydroxy-6-(hydroxymethyl)oxan-2-yl]-4H-chromen-7-yl]oxy}oxane-2-carboxylic acid'}]}	('C33H38O21_770.190558', '', 1)	[]
809.1572095	2.168393	kp64_770.1945	M0,K/H	['C33H38O21']	770.1944650498967	3,4,5-trihydroxy-6-{[5-hydroxy-2-(3-hydroxyphenyl)-4-oxo-6,8-bis[3,4,5-trihydroxy-6-(hydroxymethyl)oxan-2-yl]-4H-chromen-7-yl]oxy}oxane-2-carboxylic acid	{'C33H38O21': [{'DB_ID': 'HMDB0126962', 'name': '3,4,5-trihydroxy-6-{[5-hydroxy-2-(3-hydroxyphenyl)-4-oxo-6,8-bis[3,4,5-trihydroxy-6-(hydroxymethyl)oxan-2-yl]-4H-chromen-7-yl]oxy}oxane-2-carboxylic acid'}, {'DB_ID': 'HMDB0126963', 'name': '3,4,5-trihydroxy-6-{[7-hydroxy-2-(3-hydroxyphenyl)-4-oxo-6,8-bis[3,4,5-trihydroxy-6-(hydroxymethyl)oxan-2-yl]-4H-chromen-5-yl]oxy}oxane-2-carboxylic acid'}, {'DB_ID': 'HMDB0126964', 'name': '6-(3-{5,7-dihydroxy-4-oxo-6,8-bis[3,4,5-trihydroxy-6-(hydroxymethyl)oxan-2-yl]-4H-chromen-2-yl}phenoxy)-3,4,5-trihydroxyoxane-2-carboxylic acid'}, {'DB_ID': 'HMDB0127005', 'name': '3,4,5-trihydroxy-6-{[5-hydroxy-2-(4-hydroxyphenyl)-4-oxo-3,6-bis[3,4,5-trihydroxy-6-(hydroxymethyl)oxan-2-yl]-4H-chromen-7-yl]oxy}oxane-2-carboxylic acid'}, {'DB_ID': 'HMDB0127006', 'name': '6-(4-{5,7-dihydroxy-4-oxo-3,6-bis[3,4,5-trihydroxy-6-(hydroxymethyl)oxan-2-yl]-4H-chromen-2-yl}phenoxy)-3,4,5-trihydroxyoxane-2-carboxylic acid'}, {'DB_ID': 'HMDB0127007', 'name': '3,4,5-trihydroxy-6-{[7-hydroxy-2-(4-hydroxyphenyl)-4-oxo-3,6-bis[3,4,5-trihydroxy-6-(hydroxymethyl)oxan-2-yl]-4H-chromen-5-yl]oxy}oxane-2-carboxylic acid'}, {'DB_ID': 'HMDB0127041', 'name': '6-(3-{5,7-dihydroxy-4-oxo-3,6-bis[3,4,5-trihydroxy-6-(hydroxymethyl)oxan-2-yl]-4H-chromen-2-yl}phenoxy)-3,4,5-trihydroxyoxane-2-carboxylic acid'}, {'DB_ID': 'HMDB0127042', 'name': '3,4,5-trihydroxy-6-{[5-hydroxy-2-(3-hydroxyphenyl)-4-oxo-3,6-bis[3,4,5-trihydroxy-6-(hydroxymethyl)oxan-2-yl]-4H-chromen-7-yl]oxy}oxane-2-carboxylic acid'}, {'DB_ID': 'HMDB0127043', 'name': '3,4,5-trihydroxy-6-{[7-hydroxy-2-(3-hydroxyphenyl)-4-oxo-3,6-bis[3,4,5-trihydroxy-6-(hydroxymethyl)oxan-2-yl]-4H-chromen-5-yl]oxy}oxane-2-carboxylic acid'}, {'DB_ID': 'HMDB0127075', 'name': '3,4,5-trihydroxy-6-{[7-hydroxy-2-(4-hydroxyphenyl)-4-oxo-6,8-bis[3,4,5-trihydroxy-6-(hydroxymethyl)oxan-2-yl]-4H-chromen-5-yl]oxy}oxane-2-carboxylic acid'}, {'DB_ID': 'HMDB0127076', 'name': '6-(4-{5,7-dihydroxy-4-oxo-6,8-bis[3,4,5-trihydroxy-6-(hydroxymethyl)oxan-2-yl]-4H-chromen-2-yl}phenoxy)-3,4,5-trihydroxyoxane-2-carboxylic acid'}, {'DB_ID': 'HMDB0127077', 'name': '3,4,5-trihydroxy-6-{[5-hydroxy-2-(4-hydroxyphenyl)-4-oxo-6,8-bis[3,4,5-trihydroxy-6-(hydroxymethyl)oxan-2-yl]-4H-chromen-7-yl]oxy}oxane-2-carboxylic acid'}]}	('C33H38O21_770.190558', '', 1)	[]
795.1970267	2.1684046	kp64_770.1945	13C/12C*2,Na/H	['C33H38O21']	770.1944650498967	3,4,5-trihydroxy-6-{[5-hydroxy-2-(3-hydroxyphenyl)-4-oxo-6,8-bis[3,4,5-trihydroxy-6-(hydroxymethyl)oxan-2-yl]-4H-chromen-7-yl]oxy}oxane-2-carboxylic acid	{'C33H38O21': [{'DB_ID': 'HMDB0126962', 'name': '3,4,5-trihydroxy-6-{[5-hydroxy-2-(3-hydroxyphenyl)-4-oxo-6,8-bis[3,4,5-trihydroxy-6-(hydroxymethyl)oxan-2-yl]-4H-chromen-7-yl]oxy}oxane-2-carboxylic acid'}, {'DB_ID': 'HMDB0126963', 'name': '3,4,5-trihydroxy-6-{[7-hydroxy-2-(3-hydroxyphenyl)-4-oxo-6,8-bis[3,4,5-trihydroxy-6-(hydroxymethyl)oxan-2-yl]-4H-chromen-5-yl]oxy}oxane-2-carboxylic acid'}, {'DB_ID': 'HMDB0126964', 'name': '6-(3-{5,7-dihydroxy-4-oxo-6,8-bis[3,4,5-trihydroxy-6-(hydroxymethyl)oxan-2-yl]-4H-chromen-2-yl}phenoxy)-3,4,5-trihydroxyoxane-2-carboxylic acid'}, {'DB_ID': 'HMDB0127005', 'name': '3,4,5-trihydroxy-6-{[5-hydroxy-2-(4-hydroxyphenyl)-4-oxo-3,6-bis[3,4,5-trihydroxy-6-(hydroxymethyl)oxan-2-yl]-4H-chromen-7-yl]oxy}oxane-2-carboxylic acid'}, {'DB_ID': 'HMDB0127006', 'name': '6-(4-{5,7-dihydroxy-4-oxo-3,6-bis[3,4,5-trihydroxy-6-(hydroxymethyl)oxan-2-yl]-4H-chromen-2-yl}phenoxy)-3,4,5-trihydroxyoxane-2-carboxylic acid'}, {'DB_ID': 'HMDB0127007', 'name': '3,4,5-trihydroxy-6-{[7-hydroxy-2-(4-hydroxyphenyl)-4-oxo-3,6-bis[3,4,5-trihydroxy-6-(hydroxymethyl)oxan-2-yl]-4H-chromen-5-yl]oxy}oxane-2-carboxylic acid'}, {'DB_ID': 'HMDB0127041', 'name': '6-(3-{5,7-dihydroxy-4-oxo-3,6-bis[3,4,5-trihydroxy-6-(hydroxymethyl)oxan-2-yl]-4H-chromen-2-yl}phenoxy)-3,4,5-trihydroxyoxane-2-carboxylic acid'}, {'DB_ID': 'HMDB0127042', 'name': '3,4,5-trihydroxy-6-{[5-hydroxy-2-(3-hydroxyphenyl)-4-oxo-3,6-bis[3,4,5-trihydroxy-6-(hydroxymethyl)oxan-2-yl]-4H-chromen-7-yl]oxy}oxane-2-carboxylic acid'}, {'DB_ID': 'HMDB0127043', 'name': '3,4,5-trihydroxy-6-{[7-hydroxy-2-(3-hydroxyphenyl)-4-oxo-3,6-bis[3,4,5-trihydroxy-6-(hydroxymethyl)oxan-2-yl]-4H-chromen-5-yl]oxy}oxane-2-carboxylic acid'}, {'DB_ID': 'HMDB0127075', 'name': '3,4,5-trihydroxy-6-{[7-hydroxy-2-(4-hydroxyphenyl)-4-oxo-6,8-bis[3,4,5-trihydroxy-6-(hydroxymethyl)oxan-2-yl]-4H-chromen-5-yl]oxy}oxane-2-carboxylic acid'}, {'DB_ID': 'HMDB0127076', 'name': '6-(4-{5,7-dihydroxy-4-oxo-6,8-bis[3,4,5-trihydroxy-6-(hydroxymethyl)oxan-2-yl]-4H-chromen-2-yl}phenoxy)-3,4,5-trihydroxyoxane-2-carboxylic acid'}, {'DB_ID': 'HMDB0127077', 'name': '3,4,5-trihydroxy-6-{[5-hydroxy-2-(4-hydroxyphenyl)-4-oxo-6,8-bis[3,4,5-trihydroxy-6-(hydroxymethyl)oxan-2-yl]-4H-chromen-7-yl]oxy}oxane-2-carboxylic acid'}]}	('C33H38O21_770.190558', '', 1)	[]
817.1755925	2.1893115	kp64_770.1945	13C/12C*8,K/H	['C33H38O21']	770.1944650498967	3,4,5-trihydroxy-6-{[5-hydroxy-2-(3-hydroxyphenyl)-4-oxo-6,8-bis[3,4,5-trihydroxy-6-(hydroxymethyl)oxan-2-yl]-4H-chromen-7-yl]oxy}oxane-2-carboxylic acid	{'C33H38O21': [{'DB_ID': 'HMDB0126962', 'name': '3,4,5-trihydroxy-6-{[5-hydroxy-2-(3-hydroxyphenyl)-4-oxo-6,8-bis[3,4,5-trihydroxy-6-(hydroxymethyl)oxan-2-yl]-4H-chromen-7-yl]oxy}oxane-2-carboxylic acid'}, {'DB_ID': 'HMDB0126963', 'name': '3,4,5-trihydroxy-6-{[7-hydroxy-2-(3-hydroxyphenyl)-4-oxo-6,8-bis[3,4,5-trihydroxy-6-(hydroxymethyl)oxan-2-yl]-4H-chromen-5-yl]oxy}oxane-2-carboxylic acid'}, {'DB_ID': 'HMDB0126964', 'name': '6-(3-{5,7-dihydroxy-4-oxo-6,8-bis[3,4,5-trihydroxy-6-(hydroxymethyl)oxan-2-yl]-4H-chromen-2-yl}phenoxy)-3,4,5-trihydroxyoxane-2-carboxylic acid'}, {'DB_ID': 'HMDB0127005', 'name': '3,4,5-trihydroxy-6-{[5-hydroxy-2-(4-hydroxyphenyl)-4-oxo-3,6-bis[3,4,5-trihydroxy-6-(hydroxymethyl)oxan-2-yl]-4H-chromen-7-yl]oxy}oxane-2-carboxylic acid'}, {'DB_ID': 'HMDB0127006', 'name': '6-(4-{5,7-dihydroxy-4-oxo-3,6-bis[3,4,5-trihydroxy-6-(hydroxymethyl)oxan-2-yl]-4H-chromen-2-yl}phenoxy)-3,4,5-trihydroxyoxane-2-carboxylic acid'}, {'DB_ID': 'HMDB0127007', 'name': '3,4,5-trihydroxy-6-{[7-hydroxy-2-(4-hydroxyphenyl)-4-oxo-3,6-bis[3,4,5-trihydroxy-6-(hydroxymethyl)oxan-2-yl]-4H-chromen-5-yl]oxy}oxane-2-carboxylic acid'}, {'DB_ID': 'HMDB0127041', 'name': '6-(3-{5,7-dihydroxy-4-oxo-3,6-bis[3,4,5-trihydroxy-6-(hydroxymethyl)oxan-2-yl]-4H-chromen-2-yl}phenoxy)-3,4,5-trihydroxyoxane-2-carboxylic acid'}, {'DB_ID': 'HMDB0127042', 'name': '3,4,5-trihydroxy-6-{[5-hydroxy-2-(3-hydroxyphenyl)-4-oxo-3,6-bis[3,4,5-trihydroxy-6-(hydroxymethyl)oxan-2-yl]-4H-chromen-7-yl]oxy}oxane-2-carboxylic acid'}, {'DB_ID': 'HMDB0127043', 'name': '3,4,5-trihydroxy-6-{[7-hydroxy-2-(3-hydroxyphenyl)-4-oxo-3,6-bis[3,4,5-trihydroxy-6-(hydroxymethyl)oxan-2-yl]-4H-chromen-5-yl]oxy}oxane-2-carboxylic acid'}, {'DB_ID': 'HMDB0127075', 'name': '3,4,5-trihydroxy-6-{[7-hydroxy-2-(4-hydroxyphenyl)-4-oxo-6,8-bis[3,4,5-trihydroxy-6-(hydroxymethyl)oxan-2-yl]-4H-chromen-5-yl]oxy}oxane-2-carboxylic acid'}, {'DB_ID': 'HMDB0127076', 'name': '6-(4-{5,7-dihydroxy-4-oxo-6,8-bis[3,4,5-trihydroxy-6-(hydroxymethyl)oxan-2-yl]-4H-chromen-2-yl}phenoxy)-3,4,5-trihydroxyoxane-2-carboxylic acid'}, {'DB_ID': 'HMDB0127077', 'name': '3,4,5-trihydroxy-6-{[5-hydroxy-2-(4-hydroxyphenyl)-4-oxo-6,8-bis[3,4,5-trihydroxy-6-(hydroxymethyl)oxan-2-yl]-4H-chromen-7-yl]oxy}oxane-2-carboxylic acid'}]}	('C33H38O21_770.190558', '', 1)	[]
795.1771292	2.3419626	kp65_756.2109	M0,K/H	['C33H40O20']	756.21094988323	Kaempferol 3-gentiobioside 7-rhamnoside	{'C33H40O20': [{'DB_ID': 'HMDB0034396', 'name': 'Kaempferol 3-gentiobioside 7-rhamnoside'}, {'DB_ID': 'HMDB0035004', 'name': "Isovitexin 4',7-diglucoside"}, {'DB_ID': 'HMDB0037353', 'name': 'Clovin'}, {'DB_ID': 'HMDB0037411', 'name': 'Lucenin 2,7-O-rhamnoside'}, {'DB_ID': 'HMDB0037427', 'name': 'Kaempferol 3-sophoroside 7-rhamnoside'}, {'DB_ID': 'HMDB0037566', 'name': 'Wyomin'}, {'DB_ID': 'HMDB0037959', 'name': 'Manghaslin'}, {'DB_ID': 'HMDB0038253', 'name': 'Isorhamnetin 3-O-[b-D-xylopyranosyl-(1->2)-[a-L-rhamnopyranosyl-(1->6)]-b-D-glucopyranoside]'}, {'DB_ID': 'HMDB0038470', 'name': 'Cynarotrioside'}, {'DB_ID': 'HMDB0038768', 'name': 'Kaempferol 3-[glucosyl-(1->3)-rhamnosyl-(1->6)-galactoside]'}, {'DB_ID': 'HMDB0039951', 'name': "Kaempferol 3-(6''-rhamnosylsophoroside)"}, {'DB_ID': 'HMDB0040294', 'name': 'Quercetin 3-[rhamnosyl-(1->2)-rhamnosyl-(1->6)-glucoside]'}, {'DB_ID': 'HMDB0040543', 'name': 'Kaempferol 7-galactoside 3-rutinoside'}, {'DB_ID': 'HMDB0041470', 'name': 'Isorhamnetin 3-(2G-apiosylrutinoside)'}, {'DB_ID': 'HMDB0124769', 'name': '6-(4-{8-[4,5-dihydroxy-6-(hydroxymethyl)-3-[(3,4,5-trihydroxy-6-methyloxan-2-yl)oxy]oxan-2-yl]-5,7-dihydroxy-4-oxo-3,4-dihydro-2H-1-benzopyran-2-yl}phenoxy)-3,4,5-trihydroxyoxane-2-carboxylic acid'}, {'DB_ID': 'HMDB0124770', 'name': '6-({8-[4,5-dihydroxy-6-(hydroxymethyl)-3-[(3,4,5-trihydroxy-6-methyloxan-2-yl)oxy]oxan-2-yl]-7-hydroxy-2-(4-hydroxyphenyl)-4-oxo-3,4-dihydro-2H-1-benzopyran-5-yl}oxy)-3,4,5-trihydroxyoxane-2-carboxylic acid'}, {'DB_ID': 'HMDB0124771', 'name': '6-({8-[4,5-dihydroxy-6-(hydroxymethyl)-3-[(3,4,5-trihydroxy-6-methyloxan-2-yl)oxy]oxan-2-yl]-5-hydroxy-2-(4-hydroxyphenyl)-4-oxo-3,4-dihydro-2H-1-benzopyran-7-yl}oxy)-3,4,5-trihydroxyoxane-2-carboxylic acid'}, {'DB_ID': 'HMDB0126873', 'name': '3,4,5-trihydroxy-6-({5-hydroxy-4-oxo-2-phenyl-6,8-bis[3,4,5-trihydroxy-6-(hydroxymethyl)oxan-2-yl]-3,4-dihydro-2H-1-benzopyran-7-yl}oxy)oxane-2-carboxylic acid'}, {'DB_ID': 'HMDB0126874', 'name': '3,4,5-trihydroxy-6-({7-hydroxy-4-oxo-2-phenyl-6,8-bis[3,4,5-trihydroxy-6-(hydroxymethyl)oxan-2-yl]-3,4-dihydro-2H-1-benzopyran-5-yl}oxy)oxane-2-carboxylic acid'}, {'DB_ID': 'HMDB0135147', 'name': '2-(3,4-dihydroxyphenyl)-5-hydroxy-3-[(3,4,5-trihydroxy-6-methyloxan-2-yl)oxy]-7-[(3,4,5-trihydroxy-6-{[(3,4,5-trihydroxy-6-methyloxan-2-yl)oxy]methyl}oxan-2-yl)oxy]-4H-chromen-4-one'}]}	('C33H40O20_756.211294', '', 1)	[]
788.2264326	2.1684046	kp65_756.2109	13C/12C*9,Na/H	['C33H40O20']	756.21094988323	Kaempferol 3-gentiobioside 7-rhamnoside	{'C33H40O20': [{'DB_ID': 'HMDB0034396', 'name': 'Kaempferol 3-gentiobioside 7-rhamnoside'}, {'DB_ID': 'HMDB0035004', 'name': "Isovitexin 4',7-diglucoside"}, {'DB_ID': 'HMDB0037353', 'name': 'Clovin'}, {'DB_ID': 'HMDB0037411', 'name': 'Lucenin 2,7-O-rhamnoside'}, {'DB_ID': 'HMDB0037427', 'name': 'Kaempferol 3-sophoroside 7-rhamnoside'}, {'DB_ID': 'HMDB0037566', 'name': 'Wyomin'}, {'DB_ID': 'HMDB0037959', 'name': 'Manghaslin'}, {'DB_ID': 'HMDB0038253', 'name': 'Isorhamnetin 3-O-[b-D-xylopyranosyl-(1->2)-[a-L-rhamnopyranosyl-(1->6)]-b-D-glucopyranoside]'}, {'DB_ID': 'HMDB0038470', 'name': 'Cynarotrioside'}, {'DB_ID': 'HMDB0038768', 'name': 'Kaempferol 3-[glucosyl-(1->3)-rhamnosyl-(1->6)-galactoside]'}, {'DB_ID': 'HMDB0039951', 'name': "Kaempferol 3-(6''-rhamnosylsophoroside)"}, {'DB_ID': 'HMDB0040294', 'name': 'Quercetin 3-[rhamnosyl-(1->2)-rhamnosyl-(1->6)-glucoside]'}, {'DB_ID': 'HMDB0040543', 'name': 'Kaempferol 7-galactoside 3-rutinoside'}, {'DB_ID': 'HMDB0041470', 'name': 'Isorhamnetin 3-(2G-apiosylrutinoside)'}, {'DB_ID': 'HMDB0124769', 'name': '6-(4-{8-[4,5-dihydroxy-6-(hydroxymethyl)-3-[(3,4,5-trihydroxy-6-methyloxan-2-yl)oxy]oxan-2-yl]-5,7-dihydroxy-4-oxo-3,4-dihydro-2H-1-benzopyran-2-yl}phenoxy)-3,4,5-trihydroxyoxane-2-carboxylic acid'}, {'DB_ID': 'HMDB0124770', 'name': '6-({8-[4,5-dihydroxy-6-(hydroxymethyl)-3-[(3,4,5-trihydroxy-6-methyloxan-2-yl)oxy]oxan-2-yl]-7-hydroxy-2-(4-hydroxyphenyl)-4-oxo-3,4-dihydro-2H-1-benzopyran-5-yl}oxy)-3,4,5-trihydroxyoxane-2-carboxylic acid'}, {'DB_ID': 'HMDB0124771', 'name': '6-({8-[4,5-dihydroxy-6-(hydroxymethyl)-3-[(3,4,5-trihydroxy-6-methyloxan-2-yl)oxy]oxan-2-yl]-5-hydroxy-2-(4-hydroxyphenyl)-4-oxo-3,4-dihydro-2H-1-benzopyran-7-yl}oxy)-3,4,5-trihydroxyoxane-2-carboxylic acid'}, {'DB_ID': 'HMDB0126873', 'name': '3,4,5-trihydroxy-6-({5-hydroxy-4-oxo-2-phenyl-6,8-bis[3,4,5-trihydroxy-6-(hydroxymethyl)oxan-2-yl]-3,4-dihydro-2H-1-benzopyran-7-yl}oxy)oxane-2-carboxylic acid'}, {'DB_ID': 'HMDB0126874', 'name': '3,4,5-trihydroxy-6-({7-hydroxy-4-oxo-2-phenyl-6,8-bis[3,4,5-trihydroxy-6-(hydroxymethyl)oxan-2-yl]-3,4-dihydro-2H-1-benzopyran-5-yl}oxy)oxane-2-carboxylic acid'}, {'DB_ID': 'HMDB0135147', 'name': '2-(3,4-dihydroxyphenyl)-5-hydroxy-3-[(3,4,5-trihydroxy-6-methyloxan-2-yl)oxy]-7-[(3,4,5-trihydroxy-6-{[(3,4,5-trihydroxy-6-methyloxan-2-yl)oxy]methyl}oxan-2-yl)oxy]-4H-chromen-4-one'}]}	('C33H40O20_756.211294', '', 1)	[]
757.2206852	2.343975	kp65_756.2109	M0,M+H+	['C33H40O20']	756.21094988323	Kaempferol 3-gentiobioside 7-rhamnoside	{'C33H40O20': [{'DB_ID': 'HMDB0034396', 'name': 'Kaempferol 3-gentiobioside 7-rhamnoside'}, {'DB_ID': 'HMDB0035004', 'name': "Isovitexin 4',7-diglucoside"}, {'DB_ID': 'HMDB0037353', 'name': 'Clovin'}, {'DB_ID': 'HMDB0037411', 'name': 'Lucenin 2,7-O-rhamnoside'}, {'DB_ID': 'HMDB0037427', 'name': 'Kaempferol 3-sophoroside 7-rhamnoside'}, {'DB_ID': 'HMDB0037566', 'name': 'Wyomin'}, {'DB_ID': 'HMDB0037959', 'name': 'Manghaslin'}, {'DB_ID': 'HMDB0038253', 'name': 'Isorhamnetin 3-O-[b-D-xylopyranosyl-(1->2)-[a-L-rhamnopyranosyl-(1->6)]-b-D-glucopyranoside]'}, {'DB_ID': 'HMDB0038470', 'name': 'Cynarotrioside'}, {'DB_ID': 'HMDB0038768', 'name': 'Kaempferol 3-[glucosyl-(1->3)-rhamnosyl-(1->6)-galactoside]'}, {'DB_ID': 'HMDB0039951', 'name': "Kaempferol 3-(6''-rhamnosylsophoroside)"}, {'DB_ID': 'HMDB0040294', 'name': 'Quercetin 3-[rhamnosyl-(1->2)-rhamnosyl-(1->6)-glucoside]'}, {'DB_ID': 'HMDB0040543', 'name': 'Kaempferol 7-galactoside 3-rutinoside'}, {'DB_ID': 'HMDB0041470', 'name': 'Isorhamnetin 3-(2G-apiosylrutinoside)'}, {'DB_ID': 'HMDB0124769', 'name': '6-(4-{8-[4,5-dihydroxy-6-(hydroxymethyl)-3-[(3,4,5-trihydroxy-6-methyloxan-2-yl)oxy]oxan-2-yl]-5,7-dihydroxy-4-oxo-3,4-dihydro-2H-1-benzopyran-2-yl}phenoxy)-3,4,5-trihydroxyoxane-2-carboxylic acid'}, {'DB_ID': 'HMDB0124770', 'name': '6-({8-[4,5-dihydroxy-6-(hydroxymethyl)-3-[(3,4,5-trihydroxy-6-methyloxan-2-yl)oxy]oxan-2-yl]-7-hydroxy-2-(4-hydroxyphenyl)-4-oxo-3,4-dihydro-2H-1-benzopyran-5-yl}oxy)-3,4,5-trihydroxyoxane-2-carboxylic acid'}, {'DB_ID': 'HMDB0124771', 'name': '6-({8-[4,5-dihydroxy-6-(hydroxymethyl)-3-[(3,4,5-trihydroxy-6-methyloxan-2-yl)oxy]oxan-2-yl]-5-hydroxy-2-(4-hydroxyphenyl)-4-oxo-3,4-dihydro-2H-1-benzopyran-7-yl}oxy)-3,4,5-trihydroxyoxane-2-carboxylic acid'}, {'DB_ID': 'HMDB0126873', 'name': '3,4,5-trihydroxy-6-({5-hydroxy-4-oxo-2-phenyl-6,8-bis[3,4,5-trihydroxy-6-(hydroxymethyl)oxan-2-yl]-3,4-dihydro-2H-1-benzopyran-7-yl}oxy)oxane-2-carboxylic acid'}, {'DB_ID': 'HMDB0126874', 'name': '3,4,5-trihydroxy-6-({7-hydroxy-4-oxo-2-phenyl-6,8-bis[3,4,5-trihydroxy-6-(hydroxymethyl)oxan-2-yl]-3,4-dihydro-2H-1-benzopyran-5-yl}oxy)oxane-2-carboxylic acid'}, {'DB_ID': 'HMDB0135147', 'name': '2-(3,4-dihydroxyphenyl)-5-hydroxy-3-[(3,4,5-trihydroxy-6-methyloxan-2-yl)oxy]-7-[(3,4,5-trihydroxy-6-{[(3,4,5-trihydroxy-6-methyloxan-2-yl)oxy]methyl}oxan-2-yl)oxy]-4H-chromen-4-one'}]}	('C33H40O20_756.211294', '', 1)	[]
787.2308241	2.4181805	kp65_756.2109	13C/12C*8,Na/H	['C33H40O20']	756.21094988323	Kaempferol 3-gentiobioside 7-rhamnoside	{'C33H40O20': [{'DB_ID': 'HMDB0034396', 'name': 'Kaempferol 3-gentiobioside 7-rhamnoside'}, {'DB_ID': 'HMDB0035004', 'name': "Isovitexin 4',7-diglucoside"}, {'DB_ID': 'HMDB0037353', 'name': 'Clovin'}, {'DB_ID': 'HMDB0037411', 'name': 'Lucenin 2,7-O-rhamnoside'}, {'DB_ID': 'HMDB0037427', 'name': 'Kaempferol 3-sophoroside 7-rhamnoside'}, {'DB_ID': 'HMDB0037566', 'name': 'Wyomin'}, {'DB_ID': 'HMDB0037959', 'name': 'Manghaslin'}, {'DB_ID': 'HMDB0038253', 'name': 'Isorhamnetin 3-O-[b-D-xylopyranosyl-(1->2)-[a-L-rhamnopyranosyl-(1->6)]-b-D-glucopyranoside]'}, {'DB_ID': 'HMDB0038470', 'name': 'Cynarotrioside'}, {'DB_ID': 'HMDB0038768', 'name': 'Kaempferol 3-[glucosyl-(1->3)-rhamnosyl-(1->6)-galactoside]'}, {'DB_ID': 'HMDB0039951', 'name': "Kaempferol 3-(6''-rhamnosylsophoroside)"}, {'DB_ID': 'HMDB0040294', 'name': 'Quercetin 3-[rhamnosyl-(1->2)-rhamnosyl-(1->6)-glucoside]'}, {'DB_ID': 'HMDB0040543', 'name': 'Kaempferol 7-galactoside 3-rutinoside'}, {'DB_ID': 'HMDB0041470', 'name': 'Isorhamnetin 3-(2G-apiosylrutinoside)'}, {'DB_ID': 'HMDB0124769', 'name': '6-(4-{8-[4,5-dihydroxy-6-(hydroxymethyl)-3-[(3,4,5-trihydroxy-6-methyloxan-2-yl)oxy]oxan-2-yl]-5,7-dihydroxy-4-oxo-3,4-dihydro-2H-1-benzopyran-2-yl}phenoxy)-3,4,5-trihydroxyoxane-2-carboxylic acid'}, {'DB_ID': 'HMDB0124770', 'name': '6-({8-[4,5-dihydroxy-6-(hydroxymethyl)-3-[(3,4,5-trihydroxy-6-methyloxan-2-yl)oxy]oxan-2-yl]-7-hydroxy-2-(4-hydroxyphenyl)-4-oxo-3,4-dihydro-2H-1-benzopyran-5-yl}oxy)-3,4,5-trihydroxyoxane-2-carboxylic acid'}, {'DB_ID': 'HMDB0124771', 'name': '6-({8-[4,5-dihydroxy-6-(hydroxymethyl)-3-[(3,4,5-trihydroxy-6-methyloxan-2-yl)oxy]oxan-2-yl]-5-hydroxy-2-(4-hydroxyphenyl)-4-oxo-3,4-dihydro-2H-1-benzopyran-7-yl}oxy)-3,4,5-trihydroxyoxane-2-carboxylic acid'}, {'DB_ID': 'HMDB0126873', 'name': '3,4,5-trihydroxy-6-({5-hydroxy-4-oxo-2-phenyl-6,8-bis[3,4,5-trihydroxy-6-(hydroxymethyl)oxan-2-yl]-3,4-dihydro-2H-1-benzopyran-7-yl}oxy)oxane-2-carboxylic acid'}, {'DB_ID': 'HMDB0126874', 'name': '3,4,5-trihydroxy-6-({7-hydroxy-4-oxo-2-phenyl-6,8-bis[3,4,5-trihydroxy-6-(hydroxymethyl)oxan-2-yl]-3,4-dihydro-2H-1-benzopyran-5-yl}oxy)oxane-2-carboxylic acid'}, {'DB_ID': 'HMDB0135147', 'name': '2-(3,4-dihydroxyphenyl)-5-hydroxy-3-[(3,4,5-trihydroxy-6-methyloxan-2-yl)oxy]-7-[(3,4,5-trihydroxy-6-{[(3,4,5-trihydroxy-6-methyloxan-2-yl)oxy]methyl}oxan-2-yl)oxy]-4H-chromen-4-one'}]}	('C33H40O20_756.211294', '', 1)	[]
779.2024368	2.343975	kp65_756.2109	M0,Na/H	['C33H40O20']	756.21094988323	Kaempferol 3-gentiobioside 7-rhamnoside	{'C33H40O20': [{'DB_ID': 'HMDB0034396', 'name': 'Kaempferol 3-gentiobioside 7-rhamnoside'}, {'DB_ID': 'HMDB0035004', 'name': "Isovitexin 4',7-diglucoside"}, {'DB_ID': 'HMDB0037353', 'name': 'Clovin'}, {'DB_ID': 'HMDB0037411', 'name': 'Lucenin 2,7-O-rhamnoside'}, {'DB_ID': 'HMDB0037427', 'name': 'Kaempferol 3-sophoroside 7-rhamnoside'}, {'DB_ID': 'HMDB0037566', 'name': 'Wyomin'}, {'DB_ID': 'HMDB0037959', 'name': 'Manghaslin'}, {'DB_ID': 'HMDB0038253', 'name': 'Isorhamnetin 3-O-[b-D-xylopyranosyl-(1->2)-[a-L-rhamnopyranosyl-(1->6)]-b-D-glucopyranoside]'}, {'DB_ID': 'HMDB0038470', 'name': 'Cynarotrioside'}, {'DB_ID': 'HMDB0038768', 'name': 'Kaempferol 3-[glucosyl-(1->3)-rhamnosyl-(1->6)-galactoside]'}, {'DB_ID': 'HMDB0039951', 'name': "Kaempferol 3-(6''-rhamnosylsophoroside)"}, {'DB_ID': 'HMDB0040294', 'name': 'Quercetin 3-[rhamnosyl-(1->2)-rhamnosyl-(1->6)-glucoside]'}, {'DB_ID': 'HMDB0040543', 'name': 'Kaempferol 7-galactoside 3-rutinoside'}, {'DB_ID': 'HMDB0041470', 'name': 'Isorhamnetin 3-(2G-apiosylrutinoside)'}, {'DB_ID': 'HMDB0124769', 'name': '6-(4-{8-[4,5-dihydroxy-6-(hydroxymethyl)-3-[(3,4,5-trihydroxy-6-methyloxan-2-yl)oxy]oxan-2-yl]-5,7-dihydroxy-4-oxo-3,4-dihydro-2H-1-benzopyran-2-yl}phenoxy)-3,4,5-trihydroxyoxane-2-carboxylic acid'}, {'DB_ID': 'HMDB0124770', 'name': '6-({8-[4,5-dihydroxy-6-(hydroxymethyl)-3-[(3,4,5-trihydroxy-6-methyloxan-2-yl)oxy]oxan-2-yl]-7-hydroxy-2-(4-hydroxyphenyl)-4-oxo-3,4-dihydro-2H-1-benzopyran-5-yl}oxy)-3,4,5-trihydroxyoxane-2-carboxylic acid'}, {'DB_ID': 'HMDB0124771', 'name': '6-({8-[4,5-dihydroxy-6-(hydroxymethyl)-3-[(3,4,5-trihydroxy-6-methyloxan-2-yl)oxy]oxan-2-yl]-5-hydroxy-2-(4-hydroxyphenyl)-4-oxo-3,4-dihydro-2H-1-benzopyran-7-yl}oxy)-3,4,5-trihydroxyoxane-2-carboxylic acid'}, {'DB_ID': 'HMDB0126873', 'name': '3,4,5-trihydroxy-6-({5-hydroxy-4-oxo-2-phenyl-6,8-bis[3,4,5-trihydroxy-6-(hydroxymethyl)oxan-2-yl]-3,4-dihydro-2H-1-benzopyran-7-yl}oxy)oxane-2-carboxylic acid'}, {'DB_ID': 'HMDB0126874', 'name': '3,4,5-trihydroxy-6-({7-hydroxy-4-oxo-2-phenyl-6,8-bis[3,4,5-trihydroxy-6-(hydroxymethyl)oxan-2-yl]-3,4-dihydro-2H-1-benzopyran-5-yl}oxy)oxane-2-carboxylic acid'}, {'DB_ID': 'HMDB0135147', 'name': '2-(3,4-dihydroxyphenyl)-5-hydroxy-3-[(3,4,5-trihydroxy-6-methyloxan-2-yl)oxy]-7-[(3,4,5-trihydroxy-6-{[(3,4,5-trihydroxy-6-methyloxan-2-yl)oxy]methyl}oxan-2-yl)oxy]-4H-chromen-4-one'}]}	('C33H40O20_756.211294', '', 1)	[]
801.1867792	2.3483202	kp65_756.2109	13C/12C*6,K/H	['C33H40O20']	756.21094988323	Kaempferol 3-gentiobioside 7-rhamnoside	{'C33H40O20': [{'DB_ID': 'HMDB0034396', 'name': 'Kaempferol 3-gentiobioside 7-rhamnoside'}, {'DB_ID': 'HMDB0035004', 'name': "Isovitexin 4',7-diglucoside"}, {'DB_ID': 'HMDB0037353', 'name': 'Clovin'}, {'DB_ID': 'HMDB0037411', 'name': 'Lucenin 2,7-O-rhamnoside'}, {'DB_ID': 'HMDB0037427', 'name': 'Kaempferol 3-sophoroside 7-rhamnoside'}, {'DB_ID': 'HMDB0037566', 'name': 'Wyomin'}, {'DB_ID': 'HMDB0037959', 'name': 'Manghaslin'}, {'DB_ID': 'HMDB0038253', 'name': 'Isorhamnetin 3-O-[b-D-xylopyranosyl-(1->2)-[a-L-rhamnopyranosyl-(1->6)]-b-D-glucopyranoside]'}, {'DB_ID': 'HMDB0038470', 'name': 'Cynarotrioside'}, {'DB_ID': 'HMDB0038768', 'name': 'Kaempferol 3-[glucosyl-(1->3)-rhamnosyl-(1->6)-galactoside]'}, {'DB_ID': 'HMDB0039951', 'name': "Kaempferol 3-(6''-rhamnosylsophoroside)"}, {'DB_ID': 'HMDB0040294', 'name': 'Quercetin 3-[rhamnosyl-(1->2)-rhamnosyl-(1->6)-glucoside]'}, {'DB_ID': 'HMDB0040543', 'name': 'Kaempferol 7-galactoside 3-rutinoside'}, {'DB_ID': 'HMDB0041470', 'name': 'Isorhamnetin 3-(2G-apiosylrutinoside)'}, {'DB_ID': 'HMDB0124769', 'name': '6-(4-{8-[4,5-dihydroxy-6-(hydroxymethyl)-3-[(3,4,5-trihydroxy-6-methyloxan-2-yl)oxy]oxan-2-yl]-5,7-dihydroxy-4-oxo-3,4-dihydro-2H-1-benzopyran-2-yl}phenoxy)-3,4,5-trihydroxyoxane-2-carboxylic acid'}, {'DB_ID': 'HMDB0124770', 'name': '6-({8-[4,5-dihydroxy-6-(hydroxymethyl)-3-[(3,4,5-trihydroxy-6-methyloxan-2-yl)oxy]oxan-2-yl]-7-hydroxy-2-(4-hydroxyphenyl)-4-oxo-3,4-dihydro-2H-1-benzopyran-5-yl}oxy)-3,4,5-trihydroxyoxane-2-carboxylic acid'}, {'DB_ID': 'HMDB0124771', 'name': '6-({8-[4,5-dihydroxy-6-(hydroxymethyl)-3-[(3,4,5-trihydroxy-6-methyloxan-2-yl)oxy]oxan-2-yl]-5-hydroxy-2-(4-hydroxyphenyl)-4-oxo-3,4-dihydro-2H-1-benzopyran-7-yl}oxy)-3,4,5-trihydroxyoxane-2-carboxylic acid'}, {'DB_ID': 'HMDB0126873', 'name': '3,4,5-trihydroxy-6-({5-hydroxy-4-oxo-2-phenyl-6,8-bis[3,4,5-trihydroxy-6-(hydroxymethyl)oxan-2-yl]-3,4-dihydro-2H-1-benzopyran-7-yl}oxy)oxane-2-carboxylic acid'}, {'DB_ID': 'HMDB0126874', 'name': '3,4,5-trihydroxy-6-({7-hydroxy-4-oxo-2-phenyl-6,8-bis[3,4,5-trihydroxy-6-(hydroxymethyl)oxan-2-yl]-3,4-dihydro-2H-1-benzopyran-5-yl}oxy)oxane-2-carboxylic acid'}, {'DB_ID': 'HMDB0135147', 'name': '2-(3,4-dihydroxyphenyl)-5-hydroxy-3-[(3,4,5-trihydroxy-6-methyloxan-2-yl)oxy]-7-[(3,4,5-trihydroxy-6-{[(3,4,5-trihydroxy-6-methyloxan-2-yl)oxy]methyl}oxan-2-yl)oxy]-4H-chromen-4-one'}]}	('C33H40O20_756.211294', '', 1)	[]
504.219509	2.4078095	kp66_502.2061	13C/12C,M+H+	None	502.20606808323004				[]
503.2105351	2.170417	kp66_502.2061	M0,M+H+	None	502.20606808323004				[]
476.0018064	2.2330673	kp67_451.0013	13C/12C*2,Na/H	None	451.00130268323				[]
452.0038512	2.237109	kp67_451.0013	M0,M+H+	None	451.00130268323				[]
473.9863504	2.235091	kp67_451.0013	M0,Na/H	None	451.00130268323				[]
454.0197286	2.2330666	kp67_451.0013	13C/12C*2,M+H+	None	451.00130268323				[]
606.2562159	2.7934773	kp68_561.2697	13C/12C*6,K/H	None	561.2696631665633				[]
562.2725288	2.4057145	kp68_561.2697	M0,M+H+	None	561.2696631665633				[]
568.2982162	2.5300438	kp68_561.2697	13C/12C*6,M+H+	None	561.2696631665633				[]
519.1987365	2.6522028	kp69_486.1827	13C/12C*10,Na/H	None	486.1826794336339				[]
509.1755146	2.4099255	kp69_486.1827	M0,Na/H	None	486.1826794336339				[]
487.1931666	2.4099255	kp69_486.1827	M0,M+H+	None	486.1826794336339				[]
301.116446	2.4430299	kp70_300.1124	M0,M+H+	None	300.11241918323				[]
324.1059742	2.4141743	kp70_300.1124	13C/12C,Na/H	None	300.11241918323				[]
302.1242791	2.4141743	kp70_300.1124	13C/12C,M+H+	None	300.11241918323				[]
340.0800303	2.4141743	kp70_300.1124	13C/12C,K/H	None	300.11241918323				[]
258.0743164	2.8675725	kp71_211.0834	13C/12C*8,K/H	['C10H13NO4']	211.0834250165664	3-O-Methyl-a-methyldopa	{'C10H13NO4': [{'DB_ID': 'HMDB0060747', 'name': '3-O-Methyl-a-methyldopa'}, {'DB_ID': 'HMDB0001434', 'name': '3-Methoxytyrosine'}, {'DB_ID': 'HMDB0011754', 'name': 'Methyldopa'}]}	('C10H13NO4_211.084458', '', 1)	[]
219.113282	2.5948684	kp71_211.0834	13C/12C*7,M+H+	['C10H13NO4']	211.0834250165664	3-O-Methyl-a-methyldopa	{'C10H13NO4': [{'DB_ID': 'HMDB0060747', 'name': '3-O-Methyl-a-methyldopa'}, {'DB_ID': 'HMDB0001434', 'name': '3-Methoxytyrosine'}, {'DB_ID': 'HMDB0011754', 'name': 'Methyldopa'}]}	('C10H13NO4_211.084458', '', 1)	[]
257.0689193	2.596942	kp71_211.0834	13C/12C*7,K/H	['C10H13NO4']	211.0834250165664	3-O-Methyl-a-methyldopa	{'C10H13NO4': [{'DB_ID': 'HMDB0060747', 'name': '3-O-Methyl-a-methyldopa'}, {'DB_ID': 'HMDB0001434', 'name': '3-Methoxytyrosine'}, {'DB_ID': 'HMDB0011754', 'name': 'Methyldopa'}]}	('C10H13NO4_211.084458', '', 1)	[]
212.0914684	2.5478733	kp71_211.0834	M0,M+H+	['C10H13NO4']	211.0834250165664	3-O-Methyl-a-methyldopa	{'C10H13NO4': [{'DB_ID': 'HMDB0060747', 'name': '3-O-Methyl-a-methyldopa'}, {'DB_ID': 'HMDB0001434', 'name': '3-Methoxytyrosine'}, {'DB_ID': 'HMDB0011754', 'name': 'Methyldopa'}]}	('C10H13NO4_211.084458', '', 1)	[]
234.0741518	2.5425932	kp71_211.0834	M0,Na/H	['C10H13NO4']	211.0834250165664	3-O-Methyl-a-methyldopa	{'C10H13NO4': [{'DB_ID': 'HMDB0060747', 'name': '3-O-Methyl-a-methyldopa'}, {'DB_ID': 'HMDB0001434', 'name': '3-Methoxytyrosine'}, {'DB_ID': 'HMDB0011754', 'name': 'Methyldopa'}]}	('C10H13NO4_211.084458', '', 1)	[]
241.09513	2.6019063	kp71_211.0834	13C/12C*7,Na/H	['C10H13NO4']	211.0834250165664	3-O-Methyl-a-methyldopa	{'C10H13NO4': [{'DB_ID': 'HMDB0060747', 'name': '3-O-Methyl-a-methyldopa'}, {'DB_ID': 'HMDB0001434', 'name': '3-Methoxytyrosine'}, {'DB_ID': 'HMDB0011754', 'name': 'Methyldopa'}]}	('C10H13NO4_211.084458', '', 1)	[]
274.0480909	2.8693218	kp72_235.0847	M0,K/H	['C12H13NO4']	235.08473843323077	3-Oxo-carbofuran	{'C12H13NO4': [{'DB_ID': 'HMDB0032776', 'name': '3-Oxo-carbofuran'}]}	('C12H13NO4_235.084458', '', 1)	[]
236.0918209	2.8696222	kp72_235.0847	M0,M+H+	['C12H13NO4']	235.08473843323077	3-Oxo-carbofuran	{'C12H13NO4': [{'DB_ID': 'HMDB0032776', 'name': '3-Oxo-carbofuran'}]}	('C12H13NO4_235.084458', '', 1)	[]
371.1475379	2.8731344	kp73_366.1276	13C/12C*4,M+H+	None	366.12762978322996				[]
367.1356946	2.7292984	kp73_366.1276	M0,M+H+	None	366.12762978322996				[]
371.1476769	2.9399664	kp74_366.128	13C/12C*4,M+H+	['C18H22O8']	366.12798028323	7-beta-D-Glucopyranosyloxybutylidenephthalide	{'C18H22O8': [{'DB_ID': 'HMDB0034752', 'name': '7-beta-D-Glucopyranosyloxybutylidenephthalide'}, {'DB_ID': 'HMDB0132950', 'name': '3,4,5-trihydroxy-6-[4-(4-methyl-3-oxopent-1-en-1-yl)phenoxy]oxane-2-carboxylic acid'}]}	('C18H22O8_366.131468', '', 1)	[]
367.1362566	2.6459482	kp74_366.128	M0,M+H+	['C18H22O8']	366.12798028323	7-beta-D-Glucopyranosyloxybutylidenephthalide	{'C18H22O8': [{'DB_ID': 'HMDB0034752', 'name': '7-beta-D-Glucopyranosyloxybutylidenephthalide'}, {'DB_ID': 'HMDB0132950', 'name': '3,4,5-trihydroxy-6-[4-(4-methyl-3-oxopent-1-en-1-yl)phenoxy]oxane-2-carboxylic acid'}]}	('C18H22O8_366.131468', '', 1)	[]
605.1767131	2.6979225	kp75_604.1733	M0,M+H+	['C33H32FeN4O4']	604.17334093323	Ferrocytochrome	{'C33H32FeN4O4': [{'DB_ID': 'HMDB0012947', 'name': 'Ferrocytochrome'}]}	('C33H32FeN4O4_604.176194', '', 1)	[]
611.2046517	2.9210348	kp75_604.1733	13C/12C*6,M+H+	['C33H32FeN4O4']	604.17334093323	Ferrocytochrome	{'C33H32FeN4O4': [{'DB_ID': 'HMDB0012947', 'name': 'Ferrocytochrome'}]}	('C33H32FeN4O4_604.176194', '', 1)	[]
238.1077809	2.8558838	kp76_229.0737	13C/12C*8,M+H+	['C13H11NO3']	229.07374313350937	gamma-Fagarine	{'C13H11NO3': [{'DB_ID': 'HMDB0030195', 'name': 'gamma-Fagarine'}, {'DB_ID': 'HMDB0037614', 'name': 'Pteleine'}]}	('C13H11NO3_229.073893', '', 1)	[]
231.0859324	2.7412508	kp76_229.0737	13C/12C,M+H+	['C13H11NO3']	229.07374313350937	gamma-Fagarine	{'C13H11NO3': [{'DB_ID': 'HMDB0030195', 'name': 'gamma-Fagarine'}, {'DB_ID': 'HMDB0037614', 'name': 'Pteleine'}]}	('C13H11NO3_229.073893', '', 1)	[]
276.0638151	2.8482475	kp76_229.0737	13C/12C*8,K/H	['C13H11NO3']	229.07374313350937	gamma-Fagarine	{'C13H11NO3': [{'DB_ID': 'HMDB0030195', 'name': 'gamma-Fagarine'}, {'DB_ID': 'HMDB0037614', 'name': 'Pteleine'}]}	('C13H11NO3_229.073893', '', 1)	[]
260.0898966	2.848149	kp76_229.0737	13C/12C*8,Na/H	['C13H11NO3']	229.07374313350937	gamma-Fagarine	{'C13H11NO3': [{'DB_ID': 'HMDB0030195', 'name': 'gamma-Fagarine'}, {'DB_ID': 'HMDB0037614', 'name': 'Pteleine'}]}	('C13H11NO3_229.073893', '', 1)	[]
230.07943	3.067643	kp76_229.0737	M0,M+H+	['C13H11NO3']	229.07374313350937	gamma-Fagarine	{'C13H11NO3': [{'DB_ID': 'HMDB0030195', 'name': 'gamma-Fagarine'}, {'DB_ID': 'HMDB0037614', 'name': 'Pteleine'}]}	('C13H11NO3_229.073893', '', 1)	[]
366.2122421	2.871689	kp77_354.1672	13C/12C*11,M+H+	['C14H22N6O5', 'C18H26O7']	354.16724628323004	Propofol glucuronide	{'C18H26O7': [{'DB_ID': 'HMDB0060933', 'name': 'Propofol glucuronide'}], 'C14H22N6O5': [{'DB_ID': 'HMDB0015548', 'name': 'Valganciclovir'}]}	('C18H26O7_354.167853', '', 1), ('C14H22N6O5_354.165168', '', 1)	[]
355.1737084	2.8730247	kp77_354.1672	M0,M+H+	['C14H22N6O5', 'C18H26O7']	354.16724628323004	Propofol glucuronide	{'C18H26O7': [{'DB_ID': 'HMDB0060933', 'name': 'Propofol glucuronide'}], 'C14H22N6O5': [{'DB_ID': 'HMDB0015548', 'name': 'Valganciclovir'}]}	('C18H26O7_354.167853', '', 1), ('C14H22N6O5_354.165168', '', 1)	[]
450.2342637	2.7661228	kp78_439.1892	13C/12C*10,M+H+	None	439.18921603323				[]
440.1922713	3.0578015	kp78_439.1892	M0,M+H+	None	439.18921603323				[]
348.2048416	3.061109	kp79_347.2006	M0,M+H+	None	347.20058993323				[]
350.2176012	2.950309	kp79_347.2006	13C/12C*2,M+H+	None	347.20058993323				[]
687.3587302	3.198148	kp80_686.3486	M0,M+H+	None	686.3486080332142				[]
696.3832338	3.3232894	kp80_686.3486	13C/12C*9,M+H+	None	686.3486080332142				[]
755.2775206	3.2518375	kp81_754.2742	M0,M+H+	None	754.2741562333463				[]
764.3155398	3.4114485	kp81_754.2742	13C/12C*9,M+H+	None	754.2741562333463				[]
501.101315	3.3974721	kp82_470.085	13C/12C*8,Na/H	['C20H22O11S']	470.08495573359875	(E)-Resveratrol 3-glucoside 4'-sulfate	{'C20H22O11S': [{'DB_ID': 'HMDB0128509', 'name': '{4-[(E)-2-(3-hydroxy-5-{[3,4,5-trihydroxy-6-(hydroxymethyl)oxan-2-yl]oxy}phenyl)ethenyl]phenyl}oxidanesulfonic acid'}, {'DB_ID': 'HMDB0240553', 'name': 'Piceid 3-sulfate'}, {'DB_ID': 'HMDB0240554', 'name': "Piceid 4'-sulfate"}]}	('C20H22O11S_470.088282', '', 1), ('C20H22O11S_470.088283', '', 1)	[]
471.0910743	3.3388145	kp82_470.085	M0,M+H+	['C20H22O11S']	470.08495573359875	(E)-Resveratrol 3-glucoside 4'-sulfate	{'C20H22O11S': [{'DB_ID': 'HMDB0128509', 'name': '{4-[(E)-2-(3-hydroxy-5-{[3,4,5-trihydroxy-6-(hydroxymethyl)oxan-2-yl]oxy}phenyl)ethenyl]phenyl}oxidanesulfonic acid'}, {'DB_ID': 'HMDB0240553', 'name': 'Piceid 3-sulfate'}, {'DB_ID': 'HMDB0240554', 'name': "Piceid 4'-sulfate"}]}	('C20H22O11S_470.088282', '', 1), ('C20H22O11S_470.088283', '', 1)	[]
479.1199873	3.399232	kp82_470.085	13C/12C*8,M+H+	['C20H22O11S']	470.08495573359875	(E)-Resveratrol 3-glucoside 4'-sulfate	{'C20H22O11S': [{'DB_ID': 'HMDB0128509', 'name': '{4-[(E)-2-(3-hydroxy-5-{[3,4,5-trihydroxy-6-(hydroxymethyl)oxan-2-yl]oxy}phenyl)ethenyl]phenyl}oxidanesulfonic acid'}, {'DB_ID': 'HMDB0240553', 'name': 'Piceid 3-sulfate'}, {'DB_ID': 'HMDB0240554', 'name': "Piceid 4'-sulfate"}]}	('C20H22O11S_470.088282', '', 1), ('C20H22O11S_470.088283', '', 1)	[]
701.337872	3.3497963	kp83_676.3351	13C/12C*2,Na/H	None	676.3351003998966				[]
684.361002	3.2927167	kp83_676.3351	13C/12C*7,M+H+	None	676.3351003998966				[]
699.3224516	3.4563673	kp83_676.3351	M0,Na/H	None	676.3351003998966				[]
832.4347841	3.4708588	kp84_820.3893	13C/12C*11,M+H+	['C42H60O16']	820.38929078323	Licoricesaponin E2	{'C42H60O16': [{'DB_ID': 'HMDB0038719', 'name': 'Licoricesaponin E2'}]}	('C42H60O16_820.388136', '', 1)	[]
821.3952554	3.4214547	kp84_820.3893	M0,M+H+	['C42H60O16']	820.38929078323	Licoricesaponin E2	{'C42H60O16': [{'DB_ID': 'HMDB0038719', 'name': 'Licoricesaponin E2'}]}	('C42H60O16_820.388136', '', 1)	[]
626.3459258	3.5110276	kp85_625.3418	M0,M+H+	['C32H51NO11']	625.34179673323	Glycochenodeoxycholic acid 3-glucuronide	{'C32H51NO11': [{'DB_ID': 'HMDB0002579', 'name': 'Glycochenodeoxycholic acid 3-glucuronide'}]}	('C32H51NO11_625.346211', '', 1)	[]
638.3924806	3.7855082	kp85_625.3418	13C/12C*12,M+H+	['C32H51NO11']	625.34179673323	Glycochenodeoxycholic acid 3-glucuronide	{'C32H51NO11': [{'DB_ID': 'HMDB0002579', 'name': 'Glycochenodeoxycholic acid 3-glucuronide'}]}	('C32H51NO11_625.346211', '', 1)	[]
273.0851474	3.543293	kp86_250.0956	M0,Na/H	['C12H14N2O4']	250.09556020822743	N-Acetylkynurenine	{'C12H14N2O4': [{'DB_ID': 'HMDB0240342', 'name': 'N-Acetylkynurenine'}]}	('C12H14N2O4_250.095357', '', 1)	[]
289.0590038	3.543293	kp86_250.0956	M0,K/H	['C12H14N2O4']	250.09556020822743	N-Acetylkynurenine	{'C12H14N2O4': [{'DB_ID': 'HMDB0240342', 'name': 'N-Acetylkynurenine'}]}	('C12H14N2O4_250.095357', '', 1)	[]
251.1041912	3.5500069	kp86_250.0956	M0,M+H+	['C12H14N2O4']	250.09556020822743	N-Acetylkynurenine	{'C12H14N2O4': [{'DB_ID': 'HMDB0240342', 'name': 'N-Acetylkynurenine'}]}	('C12H14N2O4_250.095357', '', 1)	[]
283.1164363	3.786694	kp86_250.0956	13C/12C*10,Na/H	['C12H14N2O4']	250.09556020822743	N-Acetylkynurenine	{'C12H14N2O4': [{'DB_ID': 'HMDB0240342', 'name': 'N-Acetylkynurenine'}]}	('C12H14N2O4_250.095357', '', 1)	[]
303.0997714	4.1467605	kp87_301.092	13C/12C,M+H+	['C11H15N3O7']	301.0919742165633	gamma-Glutamyl-beta-(isoxazolin-5-on-2-yl)alanine	{'C11H15N3O7': [{'DB_ID': 'HMDB0040515', 'name': 'gamma-Glutamyl-beta-(isoxazolin-5-on-2-yl)alanine'}]}	('C11H15N3O7_301.091', '', 1)	[]
336.1231592	4.0295033	kp87_301.092	13C/12C*12,Na/H	['C11H15N3O7']	301.0919742165633	gamma-Glutamyl-beta-(isoxazolin-5-on-2-yl)alanine	{'C11H15N3O7': [{'DB_ID': 'HMDB0040515', 'name': 'gamma-Glutamyl-beta-(isoxazolin-5-on-2-yl)alanine'}]}	('C11H15N3O7_301.091', '', 1)	[]
314.139184	4.0351	kp87_301.092	13C/12C*12,M+H+	['C11H15N3O7']	301.0919742165633	gamma-Glutamyl-beta-(isoxazolin-5-on-2-yl)alanine	{'C11H15N3O7': [{'DB_ID': 'HMDB0040515', 'name': 'gamma-Glutamyl-beta-(isoxazolin-5-on-2-yl)alanine'}]}	('C11H15N3O7_301.091', '', 1)	[]
352.0951922	4.0351	kp87_301.092	13C/12C*12,K/H	['C11H15N3O7']	301.0919742165633	gamma-Glutamyl-beta-(isoxazolin-5-on-2-yl)alanine	{'C11H15N3O7': [{'DB_ID': 'HMDB0040515', 'name': 'gamma-Glutamyl-beta-(isoxazolin-5-on-2-yl)alanine'}]}	('C11H15N3O7_301.091', '', 1)	[]
302.1030669	3.638671	kp87_301.092	M0,M+H+	['C11H15N3O7']	301.0919742165633	gamma-Glutamyl-beta-(isoxazolin-5-on-2-yl)alanine	{'C11H15N3O7': [{'DB_ID': 'HMDB0040515', 'name': 'gamma-Glutamyl-beta-(isoxazolin-5-on-2-yl)alanine'}]}	('C11H15N3O7_301.091', '', 1)	[]
306.1105674	3.9164217	kp87_301.092	13C/12C*4,M+H+	['C11H15N3O7']	301.0919742165633	gamma-Glutamyl-beta-(isoxazolin-5-on-2-yl)alanine	{'C11H15N3O7': [{'DB_ID': 'HMDB0040515', 'name': 'gamma-Glutamyl-beta-(isoxazolin-5-on-2-yl)alanine'}]}	('C11H15N3O7_301.091', '', 1)	[]
344.1499309	4.1403008	kp88_335.1154	13C/12C*8,M+H+	['C12H21N3O6S']	335.11543510830444	gamma-Glutamyl-S-methylcysteinyl-beta-alanine	{'C12H21N3O6S': [{'DB_ID': 'HMDB0039504', 'name': 'gamma-Glutamyl-S-methylcysteinyl-beta-alanine'}]}	('C12H21N3O6S_335.115106', '', 1)	[]
366.1318573	4.1403008	kp88_335.1154	13C/12C*8,Na/H	['C12H21N3O6S']	335.11543510830444	gamma-Glutamyl-S-methylcysteinyl-beta-alanine	{'C12H21N3O6S': [{'DB_ID': 'HMDB0039504', 'name': 'gamma-Glutamyl-S-methylcysteinyl-beta-alanine'}]}	('C12H21N3O6S_335.115106', '', 1)	[]
336.1215914	3.8732605	kp88_335.1154	M0,M+H+	['C12H21N3O6S']	335.11543510830444	gamma-Glutamyl-S-methylcysteinyl-beta-alanine	{'C12H21N3O6S': [{'DB_ID': 'HMDB0039504', 'name': 'gamma-Glutamyl-S-methylcysteinyl-beta-alanine'}]}	('C12H21N3O6S_335.115106', '', 1)	[]
382.1058687	4.1403008	kp88_335.1154	13C/12C*8,K/H	['C12H21N3O6S']	335.11543510830444	gamma-Glutamyl-S-methylcysteinyl-beta-alanine	{'C12H21N3O6S': [{'DB_ID': 'HMDB0039504', 'name': 'gamma-Glutamyl-S-methylcysteinyl-beta-alanine'}]}	('C12H21N3O6S_335.115106', '', 1)	[]
284.1286109	3.9164217	kp89_283.1214	M0,M+H+	['C17H17NO3']	283.12138503323	N-Phenylacetylphenylalanine	{'C17H17NO3': [{'DB_ID': 'HMDB0002372', 'name': 'N-Phenylacetylphenylalanine'}, {'DB_ID': 'HMDB0003563', 'name': 'Morphinone'}, {'DB_ID': 'HMDB0030191', 'name': 'N-[2-Hydroxy-2-(4-hydroxyphenyl)ethyl]cinnamide'}, {'DB_ID': 'HMDB0032845', 'name': '2-[Methyl(3-phenylpropanoyl)amino]benzoic acid'}, {'DB_ID': 'HMDB0034669', 'name': 'Anaxagoreine'}, {'DB_ID': 'HMDB0039521', 'name': 'N-(p-Hydroxyphenyl)ethyl p-hydroxycinnamide'}, {'DB_ID': 'HMDB0139467', 'name': '(2E)-N-[2-hydroxy-2-(4-hydroxyphenyl)ethyl]-3-phenylprop-2-enimidic acid'}]}	('C17H17NO3_283.120843', '', 1)	[]
322.0845941	3.9143543	kp89_283.1214	M0,K/H	['C17H17NO3']	283.12138503323	N-Phenylacetylphenylalanine	{'C17H17NO3': [{'DB_ID': 'HMDB0002372', 'name': 'N-Phenylacetylphenylalanine'}, {'DB_ID': 'HMDB0003563', 'name': 'Morphinone'}, {'DB_ID': 'HMDB0030191', 'name': 'N-[2-Hydroxy-2-(4-hydroxyphenyl)ethyl]cinnamide'}, {'DB_ID': 'HMDB0032845', 'name': '2-[Methyl(3-phenylpropanoyl)amino]benzoic acid'}, {'DB_ID': 'HMDB0034669', 'name': 'Anaxagoreine'}, {'DB_ID': 'HMDB0039521', 'name': 'N-(p-Hydroxyphenyl)ethyl p-hydroxycinnamide'}, {'DB_ID': 'HMDB0139467', 'name': '(2E)-N-[2-hydroxy-2-(4-hydroxyphenyl)ethyl]-3-phenylprop-2-enimidic acid'}]}	('C17H17NO3_283.120843', '', 1)	[]
675.3373203	3.7246456	kp90_652.3486	M0,Na/H	['C40H48N2O6', 'C34H52O12']	652.34860103323	Uzarigenin 3-[xylosyl-(1->2)-rhamnoside]	{'C34H52O12': [{'DB_ID': 'HMDB0036296', 'name': 'Uzarigenin 3-[xylosyl-(1->2)-rhamnoside]'}], 'C40H48N2O6': [{'DB_ID': 'HMDB0015429', 'name': 'Metocurine'}]}	('C34H52O12_652.345877', '', 1), ('C40H48N2O6_652.351237', '', 1)	[]
653.3569711	3.7226074	kp90_652.3486	M0,M+H+	['C40H48N2O6', 'C34H52O12']	652.34860103323	Uzarigenin 3-[xylosyl-(1->2)-rhamnoside]	{'C34H52O12': [{'DB_ID': 'HMDB0036296', 'name': 'Uzarigenin 3-[xylosyl-(1->2)-rhamnoside]'}], 'C40H48N2O6': [{'DB_ID': 'HMDB0015429', 'name': 'Metocurine'}]}	('C34H52O12_652.345877', '', 1), ('C40H48N2O6_652.351237', '', 1)	[]
664.3928473	3.9362247	kp90_652.3486	13C/12C*11,M+H+	['C40H48N2O6', 'C34H52O12']	652.34860103323	Uzarigenin 3-[xylosyl-(1->2)-rhamnoside]	{'C34H52O12': [{'DB_ID': 'HMDB0036296', 'name': 'Uzarigenin 3-[xylosyl-(1->2)-rhamnoside]'}], 'C40H48N2O6': [{'DB_ID': 'HMDB0015429', 'name': 'Metocurine'}]}	('C34H52O12_652.345877', '', 1), ('C40H48N2O6_652.351237', '', 1)	[]
691.3111583	3.7266693	kp90_652.3486	M0,K/H	['C40H48N2O6', 'C34H52O12']	652.34860103323	Uzarigenin 3-[xylosyl-(1->2)-rhamnoside]	{'C34H52O12': [{'DB_ID': 'HMDB0036296', 'name': 'Uzarigenin 3-[xylosyl-(1->2)-rhamnoside]'}], 'C40H48N2O6': [{'DB_ID': 'HMDB0015429', 'name': 'Metocurine'}]}	('C34H52O12_652.345877', '', 1), ('C40H48N2O6_652.351237', '', 1)	[]
732.3283201	3.9546206	kp91_731.3192	M0,M+H+	None	731.3192253332301				[]
734.3313935	3.9546206	kp91_731.3192	13C/12C*2,M+H+	None	731.3192253332301				[]
775.2573995	3.7369013	kp92_736.2739	13C/12C*2,HCl	None	736.273948773215				[]
759.2649745	3.954621	kp92_736.2739	M0,Na/H	None	736.273948773215				[]
739.2870207	3.954621	kp92_736.2739	13C/12C*2,M+H+	None	736.273948773215				[]
737.2827881	3.9546206	kp92_736.2739	M0,M+H+	None	736.273948773215				[]
748.3229684	3.7369013	kp92_736.2739	13C/12C*11,M+H+	None	736.273948773215				[]
721.3388991	3.9344177	kp93_720.3311	M0,M+H+	None	720.33113878323				[]
743.3199314	3.9382594	kp93_720.3311	M0,Na/H	None	720.33113878323				[]
753.2779398	3.7369013	kp94_752.2708	M0,M+H+	None	752.27076203323				[]
764.3151794	3.5733252	kp94_752.2708	13C/12C*11,M+H+	None	752.27076203323				[]
791.2337833	3.7368832	kp94_752.2708	M0,K/H	None	752.27076203323				[]
670.3821179	3.7246456	kp95_658.3336	13C/12C*11,M+H+	None	658.3336056340091				[]
659.3411736	3.8181133	kp95_658.3336	M0,M+H+	None	658.3336056340091				[]
668.3664548	3.7369013	kp95_658.3336	13C/12C*9,M+H+	None	658.3336056340091				[]
389.1715727	3.9102154	kp96_388.1637	M0,M+H+	['C20H24N2O6']	388.16371761323	Nisoldipine	{'C20H24N2O6': [{'DB_ID': 'HMDB0014545', 'name': 'Nisoldipine'}]}	('C20H24N2O6_388.163437', '', 1)	[]
419.1822385	3.9317195	kp96_388.1637	13C/12C*8,Na/H	['C20H24N2O6']	388.16371761323	Nisoldipine	{'C20H24N2O6': [{'DB_ID': 'HMDB0014545', 'name': 'Nisoldipine'}]}	('C20H24N2O6_388.163437', '', 1)	[]
411.1535752	3.9102154	kp96_388.1637	M0,Na/H	['C20H24N2O6']	388.16371761323	Nisoldipine	{'C20H24N2O6': [{'DB_ID': 'HMDB0014545', 'name': 'Nisoldipine'}]}	('C20H24N2O6_388.163437', '', 1)	[]
427.1273509	3.9102154	kp96_388.1637	M0,K/H	['C20H24N2O6']	388.16371761323	Nisoldipine	{'C20H24N2O6': [{'DB_ID': 'HMDB0014545', 'name': 'Nisoldipine'}]}	('C20H24N2O6_388.163437', '', 1)	[]
391.1736651	3.7466931	kp96_388.1637	13C/12C*2,M+H+	['C20H24N2O6']	388.16371761323	Nisoldipine	{'C20H24N2O6': [{'DB_ID': 'HMDB0014545', 'name': 'Nisoldipine'}]}	('C20H24N2O6_388.163437', '', 1)	[]
506.3125785	3.8149288	kp97_503.2939	13C/12C*2,M+H+	None	503.29388948323				[]
504.2964634	3.779359	kp97_503.2939	M0,M+H+	None	503.29388948323				[]
451.2489139	4.176274	kp98_438.2019	13C/12C*12,M+H+	['C26H30O6']	438.20190363323	1-Hydroxy-3,6,7-trimethoxy-2,8-diprenylxanthone	{'C26H30O6': [{'DB_ID': 'HMDB0036597', 'name': '1-Hydroxy-3,6,7-trimethoxy-2,8-diprenylxanthone'}, {'DB_ID': 'HMDB0040613', 'name': 'Kanzonol G'}, {'DB_ID': 'HMDB0134749', 'name': '5,7-dihydroxy-3-[3-hydroxy-4-methoxy-5-(3-methylbut-2-en-1-yl)phenyl]-8-(3-methylbut-2-en-1-yl)-3,4-dihydro-2H-1-benzopyran-4-one'}]}	('C26H30O6_438.204239', '', 1)	[]
439.2097063	4.37933	kp98_438.2019	M0,M+H+	['C26H30O6']	438.20190363323	1-Hydroxy-3,6,7-trimethoxy-2,8-diprenylxanthone	{'C26H30O6': [{'DB_ID': 'HMDB0036597', 'name': '1-Hydroxy-3,6,7-trimethoxy-2,8-diprenylxanthone'}, {'DB_ID': 'HMDB0040613', 'name': 'Kanzonol G'}, {'DB_ID': 'HMDB0134749', 'name': '5,7-dihydroxy-3-[3-hydroxy-4-methoxy-5-(3-methylbut-2-en-1-yl)phenyl]-8-(3-methylbut-2-en-1-yl)-3,4-dihydro-2H-1-benzopyran-4-one'}]}	('C26H30O6_438.204239', '', 1)	[]
453.2643644	4.04751	kp99_450.246	13C/12C*2,M+H+	None	450.24596073323				[]
451.24882	3.7814152	kp99_450.246	M0,M+H+	None	450.24596073323				[]
451.248623	4.442446	kp100_450.2451	M0,M+H+	None	450.24507463323				[]
453.2627892	4.7310038	kp100_450.2451	13C/12C*2,M+H+	None	450.24507463323				[]
470.291572	4.0475407	kp101_467.2717	13C/12C*2,M+H+	None	467.27169818323				[]
473.2896274	3.710682	kp101_467.2717	13C/12C*5,M+H+	None	467.27169818323				[]
490.2645248	3.5910835	kp101_467.2717	M0,Na/H	None	467.27169818323				[]
468.2756594	3.7855198	kp101_467.2717	M0,M+H+	None	467.27169818323				[]
791.4198412	4.1362343	kp102_790.414	M0,M+H+	None	790.4140366000917				[]
800.4452111	3.948493	kp102_790.414	13C/12C*9,M+H+	None	790.4140366000917				[]
793.4357919	3.8181133	kp102_790.414	13C/12C*2,M+H+	None	790.4140366000917				[]
951.4575031	3.8970928	kp103_950.4534	M0,M+H+	None	950.45337438323				[]
962.5007036	3.5974631	kp103_950.4534	13C/12C*11,M+H+	None	950.45337438323				[]
678.3719407	4.104059	kp104_668.3381	13C/12C*9,M+H+	None	668.3381038332301				[]
669.3490149	3.9834597	kp104_668.3381	M0,M+H+	None	668.3381038332301				[]
917.5127803	4.0168643	kp105_916.5052	M0,M+H+	['C46H76O18', 'C43H82O16P2']	916.50524418323	PIP(16:0/18:1(11Z))	{'C43H82O16P2': [{'DB_ID': 'HMDB0009924', 'name': 'PIP(16:0/18:1(11Z))'}, {'DB_ID': 'HMDB0009925', 'name': "PIP[3'](16:0/18:1(9Z))"}, {'DB_ID': 'HMDB0009947', 'name': 'PIP(18:0/16:1(9Z))'}, {'DB_ID': 'HMDB0009958', 'name': 'PIP(18:1(11Z)/16:0)'}, {'DB_ID': 'HMDB0009970', 'name': 'PIP(18:1(9Z)/16:0)'}], 'C46H76O18': [{'DB_ID': 'HMDB0040660', 'name': 'Hoduloside VIII'}]}	('C43H82O16P2_916.50781', '', 1), ('C46H76O18_916.503166', '', 1)	[]
939.494261	4.012733	kp105_916.5052	M0,Na/H	['C46H76O18', 'C43H82O16P2']	916.50524418323	PIP(16:0/18:1(11Z))	{'C43H82O16P2': [{'DB_ID': 'HMDB0009924', 'name': 'PIP(16:0/18:1(11Z))'}, {'DB_ID': 'HMDB0009925', 'name': "PIP[3'](16:0/18:1(9Z))"}, {'DB_ID': 'HMDB0009947', 'name': 'PIP(18:0/16:1(9Z))'}, {'DB_ID': 'HMDB0009958', 'name': 'PIP(18:1(11Z)/16:0)'}, {'DB_ID': 'HMDB0009970', 'name': 'PIP(18:1(9Z)/16:0)'}], 'C46H76O18': [{'DB_ID': 'HMDB0040660', 'name': 'Hoduloside VIII'}]}	('C43H82O16P2_916.50781', '', 1), ('C46H76O18_916.503166', '', 1)	[]
301.1200403	3.9772396	kp106_296.1015	13C/12C*4,M+H+	['C11H21O7P', 'C12H25I', 'C13H16N2O6']	296.10146863323	1-iodo-2-methylundecane	{'C12H25I': [{'DB_ID': 'HMDB0062727', 'name': '1-iodo-2-methylundecane'}], 'C11H21O7P': [{'DB_ID': 'HMDB0011685', 'name': 'DHAP(8:0)'}], 'C13H16N2O6': [{'DB_ID': 'HMDB0028765', 'name': 'Aspartyl-Tyrosine'}, {'DB_ID': 'HMDB0029101', 'name': 'Tyrosyl-Aspartate'}]}	('C12H25I_296.1001', '', 1), ('C11H21O7P_296.10249', '', 1), ('C13H16N2O6_296.100836', '', 1)	[]
297.1108699	4.027352	kp106_296.1015	M0,M+H+	['C11H21O7P', 'C12H25I', 'C13H16N2O6']	296.10146863323	1-iodo-2-methylundecane	{'C12H25I': [{'DB_ID': 'HMDB0062727', 'name': '1-iodo-2-methylundecane'}], 'C11H21O7P': [{'DB_ID': 'HMDB0011685', 'name': 'DHAP(8:0)'}], 'C13H16N2O6': [{'DB_ID': 'HMDB0028765', 'name': 'Aspartyl-Tyrosine'}, {'DB_ID': 'HMDB0029101', 'name': 'Tyrosyl-Aspartate'}]}	('C12H25I_296.1001', '', 1), ('C11H21O7P_296.10249', '', 1), ('C13H16N2O6_296.100836', '', 1)	[]
365.1951373	4.1940002	kp107_334.178	13C/12C*8,Na/H	['C19H26O5']	334.17795483323	3-(2-Methylpropanoyloxy)-8-(2-methylbutanoyloxy)-9,10-epoxy-p-mentha-1,3,5-triene	{'C19H26O5': [{'DB_ID': 'HMDB0032699', 'name': '3-(2-Methylpropanoyloxy)-8-(2-methylbutanoyloxy)-9,10-epoxy-p-mentha-1,3,5-triene'}, {'DB_ID': 'HMDB0032700', 'name': '3-(2-Methylpropanoyloxy)-8-(3-methylbutanoyloxy)-9,10-epoxy-p-mentha-1,3,5-triene'}, {'DB_ID': 'HMDB0134962', 'name': '3-[3,4-dihydroxy-2-(4-hydroxy-3,7-dimethylocta-2,6-dien-1-yl)phenyl]propanoic acid'}, {'DB_ID': 'HMDB0134963', 'name': '3-{3,4-dihydroxy-2-[(2Z)-4-hydroxy-3-(4-methylpent-3-en-1-yl)but-2-en-1-yl]phenyl}propanoic acid'}, {'DB_ID': 'HMDB0134964', 'name': '3-[3,4-dihydroxy-2-(8-hydroxy-3,7-dimethylocta-2,6-dien-1-yl)phenyl]propanoic acid'}, {'DB_ID': 'HMDB0134965', 'name': '3-{3,4-dihydroxy-2-[(6E)-8-hydroxy-3,7-dimethylocta-2,6-dien-1-yl]phenyl}propanoic acid'}, {'DB_ID': 'HMDB0134966', 'name': '3-[2-(3,7-dimethylocta-2,6-dien-1-yl)-3,4-dihydroxyphenyl]-3-hydroxypropanoic acid'}, {'DB_ID': 'HMDB0134967', 'name': '3-[3,4-dihydroxy-2-(5-hydroxy-3,7-dimethylocta-2,6-dien-1-yl)phenyl]propanoic acid'}, {'DB_ID': 'HMDB0134968', 'name': '3-(3,4-dihydroxy-2-{[3-methyl-3-(4-methylpent-3-en-1-yl)oxiran-2-yl]methyl}phenyl)propanoic acid'}, {'DB_ID': 'HMDB0134969', 'name': '3-{2-[5-(3,3-dimethyloxiran-2-yl)-3-methylpent-2-en-1-yl]-3,4-dihydroxyphenyl}propanoic acid'}, {'DB_ID': 'HMDB0134970', 'name': '3-[2-(3,7-dimethylocta-2,6-dien-1-yl)-3,4,6-trihydroxyphenyl]propanoic acid'}, {'DB_ID': 'HMDB0134971', 'name': '3-[2-(3,7-dimethylocta-2,6-dien-1-yl)-3,4-dihydroxyphenyl]-2-hydroxypropanoic acid'}, {'DB_ID': 'HMDB0134972', 'name': '3-[2-(3,7-dimethylocta-2,6-dien-1-yl)-3,4,5-trihydroxyphenyl]propanoic acid'}]}	('C19H26O5_334.178024', '', 1)	[]
343.2118605	4.2058673	kp107_334.178	13C/12C*8,M+H+	['C19H26O5']	334.17795483323	3-(2-Methylpropanoyloxy)-8-(2-methylbutanoyloxy)-9,10-epoxy-p-mentha-1,3,5-triene	{'C19H26O5': [{'DB_ID': 'HMDB0032699', 'name': '3-(2-Methylpropanoyloxy)-8-(2-methylbutanoyloxy)-9,10-epoxy-p-mentha-1,3,5-triene'}, {'DB_ID': 'HMDB0032700', 'name': '3-(2-Methylpropanoyloxy)-8-(3-methylbutanoyloxy)-9,10-epoxy-p-mentha-1,3,5-triene'}, {'DB_ID': 'HMDB0134962', 'name': '3-[3,4-dihydroxy-2-(4-hydroxy-3,7-dimethylocta-2,6-dien-1-yl)phenyl]propanoic acid'}, {'DB_ID': 'HMDB0134963', 'name': '3-{3,4-dihydroxy-2-[(2Z)-4-hydroxy-3-(4-methylpent-3-en-1-yl)but-2-en-1-yl]phenyl}propanoic acid'}, {'DB_ID': 'HMDB0134964', 'name': '3-[3,4-dihydroxy-2-(8-hydroxy-3,7-dimethylocta-2,6-dien-1-yl)phenyl]propanoic acid'}, {'DB_ID': 'HMDB0134965', 'name': '3-{3,4-dihydroxy-2-[(6E)-8-hydroxy-3,7-dimethylocta-2,6-dien-1-yl]phenyl}propanoic acid'}, {'DB_ID': 'HMDB0134966', 'name': '3-[2-(3,7-dimethylocta-2,6-dien-1-yl)-3,4-dihydroxyphenyl]-3-hydroxypropanoic acid'}, {'DB_ID': 'HMDB0134967', 'name': '3-[3,4-dihydroxy-2-(5-hydroxy-3,7-dimethylocta-2,6-dien-1-yl)phenyl]propanoic acid'}, {'DB_ID': 'HMDB0134968', 'name': '3-(3,4-dihydroxy-2-{[3-methyl-3-(4-methylpent-3-en-1-yl)oxiran-2-yl]methyl}phenyl)propanoic acid'}, {'DB_ID': 'HMDB0134969', 'name': '3-{2-[5-(3,3-dimethyloxiran-2-yl)-3-methylpent-2-en-1-yl]-3,4-dihydroxyphenyl}propanoic acid'}, {'DB_ID': 'HMDB0134970', 'name': '3-[2-(3,7-dimethylocta-2,6-dien-1-yl)-3,4,6-trihydroxyphenyl]propanoic acid'}, {'DB_ID': 'HMDB0134971', 'name': '3-[2-(3,7-dimethylocta-2,6-dien-1-yl)-3,4-dihydroxyphenyl]-2-hydroxypropanoic acid'}, {'DB_ID': 'HMDB0134972', 'name': '3-[2-(3,7-dimethylocta-2,6-dien-1-yl)-3,4,5-trihydroxyphenyl]propanoic acid'}]}	('C19H26O5_334.178024', '', 1)	[]
335.1843761	4.099755	kp107_334.178	M0,M+H+	['C19H26O5']	334.17795483323	3-(2-Methylpropanoyloxy)-8-(2-methylbutanoyloxy)-9,10-epoxy-p-mentha-1,3,5-triene	{'C19H26O5': [{'DB_ID': 'HMDB0032699', 'name': '3-(2-Methylpropanoyloxy)-8-(2-methylbutanoyloxy)-9,10-epoxy-p-mentha-1,3,5-triene'}, {'DB_ID': 'HMDB0032700', 'name': '3-(2-Methylpropanoyloxy)-8-(3-methylbutanoyloxy)-9,10-epoxy-p-mentha-1,3,5-triene'}, {'DB_ID': 'HMDB0134962', 'name': '3-[3,4-dihydroxy-2-(4-hydroxy-3,7-dimethylocta-2,6-dien-1-yl)phenyl]propanoic acid'}, {'DB_ID': 'HMDB0134963', 'name': '3-{3,4-dihydroxy-2-[(2Z)-4-hydroxy-3-(4-methylpent-3-en-1-yl)but-2-en-1-yl]phenyl}propanoic acid'}, {'DB_ID': 'HMDB0134964', 'name': '3-[3,4-dihydroxy-2-(8-hydroxy-3,7-dimethylocta-2,6-dien-1-yl)phenyl]propanoic acid'}, {'DB_ID': 'HMDB0134965', 'name': '3-{3,4-dihydroxy-2-[(6E)-8-hydroxy-3,7-dimethylocta-2,6-dien-1-yl]phenyl}propanoic acid'}, {'DB_ID': 'HMDB0134966', 'name': '3-[2-(3,7-dimethylocta-2,6-dien-1-yl)-3,4-dihydroxyphenyl]-3-hydroxypropanoic acid'}, {'DB_ID': 'HMDB0134967', 'name': '3-[3,4-dihydroxy-2-(5-hydroxy-3,7-dimethylocta-2,6-dien-1-yl)phenyl]propanoic acid'}, {'DB_ID': 'HMDB0134968', 'name': '3-(3,4-dihydroxy-2-{[3-methyl-3-(4-methylpent-3-en-1-yl)oxiran-2-yl]methyl}phenyl)propanoic acid'}, {'DB_ID': 'HMDB0134969', 'name': '3-{2-[5-(3,3-dimethyloxiran-2-yl)-3-methylpent-2-en-1-yl]-3,4-dihydroxyphenyl}propanoic acid'}, {'DB_ID': 'HMDB0134970', 'name': '3-[2-(3,7-dimethylocta-2,6-dien-1-yl)-3,4,6-trihydroxyphenyl]propanoic acid'}, {'DB_ID': 'HMDB0134971', 'name': '3-[2-(3,7-dimethylocta-2,6-dien-1-yl)-3,4-dihydroxyphenyl]-2-hydroxypropanoic acid'}, {'DB_ID': 'HMDB0134972', 'name': '3-[2-(3,7-dimethylocta-2,6-dien-1-yl)-3,4,5-trihydroxyphenyl]propanoic acid'}]}	('C19H26O5_334.178024', '', 1)	[]
365.1951078	4.401775	kp108_342.2053	M0,Na/H	['C18H30O6']	342.20526048323	Monic acid	{'C18H30O6': [{'DB_ID': 'HMDB0061154', 'name': 'Monic acid'}, {'DB_ID': 'HMDB0062618', 'name': '2,3-dinor-6-oxoprostaglandin F1alpha'}, {'DB_ID': 'HMDB0002277', 'name': '2,3-Dinor-6-keto-prostaglandin F1 a'}, {'DB_ID': 'HMDB0002904', 'name': '2,3-Dinor-TXB2'}, {'DB_ID': 'HMDB0038940', 'name': '(-)-11-Hydroxy-9,15,16-trioxooctadecanoic acid'}]}	('C18H30O6_342.204239', '', 1)	[]
343.2119661	4.3927507	kp108_342.2053	M0,M+H+	['C18H30O6']	342.20526048323	Monic acid	{'C18H30O6': [{'DB_ID': 'HMDB0061154', 'name': 'Monic acid'}, {'DB_ID': 'HMDB0062618', 'name': '2,3-dinor-6-oxoprostaglandin F1alpha'}, {'DB_ID': 'HMDB0002277', 'name': '2,3-Dinor-6-keto-prostaglandin F1 a'}, {'DB_ID': 'HMDB0002904', 'name': '2,3-Dinor-TXB2'}, {'DB_ID': 'HMDB0038940', 'name': '(-)-11-Hydroxy-9,15,16-trioxooctadecanoic acid'}]}	('C18H30O6_342.204239', '', 1)	[]
452.2788933	4.14641	kp109_451.276	M0,M+H+	['C28H37NO4']	451.27599363323003	Cytochalasin Opho	{'C28H37NO4': [{'DB_ID': 'HMDB0035366', 'name': 'Cytochalasin Opho'}]}	('C28H37NO4_451.272259', '', 1)	[]
459.3111319	4.4144673	kp109_451.276	13C/12C*7,M+H+	['C28H37NO4']	451.27599363323003	Cytochalasin Opho	{'C28H37NO4': [{'DB_ID': 'HMDB0035366', 'name': 'Cytochalasin Opho'}]}	('C28H37NO4_451.272259', '', 1)	[]
879.4016162	4.4083405	kp110_878.393	M0,M+H+	None	878.39298348323				[]
901.3809037	4.408337	kp110_878.393	M0,Na/H	None	878.39298348323				[]
887.4128908	4.40629	kp111_886.3993	M0,M+H+	None	886.3992921832299				[]
896.4304415	4.404232	kp111_886.3993	13C/12C*9,M+H+	None	886.3992921832299				[]
878.8996591	4.40629	kp112_877.8861	M0,M+H+	None	877.8861035332028				[]
887.9172959	4.3905697	kp112_877.8861	13C/12C*9,M+H+	None	877.8861035332028				[]
1154.504537	4.40629	kp113_1153.4923	M0,M+H+	None	1153.49226003323				[]
1158.507956	4.3853407	kp113_1153.4923	13C/12C*4,M+H+	None	1153.49226003323				[]
805.3786079	5.2044163	kp114_766.4161	M0,K/H	['C40H62O14']	766.4160595998967	(3b,5a,25R)-3-Hydroxyspirostan-6-one 3-[2-acetylarabinosyl-(1->6)-glucoside]	{'C40H62O14': [{'DB_ID': 'HMDB0041185', 'name': '(3b,5a,25R)-3-Hydroxyspirostan-6-one 3-[2-acetylarabinosyl-(1->6)-glucoside]'}]}	('C40H62O14_766.413957', '', 1)	[]
789.4056932	4.967076	kp114_766.4161	M0,Na/H	['C40H62O14']	766.4160595998967	(3b,5a,25R)-3-Hydroxyspirostan-6-one 3-[2-acetylarabinosyl-(1->6)-glucoside]	{'C40H62O14': [{'DB_ID': 'HMDB0041185', 'name': '(3b,5a,25R)-3-Hydroxyspirostan-6-one 3-[2-acetylarabinosyl-(1->6)-glucoside]'}]}	('C40H62O14_766.413957', '', 1)	[]
767.4235891	5.2003345	kp114_766.4161	M0,M+H+	['C40H62O14']	766.4160595998967	(3b,5a,25R)-3-Hydroxyspirostan-6-one 3-[2-acetylarabinosyl-(1->6)-glucoside]	{'C40H62O14': [{'DB_ID': 'HMDB0041185', 'name': '(3b,5a,25R)-3-Hydroxyspirostan-6-one 3-[2-acetylarabinosyl-(1->6)-glucoside]'}]}	('C40H62O14_766.413957', '', 1)	[]
789.4051355	4.549951	kp115_788.3904	M0,M+H+	['C38H60O17']	788.39037173323	Dulcoside A	{'C38H60O17': [{'DB_ID': 'HMDB0036708', 'name': 'Dulcoside A'}]}	('C38H60O17_788.38305', '', 1)	[]
796.4136459	4.7036905	kp115_788.3904	13C/12C*7,M+H+	['C38H60O17']	788.39037173323	Dulcoside A	{'C38H60O17': [{'DB_ID': 'HMDB0036708', 'name': 'Dulcoside A'}]}	('C38H60O17_788.38305', '', 1)	[]
437.2677408	5.1163464	kp116_434.2503	13C/12C*2,M+H+	None	434.25027183323				[]
435.2540658	5.025478	kp116_434.2503	M0,M+H+	None	434.25027183323				[]
355.1536487	4.9333286	kp117_316.1886	M0,K/H	['C16H28O6']	316.18858413369935	Menthol-glucoronide	{'C16H28O6': [{'DB_ID': 'HMDB0060004', 'name': 'Menthol-glucoronide'}, {'DB_ID': 'HMDB0029346', 'name': 'Neryl glucoside'}, {'DB_ID': 'HMDB0029856', 'name': '(S)-alpha-Terpinyl glucoside'}, {'DB_ID': 'HMDB0030418', 'name': 'D-Linalool 3-glucoside'}, {'DB_ID': 'HMDB0040563', 'name': 'Perilloside C'}]}	('C16H28O6_316.188589', '', 1)	[]
367.1904475	5.0872006	kp117_316.1886	13C/12C*12,K/H	['C16H28O6']	316.18858413369935	Menthol-glucoronide	{'C16H28O6': [{'DB_ID': 'HMDB0060004', 'name': 'Menthol-glucoronide'}, {'DB_ID': 'HMDB0029346', 'name': 'Neryl glucoside'}, {'DB_ID': 'HMDB0029856', 'name': '(S)-alpha-Terpinyl glucoside'}, {'DB_ID': 'HMDB0030418', 'name': 'D-Linalool 3-glucoside'}, {'DB_ID': 'HMDB0040563', 'name': 'Perilloside C'}]}	('C16H28O6_316.188589', '', 1)	[]
351.2162524	4.873534	kp117_316.1886	13C/12C*12,Na/H	['C16H28O6']	316.18858413369935	Menthol-glucoronide	{'C16H28O6': [{'DB_ID': 'HMDB0060004', 'name': 'Menthol-glucoronide'}, {'DB_ID': 'HMDB0029346', 'name': 'Neryl glucoside'}, {'DB_ID': 'HMDB0029856', 'name': '(S)-alpha-Terpinyl glucoside'}, {'DB_ID': 'HMDB0030418', 'name': 'D-Linalool 3-glucoside'}, {'DB_ID': 'HMDB0040563', 'name': 'Perilloside C'}]}	('C16H28O6_316.188589', '', 1)	[]
339.1785712	4.9082084	kp117_316.1886	M0,Na/H	['C16H28O6']	316.18858413369935	Menthol-glucoronide	{'C16H28O6': [{'DB_ID': 'HMDB0060004', 'name': 'Menthol-glucoronide'}, {'DB_ID': 'HMDB0029346', 'name': 'Neryl glucoside'}, {'DB_ID': 'HMDB0029856', 'name': '(S)-alpha-Terpinyl glucoside'}, {'DB_ID': 'HMDB0030418', 'name': 'D-Linalool 3-glucoside'}, {'DB_ID': 'HMDB0040563', 'name': 'Perilloside C'}]}	('C16H28O6_316.188589', '', 1)	[]
317.1966672	4.9594126	kp117_316.1886	M0,M+H+	['C16H28O6']	316.18858413369935	Menthol-glucoronide	{'C16H28O6': [{'DB_ID': 'HMDB0060004', 'name': 'Menthol-glucoronide'}, {'DB_ID': 'HMDB0029346', 'name': 'Neryl glucoside'}, {'DB_ID': 'HMDB0029856', 'name': '(S)-alpha-Terpinyl glucoside'}, {'DB_ID': 'HMDB0030418', 'name': 'D-Linalool 3-glucoside'}, {'DB_ID': 'HMDB0040563', 'name': 'Perilloside C'}]}	('C16H28O6_316.188589', '', 1)	[]
373.1971921	5.0364738	kp118_350.2084	M0,Na/H	['C20H30O5']	350.20842253323	5,12,18R-TriHEPE	{'C20H30O5': [{'DB_ID': 'HMDB0060096', 'name': '5,12,18R-TriHEPE'}, {'DB_ID': 'HMDB0062297', 'name': '9S-hydroxy-11,15-dioxo-5Z,13E-prostadienoic acid'}, {'DB_ID': 'HMDB0062300', 'name': '15-oxo-5S,6R-dihydroxy-7E,9E,11Z,13E-eicosatetraenoic acid'}, {'DB_ID': 'HMDB0062616', 'name': '(5S)-hydroperoxy-18-hydroxy-EPE'}, {'DB_ID': 'HMDB0062797', 'name': '(5S)-hydroperoxy-18-hydroxy-EPE(1-)'}, {'DB_ID': 'HMDB0002341', 'name': '8-iso-15-keto-PGE2'}, {'DB_ID': 'HMDB0002664', 'name': 'Prostaglandin E3'}, {'DB_ID': 'HMDB0003034', 'name': 'Prostaglandin D3'}, {'DB_ID': 'HMDB0003175', 'name': '15-Keto-prostaglandin E2'}, {'DB_ID': 'HMDB0010410', 'name': 'Resolvin E1'}, {'DB_ID': 'HMDB0012552', 'name': '12-Oxo-20-hydroxy-leukotriene B4'}, {'DB_ID': 'HMDB0012588', 'name': '15-Epi-lipoxin B5'}, {'DB_ID': 'HMDB0012590', 'name': '15-Oxo-lipoxin A4'}, {'DB_ID': 'HMDB0012641', 'name': '20-oxo-leukotriene B4'}, {'DB_ID': 'HMDB0013040', 'name': 'Prostaglandin H3'}, {'DB_ID': 'HMDB0036701', 'name': '(ent-6alpha,7alpha,12alpha)-6,7,12-Trihydroxy-16-kauren-19-oic acid'}, {'DB_ID': 'HMDB0037593', 'name': 'Oryzalic acid A'}, {'DB_ID': 'HMDB0038693', 'name': 'Oryzalic acid B'}]}	('C20H30O5_350.209324', '', 1)	[]
351.2162059	5.052236	kp118_350.2084	M0,M+H+	['C20H30O5']	350.20842253323	5,12,18R-TriHEPE	{'C20H30O5': [{'DB_ID': 'HMDB0060096', 'name': '5,12,18R-TriHEPE'}, {'DB_ID': 'HMDB0062297', 'name': '9S-hydroxy-11,15-dioxo-5Z,13E-prostadienoic acid'}, {'DB_ID': 'HMDB0062300', 'name': '15-oxo-5S,6R-dihydroxy-7E,9E,11Z,13E-eicosatetraenoic acid'}, {'DB_ID': 'HMDB0062616', 'name': '(5S)-hydroperoxy-18-hydroxy-EPE'}, {'DB_ID': 'HMDB0062797', 'name': '(5S)-hydroperoxy-18-hydroxy-EPE(1-)'}, {'DB_ID': 'HMDB0002341', 'name': '8-iso-15-keto-PGE2'}, {'DB_ID': 'HMDB0002664', 'name': 'Prostaglandin E3'}, {'DB_ID': 'HMDB0003034', 'name': 'Prostaglandin D3'}, {'DB_ID': 'HMDB0003175', 'name': '15-Keto-prostaglandin E2'}, {'DB_ID': 'HMDB0010410', 'name': 'Resolvin E1'}, {'DB_ID': 'HMDB0012552', 'name': '12-Oxo-20-hydroxy-leukotriene B4'}, {'DB_ID': 'HMDB0012588', 'name': '15-Epi-lipoxin B5'}, {'DB_ID': 'HMDB0012590', 'name': '15-Oxo-lipoxin A4'}, {'DB_ID': 'HMDB0012641', 'name': '20-oxo-leukotriene B4'}, {'DB_ID': 'HMDB0013040', 'name': 'Prostaglandin H3'}, {'DB_ID': 'HMDB0036701', 'name': '(ent-6alpha,7alpha,12alpha)-6,7,12-Trihydroxy-16-kauren-19-oic acid'}, {'DB_ID': 'HMDB0037593', 'name': 'Oryzalic acid A'}, {'DB_ID': 'HMDB0038693', 'name': 'Oryzalic acid B'}]}	('C20H30O5_350.209324', '', 1)	[]
373.1984816	4.707013	kp119_350.2091	M0,Na/H	['C20H30O5']	350.20907203323003	5,12,18R-TriHEPE	{'C20H30O5': [{'DB_ID': 'HMDB0060096', 'name': '5,12,18R-TriHEPE'}, {'DB_ID': 'HMDB0062297', 'name': '9S-hydroxy-11,15-dioxo-5Z,13E-prostadienoic acid'}, {'DB_ID': 'HMDB0062300', 'name': '15-oxo-5S,6R-dihydroxy-7E,9E,11Z,13E-eicosatetraenoic acid'}, {'DB_ID': 'HMDB0062616', 'name': '(5S)-hydroperoxy-18-hydroxy-EPE'}, {'DB_ID': 'HMDB0062797', 'name': '(5S)-hydroperoxy-18-hydroxy-EPE(1-)'}, {'DB_ID': 'HMDB0002341', 'name': '8-iso-15-keto-PGE2'}, {'DB_ID': 'HMDB0002664', 'name': 'Prostaglandin E3'}, {'DB_ID': 'HMDB0003034', 'name': 'Prostaglandin D3'}, {'DB_ID': 'HMDB0003175', 'name': '15-Keto-prostaglandin E2'}, {'DB_ID': 'HMDB0010410', 'name': 'Resolvin E1'}, {'DB_ID': 'HMDB0012552', 'name': '12-Oxo-20-hydroxy-leukotriene B4'}, {'DB_ID': 'HMDB0012588', 'name': '15-Epi-lipoxin B5'}, {'DB_ID': 'HMDB0012590', 'name': '15-Oxo-lipoxin A4'}, {'DB_ID': 'HMDB0012641', 'name': '20-oxo-leukotriene B4'}, {'DB_ID': 'HMDB0013040', 'name': 'Prostaglandin H3'}, {'DB_ID': 'HMDB0036701', 'name': '(ent-6alpha,7alpha,12alpha)-6,7,12-Trihydroxy-16-kauren-19-oic acid'}, {'DB_ID': 'HMDB0037593', 'name': 'Oryzalic acid A'}, {'DB_ID': 'HMDB0038693', 'name': 'Oryzalic acid B'}]}	('C20H30O5_350.209324', '', 1)	[]
351.2162154	4.685611	kp119_350.2091	M0,M+H+	['C20H30O5']	350.20907203323003	5,12,18R-TriHEPE	{'C20H30O5': [{'DB_ID': 'HMDB0060096', 'name': '5,12,18R-TriHEPE'}, {'DB_ID': 'HMDB0062297', 'name': '9S-hydroxy-11,15-dioxo-5Z,13E-prostadienoic acid'}, {'DB_ID': 'HMDB0062300', 'name': '15-oxo-5S,6R-dihydroxy-7E,9E,11Z,13E-eicosatetraenoic acid'}, {'DB_ID': 'HMDB0062616', 'name': '(5S)-hydroperoxy-18-hydroxy-EPE'}, {'DB_ID': 'HMDB0062797', 'name': '(5S)-hydroperoxy-18-hydroxy-EPE(1-)'}, {'DB_ID': 'HMDB0002341', 'name': '8-iso-15-keto-PGE2'}, {'DB_ID': 'HMDB0002664', 'name': 'Prostaglandin E3'}, {'DB_ID': 'HMDB0003034', 'name': 'Prostaglandin D3'}, {'DB_ID': 'HMDB0003175', 'name': '15-Keto-prostaglandin E2'}, {'DB_ID': 'HMDB0010410', 'name': 'Resolvin E1'}, {'DB_ID': 'HMDB0012552', 'name': '12-Oxo-20-hydroxy-leukotriene B4'}, {'DB_ID': 'HMDB0012588', 'name': '15-Epi-lipoxin B5'}, {'DB_ID': 'HMDB0012590', 'name': '15-Oxo-lipoxin A4'}, {'DB_ID': 'HMDB0012641', 'name': '20-oxo-leukotriene B4'}, {'DB_ID': 'HMDB0013040', 'name': 'Prostaglandin H3'}, {'DB_ID': 'HMDB0036701', 'name': '(ent-6alpha,7alpha,12alpha)-6,7,12-Trihydroxy-16-kauren-19-oic acid'}, {'DB_ID': 'HMDB0037593', 'name': 'Oryzalic acid A'}, {'DB_ID': 'HMDB0038693', 'name': 'Oryzalic acid B'}]}	('C20H30O5_350.209324', '', 1)	[]
605.3701719	5.6464868	kp120_604.3633	M0,M+H+	None	604.3632761832299				[]
627.3529334	5.6444554	kp120_604.3633	M0,Na/H	None	604.3632761832299				[]
636.3659145	5.130861	kp121_633.3529	13C/12C*2,M+H+	None	633.35291913323				[]
634.3611867	5.1353664	kp121_633.3529	M0,M+H+	None	633.35291913323				[]
655.2904118	5.1353664	kp122_654.2813	M0,M+H+	None	654.28133663323				[]
657.2935244	5.1353664	kp122_654.2813	13C/12C*2,M+H+	None	654.28133663323				[]
534.2535749	5.327851	kp123_524.2173	13C/12C*9,M+H+	None	524.2172740332385				[]
525.2257211	5.311652	kp123_524.2173	M0,M+H+	None	524.2172740332385				[]
331.1903939	5.6593227	kp124_308.1998	M0,Na/H	['C18H28O4']	308.19978018368204	(6E,8E,10R,12Z)-10-Hydroxy-3-oxooctadecatrienoic acid	{'C18H28O4': [{'DB_ID': 'HMDB0062357', 'name': '(6E,8E,10R,12Z)-10-Hydroxy-3-oxooctadecatrienoic acid'}, {'DB_ID': 'HMDB0062359', 'name': '(6E,8E,10S,12Z)-10-Hydroxy-3-oxooctadecatrienoic acid'}, {'DB_ID': 'HMDB0029852', 'name': 'Methylgingerol'}, {'DB_ID': 'HMDB0031471', 'name': 'Diplodiatoxin'}, {'DB_ID': 'HMDB0032664', 'name': 'Corchorifatty acid A'}, {'DB_ID': 'HMDB0033243', 'name': 'Corchorifatty acid D'}, {'DB_ID': 'HMDB0034781', 'name': 'Dihydrocapsiate'}, {'DB_ID': 'HMDB0040867', 'name': '5-O-Methylembelin'}]}	('C18H28O4_308.198759', '', 1)	[]
347.162993	5.684492	kp124_308.1998	M0,K/H	['C18H28O4']	308.19978018368204	(6E,8E,10R,12Z)-10-Hydroxy-3-oxooctadecatrienoic acid	{'C18H28O4': [{'DB_ID': 'HMDB0062357', 'name': '(6E,8E,10R,12Z)-10-Hydroxy-3-oxooctadecatrienoic acid'}, {'DB_ID': 'HMDB0062359', 'name': '(6E,8E,10S,12Z)-10-Hydroxy-3-oxooctadecatrienoic acid'}, {'DB_ID': 'HMDB0029852', 'name': 'Methylgingerol'}, {'DB_ID': 'HMDB0031471', 'name': 'Diplodiatoxin'}, {'DB_ID': 'HMDB0032664', 'name': 'Corchorifatty acid A'}, {'DB_ID': 'HMDB0033243', 'name': 'Corchorifatty acid D'}, {'DB_ID': 'HMDB0034781', 'name': 'Dihydrocapsiate'}, {'DB_ID': 'HMDB0040867', 'name': '5-O-Methylembelin'}]}	('C18H28O4_308.198759', '', 1)	[]
309.2064867	5.6945767	kp124_308.1998	M0,M+H+	['C18H28O4']	308.19978018368204	(6E,8E,10R,12Z)-10-Hydroxy-3-oxooctadecatrienoic acid	{'C18H28O4': [{'DB_ID': 'HMDB0062357', 'name': '(6E,8E,10R,12Z)-10-Hydroxy-3-oxooctadecatrienoic acid'}, {'DB_ID': 'HMDB0062359', 'name': '(6E,8E,10S,12Z)-10-Hydroxy-3-oxooctadecatrienoic acid'}, {'DB_ID': 'HMDB0029852', 'name': 'Methylgingerol'}, {'DB_ID': 'HMDB0031471', 'name': 'Diplodiatoxin'}, {'DB_ID': 'HMDB0032664', 'name': 'Corchorifatty acid A'}, {'DB_ID': 'HMDB0033243', 'name': 'Corchorifatty acid D'}, {'DB_ID': 'HMDB0034781', 'name': 'Dihydrocapsiate'}, {'DB_ID': 'HMDB0040867', 'name': '5-O-Methylembelin'}]}	('C18H28O4_308.198759', '', 1)	[]
355.188957	5.520905	kp124_308.1998	13C/12C*8,K/H	['C18H28O4']	308.19978018368204	(6E,8E,10R,12Z)-10-Hydroxy-3-oxooctadecatrienoic acid	{'C18H28O4': [{'DB_ID': 'HMDB0062357', 'name': '(6E,8E,10R,12Z)-10-Hydroxy-3-oxooctadecatrienoic acid'}, {'DB_ID': 'HMDB0062359', 'name': '(6E,8E,10S,12Z)-10-Hydroxy-3-oxooctadecatrienoic acid'}, {'DB_ID': 'HMDB0029852', 'name': 'Methylgingerol'}, {'DB_ID': 'HMDB0031471', 'name': 'Diplodiatoxin'}, {'DB_ID': 'HMDB0032664', 'name': 'Corchorifatty acid A'}, {'DB_ID': 'HMDB0033243', 'name': 'Corchorifatty acid D'}, {'DB_ID': 'HMDB0034781', 'name': 'Dihydrocapsiate'}, {'DB_ID': 'HMDB0040867', 'name': '5-O-Methylembelin'}]}	('C18H28O4_308.198759', '', 1)	[]
333.2055461	5.5615106	kp125_291.1702	M0,ACN	None	291.17017603323				[]
292.1759079	5.4767995	kp125_291.1702	M0,M+H+	None	291.17017603323				[]
511.2695063	5.6731057	kp126_502.2375	13C/12C*8,M+H+	['C28H35FO7', 'C24H38O11']	502.2375175670022	Amcinonide	{'C28H35FO7': [{'DB_ID': 'HMDB0014433', 'name': 'Amcinonide'}], 'C24H38O11': [{'DB_ID': 'HMDB0038028', 'name': 'Eriojaposide A'}, {'DB_ID': 'HMDB0040672', 'name': '3-Oxo-alpha-ionol 9-[apiosyl-(1->6)-glucoside]'}]}	('C28H35FO7_502.236682', '', 1), ('C24H38O11_502.241412', '', 1)	[]
525.2261892	5.7054462	kp126_502.2375	M0,Na/H	['C28H35FO7', 'C24H38O11']	502.2375175670022	Amcinonide	{'C28H35FO7': [{'DB_ID': 'HMDB0014433', 'name': 'Amcinonide'}], 'C24H38O11': [{'DB_ID': 'HMDB0038028', 'name': 'Eriojaposide A'}, {'DB_ID': 'HMDB0040672', 'name': '3-Oxo-alpha-ionol 9-[apiosyl-(1->6)-glucoside]'}]}	('C28H35FO7_502.236682', '', 1), ('C24H38O11_502.241412', '', 1)	[]
503.2475266	5.6889634	kp126_502.2375	M0,M+H+	['C28H35FO7', 'C24H38O11']	502.2375175670022	Amcinonide	{'C28H35FO7': [{'DB_ID': 'HMDB0014433', 'name': 'Amcinonide'}], 'C24H38O11': [{'DB_ID': 'HMDB0038028', 'name': 'Eriojaposide A'}, {'DB_ID': 'HMDB0040672', 'name': '3-Oxo-alpha-ionol 9-[apiosyl-(1->6)-glucoside]'}]}	('C28H35FO7_502.236682', '', 1), ('C24H38O11_502.241412', '', 1)	[]
453.2636688	5.7725487	kp127_450.2457	13C/12C*2,M+H+	None	450.24568068323003				[]
451.2489555	5.7075267	kp127_450.2457	M0,M+H+	None	450.24568068323003				[]
453.2641246	5.9616914	kp128_450.2459	13C/12C*2,M+H+	None	450.24590808323				[]
451.2489545	6.0751305	kp128_450.2459	M0,M+H+	None	450.24590808323				[]
981.5018748	5.9616914	kp129_940.533	13C/12C*2,K/H	None	940.53296395323				[]
963.5242884	5.9616914	kp129_940.533	M0,Na/H	None	940.53296395323				[]
982.5018806	5.9637427	kp129_940.533	13C/12C*3,K/H	None	940.53296395323				[]
979.4986876	5.9616914	kp129_940.533	M0,K/H	None	940.53296395323				[]
941.5408917	5.9616914	kp129_940.533	M0,M+H+	None	940.53296395323				[]
436.2857734	6.1332073	kp130_433.2694	13C/12C*2,M+H+	None	433.26940828323				[]
434.2743061	5.915686	kp130_433.2694	M0,M+H+	None	433.26940828323				[]
281.1538311	5.9326954	kp131_280.1461	M0,M+H+	['C19H20O2']	280.14614473323	7-(4-Hydroxyphenyl)-1-phenyl-4-hepten-3-one	{'C19H20O2': [{'DB_ID': 'HMDB0033295', 'name': '7-(4-Hydroxyphenyl)-1-phenyl-4-hepten-3-one'}, {'DB_ID': 'HMDB0133911', 'name': '(6E)-5-hydroxy-1,7-diphenylhept-6-en-3-one'}, {'DB_ID': 'HMDB0133912', 'name': '(6E)-1-hydroxy-1,7-diphenylhept-6-en-3-one'}, {'DB_ID': 'HMDB0133913', 'name': '(6E)-7-(3-hydroxyphenyl)-1-phenylhept-6-en-3-one'}, {'DB_ID': 'HMDB0133914', 'name': '(6E)-1-(3-hydroxyphenyl)-7-phenylhept-6-en-3-one'}, {'DB_ID': 'HMDB0133915', 'name': '(6E)-7-(4-hydroxyphenyl)-1-phenylhept-6-en-3-one'}, {'DB_ID': 'HMDB0133916', 'name': '(6E)-1-(4-hydroxyphenyl)-7-phenylhept-6-en-3-one'}, {'DB_ID': 'HMDB0133917', 'name': '1-phenyl-5-(3-phenyloxiran-2-yl)pentan-3-one'}, {'DB_ID': 'HMDB0133918', 'name': '(6E)-4-hydroxy-1,7-diphenylhept-6-en-3-one'}, {'DB_ID': 'HMDB0133919', 'name': '(6E)-2-hydroxy-1,7-diphenylhept-6-en-3-one'}, {'DB_ID': 'HMDB0134612', 'name': '(4E)-6-hydroxy-1,7-diphenylhept-4-en-3-one'}, {'DB_ID': 'HMDB0134613', 'name': '7-hydroxy-1,7-diphenylhept-4-en-3-one'}, {'DB_ID': 'HMDB0134614', 'name': '1-hydroxy-1,7-diphenylhept-4-en-3-one'}, {'DB_ID': 'HMDB0134615', 'name': '7-(3-hydroxyphenyl)-1-phenylhept-4-en-3-one'}, {'DB_ID': 'HMDB0134616', 'name': '1-(3-hydroxyphenyl)-7-phenylhept-4-en-3-one'}, {'DB_ID': 'HMDB0134617', 'name': '7-(4-hydroxyphenyl)-1-phenylhept-4-en-3-one'}, {'DB_ID': 'HMDB0134618', 'name': '1-(4-hydroxyphenyl)-7-phenylhept-4-en-3-one'}, {'DB_ID': 'HMDB0134619', 'name': '3-phenyl-1-[3-(2-phenylethyl)oxiran-2-yl]propan-1-one'}, {'DB_ID': 'HMDB0134620', 'name': '2-hydroxy-1,7-diphenylhept-4-en-3-one'}, {'DB_ID': 'HMDB0134621', 'name': '7-(2-hydroxyphenyl)-1-phenylhept-4-en-3-one'}, {'DB_ID': 'HMDB0134622', 'name': '1-(2-hydroxyphenyl)-7-phenylhept-4-en-3-one'}, {'DB_ID': 'HMDB0141091', 'name': '1,7-diphenylheptane-3,5-dione'}]}	('C19H20O2_280.14633', '', 1)	[]
289.1798513	6.123905	kp131_280.1461	13C/12C*8,M+H+	['C19H20O2']	280.14614473323	7-(4-Hydroxyphenyl)-1-phenyl-4-hepten-3-one	{'C19H20O2': [{'DB_ID': 'HMDB0033295', 'name': '7-(4-Hydroxyphenyl)-1-phenyl-4-hepten-3-one'}, {'DB_ID': 'HMDB0133911', 'name': '(6E)-5-hydroxy-1,7-diphenylhept-6-en-3-one'}, {'DB_ID': 'HMDB0133912', 'name': '(6E)-1-hydroxy-1,7-diphenylhept-6-en-3-one'}, {'DB_ID': 'HMDB0133913', 'name': '(6E)-7-(3-hydroxyphenyl)-1-phenylhept-6-en-3-one'}, {'DB_ID': 'HMDB0133914', 'name': '(6E)-1-(3-hydroxyphenyl)-7-phenylhept-6-en-3-one'}, {'DB_ID': 'HMDB0133915', 'name': '(6E)-7-(4-hydroxyphenyl)-1-phenylhept-6-en-3-one'}, {'DB_ID': 'HMDB0133916', 'name': '(6E)-1-(4-hydroxyphenyl)-7-phenylhept-6-en-3-one'}, {'DB_ID': 'HMDB0133917', 'name': '1-phenyl-5-(3-phenyloxiran-2-yl)pentan-3-one'}, {'DB_ID': 'HMDB0133918', 'name': '(6E)-4-hydroxy-1,7-diphenylhept-6-en-3-one'}, {'DB_ID': 'HMDB0133919', 'name': '(6E)-2-hydroxy-1,7-diphenylhept-6-en-3-one'}, {'DB_ID': 'HMDB0134612', 'name': '(4E)-6-hydroxy-1,7-diphenylhept-4-en-3-one'}, {'DB_ID': 'HMDB0134613', 'name': '7-hydroxy-1,7-diphenylhept-4-en-3-one'}, {'DB_ID': 'HMDB0134614', 'name': '1-hydroxy-1,7-diphenylhept-4-en-3-one'}, {'DB_ID': 'HMDB0134615', 'name': '7-(3-hydroxyphenyl)-1-phenylhept-4-en-3-one'}, {'DB_ID': 'HMDB0134616', 'name': '1-(3-hydroxyphenyl)-7-phenylhept-4-en-3-one'}, {'DB_ID': 'HMDB0134617', 'name': '7-(4-hydroxyphenyl)-1-phenylhept-4-en-3-one'}, {'DB_ID': 'HMDB0134618', 'name': '1-(4-hydroxyphenyl)-7-phenylhept-4-en-3-one'}, {'DB_ID': 'HMDB0134619', 'name': '3-phenyl-1-[3-(2-phenylethyl)oxiran-2-yl]propan-1-one'}, {'DB_ID': 'HMDB0134620', 'name': '2-hydroxy-1,7-diphenylhept-4-en-3-one'}, {'DB_ID': 'HMDB0134621', 'name': '7-(2-hydroxyphenyl)-1-phenylhept-4-en-3-one'}, {'DB_ID': 'HMDB0134622', 'name': '1-(2-hydroxyphenyl)-7-phenylhept-4-en-3-one'}, {'DB_ID': 'HMDB0141091', 'name': '1,7-diphenylheptane-3,5-dione'}]}	('C19H20O2_280.14633', '', 1)	[]
958.5689195	5.9616914	kp132_957.5602	M0,M+H+	None	957.56016803323				[]
961.5760345	5.959639	kp132_957.5602	13C/12C*3,M+H+	None	957.56016803323				[]
470.2909962	5.965795	kp133_469.2883	M0,M+H+	None	469.28826898323				[]
472.3068047	6.1250954	kp133_469.2883	13C/12C*2,M+H+	None	469.28826898323				[]
345.1473631	6.095927	kp134_305.1819	13C/12C,K/H	None	305.18185385823				[]
329.1748398	6.252852	kp134_305.1819	13C/12C,Na/H	None	305.18185385823				[]
307.1902918	6.1089983	kp134_305.1819	13C/12C,M+H+	None	305.18185385823				[]
306.1919736	6.1701317	kp134_305.1819	M0,M+H+	None	305.18185385823				[]
295.1905923	5.929709	kp135_288.1595	13C/12C*6,M+H+	None	288.15954106656335				[]
289.1646461	6.2016034	kp135_288.1595	M0,M+H+	None	288.15954106656335				[]
327.1212262	6.190937	kp135_288.1595	M0,K/H	None	288.15954106656335				[]
320.2591692	6.1965904	kp136_312.2306	13C/12C*7,M+H+	['C18H32O4']	312.23061439989664	11-HpODE	{'C18H32O4': [{'DB_ID': 'HMDB0062281', 'name': '11-HpODE'}, {'DB_ID': 'HMDB0062434', 'name': '(10E,12Z)-(9S)-9-Hydroperoxyoctadeca-10,12-dienoic acid'}, {'DB_ID': 'HMDB0062637', 'name': '13-HPODE(1-)'}, {'DB_ID': 'HMDB0003871', 'name': '13-L-Hydroperoxylinoleic acid'}, {'DB_ID': 'HMDB0004706', 'name': '8(R)-Hydroperoxylinoleic acid'}, {'DB_ID': 'HMDB0006940', 'name': '9(S)-HPODE'}, {'DB_ID': 'HMDB0010201', 'name': '12,13-DiHODE'}, {'DB_ID': 'HMDB0010208', 'name': '15,16-DiHODE'}, {'DB_ID': 'HMDB0010221', 'name': '9,10-DiHODE'}, {'DB_ID': 'HMDB0040900', 'name': '(±)-(E)-13-Hydroxy-10-oxo-11-octadecenoic acid'}]}	('C18H32O4_312.23006', '', 1)	[]
335.2217756	6.231371	kp136_312.2306	M0,Na/H	['C18H32O4']	312.23061439989664	11-HpODE	{'C18H32O4': [{'DB_ID': 'HMDB0062281', 'name': '11-HpODE'}, {'DB_ID': 'HMDB0062434', 'name': '(10E,12Z)-(9S)-9-Hydroperoxyoctadeca-10,12-dienoic acid'}, {'DB_ID': 'HMDB0062637', 'name': '13-HPODE(1-)'}, {'DB_ID': 'HMDB0003871', 'name': '13-L-Hydroperoxylinoleic acid'}, {'DB_ID': 'HMDB0004706', 'name': '8(R)-Hydroperoxylinoleic acid'}, {'DB_ID': 'HMDB0006940', 'name': '9(S)-HPODE'}, {'DB_ID': 'HMDB0010201', 'name': '12,13-DiHODE'}, {'DB_ID': 'HMDB0010208', 'name': '15,16-DiHODE'}, {'DB_ID': 'HMDB0010221', 'name': '9,10-DiHODE'}, {'DB_ID': 'HMDB0040900', 'name': '(±)-(E)-13-Hydroxy-10-oxo-11-octadecenoic acid'}]}	('C18H32O4_312.23006', '', 1)	[]
313.2382128	6.2422915	kp136_312.2306	M0,M+H+	['C18H32O4']	312.23061439989664	11-HpODE	{'C18H32O4': [{'DB_ID': 'HMDB0062281', 'name': '11-HpODE'}, {'DB_ID': 'HMDB0062434', 'name': '(10E,12Z)-(9S)-9-Hydroperoxyoctadeca-10,12-dienoic acid'}, {'DB_ID': 'HMDB0062637', 'name': '13-HPODE(1-)'}, {'DB_ID': 'HMDB0003871', 'name': '13-L-Hydroperoxylinoleic acid'}, {'DB_ID': 'HMDB0004706', 'name': '8(R)-Hydroperoxylinoleic acid'}, {'DB_ID': 'HMDB0006940', 'name': '9(S)-HPODE'}, {'DB_ID': 'HMDB0010201', 'name': '12,13-DiHODE'}, {'DB_ID': 'HMDB0010208', 'name': '15,16-DiHODE'}, {'DB_ID': 'HMDB0010221', 'name': '9,10-DiHODE'}, {'DB_ID': 'HMDB0040900', 'name': '(±)-(E)-13-Hydroxy-10-oxo-11-octadecenoic acid'}]}	('C18H32O4_312.23006', '', 1)	[]
468.2752629	6.2967925	kp137_467.268	M0,M+H+	None	467.26798643322996				[]
470.2976049	6.746442	kp138_469.2916	M0,M+H+	None	469.29155423323				[]
472.3067665	6.7744565	kp138_469.2916	13C/12C*2,M+H+	None	469.29155423323				[]
472.3055734	7.073713	kp139_469.2894	13C/12C*2,M+H+	None	469.28939003323				[]
470.2944696	7.0139327	kp139_469.2894	M0,M+H+	None	469.28939003323				[]
470.2912162	6.478161	kp140_469.2884	M0,M+H+	None	469.28842998323				[]
472.3069067	6.4707932	kp140_469.2884	13C/12C*2,M+H+	None	469.28842998323				[]
437.2693523	6.365442	kp141_434.2511	13C/12C*2,M+H+	None	434.25111348323				[]
435.2541376	6.389582	kp141_434.2511	M0,M+H+	None	434.25111348323				[]
454.2959837	6.2221184	kp142_451.2775	13C/12C*2,M+H+	None	451.27751993323				[]
452.2803191	6.3896337	kp142_451.2775	M0,M+H+	None	451.27751993323				[]
404.2217142	6.529502	kp143_403.2133	M0,M+H+	['C26H29NO3']	403.21326883322996	3,4-Dihydroxy-tamoxifen	{'C26H29NO3': [{'DB_ID': 'HMDB0061087', 'name': '3,4-Dihydroxy-tamoxifen'}, {'DB_ID': 'HMDB0142483', 'name': '3-[(1E)-1-{4-[2-(dimethylamino)ethoxy]phenyl}-1-(3-hydroxyphenyl)but-1-en-2-yl]phenol'}, {'DB_ID': 'HMDB0142485', 'name': '3-(2-{4-[2-(dimethylamino)ethoxy]phenyl}-3-ethyl-3-phenyloxiran-2-yl)phenol'}]}	('C26H29NO3_403.214744', '', 1)	[]
406.2260864	6.5279727	kp143_403.2133	13C/12C*2,M+H+	['C26H29NO3']	403.21326883322996	3,4-Dihydroxy-tamoxifen	{'C26H29NO3': [{'DB_ID': 'HMDB0061087', 'name': '3,4-Dihydroxy-tamoxifen'}, {'DB_ID': 'HMDB0142483', 'name': '3-[(1E)-1-{4-[2-(dimethylamino)ethoxy]phenyl}-1-(3-hydroxyphenyl)but-1-en-2-yl]phenol'}, {'DB_ID': 'HMDB0142485', 'name': '3-(2-{4-[2-(dimethylamino)ethoxy]phenyl}-3-ethyl-3-phenyloxiran-2-yl)phenol'}]}	('C26H29NO3_403.214744', '', 1)	[]
425.1508945	6.530719	kp144_386.186	M0,K/H	None	386.18603569323				[]
409.1770888	6.5309744	kp144_386.186	M0,Na/H	None	386.18603569323				[]
387.1948425	6.5297656	kp144_386.186	M0,M+H+	None	386.18603569323				[]
411.1801964	6.5449047	kp144_386.186	13C/12C*2,Na/H	None	386.18603569323				[]
389.1968406	6.5341187	kp144_386.186	13C/12C*2,M+H+	None	386.18603569323				[]
407.2208484	6.722778	kp145_406.2124	M0,M+H+	['C18H34N2O6S']	406.21241013323	Lincomycin	{'C18H34N2O6S': [{'DB_ID': 'HMDB0015564', 'name': 'Lincomycin'}]}	('C18H34N2O6S_406.213758', '', 1)	[]
419.2587848	6.652029	kp145_406.2124	13C/12C*12,M+H+	['C18H34N2O6S']	406.21241013323	Lincomycin	{'C18H34N2O6S': [{'DB_ID': 'HMDB0015564', 'name': 'Lincomycin'}]}	('C18H34N2O6S_406.213758', '', 1)	[]
540.3071081	6.836118	kp146_517.318	M0,Na/H	['C30H47NO4S', 'C26H48NO7P']	517.31800248323	LysoPC(18:3(6Z,9Z,12Z)/0:0)	{'C26H48NO7P': [{'DB_ID': 'HMDB0010387', 'name': 'LysoPC(18:3(6Z,9Z,12Z)/0:0)'}, {'DB_ID': 'HMDB0010388', 'name': 'LysoPC(18:3(9Z,12Z,15Z)/0:0)'}], 'C30H47NO4S': [{'DB_ID': 'HMDB0015386', 'name': 'Retapamulin'}]}	('C26H48NO7P_517.316839', '', 1), ('C30H47NO4S_517.32258', '', 1)	[]
518.3254498	6.8415985	kp146_517.318	M0,M+H+	['C30H47NO4S', 'C26H48NO7P']	517.31800248323	LysoPC(18:3(6Z,9Z,12Z)/0:0)	{'C26H48NO7P': [{'DB_ID': 'HMDB0010387', 'name': 'LysoPC(18:3(6Z,9Z,12Z)/0:0)'}, {'DB_ID': 'HMDB0010388', 'name': 'LysoPC(18:3(9Z,12Z,15Z)/0:0)'}], 'C30H47NO4S': [{'DB_ID': 'HMDB0015386', 'name': 'Retapamulin'}]}	('C26H48NO7P_517.316839', '', 1), ('C30H47NO4S_517.32258', '', 1)	[]
509.2887184	7.0862336	kp147_506.2702	13C/12C*2,M+H+	['C24H42O11']	506.27017913323	(3b,9R)-5-Megastigmene-3,9-diol 9-[apiosyl-(1->6)-glucoside]	{'C24H42O11': [{'DB_ID': 'HMDB0038327', 'name': '(3b,9R)-5-Megastigmene-3,9-diol 9-[apiosyl-(1->6)-glucoside]'}, {'DB_ID': 'HMDB0041580', 'name': '4-Megastigmene-6a,9R-diol 9-[apiosyl-(1->6)-glucoside]'}]}	('C24H42O11_506.272712', '', 1)	[]
507.2729028	7.16757	kp147_506.2702	M0,M+H+	['C24H42O11']	506.27017913323	(3b,9R)-5-Megastigmene-3,9-diol 9-[apiosyl-(1->6)-glucoside]	{'C24H42O11': [{'DB_ID': 'HMDB0038327', 'name': '(3b,9R)-5-Megastigmene-3,9-diol 9-[apiosyl-(1->6)-glucoside]'}, {'DB_ID': 'HMDB0041580', 'name': '4-Megastigmene-6a,9R-diol 9-[apiosyl-(1->6)-glucoside]'}]}	('C24H42O11_506.272712', '', 1)	[]
502.3175782	7.1700935	kp148_501.3146	M0,M+H+	None	501.31459453323004				[]
504.3328738	7.088308	kp148_501.3146	13C/12C*2,M+H+	None	501.31459453323004				[]
542.3231832	7.3140283	kp149_514.3137	13C/12C*5,Na/H	None	514.31371593323				[]
553.2783345	7.29038	kp149_514.3137	M0,K/H	None	514.31371593323				[]
520.3375859	7.3066993	kp149_514.3137	13C/12C*5,M+H+	None	514.31371593323				[]
515.3225247	7.436498	kp149_514.3137	M0,M+H+	None	514.31371593323				[]
537.3047271	7.290418	kp149_514.3137	M0,Na/H	None	514.31371593323				[]
518.323096	7.6475663	kp149_514.3137	13C/12C*3,M+H+	None	514.31371593323				[]
525.2627001	7.088308	kp150_522.244	13C/12C*2,M+H+	None	522.24403918323				[]
523.2466412	7.167623	kp150_522.244	M0,M+H+	None	522.24403918323				[]
317.2112826	7.240511	kp151_308.1794	13C/12C*8,M+H+	['C21H24O2']	308.17940399323	Gestrinone	{'C21H24O2': [{'DB_ID': 'HMDB0002720', 'name': 'Gestrinone'}]}	('C21H24O2_308.17763', '', 1)	[]
333.1829259	7.302143	kp151_308.1794	13C/12C*2,Na/H	['C21H24O2']	308.17940399323	Gestrinone	{'C21H24O2': [{'DB_ID': 'HMDB0002720', 'name': 'Gestrinone'}]}	('C21H24O2_308.17763', '', 1)	[]
355.1658573	7.2278214	kp151_308.1794	13C/12C*8,K/H	['C21H24O2']	308.17940399323	Gestrinone	{'C21H24O2': [{'DB_ID': 'HMDB0002720', 'name': 'Gestrinone'}]}	('C21H24O2_308.17763', '', 1)	[]
331.1680035	7.4888473	kp151_308.1794	M0,Na/H	['C21H24O2']	308.17940399323	Gestrinone	{'C21H24O2': [{'DB_ID': 'HMDB0002720', 'name': 'Gestrinone'}]}	('C21H24O2_308.17763', '', 1)	[]
339.194445	7.3402667	kp151_308.1794	13C/12C*8,Na/H	['C21H24O2']	308.17940399323	Gestrinone	{'C21H24O2': [{'DB_ID': 'HMDB0002720', 'name': 'Gestrinone'}]}	('C21H24O2_308.17763', '', 1)	[]
459.251342	7.947186	kp152_458.2484	M0,M+H+	['C28H31FN4O', 'C23H38O9']	458.24838618323	Astemizole	{'C28H31FN4O': [{'DB_ID': 'HMDB0014775', 'name': 'Astemizole'}], 'C23H38O9': [{'DB_ID': 'HMDB0036122', 'name': "[6]-Gingerdiol 4'-O-beta-D-glucopyranoside"}, {'DB_ID': 'HMDB0036123', 'name': '[6]-Gingerdiol 5-O-beta-D-glucopyranoside'}]}	('C28H31FN4O_458.24819', '', 1), ('C23H38O9_458.251583', '', 1)	[]
461.2666933	8.143498	kp152_458.2484	13C/12C*2,M+H+	['C28H31FN4O', 'C23H38O9']	458.24838618323	Astemizole	{'C28H31FN4O': [{'DB_ID': 'HMDB0014775', 'name': 'Astemizole'}], 'C23H38O9': [{'DB_ID': 'HMDB0036122', 'name': "[6]-Gingerdiol 4'-O-beta-D-glucopyranoside"}, {'DB_ID': 'HMDB0036123', 'name': '[6]-Gingerdiol 5-O-beta-D-glucopyranoside'}]}	('C28H31FN4O_458.24819', '', 1), ('C23H38O9_458.251583', '', 1)	[]
461.2664896	7.746863	kp153_458.2483	13C/12C*2,M+H+	['C28H31FN4O', 'C23H38O9']	458.24826798323	Astemizole	{'C28H31FN4O': [{'DB_ID': 'HMDB0014775', 'name': 'Astemizole'}], 'C23H38O9': [{'DB_ID': 'HMDB0036122', 'name': "[6]-Gingerdiol 4'-O-beta-D-glucopyranoside"}, {'DB_ID': 'HMDB0036123', 'name': '[6]-Gingerdiol 5-O-beta-D-glucopyranoside'}]}	('C28H31FN4O_458.24819', '', 1), ('C23H38O9_458.251583', '', 1)	[]
459.2513093	7.7170396	kp153_458.2483	M0,M+H+	['C28H31FN4O', 'C23H38O9']	458.24826798323	Astemizole	{'C28H31FN4O': [{'DB_ID': 'HMDB0014775', 'name': 'Astemizole'}], 'C23H38O9': [{'DB_ID': 'HMDB0036122', 'name': "[6]-Gingerdiol 4'-O-beta-D-glucopyranoside"}, {'DB_ID': 'HMDB0036123', 'name': '[6]-Gingerdiol 5-O-beta-D-glucopyranoside'}]}	('C28H31FN4O_458.24819', '', 1), ('C23H38O9_458.251583', '', 1)	[]
603.3364105	7.8175607	kp154_595.3052	13C/12C*7,M+H+	None	595.30517683323				[]
596.3119811	7.850969	kp154_595.3052	M0,M+H+	None	595.30517683323				[]
454.296013	7.9451528	kp155_453.2933	M0,M+H+	None	453.29326358323				[]
456.3117771	8.14148	kp155_453.2933	13C/12C*2,M+H+	None	453.29326358323				[]
639.2837186	10.195186	kp156_630.2489	13C/12C*8,M+H+	None	630.2488914998967				[]
631.2549267	9.926128	kp156_630.2489	M0,M+H+	None	630.2488914998967				[]
661.2655386	10.1992445	kp156_630.2489	13C/12C*8,Na/H	None	630.2488914998967				[]
631.2547784	9.724719	kp157_608.2656	M0,M+H+	['C35H36N4O6']	608.2656126839001	Harderoporphyrin	{'C35H36N4O6': [{'DB_ID': 'HMDB0000683', 'name': 'Harderoporphyrin'}]}	('C35H36N4O6_608.263485', '', 1)	[]
609.2729999	9.724719	kp157_608.2656	M0,Na/H	['C35H36N4O6']	608.2656126839001	Harderoporphyrin	{'C35H36N4O6': [{'DB_ID': 'HMDB0000683', 'name': 'Harderoporphyrin'}]}	('C35H36N4O6_608.263485', '', 1)	[]
202.9705791	0.41369903	kp158_201.9633	M0,M+H+	None	201.96325698323				[]
243.9970368	0.4157178	kp158_201.9633	M0,ACN	None	201.96325698323				[]
290.9432869	0.40716347	kp159_267.9544	M0,Na/H	None	267.95439608323				[]
268.9620582	0.44978973	kp159_267.9544	M0,M+H+	None	267.95439608323				[]
249.0367856	0.53040737	kp160_248.0305	M0,M+H+	None	248.03046393322998				[]
290.0652442	0.52462536	kp160_248.0305	M0,ACN	None	248.03046393322998				[]
563.2307144	0.53237057	kp161_521.1969	M0,ACN	None	521.1968540332299				[]
522.2040956	0.5472871	kp161_521.1969	M0,M+H+	None	521.1968540332299				[]
216.9512638	0.371403	kp162_177.988	M0,K/H	None	177.98801793323				[]
178.995207	0.66144687	kp162_177.988	M0,M+H+	None	177.98801793323				[]
251.9555079	0.82508314	kp163_228.967	M0,M+H+	None	228.9669865335091				[]
229.9750181	0.80549353	kp163_228.967	M0,Na/H	None	228.9669865335091				[]
207.9683139	0.9399661	kp164_206.9604	M0,M+H+	None	206.96036813323				[]
229.9489753	0.94386065	kp164_206.9604	M0,Na/H	None	206.96036813323				[]
287.9935036	1.3784751	kp165_234.378	M0,K/H	None	234.37804530018758				[]
250.0389484	1.3804874	kp165_234.378	M0,M+H+	None	234.37804530018758				[]
228.0613953	1.3784748	kp165_234.378	M0,Na/H	None	234.37804530018758				[]
283.0140516	1.3784751	kp166_282.0068	M0,M+H+	None	282.00681788323				[]
304.9961371	1.3784751	kp166_282.0068	M0,Na/H	None	282.00681788323				[]
144.0659068	1.5010221	kp167_143.0592	M0,M+H+	['C6H9NO3']	143.05923868322998	5-ethyl-5-methyl-2,4-oxazolidinedione	{'C6H9NO3': [{'DB_ID': 'HMDB0061082', 'name': '5-ethyl-5-methyl-2,4-oxazolidinedione'}, {'DB_ID': 'HMDB0061705', 'name': '6-Oxopiperidine-2-carboxylic acid'}, {'DB_ID': 'HMDB0000894', 'name': 'Vinylacetylglycine'}, {'DB_ID': 'HMDB0014491', 'name': 'Trimethadione'}]}	('C6H9NO3_143.058243', '', 1)	[]
166.0491235	1.4700359	kp167_143.0592	M0,Na/H	['C6H9NO3']	143.05923868322998	5-ethyl-5-methyl-2,4-oxazolidinedione	{'C6H9NO3': [{'DB_ID': 'HMDB0061082', 'name': '5-ethyl-5-methyl-2,4-oxazolidinedione'}, {'DB_ID': 'HMDB0061705', 'name': '6-Oxopiperidine-2-carboxylic acid'}, {'DB_ID': 'HMDB0000894', 'name': 'Vinylacetylglycine'}, {'DB_ID': 'HMDB0014491', 'name': 'Trimethadione'}]}	('C6H9NO3_143.058243', '', 1)	[]
305.1001129	1.7443018	kp168_266.1371	M0,M+H+	['C14H20NO4']	266.1371059335902	(2-{[3-(3,4-dihydroxyphenyl)prop-2-enoyl]oxy}ethyl)trimethylazanium	{'C14H20NO4': [{'DB_ID': 'HMDB0136312', 'name': '(2-{[3-(3,4-dihydroxyphenyl)prop-2-enoyl]oxy}ethyl)trimethylazanium'}]}	('C14H20NO4_266.138685', '', 1)	[]
267.1445339	1.7463158	kp168_266.1371	M0,K/H	['C14H20NO4']	266.1371059335902	(2-{[3-(3,4-dihydroxyphenyl)prop-2-enoyl]oxy}ethyl)trimethylazanium	{'C14H20NO4': [{'DB_ID': 'HMDB0136312', 'name': '(2-{[3-(3,4-dihydroxyphenyl)prop-2-enoyl]oxy}ethyl)trimethylazanium'}]}	('C14H20NO4_266.138685', '', 1)	[]
118.0658832	1.8110205	kp169_117.0583	M0,M+H+	['C8H7N']	117.05834443322894	Indole	{'C8H7N': [{'DB_ID': 'HMDB0000738', 'name': 'Indole'}, {'DB_ID': 'HMDB0034171', 'name': 'Benzeneacetonitrile'}]}	('C8H7N_117.057849', '', 1)	[]
159.0919076	1.8211308	kp169_117.0583	M0,ACN	['C8H7N']	117.05834443322894	Indole	{'C8H7N': [{'DB_ID': 'HMDB0000738', 'name': 'Indole'}, {'DB_ID': 'HMDB0034171', 'name': 'Benzeneacetonitrile'}]}	('C8H7N_117.057849', '', 1)	[]
391.064636	1.843758	kp170_368.075	M0,Na/H	['C16H16O10']	368.07497378323	3,4,5-trihydroxy-6-{[3-(hydroxymethyl)-1-oxo-1H-isochromen-7-yl]oxy}oxane-2-carboxylic acid	{'C16H16O10': [{'DB_ID': 'HMDB0128633', 'name': '3,4,5-trihydroxy-6-{[3-(hydroxymethyl)-1-oxo-1H-isochromen-7-yl]oxy}oxane-2-carboxylic acid'}, {'DB_ID': 'HMDB0128635', 'name': '3,4,5-trihydroxy-6-{[3-(hydroxymethyl)-1-oxo-1H-isochromen-6-yl]oxy}oxane-2-carboxylic acid'}, {'DB_ID': 'HMDB0128637', 'name': '3,4,5-trihydroxy-6-{[3-(hydroxymethyl)-1-oxo-1H-isochromen-5-yl]oxy}oxane-2-carboxylic acid'}, {'DB_ID': 'HMDB0129409', 'name': '3,4,5-trihydroxy-6-(4-methoxy-1-benzofuran-5-carbonyloxy)oxane-2-carboxylic acid'}, {'DB_ID': 'HMDB0130548', 'name': '3,4,5-trihydroxy-6-[(7-methoxy-2-oxo-2H-chromen-8-yl)oxy]oxane-2-carboxylic acid'}, {'DB_ID': 'HMDB0132250', 'name': '3,4,5-trihydroxy-6-[(6-methoxy-2-oxo-2H-chromen-7-yl)oxy]oxane-2-carboxylic acid'}, {'DB_ID': 'HMDB0136768', 'name': '3,4,5-trihydroxy-6-[(6-hydroxy-4-methyl-2-oxo-2H-chromen-7-yl)oxy]oxane-2-carboxylic acid'}, {'DB_ID': 'HMDB0136769', 'name': '3,4,5-trihydroxy-6-{[4-(hydroxymethyl)-2-oxo-2H-chromen-7-yl]oxy}oxane-2-carboxylic acid'}, {'DB_ID': 'HMDB0136772', 'name': '3,4,5-trihydroxy-6-[(8-hydroxy-4-methyl-2-oxo-2H-chromen-7-yl)oxy]oxane-2-carboxylic acid'}, {'DB_ID': 'HMDB0136774', 'name': '3,4,5-trihydroxy-6-[(5-hydroxy-4-methyl-2-oxo-2H-chromen-7-yl)oxy]oxane-2-carboxylic acid'}]}	('C16H16O10_368.074347', '', 1)	[]
369.0818645	1.8350768	kp170_368.075	M0,M+H+	['C16H16O10']	368.07497378323	3,4,5-trihydroxy-6-{[3-(hydroxymethyl)-1-oxo-1H-isochromen-7-yl]oxy}oxane-2-carboxylic acid	{'C16H16O10': [{'DB_ID': 'HMDB0128633', 'name': '3,4,5-trihydroxy-6-{[3-(hydroxymethyl)-1-oxo-1H-isochromen-7-yl]oxy}oxane-2-carboxylic acid'}, {'DB_ID': 'HMDB0128635', 'name': '3,4,5-trihydroxy-6-{[3-(hydroxymethyl)-1-oxo-1H-isochromen-6-yl]oxy}oxane-2-carboxylic acid'}, {'DB_ID': 'HMDB0128637', 'name': '3,4,5-trihydroxy-6-{[3-(hydroxymethyl)-1-oxo-1H-isochromen-5-yl]oxy}oxane-2-carboxylic acid'}, {'DB_ID': 'HMDB0129409', 'name': '3,4,5-trihydroxy-6-(4-methoxy-1-benzofuran-5-carbonyloxy)oxane-2-carboxylic acid'}, {'DB_ID': 'HMDB0130548', 'name': '3,4,5-trihydroxy-6-[(7-methoxy-2-oxo-2H-chromen-8-yl)oxy]oxane-2-carboxylic acid'}, {'DB_ID': 'HMDB0132250', 'name': '3,4,5-trihydroxy-6-[(6-methoxy-2-oxo-2H-chromen-7-yl)oxy]oxane-2-carboxylic acid'}, {'DB_ID': 'HMDB0136768', 'name': '3,4,5-trihydroxy-6-[(6-hydroxy-4-methyl-2-oxo-2H-chromen-7-yl)oxy]oxane-2-carboxylic acid'}, {'DB_ID': 'HMDB0136769', 'name': '3,4,5-trihydroxy-6-{[4-(hydroxymethyl)-2-oxo-2H-chromen-7-yl]oxy}oxane-2-carboxylic acid'}, {'DB_ID': 'HMDB0136772', 'name': '3,4,5-trihydroxy-6-[(8-hydroxy-4-methyl-2-oxo-2H-chromen-7-yl)oxy]oxane-2-carboxylic acid'}, {'DB_ID': 'HMDB0136774', 'name': '3,4,5-trihydroxy-6-[(5-hydroxy-4-methyl-2-oxo-2H-chromen-7-yl)oxy]oxane-2-carboxylic acid'}]}	('C16H16O10_368.074347', '', 1)	[]
476.001481	1.8451892	kp171_453.0123	M0,Na/H	None	453.01225133323004				[]
454.0195746	1.8391241	kp171_453.0123	M0,M+H+	None	453.01225133323004				[]
234.0976893	1.9410032	kp172_233.0903	M0,M+H+	['C10H19NOS2']	233.0903115832304	Hirsutin	{'C10H19NOS2': [{'DB_ID': 'HMDB0035923', 'name': 'Hirsutin'}]}	('C10H19NOS2_233.090806', '', 1)	[]
256.0794868	1.9559692	kp172_233.0903	M0,Na/H	['C10H19NOS2']	233.0903115832304	Hirsutin	{'C10H19NOS2': [{'DB_ID': 'HMDB0035923', 'name': 'Hirsutin'}]}	('C10H19NOS2_233.090806', '', 1)	[]
370.1842666	2.0358803	kp173_347.195	M0,Na/H	None	347.19495538322997				[]
348.2021971	2.035847	kp173_347.195	M0,M+H+	None	347.19495538322997				[]
144.0813479	2.239747	kp174_102.0473	M0,M+H+	None	102.04733043345037				[]
103.0544149	2.12965	kp174_102.0473	M0,ACN	None	102.04733043345037				[]
857.1676671	2.1684046	kp175_856.1606	M0,M+H+	None	856.16059128323				[]
879.1500684	2.1456747	kp175_856.1606	M0,Na/H	None	856.16059128323				[]
474.2606242	2.2573178	kp176_473.2521	M0,M+H+	['C23H40NO7P']	473.25210313323	LysoPE(0:0/18:4(6Z,9Z,12Z,15Z))	{'C23H40NO7P': [{'DB_ID': 'HMDB0011480', 'name': 'LysoPE(0:0/18:4(6Z,9Z,12Z,15Z))'}, {'DB_ID': 'HMDB0011510', 'name': 'LysoPE(18:4(6Z,9Z,12Z,15Z)/0:0)'}]}	('C23H40NO7P_473.254239', '', 1)	[]
496.240135	2.5051973	kp176_473.2521	M0,Na/H	['C23H40NO7P']	473.25210313323	LysoPE(0:0/18:4(6Z,9Z,12Z,15Z))	{'C23H40NO7P': [{'DB_ID': 'HMDB0011480', 'name': 'LysoPE(0:0/18:4(6Z,9Z,12Z,15Z))'}, {'DB_ID': 'HMDB0011510', 'name': 'LysoPE(18:4(6Z,9Z,12Z,15Z)/0:0)'}]}	('C23H40NO7P_473.254239', '', 1)	[]
841.1723176	2.3466237	kp177_840.1667	M0,M+H+	None	840.16672418323				[]
863.1576837	2.3645055	kp177_840.1667	M0,Na/H	None	840.16672418323				[]
596.2566903	2.4621735	kp178_573.2663	M0,M+H+	None	573.2663182838238				[]
574.2724992	2.5279787	kp178_573.2663	M0,Na/H	None	573.2663182838238				[]
158.060344	2.9122553	kp179_135.07	M0,Na/H	None	135.06998578322998				[]
136.0761805	2.6490889	kp179_135.07	M0,M+H+	None	135.06998578322998				[]
266.0427603	2.6459482	kp180_227.0796	M0,M+H+	None	227.079645133505				[]
228.0869649	2.6548347	kp180_227.0796	M0,K/H	None	227.079645133505				[]
282.0982728	2.869479	kp181_281.0907	M0,M+H+	['C13H15NO6']	281.09074018323	4-Hydroxyphenylacetylglutamic acid	{'C13H15NO6': [{'DB_ID': 'HMDB0006061', 'name': '4-Hydroxyphenylacetylglutamic acid'}]}	('C13H15NO6_281.089937', '', 1)	[]
304.0797605	2.857714	kp181_281.0907	M0,Na/H	['C13H15NO6']	281.09074018323	4-Hydroxyphenylacetylglutamic acid	{'C13H15NO6': [{'DB_ID': 'HMDB0006061', 'name': '4-Hydroxyphenylacetylglutamic acid'}]}	('C13H15NO6_281.089937', '', 1)	[]
433.1477508	2.7955885	kp182_432.1446	M0,M+H+	['C22H24O9']	432.14461093323	Trichocarposide	{'C22H24O9': [{'DB_ID': 'HMDB0031723', 'name': 'Trichocarposide'}, {'DB_ID': 'HMDB0033855', 'name': 'Medicocarpin'}, {'DB_ID': 'HMDB0037689', 'name': '3-Methoxynobiletin'}, {'DB_ID': 'HMDB0039927', 'name': "4'-O-Methylglucoliquiritigenin"}, {'DB_ID': 'HMDB0040503', 'name': 'Pinostrobin 5-glucoside'}, {'DB_ID': 'HMDB0130340', 'name': '3,4,5-trihydroxy-6-{2-[(1E)-3-(4-hydroxy-2-methoxyphenyl)prop-1-en-1-yl]phenoxy}oxane-2-carboxylic acid'}, {'DB_ID': 'HMDB0130341', 'name': '3,4,5-trihydroxy-6-{4-[3-(2-hydroxyphenyl)prop-2-en-1-yl]-3-methoxyphenoxy}oxane-2-carboxylic acid'}, {'DB_ID': 'HMDB0130344', 'name': '3,4,5-trihydroxy-6-{6-hydroxy-2-methoxy-3-[(2E)-3-phenylprop-2-en-1-yl]phenoxy}oxane-2-carboxylic acid'}, {'DB_ID': 'HMDB0130345', 'name': '3,4,5-trihydroxy-6-{2-hydroxy-3-methoxy-4-[(2E)-3-phenylprop-2-en-1-yl]phenoxy}oxane-2-carboxylic acid'}, {'DB_ID': 'HMDB0130348', 'name': '3,4,5-trihydroxy-6-[2-hydroxy-4-methoxy-5-(3-phenylprop-2-en-1-yl)phenoxy]oxane-2-carboxylic acid'}, {'DB_ID': 'HMDB0130349', 'name': '3,4,5-trihydroxy-6-[2-hydroxy-5-methoxy-4-(3-phenylprop-2-en-1-yl)phenoxy]oxane-2-carboxylic acid'}, {'DB_ID': 'HMDB0130351', 'name': '3,4,5-trihydroxy-6-{4-[(1E)-3-(4-hydroxy-2-methoxyphenyl)prop-1-en-1-yl]phenoxy}oxane-2-carboxylic acid'}, {'DB_ID': 'HMDB0130352', 'name': '3,4,5-trihydroxy-6-{4-[3-(4-hydroxyphenyl)prop-2-en-1-yl]-3-methoxyphenoxy}oxane-2-carboxylic acid'}, {'DB_ID': 'HMDB0130354', 'name': '3,4,5-trihydroxy-6-{3-[(1E)-3-(4-hydroxy-2-methoxyphenyl)prop-1-en-1-yl]phenoxy}oxane-2-carboxylic acid'}, {'DB_ID': 'HMDB0130355', 'name': '3,4,5-trihydroxy-6-{4-[3-(3-hydroxyphenyl)prop-2-en-1-yl]-3-methoxyphenoxy}oxane-2-carboxylic acid'}, {'DB_ID': 'HMDB0130357', 'name': '3,4,5-trihydroxy-6-{3-methoxy-4-[(3-phenyloxiran-2-yl)methyl]phenoxy}oxane-2-carboxylic acid'}, {'DB_ID': 'HMDB0130995', 'name': '6-{4-[(E)-2-(3,5-dimethoxyphenyl)ethenyl]phenoxy}-3,4,5-trihydroxyoxane-2-carboxylic acid'}, {'DB_ID': 'HMDB0135632', 'name': '3,4,5-trihydroxy-6-{2-[3-(4-methoxyphenyl)-3-oxopropyl]phenoxy}oxane-2-carboxylic acid'}, {'DB_ID': 'HMDB0135633', 'name': '3,4,5-trihydroxy-6-[3-(4-methoxyphenyl)-3-oxo-1-phenylpropoxy]oxane-2-carboxylic acid'}, {'DB_ID': 'HMDB0135635', 'name': '3,4,5-trihydroxy-6-[5-methoxy-2-(3-phenylpropanoyl)phenoxy]oxane-2-carboxylic acid'}, {'DB_ID': 'HMDB0135636', 'name': '3,4,5-trihydroxy-6-{3-[3-(4-methoxyphenyl)-3-oxopropyl]phenoxy}oxane-2-carboxylic acid'}, {'DB_ID': 'HMDB0135638', 'name': '3,4,5-trihydroxy-6-{4-[3-(4-methoxyphenyl)-3-oxopropyl]phenoxy}oxane-2-carboxylic acid'}]}	('C22H24O9_432.142032', '', 1)	[]
469.132724	2.643894	kp182_432.1446	M0,HCl	['C22H24O9']	432.14461093323	Trichocarposide	{'C22H24O9': [{'DB_ID': 'HMDB0031723', 'name': 'Trichocarposide'}, {'DB_ID': 'HMDB0033855', 'name': 'Medicocarpin'}, {'DB_ID': 'HMDB0037689', 'name': '3-Methoxynobiletin'}, {'DB_ID': 'HMDB0039927', 'name': "4'-O-Methylglucoliquiritigenin"}, {'DB_ID': 'HMDB0040503', 'name': 'Pinostrobin 5-glucoside'}, {'DB_ID': 'HMDB0130340', 'name': '3,4,5-trihydroxy-6-{2-[(1E)-3-(4-hydroxy-2-methoxyphenyl)prop-1-en-1-yl]phenoxy}oxane-2-carboxylic acid'}, {'DB_ID': 'HMDB0130341', 'name': '3,4,5-trihydroxy-6-{4-[3-(2-hydroxyphenyl)prop-2-en-1-yl]-3-methoxyphenoxy}oxane-2-carboxylic acid'}, {'DB_ID': 'HMDB0130344', 'name': '3,4,5-trihydroxy-6-{6-hydroxy-2-methoxy-3-[(2E)-3-phenylprop-2-en-1-yl]phenoxy}oxane-2-carboxylic acid'}, {'DB_ID': 'HMDB0130345', 'name': '3,4,5-trihydroxy-6-{2-hydroxy-3-methoxy-4-[(2E)-3-phenylprop-2-en-1-yl]phenoxy}oxane-2-carboxylic acid'}, {'DB_ID': 'HMDB0130348', 'name': '3,4,5-trihydroxy-6-[2-hydroxy-4-methoxy-5-(3-phenylprop-2-en-1-yl)phenoxy]oxane-2-carboxylic acid'}, {'DB_ID': 'HMDB0130349', 'name': '3,4,5-trihydroxy-6-[2-hydroxy-5-methoxy-4-(3-phenylprop-2-en-1-yl)phenoxy]oxane-2-carboxylic acid'}, {'DB_ID': 'HMDB0130351', 'name': '3,4,5-trihydroxy-6-{4-[(1E)-3-(4-hydroxy-2-methoxyphenyl)prop-1-en-1-yl]phenoxy}oxane-2-carboxylic acid'}, {'DB_ID': 'HMDB0130352', 'name': '3,4,5-trihydroxy-6-{4-[3-(4-hydroxyphenyl)prop-2-en-1-yl]-3-methoxyphenoxy}oxane-2-carboxylic acid'}, {'DB_ID': 'HMDB0130354', 'name': '3,4,5-trihydroxy-6-{3-[(1E)-3-(4-hydroxy-2-methoxyphenyl)prop-1-en-1-yl]phenoxy}oxane-2-carboxylic acid'}, {'DB_ID': 'HMDB0130355', 'name': '3,4,5-trihydroxy-6-{4-[3-(3-hydroxyphenyl)prop-2-en-1-yl]-3-methoxyphenoxy}oxane-2-carboxylic acid'}, {'DB_ID': 'HMDB0130357', 'name': '3,4,5-trihydroxy-6-{3-methoxy-4-[(3-phenyloxiran-2-yl)methyl]phenoxy}oxane-2-carboxylic acid'}, {'DB_ID': 'HMDB0130995', 'name': '6-{4-[(E)-2-(3,5-dimethoxyphenyl)ethenyl]phenoxy}-3,4,5-trihydroxyoxane-2-carboxylic acid'}, {'DB_ID': 'HMDB0135632', 'name': '3,4,5-trihydroxy-6-{2-[3-(4-methoxyphenyl)-3-oxopropyl]phenoxy}oxane-2-carboxylic acid'}, {'DB_ID': 'HMDB0135633', 'name': '3,4,5-trihydroxy-6-[3-(4-methoxyphenyl)-3-oxo-1-phenylpropoxy]oxane-2-carboxylic acid'}, {'DB_ID': 'HMDB0135635', 'name': '3,4,5-trihydroxy-6-[5-methoxy-2-(3-phenylpropanoyl)phenoxy]oxane-2-carboxylic acid'}, {'DB_ID': 'HMDB0135636', 'name': '3,4,5-trihydroxy-6-{3-[3-(4-methoxyphenyl)-3-oxopropyl]phenoxy}oxane-2-carboxylic acid'}, {'DB_ID': 'HMDB0135638', 'name': '3,4,5-trihydroxy-6-{4-[3-(4-methoxyphenyl)-3-oxopropyl]phenoxy}oxane-2-carboxylic acid'}]}	('C22H24O9_432.142032', '', 1)	[]
224.0355409	2.8509223	kp183_201.0463	M0,Na/H	None	201.04633158322997				[]
202.0536752	2.8535106	kp183_201.0463	M0,M+H+	None	201.04633158322997				[]
175.0871734	2.8876932	kp184_174.0797	M0,M+H+	['C10H10N2O']	174.07965163323	Demethylated antipyrine	{'C10H10N2O': [{'DB_ID': 'HMDB0006240', 'name': 'Demethylated antipyrine'}, {'DB_ID': 'HMDB0029739', 'name': 'Indole-3-acetamide'}]}	('C10H10N2O_174.079313', '', 1)	[]
197.06903	2.9083843	kp184_174.0797	M0,Na/H	['C10H10N2O']	174.07965163323	Demethylated antipyrine	{'C10H10N2O': [{'DB_ID': 'HMDB0006240', 'name': 'Demethylated antipyrine'}, {'DB_ID': 'HMDB0029739', 'name': 'Indole-3-acetamide'}]}	('C10H10N2O_174.079313', '', 1)	[]
213.0424629	2.8915794	kp184_174.0797	M0,K/H	['C10H10N2O']	174.07965163323	Demethylated antipyrine	{'C10H10N2O': [{'DB_ID': 'HMDB0006240', 'name': 'Demethylated antipyrine'}, {'DB_ID': 'HMDB0029739', 'name': 'Indole-3-acetamide'}]}	('C10H10N2O_174.079313', '', 1)	[]
877.3135364	2.8985035	kp185_854.3242	M0,M+H+	None	854.3241911335643				[]
855.3313988	2.8963482	kp185_854.3242	M0,Na/H	None	854.3241911335643				[]
285.1326626	3.006894	kp186_284.1262	M0,M+H+	['C14H20O6']	284.12622913322997	2-Phenylethyl beta-D-glucopyranoside	{'C14H20O6': [{'DB_ID': 'HMDB0029819', 'name': '2-Phenylethyl beta-D-glucopyranoside'}]}	('C14H20O6_284.125988', '', 1)	[]
323.0902306	2.9442358	kp186_284.1262	M0,K/H	['C14H20O6']	284.12622913322997	2-Phenylethyl beta-D-glucopyranoside	{'C14H20O6': [{'DB_ID': 'HMDB0029819', 'name': '2-Phenylethyl beta-D-glucopyranoside'}]}	('C14H20O6_284.125988', '', 1)	[]
646.2687731	3.1110623	kp187_623.2795	M0,Na/H	None	623.27946478323				[]
624.2867094	3.1357234	kp187_623.2795	M0,M+H+	None	623.27946478323				[]
219.1004623	3.4670622	kp188_203.438	M0,M+H+	None	203.43797913345338				[]
197.1177421	3.4902167	kp188_203.438	M0,Na/H	None	203.43797913345338				[]
260.1261114	3.4968178	kp188_203.438	M0,ACN	None	203.43797913345338				[]
815.4084549	3.2461472	kp189_814.4009	M0,M+H+	None	814.4008972998967				[]
853.3641006	3.2461472	kp189_814.4009	M0,K/H	None	814.4008972998967				[]
837.3898478	3.2479124	kp189_814.4009	M0,Na/H	None	814.4008972998967				[]
274.048096	3.270463	kp190_235.0849	M0,K/H	['C12H13NO4']	235.08492816656377	3-Oxo-carbofuran	{'C12H13NO4': [{'DB_ID': 'HMDB0032776', 'name': '3-Oxo-carbofuran'}]}	('C12H13NO4_235.084458', '', 1)	[]
236.0920508	3.2701032	kp190_235.0849	M0,M+H+	['C12H13NO4']	235.08492816656377	3-Oxo-carbofuran	{'C12H13NO4': [{'DB_ID': 'HMDB0032776', 'name': '3-Oxo-carbofuran'}]}	('C12H13NO4_235.084458', '', 1)	[]
258.0743491	3.2729714	kp190_235.0849	M0,Na/H	['C12H13NO4']	235.08492816656377	3-Oxo-carbofuran	{'C12H13NO4': [{'DB_ID': 'HMDB0032776', 'name': '3-Oxo-carbofuran'}]}	('C12H13NO4_235.084458', '', 1)	[]
218.0794062	3.4489262	kp191_195.0903	M0,Na/H	['C10H13NO3']	195.09034893323	N-methyl-4,6,7-trihydroxy-1,2,3,4-tetrahydroisoquinoline	{'C10H13NO3': [{'DB_ID': 'HMDB0060065', 'name': 'N-methyl-4,6,7-trihydroxy-1,2,3,4-tetrahydroisoquinoline'}, {'DB_ID': 'HMDB0060351', 'name': '2-Phenyl-1,3-propanediol monocarbamate'}, {'DB_ID': 'HMDB0014903', 'name': 'Metyrosine'}, {'DB_ID': 'HMDB0029217', 'name': 'Tyrosine methylester'}, {'DB_ID': 'HMDB0041943', 'name': 'N-Acetyldopamine'}]}	('C10H13NO3_195.089543', '', 1)	[]
196.0978446	3.4472072	kp191_195.0903	M0,M+H+	['C10H13NO3']	195.09034893323	N-methyl-4,6,7-trihydroxy-1,2,3,4-tetrahydroisoquinoline	{'C10H13NO3': [{'DB_ID': 'HMDB0060065', 'name': 'N-methyl-4,6,7-trihydroxy-1,2,3,4-tetrahydroisoquinoline'}, {'DB_ID': 'HMDB0060351', 'name': '2-Phenyl-1,3-propanediol monocarbamate'}, {'DB_ID': 'HMDB0014903', 'name': 'Metyrosine'}, {'DB_ID': 'HMDB0029217', 'name': 'Tyrosine methylester'}, {'DB_ID': 'HMDB0041943', 'name': 'N-Acetyldopamine'}]}	('C10H13NO3_195.089543', '', 1)	[]
623.2341081	3.5994756	kp192_622.2284	M0,M+H+	None	622.22837518323				[]
661.1930772	3.4730346	kp192_622.2284	M0,K/H	None	622.22837518323				[]
783.4181994	3.7854679	kp193_782.4116	M0,M+H+	None	782.41160503323				[]
805.4000952	3.9526026	kp193_782.4116	M0,Na/H	None	782.41160503323				[]
821.3762319	3.7875102	kp193_782.4116	M0,K/H	None	782.41160503323				[]
821.3761939	4.1386304	kp194_782.412	M0,M+H+	None	782.4119889334077				[]
783.4182189	4.1386304	kp194_782.412	M0,K/H	None	782.4119889334077				[]
211.0969861	3.9641778	kp195_210.0898	M0,M+H+	['C11H14O4']	210.08978938323	3-(4-Hydroxy-3-methoxyphenyl)-2-methylpropionic acid	{'C11H14O4': [{'DB_ID': 'HMDB0060737', 'name': '3-(4-Hydroxy-3-methoxyphenyl)-2-methylpropionic acid'}, {'DB_ID': 'HMDB0013070', 'name': 'Sinapyl alcohol'}, {'DB_ID': 'HMDB0029187', 'name': "5-(3',5')-Dihydroxyphenyl-gamma-valerolactone"}, {'DB_ID': 'HMDB0029233', 'name': '3,4-Dihydroxyphenylvaleric acid'}, {'DB_ID': 'HMDB0033798', 'name': '3-Methyl-1-(2,4,6-trihydroxyphenyl)-1-butanone'}, {'DB_ID': 'HMDB0034047', 'name': "2'-Hydroxy-4',6'-dimethoxy-3'-methylacetophenone"}, {'DB_ID': 'HMDB0036199', 'name': '2-Methoxy-4-(4-methyl-1,3-dioxolan-2-yl)phenol'}, {'DB_ID': 'HMDB0039428', 'name': '2-Methoxy-3-(4-methoxyphenyl)propanoic acid'}, {'DB_ID': 'HMDB0041406', 'name': 'Bancroftinone'}, {'DB_ID': 'HMDB0125803', 'name': '2,2-dimethyl-3,4-dihydro-2H-1-benzopyran-4,5,7-triol'}, {'DB_ID': 'HMDB0127493', 'name': '3-(3,5-dimethoxyphenyl)propanoic acid'}, {'DB_ID': 'HMDB0129253', 'name': '2-[(2E)-4-hydroxy-3-methylbut-2-en-1-yl]benzene-1,3,5-triol'}, {'DB_ID': 'HMDB0129254', 'name': '2-(4-hydroxy-3-methylbut-2-en-1-yl)benzene-1,3,5-triol'}, {'DB_ID': 'HMDB0129255', 'name': '4-(3-methylbut-2-en-1-yl)benzene-1,2,3,5-tetrol'}, {'DB_ID': 'HMDB0129256', 'name': '2-[(3,3-dimethyloxiran-2-yl)methyl]benzene-1,3,5-triol'}, {'DB_ID': 'HMDB0130385', 'name': '2-(3,4-dimethoxyphenyl)propanoic acid'}, {'DB_ID': 'HMDB0133478', 'name': '3-hydroxy-4-(4-hydroxy-3-methoxyphenyl)butan-2-one'}, {'DB_ID': 'HMDB0133511', 'name': '4-(3,4-dihydroxy-5-methoxyphenyl)butan-2-one'}, {'DB_ID': 'HMDB0133519', 'name': '4-(2,4-dihydroxy-5-methoxyphenyl)butan-2-one'}, {'DB_ID': 'HMDB0133526', 'name': '4-(2,4-dihydroxy-3-methoxyphenyl)butan-2-one'}, {'DB_ID': 'HMDB0133535', 'name': '1-hydroxy-4-(4-hydroxy-3-methoxyphenyl)butan-2-one'}, {'DB_ID': 'HMDB0135671', 'name': '4-hydroxy-4-(4-hydroxy-3-methoxyphenyl)butan-2-one'}, {'DB_ID': 'HMDB0240450', 'name': '3,5-Dihydroxyphenylvaleric acid'}]}	('C11H14O4_210.089209', '', 1)	[]
233.0791456	3.9644728	kp195_210.0898	M0,Na/H	['C11H14O4']	210.08978938323	3-(4-Hydroxy-3-methoxyphenyl)-2-methylpropionic acid	{'C11H14O4': [{'DB_ID': 'HMDB0060737', 'name': '3-(4-Hydroxy-3-methoxyphenyl)-2-methylpropionic acid'}, {'DB_ID': 'HMDB0013070', 'name': 'Sinapyl alcohol'}, {'DB_ID': 'HMDB0029187', 'name': "5-(3',5')-Dihydroxyphenyl-gamma-valerolactone"}, {'DB_ID': 'HMDB0029233', 'name': '3,4-Dihydroxyphenylvaleric acid'}, {'DB_ID': 'HMDB0033798', 'name': '3-Methyl-1-(2,4,6-trihydroxyphenyl)-1-butanone'}, {'DB_ID': 'HMDB0034047', 'name': "2'-Hydroxy-4',6'-dimethoxy-3'-methylacetophenone"}, {'DB_ID': 'HMDB0036199', 'name': '2-Methoxy-4-(4-methyl-1,3-dioxolan-2-yl)phenol'}, {'DB_ID': 'HMDB0039428', 'name': '2-Methoxy-3-(4-methoxyphenyl)propanoic acid'}, {'DB_ID': 'HMDB0041406', 'name': 'Bancroftinone'}, {'DB_ID': 'HMDB0125803', 'name': '2,2-dimethyl-3,4-dihydro-2H-1-benzopyran-4,5,7-triol'}, {'DB_ID': 'HMDB0127493', 'name': '3-(3,5-dimethoxyphenyl)propanoic acid'}, {'DB_ID': 'HMDB0129253', 'name': '2-[(2E)-4-hydroxy-3-methylbut-2-en-1-yl]benzene-1,3,5-triol'}, {'DB_ID': 'HMDB0129254', 'name': '2-(4-hydroxy-3-methylbut-2-en-1-yl)benzene-1,3,5-triol'}, {'DB_ID': 'HMDB0129255', 'name': '4-(3-methylbut-2-en-1-yl)benzene-1,2,3,5-tetrol'}, {'DB_ID': 'HMDB0129256', 'name': '2-[(3,3-dimethyloxiran-2-yl)methyl]benzene-1,3,5-triol'}, {'DB_ID': 'HMDB0130385', 'name': '2-(3,4-dimethoxyphenyl)propanoic acid'}, {'DB_ID': 'HMDB0133478', 'name': '3-hydroxy-4-(4-hydroxy-3-methoxyphenyl)butan-2-one'}, {'DB_ID': 'HMDB0133511', 'name': '4-(3,4-dihydroxy-5-methoxyphenyl)butan-2-one'}, {'DB_ID': 'HMDB0133519', 'name': '4-(2,4-dihydroxy-5-methoxyphenyl)butan-2-one'}, {'DB_ID': 'HMDB0133526', 'name': '4-(2,4-dihydroxy-3-methoxyphenyl)butan-2-one'}, {'DB_ID': 'HMDB0133535', 'name': '1-hydroxy-4-(4-hydroxy-3-methoxyphenyl)butan-2-one'}, {'DB_ID': 'HMDB0135671', 'name': '4-hydroxy-4-(4-hydroxy-3-methoxyphenyl)butan-2-one'}, {'DB_ID': 'HMDB0240450', 'name': '3,5-Dihydroxyphenylvaleric acid'}]}	('C11H14O4_210.089209', '', 1)	[]
355.1277174	3.9815528	kp196_332.1382	M0,Na/H	None	332.13815298323				[]
333.1451415	3.9795237	kp196_332.1382	M0,M+H+	None	332.13815298323				[]
664.1886978	4.404264	kp197_663.1808	M0,M+H+	None	663.1808399332299				[]
705.214084	4.412393	kp197_663.1808	M0,ACN	None	663.1808399332299				[]
1181.437602	4.408335	kp198_1158.4495	M0,M+H+	None	1158.4494895342277				[]
1159.45793	4.404234	kp198_1158.4495	M0,Na/H	None	1158.4494895342277				[]
1079.502808	4.404232	kp199_1056.5122	M0,Na/H	None	1056.51224753323				[]
1057.51824	4.404651	kp199_1056.5122	M0,M+H+	None	1056.51224753323				[]
606.3303294	4.6232996	kp200_605.3225	M0,M+H+	['C33H43N5O6']	605.3224675665633	Amphibine H	{'C33H43N5O6': [{'DB_ID': 'HMDB0029333', 'name': 'Amphibine H'}]}	('C33H43N5O6_605.321334', '', 1)	[]
644.283274	4.647883	kp200_605.3225	M0,K/H	['C33H43N5O6']	605.3224675665633	Amphibine H	{'C33H43N5O6': [{'DB_ID': 'HMDB0029333', 'name': 'Amphibine H'}]}	('C33H43N5O6_605.321334', '', 1)	[]
628.3135107	4.625468	kp200_605.3225	M0,Na/H	['C33H43N5O6']	605.3224675665633	Amphibine H	{'C33H43N5O6': [{'DB_ID': 'HMDB0029333', 'name': 'Amphibine H'}]}	('C33H43N5O6_605.321334', '', 1)	[]
862.3771453	4.8576255	kp201_834.0226	M0,M+H+	None	834.0226162335201				[]
821.3617584	4.722364	kp201_834.0226	M0,ACN	None	834.0226162335201				[]
884.3593234	4.862053	kp201_834.0226	M0,Na/H	None	834.0226162335201				[]
1137.482014	4.853539	kp202_1136.4709	M0,M+H+	None	1136.47086553323				[]
1159.45627	4.874677	kp202_1136.4709	M0,Na/H	None	1136.47086553323				[]
883.8535423	4.861711	kp203_860.8645	M0,Na/H	None	860.86446208323				[]
861.8719348	4.8576546	kp203_860.8645	M0,M+H+	None	860.86446208323				[]
908.3121123	4.865786	kp204_885.3235	M0,Na/H	None	885.32348213323				[]
886.3314049	4.863749	kp204_885.3235	M0,M+H+	None	885.32348213323				[]
289.2376866	5.206431	kp205_288.2315	M0,Na/H	['C16H32O4']	288.2314896336384	MG(a-13:0/0:0/0:0)[rac]	{'C16H32O4': [{'DB_ID': 'HMDB0072841', 'name': 'MG(a-13:0/0:0/0:0)[rac]'}, {'DB_ID': 'HMDB0072843', 'name': 'MG(0:0/a-13:0/0:0)[rac]'}, {'DB_ID': 'HMDB0072845', 'name': 'MG(13:0/0:0/0:0)'}, {'DB_ID': 'HMDB0072861', 'name': 'MG(0:0/13:0/0:0)'}, {'DB_ID': 'HMDB0072870', 'name': 'MG(0:0/i-13:0/0:0)'}, {'DB_ID': 'HMDB0037798', 'name': '(S)-10,16-Dihydroxyhexadecanoic acid'}]}	('C16H32O4_288.23006', '', 1)	[]
311.2218456	5.2143903	kp205_288.2315	M0,M+H+	['C16H32O4']	288.2314896336384	MG(a-13:0/0:0/0:0)[rac]	{'C16H32O4': [{'DB_ID': 'HMDB0072841', 'name': 'MG(a-13:0/0:0/0:0)[rac]'}, {'DB_ID': 'HMDB0072843', 'name': 'MG(0:0/a-13:0/0:0)[rac]'}, {'DB_ID': 'HMDB0072845', 'name': 'MG(13:0/0:0/0:0)'}, {'DB_ID': 'HMDB0072861', 'name': 'MG(0:0/13:0/0:0)'}, {'DB_ID': 'HMDB0072870', 'name': 'MG(0:0/i-13:0/0:0)'}, {'DB_ID': 'HMDB0037798', 'name': '(S)-10,16-Dihydroxyhexadecanoic acid'}]}	('C16H32O4_288.23006', '', 1)	[]
293.2118063	5.029705	kp206_270.2215	M0,Na/H	['C16H30O3']	270.22146353323	3-Oxohexadecanoic acid	{'C16H30O3': [{'DB_ID': 'HMDB0010733', 'name': '3-Oxohexadecanoic acid'}, {'DB_ID': 'HMDB0030972', 'name': '8-Oxohexadecanoic acid'}, {'DB_ID': 'HMDB0030973', 'name': '9-Oxohexadecanoic acid'}, {'DB_ID': 'HMDB0030978', 'name': '11-Oxohexadecanoic acid'}]}	('C16H30O3_270.219495', '', 1)	[]
271.2276737	5.2098994	kp206_270.2215	M0,M+H+	['C16H30O3']	270.22146353323	3-Oxohexadecanoic acid	{'C16H30O3': [{'DB_ID': 'HMDB0010733', 'name': '3-Oxohexadecanoic acid'}, {'DB_ID': 'HMDB0030972', 'name': '8-Oxohexadecanoic acid'}, {'DB_ID': 'HMDB0030973', 'name': '9-Oxohexadecanoic acid'}, {'DB_ID': 'HMDB0030978', 'name': '11-Oxohexadecanoic acid'}]}	('C16H30O3_270.219495', '', 1)	[]
493.1818746	5.262061	kp207_470.1944	M0,Na/H	['C26H30O8']	470.19438778323	Limonin	{'C26H30O8': [{'DB_ID': 'HMDB0035921', 'name': 'Limonin'}, {'DB_ID': 'HMDB0035984', 'name': 'Zapoterin'}]}	('C26H30O8_470.194068', '', 1)	[]
471.2034539	5.246911	kp207_470.1944	M0,M+H+	['C26H30O8']	470.19438778323	Limonin	{'C26H30O8': [{'DB_ID': 'HMDB0035921', 'name': 'Limonin'}, {'DB_ID': 'HMDB0035984', 'name': 'Zapoterin'}]}	('C26H30O8_470.194068', '', 1)	[]
979.5007747	5.2620616	kp208_940.536	M0,M+H+	None	940.5360053837524				[]
941.541671	5.2715106	kp208_940.536	M0,K/H	None	940.5360053837524				[]
220.132951	5.327482	kp209_197.1429	M0,M+H+	None	197.14292508343965				[]
198.1494521	5.4187007	kp209_197.1429	M0,Na/H	None	197.14292508343965				[]
395.1592859	5.423407	kp210_372.1698	M0,Na/H	None	372.16982628323				[]
373.1769196	5.4213786	kp210_372.1698	M0,M+H+	None	372.16982628323				[]
203.10571	5.4482703	kp211_180.116	M0,Na/H	['C11H16O2']	180.11600293323	3-tert-Butyl-4-hydroxyanisole	{'C11H16O2': [{'DB_ID': 'HMDB0059925', 'name': '3-tert-Butyl-4-hydroxyanisole'}, {'DB_ID': 'HMDB0059926', 'name': '2-tert-Butyl-4-hydroxyanisole'}, {'DB_ID': 'HMDB0030007', 'name': '2,2,7,7-Tetramethyl-1,6-dioxaspiro[4.4]nona-3,8-diene'}, {'DB_ID': 'HMDB0030039', 'name': 'Jasmolone'}, {'DB_ID': 'HMDB0032468', 'name': '2-Phenylpropionaldehyde dimethyl acetal'}, {'DB_ID': 'HMDB0035240', 'name': 'Dihydroactinidiolide'}, {'DB_ID': 'HMDB0036669', 'name': '(+)-Myrtenyl formate'}, {'DB_ID': 'HMDB0036817', 'name': 'Norecasantalic acid'}, {'DB_ID': 'HMDB0039159', 'name': 'Bovolide'}, {'DB_ID': 'HMDB0039957', 'name': '4-(Butoxymethyl)phenol'}]}	('C11H16O2_180.11503', '', 1)	[]
181.1228488	5.4259205	kp211_180.116	M0,M+H+	['C11H16O2']	180.11600293323	3-tert-Butyl-4-hydroxyanisole	{'C11H16O2': [{'DB_ID': 'HMDB0059925', 'name': '3-tert-Butyl-4-hydroxyanisole'}, {'DB_ID': 'HMDB0059926', 'name': '2-tert-Butyl-4-hydroxyanisole'}, {'DB_ID': 'HMDB0030007', 'name': '2,2,7,7-Tetramethyl-1,6-dioxaspiro[4.4]nona-3,8-diene'}, {'DB_ID': 'HMDB0030039', 'name': 'Jasmolone'}, {'DB_ID': 'HMDB0032468', 'name': '2-Phenylpropionaldehyde dimethyl acetal'}, {'DB_ID': 'HMDB0035240', 'name': 'Dihydroactinidiolide'}, {'DB_ID': 'HMDB0036669', 'name': '(+)-Myrtenyl formate'}, {'DB_ID': 'HMDB0036817', 'name': 'Norecasantalic acid'}, {'DB_ID': 'HMDB0039159', 'name': 'Bovolide'}, {'DB_ID': 'HMDB0039957', 'name': '4-(Butoxymethyl)phenol'}]}	('C11H16O2_180.11503', '', 1)	[]
595.2590533	5.5495973	kp212_594.2519	M0,M+H+	None	594.2519153332299				[]
617.2413303	5.5516095	kp212_594.2519	M0,Na/H	None	594.2519153332299				[]
507.2156304	6.9647713	kp213_468.2526	M0,K/H	None	468.25255939989665				[]
491.2419414	6.9688725	kp213_468.2526	M0,Na/H	None	468.25255939989665				[]
469.2598178	6.966795	kp213_468.2526	M0,M+H+	None	468.25255939989665				[]
349.1993623	7.009378	kp214_326.2101	M0,Na/H	['C18H30O5']	326.21009363323003	(3b,6b,8a,12a)-8,12-Epoxy-7(11)-eremophilene-6,8,12-trimethoxy-3-ol	{'C18H30O5': [{'DB_ID': 'HMDB0031963', 'name': '(3b,6b,8a,12a)-8,12-Epoxy-7(11)-eremophilene-6,8,12-trimethoxy-3-ol'}]}	('C18H30O5_326.209324', '', 1)	[]
327.2173779	6.979442	kp214_326.2101	M0,M+H+	['C18H30O5']	326.21009363323003	(3b,6b,8a,12a)-8,12-Epoxy-7(11)-eremophilene-6,8,12-trimethoxy-3-ol	{'C18H30O5': [{'DB_ID': 'HMDB0031963', 'name': '(3b,6b,8a,12a)-8,12-Epoxy-7(11)-eremophilene-6,8,12-trimethoxy-3-ol'}]}	('C18H30O5_326.209324', '', 1)	[]
519.272879	7.21769	kp215_496.2835	M0,M+H+	['C30H40O6']	496.2835397836559	Absinthin	{'C30H40O6': [{'DB_ID': 'HMDB0035742', 'name': 'Absinthin'}, {'DB_ID': 'HMDB0036415', 'name': 'Anabsinthin'}]}	('C30H40O6_496.282489', '', 1)	[]
497.2907535	7.2156672	kp215_496.2835	M0,Na/H	['C30H40O6']	496.2835397836559	Absinthin	{'C30H40O6': [{'DB_ID': 'HMDB0035742', 'name': 'Absinthin'}, {'DB_ID': 'HMDB0036415', 'name': 'Anabsinthin'}]}	('C30H40O6_496.282489', '', 1)	[]
655.3943988	7.223767	kp216_654.3856	M0,M+H+	['C35H60O7P2']	654.3856159998967	all-trans-Heptaprenyl diphosphate	{'C35H60O7P2': [{'DB_ID': 'HMDB0012187', 'name': 'all-trans-Heptaprenyl diphosphate'}]}	('C35H60O7P2_654.381427', '', 1)	[]
696.4189073	7.203549	kp216_654.3856	M0,ACN	['C35H60O7P2']	654.3856159998967	all-trans-Heptaprenyl diphosphate	{'C35H60O7P2': [{'DB_ID': 'HMDB0012187', 'name': 'all-trans-Heptaprenyl diphosphate'}]}	('C35H60O7P2_654.381427', '', 1)	[]
677.3739203	7.522166	kp216_654.3856	M0,Na/H	['C35H60O7P2']	654.3856159998967	all-trans-Heptaprenyl diphosphate	{'C35H60O7P2': [{'DB_ID': 'HMDB0012187', 'name': 'all-trans-Heptaprenyl diphosphate'}]}	('C35H60O7P2_654.381427', '', 1)	[]
595.2902518	7.3981915	kp217_594.2831	M0,M+H+	None	594.28310103323				[]
617.2725032	7.3946495	kp217_594.2831	M0,Na/H	None	594.28310103323				[]
519.2727246	7.5568023	kp218_496.2835	M0,Na/H	['C30H40O6']	496.28347793322996	Absinthin	{'C30H40O6': [{'DB_ID': 'HMDB0035742', 'name': 'Absinthin'}, {'DB_ID': 'HMDB0036415', 'name': 'Anabsinthin'}]}	('C30H40O6_496.282489', '', 1)	[]
497.2907842	7.558851	kp218_496.2835	M0,M+H+	['C30H40O6']	496.28347793322996	Absinthin	{'C30H40O6': [{'DB_ID': 'HMDB0035742', 'name': 'Absinthin'}, {'DB_ID': 'HMDB0036415', 'name': 'Anabsinthin'}]}	('C30H40O6_496.282489', '', 1)	[]
601.2669386	7.8592477	kp219_600.26	M0,M+H+	None	600.26000758323				[]
623.2496295	7.8546567	kp219_600.26	M0,Na/H	None	600.26000758323				[]
317.2100904	7.972155	kp220_294.2206	M0,Na/H	['C18H30O3']	294.2205988998967	3,4-Dimethyl-5-propyl-2-furannonanoic acid	{'C18H30O3': [{'DB_ID': 'HMDB0061644', 'name': '3,4-Dimethyl-5-propyl-2-furannonanoic acid'}, {'DB_ID': 'HMDB0062288', 'name': '12(13)-epoxy-6Z,9Z-octadecadienoic acid'}, {'DB_ID': 'HMDB0004668', 'name': '13-OxoODE'}, {'DB_ID': 'HMDB0004669', 'name': '9-OxoODE'}, {'DB_ID': 'HMDB0010200', 'name': 'A-12(13)-EpODE'}, {'DB_ID': 'HMDB0010203', 'name': '13-HOTE'}, {'DB_ID': 'HMDB0010206', 'name': '15(16)-EpODE'}, {'DB_ID': 'HMDB0010220', 'name': '9(10)-EpODE'}, {'DB_ID': 'HMDB0010224', 'name': '9-HOTE'}, {'DB_ID': 'HMDB0011108', 'name': '17-Hydroxylinolenic acid'}, {'DB_ID': 'HMDB0029786', 'name': '10-Oxo-11-octadecen-13-olide'}, {'DB_ID': 'HMDB0029969', 'name': 'Squamostanal A'}, {'DB_ID': 'HMDB0030950', 'name': '15,16-Epoxy-9,12-octadecadienoic acid'}, {'DB_ID': 'HMDB0030995', 'name': "(2'E,4'Z,8E)-Colneleic acid"}, {'DB_ID': 'HMDB0031088', 'name': '12,13-Epoxy-9,15-octadecadienoic acid'}, {'DB_ID': 'HMDB0031103', 'name': '2-Hydroxylinolenic acid'}, {'DB_ID': 'HMDB0031934', 'name': '(9S,10E,12Z,15Z)-9-Hydroxy-10,12,15-octadecatrienoic acid'}, {'DB_ID': 'HMDB0034586', 'name': '(9Z,12Z,14E)-16-Hydroxy-9,12,14-octadecatrienoic acid'}, {'DB_ID': 'HMDB0036832', 'name': 'Sterebin D'}, {'DB_ID': 'HMDB0039603', 'name': '3,4-Dimethyl-5-pentyl-2-furanheptanoic acid'}, {'DB_ID': 'HMDB0112093', 'name': '5-Heptyl-2-furanheptanoic acid'}, {'DB_ID': 'HMDB0112099', 'name': '5-Hexyl-2-furanoctanoic acid'}, {'DB_ID': 'HMDB0112102', 'name': '5-pentyl-2-furannonanoic acid'}, {'DB_ID': 'HMDB0112103', 'name': '5-Butyl-3-methyl-2-furannonanoic acid'}]}	('C18H30O3_294.219495', '', 1)	[]
333.1839786	7.9677277	kp220_294.2206	M0,K/H	['C18H30O3']	294.2205988998967	3,4-Dimethyl-5-propyl-2-furannonanoic acid	{'C18H30O3': [{'DB_ID': 'HMDB0061644', 'name': '3,4-Dimethyl-5-propyl-2-furannonanoic acid'}, {'DB_ID': 'HMDB0062288', 'name': '12(13)-epoxy-6Z,9Z-octadecadienoic acid'}, {'DB_ID': 'HMDB0004668', 'name': '13-OxoODE'}, {'DB_ID': 'HMDB0004669', 'name': '9-OxoODE'}, {'DB_ID': 'HMDB0010200', 'name': 'A-12(13)-EpODE'}, {'DB_ID': 'HMDB0010203', 'name': '13-HOTE'}, {'DB_ID': 'HMDB0010206', 'name': '15(16)-EpODE'}, {'DB_ID': 'HMDB0010220', 'name': '9(10)-EpODE'}, {'DB_ID': 'HMDB0010224', 'name': '9-HOTE'}, {'DB_ID': 'HMDB0011108', 'name': '17-Hydroxylinolenic acid'}, {'DB_ID': 'HMDB0029786', 'name': '10-Oxo-11-octadecen-13-olide'}, {'DB_ID': 'HMDB0029969', 'name': 'Squamostanal A'}, {'DB_ID': 'HMDB0030950', 'name': '15,16-Epoxy-9,12-octadecadienoic acid'}, {'DB_ID': 'HMDB0030995', 'name': "(2'E,4'Z,8E)-Colneleic acid"}, {'DB_ID': 'HMDB0031088', 'name': '12,13-Epoxy-9,15-octadecadienoic acid'}, {'DB_ID': 'HMDB0031103', 'name': '2-Hydroxylinolenic acid'}, {'DB_ID': 'HMDB0031934', 'name': '(9S,10E,12Z,15Z)-9-Hydroxy-10,12,15-octadecatrienoic acid'}, {'DB_ID': 'HMDB0034586', 'name': '(9Z,12Z,14E)-16-Hydroxy-9,12,14-octadecatrienoic acid'}, {'DB_ID': 'HMDB0036832', 'name': 'Sterebin D'}, {'DB_ID': 'HMDB0039603', 'name': '3,4-Dimethyl-5-pentyl-2-furanheptanoic acid'}, {'DB_ID': 'HMDB0112093', 'name': '5-Heptyl-2-furanheptanoic acid'}, {'DB_ID': 'HMDB0112099', 'name': '5-Hexyl-2-furanoctanoic acid'}, {'DB_ID': 'HMDB0112102', 'name': '5-pentyl-2-furannonanoic acid'}, {'DB_ID': 'HMDB0112103', 'name': '5-Butyl-3-methyl-2-furannonanoic acid'}]}	('C18H30O3_294.219495', '', 1)	[]
295.2274391	7.9636745	kp220_294.2206	M0,M+H+	['C18H30O3']	294.2205988998967	3,4-Dimethyl-5-propyl-2-furannonanoic acid	{'C18H30O3': [{'DB_ID': 'HMDB0061644', 'name': '3,4-Dimethyl-5-propyl-2-furannonanoic acid'}, {'DB_ID': 'HMDB0062288', 'name': '12(13)-epoxy-6Z,9Z-octadecadienoic acid'}, {'DB_ID': 'HMDB0004668', 'name': '13-OxoODE'}, {'DB_ID': 'HMDB0004669', 'name': '9-OxoODE'}, {'DB_ID': 'HMDB0010200', 'name': 'A-12(13)-EpODE'}, {'DB_ID': 'HMDB0010203', 'name': '13-HOTE'}, {'DB_ID': 'HMDB0010206', 'name': '15(16)-EpODE'}, {'DB_ID': 'HMDB0010220', 'name': '9(10)-EpODE'}, {'DB_ID': 'HMDB0010224', 'name': '9-HOTE'}, {'DB_ID': 'HMDB0011108', 'name': '17-Hydroxylinolenic acid'}, {'DB_ID': 'HMDB0029786', 'name': '10-Oxo-11-octadecen-13-olide'}, {'DB_ID': 'HMDB0029969', 'name': 'Squamostanal A'}, {'DB_ID': 'HMDB0030950', 'name': '15,16-Epoxy-9,12-octadecadienoic acid'}, {'DB_ID': 'HMDB0030995', 'name': "(2'E,4'Z,8E)-Colneleic acid"}, {'DB_ID': 'HMDB0031088', 'name': '12,13-Epoxy-9,15-octadecadienoic acid'}, {'DB_ID': 'HMDB0031103', 'name': '2-Hydroxylinolenic acid'}, {'DB_ID': 'HMDB0031934', 'name': '(9S,10E,12Z,15Z)-9-Hydroxy-10,12,15-octadecatrienoic acid'}, {'DB_ID': 'HMDB0034586', 'name': '(9Z,12Z,14E)-16-Hydroxy-9,12,14-octadecatrienoic acid'}, {'DB_ID': 'HMDB0036832', 'name': 'Sterebin D'}, {'DB_ID': 'HMDB0039603', 'name': '3,4-Dimethyl-5-pentyl-2-furanheptanoic acid'}, {'DB_ID': 'HMDB0112093', 'name': '5-Heptyl-2-furanheptanoic acid'}, {'DB_ID': 'HMDB0112099', 'name': '5-Hexyl-2-furanoctanoic acid'}, {'DB_ID': 'HMDB0112102', 'name': '5-pentyl-2-furannonanoic acid'}, {'DB_ID': 'HMDB0112103', 'name': '5-Butyl-3-methyl-2-furannonanoic acid'}]}	('C18H30O3_294.219495', '', 1)	[]
360.2299997	8.0520735	kp221_321.2672	M0,K/H	['C20H35NO2']	321.26716208323	Alpha-Linolenoyl ethanolamide	{'C20H35NO2': [{'DB_ID': 'HMDB0013624', 'name': 'Alpha-Linolenoyl ethanolamide'}]}	('C20H35NO2_321.266779', '', 1)	[]
322.2747594	8.021015	kp221_321.2672	M0,M+H+	['C20H35NO2']	321.26716208323	Alpha-Linolenoyl ethanolamide	{'C20H35NO2': [{'DB_ID': 'HMDB0013624', 'name': 'Alpha-Linolenoyl ethanolamide'}]}	('C20H35NO2_321.266779', '', 1)	[]
437.2690676	9.2206335	kp222_436.2617	M0,M+H+	['C21H41O7P']	436.26174178323	LysoPA(0:0/18:1(9Z))	{'C21H41O7P': [{'DB_ID': 'HMDB0011133', 'name': 'DHAP(18:0)'}]}	('C21H41O7P_436.258991', '', 1), ('C21H41O7P_436.25899', '', 1)	[]
459.2509689	9.222646	kp222_436.2617	M0,Na/H	['C21H41O7P']	436.26174178323	LysoPA(0:0/18:1(9Z))	{'C21H41O7P': [{'DB_ID': 'HMDB0011133', 'name': 'DHAP(18:0)'}]}	('C21H41O7P_436.258991', '', 1), ('C21H41O7P_436.25899', '', 1)	[]
625.2678478	9.799146	kp223_624.2605	M0,M+H+	['C27H44O16']	624.2605413332301	Kanokoside D	{'C27H44O16': [{'DB_ID': 'HMDB0036105', 'name': 'Kanokoside D'}]}	('C27H44O16_624.262935', '', 1)	[]
647.2497878	9.799146	kp223_624.2605	M0,Na/H	['C27H44O16']	624.2605413332301	Kanokoside D	{'C27H44O16': [{'DB_ID': 'HMDB0036105', 'name': 'Kanokoside D'}]}	('C27H44O16_624.262935', '', 1)	[]
593.277222	10.132686	kp224_592.2705	M0,M+H+	None	592.2704869998967				[]
615.2601253	10.134698	kp224_592.2705	M0,Na/H	None	592.2704869998967				[]
631.2338251	10.1347	kp224_592.2705	M0,K/H	None	592.2704869998967				[]
615.2600649	10.422439	kp225_592.2703	M0,Na/H	None	592.27033308323				[]
593.2771542	10.424472	kp225_592.2703	M0,M+H+	None	592.27033308323				[]
245.9090076	0.41976008	kp226_490.8147	M0,M+H+, 2x charged	None	490.81467497764				[]
266.9276459	0.42925322	kp226_490.8147	M0,ACN, 2x charged	None	490.81467497764				[]
249.9266064	0.38873053	kp226_490.8147	13C/12C*8, 2x charged,M+H+, 2x charged	None	490.81467497764				[]
244.9475245	0.37269926	kp227_488.3873	M0,M+H+, 2x charged	None	488.38734419984496				[]
255.9417344	0.38238192	kp227_488.3873	M0,Na/H, 2x charged	None	488.38734419984496				[]
200.9730532	0.3972162	kp228_400.938	M0,M+H+, 2x charged	None	400.93802423323				[]
201.9756025	0.39790046	kp228_400.938	13C/12C*2, 2x charged,M+H+, 2x charged	None	400.93802423323				[]
258.9909388	0.415717	kp229_516.9832	M0,M+H+, 2x charged	None	516.9832424665633				[]
265.0159326	0.4177358	kp229_516.9832	13C/12C*12, 2x charged,M+H+, 2x charged	None	516.9832424665633				[]
261.005747	0.4177358	kp229_516.9832	13C/12C*4, 2x charged,M+H+, 2x charged	None	516.9832424665633				[]
222.9883857	0.51150197	kp230_440.9522	13C/12C*4, 2x charged,M+H+, 2x charged	None	440.9522081998967				[]
220.9810243	0.4177358	kp230_440.9522	M0,M+H+, 2x charged	None	440.9522081998967				[]
224.989947	0.4009664	kp230_440.9522	13C/12C*8, 2x charged,M+H+, 2x charged	None	440.9522081998967				[]
240.9533328	0.4197483	kp231_480.9009	M0,M+H+, 2x charged	None	480.90085023322996				[]
242.9615039	0.43038097	kp231_480.9009	13C/12C*4, 2x charged,M+H+, 2x charged	None	480.90085023322996				[]
263.073984	0.53040737	kp232_523.1324	13C/12C*2, 2x charged,M+H+, 2x charged	None	523.13238933323				[]
262.0690368	0.4755559	kp232_523.1324	M0,M+H+, 2x charged	None	523.13238933323				[]
200.0411442	0.478548	kp233_399.0772	M0,M+H+, 2x charged	None	399.07720177763997				[]
203.053093	0.5128053	kp233_399.0772	13C/12C*6, 2x charged,M+H+, 2x charged	None	399.07720177763997				[]
221.0429209	0.5236387	kp233_399.0772	13C/12C*5, 2x charged,HCl, 2x charged	None	399.07720177763997				[]
183.0748426	0.5438592	kp234_355.1099	13C/12C*10, 2x charged,M+H+, 2x charged	None	355.10988523323005				[]
178.0590941	0.49534574	kp234_355.1099	M0,M+H+, 2x charged	None	355.10988523323005				[]
164.008633	0.49572334	kp235_327.0124	M0,M+H+, 2x charged	None	327.01238133323				[]
167.0210898	0.55311275	kp235_327.0124	13C/12C*6, 2x charged,M+H+, 2x charged	None	327.01238133323				[]
336.0961178	0.5632345	kp236_666.1615	13C/12C*5, 2x charged,M+H+, 2x charged	None	666.1614520220501				[]
347.0854739	0.53040737	kp236_666.1615	13C/12C*4, 2x charged,Na/H, 2x charged	None	666.1614520220501				[]
345.075875	0.51640946	kp236_666.1615	M0,Na/H, 2x charged	None	666.1614520220501				[]
142.0499538	0.79451764	kp237_282.0856	13C/12C, 2x charged,M+H+, 2x charged	['C12H14N2O6']	282.08557468871663	Dinoseb acetate	{'C12H14N2O6': [{'DB_ID': 'HMDB0032560', 'name': 'Dinoseb acetate'}]}	('C12H14N2O6_282.085186', '', 1)	[]
165.0550591	0.58556896	kp237_282.0856	13C/12C*10, 2x charged,HCl, 2x charged	['C12H14N2O6']	282.08557468871663	Dinoseb acetate	{'C12H14N2O6': [{'DB_ID': 'HMDB0032560', 'name': 'Dinoseb acetate'}]}	('C12H14N2O6_282.085186', '', 1)	[]
160.0366928	0.51788557	kp237_282.0856	M0,HCl, 2x charged	['C12H14N2O6']	282.08557468871663	Dinoseb acetate	{'C12H14N2O6': [{'DB_ID': 'HMDB0032560', 'name': 'Dinoseb acetate'}]}	('C12H14N2O6_282.085186', '', 1)	[]
151.0603409	0.8095408	kp238_301.1135	M0,M+H+, 2x charged	None	301.11353723323				[]
156.0772478	0.5195639	kp238_301.1135	13C/12C*10, 2x charged,M+H+, 2x charged	None	301.11353723323				[]
314.0921816	1.0123757	kp239_626.1616	13C/12C, 2x charged,M+H+, 2x charged	None	626.161578633168				[]
337.0899785	0.58875316	kp239_626.1616	13C/12C*10, 2x charged,HCl, 2x charged	None	626.161578633168				[]
335.0743932	0.8054936	kp239_626.1616	13C/12C*4, 2x charged,K/H, 2x charged	None	626.161578633168				[]
319.0999365	0.5868261	kp239_626.1616	13C/12C*11, 2x charged,M+H+, 2x charged	None	626.161578633168				[]
333.0692974	0.52462536	kp239_626.1616	M0,K/H, 2x charged	None	626.161578633168				[]
316.1006539	0.91390204	kp239_626.1616	13C/12C*5, 2x charged,M+H+, 2x charged	None	626.161578633168				[]
332.074727	0.911884	kp239_626.1616	M0,HCl, 2x charged	None	626.161578633168				[]
329.0843931	0.83567077	kp239_626.1616	13C/12C*8, 2x charged,Na/H, 2x charged	None	626.161578633168				[]
314.0849357	0.8075178	kp239_626.1616	13C/12C, 2x charged,M+H+, 2x charged	None	626.161578633168				[]
336.074296	1.0103563	kp239_626.1616	13C/12C*6, 2x charged,K/H, 2x charged	None	626.161578633168				[]
272.087205	0.55552477	kp240_518.171	13C/12C*2, 2x charged,Na/H, 2x charged	None	518.1709610093615				[]
277.1038385	0.5476171	kp240_518.171	13C/12C*12, 2x charged,Na/H, 2x charged	None	518.1709610093615				[]
274.0920355	0.59050095	kp240_518.171	13C/12C*6, 2x charged,Na/H, 2x charged	None	518.1709610093615				[]
271.0812237	0.5535969	kp240_518.171	M0,Na/H, 2x charged	None	518.1709610093615				[]
263.099805	0.8075178	kp240_518.171	13C/12C*7, 2x charged,M+H+, 2x charged	None	518.1709610093615				[]
261.0950154	0.5906803	kp240_518.171	13C/12C*3, 2x charged,M+H+, 2x charged	None	518.1709610093615				[]
264.1086835	0.8115074	kp240_518.171	13C/12C*9, 2x charged,M+H+, 2x charged	None	518.1709610093615				[]
293.0835951	0.52462536	kp241_584.662	M0,M+H+, 2x charged	None	584.6620383006798				[]
304.0803579	0.51884407	kp241_584.662	M0,Na/H, 2x charged	None	584.6620383006798				[]
325.113712	0.54603124	kp242_604.204	13C/12C*8, 2x charged,HCl, 2x charged	None	604.2039632388102				[]
321.0962625	0.5945352	kp242_604.204	M0,HCl, 2x charged	None	604.2039632388102				[]
305.1209919	0.80953795	kp242_604.204	13C/12C*5, 2x charged,M+H+, 2x charged	None	604.2039632388102				[]
327.1176701	0.5535969	kp242_604.204	13C/12C*12, 2x charged,HCl, 2x charged	None	604.2039632388102				[]
323.0943976	0.51884407	kp242_604.204	13C/12C*2, 2x charged,K/H, 2x charged	None	604.2039632388102				[]
303.105354	0.81952196	kp242_604.204	13C/12C, 2x charged,M+H+, 2x charged	None	604.2039632388102				[]
304.1004973	0.53040737	kp242_604.204	13C/12C*3, 2x charged,M+H+, 2x charged	None	604.2039632388102				[]
307.0797519	0.59068024	kp243_576.176	M0,HCl, 2x charged	None	576.17599457764				[]
289.091987	0.5486832	kp243_576.176	13C/12C, 2x charged,M+H+, 2x charged	None	576.17599457764				[]
291.1052209	0.58875316	kp243_576.176	13C/12C*5, 2x charged,M+H+, 2x charged	None	576.17599457764				[]
319.1002475	0.8054936	kp244_636.6915	M0,M+H+, 2x charged	None	636.6914643007932				[]
337.0904815	0.8034692	kp244_636.6915	M0,HCl, 2x charged	None	636.6914643007932				[]
234.0652895	0.82962275	kp245_465.118	13C/12C*2, 2x charged,M+H+, 2x charged	None	465.11804933323003				[]
233.0633913	0.53040737	kp245_465.118	M0,M+H+, 2x charged	None	465.11804933323003				[]
163.0605809	0.8025064	kp246_324.111	13C/12C, 2x charged,M+H+, 2x charged	None	324.110970649845				[]
184.0586128	0.8052783	kp246_324.111	13C/12C*6, 2x charged,HCl, 2x charged	None	324.110970649845				[]
166.0726335	0.81549007	kp246_324.111	13C/12C*7, 2x charged,M+H+, 2x charged	None	324.110970649845				[]
181.0521285	0.7883985	kp246_324.111	M0,HCl, 2x charged	None	324.110970649845				[]
188.0298997	1.0605445	kp247_375.0493	M0,M+H+, 2x charged	None	375.04925613322996				[]
192.0400529	0.86090475	kp247_375.0493	13C/12C*8, 2x charged,M+H+, 2x charged	None	375.04925613322996				[]
172.0961557	0.54094344	kp248_343.188	M0,M+H+, 2x charged	None	343.18798373323				[]
175.1091695	0.5572	kp248_343.188	13C/12C*6, 2x charged,M+H+, 2x charged	None	343.18798373323				[]
152.0709261	0.5856289	kp249_302.6295	M0,M+H+, 2x charged	None	302.62954880006447				[]
163.0605374	0.56526554	kp249_302.6295	M0,Na/H, 2x charged	None	302.62954880006447				[]
158.0603665	0.88771015	kp250_315.1155	M0,M+H+, 2x charged	None	315.11548657764				[]
162.0765565	0.8051644	kp250_315.1155	13C/12C*8, 2x charged,M+H+, 2x charged	None	315.11548657764				[]
180.0643723	0.8634544	kp250_315.1155	13C/12C*7, 2x charged,HCl, 2x charged	None	315.11548657764				[]
170.0433403	0.5462454	kp251_339.082	M0,M+H+, 2x charged	None	339.08203063323003				[]
176.0660968	0.8442332	kp251_339.082	13C/12C*12, 2x charged,M+H+, 2x charged	None	339.08203063323003				[]
204.0873167	0.823217	kp252_362.1475	13C/12C*8, 2x charged,HCl, 2x charged	None	362.1475452081525				[]
193.0709413	0.56327605	kp252_362.1475	M0,Na/H, 2x charged	None	362.1475452081525				[]
182.0818063	0.8156121	kp252_362.1475	13C/12C, 2x charged,M+H+, 2x charged	None	362.1475452081525				[]
185.0925484	0.80868137	kp252_362.1475	13C/12C*7, 2x charged,M+H+, 2x charged	None	362.1475452081525				[]
204.0638394	0.80953795	kp252_362.1475	13C/12C*6, 2x charged,K/H, 2x charged	None	362.1475452081525				[]
198.0858079	0.5434491	kp252_362.1475	13C/12C*10, 2x charged,Na/H, 2x charged	None	362.1475452081525				[]
205.0688074	0.52970135	kp252_362.1475	13C/12C*8, 2x charged,K/H, 2x charged	None	362.1475452081525				[]
203.0817957	0.88973325	kp252_362.1475	13C/12C*6, 2x charged,HCl, 2x charged	None	362.1475452081525				[]
211.070061	0.80549353	kp253_414.1033	13C/12C*7, 2x charged,M+H+, 2x charged	None	414.1033077665375				[]
208.0583091	0.96590966	kp253_414.1033	13C/12C, 2x charged,M+H+, 2x charged	None	414.1033077665375				[]
226.0454314	0.8075059	kp253_414.1033	M0,HCl, 2x charged	None	414.1033077665375				[]
210.0611627	0.83164006	kp253_414.1033	13C/12C*5, 2x charged,M+H+, 2x charged	None	414.1033077665375				[]
186.0761497	0.80028397	kp254_348.1609	M0,Na/H, 2x charged	None	348.160910986522				[]
176.0922318	0.8741196	kp254_348.1609	13C/12C*3, 2x charged,M+H+, 2x charged	None	348.160910986522				[]
189.0872727	0.7875161	kp254_348.1609	13C/12C*6, 2x charged,Na/H, 2x charged	None	348.160910986522				[]
175.0869185	0.89174634	kp254_348.1609	13C/12C, 2x charged,M+H+, 2x charged	None	348.160910986522				[]
180.1023999	0.82392305	kp254_348.1609	13C/12C*11, 2x charged,M+H+, 2x charged	None	348.160910986522				[]
219.136676	0.8040201	kp255_433.2524	13C/12C*4, 2x charged,M+H+, 2x charged	None	433.25244303322995				[]
217.1297535	0.57098514	kp255_433.2524	M0,M+H+, 2x charged	None	433.25244303322995				[]
143.0819603	0.5491338	kp256_273.1145	13C/12C*12, 2x charged,M+H+, 2x charged	None	273.11452923323003				[]
137.0599754	0.58085924	kp256_273.1145	M0,M+H+, 2x charged	None	273.11452923323003				[]
280.1397124	0.5822217	kp257_549.2393	13C/12C*10, 2x charged,M+H+, 2x charged	None	549.23929513323				[]
275.1236342	0.58095384	kp257_549.2393	M0,M+H+, 2x charged	None	549.23929513323				[]
282.1436778	0.8054936	kp258_559.2691	13C/12C*4, 2x charged,M+H+, 2x charged	None	559.26913133323				[]
280.13944	0.8034692	kp258_559.2691	M0,M+H+, 2x charged	None	559.26913133323				[]
227.1026436	0.82257324	kp259_449.186	13C/12C*4, 2x charged,M+H+, 2x charged	None	449.18598953323				[]
225.0973324	0.58292955	kp259_449.186	M0,M+H+, 2x charged	None	449.18598953323				[]
242.123874	0.7913873	kp260_477.2179	13C/12C*6, 2x charged,M+H+, 2x charged	None	477.21792013323				[]
239.1128335	0.8075178	kp260_477.2179	M0,M+H+, 2x charged	None	477.21792013323				[]
241.1178624	0.8075178	kp260_477.2179	13C/12C*4, 2x charged,M+H+, 2x charged	None	477.21792013323				[]
147.1136737	0.46065807	kp261_287.1986	13C/12C*6, 2x charged,M+H+, 2x charged	None	287.19861323323				[]
144.102281	0.5835951	kp261_287.1986	M0,M+H+, 2x charged	None	287.19861323323				[]
170.0814544	0.5931554	kp262_339.1575	M0,M+H+, 2x charged	None	339.15751553323				[]
176.1034676	0.5458595	kp262_339.1575	13C/12C*12, 2x charged,M+H+, 2x charged	None	339.15751553323				[]
198.0977077	0.5517218	kp263_367.1861	13C/12C*5, 2x charged,Na/H, 2x charged	None	367.18610004430667				[]
187.1081544	0.80673057	kp263_367.1861	13C/12C*6, 2x charged,M+H+, 2x charged	None	367.18610004430667				[]
184.0972934	0.8048598	kp263_367.1861	M0,M+H+, 2x charged	None	367.18610004430667				[]
291.0843679	1.0544833	kp264_549.1446	13C/12C*9, 2x charged,Na/H, 2x charged	['C24H27N3O10S']	549.144552999845	o-O-glucuronide rosiglitazone	{'C24H27N3O10S': [{'DB_ID': 'HMDB0060857', 'name': 'o-O-glucuronide rosiglitazone'}, {'DB_ID': 'HMDB0060862', 'name': 'p-O-glucuronide rosiglitazone'}]}	('C24H27N3O10S_549.141715', '', 1)	[]
290.0864066	1.1829454	kp264_549.1446	13C/12C*7, 2x charged,Na/H, 2x charged	['C24H27N3O10S']	549.144552999845	o-O-glucuronide rosiglitazone	{'C24H27N3O10S': [{'DB_ID': 'HMDB0060857', 'name': 'o-O-glucuronide rosiglitazone'}, {'DB_ID': 'HMDB0060862', 'name': 'p-O-glucuronide rosiglitazone'}]}	('C24H27N3O10S_549.141715', '', 1)	[]
275.0743084	0.883679	kp264_549.1446	M0,M+H+, 2x charged	['C24H27N3O10S']	549.144552999845	o-O-glucuronide rosiglitazone	{'C24H27N3O10S': [{'DB_ID': 'HMDB0060857', 'name': 'o-O-glucuronide rosiglitazone'}, {'DB_ID': 'HMDB0060862', 'name': 'p-O-glucuronide rosiglitazone'}]}	('C24H27N3O10S_549.141715', '', 1)	[]
280.0914675	0.80549353	kp264_549.1446	13C/12C*10, 2x charged,M+H+, 2x charged	['C24H27N3O10S']	549.144552999845	o-O-glucuronide rosiglitazone	{'C24H27N3O10S': [{'DB_ID': 'HMDB0060857', 'name': 'o-O-glucuronide rosiglitazone'}, {'DB_ID': 'HMDB0060862', 'name': 'p-O-glucuronide rosiglitazone'}]}	('C24H27N3O10S_549.141715', '', 1)	[]
291.0844563	0.883679	kp265_544.6801	M0,M+H+, 2x charged	None	544.6800589005924				[]
273.0948673	0.88771516	kp265_544.6801	M0,HCl, 2x charged	None	544.6800589005924				[]
305.0998109	1.4071938	kp266_572.711	M0,M+H+, 2x charged	None	572.7110379006538				[]
287.1104917	1.4208418	kp266_572.711	M0,HCl, 2x charged	None	572.7110379006538				[]
305.1001965	1.3704125	kp267_572.7116	M0,HCl, 2x charged	None	572.7115701006533				[]
287.1106383	1.5794448	kp267_572.7116	M0,M+H+, 2x charged	None	572.7115701006533				[]
284.0994175	0.99418813	kp268_567.1926	M0,M+H+, 2x charged	['C33H29NO8', 'C25H33N3O10S']	567.19257133323	Neoacrimarine H	{'C33H29NO8': [{'DB_ID': 'HMDB0033031', 'name': 'Neoacrimarine H'}], 'C25H33N3O10S': [{'DB_ID': 'HMDB0132694', 'name': '2-amino-4-({1-[(carboxymethyl)-C-hydroxycarbonimidoyl]-2-{[3-hydroxy-4-(7-methoxy-2-oxo-2H-chromen-8-yl)-2-methylbutan-2-yl]sulfanyl}ethyl}-C-hydroxycarbonimidoyl)butanoic acid'}]}	('C33H29NO8_567.189317', '', 1), ('C25H33N3O10S_567.188665', '', 1)	[]
287.1104953	1.1981452	kp268_567.1926	13C/12C*6, 2x charged,M+H+, 2x charged	['C33H29NO8', 'C25H33N3O10S']	567.19257133323	Neoacrimarine H	{'C33H29NO8': [{'DB_ID': 'HMDB0033031', 'name': 'Neoacrimarine H'}], 'C25H33N3O10S': [{'DB_ID': 'HMDB0132694', 'name': '2-amino-4-({1-[(carboxymethyl)-C-hydroxycarbonimidoyl]-2-{[3-hydroxy-4-(7-methoxy-2-oxo-2H-chromen-8-yl)-2-methylbutan-2-yl]sulfanyl}ethyl}-C-hydroxycarbonimidoyl)butanoic acid'}]}	('C33H29NO8_567.189317', '', 1), ('C25H33N3O10S_567.188665', '', 1)	[]
201.1235741	0.8063799	kp269_401.2396	M0,M+H+, 2x charged	['C21H31N5O3']	401.23964443323	Buspirone N-oxide	{'C21H31N5O3': [{'DB_ID': 'HMDB0061107', 'name': 'Buspirone N-oxide'}, {'DB_ID': 'HMDB0061108', 'name': "3'-Hydroxybuspirone"}, {'DB_ID': 'HMDB0061109', 'name': '5-Hydroxybuspirone'}, {'DB_ID': 'HMDB0061110', 'name': "6'-Hydroxybuspirone"}]}	('C21H31N5O3_401.24269', '', 1)	[]
204.1334118	0.8054893	kp269_401.2396	13C/12C*6, 2x charged,M+H+, 2x charged	['C21H31N5O3']	401.23964443323	Buspirone N-oxide	{'C21H31N5O3': [{'DB_ID': 'HMDB0061107', 'name': 'Buspirone N-oxide'}, {'DB_ID': 'HMDB0061108', 'name': "3'-Hydroxybuspirone"}, {'DB_ID': 'HMDB0061109', 'name': '5-Hydroxybuspirone'}, {'DB_ID': 'HMDB0061110', 'name': "6'-Hydroxybuspirone"}]}	('C21H31N5O3_401.24269', '', 1)	[]
136.062189	0.80686975	kp270_265.0947	13C/12C*6, 2x charged,M+H+, 2x charged	['C13H15NO5']	265.09469413322995	2-(2-Phenylacetoxy)propionylglycine	{'C13H15NO5': [{'DB_ID': 'HMDB0059732', 'name': '2-(2-Phenylacetoxy)propionylglycine'}, {'DB_ID': 'HMDB0059772', 'name': 'N-Phenylacetylglutamic acid'}]}	('C13H15NO5_265.095023', '', 1)	[]
133.0498466	0.8075059	kp270_265.0947	M0,M+H+, 2x charged	['C13H15NO5']	265.09469413322995	2-(2-Phenylacetoxy)propionylglycine	{'C13H15NO5': [{'DB_ID': 'HMDB0059732', 'name': '2-(2-Phenylacetoxy)propionylglycine'}, {'DB_ID': 'HMDB0059772', 'name': 'N-Phenylacetylglutamic acid'}]}	('C13H15NO5_265.095023', '', 1)	[]
226.0701572	0.8075178	kp271_451.1304	M0,M+H+, 2x charged	None	451.13042013323				[]
231.0843144	0.8365957	kp271_451.1304	13C/12C*10, 2x charged,M+H+, 2x charged	None	451.13042013323				[]
317.1400876	0.88179845	kp272_622.2436	13C/12C*11, 2x charged,M+H+, 2x charged	None	622.2436348165376				[]
316.1371345	0.86365336	kp272_622.2436	13C/12C*9, 2x charged,M+H+, 2x charged	None	622.2436348165376				[]
312.1298954	0.8075178	kp272_622.2436	13C/12C, 2x charged,M+H+, 2x charged	None	622.2436348165376				[]
331.1115118	0.53040737	kp272_622.2436	M0,K/H, 2x charged	None	622.2436348165376				[]
132.0554202	0.534208	kp273_259.0918	13C/12C*4, 2x charged,M+H+, 2x charged	None	259.09182423322994				[]
130.0503905	0.80821925	kp273_259.0918	M0,M+H+, 2x charged	None	259.09182423322994				[]
215.1028859	0.5911365	kp274_423.1765	13C/12C*6, 2x charged,M+H+, 2x charged	['C17H29NO11']	423.17652353323	Neolinustatin	{'C17H29NO11': [{'DB_ID': 'HMDB0038482', 'name': 'Neolinustatin'}]}	('C17H29NO11_423.174061', '', 1)	[]
212.0909791	0.8199662	kp274_423.1765	M0,M+H+, 2x charged	['C17H29NO11']	423.17652353323	Neolinustatin	{'C17H29NO11': [{'DB_ID': 'HMDB0038482', 'name': 'Neolinustatin'}]}	('C17H29NO11_423.174061', '', 1)	[]
246.0974844	0.80953795	kp275_481.1557	13C/12C*10, 2x charged,M+H+, 2x charged	None	481.15566793323				[]
241.082235	0.82483995	kp275_481.1557	M0,M+H+, 2x charged	None	481.15566793323				[]
244.0809355	0.8155367	kp276_485.1368	13C/12C*2, 2x charged,M+H+, 2x charged	None	485.13682243323				[]
243.0742541	0.8836796	kp276_485.1368	M0,M+H+, 2x charged	None	485.13682243323				[]
245.0771811	0.8320949	kp276_485.1368	13C/12C*4, 2x charged,M+H+, 2x charged	None	485.13682243323				[]
247.0793121	0.7934055	kp276_485.1368	13C/12C*8, 2x charged,M+H+, 2x charged	None	485.13682243323				[]
277.147992	0.9331263	kp277_551.2819	13C/12C*2, 2x charged,M+H+, 2x charged	None	551.28189613323				[]
276.1445356	0.8596284	kp277_551.2819	M0,M+H+, 2x charged	None	551.28189613323				[]
275.1104393	0.8796429	kp278_537.1715	13C/12C*12, 2x charged,M+H+, 2x charged	None	537.1714899332301				[]
269.0884571	0.9820707	kp278_537.1715	M0,M+H+, 2x charged	None	537.1714899332301				[]
275.1104506	1.0585195	kp279_549.217	M0,M+H+, 2x charged	None	549.21699743323				[]
278.1238883	0.9352103	kp279_549.217	13C/12C*6, 2x charged,M+H+, 2x charged	None	549.21699743323				[]
291.070314	0.9780409	kp280_577.1253	13C/12C*4, 2x charged,M+H+, 2x charged	None	577.12533503323				[]
289.0690075	0.883679	kp280_577.1253	M0,M+H+, 2x charged	None	577.12533503323				[]
245.1500085	0.56779873	kp281_482.2645	13C/12C*7, 2x charged,M+H+, 2x charged	None	482.264485088711				[]
256.1395077	0.8075178	kp281_482.2645	13C/12C*6, 2x charged,Na/H, 2x charged	None	482.264485088711				[]
253.1292101	0.9111365	kp281_482.2645	M0,Na/H, 2x charged	None	482.264485088711				[]
373.1134742	1.1006298	kp282_735.1853	13C/12C*10, 2x charged,M+H+, 2x charged	None	735.18527813323				[]
368.0958554	1.0702688	kp282_735.1853	M0,M+H+, 2x charged	None	735.18527813323				[]
247.1299633	1.308724	kp283_493.2485	M0,M+H+, 2x charged	None	493.24850783323				[]
251.139241	1.3845243	kp283_493.2485	13C/12C*8, 2x charged,M+H+, 2x charged	None	493.24850783323				[]
369.1181169	2.4906714	kp284_694.2352	13C/12C*6, 2x charged,HCl, 2x charged	['C29H42O19']	694.235222433124	Methyl 3,4,5-trimethoxycinnamate [arabinosyl-(1->3)-[glucosyl-(1->6)]-glucosyl] ester	{'C29H42O19': [{'DB_ID': 'HMDB0034756', 'name': 'Methyl 3,4,5-trimethoxycinnamate [arabinosyl-(1->3)-[glucosyl-(1->6)]-glucosyl] ester'}]}	('C29H42O19_694.232029', '', 1)	[]
367.1004697	1.9032856	kp284_694.2352	M0,K/H, 2x charged	['C29H42O19']	694.235222433124	Methyl 3,4,5-trimethoxycinnamate [arabinosyl-(1->3)-[glucosyl-(1->6)]-glucosyl] ester	{'C29H42O19': [{'DB_ID': 'HMDB0034756', 'name': 'Methyl 3,4,5-trimethoxycinnamate [arabinosyl-(1->3)-[glucosyl-(1->6)]-glucosyl] ester'}]}	('C29H42O19_694.232029', '', 1)	[]
370.1139176	2.166429	kp284_694.2352	13C/12C*6, 2x charged,K/H, 2x charged	['C29H42O19']	694.235222433124	Methyl 3,4,5-trimethoxycinnamate [arabinosyl-(1->3)-[glucosyl-(1->6)]-glucosyl] ester	{'C29H42O19': [{'DB_ID': 'HMDB0034756', 'name': 'Methyl 3,4,5-trimethoxycinnamate [arabinosyl-(1->3)-[glucosyl-(1->6)]-glucosyl] ester'}]}	('C29H42O19_694.232029', '', 1)	[]
348.1294478	1.6143113	kp284_694.2352	13C/12C, 2x charged,M+H+, 2x charged	['C29H42O19']	694.235222433124	Methyl 3,4,5-trimethoxycinnamate [arabinosyl-(1->3)-[glucosyl-(1->6)]-glucosyl] ester	{'C29H42O19': [{'DB_ID': 'HMDB0034756', 'name': 'Methyl 3,4,5-trimethoxycinnamate [arabinosyl-(1->3)-[glucosyl-(1->6)]-glucosyl] ester'}]}	('C29H42O19_694.232029', '', 1)	[]
367.1003077	2.168393	kp285_733.1973	M0,M+H+, 2x charged	None	733.19726053323				[]
370.1142943	2.449343	kp285_733.1973	13C/12C*6, 2x charged,M+H+, 2x charged	None	733.19726053323				[]
345.0950683	1.8331066	kp286_642.1728	13C/12C*10, 2x charged,HCl, 2x charged	None	642.172839213168				[]
343.0797297	1.9804505	kp286_642.1728	13C/12C*4, 2x charged,K/H, 2x charged	None	642.172839213168				[]
340.0800936	2.0012023	kp286_642.1728	M0,HCl, 2x charged	None	642.172839213168				[]
327.1053899	1.9804379	kp286_642.1728	13C/12C*11, 2x charged,M+H+, 2x charged	None	642.172839213168				[]
324.1058884	2.0032983	kp286_642.1728	13C/12C*5, 2x charged,M+H+, 2x charged	None	642.172839213168				[]
327.1054362	1.6690044	kp287_653.2084	M0,M+H+, 2x charged	None	653.2084343333418				[]
329.1209542	1.8291191	kp287_653.2084	13C/12C*4, 2x charged,M+H+, 2x charged	None	653.2084343333418				[]
330.1188585	1.8457829	kp287_653.2084	13C/12C*6, 2x charged,M+H+, 2x charged	None	653.2084343333418				[]
331.1163677	1.9642318	kp287_653.2084	13C/12C*8, 2x charged,M+H+, 2x charged	None	653.2084343333418				[]
359.1109106	1.7346282	kp288_705.1749	13C/12C*12, 2x charged,M+H+, 2x charged	None	705.1748861998967				[]
353.0870522	1.8431658	kp288_705.1749	M0,M+H+, 2x charged	None	705.1748861998967				[]
355.1021212	1.6384225	kp288_705.1749	13C/12C*4, 2x charged,M+H+, 2x charged	None	705.1748861998967				[]
397.0905291	2.2290306	kp289_744.1376	13C/12C*12, 2x charged,HCl, 2x charged	None	744.1375981331242				[]
391.0643341	2.2411735	kp289_744.1376	M0,HCl, 2x charged	None	744.1375981331242				[]
395.0746772	2.2431972	kp289_744.1376	13C/12C*8, 2x charged,HCl, 2x charged	None	744.1375981331242				[]
377.084821	2.1765234	kp289_744.1376	13C/12C*9, 2x charged,M+H+, 2x charged	None	744.1375981331242				[]
377.0847418	1.841142	kp290_714.2012	M0,K/H, 2x charged	None	714.2012246664955				[]
383.1107522	2.1239297	kp290_714.2012	13C/12C*12, 2x charged,K/H, 2x charged	None	714.2012246664955				[]
379.1011276	2.2472277	kp290_714.2012	13C/12C*6, 2x charged,HCl, 2x charged	None	714.2012246664955				[]
380.1111306	1.7949649	kp290_714.2012	13C/12C*8, 2x charged,HCl, 2x charged	None	714.2012246664955				[]
359.1107905	2.172454	kp291_705.1753	13C/12C*12, 2x charged,M+H+, 2x charged	None	705.1752631998967				[]
355.1026838	2.1765234	kp291_705.1753	13C/12C*4, 2x charged,M+H+, 2x charged	None	705.1752631998967				[]
353.0871752	2.1603873	kp291_705.1753	M0,M+H+, 2x charged	None	705.1752631998967				[]
359.1334651	1.5452976	kp292_714.2438	13C/12C*3, 2x charged,M+H+, 2x charged	None	714.2437527109734				[]
369.1161239	1.4506468	kp292_714.2438	M0,Na/H, 2x charged	None	714.2437527109734				[]
358.128303	1.6701319	kp292_714.2438	13C/12C, 2x charged,M+H+, 2x charged	None	714.2437527109734				[]
337.0897917	1.7349739	kp293_673.1731	M0,M+H+, 2x charged	None	673.17308683323				[]
340.1006366	1.658742	kp293_673.1731	13C/12C*6, 2x charged,M+H+, 2x charged	None	673.17308683323				[]
239.0920406	1.7612299	kp294_473.1593	13C/12C*4, 2x charged,M+H+, 2x charged	None	473.159301986522				[]
237.087241	1.8171481	kp294_473.1593	M0,M+H+, 2x charged	None	473.159301986522				[]
259.0694928	1.8171481	kp294_473.1593	13C/12C*5, 2x charged,K/H, 2x charged	None	473.159301986522				[]
242.1006781	1.5954672	kp294_473.1593	13C/12C*10, 2x charged,M+H+, 2x charged	None	473.159301986522				[]
261.0771221	1.7570108	kp294_473.1593	13C/12C*9, 2x charged,K/H, 2x charged	None	473.159301986522				[]
301.1261024	1.8291129	kp295_601.2396	M0,M+H+, 2x charged	None	601.23963033323				[]
302.1241594	2.0032983	kp295_601.2396	13C/12C*2, 2x charged,M+H+, 2x charged	None	601.23963033323				[]
339.0859423	1.9804505	kp296_668.1372	13C/12C*9, 2x charged,M+H+, 2x charged	None	668.137214710984				[]
353.0641827	1.7328614	kp296_668.1372	M0,HCl, 2x charged	None	668.137214710984				[]
335.075375	1.8371059	kp296_668.1372	13C/12C, 2x charged,M+H+, 2x charged	None	668.137214710984				[]
372.1304037	1.8391185	kp297_743.2486	M0,M+H+, 2x charged	None	743.2486274332299				[]
377.1422752	1.7059907	kp297_743.2486	13C/12C*10, 2x charged,M+H+, 2x charged	None	743.2486274332299				[]
445.1837908	1.9580199	kp298_838.3557	13C/12C*12, 2x charged,K/H, 2x charged	None	838.35570082205				[]
420.1872265	2.3868284	kp298_838.3557	13C/12C, 2x charged,M+H+, 2x charged	None	838.35570082205				[]
439.1584146	2.2391498	kp298_838.3557	M0,K/H, 2x charged	None	838.35570082205				[]
449.1927687	1.9696747	kp299_893.362	13C/12C*4, 2x charged,M+H+, 2x charged	None	893.36201078323				[]
451.1930761	2.327747	kp299_893.362	13C/12C*8, 2x charged,M+H+, 2x charged	None	893.36201078323				[]
450.1978044	2.158418	kp299_893.362	13C/12C*6, 2x charged,M+H+, 2x charged	None	893.36201078323				[]
447.1851203	2.5737333	kp299_893.362	M0,M+H+, 2x charged	None	893.36201078323				[]
368.1322466	1.9518129	kp300_735.2502	M0,M+H+, 2x charged	None	735.25024273323				[]
374.1454026	2.0580106	kp300_735.2502	13C/12C*12, 2x charged,M+H+, 2x charged	None	735.25024273323				[]
427.2082174	2.005945	kp301_853.4051	M0,M+H+, 2x charged	None	853.40513763323				[]
429.2109067	1.9580199	kp301_853.4051	13C/12C*4, 2x charged,M+H+, 2x charged	None	853.40513763323				[]
381.1160655	2.2290306	kp302_760.2185	13C/12C, 2x charged,M+H+, 2x charged	None	760.2184931553834				[]
404.1191343	1.8371004	kp302_760.2185	13C/12C*10, 2x charged,HCl, 2x charged	None	760.2184931553834				[]
399.1058836	2.0147574	kp302_760.2185	M0,HCl, 2x charged	None	760.2184931553834				[]
483.1480744	2.023562	kp303_965.2895	M0,M+H+, 2x charged	None	965.28947683323				[]
486.1587439	2.0215375	kp303_965.2895	13C/12C*6, 2x charged,M+H+, 2x charged	None	965.28947683323				[]
572.235756	2.0291574	kp304_1134.4322	13C/12C*9, 2x charged,M+H+, 2x charged	None	1134.43222877764				[]
568.2254699	2.025601	kp304_1134.4322	13C/12C, 2x charged,M+H+, 2x charged	None	1134.43222877764				[]
587.1963862	2.2248914	kp304_1134.4322	M0,K/H, 2x charged	None	1134.43222877764				[]
410.1427376	2.337929	kp305_812.2569	13C/12C*7, 2x charged,M+H+, 2x charged	None	812.25691257764				[]
407.1318773	2.1663802	kp305_812.2569	13C/12C, 2x charged,M+H+, 2x charged	None	812.25691257764				[]
426.1166679	2.337929	kp305_812.2569	M0,K/H, 2x charged	None	812.25691257764				[]
309.0744808	2.4608378	kp306_605.0998	13C/12C*12, 2x charged,M+H+, 2x charged	None	605.09978613323				[]
303.0501777	2.1684046	kp306_605.0998	M0,M+H+, 2x charged	None	605.09978613323				[]
307.0694854	2.027653	kp306_605.0998	13C/12C*8, 2x charged,M+H+, 2x charged	None	605.09978613323				[]
339.1077731	2.2431915	kp307_677.2183	M0,M+H+, 2x charged	None	677.21825953323				[]
345.1329723	2.4523997	kp307_677.2183	13C/12C*12, 2x charged,M+H+, 2x charged	None	677.21825953323				[]
344.1344636	2.2371256	kp307_677.2183	13C/12C*10, 2x charged,M+H+, 2x charged	None	677.21825953323				[]
425.1575417	2.884996	kp308_807.3089	13C/12C*5, 2x charged,HCl, 2x charged	None	807.3089053069698				[]
404.1560032	2.4947994	kp308_807.3089	M0,M+H+, 2x charged	None	807.3089053069698				[]
406.171464	2.2209804	kp308_807.3089	13C/12C*4, 2x charged,M+H+, 2x charged	None	807.3089053069698				[]
410.182624	2.6667163	kp308_807.3089	13C/12C*12, 2x charged,M+H+, 2x charged	None	807.3089053069698				[]
427.17366	2.810069	kp308_807.3089	13C/12C*4, 2x charged,ACN, 2x charged	None	807.3089053069698				[]
405.1740589	2.641826	kp309_809.3407	M0,M+H+, 2x charged	None	809.340697306522				[]
409.1848549	2.846054	kp309_809.3407	13C/12C*8, 2x charged,M+H+, 2x charged	None	809.340697306522				[]
427.1727602	2.9462738	kp309_809.3407	13C/12C*7, 2x charged,HCl, 2x charged	None	809.340697306522				[]
411.2006337	2.9257367	kp309_809.3407	13C/12C*12, 2x charged,M+H+, 2x charged	None	809.340697306522				[]
425.1581642	2.7965832	kp309_809.3407	13C/12C, 2x charged,K/H, 2x charged	None	809.340697306522				[]
427.1735955	3.0170615	kp310_816.8579	M0,M+H+, 2x charged	None	816.857900199845				[]
409.1835694	2.7770808	kp310_816.8579	M0,HCl, 2x charged	None	816.857900199845				[]
422.145323	3.3741934	kp311_843.2858	M0,M+H+, 2x charged	None	843.28579653323				[]
425.157815	3.377901	kp311_843.2858	13C/12C*6, 2x charged,M+H+, 2x charged	None	843.28579653323				[]
369.0816144	2.2492402	kp312_729.1252	13C/12C*8, 2x charged,M+H+, 2x charged	None	729.12515083323				[]
365.0642329	2.2371256	kp312_729.1252	M0,M+H+, 2x charged	None	729.12515083323				[]
411.1156845	2.295456	kp313_816.2127	13C/12C*5, 2x charged,M+H+, 2x charged	['C38H40O20', 'C45H36O15']	816.2126884398953	5,13-bis(3-hydroxyphenyl)-18-[3,5,7-trihydroxy-2-(3-hydroxyphenyl)-3,4-dihydro-2H-1-benzopyran-4-yl]-4,12,14-trioxapentacyclo[11.7.1.0²,¹¹.0³,⁸.0¹⁵,²⁰]henicosa-2(11),3(8),9,15(20),16,18-hexaene-6,9,17,19,21-pentol	{'C45H36O15': [{'DB_ID': 'HMDB0125922', 'name': '5,13-bis(3-hydroxyphenyl)-18-[3,5,7-trihydroxy-2-(3-hydroxyphenyl)-3,4-dihydro-2H-1-benzopyran-4-yl]-4,12,14-trioxapentacyclo[11.7.1.0²,¹¹.0³,⁸.0¹⁵,²⁰]henicosa-2(11),3(8),9,15(20),16,18-hexaene-6,9,17,19,21-pentol'}], 'C38H40O20': [{'DB_ID': 'HMDB0127489', 'name': '2-[(2-{[5,7-dihydroxy-2-(4-hydroxyphenyl)-4-oxo-4H-chromen-3-yl]oxy}-4,5-dihydroxy-6-(hydroxymethyl)oxan-3-yl)oxy]-4,5-dihydroxy-6-(hydroxymethyl)oxan-3-yl 3-(4-hydroxy-3,5-dimethoxyphenyl)prop-2-enoate'}]}	('C45H36O15_816.20542', '', 1), ('C38H40O20_816.211294', '', 1)	[]
411.1275172	2.222956	kp313_816.2127	13C/12C*5, 2x charged,M+H+, 2x charged	['C38H40O20', 'C45H36O15']	816.2126884398953	5,13-bis(3-hydroxyphenyl)-18-[3,5,7-trihydroxy-2-(3-hydroxyphenyl)-3,4-dihydro-2H-1-benzopyran-4-yl]-4,12,14-trioxapentacyclo[11.7.1.0²,¹¹.0³,⁸.0¹⁵,²⁰]henicosa-2(11),3(8),9,15(20),16,18-hexaene-6,9,17,19,21-pentol	{'C45H36O15': [{'DB_ID': 'HMDB0125922', 'name': '5,13-bis(3-hydroxyphenyl)-18-[3,5,7-trihydroxy-2-(3-hydroxyphenyl)-3,4-dihydro-2H-1-benzopyran-4-yl]-4,12,14-trioxapentacyclo[11.7.1.0²,¹¹.0³,⁸.0¹⁵,²⁰]henicosa-2(11),3(8),9,15(20),16,18-hexaene-6,9,17,19,21-pentol'}], 'C38H40O20': [{'DB_ID': 'HMDB0127489', 'name': '2-[(2-{[5,7-dihydroxy-2-(4-hydroxyphenyl)-4-oxo-4H-chromen-3-yl]oxy}-4,5-dihydroxy-6-(hydroxymethyl)oxan-3-yl)oxy]-4,5-dihydroxy-6-(hydroxymethyl)oxan-3-yl 3-(4-hydroxy-3,5-dimethoxyphenyl)prop-2-enoate'}]}	('C45H36O15_816.20542', '', 1), ('C38H40O20_816.211294', '', 1)	[]
413.1199466	2.3095944	kp313_816.2127	13C/12C*9, 2x charged,M+H+, 2x charged	['C38H40O20', 'C45H36O15']	816.2126884398953	5,13-bis(3-hydroxyphenyl)-18-[3,5,7-trihydroxy-2-(3-hydroxyphenyl)-3,4-dihydro-2H-1-benzopyran-4-yl]-4,12,14-trioxapentacyclo[11.7.1.0²,¹¹.0³,⁸.0¹⁵,²⁰]henicosa-2(11),3(8),9,15(20),16,18-hexaene-6,9,17,19,21-pentol	{'C45H36O15': [{'DB_ID': 'HMDB0125922', 'name': '5,13-bis(3-hydroxyphenyl)-18-[3,5,7-trihydroxy-2-(3-hydroxyphenyl)-3,4-dihydro-2H-1-benzopyran-4-yl]-4,12,14-trioxapentacyclo[11.7.1.0²,¹¹.0³,⁸.0¹⁵,²⁰]henicosa-2(11),3(8),9,15(20),16,18-hexaene-6,9,17,19,21-pentol'}], 'C38H40O20': [{'DB_ID': 'HMDB0127489', 'name': '2-[(2-{[5,7-dihydroxy-2-(4-hydroxyphenyl)-4-oxo-4H-chromen-3-yl]oxy}-4,5-dihydroxy-6-(hydroxymethyl)oxan-3-yl)oxy]-4,5-dihydroxy-6-(hydroxymethyl)oxan-3-yl 3-(4-hydroxy-3,5-dimethoxyphenyl)prop-2-enoate'}]}	('C45H36O15_816.20542', '', 1), ('C38H40O20_816.211294', '', 1)	[]
409.1111375	2.4845417	kp313_816.2127	13C/12C, 2x charged,M+H+, 2x charged	['C38H40O20', 'C45H36O15']	816.2126884398953	5,13-bis(3-hydroxyphenyl)-18-[3,5,7-trihydroxy-2-(3-hydroxyphenyl)-3,4-dihydro-2H-1-benzopyran-4-yl]-4,12,14-trioxapentacyclo[11.7.1.0²,¹¹.0³,⁸.0¹⁵,²⁰]henicosa-2(11),3(8),9,15(20),16,18-hexaene-6,9,17,19,21-pentol	{'C45H36O15': [{'DB_ID': 'HMDB0125922', 'name': '5,13-bis(3-hydroxyphenyl)-18-[3,5,7-trihydroxy-2-(3-hydroxyphenyl)-3,4-dihydro-2H-1-benzopyran-4-yl]-4,12,14-trioxapentacyclo[11.7.1.0²,¹¹.0³,⁸.0¹⁵,²⁰]henicosa-2(11),3(8),9,15(20),16,18-hexaene-6,9,17,19,21-pentol'}], 'C38H40O20': [{'DB_ID': 'HMDB0127489', 'name': '2-[(2-{[5,7-dihydroxy-2-(4-hydroxyphenyl)-4-oxo-4H-chromen-3-yl]oxy}-4,5-dihydroxy-6-(hydroxymethyl)oxan-3-yl)oxy]-4,5-dihydroxy-6-(hydroxymethyl)oxan-3-yl 3-(4-hydroxy-3,5-dimethoxyphenyl)prop-2-enoate'}]}	('C45H36O15_816.20542', '', 1), ('C38H40O20_816.211294', '', 1)	[]
427.1011647	2.2189484	kp313_816.2127	M0,HCl, 2x charged	['C38H40O20', 'C45H36O15']	816.2126884398953	5,13-bis(3-hydroxyphenyl)-18-[3,5,7-trihydroxy-2-(3-hydroxyphenyl)-3,4-dihydro-2H-1-benzopyran-4-yl]-4,12,14-trioxapentacyclo[11.7.1.0²,¹¹.0³,⁸.0¹⁵,²⁰]henicosa-2(11),3(8),9,15(20),16,18-hexaene-6,9,17,19,21-pentol	{'C45H36O15': [{'DB_ID': 'HMDB0125922', 'name': '5,13-bis(3-hydroxyphenyl)-18-[3,5,7-trihydroxy-2-(3-hydroxyphenyl)-3,4-dihydro-2H-1-benzopyran-4-yl]-4,12,14-trioxapentacyclo[11.7.1.0²,¹¹.0³,⁸.0¹⁵,²⁰]henicosa-2(11),3(8),9,15(20),16,18-hexaene-6,9,17,19,21-pentol'}], 'C38H40O20': [{'DB_ID': 'HMDB0127489', 'name': '2-[(2-{[5,7-dihydroxy-2-(4-hydroxyphenyl)-4-oxo-4H-chromen-3-yl]oxy}-4,5-dihydroxy-6-(hydroxymethyl)oxan-3-yl)oxy]-4,5-dihydroxy-6-(hydroxymethyl)oxan-3-yl 3-(4-hydroxy-3,5-dimethoxyphenyl)prop-2-enoate'}]}	('C45H36O15_816.20542', '', 1), ('C38H40O20_816.211294', '', 1)	[]
372.1298928	2.1744888	kp314_737.2311	13C/12C*6, 2x charged,M+H+, 2x charged	None	737.23106113323				[]
369.1185098	2.3055637	kp314_737.2311	M0,M+H+, 2x charged	None	737.23106113323				[]
397.1275026	2.6591978	kp315_781.2003	13C/12C*12, 2x charged,M+H+, 2x charged	None	781.20033103323				[]
391.1002349	2.4886374	kp315_781.2003	M0,M+H+, 2x charged	None	781.20033103323				[]
391.1004454	2.3075764	kp316_781.1993	M0,M+H+, 2x charged	None	781.19933533323				[]
397.1262964	2.4621735	kp316_781.1993	13C/12C*12, 2x charged,M+H+, 2x charged	None	781.19933533323				[]
375.1653256	2.3075826	kp317_749.3245	M0,M+H+, 2x charged	None	749.3244995332301				[]
378.1765154	2.0121102	kp317_749.3245	13C/12C*6, 2x charged,M+H+, 2x charged	None	749.3244995332301				[]
556.2400532	2.1744888	kp318_1110.4565	13C/12C, 2x charged,M+H+, 2x charged	None	1110.45646242205				[]
572.2356278	2.459607	kp318_1110.4565	13C/12C*10, 2x charged,Na/H, 2x charged	None	1110.45646242205				[]
567.2276563	2.365384	kp318_1110.4565	M0,Na/H, 2x charged	None	1110.45646242205				[]
429.2105847	2.4784312	kp319_853.3922	13C/12C*4, 2x charged,M+H+, 2x charged	None	853.3922137332299				[]
427.1956155	2.3766785	kp319_853.3922	M0,M+H+, 2x charged	None	853.3922137332299				[]
369.1184881	2.6979218	kp320_737.237	M0,M+H+, 2x charged	None	737.23702213323				[]
375.1459405	2.6717472	kp320_737.237	13C/12C*12, 2x charged,M+H+, 2x charged	None	737.23702213323				[]
455.1539655	2.162424	kp321_870.3458	M0,K/H, 2x charged	None	870.345758599845				[]
436.1823263	2.3952248	kp321_870.3458	13C/12C, 2x charged,M+H+, 2x charged	None	870.345758599845				[]
359.1694644	2.6586788	kp322_717.3338	M0,M+H+, 2x charged	None	717.33384833323				[]
362.1817254	2.6500685	kp322_717.3338	13C/12C*6, 2x charged,M+H+, 2x charged	None	717.33384833323				[]
362.18193	2.7163892	kp323_717.3348	13C/12C*6, 2x charged,M+H+, 2x charged	None	717.33478153323				[]
359.170193	2.4621594	kp323_717.3348	M0,M+H+, 2x charged	None	717.33478153323				[]
431.1111963	2.6625726	kp324_849.1689	13C/12C*12, 2x charged,M+H+, 2x charged	None	849.16894763323				[]
425.0851578	2.4845417	kp324_849.1689	M0,M+H+, 2x charged	None	849.16894763323				[]
559.1913194	2.6542618	kp325_1112.3645	13C/12C*5, 2x charged,M+H+, 2x charged	None	1112.3645411553832				[]
575.1755707	2.4947722	kp325_1112.3645	M0,HCl, 2x charged	None	1112.3645411553832				[]
577.1899103	2.6040876	kp325_1112.3645	13C/12C*4, 2x charged,HCl, 2x charged	None	1112.3645411553832				[]
462.1977045	2.4968975	kp326_923.3974	M0,M+H+, 2x charged	None	923.39735423323				[]
464.2136362	2.5300438	kp326_923.3974	13C/12C*4, 2x charged,M+H+, 2x charged	None	923.39735423323				[]
485.1428293	2.5860243	kp327_932.3015	M0,HCl, 2x charged	None	932.3014521109734				[]
469.1689688	2.5880861	kp327_932.3015	13C/12C*5, 2x charged,M+H+, 2x charged	None	932.3014521109734				[]
467.153348	2.498923	kp327_932.3015	13C/12C, 2x charged,M+H+, 2x charged	None	932.3014521109734				[]
595.2012303	2.5258799	kp328_1150.4229	M0,K/H, 2x charged	None	1150.4228895553833				[]
601.2114748	2.4641998	kp328_1150.4229	13C/12C*12, 2x charged,K/H, 2x charged	None	1150.4228895553833				[]
579.2275749	2.5279787	kp328_1150.4229	13C/12C*7, 2x charged,M+H+, 2x charged	None	1150.4228895553833				[]
404.2285726	2.5675743	kp329_799.4316	13C/12C*8, 2x charged,M+H+, 2x charged	None	799.4315750665634				[]
400.218907	2.6879158	kp329_799.4316	M0,M+H+, 2x charged	None	799.4315750665634				[]
406.2443477	2.7042363	kp329_799.4316	13C/12C*12, 2x charged,M+H+, 2x charged	None	799.4315750665634				[]
464.1777601	2.643894	kp330_890.3566	M0,HCl, 2x charged	None	890.3566052443067				[]
447.1844792	2.6521785	kp330_890.3566	13C/12C*3, 2x charged,M+H+, 2x charged	None	890.3566052443067				[]
446.1822815	2.8942573	kp330_890.3566	13C/12C, 2x charged,M+H+, 2x charged	None	890.3566052443067				[]
611.1630691	2.9543514	kp331_1213.2821	13C/12C*8, 2x charged,M+H+, 2x charged	None	1213.2821388665634				[]
607.1442002	2.9027574	kp331_1213.2821	M0,M+H+, 2x charged	None	1213.2821388665634				[]
609.1469837	2.95436	kp331_1213.2821	13C/12C*4, 2x charged,M+H+, 2x charged	None	1213.2821388665634				[]
695.1151557	2.9523222	kp332_1389.2175	M0,M+H+, 2x charged	None	1389.2175182332298				[]
701.129769	2.9543648	kp332_1389.2175	13C/12C*12, 2x charged,M+H+, 2x charged	None	1389.2175182332298				[]
633.1236336	3.1960738	kp333_1256.2181	13C/12C*9, 2x charged,M+H+, 2x charged	None	1256.21813242205				[]
647.1018721	2.9563892	kp333_1256.2181	M0,HCl, 2x charged	None	1256.21813242205				[]
649.1183916	2.9543514	kp333_1256.2181	13C/12C*4, 2x charged,HCl, 2x charged	None	1256.21813242205				[]
631.1290679	2.9584315	kp334_1261.2599	M0,M+H+, 2x charged	None	1261.25992833323				[]
633.1448469	2.9543514	kp334_1261.2599	13C/12C*4, 2x charged,M+H+, 2x charged	None	1261.25992833323				[]
723.1116483	2.960451	kp335_1433.1805	13C/12C*12, 2x charged,M+H+, 2x charged	None	1433.18050043323				[]
717.0962586	2.9543514	kp335_1433.1805	M0,M+H+, 2x charged	None	1433.18050043323				[]
643.1511009	2.9604628	kp336_1285.2907	M0,M+H+, 2x charged	None	1285.29066363323				[]
647.1602592	3.2475615	kp336_1285.2907	13C/12C*8, 2x charged,M+H+, 2x charged	None	1285.29066363323				[]
517.1676962	2.8455608	kp337_1027.2991	13C/12C*6, 2x charged,M+H+, 2x charged	None	1027.29907183323				[]
514.1487171	2.979265	kp337_1027.2991	M0,M+H+, 2x charged	None	1027.29907183323				[]
538.2298217	3.0171454	kp338_1075.4608	M0,M+H+, 2x charged	None	1075.4608049332298				[]
540.2449697	3.047923	kp338_1075.4608	13C/12C*4, 2x charged,M+H+, 2x charged	None	1075.4608049332298				[]
543.1847847	3.0205593	kp339_1080.3392	13C/12C*5, 2x charged,M+H+, 2x charged	None	1080.3392268887167				[]
561.1739973	3.0450075	kp339_1080.3392	13C/12C*4, 2x charged,HCl, 2x charged	None	1080.3392268887167				[]
559.160047	3.0244362	kp339_1080.3392	M0,HCl, 2x charged	None	1080.3392268887167				[]
545.2003584	3.047167	kp340_1089.4013	M0,M+H+, 2x charged	None	1089.4013380332299				[]
547.2149661	2.861265	kp340_1089.4013	13C/12C*4, 2x charged,M+H+, 2x charged	None	1089.4013380332299				[]
390.1767155	3.034028	kp341_779.3486	M0,M+H+, 2x charged	None	779.3486381109733				[]
393.189426	3.2873628	kp341_779.3486	13C/12C*6, 2x charged,M+H+, 2x charged	None	779.3486381109733				[]
411.1781711	3.5065517	kp341_779.3486	13C/12C*5, 2x charged,HCl, 2x charged	None	779.3486381109733				[]
409.1629271	3.2860043	kp342_809.3015	13C/12C*8, 2x charged,M+H+, 2x charged	None	809.3015170443067				[]
405.155407	3.0721185	kp342_809.3015	M0,M+H+, 2x charged	None	809.3015170443067				[]
427.1482429	3.3062594	kp342_809.3015	13C/12C*5, 2x charged,K/H, 2x charged	None	809.3015170443067				[]
554.3113234	3.3965418	kp343_1103.6001	13C/12C*4, 2x charged,M+H+, 2x charged	None	1103.60013203323				[]
552.3027951	3.106549	kp343_1103.6001	M0,M+H+, 2x charged	None	1103.60013203323				[]
554.2349729	4.857619	kp344_1097.4354	13C/12C*10, 2x charged,M+H+, 2x charged	None	1097.4353820776255				[]
549.2166769	4.7814236	kp344_1097.4354	M0,M+H+, 2x charged	None	1097.4353820776255				[]
551.231757	4.716276	kp344_1097.4354	13C/12C*4, 2x charged,M+H+, 2x charged	None	1097.4353820776255				[]
572.2458154	4.404232	kp344_1097.4354	13C/12C*4, 2x charged,ACN, 2x charged	None	1097.4353820776255				[]
571.24503	4.404232	kp344_1097.4354	13C/12C*2, 2x charged,ACN, 2x charged	None	1097.4353820776255				[]
553.2345189	4.8576255	kp344_1097.4354	13C/12C*8, 2x charged,M+H+, 2x charged	None	1097.4353820776255				[]
602.2650904	3.7328074	kp345_1203.5284	M0,M+H+, 2x charged	None	1203.5284317332298				[]
608.2907478	3.6707966	kp345_1203.5284	13C/12C*12, 2x charged,M+H+, 2x charged	None	1203.5284317332298				[]
568.2592105	4.859663	kp346_1135.5111	M0,M+H+, 2x charged	None	1135.51114453323				[]
586.2409751	3.7814152	kp347_1132.476	13C/12C*2, 2x charged,HCl, 2x charged	None	1132.4759513831525				[]
585.2364528	3.7814152	kp347_1132.476	M0,HCl, 2x charged	None	1132.4759513831525				[]
587.2399766	3.7814152	kp347_1132.476	13C/12C*4, 2x charged,HCl, 2x charged	None	1132.4759513831525				[]
569.2434684	3.5412242	kp347_1132.476	13C/12C*5, 2x charged,M+H+, 2x charged	None	1132.4759513831525				[]
607.1988425	4.8555713	kp348_1213.3904	M0,M+H+, 2x charged	None	1213.39040853323				[]
591.2250755	4.857619	kp349_1181.4356	M0,M+H+, 2x charged	['C48H78N7O19P3S']	1181.43564973323	(24E)-3alpha,7alpha-dihydroxy-5beta-cholest-24-en-26-oyl-CoA	{'C48H78N7O19P3S': [{'DB_ID': 'HMDB0006895', 'name': '3a,7a-Dihydroxy-5b-cholest-24-enoyl-CoA'}]}	('C48H78N7O19P3S_1181.428605', '', 1), ('C48H78N7O19P3S_1181.428604', '', 1)	[]
593.2245607	4.855602	kp349_1181.4356	13C/12C*4, 2x charged,M+H+, 2x charged	['C48H78N7O19P3S']	1181.43564973323	(24E)-3alpha,7alpha-dihydroxy-5beta-cholest-24-en-26-oyl-CoA	{'C48H78N7O19P3S': [{'DB_ID': 'HMDB0006895', 'name': '3a,7a-Dihydroxy-5b-cholest-24-enoyl-CoA'}]}	('C48H78N7O19P3S_1181.428605', '', 1), ('C48H78N7O19P3S_1181.428604', '', 1)	[]
572.2778208	5.327851	kp350_1135.5208	13C/12C*8, 2x charged,M+H+, 2x charged	None	1135.5207768665632				[]
570.274968	5.325838	kp350_1135.5208	13C/12C*4, 2x charged,M+H+, 2x charged	None	1135.5207768665632				[]
568.2594212	4.985456	kp350_1135.5208	M0,M+H+, 2x charged	None	1135.5207768665632				[]
569.2430408	4.404232	kp351_1133.4567	13C/12C*4, 2x charged,M+H+, 2x charged	['C45H82N7O18P3S']	1133.45673323323	3-Hydroxytetracosanoyl-CoA	{'C45H82N7O18P3S': [{'DB_ID': 'HMDB0060240', 'name': '3-Hydroxytetracosanoyl-CoA'}]}	('C45H82N7O18P3S_1133.464989', '', 1)	[]
567.2276789	4.496076	kp351_1133.4567	M0,M+H+, 2x charged	['C45H82N7O18P3S']	1133.45673323323	3-Hydroxytetracosanoyl-CoA	{'C45H82N7O18P3S': [{'DB_ID': 'HMDB0060240', 'name': '3-Hydroxytetracosanoyl-CoA'}]}	('C45H82N7O18P3S_1133.464989', '', 1)	[]
553.2480103	4.7615085	kp352_1101.4659	13C/12C*4, 2x charged,M+H+, 2x charged	None	1101.46594323323				[]
551.2319194	4.8596783	kp352_1101.4659	M0,M+H+, 2x charged	None	1101.46594323323				[]
586.2709011	4.074822	kp353_1167.5112	13C/12C*4, 2x charged,M+H+, 2x charged	None	1167.5111595332298				[]
584.2542449	3.7814152	kp353_1167.5112	M0,M+H+, 2x charged	None	1167.5111595332298				[]
549.2163012	3.7834175	kp354_1097.4341	M0,M+H+, 2x charged	None	1097.43412783323				[]
551.2318131	4.04751	kp354_1097.4341	13C/12C*4, 2x charged,M+H+, 2x charged	None	1097.43412783323				[]
607.1980724	4.40834	kp355_1213.3782	M0,M+H+, 2x charged	None	1213.37824903323				[]
613.2075831	4.3920517	kp355_1213.3782	13C/12C*12, 2x charged,M+H+, 2x charged	None	1213.37824903323				[]
387.1538572	3.243986	kp356_766.2682	13C/12C*7, 2x charged,M+H+, 2x charged	None	766.268228866522				[]
406.126999	3.123132	kp356_766.2682	13C/12C*6, 2x charged,K/H, 2x charged	None	766.268228866522				[]
384.1448806	3.1378415	kp356_766.2682	13C/12C, 2x charged,M+H+, 2x charged	None	766.268228866522				[]
395.1319298	3.032285	kp356_766.2682	M0,Na/H, 2x charged	None	766.268228866522				[]
387.1425417	2.8985035	kp356_766.2682	13C/12C*7, 2x charged,M+H+, 2x charged	None	766.268228866522				[]
379.0797597	3.1474216	kp357_757.1459	M0,M+H+, 2x charged	None	757.14589643323				[]
381.0801232	2.9694142	kp357_757.1459	13C/12C*4, 2x charged,M+H+, 2x charged	None	757.14589643323				[]
528.1855805	3.1960738	kp358_1010.3816	13C/12C*6, 2x charged,K/H, 2x charged	None	1010.3816022007359				[]
506.2033752	3.1960738	kp358_1010.3816	13C/12C, 2x charged,M+H+, 2x charged	None	1010.3816022007359				[]
509.2010505	3.44538	kp358_1010.3816	13C/12C*7, 2x charged,M+H+, 2x charged	None	1010.3816022007359				[]
525.1743946	3.4472072	kp358_1010.3816	M0,K/H, 2x charged	None	1010.3816022007359				[]
498.174272	3.1512477	kp359_995.3423	M0,M+H+, 2x charged	None	995.34225983323				[]
503.1920393	3.3617373	kp359_995.3423	13C/12C*10, 2x charged,M+H+, 2x charged	None	995.34225983323				[]
685.136714	3.1981232	kp360_1357.2295	13C/12C*12, 2x charged,M+H+, 2x charged	None	1357.22952943323				[]
679.1202219	3.1960738	kp360_1357.2295	M0,M+H+, 2x charged	None	1357.22952943323				[]
707.1183553	3.2001972	kp361_1401.1952	13C/12C*12, 2x charged,M+H+, 2x charged	None	1401.19517973323				[]
701.1042309	3.1981232	kp361_1401.1952	M0,M+H+, 2x charged	None	1401.19517973323				[]
625.1788883	3.2475615	kp362_1249.3421	M0,M+H+, 2x charged	None	1249.3421457332302				[]
626.1738889	2.9584315	kp362_1249.3421	13C/12C*2, 2x charged,M+H+, 2x charged	None	1249.3421457332302				[]
589.1813607	3.1319087	kp363_1173.3431	13C/12C*4, 2x charged,M+H+, 2x charged	None	1173.34309793323				[]
587.1757237	3.2884777	kp363_1173.3431	M0,M+H+, 2x charged	None	1173.34309793323				[]
371.2085042	3.3986866	kp364_741.417	M0,M+H+, 2x charged	None	741.4169770332301				[]
373.2224593	3.4867344	kp364_741.417	13C/12C*4, 2x charged,M+H+, 2x charged	None	741.4169770332301				[]
567.2069393	3.184983	kp365_1131.3979	13C/12C*2, 2x charged,M+H+, 2x charged	None	1131.3978516332302				[]
566.2015438	3.3516037	kp365_1131.3979	M0,M+H+, 2x charged	None	1131.3978516332302				[]
371.1485553	3.3824315	kp366_741.284	M0,M+H+, 2x charged	None	741.28397003323				[]
375.1561112	3.3501346	kp366_741.284	13C/12C*8, 2x charged,M+H+, 2x charged	None	741.28397003323				[]
531.2059894	3.7307618	kp367_1022.4367	M0,K/H, 2x charged	None	1022.4367256664959				[]
533.2216452	3.4645135	kp367_1022.4367	13C/12C*6, 2x charged,HCl, 2x charged	None	1022.4367256664959				[]
519.2430717	3.531327	kp368_1036.9838	M0,M+H+, 2x charged	None	1036.9837628007936				[]
538.2295468	3.359599	kp368_1036.9838	M0,K/H, 2x charged	None	1036.9837628007936				[]
526.2579481	3.5573597	kp369_1048.493	13C/12C*3, 2x charged,M+H+, 2x charged	None	1048.4930459665375				[]
525.2474955	3.9795237	kp369_1048.493	13C/12C, 2x charged,M+H+, 2x charged	None	1048.4930459665375				[]
543.2398771	4.151276	kp369_1048.493	M0,HCl, 2x charged	None	1048.4930459665375				[]
527.2624099	3.7571714	kp369_1048.493	13C/12C*5, 2x charged,M+H+, 2x charged	None	1048.4930459665375				[]
541.2211439	4.0574956	kp370_1080.9361	M0,M+H+, 2x charged	None	1080.9360587008898				[]
559.2141795	4.1487794	kp370_1080.9361	M0,HCl, 2x charged	None	1080.9360587008898				[]
543.2369647	3.7571714	kp371_1081.4446	13C/12C*4, 2x charged,M+H+, 2x charged	None	1081.44457333323				[]
541.2215951	3.9836133	kp371_1081.4446	M0,M+H+, 2x charged	None	1081.44457333323				[]
510.2837347	3.5591338	kp372_1019.5504	M0,M+H+, 2x charged	None	1019.5504214332666				[]
514.2873832	3.5591338	kp372_1019.5504	13C/12C*8, 2x charged,M+H+, 2x charged	None	1019.5504214332666				[]
596.2732599	3.6296883	kp373_1191.5293	M0,M+H+, 2x charged	None	1191.5292605332302				[]
601.2800521	3.787522	kp373_1191.5293	13C/12C*10, 2x charged,M+H+, 2x charged	None	1191.5292605332302				[]
636.2606196	3.7033958	kp374_1234.5374	M0,HCl, 2x charged	None	1234.5373539553834				[]
618.2779395	3.6043034	kp374_1234.5374	13C/12C, 2x charged,M+H+, 2x charged	None	1234.5373539553834				[]
640.2636965	3.4725387	kp374_1234.5374	13C/12C*6, 2x charged,K/H, 2x charged	None	1234.5373539553834				[]
485.2542235	4.061665	kp375_968.5048	13C/12C, 2x charged,M+H+, 2x charged	['C49H76O19']	968.5048204443067	Goyasaponin III	{'C49H76O19': [{'DB_ID': 'HMDB0038342', 'name': 'Goyasaponin III'}]}	('C49H76O19_968.49808', '', 1)	[]
503.2466708	4.1508465	kp375_968.5048	M0,HCl, 2x charged	['C49H76O19']	968.5048204443067	Goyasaponin III	{'C49H76O19': [{'DB_ID': 'HMDB0038342', 'name': 'Goyasaponin III'}]}	('C49H76O19_968.49808', '', 1)	[]
487.2693043	4.176274	kp375_968.5048	13C/12C*5, 2x charged,M+H+, 2x charged	['C49H76O19']	968.5048204443067	Goyasaponin III	{'C49H76O19': [{'DB_ID': 'HMDB0038342', 'name': 'Goyasaponin III'}]}	('C49H76O19_968.49808', '', 1)	[]
489.2841459	3.8537195	kp376_967.5366	13C/12C*10, 2x charged,M+H+, 2x charged	['C45H83N3O15P2']	967.53660473323	CDP-DG(a-13:0/i-20:0)	{'C45H83N3O15P2': [{'DB_ID': 'HMDB0116076', 'name': 'CDP-DG(a-13:0/i-20:0)'}, {'DB_ID': 'HMDB0116092', 'name': 'CDP-DG(a-15:0/i-18:0)'}, {'DB_ID': 'HMDB0116121', 'name': 'CDP-DG(a-21:0/i-12:0)'}, {'DB_ID': 'HMDB0116155', 'name': 'CDP-DG(i-12:0/a-21:0)'}, {'DB_ID': 'HMDB0116166', 'name': 'CDP-DG(i-12:0/i-21:0)'}, {'DB_ID': 'HMDB0116183', 'name': 'CDP-DG(i-13:0/i-20:0)'}, {'DB_ID': 'HMDB0116200', 'name': 'CDP-DG(i-14:0/i-19:0)'}, {'DB_ID': 'HMDB0116217', 'name': 'CDP-DG(i-15:0/i-18:0)'}, {'DB_ID': 'HMDB0116226', 'name': 'CDP-DG(i-16:0/a-17:0)'}, {'DB_ID': 'HMDB0116234', 'name': 'CDP-DG(i-16:0/i-17:0)'}, {'DB_ID': 'HMDB0116251', 'name': 'CDP-DG(i-17:0/i-16:0)'}, {'DB_ID': 'HMDB0116261', 'name': 'CDP-DG(i-18:0/a-15:0)'}, {'DB_ID': 'HMDB0116268', 'name': 'CDP-DG(i-18:0/i-15:0)'}, {'DB_ID': 'HMDB0116285', 'name': 'CDP-DG(i-19:0/i-14:0)'}, {'DB_ID': 'HMDB0116296', 'name': 'CDP-DG(i-20:0/a-13:0)'}, {'DB_ID': 'HMDB0116302', 'name': 'CDP-DG(i-20:0/i-13:0)'}, {'DB_ID': 'HMDB0116318', 'name': 'CDP-DG(i-21:0/i-12:0)'}, {'DB_ID': 'HMDB0116366', 'name': 'CDP-DG(a-17:0/i-16:0)'}]}	('C45H83N3O15P2_967.529943', '', 1)	[]
484.2765103	3.7389202	kp376_967.5366	M0,M+H+, 2x charged	['C45H83N3O15P2']	967.53660473323	CDP-DG(a-13:0/i-20:0)	{'C45H83N3O15P2': [{'DB_ID': 'HMDB0116076', 'name': 'CDP-DG(a-13:0/i-20:0)'}, {'DB_ID': 'HMDB0116092', 'name': 'CDP-DG(a-15:0/i-18:0)'}, {'DB_ID': 'HMDB0116121', 'name': 'CDP-DG(a-21:0/i-12:0)'}, {'DB_ID': 'HMDB0116155', 'name': 'CDP-DG(i-12:0/a-21:0)'}, {'DB_ID': 'HMDB0116166', 'name': 'CDP-DG(i-12:0/i-21:0)'}, {'DB_ID': 'HMDB0116183', 'name': 'CDP-DG(i-13:0/i-20:0)'}, {'DB_ID': 'HMDB0116200', 'name': 'CDP-DG(i-14:0/i-19:0)'}, {'DB_ID': 'HMDB0116217', 'name': 'CDP-DG(i-15:0/i-18:0)'}, {'DB_ID': 'HMDB0116226', 'name': 'CDP-DG(i-16:0/a-17:0)'}, {'DB_ID': 'HMDB0116234', 'name': 'CDP-DG(i-16:0/i-17:0)'}, {'DB_ID': 'HMDB0116251', 'name': 'CDP-DG(i-17:0/i-16:0)'}, {'DB_ID': 'HMDB0116261', 'name': 'CDP-DG(i-18:0/a-15:0)'}, {'DB_ID': 'HMDB0116268', 'name': 'CDP-DG(i-18:0/i-15:0)'}, {'DB_ID': 'HMDB0116285', 'name': 'CDP-DG(i-19:0/i-14:0)'}, {'DB_ID': 'HMDB0116296', 'name': 'CDP-DG(i-20:0/a-13:0)'}, {'DB_ID': 'HMDB0116302', 'name': 'CDP-DG(i-20:0/i-13:0)'}, {'DB_ID': 'HMDB0116318', 'name': 'CDP-DG(i-21:0/i-12:0)'}, {'DB_ID': 'HMDB0116366', 'name': 'CDP-DG(a-17:0/i-16:0)'}]}	('C45H83N3O15P2_967.529943', '', 1)	[]
523.2882102	3.743064	kp377_1045.579	M0,M+H+, 2x charged	None	1045.57896483323				[]
525.3047411	3.6331215	kp377_1045.579	13C/12C*4, 2x charged,M+H+, 2x charged	None	1045.57896483323				[]
462.2352357	3.9683542	kp378_917.4365	13C/12C*6, 2x charged,M+H+, 2x charged	None	917.4365090443066				[]
481.2071227	3.830895	kp378_917.4365	13C/12C*5, 2x charged,K/H, 2x charged	None	917.4365090443066				[]
459.2233516	3.8118622	kp378_917.4365	M0,M+H+, 2x charged	None	917.4365090443066				[]
619.34972	3.8222513	kp379_1210.6867	13C/12C*4, 2x charged,Na/H, 2x charged	None	1210.6866911553834				[]
617.338705	3.8489845	kp379_1210.6867	M0,Na/H, 2x charged	None	1210.6866911553834				[]
606.3501904	3.9076958	kp379_1210.6867	13C/12C, 2x charged,M+H+, 2x charged	None	1210.6866911553834				[]
650.2991482	4.0088477	kp380_1287.5475	13C/12C*12, 2x charged,M+H+, 2x charged	None	1287.54747003323				[]
644.2757283	3.983576	kp380_1287.5475	M0,M+H+, 2x charged	None	1287.54747003323				[]
655.3113538	4.281297	kp381_1309.6126	M0,M+H+, 2x charged	None	1309.61258963323				[]
659.3219323	4.2989635	kp381_1309.6126	13C/12C*8, 2x charged,M+H+, 2x charged	None	1309.61258963323				[]
683.3271959	4.1062675	kp382_1365.643	M0,M+H+, 2x charged	None	1365.64301873323				[]
687.3365193	4.381413	kp382_1365.643	13C/12C*8, 2x charged,M+H+, 2x charged	None	1365.64301873323				[]
580.2767269	4.1403008	kp383_1159.5482	M0,M+H+, 2x charged	None	1159.54815083323				[]
581.2820554	4.1398396	kp383_1159.5482	13C/12C*2, 2x charged,M+H+, 2x charged	None	1159.54815083323				[]
525.22571	4.5246863	kp384_1008.4394	13C/12C*4, 2x charged,HCl, 2x charged	None	1008.4393630331526				[]
523.2102334	4.3503404	kp384_1008.4394	M0,HCl, 2x charged	None	1008.4393630331526				[]
507.2363834	4.3503404	kp384_1008.4394	13C/12C*5, 2x charged,M+H+, 2x charged	None	1008.4393630331526				[]
527.2419714	4.493976	kp384_1008.4394	13C/12C*3, 2x charged,ACN, 2x charged	None	1008.4393630331526				[]
509.2507869	4.5221863	kp385_1012.4724	13C/12C*5, 2x charged,M+H+, 2x charged	None	1012.4724115553834				[]
527.24185	4.5810666	kp385_1012.4724	13C/12C*4, 2x charged,HCl, 2x charged	None	1012.4724115553834				[]
525.2259691	4.7203307	kp385_1012.4724	M0,HCl, 2x charged	None	1012.4724115553834				[]
511.267366	4.5785146	kp386_1017.5072	13C/12C*4, 2x charged,M+H+, 2x charged	None	1017.5072284332299				[]
509.2538489	4.718307	kp386_1017.5072	M0,M+H+, 2x charged	None	1017.5072284332299				[]
525.2264852	5.005854	kp387_1012.4707	M0,HCl, 2x charged	None	1012.47068136646				[]
527.2421591	4.928706	kp387_1012.4707	13C/12C*4, 2x charged,HCl, 2x charged	None	1012.47068136646				[]
525.2259814	4.178313	kp388_1012.4702	M0,HCl, 2x charged	None	1012.4702166896118				[]
509.2511596	4.4493475	kp388_1012.4702	13C/12C*5, 2x charged,M+H+, 2x charged	None	1012.4702166896118				[]
527.2381727	4.406767	kp388_1012.4702	13C/12C*4, 2x charged,HCl, 2x charged	None	1012.4702166896118				[]
511.2654712	4.4144683	kp389_1017.5036	13C/12C*4, 2x charged,M+H+, 2x charged	None	1017.50362913323				[]
509.2521444	4.1742	kp389_1017.5036	M0,M+H+, 2x charged	None	1017.50362913323				[]
511.2676346	4.493976	kp390_1021.5371	M0,M+H+, 2x charged	None	1021.537064234145				[]
513.2834161	4.345916	kp390_1021.5371	13C/12C*4, 2x charged,M+H+, 2x charged	None	1021.537064234145				[]
469.2595122	4.176274	kp391_933.4894	13C/12C*4, 2x charged,M+H+, 2x charged	None	933.4893589332299				[]
467.2438332	4.352474	kp391_933.4894	M0,M+H+, 2x charged	None	933.4893589332299				[]
509.2307055	5.4413695	kp392_974.4425	13C/12C*6, 2x charged,HCl, 2x charged	None	974.442537293168				[]
488.2279108	5.2581744	kp392_974.4425	13C/12C, 2x charged,M+H+, 2x charged	None	974.442537293168				[]
491.2409216	5.3506947	kp392_974.4425	13C/12C*7, 2x charged,M+H+, 2x charged	None	974.442537293168				[]
499.2154578	5.3339114	kp392_974.4425	M0,Na/H, 2x charged	None	974.442537293168				[]
507.2149934	5.216577	kp392_974.4425	13C/12C*2, 2x charged,HCl, 2x charged	None	974.442537293168				[]
503.3006335	5.376795	kp393_1005.5911	M0,M+H+, 2x charged	None	1005.5910888398654				[]
506.3183481	5.184754	kp393_1005.5911	13C/12C*6, 2x charged,M+H+, 2x charged	None	1005.5910888398654				[]
504.2961195	5.216577	kp393_1005.5911	13C/12C*2, 2x charged,M+H+, 2x charged	None	1005.5910888398654				[]
522.2893487	5.321764	kp393_1005.5911	13C/12C, 2x charged,HCl, 2x charged	None	1005.5910888398654				[]
505.3052592	5.38101	kp393_1005.5911	13C/12C*4, 2x charged,M+H+, 2x charged	None	1005.5910888398654				[]
471.2744437	5.4347095	kp394_937.5223	13C/12C*4, 2x charged,M+H+, 2x charged	None	937.5222776665634				[]
472.2767335	5.9616895	kp394_937.5223	13C/12C*6, 2x charged,M+H+, 2x charged	None	937.5222776665634				[]
469.259929	5.445406	kp394_937.5223	M0,M+H+, 2x charged	None	937.5222776665634				[]
471.2729814	5.7745624	kp395_937.5182	13C/12C*4, 2x charged,M+H+, 2x charged	None	937.51824823323				[]
469.2592533	5.7054667	kp395_937.5182	M0,M+H+, 2x charged	None	937.51824823323				[]
672.283447	4.000105	kp396_1341.5582	13C/12C*2, 2x charged,M+H+, 2x charged	None	1341.55815343323				[]
671.2853379	4.27925	kp396_1341.5582	M0,M+H+, 2x charged	None	1341.55815343323				[]
628.2813415	4.2937965	kp397_1255.5612	M0,M+H+, 2x charged	None	1255.5611731332299				[]
634.3072381	4.586351	kp397_1255.5612	13C/12C*12, 2x charged,M+H+, 2x charged	None	1255.5611731332299				[]
505.2633444	5.3197446	kp398_970.5591	M0,K/H, 2x charged	['C47H88O16P2']	970.5591113665375	PIP(16:0/22:2(13Z,16Z))	{'C47H88O16P2': [{'DB_ID': 'HMDB0009933', 'name': 'PIP(16:0/22:2(13Z,16Z))'}, {'DB_ID': 'HMDB0009969', 'name': 'PIP(18:1(15Z)/20:1(11Z))'}, {'DB_ID': 'HMDB0009977', 'name': 'PIP(18:1(9Z)/20:1(11Z))'}, {'DB_ID': 'HMDB0009988', 'name': 'PIP(18:2(9Z,12Z)/20:0)'}, {'DB_ID': 'HMDB0009997', 'name': 'PIP(20:0/18:2(9Z,12Z))'}, {'DB_ID': 'HMDB0009999', 'name': 'PIP(20:1(11Z)/18:1(11Z))'}, {'DB_ID': 'HMDB0010000', 'name': 'PIP(20:1(11Z)/18:1(9Z))'}, {'DB_ID': 'HMDB0010002', 'name': 'PIP(20:2(11Z,14Z)/18:0)'}, {'DB_ID': 'HMDB0010023', 'name': 'PIP(22:2(13Z,16Z)/16:0)'}]}	('C47H88O16P2_970.55476', '', 1)	[]
486.2857882	5.2896037	kp398_970.5591	13C/12C, 2x charged,M+H+, 2x charged	['C47H88O16P2']	970.5591113665375	PIP(16:0/22:2(13Z,16Z))	{'C47H88O16P2': [{'DB_ID': 'HMDB0009933', 'name': 'PIP(16:0/22:2(13Z,16Z))'}, {'DB_ID': 'HMDB0009969', 'name': 'PIP(18:1(15Z)/20:1(11Z))'}, {'DB_ID': 'HMDB0009977', 'name': 'PIP(18:1(9Z)/20:1(11Z))'}, {'DB_ID': 'HMDB0009988', 'name': 'PIP(18:2(9Z,12Z)/20:0)'}, {'DB_ID': 'HMDB0009997', 'name': 'PIP(20:0/18:2(9Z,12Z))'}, {'DB_ID': 'HMDB0009999', 'name': 'PIP(20:1(11Z)/18:1(11Z))'}, {'DB_ID': 'HMDB0010000', 'name': 'PIP(20:1(11Z)/18:1(9Z))'}, {'DB_ID': 'HMDB0010002', 'name': 'PIP(20:2(11Z,14Z)/18:0)'}, {'DB_ID': 'HMDB0010023', 'name': 'PIP(22:2(13Z,16Z)/16:0)'}]}	('C47H88O16P2_970.55476', '', 1)	[]
491.3095466	5.984244	kp398_970.5591	13C/12C*11, 2x charged,M+H+, 2x charged	['C47H88O16P2']	970.5591113665375	PIP(16:0/22:2(13Z,16Z))	{'C47H88O16P2': [{'DB_ID': 'HMDB0009933', 'name': 'PIP(16:0/22:2(13Z,16Z))'}, {'DB_ID': 'HMDB0009969', 'name': 'PIP(18:1(15Z)/20:1(11Z))'}, {'DB_ID': 'HMDB0009977', 'name': 'PIP(18:1(9Z)/20:1(11Z))'}, {'DB_ID': 'HMDB0009988', 'name': 'PIP(18:2(9Z,12Z)/20:0)'}, {'DB_ID': 'HMDB0009997', 'name': 'PIP(20:0/18:2(9Z,12Z))'}, {'DB_ID': 'HMDB0009999', 'name': 'PIP(20:1(11Z)/18:1(11Z))'}, {'DB_ID': 'HMDB0010000', 'name': 'PIP(20:1(11Z)/18:1(9Z))'}, {'DB_ID': 'HMDB0010002', 'name': 'PIP(20:2(11Z,14Z)/18:0)'}, {'DB_ID': 'HMDB0010023', 'name': 'PIP(22:2(13Z,16Z)/16:0)'}]}	('C47H88O16P2_970.55476', '', 1)	[]
489.2875482	4.5936136	kp398_970.5591	13C/12C*7, 2x charged,M+H+, 2x charged	['C47H88O16P2']	970.5591113665375	PIP(16:0/22:2(13Z,16Z))	{'C47H88O16P2': [{'DB_ID': 'HMDB0009933', 'name': 'PIP(16:0/22:2(13Z,16Z))'}, {'DB_ID': 'HMDB0009969', 'name': 'PIP(18:1(15Z)/20:1(11Z))'}, {'DB_ID': 'HMDB0009977', 'name': 'PIP(18:1(9Z)/20:1(11Z))'}, {'DB_ID': 'HMDB0009988', 'name': 'PIP(18:2(9Z,12Z)/20:0)'}, {'DB_ID': 'HMDB0009997', 'name': 'PIP(20:0/18:2(9Z,12Z))'}, {'DB_ID': 'HMDB0009999', 'name': 'PIP(20:1(11Z)/18:1(11Z))'}, {'DB_ID': 'HMDB0010000', 'name': 'PIP(20:1(11Z)/18:1(9Z))'}, {'DB_ID': 'HMDB0010002', 'name': 'PIP(20:2(11Z,14Z)/18:0)'}, {'DB_ID': 'HMDB0010023', 'name': 'PIP(22:2(13Z,16Z)/16:0)'}]}	('C47H88O16P2_970.55476', '', 1)	[]
502.3168767	5.2620616	kp399_979.6267	13C/12C, 2x charged,Na/H, 2x charged	None	979.6267406443067				[]
490.3137915	4.993603	kp399_979.6267	M0,M+H+, 2x charged	None	979.6267406443067				[]
491.3200282	5.12037	kp399_979.6267	13C/12C*2, 2x charged,M+H+, 2x charged	None	979.6267406443067				[]
483.2752272	4.3048844	kp400_965.5439	M0,M+H+, 2x charged	None	965.54391073323				[]
486.286025	4.178313	kp400_965.5439	13C/12C*6, 2x charged,M+H+, 2x charged	None	965.54391073323				[]
881.8788755	4.4021816	kp401_1739.7639	M0,Na/H, 2x charged	None	1739.76392597764				[]
870.8862619	4.412422	kp401_1739.7639	13C/12C, 2x charged,M+H+, 2x charged	None	1739.76392597764				[]
870.387982	4.4062867	kp401_1739.7639	M0,M+H+, 2x charged	None	1739.76392597764				[]
602.2649201	4.6548696	kp402_1203.5316	M0,M+H+, 2x charged	None	1203.53159153323				[]
604.2806579	4.5393825	kp402_1203.5316	13C/12C*4, 2x charged,M+H+, 2x charged	None	1203.53159153323				[]
515.2111747	4.718307	kp403_1029.4239	M0,M+H+, 2x charged	None	1029.42390943323				[]
517.2267212	4.7615085	kp403_1029.4239	13C/12C*4, 2x charged,M+H+, 2x charged	None	1029.42390943323				[]
517.2266497	5.1479497	kp404_1029.4236	13C/12C*4, 2x charged,M+H+, 2x charged	None	1029.42355563323				[]
515.2108924	4.857624	kp404_1029.4236	M0,M+H+, 2x charged	None	1029.42355563323				[]
595.1967062	4.720383	kp405_1189.3952	M0,M+H+, 2x charged	None	1189.39517033323				[]
597.2124506	4.612053	kp405_1189.3952	13C/12C*4, 2x charged,M+H+, 2x charged	None	1189.39517033323				[]
533.2191588	4.8576255	kp406_1061.411	13C/12C*4, 2x charged,M+H+, 2x charged	['C41H74N7O17P3S']	1061.41100483323	Phytanoyl-CoA	{'C41H74N7O17P3S': [{'DB_ID': 'HMDB0112250', 'name': 'Isoeicosanoyl-CoA'}]}	('C41H74N7O17P3S_1061.407474', '', 1), ('C41H74N7O17P3S_1061.407476', '', 1)	[]
531.2058325	4.783506	kp406_1061.411	M0,M+H+, 2x charged	['C41H74N7O17P3S']	1061.41100483323	Phytanoyl-CoA	{'C41H74N7O17P3S': [{'DB_ID': 'HMDB0112250', 'name': 'Isoeicosanoyl-CoA'}]}	('C41H74N7O17P3S_1061.407474', '', 1), ('C41H74N7O17P3S_1061.407476', '', 1)	[]
621.3659999	5.0611806	kp407_1237.7032	13C/12C*4, 2x charged,M+H+, 2x charged	None	1237.70322593323				[]
619.3512125	4.8514867	kp407_1237.7032	M0,M+H+, 2x charged	None	1237.70322593323				[]
497.1999438	4.8576546	kp408_993.4021	M0,M+H+, 2x charged	None	993.4021140332301				[]
499.2161567	4.7635674	kp408_993.4021	13C/12C*4, 2x charged,M+H+, 2x charged	None	993.4021140332301				[]
870.3865006	4.8596783	kp409_1738.7575	13C/12C, 2x charged,M+H+, 2x charged	None	1738.7574565109733				[]
870.8886817	4.8576546	kp409_1738.7575	13C/12C*2, 2x charged,M+H+, 2x charged	None	1738.7574565109733				[]
881.3715879	4.8616867	kp409_1738.7575	M0,Na/H, 2x charged	None	1738.7574565109733				[]
630.29629	5.003828	kp410_1255.5629	13C/12C*4, 2x charged,M+H+, 2x charged	None	1255.5628985332298				[]
628.280595	5.0078835	kp410_1255.5629	M0,M+H+, 2x charged	None	1255.5628985332298				[]
611.2543217	5.007923	kp411_1221.5081	M0,M+H+, 2x charged	None	1221.50814673323				[]
613.2678115	5.007925	kp411_1221.5081	13C/12C*4, 2x charged,M+H+, 2x charged	None	1221.50814673323				[]
575.2304457	5.323789	kp412_1149.4503	M0,M+H+, 2x charged	None	1149.4503134332301				[]
577.2338542	5.3278255	kp412_1149.4503	13C/12C*4, 2x charged,M+H+, 2x charged	None	1149.4503134332301				[]
531.3070546	5.264708	kp413_1049.563	13C/12C*12, 2x charged,M+H+, 2x charged	None	1049.56303713323				[]
525.283389	5.383023	kp413_1049.563	M0,M+H+, 2x charged	None	1049.56303713323				[]
551.2646636	5.6751714	kp414_1101.5198	M0,M+H+, 2x charged	None	1101.51983223323				[]
552.2658001	5.4189105	kp414_1101.5198	13C/12C*2, 2x charged,M+H+, 2x charged	None	1101.51983223323				[]
525.2834831	5.7178473	kp415_1049.5645	M0,M+H+, 2x charged	None	1049.5645383998967				[]
531.307435	5.9616838	kp415_1049.5645	13C/12C*12, 2x charged,M+H+, 2x charged	None	1049.5645383998967				[]
528.2969992	6.294722	kp415_1049.5645	13C/12C*6, 2x charged,M+H+, 2x charged	None	1049.5645383998967				[]
573.2149253	6.125097	kp416_1145.4165	M0,M+H+, 2x charged	None	1145.416534199845				[]
578.2338459	5.9596305	kp416_1145.4165	13C/12C*10, 2x charged,M+H+, 2x charged	None	1145.416534199845				[]
595.1967628	6.116995	kp416_1145.4165	13C/12C*5, 2x charged,K/H, 2x charged	None	1145.416534199845				[]
597.2134083	5.931898	kp416_1145.4165	13C/12C*9, 2x charged,K/H, 2x charged	None	1145.416534199845				[]
594.2097381	5.9678535	kp416_1145.4165	13C/12C*5, 2x charged,HCl, 2x charged	None	1145.416534199845				[]
577.2199658	5.9616838	kp416_1145.4165	13C/12C*8, 2x charged,M+H+, 2x charged	None	1145.416534199845				[]
553.2343921	6.127119	kp417_1060.4632	13C/12C*8, 2x charged,HCl, 2x charged	None	1060.4632043998672				[]
551.2420099	6.3013597	kp417_1060.4632	13C/12C*4, 2x charged,HCl, 2x charged	None	1060.4632043998672				[]
533.2522904	6.294722	kp417_1060.4632	13C/12C*5, 2x charged,M+H+, 2x charged	None	1060.4632043998672				[]
553.2479353	5.92993	kp417_1060.4632	13C/12C*3, 2x charged,ACN, 2x charged	None	1060.4632043998672				[]
549.2260019	6.2905655	kp417_1060.4632	M0,HCl, 2x charged	None	1060.4632043998672				[]
568.2594872	6.127125	kp418_1135.5207	M0,M+H+, 2x charged	None	1135.52073553323				[]
570.2752348	5.9278584	kp418_1135.5207	13C/12C*4, 2x charged,M+H+, 2x charged	None	1135.52073553323				[]
436.2857166	6.4707932	kp419_871.5673	M0,M+H+, 2x charged	None	871.5672933332299				[]
437.2922082	6.4549685	kp419_871.5673	13C/12C*2, 2x charged,M+H+, 2x charged	None	871.5672933332299				[]
493.2360009	6.6755033	kp420_944.4577	13C/12C*4, 2x charged,HCl, 2x charged	None	944.45770026646				[]
491.2196623	6.6862655	kp420_944.4577	M0,HCl, 2x charged	None	944.45770026646				[]
493.2354297	6.7724223	kp421_944.4572	13C/12C*4, 2x charged,HCl, 2x charged	None	944.45724366646				[]
491.2197769	7.032999	kp421_944.4572	M0,HCl, 2x charged	None	944.45724366646				[]
475.2463759	6.68362	kp422_948.4875	13C/12C, 2x charged,M+H+, 2x charged	['C50H78O13P2']	948.4874618443067	PGP(22:5(4Z,7Z,10Z,13Z,16Z)/22:6(4Z,7Z,10Z,13Z,16Z,19Z))	{'C50H78O13P2': [{'DB_ID': 'HMDB0116495', 'name': 'PGP(22:5(4Z,7Z,10Z,13Z,16Z)/22:6(4Z,7Z,10Z,13Z,16Z,19Z))'}, {'DB_ID': 'HMDB0116504', 'name': 'PGP(22:5(7Z,10Z,13Z,16Z,19Z)/22:6(4Z,7Z,10Z,13Z,16Z,19Z))'}, {'DB_ID': 'HMDB0116510', 'name': 'PGP(22:6(4Z,7Z,10Z,13Z,16Z,19Z)/22:5(4Z,7Z,10Z,13Z,16Z))'}, {'DB_ID': 'HMDB0116511', 'name': 'PGP(22:6(4Z,7Z,10Z,13Z,16Z,19Z)/22:5(7Z,10Z,13Z,16Z,19Z))'}]}	('C50H78O13P2_948.491767', '', 1)	[]
477.2619842	6.6702423	kp422_948.4875	13C/12C*5, 2x charged,M+H+, 2x charged	['C50H78O13P2']	948.4874618443067	PGP(22:5(4Z,7Z,10Z,13Z,16Z)/22:6(4Z,7Z,10Z,13Z,16Z,19Z))	{'C50H78O13P2': [{'DB_ID': 'HMDB0116495', 'name': 'PGP(22:5(4Z,7Z,10Z,13Z,16Z)/22:6(4Z,7Z,10Z,13Z,16Z,19Z))'}, {'DB_ID': 'HMDB0116504', 'name': 'PGP(22:5(7Z,10Z,13Z,16Z,19Z)/22:6(4Z,7Z,10Z,13Z,16Z,19Z))'}, {'DB_ID': 'HMDB0116510', 'name': 'PGP(22:6(4Z,7Z,10Z,13Z,16Z,19Z)/22:5(4Z,7Z,10Z,13Z,16Z))'}, {'DB_ID': 'HMDB0116511', 'name': 'PGP(22:6(4Z,7Z,10Z,13Z,16Z,19Z)/22:5(7Z,10Z,13Z,16Z,19Z))'}]}	('C50H78O13P2_948.491767', '', 1)	[]
493.2358006	6.970902	kp422_948.4875	M0,HCl, 2x charged	['C50H78O13P2']	948.4874618443067	PGP(22:5(4Z,7Z,10Z,13Z,16Z)/22:6(4Z,7Z,10Z,13Z,16Z,19Z))	{'C50H78O13P2': [{'DB_ID': 'HMDB0116495', 'name': 'PGP(22:5(4Z,7Z,10Z,13Z,16Z)/22:6(4Z,7Z,10Z,13Z,16Z,19Z))'}, {'DB_ID': 'HMDB0116504', 'name': 'PGP(22:5(7Z,10Z,13Z,16Z,19Z)/22:6(4Z,7Z,10Z,13Z,16Z,19Z))'}, {'DB_ID': 'HMDB0116510', 'name': 'PGP(22:6(4Z,7Z,10Z,13Z,16Z,19Z)/22:5(4Z,7Z,10Z,13Z,16Z))'}, {'DB_ID': 'HMDB0116511', 'name': 'PGP(22:6(4Z,7Z,10Z,13Z,16Z,19Z)/22:5(7Z,10Z,13Z,16Z,19Z))'}]}	('C50H78O13P2_948.491767', '', 1)	[]
475.2463527	6.4744306	kp423_948.4801	13C/12C, 2x charged,M+H+, 2x charged	None	948.480149199845				[]
493.2347387	6.365448	kp423_948.4801	M0,HCl, 2x charged	None	948.480149199845				[]
477.2613801	6.9729323	kp424_949.4937	13C/12C*4, 2x charged,M+H+, 2x charged	None	949.49369003323				[]
475.2462964	7.0350327	kp424_949.4937	M0,M+H+, 2x charged	None	949.49369003323				[]
513.2860777	6.359249	kp425_1017.5385	13C/12C*8, 2x charged,M+H+, 2x charged	None	1017.5385068332283				[]
509.2731256	6.615524	kp425_1017.5385	M0,M+H+, 2x charged	None	1017.5385068332283				[]
451.2488534	6.9647713	kp426_901.499	M0,M+H+, 2x charged	['C45H75NO17']	901.49899133323	beta1-Tomatidine	{'C45H75NO17': [{'DB_ID': 'HMDB0029343', 'name': 'beta1-Tomatidine'}]}	('C45H75NO17_901.5035', '', 1)	[]
453.2641244	7.032999	kp426_901.499	13C/12C*4, 2x charged,M+H+, 2x charged	['C45H75NO17']	901.49899133323	beta1-Tomatidine	{'C45H75NO17': [{'DB_ID': 'HMDB0029343', 'name': 'beta1-Tomatidine'}]}	('C45H75NO17_901.5035', '', 1)	[]
453.2641752	6.68362	kp427_905.53	M0,M+H+, 2x charged	None	905.53003823323				[]
455.2798495	6.7744565	kp427_905.53	13C/12C*4, 2x charged,M+H+, 2x charged	None	905.53003823323				[]
472.3066438	6.970902	kp428_939.588	13C/12C*4, 2x charged,M+H+, 2x charged	None	939.58804503323				[]
470.2953877	7.115841	kp428_939.588	M0,M+H+, 2x charged	None	939.58804503323				[]
972.9819615	9.751235	kp429_1943.9537	13C/12C, 2x charged,M+H+, 2x charged	None	1943.9536614332299				[]
972.4806539	9.749187	kp429_1943.9537	M0,M+H+, 2x charged	None	1943.9536614332299				[]
977.9383397	9.749026	kp430_1953.8662	13C/12C, 2x charged,M+H+, 2x charged	None	1953.86624433323				[]
977.4368586	9.749187	kp430_1953.8662	M0,M+H+, 2x charged	None	1953.86624433323				[]
169.0946364	0.46295324	kp431_336.6798	M0,M+H+, 2x charged	None	336.6798449001388				[]
180.0871232	0.45477757	kp431_336.6798	M0,Na/H, 2x charged	None	336.6798449001388				[]
218.0097725	0.5807058	kp432_412.5224	M0,Na/H, 2x charged	None	412.5223685003041				[]
207.0145107	0.51150197	kp432_412.5224	M0,M+H+, 2x charged	None	412.5223685003041				[]
166.0522527	0.55232143	kp433_330.5954	M0,M+H+, 2x charged	None	330.59535810012545				[]
185.0319611	0.5596327	kp433_330.5954	M0,K/H, 2x charged	None	330.59535810012545				[]
228.0855135	0.80953795	kp434_430.5048	M0,M+H+, 2x charged	None	430.504819289215				[]
247.0585422	0.8376832	kp434_430.5048	M0,K/H, 2x charged	None	430.504819289215				[]
210.0976554	0.5598839	kp434_430.5048	M0,HCl, 2x charged	None	430.504819289215				[]
277.0688063	0.80953795	kp435_516.6497	M0,M+H+, 2x charged	None	516.6497332005313				[]
259.0801916	0.7848243	kp435_516.6497	M0,HCl, 2x charged	None	516.6497332005313				[]
226.1287143	0.83970124	kp436_428.7668	M0,Na/H, 2x charged	None	428.7667824003397				[]
215.1399828	0.79092604	kp436_428.7668	M0,M+H+, 2x charged	None	428.7667824003397				[]
263.0531681	0.7913873	kp437_488.6176	M0,M+H+, 2x charged	None	488.61759140047013				[]
245.063688	0.8075178	kp437_488.6176	M0,HCl, 2x charged	None	488.61759140047013				[]
277.0900034	0.5401073	kp438_514.7117	M0,K/H, 2x charged	None	514.711725900527				[]
258.1105782	0.8101638	kp438_514.7117	M0,M+H+, 2x charged	None	514.711725900527				[]
240.1083545	0.7864026	kp439_456.7254	M0,Na/H, 2x charged	None	456.72542220040054				[]
229.1189824	0.8283405	kp439_456.7254	M0,M+H+, 2x charged	None	456.72542220040054				[]
407.1166294	0.83216786	kp440_812.7266	M0,M+H+, 2x charged	['C53H96O5']	812.7265968003047	TG(14:0/18:4(6Z,9Z,12Z,15Z)/O-18:0)	{'C53H96O5': [{'DB_ID': 'HMDB0042810', 'name': 'TG(14:0/18:4(6Z,9Z,12Z,15Z)/O-18:0)'}, {'DB_ID': 'HMDB0042955', 'name': 'TG(14:0/O-18:0/18:4(6Z,9Z,12Z,15Z))'}, {'DB_ID': 'HMDB0048114', 'name': 'TG(14:1(9Z)/18:3(6Z,9Z,12Z)/O-18:0)'}, {'DB_ID': 'HMDB0048275', 'name': 'TG(14:1(9Z)/18:3(9Z,12Z,15Z)/O-18:0)'}, {'DB_ID': 'HMDB0048400', 'name': 'TG(14:1(9Z)/O-18:0/18:3(6Z,9Z,12Z))'}, {'DB_ID': 'HMDB0048407', 'name': 'TG(14:1(9Z)/O-18:0/18:3(9Z,12Z,15Z))'}, {'DB_ID': 'HMDB0052956', 'name': 'TG(18:3(6Z,9Z,12Z)/14:1(9Z)/O-18:0)'}, {'DB_ID': 'HMDB0055203', 'name': 'TG(18:3(9Z,12Z,15Z)/14:1(9Z)/O-18:0)'}, {'DB_ID': 'HMDB0055362', 'name': 'TG(18:4(6Z,9Z,12Z,15Z)/14:0/O-18:0)'}]}	('C53H96O5_812.725776', '', 1)	[]
425.1092321	0.8075178	kp440_812.7266	M0,HCl, 2x charged	['C53H96O5']	812.7265968003047	TG(14:0/18:4(6Z,9Z,12Z,15Z)/O-18:0)	{'C53H96O5': [{'DB_ID': 'HMDB0042810', 'name': 'TG(14:0/18:4(6Z,9Z,12Z,15Z)/O-18:0)'}, {'DB_ID': 'HMDB0042955', 'name': 'TG(14:0/O-18:0/18:4(6Z,9Z,12Z,15Z))'}, {'DB_ID': 'HMDB0048114', 'name': 'TG(14:1(9Z)/18:3(6Z,9Z,12Z)/O-18:0)'}, {'DB_ID': 'HMDB0048275', 'name': 'TG(14:1(9Z)/18:3(9Z,12Z,15Z)/O-18:0)'}, {'DB_ID': 'HMDB0048400', 'name': 'TG(14:1(9Z)/O-18:0/18:3(6Z,9Z,12Z))'}, {'DB_ID': 'HMDB0048407', 'name': 'TG(14:1(9Z)/O-18:0/18:3(9Z,12Z,15Z))'}, {'DB_ID': 'HMDB0052956', 'name': 'TG(18:3(6Z,9Z,12Z)/14:1(9Z)/O-18:0)'}, {'DB_ID': 'HMDB0055203', 'name': 'TG(18:3(9Z,12Z,15Z)/14:1(9Z)/O-18:0)'}, {'DB_ID': 'HMDB0055362', 'name': 'TG(18:4(6Z,9Z,12Z,15Z)/14:0/O-18:0)'}]}	('C53H96O5_812.725776', '', 1)	[]
215.016138	0.82962275	kp441_390.5646	M0,K/H, 2x charged	None	390.56457360025627				[]
196.0372913	0.8514974	kp441_390.5646	M0,M+H+, 2x charged	None	390.56457360025627				[]
383.1454193	1.0993439	kp442_726.8172	M0,K/H, 2x charged	None	726.8171676001172				[]
364.160604	0.90986586	kp442_726.8172	M0,M+H+, 2x charged	None	726.8171676001172				[]
184.0374479	1.099073	kp443_330.5859	M0,HCl, 2x charged	None	330.58594300012544				[]
166.0477598	1.0565014	kp443_330.5859	M0,M+H+, 2x charged	None	330.58594300012544				[]
397.1112008	1.3784752	kp444_792.7126	M0,M+H+, 2x charged	None	792.7126338002611				[]
415.1006977	1.5436411	kp444_792.7126	M0,HCl, 2x charged	None	792.7126338002611				[]
393.0587352	1.841142	kp445_748.6285	M0,HCl, 2x charged	None	748.6285221001649				[]
375.0690516	1.841142	kp445_748.6285	M0,M+H+, 2x charged	None	748.6285221001649				[]
433.1115479	2.158418	kp446_828.7337	M0,HCl, 2x charged	None	828.7337384003395				[]
415.1214552	1.8911489	kp446_828.7337	M0,M+H+, 2x charged	None	828.7337384003395				[]
365.0847157	2.1744888	kp447_728.6585	M0,M+H+, 2x charged	None	728.6585475001214				[]
383.0730965	2.1724517	kp447_728.6585	M0,HCl, 2x charged	None	728.6585475001214				[]
383.0746855	1.9032856	kp448_728.6601	M0,HCl, 2x charged	None	728.6601463001213				[]
365.0847255	1.9825073	kp448_728.6601	M0,M+H+, 2x charged	None	728.6601463001213				[]
367.1365171	2.125972	kp449_732.7563	M0,M+H+, 2x charged	None	732.7562557001302				[]
386.1085943	2.2431972	kp449_732.7563	M0,K/H, 2x charged	None	732.7562557001302				[]
375.069335	2.1704395	kp450_748.6284	M0,M+H+, 2x charged	None	748.6284495001648				[]
393.0583792	2.1744888	kp450_748.6284	M0,HCl, 2x charged	None	748.6284495001648				[]
551.2710881	2.525905	kp451_1101.0416	M0,M+H+, 2x charged	None	1101.0415676009334				[]
562.2723942	2.343975	kp451_1101.0416	M0,Na/H, 2x charged	None	1101.0415676009334				[]
536.1985944	2.309595	kp452_1032.9366	M0,K/H, 2x charged	None	1032.936582500785				[]
517.2268438	2.5405266	kp452_1032.9366	M0,M+H+, 2x charged	None	1032.936582500785				[]
339.1424487	2.6234064	kp453_676.7754	M0,M+H+, 2x charged	None	676.7754463000081				[]
357.1322623	2.4625595	kp453_676.7754	M0,HCl, 2x charged	None	676.7754463000081				[]
350.2180022	2.8672178	kp454_698.9204	M0,M+H+, 2x charged	None	698.9203952000564				[]
369.1912487	2.5737333	kp454_698.9204	M0,K/H, 2x charged	None	698.9203952000564				[]
334.1874357	2.9203064	kp455_666.857	M0,M+H+, 2x charged	None	666.8569504999864				[]
353.1583705	3.0452042	kp455_666.857	M0,K/H, 2x charged	None	666.8569504999864				[]
422.1005542	3.1320179	kp456_820.7048	M0,Na/H, 2x charged	None	820.7048391003219				[]
411.1061996	3.0354974	kp456_820.7048	M0,M+H+, 2x charged	None	820.7048391003219				[]
363.1054815	3.1478148	kp457_702.72	M0,Na/H, 2x charged	None	702.7200417000647				[]
352.1164749	3.2660685	kp457_702.72	M0,M+H+, 2x charged	None	702.7200417000647				[]
369.1170689	3.6057608	kp458_736.7255	M0,M+H+, 2x charged	None	736.7255072001388				[]
387.107703	3.3706677	kp458_736.7255	M0,HCl, 2x charged	None	736.7255072001388				[]
527.2408635	3.8509986	kp459_1016.9921	M0,HCl, 2x charged	None	1016.9921085007504				[]
509.2505097	3.7814152	kp459_1016.9921	M0,M+H+, 2x charged	None	1016.9921085007504				[]
495.2216249	3.5817285	kp460_950.9831	M0,K/H, 2x charged	None	950.9830602006061				[]
476.250291	3.8139107	kp460_950.9831	M0,M+H+, 2x charged	None	950.9830602006061				[]
521.2580001	4.1532955	kp461_1005.0234	M0,HCl, 2x charged	None	1005.0233974017376				[]
503.264662	4.0596504	kp461_1005.0234	M0,M+H+, 2x charged	None	1005.0233974017376				[]
502.3168437	5.7725487	kp462_1003.1214	M0,M+H+, 2x charged	None	1003.1214460998449				[]
513.3065171	5.7562485	kp462_1003.1214	M0,Na/H, 2x charged	None	1003.1214460998449				[]
502.3168141	5.965795	kp463_1003.1223	M0,M+H+, 2x charged	None	1003.1223377007198				[]
513.3074383	5.837465	kp463_1003.1223	M0,Na/H, 2x charged	None	1003.1223377007198				[]
365.2315213	6.117962	kp464_728.9553	M0,M+H+, 2x charged	None	728.955294700122				[]
376.2256881	6.215273	kp464_728.9553	M0,Na/H, 2x charged	None	728.955294700122				[]
504.319716	6.5832396	kp465_971.1425	M0,HCl, 2x charged	None	971.1425262006501				[]
486.3220749	6.6520295	kp465_971.1425	M0,M+H+, 2x charged	None	971.1425262006501				[]
477.241797	8.14148	kp466_916.9937	M0,HCl, 2x charged	None	916.9937088005321				[]
459.2511765	8.304817	kp466_916.9937	M0,M+H+, 2x charged	None	916.9937088005321				[]
291.1053043	0.8054936	kp467_872.3115	M0,M+H+, 3x charged	None	872.31149443323				[]
295.1171688	0.55954367	kp467_872.3115	13C/12C*12, 3x charged,M+H+, 3x charged	None	872.31149443323				[]
294.1197828	0.9138971	kp467_872.3115	13C/12C*9, 3x charged,M+H+, 3x charged	None	872.31149443323				[]
302.1456346	0.5497427	kp468_896.3974	13C/12C*9, 3x charged,M+H+, 3x charged	None	896.39741618323				[]
299.1342255	0.582881	kp468_896.3974	M0,M+H+, 3x charged	None	896.39741618323				[]
215.052806	0.57897615	kp469_644.149	M0,M+H+, 3x charged	None	644.14900133323				[]
216.0547342	0.82962203	kp469_644.149	13C/12C*3, 3x charged,M+H+, 3x charged	None	644.14900133323				[]
302.1212278	0.8034692	kp470_905.3536	M0,M+H+, 3x charged	None	905.3535602332299				[]
303.122685	0.80544496	kp470_905.3536	13C/12C*3, 3x charged,M+H+, 3x charged	None	905.3535602332299				[]
305.1206965	0.58875316	kp471_914.3463	M0,M+H+, 3x charged	None	914.3462964887167				[]
321.1158842	0.58875316	kp471_914.3463	13C/12C*8, 3x charged,K/H, 3x charged	None	914.3462964887167				[]
309.1295039	0.5401073	kp471_914.3463	13C/12C*12, 3x charged,M+H+, 3x charged	None	914.3462964887167				[]
202.0392143	0.60496455	kp472_605.1111	M0,M+H+, 3x charged	None	605.11111358323				[]
203.0430674	0.87053037	kp472_605.1111	13C/12C*3, 3x charged,M+H+, 3x charged	None	605.11111358323				[]
259.0928812	0.8075178	kp473_767.2396	13C/12C*9, 3x charged,M+H+, 3x charged	None	767.2395924832301				[]
256.0817631	0.8034692	kp473_767.2396	M0,M+H+, 3x charged	None	767.2395924832301				[]
272.1343155	0.54974276	kp474_806.3653	13C/12C*9, 3x charged,M+H+, 3x charged	None	806.3652615832301				[]
269.1241082	0.8034692	kp474_806.3653	M0,M+H+, 3x charged	None	806.3652615832301				[]
306.0814008	0.99620134	kp475_911.2247	13C/12C*6, 3x charged,M+H+, 3x charged	None	911.2247489332301				[]
304.0799928	0.80549353	kp475_911.2247	M0,M+H+, 3x charged	None	911.2247489332301				[]
198.0532243	1.0192102	kp476_581.1165	13C/12C*12, 3x charged,M+H+, 3x charged	None	581.11649618323				[]
194.0427108	0.80751365	kp476_581.1165	M0,M+H+, 3x charged	None	581.11649618323				[]
290.1352254	0.809526	kp477_869.3947	M0,M+H+, 3x charged	None	869.3946636832302				[]
292.1394447	0.97197837	kp477_869.3947	13C/12C*6, 3x charged,M+H+, 3x charged	None	869.3946636832302				[]
316.079919	0.9332048	kp478_947.2344	M0,M+H+, 3x charged	None	947.2343639332302				[]
317.0845296	0.80953795	kp478_947.2344	13C/12C*3, 3x charged,M+H+, 3x charged	None	947.2343639332302				[]
329.1232292	1.4566988	kp479_986.3641	M0,M+H+, 3x charged	None	986.3641329832301				[]
332.1344421	1.7367407	kp479_986.3641	13C/12C*9, 3x charged,M+H+, 3x charged	None	986.3641329832301				[]
388.1242812	1.6547127	kp480_1125.3836	M0,HCl, 3x charged	None	1125.3835901830748				[]
377.1419081	1.6497636	kp480_1125.3836	13C/12C*5, 3x charged,M+H+, 3x charged	None	1125.3835901830748				[]
390.1402195	1.6526891	kp480_1125.3836	13C/12C, 3x charged,ACN, 3x charged	None	1125.3835901830748				[]
389.132681	1.8271433	kp480_1125.3836	13C/12C*3, 3x charged,HCl, 3x charged	None	1125.3835901830748				[]
360.1298972	1.9805083	kp481_1079.3732	M0,M+H+, 3x charged	None	1079.37317513323				[]
364.1371572	1.7990066	kp481_1079.3732	13C/12C*12, 3x charged,M+H+, 3x charged	None	1079.37317513323				[]
357.1179312	2.346014	kp482_1064.3345	13C/12C*6, 3x charged,M+H+, 3x charged	None	1064.33448368323				[]
355.1166189	2.6134236	kp482_1064.3345	M0,M+H+, 3x charged	None	1064.33448368323				[]
379.1005019	2.5509584	kp483_1134.2953	13C/12C*2, 3x charged,M+H+, 3x charged	None	1134.29532366646				[]
391.1005525	2.6979218	kp483_1134.2953	M0,HCl, 3x charged	None	1134.29532366646				[]
383.110737	2.6781034	kp484_1136.2895	13C/12C*12, 3x charged,M+H+, 3x charged	None	1136.28950048323				[]
379.1005343	2.4601333	kp484_1136.2895	M0,M+H+, 3x charged	None	1136.28950048323				[]
425.1578225	2.5737333	kp485_1274.4789	M0,M+H+, 3x charged	None	1274.47891898323				[]
427.1730178	2.5279703	kp485_1274.4789	13C/12C*6, 3x charged,M+H+, 3x charged	None	1274.47891898323				[]
582.2200122	3.286684	kp486_1736.6185	13C/12C*9, 3x charged,M+H+, 3x charged	None	1736.61851643323				[]
583.2224636	3.6120255	kp486_1736.6185	13C/12C*12, 3x charged,M+H+, 3x charged	None	1736.61851643323				[]
579.2068021	3.2539465	kp486_1736.6185	M0,M+H+, 3x charged	None	1736.61851643323				[]
582.2390022	3.6105921	kp487_1745.6939	M0,M+H+, 3x charged	None	1745.69394788323				[]
585.2385457	3.5811338	kp487_1745.6939	13C/12C*9, 3x charged,M+H+, 3x charged	None	1745.69394788323				[]
405.1665465	3.280054	kp488_1214.4999	M0,M+H+, 3x charged	None	1214.4999305332299				[]
409.1850115	3.3388462	kp488_1214.4999	13C/12C*12, 3x charged,M+H+, 3x charged	None	1214.4999305332299				[]
607.2205967	4.209145	kp489_1776.6105	13C/12C, 3x charged,ACN, 3x charged	None	1776.6104994830234				[]
609.223684	3.7793589	kp489_1776.6105	13C/12C*7, 3x charged,ACN, 3x charged	None	1776.6104994830234				[]
603.2065215	3.3516037	kp489_1776.6105	13C/12C*8, 3x charged,Na/H, 3x charged	None	1776.6104994830234				[]
607.2006993	4.049593	kp489_1776.6105	13C/12C*4, 3x charged,K/H, 3x charged	None	1776.6104994830234				[]
609.2369418	3.535104	kp489_1776.6105	13C/12C*7, 3x charged,ACN, 3x charged	None	1776.6104994830234				[]
605.2044858	4.0164185	kp489_1776.6105	M0,HCl, 3x charged	None	1776.6104994830234				[]
600.2499152	3.6137497	kp490_1749.7057	13C/12C*12, 3x charged,HCl, 3x charged	None	1749.70567867469				[]
598.2503641	3.3516037	kp490_1749.7057	13C/12C, 3x charged,ACN, 3x charged	None	1749.70567867469				[]
593.2435355	4.295527	kp490_1749.7057	13C/12C*5, 3x charged,Na/H, 3x charged	None	1749.70567867469				[]
596.2336423	3.607872	kp490_1749.7057	M0,HCl, 3x charged	None	1749.70567867469				[]
619.1811492	3.3516037	kp491_1850.503	13C/12C*6, 3x charged,M+H+, 3x charged	None	1850.5029681832298				[]
617.1657239	3.3046143	kp491_1850.503	M0,M+H+, 3x charged	None	1850.5029681832298				[]
608.2907206	3.608534	kp492_1823.8722	M0,M+H+, 3x charged	None	1823.87219228323				[]
611.3056569	3.9076958	kp492_1823.8722	13C/12C*9, 3x charged,M+H+, 3x charged	None	1823.87219228323				[]
567.2276005	3.7814152	kp493_1694.6422	13C/12C*6, 3x charged,M+H+, 3x charged	None	1694.6421777832302				[]
565.212079	3.6105921	kp493_1694.6422	M0,M+H+, 3x charged	None	1694.6421777832302				[]
568.2598817	4.04751	kp494_1697.7382	13C/12C*6, 3x charged,M+H+, 3x charged	None	1697.73820763323				[]
566.2438177	3.7863913	kp494_1697.7382	M0,M+H+, 3x charged	None	1697.73820763323				[]
583.2221866	4.0182858	kp495_1748.6632	M0,M+H+, 3x charged	None	1748.66321273323				[]
586.2348712	4.155247	kp495_1748.6632	13C/12C*9, 3x charged,M+H+, 3x charged	None	1748.66321273323				[]
506.3117819	4.4961114	kp496_1515.9353	13C/12C*2, 3x charged,M+H+, 3x charged	None	1515.9352644900537				[]
508.3278963	4.347601	kp496_1515.9353	13C/12C*8, 3x charged,M+H+, 3x charged	None	1515.9352644900537				[]
518.3111304	4.306971	kp496_1515.9353	M0,HCl, 3x charged	None	1515.9352644900537				[]
504.2965581	4.541521	kp497_1458.8114	13C/12C*10, 3x charged,ACN, 3x charged	None	1458.811419608075				[]
499.2700312	4.523899	kp497_1458.8114	M0,HCl, 3x charged	None	1458.811419608075				[]
501.2856899	4.3048844	kp497_1458.8114	13C/12C, 3x charged,ACN, 3x charged	None	1458.811419608075				[]
489.2850495	4.40629	kp497_1458.8114	13C/12C*8, 3x charged,M+H+, 3x charged	None	1458.811419608075				[]
504.2966174	4.9144573	kp498_1511.8918	M0,M+H+, 3x charged	None	1511.89181693323				[]
506.3094882	4.9426527	kp498_1511.8918	13C/12C*6, 3x charged,M+H+, 3x charged	None	1511.89181693323				[]
535.2374021	4.5516458	kp499_1604.7187	M0,M+H+, 3x charged	None	1604.7187220332298				[]
537.2533069	4.2746787	kp499_1604.7187	13C/12C*6, 3x charged,M+H+, 3x charged	None	1604.7187220332298				[]
539.2609184	4.5233603	kp500_1616.7881	M0,M+H+, 3x charged	None	1616.78805518323				[]
541.2760127	4.2887807	kp500_1616.7881	13C/12C*6, 3x charged,M+H+, 3x charged	None	1616.78805518323				[]
571.2460002	4.328435	kp501_1668.732	13C/12C*6, 3x charged,HCl, 3x charged	None	1668.7319756442034				[]
569.2433543	4.327163	kp501_1668.732	M0,HCl, 3x charged	None	1668.7319756442034				[]
557.2530129	4.3090825	kp501_1668.732	13C/12C*2, 3x charged,M+H+, 3x charged	None	1668.7319756442034				[]
588.2779822	4.735148	kp502_1713.7622	13C/12C*7, 3x charged,ACN, 3x charged	None	1713.7621516663569				[]
586.2699546	4.7142906	kp502_1713.7622	13C/12C, 3x charged,ACN, 3x charged	None	1713.7621516663569				[]
588.2859556	4.6232996	kp502_1713.7622	13C/12C*7, 3x charged,ACN, 3x charged	None	1713.7621516663569				[]
585.2576752	4.7008033	kp502_1713.7622	13C/12C*3, 3x charged,HCl, 3x charged	None	1713.7621516663569				[]
589.2728448	4.855602	kp502_1713.7622	13C/12C*10, 3x charged,ACN, 3x charged	None	1713.7621516663569				[]
584.2547284	4.652715	kp502_1713.7622	M0,HCl, 3x charged	None	1713.7621516663569				[]
588.2853189	4.763552	kp503_1763.8349	M0,M+H+, 3x charged	None	1763.8349372332298				[]
591.2862219	4.7635674	kp503_1763.8349	13C/12C*9, 3x charged,M+H+, 3x charged	None	1763.8349372332298				[]
572.2788085	4.650589	kp504_1709.8078	13C/12C*6, 3x charged,M+H+, 3x charged	None	1709.8078190332299				[]
573.2766008	4.659057	kp504_1709.8078	13C/12C*9, 3x charged,M+H+, 3x charged	None	1709.8078190332299				[]
570.2764612	4.648482	kp504_1709.8078	M0,M+H+, 3x charged	None	1709.8078190332299				[]
588.2732403	4.406277	kp505_1751.7698	13C/12C*12, 3x charged,M+H+, 3x charged	None	1751.7698382332296				[]
586.2695557	4.404232	kp505_1751.7698	13C/12C*6, 3x charged,M+H+, 3x charged	None	1751.7698382332296				[]
584.2544487	4.496076	kp505_1751.7698	M0,M+H+, 3x charged	None	1751.7698382332296				[]
607.2211922	4.650589	kp506_1782.6683	M0,HCl, 3x charged	None	1782.6683223496898				[]
609.216221	4.7594395	kp506_1782.6683	13C/12C*4, 3x charged,K/H, 3x charged	None	1782.6683223496898				[]
609.2368663	4.5393825	kp506_1782.6683	13C/12C, 3x charged,ACN, 3x charged	None	1782.6683223496898				[]
611.2545695	4.295527	kp506_1782.6683	13C/12C*7, 3x charged,ACN, 3x charged	None	1782.6683223496898				[]
597.2124322	4.5516458	kp507_1790.63	M0,M+H+, 3x charged	None	1790.6300201332297				[]
553.235075	4.9834332	kp508_1646.6447	13C/12C*12, 3x charged,M+H+, 3x charged	None	1646.6447493832302				[]
549.2130289	5.058835	kp508_1646.6447	M0,M+H+, 3x charged	None	1646.6447493832302				[]
549.2164589	5.2105103	kp509_1646.6554	M0,M+H+, 3x charged	None	1646.6553746332297				[]
551.2320185	4.9854736	kp509_1646.6554	13C/12C*6, 3x charged,M+H+, 3x charged	None	1646.6553746332297				[]
550.2478023	4.8596783	kp510_1649.7361	M0,M+H+, 3x charged	None	1649.7361304332298				[]
553.2474963	4.646406	kp511_1652.6955	13C/12C*6, 3x charged,M+H+, 3x charged	None	1652.6955202582299				[]
554.2356115	4.9854736	kp511_1652.6955	13C/12C*9, 3x charged,M+H+, 3x charged	None	1652.6955202582299				[]
555.2518196	4.6442533	kp511_1652.6955	13C/12C*12, 3x charged,M+H+, 3x charged	None	1652.6955202582299				[]
551.2323299	4.421189	kp511_1652.6955	M0,M+H+, 3x charged	None	1652.6955202582299				[]
552.2638462	4.555844	kp512_1655.7992	M0,M+H+, 3x charged	None	1655.7992262832297				[]
554.2805323	4.2746787	kp512_1655.7992	13C/12C*6, 3x charged,M+H+, 3x charged	None	1655.7992262832297				[]
493.2565771	5.2620616	kp513_1472.7289	13C/12C*6, 3x charged,M+H+, 3x charged	None	1472.72892863323				[]
491.2409363	5.4454117	kp513_1472.7289	M0,M+H+, 3x charged	None	1472.72892863323				[]
493.257038	5.4474354	kp514_1472.7298	13C/12C*6, 3x charged,M+H+, 3x charged	None	1472.7297638332302				[]
491.2410322	5.218613	kp514_1472.7298	M0,M+H+, 3x charged	None	1472.7297638332302				[]
491.2406162	4.5672984	kp515_1472.728	M0,M+H+, 3x charged	None	1472.72800478323				[]
493.2562813	4.888106	kp515_1472.728	13C/12C*6, 3x charged,M+H+, 3x charged	None	1472.72800478323				[]
491.2414114	5.7586226	kp516_1472.7302	M0,M+H+, 3x charged	None	1472.73021608323				[]
493.2569603	5.7745624	kp516_1472.7302	13C/12C*6, 3x charged,M+H+, 3x charged	None	1472.73021608323				[]
496.2650083	5.961716	kp517_1478.7599	13C/12C*9, 3x charged,M+H+, 3x charged	None	1478.75989898323				[]
493.256507	5.9616914	kp517_1478.7599	M0,M+H+, 3x charged	None	1478.75989898323				[]
509.2278049	4.7527404	kp518_1520.6465	13C/12C*6, 3x charged,M+H+, 3x charged	None	1520.64645968323				[]
507.2147292	4.5746465	kp518_1520.6465	M0,M+H+, 3x charged	None	1520.64645968323				[]
566.2438555	4.781441	kp519_1697.7243	M0,M+H+, 3x charged	None	1697.7242900332299				[]
568.2295213	4.65696	kp520_1700.6828	13C/12C*3, 3x charged,M+H+, 3x charged	None	1700.68284023323				[]
567.228073	4.6548696	kp520_1700.6828	M0,M+H+, 3x charged	None	1700.68284023323				[]
569.2425874	4.716276	kp520_1700.6828	13C/12C*6, 3x charged,M+H+, 3x charged	None	1700.68284023323				[]
575.2306253	4.646406	kp521_1718.6516	13C/12C*6, 3x charged,M+H+, 3x charged	None	1718.6516196832301				[]
573.2153488	4.7183547	kp521_1718.6516	M0,M+H+, 3x charged	None	1718.6516196832301				[]
488.3015486	5.437338	kp522_1454.8574	13C/12C*9, 3x charged,M+H+, 3x charged	None	1454.85736103323				[]
485.2906624	5.7178473	kp522_1454.8574	M0,M+H+, 3x charged	None	1454.85736103323				[]
486.2858465	5.4454117	kp522_1454.8574	13C/12C*3, 3x charged,M+H+, 3x charged	None	1454.85736103323				[]
488.3013084	5.2620616	kp523_1457.8633	13C/12C*6, 3x charged,M+H+, 3x charged	None	1457.86329248323				[]
486.2857809	5.354689	kp523_1457.8633	M0,M+H+, 3x charged	None	1457.86329248323				[]
486.2870359	5.740143	kp524_1457.8656	M0,M+H+, 3x charged	None	1457.86560368323				[]
488.3015942	5.7745624	kp524_1457.8656	13C/12C*6, 3x charged,M+H+, 3x charged	None	1457.86560368323				[]
486.2859358	4.7203403	kp525_1457.8638	M0,M+H+, 3x charged	None	1457.8638111832302				[]
488.3014993	4.84823	kp525_1457.8638	13C/12C*6, 3x charged,M+H+, 3x charged	None	1457.8638111832302				[]
486.2858234	5.222693	kp526_1457.8639	M0,M+H+, 3x charged	None	1457.8639326832301				[]
488.3016927	4.985456	kp526_1457.8639	13C/12C*6, 3x charged,M+H+, 3x charged	None	1457.8639326832301				[]
534.2546393	4.7635674	kp527_1595.7212	13C/12C*6, 3x charged,M+H+, 3x charged	None	1595.7212307832297				[]
532.2377422	4.8576255	kp527_1595.7212	M0,M+H+, 3x charged	None	1595.7212307832297				[]
511.2675463	5.2023735	kp528_1526.7637	13C/12C*6, 3x charged,M+H+, 3x charged	None	1526.7636917332302				[]
509.2531425	5.2105064	kp528_1526.7637	M0,M+H+, 3x charged	None	1526.7636917332302				[]
541.2573214	5.3850417	kp529_1622.7575	M0,M+H+, 3x charged	None	1622.75752673323				[]
543.2592574	5.3850417	kp529_1622.7575	13C/12C*6, 3x charged,M+H+, 3x charged	None	1622.75752673323				[]
507.2142474	5.756575	kp530_1520.6504	M0,M+H+, 3x charged	None	1520.65037828323				[]
509.2308991	5.7745624	kp530_1520.6504	13C/12C*6, 3x charged,M+H+, 3x charged	None	1520.65037828323				[]
507.2145696	5.4474297	kp531_1520.651	M0,M+H+, 3x charged	None	1520.65102043323				[]
509.231005	5.569801	kp531_1520.651	13C/12C*6, 3x charged,M+H+, 3x charged	None	1520.65102043323				[]
202.0705251	0.5180021	kp532_604.1917	M0,M+H+, 3x charged	None	604.1916619171168				[]
214.0591848	0.52462536	kp532_604.1917	M0,HCl, 3x charged	None	604.1916619171168				[]
249.0288841	0.8442332	kp533_709.092	M0,HCl, 3x charged	None	709.09197461646				[]
237.0343676	0.5596157	kp533_709.092	M0,M+H+, 3x charged	None	709.09197461646				[]
279.0479428	0.5855518	kp534_799.1578	M0,HCl, 3x charged	['C33H35O23']	799.157823717542	Delphinidin 3,5-di(6-O-malonylglucoside)	{'C33H35O23': [{'DB_ID': 'HMDB0037999', 'name': 'Delphinidin 3,5-di(6-O-malonylglucoside)'}]}	('C33H35O23_799.156912', '', 1)	[]
267.0592083	0.82962275	kp534_799.1578	M0,M+H+, 3x charged	['C33H35O23']	799.157823717542	Delphinidin 3,5-di(6-O-malonylglucoside)	{'C33H35O23': [{'DB_ID': 'HMDB0037999', 'name': 'Delphinidin 3,5-di(6-O-malonylglucoside)'}]}	('C33H35O23_799.156912', '', 1)	[]
383.131833	2.0147574	kp535_1147.3925	M0,M+H+, 3x charged	None	1147.392512216993				[]
395.1317771	2.2025867	kp535_1147.3925	M0,HCl, 3x charged	None	1147.392512216993				[]
365.0850111	2.4340222	kp536_1057.255	M0,HCl, 3x charged	None	1057.2550145667965				[]
353.0869339	2.2391498	kp536_1057.255	M0,M+H+, 3x charged	None	1057.2550145667965				[]
369.1667298	2.2452152	kp537_1105.4751	M0,M+H+, 3x charged	None	1105.4751319169018				[]
381.1519601	2.4641998	kp537_1105.4751	M0,HCl, 3x charged	None	1105.4751319169018				[]
407.0745513	2.3075764	kp538_1183.2208	M0,M+H+, 3x charged	None	1183.2207748170713				[]
395.0745672	2.3419626	kp538_1183.2208	M0,HCl, 3x charged	None	1183.2207748170713				[]
430.2296419	2.4243584	kp539_1288.6854	M0,M+H+, 3x charged	None	1288.6854434673014				[]
442.2292557	2.569627	kp539_1288.6854	M0,HCl, 3x charged	None	1288.6854434673014				[]
329.1576004	2.462116	kp540_949.4725	M0,HCl, 3x charged	None	949.4725114178699				[]
317.1593425	2.6294146	kp540_949.4725	M0,M+H+, 3x charged	None	949.4725114178699				[]
445.1476935	3.059912	kp541_1297.4408	M0,M+H+, 3x charged	None	1297.4407861173204				[]
433.1480992	2.8861847	kp541_1297.4408	M0,HCl, 3x charged	None	1297.4407861173204				[]
574.2508977	3.253609	kp542_1684.7507	M0,M+H+, 3x charged	None	1684.7507405681652				[]
562.2515313	3.1870975	kp542_1684.7507	M0,HCl, 3x charged	None	1684.7507405681652				[]
373.1629208	3.97345	kp543_1117.4629	M0,M+H+, 3x charged	['C45H82N7O17P3S']	1117.4628814169278	Lignocericyl coenzyme A	{'C45H82N7O17P3S': [{'DB_ID': 'HMDB0112253', 'name': 'Isotetracosanoyl-CoA'}]}	('C45H82N7O17P3S_1117.470074', '', 1), ('C45H82N7O17P3S_1117.470076', '', 1)	[]
385.1476021	3.7685647	kp543_1117.4629	M0,HCl, 3x charged	['C45H82N7O17P3S']	1117.4628814169278	Lignocericyl coenzyme A	{'C45H82N7O17P3S': [{'DB_ID': 'HMDB0112253', 'name': 'Isotetracosanoyl-CoA'}]}	('C45H82N7O17P3S_1117.470074', '', 1), ('C45H82N7O17P3S_1117.470076', '', 1)	[]
541.2572241	5.715748	kp544_1621.7577	M0,M+H+, 3x charged	None	1621.7577209680276				[]
553.2498585	5.7947793	kp544_1621.7577	M0,HCl, 3x charged	None	1621.7577209680276				[]
