"Feature","mz","rt","Orbi_P_E2_EXBLANKA","Orbi_P_E2_EXBLANKB","Orbi_P_E2_EXBLANKC","Orbi_P_E2_Wasteblank4","Orbi_P_E2_Wasteblank5","Orbi_P_E2_Wasteblank6","Orbi_P_E2_WS03A","Orbi_P_E2_WS03B","Orbi_P_E2_WS03C"
"35",103.08736,0.486,3119,3735,1957,4252,2240,1339,367773,341018,350501
"40",104.10766,0.505,230346,273087,505852,286943,121504,186612,614062720,663348416,638162496
"64",105.07053,1.712,75110,40121,75510,19740,36994,43122,680496,593097,679432
"105",107.16949,5.264,0,0,0,0,0,0,355189,447438,354767
"106",107.16957,5.962,0,0,0,0,0,0,428802,536977,448285
"164",110.00914,0.426,564303,617930,574708,565938,551341,594457,10180395,12828561,13274928
"172",110.07174,0.466,27787,19138,42398,67295,5439,54032,2441201,2473742,3083691
"179",111.02072,10.528,2146,1497,2239,1788,1571,2072,1645,0,71216
"209",113.0351,0.83,5234,1477,0,1450,1825,1341,420731,490990,448665
"216",113.31461,5.57,0,0,0,0,0,0,43194,45126,39544
"253",116.07108,0.563,1258436,516165,862534,1091115,923720,992450,171660768,168062848,157522032
"254",116.07108,1.241,371235,591475,247306,328646,546630,211205,3548424,3605032,5334376
"285",117.09149,5.168,61364,46147,43122,5785,3478,9169,269636,213061,363895
"286",117.31325,4.178,0,0,0,0,0,0,23642,24778,17301
"346",121.0653,0.866,37825,50066,32455,35214,57898,68266,1116890,1300739,1144330
"369",123.05576,0.92,109945,95819,253670,180149,101680,134310,15001192,16167729,13716451
"392",123.31247,5.264,0,0,0,0,0,0,109279,118133,115369
"397",124.03978,0.575,121161,53079,36379,88162,82318,59070,1513476,1810101,1794975
"398",124.07623,2.708,11106,13208,24407,27714,39638,29110,1614328,1632546,1329211
"449",126.05273,0.51,13680,7824,26413,7607,5885,18414,391421,474942,289846
"459",127.03931,1.955,37026,41316,28071,21989,15892,14472,280486,319112,278296
"470",127.31113,4.178,0,0,0,0,0,0,22489,27340,20635
"474",128.01953,0.425,823556,856954,832939,878484,852556,869442,15356548,18040794,18652420
"498",128.27803,4.408,0,0,0,0,0,0,89168,90290,94884
"529",130.01706,0.421,212468,197685,181958,210528,153266,251241,2484558,2905778,3030970
"530",130.05022,0.57,402697,366311,415613,417619,394116,421496,104236736,110098344,100068640
"531",130.05025,0.809,361129,327060,385567,298531,343179,326171,20609792,20853538,19736894
"533",130.06558,2.908,12001,4634,13270,9757,22306,13592,327741,304989,311430
"581",132.10223,0.881,392904,71810,240747,120323,217514,154957,29352252,32364514,27400742
"582",132.10225,1.136,123554,147795,55739,74879,104296,150117,1801683,1225655,1505610
"583",132.10226,0.601,554399,558770,554176,549389,702056,706229,9568297,10143873,9731594
"584",132.10228,0.828,392904,61954,240747,65652,217514,114870,33163062,34609928,32725050
"586",133.06108,0.525,52507,55216,17770,12478,19144,8640,50266916,52655168,48012356
"633",135.0442,1.451,12090,15623,21721,18850,14135,10749,178869,187668,179198
"634",135.04433,1.845,12317,17314,4802,13263,16066,8993,885260,1031600,978450
"635",135.04437,2.233,7476,8459,7629,13370,11874,5250,232971,235750,186582
"647",135.11716,3.484,200889,145112,175992,67260,27272,61703,1412101,1399048,1281682
"664",136.06206,0.584,479014,463647,488474,457564,343057,469973,14916970,14266627,13898680
"667",136.07603,2.64,53255,65701,38388,38004,28102,67720,974995,1111384,985639
"670",137.04611,0.982,5332,6561,23709,6118,10511,4189,940666,1055060,979896
"698",138.09132,1.423,11250,14663,1850,2265,20926,16290,194597,217846,206159
"778",142.08659,1.576,9950,32819,16887,31061,39505,25030,302196,284025,265637
"782",142.12302,0.851,6444,1631,2706,5559,8227,3645,203224,333625,217077
"797",142.30844,4.41,0,0,0,0,0,0,258168,267192,253304
"823",144.06572,1.508,71656,60987,49226,40249,75049,34927,1483980,1451023,1606614
"824",144.06581,0.924,46368,36703,42631,41446,52748,72568,559443,566887,459130
"825",144.06587,1.057,61035,30104,70427,44195,38932,42906,16224576,17232396,16426069
"834",144.13841,0.805,3715,1947,5161,9930,2065,8249,219966,217944,219300
"836",144.13855,0.926,1534,1500,3182,3989,1385,2416,309394,372016,326665
"866",146.0603,2.074,41485,15626,14823,39754,24381,44634,645507,631998,692737
"867",146.06047,3.563,13599,15696,40082,26340,24405,34681,1104777,1047796,1002601
"886",147.04425,2.164,1509,1235,1401,1317,1436,1328,1209744,1296887,1314801
"887",147.04427,2.549,1647,1724,1330,2567,0,2642,401091,391422,330857
"888",147.04439,2.869,1374,4297,1279,4930,7173,1275,146878,139511,114505
"893",147.07668,0.534,194552,97052,66375,48433,183671,107164,165509088,169892976,153300624
"894",147.11295,0.458,37135,27329,10424,26106,37180,35777,356241,478221,400844
"914",148.06062,0.542,64555,89204,134862,65788,71864,58350,18927716,19958064,18442390
"949",150.05534,1.254,4753,1850,4306,1988,2493,2147,291902,244311,160958
"969",151.07565,1.166,34009,38053,32320,21064,28174,59123,1810184,1972540,1888434
"1033",155.01048,0.616,2319,13792,6023,4887,3093,2334,338494,396924,374401
"1034",155.04277,0.605,5755,3972,11941,5585,3024,8402,1379411,1658563,1261283
"1068",156.0658,1.655,2015,2984,2925,3234,3885,1919,132011,136220,118464
"1070",156.07712,0.512,43900,62087,324700,366544,444986,354115,9969492,10261066,9506387
"1110",158.08156,1.966,23243,28370,17239,25775,16754,22019,646236,603623,540012
"1117",158.11789,1.076,4026,6722,8740,9055,2432,4600,500935,564105,505261
"1152",160.03726,0.54,16994,7852,19003,8981,17991,1716,2102652,2386396,2266976
"1168",161.08118,2.085,7969,1408,0,1262,1298,1171,99250,100129,75969
"1176",161.10759,1.827,0,0,1714,0,1581,1312,114799,103718,95058
"1206",163.03912,1.636,27417,19365,20675,20991,25395,25319,296422,344634,294537
"1207",163.03915,2.177,23763,44826,57695,36110,40074,16125,1846476,1998132,2001160
"1208",163.03918,1.841,30554,30026,41534,26463,50095,39402,24663252,28496782,27964916
"1209",163.03918,2.235,31366,53311,18692,33091,19242,50590,5212146,5284379,3857045
"1222",163.08684,1.142,0,1629,1687,0,0,0,611509,715142,686222
"1233",163.14847,2.81,7292,4507,7246,8803,11044,23120,243788,231203,212344
"1238",164.00859,0.496,0,0,0,1208,0,0,251291,256945,245259
"1240",164.07097,2.941,1698,1165,1797,0,1114,2724,107454,78574,74524
"1284",166.08655,1.38,111141,75841,68742,42792,19629,31005,65026632,70518616,64237588
"1343",169.0764,2.259,13622,0,0,0,0,0,1058586,1128122,939653
"1344",169.09741,1.465,1671,1611,2232,3048,1381,0,164310,146198,143221
"1365",170.11792,1.258,1827,2388,1804,4872,1863,1369,51295,66106,43399
"1394",171.07988,6.121,0,0,0,0,0,0,86010,86681,73745
"1395",171.08057,5.954,0,0,0,0,0,0,85588,105990,88359
"1474",173.11768,5.415,9839,23383,9279,8920,11301,21678,297864,303479,290636
"1475",173.11772,4.682,32667,13365,13485,10969,16065,21641,286055,303571,284876
"1476",173.11772,5.036,21622,12781,15261,14738,14300,9077,697647,823847,714808
"1480",173.15395,3.976,0,0,0,0,990,0,53769,55302,54561
"1504",175.0871,2.908,0,0,2966,0,2029,0,313361,317207,293416
"1515",175.14854,2.489,1653,1760,3569,4128,3330,5781,139670,141632,140943
"1523",176.03226,1.338,1497,1987,1493,0,0,1486,171732,178395,170774
"1525",176.09206,0.884,46956,28689,31098,25071,37421,30047,1511754,1687674,1375688
"1537",177.0249,0.512,0,0,0,11161,3425,2900,5197364,5217717,4075268
"1538",177.05489,2.046,3085,1571,1586,4378,1515,1825,268140,264706,260104
"1539",177.05492,2.229,3819,3556,5149,1208,3531,2596,340066,303890,224038
"1540",177.05492,2.462,1996,2613,3479,2672,1904,1220,1118405,1357051,1172977
"1541",177.05496,2.696,1965,3165,4205,2974,1423,6791,2499061,2532427,1781973
"1543",177.05499,2.31,1646,3556,1716,1773,1477,1280,8058440,8185687,8127619
"1544",177.05502,2.903,3988,3666,1462,3607,1454,2257,313782,257611,260379
"1545",177.05521,4.641,1593,1216,3373,3617,12260,3454,180549,166154,104219
"1577",179.03413,1.839,0,0,0,0,0,0,467241,446559,413731
"1597",180.06349,0.864,1557,0,0,1864,0,2204,783871,904967,678218
"1599",180.0869,0.558,100267,48673,65886,41025,33667,46519,23216722,22852690,21473658
"1604",180.10211,1.791,139571,11416,5299,4090,3424,6054,447698,436684,460613
"1605",180.10219,2.123,67856,84001,46210,18732,9523,4756,1028457,1107095,1059029
"1606",180.12636,3,2660,0,1937,1060,1228,2373,87959,95255,114370
"1623",181.08624,2.015,49872,42527,60885,25834,31466,49820,1335580,1398002,1275251
"1627",181.12267,5.425,366589,395240,441594,360768,259278,276319,15902402,15911532,14907916
"1637",182.08148,2.194,25919,23840,33179,13237,22029,16897,430176,455857,354978
"1641",182.08163,3.356,16386,25063,18372,17095,30238,21673,290182,333813,276970
"1642",182.08177,3.647,16962,13990,13693,17148,14655,17413,240095,265469,193556
"1668",183.06543,1.901,1325,1441,1549,1464,1562,1662,139325,139468,128776
"1686",184.06085,1.134,0,1908,0,0,0,0,715533,777226,720932
"1691",184.13351,0.601,2094,8456,1882,2627,1410,2780,326545,457485,483308
"1692",184.13359,1.306,1778,2300,1546,0,1473,1586,2690759,3347558,2856213
"1723",185.03262,0.502,254755,270846,168754,175370,183701,203591,12117481,12538781,12612278
"1724",185.10774,5.409,66107,15044,19293,7784,24415,30143,456579,608862,511943
"1742",186.07649,0.966,6476,8124,7823,4582,5684,5206,1179316,1224751,1158155
"1749",186.14926,2.478,7944,10847,12021,21094,11799,7871,6266793,6197889,5786614
"1750",186.14934,1.933,12088,6093,7219,3581,8823,7093,1008429,996745,1004549
"1784",188.07083,1.823,8312,28537,11175,23160,29001,13166,81438752,86077408,79460528
"1801",188.16493,2.65,6347,18744,16724,8639,2895,9868,259602,234660,223328
"1811",189.12759,2.994,0,1728,3220,3405,2253,1349,76237,71484,89800
"1822",190.08237,0.636,27206,24674,18891,18833,19767,18795,233005,219020,271022
"1848",191.14345,6.633,13966,6615,6092,3462,12738,4002,271667,303740,294382
"1855",192.06595,1.343,0,0,1683,0,0,0,156664,193323,169518
"1868",193.05011,3.244,1686,1173,1264,0,1549,1313,125470,123994,125956
"1869",193.07098,0.563,0,0,0,0,0,0,1640694,1530620,1419910
"1872",193.09729,1.317,0,0,0,0,1439,0,53565,31121,44206
"1895",193.30095,2.168,0,0,0,0,0,0,69735,66250,64110
"1898",194.08168,2.543,0,0,1528,2632,0,0,165470,193818,185858
"1957",197.05417,0.603,0,0,0,0,0,0,773037,862109,793973
"1959",197.08119,1.544,17949,10354,12271,12641,12821,5645,266441,255510,207220
"1961",197.08127,2.223,18142,26731,9678,8973,27965,12162,252795,248286,279928
"1962",197.09645,5.326,0,0,0,0,1333,0,29109,32862,34269
"1969",197.11763,3.499,48736,64404,156618,109050,79120,63887,53593528,54214272,50024776
"1983",198.07399,0.879,2217,0,0,0,1805,0,423304,519191,387777
"1984",198.07652,2.067,1433,0,1585,0,2080,2786,576118,544637,436940
"2012",199.06358,0.573,0,2174,0,1662,0,0,567747,585050,541181
"2015",199.10788,1.423,0,0,0,0,1668,1249,137389,123474,102931
"2028",200.1283,0.966,13224,15845,13478,8454,16104,10304,264730,275182,351318
"2029",200.12843,1.405,16909,7566,19277,15884,7210,5147,243029,269716,220070
"2034",200.16455,2.946,2302,4935,2116,12689,1199,4121,46767,42216,49872
"2037",200.16496,3.27,16681,9456,2173,5224,1840,7419,385465,368826,224709
"2074",202.05377,2.854,0,0,0,0,0,0,149255,144890,90320
"2076",202.08661,2.594,0,0,0,0,0,0,248730,269186,275982
"2106",203.05278,0.529,580745,1388505,999748,561365,656030,493529,43685816,40922668,43962560
"2113",203.15068,0.506,0,0,1985,1663,0,0,1342388,1478087,1486741
"2122",204.06587,2.989,0,0,0,1304,0,1046,97752,105166,132264
"2133",204.15974,1.731,3533,2255,2362,5203,4304,5043,104467,105915,105976
"2148",205.12276,2.061,3397,3699,3812,3362,1802,0,321057,322135,282016
"2157",206.04521,1.623,0,0,0,0,0,0,1091078,1218779,1124921
"2158",206.07947,2.273,0,1480,0,0,1345,0,126581,105093,99543
"2173",207.01459,0.514,0,0,0,3441,0,0,2918698,3191232,2717832
"2184",207.13837,2.574,16941,16188,12658,19132,11067,6995,3189924,3243052,3044964
"2185",207.13841,2.848,20116,25142,19507,22887,18484,13170,443204,449738,422153
"2187",207.20692,0.492,0,0,0,0,0,0,140919,222326,194165
"2192",208.05832,1.85,0,0,0,0,0,0,442138,483235,435701
"2195",208.09723,3.072,3393,0,3173,0,1302,0,141474,155267,147250
"2214",209.09233,1.815,3884,1878,1428,1345,3210,3805,310935,495598,335032
"2225",209.15407,2.53,57866,58337,23424,33757,52949,49526,671940,697858,822852
"2226",209.15407,2.81,44244,75074,80521,43607,16686,56601,1993254,2139571,1874259
"2276",211.16942,4.394,70540,35048,35218,58810,63876,50734,653221,593739,546794
"2280",211.16965,3.489,11863,15346,18578,16923,20375,17095,779840,802995,725882
"2282",211.16969,3.105,24581,39235,24609,16704,20756,11965,479652,475699,449581
"2314",213.07594,2.017,9776,13746,2349,9330,10245,9099,145235,159812,146205
"2315",213.076,1.795,10483,2019,7362,7926,10724,6176,286032,271691,250475
"2316",213.08711,1.237,0,0,0,0,0,0,165866,197758,168546
"2344",214.10762,1.942,7483,4780,2951,1987,3898,12170,163877,167013,134953
"2351",214.18044,2.92,12436,19522,14254,12529,10999,21463,535465,596650,605886
"2352",214.18053,3.374,1628,3500,7696,1725,1860,5595,301518,299096,280756
"2373",215.13924,0.886,2017,0,0,0,0,0,155048,209320,151712
"2406",217.08153,9.209,2065,9073,1844,5608,2147,1872,108448,112865,71249
"2408",217.0975,2.255,30389,27769,19772,30881,29015,20981,9717474,9921414,9181038
"2413",217.10762,1.063,1981,8225,2128,1501,3343,7184,191913,203495,184170
"2414",217.12961,0.575,0,0,0,0,0,1850,12131592,12038688,12393188
"2426",218.04283,0.476,0,0,0,0,0,0,3178619,3031270,3025948
"2429",218.10274,2.094,3456,5816,5037,8045,8696,2382,143601,158578,142811
"2446",219.09981,3.232,10293,10714,9699,18762,10748,10146,184508,165601,169112
"2448",219.10161,3.045,0,1265,1755,801,3407,1231,33979,54186,41102
"2476",220.0607,2.559,0,0,1459,2828,1370,0,66592,60577,70258
"2479",220.10832,1.373,2088,0,0,0,0,1411,46405,44299,30838
"2481",220.11844,1.608,9105,8633,1941,1466,3520,9520,975495,962043,897504
"2489",220.13364,5.314,49507,10614,13861,10692,23776,10404,1065695,1127304,1109805
"2499",221.09206,1.46,1990,0,0,0,0,0,212239,196288,174306
"2501",221.09242,0.888,0,0,0,0,0,0,927703,1019431,802058
"2502",221.09245,1.063,0,0,0,0,0,1794,826464,809012,751300
"2513",222.07442,1.66,0,0,0,0,0,0,77330,76020,68604
"2555",223.13336,2.266,26614,22184,14980,22245,19206,14839,206797,199207,216793
"2569",224.1134,0.51,4412,0,1394,4424,1347,1508,566842,532949,519107
"2590",225.03481,0.519,8648,4376,7657,1781,7059,7003,428922,358375,326649
"2620",226.10762,2.787,2226,2335,3558,3542,1582,1494,105073,93127,60216
"2636",226.18051,3.047,2656,0,0,0,0,0,60489,86290,69869
"2679",228.08701,2.644,0,1466,0,0,1326,0,510974,520661,377768
"2681",228.10286,2.285,0,0,1524,0,0,0,33241,40675,37994
"2708",229.0688,0.866,0,0,0,0,0,0,225974,234330,164233
"2710",229.10753,1.205,1581,1968,2097,0,0,0,274426,302679,277197
"2712",229.11867,1.881,58507,22115,23744,26787,13895,14223,306832,339446,309655
"2720",229.15488,0.936,2293,0,0,0,0,0,1811202,2033186,1668725
"2721",229.15498,0.525,16605,16075,2625,3997,3167,5112,2847250,3124073,3028185
"2754",231.08453,0.838,0,0,0,0,4225,0,817423,901814,872565
"2776",232.19092,2.229,1783,1401,1753,0,3710,0,70199,75167,74618
"2777",232.19119,2.36,2526,1631,1573,3699,2150,2752,506724,501906,434558
"2784",233.06351,0.603,0,0,0,0,0,0,2335819,3261584,3189411
"2789",233.09013,1.334,0,1871,0,0,0,0,150213,156040,135532
"2790",233.09213,3.155,1626,1394,0,1305,0,0,69801,85490,67025
"2816",234.0975,1.958,0,0,4028,0,0,0,381046,377012,377098
"2817",234.09804,0.54,2977,0,0,0,1757,0,1522770,1605906,1512546
"2820",234.13376,1.556,2671,4476,3605,9209,8081,3548,129159,107519,112063
"2845",235.14449,1.875,0,1848,0,0,0,0,699255,699476,678170
"2896",237.07382,3.094,0,1863,3140,1199,0,988,85042,89020,51129
"2897",237.08713,1.444,0,0,1993,0,1987,3131,281399,210530,267204
"2901",237.08742,1.334,0,0,0,0,1848,3131,262136,259247,239511
"2904",237.11229,1.855,2420,1480,2155,11729,1889,5608,247345,286256,283110
"2929",238.10736,2.104,3605,3292,0,1319,1728,3370,60920,53613,34182
"2949",239.01648,0.421,0,0,0,0,0,0,36561,58101,56485
"2952",239.09532,1.753,5574,6194,4861,10934,8030,10390,547812,608484,558947
"2965",239.17563,1.282,0,0,2232,0,0,0,428479,431935,430902
"2974",240.16,2.524,1689,12285,5608,2287,3547,1275,91004,91869,92759
"2976",240.16045,2.6,1668,1724,1434,3842,5926,1114,100781,98971,93709
"2993",241.09517,2.597,204145,2584,1818,0,0,0,365733,416589,397682
"2994",241.09636,4.686,10089,4447,1757,3140,2251,1807,72572,61375,57285
"2999",241.15503,0.814,0,0,0,0,0,0,1111569,910363,1324629
"3000",241.15503,1.032,0,0,0,3658,0,2136,871211,948361,847768
"3052",243.05338,1.827,2613,0,4075,2035,4349,4383,3664917,3729238,3258984
"3100",245.07703,0.822,0,0,0,1823,0,0,136888,91315,127147
"3102",245.10031,1.321,0,1591,6258,0,0,0,223673,238881,214192
"3105",245.12881,2.615,1294,1297,1500,0,2947,1546,63585,65158,62669
"3126",246.02908,1.06,0,0,0,0,0,0,89932,107395,97085
"3129",246.09502,0.482,0,0,0,0,4273,0,988907,846232,885707
"3132",246.14539,0.565,0,0,0,0,0,0,1052906,1048569,994030
"3141",246.18185,0.462,0,0,0,0,0,0,191936,222464,238522
"3150",247.05843,0.565,6438,1632,8325,4607,3589,3577,3531843,2479986,3467236
"3151",247.07941,0.795,0,0,0,0,0,0,746885,790980,706289
"3156",247.12927,1.29,0,0,0,0,0,1794,473128,535966,502008
"3157",247.13326,4.153,5560,1279,3142,5462,2811,3090,336775,369565,339563
"3174",248.1134,2.536,1854,2930,4210,5578,5528,1313,219584,215397,207850
"3183",248.18604,1.562,1379,0,0,0,0,0,274089,281296,257290
"3192",249.02901,0.884,0,0,0,0,0,0,202265,234071,209353
"3195",249.06134,1.819,0,0,0,0,0,0,1434793,1690364,1479126
"3203",249.12357,1.638,0,0,0,0,0,0,641230,603168,592567
"3204",249.12375,1.391,0,0,0,0,0,0,369283,361975,355339
"3210",249.18533,6.365,17599,36413,10144,29361,18263,18626,258301,273114,242535
"3211",249.18538,6.445,36088,25360,34589,36448,38018,33027,343790,384209,355500
"3231",250.12865,0.577,3040,1806,0,0,0,0,527608,653052,749735
"3260",251.13933,1.387,0,0,0,0,0,0,1109742,1194716,1079247
"3261",251.1395,1.635,0,0,0,0,0,1584,5447713,5673650,5437906
"3280",252.07164,1.381,0,0,0,0,0,0,115429,121690,108966
"3281",252.08699,2.865,0,0,0,0,0,0,121966,121247,106193
"3324",253.21655,5.22,47670,8075,13010,24112,9849,6612,288752,307400,302650
"3354",255.09813,2.036,0,0,1722,1525,1524,0,59948,55410,53837
"3374",256.08157,0.577,0,0,0,0,0,0,3278059,3241819,3391410
"3415",257.1265,1.885,0,0,0,0,0,0,45165,41411,36736
"3416",257.12854,4.906,3495,7814,3783,3132,2888,2642,641162,697286,558129
"3417",257.12866,4.273,10158,6178,4347,2212,2303,3379,205272,232023,233095
"3434",258.11038,0.53,50046,54613,69198,26005,32605,19285,55842724,60445652,59768240
"3447",258.207,2.837,16242,9323,5511,6995,17171,14650,151464,164825,142924
"3471",259.20609,9.454,0,0,0,1880,0,0,712942,810709,735084
"3511",261.14462,1.866,0,63578,2433,2220,0,1730,234864,242569,200656
"3512",261.14499,1.96,8939,2200,1761,2220,0,1804,383865,396118,362010
"3513",261.14648,5.891,3741,5492,3216,3353,6817,3689,88959,97620,92287
"3557",263.14334,4.72,1870,1548,1430,0,6285,1333,483741,549443,521628
"3606",265.08405,4.453,0,1375,1112,1542,2206,1450,21340,27508,30831
"3609",265.11801,1.64,0,0,0,0,0,0,95635,168283,133301
"3613",265.155,2.094,66586,0,0,0,0,0,2610979,2594820,2647562
"3614",265.15512,1.859,0,0,0,0,1794,0,831291,837187,785078
"3615",265.15823,5.259,0,1175,1363,0,1294,1380,491480,557510,422931
"3617",265.15878,6.652,3708,4431,2323,1409,1538,0,1028793,1047440,922098
"3618",265.15921,5.458,3266,2086,0,0,1840,0,160878,170880,151267
"3632",266.12387,0.532,0,0,0,0,2895,0,12658173,13542872,13184188
"3633",266.12411,2.745,0,0,0,0,0,0,308314,324927,268768
"3657",267.05869,0.83,0,0,0,0,0,0,169268,193070,178605
"3659",267.09766,1.006,2442,2415,2148,2747,1741,4454,340249,382009,295252
"3671",267.17453,6.688,0,1975,5790,1852,3539,2571,489641,497172,410152
"3677",268.10434,1.845,9409,8393,12110,2984,4296,6700,90589,65499,69077
"3678",268.1044,1.162,41896,13629,2048,8586,3422,3778,13102627,13629962,12585514
"3691",268.17831,6.772,0,2011,0,0,0,0,37693,37910,33586
"3711",269.04034,0.611,0,0,0,0,0,0,238876,314967,281307
"3732",270.09546,0.898,0,0,0,0,0,0,86650,103366,86598
"3766",271.11597,2.087,10825,3608,1884,3767,1377,1976,124440,144869,127376
"3775",271.22702,5.208,27545,15466,10287,4947,6985,6533,236912,231102,253747
"3776",271.24228,4.924,5312,1500,0,0,0,0,33639,45706,32246
"3810",273.03925,2.189,31913,0,0,0,0,0,67614,70145,68030
"3811",273.04013,2.958,0,0,0,0,0,0,104950,101473,97390
"3813",273.09485,0.89,0,0,0,0,0,0,350034,409598,291578
"3814",273.09491,1.138,0,0,0,0,0,0,496133,537714,536327
"3820",273.18109,0.855,0,0,0,0,0,2217,79274,87225,94569
"3833",274.06909,3.495,0,0,0,0,0,0,39008,39477,38098
"3844",274.20163,2.046,3978,8919,1767,4024,1644,2670,71141,68916,79300
"3854",275.11041,0.882,0,0,0,0,0,0,1212638,1409189,1171466
"3855",275.11047,1.182,0,0,0,0,0,0,1406826,1534762,1403366
"3856",275.11053,1.054,0,0,0,0,0,0,5453564,5766864,5169556
"3865",275.20114,5.544,82203,2377,1917,2066,2612,1697,647902,423125,641406
"3867",275.20117,6.21,57754,8743,7386,6631,5824,1134,736860,920588,765197
"3868",275.20123,8.202,0,0,3052,2063,1889,1771,241865,228869,209025
"3884",276.01929,1.821,0,0,0,0,0,0,310601,323518,298903
"3897",276.21738,2.201,0,0,0,0,0,0,95417,117643,95199
"3898",276.2175,2.297,0,0,0,0,0,0,175395,163173,157965
"3921",277.08078,1.905,0,0,0,0,0,0,40238,39085,42261
"3925",277.09009,0.542,0,0,0,0,0,0,10279659,10741540,10861808
"3929",277.11893,2.804,7724,11881,12686,10591,21162,7956,276119,300282,272341
"3933",277.18033,7.007,61111,70830,51420,40411,48318,53257,986595,822820,834604
"3934",277.18042,5.901,37849,18575,31797,23053,24923,32342,559434,612747,557534
"3935",277.18045,7.197,5734,28063,44325,47717,30553,42226,799991,813616,694397
"3998",279.12106,4.9,7297,10977,22144,11363,11605,7110,112447,116301,126127
"4004",279.19601,6.721,45447,20158,32735,16969,36662,26288,553660,519325,444713
"4013",280.09241,0.525,4169,4580,4889,1813,2153,1889,26340246,26649516,25271648
"4016",280.13925,0.805,0,0,0,0,0,0,3255671,3490020,3533787
"4017",280.13943,0.585,3179,0,0,0,0,0,17485724,17552144,17760080
"4054",281.0997,1.77,0,0,0,0,0,0,94063,102151,93218
"4071",281.15436,4.716,6870,2802,2550,1628,1182,4098,140061,176785,162903
"4086",282.15512,1.202,0,0,0,0,0,0,3159359,3448511,3212946
"4088",282.15533,1.425,0,0,0,0,0,0,472327,495550,484376
"4111",283.07953,1.708,0,0,0,0,0,0,51435,51046,42393
"4116",283.16577,1.659,0,0,1787,0,4741,0,189262,200884,188173
"4128",284.09952,0.997,0,0,0,0,0,0,237740,261722,233953
"4129",284.11081,2.221,0,0,0,0,0,0,81941,92195,60951
"4133",284.12872,3.916,0,0,0,0,0,0,2907041,2870956,2667326
"4135",284.13425,1.013,0,0,0,0,0,0,197744,223977,224487
"4167",285.0842,1.241,0,0,0,0,0,0,124186,121707,114191
"4168",285.09479,2.142,0,0,0,0,1618,0,46989,40833,40448
"4171",285.13177,2.962,11073,19333,9601,11721,10458,29426,168186,184288,173212
"4185",286.14029,1.252,0,0,0,0,0,0,427276,483589,418257
"4206",287.05469,3.196,0,0,0,0,0,0,501661,515751,520871
"4207",287.05502,2.346,0,0,0,0,0,0,241702,237078,259377
"4208",287.05533,3.118,0,0,0,0,0,1510,53555,57853,53739
"4209",287.05551,3.341,0,0,0,0,0,0,63849,72412,56994
"4213",287.11035,1.804,0,0,0,0,0,0,163443,123478,127278
"4215",287.11053,1.421,0,0,0,0,0,0,2068645,2060459,1846292
"4216",287.11084,1.582,0,0,0,0,0,0,480253,359278,433417
"4218",287.13708,2.048,0,0,0,0,0,0,461815,424611,461047
"4236",288.1058,0.512,0,0,0,0,0,0,1153156,1201924,1088033
"4239",288.18127,2.17,6558,5341,1518,4084,5295,6335,140530,126151,130254
"4260",289.12595,1.37,0,0,0,0,0,0,379582,387468,333202
"4261",289.12631,1.744,0,0,0,0,0,0,244817,243567,151011
"4263",289.12659,1.614,0,0,0,0,0,0,335184,352317,328434
"4266",289.15887,5.964,0,0,0,0,2033,0,233478,204078,221814
"4302",291.09567,2.03,0,0,0,0,0,0,70481,86485,107088
"4308",291.19556,3.727,9399,1762,3493,3096,1760,1682,198474,262717,179664
"4310",291.19592,5.753,31282,8756,6733,6148,2322,9407,3359721,3568633,3237960
"4311",291.19598,4.636,18472,5180,3253,1213,6632,5363,166787,149657,152168
"4313",291.19604,5.667,55460,22159,10107,12208,4958,6170,3393538,3667779,3421896
"4317",291.23215,8.563,30158,18199,31263,29447,25430,37546,386345,332413,276052
"4329",292.21198,1.87,0,0,0,0,0,2586,59208,53569,47910
"4353",293.09952,2.45,1987,3185,4971,1295,1911,3189,55798,70543,61282
"4359",293.1344,0.575,0,0,0,0,0,0,324841,300363,336635
"4371",293.21155,4.712,15199,7583,16619,10735,8331,9159,1190142,1340484,1243376
"4372",293.21161,7.487,5182,26215,29681,66772,27598,37189,1304621,1328827,1122496
"4373",293.21164,5.039,28093,9165,1586,4287,1365,5666,1458957,1616055,1390966
"4374",293.21164,7.555,19975,39760,26259,34082,12366,21275,1300702,1302104,1097615
"4384",294.155,0.591,0,0,0,0,0,0,2621566,2623762,2642932
"4385",294.15509,0.922,0,0,0,0,0,0,3588580,3789414,3680090
"4387",294.15518,0.866,0,0,0,0,0,0,2493600,2705080,2648205
"4419",295.07965,0.992,0,0,0,0,0,0,46597,44122,45951
"4421",295.12933,2.128,0,0,0,0,1565,0,758393,753794,720812
"4439",295.22726,8.036,37686,93895,96920,81100,64566,51747,1650650,1598421,1378393
"4440",295.22736,7.933,208062,49832,76374,137923,44289,62411,1420929,1472967,1309213
"4444",296.0661,0.519,0,0,0,0,0,0,16797404,18726008,20383778
"4449",296.13443,0.886,0,0,0,0,0,0,80038,69004,98811
"4485",297.13174,4.41,32558,18080,23786,15716,14738,9881,237109,238498,254578
"4486",297.14468,9.208,0,0,1945,2239,1900,1733,88351,101034,62780
"4504",298.14441,5.144,0,0,1617,0,0,0,30003,30442,28943
"4537",299.16425,5.262,46925,38421,43783,8089,14452,46684,817325,875604,744552
"4543",299.20093,5.966,0,2664,0,0,0,0,194001,244069,230494
"4555",300.1058,0.933,0,0,0,0,0,0,821124,951792,763808
"4580",301.03442,2.168,0,0,0,0,0,0,861774,887568,861227
"4582",301.03476,3.093,0,0,0,0,0,0,95437,111870,98232
"4583",301.08969,0.88,0,0,0,0,0,0,260841,294665,279482
"4585",301.11877,3.986,0,0,1163,0,0,1273,1215609,1257837,1091564
"4588",301.12631,1.685,0,0,0,0,0,0,365988,359511,339390
"4603",302.12411,2.398,59967,0,0,0,0,0,130350,142021,134326
"4604",302.12436,2.003,0,0,0,0,0,0,182193,187731,170447
"4608",302.19705,2.627,1496,4277,2269,4009,1522,2787,97420,90709,86810
"4621",303.04974,2.958,0,0,0,0,0,0,2395547,2397996,2318948
"4623",303.0502,3.091,0,0,0,0,0,0,358091,363941,357878
"4627",303.09561,0.478,0,0,0,0,0,0,240547,147856,209113
"4628",303.10519,0.82,0,0,0,0,0,0,447584,469941,407118
"4629",303.10544,1.651,0,0,0,0,0,0,135644,130718,105613
"4631",303.13437,4.166,14331,24429,16088,18775,13820,32062,253761,247519,224886
"4633",303.15707,4.832,1647,3285,2162,1892,3088,1919,68014,72523,66224
"4650",304.07922,2.858,0,0,0,0,0,0,25537,25455,24810
"4651",304.07971,0.805,0,0,0,0,0,0,105388,106090,91586
"4655",304.1503,0.523,0,0,0,0,0,0,1927031,2223573,2245451
"4686",305.12076,0.816,0,0,0,0,0,0,3525981,3716268,3575879
"4688",305.15048,3.254,2075,6088,1357,1083,0,0,106100,118008,112119
"4729",307.04449,0.98,0,0,0,0,0,0,415972,426251,408065
"4734",307.12973,2.752,0,0,0,0,0,0,144349,156076,141923
"4739",307.1687,1.779,0,0,0,0,0,0,403178,378520,404384
"4746",307.18997,5.368,14080,15947,11520,15306,14555,28920,192668,251033,228483
"4747",307.19101,6.094,27670,46927,22220,24924,43259,38575,1493870,1592276,1428290
"4788",309.09628,3.294,0,0,0,0,0,0,193170,209590,211562
"4790",309.09659,3.675,0,0,0,0,0,0,97558,117272,102177
"4791",309.09686,3.868,1707,0,0,0,0,0,95973,114320,88441
"4794",309.12939,0.542,0,0,0,0,0,0,24863764,25441276,24542652
"4798",309.16788,4.469,42683,35504,19104,17231,25310,18588,355894,411404,367091
"4801",309.20624,5.966,24181,22477,31554,32586,15354,33443,358278,320981,334762
"4802",309.20667,5.07,12672,22921,20475,46440,8431,23332,281797,330958,282996
"4811",310.09247,2.509,0,0,0,0,0,0,57529,52113,50995
"4812",310.12912,1.425,0,0,0,0,0,0,485995,463659,492851
"4813",310.15012,1.606,0,0,0,0,0,0,178439,185698,162188
"4832",311.11243,1.453,0,0,0,0,0,0,165281,185898,163821
"4845",311.22006,5.202,22105,17139,14096,4581,21021,9669,284599,212195,210458
"4857",312.16562,2.224,0,2298,0,0,1434,0,143466,154181,123335
"4912",314.09225,1.012,0,0,0,0,0,0,2002157,2109934,1824389
"4914",314.13885,3.822,31237,1407,1832,1021,0,1476,61273,64171,63982
"4915",314.13922,4.035,1316,1999,0,1541,0,0,3102323,2862890,2764747
"4941",315.10522,1.383,0,0,0,0,0,0,477716,508124,436125
"4945",315.14191,1.964,0,0,0,0,0,0,93426,91905,83461
"4958",316.10083,0.914,0,0,0,0,0,0,551384,633728,448147
"4980",317.06653,3.25,0,0,0,0,0,0,29862,27727,26467
"4986",317.15033,5.015,0,0,0,0,0,0,476440,506938,295873
"4991",317.20956,7.228,10830,6556,2484,1804,5647,2757,530913,539911,455733
"4995",318.02548,0.523,0,0,0,0,0,0,170050,224553,234832
"4996",318.04031,1.196,0,0,0,0,0,0,58810,66372,50512
"4998",318.15533,2.168,1960,0,0,0,0,1534,174102,183812,183023
"4999",318.15533,1.987,0,0,0,0,0,0,185868,192893,166980
"5022",319.06027,2.257,0,0,0,0,0,0,32878,32970,32276
"5023",319.10004,0.591,0,0,0,0,0,0,1152131,1267886,1238143
"5026",319.12976,3.442,0,0,0,0,0,0,67609,62288,57349
"5027",319.12979,3.342,0,0,0,0,0,0,57814,76514,62682
"5028",319.12982,4.029,0,0,0,0,0,0,68960,65692,62235
"5029",319.13007,3.641,0,0,0,1278,0,0,53094,56923,56599
"5035",319.16675,3.96,2422,5381,4906,3072,1263,4062,75857,59227,44127
"5040",319.22723,3.343,6522,3154,3493,5054,1208,3448,35461,45781,50567
"5049",320.17093,1.679,0,0,0,0,0,0,758294,744844,689474
"5050",320.17096,1.629,0,0,0,0,0,0,198174,190739,183618
"5075",320.25912,6.204,41674,0,0,0,0,0,365165,388993,323812
"5086",321.10944,3.08,0,1637,0,0,1184,1206,202726,225012,207678
"5089",321.14536,2.996,0,0,0,0,0,0,133152,129617,120140
"5090",321.14569,2.938,0,0,0,1330,0,0,173563,176874,143056
"5109",322.10587,3.124,0,0,0,0,0,0,82747,68028,51972
"5132",322.27472,8.047,495841,14991,4366,0,0,0,1285510,1309550,1206387
"5133",322.27481,6.604,32475,4084,2382,1409,0,0,143492,130580,115964
"5138",323.07404,1.77,0,0,0,0,0,0,73547,68426,75299
"5151",323.18384,3.942,7399,11147,11793,12908,14281,16011,150880,169859,120743
"5152",323.19653,9.209,8203,17732,7207,5244,8206,15684,544175,503207,355933
"5160",324.10599,2.414,0,0,0,0,0,0,192213,203353,168836
"5163",324.16562,1.643,0,0,0,0,0,0,37296,61747,45639
"5179",324.21796,6.098,34855,1991,1727,0,1576,0,158408,154798,141563
"5194",325.09195,3.703,0,0,0,0,0,0,126561,127216,113104
"5195",325.09229,3.37,0,0,0,0,0,0,81081,73898,78640
"5196",325.0925,3.545,0,0,0,0,0,0,78208,98469,93298
"5197",325.0928,1.848,0,0,0,0,0,0,319723,377974,349436
"5203",325.13983,1.046,0,0,0,0,0,0,174097,198794,173759
"5204",325.14023,2.41,0,0,1408,0,1418,0,265532,282812,245689
"5205",325.14032,2.559,0,0,1408,0,0,0,91439,97160,93400
"5209",325.20041,4.405,32382,27354,10894,18320,16748,6395,204064,210458,199827
"5211",325.21234,9.725,2604,0,0,0,0,2383,92220,92095,71617
"5221",326.1452,1.907,0,0,0,0,0,0,42813,42015,42110
"5256",327.12201,1.221,0,0,0,0,0,0,58225,80495,47676
"5263",327.23297,7.7,0,0,0,0,0,1605,66572,62719,54050
"5274",328.13956,1.432,0,0,0,0,0,0,2895372,3048020,3161992
"5303",329.0845,0.604,0,0,0,0,0,0,155613,129791,148231
"5304",329.08478,0.834,0,0,0,0,0,0,619947,695281,669989
"5307",329.15729,2.36,0,0,0,0,0,0,136611,96401,99925
"5313",329.23245,4.509,1941,0,0,0,0,0,38278,34059,39388
"5333",330.13455,3.645,0,0,0,0,0,0,55820,64277,57660
"5367",331.13687,1.38,0,0,0,0,0,0,130971,133404,110999
"5370",331.18866,5.755,0,1537,2278,1730,3070,2365,584712,611400,545821
"5393",332.13455,1.741,0,0,0,0,0,0,904454,993459,934599
"5422",333.05069,0.814,0,0,0,0,0,0,101360,132925,128434
"5425",333.14511,3.984,0,0,0,0,0,0,1328208,1340318,1205172
"5429",333.1752,7.22,0,2756,2932,1355,1777,0,132865,115072,110140
"5432",333.20392,5.983,5938,2300,9511,6310,7056,5307,146455,264561,222366
"5434",333.20432,6.452,28066,44782,37802,26290,26888,9323,515758,541880,486547
"5435",333.20432,6.517,15325,23352,8174,17863,10117,21001,288326,252116,257409
"5436",333.20471,6.163,6960,9212,12410,9211,5266,8896,313408,298287,286100
"5440",333.26474,4.898,0,0,0,0,0,0,52625,57600,47845
"5444",334.0899,0.496,0,0,0,0,0,0,127041,190397,173671
"5445",334.13977,2.454,0,0,0,0,0,0,174105,189569,181340
"5447",334.20224,5.882,38984,2032,0,0,0,0,101324,111658,120724
"5472",335.11035,2.971,0,0,0,0,0,0,26856,37666,21674
"5476",335.14548,1.657,0,0,0,0,0,0,155036,163193,148320
"5478",335.16089,3.358,0,0,0,0,0,0,450968,498187,443231
"5479",335.16122,3.628,0,0,0,0,0,0,505174,491690,440855
"5484",335.18338,4.093,16220,25849,19979,22698,17858,27855,97768,9094768,23269
"5490",335.21997,6.257,11131,9899,43702,22028,18524,29804,221283,237006,367684
"5500",336.09601,0.565,0,0,0,0,0,0,6672864,7134164,6758318
"5576",339.10739,2.823,0,0,0,0,0,0,288455,478705,302422
"5577",339.1077,3.105,0,0,0,0,0,0,695490,777452,728145
"5578",339.10773,4.394,0,0,0,0,0,0,217862,194388,323846
"5579",339.10782,3.948,0,0,0,0,0,0,1105170,1293774,1259748
"5581",339.10794,3.689,0,0,0,0,0,0,741959,814276,685474
"5582",339.10797,3.562,0,0,0,0,0,0,627766,734206,700165
"5583",339.10803,2.346,0,0,0,0,0,0,587874,607542,534398
"5584",339.10803,1.976,0,0,0,0,0,0,435144,465578,505828
"5585",339.10806,2.212,0,0,0,0,0,0,579049,653476,849186
"5586",339.10815,2.543,0,0,0,0,0,0,959235,600086,965312
"5588",339.14154,2.91,2580,1793,1852,7800,5256,2146,186561,189086,172503
"5589",339.14203,2.625,2574,3863,4271,4753,9098,7299,985983,1011387,904785
"5598",339.19141,7.222,0,8380,9807,9054,2417,5078,912420,867024,804684
"5599",339.19168,7.3,0,5870,5547,8665,7895,16075,564082,589448,499049
"5611",340.10092,1.387,0,0,0,0,0,0,65818,49094,53467
"5625",340.28619,7.236,0,0,0,0,0,1640,36581,29528,34686
"5633",341.05139,0.569,0,0,0,0,0,0,433383,507964,486764
"5634",341.08734,2.034,0,0,0,0,0,0,56786,62871,72971
"5635",341.15695,2.067,2139,0,0,1445,0,1444,43121,54037,48321
"5637",341.20721,7.708,0,0,2235,1416,2076,2145,361358,351031,308431
"5654",342.14011,0.48,0,0,0,0,0,0,445548,481221,428708
"5656",342.15552,1.791,0,0,0,0,0,0,163228,179740,152383
"5663",342.22876,5.761,74132,11567,8171,6228,8325,12283,342869,316807,321384
"5678",343.07904,1.983,0,0,0,0,0,0,30329,30862,30773
"5680",343.12552,1.807,3890,7668,4018,1603,2635,4978,86085,114342,97028
"5684",343.13654,1.731,0,0,0,0,0,0,77827,92217,84425
"5691",343.17557,2.441,2032,0,1576,0,0,0,131232,149376,136703
"5714",344.134,0.814,0,0,0,0,0,0,246294,259150,242532
"5716",344.13437,2.239,0,0,0,0,0,0,12291385,12833506,11590771
"5717",344.14981,4.14,0,0,0,0,0,0,811262,791914,696674
"5718",344.15063,3.04,0,0,0,0,0,1172,29249,38175,35827
"5740",345.13388,2.669,0,0,0,0,0,0,630708,650348,576676
"5741",345.14539,1.209,0,0,0,0,0,0,103782,112341,96076
"5744",345.1525,1.85,0,0,0,0,0,0,454824,422705,417309
"5765",346.09048,2.686,0,0,0,0,0,0,59756,55175,49471
"5767",346.11365,1.065,0,0,0,0,0,0,776457,816519,760758
"5768",346.15048,2.094,0,0,0,0,0,0,144400,148231,135647
"5769",346.16544,7.028,88092,75323,57736,49269,50874,52293,503729,772219,702985
"5770",346.17148,0.577,0,0,0,0,0,0,250385,237134,191009
"5775",346.25952,4.688,508880,10153,14730,6797,4545,4368,4730475,5198120,4711294
"5776",346.25955,4.854,311162,2198,7672,1901,3353,4938,562754,642183,520917
"5799",347.16357,4.802,0,0,0,0,0,0,52120,52289,32794
"5810",348.12973,1.121,0,0,0,0,0,0,162064,189456,160557
"5816",348.20193,2.036,0,0,0,0,0,0,188462,222815,318797
"5832",348.27487,2.81,0,0,0,0,0,0,81626,82775,72715
"5846",349.08963,2.308,0,0,0,0,0,0,1532326,1677875,1792463
"5876",350.21808,2.867,0,0,1465,0,0,0,409713,414745,393655
"5929",351.21457,4.866,46384,32968,85972,53166,66152,64267,797175,883853,792615
"5930",351.21478,4.712,9945,8337,21748,13566,22995,12290,2309146,2536874,2201688
"5931",351.215,5.039,44197,44441,33171,58825,50379,69164,2156527,2350400,2086770
"5938",351.25351,5.837,2057,1674,0,0,2016,0,219654,222445,216804
"5939",351.25357,5.775,2574,0,0,0,2016,0,192486,220394,196949
"5942",351.25394,5.377,0,2214,0,0,0,0,125882,147698,125279
"5946",352.117,3.268,0,0,0,0,0,0,70011,71116,62847
"5948",352.16086,2.549,0,0,0,0,0,0,339893,375308,326778
"5950",352.19751,2.306,0,0,0,0,0,0,117558,124139,113244
"5974",353.06497,1.731,0,0,0,0,0,0,42454,46673,40581
"5976",353.08478,1.616,0,0,0,0,0,0,256921,254746,235876
"5980",353.1207,2.193,0,0,0,0,0,1382,181719,198378,163062
"5982",353.13467,1.954,0,0,0,0,0,0,181118,198250,220228
"5983",353.13522,2.075,0,0,0,0,0,0,153629,166924,157149
"5993",353.26944,7.438,25799,2415,0,5212,3644,3963,255500,275373,255510
"6015",355.10141,2.444,0,0,0,0,0,0,105475,109561,89859
"6016",355.10275,2.179,0,0,0,0,0,0,3513252,3643872,3515470
"6017",355.10275,2.233,0,0,0,0,0,0,3452176,3752191,2682825
"6018",355.10278,1.841,0,0,0,0,0,0,19081040,22183106,20869588
"6019",355.10294,1.082,0,0,0,0,0,0,415824,506114,442377
"6020",355.10315,1.323,0,0,0,0,0,0,292279,317436,302970
"6025",355.13693,1.387,0,0,0,0,0,0,173231,162370,166034
"6026",355.15063,1.661,0,0,0,0,0,0,168014,162364,157743
"6027",355.15094,1.576,0,0,0,0,0,0,90963,115609,84392
"6031",355.17331,2.956,2015,0,0,0,1469,0,265326,261590,244661
"6037",355.24652,4.892,0,0,0,1710,0,0,38191,56826,36069
"6047",356.24417,5.141,60415,4142,2511,1554,0,1799,108404,124405,135935
"6060",357.11584,2.519,0,0,0,0,0,0,65983,76622,71465
"6067",357.18903,3.973,3169,1373,0,1435,1060,1202,803255,844762,793996
"6068",357.18909,4.048,1312,1373,0,1435,1060,1996,296957,309395,268873
"6083",358.12274,0.514,0,0,0,0,0,0,133032,131347,82635
"6087",358.17078,1.2,0,0,0,0,0,0,147201,152216,158911
"6113",359.17047,2.462,0,0,0,0,0,0,161295,174450,164866
"6114",359.17065,2.644,0,0,1693,0,0,0,402793,448839,413103
"6137",360.12939,2.434,0,0,2509,0,0,0,157910,156701,147190
"6139",360.15048,0.554,442857,429382,607367,364026,331387,330231,375377696,391575552,380305568
"6157",361.04968,0.512,0,0,0,0,0,0,381270,333657,282733
"6158",361.09015,1.386,0,0,0,0,0,0,56345,67546,60763
"6159",361.09039,2.15,0,0,0,0,0,0,249887,295326,267485
"6161",361.11023,3.735,0,0,0,0,0,0,137728,129171,113468
"6163",361.13852,1.427,0,0,0,0,0,0,166621,177212,146390
"6186",362.14542,1.92,0,0,1552,0,1500,1666,132056,145389,124820
"6205",363.03363,0.618,0,0,0,0,0,0,85091,89354,65424
"6209",363.12619,4.759,0,0,0,0,0,0,107580,102687,115705
"6211",363.15366,8.375,0,2730,0,0,0,2716,43283,48132,41340
"6212",363.17761,0.493,0,0,0,0,0,0,191360,133006,154955
"6214",363.21439,5.947,0,4016,7749,3983,1762,2214,40443,54286,66588
"6227",364.13742,1.797,0,0,0,0,0,0,750771,763377,671925
"6264",365.08484,1.985,0,0,0,0,0,0,273320,290682,280055
"6267",365.10577,0.548,334136,156588,534608,201818,327576,200029,214258800,214211792,206011824
"6272",365.13577,2.83,0,0,0,1193,0,0,87614,92971,79377
"6278",365.17184,3.244,0,0,0,0,0,0,567945,603743,551015
"6287",365.19431,4.604,45651,11578,25048,8009,10185,15246,235541,248493,218503
"6288",365.22989,5.771,0,0,2450,5223,2168,4066,185364,202272,122577
"6290",365.23212,5.323,4744,3700,4384,8826,1674,2342,59711,65836,56397
"6291",365.23276,5.249,2975,3881,1583,1594,2168,1668,86248,80445,77916
"6296",365.26892,7.895,12613,1833,5487,2352,1975,3808,164883,170169,169215
"6300",366.17673,3.444,8663,4694,7531,906,2107,10787,206596,211562,180782
"6310",366.21295,2.083,0,0,0,0,0,0,128985,148156,123751
"6332",367.10059,1.903,0,0,0,0,0,0,394465,400995,357479
"6333",367.13638,2.128,0,0,0,0,0,0,181244,174034,175656
"6334",367.15012,1.827,0,0,0,0,0,0,2163298,2377253,2350556
"6336",367.15076,2.302,0,0,0,0,0,0,3531518,3561066,3209488
"6343",367.2099,3.737,2266,9477,11617,14735,8406,8379,1188361,733718,968438
"6346",367.26419,8.786,0,2748,2326,0,0,2232,194404,166373,128181
"6367",368.22806,2.189,0,0,0,0,0,0,39823,47299,29596
"6380",369.08209,1.839,0,0,0,0,0,0,235396,197079,262178
"6383",369.1156,3.603,0,0,0,0,0,0,96902,102173,118491
"6384",369.116,0.91,0,0,0,0,0,0,230817,267062,235499
"6385",369.11627,1.449,0,0,0,0,0,0,3185070,3437310,3063871
"6386",369.11652,2.055,0,0,0,0,0,0,59778,55735,81471
"6388",369.11816,3.892,0,0,0,0,0,0,101952,112671,103948
"6389",369.11862,2.308,0,0,0,0,0,0,4709756,4856268,4761405
"6390",369.11868,2.702,0,0,0,0,0,0,1044476,1081786,852090
"6394",369.16629,2.248,0,0,0,0,0,0,376005,407100,371045
"6395",369.1669,2.118,0,0,0,0,0,0,503151,500924,478941
"6408",370.11392,2.452,0,0,0,0,0,0,229981,233073,214045
"6409",370.17096,0.557,0,0,0,0,0,0,1340472,1304781,1260082
"6410",370.20779,0.818,0,0,0,0,0,0,193961,230777,196628
"6431",371.16794,2.174,0,0,0,0,0,0,235310,234489,211615
"6432",371.16837,2.958,0,0,0,0,0,0,144628,165248,141014
"6437",371.20724,3.291,21298,20219,15603,16588,16150,11196,195387,214450,171087
"6451",372.10324,1.441,0,0,0,0,0,0,34757,52468,39566
"6453",372.18701,1.706,0,0,0,0,0,0,195559,197051,186312
"6454",372.18707,1.623,0,0,0,0,0,0,193027,197906,190359
"6468",373.14014,3.305,0,0,0,0,0,0,70999,82844,72332
"6469",373.14755,1.813,0,0,0,0,0,0,58435,65070,69632
"6471",373.17639,5.423,0,0,0,0,0,0,101268,111344,108455
"6473",373.18359,2.485,1905,1335,1466,3739,1712,1546,210191,198163,188238
"6476",373.22275,3.107,0,0,0,0,1516,0,201956,210877,201226
"6494",374.14514,2.389,0,0,0,0,0,0,890320,879904,794625
"6495",374.14523,2.555,0,0,0,0,1712,1598,125762,141470,146358
"6496",374.14529,2.962,0,0,0,0,0,0,259886,259497,239424
"6520",375.10843,5.906,0,0,0,0,0,0,30326,30611,20468
"6523",375.1561,3.348,0,0,0,0,0,0,132510,132604,117738
"6524",375.16763,7.221,0,3066,0,0,0,0,21978,37105,30916
"6525",375.16779,7.3,0,3066,0,0,0,0,19859,32908,21602
"6526",375.21222,5.415,4090,2290,2611,2309,0,1970,47252,49587,45931
"6527",375.21304,4.976,3094,1642,1467,1659,1812,2640,47431,59225,55712
"6531",375.26962,9.087,0,0,0,0,0,0,137457,119172,86710
"6540",376.1008,0.464,0,0,0,0,0,0,94255,82685,74149
"6544",376.21713,7.708,0,3144,0,1681,9442,2999,45669,49941,37797
"6545",376.22559,6.21,2946,1335,2002,2285,1748,1925,69091,82557,71921
"6546",376.2337,2.825,9292,0,0,0,0,0,52375,58361,75223
"6575",378.11749,0.525,0,0,0,0,0,0,146575,144137,99068
"6577",378.13965,0.86,0,0,0,0,0,0,93154,95612,94922
"6599",379.1004,2.462,0,0,0,0,0,0,2569692,2669482,2864407
"6668",382.14777,2.26,0,0,0,0,0,0,65364,77628,63717
"6690",383.1319,2.015,0,0,0,0,0,0,1412749,1416135,1284888
"6691",383.14554,1.099,0,0,0,0,0,0,1069056,1135294,1079008
"6692",383.16193,3.992,0,0,0,0,0,0,135678,134861,107236
"6694",383.16626,4.116,2070,1787,2253,2636,1608,0,106228,118660,106153
"6706",384.08533,0.625,0,0,0,0,0,0,71445,76065,74546
"6707",384.11722,1.597,0,0,0,0,0,0,29056,32316,26373
"6708",384.14496,3.134,0,0,0,0,0,0,1059575,1398466,1214627
"6744",386.10858,2.243,0,0,0,0,0,0,496973,529843,406659
"6745",386.14508,2.328,0,0,0,0,0,0,465193,499024,475097
"6749",386.20248,2.166,0,0,0,0,0,0,395534,407500,369650
"6750",386.20279,2.075,0,0,0,0,0,0,253890,272797,245468
"6752",386.21774,1.62,0,0,0,0,0,0,53152,51330,51769
"6789",388.12415,1.358,0,0,0,0,0,0,1636200,1702657,1601808
"6790",388.12415,1.657,0,0,0,0,0,0,352652,379195,348670
"6791",388.12424,2.187,0,0,0,0,0,0,33630,39319,38162
"6792",388.12448,1.09,0,0,0,0,0,0,1399105,1575751,1563119
"6794",388.16092,3.378,0,0,0,0,0,0,48870,49290,41120
"6812",389.13559,3.495,0,0,0,0,0,0,50478,55148,32538
"6814",389.17142,3.91,0,0,0,0,0,0,520740,519514,475018
"6820",389.24753,4.86,1952,1667,5734,3592,2549,3659,365575,360492,369896
"6837",391.10056,2.31,0,0,0,0,0,0,1543714,1650060,1617406
"6841",391.18393,9.209,0,0,3565,1994,1787,2289,490794,494950,420999
"6844",391.20859,0.534,0,0,0,0,0,0,176408,124222,140392
"6845",391.24603,6.765,0,2191,2510,4171,2482,2526,358542,326675,320012
"6846",391.24649,6.7,0,1752,2510,4171,2482,2526,598944,549996,510439
"6861",392.15598,1.991,0,0,0,0,0,0,144361,160501,151834
"6862",392.15622,1.772,0,0,0,0,0,0,193391,201776,178912
"6881",393.13724,1.057,0,0,0,0,0,0,230363,249095,213967
"6887",393.18939,3.402,1372,1393,6563,1206,1776,6157,185463,176790,181721
"6888",393.20053,9.727,14963,14334,6314,14012,5273,13689,132611,169494,111164
"6893",393.26218,7.21,0,6202,7180,3185,17204,1737,153205,157131,155790
"6894",393.27905,9.098,0,0,0,0,0,0,144503,116784,91631
"6908",394.17114,1.544,0,0,0,0,0,0,358140,387629,393720
"6910",394.20731,2.635,0,0,0,0,0,0,35439,35122,34726
"6911",394.20813,2.497,0,0,0,0,0,0,104430,109110,96458
"6919",394.25851,3.947,13295,0,0,0,0,0,56537,49263,38953
"6940",395.2048,3.489,3697,1451,5308,10788,3349,9507,735616,712515,630262
"6944",395.33151,3.903,0,0,0,0,0,0,36322,44259,37974
"6945",395.33151,4.015,0,0,0,0,0,0,111965,111429,102264
"6957",397.09024,2.229,0,0,0,0,0,0,140974,139280,120635
"6959",397.11133,1.811,0,0,0,0,0,0,617258,641377,592473
"6960",397.11169,1.676,0,0,0,0,0,0,92051,90282,83576
"6962",397.13181,4.406,0,0,0,0,1310,0,516389,533518,544363
"6963",397.13196,3.781,0,0,0,0,1416,0,235830,203673,219052
"6964",397.13251,4.983,0,0,0,0,0,0,331404,400014,347248
"6974",398.20279,2.33,0,0,0,0,0,0,311020,324967,273348
"6976",398.20404,2.15,0,0,0,0,0,0,45721,44330,49767
"6994",399.12601,1.383,0,0,0,0,0,0,129577,126432,105107
"6996",399.12717,1.095,0,0,0,0,0,0,393609,474560,422003
"7002",399.17706,2.203,0,0,0,0,0,0,324343,339690,265480
"7017",399.27252,4.425,10942,5112,2061,3119,3907,1212,72244,69527,86597
"7019",400.13962,3.147,0,0,0,0,0,0,68901,90402,70987
"7020",400.14001,3.246,0,0,0,0,0,0,171420,229891,172733
"7026",400.21872,2.64,4901,4804,8277,10237,11129,11058,404860,398874,360763
"7027",400.21872,2.561,0,0,0,0,0,0,487052,467227,450828
"7033",401.15384,1.655,0,0,0,0,0,0,61226,37224,41912
"7044",402.16101,0.888,0,0,0,0,0,0,356501,375652,363284
"7066",403.1485,2.965,0,0,0,0,0,0,51500,59978,33833
"7075",403.26474,5.288,0,0,0,0,0,0,174754,195538,151489
"7081",404.11902,2.185,0,0,0,0,0,0,128724,155206,131225
"7088",404.22861,2.568,0,0,0,0,0,1722,597041,600600,553600
"7102",405.11578,2.931,0,0,0,0,0,0,43651,37861,32105
"7103",405.12714,1.104,0,0,0,0,0,0,101038,127306,107101
"7104",405.13025,3.312,0,0,0,0,0,0,208726,231028,205033
"7105",405.13068,3.471,0,0,0,0,0,0,39353,43140,42767
"7117",405.27963,5.679,0,0,0,0,0,0,127494,134745,135273
"7123",406.17139,2.223,0,0,0,0,0,0,748973,800855,708437
"7136",407.11713,0.882,0,0,0,0,0,0,248174,238602,243784
"7140",407.15286,1.495,0,0,0,0,0,0,207045,285471,264230
"7142",407.16931,2.705,0,0,0,0,0,0,34752,29386,29951
"7149",407.24072,5.144,2153,0,1634,1813,0,1207,98206,94227,79121
"7150",407.25903,6.295,0,0,0,0,0,0,156705,170282,142494
"7160",408.15109,1.008,0,0,0,0,0,0,86181,76854,68931
"7161",408.18613,2.293,0,0,0,0,0,0,57292,43985,51449
"7175",409.11093,2.485,0,0,0,0,0,0,391274,425376,453953
"7176",409.11203,2.383,0,0,0,0,0,0,86410,91582,79602
"7185",409.18399,2.574,24735,1213,18468,23765,23706,19392,3308244,3420947,3078538
"7186",409.18417,3.362,0,1688,1614,0,1305,1763,181237,192434,162831
"7187",409.18427,2.781,5351,0,2924,1533,0,0,607393,608599,572975
"7188",409.18439,3.196,0,1263,0,1290,3167,1049,614796,626642,545962
"7189",409.18448,3.424,0,1688,3578,0,1098,2303,165989,166072,159316
"7192",409.19498,7.707,14238,11832,4957,5912,31179,2167,179626,178784,143420
"7200",409.27435,4.554,0,0,0,0,0,0,288524,325544,293605
"7205",410.14304,2.338,0,0,0,0,0,0,100642,110919,68357
"7227",411.19974,2.81,0,1595,1524,0,0,0,1113261,1134332,985820
"7228",411.1998,2.53,0,0,0,0,1527,0,663431,556334,587467
"7229",411.19995,3.015,0,1712,0,0,0,0,335346,356535,312982
"7235",411.32718,3.581,0,0,0,0,0,0,24704,29241,21051
"7239",412.21906,2.88,0,0,1202,0,0,0,532420,558707,501948
"7240",412.21945,2.798,0,0,1202,0,0,0,1419604,1472663,1362387
"7253",413.14294,1.991,0,0,0,0,0,0,76647,89706,78929
"7259",413.2153,2.717,0,0,0,0,0,0,231565,255282,204908
"7268",414.19742,1.756,0,0,0,0,0,0,53872,57317,48551
"7270",414.19791,1.485,0,0,0,0,0,0,68214,63902,54935
"7285",415.12167,1.837,0,0,0,0,0,0,80370,58826,73290
"7286",415.13702,2.669,0,0,0,0,0,0,670540,679934,614424
"7295",415.22601,4.825,0,0,0,0,0,0,82158,93537,68174
"7316",417.04706,0.624,0,0,0,0,0,0,37662,48962,41764
"7317",417.13715,2.162,0,0,0,0,0,0,771914,810579,814172
"7326",417.24316,6.372,0,0,0,0,0,0,332825,372638,314812
"7341",418.24487,2.577,0,0,0,0,0,0,57640,51396,49391
"7342",418.24536,5.045,2976,1713,2129,3995,4903,1896,56792,63586,64626
"7349",419.13135,2.336,0,0,0,0,0,0,54244,55164,45114
"7350",419.15359,1.763,0,0,0,0,0,0,47511,54836,46155
"7353",419.25867,6.652,6776,5096,13725,15198,0,3542,10893906,10749004,9574925
"7354",419.25876,6.129,0,0,2412,0,0,0,3179243,3514138,2933106
"7356",419.25894,6.471,6776,0,13725,15198,14704,0,4294062,4385222,3774378
"7357",419.25897,7.72,2779,0,0,0,0,0,298547,291637,274587
"7360",419.25974,4.446,0,0,0,0,0,0,96926,127629,128730
"7373",420.18707,2.46,0,0,0,0,0,0,675277,653882,600510
"7374",420.18719,2.698,0,0,0,0,0,0,320475,336559,295389
"7375",420.18735,2.389,0,0,0,0,0,0,631701,638953,640728
"7377",420.22324,2.048,0,0,0,0,0,0,81733,78396,72189
"7379",420.2236,2.916,0,0,0,1415,0,0,446607,448492,416745
"7380",420.22366,2.266,0,0,0,0,0,0,141942,115342,116035
"7382",420.29688,4.406,0,0,0,0,0,0,118880,150808,121276
"7392",421.16931,1.89,0,0,0,0,0,0,86897,136152,88351
"7400",421.25897,5.58,0,0,0,2338,2775,0,183964,195827,193326
"7403",421.27481,7.741,0,0,0,0,0,0,243585,256626,247373
"7410",422.14307,2.103,0,0,0,0,0,0,121709,111045,69326
"7411",422.14536,3.374,0,0,0,0,0,0,137565,110344,104304
"7414",422.23953,2.13,0,0,0,0,0,0,139763,138160,139107
"7415",422.23978,2.376,0,0,0,0,0,0,140643,127101,129666
"7423",423.06421,0.619,0,0,0,0,0,0,193364,227209,162088
"7429",423.14835,0.82,0,0,0,0,0,0,138970,163032,119467
"7439",423.28967,4.876,0,0,0,0,0,0,776039,871902,816433
"7440",423.28992,3.749,4939,0,0,0,0,0,186227,304156,283015
"7441",423.28992,3.951,0,0,0,0,0,0,88450,92380,92401
"7442",423.29037,4.297,1815,0,1253,0,0,0,338833,349842,348450
"7461",425.08548,0.554,0,0,0,0,0,0,306774,240584,396696
"7474",425.17886,1.895,0,0,0,0,0,0,1666113,1700349,1506715
"7475",425.17889,2.059,0,0,0,0,0,0,307793,323130,300395
"7478",425.25064,4.394,0,0,1595,0,0,0,535127,349877,599253
"7485",426.04593,0.569,0,0,0,0,0,0,175922,107036,154387
"7486",426.08636,1.519,0,0,0,0,0,0,162973,179356,138769
"7510",427.19388,1.808,0,0,0,0,0,0,135277,158721,111807
"7516",427.26791,4.667,0,0,0,1658,0,0,84960,95298,79395
"7517",427.26865,5.051,2088,3132,2317,7348,4764,3590,48220,50421,49851
"7534",429.13605,1.645,0,0,0,0,0,0,34378,29982,35249
"7538",429.21072,1.958,0,0,0,0,0,0,180870,173340,152667
"7539",429.21091,2.95,0,0,0,0,0,0,87735,82066,52697
"7540",429.21143,2.172,0,0,0,0,0,0,267716,301962,242146
"7547",430.17181,3.034,0,0,0,0,0,0,94602,103713,98307
"7548",430.22998,2.426,0,0,0,0,0,0,218415,219844,180404
"7565",431.22034,6.016,0,0,7034,0,0,0,91269,57921,86053
"7582",432.31134,6.444,0,0,0,0,0,0,84500,83691,86540
"7585",433.14417,1.985,0,0,0,0,0,0,90900,86265,83569
"7590",433.23743,4.916,0,0,0,0,0,0,108760,110703,97293
"7591",433.23819,3.731,7615,8963,8384,10870,14513,9872,197665,205152,184654
"7593",433.23837,5.215,2419,6083,4499,5634,2889,4884,253153,272369,239614
"7596",433.2388,7.191,10950,21289,12769,12234,32090,14975,183419,190162,166346
"7597",433.23889,4.194,0,0,0,0,0,0,187378,216206,171043
"7605",434.12808,0.514,0,0,0,0,0,0,272660,266924,227146
"7617",435.12933,3.444,0,0,0,0,0,0,28292,32162,27338
"7619",435.14798,1.839,0,0,0,0,0,0,94867,87301,91862
"7623",435.25327,4.402,0,0,0,0,0,0,157905,175092,137693
"7624",435.25351,5.257,0,0,0,0,0,0,7214208,7717142,6632144
"7626",435.25372,9.107,0,0,0,0,2531,0,76217,80171,83357
"7628",435.25381,4.872,0,0,0,0,0,0,3234402,3886270,3362104
"7629",435.25388,6.065,21968,0,4280,3032,0,3697,343990,447512,360941
"7630",435.25397,4.054,0,0,0,0,0,0,959421,1097209,1040623
"7631",435.25397,5.344,0,0,0,0,0,0,698823,873842,777330
"7632",435.254,4.126,0,0,0,0,0,0,827963,943268,872457
"7633",435.254,5.761,0,0,0,0,0,0,1478786,1592416,1386672
"7634",435.25403,5.458,0,0,0,0,0,0,995503,1134479,970700
"7635",435.25403,6.277,0,0,0,0,0,0,253936,296721,240562
"7636",435.25421,6.394,0,0,0,0,0,0,928150,1050103,782342
"7638",435.25488,6.924,0,0,0,0,0,0,142964,130040,118919
"7645",436.1825,2.395,0,0,0,0,0,0,672943,665698,616983
"7646",436.21872,1.657,0,0,0,0,0,0,124254,146920,115381
"7658",437.14258,2.714,0,0,0,0,0,0,65006,54276,39682
"7666",437.2692,5.11,66694,0,0,0,0,0,701558,742703,698404
"7668",437.26935,9.221,0,0,0,0,0,0,218902,230477,206269
"7669",437.2695,7.216,0,0,0,0,0,0,278538,227375,193201
"7670",437.26953,4.762,2394,3924,1730,0,0,0,405944,436676,421925
"7671",437.26956,6.686,41163,3482,31600,42157,2152,40707,6133816,6440262,5334048
"7675",437.26968,6.368,0,0,0,0,0,0,764043,802327,714397
"7676",437.26974,6.945,0,0,0,0,0,0,590128,519423,547161
"7677",437.26987,6.222,0,0,0,0,0,0,706189,791191,660687
"7678",437.27011,4.615,3137,0,0,0,0,0,230331,258256,233245
"7684",438.23581,4.39,0,0,0,0,0,0,127543,166911,141391
"7693",439.05627,2.197,0,0,0,0,0,0,44834,39563,62890
"7697",439.15823,2.241,0,0,0,0,0,0,111215,109458,92203
"7698",439.19501,3.733,0,0,0,0,0,0,59695,47339,46709
"7701",439.28461,8.02,0,5586,0,0,3104,0,36975,47995,46646
"7702",439.28546,3.891,0,0,0,0,0,0,651556,641427,580984
"7706",440.11395,2.57,0,0,0,0,0,0,23135,28628,20676
"7707",440.14911,2.354,0,1337,0,0,0,0,64972,69174,66008
"7723",441.16452,3.936,0,0,0,0,0,0,101091,95360,89395
"7726",441.20966,4.846,2407,4681,3061,3608,1714,2065,90118,141396,103501
"7741",442.19843,1.614,0,0,0,0,0,0,35041,38243,34683
"7742",442.22919,2.654,0,0,0,0,0,0,854202,895762,803688
"7744",442.2959,7.622,0,0,0,0,0,0,276518,285457,297125
"7746",442.29675,7.895,0,0,0,0,0,0,102969,116860,130886
"7759",443.11697,1.581,0,0,0,0,0,0,238611,227663,210470
"7763",443.18954,4.396,0,0,0,0,0,0,159133,157004,147881
"7770",443.31616,5.206,2382,0,0,0,0,0,219593,242540,240165
"7771",443.31641,6.959,0,0,0,0,0,0,198010,199471,186430
"7772",443.31647,5.644,6809,0,0,0,0,0,229769,248481,247723
"7775",444.18753,3.299,0,0,0,0,0,0,30746,36934,34676
"7776",444.24609,3.004,0,1414,0,6045,3660,3277,54547,51439,48221
"7785",445.1478,2.672,0,0,0,0,0,0,27426,30523,26839
"7788",445.20572,1.403,0,0,0,0,0,0,68058,75125,45247
"7802",447.02505,1.846,0,0,0,0,0,0,237394,277830,270718
"7805",447.15674,3.818,0,0,0,0,0,0,42354,41845,39728
"7820",448.14264,0.814,0,0,0,0,0,0,192572,171298,171940
"7822",448.21841,3.167,0,0,0,0,0,0,37604,42122,37216
"7823",448.21964,3.255,1862,0,0,0,0,0,70617,62769,68134
"7835",449.1084,3.112,0,0,0,0,0,0,35544,37781,33950
"7836",449.10843,3.198,0,0,0,0,0,0,224840,227614,227865
"7837",449.10886,3.339,0,0,0,0,0,0,269888,277898,253903
"7839",449.10999,2.956,0,0,0,0,0,0,114577,114221,109030
"7842",449.17828,3.202,0,0,0,0,0,0,44751,53601,45416
"7843",449.19983,2.946,0,0,0,0,0,0,22233,21218,15172
"7852",450.08438,0.635,0,0,0,0,0,0,122257,114382,130573
"7855",450.19824,2.816,0,0,0,0,0,0,63643,69081,66686
"7875",451.15894,2.948,0,0,0,0,0,0,45156,46937,40311
"7880",451.19324,2.33,0,0,0,0,0,0,200638,217292,186312
"7881",451.19553,3.279,0,0,0,0,0,1113,40737,42624,44422
"7882",451.24786,4.818,0,0,0,0,0,0,108524,167894,135580
"7883",451.24808,4.718,0,0,0,0,0,0,134272,174324,157923
"7884",451.24847,4.444,0,0,0,0,0,0,533742,569432,481236
"7885",451.24863,5.284,0,0,1383,0,0,0,657203,758217,576461
"7887",451.24872,6.295,0,0,0,0,0,0,545841,629169,541201
"7888",451.24878,3.926,0,0,0,0,0,0,110582,116621,112031
"7889",451.24878,4.655,0,0,0,0,0,0,365701,411942,379064
"7893",451.24911,6.075,0,0,0,0,0,0,175881,182273,173983
"7896",451.24957,5.555,0,0,0,0,0,0,218553,260095,188003
"7907",452.17694,1.517,0,0,0,0,0,0,242077,259951,257093
"7928",453.13724,2.316,0,0,0,0,0,0,55030,55579,44303
"7929",453.13724,1.875,0,0,0,0,0,0,31515,36395,29399
"7937",453.26358,5.449,0,0,0,0,0,0,1175886,1299637,1147937
"7938",453.2637,4.866,0,0,0,0,0,0,1423242,1556310,1411358
"7940",453.26404,4.048,0,0,0,0,0,0,981772,1070044,1042722
"7941",453.26419,5.57,0,0,0,0,0,0,18706374,20191082,17575692
"7945",453.26434,4.983,0,0,0,0,0,0,1525682,1755365,1606578
"7946",453.26437,4.396,0,0,0,0,0,0,254734,280134,382326
"7947",453.2644,7.899,0,0,0,0,0,0,173825,167782,164217
"7948",453.26459,6.482,0,0,0,0,0,0,392840,411305,345538
"7970",454.29416,7.591,0,0,0,0,0,0,677765,672755,682475
"7971",454.29428,7.403,0,0,0,0,0,0,100807,86630,81583
"7973",454.29593,8.303,0,0,2656,0,0,7054,409918,383488,290183
"7975",454.29617,8.458,0,0,0,0,0,0,174438,189893,157288
"7978",454.29666,7.945,0,0,0,0,0,0,146537,132563,124029
"7983",455.15326,2.281,0,0,0,0,0,0,215023,227717,206912
"7986",455.27805,4.562,0,0,0,0,0,0,77913,95017,81109
"7990",455.28043,7.492,0,0,0,0,0,0,130535,135108,108069
"7991",455.28049,3.835,0,0,0,0,0,0,126895,132712,115498
"7999",456.14456,2.077,0,0,0,0,0,0,125814,110652,102988
"8002",456.3118,8.144,0,0,0,0,0,0,1798173,1745897,1490960
"8003",456.31223,8.373,0,0,0,3699,0,0,95571,106755,97239
"8018",457.20737,3.616,0,0,0,0,0,0,78596,76030,59315
"8019",457.20792,3.727,0,0,0,0,0,0,123063,131902,113942
"8020",457.24191,2.958,0,0,0,0,0,0,101871,114368,100931
"8021",457.29514,4.184,0,0,0,0,0,0,32642,34927,29669
"8023",457.29578,4.492,0,0,0,0,0,0,59163,62904,57076
"8034",459.11121,1.03,0,0,0,0,0,0,27946,31594,33961
"8036",459.17194,9.209,0,0,0,0,0,0,161460,178759,135112
"8037",459.22342,3.818,0,0,0,0,0,0,771062,770767,702852
"8043",459.25165,7.617,0,0,0,0,0,0,174965,156085,113660
"8044",459.31067,4.419,0,0,0,0,0,0,3790364,3841380,3872000
"8045",459.31088,3.606,0,0,0,0,0,0,63323,65733,61264
"8046",459.31088,5.393,0,0,0,0,0,0,154670,161137,167342
"8047",459.31113,4.142,0,0,0,0,0,0,311355,356962,302083
"8048",459.31119,3.788,0,0,0,0,0,0,728833,731998,656530
"8052",460.18219,2.871,0,0,0,0,0,0,76659,78255,75053
"8062",461.0687,8.284,0,5846,3063,2474,0,0,59070,60963,39728
"8065",461.18729,9.723,3508,3317,0,2932,2171,0,44242,47244,42860
"8078",462.19785,2.727,0,0,0,0,0,0,75013,82987,78695
"8088",463.11429,9.211,0,0,0,0,0,0,90932,97547,73705
"8089",463.12302,3.68,0,0,0,0,0,0,60306,56728,50486
"8091",463.15771,2.225,0,0,0,0,0,0,172872,175111,168245
"8093",463.15936,3.102,0,0,0,0,0,0,39492,49960,28807
"8096",463.22522,7.608,0,0,0,0,0,0,105887,107459,112010
"8104",464.21387,2.592,0,0,0,0,0,0,520155,575904,505741
"8105",464.21402,2.53,0,0,0,0,0,0,206448,208295,179055
"8106",464.21442,4.333,0,0,0,0,0,0,32527,29845,24996
"8118",465.03555,1.853,0,0,0,0,0,0,93805,91246,102813
"8119",465.10391,3.091,0,0,0,0,0,0,1594440,1667218,1611522
"8120",465.10403,2.958,0,0,0,0,0,0,913953,896380,864061
"8122",465.13846,7.222,0,0,0,0,0,0,49689,40718,38746
"8131",466.17184,3.208,0,0,0,0,0,0,216499,219211,232444
"8134",466.26559,2.524,0,0,0,0,0,0,38667,43086,34796
"8139",467.15311,2.168,0,0,0,0,0,0,62274,66616,57038
"8140",467.15369,2.499,0,0,0,0,0,0,192889,209700,166200
"8141",467.15408,2.347,0,0,0,0,0,0,35840,37822,40948
"8146",467.24323,3.986,0,0,0,0,0,0,111021,116514,102099
"8149",467.2446,4.067,0,0,0,0,0,0,37738,39405,28204
"8156",468.03503,2.308,0,0,0,0,0,0,32225,29350,36253
"8157",468.03687,2.698,0,0,0,0,0,0,28308,26704,17256
"8172",469.13266,2.646,0,0,0,0,0,0,188781,207856,167486
"8177",469.20544,4.414,0,0,0,0,0,0,42386,52851,40487
"8180",469.25916,5.29,0,0,0,0,0,0,502551,484916,443958
"8181",469.25952,4.178,0,0,0,0,0,0,11554162,12191677,10355913
"8183",469.25961,4.044,0,0,0,0,0,0,116283,109713,103897
"8184",469.25964,4.724,0,0,0,0,0,0,2815828,3157059,3008776
"8185",469.25967,3.781,0,0,0,0,0,0,1790887,1870956,1716667
"8186",469.2597,6.056,0,0,0,0,0,0,100381,101072,85061
"8187",469.25986,4.434,0,0,0,0,0,0,220992,249022,238601
"8188",469.26001,5.45,0,0,0,0,0,0,236873,268674,250954
"8200",470.29105,7.033,4226,0,0,1648,3710,2591,4555588,4309160,3889001
"8204",470.29135,6.109,0,0,0,0,0,0,259287,305277,207663
"8205",470.29138,7.123,4226,0,0,1663,3050,0,524233,496994,489875
"8206",470.29141,6.7,15469,29312,15146,24923,25071,25843,1817869,1801399,1587636
"8208",470.29181,4.878,0,0,0,0,0,0,189004,197963,187167
"8226",471.27463,6.168,0,0,0,0,0,0,389695,438721,344535
"8227",471.27475,5.264,0,0,0,0,0,0,91921080,101011376,86144248
"8228",471.27493,4.279,0,0,0,0,0,0,961580,1008355,911479
"8231",471.34518,5.262,0,0,0,0,0,0,537978,559099,518977
"8237",472.20337,0.583,0,0,0,0,0,0,151139,179617,190670
"8238",472.24487,2.255,0,0,0,0,0,0,643208,706928,580814
"8239",472.245,2.347,0,0,0,0,0,0,80570,130473,142746
"8240",472.24506,2.643,0,0,1235,0,0,0,69751,64297,72708
"8242",472.30548,7.424,0,0,0,0,0,0,90728,95074,88756
"8243",472.30664,6.652,0,0,0,0,0,0,13643729,13288821,11669261
"8244",472.30664,6.779,0,0,0,0,0,0,4318735,4150646,3332992
"8245",472.30667,7.072,0,0,0,0,0,0,1186088,1073891,1065890
"8246",472.3067,6.125,0,0,0,0,0,0,4972200,5489360,4611674
"8249",472.30701,6.52,0,0,0,0,0,0,1773781,1875749,1522970
"8260",473.16348,1.597,0,0,0,0,0,0,35202,36601,40432
"8263",473.203,3.178,0,0,0,0,0,0,135713,148706,143365
"8265",473.29065,3.249,4144,1457,0,2732,1526,1508,82914,75076,73632
"8266",473.29102,3.727,1999,0,0,0,0,0,591716,556084,521604
"8267",473.31021,6.469,0,0,0,0,0,0,513770,489828,449279
"8274",474.21863,0.603,0,0,0,0,0,0,437558,472936,376186
"8276",474.26065,2.259,0,0,0,0,0,0,4879937,4995378,4212700
"8285",475.10248,1.848,0,0,0,0,0,0,193187,195530,174755
"8291",475.21884,3.145,0,0,0,0,0,0,73476,88690,75704
"8296",475.2464,6.93,0,0,0,0,0,0,119922,109885,103956
"8305",476.1626,9.211,0,0,0,0,0,0,56071,64481,39318
"8308",476.19012,3.091,0,0,0,0,0,0,69909,70890,63097
"8309",476.19235,2.998,0,0,0,0,0,0,149353,160506,137086
"8311",476.25034,3.533,0,0,0,0,0,0,78655,93603,74768
"8315",476.27881,6.797,0,0,0,0,0,0,221835,211384,197013
"8321",477.16827,3.927,0,0,0,0,0,0,49394,55954,50358
"8322",477.17154,2.573,0,0,0,0,0,0,36835,43986,33469
"8323",477.18277,7.707,0,0,0,0,0,0,53519,54967,48031
"8324",477.18811,2.837,0,0,0,0,0,0,52949,55297,49348
"8326",477.26181,6.666,0,0,0,0,0,0,6102706,5906294,5145206
"8329",477.26205,6.473,0,0,0,0,0,0,790763,789084,678307
"8330",477.26227,6.973,0,0,0,0,0,0,1109950,1104672,1254152
"8331",477.26236,7.498,0,0,0,0,0,0,112853,106164,92482
"8339",478.19293,2.267,0,0,0,0,0,0,197732,212733,188227
"8342",478.24469,8.141,0,0,0,0,0,0,127190,121069,103880
"8343",478.26575,6.368,0,0,0,0,0,0,108552,125976,103907
"8344",478.29355,8.006,3669,0,0,0,0,0,255877,214004,152203
"8345",478.29398,7.269,0,0,0,1468,0,0,189129,192014,187050
"8352",479.04034,0.659,0,0,0,0,0,0,52075,69452,44796
"8353",479.1095,7.224,0,0,0,0,0,0,45961,47478,45222
"8354",479.11929,3.4,0,0,0,0,0,0,56871,33134,42050
"8355",479.26416,4.151,0,0,0,0,0,0,48690,56172,54019
"8356",479.28064,7.596,0,0,31619,0,0,0,174476,169591,143053
"8364",480.2088,1.907,0,0,0,0,0,0,56655,65213,51808
"8366",480.20953,3.474,0,0,0,0,0,0,27829,27977,20289
"8375",481.20602,3.816,0,0,0,0,1585,0,80670,88767,72173
"8392",483.14804,2.024,0,0,0,0,0,0,204182,257394,235089
"8396",483.18457,2.958,0,0,0,0,0,0,32488,26718,31161
"8406",484.27621,3.802,0,0,0,0,0,0,68395,66719,62749
"8415",485.05704,0.657,0,1400,0,0,0,0,314544,371912,247299
"8420",485.16434,2.154,0,0,0,0,0,0,52461,57183,51101
"8423",485.25467,3.988,0,0,0,0,0,0,65384,69278,66698
"8424",485.25467,3.639,0,0,0,0,0,0,100063,113177,98726
"8440",486.28613,6.035,23748,22914,62514,31298,32546,19402,1738954,1920049,1740775
"8442",486.28616,5.449,0,0,0,0,0,0,601673,640021,589475
"8443",486.28625,7.191,0,0,0,0,0,0,606461,590153,533127
"8444",486.28625,5.753,0,0,0,0,0,0,584714,670435,481922
"8457",487.19293,2.41,0,0,0,0,0,0,187837,197012,173778
"8464",487.26886,4.461,0,0,0,0,0,0,437673,536105,455247
"8465",487.26978,3.779,0,0,0,0,0,0,1497222,1541676,1447504
"8467",488.15204,3.2,0,0,0,0,0,0,33359,32995,28007
"8471",488.2272,5.966,0,0,0,0,0,0,951164,1084042,1022764
"8476",488.29886,4.267,0,0,0,0,0,0,104011,109155,90199
"8478",488.30133,4.402,0,0,0,0,0,0,278049,298035,260538
"8479",488.30148,5.964,0,0,0,0,0,0,149000880,172078608,155985584
"8480",488.30151,4.851,0,0,0,0,0,0,1227339,1430660,1220060
"8481",488.30151,6.38,0,0,0,0,0,0,531072,545949,328001
"8482",488.30157,5.437,0,0,0,0,0,0,779692,828855,736450
"8483",488.30161,5.574,0,0,0,0,0,0,7894320,8522886,7375648
"8484",488.3017,5.775,0,0,0,0,0,0,20234474,21980586,20158308
"8485",488.30176,3.559,5409,1447,3688,2027,1895,3719,153002,165242,162499
"8487",488.30212,6.854,0,0,0,0,0,0,166432,173283,169296
"8490",488.37503,5.775,0,0,0,0,0,0,106139,132866,116797
"8496",489.17258,2.346,0,0,0,0,0,0,126968,136798,126874
"8499",489.23163,3.743,0,0,0,0,0,0,124573,114462,101368
"8500",489.28381,3.737,0,0,0,1898,2063,0,157579,99439,101851
"8513",490.06784,1.848,0,0,0,0,0,0,255865,311445,303303
"8514",490.17667,0.55,0,0,0,0,0,0,5008376,5663604,5077618
"8515",490.19296,2.92,0,0,0,0,0,0,25186,42731,30731
"8516",490.22949,2.846,0,0,0,0,0,0,1301954,1281465,1173384
"8518",490.26431,3.609,0,1401,0,0,0,0,97171,87058,92134
"8520",490.31757,5.122,87480,0,2004,0,0,0,364706,407795,370300
"8529",491.2175,6.115,0,0,0,0,0,0,150496,151760,118235
"8533",491.24014,4.569,0,0,0,0,0,0,71559,87764,73969
"8534",491.24109,5.761,0,0,0,0,0,0,396208,442783,393980
"8535",491.24112,4.827,0,0,0,0,0,0,207318,214619,179919
"8536",491.24127,5.351,0,0,0,0,0,0,282203,352235,282695
"8537",491.24146,5.221,0,0,0,0,0,0,520450,603882,547954
"8539",491.24255,6.069,0,0,0,0,0,0,330607,358296,326769
"8551",492.17203,1.589,0,0,0,0,0,0,120139,141439,126213
"8552",492.17776,4.35,0,0,0,0,0,0,684222,778260,726982
"8554",492.20807,2.299,0,0,0,0,0,0,151806,189543,150712
"8555",492.20859,2.547,0,0,0,0,0,0,84341,105979,100216
"8557",492.24487,5.4,0,0,0,0,0,0,112489,91205,72789
"8571",493.23599,6.828,0,0,0,0,0,0,1225530,1195670,1103457
"8575",493.25647,4.888,0,0,0,0,0,0,985424,1136614,1019100
"8576",493.2565,4.39,0,1299,0,0,0,0,326849,358439,324025
"8581",493.25732,4.751,0,0,0,0,0,0,2375870,2601144,2182900
"8592",494.23935,3.24,0,0,0,0,0,0,67748,62431,44772
"8596",495.1116,1.991,0,0,0,0,0,0,155860,168095,152760
"8599",495.27271,5.129,0,0,0,0,0,0,247774,281457,230587
"8613",496.341,7.648,0,0,3560,1415,0,1622,2460378,2493224,2282035
"8614",496.34149,7.459,0,0,0,0,0,0,354426,361719,348841
"8627",497.29086,7.779,0,0,0,0,0,0,75133,67604,67616
"8628",497.29099,7.559,0,0,0,0,0,0,1285189,1221451,1073592
"8634",498.14941,0.579,0,0,0,0,0,0,84627,74268,95817
"8636",498.1745,3.153,0,0,0,0,0,0,197336,206196,174795
"8671",500.30179,6.074,0,0,0,0,0,0,57946,64121,52583
"8673",500.33768,6.795,0,0,0,0,0,0,89235,102432,82504
"8675",500.33795,6.97,0,0,0,0,0,0,85858,78508,62447
"8685",501.13602,1.819,0,0,0,0,0,0,50151,36138,31875
"8687",501.19589,2.282,0,0,0,0,0,0,84723,88987,66788
"8695",502.28134,4.854,0,0,0,0,0,0,88834,118430,95613
"8701",502.3179,4.752,0,0,0,0,0,0,50964,55258,48764
"8719",504.29633,5.215,0,0,0,0,0,0,769910,788177,706100
"8720",504.29642,4.192,0,0,0,0,0,0,614464,656648,533197
"8722",504.29672,4.915,0,0,0,0,0,0,630486,712644,629340
"8723",504.29675,5.708,0,0,0,0,0,0,1276873,1325537,1298794
"8724",504.29678,4.542,0,0,0,0,0,0,1264789,1463459,1271597
"8726",504.29688,5.015,0,0,0,0,0,0,644255,735492,584940
"8729",504.3183,6.616,3268,1726,3852,1294,2511,5960,278891,319894,289733
"8749",506.18826,1.801,0,0,0,0,0,0,147266,128999,130945
"8755",506.31165,4.86,0,0,0,0,0,0,344718,405959,306515
"8759",506.31293,3.851,0,10002,8154,0,0,0,145189,150746,122970
"8769",507.21201,5.355,0,0,0,0,0,0,77971,101024,98046
"8777",507.2366,4.35,0,0,0,0,0,0,544655,594513,515987
"8791",508.18149,2.195,0,0,0,0,0,0,178562,157261,152980
"8792",508.2034,1.976,0,0,0,0,0,0,207948,203263,211958
"8793",508.32913,4.349,0,0,0,0,0,0,58618,59523,51894
"8804",509.15277,5.25,0,0,0,0,0,0,117206,154727,186185
"8807",509.20102,3.444,0,0,0,0,0,0,83556,91875,96886
"8808",509.22769,4.759,0,0,0,0,0,0,544409,567064,527715
"8809",509.22885,4.894,0,0,0,0,0,0,230256,291089,296767
"8816",509.23657,2.952,0,0,0,0,0,0,117601,112877,114484
"8821",509.25305,4.451,0,0,0,1225,0,0,1175916,823013,1082394
"8822",509.25333,4.718,0,0,0,0,0,0,1958070,2196793,1936208
"8823",509.25369,5.01,0,0,0,0,0,0,325609,397518,302603
"8833",510.35724,8.143,0,2515,0,0,0,0,43243,49974,36423
"8834",510.36542,8.359,0,0,0,0,0,0,147830,155748,134573
"8844",511.19418,3.202,0,0,0,0,0,0,61444,53109,67370
"8847",511.26782,4.58,0,0,0,0,0,0,408691,454815,391728
"8848",511.26785,4.253,0,0,0,0,0,0,147647,152062,136229
"8850",511.26791,4.494,0,0,0,0,0,0,1354591,1576259,1405599
"8851",511.2681,4.929,0,0,0,0,0,0,376720,408213,358171
"8858",512.19812,0.985,0,0,0,0,1421,0,51535,52956,50651
"8859",512.27124,2.543,0,0,0,0,0,0,205531,214465,197473
"8860",512.27252,2.606,0,0,0,0,0,0,95749,107709,103584
"8866",513.12567,0.54,0,0,0,0,0,0,354886,425941,326759
"8868",513.15875,2.186,0,0,0,0,0,0,315446,302802,193824
"8870",513.19629,4.4,0,0,0,0,0,0,37168,37137,39498
"8872",513.28564,6.145,0,0,0,0,0,0,167936,194934,170840
"8874",513.28613,6.541,0,0,0,0,0,0,106911,98414,93605
"8876",513.28632,6.441,0,0,0,0,0,0,187975,227635,181195
"8877",513.29694,7.035,0,0,0,0,0,0,43300,39573,25122
"8878",513.30621,5.377,0,0,0,0,0,0,62127,77838,68043
"8879",513.30688,5.835,0,0,0,0,0,0,214901,222257,224585
"8886",514.14789,2.979,0,0,0,0,0,0,331784,320260,292606
"8887",514.19354,2.103,0,0,0,0,0,0,47687,45063,51636
"8897",515.09442,0.587,0,0,0,0,0,0,284987,402317,510278
"8908",516.2312,1.649,0,0,0,0,0,0,59364,58027,51649
"8917",517.22668,5.145,0,0,0,0,0,0,861163,951506,937312
"8926",518.32532,6.694,0,3169,0,0,0,0,238326,210492,212553
"8927",518.32556,6.842,0,0,0,0,0,0,1499122,1547816,1414684
"8931",519.19873,3.128,0,0,0,0,0,0,737728,746053,701118
"8932",519.19891,2.654,0,0,0,0,0,0,121871,116887,113685
"8934",519.19952,2.948,0,0,0,0,0,0,102334,91696,82678
"8936",519.27289,7.216,0,0,0,0,0,0,916344,861140,763761
"8940",520.18317,3.944,0,0,0,0,0,0,56936,61464,50597
"8942",520.29205,4.4,0,0,0,0,0,0,133279,143284,122268
"8949",520.34052,7.162,10681,12733,3395,30352,5512,18749,170042,167576,176632
"8950",520.34113,7.318,11880,10336,24032,8421,25164,14869,984089,981455,928739
"8951",520.35028,3.637,0,0,0,0,0,0,93389,99601,84655
"8958",521.25836,5.687,0,0,0,0,0,0,1332759,1392233,1392973
"8959",521.25854,5.217,0,0,0,0,0,0,78496,91539,78615
"8968",522.16272,2.604,0,0,0,0,0,0,55804,56081,50643
"8969",522.18848,4.498,0,0,0,0,0,0,108601,138714,134483
"8971",522.19647,2.734,0,2151,1300,0,0,0,75038,80123,74495
"8975",522.30548,3.824,0,0,0,0,0,0,34153,31823,30743
"8984",523.19177,3.327,0,0,0,0,0,0,29438,33702,33866
"8994",524.19818,0.579,0,0,0,0,0,0,307724,311662,265859
"8999",524.37231,8.654,0,0,0,0,0,0,339589,365626,296378
"9005",525.13904,3.871,0,0,0,0,0,0,52578,60574,60904
"9008",525.22601,4.482,0,0,0,0,0,0,571797,614274,566811
"9012",525.22614,5.308,0,0,0,0,0,0,229221,276258,269192
"9014",525.24719,4.062,0,0,0,0,0,0,237497,239787,222773
"9015",525.24756,3.982,0,0,0,0,0,0,130301,151764,126572
"9018",525.30505,3.633,0,0,0,0,0,0,160452,144306,123449
"9022",526.18347,3.064,0,0,0,0,0,0,233945,267345,238532
"9023",526.18353,3.155,0,0,0,0,0,0,246579,278937,234485
"9025",526.25861,3.371,0,0,0,0,0,0,38078,48010,45806
"9030",527.11768,1.809,0,0,0,0,0,0,24803,27914,35187
"9032",527.16119,9.209,0,0,0,0,0,0,77328,68348,64977
"9035",527.23364,1.92,0,0,0,0,0,0,62202,77484,69876
"9040",527.24536,5.324,0,0,0,0,0,0,347795,341951,366110
"9041",527.263,3.757,0,0,0,0,0,0,456480,461793,424386
"9047",528.18604,3.195,0,0,0,0,0,0,66129,60939,42888
"9048",528.2298,3.064,0,0,0,0,0,0,261090,277726,207893
"9049",528.29706,6.295,0,0,0,0,0,0,226407,243629,209232
"9062",529.336,4.444,0,0,0,0,0,0,92844,93653,85693
"9068",530.31146,6.034,0,0,0,0,0,0,41753,64765,42377
"9070",530.31274,6.363,0,0,0,0,0,0,1819688,1864995,1682656
"9077",531.20599,3.733,0,0,0,0,0,0,991657,923639,849543
"9084",531.30688,5.264,0,0,0,0,0,0,2521510,2764946,2273130
"9085",531.30719,5.962,0,0,0,0,0,0,1835046,2174496,2206430
"9086",531.30774,5.775,0,0,0,0,0,0,421205,471868,393992
"9088",531.35095,4.384,0,0,0,0,0,0,71716,74099,56188
"9091",532.19525,3.916,0,0,0,0,0,0,111434,105501,101851
"9093",532.31299,3.873,0,0,0,0,0,0,208219,219896,199997
"9095",532.328,3.374,0,0,0,0,0,0,139473,135606,98989
"9096",532.32892,3.439,0,0,0,0,0,0,105274,123348,131585
"9097",532.32947,3.717,0,1423,0,0,0,0,86540,86949,85134
"9098",532.34888,7.286,0,0,0,0,1998,0,204484,208441,174109
"9099",532.34961,7.437,0,0,0,0,0,0,1507958,1647586,1469838
"9109",533.2215,4.054,0,0,0,0,0,0,871012,984893,961274
"9111",533.22174,3.469,0,0,0,0,0,0,137262,137550,113300
"9112",533.22186,4.126,0,0,0,0,0,0,365263,396738,360131
"9121",534.28351,5.966,0,0,0,0,0,0,1217311,1495359,1376784
"9125",534.31982,5.443,0,0,0,0,0,0,199042,212326,196327
"9126",534.32861,3.737,0,0,0,1342,0,0,75714,72539,71097
"9128",534.36389,7.964,0,0,0,0,0,0,137913,126989,119659
"9130",535.19379,2.698,0,0,0,0,0,0,141412,141855,129748
"9131",535.2356,3.955,0,0,0,0,0,0,228212,268947,261738
"9132",535.23688,4.381,0,0,0,0,0,0,197466,237163,203215
"9135",535.23737,4.612,0,0,0,0,0,0,1463755,1697427,1588665
"9136",535.23743,4.554,0,0,0,0,0,0,2006946,2248275,2020289
"9138",535.26788,6.303,0,0,0,0,0,0,1241908,1373295,1175419
"9140",535.271,10.587,0,0,0,0,0,0,876608,971653,653911
"9141",535.27618,3.104,0,0,0,0,0,0,589815,641344,574012
"9149",536.19812,1.788,0,0,0,0,0,0,31722,40496,29945
"9150",536.19861,2.312,0,0,0,0,0,0,152669,163596,132085
"9151",536.21851,0.527,0,0,0,0,0,0,47296,72504,80300
"9154",536.33429,5.828,0,0,0,0,0,0,56404,59733,54789
"9155",536.33569,5.74,0,0,0,0,0,0,72121,78672,77347
"9162",537.20935,2.785,0,0,0,0,0,0,486582,503777,440979
"9163",537.25256,5.286,0,0,0,0,0,0,111495,117862,102537
"9164",537.25348,4.279,0,0,0,0,0,0,100441,108672,106151
"9166",537.30475,7.292,0,0,0,0,0,0,158588,168096,139136
"9183",538.22961,3.021,0,0,0,0,0,0,171715,186362,170881
"9184",538.22961,3.362,0,0,0,0,0,0,255930,278686,251476
"9185",538.23071,3.299,0,0,0,0,0,0,83898,79647,63680
"9198",540.33295,4.916,0,0,0,0,0,1449,203971,235896,199494
"9204",541.13245,3.534,0,0,0,0,0,0,26643,28126,36475
"9215",542.26086,2.862,0,0,0,0,0,0,107779,110279,102882
"9227",543.21887,5.326,0,0,0,0,0,0,134491,128066,156097
"9233",544.15784,3.038,0,0,0,0,0,0,27548,26188,23833
"9247",545.25037,6.656,0,0,0,0,0,0,150177,155693,118718
"9252",546.21887,1.972,0,1477,0,0,0,0,41313,42973,36961
"9253",546.30762,3.657,1638,1428,2562,1538,0,3295,47206,35445,37794
"9254",546.30768,5.673,0,0,0,0,0,0,302731,323764,309264
"9255",546.30774,5.116,0,0,0,0,0,0,227947,219970,206198
"9256",546.32861,7.508,0,0,0,0,0,0,33011,36696,32032
"9262",547.30133,4.724,0,0,0,0,0,0,23104,24315,24379
"9283",549.21631,4.784,0,0,0,0,0,0,591025,654964,712881
"9290",550.15869,2.596,0,0,0,0,0,0,80151,80061,92417
"9293",550.25226,5.053,0,0,0,0,0,0,148626,166868,146237
"9301",551.14362,4.864,0,0,0,0,0,0,300390,380475,364097
"9303",551.21722,5.966,0,0,0,0,0,0,272555,288526,224126
"9304",551.22473,3.136,0,0,0,0,0,0,279827,308126,268844
"9305",551.23151,4.05,0,0,0,0,0,0,2191092,2388536,2240272
"9309",551.23212,4.983,0,0,0,0,0,0,10055728,11279907,10276067
"9310",551.23218,4.471,0,0,0,0,0,0,257681,290207,250440
"9313",551.26843,5.124,0,0,0,0,0,0,127617,129710,111648
"9326",552.26459,5.453,4747,2200,9581,7005,8709,13283,153321,167236,164729
"9327",552.26501,6.424,0,0,0,0,0,0,117769,133516,117478
"9328",552.33307,4.303,0,0,0,0,0,0,36169,40518,45072
"9337",553.2475,5.319,0,0,0,0,0,0,69932,97951,78013
"9340",553.24817,5.927,0,0,0,0,0,0,737913,837778,787704
"9342",553.29987,5.779,0,0,0,0,0,0,207304,227067,196512
"9346",554.28052,6.234,0,0,0,0,0,0,77341,84980,73869
"9348",554.2879,5.883,0,0,0,0,0,0,162281,165434,157189
"9352",554.31812,2.744,0,0,0,0,0,0,37971,43983,34824
"9357",555.14862,3.953,0,0,0,0,0,0,230227,234632,256489
"9359",555.26471,5.377,0,0,0,0,0,0,90852,83962,85289
"9362",555.34326,6.656,0,0,0,0,0,0,53601,56979,39651
"9364",556.19452,3.518,0,0,0,0,0,0,41940,47266,35518
"9365",556.19464,3.335,0,0,0,0,0,0,111241,128169,106995
"9366",556.23407,3.639,0,0,0,0,0,0,45910,43197,46377
"9368",556.23975,2.506,0,0,0,0,0,0,26147,34114,32714
"9369",556.29572,5.642,0,0,0,0,0,0,1295416,1357485,1296884
"9381",557.16425,3.373,0,0,0,0,0,0,51684,59228,57355
"9387",557.38513,4.008,0,0,0,0,0,0,43074,40122,41722
"9402",559.18073,3.613,0,0,0,0,0,0,23895,31191,18582
"9405",559.19385,1.835,0,0,0,0,0,0,589475,691989,626418
"9416",560.25641,2.148,0,0,0,0,0,0,541668,553716,515271
"9428",561.2467,5.773,0,0,0,0,0,0,99085,110839,91717
"9429",561.32666,3.737,0,0,0,0,0,0,32546,43034,42441
"9434",562.23956,6.116,0,0,0,0,0,0,21217,25316,14873
"9435",562.24164,6.66,0,0,0,0,0,0,90140,88762,81776
"9437",562.25208,3.332,0,0,0,0,0,0,31518,35919,35513
"9439",562.2724,2.346,0,0,0,0,0,0,437957,452282,435933
"9440",562.2724,2.408,0,0,0,0,0,0,817299,839771,617713
"9454",565.21039,2.16,0,0,0,0,0,0,114595,109203,115916
"9456",565.21228,4.015,0,0,0,0,0,0,370425,393585,359430
"9458",565.26721,4.228,0,0,0,0,0,0,63391,66980,68815
"9466",566.24231,3.788,0,0,0,0,1204,0,77407,66218,64144
"9481",567.22754,3.781,0,0,0,0,0,0,13943010,14400918,13471881
"9483",567.22778,4.211,0,0,0,0,0,0,483591,535425,466205
"9490",568.22552,2.028,0,0,0,0,0,0,176262,187754,161482
"9493",568.25934,6.123,0,0,0,0,0,0,3858497,4440262,4016289
"9495",568.25964,5.525,0,0,0,0,0,0,828419,1091287,833055
"9497",568.26007,4.596,0,0,0,0,0,0,152857,168309,166309
"9503",569.09833,4.399,0,0,0,0,0,0,38540,69565,50169
"9504",569.15076,4.406,0,0,0,0,0,0,618368,626052,631826
"9507",569.2428,4.406,0,0,0,0,0,0,88161704,90194272,88830664
"9508",569.24286,4.116,0,0,0,0,0,0,616131,634866,576278
"9509",569.24347,3.539,0,0,0,0,0,0,821050,897507,747633
"9510",569.33636,4.406,0,0,0,0,0,0,551259,575712,569833
"9513",570.18213,5.326,0,0,0,0,0,0,77325,83598,69753
"9514",570.24719,4.324,0,0,0,0,0,0,202135,314252,233362
"9516",570.27496,5.793,0,0,0,0,0,0,926749,1002520,948682
"9517",570.27502,5.202,0,0,0,0,0,0,2495776,2819680,2648039
"9518",570.27502,5.326,0,0,0,0,0,0,16035403,17713990,16017606
"9519",570.27582,4.648,0,0,0,0,0,0,1611278,1754745,1670541
"9520",570.27673,4.755,0,0,0,0,0,0,560672,647649,604467
"9521",570.36841,5.326,0,0,0,0,0,0,66705,94866,75808
"9532",572.22046,1.809,0,0,0,0,0,0,275424,300388,263107
"9533",572.23547,2.46,0,0,0,0,0,0,715450,684344,638038
"9535",572.23645,2.606,0,0,0,0,0,0,142543,143778,134792
"9546",573.20697,3.132,0,0,0,0,0,0,524454,506097,499578
"9547",573.20752,2.948,0,0,0,0,0,0,181491,172780,155664
"9553",574.27246,2.53,0,0,0,0,0,0,3080689,3077814,2952863
"9554",574.27252,2.586,0,0,0,0,0,0,1383398,1466520,1376931
"9556",574.33893,3.579,0,0,0,0,0,0,162685,166860,185151
"9557",574.33917,3.482,0,0,0,0,0,0,333173,322160,296395
"9558",574.33954,3.824,2374,0,0,0,0,0,159619,166616,115756
"9566",575.17474,2.497,0,0,0,0,0,0,323443,304893,297521
"9576",576.28754,2.888,0,0,0,0,0,0,48601,55787,51294
"9577",576.2879,2.82,0,0,0,0,0,0,175820,179776,164216
"9578",576.28815,2.745,0,0,0,0,0,0,59028,58863,62341
"9584",577.19025,2.03,0,0,0,0,0,0,86261,98715,65584
"9586",577.21814,5.262,0,0,0,0,0,0,96641,91298,109710
"9588",577.24133,4.178,0,0,0,0,0,0,76608,75263,67697
"9589",577.26898,5.833,0,0,0,0,0,0,136768,142899,138851
"9607",580.1911,3.157,0,0,0,0,0,0,34075,28930,29076
"9608",580.27545,4.068,0,0,0,0,0,0,26784,35296,31111
"9623",582.21991,3.288,0,0,0,0,0,0,149755,160267,153356
"9626",582.24084,2.213,0,0,0,0,0,0,611333,617186,543093
"9627",582.24084,2.267,0,0,0,0,0,0,793873,830832,758264
"9628",582.24152,2.399,0,0,0,0,0,0,113196,107840,112613
"9634",583.18048,3.187,0,0,0,0,0,0,15240,23731,25588
"9635",583.22186,4.017,0,0,0,0,0,0,328588,358189,308343
"9636",583.2226,3.62,0,0,0,0,0,0,158282,159655,153659
"9638",583.25897,4.738,0,0,0,0,0,0,43389,48199,41802
"9640",584.25348,4.386,0,0,0,0,0,0,414460,424045,423451
"9642",584.25421,6.094,0,0,0,0,0,0,253336,295775,289962
"9643",584.25427,5.846,0,0,0,0,0,0,600534,614082,689837
"9645",584.25439,5.219,0,0,0,0,0,0,587838,673683,647349
"9646",584.25458,5.072,0,0,0,0,0,0,1209964,1320402,1251545
"9648",584.25513,4.789,0,0,0,0,0,0,466083,580328,454383
"9661",585.23267,4.142,0,0,0,0,0,0,156935,196915,169999
"9662",585.237,3.735,0,0,0,0,0,0,2483582,2261454,2012134
"9665",585.23865,3.955,0,0,0,0,0,0,368128,411381,387905
"9666",585.34344,3.745,0,0,0,0,0,0,49449,58713,52701
"9670",586.26965,4.86,0,0,0,0,0,0,107908024,122344144,110386392
"9671",586.26996,4.718,0,0,0,0,0,0,23827814,26485666,24937200
"9673",586.2702,4.327,0,0,0,0,0,0,1725737,1800747,1690173
"9674",586.27045,4.076,0,0,0,0,0,0,1133508,1304671,1137648
"9676",586.27051,5.897,0,0,0,0,0,0,201907,220347,212185
"9677",586.27112,5.774,0,0,0,0,0,0,213818,227466,209213
"9678",586.33429,3.775,0,0,0,0,0,0,72313,77744,78777
"9679",586.33807,4.079,0,0,0,0,0,0,30876,32611,48490
"9680",586.36627,4.399,0,0,0,0,0,0,38802,29456,43866
"9681",586.36646,4.714,0,0,0,0,0,0,130954,149609,140955
"9696",588.26691,3.677,0,0,0,0,0,0,254698,235838,251099
"9697",588.26746,3.878,0,0,0,0,0,0,120169,134216,114251
"9698",588.28595,4.762,0,0,0,0,0,0,2626056,2893646,2673712
"9699",588.34027,4.821,0,0,0,0,0,0,57962,63098,45970
"9701",588.35541,3.883,0,0,0,0,0,0,55717,55089,53808
"9711",589.32471,3.911,0,0,0,0,0,0,22335,24131,20484
"9717",590.33344,3.684,0,0,0,0,0,0,56486,55970,59717
"9718",590.33405,3.929,0,0,0,0,0,0,24290,33996,36823
"9719",590.33563,3.041,0,0,0,0,0,0,62350,71103,74098
"9720",590.34235,3.128,0,0,0,0,0,0,34185,35746,35880
"9738",592.29572,3.703,0,0,0,0,0,0,2449244,2264189,2419305
"9739",592.33539,6.344,0,0,0,0,0,0,51140,48221,46858
"9749",593.2771,10.133,0,0,0,0,0,0,11031641,14382726,15834567
"9750",593.27722,10.424,0,0,0,0,0,0,2751208,4203776,2503335
"9751",593.37549,10.134,0,0,0,0,0,0,42647,36747,41282
"9765",595.1673,3.196,0,0,0,0,0,0,5169380,5309366,5394206
"9766",595.16772,3.118,0,0,0,0,0,0,396130,392356,367463
"9768",595.25897,5.548,0,0,0,0,0,0,751681,876617,791182
"9769",595.28992,7.401,0,0,0,0,0,0,321371,344702,302022
"9779",596.23608,3.306,0,0,0,0,0,0,249217,277808,238451
"9783",596.2569,2.466,0,0,0,0,0,0,332529,329668,294535
"9785",596.31152,7.857,0,0,0,0,0,0,1011404,1005493,955035
"9786",596.31274,7.668,0,0,0,0,0,0,92598,100404,83095
"9797",597.23016,3.186,0,0,0,0,0,0,71749,88051,70891
"9798",597.27185,9.506,0,0,0,0,0,0,75583,87360,83376
"9807",598.38141,7.97,0,0,0,0,0,0,427685,407403,405318
"9808",598.38177,7.818,0,0,0,0,0,0,156040,166935,152641
"9814",599.1972,3.03,0,0,0,0,0,0,47627,52073,52223
"9820",600.25037,3.614,0,0,0,0,0,0,200005,187191,178391
"9821",600.25067,3.942,0,0,0,0,0,0,84048,102527,73467
"9822",600.28479,4.868,0,0,0,0,0,0,458700,468352,488823
"9835",601.23004,3.633,0,0,0,0,0,0,357994,337155,317670
"9843",602.26495,4.201,0,0,0,0,0,0,1334712,1482318,1221478
"9847",602.26526,3.436,0,0,0,0,0,0,104738,113351,93119
"9848",602.26526,3.873,0,0,0,0,0,0,1635811,1635738,1587692
"9849",602.26526,4.655,0,0,0,0,0,0,1056393,1158899,1104808
"9850",602.26538,3.585,0,0,0,0,0,0,568628,552220,519753
"9851",602.36847,4.098,0,0,0,0,0,0,34328,37841,30918
"9852",602.37085,4.209,0,0,0,0,0,0,48310,44070,47031
"9859",603.15802,1.829,0,0,0,0,0,0,48113,56415,45030
"9861",603.21826,3.231,0,0,0,0,0,0,161520,181375,157256
"9863",603.32892,3.883,0,0,0,0,0,0,118422,115090,114716
"9872",604.28021,4.434,0,0,0,0,0,0,101767,105936,94710
"9873",604.28052,4.268,0,0,0,0,0,0,113555,139083,109980
"9874",604.28082,4.542,0,0,0,0,0,0,559892,638515,573852
"9875",604.28119,3.767,0,0,0,0,0,0,230149,232747,198013
"9876",604.28235,2.308,0,0,0,0,0,0,94088,103378,87253
"9884",605.27435,5.959,0,0,0,0,0,0,49196,72269,81012
"9885",605.36981,5.206,0,0,0,0,0,0,43512,53342,41294
"9887",605.37158,4.168,0,0,0,0,0,0,54113,57550,49643
"9890",606.33026,4.623,0,0,0,0,0,0,139558,151827,202377
"9891",606.33051,5.002,0,0,0,0,0,0,40107,52805,59687
"9893",606.35016,3.908,0,0,0,0,0,0,144176,164111,135671
"9896",607.19659,4.722,0,0,0,0,0,0,202218,215394,214615
"9903",607.22272,4.785,0,0,0,0,0,0,65606,75810,62717
"9906",607.25732,9.298,0,0,0,0,0,0,115583,140788,127626
"9907",607.29321,11.05,0,0,0,0,0,0,135207,87289,90706
"9912",608.29053,3.2,0,0,0,0,0,0,77236,87685,100702
"9913",608.29077,3.06,0,0,0,0,0,0,409270,442440,410863
"9914",608.29089,3.61,0,0,0,0,0,0,1877826,1865492,1674469
"9915",608.29095,3.673,0,0,0,0,0,0,1586096,1506601,1387314
"9926",609.27289,9.928,0,0,0,0,0,0,1121176,1571435,1585512
"9927",609.27301,9.725,0,0,0,0,0,0,903664,1271506,1093619
"9928",609.27325,10.132,0,0,0,0,0,0,114783,135150,145961
"9937",610.33551,5.262,0,0,0,0,0,0,194208,215384,184522
"9938",610.38177,4.623,0,0,0,0,0,0,56447,64511,45372
"9945",611.16138,2.349,0,0,0,0,0,0,171692,167612,164345
"9946",611.16327,2.958,0,0,0,0,0,0,28212134,28091656,26943756
"9947",611.1709,6.127,0,0,0,0,0,0,56078,46343,54393
"9949",611.21228,2.8,0,0,0,0,0,0,118805,107529,104510
"9951",611.25446,5.008,0,0,0,0,0,0,201770,213267,183285
"9952",611.25458,4.296,0,0,0,0,0,0,387176,431404,393045
"9953",611.26642,2.958,0,0,0,0,0,0,182883,179650,174290
"9962",612.23047,3.248,0,0,0,0,0,0,88491,100527,82519
"9975",613.20746,4.872,0,0,0,0,0,0,1834622,2013120,1940808
"9980",613.44598,10.595,0,0,0,0,0,0,36646,39627,26302
"9990",614.30054,4.851,0,0,0,0,0,0,277420,292769,309306
"9995",615.22314,4.759,0,0,0,0,0,0,139239,141400,131816
"9996",615.24927,4.601,0,0,0,0,0,0,53739,62807,61355
"9997",615.25098,4.488,0,0,0,0,0,0,69907,78146,83979
"9998",615.26013,10.135,0,0,0,0,0,0,966866,1236367,1237937
"10004",616.29584,6.048,0,0,0,0,0,0,42053,50176,40188
"10006",616.34912,6.069,0,0,0,0,0,0,29059,26449,30159
"10018",617.16418,3.609,0,0,0,0,0,0,24305,29187,31582
"10020",617.17145,0.516,0,0,0,0,0,0,116676,119990,149012
"10025",617.34583,3.91,0,0,0,0,0,0,178202,208575,238008
"10026",617.34613,3.653,0,0,0,0,0,0,452105,441936,412618
"10036",618.26227,3.021,0,0,0,0,0,0,41541,50051,46186
"10037",618.27795,3.521,0,0,0,0,0,0,176445,189997,157481
"10038",618.27863,3.757,0,0,0,0,0,0,101144,90865,95090
"10039",618.36761,6.461,0,0,0,0,0,0,69267,74120,55926
"10057",620.36609,7.003,0,0,0,0,0,0,410452,410545,405506
"10058",620.36646,7.123,0,0,0,0,0,0,1048244,1079030,1019692
"10066",621.36554,4.419,0,0,0,0,0,0,3543700,3697014,3599556
"10068",621.36646,5.064,0,0,0,0,0,0,33356,33864,30859
"10075",622.38177,7.492,0,0,0,0,0,0,92728,116192,89777
"10076",622.38287,7.617,0,0,0,0,0,0,224253,216551,197029
"10077",622.39795,5.644,0,0,0,0,0,0,578001,644852,621122
"10081",623.21167,5.966,0,0,0,0,0,0,225139,203769,152384
"10084",623.23602,3.594,0,0,0,0,0,0,44326,39881,42446
"10093",624.2356,0.573,0,0,0,0,0,0,640066,673741,667490
"10095",624.26868,3.903,0,0,0,0,0,0,302135,312085,186018
"10096",624.28632,3.064,0,0,0,0,0,0,320305,370815,303212
"10097",624.28668,3.14,0,0,0,0,0,0,304912,335900,290478
"10102",625.14148,2.172,0,0,0,0,0,0,46088,57341,53593
"10104",625.17902,3.25,0,0,0,0,0,0,408756,424103,385709
"10106",625.26794,9.799,0,0,0,0,0,0,577709,769093,709179
"10107",625.30493,9.972,0,0,0,0,0,0,234196,300378,293147
"10117",626.24646,3.18,0,0,0,0,0,0,115624,102751,111935
"10118",626.26471,5.203,0,0,0,0,0,0,129453,135952,137828
"10119",626.33344,4.719,0,0,0,0,0,0,28405,27088,17905
"10121",626.3457,3.511,0,0,0,0,0,0,1388724,1460290,1547255
"10122",626.34656,3.855,0,0,0,0,0,0,346922,373098,377717
"10123",626.41309,8.95,0,0,0,0,0,0,30190,33962,38778
"10127",627.15778,2.172,0,0,0,0,0,0,547148,541400,541524
"10129",627.24976,4.702,0,0,0,0,0,0,413811,493236,438082
"10140",628.28052,5.245,0,0,0,0,0,0,1556590,1798721,1626148
"10157",629.27496,4.872,0,0,0,0,0,0,232203,242312,239153
"10164",630.29675,5.002,0,0,0,0,0,0,219990,234559,209113
"10170",631.21912,2.168,0,0,0,0,0,0,47766,50639,51274
"10181",632.29108,5.163,0,0,0,0,0,0,90188,89477,79311
"10182",632.34192,4.902,0,0,0,0,0,0,96505,107483,94300
"10183",632.34387,5.555,0,0,0,0,0,0,27036,32611,22644
"10184",632.34607,5.055,0,0,0,0,0,0,76378,91092,62137
"10192",633.17334,5.261,0,0,0,0,0,0,103064,73470,64170
"10194",633.18201,2.561,0,0,0,0,0,0,57065,47226,40180
"10197",633.34088,3.16,0,0,0,0,0,0,118656,123767,119409
"10205",634.30707,4.339,0,0,0,0,0,0,232590,248014,247739
"10206",634.36047,4.831,0,0,0,0,0,0,40673,46349,28899
"10208",634.36108,5.328,0,0,0,0,0,0,1578636,1778487,1593099
"10209",634.36127,5.135,0,0,0,0,0,0,10024672,10848795,9940388
"10210",634.36176,5.392,0,0,0,0,0,0,434248,468932,458094
"10211",634.36212,5.543,0,0,0,0,0,0,41283,71982,49383
"10218",636.35602,4.492,0,0,0,0,0,0,135648,171068,170995
"10221",637.23193,0.538,0,0,0,0,0,0,256635,247853,242298
"10225",638.34479,3.837,0,0,0,0,0,0,65225,52768,84883
"10227",638.39197,4.878,0,0,0,0,0,0,1907656,2245816,2026352
"10230",638.39301,5.194,0,0,0,0,0,1521,188823,206237,202054
"10231",638.39331,3.787,0,0,0,0,0,0,63332,66514,59966
"10246",640.26208,3.703,0,0,0,0,0,0,90960,69978,67123
"10248",640.26385,3.475,0,0,0,0,0,0,164927,160553,141922
"10257",641.17261,2.404,0,0,0,0,0,0,18884,22522,17589
"10259",641.22333,3.076,0,0,0,0,0,0,139995,120349,119229
"10260",641.25824,10.131,0,0,0,0,0,0,45115,72614,78649
"10264",642.29669,5.239,0,0,0,0,0,0,20954,26532,21777
"10265",642.34076,3.124,0,0,0,0,0,0,369510,418649,446816
"10268",643.15027,2.96,0,0,0,0,0,0,105273,105745,113334
"10269",643.31512,7.144,0,0,0,0,0,0,149120,142260,89051
"10272",643.34424,4.882,0,0,0,0,0,0,231030,274248,256435
"10273",643.34686,4.425,0,0,0,0,0,0,3086340,3083864,3185172
"10274",643.34753,4.301,0,0,0,0,0,0,140425,137281,132334
"10275",643.34851,4.56,0,0,0,0,0,0,110876,130507,126526
"10278",644.35834,3.3,0,0,0,0,0,0,77983,74154,64456
"10312",648.21826,4.718,0,0,0,0,0,0,111134,128345,118108
"10315",648.34052,4.52,0,0,0,0,0,0,167437,176992,144482
"10317",648.3974,4.6,1734,0,0,0,0,0,90031,110842,94419
"10318",648.39801,4.921,0,0,0,0,0,0,110173,130078,123241
"10329",650.30237,4,0,0,0,0,0,0,1346370,1319474,1279143
"10332",650.35614,4.285,0,0,0,0,0,0,5480868,5678042,5164678
"10333",650.35651,4.693,0,0,0,0,0,0,237544,236987,224722
"10338",651.33362,4.59,0,0,0,0,0,0,236316,287034,243866
"10341",652.28101,4.526,0,0,0,0,0,0,63039,72998,60362
"10342",652.37067,4.969,0,0,0,0,0,0,103707,115996,117275
"10343",652.37329,3.833,0,0,0,0,0,0,326791,337398,214690
"10352",654.25745,2.883,0,0,0,0,0,0,20319,26123,21343
"10354",654.38727,4.849,0,0,0,0,0,0,6433672,7225874,6701246
"10355",654.38739,3.891,0,0,0,0,0,0,655539,677873,640410
"10356",654.38763,4.035,0,0,0,0,0,0,461736,481459,447716
"10358",654.44794,9.749,3931,0,0,0,0,0,64679,66161,42350
"10363",655.29065,5.332,0,0,0,0,0,0,67227,76441,62307
"10369",656.2002,0.583,0,0,2733,0,0,0,84093,98447,113856
"10370",656.25562,3.061,0,0,0,0,0,0,19008,29627,29325
"10375",657.25092,3.19,0,0,0,0,0,0,27482,34424,33582
"10376",657.25909,10.133,0,0,0,0,0,0,41659,66167,63363
"10377",657.32721,3.822,0,0,0,0,0,0,350727,400287,370617
"10382",659.23749,4.252,0,0,0,0,0,0,102086,111159,95537
"10399",662.33716,8.749,0,0,0,0,0,0,21419,24863,19053
"10400",662.37616,4.571,0,0,0,0,0,0,44869,46107,45141
"10401",662.3775,4.945,0,0,0,0,0,0,23308,34966,31080
"10410",664.1886,4.414,0,0,0,0,0,0,142647,77647,124439
"10412",664.39337,3.936,0,0,0,0,0,0,45512,41491,30924
"10413",664.39368,4.004,0,0,0,0,0,0,121050,118379,100300
"10424",666.24823,0.832,0,0,0,0,0,0,54152,69220,65862
"10425",666.29596,3.385,0,0,0,0,0,0,42101,44618,35367
"10426",666.34827,3.588,0,0,0,0,0,0,39672,36208,31059
"10427",666.3714,6.004,0,0,0,0,0,0,221777,232989,199478
"10434",668.24152,2.497,0,0,0,0,0,0,42961,40993,34050
"10436",668.3667,3.737,0,0,0,0,0,0,1155307,822989,785648
"10437",668.36694,4.246,0,0,0,0,0,0,175976,205526,201147
"10446",670.38196,4.158,0,0,0,0,0,0,218471,243027,214673
"10447",670.38232,3.727,0,0,0,0,0,0,4305188,4014676,3760912
"10451",671.16577,4.983,0,0,0,0,0,0,70858,69682,77789
"10457",672.39728,3.573,0,0,0,0,0,0,54385,55174,48497
"10459",672.41876,7.319,0,0,0,0,0,1810,46210,56790,37985
"10460",672.41949,7.524,0,0,0,0,0,0,286901,326362,270864
"10468",673.32379,3.788,0,0,0,0,0,0,171476,161723,165344
"10476",675.31549,4.84,0,0,0,0,0,0,102675,119631,120573
"10480",675.36578,4.471,0,0,0,0,0,0,127630,124520,160777
"10481",675.36633,4.977,0,0,0,0,0,0,168817,185068,163442
"10482",675.36804,4.921,0,0,0,0,0,0,71336,88562,106168
"10489",677.35632,3.579,0,0,0,0,0,0,37774,36488,42128
"10495",678.37183,3.958,0,0,0,0,0,0,97258,111654,96936
"10496",678.37225,4.108,0,0,0,0,0,0,322058,379731,321104
"10505",680.06903,2.17,0,0,0,0,0,0,44923,37947,49133
"10506",680.26855,3.157,0,0,0,0,0,0,43803,48788,54266
"10507",680.38818,3.306,0,0,0,0,0,0,105297,98289,91863
"10513",681.19653,4.86,0,0,0,0,0,0,384755,409791,381143
"10514",681.39685,4.421,0,0,0,0,0,0,110316,117045,117099
"10516",682.18805,5.332,0,0,0,0,0,0,59247,57378,61233
"10520",682.40271,3.2,0,0,0,0,0,0,185153,196839,196212
"10525",684.26428,3.595,0,0,0,0,0,0,54385,42381,49774
"10527",684.4328,3.682,0,0,0,0,0,0,60174,64412,56393
"10536",686.32239,4.303,0,0,0,0,0,0,95190,106048,98774
"10542",688.271,2.946,0,0,0,0,0,0,70958,54794,53971
"10543",688.27448,2.804,0,0,0,0,0,0,32416,45874,30428
"10545",688.39178,4.142,0,0,0,0,0,0,22630,25276,17242
"10554",689.24365,4.402,0,0,0,0,0,0,243273,230457,283599
"10555",689.24475,4.05,0,0,0,0,0,0,24693,31268,31248
"10556",689.29797,4.313,0,0,0,0,0,0,27893,29732,16166
"10565",691.10388,2.956,0,0,0,0,0,0,67232,63212,72642
"10570",692.26923,3.235,0,0,0,0,0,0,31698,23947,19418
"10577",693.27942,3.41,0,0,0,0,0,0,305473,306599,271012
"10580",694.36731,3.456,0,0,0,0,0,0,354571,379174,321579
"10581",694.40314,6.505,12071,0,0,0,0,0,54365,73915,54829
"10582",694.40332,6.742,0,0,0,0,0,0,2124687,2374917,1958744
"10583",694.40375,6.58,12071,0,0,0,0,0,332641,363741,299867
"10585",695.29572,3.287,0,0,1384,0,0,0,47583,54494,44155
"10586",696.24634,0.525,0,0,0,0,2130,0,182439,199462,191384
"10587",696.38281,3.346,1522,0,0,0,0,1540,516527,558883,501119
"10588",696.41986,7.21,0,0,0,0,0,0,240495,243933,197092
"10598",698.18182,4.892,0,0,0,0,0,0,96587,107793,95470
"10599",698.18298,4.835,0,0,0,0,0,0,52287,46920,58809
"10600",698.18561,4.447,0,0,0,0,0,0,53469,47824,77140
"10601",698.18835,4.38,0,0,0,0,0,0,39943,39098,38940
"10602",698.23193,2.009,0,0,0,0,0,0,56636,54464,37485
"10611",699.35858,6.744,0,0,0,0,0,0,821753,821364,705041
"10617",700.28296,2.58,0,0,0,0,0,0,227626,223943,196045
"10619",700.33905,4.498,0,0,0,0,0,0,103404,106852,102083
"10626",701.3382,3.35,0,0,0,0,0,0,140649,160683,137179
"10627",701.37604,7.208,0,0,0,0,0,0,98606,94747,86052
"10631",702.29932,2.358,0,0,0,0,0,0,43007,41156,41346
"10638",704.26971,2.798,0,0,0,0,0,0,68905,74667,64130
"10639",704.31537,2.304,0,0,0,0,0,0,46397,40061,40158
"10640",704.38922,4.897,0,0,0,0,0,0,32904,47934,36687
"10654",707.21564,4.408,0,0,0,0,0,0,122934,133239,153093
"10657",707.29767,3.842,0,0,0,0,0,0,29612,34739,23240
"10666",710.39783,5.312,0,0,0,0,0,0,169401,174813,178401
"10667",710.39789,5.373,0,0,0,0,0,0,177649,203963,191557
"10670",711.32556,3.691,0,0,0,0,0,0,207606,171262,182135
"10672",712.37708,3,0,0,0,0,0,0,71502,77164,70540
"10673",712.39325,4.425,0,0,0,0,0,0,73195,83046,81528
"10676",713.39032,3.731,0,0,0,0,0,0,42089,37245,30216
"10679",714.17737,3.777,0,0,0,0,0,0,39715,33206,49625
"10680",714.31824,4.511,0,0,0,0,0,0,73624,81936,75947
"10681",714.40771,4.714,0,0,0,0,0,0,16204,23304,15879
"10688",716.25684,2.677,0,0,0,0,0,0,61351,61112,54934
"10689",716.33533,4.423,0,0,0,0,0,0,142278,138680,126199
"10699",718.28387,3.04,0,0,0,0,0,0,136385,136707,142222
"10709",720.44635,5.57,0,0,0,0,0,0,166018,166792,150827
"10714",721.33929,3.936,0,0,0,0,0,0,728209,835394,783309
"10717",722.19391,1.846,0,0,0,0,0,0,405334,361476,334992
"10718",722.19482,1.675,0,0,0,0,0,0,380298,427660,402666
"10726",724.29187,5.137,0,0,0,0,0,0,48349,48190,40742
"10729",725.29736,3.731,0,0,0,0,0,0,35600,34657,39233
"10730",725.30444,3.523,0,0,0,0,0,0,63329,53748,46343
"10733",726.22522,1.899,0,0,0,0,0,0,51199,72120,48720
"10745",730.29364,2.864,0,0,0,0,0,0,15128,24707,18975
"10746",730.31305,4.086,0,0,0,0,1255,0,265926,289778,240621
"10752",732.32843,3.955,0,0,0,0,0,0,7528368,8202856,8014448
"10754",732.46204,3.955,0,0,0,0,0,0,27799,36687,37099
"10759",733.30127,3.7,0,0,0,0,0,0,73827,64773,55210
"10762",734.32434,4.739,0,0,0,0,0,0,43513,47694,42427
"10768",736.32837,2.358,0,0,0,0,0,0,45088,59584,46724
"10775",737.33405,3.614,0,0,0,0,0,0,599074,598052,558396
"10777",738.15283,0.554,0,0,0,0,0,0,1460598,1494807,1743434
"10778",738.19128,1.688,0,0,0,0,0,0,65872,80235,78577
"10779",738.22705,2.594,0,0,0,0,0,0,34667,41379,34446
"10780",738.31976,3.122,2146,0,0,0,0,0,68951,88936,82626
"10787",741.27484,3.066,0,0,0,0,0,0,43143,37303,34460
"10788",742.32788,3.511,0,0,0,0,0,0,45833,57413,42165
"10791",743.16315,4.87,0,0,0,0,0,0,93006,99601,103764
"10794",743.29041,2.975,0,0,0,0,0,0,58794,46368,44360
"10795",743.32764,3.723,0,0,0,0,0,0,29397,25113,20079
"10796",744.26404,9.753,0,8835,10743,0,0,0,39626,51613,39505
"10800",746.23785,1.727,0,0,0,0,0,0,137280,145777,127507
"10801",746.30743,3.725,0,0,0,0,0,0,54842,54206,57568
"10802",746.30774,3.802,0,0,0,0,0,0,294896,319196,301564
"10805",748.28564,3.318,0,1336,0,1570,0,0,64821,71433,65191
"10806",748.32251,4.113,0,0,0,0,0,0,110488,119112,97467
"10807",748.32281,3.737,0,0,0,0,0,0,18826318,18675556,17120210
"10808",748.4624,3.737,0,0,0,0,0,0,119939,107032,99035
"10813",749.18188,4.91,0,0,0,0,0,0,50190,37364,55905
"10814",749.30707,4.632,0,0,0,0,0,0,65669,68912,50789
"10816",750.3197,3.257,0,0,0,0,0,0,155093,171647,167334
"10817",750.32037,3.413,0,0,0,0,0,0,71852,76934,85296
"10821",751.4278,5.047,0,0,0,0,0,0,48301,56916,47813
"10822",753.12311,4.984,0,0,0,0,0,0,43151,38425,31761
"10825",753.32928,3.098,0,0,0,0,0,0,82984,76920,68999
"10826",754.34918,3.285,0,0,0,0,0,0,248594,278295,271236
"10829",755.31689,3.677,0,0,0,0,0,0,76380,80919,61427
"10830",756.20032,1.671,0,0,0,0,0,0,142632,126957,127327
"10833",757.22046,2.264,0,1408,0,0,0,0,549157,545651,522082
"10834",757.22089,2.346,0,0,0,0,0,0,4089952,4281304,4158301
"10840",760.30566,2.724,0,0,0,0,0,0,19388,26916,18854
"10849",763.24475,2.958,0,0,0,0,0,0,17124,21159,12829
"10851",764.31531,3.414,0,0,0,0,0,0,85147,76753,89870
"10852",764.31641,3.573,0,0,0,0,0,0,221623,203942,203508
"10853",764.31915,3.328,0,0,1413,0,0,0,133350,160105,132661
"10856",765.4082,5.097,0,0,0,0,0,0,84511,95498,87282
"10861",767.34381,6.742,0,0,0,0,0,0,50504,52805,38496
"10863",768.3288,3.072,0,0,0,0,0,0,22025,26563,29427
"10864",768.45544,5.732,0,0,0,0,0,0,173724,170284,175314
"10867",769.27045,3.566,0,0,0,0,0,0,458267,449680,432660
"10869",770.34412,3.299,0,0,0,0,0,0,133639,142515,135710
"10870",770.34424,3.24,0,0,0,0,0,0,179038,180003,168213
"10876",772.43427,4.192,0,0,0,0,0,0,34900,31703,32255
"10878",772.48676,4.318,0,0,0,0,0,0,67641,73847,72028
"10880",773.06671,2.166,0,0,0,0,0,0,87592,132664,126277
"10881",773.21539,2.168,0,0,0,0,0,0,25762736,26489766,26057918
"10882",773.21741,2.578,0,0,0,0,0,0,60511,60818,49491
"10884",773.33398,4.807,0,0,0,0,0,0,36865,40689,38774
"10885",773.36053,2.169,0,0,0,0,0,0,165021,183993,177980
"10892",775.28937,5.137,0,0,0,1453,0,0,18798,26420,27424
"10898",777.31482,3.723,0,0,0,0,0,0,179037,159962,150070
"10899",777.43451,6.64,0,0,0,0,0,1503,30532,34495,27059
"10900",777.4408,4.306,0,0,0,0,0,0,46367,42609,45393
"10901",778.36011,3.91,0,0,0,0,0,0,570588,661492,645176
"10902",778.36139,3.745,0,0,0,0,0,0,44062,42895,66550
"10908",779.31641,4.524,0,0,0,0,0,0,24856,30143,24471
"10909",779.39935,3.272,0,0,0,0,0,0,23676,30762,29968
"10911",780.33325,3.213,0,0,0,0,0,0,50525,55802,48843
"10912",780.44312,4.265,0,0,0,0,0,0,59877,72313,68243
"10915",782.43237,5.377,0,0,0,0,0,0,48726,52152,49529
"10920",783.41888,4.747,1472,0,0,0,0,0,31226,36770,29740
"10923",784.44904,4.886,0,0,0,0,0,0,109220,107680,96434
"10924",784.44983,4.965,0,0,0,0,0,0,200595,224634,229036
"10925",784.44983,5.206,0,0,0,0,0,0,7074005,7784036,7530317
"10926",784.44995,4.548,0,0,0,0,0,0,211022,239519,229376
"10932",785.21515,3.743,0,0,0,0,0,0,20259,20854,21603
"10936",787.23175,2.404,0,0,0,1513,0,0,192023,193986,180029
"10941",788.48083,3.824,0,0,0,0,0,0,143909,151387,148238
"10942",788.48145,3.737,0,0,0,0,0,0,48110,40699,47189
"10944",788.48248,4.108,0,0,0,0,0,0,182298,221233,168371
"10946",789.36145,7.029,0,0,0,0,0,0,66390,111004,93948
"10954",791.20428,2.555,0,0,0,0,0,0,24769,25246,36677
"10956",791.41632,5.568,0,0,0,0,0,0,115135,131160,132310
"10964",793.43829,3.587,0,0,0,0,0,0,65283,60783,60154
"10968",794.35352,3.601,0,0,0,0,0,0,156083,149058,110190
"10974",796.4129,4.869,0,0,0,0,0,0,48873,50670,65297
"10975",796.41394,4.706,0,0,0,0,0,0,406560,488711,418448
"10981",799.28143,3.616,0,0,0,0,0,0,47728,48492,46941
"10983",800.44513,4.142,0,0,0,0,0,0,10298175,11510974,10550541
"10985",800.44531,3.788,0,0,0,0,0,0,6104792,6211090,5755689
"10986",800.44531,4.821,0,0,0,0,0,0,314795,350196,317754
"10987",800.44574,4.56,0,0,0,0,0,0,315581,366524,341930
"10993",803.31793,5.31,0,0,0,0,0,0,83984,95685,86545
"10996",804.47949,3.843,0,0,0,0,0,0,48113,47183,47518
"11002",805.38684,4.554,0,0,0,0,0,0,32365,52981,44177
"11014",810.133,2.346,0,0,0,0,0,0,17281,23301,17278
"11021",812.35486,3.523,0,0,0,0,0,0,72155,69505,65727
"11022",812.40845,3.869,0,0,0,0,0,0,153116,151192,120672
"11024",813.3186,3.385,0,0,0,0,0,0,30890,29670,20342
"11028",816.43964,3.785,0,0,0,0,0,0,406266,395779,366407
"11029",816.43988,4.484,0,0,0,0,0,0,1144121,1329966,1193478
"11030",816.44019,3.424,0,0,0,0,0,0,294834,300315,273917
"11031",816.44116,3.608,0,0,0,0,0,0,109795,139485,134935
"11032",816.44141,4.188,0,0,0,0,0,0,77135,64474,65931
"11036",818.45654,4.352,0,0,0,0,0,0,48411,51618,48831
"11040",820.47101,3.296,0,0,0,0,0,0,74364,86865,72126
"11041",820.47388,3.118,0,0,0,0,0,0,79522,89647,80383
"11045",821.31934,3.824,0,0,0,0,0,0,370938,341749,320416
"11046",821.32269,3.934,0,0,0,0,0,0,89836,133619,96971
"11047",821.32471,3.669,0,0,0,0,0,0,59953,59118,67966
"11048",821.32562,4.065,0,0,0,0,0,0,134138,147112,137668
"11049",821.35901,4.722,0,0,0,0,0,0,124626,136844,82476
"11052",821.38824,3.954,0,0,0,0,0,0,87950,64515,91261
"11058",823.34186,4.35,0,0,0,0,0,0,84011,103664,94841
"11059",823.34332,3.4,0,0,0,0,0,0,60672,59032,48008
"11067",830.41815,3.44,0,0,0,0,0,0,49365,42984,48323
"11070",832.43402,3.876,0,0,0,0,0,0,20059,23864,24511
"11071",832.435,3.248,0,0,0,0,0,0,449541,479525,437865
"11072",832.43506,3.471,0,0,0,0,0,0,285823,320626,254235
"11078",833.32281,4.618,0,0,0,0,0,0,55506,61748,52081
"11080",834.4505,3.113,0,0,0,0,0,0,39489,34696,35552
"11081",834.45154,3.297,0,0,0,0,0,0,55420,56300,56143
"11084",835.3186,4.233,0,0,0,1256,0,0,56834,72856,58249
"11086",835.4361,5.568,0,0,0,0,0,0,36688,34293,25078
"11089",837.32098,3.731,0,0,0,0,0,0,160051,164034,154557
"11099",841.19,2.164,0,0,0,0,0,0,41564,31479,48448
"11108",851.33649,4.777,0,0,0,0,0,0,76733,78067,51009
"11112",853.31549,3.017,0,0,0,0,0,0,26736,32991,28081
"11120",855.33167,2.899,0,0,0,0,0,0,708319,731063,688264
"11121",855.33215,3.045,0,0,0,0,0,0,101531,108697,91149
"11122",856.4549,6.234,0,0,0,0,0,0,18521,32574,23200
"11123",856.45526,6.386,0,0,0,0,0,0,197678,226704,204101
"11126",857.34717,3.116,0,0,0,0,0,0,76909,96550,91014
"11127",857.34766,2.752,0,0,0,0,0,0,61912,57441,53393
"11129",858.48682,4.457,0,0,0,0,0,0,26985,22698,24908
"11143",867.37592,3.785,0,0,0,0,0,0,36056,36852,38403
"11147",869.349,3.323,0,0,0,0,0,0,155478,110782,128533
"11155",873.3844,3.79,0,0,0,0,0,0,46662,50955,45161
"11168",879.43164,5.986,0,0,0,0,0,0,637512,586020,649993
"11173",883.36066,4.26,0,0,0,0,0,0,23092,31840,23195
"11174",883.36249,4.155,0,0,0,0,0,0,340535,379694,298782
"11175",883.36285,4.013,0,0,0,0,0,0,50657,59435,44376
"11178",885.34247,3.383,0,0,0,0,0,0,77616,82989,58514
"11181",886.44525,3.958,0,0,0,0,0,0,82260,83161,76647
"11184",887.35803,3.128,0,0,0,0,0,0,107114,136454,99311
"11185",887.35834,3.034,0,0,0,0,0,0,145900,162462,139088
"11193",894.38202,3.665,0,0,0,0,0,0,265135,260995,247285
"11199",897.32239,4.868,0,0,0,0,0,0,202039,205935,221699
"11202",898.39795,4.413,0,0,0,0,0,0,126559,83471,109243
"11204",900.34912,4.408,0,0,0,0,0,0,64311,77161,56437
"11205",900.38873,4.159,0,0,0,0,0,0,24893,25199,18793
"11213",904.45056,4.854,0,0,0,0,0,0,158071,180862,152363
"11215",905.30646,4.418,0,0,0,0,0,0,155238,152019,132758
"11222",910.37689,3.438,0,0,0,0,0,0,476614,455276,428569
"11228",916.2923,4.831,0,0,0,0,0,0,20988,20954,23059
"11229",916.30634,4.399,1592,0,0,0,0,0,86678,95002,71476
"11230",917.36932,3.246,0,0,0,0,0,0,270106,279406,242580
"11231",917.37024,3.124,0,0,0,0,0,0,53235,59551,35946
"11253",934.39209,3.072,0,0,0,0,0,0,23798,22195,18889
"11286",962.49768,3.501,0,0,0,0,0,0,370359,418207,364566
"11287",962.4978,3.606,0,0,0,0,0,0,2971463,2893043,2710399
"11303",972.45764,5.039,0,0,0,0,0,0,59659,69095,61000
"11304",972.45966,5.223,0,0,0,0,0,0,28470,33754,22673
"11313",978.49237,3.32,0,0,0,0,0,0,52847,60656,47571
"11314",978.49658,3.256,0,0,0,0,0,0,29603,37512,40026
"11329",990.39752,3.897,0,0,0,0,0,0,25361,23593,19785
"11333",994.48608,3.058,0,0,0,0,0,0,85245,99633,75395
"11360",1048.49634,3.761,0,0,0,0,0,0,30866,35036,35384
"11375",1079.49817,4.853,0,0,0,0,0,0,81820,109102,103622
"11400",1159.45325,4.864,0,1706,0,0,0,0,488710,556310,515492
"11416",1181.43787,4.877,0,0,0,0,0,0,59498,50888,46978
"11433",1198.44702,4.862,0,0,0,0,0,0,77479,81501,93386
