"Feature","mz","rt","Orbi_P_E2_EXBLANKA","Orbi_P_E2_EXBLANKB","Orbi_P_E2_EXBLANKC","Orbi_P_E2_Wasteblank4","Orbi_P_E2_Wasteblank5","Orbi_P_E2_Wasteblank6","Orbi_P_E2_WS03A","Orbi_P_E2_WS03B","Orbi_P_E2_WS03C"
"0",100.07631,3.512,2840850,2884088,2197557,1732664,1233470,978653,842156,1898194,1235790
"1",100.07642,6.001,2851239,1165947,2087497,3410899,1672282,1776240,2209666,699531,620234
"2",100.07643,0.6,3275250,4003399,2926836,3854985,2625215,3279398,1775554,2098488,1197450
"3",100.07646,2.805,2722908,2352824,2360786,1665865,2423755,1411979,2002296,957650,1046580
"4",100.07648,1.502,4225715,933526,2387259,3858172,1015688,1382404,2774530,3202571,3024817
"5",100.11272,11.646,2528755,2558266,2755386,2513106,2526463,2315675,2970513,2366576,2339078
"6",100.11289,0.056,641104,743266,759175,700580,488027,632612,804444,552722,920784
"7",100.51066,11.656,915949,849606,743120,848458,779178,775881,712591,868690,871579
"8",100.75848,0.468,67664,14490,65789,12395,52600,23095,0,0,0
"9",100.95727,11.661,3157598,3160904,2980295,2894749,3166148,3015986,2781401,3046034,3070285
"10",100.95766,0.572,159825,86343,149318,178036,84579,87255,51103,96531,115408
"11",101.02383,0.555,0,0,0,0,0,1703,510983,508789,459492
"12",101.07146,6.01,2427381,3754923,4041504,4015092,3513591,3633318,2592462,3391362,3406635
"13",101.0715,11.645,61786536,50585516,55275508,49598304,51288176,53930512,55174928,50498284,49682776
"14",101.07151,0.587,462470,303771,389340,140710,198428,621455,321406,196698,676814
"15",101.07155,9.774,26433444,16075061,16428437,11823304,12218470,20273504,13292467,47102268,18244508
"16",101.95036,0.638,297543,238391,183805,148586,221767,167447,239462,255125,266022
"17",101.95066,11.762,110605,103023,116867,90197,134577,108519,115728,106747,106635
"18",102.01351,1.375,444892,161570,605388,189008,175395,175257,336857,252154,417565
"19",102.01376,0.574,254500,369792,317433,344804,257812,339170,116301,110908,187498
"20",102.01376,0.702,345251,832917,412826,548283,519871,511030,444022,578284,408283
"21",102.01379,11.864,693114,1390177,560187,652246,623199,923267,658714,1209796,477066
"22",102.05553,0.534,25048,60751,80255,27822,44540,49185,2507892,2567770,2324171
"23",102.05559,0.808,68265,50356,38104,45631,34486,35668,618641,733711,479679
"24",102.12823,0.584,1895539,1545617,1799519,1836277,1517946,1488614,2401272,2621062,3037150
"25",102.12827,11.644,25218042,24702226,26920042,23726888,24007022,24269380,27931658,23435086,22187386
"26",102.12827,0.81,897825,906174,1060809,973533,1036222,941801,1386713,1612489,1481003
"27",102.12829,0.045,7215368,6762757,6818314,7289660,6698999,7742336,7845524,5848998,10497761
"28",102.12836,1.383,213346,167291,110938,246134,254078,271682,360237,242877,132971
"29",102.12836,6.011,472148,775593,1038049,363819,865977,856692,431379,517015,815009
"30",102.1285,9.724,1890997,1779378,1137246,1269083,356786,767599,736332,642775,2016295
"31",102.95529,11.666,247632,321988,354717,331623,291481,327612,196799,377278,357319
"32",103.05479,6.001,114099,95759,136174,123460,139240,129813,121252,124625,89649
"33",103.05481,1.38,7273,4618,9706,2828,3775,3390,6082532,6387040,5926276
"34",103.05495,2.251,101750,5339,9435,2055,6497,6029,12346,17317,13897
"35",103.08736,0.486,3119,3735,1957,4252,2240,1339,367773,341018,350501
"36",103.95614,11.658,1042764,1007353,996553,2074621,762672,807996,1537772,1288406,1126023
"37",103.95624,11.819,10712022,10272818,10650247,10188815,10500311,10352785,10290266,9444407,9520908
"38",104.10761,6.84,144381,258078,152297,329063,138581,199003,695164,554476,604645
"39",104.10766,11.643,3846501,3262869,3601974,3329064,3368681,3298427,3805614,3527315,3007324
"40",104.10766,0.505,230346,273087,505852,286943,121504,186612,614062720,663348416,638162496
"41",104.10767,7.65,172007,252566,157256,246001,152217,303571,815282,864157,764494
"42",104.1077,3.532,198270,332438,155274,169858,336473,200511,188082,172143,207899
"43",104.30958,5.963,0,0,0,0,0,0,67277,78927,78525
"44",104.9514,0.796,92711,75353,64067,105683,43000,121712,84700,99581,65471
"45",105.03374,7.03,381240,345530,283720,251687,290885,283255,874585,1296089,1207521
"46",105.03381,8.073,363948,306871,344380,185676,206184,259042,588881,698253,715751
"47",105.03389,8.009,373573,256240,219606,188404,174222,161495,614727,836359,736947
"48",105.03395,8.241,249370,281743,271047,249779,261906,276449,319916,279142,314856
"49",105.034,5.167,223943,174926,157889,34213,34006,32854,965494,781416,1242122
"50",105.03403,5.562,111041,112216,107070,108651,98827,121575,138311,128887,84335
"51",105.03403,3.964,79725,87143,78684,38228,45110,36600,372063,771368,1521216
"52",105.03404,6.767,526285,508635,518496,417487,517800,490961,574543,528944,521002
"53",105.03404,5.078,35129,70708,33388,31481,11108,32806,482890,471450,1121699
"54",105.03404,5.418,276531,265827,266150,260869,258516,281069,292370,260600,313885
"55",105.03405,8.354,248244,257008,214124,231154,253796,290843,290034,249962,231407
"56",105.03415,6.949,222534,211410,189048,210147,217847,191694,193214,170400,173661
"57",105.03423,6.615,190885,185004,206176,190298,189734,187356,204247,192195,203018
"58",105.06998,6,4333930,3580908,4603772,4396883,4607534,3760244,4601517,3826830,4268662
"59",105.07034,4.406,136101,84878,86043,105732,137352,110385,486363,410155,603548
"60",105.07034,6.174,380683,323910,346287,290002,264694,299211,400145,423892,340049
"61",105.07035,3.497,45829,34223,51962,36691,68741,53247,311425,390937,355648
"62",105.07038,1.383,45777,58290,44751,40246,74473,37291,274463,279803,268116
"63",105.07039,6.624,396444,256623,290409,176218,174585,236522,146056,183315,199422
"64",105.07053,1.712,75110,40121,75510,19740,36994,43122,680496,593097,679432
"65",105.07056,2.799,399649,159859,141345,65156,75092,57716,339689,293464,295634
"66",105.07056,7.473,1116152,70627,53660,55494,130346,43087,118712,50980,72735
"67",105.07058,7.534,888462,221600,104466,157879,187044,169005,167758,266284,69851
"68",105.0706,3.675,285477,52374,57346,41382,64702,68867,133304,103323,63339
"69",105.07066,9.03,389237,256531,246323,289091,304291,253502,336723,349038,305042
"70",105.11086,11.707,5721,2945,98256,5927,4665,10849,5880,21362,109190
"71",105.95435,11.674,869629,558032,815703,530208,478407,302641,475599,653413,539927
"72",105.95441,11.82,5505052,4666680,4306906,4723617,5554378,4628704,5203722,4258212,4142270
"73",105.96371,0.418,26389,18597,14597,19468,16348,22663,75280,81058,71403
"74",106.05039,0.525,49077,106721,103659,111562,125164,84290,6702294,6270834,5936587
"75",106.08697,0.484,1106599,1906487,635310,162644,130886,182408,101525,72960,116216
"76",106.50742,5.962,0,0,0,0,0,0,353500,480476,363289
"77",106.61903,5.962,0,0,0,3511,0,0,219046,249640,203189
"78",106.73013,5.957,0,0,0,0,0,0,57136,43496,35569
"79",106.94402,3.606,11712,10586,16834,8576,24868,32832,206121,212366,194032
"80",106.95084,0.471,190001,167623,211918,144648,182372,174103,3985497,3869609,3249899
"81",106.95101,11.642,264182,370440,362205,261416,319407,295175,394705,373719,299151
"82",106.9671,12.218,353465,133256,733619,391443,243375,899776,429939,357443,345858
"83",106.96714,0.801,232185,222123,222112,222247,217549,193861,149693,187483,160043
"84",107.04965,1.38,11903,10743,15745,17203,10143,7252,609760,634611,582474
"85",107.04977,1.839,9852,12050,10255,6357,6076,8550,111678,133064,120306
"86",107.05556,3.604,35085,22999,14511,22417,14803,11892,132291,137987,140931
"87",107.058,5.264,21900,20308,15088,24571,12324,17243,662525,778255,599015
"88",107.05805,5.962,76336,42624,14266,45911,24516,21849,764221,937110,775273
"89",107.06098,11.645,2404780,2413385,2746793,2331501,2352750,2337731,2758930,2319182,2588329
"90",107.07066,0.593,82706,72579,56394,51031,59482,54703,58648,77188,104080
"91",107.07101,9.376,168370,127258,314907,164533,132582,185497,71066,97997,88789
"92",107.08589,4.397,278710,66177,189645,144873,118710,63926,151151,329798,286066
"93",107.08608,3.521,61302,62874,148336,127859,96701,153110,581192,582593,578988
"94",107.08614,7.546,835783,111241,181337,44026,41055,48689,66232,60061,78371
"95",107.08614,2.584,161399,54658,51070,52928,32478,92829,202556,307965,222744
"96",107.08615,6.649,353456,170621,206524,30013,84954,51881,214815,173385,139219
"97",107.08617,7.473,787368,59344,52583,36117,42576,34689,68139,61692,56507
"98",107.08624,2.807,2835405,573286,549978,220186,129839,96884,229609,234349,221755
"99",107.08624,8.563,536884,171020,296509,63032,33887,36769,102140,71397,81881
"100",107.08627,8.711,333383,125813,168439,27280,23930,51029,84390,108978,38696
"101",107.0863,2.313,341369,130267,117864,47034,27070,74292,111383,124011,104269
"102",107.0863,2.412,142629,57486,74938,43824,49316,34528,94213,127453,58657
"103",107.08633,3.829,692705,385948,259996,186796,202274,275097,327938,317849,351151
"104",107.16685,3.605,0,0,0,0,0,0,29753,26639,24439
"105",107.16949,5.264,0,0,0,0,0,0,355189,447438,354767
"106",107.16957,5.962,0,0,0,0,0,0,428802,536977,448285
"107",107.28071,5.264,0,0,0,0,0,0,121018,142878,98847
"108",107.28079,5.96,0,0,0,0,0,0,138721,195648,107113
"109",107.49466,3.606,0,0,0,0,0,0,56303,58657,55413
"110",107.60589,3.606,0,0,0,0,0,0,20075,27387,23970
"111",107.95084,0.428,283186,390548,431841,287807,391274,334788,454960,301318,259593
"112",107.95105,12.212,1196670,772378,854555,537922,333726,376756,1015377,429213,1218391
"113",107.95107,0.546,534788,324114,337917,295614,233836,253610,136204,147981,34616
"114",107.95111,0.803,449141,573449,490667,449359,505879,337491,382683,373672,401623
"115",107.96726,11.638,1080566,893155,1100344,1003465,1124668,965884,972605,852936,772459
"116",107.96727,6.052,234572,565054,282951,290016,458662,322474,769769,233975,305112
"117",107.96732,4.936,126093,203040,267205,208100,182575,138913,239342,252952,263705
"118",107.96734,11.76,166724,171280,144795,136089,155508,176731,147535,147961,144245
"119",107.96738,4.79,235719,181912,136355,155028,282034,124952,315273,329358,291395
"120",107.96745,0.469,447629,444130,471009,381945,416192,402326,82993,127402,87629
"121",108.04494,0.786,58675,57723,52603,32282,32890,29134,190980,195206,252004
"122",108.04495,0.581,50274,48413,76871,47950,41594,68850,802526,668096,633666
"123",108.08139,2.197,40741,47169,33606,54047,41837,23208,158948,108884,144060
"124",108.08141,11.641,464519,412155,527577,314480,254668,412430,458749,332308,398423
"125",108.08148,0.584,118101,105117,99077,120850,81040,126659,23086,37079,40219
"126",108.08153,3.823,165491,85079,43918,17501,57203,40953,58953,74028,35670
"127",108.51818,11.652,295763,294867,192786,173601,89615,162336,3404,204907,125701
"128",108.83291,5.962,0,0,0,0,0,0,202776,202903,177701
"129",108.9443,5.96,0,972,0,0,0,1184,77571,100771,102643
"130",108.94881,0.47,1925,1712,1793,2492,4973,7383,281438,256059,251414
"131",109.02891,0.556,0,1659,1963,4459,0,0,3071382,3166391,2986212
"132",109.06536,4.39,45797,56482,112723,43873,51408,66559,321945,262242,211414
"133",109.06557,3.829,147597,159916,65305,184201,216471,168265,318224,173628,209959
"134",109.07665,11.646,2137831,1739076,1871144,1667807,1946673,1889570,2118452,1938840,1799562
"135",109.1015,5.978,129161,119222,118972,97067,47021,86172,187231,217912,386291
"136",109.10171,3.787,141878,99987,64958,163770,190356,64500,320319,363149,430631
"137",109.10177,5.415,643120,204500,93945,127140,111767,80830,547340,516433,541213
"138",109.10178,3.485,207231,99270,238354,78747,185082,189353,467377,492422,362495
"139",109.10179,4.674,112275,88238,68342,62312,58166,67207,381946,396598,655879
"140",109.1018,7.553,17056460,339557,229616,117175,46185,74775,190906,170252,137281
"141",109.10181,5.039,198990,40438,101934,63916,156107,64280,970114,1092572,1032101
"142",109.10181,7.128,1831356,208958,199269,123122,59361,55009,46711,68562,74994
"143",109.10183,8.122,2379512,225822,247131,46552,33351,56962,243538,155578,81166
"144",109.10184,7.473,1795646,143056,56988,84653,47905,38121,91543,94260,147840
"145",109.10184,8.987,856125,247564,260248,87800,56507,46384,220305,230101,206939
"146",109.10184,7.636,10819197,323152,205942,118312,48149,71428,240517,211373,190856
"147",109.10186,9.636,3105044,1671473,1572933,47044,54236,76367,578038,732967,702472
"148",109.10187,3.066,48722308,4638177,4981852,170437,152856,249159,621424,181640,236293
"149",109.10187,6.578,3160276,193924,98827,67230,119048,77420,67006,111395,92141
"150",109.10188,8.68,1570355,385617,673798,81583,58957,41916,204154,351283,326713
"151",109.10188,6.647,1117593,150509,66514,58346,67511,63160,132275,187952,108665
"152",109.10188,8.204,1839226,278349,287596,51392,87881,72077,146621,237703,73117
"153",109.10189,2.807,1487732,574513,634594,180408,169508,201867,211067,287629,260613
"154",109.10189,8.566,1193202,296716,539696,73446,66565,90143,125004,160771,101305
"155",109.10189,9.164,696216,177266,205318,34544,39552,41189,69024,39676,73291
"156",109.1019,7.741,228791,155936,238800,72911,130636,35622,89107,108016,112863
"157",109.10191,2.458,983105,184482,190743,71807,111687,140930,200279,169026,103999
"158",109.10191,4.367,465755,153925,190179,73825,122692,41242,431913,378713,404687
"159",109.10192,5.695,728906,100481,73812,82333,100557,82116,111911,69106,180525
"160",109.10194,5.575,1316470,106027,325260,234747,272665,383609,608263,509202,588703
"161",109.10197,3.682,693500,321421,316069,274424,222200,292950,100456,231130,129416
"162",109.51586,11.661,146238,324014,160241,309789,110269,143794,48949,54865,175587
"163",110.00913,0.598,1006382,716778,1938463,777412,1756769,1983773,1521918,869485,1146068
"164",110.00914,0.426,564303,617930,574708,565938,551341,594457,10180395,12828561,13274928
"165",110.00916,11.661,3832347,4091055,4037722,4196359,4052132,4511574,4061410,4013951,4707073
"166",110.00921,1.83,642276,497932,496464,908121,1050201,464980,1141936,1678058,1162498
"167",110.00941,0.074,764927,1390666,1401092,735632,1230812,714640,1169391,1292006,1218361
"168",110.00941,6.566,245743,172891,185588,78042,144133,116268,67632,103053,196504
"169",110.06051,0.81,64650,71190,45962,85668,48998,106082,683327,712437,689296
"170",110.06059,0.585,113966,126928,65409,122909,117499,87611,911072,885999,865788
"171",110.07173,11.646,17287710,17272102,16840948,15372708,16578020,16007225,18725810,16088786,16290423
"172",110.07174,0.466,27787,19138,42398,67295,5439,54032,2441201,2473742,3083691
"173",110.07183,5.903,85541,71766,70274,60480,122430,58813,54862,46271,165331
"174",110.09717,2.251,1202741,79100,84676,1401,3543,2664,3205,6147,5293
"175",110.52236,11.778,90618,55901,65343,133467,52051,126849,128796,58066,82352
"176",110.61259,4.178,0,0,0,0,0,0,37780,48862,28924
"177",110.72386,4.178,0,0,0,0,0,0,23180,24857,12017
"178",110.95396,11.883,109479,125330,99938,102352,83518,34046,66016,64206,21317
"179",111.02072,10.528,2146,1497,2239,1788,1571,2072,1645,0,71216
"180",111.02091,11.655,14791284,18162606,15391549,18488022,14292482,15429836,10440550,14658440,14742911
"181",111.04474,1.188,402383,52502,74551,46762,67786,35205,93235,48117,77843
"182",111.04475,0.569,733910,165366,144418,72320,46060,63336,284307,339314,400507
"183",111.04477,0.803,737139,140564,191997,71391,88238,128939,151716,90549,150126
"184",111.04481,2.057,232363,82580,80785,44704,34556,42837,34370,30161,72481
"185",111.08107,8.106,173720,40067,44808,42451,34494,86358,68718,76842,29626
"186",111.08113,0.432,159493,104972,79591,74828,105058,70755,352090,259118,215814
"187",111.08115,3.048,1218372,190396,230144,70642,119208,178286,106002,184570,154125
"188",111.08118,2.251,842014,210501,232300,51755,85163,111973,168128,245060,357114
"189",111.08121,2.717,246202,150228,97143,159580,95042,84149,83584,110156,106419
"190",111.11728,9.011,26966,33954,25385,24966,30951,23935,62617,69415,52599
"191",111.96877,0.592,176359,238854,222747,221211,283444,229464,151525,153282,187257
"192",111.9688,0.06,378465,239340,447821,259209,217972,148572,206316,294278,238598
"193",111.96901,11.846,370523,1373966,1034139,410318,1316759,1241502,833945,640720,996405
"194",111.96903,0.732,237826,62015,195563,157826,374006,268358,53242,130440,235167
"195",111.98493,0.593,111712,93850,102711,97478,90118,94209,126236,130030,151657
"196",112.00665,0.418,54244,97912,72611,71385,64810,76509,1489834,1782336,1939050
"197",112.01857,11.757,284702,279738,176546,300524,467498,399274,159283,117998,221068
"198",112.01862,11.655,6399804,7209518,7134156,8304830,6191045,6879814,4859014,6232858,6795791
"199",112.07609,0.579,56283,57793,72200,43098,60840,33380,147755,142722,179119
"200",112.59354,9.092,37875,44102,43423,37503,36904,43334,54179,43047,43652
"201",112.89616,0.474,0,2884,1481,1613,0,0,166509,249005,276857
"202",112.95652,12.09,490104,474866,465275,568011,456484,1268780,931884,1104710,912931
"203",112.95654,0.787,645481,653697,690262,549342,635155,621970,763140,681363,753737
"204",112.95655,0.546,368014,782247,374548,516797,388014,474105,199447,329017,355207
"205",112.95659,0.147,244754,1382090,439132,240539,281069,809604,237653,529565,203740
"206",112.9789,11.657,1750943,1614841,1054819,945581,1609825,1516041,2369447,2194374,2697316
"207",112.97894,5.927,40836,43388,40568,36780,65780,28817,89788,79573,42667
"208",113.03503,0.587,1766,0,3784,9436,3901,2314,173290,133189,152323
"209",113.0351,0.83,5234,1477,0,1450,1825,1341,420731,490990,448665
"210",113.06024,0.407,56760,82825,65035,77258,98093,68834,135679,123237,108972
"211",113.07127,11.646,1883420,1499402,1653813,1598697,1598854,1466088,1749585,1661387,1588215
"212",113.09681,2.387,395637,115146,30358,81318,16320,39789,62430,140482,73629
"213",113.10789,0.802,21655,6632,29544,35041,24599,31158,16515,43289,7472
"214",113.13309,11.269,97027,109910,117387,82131,98875,99256,92920,86811,93082
"215",113.31448,5.962,0,0,0,0,0,0,90935,137771,93183
"216",113.31461,5.57,0,0,0,0,0,0,43194,45126,39544
"217",113.33475,3.763,381300,122073,126923,0,0,0,3258,1919,4405
"218",113.45998,3.763,181081,59435,56847,0,0,0,0,1890,0
"219",113.96409,0.592,3050099,4110645,4953596,5325312,3753694,4117877,2846624,3382384,3159528
"220",113.96412,0.053,8734791,7508428,8151780,7084766,3526505,7554330,6307868,6930777,8554726
"221",113.96432,0.751,4380346,3755826,5900926,7445475,5791552,5095934,2497360,11823176,3579909
"222",113.96433,0.402,2389559,2060351,2645885,2150077,3826306,2693297,2616512,2597724,2262779
"223",113.96436,2.135,1951807,876039,2819691,1735355,1251664,1052733,876014,985446,1809232
"224",113.96436,11.83,16708789,21089078,14688557,23520780,16213911,24672880,19775462,12768172,7959888
"225",114.01725,11.657,308661,497689,344267,455106,372297,240858,169859,190815,118694
"226",114.06664,11.692,153296,166740,265414,289002,79409,220176,179133,279415,442333
"227",114.06684,0.534,212476,44649,585979,63735,186977,53500,121977,0,26056
"228",114.09177,0.808,109312,86214,153282,88185,41202,127445,305005,389876,444994
"229",114.09177,0.587,196471,125412,143227,218986,191715,148510,674055,630709,545746
"230",114.09184,2.05,293099,406575,214480,316070,350456,215908,726578,778282,882085
"231",114.09186,0.534,73069,72718,99264,123494,181583,141413,264937,296025,270137
"232",114.09187,2.133,2130075,1610766,1503042,2025693,1972769,1837121,7318306,7198062,7073962
"233",114.09204,1.712,465749,83711,203504,228556,168090,113548,326335,278200,136566
"234",114.12841,7.443,75557,0,0,1296,2593,0,1649,0,1093
"235",114.12843,6.572,246434,0,0,903,1578,0,1399,0,0
"236",114.12847,6.659,75017,0,0,903,1191,0,0,0,0
"237",114.89358,0.464,0,0,0,0,0,0,21438,35573,108809
"238",114.9567,11.678,133593,57267,162122,79125,83757,168034,149091,196606,134054
"239",115.03941,0.554,6045,11153,10451,15385,2681,25249,1385255,1405801,1257766
"240",115.03949,1.136,10695,18007,7198,4333,4996,6304,221281,180173,105126
"241",115.05454,1.823,22092,32748,25560,19058,28398,11790,297094,286609,302043
"242",115.05464,4.41,18797,16887,14139,11846,19366,12176,183752,193074,245481
"243",115.05468,8.367,233247,163167,145501,118772,160022,181185,195300,180336,218339
"244",115.07589,7.549,1157484,1073600,1022837,958838,964028,945114,975164,942176,1086110
"245",115.08716,4.851,22904,28424,27461,31533,26210,29698,43038,77316,32598
"246",115.96449,0.421,426773,403369,358373,466967,233883,392897,189881,355021,448453
"247",115.96465,11.659,2665681,2860972,3095778,2803563,3252535,2648278,2283542,2990355,3588839
"248",116.05321,8.997,370850,334285,294043,319586,264134,275574,333472,337529,299947
"249",116.05331,10.292,164578,194003,220116,148502,146501,142100,139597,276755,239750
"250",116.05337,9.437,156069,210705,237480,209024,184818,260226,241065,197009,270430
"251",116.05341,6.951,331894,359968,319916,300611,354538,372746,388324,348428,309385
"252",116.05347,7.653,295258,343865,321411,279517,349093,297302,298063,348022,344832
"253",116.07108,0.563,1258436,516165,862534,1091115,923720,992450,171660768,168062848,157522032
"254",116.07108,1.241,371235,591475,247306,328646,546630,211205,3548424,3605032,5334376
"255",116.0711,1.837,286174,511069,118778,217110,272851,341327,704059,561027,492214
"256",116.07111,0.81,757063,579472,428559,537866,185713,554336,2713998,2824450,2546196
"257",116.07116,4.408,111253,146557,95285,174880,158111,146505,488513,445409,362080
"258",116.07129,0.931,925085,381960,463191,403263,501005,302071,1857763,1997182,459267
"259",116.10738,11.645,1290233,1089807,1361036,1318856,1113725,1358951,1420050,1372580,1344919
"260",116.68724,3.493,39628,0,0,0,0,0,0,0,0
"261",116.97237,0.232,312711,263749,493296,503758,308924,368092,458290,165754,295663
"262",116.97243,1.239,165099,168330,322223,238054,248179,193920,107889,236819,157490
"263",116.97265,3.481,125688,103835,140674,167246,139640,115660,104284,133144,147339
"264",116.97273,3.578,226621,91994,108584,87059,68316,97533,95133,73790,78216
"265",117.05518,0.805,92952,82624,94180,73732,81018,75557,144485,176504,148399
"266",117.05753,1.821,13965,12354,2490,5320,10365,2711,325073,314311,281505
"267",117.07037,8.231,973567,860818,883059,812671,847538,833008,984481,899820,986999
"268",117.07038,8.133,978445,655636,848838,447485,703347,423245,867799,904633,846058
"269",117.07042,7.543,1700153,1454149,1447290,1498008,1366946,1360941,1470374,1500903,1524646
"270",117.07043,5.424,378177,303851,347664,335535,626844,651633,384867,664801,381638
"271",117.07044,8.348,1607920,1623645,945700,1500450,1574955,901936,1679595,954575,1742560
"272",117.07045,7.233,935794,880970,852101,830420,844381,835588,975832,996780,960996
"273",117.07046,7.156,749239,688990,672739,649624,636320,632233,687427,614821,656944
"274",117.07055,6.944,769727,658193,643237,610093,624967,652135,685396,742450,749867
"275",117.07056,6.624,832015,733988,759390,684290,746215,752016,682749,744900,955263
"276",117.07058,8.699,476406,462360,434985,420829,232317,419348,399238,387723,372706
"277",117.07059,6.746,1562094,1488652,1451837,1412421,1437028,1387821,1645197,1507924,1479640
"278",117.07059,2.805,482437,108192,106840,23276,61573,31711,15647,34089,28353
"279",117.0706,4.625,180240,210224,171837,178135,218933,172990,270601,169833,176392
"280",117.07066,7.662,708726,504026,519169,389712,490608,574942,558457,505551,573474
"281",117.07067,3.994,329679,323302,332644,413953,306483,296335,398165,393686,430731
"282",117.0707,5.791,430070,344614,345313,389076,326923,346128,377760,418612,426324
"283",117.07074,2.412,172519,34575,71289,48869,40810,35650,33225,24836,59518
"284",117.07076,3.817,116110,66214,43581,40800,18648,25734,79247,106077,181259
"285",117.09149,5.168,61364,46147,43122,5785,3478,9169,269636,213061,363895
"286",117.31325,4.178,0,0,0,0,0,0,23642,24778,17301
"287",117.81703,5.264,0,0,0,0,0,0,252346,283566,230583
"288",117.96,0.414,161687,164011,161128,85936,186004,130762,149606,182324,177523
"289",117.96029,11.661,926405,1010655,1227389,1305300,1102462,867351,815865,1475623,1287658
"290",118.08666,1.837,29788684,21691702,20873896,10622079,21371408,18076076,61090676,45810128,46901108
"291",118.0867,6.002,44894616,53560672,43686668,58417400,49752344,52782768,41665548,43340000,43571664
"292",118.0867,0.559,42621844,41554940,43636380,43151728,44628324,35557516,138385376,154288480,122444048
"293",118.08673,4.93,15382690,17702860,20693500,16806198,17634246,13113081,45199868,32905766,32838222
"294",118.08673,5.565,40732952,47794856,14603541,52756960,28755566,9352121,34577240,49627604,33168076
"295",118.08675,3.499,26759456,43518536,35594744,18254664,14979318,18376304,33890128,47736308,33504924
"296",118.08676,7.029,26074364,17813772,19785402,16899646,26906988,16547376,40535512,34281088,39176728
"297",118.08678,0.413,29096476,25555392,19372474,22860504,37543156,26897972,28258864,34805908,31175990
"298",118.0868,5.039,40381544,25197962,8328900,7715159,20361140,16096003,28285856,31713830,14300853
"299",118.08681,11.653,105632128,50937164,101255840,74619912,53807284,75044384,112933440,72183392,152103952
"300",118.08685,4.564,32396816,21976432,22799156,12150814,12486609,26309808,21791298,17919742,19556046
"301",118.08686,2.793,34471724,35262412,36162348,12217283,29945486,15696693,9133462,16046368,20892384
"302",118.08692,9.718,18339352,36783360,20457630,6290559,15601058,10923810,11040927,22425944,14323076
"303",118.12305,11.645,38713816,36830928,38979628,37162344,36936364,35760896,41580588,35129500,34978936
"304",118.12313,0.546,1456255,1610498,1601558,1467050,1462612,1449520,2325349,2560881,2462769
"305",118.96799,0.342,215406,166055,269939,221556,186437,194965,186464,91053,116454
"306",118.96801,11.663,1720561,2026638,2090884,2172631,1730148,1607710,1398965,2067851,2365959
"307",118.96811,0.598,205256,311722,282404,482369,271251,400920,173981,31991,150383
"308",119.08601,7.546,3198576,2180281,1397635,757488,875929,1262185,820861,684906,933734
"309",119.08617,6.652,3849828,2654712,2791764,1594714,1464639,1591749,1829264,1798083,1175992
"310",119.09016,8.338,2423904,2825012,2616546,2809795,2404713,2335375,2977867,2788722,2145919
"311",119.09017,6.748,1947954,2129010,1467778,2446529,2412974,2205179,1388712,2463190,2136982
"312",119.09018,2.129,617471,2436726,1467445,506578,1991509,1634438,517489,1675886,1322720
"313",119.09023,7.638,2954589,1561000,1127341,417548,1201118,1064130,1544359,816764,883644
"314",119.09025,3.072,9587505,1881188,606933,1012336,974058,878046,1330601,1879594,976479
"315",119.09028,8.228,2683770,2184144,1936545,1685102,2093228,1617165,2277703,1812250,1960900
"316",119.95751,11.672,42392,28288,0,0,14104,43764,7734,29013,57766
"317",120.02411,11.939,454949,524919,751219,473691,454911,1503299,454256,622627,605121
"318",120.02414,0.574,355300,474458,517568,477449,458144,486775,83835,75170,188972
"319",120.02419,0.43,489425,513293,541047,508270,510977,569062,428906,370821,396156
"320",120.02427,0.706,1298060,1314540,206149,877492,821784,1451321,651566,925095,474870
"321",120.02612,11.654,787382,774308,611250,853615,466113,602881,619014,720705,575756
"322",120.04482,9.567,239211,294307,294880,270276,275258,299088,294175,298379,330388
"323",120.06596,0.534,207598,200047,202323,263510,294983,212967,20501708,21043156,19574576
"324",120.08118,2.13,63184,178755,94876,106628,89207,104601,861800,892161,1034065
"325",120.08121,1.38,175477,143034,88482,58224,110920,92978,60616276,64167252,59196360
"326",120.08131,3.072,53843,132881,132181,64882,67234,113810,339360,400614,420338
"327",120.09054,5.896,53042,60223,82013,73391,77978,60219,56772,132934,178837
"328",120.10247,0.489,115082,164187,43257,63734,57316,45443,95638,119684,184260
"329",120.10251,11.646,423801,225414,275566,107648,219775,313576,175163,219032,230513
"330",120.9653,11.681,194709,151341,200257,91461,165016,50613,136485,164458,213998
"331",121.029,11.269,226703,190478,220935,175101,201620,174080,215277,207511,178472
"332",121.03996,12.55,6284501,2183901,4547786,6023977,4924387,6772599,3111475,2947174,2745964
"333",121.04002,1.244,2741626,2512817,3345856,3344641,1897567,1059591,3523132,4739246,1783965
"334",121.04004,11.652,15777068,14659913,15362064,14036747,14781418,14351856,15384767,14921361,15502275
"335",121.04013,2.809,1947316,810305,936626,625362,542918,1207615,749350,853500,1415610
"336",121.04016,8.379,843472,1037027,630147,859274,979485,831466,775757,563616,859604
"337",121.04018,8.112,1691283,680510,876219,1541026,531906,344886,838976,684059,1329984
"338",121.04019,0.811,2058499,2137240,2387259,2219258,2413082,2458958,2197967,1878742,2357310
"339",121.04021,8.197,1006802,546254,1433400,1436703,1697482,1151395,793694,870458,1329984
"340",121.04022,0.584,3298244,3454555,3496672,3677840,2892850,3011848,2698828,2692086,2902686
"341",121.04025,2.263,1471698,1234194,399201,808897,1096835,1098969,1013554,1433265,998043
"342",121.04026,12.334,702257,678986,878759,1168754,2100570,847706,1257054,2526768,1371682
"343",121.04028,3.342,1596781,641513,1318688,1148401,716696,343664,1096886,818638,924146
"344",121.0403,9.718,1046154,769320,837840,524760,465239,567159,438849,833900,360140
"345",121.06461,6,1972697,1531247,2013808,1888112,2079818,1637014,2067904,1677478,1823266
"346",121.0653,0.866,37825,50066,32455,35214,57898,68266,1116890,1300739,1144330
"347",121.10161,4.875,108213,71815,100624,55844,141202,60949,251879,172620,223983
"348",121.10179,2.558,227603,80869,62935,45080,119410,76405,170579,150772,354082
"349",121.10179,7.54,456613,74226,45581,48319,71468,53725,125658,70615,78367
"350",121.10181,2.98,350191,103079,104268,54093,120320,38267,56041,140744,85730
"351",121.10182,5.497,152672,197094,167795,227001,189077,190289,189062,170467,180253
"352",121.10182,6.12,333194,110141,65590,46815,68838,76479,55402,115861,58635
"353",121.10184,3.356,888959,168531,193650,92781,76070,64798,57099,124618,163600
"354",121.10184,8.197,396348,86790,72022,46598,58043,50528,72988,27885,86007
"355",121.10188,4.403,357251,47797,95906,33894,71886,61870,196639,194225,234532
"356",121.10191,8.119,414347,73198,71356,71550,60221,88195,112800,104872,71646
"357",121.95828,0.424,84514,81365,86079,62218,84449,69596,134388,153286,139604
"358",121.96667,0.705,262313,194736,164361,292770,89159,295944,207530,57331,60745
"359",121.9668,11.827,10532201,10635639,11033746,10501603,10153971,10658258,8676843,9952048,8187847
"360",121.96693,0.579,86855,85450,87940,178576,73425,176251,0,160945,105670
"361",122.01991,0.378,188597,344244,267426,376237,300596,286395,204353,311889,419409
"362",122.01997,0.538,572209,311843,280277,293453,224031,222523,107299,183992,119716
"363",122.08179,0.478,791038,903648,653522,477506,142532,89774,25053,47329,32135
"364",122.09676,0.599,159850,177606,166185,177609,156663,169568,134469,94035,124667
"365",122.3244,5.96,0,0,0,1243,0,0,95406,121779,63867
"366",122.9248,0.474,4231,4688,4866,2322,7609,3702,14003201,15678427,15634875
"367",122.92544,11.641,129835,13377,65321,154661,69240,205363,72783,168970,54260
"368",123.04065,0.418,4789,26848,13936,13824,19693,24816,268705,328291,372646
"369",123.05576,0.92,109945,95819,253670,180149,101680,134310,15001192,16167729,13716451
"370",123.05595,0.588,646188,597264,728580,705814,704521,622442,323340,284229,560227
"371",123.08086,2.575,116486,221950,118523,176046,107255,130607,318683,317059,373891
"372",123.08089,6.008,91313,162900,226252,131554,197295,155156,409991,247211,182083
"373",123.08094,2.812,243514,140112,221844,157222,83622,165011,548502,510770,463094
"374",123.08103,2.375,1457210,144221,309565,145839,217579,169599,175660,123372,281143
"375",123.08112,1.606,577870,87841,149476,161170,136902,120565,208079,118545,171355
"376",123.0921,11.647,1503030,1211886,1370839,1286770,1294203,1211161,1562467,1333659,1221930
"377",123.11734,2.559,71755,26459,35019,32676,46810,41133,152477,174216,155349
"378",123.11735,7.141,532522,109502,114709,37952,53253,52050,49759,89700,43541
"379",123.11736,7.534,6756420,175664,48954,62385,57655,48737,120178,102750,43054
"380",123.11739,3.76,572440,47635,107142,56014,29278,75592,96497,72402,85431
"381",123.1174,7.477,12495703,233277,121905,34987,57655,31475,78910,34090,39452
"382",123.11742,8.562,189277,85922,121578,20857,29671,48424,66860,39962,58978
"383",123.11744,6.991,419095,53644,30915,50860,52841,80761,61497,33677,74181
"384",123.11746,6.566,896684,26309,27859,27374,59342,68000,44605,54441,38829
"385",123.11746,8.711,122903,72878,127651,42560,64132,34875,40496,37158,128426
"386",123.11748,6.504,1419548,93228,76951,45187,41711,37408,108325,117527,47990
"387",123.11749,9.724,264595,80408,108055,32566,43159,31334,41699,62026,45767
"388",123.11749,3.369,256457,132079,107537,44379,51563,87374,118039,71363,66915
"389",123.11751,7.318,1056591,36886,39165,29798,59832,24784,68046,66623,67906
"390",123.11753,3.689,743539,42675,56261,101926,50952,50950,80464,49852,85431
"391",123.11758,2.772,104572,182383,156369,142654,204582,149326,182907,161746,159191
"392",123.31247,5.264,0,0,0,0,0,0,109279,118133,115369
"393",123.94084,11.636,96391,138461,101502,145072,154259,70988,198790,151186,140421
"394",123.94107,6.028,41602,139122,116746,83923,188708,146272,144377,59011,101693
"395",123.96492,11.833,2860338,5261526,5340816,2270890,4027316,4238164,3237894,3508801,4557004
"396",124.03976,0.81,85428,74515,136928,78799,29793,48498,1943736,2065442,1904998
"397",124.03978,0.575,121161,53079,36379,88162,82318,59070,1513476,1810101,1794975
"398",124.07623,2.708,11106,13208,24407,27714,39638,29110,1614328,1632546,1329211
"399",124.08726,11.645,412707520,382535456,409274496,373815296,387408416,378128352,444282016,389180608,373189856
"400",124.08726,6,9191213,9606314,9210069,8113602,9839611,7333554,12307944,7154652,17838458
"401",124.08732,10.023,12336905,13669010,26088116,12580162,17180630,27492500,14669472,15330921,34460828
"402",124.08733,8.076,9915283,3366356,13950082,9978029,13777544,12913272,5123968,6474050,9951107
"403",124.08734,5.561,4118225,5734712,5862292,6007151,4637962,8663648,6136744,7589454,5577150
"404",124.08735,10.083,13789508,6768942,26088116,14351828,10933180,53211760,27845604,18069224,51471020
"405",124.0874,4.508,2441600,3130870,2604516,1987133,1610702,2425440,2302080,2401528,2599578
"406",124.0874,4.976,1742904,2020018,1857262,2707783,1833007,1566190,5469915,1877865,4437394
"407",124.0875,0.584,1017462,875390,1078087,1039376,997213,1007170,946513,911619,850270
"408",124.08752,9.771,28429836,40630612,25787240,24959484,11858951,15325297,24016716,51642596,33873356
"409",124.08752,7.479,10833043,7815142,4859384,4724963,4940130,5718910,5481587,4914864,5206680
"410",124.08755,0.811,2895230,2060944,2223028,2155763,2240276,1862147,2089864,2448390,1994150
"411",124.08758,8.505,9277615,6193448,10056017,10118806,7104666,3961543,7549200,8324907,5406226
"412",124.08759,1.384,1659141,1500477,1364652,1319311,1785171,1207861,1566060,1690421,1428898
"413",124.08763,3.823,1580208,1834546,1414937,2170850,1874796,2820998,1358164,1968142,1819736
"414",124.11265,2.8,10014003,1300094,1505509,122215,67887,49375,159205,167479,158790
"415",124.11266,7.209,450236,24062,27880,1965,1237,4800,4533,2132,5101
"416",124.11273,3.826,1042990,190472,193761,1563,3645,3060,3475,1787,5689
"417",124.11274,3.132,218115,113580,128687,2703,1448,1911,14377,6342,14409
"418",124.92287,0.474,0,0,0,0,0,0,2094203,2298511,2366171
"419",124.9569,11.872,92772,131078,67206,74857,136320,111382,37125,198324,59299
"420",124.96487,11.659,70661,139087,57300,133921,81850,60174,28883,78033,71299
"421",125.06036,1.712,858052,199615,166507,55560,84000,115587,94851,56277,71178
"422",125.07127,8.051,5241200,13917466,10943331,8360108,7431076,11429627,10711864,6265686,18612132
"423",125.0713,11.205,7119626,6939348,7253571,7666762,7014591,8886394,7876408,4728550,3180800
"424",125.07132,10.077,12738109,6000774,9665074,10232588,10164799,29345870,8412927,9289942,26870606
"425",125.07133,10.267,8155024,7251270,9054711,7577192,5528486,4988532,10237463,17285172,27958600
"426",125.0714,0.595,2196828,1582306,1748759,1932111,1921808,1794328,1613185,1310393,1560926
"427",125.0714,4.564,2574774,1517550,2863997,2346121,1533671,1904408,1051248,6145312,1882602
"428",125.07142,0.822,494876,447483,549756,591978,402675,234966,262886,579472,451588
"429",125.07143,4.951,1518472,1531164,1197022,2340132,2711428,1654609,4486620,4158450,1311173
"430",125.07147,5.994,3883852,4956420,6030446,8313537,6492960,5887102,6416650,5883967,5908277
"431",125.0715,9.735,13819257,29581108,18399318,21214334,9163202,11123325,5996010,4557086,10822745
"432",125.07153,9.557,11568165,18356204,12964117,12781471,7947510,14519384,8738152,15908018,8179451
"433",125.07157,8.505,6417012,7672903,4177836,10910851,5866937,7324234,6493866,10109948,2748717
"434",125.07162,3.823,2649558,1057005,834143,1284421,1018714,1008037,1512458,975306,869739
"435",125.07162,5.44,1246713,2868972,3543128,2289604,3809101,2875569,1119030,4927018,6699096
"436",125.09666,2.807,4600073,951702,1088698,310225,128884,133008,174581,692420,246264
"437",125.0967,2.313,1007103,293925,268092,154413,181462,88439,58682,174174,94978
"438",125.9866,0.506,4972508,3722610,3359770,3758138,3416810,3781090,3210456,3438386,3481410
"439",125.98671,2.784,6173313,7934782,6386992,1724132,6581869,3144440,5091918,2828371,1566943
"440",125.98673,11.658,60938156,73451304,75708568,51303388,58057460,61794232,69923424,62387280,66413056
"441",125.98676,6.005,4884555,5467732,5548234,5010962,5011830,6278987,4568680,1751235,6372682
"442",125.9868,3.519,11538492,6979504,8201548,4339519,1970198,3571798,4619626,10287010,5410458
"443",125.98682,0.428,3567042,3722610,3359770,3758138,3416810,3781090,3377908,3478265,3520878
"444",125.98682,12.686,3371940,1827775,5936652,1813470,5821306,6064778,4359112,4739770,4116539
"445",125.98684,0.354,5703711,5651890,3666923,4394406,3215882,8703648,5877298,5791498,2534842
"446",125.98685,0.104,4085520,3393585,2990782,2011295,5076655,5013758,4288078,2878000,5934240
"447",125.98685,3.76,9895552,9509924,6912372,3702390,2720548,5167339,2895492,4561738,7242896
"448",125.98692,0.608,9268004,13709920,4737640,14090669,11667975,14839378,8729867,4977388,7043710
"449",126.05273,0.51,13680,7824,26413,7607,5885,18414,391421,474942,289846
"450",126.0782,11.652,4310348,3708717,4272434,3394673,3898074,3856677,4427907,4435089,4161910
"451",126.0918,2.804,386827,73143,66736,7914,15437,7835,633593,656461,615596
"452",126.12804,11.78,462676,361546,465714,499443,490738,519543,535999,410442,523824
"453",126.95586,0.592,295397,247523,265860,254305,310190,288104,305047,264145,279868
"454",126.95602,0.756,968399,710457,984242,961205,1039011,1011748,223822,335062,861611
"455",126.97246,11.879,3805679,3418289,4898686,4563030,4216722,1611603,1279787,3050333,1511705
"456",126.99023,3.562,156374,116132,111846,95260,133921,46880,114601,83034,140063
"457",127.01619,3.8,105150,127291,105781,117068,109419,115942,118342,112427,105273
"458",127.0393,0.554,24877,13619,54377,17389,26147,9440,26848528,27051010,26405258
"459",127.03931,1.955,37026,41316,28071,21989,15892,14472,280486,319112,278296
"460",127.03939,0.802,48469,61323,16092,24583,37898,15455,592360,1165739,717505
"461",127.0761,1.761,919666,49937,59463,74371,26090,55762,39205,41821,63522
"462",127.08707,11.647,2423110,2274628,2546342,2214741,2054952,2325851,2656563,2266586,2487703
"463",127.11205,6.578,202714,26127,16646,11962,22271,19745,23210,44790,17217
"464",127.11215,5.528,171393,98766,53793,79131,83744,72509,67970,119678,91339
"465",127.11217,9.731,193972,202509,205660,168569,141301,187671,160067,212262,244299
"466",127.11227,7.141,250046,29979,18911,25129,18551,15644,29561,16664,23640
"467",127.11229,8.119,153483,36087,10970,13997,37193,21849,28659,28423,20584
"468",127.1123,5.602,206770,29253,41298,26864,19910,36143,37706,13910,43824
"469",127.11242,9.543,91722,161718,149224,38314,25010,114344,111061,27356,124165
"470",127.31113,4.178,0,0,0,0,0,0,22489,27340,20635
"471",127.96832,11.662,567036,558787,608486,597421,528028,571483,495370,686442,545347
"472",127.97925,0.6,110038,138422,105761,105344,133230,184325,86897,72966,69940
"473",128.0195,11.657,2246645,1644080,2226024,2273329,2213062,2108986,2335518,2318795,2347854
"474",128.01953,0.425,823556,856954,832939,878484,852556,869442,15356548,18040794,18652420
"475",128.01968,1.77,1123407,1057686,731135,1556788,625000,1453623,1112927,1476575,1176079
"476",128.01981,0.803,958976,1728214,1099339,1942730,708454,1429687,738971,1050234,1353967
"477",128.01981,1.18,903785,554890,745177,1064925,683709,1148198,783061,1398454,1464044
"478",128.01987,2.051,1143537,978792,782274,1012607,548554,1308426,434853,1213399,1040844
"479",128.01993,0.599,1834977,3084404,1405560,1386869,1937352,1563417,1305785,1719469,1453010
"480",128.07117,0.549,1230159,491793,168399,75770,97699,72396,838618,916949,745519
"481",128.0712,0.809,1240302,171402,183563,31234,59043,52521,327709,321615,307201
"482",128.10736,0.809,19553,23904,9597,36248,23093,31281,181023,181473,216561
"483",128.10736,0.524,16002,25566,9464,19199,30335,19304,311605,319827,394905
"484",128.10742,0.588,53526,21494,28779,28007,41336,12055,194183,335239,290667
"485",128.10742,8.55,168643,42050,59247,47676,33100,26022,13433,72440,32400
"486",128.10744,7.362,648207,70217,44509,14800,13924,11397,40966,21121,40325
"487",128.10744,8.112,196016,18260,50416,15717,24406,31889,23675,19519,24901
"488",128.10753,8.209,203580,28526,67488,19739,40760,21053,13005,35028,20433
"489",128.10757,2.71,451605,28583,29137,38983,23028,25411,128778,103372,100068
"490",128.10757,6.12,512480,39520,26817,23538,13654,11965,20911,29302,29368
"491",128.1076,1.758,455304,73849,81576,19592,17819,9872,24068,27929,36548
"492",128.1076,2.257,2801173,202796,228564,39394,23211,24137,57717,40450,34374
"493",128.1076,3.211,577500,105442,120224,36833,16567,65252,76651,35408,43333
"494",128.14355,11.646,1267266,1503710,1319132,981104,1256589,1227144,1524384,1363423,1422252
"495",128.14386,7.54,1514682,21994,11959,2912,1411,2019,4572,1444,6263
"496",128.14391,7.473,1852878,34056,3218,2112,3571,1201,3039,6788,1103
"497",128.14394,6.542,200791,1243,2636,5354,2954,2116,1465,3010,3294
"498",128.27803,4.408,0,0,0,0,0,0,89168,90290,94884
"499",128.27814,4.86,0,0,0,0,0,0,201205,251766,216338
"500",128.38895,4.406,0,0,0,0,0,0,46680,50932,53752
"501",128.3893,4.86,0,0,0,0,0,0,129156,141671,138908
"502",128.50066,4.857,0,0,0,0,0,0,12067,48801,29392
"503",128.80061,4.851,0,0,0,0,0,0,41513,49395,20793
"504",128.95102,0.592,5586826,5754714,5681600,4783304,4799876,4916420,5485000,5495936,5471212
"505",128.95103,0.758,19559790,20181768,22430960,18477196,20861738,20674838,30709678,26676712,29491722
"506",128.95107,12.109,5708882,7351346,3571853,2887069,4899992,4207186,1803576,7311334,4933830
"507",128.95113,11.787,5385402,6493476,4514845,2856292,4993033,3764433,4238780,6746088,3686347
"508",128.95113,12.191,2988302,4912828,1329615,2536456,2703242,2107325,4498626,3161157,5016380
"509",128.95116,0.402,1743304,1279302,1764877,1323522,1569593,1459555,2409876,3505342,1484195
"510",128.95122,3.573,351109,201635,392193,259571,153364,107439,163139,210440,229534
"511",129.05484,5.998,93196,64591,92198,87893,104473,61832,107576,84356,83981
"512",129.06616,0.573,326848,191781,13389,183282,2913,174013,4663660,4438322,4481350
"513",129.07022,8.238,1749008,1733971,1705929,1591649,1591808,1731899,1838023,1742867,1870985
"514",129.07024,8.074,471346,542358,582094,469624,524465,476190,531412,531054,577512
"515",129.07024,8.378,6859649,6767131,6955824,6466226,6645098,6985742,7303899,7271640,7234902
"516",129.07025,4.559,237666,208799,226792,233519,185181,215990,237064,295535,284516
"517",129.07028,8.562,1223506,1452878,1197508,2448298,2530852,2478115,1479689,2596751,1485957
"518",129.0703,8.718,1375926,1347460,909785,1338883,1145292,1160058,1388330,960556,1480528
"519",129.07031,5.862,450962,312559,443076,314276,418744,271100,351043,265176,46648
"520",129.07036,7.167,1729650,1838877,1684125,1581613,1663270,1680090,1744916,1506455,1739939
"521",129.0704,6.769,1740577,1577950,1564430,1500817,1591436,1595833,1642119,1667944,1576453
"522",129.07043,6.947,2214387,2085402,1945031,2006716,2074221,1925439,2267551,2060831,2081480
"523",129.07048,7.45,116758,451300,560218,370025,367007,382728,442857,722320,429595
"524",129.09164,1.755,309429,75229,115862,38709,58278,25347,52442,53764,53504
"525",129.933,0.788,161660,216591,104361,128844,131431,143027,119867,104863,87128
"526",129.97943,11.66,1039897,1111796,1127348,1027092,1015934,852816,960255,1131549,1138567
"527",129.97948,6.008,78148,78792,130287,135206,45794,56704,35282,15982,54502
"528",129.97955,0.596,195519,110729,163904,100067,352568,260145,50935,204341,111842
"529",130.01706,0.421,212468,197685,181958,210528,153266,251241,2484558,2905778,3030970
"530",130.05022,0.57,402697,366311,415613,417619,394116,421496,104236736,110098344,100068640
"531",130.05025,0.809,361129,327060,385567,298531,343179,326171,20609792,20853538,19736894
"532",130.06528,1.821,4579,16640,16653,17186,14652,5029,936790,1021447,986648
"533",130.06558,2.908,12001,4634,13270,9757,22306,13592,327741,304989,311430
"534",130.09766,11.646,3222798,3041038,3258848,3079948,3147409,2804618,3166016,2972434,3065627
"535",130.15935,10.083,1915280,1901143,1185906,1928126,1774563,2945694,3541600,3195963,9398845
"536",130.15935,10.297,3326972,5885509,4525117,3791610,3330187,2670296,3246892,7742951,7339673
"537",130.15941,11.645,10008585,9306360,10067033,8701951,10504079,9265286,11340466,10113831,8880246
"538",130.15941,2.259,35005464,20009962,23047140,19380834,21845514,24656214,39119772,26331560,20631926
"539",130.15941,4.374,1547444,1790392,2539085,2263022,1618512,2084831,952662,3120031,1252989
"540",130.15958,9.724,2516774,2918608,1132063,2025470,2435742,1079723,1444068,2840557,2812697
"541",130.15959,8.39,1986477,1250810,1454555,3195449,1987513,3527683,1504582,2475662,3984500
"542",130.15959,6.941,1671864,1879559,1993623,1947827,2136452,1878572,2318744,1622835,1388846
"543",130.96669,1.826,2944029,3517033,2846365,11118435,8773655,3114450,10718146,10223296,7445474
"544",130.96674,1.378,8431615,5244908,6118338,7229688,9308574,4654134,10445761,11181518,12660181
"545",130.96675,12.209,52435268,15589399,25188650,40249696,11785570,39435232,24913560,19339256,37571684
"546",130.96677,2.211,2351921,3457160,1509310,1040739,3428379,2752530,2724752,9026901,1142172
"547",130.96693,0.813,10603193,12545865,10756879,5089592,11144374,10754415,10570071,10259277,14236994
"548",130.96693,0.54,12930908,8320719,13646662,7657674,6306224,6736480,7533041,11443282,11946481
"549",130.96693,3.054,4262162,1908226,797168,1213125,540519,1789833,1218193,678352,1067896
"550",130.96693,0.96,17375448,6401002,10812333,9080124,12087331,5074742,10226435,4287708,11051519
"551",130.96695,0.405,9702098,8988844,10858807,6849084,14597946,5957525,10250225,11538896,8435903
"552",130.96696,3.532,2592064,1593524,1552995,724243,396305,382115,1536512,1555231,989913
"553",130.96701,0.079,7349372,7794840,3115670,9552091,7045655,11868017,7763082,6366199,9517516
"554",131.04948,1.378,0,2336,0,1390,1505,1619,770149,811684,757518
"555",131.08575,4.409,59515,16969,18035,9687,22114,13318,184899,157942,163045
"556",131.08583,8.236,454889,435798,441620,408394,418551,472817,466551,475930,581113
"557",131.08586,5.568,234545,188991,170114,162867,144761,147936,184652,188986,208038
"558",131.08586,8.376,1340286,1317892,1396240,1291358,1282533,1352844,1454742,1477749,1458676
"559",131.08588,6.769,1045974,883052,921837,796608,871426,824444,919870,919757,854781
"560",131.08592,4.851,23346,38318,43886,47035,31182,37427,183547,112043,129537
"561",131.08594,5.96,110657,55075,41261,54435,39527,93244,140731,235116,176240
"562",131.08606,6.947,605570,506430,536614,486244,487532,820623,637553,556471,631191
"563",131.08611,2.98,181660,22335,30595,9785,9976,10572,26157,18527,12547
"564",131.08615,5.843,272878,243000,275203,228151,258886,196866,181809,208782,282113
"565",131.08615,7.979,253331,284355,257871,265656,281644,261248,322598,261606,311124
"566",131.08618,7.168,291834,557041,416626,392750,617370,409096,388377,428252,359593
"567",131.16293,2.167,521093,462420,517673,332695,536524,448881,1164841,675092,474289
"568",131.53387,11.654,552547,803692,541303,826884,715662,637475,638774,629536,777944
"569",131.9303,11.741,794229,930811,953323,882351,818904,844009,885494,693075,770888
"570",131.97464,0.78,773429,966064,832337,1056777,671670,1873741,367070,686399,1102076
"571",131.97472,11.94,4408137,1669036,1687448,1331486,556654,2288294,1631610,1369592,1558935
"572",131.97473,11.849,4408137,1915955,3168808,2949671,2092458,2148802,899586,1881656,2853435
"573",131.97479,0.588,562761,880588,1100884,872164,702650,741235,235950,318972,282880
"574",132.06581,11.792,1436372,551432,1667301,766561,1855429,1670358,1589908,767228,626285
"575",132.06586,4.402,297244,182722,282729,407738,210314,316451,812211,453134,679022
"576",132.06592,0.414,863891,732439,695527,384336,850333,823998,891676,1383624,1039945
"577",132.06606,0.8,532618,757004,585441,1276870,1010521,825633,865070,1131641,868774
"578",132.08107,1.823,20318,45352,18276,16602,22336,17358,1541513,1625281,1451824
"579",132.10222,4.409,80143,96053,75215,85635,68452,111124,264167,288576,299238
"580",132.10222,4.863,82057,167686,45411,48864,57171,67278,204424,227421,233073
"581",132.10223,0.881,392904,71810,240747,120323,217514,154957,29352252,32364514,27400742
"582",132.10225,1.136,123554,147795,55739,74879,104296,150117,1801683,1225655,1505610
"583",132.10226,0.601,554399,558770,554176,549389,702056,706229,9568297,10143873,9731594
"584",132.10228,0.828,392904,61954,240747,65652,217514,114870,33163062,34609928,32725050
"585",132.13889,11.645,92044,43324,53890,113264,110689,162867,29620,124329,71230
"586",133.06108,0.525,52507,55216,17770,12478,19144,8640,50266916,52655168,48012356
"587",133.06517,5.418,171338,148822,175263,153661,162372,178736,170683,181489,160914
"588",133.0652,2.98,94911,17327,22053,25020,16538,15589,30109,21185,34392
"589",133.06531,6.766,536913,545530,511071,487488,511521,530192,575201,517573,504716
"590",133.06535,6.951,203151,249279,182783,175251,194478,199650,275328,197541,200531
"591",133.0654,8.346,172874,183981,155614,174787,153820,189174,187852,174501,181873
"592",133.06548,8.239,237716,257353,232734,211765,219889,233117,255751,246670,249536
"593",133.09744,11.677,310255,283760,322266,340569,290754,416491,257764,386027,404207
"594",133.10143,4.382,698206,677285,571491,609619,301416,554228,297479,218224,1222604
"595",133.10152,7.141,479926,78328,95944,41293,46701,64912,28041,33995,55366
"596",133.10153,3.499,90501,66596,52129,86715,64259,20156,742943,772270,749236
"597",133.10162,5.277,178135,199220,155728,227321,183057,179777,296016,321516,220573
"598",133.10162,7.534,2498218,93342,41360,44216,45013,23415,65054,24465,86428
"599",133.10164,7.324,730674,71440,117352,33582,26566,51602,127356,45278,46245
"600",133.10167,8.116,293399,158244,161723,136122,120145,130923,140376,125777,132932
"601",133.10167,7.476,5315312,125535,54461,44216,37194,64412,60215,31432,54306
"602",133.1017,8.985,157324,43099,51315,14497,24359,60109,63689,38144,43547
"603",133.10172,6.566,424344,55715,42084,118211,33172,41625,43847,43353,92294
"604",133.10173,3.185,320670,33933,62543,51281,38488,164327,63118,94346,42693
"605",133.10175,6.504,563850,131157,57790,62484,40665,66243,67747,48846,74994
"606",133.10178,2.775,208221,69405,35886,126890,24434,43706,235953,284364,187725
"607",133.10182,3.683,783381,163422,179599,66046,56176,45794,58249,57961,68203
"608",133.92645,11.739,319467,251630,235275,299308,289394,217989,198402,241648,304274
"609",133.96063,11.814,261415,448750,444370,353477,156205,265317,196071,137748,163307
"610",133.97552,11.674,24652,65516,10601,54928,9689,18195,75086,49663,42288
"611",134.03975,0.657,1006954,1110578,1124565,1062464,786865,964687,1214840,796987,1224676
"612",134.0451,0.542,28669,22389,19944,16684,34804,23591,3510374,3928509,3384438
"613",134.07193,3.368,842436,907488,1664882,813159,1713982,1013548,936509,835660,956394
"614",134.08156,5.226,147295,83662,91890,121286,133345,123412,139156,147703,196979
"615",134.08163,0.828,362246,278705,207956,321028,210929,203834,101488,446654,236449
"616",134.11772,0.584,245439,183061,171302,148843,146172,145508,209178,157866,240477
"617",134.11774,0.809,142788,111141,102414,108958,109158,98884,154423,158248,154670
"618",134.11775,11.645,900479,1001811,1039043,711781,958056,778395,1857090,1638063,2554031
"619",134.11781,0.526,110829,121944,78853,66587,26256,36713,319695,324306,270805
"620",134.96127,0.807,329511,324626,281651,349942,267810,304246,296847,151057,255817
"621",134.96178,12.279,499319,586288,660412,754728,773101,1195545,662295,327938,445143
"622",134.96185,12.214,224235,1892818,790126,1563597,773101,1195545,674970,1148449,528021
"623",134.96188,0.559,255805,245795,149139,241564,229178,126472,16895,0,19749
"624",135.00305,4.52,149599,274653,233263,293812,265048,234977,357543,316208,327496
"625",135.00311,4.937,262264,147186,219727,195795,239864,213424,297590,284541,332701
"626",135.0032,4.803,214123,275183,330923,240905,267399,225799,227697,289025,157913
"627",135.00325,0.471,1673536,1530242,1659750,1356299,1537587,1433577,340191,531815,517008
"628",135.00328,11.693,202527,176877,219611,201449,211697,256423,199667,198793,147059
"629",135.00328,6.049,130404,356121,328920,250648,311961,207187,392200,310163,303145
"630",135.00333,0.612,487998,574248,602369,576177,547217,527864,91757,59825,124248
"631",135.00337,0.816,255949,283111,329164,240155,319792,229955,132602,166109,205568
"632",135.00343,3.573,263218,207687,136217,279318,65746,241612,161803,138924,73241
"633",135.0442,1.451,12090,15623,21721,18850,14135,10749,178869,187668,179198
"634",135.04433,1.845,12317,17314,4802,13263,16066,8993,885260,1031600,978450
"635",135.04437,2.233,7476,8459,7629,13370,11874,5250,232971,235750,186582
"636",135.08089,2.805,2165363,341375,431758,40312,27650,93628,201970,193760,213244
"637",135.08093,8.563,1403833,313405,657164,39361,40986,65550,111360,103779,101512
"638",135.08096,2.412,318632,38241,63829,24312,25261,49377,40249,31700,70378
"639",135.08098,8.711,653816,144226,294261,49030,52168,39026,40110,76135,77862
"640",135.08102,6.652,707911,365417,319655,46740,98281,88257,151106,178924,199723
"641",135.08105,3.817,334433,100902,109455,35974,22083,14015,42323,48341,46944
"642",135.10207,1.947,886080,730803,487169,886312,915684,1022206,533457,452044,429706
"643",135.10213,1.648,160400,150763,135143,102200,116289,154692,133158,120157,169044
"644",135.1022,11.718,63972,49568,86685,45042,31219,89542,55715,66289,86644
"645",135.11702,5.292,221387,211378,198027,156068,125085,224646,270553,277971,316540
"646",135.11707,4.399,96363,35785,69874,95253,66280,37786,330466,180938,246707
"647",135.11716,3.484,200889,145112,175992,67260,27272,61703,1412101,1399048,1281682
"648",135.11717,7.54,572045,201533,50480,28416,118641,61903,67573,139087,76388
"649",135.11719,2.58,38533,73710,40920,40099,38411,45532,345519,309824,341508
"650",135.1172,7.479,569776,152236,79224,122361,74005,77049,62789,99886,31193
"651",135.11725,5.423,121379,59661,57952,61563,68905,64873,304552,322768,259276
"652",135.11729,3.106,41043,42233,23665,28870,68828,37271,175888,139924,225180
"653",135.11734,5.769,429278,162513,94316,126183,151929,79227,128293,225040,61385
"654",135.11736,6.029,382551,49922,101962,41425,36194,67664,77926,125900,101664
"655",135.1174,2.887,152135,61735,66508,40391,42253,31152,109418,167142,92377
"656",135.11742,4.002,1109027,259809,176889,74787,74806,89998,165736,180580,241945
"657",135.11746,3.88,439954,147532,184896,108026,131096,94614,104638,134501,160272
"658",135.92599,11.736,36761,63239,52918,60373,48281,80123,57010,70381,63248
"659",135.94576,0.56,85856,114850,85616,107815,78900,87258,3610,24957,15073
"660",135.94579,0.814,55480,185190,169975,252736,164491,182945,136256,177383,165563
"661",135.94579,0.421,101703,131706,109303,110338,157780,120732,174500,128598,175154
"662",136.06189,1.162,82423,170224,109211,213417,111746,135152,1457095,1444690,1332952
"663",136.06197,0.422,180790,119906,112100,170130,131923,140312,168800,158497,224451
"664",136.06206,0.584,479014,463647,488474,457564,343057,469973,14916970,14266627,13898680
"665",136.06209,0.811,468564,445891,456014,373732,400362,440330,12287216,12531377,11148560
"666",136.06218,11.734,241334,174346,145786,103473,111194,159719,298819,409715,127130
"667",136.07603,2.64,53255,65701,38388,38004,28102,67720,974995,1111384,985639
"668",136.08698,11.646,984840,906760,1122273,907275,1104836,1055146,1158562,990256,1209190
"669",136.09734,0.499,100610,27890,20553,5779,6033,5878,2307,0,0
"670",137.04611,0.982,5332,6561,23709,6118,10511,4189,940666,1055060,979896
"671",137.04619,0.581,51525,36895,81219,37618,53701,46644,391997,425758,381401
"672",137.04625,0.809,24954,25106,66785,18453,30760,26363,133175,123243,108921
"673",137.05992,4.421,29870,10548,14998,17971,51949,39336,165453,235395,144746
"674",137.06004,3.09,8841,28439,34989,22642,33855,61607,224536,143552,241114
"675",137.07118,11.647,595604,485666,597681,332035,510078,582810,816140,636388,658692
"676",137.09631,1.895,64106,54824,66783,56943,36682,19722,152526,147848,144758
"677",137.09647,9.641,310877,224985,187941,22485,32343,38581,119928,146381,123599
"678",137.09648,2.625,104377,58260,87822,104153,65435,32187,420839,457920,410348
"679",137.09651,3.06,4283754,141565,76718,33654,52718,92046,60389,77412,60104
"680",137.09653,2.861,74877,58575,72199,45930,65087,54661,232482,197221,188898
"681",137.09653,8.112,246262,67840,34630,45468,34659,50467,48498,59248,65402
"682",137.09656,3.476,60376,45811,44673,43194,46481,86357,211002,314610,213221
"683",137.09659,8.667,335042,54371,90063,59094,53048,57354,69765,85775,60431
"684",137.0966,7.581,1530194,225764,202324,145398,181767,160200,242211,205130,245401
"685",137.0966,6.578,410746,66708,61293,42212,36442,79041,40936,34695,89798
"686",137.13295,7.449,308672,18230,16326,13140,11750,22357,21071,16323,20265
"687",137.13297,9.712,124406,26173,20267,11980,5701,11027,10263,19857,28214
"688",137.13306,4.392,464655,57758,83113,33480,23732,42262,55514,42561,21418
"689",137.13309,7.387,549526,11803,23951,18467,24769,6918,11630,14288,26773
"690",137.80602,4.86,0,0,0,0,0,0,104013,119073,114511
"691",137.97682,1.376,0,0,0,0,0,1341,30222,21005,21999
"692",138.05515,1.655,9145,45750,47617,20689,25097,18559,194621,228862,243207
"693",138.05522,0.554,250746,314733,277445,55734,80662,35267,323830816,331155520,321029888
"694",138.05522,5.314,24820,17756,13926,24175,22633,27897,97013,51927,103494
"695",138.05527,2.416,24045,31675,18256,38163,36332,28975,151142,166436,157848
"696",138.0553,2.663,31498,75063,23164,28538,26760,37704,508757,399385,251786
"697",138.05542,9.566,108515,143126,166027,161999,135545,133890,124235,137597,164228
"698",138.09132,1.423,11250,14663,1850,2265,20926,16290,194597,217846,206159
"699",138.09171,3.897,14048,31255,10129,12845,35344,25313,108506,103854,94374
"700",138.09184,2.257,357193,71922,54590,20591,17464,38336,63102,79360,37557
"701",138.10294,11.643,2379443,2418922,2529408,2168194,2364535,2236644,2662438,2506452,2114297
"702",138.1279,3.772,83862,48129,58986,0,0,2499,2953,2453,4403
"703",138.12828,3.354,793424,72190,82859,10785,14238,20826,21144,28530,19766
"704",138.98026,11.657,514916,651032,547492,623709,485534,480179,258661,572861,513543
"705",138.99576,11.775,4961269,5195824,5402842,5271056,4922172,3513509,1881424,2982211,2578975
"706",139.05038,0.811,2935689,3082803,3151977,2818864,3001606,3002044,3725775,4035152,3666309
"707",139.05046,1.779,1120338,863647,1465910,800910,1133040,973528,1113071,1217093,1431172
"708",139.05049,12.536,5579518,4008700,3134002,3622040,5058706,2830534,3013336,2236605,4071636
"709",139.05054,0.406,1377750,1287638,1286995,1012819,1656021,1368379,1812295,1372221,1403207
"710",139.05061,0.583,3557768,3409894,3469566,3280108,2404213,2340918,27304362,27476026,26376406
"711",139.05067,9.718,505522,765832,816205,266141,430920,488898,538330,805838,759883
"712",139.05067,12.323,843419,694679,1413573,884521,822982,1656378,2182140,616058,915088
"713",139.05069,11.652,13518848,13187082,13423805,12777879,12162484,13188649,13905048,10914881,13410002
"714",139.05069,1.253,3563534,3659779,1004557,624997,1240538,1179912,3431101,1257371,2368016
"715",139.05072,2.247,1635106,1691143,663170,1020815,1236854,1232822,1263472,698093,1323411
"716",139.05072,2.558,1023464,1366714,1526076,893371,1045374,594550,724229,397140,637201
"717",139.05075,3.356,1122848,1255908,591597,704826,603907,636882,1462344,371061,571038
"718",139.05078,3.481,886689,1773546,349187,1141004,758011,840724,1191406,846284,1138792
"719",139.07587,2.251,2552411,384051,396768,167074,70848,64874,106398,202985,106554
"720",139.11179,6.002,54456,27910,47514,53572,20616,45040,136546,11766,78561
"721",139.11195,7.128,277102,42792,80650,17567,74543,45099,86529,30560,49259
"722",139.112,7.546,423760,30174,49139,46977,39798,33407,55677,44280,39388
"723",139.11212,5.033,87913,85575,42791,98711,64566,72937,189334,183772,236675
"724",139.1122,8.119,721878,81182,80919,25499,29104,28775,55505,54985,40867
"725",139.11221,6.584,314059,24401,48224,51737,59687,24794,58262,59977,84025
"726",139.11221,8.203,699198,115464,89166,30033,49238,62429,25872,55672,46997
"727",139.11227,2.558,426280,95435,41031,54480,71805,75366,56547,73135,66847
"728",139.11229,2.881,242408,70702,114139,84834,43774,36608,61506,81341,81118
"729",139.1123,3.356,581110,140036,168877,144090,43470,92068,135014,124062,58664
"730",139.11234,4.416,190116,58173,78047,41761,39870,55140,95937,84403,140098
"731",139.11235,3.597,120199,66708,38594,28030,39586,44994,123211,63414,120058
"732",139.11237,3.475,162971,42812,48350,53857,39380,73735,40910,73992,101856
"733",139.11241,4.89,182048,211493,196368,205863,209277,192295,81590,143362,125915
"734",139.96338,0.054,786478,950755,1027401,864558,593753,833890,799037,948886,860566
"735",139.96368,0.586,201091,225946,232204,260887,209548,226853,101673,48410,120085
"736",139.98825,4.353,701551,788828,624297,748841,659494,1073256,949891,1065986,444039
"737",139.98827,11.659,60610244,63586368,63463572,61575520,59417208,57548036,59243096,60613324,61117132
"738",139.98833,2.27,544484,274239,173194,375016,270722,384629,475074,152307,242229
"739",139.98839,0.612,798647,939003,313456,299967,360465,497277,106363,333547,243628
"740",140.06836,11.645,3502980,2571123,3661027,2800586,3370808,3088193,3698881,3263961,3354505
"741",140.06839,4.823,157672,315439,220236,177539,208953,219942,618430,405862,454290
"742",140.06842,4.468,406063,297195,342983,124567,303943,259277,664269,608443,596769
"743",140.06842,10.184,1309540,1159278,1284827,1198971,1358902,1159090,1065520,1427409,1151397
"744",140.06847,8.279,478771,442103,566721,445653,470782,486384,1329526,1181159,1102094
"745",140.06848,4.947,396300,295805,254553,325550,447587,245637,960440,883676,617310
"746",140.0685,6.046,324557,872695,495636,333327,690658,350942,467069,678251,337625
"747",140.06851,4.364,124148,122609,340884,326582,206900,358797,352779,378023,351243
"748",140.06856,11.07,218655,302472,346154,260706,264505,245272,232707,218810,231881
"749",140.06859,0.468,2836776,2146604,2749573,1923926,2430574,2149228,1137228,1029974,945061
"750",140.10715,1.605,794840,2799325,2111779,1835981,2359293,2287603,2426278,2305803,1205896
"751",140.10719,7.135,703446,204130,380091,195809,235186,438144,563027,375443,261036
"752",140.10721,2.134,5387854,5258474,6273419,6826214,5184872,6356230,6896231,7370842,6913954
"753",140.10727,7.54,1234588,510583,278857,189793,367976,341242,327338,298557,242638
"754",140.1073,2.027,2522150,1545808,2002006,3791080,2434598,1417514,1759459,1580485,2904855
"755",140.10751,11.706,100043,64552,61865,108802,92126,172586,110618,115082,79776
"756",140.1436,2.48,0,0,0,0,0,0,167599,189107,162184
"757",140.95145,11.876,5237612,5999308,4613868,4701361,6105943,6061166,6751376,7450260,7569420
"758",140.99588,0.642,277624,203215,216184,258493,171722,374545,233903,220725,533008
"759",140.99619,5.307,127461,168532,325044,138071,150953,219350,161592,175751,179171
"760",141.006,0.414,230163,261477,161869,215685,167186,304036,272348,303006,326066
"761",141.09102,0.597,178975,85619,179657,116998,271254,65606,165691,55253,236671
"762",141.09135,7.54,3187813,122339,61976,44097,25630,30594,27421,18348,48898
"763",141.09143,6.542,530090,60511,56102,69612,57119,58957,73419,51846,53470
"764",141.09145,7.662,2480203,58817,42540,29351,17949,44666,22738,48217,36384
"765",141.09152,2.394,4383995,229950,55116,93986,156483,110675,89001,98583,149025
"766",141.12718,7.632,254132,8882,7375,6098,4143,7198,2959,1494,4402
"767",141.95883,1.831,1983470,2135417,1769840,1342806,2832514,1360119,2180020,1976836,1129967
"768",141.95883,0.054,14637496,18363298,17789060,14704005,16010237,13776845,17986972,16201431,20662436
"769",141.95889,12.427,7673546,20404354,5740357,7904240,4236800,9214153,11687631,11501638,7194358
"770",141.95897,0.512,5751956,6498243,6297570,6320821,2686662,6251748,1600926,1902751,1842308
"771",141.95906,11.832,39948400,43628144,36046328,118344608,40624604,130860512,50667544,44476548,36604404
"772",141.95906,0.591,5751956,6498242,6297570,6320821,3529304,6251748,2831012,2427293,3076645
"773",141.95908,0.405,2721729,2355555,4313734,1325915,4082267,6180088,1249296,1010802,2235404
"774",141.95909,0.79,9574588,10229628,10224620,10030804,9894915,9799025,8104156,9834996,8387284
"775",141.95912,12.084,24484250,19452570,5776954,13859958,24097150,5532840,31120576,7331014,13500601
"776",141.98354,11.658,20776292,21211034,21283950,20564060,20230022,19155602,19104742,20718860,21464476
"777",142.03529,0.416,1377,1752,1359,1004,3524,1421,146160,177982,163608
"778",142.08659,1.576,9950,32819,16887,31061,39505,25030,302196,284025,265637
"779",142.08675,1.718,1260771,132039,136117,24036,19524,20974,32971,77073,39365
"780",142.09802,11.602,3186151,3309115,2972612,2383289,2650438,2073456,1779173,1765211,2538811
"781",142.12294,0.554,8348,3294,5622,12538,7939,3410,3647294,4271892,4101299
"782",142.12302,0.851,6444,1631,2706,5559,8227,3645,203224,333625,217077
"783",142.12305,7.128,480487,68010,96657,10844,31792,19458,30795,37833,14115
"784",142.12309,7.209,845655,78491,81898,29901,17196,12667,29109,38141,43050
"785",142.12315,2.801,14694030,2027828,2317512,257909,240711,232768,283713,369583,324697
"786",142.12315,8.563,449162,108912,228383,22166,48676,20618,27039,42031,63091
"787",142.12317,2.316,2201461,327433,371071,28959,71978,57406,48466,55982,31801
"788",142.12318,8.711,602496,116227,275016,45429,24480,39320,52049,106909,83298
"789",142.1232,4.401,652842,652604,578007,580607,649706,635906,294496,691932,626324
"790",142.1232,6.243,326501,28343,43229,19461,26407,37931,35682,81857,16985
"791",142.12323,6.695,436677,69797,39614,16863,27163,40915,19569,24859,24473
"792",142.12325,2.106,187561,55853,71995,24729,39504,45621,38714,34548,60804
"793",142.12328,3.823,1752985,368112,385355,21881,19705,39865,49849,30296,44353
"794",142.12341,4.042,148932,74042,88454,19975,21262,20837,32101,50654,47245
"795",142.15942,7.546,2721615,29858,4856,0,0,0,0,1465,2001
"796",142.1595,7.638,1087236,4290,3798,0,0,0,1224,1465,1847
"797",142.30844,4.41,0,0,0,0,0,0,258168,267192,253304
"798",142.55934,4.406,0,0,0,0,0,0,62272,62344,57809
"799",142.56673,5.33,0,0,0,0,0,0,27315,37951,29016
"800",142.93909,0.678,1033720,1418954,1362154,379594,663091,536330,396561,984623,756376
"801",142.94843,4.333,77782,46150,22242,42802,16415,74970,35182,38113,34923
"802",142.94855,0.477,416212,706478,498408,610868,648815,633478,120408,98883,134718
"803",142.96722,0.734,232223,250237,602667,531465,332201,741759,128890,146585,107465
"804",143.03407,0.998,450579,178668,372800,296264,231599,108018,1467398,1329640,1328632
"805",143.04001,11.876,2344664,1667302,1699268,1516014,874880,1120909,842761,735732,1206333
"806",143.04008,0.556,528627,380285,322392,328821,292952,272787,88872,59065,86906
"807",143.04012,0.427,343574,365009,347890,331092,319512,383148,284105,297236,234822
"808",143.04012,0.703,799463,821079,377495,479729,735605,814257,603734,440873,670851
"809",143.07304,1.823,43347,35213,55976,127910,37360,39781,455052,382779,335573
"810",143.08174,5.202,19245,34939,43149,16381,35827,40855,64701,79048,55858
"811",143.08174,0.502,136985,30632,20782,22872,111388,21430,548581,515081,672025
"812",143.08598,8.234,147263,169592,221130,148767,163769,176889,219576,224874,228936
"813",143.10695,1.99,447015,247627,212168,227761,241152,567009,340692,464060,584524
"814",143.10716,2.316,613919,154089,150891,73610,71028,98990,46914,124243,69522
"815",143.15465,11.782,180246,211177,199733,199562,184327,215050,225616,176920,177767
"816",143.99706,4.797,1281833,991154,1045136,856582,988870,587123,1580334,2016540,2425952
"817",143.99713,6.034,1720474,689916,821036,642422,727724,783760,819920,1360252,1485734
"818",143.99715,1.506,3129698,2893981,961932,2285017,2473842,1706198,2191228,3213020,3934993
"819",143.99716,0.421,1656836,1790330,1792552,1596871,1492183,1699530,1310390,2494407,1513322
"820",143.99733,0.657,3879122,7842480,6199492,2791004,7940447,6876755,2576068,4738874,1880796
"821",143.99736,0.527,2656615,2605584,1792552,3599651,1492183,1699530,943805,932203,859279
"822",144.06345,0.473,1518868,1426447,1804159,71110,68519,79512,82047,44793,69402
"823",144.06572,1.508,71656,60987,49226,40249,75049,34927,1483980,1451023,1606614
"824",144.06581,0.924,46368,36703,42631,41446,52748,72568,559443,566887,459130
"825",144.06587,1.057,61035,30104,70427,44195,38932,42906,16224576,17232396,16426069
"826",144.08102,2.255,5120,4746,7730,3965,2341,4015,4197588,4307146,4050040
"827",144.08102,1.823,1835,0,4624,1519,1227,4787,2389751,2464715,2360911
"828",144.08112,2.125,3788,1319,1456,1552,1881,1752,156864,149609,161385
"829",144.10204,0.58,102073,58906,128844,81941,36602,78421,4480804,4761725,4744866
"830",144.10211,0.81,23292,22634,28815,29202,26509,12722,1631830,1714871,1721626
"831",144.1024,1.761,3230616,122355,115592,17815,22099,21791,107706,61820,104515
"832",144.1024,8.73,239872,60820,45686,10169,35417,18466,31073,48374,41312
"833",144.11363,11.643,2951400,2800082,3076774,2943686,2836201,3054276,3079856,2906148,2321051
"834",144.13841,0.805,3715,1947,5161,9930,2065,8249,219966,217944,219300
"835",144.13846,0.584,11408,25806,18671,5898,18205,8817,628165,583068,653929
"836",144.13855,0.926,1534,1500,3182,3989,1385,2416,309394,372016,326665
"837",144.1389,4.691,546398,100690,114029,23417,45109,22956,37493,48685,42974
"838",144.98238,9.969,2534286,1851737,2346416,1979313,2588930,2493896,2014356,2192936,11025666
"839",144.98251,7.54,1012635,788582,800156,636892,870489,472087,627659,707702,1151427
"840",144.98253,11.654,15679307,8085684,14501311,14713282,7480958,8441241,14456482,5849644,12272356
"841",144.98256,0.592,1196128,1299073,1250085,1242050,1284699,1262346,652776,687085,646163
"842",144.98257,0.744,4462576,2394622,4292602,4254382,4354866,3947628,2092633,4301626,2203170
"843",144.98259,11.814,51901588,51285260,52248928,52786208,52714876,52192436,48248720,47033120,46189660
"844",145.00951,0.414,56608,68243,45613,42627,57894,62887,279212,335784,301312
"845",145.03537,0.373,220729,278083,153881,124473,204218,416464,344962,302569,463588
"846",145.04974,0.572,34534,13980,60801,644145,28481,22766,34834792,34960072,33865612
"847",145.04979,0.806,67500,27706,29213,27957,50884,26091,1398700,1533147,1394324
"848",145.06503,6.771,116930,111856,109215,128053,113290,117146,119749,127428,119423
"849",145.06511,7.541,597156,513441,540476,501681,531076,518250,520964,569592,548846
"850",145.06512,6.946,144248,108421,114639,128022,117705,133751,164941,125492,130284
"851",145.06522,8.382,117697,117789,95774,112614,124074,108479,100165,102588,123961
"852",145.09761,0.584,1223156,125410,142905,3295,0,8435,276999,275890,285080
"853",145.09766,0.808,1255583,122404,136553,1908,3538,6900,165415,183970,145269
"854",145.10107,5.953,49466,55920,57126,69639,74959,64624,108015,63137,99982
"855",145.10121,4.409,23533,5958,2358,6016,8024,10174,128385,130576,148647
"856",145.10135,2.565,4684,2125,3075,1242,3131,3112,62493,78197,66518
"857",145.10179,3.993,170323,33428,18498,8068,10038,4565,31661,26168,11695
"858",145.12189,9.984,154444,181535,134492,145927,107963,118608,83836,177523,264227
"859",145.12245,8.053,169331,188476,224380,167924,192339,195076,210785,226788,229568
"860",145.12256,9.092,166378,226308,267582,247364,226390,222257,232895,264856,278945
"861",145.17044,0.06,287457,183629,265490,70325,109811,147306,201505,138853,316907
"862",145.95474,11.663,2361041,2556268,2355494,2613715,2149904,2302680,2243034,2751668,2290764
"863",145.95497,0.611,153440,357333,126778,361021,223827,144915,88301,107420,203563
"864",146.02997,0.418,120381,138217,117801,113608,98308,115883,2153248,2471236,2639255
"865",146.06029,1.821,33132,25030,10394,16101,6875,8076,4396301,4587924,4191019
"866",146.0603,2.074,41485,15626,14823,39754,24381,44634,645507,631998,692737
"867",146.06047,3.563,13599,15696,40082,26340,24405,34681,1104777,1047796,1002601
"868",146.08142,3.053,435261,529305,706302,353044,568093,872370,607536,935029,455801
"869",146.08148,1.086,1016021,931301,1441788,1448712,922999,1192692,4020334,4435348,3771772
"870",146.08157,11.805,10908712,15519953,5294764,14636112,11266262,18895586,13846167,12036605,3714116
"871",146.08162,0.404,1930405,2102736,2117328,1869065,3067466,1667364,2134138,3132245,2434632
"872",146.08165,12.407,2549805,2394980,5541855,6581610,3168459,2939436,2646820,2537892,4673930
"873",146.09264,0.57,3397614,1733339,4015811,3444292,2179174,3164767,1349830,1368819,1326360
"874",146.11809,1.793,1247765,111963,125793,7613,12648,7533,842518,835058,825963
"875",146.15402,11.643,776170,741020,720971,674129,708710,525915,1054068,817647,746858
"876",146.56499,4.862,0,0,0,0,0,0,293556,348936,310173
"877",146.56511,4.718,0,0,0,0,0,0,47450,57898,51976
"878",146.81613,4.858,0,0,0,0,0,0,61103,66675,65763
"879",146.96164,0.745,3239930,3502859,3097960,2852234,3055152,3163934,3516817,3235117,3250629
"880",146.96184,0.593,849044,741132,827434,765721,773178,653221,475843,510293,622312
"881",146.98067,6.003,394839,137654,592440,352817,337378,379455,278878,285767,285773
"882",146.98071,11.638,3599763,4435426,3908914,4146190,3601664,5822818,2714740,3446716,2609766
"883",146.98077,9.991,1017995,1024850,1021111,2239464,697087,1108086,1135067,965272,1726680
"884",147.04413,2.237,1718,1235,1401,1317,1909,1328,540361,603266,495609
"885",147.04422,2.308,1718,1336,1422,1256,1909,1313,388340,448854,466772
"886",147.04425,2.164,1509,1235,1401,1317,1436,1328,1209744,1296887,1314801
"887",147.04427,2.549,1647,1724,1330,2567,0,2642,401091,391422,330857
"888",147.04439,2.869,1374,4297,1279,4930,7173,1275,146878,139511,114505
"889",147.05319,10.185,681585,892282,1034926,908025,851996,993872,921535,1246485,1041345
"890",147.05325,11.645,601472,651036,444053,300214,460951,687061,538615,604677,640200
"891",147.05338,11.074,612833,615915,701774,561805,385759,629678,420006,358816,545712
"892",147.06535,6,181121,149659,189648,185537,183509,149963,196945,140087,178724
"893",147.07668,0.534,194552,97052,66375,48433,183671,107164,165509088,169892976,153300624
"894",147.11295,0.458,37135,27329,10424,26106,37180,35777,356241,478221,400844
"895",147.11314,11.686,21466,68778,43013,46856,31871,72172,56993,113378,49033
"896",147.11697,5.259,32753,26232,25675,28339,29414,12883,87592,64714,129484
"897",147.1172,8.112,226029,34809,78820,15747,9423,13631,32758,28518,16591
"898",147.1172,8.203,163010,18865,23129,9801,20229,5878,20402,15501,30743
"899",147.11723,7.449,529018,38915,25472,12175,19298,26416,47021,17522,42014
"900",147.11725,2.566,29985,49192,23607,40389,16581,36826,211065,220991,248029
"901",147.11728,0.616,36950,52215,27030,28918,21887,42699,47077,25023,62045
"902",147.11728,2.848,59201,20545,33864,20883,12019,22345,164382,180592,181859
"903",147.11731,9.587,129457,59423,52871,19603,12123,8869,19323,40633,22823
"904",147.11731,9.715,196277,51357,61165,6120,11370,10572,65964,36048,32614
"905",147.11743,7.381,664393,55912,19482,27008,16198,27709,19153,41474,42554
"906",147.11749,3.663,203752,46970,48973,16421,38976,44609,45030,44621,32636
"907",147.11749,4.665,99574,65202,57979,55208,55677,51063,118320,123704,156632
"908",147.11751,8.985,105333,55718,41759,25724,10616,11039,53332,32769,12403
"909",147.11752,4.395,503292,26758,62088,34251,32633,32829,150095,180112,203016
"910",147.95267,11.668,236289,276568,207955,230041,152351,186032,235238,260395,230465
"911",147.99384,0.801,210540,235170,222741,280634,210354,203313,146267,166421,170550
"912",147.99385,0.408,150868,203913,156166,160526,104103,228563,103266,139771,109377
"913",147.99393,0.562,139345,203691,80174,213880,91198,140685,15045,28463,17119
"914",148.06062,0.542,64555,89204,134862,65788,71864,58350,18927716,19958064,18442390
"915",148.08701,11.646,4530447,4249510,4108230,3415786,4555581,4147138,5211428,4357708,4690375
"916",148.09718,4.793,123407,222543,169786,154236,169084,107630,241788,194054,115450
"917",148.09721,0.806,188389,320679,107119,189760,197643,253289,208126,279569,319441
"918",148.31709,10.134,0,0,0,0,0,0,14487,28918,30911
"919",148.9772,12.233,7319372,8367536,8376346,11697561,22916072,7063631,19996206,19634524,35574976
"920",148.97751,0.542,9535443,6435442,9654489,5336706,5293898,4322802,1958375,3365080,3566001
"921",148.97751,0.8,9273584,9606135,9341467,8793388,9750073,8867308,6357480,6794000,6682705
"922",148.97752,0.395,8502632,8238142,9302937,6987928,11283584,8419949,5495764,13393434,14942829
"923",148.97758,0.922,9601102,11402888,13483579,5786945,2319746,3063955,8195380,13282458,13014665
"924",148.97758,2.968,2101200,1192739,705064,2022937,721339,1469602,583950,922193,527551
"925",149.02359,8.186,8338710,8139108,8092278,7930755,7561366,8082428,8161468,8474707,9152858
"926",149.02364,10.189,760451,679068,531148,790351,804461,1135955,549721,945553,791421
"927",149.02367,6.055,1001296,1047402,1005739,983552,1037115,1099157,1147656,1221038,1298888
"928",149.02368,11.269,7587286,7338286,8221660,6561863,6705326,5974972,6397632,6966800,6954974
"929",149.02368,5.322,590944,647459,604203,528533,479448,624125,736075,813985,710565
"930",149.02374,9.637,674048,1518905,1442684,761095,340506,193716,756271,889604,809623
"931",149.02388,8.324,8664343,8560554,9925567,8855563,7674852,8089016,10407506,11493087,10508871
"932",149.05992,1.38,2306,11209,1892,14612,4209,4237,868370,927940,891002
"933",149.06,7.029,3392739,2553487,2274336,1956749,2086914,2183362,11104953,18280402,16911358
"934",149.06,3.963,694264,774646,671327,412626,380833,367602,3216260,6164336,12618924
"935",149.08278,11.648,1486943,1363433,1474543,1064950,1287557,1201750,1569055,1419666,1224310
"936",149.09639,2.574,266027,42610,60057,28716,47256,23728,359126,425407,446696
"937",149.09645,2.81,135092,83035,45506,25726,72818,37090,301378,339867,307287
"938",149.10944,3.391,132879,111039,220537,92862,273361,242099,241335,238293,107048
"939",149.11777,2.451,566626,409405,145951,109353,109783,103876,60344,56209,70804
"940",149.11781,2.525,263523,151729,43722,109353,16598,45120,28195,24455,29473
"941",149.13283,4.716,47063,46521,35859,47236,36326,15920,233738,267340,288527
"942",149.13298,8.987,596377,161635,182372,15737,9133,15433,110328,113512,99005
"943",149.133,7.09,781594,61567,32454,41907,30516,21663,29858,42394,19876
"944",149.13307,4.384,433555,121647,170434,72793,74280,34708,121914,111996,153988
"945",149.95317,0.424,106845,68303,74569,58412,55583,43210,425388,466066,399939
"946",149.95319,11.673,879177,742986,814730,749156,796512,760664,741348,836358,847242
"947",149.96141,0.588,200585,274600,163757,287123,179533,158463,148884,34978,38625
"948",149.96143,0.776,642367,728550,180979,334319,345402,605402,148777,372490,301853
"949",150.05534,1.254,4753,1850,4306,1988,2493,2147,291902,244311,160958
"950",150.0766,0.803,241397,138686,157602,189772,224779,103910,319942,324267,292997
"951",150.07761,0.536,67561,75234,294794,324353,100302,138179,3824221,4235482,4147096
"952",150.07764,0.914,92209,114771,101358,116065,146522,140717,517101,552957,474858
"953",150.11256,1.855,421918,606339,675781,288455,657292,870089,901599,723934,1035969
"954",150.11269,0.276,304822,441737,638846,606380,532200,501739,229547,542607,1083492
"955",150.11284,0.693,609014,599956,546902,326094,918200,395440,932894,1392970,454548
"956",150.11285,6.019,804307,1162754,828947,1578886,972447,852906,920803,750296,757525
"957",150.1129,0.493,1516254,1468680,2685016,941653,954762,1082647,1210748,1428781,1189525
"958",150.11301,8.307,681202,404223,670898,579664,1085518,524526,1406661,1046606,967884
"959",150.11302,11.652,2328147,2758584,4599456,3548521,2442202,4752650,2483589,2679822,2918272
"960",150.11313,7.048,778041,639847,581851,676796,442938,627650,443188,489158,428843
"961",151.03542,0.423,701230,767139,607716,616839,643366,679580,12003417,14527454,15157916
"962",151.03554,2.205,572029,650472,2332405,1234033,721368,1024346,893128,949647,1363556
"963",151.03571,11.654,15113759,17527372,13777028,13079559,14548487,16472422,12273706,16007933,15780818
"964",151.03572,1.167,1204161,805866,1052969,673743,1086305,512820,951443,424610,1438293
"965",151.03575,6.764,1539754,614324,876497,903293,1304135,766241,1132056,641740,365551
"966",151.03586,5.406,1354856,801489,1734602,1497322,775152,1195316,839866,1043721,770191
"967",151.03587,0.609,1596008,4204374,912857,2598769,1172835,2853270,627925,1687762,1443890
"968",151.04807,0.525,9377,7440,11212,2989,1512,2855,3699542,3915874,3326020
"969",151.07565,1.166,34009,38053,32320,21064,28174,59123,1810184,1972540,1888434
"970",151.09668,9.842,1088784,1326395,1520738,764502,835219,1325299,700548,1721044,1670903
"971",151.0968,9.372,898886,971335,1296832,873104,878931,1198120,1001380,1003970,981438
"972",151.09682,8.863,1123382,820096,1504314,1199818,1321037,1234025,1220380,1461665,1409511
"973",151.09697,9.718,995790,828451,556310,406798,475326,372324,316418,344975,461823
"974",151.11154,3.497,65547,106229,103944,106132,38675,45244,183556,261548,184971
"975",151.1118,4.43,1044877,692996,284200,286574,625011,775138,789789,1009498,910591
"976",151.11197,6.572,378249,56098,91455,51148,94013,65546,63893,115964,76395
"977",151.11205,7.318,465471,60001,80434,65701,43330,74393,66489,78200,40763
"978",151.11209,8.112,231906,178208,136789,133111,122072,175671,172236,94622,55644
"979",151.11211,7.141,433714,31587,83424,59062,81097,59730,71408,47603,104224
"980",151.11215,6.504,513596,73564,48483,36664,41223,66813,101576,167355,78212
"981",151.1122,7.473,4710406,156069,111842,34850,62660,60682,74799,39270,116200
"982",151.11223,3.683,731575,93000,144000,61195,81941,64717,36942,130233,76208
"983",151.1487,8.203,54397,6501,3239,2371,2797,3475,6044,6400,2265
"984",151.94983,0.426,11252,38635,24168,21803,16670,25838,199171,208605,188062
"985",151.95018,11.675,483751,360413,418810,438622,367613,387085,514767,497323,395522
"986",152.03204,0.525,97838,100999,73737,137214,132563,148067,2151860,2114378,1789781
"987",152.03207,0.81,54064,44659,133601,80354,53032,68390,985695,1047634,942271
"988",152.04756,0.582,2045552,1529884,1839996,1614302,2160817,1439004,1796351,1691643,1598900
"989",152.04781,0.799,2359371,2599091,1294674,2587993,2439970,2432711,3086768,2630090,2887186
"990",152.04782,2.796,839735,1198447,1620034,587056,950886,1145295,695027,678017,345024
"991",152.0479,1.744,431196,660673,772990,662063,748013,1136212,920433,510301,670529
"992",152.04791,3.817,846098,872770,620414,608836,700887,1180714,334406,1180513,1929285
"993",152.1073,7.215,138390,15541,23622,4313,5144,14003,6775,17352,19967
"994",152.10745,2.807,1609460,229419,263334,29547,26221,20258,34062,30616,39439
"995",152.10745,8.564,491322,83964,201110,18984,14730,14210,21971,19970,47011
"996",152.10747,8.711,176668,71481,82032,14398,16415,9572,20232,20462,28992
"997",152.11545,7.54,218183,4430,7862,4172,7706,6013,15283,4344,5656
"998",152.12871,1.952,60098,65842,44950,68163,64579,87108,36454,32250,42340
"999",152.14403,3.879,761138,125536,159358,59175,57697,55488,67201,70766,74975
"1000",152.78819,2.958,0,0,0,0,0,0,71182,68938,68506
"1001",152.94725,11.654,7545115,8355648,8323200,7835226,7793682,7647878,7856443,8364088,8673362
"1002",152.9474,0.655,664929,1760469,795335,535844,342686,1317405,612009,441340,538009
"1003",152.94763,0.46,784038,2759770,2936278,2550184,2546814,2286449,569880,716136,618364
"1004",153.03294,0.418,77844,109523,93597,94320,62375,103521,1870781,2250712,2477930
"1005",153.03326,11.655,1706575,2016312,1727516,1814987,1861372,2047050,1887497,1920129,1958992
"1006",153.04094,1.251,138030,174448,127888,162804,115283,155174,692880,584895,666935
"1007",153.09148,2.807,3768425,712314,793885,191560,99442,136593,521706,558626,453795
"1008",153.09151,8.564,1644906,384222,780554,70841,73355,97753,123671,213194,165074
"1009",153.09151,9.638,276848,255916,225571,56278,35623,67964,182682,167402,223270
"1010",153.09154,8.714,650980,269318,302532,47119,79553,86653,172464,99468,178785
"1011",153.09155,2.011,543787,83815,186622,85495,132975,150883,109614,185895,190537
"1012",153.09155,2.412,558920,154186,160110,77476,162491,223673,95196,163438,157431
"1013",153.09161,3.817,853543,285929,360811,162078,80155,51696,138985,100403,148529
"1014",153.10243,2.143,1752,1779,1605,4031,1413,3463,67990,74996,27806
"1015",153.12772,4.462,62113,45981,27902,26250,97842,35039,148773,125148,160195
"1016",153.12779,5.762,160233,114205,101097,138990,122945,92190,96535,144092,138161
"1017",153.1279,3.439,184499,91760,69870,42397,23118,33859,46901,31494,40325
"1018",153.12791,2.887,138071,29962,21078,25606,32677,14410,56050,87449,122440
"1019",153.12796,3.879,341416,100945,130118,57563,79753,85177,117039,107100,95783
"1020",153.94888,0.426,43240,37801,49970,38438,36491,34473,151615,172322,174704
"1021",154.04449,1.336,165084,224071,327513,263085,209664,144801,551370,692700,637444
"1022",154.0448,2.808,312624,364383,338954,189825,146647,169505,192074,307890,162423
"1023",154.08409,0.828,6777,1841,3861,3075,5707,1651,306465,292308,289964
"1024",154.12302,7.546,940426,28675,49107,11907,10740,15119,39999,37577,42675
"1025",154.12309,7.638,348459,18116,18145,14673,21297,8372,20955,51995,20154
"1026",154.12315,3.159,1069787,87299,91645,19289,22875,19128,10622,28389,17127
"1027",154.12318,3.01,522575,47507,22429,20162,18695,12227,19453,15387,28526
"1028",154.12328,4.207,105356,19453,31578,11270,14591,6220,41511,27811,31654
"1029",154.96667,0.593,207898,104164,161461,115300,115030,122618,194859,178708,256105
"1030",154.99051,0.063,739361,733584,499027,509492,274206,481582,505536,605066,535304
"1031",154.99065,11.791,8551654,15318407,6254595,6755210,8257362,5994510,11697151,5041719,4835156
"1032",154.99066,0.692,308286,365435,156477,177657,486270,368783,166820,373151,363971
"1033",155.01048,0.616,2319,13792,6023,4887,3093,2334,338494,396924,374401
"1034",155.04277,0.605,5755,3972,11941,5585,3024,8402,1379411,1658563,1261283
"1035",155.04291,0.519,5539,3972,11941,1721,10564,2031,14266350,13270389,11829147
"1036",155.04729,3.8,394590,350633,383334,361549,315830,341105,353936,335966,338269
"1037",155.05434,11.71,111507,93726,91152,91533,106709,102806,146377,136069,174828
"1038",155.07074,1.789,53116,31900,16858,28988,46954,41860,125761,120663,129479
"1039",155.08597,4.413,1771,8667,1330,2556,3506,4772,86005,88653,82165
"1040",155.10686,4.681,73250,166099,63490,52614,142379,82024,291261,414228,280348
"1041",155.10692,3.733,57552,39187,57725,62140,53788,93742,305017,338346,359206
"1042",155.10695,8.119,790677,130674,106727,41439,26799,51478,80427,30693,59916
"1043",155.10701,5.417,155684,70839,62193,40359,57006,40116,317941,272967,309876
"1044",155.10701,5.039,63222,42266,57335,29107,36043,55022,559341,686780,628003
"1045",155.10703,7.55,7872276,188049,126906,32404,37247,29077,109092,77011,77475
"1046",155.10704,7.128,676691,42961,44661,38746,41986,78533,50896,50946,36671
"1047",155.10704,8.203,450267,90595,61390,55500,25856,21553,51532,14345,68297
"1048",155.10706,7.638,4851038,134781,88397,24883,19416,14752,101892,64959,63428
"1049",155.10709,9.636,1355896,728036,642708,22761,34152,34161,271922,346416,347227
"1050",155.10709,8.563,433933,110225,206853,19663,26626,54175,60366,44106,28638
"1051",155.1071,9.749,392366,96404,100488,26419,22705,45114,35609,75040,32559
"1052",155.10712,3.066,21298792,1987435,2180871,52919,30563,113444,128002,445492,158176
"1053",155.10713,6.572,1595212,81990,104757,35828,51711,38215,75829,73043,66021
"1054",155.10713,6.689,679477,63914,57039,35636,25272,30050,57398,83538,24001
"1055",155.10715,8.682,614113,163953,278616,36023,23018,23917,94349,91224,94776
"1056",155.10715,9.164,266514,31070,88225,33061,37971,28778,89740,38988,22849
"1057",155.10718,4.361,208069,77257,47927,72941,40868,31568,141835,57624,29964
"1058",155.10718,8.985,383883,91130,155035,26169,52772,28981,37063,65916,38119
"1059",155.10719,2.456,488570,100831,146191,112197,48216,96254,59293,89302,129728
"1060",155.10722,5.695,375013,55908,23557,29401,26723,43832,74396,26026,62253
"1061",155.11874,11.641,69871,114922,36778,10565,50254,20076,126882,32322,22719
"1062",155.9744,11.824,454621,1139477,895818,826222,279813,438978,546951,510948,517741
"1063",155.97452,0.822,111622,159344,138009,43259,61818,57584,93222,160426,175440
"1064",156.0423,0.06,965009,715387,820896,862243,746822,233665,866471,330004,1001044
"1065",156.04234,11.646,2063923,1918059,2157438,1602626,1885520,1800246,2004524,1992241,2094514
"1066",156.04243,4.93,109899,178568,145799,83637,116208,193904,153854,198595,149761
"1067",156.04269,5.956,89840,218646,186709,125606,131597,224854,82891,184018,106439
"1068",156.0658,1.655,2015,2984,2925,3234,3885,1919,132011,136220,118464
"1069",156.07693,1.837,69302,83444,63351,63104,116031,60895,349707,439779,396694
"1070",156.07712,0.512,43900,62087,324700,366544,444986,354115,9969492,10261066,9506387
"1071",156.10252,2.247,9682825,703913,770188,36878,31809,28273,243228,254696,245028
"1072",156.10254,3.213,818955,111954,120496,13891,23504,27963,51440,11900,34714
"1073",156.13774,10.016,160321,92972,113893,83448,99836,129920,102323,171664,140843
"1074",156.1382,8.409,358500,257632,255807,274623,298120,285700,314351,326797,296411
"1075",156.1384,0.588,69631,77616,76757,5909,1194,0,277467,237752,180716
"1076",156.13864,0.89,190647,179334,174677,1585,3347,1308,970124,890449,588311
"1077",156.13872,8.12,6811272,359815,362260,24267,16410,39649,23427,41885,67818
"1078",156.13879,6.461,353525,31525,41273,8298,6512,7087,19805,9030,20248
"1079",156.13881,7.036,1142745,77429,62144,12182,2288,13628,13340,7015,10624
"1080",156.13881,8.206,6131952,410387,359856,9068,7560,10193,24140,20747,21784
"1081",156.13884,7.135,1339557,112936,102528,4329,11452,8888,4716,12786,21833
"1082",156.13889,6.336,312843,29515,63364,15601,11560,5357,8446,4115,12580
"1083",156.13892,2.881,327327,34801,41013,2783,4321,10400,7287,4169,6584
"1084",156.13892,6.572,850896,45123,49680,9298,4716,7715,4424,17849,6401
"1085",156.13893,3.354,1099382,109285,118020,21240,30696,32494,29637,31275,30078
"1086",156.17509,7.54,1923000,14074,0,0,0,0,1512,0,0
"1087",156.96628,12.2,968209,243131,585553,398193,1777413,609789,912243,529528,378450
"1088",156.96631,1.811,171736,215025,185395,221857,337317,139050,90288,99863,179938
"1089",156.96646,12.096,1022395,1152193,891994,1337560,1789703,903507,827892,1066914,1484946
"1090",156.96651,0.411,346895,341312,364144,98074,591134,465708,271884,430333,316018
"1091",156.96655,0.54,481750,568554,333821,475181,310560,218458,168212,178324,34410
"1092",156.96664,0.896,396791,513486,182853,236186,283780,293965,282488,360382,257900
"1093",156.99083,11.659,1922642,1485324,1361208,1544404,1539252,1392241,1375977,1542083,1724111
"1094",157.08405,1.645,445425,464591,335131,251364,256458,246376,308388,229075,416578
"1095",157.08415,1.752,909137,1099135,919853,558778,467784,417383,529925,425757,695816
"1096",157.09731,11.645,99846,290303,84667,63212,127532,136095,114245,178061,245213
"1097",157.12262,5.575,445209,510746,596735,524781,525004,531437,616874,701287,689163
"1098",157.12262,5.399,469950,434855,459229,456428,440563,434398,467996,504235,487633
"1099",157.12267,5.494,865001,761825,851752,823950,813354,800015,853439,876095,927067
"1100",157.12286,3.823,185212,100139,49207,50719,52742,31187,55809,70102,40980
"1101",157.17038,3.108,306413,282740,275555,236547,259310,271756,291026,280152,312229
"1102",157.17062,11.64,28294,29262,122154,34122,23282,27518,25891,27107,39156
"1103",157.92773,0.568,109860,115536,98281,106835,87071,101555,15501,32467,23697
"1104",157.92793,0.788,317959,357586,326957,362189,373766,380842,196086,285071,224667
"1105",157.97398,11.869,1355426,877668,1590808,1801995,396873,1654332,1018429,838070,739160
"1106",157.97446,0.055,408092,488880,462002,205561,455817,500945,571466,531976,577573
"1107",158.02736,0.585,117952,355054,147618,253151,160586,344334,176520,216978,318756
"1108",158.0274,0.452,194161,257269,178758,166013,80522,119455,136990,215954,109806
"1109",158.08145,0.585,73105,41899,50030,89048,42578,52600,836765,833813,855565
"1110",158.08156,1.966,23243,28370,17239,25775,16754,22019,646236,603623,540012
"1111",158.08157,1.532,19071,39155,18430,22556,15309,18213,1991374,2023495,1029892
"1112",158.1176,11.641,390397,318251,322679,257362,440943,325617,448055,515388,392467
"1113",158.11763,0.55,23569,77597,28322,40928,13413,35229,109202,91498,447502
"1114",158.11778,1.825,101225,15392,16531,18924,9060,11291,948405,884373,852729
"1115",158.11781,1.68,16419,34216,9467,6831,8653,26596,146436,126668,139150
"1116",158.11781,0.81,10822,13667,1751,6585,5574,7160,189620,184179,185135
"1117",158.11789,1.076,4026,6722,8740,9055,2432,4600,500935,564105,505261
"1118",158.11801,7.54,20080126,263431,146763,29663,22187,19264,41315,31156,40993
"1119",158.11806,7.662,16151459,240542,123158,27101,24072,36385,97797,66913,98810
"1120",158.11809,6.542,1955979,51898,31511,24018,15823,15056,49251,22654,34080
"1121",158.1181,6.671,1421504,45927,41166,12242,33355,36069,71453,19485,33685
"1122",158.1181,9.775,459453,142134,130566,64469,29045,71216,52238,100408,38053
"1123",158.11812,1.936,267422,44739,35951,13223,18923,11442,55187,25433,36253
"1124",158.11815,6.738,469111,26476,25583,34070,23538,40790,15558,17043,33685
"1125",158.11816,2.394,24118888,943212,1045168,31889,25173,27247,32619,66522,59386
"1126",158.15425,5.577,15004336,13904695,14127614,14921615,14816400,14460867,14573930,15852210,14896225
"1127",158.15425,4.518,276975,283957,291668,329219,291333,327712,353705,343437,327547
"1128",158.15427,4.8,175452,185605,184523,143446,206191,151111,155220,196312,147432
"1129",158.15448,6.927,1655389,1745935,1345063,1993009,1492134,1321100,1372511,1631708,1603634
"1130",158.15448,0.584,708405,113466,113286,56991,50705,60706,29711,29417,55010
"1131",158.15451,0.803,498713,81382,88397,61914,60598,50977,63638,75409,70520
"1132",158.15451,7.658,706382,677667,401300,127369,396672,398564,451565,250959,392424
"1133",158.96153,0.06,2550376,3779415,4138025,1846964,4301312,7743240,4284142,2735045,4676561
"1134",158.96158,0.996,2642411,3947787,6384646,2802688,5442282,7424878,2385116,2501356,6925080
"1135",158.96185,12.228,40460032,9751171,5050728,31391032,8979362,29054416,37679392,14948207,34230204
"1136",158.96185,12.434,9592239,35866368,6096660,26346312,5509218,7419625,7488800,13047850,7295933
"1137",158.96188,1.329,3274483,3583280,6632454,5403824,1696654,5928773,5729446,2526272,4711126
"1138",158.9619,12.164,40476052,9936257,23362000,31406406,30782084,28999856,37748204,23346436,34383848
"1139",158.96193,0.849,10829651,6460260,5436676,7003302,5731288,6464534,4785130,3547238,7065419
"1140",158.96452,0.468,20344628,15046383,19030766,13450838,17532910,15474464,9838038,8729186,5064764
"1141",159.08112,4.821,40580,40440,50411,1242,2591,2970,97531,81121,55319
"1142",159.09195,1.821,6708,8232,11616,2194,7756,4863,2630857,2745700,2603745
"1143",159.10205,1.966,28960,16105,20012,31572,24078,14421,76866,82441,100616
"1144",159.11696,4.397,126093,24078,26322,7239,7513,4624,75208,100207,98293
"1145",159.11716,5.196,22413,20521,8962,5635,5536,20070,22208,46737,32690
"1146",159.11736,7.09,171192,7662,11814,7247,4191,6439,15545,42874,36402
"1147",159.96964,11.874,54860372,27729846,75822080,58286200,17113860,25184330,28618726,14510239,26202744
"1148",159.96971,0.591,3669203,2462872,3982721,4190655,4063177,4069596,1035605,1075023,966747
"1149",159.96974,0.784,6551360,6194922,7281165,6302611,7538810,6764957,4003612,4254830,4645068
"1150",159.9698,1.736,1064626,762025,1016507,826711,899518,900640,763982,662557,1690488
"1151",159.96986,0.375,893316,1885050,1666355,1827303,2985676,2811368,2704772,2609124,3038703
"1152",160.03726,0.54,16994,7852,19003,8981,17991,1716,2102652,2386396,2266976
"1153",160.06065,0.808,103296,184438,107693,62538,48839,113997,454334,753798,470510
"1154",160.07576,1.821,1844,0,1627,0,0,0,365151,369249,335474
"1155",160.09732,1.718,641702,135360,134221,60725,35019,74391,108906,145784,105945
"1156",160.09741,2.057,607610,179324,188703,34889,72440,47327,218617,253533,213740
"1157",160.10809,0.585,7607,0,5186,7138,3847,0,340945,275962,301483
"1158",160.13373,2.316,5536860,667374,711795,13268,11074,6638,18935,33815,20354
"1159",160.13408,11.639,10888,13212,73676,57308,7955,66520,7811,14583,48768
"1160",160.18118,0.492,297960,305632,249107,215002,306558,203786,101488,138070,292790
"1161",160.1813,11.783,4574598,4695796,5362034,4853741,5265076,5252310,5390200,5155379,4875420
"1162",160.18141,0.677,204695,249502,374877,365078,586798,572216,113776,99735,98510
"1163",160.9726,11.832,291276,289179,476993,598867,604507,430149,660837,632561,502737
"1164",160.98589,0.787,192005,272554,70191,123236,185973,201428,162627,154189,137058
"1165",160.98595,11.67,776931,611360,593742,553670,665214,642212,1025966,681592,803417
"1166",161.02954,0.416,1329,5779,1569,2948,1693,1793,83498,110960,111398
"1167",161.03249,11.639,58000,102254,86598,63288,17836,22116,67861,17448,21064
"1168",161.08118,2.085,7969,1408,0,1262,1298,1171,99250,100129,75969
"1169",161.0829,11.649,64126,14268,31545,5315,11543,13632,50783,11897,117956
"1170",161.09633,8.373,2768430,2673750,2695196,2495949,2631784,2730928,3054135,2880762,2963315
"1171",161.09641,6.948,162508,129299,121778,114894,108694,103124,140507,134679,130526
"1172",161.09641,8.232,1013201,1009026,1031190,922462,951493,964528,1056301,1040829,1028524
"1173",161.09645,3.499,15886,10035,2953,5006,7206,1155,390060,416959,375284
"1174",161.0965,8.683,340452,387412,219800,304728,306701,358757,290034,235119,622076
"1175",161.09666,8.532,863552,859053,857054,447457,816048,833000,863346,905113,972723
"1176",161.10759,1.827,0,0,1714,0,1581,1312,114799,103718,95058
"1177",161.1328,2.58,5019,10216,2987,5276,7286,3855,189950,166348,157721
"1178",161.13289,7.393,733422,80357,39114,21607,13771,34601,27057,73455,69707
"1179",161.13298,7.336,883540,80357,20208,13133,21356,9960,16087,61750,23711
"1180",161.13303,5.002,203556,60884,23455,15416,28109,26102,38562,40400,58068
"1181",161.13312,9.587,76351,9105,10556,2616,6161,9246,13575,20340,30346
"1182",161.13322,9.712,76077,23376,9107,13830,11989,5109,20925,31273,18590
"1183",161.96976,11.666,1745439,2174654,2403865,2312562,1730031,1807228,2268581,2100989,2315570
"1184",161.96982,5.915,182160,236849,95539,138965,70826,143317,144181,106328,124064
"1185",161.96994,0.417,427337,380265,679394,492906,300906,384302,790835,769508,671769
"1186",161.97006,7.614,74523,137857,34351,109008,71432,33890,56528,63818,60982
"1187",162.0076,4.79,139561,191490,188622,145976,144136,153368,164760,251526,284871
"1188",162.00766,4.951,129370,298396,107161,300092,181372,164886,116249,274287,246491
"1189",162.00787,0.431,215128,268770,235169,272923,221024,206124,147003,149754,140541
"1190",162.00789,0.634,595835,777801,407720,964525,916371,696554,166429,92493,453857
"1191",162.0079,5.925,60071,79548,58103,57951,126312,115456,133089,92575,125228
"1192",162.05496,1.823,4453,1369,1896,1559,1510,0,110158,115655,93183
"1193",162.07628,0.554,212583,167042,149767,139343,129266,66189,8467554,8659017,7783074
"1194",162.07639,0.809,149305,100792,119687,52798,96591,75411,829094,963440,921121
"1195",162.07642,0.475,16217,54272,29344,36062,24017,22648,1457239,1488736,1675310
"1196",162.11256,11.646,3862786,3290672,4265430,3735223,3785295,3970451,4308509,3783198,3544672
"1197",162.11305,2.112,705916,62311,113636,40054,28320,57592,80076,60625,68245
"1198",162.90701,0.454,402884,396830,404256,348658,404959,361681,74540,66420,68269
"1199",162.9072,11.641,1115219,1382415,1176151,1156290,1127128,1204630,1219449,1151655,687497
"1200",162.90727,4.795,111164,54495,109645,99932,97321,120023,148890,185858,130558
"1201",162.90736,6.065,292694,328476,179206,97817,170695,247625,251383,357689,207926
"1202",162.90753,8.248,812778,846801,332176,1133324,768552,656621,699997,424430,555765
"1203",162.99309,0.593,910685,933542,963653,920459,928149,902525,416057,428927,497774
"1204",162.9931,0.745,4791296,4920175,5105264,4802235,4817406,4828306,2106614,3045726,3632267
"1205",162.99799,0.929,111433,349121,118608,126761,130046,200731,621230,635321,656705
"1206",163.03912,1.636,27417,19365,20675,20991,25395,25319,296422,344634,294537
"1207",163.03915,2.177,23763,44826,57695,36110,40074,16125,1846476,1998132,2001160
"1208",163.03918,1.841,30554,30026,41534,26463,50095,39402,24663252,28496782,27964916
"1209",163.03918,2.235,31366,53311,18692,33091,19242,50590,5212146,5284379,3857045
"1210",163.03934,2.446,34911,35888,33508,43840,35838,57631,404932,234705,348010
"1211",163.06009,0.554,13849,13658,27333,9630,3778,5299,18834202,19423596,18919668
"1212",163.06023,0.806,18991,12943,2297,17336,8110,2665,627227,693898,751813
"1213",163.07559,8.074,2536748,2066682,2070184,1182948,1097848,1107966,3341803,4334446,4257226
"1214",163.07561,8.233,598249,501824,598820,517480,551828,539998,742829,774050,670557
"1215",163.07561,4.916,132922,152873,99864,36536,56766,50134,472892,479818,806764
"1216",163.07562,5.167,1237610,982605,869564,164283,192977,165436,5285232,4232448,7166120
"1217",163.07567,7.824,324258,172273,193689,133641,140879,180470,587963,691255,719598
"1218",163.07567,8.013,1988821,1329640,1187610,848417,862940,898150,3971228,5094764,4924909
"1219",163.07568,5.078,284508,257046,208728,130302,78117,69772,2550707,2481458,5715023
"1220",163.07582,6.749,303236,352953,340573,295386,250680,304035,375282,319836,247797
"1221",163.0759,2.412,464929,36747,59084,21618,8538,11412,41182,14233,127710
"1222",163.08684,1.142,0,1629,1687,0,0,0,611509,715142,686222
"1223",163.09793,11.646,2635113,2256941,2298902,2223620,2326315,2147260,2756480,2537704,2502522
"1224",163.11189,1.891,11115,14103,18819,35112,18060,36261,82119,104540,72541
"1225",163.11194,5.43,28634,19369,35255,19781,29228,28230,217730,203946,175849
"1226",163.11209,3.018,110383,24398,17164,20729,23028,14081,63170,46711,37489
"1227",163.1122,2.887,245196,28512,53037,32925,15824,15150,30966,25700,53372
"1228",163.11238,3.999,385831,76369,68044,37401,14471,33103,51682,58362,64909
"1229",163.13345,3.545,1721622,2125302,1905906,1987017,1946203,1914031,1865898,1662839,1713001
"1230",163.14828,10.029,108262,83423,119905,95319,111991,130849,92808,144132,185876
"1231",163.14841,4.872,139077,130326,143645,122994,134095,136015,203485,227546,198292
"1232",163.14844,10.169,152008,177034,172777,146807,137829,148673,156984,168560,214231
"1233",163.14847,2.81,7292,4507,7246,8803,11044,23120,243788,231203,212344
"1234",163.5809,9.75,0,0,0,0,0,0,28278,26731,16320
"1235",163.96516,0.337,80172,117114,206869,148297,108661,172505,98482,147524,221378
"1236",163.96529,11.668,809830,652234,864113,716884,653394,630986,751071,964688,809560
"1237",163.96538,0.569,115614,168607,178767,234633,220729,132613,112278,0,111645
"1238",164.00859,0.496,0,0,0,1208,0,0,251291,256945,245259
"1239",164.07094,2.192,3417,2049,1743,1101,2289,1382,373894,433763,280365
"1240",164.07097,2.941,1698,1165,1797,0,1114,2724,107454,78574,74524
"1241",164.07098,3.358,1483,2706,0,1426,1021,2694,228429,253979,227677
"1242",164.07118,3.624,1546,2501,2339,871,4711,2156,115883,99763,92980
"1243",164.10756,4.111,164495,178534,178541,176365,170863,182187,177638,205353,180409
"1244",164.12827,0.619,845356,630740,538655,665350,471908,712591,575529,553859,1020200
"1245",164.12834,11.646,10547948,7602536,8786150,8727854,9405991,10388260,10104433,8470121,9561295
"1246",164.12862,0.509,430855,743100,756400,310706,668720,791188,618754,444533,304099
"1247",164.12863,11.828,1217324,1522567,1275540,3488922,1466356,2606586,3764861,2113800,790853
"1248",164.12865,3.53,593659,1229527,817384,992978,978834,971617,974274,633983,1213694
"1249",164.92107,0.682,1198824,1273559,1241551,750180,398137,847472,491289,452751,295694
"1250",164.93036,3.845,109727,172472,75877,52519,47440,125366,111156,148551,117895
"1251",164.93045,4.951,96746,91723,97893,63916,44714,116074,118265,62199,125887
"1252",164.93047,4.793,90074,88439,94884,101001,200089,119034,113439,97716,159018
"1253",164.93051,0.467,1331300,1272592,1326714,1090888,1245971,1175385,234182,352390,283424
"1254",165.05109,0.419,3066,3705,1260,2039,1254,1607,69958,81565,83553
"1255",165.05453,2.239,3324,1118,3170,2819,1790,3113,288077,295294,269102
"1256",165.05476,0.587,19815,26503,24683,20383,26045,28450,474044,421212,432521
"1257",165.05498,0.81,3558,0,2238,1858,3217,1915,876522,874640,858699
"1258",165.05502,2.308,3101,1118,1278,4912,0,3113,254138,299544,305772
"1259",165.07028,4.857,0,1243,1465,0,1208,0,280501,332435,279186
"1260",165.07591,0.534,0,0,0,0,11886,5055,437840,182861,190686
"1261",165.09152,7.582,858719,822167,781551,738603,768652,754270,817707,854609,878479
"1262",165.09163,2.708,240795,108235,62432,74600,119964,36564,302599,218027,249985
"1263",165.09167,6.114,416391,73165,50329,44837,63348,53559,40103,71761,75319
"1264",165.09167,8.32,438901,368339,404826,380172,325035,422514,391482,376759,437353
"1265",165.09172,3.158,265692,48075,54494,46477,23193,92211,68834,46669,53905
"1266",165.09183,6.566,210928,56852,32546,66698,26724,57030,56758,35278,90621
"1267",165.11346,5.972,508609,726606,827448,883005,517282,435515,611523,633140,911114
"1268",165.11369,0.596,424896,370899,388577,363852,377571,379177,357512,368498,423578
"1269",165.11369,11.646,74993712,70302096,73630512,66943812,70210536,70123176,79341592,70475024,70264400
"1270",165.11377,4.883,504626,144896,391318,507828,500023,429218,329274,590519,152532
"1271",165.1138,3.831,669674,574810,749320,620861,826132,686315,803571,737109,743622
"1272",165.11382,4.397,459105,294867,365711,197291,185814,162879,181821,284909,478095
"1273",165.11383,10.077,1822004,1451938,1545062,1702620,3551251,2967222,1787205,1955352,4690550
"1274",165.11385,8.112,1968686,872352,1182331,2159856,1175420,1055882,757202,703718,463260
"1275",165.11386,7.387,1151684,366959,529826,735808,966929,565072,854581,885681,621188
"1276",165.11404,9.73,2040568,2061977,1390346,1047542,1395569,753692,1525326,3234361,3310996
"1277",165.11406,1.484,521888,425384,423491,457472,434576,438414,476071,444702,351367
"1278",165.11411,7.455,948585,760806,584617,859573,573197,739876,353505,843915,863234
"1279",165.97148,1.378,9048,4605,5663,7911,3463,3815,128393,140742,127416
"1280",165.98804,0.51,3232,10408,5114,3049,4684,2244,433239,466061,386390
"1281",165.99149,11.656,2024666,2205055,2132775,1996637,1813645,1825310,1388871,1978030,2123236
"1282",166.04779,1.059,0,0,1366,0,0,1620,747942,781908,778013
"1283",166.08441,1.761,1371144,125848,49692,27127,100988,42655,249165,157310,73593
"1284",166.08655,1.38,111141,75841,68742,42792,19629,31005,65026632,70518616,64237588
"1285",166.08658,2.26,29922,71166,42964,35316,67159,47210,391869,276206,264726
"1286",166.08679,1.954,59194,90391,56496,82764,21419,36374,346985,427693,355223
"1287",166.09769,11.647,14107334,11877520,12371207,11449413,11901764,11901873,12662609,12533331,12608129
"1288",166.09776,10.035,5173852,3552622,7710213,3754457,3429616,4982340,3216667,6658354,10372585
"1289",166.09779,9.788,7586596,7389692,10473669,7235638,4118921,4768499,5323312,8072628,12906590
"1290",166.09805,9.549,8860827,7007643,6123941,6123850,2109862,5298940,3908741,5279122,3492152
"1291",166.09807,0.593,427382,260275,268143,261564,313769,272536,236800,276530,256382
"1292",166.10799,0.507,434875,840060,749859,174150,110625,170404,83592,13678,34362
"1293",166.12315,3.356,286077,46198,49445,33896,16582,17020,25625,10924,17381
"1294",166.15967,4.386,176521,49017,63181,30352,40554,36300,57425,67873,65160
"1295",166.951,0.533,68747,53627,76929,39184,35688,22612,82283,123465,152494
"1296",167.01326,11.658,64750168,60218372,59334548,54929984,56511144,60733780,62866272,64644692,61875400
"1297",167.01338,0.625,3535684,6013639,3519564,2010202,2925100,4278464,1849756,1334250,2416209
"1298",167.01338,2.986,2770962,1538811,1445168,3616378,2514094,1417998,763355,2776663,3300594
"1299",167.02193,0.471,879063,1046568,907435,833742,846236,839466,1167154,1043350,1260987
"1300",167.07967,0.809,927582,135275,136989,32690,32237,20582,51692,39917,38920
"1301",167.10696,3.844,1219170,1286033,1409275,1113319,1386218,1167913,1623710,1424362,1452503
"1302",167.10716,2.98,672199,285446,307427,289033,96958,67790,408576,189576,261226
"1303",167.10727,5.868,545546,271097,155399,134514,145405,128692,217667,226955,261227
"1304",167.10728,2.558,672173,148118,159597,189715,89847,130670,200297,422655,188312
"1305",167.10728,6.108,1113952,201246,101929,141574,229743,142920,176289,394250,271828
"1306",167.10733,3.386,1200486,628583,142276,281907,296168,191508,138610,282938,356864
"1307",167.10738,3.469,578604,286035,313069,221121,206378,256890,540483,532366,298048
"1308",167.14365,8.063,158764,5664,15594,7549,4870,16247,17945,5865,3197
"1309",167.91765,0.539,67186,112217,131762,133291,151765,153199,0,14951,0
"1310",167.96332,0.426,22698,33955,30786,20887,16338,12454,155416,162252,153165
"1311",168.00612,0.527,5682,2735,1686,2405,2019,8688,66334,102241,122079
"1312",168.01656,4.79,155554,123143,58125,83809,152281,138525,100125,210191,179100
"1313",168.01677,3.481,179565,89178,110338,135937,104604,60475,177093,77072,137036
"1314",168.03285,0.563,1500,5931,24657,4310,1474,22207,351303,348267,131249
"1315",168.06348,1.111,317501,10518,4905,9950,5380,8598,468412,541198,440130
"1316",168.07697,0.471,1054,1732,1196,0,0,0,839450,868250,847733
"1317",168.10013,1.759,1094248,82606,104640,3662,3074,7195,21691,15258,17002
"1318",168.10239,3.651,58918,40598,18184,41046,33046,20308,313495,344861,343730
"1319",168.10271,2.614,222242,28605,31416,21414,11164,11183,24879,30014,54791
"1320",168.11331,11.682,314078,86803,9078,44341,198054,145341,382678,51083,194922
"1321",168.12364,1.165,381181,354832,217965,203886,195492,163691,220591,221596,323164
"1322",168.13864,2.478,1829,1323,0,2160,1559,2481,849386,834308,814251
"1323",168.13866,7.473,1091107,34024,11315,6434,14391,22077,13739,9970,9457
"1324",168.13876,7.141,434268,26818,55346,15570,21125,19160,12715,13855,16996
"1325",168.13889,3.229,267004,245394,250848,236547,151684,241494,263209,311812,142674
"1326",168.13893,3.127,336150,171526,159457,261781,117136,266305,133234,243107,264952
"1327",168.13893,7.54,1005890,38508,24494,11988,12142,7050,8157,16366,20433
"1328",168.13895,6.572,184272,28809,11888,6435,11871,18207,19977,18733,14372
"1329",168.13896,3.687,1800669,143684,137980,33903,36615,29295,30405,64314,36002
"1330",168.13896,4.775,121381,49513,29332,15965,15310,10646,21259,28093,34708
"1331",168.13902,3.851,560153,99006,73452,28292,63119,21705,39033,25940,31917
"1332",168.91971,0.054,373389,401226,428216,133585,184677,396985,223556,365552,427327
"1333",168.9198,0.619,141294,173381,157032,143322,139782,135797,28000,13949,55180
"1334",168.92003,11.836,938023,214802,1420740,960111,1062792,1439768,462853,1063047,833058
"1335",168.92009,0.472,148749,340389,313941,284553,285691,335124,213049,98090,126183
"1336",168.96727,0.47,208036,170488,202065,126961,196926,151458,25783,18550,17194
"1337",169.04597,0.418,125718,150032,109794,106948,118537,127307,1977376,2470568,2461598
"1338",169.04613,6.016,209738,125447,201369,222836,141722,116261,295536,165384,194866
"1339",169.04623,11.655,1476899,1433485,1512445,1528255,1061522,1308696,1459316,1507070,1290322
"1340",169.05046,2.314,85564,131787,277218,195163,166619,243693,519888,288682,110779
"1341",169.05861,0.525,3630,0,0,2172,1693,2494,31408298,29670346,26243546
"1342",169.05867,0.613,0,1380,674595,0,1693,2494,32406398,1947906,1924190
"1343",169.0764,2.259,13622,0,0,0,0,0,1058586,1128122,939653
"1344",169.09741,1.465,1671,1611,2232,3048,1381,0,164310,146198,143221
"1345",169.12256,7.141,436108,85246,37141,71789,30723,72620,81494,38640,46318
"1346",169.12265,5.528,265580,56268,97020,86492,66559,97043,41477,79070,84332
"1347",169.12268,3.341,190710,125770,38959,54213,101670,41170,245768,233485,258591
"1348",169.12268,4.439,820743,611488,295873,900487,768145,231556,951840,284889,854462
"1349",169.12274,7.891,1233449,129680,158255,24083,53594,37629,73209,25301,43109
"1350",169.12276,7.538,6825258,215400,140073,26242,31573,55810,94279,69448,32645
"1351",169.12277,4.316,850577,360192,292398,591757,402192,319684,740614,748289,481597
"1352",169.1228,7.476,11513803,178460,97094,32344,38825,46307,31951,42983,51559
"1353",169.12285,5.602,253441,100733,49852,66769,75129,167727,77362,49716,62884
"1354",169.12288,6.566,677814,33766,46961,56146,66456,28145,65964,51251,61191
"1355",169.12288,6.991,294736,29285,35007,35049,49604,26092,70162,46297,44253
"1356",169.12289,6.504,1089876,59209,50308,36510,55610,39485,34868,65175,66268
"1357",169.12296,7.318,437393,58090,54769,27433,15316,38330,48593,40927,38100
"1358",169.13417,3.132,223342,151259,152542,8709,9820,7866,4577,9478,9539
"1359",169.87584,3.515,360708,22962,19409,0,0,0,0,0,0
"1360",169.97751,11.769,3708386,3317754,2138071,1555702,1834407,3457482,4119342,2749069,2771930
"1361",169.97768,0.71,1125853,1145662,1250575,1148395,1223580,992032,2290609,2498495,3582576
"1362",169.97769,0.593,435363,436584,490636,449682,491639,471043,1009910,1139931,1089079
"1363",170.08104,0.587,5804,15666,4628,9377,14942,17398,338046,322650,402651
"1364",170.09258,11.672,93716,31603,108915,75600,10478,90340,30989,28169,95513
"1365",170.11792,1.258,1827,2388,1804,4872,1863,1369,51295,66106,43399
"1366",170.11804,7.213,3114974,183496,179468,29002,15348,22163,9568,19325,23212
"1367",170.11807,7.588,2022226,149056,248797,13703,21568,13512,33430,28394,39572
"1368",170.11809,2.798,45423596,6398200,7209132,621740,625846,659460,808757,866236,855337
"1369",170.11812,8.563,3893847,660990,1619386,69091,53880,57704,121991,145527,134415
"1370",170.11812,9.636,557861,380302,368577,23564,25058,19947,146627,190015,175380
"1371",170.11812,9.749,241066,43490,52225,13207,23988,41604,25510,28792,25533
"1372",170.11813,1.998,437379,45900,38217,4904,4943,3693,3435,9123,8649
"1373",170.11813,8.715,1597702,250219,531642,42102,54422,85264,76679,87972,81649
"1374",170.11818,2.106,276430,43699,32474,4216,13297,1621,7769,9704,14165
"1375",170.11823,6.399,459785,33637,15996,10793,11944,6804,35894,23026,21268
"1376",170.11826,3.823,4193955,804560,789932,41450,20537,40556,44841,31036,54755
"1377",170.11826,8.985,374446,87396,80919,21937,17502,4344,55745,72884,40571
"1378",170.15414,7.135,446821,123036,164822,34975,66397,40982,20141,41348,37310
"1379",170.15434,8.119,1207638,120025,95127,26668,20300,12018,36790,17519,10877
"1380",170.15445,6.572,420002,126280,253745,87187,87778,47640,82532,95145,120597
"1381",170.15445,8.203,576566,67646,74080,24099,19534,22310,21768,13762,8345
"1382",170.15453,6.973,753683,48793,62752,23562,72719,42581,51905,32243,75325
"1383",170.15457,3.439,298898,65581,79035,35882,31532,26780,26473,38186,17124
"1384",170.1546,6.128,4014974,4050845,4012547,4127737,4039884,3170094,3752255,4019175,4051386
"1385",170.15463,3.324,256998,76824,74119,7786,16728,22256,29911,14085,20018
"1386",170.95779,0.649,625313,915441,358165,1056289,523372,581874,197117,508176,476854
"1387",170.95811,3.716,174178,262436,191513,172323,199773,107492,136540,98198,111343
"1388",170.95821,11.656,1550815,1597202,1435059,1441633,1437446,1204285,1452504,1529859,1665182
"1389",170.95828,3.591,166639,118862,215809,124575,106918,202352,55081,180352,186314
"1390",170.98216,0.753,1140471,564424,1176711,1080202,1147355,1179870,560367,596654,1069878
"1391",171.01688,0.523,2199,2329,0,0,1989,3528,3195354,3216378,3156844
"1392",171.0435,0.42,7016,12809,17568,15276,13175,10996,325531,412629,414178
"1393",171.07974,6.654,0,0,0,1132,0,0,208436,202681,171710
"1394",171.07988,6.121,0,0,0,0,0,0,86010,86681,73745
"1395",171.08057,5.954,0,0,0,0,0,0,85588,105990,88359
"1396",171.0806,5.325,0,0,1183,0,1138,0,124868,150629,115534
"1397",171.09201,2.257,21897,8906,16740,12499,10434,12706,3718730,3391714,3305769
"1398",171.10191,5.953,59249,151796,30002,53431,49979,100668,87917,46489,91615
"1399",171.10213,3.238,273569,151692,97595,99824,156994,84658,366291,361722,360994
"1400",171.10222,2.019,458653,115901,109770,149179,77088,114089,128176,82738,144437
"1401",171.13797,9.844,854291,1152568,1138483,1065206,1040751,1094260,978295,1269849,1186929
"1402",171.13832,5.913,664746,572003,597610,556405,618810,630405,540000,622704,609481
"1403",171.14929,11.741,647978,659274,299349,610941,334777,616459,564192,694809,937355
"1404",171.14951,3.938,1005317,326926,406066,431147,204799,506307,1102502,980858,1894695
"1405",171.14952,6.659,469211,408755,361296,374757,370899,202571,510635,657217,315986
"1406",171.14954,0.068,217742,181370,268647,189766,276762,146871,371544,760465,441764
"1407",171.14969,0.586,1004816,600864,809951,313140,570420,536235,822134,1229585,731678
"1408",171.1497,7.116,706141,485285,338619,239593,226099,196724,427022,407886,602787
"1409",171.14973,0.809,750564,820380,545274,188212,251677,360149,722673,1072805,863485
"1410",171.14983,2.135,235114,1038865,903066,492733,248699,402096,542255,490356,1223781
"1411",171.97821,11.666,329550,269796,159972,194450,225776,220751,271023,306604,530867
"1412",171.99309,0.506,6523732,3599916,7015086,3344897,2819830,3355058,2815509,3138622,5089862
"1413",171.9931,2.236,3846653,3058872,1017248,1705038,2421030,2171980,754025,2435640,4976890
"1414",171.99321,12.194,7184890,7377130,8116279,7492300,3613511,5313184,4500381,9051095,7564668
"1415",171.99345,12.127,15821694,5302243,18501522,17734660,19447226,17272286,4500381,18479814,15857728
"1416",171.99348,0.798,5002626,5098580,5434658,1618206,11241036,1490048,3764848,3985064,6356757
"1417",171.9935,0.558,6523732,4393294,7015086,3663036,3628173,3518701,1806113,1782854,5089862
"1418",171.9935,0.402,5017774,4838726,6242860,3884454,7216834,7140992,5130244,4306630,4434120
"1419",171.99352,1.335,2047671,3243248,6098540,4931074,4926706,3338593,4438520,2999838,3308317
"1420",171.99356,0.913,9337837,8164113,9979422,11279312,11241035,12430393,2789140,8183532,2261982
"1421",172.06078,0.81,49063,18128,58944,29665,54074,29571,282407,298138,236993
"1422",172.09476,4.93,102618,114011,96548,109034,103187,81630,138396,158257,133122
"1423",172.09485,5.915,103673,98490,80055,96218,70571,128868,124072,150693,196393
"1424",172.09486,4.505,72314,109282,93447,88381,187346,100593,197995,187205,215459
"1425",172.095,11.643,1173572,906388,1231693,876359,982176,926273,1277773,1023342,997646
"1426",172.09721,2.349,60046,132384,51563,60461,82338,30269,321343,328520,190073
"1427",172.09724,0.585,79238,74340,57400,54395,34878,41433,638656,714714,738068
"1428",172.09735,1.324,1818131,2801051,2169173,29468,22214,46457,21293,50646,58579
"1429",172.11568,9.437,867972,1144882,918879,1018901,827068,920386,961396,1201781,1174796
"1430",172.11571,9,606965,716006,507216,635447,601401,545700,634890,616090,616305
"1431",172.11572,10.427,528444,506722,585165,524596,475290,468966,589396,951791,628210
"1432",172.11575,10.29,1338484,1147103,1379491,1230643,1218085,1257827,1266196,1792316,1461960
"1433",172.11581,8.139,352689,411180,389903,379911,307402,305807,378053,360698,417225
"1434",172.11586,10.757,965680,947558,1190748,1089195,893270,840608,996356,1066510,826386
"1435",172.116,9.921,261597,403363,414822,365530,266310,451953,318579,326472,422823
"1436",172.13356,1.958,18767,9793,19204,4413,3359,1362,160504,150692,158500
"1437",172.13361,7.55,53355212,773780,425080,9210,28429,16566,175644,189914,173091
"1438",172.13364,7.122,3484314,115630,130952,40082,10985,11460,24423,48894,48846
"1439",172.13365,9.637,9668046,4973332,4649638,9014,31174,26151,1457456,2011276,1605230
"1440",172.13365,7.264,2830154,172768,147241,13002,17258,30448,36378,19757,15284
"1441",172.13367,8.12,5878272,302775,320955,8125,22528,13702,12211,20851,28459
"1442",172.13368,7.637,33325842,449849,287936,27468,22557,23200,207525,192381,164287
"1443",172.13371,8.675,4181926,1013564,1568187,24810,17247,20323,490412,523269,492422
"1444",172.13371,9.752,2932892,421978,356156,21807,13785,15223,114931,140135,127313
"1445",172.13373,3.061,153886320,12386568,14061528,489682,390406,614790,1947585,2526522,2328636
"1446",172.13373,6.578,8108165,140456,127575,23075,17411,16783,25891,20533,59134
"1447",172.13373,6.653,4855444,47384,92408,13640,20466,13271,25747,32166,42287
"1448",172.13373,8.206,3770825,284339,371057,14236,19655,18252,20995,26455,43500
"1449",172.13374,8.564,2855885,461068,1114662,41152,57568,52014,118092,137228,101880
"1450",172.13374,8.986,2391860,466577,438513,16413,9570,19037,213874,228247,180495
"1451",172.13376,9.164,1865358,253174,238117,5476,30927,30014,79663,82032,96055
"1452",172.13377,7.054,2847358,128708,88128,7124,32431,27148,27836,48894,20866
"1453",172.13379,5.695,1504832,68168,32326,27138,20746,24704,34641,26285,29452
"1454",172.1338,2.456,786624,66410,98145,5295,8049,7897,17657,37218,27539
"1455",172.13382,2.771,713121,179043,193162,24045,39664,18976,62443,28430,54843
"1456",172.16986,5.571,3937338,3679190,3782924,3738120,3706462,3771902,3811236,4049764,3986537
"1457",172.1702,6.034,467531,312381,338050,220740,163356,259604,255681,278854,236055
"1458",172.957,11.739,2415125,2813915,2469971,2313534,2272209,2256691,1753260,1808681,1551637
"1459",172.97726,0.768,19821620,20434662,20819794,20095218,19025048,11933610,7147846,16963078,17028078
"1460",172.97742,1.754,110573,115355,128790,85338,104404,159068,93565,118247,246275
"1461",172.97765,0.593,4613741,4578390,4681618,4506510,4649404,4546370,3063899,2836941,3477412
"1462",172.97775,1.34,125788,316015,191024,359747,278732,155351,243787,286924,215317
"1463",173.00143,11.86,479904,1093323,1273537,172210,928059,223004,308483,608232,279496
"1464",173.04243,0.809,0,0,0,0,0,0,257708,286184,226879
"1465",173.07869,10.979,459562,321089,606209,98234,187844,703163,145970,522378,391542
"1466",173.0787,1.163,353789,318884,208411,174163,167898,168832,239002,229918,292089
"1467",173.07877,10.299,332742,886412,253603,390984,664778,710911,647364,443054,388231
"1468",173.07883,10.107,711476,325856,697746,988741,315199,202041,547009,508510,1061657
"1469",173.07886,11.645,1227211,1056109,1165474,1153472,389676,1194571,1290128,1232166,1077998
"1470",173.07889,0.468,210245,195018,199975,164407,181524,153665,33158,28923,35331
"1471",173.07899,6.052,53708,117202,68035,65168,91328,150856,154887,149254,51670
"1472",173.07903,9.543,508681,212936,521837,181988,238724,267199,196592,468229,333254
"1473",173.11755,3.056,7427675,858332,416342,11922,53511,24810,67336,146300,78281
"1474",173.11768,5.415,9839,23383,9279,8920,11301,21678,297864,303479,290636
"1475",173.11772,4.682,32667,13365,13485,10969,16065,21641,286055,303571,284876
"1476",173.11772,5.036,21622,12781,15261,14738,14300,9077,697647,823847,714808
"1477",173.11774,2.456,181105,27095,51347,28153,16598,12432,64682,16133,60390
"1478",173.13284,10.028,166897,170786,202297,171161,178435,206801,204360,234624,246631
"1479",173.13298,10.167,185313,176699,213848,212849,196204,199223,192745,197621,278481
"1480",173.15395,3.976,0,0,0,0,990,0,53769,55302,54561
"1481",173.16559,4.918,293586,319198,308041,269358,261232,259558,258602,298201,294527
"1482",173.20175,0.05,112977,121204,111867,106842,89901,114090,133877,30156,133585
"1483",174.01395,0.81,2186,1926,3313,7727,0,0,434744,421579,438831
"1484",174.07619,11.825,242892,195032,367784,280524,245020,301900,337165,434717,465031
"1485",174.07649,3.527,67932,52296,67390,46205,38421,55459,193204,158946,128246
"1486",174.07652,11.731,299862,198221,88282,389483,170162,316916,811511,354939,231910
"1487",174.11267,0.594,590498,523963,696187,616367,658507,537743,2886044,2712830,3094939
"1488",174.11282,0.81,73177,47148,127055,48563,54680,58996,980919,949818,986410
"1489",174.11313,8,296660,67831,79609,21504,39681,53277,49789,40269,88162
"1490",174.11314,2.257,7704353,768029,866259,207228,110096,244185,464921,348499,412744
"1491",174.11317,2.608,533314,126431,236179,86186,122035,173868,200468,125713,140810
"1492",174.11322,3.475,87882,84117,105840,115964,64283,137724,128880,130837,220031
"1493",174.11342,3.578,143160,43457,61796,99936,61047,48352,89532,95666,98619
"1494",174.12079,7.552,181237,36909,80229,60799,65352,31707,59334,46145,88518
"1495",174.12115,3.066,390341,155268,173057,72428,63744,156767,187939,200376,89759
"1496",174.14954,2.882,707113,89664,113200,9671,10299,15096,11680,30080,41186
"1497",174.18593,3.549,114546,141278,150748,152896,144133,149206,170266,149091,159745
"1498",174.93825,0.472,205415,231302,209069,173699,222144,210569,4785606,4753335,3746454
"1499",174.93848,11.641,341688,323950,334488,236290,405209,267476,328753,435339,332903
"1500",174.9543,11.74,576497,696004,727954,387719,662697,507482,448836,500896,587096
"1501",174.98557,0.542,358624,424050,385228,424433,417337,380300,14150,76917,125625
"1502",174.99199,0.926,111926,61440,85544,66810,157842,84876,416601,374209,381951
"1503",174.99236,0.817,153165,229489,166996,206323,154613,166150,202142,157664,229619
"1504",175.0871,2.908,0,0,2966,0,2029,0,313361,317207,293416
"1505",175.09807,11.649,1019623,936818,923445,923828,998508,927175,1103957,1013996,1063448
"1506",175.09825,10.17,108130,80471,214929,116534,98006,106179,105836,237087,143419
"1507",175.11195,1.85,17179,22252,30247,40349,40831,42558,327060,323187,260432
"1508",175.11244,4.243,178298,42492,20166,10320,41970,36196,9605,19122,13736
"1509",175.11246,8.413,256860,163428,173341,130413,134550,150511,174131,156854,188513
"1510",175.11925,0.514,79614,103641,109075,93586,135416,75852,419989,478818,477569
"1511",175.11934,11.684,154521,77354,145357,81379,109245,121782,135375,172041,117577
"1512",175.14827,4,86126,76705,88331,81494,86188,89335,133699,136858,112608
"1513",175.14839,10.17,100413,133979,147545,93682,105472,111945,169258,171024,157555
"1514",175.14844,5.297,126625,105545,124978,106451,110738,103645,208971,234895,205783
"1515",175.14854,2.489,1653,1760,3569,4128,3330,5781,139670,141632,140943
"1516",175.14854,4.85,125761,142741,192420,100133,133645,114251,154972,196571,320767
"1517",175.14864,7.356,743054,39668,40551,35977,21165,26294,20567,25985,39392
"1518",175.14868,3.488,2536,6995,4672,1483,4264,3190,116211,114170,89615
"1519",175.14885,5.572,511878,496550,512558,260377,353736,377028,469274,448004,293365
"1520",175.95456,11.636,238677,216434,266666,195499,194569,180233,220143,244675,155344
"1521",175.98895,12.14,193789,236337,117325,89567,306772,409708,273727,65099,153548
"1522",176.01093,0.543,188937,227424,286164,269883,319938,288266,777444,984482,1015128
"1523",176.03226,1.338,1497,1987,1493,0,0,1486,171732,178395,170774
"1524",176.09192,0.553,35195,104777,108443,51000,42471,67333,1566311,1434502,2173648
"1525",176.09206,0.884,46956,28689,31098,25071,37421,30047,1511754,1687674,1375688
"1526",176.12878,2.723,1639344,47332,62332,11934,2549,14976,12478,16216,14031
"1527",176.14009,11.641,196275,300295,214478,324660,169194,310083,295930,225108,313088
"1528",176.97221,1.33,854319,1265533,1091611,1723940,1546402,1147480,1447140,1160961,1749000
"1529",176.97232,1.77,889128,1588133,889149,400571,386025,1541533,1179337,1143162,1020380
"1530",176.97241,12.478,2530208,6057701,2475172,4425098,5367724,1111808,5122121,3394113,2601334
"1531",176.97244,12.126,7577603,6460033,10980859,8924642,7873088,7031746,7873060,1206899,10329648
"1532",176.97247,0.8,1878137,2015103,1866238,2077590,1848613,569664,1221012,1376312,1212283
"1533",176.97247,0.412,2003364,1708478,1813177,1806876,2565726,1136612,2256751,2127483,2688706
"1534",176.97249,12.221,2503529,1552958,11281650,3630644,3728582,2934704,1975200,11428971,10269236
"1535",176.97249,0.558,2223562,2625272,2265435,1288650,1288692,1198867,469225,530412,981719
"1536",176.97256,0.903,3291595,2687333,2054080,2187357,965194,4451884,1238331,1287141,2004202
"1537",177.0249,0.512,0,0,0,11161,3425,2900,5197364,5217717,4075268
"1538",177.05489,2.046,3085,1571,1586,4378,1515,1825,268140,264706,260104
"1539",177.05492,2.229,3819,3556,5149,1208,3531,2596,340066,303890,224038
"1540",177.05492,2.462,1996,2613,3479,2672,1904,1220,1118405,1357051,1172977
"1541",177.05496,2.696,1965,3165,4205,2974,1423,6791,2499061,2532427,1781973
"1542",177.05498,6.056,257011,286721,296873,288659,283697,272249,287155,326494,317664
"1543",177.05499,2.31,1646,3556,1716,1773,1477,1280,8058440,8185687,8127619
"1544",177.05502,2.903,3988,3666,1462,3607,1454,2257,313782,257611,260379
"1545",177.05521,4.641,1593,1216,3373,3617,12260,3454,180549,166154,104219
"1546",177.09146,6.768,176458,173792,156877,147372,170504,175744,186701,165868,180753
"1547",177.09151,6.949,175250,183708,183450,208082,196688,231416,220571,244127,277639
"1548",177.09154,8.379,90407,111345,101993,100419,90057,102003,116591,110020,117151
"1549",177.09157,2.98,344426,49971,35487,9864,17607,20156,15336,19240,29072
"1550",177.09169,2.412,124845,15865,15871,8903,17898,14328,23867,18242,8411
"1551",177.11391,11.646,643213,550125,581261,629340,568668,565579,661935,702795,542874
"1552",177.12776,1.895,2821,13641,15395,7792,4208,3477,114061,87124,86716
"1553",177.12785,4.091,90657,23387,16592,18189,22834,26937,35973,106656,42226
"1554",177.1279,7.09,267183,41125,25621,9113,28125,22016,37736,34926,16575
"1555",177.12813,4.367,251874,40941,58175,15582,29054,46500,70821,69627,52361
"1556",177.16414,5.496,1085014,962372,1011608,929922,926962,971742,1117443,1101794,1183260
"1557",177.16417,8.11,89981,113734,133336,124434,114114,131146,135468,140958,157812
"1558",177.16423,5.676,319097,265187,287480,270156,278242,271022,309743,301500,334110
"1559",177.95679,0.777,93212,242449,36098,24446,71015,32374,47471,78009,107370
"1560",177.95703,0.676,80507,242449,143596,12683,10890,102812,119452,199117,132056
"1561",177.98032,11.919,1974329,670616,893281,1287207,1005137,2159423,1632781,1867922,876616
"1562",177.99605,0.418,8824,4398,11866,10027,4407,3877,201029,234585,237155
"1563",178.05893,0.47,4232,1902,1714,5399,7235,2446,2174825,2153690,1932064
"1564",178.07811,4.871,1735,1177,3353,6883,1500,2026,157810,210286,192036
"1565",178.12282,0.588,9102002,8285974,9063160,8556104,8785045,8862094,9037672,9025574,9560545
"1566",178.12289,5.954,2032728,1883499,2427063,1332278,484161,1146525,1602320,1943681,1810844
"1567",178.12296,2.303,797721,1040608,1036460,520993,1435421,1844926,1791678,1826782,486201
"1568",178.12303,1.433,11126841,11771219,11827034,3284442,8413641,4979459,12845505,12990775,13164568
"1569",178.12303,4.869,564148,1099346,1105823,546236,952817,1335665,1258779,1899374,961063
"1570",178.12305,2.678,558970,449839,1491263,971817,738290,1423354,1298648,1902924,1343526
"1571",178.12314,11.644,4260274,3577828,3044243,3704569,3841504,3585428,3899058,3443974,3539393
"1572",178.12317,12.743,4085512,3393330,2854887,2417616,3213643,3345143,4480598,4454688,3695489
"1573",178.88107,11.639,7919,26347,21898,18922,46783,17130,78780,28599,19967
"1574",178.99094,11.705,68719,92180,59634,51709,85895,52813,49936,68784,53012
"1575",178.99309,0.657,35356,32208,23748,16506,24832,21010,2067892,4913790,4176333
"1576",179.03395,2.159,0,0,0,0,0,0,175431,151314,138021
"1577",179.03413,1.839,0,0,0,0,0,0,467241,446559,413731
"1578",179.08582,4.862,1635,2928,2145,2058,3054,1911,325470,381316,366900
"1579",179.08594,5.963,3352,1150,3845,5903,1404,4033,142898,145871,67239
"1580",179.10698,8.229,385158,395679,414685,319098,364009,364005,456720,368519,401042
"1581",179.10701,3.499,127724,36588,56856,49774,39515,85736,4470432,4697062,4343435
"1582",179.1071,8.121,205337,233426,253392,286970,224162,332990,288590,326108,362104
"1583",179.10712,8.336,460303,418050,473587,437556,439103,441901,506369,554601,550044
"1584",179.10725,5.782,460330,156144,73401,83470,96481,72013,113733,108677,82219
"1585",179.10725,5.862,391738,22341,30452,27731,35648,28681,63642,48985,37623
"1586",179.10733,3.204,635662,35739,32231,30954,51197,36634,151871,170565,200232
"1587",179.12852,0.478,96857,116888,124415,37657,63166,53135,338364,239093,415021
"1588",179.14343,7.928,47507,16347,15709,16235,22912,18471,143221,153564,133095
"1589",179.14343,9.706,104351,20105,40217,8996,17912,10045,14116,16788,28119
"1590",179.14359,7.33,882693,22765,17653,41421,24524,39211,25261,52303,40857
"1591",179.14359,7.393,823493,57601,36355,9423,24600,13442,20993,13681,31519
"1592",179.14363,7.141,568956,111883,46330,18155,30596,13961,26972,45784,50532
"1593",179.14369,9.587,90092,8398,22204,16107,3939,6544,30851,8888,30237
"1594",179.98236,0.518,66473,92458,127545,118692,133652,55235,91862,87949,106329
"1595",180.00354,0.52,0,0,0,0,0,0,257500,294491,237296
"1596",180.04541,11.643,1085,40757,0,49699,85613,0,0,0,0
"1597",180.06349,0.864,1557,0,0,1864,0,2204,783871,904967,678218
"1598",180.08675,0.476,27238,20889,10180,3221,18892,20778,1044332,1044607,1017898
"1599",180.0869,0.558,100267,48673,65886,41025,33667,46519,23216722,22852690,21473658
"1600",180.10005,9.775,243289,35690,58110,18641,16536,13625,18393,38662,43832
"1601",180.1001,2.717,208877,9309,9926,10031,6211,7806,10992,10942,9681
"1602",180.10016,2.408,12063107,223680,443734,7268,13884,12252,232188,244901,229445
"1603",180.10023,7.558,171411,18576,4992,15087,16588,13387,12700,9075,18931
"1604",180.10211,1.791,139571,11416,5299,4090,3424,6054,447698,436684,460613
"1605",180.10219,2.123,67856,84001,46210,18732,9523,4756,1028457,1107095,1059029
"1606",180.12636,3,2660,0,1937,1060,1228,2373,87959,95255,114370
"1607",180.13876,3.999,97312,15419,13898,8427,4108,3328,1789,5675,8910
"1608",180.13876,5.838,135892,27011,36840,56556,42393,62258,236564,191160,214647
"1609",180.13893,4.795,137345,206742,149562,117800,136116,193821,148722,147738,163316
"1610",180.13895,3.874,224306,44172,48978,10929,21627,28860,45605,40580,28420
"1611",180.16006,3.547,164179,247448,186257,221760,218401,227627,134858,190459,166550
"1612",180.17508,4.873,331414,292851,320824,269002,282479,277888,406639,444328,438847
"1613",180.89507,0.677,270133,248084,306521,111143,175770,153279,179631,96367,48869
"1614",180.90466,0.48,24167,21464,12202,24406,16898,21461,361636,447568,407220
"1615",180.98997,0.052,78167,247859,461251,442991,567818,555455,272683,537355,534833
"1616",180.99019,0.588,145412,154174,144268,179415,152464,262737,21152,39894,49839
"1617",180.99045,11.804,3554692,7979136,8976495,3619460,4634828,8442760,7906574,3238370,3522890
"1618",181.01495,11.659,3469894,3936340,3758784,3597889,3685611,3253045,3742944,3425191,3609407
"1619",181.01495,5.993,55354,41203,45858,33463,34780,86746,11392,120319,71392
"1620",181.02644,1.022,94487,124396,65408,0,0,0,411921,340601,234064
"1621",181.04985,1.843,1430,1478,0,1947,0,3305,514152,581115,537244
"1622",181.07246,0.594,248992,294876,239553,314148,298587,285838,874469,888419,168975
"1623",181.08624,2.015,49872,42527,60885,25834,31466,49820,1335580,1398002,1275251
"1624",181.09727,2.219,3226,0,0,1133,0,0,165654,170848,139255
"1625",181.12233,4.882,258948,278249,360524,311425,155596,265384,458345,158206,408418
"1626",181.12256,1.801,46856,119720,111290,71955,74325,60487,119981,88609,71418
"1627",181.12267,5.425,366589,395240,441594,360768,259278,276319,15902402,15911532,14907916
"1628",181.12276,2.951,264190,123807,94849,37896,75791,57061,487225,498295,419640
"1629",181.12289,6.024,452320,64360,96448,111453,100167,140216,156981,135883,152932
"1630",181.12289,9.718,201830,67965,70493,46584,69504,40934,215436,208900,79690
"1631",181.12291,3.597,495646,122861,54953,92835,59655,76726,56557,88962,102116
"1632",181.12299,4.002,1267413,301657,244485,103204,73620,179868,160077,208757,356078
"1633",181.96173,0.506,4921,13355,2380,4285,8622,5764,83737,108132,112704
"1634",181.98865,0.086,135193,259057,180004,123226,141383,94450,106750,117964,104419
"1635",181.98874,11.663,3197410,2909920,3349344,2693156,2825252,2854722,2932819,3467436,2758374
"1636",182.07944,1.693,591308,71027,79493,37144,21862,31340,153659,36017,122155
"1637",182.08148,2.194,25919,23840,33179,13237,22029,16897,430176,455857,354978
"1638",182.0815,2.94,26971,68318,23453,25782,14663,8454,159262,139692,130554
"1639",182.08156,0.586,126780,142234,145420,139335,147977,142907,2183222,2159830,2023833
"1640",182.08157,0.81,49384,30698,56045,33814,47147,37703,3720332,3834085,3527406
"1641",182.08163,3.356,16386,25063,18372,17095,30238,21673,290182,333813,276970
"1642",182.08177,3.647,16962,13990,13693,17148,14655,17413,240095,265469,193556
"1643",182.09277,11.648,300029,60215,176589,106165,214925,342681,281047,218238,119314
"1644",182.11581,2.316,5473904,709501,729942,6683,8130,5402,33883,7193,20132
"1645",182.11681,6.578,77339,7769,7323,1363,4029,11180,18389,22585,15491
"1646",182.11826,3.161,1356942,84116,73877,4890,7209,3061,34390,8761,11965
"1647",182.11839,3.324,84775,30162,18270,16164,8969,15013,29989,20355,15949
"1648",182.11841,6.114,113508,13536,12558,1501,15502,6832,8003,10609,2808
"1649",182.11842,4.8,12251,16529,7108,12758,7663,10141,83978,76558,83239
"1650",182.15437,6.029,126519,4325,4696,1321,1782,1479,2075,0,4295
"1651",182.15453,8.101,358032,48528,95445,2642,1896,1846,1799,4280,7877
"1652",182.15457,8.197,82311,2697,95445,0,0,0,1799,3997,4525
"1653",182.15462,5.769,298896,13369,17493,2029,2326,3275,2291,1648,3706
"1654",182.15471,3.01,71605,0,1479,1345,1248,1113,1240,1328,5017
"1655",182.15472,3.666,1026799,80421,80659,1360,2951,1084,7587,10877,13917
"1656",182.15474,4.174,216601,68041,120927,5533,1098,2719,2797,8079,7118
"1657",182.903,11.695,111352,105237,61998,161662,179337,98010,115288,139905,118667
"1658",182.98541,0.054,11446266,12306693,11157712,11180604,11511183,10655208,11709471,12928025,12728183
"1659",182.98543,10.023,75811,85763,45872,42175,63186,211948,47936,55052,1191667
"1660",182.98557,10.306,45793,5466,52679,16409,74703,22098,17087,1259202,21150
"1661",182.9856,1.893,1912037,1285816,581686,1309616,1218691,2050628,914871,1519839,1162824
"1662",182.98561,1.789,962182,2162929,1047371,1962384,846440,1532320,1334528,1706988,1571582
"1663",182.98575,11.803,55969496,159023920,156169312,59512624,152336656,139796448,54458396,126370008,139131184
"1664",182.98582,0.592,3973985,4428070,2709366,4369415,4024075,4178005,1304402,1509989,1451594
"1665",182.98584,0.783,3051130,6511092,5291311,6413020,5389099,6217688,3514756,3782766,5002762
"1666",183.01057,11.659,1386273,1424760,1259114,1309697,1347644,1279601,1180397,1384385,1262748
"1667",183.05377,0.809,152299,7080,11600,0,2458,0,5236,2943,0
"1668",183.06543,1.901,1325,1441,1549,1464,1562,1662,139325,139468,128776
"1669",183.0788,3.799,2402793,2242701,2305762,2291256,2285320,2385898,2310256,2134445,2148693
"1670",183.08664,0.54,5863,1994,2814,7731,126774,5343,2602115,1808460,1614237
"1671",183.1017,4.402,105555,120327,104242,147468,125809,104650,308900,372526,253616
"1672",183.10188,2.353,306927,1638576,405010,1274414,553398,1196482,1407134,247756,1326165
"1673",183.10207,2.139,595751,404004,196332,627044,249037,403117,824014,360260,293177
"1674",183.12413,11.646,453569,237062,267345,582982,313020,278368,510069,365636,636998
"1675",183.13838,6.519,205400,25195,33171,41820,43663,57775,300981,253000,235016
"1676",183.13849,7.638,1154256,147861,109079,26648,22339,29233,40520,48416,36298
"1677",183.13858,7.449,1069976,92203,26230,18500,16153,28417,71337,34937,31488
"1678",183.1386,7.387,899652,57492,30422,25702,24818,34767,42654,31367,39933
"1679",183.13863,9.587,233387,100531,77736,27428,28748,12775,34542,42722,90823
"1680",183.13863,9.712,364113,102048,107582,26799,7631,40787,36412,35781,22640
"1681",183.13872,4.367,1455341,229121,166272,68881,48275,35553,75737,64207,148771
"1682",183.14977,3.768,82970,58259,61936,0,891,0,0,2438,0
"1683",183.91306,0.647,10692,15739,55836,51113,87818,72896,10484,21383,78726
"1684",183.96988,0.599,0,0,0,4443,3752,1891,60266,46132,15029
"1685",184.05838,0.81,27647,2424,0,1713,0,0,372440,362369,334968
"1686",184.06085,1.134,0,1908,0,0,0,0,715533,777226,720932
"1687",184.06418,0.554,16096,2853,13571,2356,6670,3110,3538016,3820815,3547549
"1688",184.07422,1.755,190016,16416,15661,0,1214,0,1799,2090,1984
"1689",184.09517,2.159,407738,9508,11551,7168,18931,8680,202342,252564,196971
"1690",184.10817,11.651,1873763,1544401,2691158,1478972,1650158,2520286,3717662,1759430,2207786
"1691",184.13351,0.601,2094,8456,1882,2627,1410,2780,326545,457485,483308
"1692",184.13359,1.306,1778,2300,1546,0,1473,1586,2690759,3347558,2856213
"1693",184.13373,2.277,78156,8258,1713,1630,3377,6781,66137,97932,92449
"1694",184.13385,2.98,314708,26440,30154,19601,9880,21482,19807,61451,17097
"1695",184.1339,6.12,1104149,15091,19088,16395,9419,21937,10165,9680,27821
"1696",184.13393,3.351,5935672,559024,537264,142636,154900,127525,154643,229748,212486
"1697",184.13393,2.558,202436,8103,12090,4535,1858,6462,5131,43416,14042
"1698",184.13394,5.862,488474,9439,9755,7638,8614,8195,11347,17562,23656
"1699",184.13408,4.419,574197,100916,132964,9887,14987,4705,10812,16578,5578
"1700",184.17003,4.388,196958,61548,63835,52762,52579,43598,72170,86694,80975
"1701",184.17003,4.993,96508,70870,67115,57136,71449,71214,81124,75674,68705
"1702",184.17018,8.065,2095115,101869,102954,0,0,0,1761,3276,3678
"1703",184.1702,7.982,851350,43800,43720,0,0,1691,0,1906,3678
"1704",184.17021,6.929,454978,15642,7783,3007,3124,1609,0,1890,1726
"1705",184.17026,8.985,201570,6638,10303,4398,0,1901,2462,3591,0
"1706",184.17029,9.053,210359,7745,2360,4398,0,1901,2462,1847,0
"1707",184.17033,8.203,263372,8643,12556,1910,0,0,1761,2034,2637
"1708",184.88908,11.64,1090587,884164,951967,1095321,856552,961188,1062070,991132,983499
"1709",184.88925,4.813,183409,165850,132510,78564,108711,76636,109564,184792,84347
"1710",184.8893,0.47,778257,687606,735155,595631,696025,629581,210268,195489,101449
"1711",184.8893,9.258,537252,556614,1209274,836276,794487,463032,988963,1200584,958146
"1712",184.98576,0.393,1194158,555294,1361688,1257457,908291,1499912,2042933,2197652,1966917
"1713",184.98587,10.528,39587,27007,93721,20974,19186,25501,48828,27343,228927
"1714",184.98592,8.634,624959,1340319,922143,424821,713052,376348,846416,969687,1238672
"1715",184.98608,11.663,53860456,56982404,54531748,42173316,54952376,54459372,54305012,58986992,57092268
"1716",184.98613,0.259,1596914,946968,978259,2244128,975386,942234,2093435,2049117,1151169
"1717",184.98616,0.171,1720713,3268452,1498089,2244128,1242508,2054556,1933791,1087610,2621524
"1718",185.02379,5.35,521244,688528,810780,449861,456644,323256,338593,1282464,356153
"1719",185.02383,6.059,300449,459704,277734,295196,437137,294583,571833,554255,684468
"1720",185.02406,0.638,693682,1032530,460242,432820,740368,614477,641966,564178,495305
"1721",185.02414,3.847,425419,420957,565097,1032862,357223,310211,730171,665719,202497
"1722",185.02419,5.247,193300,430373,327221,624132,702231,462735,262623,563445,628380
"1723",185.03262,0.502,254755,270846,168754,175370,183701,203591,12117481,12538781,12612278
"1724",185.10774,5.409,66107,15044,19293,7784,24415,30143,456579,608862,511943
"1725",185.11752,3.844,698829,676326,567743,605111,573118,660161,686088,756328,960118
"1726",185.11755,6.046,110136,101927,81538,140283,48140,48498,250143,377653,282932
"1727",185.1178,2.493,252761,45843,53492,33935,31339,31703,130410,123490,90308
"1728",185.11784,2.645,438922,86873,75565,76450,105379,90799,77488,99366,167881
"1729",185.11787,6.955,382077,64176,75021,84862,49650,42816,95045,58063,85376
"1730",185.1179,2.558,1213100,125311,151436,59548,49958,105482,76436,73239,125531
"1731",185.11807,3.333,297792,291514,281654,178236,181939,119777,115381,252117,149721
"1732",185.15393,5.245,461737,463230,432983,408268,396647,392237,390427,587197,582222
"1733",185.15417,0.407,166871,89987,112367,103993,134630,76204,231621,188121,266159
"1734",185.15425,6.85,339484,145643,56417,66029,78845,93501,104253,75631,84055
"1735",185.15436,5.376,296350,367602,361253,380325,240815,326040,510258,351486,337478
"1736",185.16566,7.479,654653,0,0,0,0,0,0,0,0
"1737",185.92847,0.538,279803,418267,511150,508066,658352,558736,114096,50149,41260
"1738",185.92953,0.796,246440,242642,234806,317666,281327,267581,96914,123362,81449
"1739",185.99069,5.907,103202,96985,50218,53733,112960,54837,51376,65359,177047
"1740",186.00919,0.741,3760030,3931094,3979738,3940264,3797321,3780492,2931416,2590679,3250882
"1741",186.00922,0.593,854335,905543,908705,786579,830540,819401,469425,485205,568559
"1742",186.07649,0.966,6476,8124,7823,4582,5684,5206,1179316,1224751,1158155
"1743",186.11275,0.828,40191,47526,54338,22754,48015,39948,265251,343882,323067
"1744",186.11282,0.582,35497,78515,62375,131139,64477,47666,416441,598151,494897
"1745",186.11313,1.606,438717,82047,89024,50704,45572,22070,47788,43746,31896
"1746",186.11316,2.063,393635,85563,95264,42484,41183,36777,26763,47147,55584
"1747",186.11319,1.678,297656,338484,201177,47568,33146,34228,55790,34276,60676
"1748",186.14923,1.536,2099,1926,2652,13754,5739,5873,128335,114547,111262
"1749",186.14926,2.478,7944,10847,12021,21094,11799,7871,6266793,6197889,5786614
"1750",186.14934,1.933,12088,6093,7219,3581,8823,7093,1008429,996745,1004549
"1751",186.14934,7.538,62513552,715295,278869,3125,3263,13753,80440,91039,81127
"1752",186.1494,8.377,611601,10051,5432,5588,4831,2742,5435,7513,8499
"1753",186.14943,7.477,119921088,1598963,597934,12698,10132,9442,12859,28085,47071
"1754",186.14948,9.733,1460436,237722,195344,2309,5235,4774,55346,61849,73451
"1755",186.14948,6.991,2512944,47848,22429,23980,7433,6629,22686,8998,18453
"1756",186.14948,7.318,4436316,83968,32419,3068,4638,5318,14475,12709,17645
"1757",186.14952,5.528,1255302,49151,51706,29296,36927,34130,35249,53220,13549
"1758",186.14955,6.506,10662165,155245,77094,18642,6198,26235,23233,24209,25021
"1759",186.14955,6.566,6101072,104685,72739,13428,22630,19778,44560,31204,21706
"1760",186.14955,8.252,943308,49145,6548,2224,11814,8866,20639,16664,4927
"1761",186.14957,4.777,62058,50643,43881,67733,52367,54256,73424,83831,48096
"1762",186.14957,6.09,469060,19642,62577,43181,20302,27953,24351,24903,41390
"1763",186.1496,5.595,1017924,42764,31338,10418,21661,11097,38888,54456,50574
"1764",186.14961,3.734,11528695,754533,609451,38468,24047,31484,70279,53693,44504
"1765",186.14961,5.373,917304,35811,77900,66909,73307,53724,45724,49724,24824
"1766",186.22232,4.91,127716,181016,129403,143327,123013,119637,101951,63164,115510
"1767",186.98128,10.528,3443,15251,31965,14118,9604,4814,21396,18009,100174
"1768",186.98128,11.662,16210253,22738686,22893756,16894442,20770580,21179364,17770272,22986152,22564096
"1769",186.98132,8.634,220608,210988,390457,193537,370093,263559,476745,266641,381444
"1770",186.98157,0.421,454263,482397,429732,771797,353352,648435,578547,966710,310800
"1771",186.98175,0.603,1013306,710757,157834,636453,367353,878279,113626,202802,429606
"1772",187.07607,4.466,79930,77624,80889,73580,75020,67809,90908,89085,80551
"1773",187.08702,2.257,3681,2408,7662,7769,6551,7877,203655,169113,220804
"1774",187.09709,5.915,12136,11432,37276,37235,25636,32767,37051,25122,40523
"1775",187.11224,8.37,131330,125623,134978,103238,114065,106293,118894,100019,113278
"1776",187.1335,4.326,164382,155024,182998,154555,155447,152319,180804,198612,290668
"1777",187.13365,3.375,223450,83899,91704,36333,48080,14652,43262,55328,38332
"1778",187.13365,3.545,26020,50258,29502,46704,24096,67331,113448,140622,145239
"1779",187.13432,5.595,124579,28777,30823,38404,14782,9987,43398,29919,40927
"1780",187.14473,2.108,467320,37094,43752,0,0,0,1491,0,0
"1781",187.18103,5.458,233175,256967,259674,274418,231859,253980,229257,267794,273093
"1782",188.03015,1.057,4080,7454,5858,17831,8276,10112,209062,207924,197929
"1783",188.06848,1.38,3340,2323,8557,1873,4037,4929,1322802,1608358,1532062
"1784",188.07083,1.823,8312,28537,11175,23160,29001,13166,81438752,86077408,79460528
"1785",188.07106,2.259,4664,4062,4328,2154,1838,6419,200826,251509,256966
"1786",188.09201,0.583,190261,227932,127914,58248,86083,98545,2323948,2377766,2144099
"1787",188.09213,0.81,63140,159943,72283,34337,34468,76086,661553,728511,552953
"1788",188.0923,11.736,193340,105442,154248,209242,130359,186392,152033,180758,111983
"1789",188.12837,1.086,73984,70526,75020,76385,71995,52821,423018,393303,439241
"1790",188.1286,3.108,252638,103659,162924,163465,86450,40807,409900,419862,301694
"1791",188.12863,7.741,242797,75078,183296,39300,31036,22296,49059,61010,60749
"1792",188.12863,8.332,491989,56602,45158,27782,20399,17520,20487,42894,36198
"1793",188.12871,2.801,29465310,4563266,5011548,668538,749152,761145,1027920,802308,934069
"1794",188.12872,8.564,642396,174962,309212,20959,71028,63934,56271,88308,35088
"1795",188.12872,8.715,1441600,293839,664552,62552,67323,97214,185081,174793,134129
"1796",188.12878,2.019,1280412,106861,242085,70854,74326,73170,102627,92993,76466
"1797",188.1288,3.224,2497655,439889,443915,110297,111728,82014,346399,380645,380708
"1798",188.12881,2.168,396085,41522,131986,84303,76900,69209,95420,121557,103384
"1799",188.12885,1.826,302655,78916,92745,109362,161833,52764,197333,201929,358662
"1800",188.12892,11.73,71717,91749,81975,37741,49378,109781,179767,68885,57743
"1801",188.16493,2.65,6347,18744,16724,8639,2895,9868,259602,234660,223328
"1802",188.16516,3.441,731155,108673,141482,53040,42809,48476,57568,44467,59657
"1803",188.20166,4.511,1073030,27046,16635,0,0,0,0,0,0
"1804",188.99266,0.752,166248,55249,262166,139189,218815,287985,139485,71168,79203
"1805",189.01826,0.521,22197,9625,28469,19171,34177,0,148297,130939,181932
"1806",189.09117,5.359,144495,124687,128772,140583,141532,142036,117570,142820,150002
"1807",189.09146,3.248,61134,4621,926,0,0,1336,1670,0,1732
"1808",189.11247,3.601,58247,58417,46820,56572,55183,54309,84903,65807,69771
"1809",189.11342,8.717,239337,111483,210747,74936,71496,67524,145533,120596,133378
"1810",189.11371,11.646,5026084,5075840,4953720,4484404,4567462,4419904,5798951,4824756,4896658
"1811",189.12759,2.994,0,1728,3220,3405,2253,1349,76237,71484,89800
"1812",189.12782,2.846,2860963,382823,455837,3279,27811,10962,890042,894110,790267
"1813",189.15994,0.468,0,1776,1661,1391,1650,1711,2286544,2645651,2829283
"1814",189.16443,7.35,218032,2353,22135,1673,1793,3009,2270,2896,3745
"1815",189.98024,11.741,114634,603838,560599,216511,93424,189375,116962,311130,114477
"1816",190.00314,0.553,547680,348856,355368,370634,391065,358100,243064,242986,286765
"1817",190.00412,12.146,739009,2145118,2661335,1687984,897069,2449985,1347757,1187950,1405733
"1818",190.00412,0.813,739219,791661,438140,329005,712420,805091,132799,563121,691959
"1819",190.05029,2.019,0,0,0,0,0,0,145870,154041,122154
"1820",190.05048,8.187,158897,147889,173612,152754,170286,165843,175112,167148,182231
"1821",190.05083,8.325,175667,162457,151346,136114,124978,144561,181344,110915,169636
"1822",190.08237,0.636,27206,24674,18891,18833,19767,18795,233005,219020,271022
"1823",190.08252,0.808,4429,2291,0,4932,1808,0,369585,364922,350646
"1824",190.0976,11.649,2330088,1876825,2136314,1805400,2038790,1959164,2296586,2227572,2226624
"1825",190.09808,11.269,113356,187737,93515,206727,300679,79927,183986,267329,117817
"1826",190.10774,1.304,162031,28298,33376,23336,29311,24730,266622,295920,298822
"1827",190.10817,1.417,188698,86152,50304,38522,36494,33169,65997,34389,43876
"1828",190.12671,6.924,148965,155533,156449,137550,149745,130181,154540,158856,133538
"1829",190.14449,3.324,181623,5068,5017,4925,2712,4289,9705,4705,9140
"1830",190.91206,0.474,0,0,0,0,0,0,4114758,4495601,4514269
"1831",190.97961,11.669,2179336,2230786,1952344,1926711,1953564,1901053,1853363,2189137,1893265
"1832",190.98813,0.594,1375507,1353679,1340496,1335677,1275047,1301677,531170,518144,557514
"1833",190.98819,0.752,5700218,3371757,5826498,5944388,5748367,5654634,4675197,4803110,4820087
"1834",191.03813,2.139,53724,89297,64997,3085,1828,0,2683,3967,1952
"1835",191.04053,0.519,0,0,0,3961,0,0,5306074,5184860,4075567
"1836",191.07947,1.463,1615,0,0,0,0,0,126263,121427,109736
"1837",191.08615,6.176,85207,112086,106817,111681,117030,127002,96682,118209,111637
"1838",191.105,4.465,394195,375656,376969,249693,357849,377946,284499,89987,292169
"1839",191.10519,8.112,21741,64186,78493,65630,60057,72017,94593,84971,81406
"1840",191.10727,3.01,253998,20861,16075,11739,11030,11868,37969,11548,10650
"1841",191.10732,2.887,420517,46639,50621,5028,18986,15143,35183,39921,20785
"1842",191.10764,3.714,117074,30692,13380,25339,11441,17630,54745,71722,25401
"1843",191.11607,3.131,122018,59318,70480,13706,9493,4524,19812,13328,23834
"1844",191.12846,4.014,163954,166778,157663,171400,156870,177637,140388,179118,172767
"1845",191.14323,10.029,200565,176327,232200,210519,205841,234456,228981,242080,326544
"1846",191.14333,4.392,19887,5966,24924,9171,7979,16430,229579,259363,226527
"1847",191.14337,10.166,198861,201043,275130,218624,215625,221663,211841,301441,273960
"1848",191.14345,6.633,13966,6615,6092,3462,12738,4002,271667,303740,294382
"1849",191.1644,4.81,51860,61212,55196,47787,43159,43761,36510,45735,42000
"1850",191.16486,4.928,484877,491409,482021,488468,446442,532643,430482,448828,465020
"1851",191.17982,6.811,132572,77823,65387,64208,83170,71573,82866,125944,159114
"1852",191.9787,11.772,41621,87417,69409,203809,145950,113536,154125,84520,42608
"1853",192.0618,11.656,476873,573471,550022,489052,476101,439494,444426,605454,502628
"1854",192.06555,1.823,2314,4080,3945,1281,1629,3177,194167,207993,183717
"1855",192.06595,1.343,0,0,1683,0,0,0,156664,193323,169518
"1856",192.08665,0.577,2891,4167,6501,5954,7756,3722,1186244,1108623,977562
"1857",192.08679,0.473,1765,2691,1466,1332,6546,2616,282181,391193,333264
"1858",192.09999,6.738,65823,2067,4802,2148,2430,3366,9931,4036,4447
"1859",192.10023,2.768,73353,5804,1502,2853,1141,6581,19873,13500,38427
"1860",192.13858,5.376,13882556,12985447,13827507,14533567,12814444,13000212,13206412,14910233,13504042
"1861",192.13893,0.61,614137,562008,612941,577601,550093,546192,535884,498963,607794
"1862",192.13905,4.243,311398,54520,82783,60276,34481,44461,49902,53300,51139
"1863",192.15981,0.584,462613,581449,336179,346746,43745,106704,797710,797101,804179
"1864",192.16008,0.806,65570,81474,52460,46031,2190,15664,135818,142095,120448
"1865",192.97678,0.416,23476,16729,16188,3407,12812,11763,155921,163468,178196
"1866",192.99896,0.536,21466,32470,2690,33466,2238,1975,3245034,3404864,3016998
"1867",193.00253,0.929,1120,13259,3638,10338,5496,8609,58296,63283,67341
"1868",193.05011,3.244,1686,1173,1264,0,1549,1313,125470,123994,125956
"1869",193.07098,0.563,0,0,0,0,0,0,1640694,1530620,1419910
"1870",193.07776,3.552,67356,91932,80605,92866,95905,86279,123150,108132,110329
"1871",193.08617,2.201,6759,4349,3735,13284,9136,16103,97204,87089,95574
"1872",193.09729,1.317,0,0,0,0,1439,0,53565,31121,44206
"1873",193.10101,5.954,6450,17722,30550,11190,16003,20620,52271,14036,41343
"1874",193.10129,4.86,5968,4486,12298,3536,3553,5030,114270,111168,126532
"1875",193.12256,2.266,44266,22281,21786,28561,29599,44507,197581,174406,217593
"1876",193.12265,2.176,24780,45536,40403,29817,23457,32190,147614,132840,125618
"1877",193.12285,5.927,138956,125792,164315,170557,115400,142977,120786,137255,116785
"1878",193.12297,6.028,227698,51965,65221,32060,41839,36002,91884,61216,88253
"1879",193.12306,3.292,592301,74032,121405,50072,25545,29151,45261,52109,51825
"1880",193.12311,6.219,569801,121194,35256,35123,55073,37862,76365,45672,86500
"1881",193.12314,3.164,225414,52941,63919,23580,41889,29436,21444,82985,20568
"1882",193.12317,4.243,388860,88574,81982,45339,36188,52310,20923,48973,60917
"1883",193.12332,4.678,512745,173386,197711,202828,171182,206488,200195,182106,249569
"1884",193.14508,11.64,173317,177621,227120,201725,99294,172568,206716,282266,205763
"1885",193.15889,5.572,606916,509893,383016,707732,499308,817440,828204,788766,724673
"1886",193.15898,4,286555,260183,258885,257688,257898,245517,359470,356648,372772
"1887",193.15903,4.867,156418,206159,213450,160809,279164,179458,352922,274711,488906
"1888",193.15919,3.489,7679,1364,10668,5522,4102,4896,174396,178227,155281
"1889",193.15926,3.105,0,8413,4433,1855,5878,11824,107475,108123,111655
"1890",193.15933,7.3,427757,58268,51252,30556,24367,29419,30424,34504,44647
"1891",193.15935,5.295,205009,206660,247449,164311,206095,188988,329866,326146,347991
"1892",193.15944,7.381,627639,78475,43587,23887,24396,26533,47805,25833,40773
"1893",193.15953,5.746,159749,172232,140833,113579,129659,153611,195154,183769,190986
"1894",193.15967,9.712,97175,37293,56076,26559,28447,38507,25072,33516,38316
"1895",193.30095,2.168,0,0,0,0,0,0,69735,66250,64110
"1896",193.97426,11.654,8368930,8437938,8773961,8160438,8338228,7881410,7681038,8758306,7994512
"1897",194.03284,0.472,5307,4747,8875,3502,2413,4087,393021,422482,470650
"1898",194.08168,2.543,0,0,1528,2632,0,0,165470,193818,185858
"1899",194.10921,4.869,772121,644665,851789,873226,1368384,588895,2097762,1376371,1596566
"1900",194.1158,9.638,5607926,4656738,4784608,461676,173176,328523,1951082,2197149,2109848
"1901",194.11581,3.067,88725712,10656762,10792690,468400,1021979,525727,884113,1800332,2470721
"1902",194.11589,8.666,5729936,2015990,1963202,391513,885695,549005,1246039,1832148,1090124
"1903",194.11591,9.749,2717804,955313,656247,561863,373139,268381,335774,251078,514323
"1904",194.11604,8.988,2646312,1281264,1321241,326072,389336,394617,1395901,1059290,1173724
"1905",194.11609,9.158,2571435,575463,739511,439531,421666,178194,1289604,445259,322168
"1906",194.11632,6.701,2549764,463784,634776,365750,791252,452224,558142,370294,563808
"1907",194.11655,8.562,1694626,714145,1386154,543033,730861,651490,450168,311341,1264638
"1908",194.11673,6.596,1493371,1051574,713962,480619,425766,518990,446637,417368,358299
"1909",194.11771,0.585,3194794,3126700,3300568,3055230,3036930,3073714,2936287,3214893,3214499
"1910",194.11783,12.582,3599163,1669692,3943742,3391031,2477601,1734442,2605200,3857786,3440150
"1911",194.11784,1.303,594003,2217149,2695442,742397,2358755,842377,795642,656858,1108889
"1912",194.11786,5.972,767123,1182333,1179050,1501323,644067,605289,1645903,1913251,1954082
"1913",194.11794,1.039,684005,466425,485807,1086918,636442,368685,1096467,817854,697982
"1914",194.11797,0.419,547329,317388,483471,760407,356525,432784,1415866,528103,1316606
"1915",194.11816,11.649,4012178,3981561,2905879,2507186,2493146,2771791,3776748,2969380,4010654
"1916",194.11821,12.421,566493,1488156,682653,608134,336239,697057,407277,494280,938746
"1917",194.13879,0.528,0,0,2350,0,0,0,346398,355250,358930
"1918",194.9669,0.599,15938,6168,1727,6351,6408,11679,240713,253828,202159
"1919",194.96712,0.662,6172,23670,5661,6351,9234,11679,381294,883331,381314
"1920",195.06552,2.464,22242,4131,17035,18966,10186,6714,792097,857030,934714
"1921",195.08812,0.402,794338,1179136,1190161,500708,1341617,837438,1505278,1901740,1211334
"1922",195.08813,3.781,675654,599685,319143,272895,548471,487133,345514,1064783,635201
"1923",195.08823,0.594,1227662,1459983,1163282,1031864,1504850,1865701,865488,1861426,580908
"1924",195.08833,2.347,6564748,5026858,4462626,1031992,1216826,490126,3201718,3748984,3442433
"1925",195.08839,0.815,864237,1161387,743903,849977,1169532,920115,1611644,653814,524617
"1926",195.08844,2.992,715542,490084,380232,624935,408306,494944,360117,499872,438040
"1927",195.08853,3.591,770823,170348,325171,538493,734932,267630,691709,422065,414038
"1928",195.1228,0.853,52302,80946,172657,147510,219801,116015,77894,70075,240390
"1929",195.12331,9.401,586926,811216,924956,2158747,1349551,1220791,598466,950456,1162195
"1930",195.12338,1.593,3976194,4733676,3438305,2460822,1801693,3147202,3540764,3319904,3683222
"1931",195.13823,5.061,721902,688909,294560,675664,621328,658648,515535,533226,561555
"1932",195.13828,4.716,669087,122894,179082,308235,109664,114339,865768,853328,849413
"1933",195.13847,8.985,1106086,386372,432089,116511,70637,75293,336715,305730,349552
"1934",195.13849,7.09,975122,88489,46359,77765,84033,97860,68353,100188,101202
"1935",195.13861,4.361,697283,171197,284537,60970,71317,64998,330154,68360,72329
"1936",195.17476,5.497,638469,572782,594259,556933,556546,584451,668169,652340,668188
"1937",195.92229,0.607,33748,64386,66812,78428,73543,86547,121289,145146,84506
"1938",195.95935,0.686,403946,500563,512765,90156,163190,242242,151249,396544,155330
"1939",195.99403,11.788,545542,1452640,1309125,1208565,1090483,952777,1347536,814076,765694
"1940",195.99409,11.866,1959702,1965863,2199700,2889624,2173708,1387950,2027651,1010716,2651557
"1941",196.09514,2.257,5465837,343788,372979,55080,31764,39049,59893,91029,52442
"1942",196.09776,3.451,20886,18397,27205,23454,15712,19093,190512,164845,125950
"1943",196.13161,2.88,856392,97666,126561,49163,33475,19540,41669,33220,35306
"1944",196.13391,3.204,573782,34279,62075,26827,11561,26739,47747,29862,27339
"1945",196.13399,3.686,1561718,164215,134322,33245,59376,53465,104972,54417,36544
"1946",196.134,2.741,223536,27898,46515,32736,41551,24382,28602,40034,31876
"1947",196.13403,3.848,527378,95347,86443,33305,28807,38184,28294,94679,30096
"1948",196.13408,5.868,353621,30110,71870,36506,94754,32717,82891,76982,48328
"1949",196.13416,5.782,431493,89265,62780,32735,48693,44910,30812,25788,65821
"1950",196.16972,11.7,135617,183324,173979,157764,67873,95674,253385,169521,143587
"1951",196.17006,7.368,1525289,426488,204364,50919,235718,172037,459730,82595,115192
"1952",196.17014,7.135,1109509,384763,262858,74202,156623,183570,157000,155138,213610
"1953",196.17021,8.197,434709,84845,212338,38866,133807,58018,158448,176764,192624
"1954",196.1703,4.683,644640,162317,151593,160533,115128,91968,207316,189964,289749
"1955",196.8782,0.47,0,0,0,0,0,0,104418,183226,260912
"1956",196.96165,0.47,532048,504994,551521,453163,489982,487607,116412,80635,68379
"1957",197.05417,0.603,0,0,0,0,0,0,773037,862109,793973
"1958",197.06889,2.91,3267,0,6324,0,0,0,136414,134028,137017
"1959",197.08119,1.544,17949,10354,12271,12641,12821,5645,266441,255510,207220
"1960",197.08119,3.091,4035,23715,6310,6632,11606,13924,95364,83670,73441
"1961",197.08127,2.223,18142,26731,9678,8973,27965,12162,252795,248286,279928
"1962",197.09645,5.326,0,0,0,0,1333,0,29109,32862,34269
"1963",197.1172,0.628,33221,21168,52742,65396,31009,27166,28283,43988,91840
"1964",197.11731,6.006,36570,39209,107452,66704,36641,109228,84908,82226,75703
"1965",197.1174,4.411,62531,24874,37941,41294,30159,51023,249389,265454,81330
"1966",197.11758,3.782,57952,93346,70834,40768,85327,43876,311899,191424,339248
"1967",197.11763,2.638,108704,37021,71284,58782,67338,71246,529922,472813,567019
"1968",197.11763,2.827,83935,103027,49477,34135,107715,39982,232507,273696,207327
"1969",197.11763,3.499,48736,64404,156618,109050,79120,63887,53593528,54214272,50024776
"1970",197.11768,3.223,360891,52277,71031,51513,66625,90141,732844,771892,755987
"1971",197.11772,3.133,137403,87972,54239,41477,89703,64560,237245,231465,186261
"1972",197.1179,2.343,208403,71087,68909,34637,68404,52283,58526,49196,91961
"1973",197.1181,3.887,292503,81203,73717,31697,54998,63082,125235,104197,207921
"1974",197.1541,7.393,866867,102479,22741,20465,56183,61219,83821,60836,49489
"1975",197.15419,7.33,743813,34915,52719,38025,63708,79269,62449,77668,49514
"1976",197.1544,9.587,130113,28389,55411,53555,36468,13371,20980,59324,16436
"1977",197.16559,6.024,120493,19601,4198,19337,7721,4779,20833,30869,21991
"1978",197.91696,11.665,381920,404514,340766,241134,398084,361273,314604,487983,310690
"1979",197.92004,1.887,66611,90976,62560,79044,58320,63914,66728,81478,56578
"1980",197.92026,0.47,1601005,1561828,1576587,1338557,1448272,1379292,351486,401624,572977
"1981",197.92026,0.866,137260,115365,226859,137397,129981,173341,113872,140605,129294
"1982",198.00824,0.928,28903,30859,21880,37221,33458,26877,143702,157977,173513
"1983",198.07399,0.879,2217,0,0,0,1805,0,423304,519191,387777
"1984",198.07652,2.067,1433,0,1585,0,2080,2786,576118,544637,436940
"1985",198.08978,2.316,852146,135883,147647,0,1546,0,1876,2353,16787
"1986",198.09753,0.554,40940,23438,66757,44537,36165,34025,18981510,18853142,17331086
"1987",198.11072,2.381,3427232,36407,48191,1029,3510,4665,3361,12751,12061
"1988",198.11076,2.717,1479778,28282,38167,4698,1771,1761,139649,14227,146919
"1989",198.12405,0.474,4844,3970,14904,2480,5245,7712,561805,727044,520713
"1990",198.14928,5.423,73633,9159,12199,13167,6917,5745,337515,348845,331229
"1991",198.14944,7.473,1410481,53088,35500,3860,6603,8513,4209,12149,7092
"1992",198.14949,8.43,421354,78772,141861,5203,13723,4361,36916,22651,19077
"1993",198.14957,5.762,550195,13505,11882,11459,3673,13727,6015,5959,6030
"1994",198.14958,3.327,920371,161195,168933,5941,1253,4268,45675,33184,38784
"1995",198.1496,6.024,848316,4106,12004,4121,3546,6166,15908,19215,5258
"1996",198.14961,3.597,707822,50868,49502,24167,5986,4492,25526,9951,19560
"1997",198.14963,4.001,4694694,477653,274875,55854,59998,21737,47610,66300,83975
"1998",198.14963,4.984,551877,157661,204918,19899,26060,10414,7759,18246,28636
"1999",198.14963,7.528,871457,43276,16854,4436,6211,7701,5268,6332,2252
"2000",198.14969,3.88,6475662,1175123,1319753,574964,601124,638074,670932,696170,685852
"2001",198.18532,0.628,76842,73106,64259,124034,40382,80419,195653,123074,188130
"2002",198.18538,4.873,627278,571058,592734,520364,572357,627617,717364,785120,944442
"2003",198.18547,4.507,378762,255961,300376,221866,276029,253127,376929,387952,331213
"2004",198.18556,6.684,343807,393476,345134,310155,334808,377983,473310,413255,499385
"2005",198.18561,10.032,258257,208910,251182,263641,277593,284043,246052,347492,365522
"2006",198.18567,10.167,350194,286434,307475,286815,319446,375457,314411,331889,416607
"2007",198.18588,6.911,632844,129633,44633,64143,112649,82350,128229,89893,101649
"2008",198.18591,8.02,752580,127463,103324,88626,46310,43095,136070,45061,141009
"2009",198.94009,0.42,2561,4545,10212,6892,14020,7495,164018,208320,226260
"2010",198.94061,11.658,256411,359813,258430,253944,236095,306116,194449,172159,261249
"2011",198.95718,0.473,279141,284876,312494,269707,268410,263361,59892,21183,55163
"2012",199.06358,0.573,0,2174,0,1662,0,0,567747,585050,541181
"2013",199.07584,5.091,1605,1275,2405,1285,1073,2674,1819765,1875048,302717
"2014",199.09714,2.412,260977,71085,61487,36094,39675,42234,49006,45380,46759
"2015",199.10788,1.423,0,0,0,0,1668,1249,137389,123474,102931
"2016",199.13377,4.21,208888,305394,246331,213664,175876,251707,242256,291682,273754
"2017",199.16962,6.058,287720,264264,425664,288218,322472,419824,372865,272741,556348
"2018",199.16963,9.008,176506,188493,199728,138732,150516,151096,308861,288542,292093
"2019",199.16963,5.927,543267,428208,508579,449531,442191,471776,522080,413856,521907
"2020",199.18079,11.781,153894,176906,161264,176058,88566,71675,79987,169870,184856
"2021",199.18108,3.578,167202,50604,94986,106041,118423,254273,244084,100850,125681
"2022",199.97588,11.761,849215,1247767,1001435,787498,912853,781846,921647,902082,836273
"2023",199.98842,0.798,167075,714263,1101650,1043573,1332160,597919,374091,373635,396725
"2024",199.98843,12.085,1515796,860034,2114054,1091342,2015594,2199077,757641,917555,2045433
"2025",199.98846,0.534,859305,1022434,1003279,978503,972662,951928,277703,262419,362096
"2026",200.02502,0.605,234382,221153,255098,265120,274593,239387,192142,199299,191244
"2027",200.04086,0.47,0,7167,0,0,1926,0,1316537,1288557,1123552
"2028",200.1283,0.966,13224,15845,13478,8454,16104,10304,264730,275182,351318
"2029",200.12843,1.405,16909,7566,19277,15884,7210,5147,243029,269716,220070
"2030",200.12872,6.572,1218674,41621,72571,37612,11524,9816,19502,29267,35028
"2031",200.12877,5.769,417391,61337,44206,31539,16227,23216,25339,32320,23442
"2032",200.12881,3.158,779806,85422,66911,11080,31396,29312,36162,47112,35776
"2033",200.13928,0.534,0,2149,0,0,0,0,62476,35354,85716
"2034",200.16455,2.946,2302,4935,2116,12689,1199,4121,46767,42216,49872
"2035",200.16464,0.583,2314,7563,4728,1853,1871,2289,863809,803858,937829
"2036",200.16486,0.81,5366,4922,13638,2664,3512,2153,412939,393465,388907
"2037",200.16496,3.27,16681,9456,2173,5224,1840,7419,385465,368826,224709
"2038",200.16501,7.387,7762785,119946,52873,1409,8817,4502,27319,21285,33471
"2039",200.16504,7.264,1926505,41162,31758,4602,7063,5907,15234,3019,11214
"2040",200.16507,8.057,876299,57971,69397,7808,6330,2247,2426,11368,10581
"2041",200.16508,10.487,474289,46225,68532,15164,14413,12464,29395,27351,39157
"2042",200.1651,7.452,9239208,150389,75977,6447,8115,4783,31884,34394,43497
"2043",200.16513,9.717,3068760,495314,455177,26599,17161,25109,117724,169662,152111
"2044",200.16515,8.403,1028257,55800,128870,2850,2334,5489,18965,14386,5028
"2045",200.16516,9.598,2179528,474183,423340,7986,26022,14890,132989,173664,143738
"2046",200.16516,7.982,542880,55599,42652,6671,3884,3644,3131,7683,2761
"2047",200.16519,8.582,358988,67245,158510,4892,5107,9411,14481,12719,14776
"2048",200.16521,8.296,994094,35523,17417,5418,1637,4999,7239,7318,2965
"2049",200.16524,4.387,13131988,2395666,2777256,486385,529165,136316,1071752,777676,1061882
"2050",200.16524,9.077,520034,77511,95671,1662,7324,7579,26392,26169,22202
"2051",200.16525,6.504,727670,14970,8154,10253,3001,6457,13502,25720,7177
"2052",200.20157,7.235,670714,555828,565032,43237,33151,31919,216022,230510,99524
"2053",200.23755,5.779,838525,848452,1010900,1098756,974904,881293,1080977,999086,1152588
"2054",200.23761,5.637,721465,641073,530996,618155,651742,577459,631704,621524,769879
"2055",200.2377,4.953,155528,120980,118946,179881,146691,167768,148053,142978,159865
"2056",200.86304,11.641,132165,118975,139498,137232,160755,159772,246562,210255,253905
"2057",200.86371,0.472,2208,2002,1555,12105,3865,6841,135642,226971,200987
"2058",200.95274,0.47,188297,148598,172265,141168,183175,153757,16462,8853,9856
"2059",200.97318,0.416,54151,49234,58779,65238,40095,76506,296170,410790,461113
"2060",200.97485,0.685,28138,40812,21704,30838,20862,24264,411511,457068,634607
"2061",200.99629,11.834,5673092,7711895,3716056,1238623,4125026,7107142,6104492,6427328,3977010
"2062",200.99654,0.055,126791,226824,324997,284745,125904,230073,277092,215757,235875
"2063",201.03595,0.514,0,0,0,11392,9807,3927,118740,215076,154623
"2064",201.08743,0.583,0,2387,2792,2472,3052,1659,311141,339262,325410
"2065",201.11249,4.813,54897,35923,73876,40084,34959,36290,46766,61394,155961
"2066",201.11293,4.24,236719,240292,219895,243502,254451,218107,265460,264624,251912
"2067",201.11322,11.649,272038,165157,366127,185193,184588,294611,499829,326989,188531
"2068",201.12354,0.802,0,1865,0,0,2348,0,35360,17142,42854
"2069",201.14893,4.948,111141,85897,110753,115316,94734,117234,134336,118925,148435
"2070",201.16029,2.627,98288,16063,12316,2655,2769,1716,1483,3972,0
"2071",201.23294,11.646,957386,886776,1091309,972166,923084,1005800,986813,900466,931484
"2072",201.97597,11.667,258730,169398,279783,265767,219955,167556,66792,303511,153393
"2073",202.01353,11.659,8952,16783,10747,101119,29125,26621,0,120315,30065
"2074",202.05377,2.854,0,0,0,0,0,0,149255,144890,90320
"2075",202.06897,0.476,8644,1732,7048,1951,1716,2165,2466289,2487366,2270878
"2076",202.08661,2.594,0,0,0,0,0,0,248730,269186,275982
"2077",202.10782,1.032,109262,93282,120223,114705,148994,107359,1143795,1144337,1011057
"2078",202.10799,1.845,673364,160187,210410,115281,209790,93278,567690,702599,414002
"2079",202.10799,8.167,84307,61373,70969,95513,104017,82103,133022,114513,122082
"2080",202.10815,1.749,443349,107051,152886,79270,115457,122632,169431,143864,123674
"2081",202.10826,11.643,72825,91108,97958,146625,311019,249169,351648,182439,276297
"2082",202.14398,0.811,72062,69872,37888,99565,53844,37521,316852,292951,362064
"2083",202.14401,1.405,105105,80530,71179,62988,66655,102722,778752,810854,745871
"2084",202.14438,7.362,704663,208881,198303,74231,79824,99244,96971,48614,57652
"2085",202.14439,6.449,581440,94063,206286,61668,36803,93889,112718,53696,94832
"2086",202.14441,5.627,579615,96808,115863,86368,61498,86119,115479,115494,74870
"2087",202.14441,5.695,615560,148520,157873,79511,114200,61599,94721,69486,63909
"2088",202.14442,2.493,710160,72153,76310,44147,48177,89938,62911,118131,85801
"2089",202.14444,2.562,4083189,219142,257844,81269,29403,89552,148104,75375,110950
"2090",202.14444,6.955,815499,132222,112172,107916,144414,50051,154627,116025,161332
"2091",202.14445,2.645,1215076,101484,128028,69479,67424,49204,58145,119100,141953
"2092",202.14447,3.349,2839900,518526,540554,403636,318665,309294,381418,400701,363150
"2093",202.14456,3.823,9206992,1794639,1851172,310905,317931,279962,275785,443341,345178
"2094",202.14456,4.618,405040,96201,86433,78869,57225,76854,90474,89045,97113
"2095",202.18045,0.978,99445,39966,28473,21439,27811,21270,362497,403637,376078
"2096",202.18073,0.584,9886679,625004,721603,76643,24183,66654,399755,403044,419117
"2097",202.18079,0.808,4911139,304122,346125,45466,41621,40450,143447,179458,200141
"2098",202.18095,3.981,323529,115270,94064,69963,67297,71231,96187,82048,58693
"2099",202.21725,4.583,260158,253924,495811,448631,302459,314524,430306,326137,320405
"2100",202.21742,4.992,152290,54832,78918,92713,18407,72319,72650,63018,73203
"2101",202.95497,0.541,129249,196674,245331,239766,296865,267511,12504,0,16616
"2102",202.98813,0.815,100953,151720,121627,112948,123224,139300,109017,83527,119080
"2103",202.99652,11.663,1077236,1111372,1308070,1168596,1139115,1057713,931589,1351762,1237806
"2104",203.00676,0.413,30207,36486,7260,17737,16366,33911,121012,137080,123387
"2105",203.05269,1.376,242568,438059,231940,154098,253731,327174,1058156,1363916,1271067
"2106",203.05278,0.529,580745,1388505,999748,561365,656030,493529,43685816,40922668,43962560
"2107",203.05281,1.857,112806,95364,148830,79055,88407,98792,797706,468378,718769
"2108",203.05292,0.814,784474,963321,839273,1173910,948307,855449,5459621,6402300,7138286
"2109",203.05295,1.045,460953,385548,424601,181468,338637,115662,1606730,1461015,434034
"2110",203.10464,5.426,1766,1830,4592,1431,1359,1888,80105,88731,97513
"2111",203.12949,11.649,219850,191509,248072,273927,174851,221541,147276,188712,180488
"2112",203.13968,0.581,0,2607,1985,2271,0,1438,5095,53858,13451
"2113",203.15068,0.506,0,0,1985,1663,0,0,1342388,1478087,1486741
"2114",203.17606,3.06,738766,34861,89796,0,0,0,1146,0,0
"2115",203.92018,0.418,0,1610,1707,1384,3112,1772,66217,97130,84331
"2116",203.93907,0.539,209247,288425,376394,364650,434765,388807,20686,15275,18926
"2117",203.93951,0.803,144973,191968,167567,94729,174160,185284,65069,83941,87124
"2118",203.97174,11.759,37720,41306,57474,48826,59628,41985,57199,40964,49149
"2119",203.98318,0.518,124934,73009,2481,92950,12018,30896,142757,126927,115434
"2120",204.01953,0.598,112372,101046,89082,92899,105033,113333,59348,14919,96531
"2121",204.0426,1.38,0,0,0,0,0,0,129978,143353,125892
"2122",204.06587,2.989,0,0,0,1304,0,1046,97752,105166,132264
"2123",204.0873,10.756,84112,88549,92943,107798,79391,74452,102079,95634,66212
"2124",204.08784,9.432,65568,79594,95846,86323,86012,78298,84942,92415,85824
"2125",204.08784,10.288,123291,104802,153373,100457,110792,123567,107132,140686,110172
"2126",204.1026,3.751,0,1170,0,0,0,3883,35695,34189,30931
"2127",204.12332,0.81,128628,85110,85196,77930,130328,83238,202546,168936,249246
"2128",204.12347,0.586,134692,102345,147309,128351,156910,152053,451154,465680,441815
"2129",204.12355,2.845,72417,159160,157581,192792,171595,138829,151591,129223,290971
"2130",204.12376,1.945,1324442,212510,197067,51243,58687,30080,81111,60574,48923
"2131",204.12379,1.787,658105,94142,144650,36029,57134,34096,119893,57455,52980
"2132",204.12386,1.606,252859,46204,77817,41580,46108,47909,44161,74495,120886
"2133",204.15974,1.731,3533,2255,2362,5203,4304,5043,104467,105915,105976
"2134",204.15985,1.535,12945,6566,5391,1661,1464,1578,588481,591963,549149
"2135",204.16023,3.911,292116,24198,9076,7299,9332,18976,12569,18495,24568
"2136",204.95724,11.648,316685,307696,260153,365504,280064,307233,222818,360887,313115
"2137",204.9574,0.466,493883,537909,488852,461972,495663,488914,865988,1188380,1010168
"2138",204.992,11.663,362168,405307,395522,360161,303540,272601,327128,357973,411435
"2139",205.08624,8.186,1851188,1764171,1893593,1788340,1791656,1836216,1842945,1859948,2035727
"2140",205.08664,8.325,1612310,1621322,1242449,1238080,1267090,1272773,1423698,1577007,1724392
"2141",205.08699,2.533,105247,11975,17743,17449,16866,3976,9060,9044,31863
"2142",205.09741,1.823,19668,20060,27523,13935,7773,26555,64351156,68807968,61000496
"2143",205.09743,2.253,2418,3296,1448,3509,2095,2495,180584,201927,206866
"2144",205.10107,5.96,15184,34384,13469,10655,18405,14551,82004,46913,19263
"2145",205.10167,4.866,4032,11095,2346,9618,6129,3678,34251,86460,78780
"2146",205.10867,11.647,530883,374200,658764,401372,570730,597310,387357,627899,541442
"2147",205.12265,1.895,110355,5243,2202,5348,2146,0,250741,253338,245730
"2148",205.12276,2.061,3397,3699,3812,3362,1802,0,321057,322135,282016
"2149",205.12283,5.955,105932,6244,6735,5905,13348,2717,19340,22371,24160
"2150",205.14433,5.155,59474,72014,62777,104422,74978,70454,60546,56491,72918
"2151",205.15538,2.257,119737,1428,1931,1310,4871,1397,2351,2138,1972
"2152",205.15938,7.626,88841,16994,33976,6340,4857,6966,61992,54181,85740
"2153",205.19563,6.973,78049,5777,3397,1470,1837,1409,8346,0,2116
"2154",205.19586,6.744,153418,9368,5722,0,1715,0,1453,0,5412
"2155",205.95125,0.733,0,3334,1199,1452,0,3174,517898,140381,444088
"2156",205.95126,0.594,3658,3334,1199,1452,1944,6303,78610,46572,58574
"2157",206.04521,1.623,0,0,0,0,0,0,1091078,1218779,1124921
"2158",206.07947,2.273,0,1480,0,0,1345,0,126581,105093,99543
"2159",206.10251,0.81,2654,2560,6529,2638,2961,4310,172200,216914,226087
"2160",206.10258,0.581,28840,19706,16962,10539,29590,30676,1584677,1654250,1530996
"2161",206.11551,7.639,3643788,123242,46159,2560,1949,4221,53149,51376,48926
"2162",206.11577,6.653,702304,3669,3455,1353,3551,3546,1451,2135,2104
"2163",206.11594,6.35,90725,1583,4780,1087,4270,1562,1638,11287,2488
"2164",206.11595,3.389,891281,63285,34918,2555,4432,5621,23737,10806,4481
"2165",206.11595,6.169,327483,11906,3139,1510,3307,8061,4768,4661,11378
"2166",206.11601,3.158,135226,51684,47895,65630,66619,39866,88933,91457,22537
"2167",206.11613,3.469,146681,2506,6094,2824,5059,5665,8707,9733,3800
"2168",206.11838,4.173,130123,135089,122149,121157,117050,116660,144822,143819,160572
"2169",206.13902,3.598,67245,69864,77223,84248,92335,67999,93813,93610,105982
"2170",206.14024,11.645,7574378,7079078,7720204,6891276,7435966,7020622,9108937,7982154,7784184
"2171",206.88609,0.474,0,0,0,0,0,0,899055,1096581,1263543
"2172",206.91431,0.556,84498,55699,84174,90879,85499,93231,0,0,0
"2173",207.01459,0.514,0,0,0,3441,0,0,2918698,3191232,2717832
"2174",207.01804,11.654,1774036,2175103,1955742,2406691,1943372,2039164,1645333,2229765,2002889
"2175",207.05109,0.46,0,0,0,0,0,0,84459,72246,128192
"2176",207.06552,2.485,2593,7942,6032,1031,1963,1746,178727,193421,188785
"2177",207.10086,4.9,23911,14169,18430,29783,22147,17475,63698,89084,77076
"2178",207.10187,8.149,78208,74204,73672,66774,59774,63318,70953,81201,75868
"2179",207.10228,3.248,184592,56838,40138,45772,45353,33666,29652,28762,41878
"2180",207.12436,11.646,5599650,4616612,5073984,4429791,5102616,4480607,5493604,4931488,5115964
"2181",207.12473,9.718,2158300,1279204,2275650,1201849,1541033,709239,1602391,2138515,2483666
"2182",207.12474,9.569,1879247,657337,520876,1023100,1456071,1155898,893926,914228,779370
"2183",207.1248,3.831,2896032,2666765,3007493,2649860,2784230,2914635,3294894,3109155,2888892
"2184",207.13837,2.574,16941,16188,12658,19132,11067,6995,3189924,3243052,3044964
"2185",207.13841,2.848,20116,25142,19507,22887,18484,13170,443204,449738,422153
"2186",207.13847,3.191,31228,11019,22987,28029,23311,21942,241037,227282,222589
"2187",207.20692,0.492,0,0,0,0,0,0,140919,222326,194165
"2188",207.91031,0.522,53882,53970,97868,65834,84646,86070,22148,14101,43225
"2189",207.96686,0.927,5219,1605,1588,1742,1815,3790,54937,66771,57460
"2190",208.03993,11.658,4099373,3676600,3993954,3955477,3361084,3453976,3533404,3689312,3592862
"2191",208.05832,0.964,0,0,0,0,0,0,209410,244857,210323
"2192",208.05832,1.85,0,0,0,0,0,0,442138,483235,435701
"2193",208.06364,0.588,0,0,0,0,0,0,63384,40033,83165
"2194",208.09518,2.614,72263,4366,0,0,0,1972,5448,4466,0
"2195",208.09723,3.072,3393,0,3173,0,1302,0,141474,155267,147250
"2196",208.10838,10.172,1007270,1140307,931894,897862,658611,1750557,1071746,1155186,798222
"2197",208.10872,9.549,701479,619628,536181,702578,788463,1396760,517135,543246,591965
"2198",208.10893,2.444,217594,284321,192412,342215,234105,164676,307372,196139,229796
"2199",208.10928,11.65,1956393,1008757,1734648,1268408,1682915,1717062,1609345,1413058,1982458
"2200",208.13147,3.748,7574675,180743,486226,62148,20171,19400,17015,21816,74768
"2201",208.13387,3.01,356868,29133,35419,22841,16698,36958,50662,10159,32209
"2202",208.13393,2.887,524992,52082,49327,27304,19100,8486,104392,23615,22258
"2203",208.16986,10.029,301161,277251,308919,279603,262826,295368,271910,352160,409082
"2204",208.17,10.164,336044,293965,345705,274805,286617,313260,297846,291481,394144
"2205",208.17021,4.87,164703,132874,136804,111728,117178,116718,156313,180546,176958
"2206",208.94432,12.14,430340,771092,412545,382034,606462,333589,556390,332025,289065
"2207",208.94437,0.537,1308328,1940784,2434620,2383840,2857638,2555664,1066307,899804,682411
"2208",208.94444,0.406,511471,462148,571859,254119,659636,533625,707164,771490,295139
"2209",208.94455,0.804,679848,767766,644480,701860,700835,696787,418716,457105,767164
"2210",208.97285,0.51,0,0,0,2343,2542,2053,626732,706670,656371
"2211",209.01344,11.654,783228,927415,714032,877947,797661,808590,539460,871780,863586
"2212",209.04854,1.443,234647,56016,136922,0,0,0,0,0,0
"2213",209.08147,4.641,6699,10962,12754,8308,11281,19695,157017,140131,100723
"2214",209.09233,1.815,3884,1878,1428,1345,3210,3805,310935,495598,335032
"2215",209.09283,1.377,3660,1424,1854,4589,1928,1061,163366,154352,132441
"2216",209.10222,1.561,200726,97574,114005,46028,73068,61939,561830,346835,324488
"2217",209.11534,4.446,387948,359917,374806,362837,135085,192881,505445,607828,672540
"2218",209.11826,2.893,281291,79849,83385,29048,43019,73464,34114,72762,71792
"2219",209.12671,2.124,591443,95698,73383,22088,33206,38022,21746,18519,56987
"2220",209.1391,1.978,161179,105050,135454,49411,64936,54718,74506,59052,73831
"2221",209.15381,10.03,571693,438392,565332,573802,518168,562922,470517,681423,890128
"2222",209.15401,4.388,95840,73962,123746,124614,75104,100581,428580,427122,458343
"2223",209.15402,6.062,304972,370289,423113,359164,368158,348585,483005,470005,465349
"2224",209.15404,3.017,48837,49938,74061,61718,39999,23743,393638,377771,391495
"2225",209.15407,2.53,57866,58337,23424,33757,52949,49526,671940,697858,822852
"2226",209.15407,2.81,44244,75074,80521,43607,16686,56601,1993254,2139571,1874259
"2227",209.15408,5.535,524532,495144,507804,478497,503130,464919,301321,391201,626607
"2228",209.15408,10.167,614273,572244,701809,608786,568431,582994,736686,768403,841313
"2229",209.15416,4.221,118990,95067,50268,119372,65728,93595,607962,584634,623666
"2230",209.15417,3.289,37053,53528,33569,48512,43311,50295,302802,268009,341721
"2231",209.15443,6.194,407417,407536,461676,171716,134343,136890,270195,304393,197667
"2232",209.946,0.052,122658,338003,213409,324006,125394,403426,189975,103833,292495
"2233",209.94676,11.789,2017576,3986082,1895775,2234197,2865610,1446665,1324089,3910179,888625
"2234",209.94708,11.663,312247,143179,360278,406521,182022,270463,407888,257788,354091
"2235",210.05038,1.38,17582,1968,0,0,0,0,1598513,1805087,1733059
"2236",210.08936,9.755,96706,12251,4595,5953,1802,2266,0,2394,0
"2237",210.08952,9.639,258806,199635,197511,5953,0,1641,72686,90833,83209
"2238",210.08969,3.066,21432736,1666445,1546887,38729,59386,58306,126414,106984,118887
"2239",210.08975,6.604,199490,8045,1964,0,0,0,0,0,1959
"2240",210.08977,5.695,184306,2616,1168,8318,2072,8356,4132,3617,7886
"2241",210.08978,6.701,475037,3438,3662,0,0,0,2636,0,1959
"2242",210.08981,8.667,459679,117157,143224,1842,0,0,31668,39017,35175
"2243",210.09026,8.986,203767,53399,39185,1702,0,2157,19786,5206,16329
"2244",210.09729,0.559,0,0,2761,1935,0,0,1994334,1925817,1920965
"2245",210.11069,2.802,24427466,3188291,3680926,291579,330406,324008,492610,463016,520312
"2246",210.11078,3.213,1240078,146666,176265,20662,15650,13588,19825,58642,45886
"2247",210.11081,2.013,1899900,79876,115300,9985,10547,11352,18241,16786,20013
"2248",210.11087,8.564,230453,61206,130412,4729,13596,7149,20116,14668,32574
"2249",210.14722,3.441,796110,105099,119193,29062,26292,20938,43808,47138,38405
"2250",210.14917,0.586,279471,253518,243506,244500,238543,246366,245152,276249,277581
"2251",210.14944,7.951,211824,24113,48232,7107,1894,2399,7284,14247,15033
"2252",210.14951,8.988,343156,72583,66959,0,2275,4018,24032,30383,26758
"2253",210.14954,6.219,935786,63838,62051,10606,8687,12732,12055,30495,27729
"2254",210.14957,6.054,295938,38278,31747,38887,25738,38831,51023,56126,66578
"2255",210.1496,3.292,1140933,43107,125505,2384,1464,6089,33386,32265,32277
"2256",210.14964,8.097,134732,16724,44342,3139,2628,0,2239,4865,4560
"2257",210.18535,7.135,354006,13433,22905,0,1307,0,0,2054,2701
"2258",210.18576,7.362,748088,16853,39283,0,1355,0,0,0,0
"2259",210.90637,11.73,9847,30045,27506,21675,23194,21851,16139,23897,39144
"2260",210.9328,0.787,211477,200280,159625,206989,231964,178368,213651,230404,247975
"2261",210.9333,0.557,136426,185748,164922,175582,173184,164985,8749,11745,12628
"2262",210.97765,11.64,320026,321452,178728,279514,351922,280461,340184,198685,236223
"2263",210.9783,0.477,641703,289115,674689,282100,440859,347967,239946,64643,105486
"2264",211.06924,0.81,0,0,0,0,0,0,346487,317640,295524
"2265",211.06961,0.595,0,0,0,1477,0,0,743293,772005,917810
"2266",211.08688,5.708,33805,25333,28161,33731,25516,48928,196974,175025,173288
"2267",211.09319,3.004,835909,86769,198380,29649,49420,32627,53664,55487,75703
"2268",211.09453,3.6,176561,193377,184160,151527,159239,164303,434282,434953,430378
"2269",211.09679,3.964,379044,415549,378667,231587,255324,225609,1533753,2920540,5653604
"2270",211.10974,7.606,108491,124518,155955,129126,116542,127547,156992,128198,154997
"2271",211.13315,0.456,43491,91670,51602,29241,51610,21406,104033,122703,71612
"2272",211.13339,4.67,277823,341668,296083,256412,215371,171241,495670,419742,428254
"2273",211.13344,2.631,291651,402367,85089,458428,292943,89891,157953,194913,413363
"2274",211.13354,5.494,211711,278551,284254,250041,168467,346304,301732,352366,395768
"2275",211.13367,4.238,228651,61162,33944,122122,136452,112058,101774,131203,76924
"2276",211.16942,4.394,70540,35048,35218,58810,63876,50734,653221,593739,546794
"2277",211.16948,5.563,339534,635181,414556,1009098,691578,839661,753267,769524,740194
"2278",211.16953,3.816,13340,11387,21832,31093,11636,32234,179707,230281,175348
"2279",211.16956,4.857,59439,54815,123362,64603,194282,336368,522649,367136,517880
"2280",211.16965,3.489,11863,15346,18578,16923,20375,17095,779840,802995,725882
"2281",211.16969,2.175,8037,26024,28542,22925,18500,15569,122393,139648,122757
"2282",211.16969,3.105,24581,39235,24609,16704,20756,11965,479652,475699,449581
"2283",211.16974,9.712,110841,67274,47824,36881,47925,72935,52439,51281,66869
"2284",211.16977,6.164,236828,186336,244392,231148,233903,293977,366691,329888,323332
"2285",211.16978,4,847693,847320,836727,812680,848573,830162,1061414,1041419,1081791
"2286",211.18102,7.052,642384,232491,225397,218925,197718,212483,3538,0,0
"2287",211.93806,0.605,14262,18884,17538,34657,9847,12135,62798,82294,51655
"2288",211.93864,0.721,13107,11767,34559,17213,8250,9229,134813,414123,239307
"2289",211.94695,11.656,1269826,1471518,1418380,1264733,1291669,1262499,1086243,1345600,1294573
"2290",212.02301,0.583,41486,48458,44912,46190,41164,41531,295515,373719,331834
"2291",212.06903,2.251,539680,26904,28319,0,1619,1460,1715,2065,0
"2292",212.09216,0.592,1626,0,0,0,0,0,86388,114304,130853
"2293",212.12634,3.06,18236846,1719475,1911913,50435,24207,30208,87863,248330,152913
"2294",212.1288,2.412,273506,11760,21123,14431,7685,5267,21443,23535,14405
"2295",212.12883,2.558,345208,41783,39076,4900,8332,9651,31220,20922,27161
"2296",212.14996,1.593,316392,463369,243652,263468,219221,213230,348176,261535,292645
"2297",212.16464,5.43,41459,14389,42885,16906,9374,25950,126410,136831,158913
"2298",212.16469,2.648,2194,1758,1593,1166,0,1491,157581,147288,165360
"2299",212.16505,8.407,334021,86450,104249,18647,14911,18835,53283,61204,41957
"2300",212.1651,9.196,339101,80266,73723,21968,25594,9743,30442,24462,42621
"2301",212.16513,8.986,4992594,1162752,1072368,38674,36195,20194,459698,545245,425753
"2302",212.16513,7.09,4146875,57680,28341,9915,7122,30492,30562,36111,34171
"2303",212.16516,9.113,1036465,218881,193158,19952,31083,42608,89597,116132,101122
"2304",212.16521,4.388,4920008,1089074,1228142,630282,691778,678322,1074267,1165342,1094069
"2305",212.16521,6.09,424593,58674,63954,22579,5642,12146,16313,20291,31297
"2306",212.16522,5.961,510257,43525,21560,19389,12184,12278,3720,16201,24524
"2307",212.1653,4.585,606044,219399,204201,22846,46510,59002,88365,92733,79874
"2308",212.20132,7.994,200135,2788,5384,0,0,0,0,0,0
"2309",212.20146,4.716,60231,56631,67989,52121,63130,61137,70602,66243,70983
"2310",212.20166,6.887,317902,5127,2034,0,0,1964,1760,0,1447
"2311",212.85213,0.474,0,0,0,0,0,0,12140,44919,21817
"2312",213.02722,0.598,0,2810,0,0,0,0,162894,80046,173095
"2313",213.04309,2.909,0,0,0,1123,0,0,65911,61324,52624
"2314",213.07594,2.017,9776,13746,2349,9330,10245,9099,145235,159812,146205
"2315",213.076,1.795,10483,2019,7362,7926,10724,6176,286032,271691,250475
"2316",213.08711,1.237,0,0,0,0,0,0,165866,197758,168546
"2317",213.08745,0.809,2233,0,0,0,0,0,154378,101043,60274
"2318",213.10249,2.255,6314,0,10466,0,6289,0,125333,101557,134797
"2319",213.10289,5.532,181343,142472,173711,152890,158121,145175,142595,122236,163698
"2320",213.11316,2.863,294824,245595,255174,292346,286184,274250,314803,284652,318287
"2321",213.11324,3.458,117635,28225,27690,85576,80174,43141,27237,44448,82451
"2322",213.11359,11.646,3819462,3842284,3691281,3515828,3643906,3821080,4336694,3588874,3937834
"2323",213.14893,4.898,406997,428875,469852,428957,458064,438817,470478,551024,535715
"2324",213.14897,4.716,373400,115200,208199,71905,54638,123547,762761,760369,699708
"2325",213.14941,5.062,423217,374971,375182,371163,344168,388243,433370,377440,421191
"2326",213.18512,1.881,103665,89610,80644,101403,66892,56673,49276,148471,201197
"2327",213.18524,6.783,528949,489155,551367,426892,489617,480111,534196,537682,490667
"2328",213.18541,5.499,274665,235282,324115,291136,240063,257400,282676,325858,438389
"2329",213.18547,6.558,583447,568966,548271,444416,521544,445708,541978,532016,552001
"2330",213.8941,0.472,1749,2620,4041,2274,7521,2327,180525,132352,213291
"2331",213.92328,0.54,187021,284246,347776,363483,431696,366927,42308,49205,0
"2332",213.9425,11.657,391296,425661,398417,573656,453701,386882,395137,494761,464558
"2333",213.98341,11.742,190640,196984,206031,166203,232709,168367,181801,222065,187778
"2334",214.00272,0.594,321756,321132,316118,340253,343496,331215,350709,411233,477023
"2335",214.00281,0.776,621908,1175971,1229380,1222158,1211994,1116720,589405,593948,598929
"2336",214.08998,3.36,1065506,374631,566647,545291,383246,655935,752642,880812,1908010
"2337",214.09004,0.521,1349970,1496313,5274684,1247296,3764754,665532,3041739,3614858,2769005
"2338",214.09004,4.97,400431,534048,420083,207985,299606,356424,518855,1176830,282466
"2339",214.09013,0.801,5911265,3865189,4569054,3952070,6219896,4880053,7656166,7677944,7541707
"2340",214.09016,11.792,282973,270870,1215878,1229386,267658,519121,337879,782105,1930105
"2341",214.09021,12.191,1228930,1944090,1740916,4279866,2263900,1748395,1566793,2697706,3732762
"2342",214.09044,0.582,4169332,2256686,5274684,3457452,3224730,3967491,2933888,3940259,3922612
"2343",214.09056,3.856,1073784,665870,448641,191429,401588,308366,474752,604735,761212
"2344",214.10762,1.942,7483,4780,2951,1987,3898,12170,163877,167013,134953
"2345",214.12672,6.352,94861,100184,100433,82473,100630,98657,92218,81799,86414
"2346",214.14407,3.499,44868,18643,56794,71956,35843,73164,1745510,1717953,1641591
"2347",214.14442,2.736,623873,137328,148725,104845,100111,103531,114645,150467,120067
"2348",214.14449,3.204,1416956,91157,76214,19903,40784,33502,96841,51812,73250
"2349",214.14456,3.687,1155830,92247,90705,19206,22491,21587,43156,60678,28008
"2350",214.15565,2.135,6994,159754,98659,2156,1595,1408,2924,0,0
"2351",214.18044,2.92,12436,19522,14254,12529,10999,21463,535465,596650,605886
"2352",214.18053,3.374,1628,3500,7696,1725,1860,5595,301518,299096,280756
"2353",214.18068,7.245,883093,57929,18024,10209,16428,12432,21752,41874,16452
"2354",214.18073,7.396,10948381,194083,81625,13414,13911,10634,33220,28438,20795
"2355",214.18076,7.331,10133242,181502,75896,16350,9435,18407,18936,25464,10637
"2356",214.18076,9.712,1267220,253935,214615,7016,13875,6643,71436,89679,89979
"2357",214.1808,6.437,805500,16507,18934,9122,11641,19893,12620,9965,22458
"2358",214.1808,9.594,1007133,227465,193146,5902,12117,4781,65127,109060,68813
"2359",214.18082,8.228,1979978,59164,15977,5749,1768,9907,5200,15881,13748
"2360",214.18086,8.296,898291,14725,6154,8562,3605,4681,3377,19095,10688
"2361",214.18092,4.994,4244506,862096,1380284,794593,799859,420014,752460,451892,1004348
"2362",214.21704,7.589,32624,61110,53720,53866,42748,57063,62724,52321,56537
"2363",214.25372,5.887,564174,585471,348010,194299,409050,350034,315731,238645,325064
"2364",214.91786,11.658,3404073,3672290,3729496,3302154,3302126,3226561,3158714,3487592,3531916
"2365",214.91803,0.432,68436,72364,64075,76851,64394,74849,52010,41770,48636
"2366",214.91812,0.607,206269,150316,197208,119092,260444,252468,90363,40565,71121
"2367",215.01649,0.67,6541,20679,26459,25433,35671,10311,101542,94503,89475
"2368",215.05293,0.579,0,0,0,0,0,0,3550843,3188450,2788071
"2369",215.08492,5.959,40917,59137,44474,26866,45407,21720,29504,159488,122461
"2370",215.1263,2.55,205270,133764,108341,70815,190965,182469,189094,205703,187570
"2371",215.12811,5.474,47739,78817,35936,66785,58445,41707,101332,81727,315701
"2372",215.12827,4.063,239185,262624,218705,253722,202158,206462,259704,277409,240979
"2373",215.13924,0.886,2017,0,0,0,0,0,155048,209320,151712
"2374",215.13931,0.587,4039,4673,4056,12239,2750,0,294447,369375,347453
"2375",215.13934,0.809,0,0,1560,0,0,0,122697,122123,124040
"2376",215.16492,5.534,91165,98986,112050,107986,125391,98526,128713,126620,149441
"2377",215.17593,2.983,160835,42576,42501,0,1346,1454,2132,60517,71077
"2378",215.17619,5.144,73966,70332,82812,84561,82336,92474,79971,76148,65184
"2379",215.17622,3.328,2141176,345176,349542,1199,2595,1559,54039,64434,78594
"2380",215.17989,8.694,222043,259789,236482,240002,254412,265228,275286,249675,293876
"2381",215.1804,8.518,73149,100268,99371,89876,78081,80871,98877,108550,86590
"2382",215.99223,0.419,6149,5228,4396,3962,3690,5619,153978,189609,219366
"2383",216.01498,0.47,0,1594,0,1930,0,0,1083691,1197243,1068101
"2384",216.05469,0.88,0,0,0,0,0,0,289176,303819,282185
"2385",216.06377,0.523,0,0,0,0,0,0,748262,861369,636295
"2386",216.12379,2.143,336064,103854,54701,44581,71553,59200,90306,124424,45577
"2387",216.12379,2.425,1825633,188188,237648,51918,60967,35009,236627,187318,260081
"2388",216.16011,1.875,19698,21501,70409,17127,25650,13651,190593,126955,140520
"2389",216.16017,2.493,256180,34667,25099,56649,15369,30566,66623,65263,37572
"2390",216.16017,2.645,250258,55161,47936,39962,38870,40110,73459,39261,43929
"2391",216.16017,8.581,271358,100618,169360,22222,23732,31834,93876,129322,75955
"2392",216.16028,3.11,533951,58834,70102,25265,57402,18349,33223,44517,36481
"2393",216.16028,4.417,1050723,263338,393797,43460,86420,22556,73696,109368,206989
"2394",216.16034,3.88,3748245,798503,820559,393436,412932,384194,524825,460993,513940
"2395",216.19632,3.689,155018,153742,157606,133405,173901,157214,178051,178878,154972
"2396",216.19675,4.508,634722,559021,553916,447665,450043,409876,454586,508623,483108
"2397",216.83661,0.472,0,0,0,0,0,0,83639,97075,178177
"2398",216.92271,10.071,141161,128379,142468,244801,146855,569544,268856,239163,507956
"2399",216.92297,4.945,166538,68271,109240,117481,72679,95319,122576,152216,148840
"2400",216.92316,4.799,192478,104948,124575,110408,172267,160570,199198,198072,74217
"2401",216.92317,0.471,984553,956976,981802,754828,880433,801286,226482,184243,123571
"2402",216.92319,9.15,262110,304788,339073,226174,199224,347044,276434,405796,534989
"2403",216.92329,9.7,475356,343524,400460,344756,309131,261407,443483,465888,366874
"2404",216.92348,7.614,398126,309223,284672,266586,317648,294247,269206,159353,220593
"2405",216.95085,0.42,29938,30227,22294,27456,23475,28724,531599,636234,698264
"2406",217.08153,9.209,2065,9073,1844,5608,2147,1872,108448,112865,71249
"2407",217.09747,1.893,31347,15779,13507,25967,17745,32257,54539,59110,66766
"2408",217.0975,2.255,30389,27769,19772,30881,29015,20981,9717474,9921414,9181038
"2409",217.10114,6.25,115713,70149,95263,79497,101079,87467,98212,105320,82989
"2410",217.10521,11.641,2713754,2820418,2880047,2558126,2671989,2540019,2854980,2772888,2515664
"2411",217.10541,1.592,201176,318741,152635,141415,133342,122970,191233,174879,229896
"2412",217.10582,5.22,61473,45998,44483,23491,19725,32782,61437,71513,30192
"2413",217.10762,1.063,1981,8225,2128,1501,3343,7184,191913,203495,184170
"2414",217.12961,0.575,0,0,0,0,0,1850,12131592,12038688,12393188
"2415",217.12987,0.803,0,0,0,0,1798,0,1593174,1719326,1529842
"2416",217.14398,6.287,63421,81012,74109,66937,60010,67994,73483,68575,77331
"2417",217.15907,5.751,4121,1406,2930,1360,1305,3016,101808,96443,93293
"2418",217.19151,3.06,1299468,76691,21627,0,0,0,0,0,1717
"2419",217.19556,7.036,430123,14386,20746,0,0,0,1820,0,0
"2420",217.19568,7.122,433682,18025,17944,0,0,0,1820,0,0
"2421",217.19582,6.262,382470,31943,32935,0,0,0,3775,1877,1480
"2422",217.19583,6.126,496604,31253,33770,0,0,0,0,1877,0
"2423",217.19585,6.338,829509,71096,69655,0,0,0,3775,0,2416
"2424",217.98936,0.418,44685,17764,27670,10206,23341,35343,193648,242950,248607
"2425",217.99838,0.523,49023,23008,21180,42154,24962,40750,472733,537224,704462
"2426",218.04283,0.476,0,0,0,0,0,0,3178619,3031270,3025948
"2427",218.07721,2.251,171947,3611,7116,0,0,0,0,0,0
"2428",218.0878,0.879,0,0,0,0,0,0,105612,120468,109846
"2429",218.10274,2.094,3456,5816,5037,8045,8696,2382,143601,158578,142811
"2430",218.13904,4.232,346333,420359,404080,355891,342792,398069,453025,435792,413137
"2431",218.13905,5.93,90315,41999,79663,47931,38179,56787,111687,152608,269104
"2432",218.13913,3.444,70800,137256,150312,181882,106158,155218,118481,183045,78973
"2433",218.13927,7.546,301869,39309,114390,37484,37761,49738,67294,44852,49083
"2434",218.1394,2.459,6219750,572091,692263,126189,177587,202152,351615,95599,128838
"2435",218.13945,2.263,632097,186343,307792,151782,254911,318872,153208,190588,151600
"2436",218.17581,4.468,113239,12998,7471,9032,8537,4070,6249,14482,5394
"2437",218.21187,3.529,1816652,1788381,1680300,1697802,1707034,1706014,1983967,1983505,1932008
"2438",218.97528,0.673,206376,227045,261664,35027,112508,50401,68500,116683,74295
"2439",218.98256,0.808,34205,63892,48901,46190,15520,23116,235161,191269,241578
"2440",218.98373,0.418,3191,4118,6424,5276,7384,15185,719272,1018443,1105868
"2441",219.02675,0.536,19908,20691,46011,38300,47702,48335,4639217,4564794,4157725
"2442",219.06085,10.185,49157,46389,39759,41528,39119,49457,51167,66726,55097
"2443",219.07626,1.823,0,0,0,0,0,0,67115,80587,69651
"2444",219.09789,0.583,0,0,0,0,0,0,2883598,3106693,2963373
"2445",219.09956,3.499,5402,8533,4913,5930,1553,5210,3762708,3934502,3742322
"2446",219.09981,3.232,10293,10714,9699,18762,10748,10146,184508,165601,169112
"2447",219.09993,4.141,123826,138716,130790,118894,123580,136070,130594,136412,117383
"2448",219.10161,3.045,0,1265,1755,801,3407,1231,33979,54186,41102
"2449",219.10202,7.794,75355,70745,59711,83227,72984,81014,69396,61737,84547
"2450",219.10222,4.928,97647,79894,95123,86747,81232,82303,93184,90387,106659
"2451",219.11316,2.6,0,0,0,0,1279,0,304920,321661,327880
"2452",219.11694,6.051,113720,131221,139433,135464,151216,124106,139931,165667,159203
"2453",219.11703,7.902,189530,158848,234286,132525,165085,168334,159643,169643,205564
"2454",219.11716,5.918,183152,225408,113120,172739,177151,169520,187381,173973,233220
"2455",219.11719,6.792,437113,420222,403733,429075,401909,372251,415602,394814,457258
"2456",219.11719,7.737,411027,443532,413353,450942,151950,417288,467395,452878,505978
"2457",219.11723,8.381,396801,394639,432516,373270,419232,358760,451456,441748,441009
"2458",219.11732,6.176,2591443,2776240,3023142,2737950,2738813,2678165,3024602,3078169,3202147
"2459",219.11734,6.948,203726,192048,164613,199936,180179,184346,182531,214432,211892
"2460",219.1174,7.134,207289,244836,226152,216853,197683,216515,206425,237103,241992
"2461",219.15955,5.401,121351,119320,118071,121633,110039,111806,121175,110470,140825
"2462",219.17067,0.521,8046,4934,7634,19055,5088,5211,98069,87427,77407
"2463",219.17094,2.807,594839,73368,90403,4679,7071,4570,17312,18290,13569
"2464",219.17102,2.257,137773,7395,11865,5453,3427,6169,7536,4342,5834
"2465",219.1748,7.487,4464,34896,16120,22010,18758,12032,397236,422754,368971
"2466",219.17509,9.047,133246,24329,19991,2107,5022,7041,19010,9053,13171
"2467",219.19588,7.214,129012,153700,134748,120411,95205,121926,161845,139830,198423
"2468",219.21133,8.661,196817,11433,15045,0,0,0,2375,7757,1675
"2469",219.21159,7.342,47631,0,0,2036,0,0,1588,0,0
"2470",219.89833,0.426,142035,131715,121610,136398,113237,134814,82623,82704,381277
"2471",219.89839,0.795,478266,513364,279142,400541,445222,675377,323933,270475,399914
"2472",219.89842,0.578,162448,165083,136495,155983,128998,139021,25089,0,22770
"2473",219.94876,11.864,132140,55747,140747,85468,78106,107164,31916,87139,42359
"2474",220.04973,0.587,1385,3993,3576,2238,1623,2997,123022,129592,180145
"2475",220.05847,2.067,2133,1484,2119,3576,0,3132,220011,226174,173752
"2476",220.0607,2.559,0,0,1459,2828,1370,0,66592,60577,70258
"2477",220.08473,1.815,0,0,0,0,1550,0,104813,100509,109936
"2478",220.10625,0.469,2473,12786,2136,5544,13192,2527,232856,191093,137108
"2479",220.10832,1.373,2088,0,0,0,0,1411,46405,44299,30838
"2480",220.11844,0.583,6125,2304,6920,6818,23449,24656,484029,588647,560892
"2481",220.11844,1.608,9105,8633,1941,1466,3520,9520,975495,962043,897504
"2482",220.13124,7.477,10796116,368601,153802,13235,12065,20360,28449,36713,9482
"2483",220.13127,5.534,198510,9500,11715,26944,7525,11624,19953,33423,21038
"2484",220.13139,6.991,543746,8520,12680,10528,10761,17528,13706,8246,16775
"2485",220.13141,9.084,316835,77597,61684,22894,16769,9233,32663,64383,64828
"2486",220.1315,6.504,1835342,47046,17738,19556,12193,4385,15234,15093,23301
"2487",220.13162,4.003,2861390,260657,150998,10225,7946,10925,36231,45655,27551
"2488",220.13173,3.597,297699,41075,24878,22302,5734,14521,28149,22475,26256
"2489",220.13364,5.314,49507,10614,13861,10692,23776,10404,1065695,1127304,1109805
"2490",220.93475,1.454,266006,540863,471495,210480,299684,233855,389153,399469,627757
"2491",220.93509,4.941,293407,424278,299413,287661,347216,608194,471237,569921,559885
"2492",220.9351,1.776,224177,181177,208662,188691,246137,164968,240136,385855,317573
"2493",220.93513,11.65,10311437,10860185,10603233,9781009,9733852,10056297,9611777,10577946,10543820
"2494",220.93518,0.475,4610552,4370035,4482254,3813045,4039705,3911019,919320,873985,1512117
"2495",220.93518,7.582,750062,268797,668562,395912,276813,449670,560097,359952,369397
"2496",220.93521,4.806,140708,225636,455962,145674,791150,190556,342368,293886,563973
"2497",220.9353,0.622,1037193,1485206,1166956,1284746,1657911,915188,99925,255246,34956
"2498",220.93546,3.519,594146,346812,593421,402321,292411,329762,354075,178539,266772
"2499",221.09206,1.46,1990,0,0,0,0,0,212239,196288,174306
"2500",221.09221,1.823,0,2386,0,2747,0,0,243097,247792,243564
"2501",221.09242,0.888,0,0,0,0,0,0,927703,1019431,802058
"2502",221.09245,1.063,0,0,0,0,0,1794,826464,809012,751300
"2503",221.11786,7.192,122646,125141,127777,112652,130336,122594,135925,139060,136086
"2504",221.15393,5.902,155118,137932,43027,134413,124464,27924,344346,293317,305253
"2505",221.15401,4.091,54750,19019,34461,13064,55880,45160,120212,2052625,76057
"2506",221.15413,4.294,37178,26909,58184,17970,23312,10732,41268,262560,54105
"2507",221.15416,7.584,963888,992350,1032124,958530,974306,959514,1015258,1061768,1048465
"2508",221.15443,8.318,319338,266781,261484,247011,287560,276317,326368,323915,277789
"2509",221.15451,4.979,306259,34448,65024,35770,20757,14846,64001,46586,34595
"2510",221.93097,0.416,169573,26508,10835,13316,13189,158936,518514,656403,674372
"2511",222.04398,1.378,0,0,0,0,0,0,110223,111161,102893
"2512",222.06438,11.64,93587,16148,112218,100807,118019,66151,146864,143031,9058
"2513",222.07442,1.66,0,0,0,0,0,0,77330,76020,68604
"2514",222.08968,6.653,179273,0,2280,0,0,0,0,0,0
"2515",222.08983,7.639,424620,32402,9102,0,0,1430,14389,3039,8057
"2516",222.0899,3.386,263235,13209,4537,0,1356,0,1255,1174,0
"2517",222.0901,6.175,109503,1528,0,0,0,0,0,0,1783
"2518",222.10301,11.803,187026,116527,133673,104892,97910,124334,416042,532043,321006
"2519",222.11099,3.158,1031015,303251,264753,180180,186058,196803,410636,141775,218572
"2520",222.11145,2.67,679251,203495,176825,295756,119877,227717,272809,142023,268198
"2521",222.11259,0.785,576987,544128,569662,579282,571048,612859,525139,557926,630012
"2522",222.11276,2.526,615070,179788,259682,160140,183021,203914,278891,106929,332663
"2523",222.11284,4.339,234423,154183,135784,359357,190706,220317,83519,610957,295514
"2524",222.11288,1.744,398050,137505,230556,143422,142677,201075,502137,355098,473621
"2525",222.11317,0.583,392547,552920,418417,417925,334702,332725,233254,272531,300785
"2526",222.14708,8.643,256757,70467,63900,10678,8253,7619,35337,41286,36232
"2527",222.14709,9.716,2101111,404080,360793,9648,10375,15845,79775,107617,93739
"2528",222.14716,9.598,1298336,346172,305455,4087,7807,9154,99208,128824,91810
"2529",222.14716,10.487,305848,28853,41309,4835,2086,3515,13894,27431,14073
"2530",222.14723,4.382,9078779,1736264,2036578,271541,320207,308654,480817,207465,243143
"2531",222.14726,9.084,321706,59234,52772,8474,10733,13694,27987,30997,19810
"2532",222.14728,3.663,884354,83722,72423,9632,1063,2103,35358,22598,9972
"2533",222.14925,5.955,201543,17124,4948,4319,16844,6584,50490,53150,46475
"2534",222.96021,0.592,112929,117546,147138,163031,199155,165580,39155,34527,30333
"2535",222.9604,0.735,186010,169299,436995,202913,258918,363835,82490,90524,170309
"2536",222.98816,0.512,0,0,0,0,0,0,536781,666560,641042
"2537",223.06354,9.332,60876,62030,54848,62714,56534,69235,79472,73025,76753
"2538",223.06372,8.328,69677,66777,53449,60364,60556,58188,77998,79773,73232
"2539",223.06409,7.167,24413,48864,41961,45969,44838,51900,67819,58909,57176
"2540",223.06425,2.142,998638,1469872,1127610,0,0,0,0,0,1628
"2541",223.06459,5.62,25969,26305,30248,25746,31002,24889,26158,25368,33765
"2542",223.07367,3.842,42281,53528,41207,37316,36744,44713,96261,115158,82551
"2543",223.07581,6.165,79413,88796,103516,104854,98490,93355,95761,109805,92875
"2544",223.08148,0.536,0,0,0,0,0,0,906736,730144,841858
"2545",223.09444,2.162,63228,47100,100098,211012,61720,202667,430537,450724,422900
"2546",223.09448,2.346,123015,165979,182118,135225,173013,104532,361017,532825,463755
"2547",223.09482,3.443,189584,212578,142719,115027,202851,213698,301624,328706,234800
"2548",223.09622,5.323,155238,139458,128567,114871,100774,131262,133463,184620,191018
"2549",223.09656,6.055,229133,267255,233888,256843,242531,259452,299710,285252,278215
"2550",223.11899,11.646,790249,765621,720275,721906,600677,872597,941009,669061,748340
"2551",223.13162,4.953,151204,135117,121158,110770,173360,130625,273462,224281,305602
"2552",223.13295,2.175,21664,28659,21854,21433,28083,20929,193847,183197,246626
"2553",223.13313,2.916,64675,37888,37514,18586,48667,16155,208860,220930,194275
"2554",223.13327,1.895,23671,27683,20214,14234,11901,12047,1136087,1132830,1079987
"2555",223.13336,2.266,26614,22184,14980,22245,19206,14839,206797,199207,216793
"2556",223.1548,2.364,236601,185904,170884,110755,103196,82843,105937,83773,114153
"2557",223.1691,5.959,353816,367210,399199,198535,394450,258129,420231,356705,484416
"2558",223.16983,7.355,212536,69503,52405,72279,51640,59348,260228,187846,149586
"2559",223.16985,6.154,218559,185235,234308,190781,180562,179881,280613,266242,215614
"2560",223.20598,6.572,113597,6638,9990,0,0,0,0,0,0
"2561",223.20622,6.622,155017,6638,9990,0,0,0,0,0,0
"2562",223.91734,0.615,45521,9928,46986,45136,38805,40187,194509,153298,183634
"2563",223.92004,0.47,421765,415945,409211,398503,414393,395815,119474,124450,79122
"2564",223.98866,11.673,1202114,1138260,1348219,1012715,885024,949901,842546,1000031,1026963
"2565",223.98895,0.418,49334,56652,59040,82143,49397,59369,313823,445157,472853
"2566",224.01236,11.766,1033666,757804,866412,1884537,1322144,648124,1590812,1086340,537682
"2567",224.09016,1.85,81740,1870,2627,1464,1856,2156,69574,33357,17626
"2568",224.10559,3.742,1725758,18919,64356,1326,0,929,0,0,0
"2569",224.1134,0.51,4412,0,1394,4424,1347,1508,566842,532949,519107
"2570",224.12653,2.56,5204284,723902,732024,270543,424662,259220,256808,341367,261856
"2571",224.12662,3.354,2470379,670564,643739,483490,483952,156494,378975,627189,448707
"2572",224.12663,3.823,7176564,1794709,2130875,137646,186956,231580,480197,344063,329816
"2573",224.12712,2.645,1525808,240864,302163,411102,265184,131709,224785,477390,328889
"2574",224.12813,11.659,1993399,1560381,1983955,1850950,1611444,1724086,2081904,1711772,1512458
"2575",224.12839,0.791,987102,959004,957682,967813,967193,1017280,1041309,954113,1109054
"2576",224.12874,8.191,428713,145459,144448,218334,259050,193468,206139,97583,329486
"2577",224.12885,3.248,865740,375201,457710,233269,231567,315106,346320,523042,470141
"2578",224.16309,3.981,271163,43515,52087,18207,22591,21288,40339,38355,28780
"2579",224.16525,6.175,548580,12147,11808,4509,22453,23985,13535,27237,39201
"2580",224.16528,4.824,313843,14187,22833,1168,2447,1346,2889,3105,1911
"2581",224.20129,7.356,1136837,33693,21025,1589,0,0,1627,0,1517
"2582",224.20155,5.886,451738,23413,20420,0,0,1676,0,1788,1741
"2583",224.20164,5.973,486108,16452,22864,0,0,1676,0,1788,1741
"2584",224.20166,5.274,2163451,156548,150876,0,0,0,0,0,0
"2585",224.20169,5.12,810612,63454,65615,0,0,0,0,0,0
"2586",224.92796,11.649,205024,170673,14094,63706,0,100120,0,43175,45098
"2587",224.94919,0.743,633238,328457,561558,561465,497993,670959,563659,183371,243939
"2588",224.95952,0.541,133987,146030,221847,222609,277981,230752,35942,22484,13980
"2589",225.02994,11.663,67333,47021,16958,173522,60752,0,17819,53161,9525
"2590",225.03481,0.519,8648,4376,7657,1781,7059,7003,428922,358375,326649
"2591",225.07599,2.485,7552,8893,2967,7574,1369,4040,186971,196638,198362
"2592",225.09151,5.669,37938,39562,36348,27820,35842,40068,33543,41332,36994
"2593",225.09703,0.583,0,0,0,0,0,0,289901,321120,358899
"2594",225.11003,2.124,267497,393340,431485,605989,252309,398045,1561537,1028315,779473
"2595",225.1104,3.687,171660,66959,50465,109741,73064,46275,243714,268505,191332
"2596",225.11055,1.971,274211,277814,662120,646872,686940,203918,449447,664694,831833
"2597",225.11063,4.155,79761,80896,102262,37683,64369,123310,151680,208792,150677
"2598",225.11066,4.798,216353,158446,263646,149975,119763,182454,278515,242095,283556
"2599",225.11134,4.9,150039,83311,82495,74426,65669,97047,182790,201886,237072
"2600",225.13495,11.647,3009852,3495452,3124384,3225422,3254753,2508143,4424314,3155721,4087174
"2601",225.14877,5.769,487139,478883,468225,364682,446724,400314,443589,467577,517164
"2602",225.1489,2.574,32511,22546,25999,12372,20062,28553,841896,844285,743614
"2603",225.14899,2.848,22136,33479,36858,32889,31120,59185,352281,450568,412525
"2604",225.91174,11.671,121960,127476,144089,164908,119863,114741,63364,87445,37343
"2605",225.91496,12.198,495338,598306,211609,1815640,904308,1678376,1383691,481736,544628
"2606",225.9151,0.585,559871,552291,550114,472729,408958,486631,81794,74307,108596
"2607",225.91518,1.612,366632,280845,392973,366305,291756,296713,345836,339554,538028
"2608",225.91524,0.782,1545255,2090712,556933,1519100,1472207,1676134,727771,788992,817064
"2609",225.91536,0.467,6190260,6224154,6251656,5146163,5550986,5375340,1420053,1391212,1296997
"2610",226.01263,11.661,4193738,4046193,4394902,4216336,4177504,4136232,3994334,3908578,4131678
"2611",226.02403,1.38,0,0,0,1350,0,0,292513,333802,274365
"2612",226.07054,0.81,0,0,0,0,0,0,331259,383819,350632
"2613",226.0713,0.587,0,0,0,0,0,0,325890,386214,417739
"2614",226.08464,2.807,2636284,334708,400589,11465,4481,1721,31661,41295,34054
"2615",226.08473,3.21,347744,29297,40468,0,0,0,1237,0,0
"2616",226.08476,2.011,768883,24247,32945,0,0,0,0,0,0
"2617",226.10548,1.787,250167,1519,6812,2256,3996,1799,5941,3321,2957
"2618",226.10555,1.943,399611,18666,21306,44773,33593,12839,25199,34651,32209
"2619",226.10571,1.606,152967,2708,4525,1527,3010,0,3505,1971,2153
"2620",226.10762,2.787,2226,2335,3558,3542,1582,1494,105073,93127,60216
"2621",226.12131,3.439,165834,15295,21201,3278,1713,1302,1267,6105,1328
"2622",226.12863,0.838,1766,1823,0,0,0,0,99897,89987,100302
"2623",226.12883,1.558,55237,13462,30179,12155,1632,7866,153717,73552,78875
"2624",226.1423,3.731,597021,48638,32092,3664,5623,5252,17393,8318,7534
"2625",226.14249,3.916,442246,47232,65395,29615,8675,22395,21761,38199,43445
"2626",226.14433,3.454,117410,167829,170006,1567,6955,1460,5990,1723,5141
"2627",226.14436,3.152,380553,56935,66570,16372,13473,11211,20110,15815,24940
"2628",226.14439,6.09,151633,7685,6882,2142,5306,3191,13488,1863,9835
"2629",226.14444,3.024,1009198,81290,62855,4055,1406,1486,4784,3155,3797
"2630",226.14447,2.158,1671675,32017,73804,1333,0,0,3218,2478,2989
"2631",226.14447,2.892,1357261,77104,78968,1703,3470,1051,34850,5302,5922
"2632",226.14453,3.567,833260,45797,51455,5459,16808,10189,20844,27737,22068
"2633",226.18033,4.873,8786033,8411470,8360669,6987503,7190354,7418126,10229128,11322728,11186559
"2634",226.18039,10.029,2147454,1874324,2230612,2067730,1923279,2211198,2014059,2426703,2958001
"2635",226.18047,10.167,2360502,2345740,2637376,2356830,2229219,2168785,2354232,2652208,3480985
"2636",226.18051,3.047,2656,0,0,0,0,0,60489,86290,69869
"2637",226.18082,9.084,863721,365363,223028,95317,160849,95364,141863,190684,212157
"2638",226.18091,6.961,489253,53487,74194,48398,43052,85493,98518,57959,69731
"2639",226.18098,5.145,1173324,418193,270887,132054,202865,117658,146578,359803,290286
"2640",226.21703,9.625,76095,0,1970,0,0,1852,0,0,2530
"2641",226.21715,7.618,2549136,317952,312962,0,0,1798,99203,111973,88104
"2642",226.21727,6.862,230260,3019,2053,0,3265,0,0,1780,0
"2643",226.21729,5.701,267293,23920,25823,0,0,0,0,1644,0
"2644",226.2173,5.615,336749,29465,33307,0,0,0,4692,2480,0
"2645",226.2173,6.078,80686,1791,1478,0,0,0,0,0,0
"2646",226.21732,5.923,144675,4984,4468,0,1494,0,0,1400,1664
"2647",226.95164,11.64,11042697,10270105,10412064,9188923,10903261,10141610,11996178,10651176,10624202
"2648",226.95183,9.83,1220414,944550,1637429,804807,1020152,1446410,917378,2345661,2143619
"2649",226.95183,9.258,1309291,1819607,2371622,1650718,1674018,569346,1596110,1485450,1793508
"2650",226.95189,8.21,1264181,2085925,977564,1616086,2531962,1588162,1187389,3105888,1511955
"2651",226.95189,10.281,714403,1139378,1201572,731724,719429,199993,351006,1701809,1331284
"2652",226.95192,4.52,432563,406597,736018,302901,530285,438968,550685,618906,558011
"2653",226.95195,6.038,580483,364677,768686,727374,1491577,525455,1267951,784837,862789
"2654",226.95197,4.942,1069355,338367,462971,382792,198321,733592,543160,513738,550262
"2655",226.95201,0.469,73965512,46029380,70734880,37316304,58646104,45833680,22694206,18197310,11636204
"2656",226.9521,9.7,2062698,1244473,1867386,1715332,2156194,1287676,1621630,1476489,1860578
"2657",226.95213,9.543,2241370,2670405,1891283,1439051,1530052,2363509,1336641,1232008,1455374
"2658",226.95459,12.167,459937,1428110,416905,2024791,1037520,1996703,327981,1515451,958978
"2659",226.95502,0.831,1597246,1196063,1120776,561336,1074736,1357692,665862,497710,378635
"2660",227.07936,1.821,17667,1953,8619,1606,4255,2392,9093008,10229838,9459200
"2661",227.08176,4.409,12810,9399,8694,11734,9221,10141,136591,115190,190486
"2662",227.12814,4.453,131393,164744,103079,66366,115827,141053,333765,386334,370821
"2663",227.1284,4.109,100002,66491,37789,105723,73684,92695,394686,362392,327219
"2664",227.12874,3.567,254257,227014,96567,60303,79223,86200,128818,111165,181853
"2665",227.12883,2.887,292785,93127,51184,39653,28193,59780,42501,36651,90685
"2666",227.16469,2.924,47593,26906,24465,34694,36786,58853,327154,303333,321147
"2667",227.16469,2.81,52156,41875,30445,66476,27471,29001,374439,434283,351118
"2668",227.16476,5.548,471099,465326,466006,482610,436240,467514,528648,576998,585718
"2669",227.16479,3.484,164126,193157,231140,269676,239872,244077,372975,285850,407597
"2670",227.16493,6.059,190595,81809,83050,147316,148103,145246,110269,249617,148011
"2671",227.17595,3.076,1401708,137906,142096,13258,17495,15490,67175,86191,66965
"2672",227.17609,2.186,970222,114865,146926,70075,23568,32624,94832,142854,123991
"2673",227.20065,0.81,35001,143995,108797,48054,44187,78069,140364,147129,148686
"2674",227.20096,7.152,621838,624057,578431,526296,550753,556891,594404,591381,639744
"2675",227.20099,7.322,593780,499321,365698,477272,395354,478372,566056,544461,572404
"2676",227.20107,6.825,569183,382349,404102,380413,298162,397754,419602,501083,322635
"2677",228.02702,1.622,0,0,0,0,0,0,70111,90568,71844
"2678",228.08678,2.196,0,0,0,0,0,0,64936,60112,47345
"2679",228.08701,2.644,0,1466,0,0,1326,0,510974,520661,377768
"2680",228.10025,3.068,2983614,206408,297801,6013,4468,6266,18882,15006,13288
"2681",228.10286,2.285,0,0,1524,0,0,0,33241,40675,37994
"2682",228.10815,0.542,2198,2151,2965,3516,5496,3041,4217273,4374744,4124610
"2683",228.1214,8.67,652798,183902,197877,12767,26434,10231,105517,103351,85471
"2684",228.12144,8.985,452179,172615,150823,17971,9468,23624,85424,120254,64448
"2685",228.12152,9.634,1005548,519466,479539,14943,27796,30345,263653,299626,263142
"2686",228.12331,3.965,77988,55493,64299,21258,51233,38529,176223,323337,546093
"2687",228.12383,2.717,253353,43408,43969,10254,39637,18537,37735,43088,31683
"2688",228.15979,3.499,59928,13517,15247,15282,16447,15275,1215494,1182236,1093498
"2689",228.16011,6.756,273321,9893,15991,5537,4694,10833,11477,11894,12303
"2690",228.16014,7.185,596851,34423,18363,1420,1982,10185,10862,8474,17292
"2691",228.16017,6.536,213094,20242,17619,5894,11699,11189,21217,24948,35321
"2692",228.16023,3.802,443082,200755,164810,150276,124919,176620,164934,218790,196582
"2693",228.16031,4.153,254838,136619,219201,22987,15681,19678,45705,24951,37468
"2694",228.19614,10.167,2494754,2568862,3115710,2578785,2765924,2495967,2654560,3474981,3511154
"2695",228.19638,7.381,4919772,137613,232949,176405,98162,115588,146070,78451,139977
"2696",228.19649,7.312,3835876,440106,241336,107643,134878,103435,140638,275262,169150
"2697",228.1965,11.418,948087,830482,869337,773308,1032393,692069,708500,704000,725348
"2698",228.19653,9.712,1067973,412225,506708,112569,74454,221210,250990,389446,358960
"2699",228.19659,5.578,18325722,15055637,16239985,14794086,14971357,14812240,15790297,16286670,15917555
"2700",228.19659,8.252,1023119,87030,93297,81604,51831,153603,277594,199661,178838
"2701",228.1967,11.611,132918,220894,139074,115206,105172,151260,125280,172120,90634
"2702",228.23251,8.939,352130,313227,290665,222755,316389,347742,460769,320623,331867
"2703",228.233,8.368,9834825,1131962,1211955,33244,75076,71990,377456,449404,355326
"2704",228.233,8.517,337756,303844,239426,233777,221035,273469,254484,274857,360874
"2705",228.26909,5.904,314601,288944,430988,236487,537678,687894,241738,200340,332059
"2706",228.26913,6.467,156460,139861,101375,135642,144768,137792,148667,136127,285120
"2707",228.95094,0.541,56067,86607,109055,93046,136140,127918,254798,239764,139069
"2708",229.0688,0.866,0,0,0,0,0,0,225974,234330,164233
"2709",229.08182,10.184,64270,69625,88862,79113,88421,85645,75204,104965,99494
"2710",229.10753,1.205,1581,1968,2097,0,0,0,274426,302679,277197
"2711",229.10759,1.427,3377,4806,1685,1676,1457,0,175927,193387,148419
"2712",229.11867,1.881,58507,22115,23744,26787,13895,14223,306832,339446,309655
"2713",229.13643,7.858,234680,257891,290399,252118,289554,264812,304298,371972,356686
"2714",229.14389,3.735,270419,574586,673696,431816,324426,553277,1119066,1053726,985337
"2715",229.14389,4.403,64517,111237,134877,127410,214703,103642,504203,444628,499807
"2716",229.14389,4.662,443169,445008,471337,484373,403469,459945,699252,797122,764039
"2717",229.1442,3.514,76926,132213,221304,140018,291672,141697,341442,100832,249606
"2718",229.14436,6.009,127364,91282,185315,185091,74000,89761,173127,251378,200671
"2719",229.1445,8.24,85185,63341,81481,60387,73397,68544,64117,40283,84258
"2720",229.15488,0.936,2293,0,0,0,0,0,1811202,2033186,1668725
"2721",229.15498,0.525,16605,16075,2625,3997,3167,5112,2847250,3124073,3028185
"2722",229.15504,0.81,3433,1339,2189,3167,0,0,853193,868458,814980
"2723",229.15509,0.585,16605,16075,17315,3997,1888,4208,3277952,3390939,3375936
"2724",229.86787,0.474,0,0,0,0,0,0,107186,106421,115398
"2725",229.95999,11.87,141620,122143,111799,66008,112355,111209,252603,323654,349279
"2726",229.97501,0.595,3549,0,2711,0,0,3139,372732,475392,426296
"2727",230.10991,4.857,4334,1771,3108,2657,1470,1244,55599,58364,70869
"2728",230.13942,2.985,4172655,818439,834483,337803,600094,491151,348082,692490,481119
"2729",230.13998,2.785,1146154,725235,1569486,1353859,1583079,1277357,1674307,1256266,1044881
"2730",230.14024,11.646,276686784,262382560,272767648,247017616,264175264,260863760,297900544,254274560,263401120
"2731",230.1403,1.847,38024372,37410656,38900792,42242564,37227136,36998588,52331720,49554460,51294940
"2732",230.14037,10.083,1943312,2783448,1515524,2014343,2915975,4436304,3041038,2253992,2979818
"2733",230.14069,9.73,4102736,3992804,3685964,2989858,2433233,2278446,1267644,2166796,1767145
"2734",230.1407,2,6632932,6784680,6375722,1612523,6054073,6318941,1805282,1735976,1867290
"2735",230.14072,4.996,618304,852061,766093,598495,558792,472041,582034,1096895,581064
"2736",230.14073,4.377,327370,397678,549612,416466,500176,439671,375590,534601,1041997
"2737",230.17586,4.861,624839,319314,280913,242615,222441,245551,279721,208529,291340
"2738",230.17601,4.979,1008410,335696,454414,242615,28346,51762,418944,103844,125159
"2739",230.17603,3.646,671952,93457,72499,58343,29295,47106,31250,32824,29923
"2740",230.24815,5.404,1396104,1333450,1241535,1292719,1231886,1301689,1298223,1359518,1466484
"2741",230.24823,5.831,6399174,5552340,6642930,5791400,6419674,6005888,6986474,6659868,7435396
"2742",230.24825,5.922,15995779,14662304,15351573,15085711,13922747,14881166,15179960,16551320,18300348
"2743",230.24852,11.623,78906,42013,94592,27857,43578,72296,39730,34556,45929
"2744",230.24854,5.483,1909626,1401650,1560299,1615511,1586428,1756772,1371242,1657899,1931393
"2745",230.89032,0.061,326186,388080,378416,311119,299637,365653,357135,326875,213888
"2746",230.89046,11.674,182669,214792,349031,87659,220227,249819,187513,240368,223444
"2747",230.89053,11.824,287874,227636,493548,896023,339429,1005943,970684,1027317,391914
"2748",230.89053,0.797,171094,122557,181632,240134,153629,229462,59689,52437,23591
"2749",230.98299,0.931,9787,35349,41244,38137,19911,18812,147566,188612,150476
"2750",230.98311,0.817,54334,49627,68322,57199,50317,56083,14147,41296,25460
"2751",231.06139,10.185,25203,28560,35561,25953,18588,29528,32287,37011,26424
"2752",231.07668,2.26,3044,6067,3044,3537,3484,6348,37733,43015,45257
"2753",231.08443,1.563,148332,90424,131842,61007,68783,56291,452827,246046,258719
"2754",231.08453,0.838,0,0,0,0,4225,0,817423,901814,872565
"2755",231.08467,11.705,41790,82199,31879,117968,81591,56707,108833,49143,80176
"2756",231.08725,2.745,1393,1786,1368,4195,1242,3569,121827,141735,116393
"2757",231.11327,2.385,29027,29803,60512,60521,44742,30669,290409,227755,283896
"2758",231.11554,4.857,79255,28802,24611,5158,16427,37905,28072,129442,118195
"2759",231.11642,6.632,106030,108103,148156,118274,136006,133333,258743,151913,145649
"2760",231.11691,7.236,96988,262626,146384,170015,181985,220547,202537,239466,223264
"2761",231.12451,2.86,313841,259620,284768,293065,272275,313086,318511,312802,287805
"2762",231.12541,3.253,156302,128325,115571,204604,196540,152290,175311,114194,153243
"2763",231.13408,0.553,13105,0,1863,4368,13141,2967,1605048,2002592,1628964
"2764",231.97801,0.519,9981,3948,7640,2392,2221,7243,232232,283070,289434
"2765",232.01318,0.654,3642,1056,3648,1182,9643,4218,885836,1205548,1201726
"2766",232.01341,0.81,2906,2133,1939,2546,4731,5886,637747,627910,566026
"2767",232.08261,10.281,5663,9192,5719,2592,5367,10574,13526,29395,16015
"2768",232.09261,2.807,659101,77749,103611,0,0,0,1442,1460,1938
"2769",232.11838,0.583,57908,45697,46299,30675,38003,30613,614794,614437,675508
"2770",232.1317,4.243,415202,19667,23456,0,1356,1302,0,0,2089
"2771",232.15468,5.307,69541,88277,51984,70219,36136,48860,54623,86855,77407
"2772",232.15512,2.343,378682,52099,40900,18265,7876,25700,43020,42016,56954
"2773",232.15515,2.746,1290344,319570,297054,219068,224790,243014,319741,276892,296139
"2774",232.15521,2.181,217179,65281,51622,22465,30438,29530,60396,79056,42028
"2775",232.17456,1.775,79155,2636,3751,0,1972,0,1564,0,1721
"2776",232.19092,2.229,1783,1401,1753,0,3710,0,70199,75167,74618
"2777",232.19119,2.36,2526,1631,1573,3699,2150,2752,506724,501906,434558
"2778",232.89703,0.472,15213,11525,2112,10489,12920,4633,271113,326704,218085
"2779",232.91794,0.47,219274,194492,254525,173409,220934,197689,28875,122225,107637
"2780",232.9283,11.658,1313376,1598062,1572403,1395135,1274784,1427983,1444766,1482308,1714131
"2781",233.04228,2.235,0,0,0,0,0,0,70709,51906,26316
"2782",233.04263,2.381,0,0,0,0,0,0,61522,48796,23330
"2783",233.06335,0.534,0,0,0,0,0,0,6477661,6456826,5942940
"2784",233.06351,0.603,0,0,0,0,0,0,2335819,3261584,3189411
"2785",233.07698,10.177,143529,108829,149960,159136,121920,98556,97201,151436,149797
"2786",233.07706,3.595,197032,192698,185134,198666,207328,197711,175641,183881,189042
"2787",233.07877,3.965,1259651,1403913,1250505,691242,690177,666270,4626516,8709310,17598716
"2788",233.0791,11.645,439413,350697,413188,340578,463862,539421,395269,416639,516547
"2789",233.09013,1.334,0,1871,0,0,0,0,150213,156040,135532
"2790",233.09213,3.155,1626,1394,0,1305,0,0,69801,85490,67025
"2791",233.09674,5.96,2309,2565,1578,3364,1494,1320,26237,86911,21881
"2792",233.09737,5.522,21328,36887,37539,30645,26296,33857,40225,37443,29254
"2793",233.11359,0.809,0,0,0,1542,1846,0,203641,254424,203193
"2794",233.13275,8.379,290069,264698,278964,277364,290989,275845,297612,295432,313788
"2795",233.13303,6.766,174637,193594,224784,167409,207617,128913,235558,250666,217290
"2796",233.13307,7.149,169592,202192,211747,213491,197394,206238,207046,214875,221404
"2797",233.15132,5.299,87870,101195,91063,86604,92444,79539,117350,134281,145660
"2798",233.15213,5.46,61412,78528,57809,65174,61922,79098,138508,141224,155279
"2799",233.15375,6.092,14158,6677,7157,10306,8671,5828,90678,95882,108147
"2800",233.175,5.853,52432,54555,54213,61890,55104,52641,67076,53320,56810
"2801",233.18654,2.805,602191,73799,77512,0,0,0,0,0,0
"2802",233.19043,8.05,109950,108336,122071,114314,105624,107404,88840,104508,106218
"2803",233.19063,4.562,95068,1344,1672,0,0,0,0,0,0
"2804",233.21216,7.222,179449,141865,130880,146544,135676,144634,151742,146223,154262
"2805",233.22696,7.817,849206,44598,34326,0,0,0,0,0,0
"2806",233.22701,8.044,428157,11208,0,0,0,0,0,0,0
"2807",233.22705,7.69,695795,27332,14041,0,0,0,0,0,1614
"2808",233.22708,5.743,112623,0,0,0,0,0,0,0,0
"2809",233.22725,5.528,212932,2878,5978,0,0,0,0,0,0
"2810",233.91493,11.82,294233,261244,246934,172016,328096,121538,339687,345447,329832
"2811",233.94614,0.75,0,0,0,0,0,0,2332806,2304225,2373022
"2812",233.9464,0.593,0,0,0,0,1561,0,396644,401122,373099
"2813",233.96736,11.694,74812,29947,92510,64901,90682,23018,88157,47512,66150
"2814",234.0652,0.88,0,0,0,0,0,0,320868,370790,367350
"2815",234.07428,2.543,0,0,0,0,0,0,51469,55012,50368
"2816",234.0975,1.958,0,0,4028,0,0,0,381046,377012,377098
"2817",234.09804,0.54,2977,0,0,0,1757,0,1522770,1605906,1512546
"2818",234.11119,2.998,61017,1768,0,1261,1552,1621,2698,1854,3707
"2819",234.11273,1.632,0,0,0,0,0,0,42278,46208,41255
"2820",234.13376,1.556,2671,4476,3605,9209,8081,3548,129159,107519,112063
"2821",234.13383,0.805,6149,2624,1771,2083,2039,1725,44852,48467,72098
"2822",234.13394,2.304,20835,8271,17611,7727,28283,8286,244628,224370,143012
"2823",234.13416,1.66,170963,12464,34391,9389,5214,3567,18718,7555,6708
"2824",234.14696,7.443,814446,27356,9010,0,1361,1291,0,3429,3192
"2825",234.14713,8.988,3738263,992759,944415,5174,2450,0,401095,457799,367812
"2826",234.14714,8.444,408214,38040,30199,1530,2546,2596,19128,31051,16092
"2827",234.1472,6.51,72548,1578,0,1379,1689,1423,1901,0,5023
"2828",234.14722,9.112,828246,166644,129944,2126,2406,2068,51305,62947,49211
"2829",234.14729,4.585,334293,104957,83598,7834,2723,8243,18248,19521,25133
"2830",234.18587,8.485,299836,36031,43644,0,0,0,2371,11764,14361
"2831",234.18599,4.719,120920,1862,5880,0,0,1425,0,0,0
"2832",234.18605,8.6,103452,5084,2448,0,0,0,1862,2306,1896
"2833",234.20753,3.688,97040,88538,94529,81663,82780,76480,88860,79624,88413
"2834",234.88618,11.66,515414,523054,505840,532132,457380,589323,521137,446784,558047
"2835",234.96133,0.42,12592,11622,14685,8385,15168,6758,355238,427566,446434
"2836",235.00111,11.657,150750,245397,153074,200139,202048,315358,205971,252439,208248
"2837",235.0231,11.669,80195,84340,101601,46214,80430,120370,51781,29001,111001
"2838",235.0735,3.499,0,0,0,0,0,0,908570,903105,877432
"2839",235.07373,3.232,0,0,0,0,0,0,35969,37610,35674
"2840",235.07614,6.359,325110,200054,291682,266414,280635,280346,279030,285151,292265
"2841",235.09712,8.064,281165,215127,231456,197044,215999,187199,227903,199304,228388
"2842",235.1118,6.25,295784,251660,321210,262174,298624,272395,364273,337709,316517
"2843",235.11859,11.642,532142,270521,93539,249377,264991,266683,554715,511467,531364
"2844",235.13298,6.544,169189,201333,182575,160635,188658,185959,229616,166280,222724
"2845",235.14449,1.875,0,1848,0,0,0,0,699255,699476,678170
"2846",235.14786,5.964,0,1287,2808,2227,1170,3242,583902,721474,643708
"2847",235.14798,4.864,0,1042,1541,1606,935,1073,603192,749162,660218
"2848",235.16908,5.499,497511,533325,522858,561168,513806,547381,976071,1069286,1082464
"2849",235.1692,5.228,24898,61721,51576,24930,20808,33001,134635,111649,154744
"2850",235.16928,0.622,33807,43281,91176,33585,34017,65490,11066,35299,88026
"2851",235.16956,4.738,67568,52163,24180,21588,30557,22806,184202,237059,196368
"2852",235.19128,3.283,174924,186088,165448,176630,157729,171436,172944,172857,184132
"2853",235.2063,7.129,1072738,78113,55686,1549,5189,6146,6731,1451,4803
"2854",235.20633,6.334,2654299,226093,244905,2755,1474,1611,13127,10732,3054
"2855",235.20634,6.264,1240103,99515,118769,2755,1474,1611,3423,1735,1691
"2856",235.20634,6.506,839873,58279,58858,3072,3535,1766,1938,3898,3585
"2857",235.20636,7.037,1247152,68288,64983,2943,1649,6680,2329,2714,2048
"2858",235.20645,6.129,1412554,116967,142356,1571,2053,1825,2327,1706,2807
"2859",235.20654,6.653,567477,6444,3634,1442,1235,2767,2722,5048,2032
"2860",235.243,8.112,45483,0,0,0,0,0,0,0,0
"2861",235.90479,0.768,328079,517739,293620,295102,344139,209404,106239,179671,191046
"2862",235.90512,0.531,586834,701349,809265,761724,837972,804314,72530,15043,16495
"2863",235.98413,0.811,0,0,0,0,0,0,50096,55422,57684
"2864",236.03265,2.066,0,0,0,0,0,0,35761,25211,22328
"2865",236.05324,1.952,0,0,0,0,0,0,49764,50265,49700
"2866",236.07623,0.821,62158,33358,153437,99898,98478,82239,159515,113148,158431
"2867",236.08008,0.471,65630,151945,116409,116645,192434,180926,1225788,1252094,1125654
"2868",236.09175,2.87,0,0,0,1140,0,0,49196,52174,36813
"2869",236.09259,3.274,0,0,0,0,0,0,32414,34172,17111
"2870",236.10405,3.608,112611,17530,19111,92109,31697,132349,159116,172320,119635
"2871",236.10504,7.576,136246,3063,7147,3865,7530,3563,8013,2365,2179
"2872",236.10515,7.473,1487057,209574,42489,1530,3734,2385,10029,2592,1711
"2873",236.1055,6.504,622479,12277,3568,1477,1583,2630,2525,2236,2387
"2874",236.10551,4.001,931635,96261,45387,4407,12722,4511,4197,6891,9352
"2875",236.10559,6.991,137647,2848,4381,3569,2140,1498,1907,2742,2140
"2876",236.10771,6.176,376270,335611,418517,392953,350210,311852,426686,383505,370077
"2877",236.12601,5.862,234705,1875,2954,0,0,1437,2058,0,0
"2878",236.1265,2.793,1040192,10274,8110,6675,12668,1757,12372,13701,9208
"2879",236.1265,3.204,1839521,20776,39479,1491,4791,3098,1761,8081,2579
"2880",236.1265,4.207,156354,13255,13404,2821,1405,2323,1972,2627,2896
"2881",236.12657,3.318,351905,982,4396,2045,0,2153,5861,17472,13561
"2882",236.1266,3.848,287243,20703,18825,0,1054,1603,1635,2278,1616
"2883",236.12825,2.219,1790,1414,1327,0,1576,2811,31212,29731,23652
"2884",236.16257,2.916,1869,0,0,0,1195,0,43118,42728,50916
"2885",236.16278,9.59,508820,122322,100576,2482,3792,5893,31571,38295,43035
"2886",236.16296,4.556,201494,36952,36464,6518,3684,6390,16538,18085,19391
"2887",236.20096,7.356,79350,0,0,0,0,1383,0,0,1791
"2888",236.20161,9.047,384061,32089,30482,2344,2225,0,0,0,2745
"2889",236.9071,0.475,748422,782352,767940,649182,625100,615452,577474,633274,688435
"2890",236.90826,11.652,618668,536164,647841,510227,452163,440502,454585,567005,660855
"2891",236.93895,0.792,107486,137154,138000,168885,183410,183496,90988,150554,127097
"2892",236.93927,0.539,343953,518348,625292,641765,761464,677158,147873,85048,57847
"2893",237.009,1.38,0,0,0,0,0,0,151533,199920,159460
"2894",237.035,0.564,0,0,0,0,0,0,428314,105716,352916
"2895",237.07335,4.77,64884,73659,85333,81660,64360,64068,70853,82795,75553
"2896",237.07382,3.094,0,1863,3140,1199,0,988,85042,89020,51129
"2897",237.08713,1.444,0,0,1993,0,1987,3131,281399,210530,267204
"2898",237.08727,0.986,1756,0,0,3918,4771,1355,150547,191867,455310
"2899",237.08727,1.817,0,0,0,0,0,0,720710,783663,757910
"2900",237.08733,0.933,1756,0,0,3918,4771,0,332855,300618,416545
"2901",237.08742,1.334,0,0,0,0,1848,3131,262136,259247,239511
"2902",237.1102,4.055,117273,117002,111417,137105,101400,132248,187700,207752,177220
"2903",237.11046,3.501,16579,22917,29342,12535,34442,17560,215435,238656,175883
"2904",237.11229,1.855,2420,1480,2155,11729,1889,5608,247345,286256,283110
"2905",237.11279,7.025,1890023,1369029,1441388,1363658,1418964,1310599,1493791,1163527,1368530
"2906",237.12761,5.747,223360,276384,247271,250368,244111,266882,301203,273801,326377
"2907",237.12779,7.745,899597,864120,824048,865057,795383,816156,876888,839405,911777
"2908",237.12782,6.052,270543,260095,300688,248802,248092,236923,286733,267402,286566
"2909",237.12793,7.976,215127,242233,240362,216490,255803,223670,256283,222445,244656
"2910",237.12808,6.795,531807,525300,579780,482051,579337,534945,593164,513164,534476
"2911",237.12811,7.135,216598,285949,271677,273653,254787,248872,272301,249341,253041
"2912",237.12817,6.175,5383998,5654606,5735638,5591280,5330990,5205804,5617162,5838906,5871783
"2913",237.12827,6.616,261452,267046,284525,280906,310520,287951,268722,297896,338231
"2914",237.15842,3.324,335020,116708,87057,52701,53527,34795,79334,27486,24390
"2915",237.18587,9.053,210165,58477,44765,28169,46175,24475,50496,91923,74975
"2916",237.22206,8.664,589156,68371,64854,2277,1962,1602,23745,25988,18497
"2917",237.90846,0.411,285914,320315,282360,307532,272706,319969,235812,565506,649091
"2918",237.90891,12.128,1572847,428990,753536,496179,1995638,1973632,807872,393051,327336
"2919",237.909,12.214,1087988,655654,614888,373298,1987866,2031143,992417,425570,257200
"2920",237.90904,0.791,1236774,1604950,1365606,1117628,1154436,1061093,669299,751800,805568
"2921",237.90915,0.562,373028,256914,330434,321311,291025,309935,30641,16145,37733
"2922",238.04549,0.521,0,0,0,0,0,0,282596,301717,244664
"2923",238.06912,1.639,0,0,0,0,0,0,37794,24396,20269
"2924",238.07135,0.808,1707,0,0,0,0,0,447125,472508,454852
"2925",238.08458,3.152,76644,1475,0,0,0,0,0,1976,0
"2926",238.08467,2.67,279726,0,0,0,0,0,0,0,0
"2927",238.08476,2.189,292788,0,0,0,0,0,0,0,0
"2928",238.10559,2.412,379941,18541,20325,0,1305,3329,1863,2867,2394
"2929",238.10736,2.104,3605,3292,0,1319,1728,3370,60920,53613,34182
"2930",238.10788,2.848,12837,1254,1298,1063,0,0,626016,577304,377345
"2931",238.12094,9.59,83964,26450,22697,0,1991,2895,2817,1968,0
"2932",238.12115,9.715,107481,25957,14592,0,1743,0,2004,2130,0
"2933",238.1212,3.663,226232,16319,17267,0,0,0,0,1362,0
"2934",238.12128,4.364,3278672,605792,549583,90382,137779,31488,33715,54374,64558
"2935",238.14203,4.414,631018,94842,162805,3130,5130,8568,25075,12751,4956
"2936",238.1422,3.11,717481,17814,35314,3112,5696,4219,3599,14801,3167
"2937",238.14226,3.88,2146332,410250,456973,170028,174865,184332,317686,329845,296621
"2938",238.14413,3.51,6157,63853,67387,3210,1023,1386,122538,128023,129785
"2939",238.17865,4.508,442413,401059,420650,346743,294309,305633,422660,469220,479273
"2940",238.18068,7.583,411752,436399,434853,434168,444998,438164,449736,404282,437152
"2941",238.18092,8.318,96336,82504,82762,75258,88028,71905,82571,77279,98505
"2942",238.18098,4.977,1337268,70826,66196,3067,3047,2168,5404,5727,9714
"2943",238.217,7.342,1160930,12391,23238,0,0,0,0,0,0
"2944",238.21719,5.818,124069,2073,0,0,0,0,1758,0,0
"2945",238.90741,11.652,2147160,2308504,2196663,2063026,2205930,2097596,2085543,2262819,2406710
"2946",238.90758,4.8,33337,24207,22810,42956,52323,27695,54446,48581,31890
"2947",238.90779,6.071,54971,65111,87786,46013,81419,70067,43984,84369,30663
"2948",238.94315,11.774,133264,160096,150493,145217,100200,121825,158363,169290,180527
"2949",239.01648,0.421,0,0,0,0,0,0,36561,58101,56485
"2950",239.05167,0.808,0,0,0,0,0,0,45873,51405,34997
"2951",239.07118,8.187,134004,184479,148203,145991,167927,136850,185446,158270,160105
"2952",239.09532,1.753,5574,6194,4861,10934,8030,10390,547812,608484,558947
"2953",239.11267,0.585,0,0,0,0,0,0,903703,852945,966583
"2954",239.11293,0.81,0,0,0,0,0,0,1165156,1297874,1211631
"2955",239.12808,5.17,1422090,1103007,1000771,216155,258075,234306,6103978,4893025,7957842
"2956",239.1282,5.078,180978,180058,166818,67515,116985,118850,1334308,1332205,3008870
"2957",239.12825,4.914,35680,79749,85686,56494,14011,57233,270912,249629,390114
"2958",239.14911,1.498,928932,1069023,1002647,788337,1048321,810802,1101643,1015335,1117948
"2959",239.14934,1.792,544310,463486,842009,857144,1774399,907513,1180418,1141969,5083812
"2960",239.14957,8.167,436055,421978,321277,429523,370686,338979,362143,226647,672247
"2961",239.14963,1.894,3201481,3489922,2667104,2298493,2277636,2123033,3054200,2973574,4042379
"2962",239.14977,11.652,2649355,2582253,2937834,2379332,2391035,2419388,2977407,3105778,2855181
"2963",239.1498,4.518,162625,218395,177184,132327,102489,102427,62121,172609,180859
"2964",239.17543,0.585,0,2135,3390,0,3938,6466,87122,87102,116095
"2965",239.17563,1.282,0,0,2232,0,0,0,428479,431935,430902
"2966",239.89357,0.458,0,2080,0,0,0,0,9002,19532,27205
"2967",239.96696,11.657,1480898,1898845,1539183,1660518,1627159,1623964,1529273,1626556,1730462
"2968",240.1004,2.56,1845281,53141,68787,0,0,0,0,0,0
"2969",240.10049,3.35,233503,16946,15011,0,0,0,0,0,1250
"2970",240.10051,3.823,2130711,402904,413384,1297,0,0,0,0,0
"2971",240.10063,2.645,457730,1670,9982,0,0,0,0,0,0
"2972",240.12134,2.459,1546599,70451,106827,1613,1489,4500,7331,7306,7997
"2973",240.15813,4.361,678685,85306,70223,22244,18922,15157,57601,30166,33700
"2974",240.16,2.524,1689,12285,5608,2287,3547,1275,91004,91869,92759
"2975",240.16022,5.856,324591,5603,10438,26014,8176,7570,5445,48509,18446
"2976",240.16045,2.6,1668,1724,1434,3842,5926,1114,100781,98971,93709
"2977",240.19641,9.077,288513,36119,31286,2028,0,0,2330,7308,3667
"2978",240.19644,9.829,124038,11739,10127,2533,0,0,3136,3909,0
"2979",240.19661,5.687,1027623,111305,110104,36926,45115,36635,51755,55055,64247
"2980",240.19661,5.354,798313,155308,142191,70147,79327,73987,92635,88585,91027
"2981",240.23232,8.149,151929,30962,39020,3487,8946,2714,33053,11061,30176
"2982",240.23248,5.634,895569,765968,930148,844277,909118,872331,1016375,963354,1035302
"2983",240.23248,5.436,436160,363762,374259,399755,372917,383486,483832,297898,500162
"2984",240.23288,6.072,476427,38801,71324,11541,10647,22798,22226,22862,28844
"2985",240.23288,8.457,186347,14716,21746,3780,2302,8368,15526,13745,27591
"2986",240.23332,7.861,118813,45205,42536,11375,6951,10751,4186,21909,19349
"2987",240.90315,0.469,140548,129314,57866,103637,121798,118632,24460,33589,18904
"2988",240.96771,0.467,89605,59013,102725,55242,88167,62985,19570,92103,11794
"2989",240.97079,0.719,679504,417298,387808,567216,673768,733679,362817,744209,300498
"2990",241.00221,11.763,74471,64333,77214,69383,75719,72217,82800,94793,45038
"2991",241.03156,0.519,1593,0,0,3487,0,5341,2320246,2898555,1958945
"2992",241.08356,1.864,42870,53003,41043,44845,61336,22850,77129,75804,39329
"2993",241.09517,2.597,204145,2584,1818,0,0,0,365733,416589,397682
"2994",241.09636,4.686,10089,4447,1757,3140,2251,1807,72572,61375,57285
"2995",241.14149,5.4,963549,1051499,1220456,1095432,1062230,1094533,1090293,1095782,1145120
"2996",241.14401,2.921,63281,35066,75122,29618,46702,35049,149768,181571,137806
"2997",241.14433,4.095,558502,83279,181991,77508,51641,40649,124227,256179,44009
"2998",241.15471,0.587,0,1761,1754,3484,0,0,1992882,2000461,2191200
"2999",241.15503,0.814,0,0,0,0,0,0,1111569,910363,1324629
"3000",241.15503,1.032,0,0,0,3658,0,2136,871211,948361,847768
"3001",241.17882,4.602,178157,139050,125727,98433,128563,169260,125433,140916,103631
"3002",241.17999,11.751,39174,27998,41144,57200,50239,71589,101730,165193,117561
"3003",241.18022,6.153,341011,341529,412301,460289,343788,309630,401645,446727,374141
"3004",241.18047,5.977,232781,248033,282637,227791,229344,240961,201713,154801,449562
"3005",241.21638,11.733,50738,123292,79109,23381,25170,52607,102126,61171,141262
"3006",241.2164,1.887,78763,60871,45375,91344,77435,90778,200511,101690,77549
"3007",241.21664,7.714,371598,339104,394187,438691,379330,387330,432091,436424,478392
"3008",241.21692,7.874,858744,824596,744326,585236,530482,736939,874717,614834,776558
"3009",241.21695,0.408,98300,97516,50228,109854,31591,111576,54633,115283,79572
"3010",241.88429,11.779,516221,781440,635531,695524,461329,451809,667964,631993,648985
"3011",241.88902,0.487,53185,60102,36932,51609,42661,46826,895736,995436,1070284
"3012",241.94812,0.671,0,0,0,0,0,0,43553,75575,70353
"3013",241.99973,0.418,2385,11129,4756,17365,5984,1791,1882625,2750606,2950101
"3014",242.02226,0.525,0,0,0,0,0,0,191156,257956,282370
"3015",242.10042,1.606,1917,0,0,0,0,0,195308,212103,204502
"3016",242.11562,5.318,0,0,0,0,0,0,68473,61277,59170
"3017",242.11624,3.911,141712,1495,0,0,1344,0,0,1936,0
"3018",242.13712,2.168,527514,35782,38301,14011,7622,10300,6677,14076,4300
"3019",242.13715,2.011,309744,26056,14486,6661,6218,4524,8925,10716,7048
"3020",242.13718,9.73,145777,32068,50673,44593,14018,30363,14666,39005,71302
"3021",242.13838,2.639,222299,18083,15639,16167,13263,4751,14884,27168,15534
"3022",242.13866,3.967,18754,41241,25873,9127,13416,7200,82607,114996,217062
"3023",242.13893,3.054,134627,11453,9710,26442,23517,12464,22807,29411,25584
"3024",242.13916,3.256,1615833,79405,98117,30078,29797,9127,61827,59709,44096
"3025",242.17543,3.499,14528,3319,11355,13273,3791,5534,573944,540504,557570
"3026",242.17574,4.305,143323,89238,94866,77085,74066,78265,95006,97570,101634
"3027",242.17574,4.683,188479,18549,14168,2112,13176,3171,18871,7198,30604
"3028",242.1759,7.06,92908,1953,7837,2108,4124,5939,2219,2722,4477
"3029",242.21165,8.24,192351,3898,11437,4438,5426,13044,6443,7602,9886
"3030",242.21188,7.342,1410903,15912,6501,3353,2247,0,7640,3743,3960
"3031",242.21201,5.886,831119,61507,69926,1570,1581,2075,7457,6362,9945
"3032",242.21201,8.167,241572,7876,15785,11178,5426,5674,13093,7751,3352
"3033",242.21213,5.649,292974,44867,46180,10651,5664,9516,16433,20673,20635
"3034",242.21214,9.722,472893,59192,57491,2434,0,2233,5559,8046,7081
"3035",242.21219,7.405,1116074,15912,2965,3353,1574,0,2815,3743,2390
"3036",242.21225,5.966,1112604,100701,104899,3128,6721,5574,7842,10101,14501
"3037",242.21228,6.072,603571,164121,82406,52810,14678,22958,38812,10101,29632
"3038",242.24857,8.75,3662058,225675,370176,2173,4011,2410,105206,57600,69879
"3039",242.24863,8.951,1175198,136707,113008,46444,48375,38867,28592,34014,56559
"3040",242.9257,0.471,1561991,1256423,1460053,1108510,1508916,1271964,28031640,25631650,19517056
"3041",242.92575,11.641,2209539,2336104,2253434,1932657,2281232,2196046,2333056,2483992,1953948
"3042",242.92589,8.21,442476,288289,143428,655069,736545,309756,417222,713828,387172
"3043",242.92592,10.053,278304,183187,275466,214669,485291,184487,263911,366881,568794
"3044",242.92595,9.131,318636,250241,382426,602188,319843,550748,338291,526956,506946
"3045",242.92598,4.806,106289,156954,167915,236150,55743,134911,87326,76840,123094
"3046",242.92603,4.327,134752,54464,68067,190340,180885,75520,148163,80281,71449
"3047",242.92612,9.694,542378,145783,383972,399589,404938,343946,448029,384774,332624
"3048",242.92624,9.543,535488,519765,625695,393073,408383,351810,453451,351894,499908
"3049",242.92625,4.925,161200,92288,74522,255325,118985,179961,177938,115804,100404
"3050",242.9502,0.726,326503,237605,369045,62568,130990,103651,119497,164304,60699
"3051",242.98294,0.836,0,0,0,0,0,0,490533,1938311,783205
"3052",243.05338,1.827,2613,0,4075,2035,4349,4383,3664917,3729238,3258984
"3053",243.0744,0.889,0,0,0,0,0,0,109066,98287,90873
"3054",243.09792,0.583,0,0,0,0,0,0,19493,19724,51869
"3055",243.13454,2.593,8913,6067,19577,13704,15104,1975,90558,100671,97720
"3056",243.13579,7.734,88355,145754,138510,140565,136707,136152,149925,153060,168982
"3057",243.13608,7.584,275704,441211,438526,462913,457720,467643,482783,467930,465453
"3058",243.13623,8.317,137509,117055,113351,131548,123332,128080,121460,125031,133413
"3059",243.15968,5.214,240280,218627,243187,227303,198562,241316,266708,254983,295280
"3060",243.16008,5.957,124880,142490,125508,143279,60958,150285,148553,147266,141446
"3061",243.17114,2.22,1366428,9054,16147,0,0,0,2781,2238,2173
"3062",243.2077,3.898,110933,0,1259,0,1106,0,0,0,0
"3063",243.20773,4.092,38298,34999,33447,29896,28800,26158,30079,29901,36646
"3064",243.20926,7.54,228890,1856,2213,0,0,0,15621,19193,20961
"3065",243.21115,5.534,127444,0,1585,0,0,0,0,0,0
"3066",243.21118,7.11,265780,3369,3375,0,0,0,0,0,0
"3067",243.21147,7.68,285188,7316,1842,0,0,0,6601,15905,7584
"3068",243.21158,6.943,148205,6612,13567,0,0,0,0,0,0
"3069",243.21162,7.814,179649,2487,2084,0,0,0,1554,0,1598
"3070",243.92244,11.779,52004,20132,30346,58648,25693,43999,61555,63925,32306
"3071",243.94179,11.638,767926,902183,833715,796418,933001,777734,979281,706202,592205
"3072",243.94189,9.824,290637,565241,284506,261826,443848,366645,270016,619952,413060
"3073",243.94199,9.162,264494,177998,264081,162041,247975,314026,293893,454362,421497
"3074",243.94206,9.264,142599,288118,309229,481244,399822,455731,427469,351754,402038
"3075",243.94217,0.47,597381,538065,619141,483493,552961,537479,121650,72415,61224
"3076",243.9422,6.034,278129,116302,279768,247669,265733,90267,328986,86372,241552
"3077",243.94225,10.119,397385,387114,454517,385987,488215,443867,378276,428265,589081
"3078",244.08678,2.799,177159,7435,23642,1157,2066,1519,1752,1412,0
"3079",244.093,0.555,0,1647,2016,0,3389,0,522255,629291,513753
"3080",244.15511,3.538,623379,208599,109045,129397,93323,48432,146503,195545,58634
"3081",244.15512,3.917,176326,180787,185562,145405,107750,152860,170696,180809,234772
"3082",244.15517,2.409,1643327,207338,223005,250983,39385,225380,78582,339759,284762
"3083",244.15517,2.89,1289463,195099,163746,48183,50798,29021,36527,44449,32476
"3084",244.15518,3.299,429543,102722,104334,36286,19402,48957,52513,35066,47487
"3085",244.15523,2.355,1047460,220420,181748,250983,245470,225380,214004,339759,284762
"3086",244.15524,4.036,295663,48699,50039,31399,26444,59990,106983,47002,69165
"3087",244.1562,11.646,2189607,1912697,2387698,2016226,2267284,2050033,2359964,2230954,2181428
"3088",244.19093,10.03,624235,514129,572123,532849,503642,531852,493418,625460,780193
"3089",244.19096,4.873,6241952,5942039,5883035,4966172,5057464,4999242,7417209,7916312,7638906
"3090",244.19104,10.166,1705378,1637702,1846448,1782049,1516102,1638565,1847676,1938475,2151907
"3091",244.19151,5.523,870635,513517,611647,315504,426223,347813,263379,496860,294518
"3092",244.22792,6.842,1933582,1789408,1860705,1681413,1890535,1799996,1940230,1889369,1847107
"3093",244.22803,4.716,286081,293376,306682,448363,306663,473502,480209,208918,235244
"3094",244.26425,5.591,465336,39981,30188,46977,120888,58594,38985,18351,114515
"3095",244.92305,0.502,83367,91299,74587,55238,106155,62211,1973298,1720534,1362010
"3096",244.94695,0.418,121343,140615,118558,139887,139512,138268,2536102,3080312,3170632
"3097",244.9478,0.785,431772,475968,486850,481583,471558,475915,285488,357596,279449
"3098",245.01266,0.505,0,0,0,0,0,0,180545,207077,106740
"3099",245.04625,2.142,164798,248058,198851,0,0,0,2242,2606,3494
"3100",245.07703,0.822,0,0,0,1823,0,0,136888,91315,127147
"3101",245.07874,6.057,133708,147950,137120,166006,153613,140296,131933,141061,163172
"3102",245.10031,1.321,0,1591,6258,0,0,0,223673,238881,214192
"3103",245.11401,0.808,0,0,0,0,0,0,40705,51444,18192
"3104",245.11551,3.964,54805,69473,79616,73982,77327,75172,90775,83884,74673
"3105",245.12881,2.615,1294,1297,1500,0,2947,1546,63585,65158,62669
"3106",245.13115,5.964,9493,17568,18440,11006,5970,15918,292590,286008,333516
"3107",245.13264,6.769,120836,121775,139051,136691,139978,127143,145307,143529,150078
"3108",245.13283,8.531,539506,553176,526814,517214,541632,554144,595086,544930,587461
"3109",245.13293,8.38,526098,507648,508770,496499,508973,492846,555627,570993,568989
"3110",245.13298,8.249,92080,89143,109335,112644,93539,107177,108391,117787,121266
"3111",245.13303,8.68,247427,221614,223114,162116,206105,229527,220766,259511,260722
"3112",245.13319,6.947,152927,150628,137840,131513,158069,156927,161241,172300,173365
"3113",245.13879,3.368,674410,668115,699220,620760,625373,647032,694787,718510,715787
"3114",245.13904,3.718,42339,63069,42845,102970,46893,52684,209420,217872,193207
"3115",245.14925,8.28,6694,22013,13371,4110,9027,2098,508879,551139,90673
"3116",245.14943,0.563,0,0,0,0,2805,0,557318,561192,521969
"3117",245.15025,1.761,232580,30194,24817,0,0,0,0,4687,0
"3118",245.22679,8.988,284387,34743,32055,0,1943,0,7793,12369,2035
"3119",245.22699,7.546,1262941,70800,67158,1871,3685,1363,3895,2987,2093
"3120",245.22701,8.118,1927837,85018,93321,0,0,3202,2243,0,0
"3121",245.22708,7.143,2428188,212285,216882,7458,19460,2804,3381,8388,2879
"3122",245.22713,8.208,1581270,79357,73609,0,0,0,0,0,0
"3123",245.22716,7.301,1890735,163487,156740,1606,5796,5476,3505,1971,2307
"3124",245.93394,11.89,32088,31936,36821,28282,35839,66710,82666,120213,92514
"3125",245.99341,0.523,2149,5177,6524,13157,14444,4305,259185,334542,361615
"3126",246.02908,1.06,0,0,0,0,0,0,89932,107395,97085
"3127",246.06479,11.643,0,0,0,0,68987,0,0,0,0
"3128",246.08147,4.025,50746,42367,42063,34086,33920,34251,31954,47719,46548
"3129",246.09502,0.482,0,0,0,0,4273,0,988907,846232,885707
"3130",246.13603,11.65,238226,215116,141838,23391,148575,277415,388928,268987,301013
"3131",246.14522,0.809,0,0,0,0,0,0,138814,160643,140205
"3132",246.14539,0.565,0,0,0,0,0,0,1052906,1048569,994030
"3133",246.14711,7.09,1684298,10158,1942,2944,2414,4269,11980,2414,2358
"3134",246.14717,4.824,195131,6083,12302,0,0,0,0,0,1076
"3135",246.16998,4.869,95543,78963,102635,46954,68476,39555,206105,57365,255431
"3136",246.17038,4.415,135649,187749,68043,106032,186402,85661,115207,170058,319315
"3137",246.17059,4.673,341403,402017,339204,388215,306998,425130,425744,432890,582994
"3138",246.17082,3.409,328336,243635,126962,146995,46668,165240,134709,56425,66415
"3139",246.1709,3.475,656966,168554,271974,138817,161511,132747,62326,64001,131471
"3140",246.17094,5.478,186282,498254,372379,199271,393134,294409,268032,374306,381818
"3141",246.18185,0.462,0,0,0,0,0,0,191936,222464,238522
"3142",246.18782,0.58,372147,11626,18022,0,0,0,0,28780,31127
"3143",246.20714,1.036,261635,5020,8357,1486,1950,3753,3196,10489,4533
"3144",246.24358,4.541,5341688,5501637,5674907,5235086,5059555,5295214,5126877,5670578,5808950
"3145",246.86255,11.855,539484,144861,539787,480941,494966,641322,423577,576030,959850
"3146",246.86263,11.804,539484,495000,408466,366541,486960,641322,449936,576030,436463
"3147",246.92191,0.713,103351,187257,124866,64087,79238,72371,10836,50534,41620
"3148",246.97769,0.81,0,0,0,0,0,0,175508,166805,186535
"3149",247.04359,11.637,176224,116252,38937,117323,100066,88412,128847,183529,96930
"3150",247.05843,0.565,6438,1632,8325,4607,3589,3577,3531843,2479986,3467236
"3151",247.07941,0.795,0,0,0,0,0,0,746885,790980,706289
"3152",247.09235,10.185,38611,29489,43824,36689,43677,40045,43429,57326,48114
"3153",247.09433,3.55,58515,88379,76412,97659,85820,90017,120657,114103,105315
"3154",247.10359,11.645,67305,122936,120263,6278,16546,169523,117632,32672,0
"3155",247.1082,3.259,0,1262,1562,175845,1652,0,65562,68267,68061
"3156",247.12927,1.29,0,0,0,0,0,1794,473128,535966,502008
"3157",247.13326,4.153,5560,1279,3142,5462,2811,3090,336775,369565,339563
"3158",247.16661,0.588,1713283,1638814,1668738,1582137,1584562,1635950,1739030,1751040,1865420
"3159",247.16676,11.645,556164288,540221504,565485824,514334304,543355392,527666528,617522112,526188512,530323328
"3160",247.16681,10.029,2045570,1910773,3692718,1778042,1883422,2717537,1507282,3250997,5857114
"3161",247.16702,9.761,2050113,3934342,2261204,3298907,1749685,2322206,1406027,2281375,5344328
"3162",247.16708,7.817,1560222,654960,1094646,935897,1353752,1236021,2792168,950358,2175655
"3163",247.16722,6.001,1451385,1350154,1994426,2076948,1626878,850335,1076798,687050,1422814
"3164",247.16734,1.385,4386420,3296978,3368572,3075494,3165942,3640635,3684549,3437173,2879801
"3165",247.22346,11.64,98787,273202,362985,206891,516423,434600,340163,404602,171206
"3166",247.22711,7.841,640692,491538,484693,465500,427018,419492,503826,486487,1706433
"3167",247.24236,9.631,358150,49566,32404,0,0,0,3010,0,2865
"3168",247.89665,0.469,181252,153833,170731,133816,151158,152799,45584,18639,2821
"3169",247.94284,0.054,71039,55344,143396,143984,60462,65080,116768,163727,148863
"3170",247.94392,11.865,1846964,1423341,2095716,1747681,772835,1673007,1712101,729873,1835137
"3171",248.05281,0.469,0,0,0,0,0,0,160256,199959,180899
"3172",248.0661,2.799,137762,17154,19060,0,0,0,0,0,0
"3173",248.10551,4.243,116497,1360,4420,1225,998,1261,2784,1276,0
"3174",248.1134,2.536,1854,2930,4210,5578,5528,1313,219584,215397,207850
"3175",248.11346,0.534,0,0,0,0,0,2906,1136399,1277143,713314
"3176",248.11981,5.96,4296,4751,1685,0,1266,2224,121408,151726,92998
"3177",248.12675,3.567,228089,8671,6172,0,1253,0,0,2860,0
"3178",248.15018,2.294,294135,54008,40739,9872,1777,5953,5820,10619,5726
"3179",248.16164,7.405,802036,21405,76492,98341,144176,118656,148612,76311,88051
"3180",248.16176,9.077,506926,97878,127117,207776,373603,181967,138727,155578,253384
"3181",248.16193,7.324,770126,92409,137680,125248,95990,118834,123729,131403,141452
"3182",248.16234,5.143,370212,69032,36557,74905,24039,54958,89530,69547,47578
"3183",248.18604,1.562,1379,0,0,0,0,0,274089,281296,257290
"3184",248.20166,8.317,274070,234010,210336,205800,222318,219274,237594,221609,237115
"3185",248.22281,2.505,204412,1793,1358,0,0,0,4132,12225,4713
"3186",248.87083,0.478,0,1864,1791,0,0,0,205489,227782,197260
"3187",248.90086,0.052,391631,831650,825963,601214,526494,686815,582940,599402,639957
"3188",248.90105,0.587,260962,235977,231369,268842,157105,247919,0,4748,18971
"3189",248.90126,11.844,1201538,767290,1028782,874545,361985,582483,417903,1170480,1525787
"3190",248.90163,0.79,336427,375354,101756,93100,298733,78257,70070,171686,215031
"3191",248.99341,0.93,0,0,0,1450,0,0,74226,76244,70718
"3192",249.02901,0.884,0,0,0,0,0,0,202265,234071,209353
"3193",249.03687,0.53,0,1880,0,0,0,0,1743540,1849011,2019672
"3194",249.0527,3.965,115724,131248,109750,54864,50079,54505,384841,672647,1451622
"3195",249.06134,1.819,0,0,0,0,0,0,1434793,1690364,1479126
"3196",249.09161,6.147,90124,85477,78597,96374,90869,90134,93792,92108,94517
"3197",249.092,5.836,36976,31093,33613,38282,38211,32599,36995,42020,40856
"3198",249.10835,0.581,1369,0,1740,1944,2834,0,499043,517339,423783
"3199",249.11021,4.451,27717,30839,21033,34882,27786,28387,239924,266569,227405
"3200",249.11227,9.03,93251,104111,112993,111361,113042,110281,125351,115320,134297
"3201",249.11249,6.426,132916,108379,120117,109917,127579,104377,116053,114487,122819
"3202",249.11293,5.995,77897,65306,107061,89967,84801,68348,55029,42089,89127
"3203",249.12357,1.638,0,0,0,0,0,0,641230,603168,592567
"3204",249.12375,1.391,0,0,0,0,0,0,369283,361975,355339
"3205",249.12729,6.796,119364,130874,134409,164153,119078,122137,163053,130102,115505
"3206",249.14676,5.745,151622,164917,199825,168777,162136,165793,262890,235567,277840
"3207",249.14761,4.945,39881,44449,34031,27181,30415,21631,96247,102616,112706
"3208",249.14795,6.052,26158,33180,37240,20461,62233,54772,105202,122456,100869
"3209",249.18413,7.152,27479,129838,135955,116209,137242,138986,127885,128583,142372
"3210",249.18533,6.365,17599,36413,10144,29361,18263,18626,258301,273114,242535
"3211",249.18538,6.445,36088,25360,34589,36448,38018,33027,343790,384209,355500
"3212",249.18559,6.09,223778,39117,47753,9137,25384,12265,91422,94270,93778
"3213",249.18567,6.151,311783,36241,34698,21773,19302,24441,91422,94270,93778
"3214",249.1857,6.207,190967,35859,38663,21773,49593,24441,81167,21291,27225
"3215",249.20682,5.726,120276,137886,216674,55027,55058,66490,70781,68620,167771
"3216",249.22154,7.215,197100,9875,8715,2439,1707,3919,4802,3421,6055
"3217",249.22166,7.588,145012,1858,13529,3281,5424,1411,9222,7050,9071
"3218",249.22189,6.628,203512,14990,13122,1465,0,1279,1595,0,1577
"3219",249.22198,6.85,383340,26648,34814,0,1266,0,4850,3218,2234
"3220",249.22217,6.782,176321,10424,12569,2010,1802,0,4850,1717,2234
"3221",249.9169,11.668,162759,100527,167279,62950,101376,72099,140726,131923,165073
"3222",249.92549,0.417,34363,37393,2494,75777,27137,9942,70483,72142,87458
"3223",249.93933,11.834,312030,719502,155613,848631,358818,398176,1071932,498114,383831
"3224",249.97104,0.536,396931,547838,686852,692146,832140,709779,104263,105889,111111
"3225",250.03897,1.38,0,0,0,0,0,0,1261316,1410465,1291912
"3226",250.06912,2.644,0,0,0,0,0,0,229641,228013,170151
"3227",250.09227,0.53,0,0,0,0,0,0,983845,1118794,1147824
"3228",250.12109,4.589,114686,31331,18834,0,1383,1396,0,1125,1415
"3229",250.1212,8.988,481978,165056,151547,8648,3048,5369,71137,72597,69996
"3230",250.12125,7.437,163222,9171,1977,3188,3957,2153,2185,4204,1494
"3231",250.12865,0.577,3040,1806,0,0,0,0,527608,653052,749735
"3232",250.1293,0.808,0,0,0,0,0,0,96247,106674,85213
"3233",250.14183,7.054,128999,15840,12553,0,0,0,0,3747,0
"3234",250.14185,8.097,148333,31245,83229,0,0,0,4257,2999,3746
"3235",250.14212,3.164,535877,22933,18399,1045,0,998,1675,2156,4177
"3236",250.14215,3.793,456926,21476,19741,2797,1026,9283,47972,46825,43674
"3237",250.17804,10.165,215888,256214,257143,329003,316874,291351,339323,312749,320745
"3238",250.17805,5.581,10416879,9460141,10359997,9783200,9439286,9204035,4158914,11444846,11338753
"3239",250.17847,9.712,479194,261457,240695,88822,84639,128355,104043,190362,205598
"3240",250.17863,9.593,238352,194924,186839,127935,106271,108342,102783,67729,142422
"3241",250.21672,7.116,159775,0,0,0,0,0,0,0,0
"3242",250.2169,6.653,393066,0,0,0,0,0,0,0,0
"3243",250.21715,6.572,495909,0,0,0,0,0,0,0,0
"3244",250.2173,4.936,345995,1394,1110,0,0,0,0,0,0
"3245",250.21739,4.562,508136,17594,15674,0,0,0,0,0,0
"3246",250.21742,4.741,242582,0,1395,0,0,0,0,0,0
"3247",250.21745,4.447,781097,31425,37332,0,0,0,0,0,0
"3248",250.21745,4.802,447344,0,1395,0,0,0,0,0,0
"3249",250.21748,6.024,200925,0,0,0,0,0,0,0,0
"3250",250.23883,7.223,46963,46082,41697,41165,47197,47957,51586,42835,57002
"3251",250.90161,11.661,955531,928176,1194787,889744,919644,888762,782322,1046633,839651
"3252",250.93591,0.643,71076,58397,82333,53445,46986,53497,178497,170136,174176
"3253",250.97325,11.807,147975,190748,121136,192354,150292,135146,136755,144401,127638
"3254",250.99956,0.558,269181,175334,214201,280630,334491,245032,101313,36915,145154
"3255",251.00027,6.308,167073,201858,315637,171531,87228,227738,351490,237270,416782
"3256",251.04688,9.847,68985,197046,181344,85367,102649,133507,239109,143086,131049
"3257",251.0472,9.249,562688,563915,650716,561909,621688,572324,731556,646900,750653
"3258",251.10321,3.544,1396,1406,0,0,1225,1658,112766,93949,56802
"3259",251.12509,2.799,186068,71747,76537,29094,42645,51842,89827,27687,36759
"3260",251.13933,1.387,0,0,0,0,0,0,1109742,1194716,1079247
"3261",251.1395,1.635,0,0,0,0,0,1584,5447713,5673650,5437906
"3262",251.13953,0.609,0,1156,0,0,0,0,87291,138007,171133
"3263",251.14348,6.746,343377,259850,312839,328807,321663,271685,346320,361586,340562
"3264",251.14375,7.151,19530,103240,103801,88500,84234,114232,109337,86393,100978
"3265",251.16223,4.839,816307,1646211,1695272,1581742,1615298,1687373,844765,867843,955682
"3266",251.16235,4,1283813,1324541,1335772,1354976,1317661,1349025,1639012,1627907,1687287
"3267",251.1624,4.906,744360,1646211,1695272,1584018,1616803,1688241,866725,869783,910671
"3268",251.16309,6.095,149058,200187,195729,179149,139491,133674,293555,187887,261764
"3269",251.16438,3.611,266288,213829,286821,641897,623874,588628,831816,740738,333515
"3270",251.18216,5.54,810345,1367550,1396353,1281384,1281184,1284832,940510,1004488,1657469
"3271",251.18623,3.279,2524379,2434208,2446769,2218738,2279243,2303528,2340802,2341236,2469997
"3272",251.20125,6.616,1796235,245474,187768,19838,21337,39936,27588,26813,50267
"3273",251.20129,6.491,1073876,116561,113910,28099,30456,39496,127089,67568,67709
"3274",251.20132,6.83,1108454,128893,91669,46393,53745,15105,34561,54727,28644
"3275",251.20134,4.455,286682,20689,20845,20073,13748,16446,14599,9868,24291
"3276",251.2014,4.562,120905,32216,18457,26035,18159,6006,26823,27103,20499
"3277",251.23727,7.687,975989,65856,41924,0,0,0,0,1225,0
"3278",251.92508,0.6,70820,99068,61850,81352,74813,61864,71095,10580,47833
"3279",251.9568,0.781,6450,2042,6014,2073,1808,2292,68750,155479,143050
"3280",252.07164,1.381,0,0,0,0,0,0,115429,121690,108966
"3281",252.08699,2.865,0,0,0,0,0,0,121966,121247,106193
"3282",252.10023,3.683,116927,11217,1482,7283,10052,8778,10291,11446,11801
"3283",252.10043,5.868,112050,5127,3244,2944,3955,2144,15807,4424,3818
"3284",252.10051,3.197,1125544,10773,4168,2374,10006,5901,14039,4217,8268
"3285",252.10793,0.54,430528,394736,444660,432985,450548,25888,1353503,1627953,1480436
"3286",252.12122,2.98,558241,30507,29457,0,1205,0,0,1602,1616
"3287",252.12128,2.406,194409,1343,1478,0,0,1234,11553,1490,6337
"3288",252.14439,0.652,54596,26549,37472,50732,35692,17668,131381,74202,380341
"3289",252.14465,1.835,25662,37372,80703,35893,29801,43734,230810,220776,203523
"3290",252.14474,0.533,33713,42649,76201,126172,116528,61607,238377,185284,427988
"3291",252.15735,4.388,745316,271581,284168,164060,188575,178523,691454,766900,737279
"3292",252.15775,4.984,629164,169088,253249,13752,41171,16122,10914,7543,87173
"3293",252.15776,3.652,780228,22821,51252,3782,1433,1542,1895,3493,8454
"3294",252.15807,3.458,227600,34662,40793,29772,25610,23570,47329,37580,35100
"3295",252.19658,8.506,198401,31940,25271,4526,0,2063,5342,5154,2319
"3296",252.1967,8.407,181343,13877,17140,0,2202,2063,5342,2399,3489
"3297",252.23274,7.127,9895704,539746,474997,0,0,0,1783,2074,2341
"3298",252.23279,7.33,1105554,28718,21013,0,0,0,0,0,0
"3299",252.23288,7.039,10544375,494322,497757,0,0,0,1783,1507,1687
"3300",252.23289,6.644,6454290,135246,124619,0,0,0,17661,15240,7913
"3301",252.23293,6.572,9983089,135284,79130,0,0,0,8129,12474,7913
"3302",252.23296,6.324,14261600,2474999,2725232,0,0,0,31592,40878,35198
"3303",252.23303,6.129,16985562,1382675,1452958,0,0,0,0,0,1622
"3304",252.23303,6.441,8052670,528769,553658,0,0,0,1706,0,0
"3305",252.23318,5.26,203848,8774,9209,0,0,0,0,0,0
"3306",252.87566,11.64,459967,492053,585152,428316,517536,486731,696655,531473,475099
"3307",252.87677,9.144,298037,141183,116683,368365,432876,514675,205688,458830,358045
"3308",252.87685,9.68,484866,276284,406503,336247,327553,272816,339544,429947,432926
"3309",252.87692,0.472,379371,322019,385043,285718,361325,322932,223401,194519,279285
"3310",252.95209,0.558,35947,38515,56994,71728,95010,77275,0,0,0
"3311",252.97363,11.676,15065,57616,14085,27363,124070,37156,19316,13946,108616
"3312",252.99776,5.903,34256,40971,45696,30042,40215,19064,74339,46566,107921
"3313",253.12268,4.686,128427,149432,132439,135844,123122,133128,140900,157827,133547
"3314",253.12296,7.15,92077,105692,103463,127281,131936,95580,131758,124611,142810
"3315",253.12303,6.99,386088,396263,402303,405528,383230,414680,401329,367811,401934
"3316",253.12856,1.881,455264,272735,308964,214080,214508,256994,647826,427812,458171
"3317",253.12872,11.7,153820,193751,111345,79464,115055,101442,166228,181311,120459
"3318",253.12875,1.052,3218,1346,1752,1917,3326,3834,910044,958353,829812
"3319",253.14319,6.046,31126,40235,35861,43790,15103,60277,87856,138819,76097
"3320",253.15311,1.775,211562,19755,20633,11627,15154,7081,4133,4113,6622
"3321",253.1649,2.345,82396,243924,90983,230215,207374,222926,206378,210427,80803
"3322",253.1653,2.214,175785,159297,111227,18047,21997,19628,108609,119713,109291
"3323",253.18008,7.181,233315,176398,165832,200248,199958,228059,276764,284347,243486
"3324",253.21655,5.22,47670,8075,13010,24112,9849,6612,288752,307400,302650
"3325",253.91016,0.475,1209829,1214108,1288369,974790,1202210,1173694,295060,258458,196229
"3326",254.1162,4.414,197518,28365,42349,0,0,0,1334,0,0
"3327",254.11623,3.881,300937,51527,59129,19690,18888,16407,24366,23158,26923
"3328",254.12407,0.81,0,0,0,0,0,0,182008,195520,172132
"3329",254.13692,2.351,435196,22272,47068,1467,7451,20645,16859,16394,15203
"3330",254.13702,3.06,731225,77992,100430,41845,29178,22047,17082,14693,13834
"3331",254.13702,3.158,398902,43397,43106,14413,31981,13486,9856,31747,16245
"3332",254.13704,2.67,512500,10639,7188,2534,4336,4095,13897,2684,1545
"3333",254.13705,2.74,500807,55335,70174,32089,27838,40901,81376,66175,61933
"3334",254.1398,11.646,323864,436279,424693,191191,330651,349473,471180,322629,263723
"3335",254.13991,2.879,407202,153832,163087,109728,91847,125563,138505,137014,163050
"3336",254.1485,2.135,7775,285335,182289,2945,1527,6377,6346,10453,4626
"3337",254.15211,4.51,102126,99748,96916,80789,77946,82565,55664,54232,56444
"3338",254.15457,6.177,67321,78683,69970,68170,76500,62120,82130,91326,80684
"3339",254.21176,10.056,5397,22560,31104,20876,3962,24720,2370,28052,5905
"3340",254.21182,10.776,42261,37110,36770,52704,31068,39356,38297,47437,34865
"3341",254.21198,7.106,57508,29951,50794,48660,20286,13299,45210,56148,64338
"3342",254.21207,9.172,359434,38429,36875,1872,2396,2208,1687,7932,6652
"3343",254.21208,5.815,321343,221015,248512,188299,198797,195649,226211,222429,225618
"3344",254.21211,9.069,995631,130861,118858,1872,2396,2208,13347,20225,33623
"3345",254.2485,8.665,38898256,3854898,4019090,0,1705,1759,1149502,1183701,1148396
"3346",254.24857,7.171,346921,14206,14882,0,0,0,0,0,0
"3347",254.24866,6.715,1456955,129099,131357,0,0,0,11195,6760,2623
"3348",254.89998,0.47,144997,117179,134662,100499,134979,114446,22838,10404,2631
"3349",254.95013,0.539,263305,375803,493209,475417,551081,489243,51158,71709,23700
"3350",254.96855,0.514,2302,2015,0,3446,16856,7854,163358,149369,157200
"3351",255.01952,1.376,0,0,0,0,0,0,152122,172828,146304
"3352",255.02855,0.809,0,0,0,0,0,0,126994,131839,157691
"3353",255.05861,3.597,144369,130574,133197,118449,130426,127681,105098,110238,96591
"3354",255.09813,2.036,0,0,1722,1525,1524,0,59948,55410,53837
"3355",255.10788,0.552,0,0,0,0,0,0,2627562,2981127,2790216
"3356",255.1208,3.094,270856,127097,366888,375061,292288,45499,429929,542101,760726
"3357",255.12108,3.731,14827,40411,42212,32045,67715,24425,305118,214151,335108
"3358",255.12117,3.617,53873,104038,54134,56016,60414,60435,165810,164114,144053
"3359",255.13847,5.748,380457,420961,404735,388989,381700,414531,380130,430956,439080
"3360",255.15738,5.852,451516,427426,507006,468320,430159,434548,511798,499826,544249
"3361",255.17467,8.608,90872,74859,73007,72610,74706,79999,83875,80892,83207
"3362",255.19519,7.221,210617,264578,212635,236192,295346,287721,241880,293986,371622
"3363",255.19629,6.716,366296,420273,377142,305543,408974,366979,356922,467889,390499
"3364",255.23215,11.728,66868,111042,58525,38380,62668,66655,173081,65134,108945
"3365",255.23216,8.246,166664,312036,262318,288989,274569,229101,256577,345991,347010
"3366",255.23222,8.382,654079,535668,571820,499218,644656,505985,529208,559635,621048
"3367",255.23238,0.635,23513,82962,38505,38090,65405,67672,41921,95347,112777
"3368",255.25203,6.794,206903,9292,8582,0,0,0,0,0,0
"3369",255.92821,0.707,13768,189051,98874,149972,177663,86854,199560,134166,434309
"3370",255.93884,0.418,14009,18339,16262,24593,13924,24016,291236,371784,378809
"3371",255.94467,11.658,6163738,6859048,6586046,6249209,6274579,6098164,5808174,6435675,6473939
"3372",256.04337,1.384,0,0,0,0,0,0,49849,57437,50595
"3373",256.07919,1.958,0,0,0,0,0,0,55524,65904,60529
"3374",256.08157,0.577,0,0,0,0,0,0,3278059,3241819,3391410
"3375",256.08173,0.803,0,0,0,0,0,0,638391,701923,664070
"3376",256.09546,2.45,301818,7325,5838,0,0,0,0,0,0
"3377",256.11597,2.304,0,0,0,1623,0,0,255082,199926,105501
"3378",256.13953,0.81,9803,0,0,0,0,0,1781793,1901429,1830833
"3379",256.13962,0.587,13813,0,0,0,0,0,1251066,1241355,1281310
"3380",256.15274,2.645,727536,31419,64109,4125,9527,6980,6360,6062,17156
"3381",256.15274,9.712,387648,117635,112149,14877,6723,19398,36927,80287,24740
"3382",256.15277,2.493,757392,27198,36670,6038,3606,2316,17670,6850,4341
"3383",256.15286,9.077,126300,20351,16137,18625,9112,8869,16437,9442,19340
"3384",256.15286,9.587,283312,114698,102293,31546,6937,10941,52689,54190,43963
"3385",256.15402,3.968,72396,35739,17911,22131,11571,31296,68812,85602,132243
"3386",256.15463,5.17,101283,82368,67492,25983,18134,24650,363060,293392,477679
"3387",256.15482,3.287,134218,108205,124670,10067,7813,9376,20936,15101,12650
"3388",256.15564,3.526,15686,81315,76492,11514,7252,20525,17280,52787,44258
"3389",256.17545,11.655,841003,702381,817010,665975,760651,796641,811697,791933,777223
"3390",256.17615,9.724,125179,164856,309967,129399,181472,238887,83303,161467,187304
"3391",256.17624,1.896,1122832,1092952,923462,773478,821008,743667,1048533,896144,972084
"3392",256.1763,1.507,351115,215448,292357,139490,146017,293536,267619,305087,283334
"3393",256.19122,2.906,0,4180,2867,0,2628,1831,59722,64567,48957
"3394",256.19128,4.975,334514,30317,33536,7077,1554,9027,2020,5830,7507
"3395",256.19162,4.606,168690,94744,91140,80937,75687,85334,98823,114413,100656
"3396",256.19165,5.053,158094,17189,16629,1727,5052,1363,4056,9904,13636
"3397",256.20837,3.707,99626,0,3423,0,0,1046,2963,3034,0
"3398",256.22681,7.559,30169,145747,115221,141005,72353,194597,135110,114201,117737
"3399",256.22751,6.782,238497,30072,18605,14748,9789,12902,25592,26484,7020
"3400",256.2276,7.368,467516,38113,36427,24110,21017,20651,31674,11993,22438
"3401",256.22763,9.718,334176,56892,56263,6320,2423,2256,11132,23637,13069
"3402",256.22766,7.429,611507,42381,21088,13996,35215,20651,40192,37984,17164
"3403",256.22772,6.542,671061,134049,103162,107468,9919,22886,49743,39203,115010
"3404",256.22778,6.652,1790116,472989,479312,288194,404913,361097,296907,428245,317233
"3405",256.26379,9.616,143181,147302,148226,156487,124271,139845,132213,159041,162427
"3406",256.26416,9.413,20314962,1596545,1581984,9384,33589,18050,386839,426128,357388
"3407",256.26419,9.305,1018549,104296,106267,5260,10278,4985,50482,24714,17315
"3408",256.91611,11.77,42778,83454,79738,78161,81738,46900,100702,76252,77387
"3409",257.0578,4.82,126510,140053,133062,1934,0,1518,300559,256454,171152
"3410",257.05783,6.358,30474,32050,48184,40384,45021,47114,46964,47083,42300
"3411",257.06912,2.6,2021,2765,2027,1358,1689,9254,144572,151300,160935
"3412",257.0809,5.479,12646,24994,24405,21850,20213,21571,24236,29124,21557
"3413",257.11301,9.208,2338,1952,0,2093,3820,0,80408,105978,56114
"3414",257.116,5.4,62530,84407,94398,110765,94617,91606,67743,90455,80340
"3415",257.1265,1.885,0,0,0,0,0,0,45165,41411,36736
"3416",257.12854,4.906,3495,7814,3783,3132,2888,2642,641162,697286,558129
"3417",257.12866,4.273,10158,6178,4347,2212,2303,3379,205272,232023,233095
"3418",257.13226,8.719,181672,139775,161334,163424,181915,151452,182951,153408,174893
"3419",257.13269,8.531,177040,288900,203864,206962,285975,200919,327163,318150,333920
"3420",257.13666,2.93,106101,110674,108076,99911,89830,96462,270999,245829,235205
"3421",257.14996,3.499,0,0,6995,0,0,0,454066,467803,437969
"3422",257.17508,5.743,320029,298393,332931,210980,260744,266744,336321,324057,405404
"3423",257.19022,6.208,0,0,0,1563,0,0,351409,402982,371604
"3424",257.22318,5.114,71703,65265,69132,67478,61667,71193,66118,65881,70115
"3425",257.22327,8.985,88909,18897,20651,8650,4481,10691,5389,3325,5292
"3426",257.86279,0.476,0,0,0,0,4350,1883,800416,939692,1034707
"3427",257.97693,11.658,870431,1081022,1188154,888344,900857,1086592,933512,1222562,1136287
"3428",257.97717,0.42,23913,21368,23912,23274,27210,26729,541277,601349,622716
"3429",258.00909,1.821,0,0,0,0,0,0,289566,299864,266416
"3430",258.07416,3.274,0,0,0,0,0,0,58717,61706,27805
"3431",258.07455,2.869,0,0,0,0,0,0,73856,61876,35776
"3432",258.07458,3.167,0,0,0,0,0,0,60271,62034,28218
"3433",258.10944,0.81,10891,18274,44934,59902,48324,24726,1102060,938635,1171891
"3434",258.11038,0.53,50046,54613,69198,26005,32605,19285,55842724,60445652,59768240
"3435",258.11105,2.168,200703,18897,48068,30856,19255,32110,34117,34411,38373
"3436",258.11105,3.26,285386,85315,83461,35093,19633,9329,62054,93996,63266
"3437",258.11282,4.273,21644,13652,30535,21643,11760,7842,156812,175419,150862
"3438",258.13385,11.639,97534,28314,46042,92777,102883,78738,88713,135911,28348
"3439",258.13455,2.533,1356533,51710,54713,7557,4363,13044,12269,12625,22839
"3440",258.17081,2.892,1410354,206336,254501,23008,23752,17265,13888,29663,23396
"3441",258.1709,3.829,671074,137902,93639,28058,18127,20778,42560,59626,82746
"3442",258.17096,3.719,224797,53922,52793,23630,30796,34255,40470,48155,47638
"3443",258.17096,3.939,452188,122149,139019,34369,12023,25449,47114,35224,58418
"3444",258.17099,4.087,972929,253082,112592,57339,168047,16590,217160,153257,244999
"3445",258.18198,1.66,322514,25044,35934,0,2180,0,0,0,0
"3446",258.20688,2.699,14032,9615,7020,9802,11417,13963,106904,98096,101904
"3447",258.207,2.837,16242,9323,5511,6995,17171,14650,151464,164825,142924
"3448",258.20715,5.963,149855,144862,150734,138284,171234,162662,136768,175901,111741
"3449",258.20737,5.347,268102,177725,162752,122342,107771,117062,130684,132012,129485
"3450",258.20746,6.061,266038,174655,226887,85345,76443,101576,85881,84226,96960
"3451",258.27966,6.204,279853,241362,161115,268376,155331,307096,283334,362033,232227
"3452",258.27994,6.643,1652981,2006235,1925090,1712252,2036605,1889422,2221009,1912976,2079256
"3453",258.27997,6.794,3192074,2937230,2806769,3145113,2075239,3404693,3216386,1401407,2774408
"3454",258.89975,0.488,22078,3550,56254,3923,46763,31624,14789632,15605919,14100976
"3455",258.91302,11.669,182450,238757,268884,219818,182338,200435,183497,171476,231924
"3456",259.05136,2.805,111241,4480,13670,0,0,0,0,1654,0
"3457",259.06946,1.817,0,0,0,0,0,0,76372,89698,50506
"3458",259.07932,0.81,0,0,0,0,1494,0,1236391,1139824,1011940
"3459",259.08148,0.557,0,0,0,0,0,0,7209841,7594119,6917977
"3460",259.09476,4.926,175394,192987,213936,185943,189967,186515,187994,189233,217249
"3461",259.1102,7.585,36065,111716,116713,113358,122858,116049,111748,121987,106822
"3462",259.11887,4.72,70847,68720,67762,70525,78198,67006,66499,69394,56862
"3463",259.12909,0.585,1882,0,1784,3413,6559,2919,597936,628777,543823
"3464",259.12943,0.809,0,0,0,0,0,0,122976,122576,99852
"3465",259.13049,11.652,993167,967391,1099637,916248,848134,932036,1118122,1018442,1010439
"3466",259.15454,4.408,9210,18175,19798,14078,14865,16988,62406,106409,98516
"3467",259.16592,2.038,66285,13607,8202,0,3520,1295,3051,2160,0
"3468",259.16614,2.148,1038218,131537,122275,1747,2105,1295,21095,23761,29955
"3469",259.16675,7.111,17446,117739,72018,76579,90968,104706,224738,160629,163092
"3470",259.1907,11.297,97506,101612,94219,91261,97492,109495,110246,89204,107362
"3471",259.20609,9.454,0,0,0,1880,0,0,712942,810709,735084
"3472",259.20627,5.769,186266,0,3765,1611,0,0,2794,4433,2346
"3473",259.20636,7.122,617000,0,1789,0,0,1761,19189,5214,3640
"3474",259.20657,7.264,108244,0,0,1603,0,0,35858,38069,69623
"3475",259.89487,11.81,865464,525655,844204,787894,353319,743856,592582,847101,687737
"3476",259.92932,0.535,44355,76007,99722,98157,120976,79306,0,0,0
"3477",259.93619,11.657,448717,496665,371864,457538,503458,477075,409077,458968,424620
"3478",260.00919,0.808,0,1847,2024,0,0,0,127532,142212,150522
"3479",260.00934,0.533,0,0,0,0,0,0,99096,73603,103134
"3480",260.01013,0.416,0,0,0,0,0,1530,76847,94579,93304
"3481",260.09,2.848,0,0,0,0,0,0,286165,269283,164346
"3482",260.11301,0.571,0,0,0,0,0,1453,1443473,1303668,1414678
"3483",260.1261,3.499,0,0,0,0,0,0,496586,468419,475695
"3484",260.15015,2.343,1110602,60300,63952,22836,21827,29991,24580,21992,31891
"3485",260.15015,2.468,996937,55222,54368,33063,32366,25523,25618,17998,24552
"3486",260.15015,2.645,454351,26494,41405,24516,42996,27564,60833,38579,36684
"3487",260.15015,3.21,245580,50462,37687,68783,25946,80227,60429,61323,44990
"3488",260.15024,2.068,378122,67683,59982,10992,9175,14389,17689,20761,13911
"3489",260.1503,2.564,266107,56262,50993,23906,29753,19816,20360,27406,19160
"3490",260.16287,6.955,208834,0,0,0,1747,0,0,0,0
"3491",260.16306,4.975,464719,17358,9192,0,0,0,0,0,0
"3492",260.18579,6.011,135292,140966,163581,119020,96587,143153,50361,116354,202553
"3493",260.18622,5.934,188123,174639,180037,191591,201630,190466,193757,207767,191937
"3494",260.18649,4.306,138934,74146,90059,19225,39800,44993,102948,169612,152757
"3495",260.22226,2.964,5454,9792,6682,3374,1342,1183,18152,46667,38748
"3496",260.22302,3.996,26059,26152,12367,18568,14638,22375,55305,48648,48904
"3497",260.92496,12.094,341493,319854,693760,534974,475254,433949,276057,399941,869282
"3498",260.92499,0.426,198247,251717,200567,178500,193578,215075,150695,151228,182033
"3499",260.92508,0.578,229225,247722,205306,251513,204650,216103,11583,12358,26911
"3500",260.92514,0.78,349248,493579,558776,710148,130231,672655,373935,447905,508195
"3501",260.99329,0.807,0,0,0,0,0,0,86436,103318,120931
"3502",261.02032,2.142,65508,108995,75072,0,1730,3933,2142,0,0
"3503",261.05566,1.821,0,0,0,0,0,0,129496,156354,149590
"3504",261.06149,2.257,0,0,0,0,0,0,123358,124972,135212
"3505",261.0947,0.81,0,0,0,0,0,0,10932642,11497704,11198537
"3506",261.09479,0.591,0,0,0,0,0,0,2529456,2459149,2688342
"3507",261.11014,5.169,3441342,2811884,2495903,473063,484259,416152,14058374,11722433,19023218
"3508",261.11017,4.919,106356,128909,113314,49232,39131,31415,702412,720823,1176518
"3509",261.11023,5.081,486615,477809,418297,211192,218909,224857,5009178,4891997,11546282
"3510",261.13141,11.641,1264190,1314737,1304383,1122423,1241384,1204946,1417674,1483840,1340618
"3511",261.14462,1.866,0,63578,2433,2220,0,1730,234864,242569,200656
"3512",261.14499,1.96,8939,2200,1761,2220,0,1804,383865,396118,362010
"3513",261.14648,5.891,3741,5492,3216,3353,6817,3689,88959,97620,92287
"3514",261.14944,11.269,104255,94659,109473,94259,100408,92922,102127,103247,98609
"3515",261.21802,3.874,68200,8192,6702,0,2387,0,0,1771,0
"3516",261.22141,7.439,73337,4954,4583,0,0,0,79645,74139,83180
"3517",261.22189,8.038,360821,15095,4829,0,0,0,19756,3359,4337
"3518",261.22195,7.082,1443798,95658,85326,2205,1382,1690,9680,8387,4079
"3519",261.22202,6.887,886657,96500,101746,0,0,0,7845,1730,2619
"3520",261.22205,7.814,753401,41138,34144,1970,1720,1953,13843,1989,11515
"3521",261.22208,6.945,954324,114593,107468,0,0,0,2640,3990,1820
"3522",261.22211,5.911,577390,4763,0,0,0,0,0,1904,0
"3523",261.22214,5.535,882289,34447,40676,0,0,0,0,0,0
"3524",261.22217,6.461,262417,7512,4032,0,0,0,1853,1411,0
"3525",261.2222,5.391,489074,20238,26741,0,0,0,0,0,0
"3526",261.2222,5.756,851466,9749,15617,0,0,0,0,1904,0
"3527",261.22235,7.66,1033265,74813,66198,1970,0,1789,143015,139024,127465
"3528",261.22253,6.604,455178,5295,17026,0,0,0,0,0,0
"3529",261.24326,8.442,859645,783938,757514,768097,704777,714187,771828,764428,842281
"3530",261.89481,11.687,162048,155370,207715,146774,187037,93581,68258,116153,56336
"3531",261.97723,0.93,0,0,0,0,0,0,29744,24540,31150
"3532",262.06921,0.476,0,0,0,0,0,0,2044638,2140387,2002166
"3533",262.12091,7.084,383665,9582,2972,17973,18882,16171,16826,15028,22846
"3534",262.1286,0.585,16129,1944,7390,9247,3634,3518,5274760,5154590,5547991
"3535",262.12888,0.808,0,1664,2102,0,1713,0,957978,1025158,990773
"3536",262.13016,11.681,76432,39846,242663,152364,46820,154046,259033,114044,57876
"3537",262.16537,3.906,57754,73725,70138,64242,65910,65137,112689,148424,117671
"3538",262.17844,7.312,222886,0,0,0,0,0,0,0,0
"3539",262.17865,9.077,383292,47326,37186,0,0,0,4059,2340,8701
"3540",262.17865,9.829,89633,2731,10742,0,0,0,2875,0,0
"3541",262.17868,9.196,119289,10021,12513,0,1995,0,0,2388,0
"3542",262.17871,5.385,240474,15344,8075,0,0,0,0,0,0
"3543",262.1788,5.701,439953,55145,57145,20609,19536,15574,26252,35075,26530
"3544",262.17886,5.478,610007,41478,34355,0,0,0,0,0,0
"3545",262.17896,7.387,279261,0,0,0,0,0,0,0,0
"3546",262.23865,4.656,394316,365728,391119,319148,339384,325407,324871,311843,305266
"3547",262.88736,0.685,117595,147094,157701,3919,22168,4730,25775,52242,7456
"3548",262.922,0.533,48831,92006,106801,128233,170085,142590,0,0,0
"3549",262.92291,5.994,43702,85262,76282,121821,68159,41286,89442,21520,9509
"3550",262.92331,4.777,59411,42319,44759,48873,72374,35052,39897,67259,44965
"3551",263.01315,0.514,0,0,0,0,0,0,484280,654558,397642
"3552",263.05313,0.591,0,0,0,0,0,0,434442,471544,583614
"3553",263.0741,0.53,0,0,0,0,0,0,3388020,3634796,3249194
"3554",263.09158,11.642,186261,328548,281255,132485,206157,268377,253295,270940,285265
"3555",263.14264,5.758,21257,64881,7292,4942,13922,8298,167202,625772,146041
"3556",263.14307,5.964,2656,3311,2177,8644,3337,9950,13330280,15698497,13842038
"3557",263.14334,4.72,1870,1548,1430,0,6285,1333,483741,549443,521628
"3558",263.14334,4.862,2348,3504,1530,0,0,1397,934589,1052815,962380
"3559",263.1434,6.769,487121,434341,457009,447819,442453,458601,507028,477988,476520
"3560",263.1434,8.231,158919,201509,193297,165545,179830,196393,191508,208634,187550
"3561",263.14343,8.381,1660939,1606539,1668838,1525706,1541764,1548315,1702158,1685185,1667773
"3562",263.14352,4.179,1157,3062,4075,1340,1463,4455,57062,65320,70484
"3563",263.14374,6.632,146465,113704,138158,136602,116935,114843,168765,134574,135900
"3564",263.14383,6.956,547388,524622,494741,487128,516709,363848,547896,525566,539993
"3565",263.1492,2.962,255742,280260,259480,243680,251643,260185,292538,316262,307879
"3566",263.14966,3.368,123626,114090,128787,110308,113095,117400,138354,122358,137768
"3567",263.23752,7.519,6328885,96174,376891,0,0,1531,11785,6596,4423
"3568",263.23752,8.118,8611411,390582,439443,1778,0,2917,3094,2360,2734
"3569",263.23758,7.364,21389786,1591911,1735112,0,0,0,28800,33428,33170
"3570",263.23761,7.145,11621501,1002164,1034382,0,0,0,11354,1662,4838
"3571",263.23764,7.301,8420625,673119,722039,0,0,0,5188,33428,33170
"3572",263.2377,6.288,233446,10524,15859,1573,1591,0,0,0,0
"3573",263.2377,8.206,7196137,430708,426991,4084,0,2917,3094,5381,2734
"3574",263.23773,8.985,1699216,235749,238679,1984,2079,0,108499,107346,75417
"3575",263.23773,7.006,1064763,103377,95422,0,0,0,3068,1662,1370
"3576",263.89301,11.668,170928,230485,271543,272899,166114,117900,236795,104228,249589
"3577",263.90134,0.534,486556,590976,671740,614685,652010,620297,47126,21710,64272
"3578",264.10056,3.567,102644,0,0,0,0,0,0,0,0
"3579",264.10883,0.54,0,0,0,0,0,0,1779623,2110130,1923793
"3580",264.12155,3.248,241251,1580,1671,0,0,0,2244,4567,1205
"3581",264.13626,7.324,206415,5178,5917,4137,6750,1722,3365,8635,6115
"3582",264.13629,7.405,204205,5178,1716,1262,6770,3708,11168,3014,4385
"3583",264.15787,3.742,182541,0,2469,0,0,1162,0,0,0
"3584",264.15802,4.305,73804,27501,28070,30269,26572,33679,37536,46313,45805
"3585",264.15829,4.683,107844,1435,2100,1367,0,0,1176,0,0
"3586",264.15854,4.373,120481,6724,4268,30269,1832,33679,37536,46313,2195
"3587",264.16006,5.104,25599,1434,29239,0,1263,0,66503,52494,52400
"3588",264.19415,5.886,639126,37408,49959,0,1601,1594,1302,1978,0
"3589",264.19434,5.28,2256380,184302,195021,0,0,0,0,0,0
"3590",264.19437,5.972,665276,60354,63885,0,1601,1594,9823,4634,4572
"3591",264.1944,5.125,1073098,93589,86421,0,0,0,0,0,0
"3592",264.19629,5.818,492945,12557,4026,0,0,0,1302,1978,0
"3593",264.19632,5.427,634082,7015,8961,40299,35910,38532,37808,50563,54282
"3594",264.23337,4.928,88147,1187,3041,1510,0,0,0,0,0
"3595",264.24246,7.01,162671,3542,2049,0,0,0,0,0,0
"3596",264.25375,7.841,217394,182916,185070,198472,186166,182015,195267,189341,672101
"3597",264.84473,0.472,0,0,0,0,0,0,75681,78610,127983
"3598",264.87326,0.053,35529,87907,82930,89988,97557,58621,99253,110505,130710
"3599",264.87378,11.88,730224,331396,940090,327758,602959,741491,1060853,426177,669760
"3600",264.96191,0.618,62076,87459,73100,89021,82497,94707,0,0,10246
"3601",264.96225,11.713,20199,44051,31440,41421,57702,42336,42920,26249,33714
"3602",265.01572,0.418,1791,6127,1355,1610,3630,3969,608166,878281,950985
"3603",265.01651,11.655,101439,46858,61489,69727,111140,66240,62859,103792,228187
"3604",265.02341,0.536,8970,5233,12978,2361,2777,1925,1491285,1650750,1810554
"3605",265.03531,1.819,0,0,0,0,0,1535,260710,299882,276199
"3606",265.08405,4.453,0,1375,1112,1542,2206,1450,21340,27508,30831
"3607",265.08606,5.944,46397,52075,48233,53331,51410,53736,69943,37298,67595
"3608",265.10443,6.045,3832638,3526986,3888055,3813131,3594583,3424146,3607580,3817930,3914921
"3609",265.11801,1.64,0,0,0,0,0,0,95635,168283,133301
"3610",265.14005,0.51,4303,4741,2596,2022,2009,2920,180929,90383,263366
"3611",265.14224,4.441,26010,40772,19984,62252,30579,50206,77196,84184,125553
"3612",265.1434,4.153,23027,19531,30959,33069,53824,16243,213060,225161,237435
"3613",265.155,2.094,66586,0,0,0,0,0,2610979,2594820,2647562
"3614",265.15512,1.859,0,0,0,0,1794,0,831291,837187,785078
"3615",265.15823,5.259,0,1175,1363,0,1294,1380,491480,557510,422931
"3616",265.15872,6.471,0,3319,1998,1492,2621,1533,388126,381423,320769
"3617",265.15878,6.652,3708,4431,2323,1409,1538,0,1028793,1047440,922098
"3618",265.15921,5.458,3266,2086,0,0,1840,0,160878,170880,151267
"3619",265.15927,5.328,0,0,0,0,1294,1404,339693,350631,325485
"3620",265.16513,3.258,172059,146629,98760,226120,234630,111815,229986,147571,257095
"3621",265.17722,12.59,158001,186763,60661,196776,168249,212270,119024,272813,379750
"3622",265.17786,11.645,3903257,3827589,3961842,3559608,3818372,3488919,4024952,3641107,3467693
"3623",265.21719,7.153,456395,54407,34316,32352,29217,49924,65579,73557,67198
"3624",265.25333,9.632,1464589,192792,161433,0,4123,0,42316,46792,40199
"3625",265.90408,11.659,543547,602494,626974,541842,526471,605152,692785,558537,563861
"3626",265.905,0.79,202917,245244,210146,132946,191995,152205,54875,71874,44688
"3627",265.90805,0.466,622324,567766,660628,535164,613253,528193,120974,108695,104244
"3628",266.01114,1.38,0,0,0,0,0,0,382234,412547,406432
"3629",266.04282,2.643,0,0,0,0,0,0,37104,34022,32291
"3630",266.11624,3.148,206019,1331,3083,1199,0,0,31309,1608,56209
"3631",266.11652,3.799,120367,0,0,1073,0,0,2400,0,0
"3632",266.12387,0.532,0,0,0,0,2895,0,12658173,13542872,13184188
"3633",266.12411,2.745,0,0,0,0,0,0,308314,324927,268768
"3634",266.1369,3.538,221180,12933,9148,1130,0,1243,1414,7232,1763
"3635",266.13699,3.01,223140,5248,5875,1742,0,0,1914,1485,1324
"3636",266.13702,3.591,162851,12933,4687,1130,0,1243,4645,7232,1763
"3637",266.13712,2.899,833162,67536,70070,1742,0,0,2334,8640,1937
"3638",266.13724,4.036,121851,3508,0,0,1129,1129,1522,2604,2077
"3639",266.15253,5.583,3499756,3830109,4135782,3915482,3867712,3999632,1297336,1279927,3631261
"3640",266.16037,2.86,107642,95728,102251,90385,83350,100765,96713,108956,102907
"3641",266.17288,4.874,2815426,2522746,2561576,2162650,2043457,2118532,5784234,6135082,6214985
"3642",266.17288,10.171,167486,200693,237100,217152,196308,228597,186609,349815,265371
"3643",266.17322,10.032,95530,131740,147182,139083,83468,122853,108530,113921,183346
"3644",266.17383,4.174,190506,30213,39805,19769,20996,18969,33407,36238,38870
"3645",266.20956,6.844,146126,187584,158506,172680,161278,177102,194705,195199,191189
"3646",266.21225,5.743,455525,11797,8085,1230,0,0,0,0,0
"3647",266.21228,6.098,1585733,65847,80413,7415,7664,1667,14431,2727,14490
"3648",266.21228,6.207,1141975,37476,57413,7007,17836,11149,8577,30458,13200
"3649",266.21243,6.156,2205028,104034,96596,7455,11746,5991,17547,2727,15872
"3650",266.24857,6.638,2548310,217229,238728,0,0,0,0,0,0
"3651",266.24857,7.587,1643000,65247,69004,0,0,0,0,0,0
"3652",266.2486,6.783,2321105,188816,219394,0,0,0,0,0,0
"3653",266.2486,7.674,1734010,82503,79321,0,1740,1687,0,0,0
"3654",266.24869,6.853,5080264,402409,416969,0,0,0,0,0,0
"3655",266.92706,0.419,2066,2438,1701,1995,3630,1866,107876,138290,138733
"3656",266.92841,11.653,454445,555830,566012,480690,421283,662905,447637,621555,660399
"3657",267.05869,0.83,0,0,0,0,0,0,169268,193070,178605
"3658",267.06116,10.182,29697,32394,37471,32124,28389,27596,38675,55908,39059
"3659",267.09766,1.006,2442,2415,2148,2747,1741,4454,340249,382009,295252
"3660",267.10217,2.799,254301,46154,54099,13310,16430,6620,13351,33428,9908
"3661",267.12338,6,2794366,2294874,2975902,2822569,3059482,2494410,2888233,2374914,2788601
"3662",267.12344,6.25,167335,134981,158600,145136,153861,133315,145536,139404,134294
"3663",267.12354,6.431,1018836,810501,901294,820756,846373,759294,823738,712163,806956
"3664",267.12375,6.76,535105,458730,528750,517602,518073,467293,540162,446375,454101
"3665",267.13666,4,349288,364386,326211,364899,347581,334926,245524,247265,272688
"3666",267.13898,7.135,80505,110985,114563,116390,112068,120358,99913,100609,102580
"3667",267.15686,5.53,286961,188755,434769,378304,211763,192203,371582,201058,341422
"3668",267.15942,3.714,861107,747915,772369,731616,711702,1107611,993274,925027,917419
"3669",267.1727,7.608,2523697,1925549,2064302,1962118,1868322,1899696,2614909,2260802,2246011
"3670",267.17368,8.146,79168,61049,71380,44167,45537,35957,294153,208548,192260
"3671",267.17453,6.688,0,1975,5790,1852,3539,2571,489641,497172,410152
"3672",267.888,11.662,17302,37416,0,29307,0,7496,36095,18879,0
"3673",268.02817,0.468,0,0,0,0,0,0,202255,208106,87549
"3674",268.08655,3.597,71973,69481,71890,59838,80754,76858,61372,57478,54823
"3675",268.09521,2.98,73787,6085,1682,2314,2434,2757,4547,3456,3304
"3676",268.10397,0.584,286420,258318,311747,276400,278785,287246,2191924,2288519,2398406
"3677",268.10434,1.845,9409,8393,12110,2984,4296,6700,90589,65499,69077
"3678",268.1044,1.162,41896,13629,2048,8586,3422,3778,13102627,13629962,12585514
"3679",268.10471,1.386,44528,84400,95051,84478,103868,86852,351670,377104,267219
"3680",268.11789,3.032,0,1871,0,0,0,1043,53287,40874,22510
"3681",268.13181,3.464,109219,12119,13908,7713,3623,2735,1730,1528,6772
"3682",268.13196,4.986,234999,53981,103706,2308,1303,1037,4158,4447,28758
"3683",268.13199,3.646,311769,1408,12143,0,0,1550,8263,22676,14566
"3684",268.13202,4.385,106412,31746,29867,18002,15561,17840,52503,48627,46592
"3685",268.15237,2.805,388525,3085,10143,0,0,0,5087,6797,1429
"3686",268.15247,9.11,181783,22741,21056,1867,1734,2283,6951,5887,2476
"3687",268.15268,3.191,691087,5042,2533,1360,1157,1868,2200,5569,4440
"3688",268.15274,8.985,508640,141578,132601,0,2611,2283,73562,68731,56693
"3689",268.15283,3.409,141089,7955,16093,1194,1389,1132,5239,1101,9988
"3690",268.16422,0.463,0,0,0,0,0,0,52731,53591,36390
"3691",268.17831,6.772,0,2011,0,0,0,0,37693,37910,33586
"3692",268.18839,5.552,349802,537945,218876,377372,232537,65269,242626,478909,662179
"3693",268.22766,6.301,482111,56858,83760,6326,10233,3322,7710,12259,7571
"3694",268.22784,9.047,771369,83750,70414,0,0,0,18752,24331,12836
"3695",268.22784,6.621,24795458,2006258,1566264,0,1584,5132,15337,13149,15411
"3696",268.22791,6.494,17676836,764397,682662,0,1584,0,1981,26200,1923
"3697",268.22791,6.834,15726152,817617,628606,5906,6540,9172,9071,11429,10238
"3698",268.22797,5.522,761565,31937,27894,0,0,0,0,0,0
"3699",268.228,4.452,2903073,153633,149034,0,0,0,0,0,0
"3700",268.228,5.403,737209,18024,30545,0,0,0,0,0,0
"3701",268.228,6.978,3494178,210396,158505,0,0,0,1734,2083,1985
"3702",268.22803,4.566,1741384,78855,76453,0,0,0,0,0,0
"3703",268.22803,5.31,557026,20300,27334,0,0,0,0,0,0
"3704",268.26373,6.542,206612,161649,152189,157131,162974,148326,189077,166594,177644
"3705",268.26422,9.162,4871333,480288,467504,0,1597,0,135686,145888,117400
"3706",268.26425,9.495,454258,37841,34068,0,0,2210,2497,2343,2321
"3707",268.84967,11.64,71940,166457,112133,88153,169661,124730,190784,186909,136126
"3708",268.85153,0.474,0,0,0,2180,2499,0,143314,164629,160278
"3709",268.96063,0.448,77012,60589,64157,60173,76454,63991,467761,613190,663739
"3710",268.98404,0.516,6840,6360,0,0,5249,3519,135092,218836,184311
"3711",269.04034,0.611,0,0,0,0,0,0,238876,314967,281307
"3712",269.08862,0.982,0,0,0,0,0,0,216165,240079,213525
"3713",269.1366,3.724,345203,240729,604628,564664,249054,230898,788304,1582831,1654559
"3714",269.13687,3.614,316381,618697,161937,162030,452860,374680,746682,1162907,1185667
"3715",269.15387,5.362,283976,278749,311986,284968,263172,286148,261713,347915,294723
"3716",269.15393,5.419,850630,872736,839869,793252,871476,846241,890604,829716,912597
"3717",269.15399,6.619,692107,713717,788750,718576,646823,684751,728237,792502,733729
"3718",269.15411,6.231,422246,367397,381949,395701,381601,359050,411452,427475,439338
"3719",269.1752,4.399,61747,50194,33746,34191,35084,54641,209946,230317,230985
"3720",269.20929,7.841,792496,611906,668186,603797,557876,660418,690374,621484,1789822
"3721",269.21155,4.409,61652,32115,38826,27802,38549,58914,105489,94531,275819
"3722",269.24765,11.753,32538,62843,41232,32349,72108,105060,183323,64999,140745
"3723",269.24789,8.857,252249,309104,288571,287606,256502,227754,271650,342184,360957
"3724",269.24792,1.875,32115,76321,72536,50406,59533,53463,78436,120492,147310
"3725",269.24792,0.609,96565,78958,36321,114497,103384,70885,171526,58219,75008
"3726",269.24829,8.245,368493,275279,282207,194252,253156,157976,331719,236962,355373
"3727",269.2601,8.365,226567,12422,16256,0,0,0,2768,0,0
"3728",269.88397,0.472,0,3493,1437,2154,4008,2199,172271,164339,202590
"3729",269.92136,11.773,51995,156209,130419,85701,80947,71659,35281,93625,79992
"3730",269.92209,0.57,72206,60228,73556,51099,63987,61067,0,0,0
"3731",270.09537,2.536,0,0,0,0,0,0,22878,27606,24410
"3732",270.09546,0.898,0,0,0,0,0,0,86650,103366,86598
"3733",270.11093,2.67,221297,1671,2009,0,2664,0,0,0,0
"3734",270.11099,3.06,163833,12196,20974,0,0,0,0,0,0
"3735",270.11108,3.164,110971,1398,6515,0,0,0,0,0,0
"3736",270.12241,2.135,17988,148284,91617,0,0,0,0,2544,5128
"3737",270.15515,1.882,369998,247694,295561,228159,232543,226483,559954,387118,416355
"3738",270.15518,1.054,4256,2179,5937,3991,3350,4932,1052888,1150813,1038360
"3739",270.15536,1.186,15399,11862,8423,18450,3538,32907,561648,614110,398354
"3740",270.16794,9.709,155693,46661,53714,2812,1550,5756,11598,4987,11504
"3741",270.16833,9.581,128158,36662,38779,2357,1896,4361,11370,2346,23079
"3742",270.16904,4.357,154126,23659,55771,4089,7418,10591,18305,17603,9943
"3743",270.17004,5.166,64000,31722,42873,2482,4520,6706,259260,224358,318879
"3744",270.17041,4.285,105391,9927,8492,11311,12396,5530,17678,8999,3552
"3745",270.19168,2.385,55207,52735,44076,56932,44744,44177,51990,41075,59327
"3746",270.20728,5.042,163972,140802,157972,159000,145753,142193,162522,174380,169972
"3747",270.24335,6.048,175212,3368,4831,1701,3234,2380,6726,5899,5289
"3748",270.24335,7.127,9114263,565553,513996,3110,5386,0,11504,32491,33751
"3749",270.24347,7.037,16210489,882766,825344,0,2290,2801,2612,5798,7421
"3750",270.24347,7.34,2523396,171320,152392,1668,3125,0,18634,18469,26212
"3751",270.2435,7.473,819144,12636,12176,1722,2077,1472,2317,1297,4429
"3752",270.24356,6.919,2719135,190123,203719,0,1611,2801,35376,23109,22542
"3753",270.24365,5.973,123431,3368,4831,1698,1823,1787,6726,4591,5289
"3754",270.24371,5.266,595936,26489,34582,1966,1616,1344,2972,3151,2168
"3755",270.24371,6.687,838563,98755,84941,1345,1625,1451,20816,17568,14071
"3756",270.27979,9.761,2486494,874406,789349,653192,549943,655990,619436,662530,650293
"3757",270.27985,9.886,270655,106383,66642,139268,70876,79959,55978,57873,67253
"3758",270.31656,6.402,165767,129939,74771,125494,156584,98217,66042,131420,151916
"3759",270.31659,6.578,144823,130209,86321,199932,168379,129231,231021,115568,187799
"3760",270.95776,0.417,0,2025,0,0,1642,8875,115615,177173,185631
"3761",270.97827,0.468,1209889,956957,1148822,805675,1033534,935637,293695,243837,135971
"3762",271.01181,0.877,0,0,0,0,0,0,160486,191345,160471
"3763",271.01297,0.812,0,0,0,0,0,0,50798,58524,118036
"3764",271.08136,0.554,0,0,0,0,0,0,1351333,1492027,1429893
"3765",271.1058,1.636,0,0,0,0,0,0,90221,84361,81521
"3766",271.11597,2.087,10825,3608,1884,3767,1377,1976,124440,144869,127376
"3767",271.11627,2.863,157393,136099,138164,156001,123252,146114,176106,155582,154323
"3768",271.16696,3.148,799473,897164,856093,851157,865331,950464,934691,1001659,930519
"3769",271.16714,11.646,4678793,4640802,4787838,4038798,4648988,4492838,5053740,4957948,4782088
"3770",271.16714,1.98,160246,127248,54009,109269,127408,120009,153555,106796,151734
"3771",271.16724,9.718,768868,190054,379865,389160,389558,557485,192120,324146,279539
"3772",271.16739,7.039,218300,154739,254470,112891,184817,129516,74735,145777,120180
"3773",271.16791,6.1,185666,70753,183684,121303,102468,161245,346858,318169,247175
"3774",271.22662,7.78,96038,125687,102028,121005,169645,121739,122791,56581,164292
"3775",271.22702,5.208,27545,15466,10287,4947,6985,6533,236912,231102,253747
"3776",271.24228,4.924,5312,1500,0,0,0,0,33639,45706,32246
"3777",271.27475,5.342,1040709,925462,1033986,972735,914598,984882,1048750,1098176,1153468
"3778",271.27505,8.661,101710,5374,5627,0,2061,0,0,0,0
"3779",271.2753,10.23,115743,99994,89464,103960,108361,119386,76924,72149,88495
"3780",271.90787,0.419,27853,12472,37729,6566,30924,11520,60807,73755,66740
"3781",271.91708,11.804,4630121,4881517,1132132,1721652,1344552,1488176,3112589,1274788,3097984
"3782",271.91736,0.058,267931,171526,361702,361668,320892,302951,343073,354998,396377
"3783",271.91751,11.669,1421766,1022226,1507572,1222355,1085076,693847,831460,746312,877276
"3784",271.91785,0.579,167804,181988,150898,187896,102466,144133,9940,18795,17209
"3785",271.97055,0.514,0,0,0,0,0,0,55814,38177,61899
"3786",272.02063,1.38,0,0,0,0,0,0,325943,397073,378048
"3787",272.0899,2.304,0,0,0,0,0,0,62690,52621,28731
"3788",272.11295,0.808,0,0,0,0,0,0,110728,125071,96814
"3789",272.12677,2.493,224191,4084,6754,0,0,0,0,0,0
"3790",272.12677,2.645,200968,0,1678,0,0,0,0,0,0
"3791",272.14771,2.799,500415,123821,96682,66987,63023,87039,49154,72425,110132
"3792",272.14798,1.939,175127,210338,140036,150674,153341,105430,199426,173399,132753
"3793",272.14801,1.761,170718,51999,84273,17314,28466,17463,84510,91685,50517
"3794",272.1507,11.646,4856356,4215565,4556112,4016044,4554962,4069519,4927650,4716586,4357008
"3795",272.15125,9.724,432896,603380,644197,390578,206552,345804,502225,292536,627090
"3796",272.1853,5.752,184569,142918,149274,137062,140209,134746,179855,202750,174172
"3797",272.18628,3.835,116924,33643,18974,17259,16628,24368,10680,12800,28287
"3798",272.18646,4.588,236009,64825,47206,26871,39745,25426,47177,45044,31260
"3799",272.19778,2.162,425817,46774,46679,0,0,0,0,4253,0
"3800",272.2587,5.618,951682,816153,1033040,1033471,888722,891107,1011734,875312,969481
"3801",272.25873,5.541,640305,563059,600705,587344,599016,632074,650727,669309,695049
"3802",272.25879,5.948,562239,531664,568311,559445,506771,516175,527287,725153,749786
"3803",272.25906,6.51,948360,79844,62354,35167,32560,27980,36587,43706,18878
"3804",272.25919,7.959,736564,819886,779724,801438,873028,807974,911366,817951,872644
"3805",272.25919,8.197,791106,105962,68219,59330,45597,86719,68571,101953,119179
"3806",272.25922,8.296,1017349,101720,196581,35663,72356,55730,111889,101934,78039
"3807",272.25937,6.429,351102,82857,82608,34015,24616,36576,86251,57534,41434
"3808",272.94495,0.466,828466,751206,838034,643836,767344,687345,1236784,1037862,767029
"3809",272.9451,11.646,1507840,1556354,2017867,1406553,1596836,1686782,1592238,1821254,1916469
"3810",273.03925,2.189,31913,0,0,0,0,0,67614,70145,68030
"3811",273.04013,2.958,0,0,0,0,0,0,104950,101473,97390
"3812",273.08542,3.543,0,0,0,0,0,0,130430,95882,53048
"3813",273.09485,0.89,0,0,0,0,0,0,350034,409598,291578
"3814",273.09491,1.138,0,0,0,0,0,0,496133,537714,536327
"3815",273.10846,0.545,0,0,0,0,0,0,368770,373294,199801
"3816",273.12146,1.635,0,0,0,0,0,0,202806,211378,190079
"3817",273.13434,11.647,1852792,1786585,1866825,1831719,1692989,1908218,2127744,1895880,1994790
"3818",273.13501,2.524,352555,360086,368274,364476,361668,372484,422034,388128,417681
"3819",273.16833,3.284,265014,267176,207366,243897,172710,219562,204515,239783,233903
"3820",273.18109,0.855,0,0,0,0,0,2217,79274,87225,94569
"3821",273.18124,0.583,0,0,0,0,0,0,113646,128690,162434
"3822",273.18137,2.881,54936,2822,1872,0,0,0,0,0,0
"3823",273.18515,8.338,187373,183821,156187,150403,143259,135713,189402,166308,189326
"3824",273.18524,5.748,2055,8729,9400,10341,12089,12599,177219,248977,152908
"3825",273.18527,4.634,7947,1676,6454,1042,1233,0,83457,98261,85635
"3826",273.18558,5.667,1794,8729,1746,2115,2003,12599,202986,226426,196776
"3827",273.20679,8.626,410138,421447,418764,368459,437024,419249,449803,431629,501170
"3828",273.89343,12.178,166687,195924,135571,325111,228751,184407,185596,356490,424401
"3829",273.89352,0.791,207892,207368,99049,253209,107916,133480,91846,89512,40300
"3830",273.91748,11.66,5500968,5798265,5309054,5395802,5145322,4760850,4691958,5126604,5596270
"3831",273.94952,0.418,137134,61974,48119,62867,42567,122199,369898,447307,461113
"3832",274.04782,2.872,0,0,0,0,0,0,38650,36730,17188
"3833",274.06909,3.495,0,0,0,0,0,0,39008,39477,38098
"3834",274.08444,4.822,115788,127906,104757,1351,0,0,282006,206359,142218
"3835",274.09204,0.587,15172,16922,9965,8385,11154,9309,6317153,6437011,6509962
"3836",274.09244,0.808,0,0,0,0,0,0,4103961,4415794,4426138
"3837",274.10385,2.98,66207,0,0,0,0,1547,0,0,0
"3838",274.16565,2.181,140889,6785,26151,22097,5499,9343,7414,9792,18954
"3839",274.16571,3.06,505450,69118,88878,21659,25942,16856,47912,29471,50601
"3840",274.16571,3.248,375883,103263,83603,28412,22868,16011,50292,22948,48599
"3841",274.17847,8.413,325610,43263,50550,0,2243,1982,22262,33307,25365
"3842",274.17862,8.5,365627,58262,50041,0,0,1982,17201,23922,11033
"3843",274.20102,5.978,124942,152778,99597,90347,90804,102451,350345,471504,578906
"3844",274.20163,2.046,3978,8919,1767,4024,1644,2670,71141,68916,79300
"3845",274.20209,6.556,166406,200240,112934,176506,200869,186161,208784,171561,142043
"3846",274.21725,6.653,390293,0,0,0,0,0,0,2854,0
"3847",274.27448,4.67,98692,92921,100738,85736,46719,104162,86162,98962,94125
"3848",274.27454,5.362,8189890,8080532,7508717,24258496,23990124,24624824,7882783,8379969,9380727
"3849",274.87332,0.474,0,0,0,0,0,0,5775722,6464564,6940810
"3850",274.90134,0.052,84634,127389,235103,218197,206102,122903,111395,91012,190649
"3851",274.90216,12.075,402003,604433,304472,276923,292051,582908,605943,311216,385372
"3852",275.00891,0.528,0,0,0,0,0,0,672744,690829,797887
"3853",275.06815,2.678,33320,26757,26348,0,0,0,42487,27009,14680
"3854",275.11041,0.882,0,0,0,0,0,0,1212638,1409189,1171466
"3855",275.11047,1.182,0,0,0,0,0,0,1406826,1534762,1403366
"3856",275.11053,1.054,0,0,0,0,0,0,5453564,5766864,5169556
"3857",275.11081,1.878,65393,34229,44939,26015,29608,24709,128311,68215,70761
"3858",275.13553,0.534,0,0,0,0,0,0,470154,327640,367410
"3859",275.14343,8.53,528359,500403,554151,499380,491801,542480,563579,524344,549505
"3860",275.14407,8.718,278655,272616,263860,266436,306770,263462,286002,247035,331867
"3861",275.1441,7.245,164350,75459,75492,98813,66640,168244,197574,70192,82437
"3862",275.14694,2.359,1150452,655440,1140290,772863,1169522,1093131,1513076,1383374,1240017
"3863",275.20111,4.712,9486,1259,0,1053,0,1126,820647,904202,872669
"3864",275.20114,5.039,10013,0,1429,0,1381,0,564224,640417,578313
"3865",275.20114,5.544,82203,2377,1917,2066,2612,1697,647902,423125,641406
"3866",275.20114,7.553,0,2053,2453,1815,3313,0,329527,381571,330640
"3867",275.20117,6.21,57754,8743,7386,6631,5824,1134,736860,920588,765197
"3868",275.20123,8.202,0,0,3052,2063,1889,1771,241865,228869,209025
"3869",275.20126,6.485,397478,5537,5329,1316,2754,3439,457936,418410,369355
"3870",275.20129,7.487,15054,2053,5183,1815,3313,3024,419359,453450,394489
"3871",275.2016,6.893,346859,4391,3616,4336,2966,1668,35965,23735,74773
"3872",275.23334,4.873,76191,59615,65825,46918,54590,53502,91490,110484,93205
"3873",275.23773,8.107,199915,297793,304786,0,2156,0,10756,3540,2214
"3874",275.25845,9.01,734793,1105727,983239,980175,1034109,1011476,1110892,1155543,1301643
"3875",275.88904,0.379,680048,744738,310825,556557,688504,388287,867394,902417,1070185
"3876",275.88922,0.582,524877,575519,482693,531112,431952,478638,0,12099,74690
"3877",275.88943,0.788,1757084,2362044,1918915,2311179,1759435,2261485,987581,1080227,1084233
"3878",275.88953,12.225,1725709,1889888,3227468,4414206,2754719,1462123,3826346,6106704,1706993
"3879",275.88953,12.523,1216124,1237732,1861905,2071830,1947393,1126992,1176606,790635,1943952
"3880",275.88959,1.323,334844,1071837,836084,610283,721353,1647032,635861,451116,1157504
"3881",275.89197,0.472,3712762,3323497,3237190,2994812,3134429,2939405,1413196,1389979,1139769
"3882",275.96783,0.558,40372,39007,48801,60675,89277,61903,11599,10470,0
"3883",275.99332,0.559,1715,1941,2034,0,0,0,2918393,3345785,3133285
"3884",276.01929,1.821,0,0,0,0,0,0,310601,323518,298903
"3885",276.06384,2.848,0,0,0,0,0,0,98753,88260,60445
"3886",276.0983,1.817,1871,0,0,0,0,0,67746,54397,66744
"3887",276.11969,0.559,0,0,0,0,0,1856,2276956,2486896,2184894
"3888",276.13672,4.975,147898,1594,1669,5659,3009,2871,9797,12336,13676
"3889",276.14456,0.924,0,0,0,0,0,0,746786,767940,740151
"3890",276.14468,0.866,0,0,0,0,0,0,447886,595282,505254
"3891",276.18088,4.417,57463,50505,35346,42688,58255,49516,115191,149020,103179
"3892",276.18127,4.716,157895,177617,115791,131785,130690,145852,212814,210658,200929
"3893",276.19421,9.055,1019688,127200,119527,0,0,0,36803,33665,14055
"3894",276.19427,9.164,334614,43052,33193,0,2056,0,2075,8202,2652
"3895",276.19443,7.336,45765,0,0,0,0,0,0,1535,0
"3896",276.19458,7.411,74918,0,0,0,0,0,21786,1535,61044
"3897",276.21738,2.201,0,0,0,0,0,0,95417,117643,95199
"3898",276.2175,2.297,0,0,0,0,0,0,175395,163173,157965
"3899",276.23105,8.664,293187,43133,38530,0,0,0,4295,0,10955
"3900",276.23264,6.477,820332,136161,150186,0,0,0,111647,119570,113824
"3901",276.23264,7.889,222846,11180,9873,1668,0,0,1946,1969,2007
"3902",276.23297,6.419,820332,60194,150186,0,0,0,157334,159423,132741
"3903",276.23297,5.868,1386068,16259,11639,0,0,0,0,0,0
"3904",276.23297,7.258,1357584,30968,22648,0,0,0,0,0,0
"3905",276.233,5.335,791756,5259,6512,0,0,0,0,0,0
"3906",276.23306,6.024,1329170,28771,40446,0,0,0,0,0,0
"3907",276.23306,7.096,8044965,61915,51438,0,0,0,10917,3341,2654
"3908",276.23309,4.361,280841,13952,22597,0,0,0,0,0,0
"3909",276.23309,5.762,3566601,55326,49212,0,0,0,0,0,0
"3910",276.23315,6.647,1120872,8888,2261,0,0,0,3418,3024,1620
"3911",276.23315,6.961,1506882,6935,4318,0,0,0,0,0,3595
"3912",276.23325,4.762,725601,32809,23922,1392,0,0,0,0,0
"3913",276.72827,3.517,335961,15848,23575,0,0,0,3156,0,0
"3914",276.89743,12.099,2037973,3270593,6936227,8221918,5776682,2838933,1994286,8480693,3489188
"3915",276.89752,12.396,2003695,3698965,1539145,2910028,3709634,1693039,1662158,1298606,1450129
"3916",276.89755,12.175,4070468,2327137,1567815,3826434,1391092,2209399,2251398,1884769,3020356
"3917",276.89771,0.054,2243942,2989452,2525400,2603480,1698672,2056547,2533465,2318044,2114965
"3918",276.8978,0.413,548362,413576,444524,326717,767982,486776,937837,697189,203548
"3919",276.93213,0.529,84315,124845,134504,119160,151401,139919,0,0,2731
"3920",277.0686,0.81,0,0,0,0,0,0,3515350,3621641,3580378
"3921",277.08078,1.905,0,0,0,0,0,0,40238,39085,42261
"3922",277.08408,4.921,3895,4687,2862,0,0,0,48215,44509,93760
"3923",277.08411,5.167,439361,378828,344319,51347,51650,44172,1518950,1282841,2136166
"3924",277.08417,5.078,57562,55816,40764,16453,14866,7650,458617,438414,1078575
"3925",277.09009,0.542,0,0,0,0,0,0,10279659,10741540,10861808
"3926",277.10507,11.645,129699,365790,153532,296670,322852,168308,362187,236806,263639
"3927",277.10516,3.528,210058,373073,345185,382667,366517,344784,558847,491378,475811
"3928",277.10529,3.35,399985,465082,389213,445234,443445,456430,520830,529065,514395
"3929",277.11893,2.804,7724,11881,12686,10591,21162,7956,276119,300282,272341
"3930",277.12024,5.747,120238,171606,182957,191690,173933,168757,188913,185640,231974
"3931",277.12894,4.811,150881,144150,148745,138941,131174,145495,145086,145339,154797
"3932",277.15994,8.379,153654,149401,150265,151884,149358,171885,163056,170259,166222
"3933",277.18033,7.007,61111,70830,51420,40411,48318,53257,986595,822820,834604
"3934",277.18042,5.901,37849,18575,31797,23053,24923,32342,559434,612747,557534
"3935",277.18045,7.197,5734,28063,44325,47717,30553,42226,799991,813616,694397
"3936",277.202,5.917,283213,258306,279158,280637,274129,278546,258781,278699,300376
"3937",277.21506,8.368,148601,170321,190363,181644,139188,178643,210587,258200,206731
"3938",277.21643,5.417,207993,8216,6892,13081,1518,5252,69019,98546,112635
"3939",277.21646,10.785,24415,10441,12927,9964,9320,9892,118576,228205,153419
"3940",277.21646,8.122,16578,32459,39745,50352,70278,56698,350758,297508,282527
"3941",277.21658,8.036,14193,35282,32770,35354,28950,28078,564343,579723,565141
"3942",277.21677,6.937,713839,10910,32249,7594,6436,6258,475830,524908,433166
"3943",277.21677,7.933,51308,49965,45554,30789,24491,14977,609410,631463,537362
"3944",277.21677,6.257,351297,19638,29991,2277,17847,4087,195350,111622,95198
"3945",277.2168,7.316,2252500,136994,145723,10776,11401,4818,4018583,4106006,3768771
"3946",277.2168,7.184,3449907,168832,165010,12382,6420,12187,5103589,4921934,4518290
"3947",277.21695,4.367,130245,14059,19123,2697,1414,6844,10650,8361,8759
"3948",277.21704,5.769,667077,23860,8673,1728,2442,4970,43626,34788,23750
"3949",277.21716,5.892,553405,29595,40768,3197,11809,19898,18505,48026,22785
"3950",277.21716,6.042,557649,19258,29894,9571,8602,6543,40153,40891,6114
"3951",277.21805,4.993,155188,17035,4794,3564,10784,5213,102413,90504,80620
"3952",277.9054,11.847,661027,1192568,352726,330862,507190,527625,571423,509051,510613
"3953",277.91058,11.66,272460,286954,415173,319595,280619,283795,278796,325255,375864
"3954",277.97226,0.563,11482,26924,44665,40240,49707,41804,342300,387167,290660
"3955",277.97266,0.661,0,2004,0,0,0,0,619180,700523,373657
"3956",278.12369,0.571,0,0,0,0,0,0,6249845,6293020,6228620
"3957",278.12393,0.809,0,0,0,0,0,0,164833,187275,133543
"3958",278.14066,2.71,116366,126546,125205,113594,117601,119362,140891,152747,137518
"3959",278.15079,5.701,117652,1628,1576,0,3050,3048,2353,1921,3800
"3960",278.15298,5.484,168384,0,1740,3935,5079,9064,10623,1604,3450
"3961",278.16016,4.813,1389,1734,1328,2593,3534,1470,2231,1433,71442
"3962",278.17368,4.975,494396,11720,11670,0,0,0,0,0,0
"3963",278.17374,4.628,86420,1655,0,1121,0,2950,4614,1692,4235
"3964",278.1738,5.053,181895,6555,1832,0,0,0,0,0,0
"3965",278.17389,5.131,95532,6555,1926,1656,0,0,0,0,0
"3966",278.20923,6.655,742240,251630,236210,116489,162698,130714,185394,199166,238014
"3967",278.21002,9.718,145177,14674,12467,0,0,0,0,2421,0
"3968",278.2485,7.535,11984985,369197,307087,0,1754,1669,1828,1569,1837
"3969",278.24857,7.122,23882672,1955962,1872856,0,0,0,68887,62693,48580
"3970",278.24857,7.625,9863362,250591,245688,0,1754,0,29319,22158,24373
"3971",278.24866,6.615,4382536,349920,346227,0,0,0,2828,2662,2479
"3972",278.24869,6.925,17415448,2102542,2221196,0,0,0,150903,138401,136258
"3973",278.24869,5.536,8472837,370307,536155,0,0,0,0,0,0
"3974",278.24872,7.059,14509176,1955962,1872856,0,0,0,36470,36862,53903
"3975",278.24875,5.396,6938908,378696,394046,0,0,0,0,0,0
"3976",278.24875,5.762,10468419,72815,97900,0,0,0,0,0,0
"3977",278.24875,5.926,4334626,80732,75222,0,0,0,0,0,0
"3978",278.24875,6.024,1819406,30218,31771,0,0,0,0,0,0
"3979",278.24875,8.513,2289613,363979,335081,0,0,0,147021,171589,147063
"3980",278.24878,8.411,2447723,362997,344787,0,0,0,178227,211972,181085
"3981",278.24878,8.6,840969,87300,108382,0,0,0,44305,32455,29768
"3982",278.24881,4.922,495711,35295,35657,1011,0,0,0,0,0
"3983",278.24881,6.455,1932181,83805,94617,0,0,0,0,0,0
"3984",278.2489,5.298,1122798,75435,94208,0,0,0,0,0,0
"3985",278.24905,5.059,639348,52136,52755,1011,0,0,0,0,0
"3986",278.2699,8.443,371342,353438,320140,332611,331704,349088,349920,342180,333431
"3987",278.87039,0.472,0,0,0,0,0,0,42605,78927,72933
"3988",278.8934,11.639,363107,174950,180266,169350,265881,189341,377132,337270,249098
"3989",278.89441,6.052,174536,405059,227575,159315,246636,222561,203511,333957,76972
"3990",278.90448,0.529,105031,148186,177305,164000,268069,133370,96607,16582,0
"3991",278.96539,0.469,181361,62905,145713,57840,101921,70071,23435,17725,0
"3992",278.98718,0.508,0,0,0,0,0,0,116836,181390,65136
"3993",279.03983,4.82,34502,41922,35228,0,0,0,84033,69009,43938
"3994",279.048,0.527,0,0,0,0,0,0,1213466,1354201,1296065
"3995",279.09421,5.582,469381,295961,384258,218849,204020,214916,274093,298180,274107
"3996",279.10071,6.845,17114,44368,26444,51448,44164,35408,46196,39935,45651
"3997",279.10251,7.627,245833,161943,167853,4182,5845,1914,1605,2636,2037
"3998",279.12106,4.9,7297,10977,22144,11363,11605,7110,112447,116301,126127
"3999",279.13474,2.442,0,0,0,1554,0,0,89330,79983,74705
"4000",279.15775,5.927,63016,70125,128664,92126,84578,100040,235445,184245,201129
"4001",279.15811,7.449,124096,146872,42811,52161,73478,63364,163940,102419,69419
"4002",279.1597,11.269,935401,721691,973270,736772,798022,799838,799636,724368,799098
"4003",279.15997,8.324,4935662,4825806,4606020,4481374,4415158,4672801,4932624,4810000,4694740
"4004",279.19601,6.721,45447,20158,32735,16969,36662,26288,553660,519325,444713
"4005",279.23245,5.936,366481,64566,70398,47786,49409,50941,36253,53218,37812
"4006",279.2326,7.698,10447378,735932,599781,35504,33322,33954,1582764,1558077,1394554
"4007",279.2326,7.086,155085,245854,277341,226653,201247,207157,279998,232707,266867
"4008",279.2326,7.893,5998074,362496,332909,40976,45704,22575,18601,31444,46581
"4009",279.2327,7.545,10371108,563082,447227,33108,21346,39327,47692,38280,50748
"4010",279.23288,6.449,675048,51293,51577,4389,14988,18689,41992,17351,32090
"4011",279.23291,5.292,497833,23418,12754,8047,6955,3811,8218,5049,3612
"4012",280.08179,2.31,0,0,0,0,0,0,78426,80893,64626
"4013",280.09241,0.525,4169,4580,4889,1813,2153,1889,26340246,26649516,25271648
"4014",280.11646,2.533,223979,0,3408,0,0,0,1656,0,0
"4015",280.12967,2.075,0,0,0,0,0,0,109402,106535,84674
"4016",280.13925,0.805,0,0,0,0,0,0,3255671,3490020,3533787
"4017",280.13943,0.585,3179,0,0,0,0,0,17485724,17552144,17760080
"4018",280.15247,3.829,263818,2158,5114,9483,8860,9841,15657,49529,36624
"4019",280.15259,3.939,194424,22377,15234,9719,21802,6809,24992,28293,27047
"4020",280.1528,3.719,259346,6212,6009,3093,9954,7173,19373,8834,13435
"4021",280.16803,5.886,246717,11526,17259,10117,8575,14107,18054,11863,11939
"4022",280.16818,5.278,779684,49574,56126,2982,3252,1455,3684,4137,8411
"4023",280.16821,5.125,377985,38823,32231,3104,3976,3757,2044,2365,1853
"4024",280.16852,5.967,260007,10138,6930,11671,11302,10371,11615,5707,12759
"4025",280.17633,3.368,258450,269325,265638,262039,257976,245615,274608,272086,266352
"4026",280.1889,6.063,94948,47655,64942,0,1666,6025,5090,7424,4401
"4027",280.18906,5.639,544366,1856,2017,0,1837,0,0,0,1780
"4028",280.18921,5.54,989124,1856,0,7468,10239,4470,6426,0,1394
"4029",280.18933,5.344,106310,28553,35649,19654,18634,18344,21084,34241,33114
"4030",280.19089,4.367,218945,2479,1243,0,0,0,0,0,1492
"4031",280.19141,4.536,133733,1456,1547,0,0,1416,0,0,4769
"4032",280.20578,7.362,362427,31288,15028,9221,1205,8027,13150,6156,9629
"4033",280.21283,5.495,480798,476359,519374,514438,508345,480503,504067,528493,478814
"4034",280.22507,7.142,1472510,222743,222480,182155,193319,179285,211423,191817,205755
"4035",280.26416,7.533,103172672,6300346,5888400,0,0,0,208810,173507,176672
"4036",280.26419,7.145,185260976,16296329,16630122,0,0,0,89495,144904,134908
"4037",280.26422,8.118,103271736,5100185,5180204,0,0,0,40036,56153,47679
"4038",280.26425,7.333,136001888,10885119,11360450,0,0,1441,581640,551184,464069
"4039",280.26428,8.206,94808000,5307844,5504910,0,0,0,77756,85597,83138
"4040",280.26431,9.093,8775743,917015,844847,0,0,0,305464,327519,326054
"4041",280.26431,8.986,23309750,3379965,3116564,0,0,0,1222926,1349560,1045012
"4042",280.26434,6.292,2312116,142141,162745,0,0,0,0,4013,0
"4043",280.26434,10.165,639674,53562,32525,0,0,0,0,0,3480
"4044",280.26443,7.015,14864967,1414542,1567626,0,0,0,2524,5926,8000
"4045",280.26447,8.831,1171521,216698,100159,0,0,0,0,0,0
"4046",280.31427,7.368,1152411,18179,29286,0,0,0,0,0,0
"4047",280.31467,7.294,398194,18179,3752,0,0,0,0,0,0
"4048",280.91696,11.774,116363,110001,102660,83993,73761,84681,75971,83884,90644
"4049",280.93234,0.536,78964,149830,256760,278643,417766,302666,3234,0,2337
"4050",280.99313,0.42,1938,3469,0,1529,3897,2551,65235,80520,86446
"4051",280.99316,11.656,1757348,1900308,1897348,1810485,1802854,1789834,1815037,1973001,1760999
"4052",280.9949,0.56,1796,2363,2048,6897,3793,2567,87432,97841,116936
"4053",281.08203,6.95,517251,570399,546434,483835,527628,529236,507999,458617,519047
"4054",281.0997,1.77,0,0,0,0,0,0,94063,102151,93218
"4055",281.10068,4.716,37712,42499,48571,42743,39428,43880,88557,92862,104568
"4056",281.10291,6.002,389037,383906,479301,406700,456952,395361,460274,396607,430013
"4057",281.13623,4.717,164543,135400,127356,162767,105406,144549,272209,156937,243265
"4058",281.1366,4.421,64600,52590,20761,32317,34871,39732,355747,396283,348782
"4059",281.13953,6.647,721437,398905,382488,98254,69198,213198,132929,125822,142968
"4060",281.14835,2.143,124553,6403,9515,0,1596,1405,3321,3693,2219
"4061",281.15295,4.178,0,0,0,1334,0,0,280769,269309,243853
"4062",281.15302,4.86,4807,4687,1529,6338,3479,2117,1004723,1167884,1036290
"4063",281.15323,5.964,37481,38638,80996,50651,34895,61796,1803143,1991264,1728464
"4064",281.15326,5.262,8416,7232,6433,6639,5809,7541,599147,646665,561034
"4065",281.15335,5.569,114988,126728,119940,138235,102391,122093,557152,562912,549800
"4066",281.15393,6.748,776361,725880,734740,179708,724953,757384,209145,754073,769625
"4067",281.15396,7.234,700883,738128,690124,698485,691684,569548,706557,739480,751145
"4068",281.15417,3.782,30391,0,2595,0,0,0,130053,131523,151849
"4069",281.15424,5.844,328803,396944,318073,288837,318117,265908,289663,268568,362766
"4070",281.15433,6.95,433972,346093,346048,342946,371586,361059,399145,326143,361878
"4071",281.15436,4.716,6870,2802,2550,1628,1182,4098,140061,176785,162903
"4072",281.15445,7.331,252895,316015,286828,303340,291962,277966,310735,317419,334278
"4073",281.19693,2.986,126134,209757,210910,202375,191811,185177,202496,213395,210401
"4074",281.21198,8.713,330395,275606,254677,258768,245063,233714,324604,264248,338796
"4075",281.26691,9.631,97136,0,0,0,0,0,0,0,0
"4076",281.26767,7.01,2999467,244913,286775,0,0,0,0,0,0
"4077",281.90646,11.669,180011,110309,137445,149790,151357,99911,117955,210240,153559
"4078",281.9447,0.422,0,2805,0,2163,0,2093,30077,39409,32339
"4079",281.96042,0.526,0,0,0,0,0,0,151588,212909,97382
"4080",282.09781,2.868,270557,0,0,0,0,0,295300,277611,258563
"4081",282.11133,3.591,250279,0,3925,0,0,0,0,1842,0
"4082",282.11313,3.13,5169,0,0,0,0,0,37093,38830,42295
"4083",282.11877,0.546,0,0,0,0,0,0,6378550,6757840,6499184
"4084",282.13156,2.468,141526,0,0,0,0,0,0,0,0
"4085",282.13205,2.343,170840,0,1825,0,0,0,2157,0,0
"4086",282.15512,1.202,0,0,0,0,0,0,3159359,3448511,3212946
"4087",282.15515,1.582,0,0,0,0,0,0,164138,150674,146903
"4088",282.15533,1.425,0,0,0,0,0,0,472327,495550,484376
"4089",282.16803,9.077,144052,19144,10056,1947,0,2194,2185,0,2393
"4090",282.16852,3.304,1503355,86958,144853,0,0,0,1296,1850,0
"4091",282.20474,5.955,446987,1910,0,0,0,0,1754,0,0
"4092",282.2056,4.189,111333,0,2921,0,0,0,0,0,0
"4093",282.20752,4.724,233307,1302,1461,0,0,0,2175,0,1911
"4094",282.22217,11.803,3285,3808,5542,5558,3657,9671,9416,36971,14794
"4095",282.24316,5.923,126214,0,0,0,0,0,0,0,0
"4096",282.24326,6.653,66180,0,0,0,0,1680,2496,0,0
"4097",282.24344,5.435,123237,0,0,0,0,0,0,0,0
"4098",282.24353,7.029,4173651,157353,109819,0,1697,0,0,0,0
"4099",282.24353,7.159,6337038,284367,284825,0,1697,2364,2180,0,0
"4100",282.24374,5.002,332136,6753,6061,0,0,0,0,0,0
"4101",282.24377,4.928,308650,10437,11343,0,0,0,0,0,0
"4102",282.27951,9.328,5951,44066,3153,17025,10365,3468,55092,63491,26780
"4103",282.27985,9.633,123710920,17900470,15631781,20824,10246,16949,3838291,4198342,3892544
"4104",282.27991,10.498,104643,7156,2121,3968,6475,3309,2132,2635,1728
"4105",282.28003,7.859,4851944,341348,341278,2190,2308,1745,51369,47031,54189
"4106",282.28006,7.768,4329840,362704,355337,2190,3257,3498,58273,65467,55888
"4107",282.90546,11.658,3598084,3902764,3975074,3546163,3466760,3564612,3476072,3516209,3519228
"4108",282.91153,11.781,1414976,1460643,1159243,1322329,1071400,1399163,1228671,1167651,1144568
"4109",283.01389,1.378,0,0,0,0,0,0,288167,291271,300117
"4110",283.07455,2.799,68061,3928,10219,0,0,0,0,1516,0
"4111",283.07953,1.708,0,0,0,0,0,0,51435,51046,42393
"4112",283.09003,4.7,30726,39256,39030,37660,37032,40662,26580,31133,32854
"4113",283.09479,11.656,0,0,0,0,1133,52155,0,0,0
"4114",283.10864,4.795,2367,8486,4563,4425,1650,7784,15161,30811,33470
"4115",283.11603,3.781,2798,2631,8965,18146,16437,21067,165879,182280,142812
"4116",283.16577,1.659,0,0,1787,0,4741,0,189262,200884,188173
"4117",283.17032,4.751,13217,30900,29705,25683,31643,13394,213708,190863,211951
"4118",283.17554,11.652,958037,843621,869637,761688,854760,828830,1116668,1050463,894276
"4119",283.17566,2.011,578457,773406,829882,528926,854486,734220,875895,736713,872754
"4120",283.17599,2.125,1300306,1272304,1001216,1048987,1024417,1055617,1449288,1198352,1315829
"4121",283.22534,8.443,1043259,942187,1035359,815158,935273,817804,1078920,831256,954980
"4122",283.2464,7.368,496313,22775,7621,1849,0,0,0,0,1566
"4123",283.2757,5.604,287577,243529,272566,371898,222335,265923,268428,216181,476346
"4124",283.87817,11.671,135020,60257,225779,87223,108795,76012,93000,64836,109577
"4125",283.92853,0.711,0,0,0,0,0,0,352767,380122,316778
"4126",284.00201,0.474,0,0,0,0,0,0,322961,257437,208314
"4127",284.07114,1.821,0,0,0,0,0,0,166473,215971,185540
"4128",284.09952,0.997,0,0,0,0,0,0,237740,261722,233953
"4129",284.11081,2.221,0,0,0,0,0,0,81941,92195,60951
"4130",284.12323,0.588,0,0,0,0,0,0,83317,24576,17813
"4131",284.12668,3.207,287890,1616,0,0,0,0,0,51988,47671
"4132",284.1268,8.991,74111,12467,14395,0,0,0,0,3230,2407
"4133",284.12872,3.916,0,0,0,0,0,0,2907041,2870956,2667326
"4134",284.13422,0.866,0,0,0,0,0,0,135062,176344,164079
"4135",284.13425,1.013,0,0,0,0,0,0,197744,223977,224487
"4136",284.13773,0.462,0,0,0,0,0,0,37262,52390,31642
"4137",284.14661,2.695,117907,36039,42444,16383,22544,19173,50979,42996,47661
"4138",284.14783,2.406,312920,17214,22099,1277,1202,1755,2102,1824,1719
"4139",284.14786,2.15,915301,22041,31042,0,1494,0,1957,2184,0
"4140",284.14786,2.343,235715,4315,15223,1277,1226,1755,1351,0,2383
"4141",284.16238,7.585,11663,38159,31149,24674,33934,42471,43505,38845,29628
"4142",284.18423,9.712,84753,11893,23343,0,0,0,2417,2593,0
"4143",284.18579,5.166,35065,27468,22476,1543,2771,7373,173379,123656,211981
"4144",284.22256,7.989,139402,73805,43520,2310,2024,1866,60094,30098,62369
"4145",284.22272,4.861,268832,2138,2604,0,0,2357,2871,0,1208
"4146",284.22278,5.427,191415,15999,12636,25923,22385,22311,22713,20001,31949
"4147",284.22284,4.996,209596,4057,7008,1594,0,0,1907,0,0
"4148",284.22287,6.097,3651374,160882,174866,1727,0,2895,4968,2124,0
"4149",284.2229,6.212,2164150,109955,134036,2511,10695,8396,7767,9843,9367
"4150",284.22293,5.75,1183232,74007,73413,3573,1817,5092,2483,0,4073
"4151",284.22302,6.153,3352196,181950,181082,2511,10695,8396,2646,9843,9367
"4152",284.22302,6.566,376402,18207,20060,1762,1650,3066,1873,0,3139
"4153",284.22311,4.741,271218,1168,2572,2887,0,2357,3181,0,1208
"4154",284.25916,7.587,3526058,181733,183471,0,0,0,6946,1620,2208
"4155",284.29559,10.604,1896979,1858111,2063834,1897087,1585595,1590208,1914963,1890848,1511802
"4156",284.29578,10.357,1103000,157380,213100,94826,29089,58468,75093,143137,88094
"4157",284.33096,11.632,738946,487085,555411,360738,363584,517224,555191,527290,536984
"4158",284.33154,10.071,948092,1083317,2793083,1860505,749378,962264,513821,650763,3438730
"4159",284.33179,9.644,1335941,2725440,1105527,1406380,911359,1442704,693310,1512021,1488012
"4160",284.33182,7.653,13032175,10119039,12778402,18281588,6454900,5977986,12613360,14764404,13308744
"4161",284.33182,7.478,7765343,2972314,6027178,5345952,6636508,6978678,5040006,5000288,5263190
"4162",284.33182,7.785,3189252,2538793,1177582,1143358,6720228,2289747,3163855,1293393,2962137
"4163",284.8241,0.462,0,0,0,0,0,0,26983,74601,71669
"4164",284.91034,0.47,120403,102917,112549,100686,119269,104042,3091,0,4675
"4165",284.91046,8.203,80858,137237,75345,98760,108140,70078,170084,83379,58667
"4166",284.93832,11.654,575552,541577,708018,545155,514186,551403,533016,647739,524992
"4167",285.0842,1.241,0,0,0,0,0,0,124186,121707,114191
"4168",285.09479,2.142,0,0,0,0,1618,0,46989,40833,40448
"4169",285.11118,3.676,124927,173426,134865,45365,92688,63043,413170,324137,312484
"4170",285.13156,3.367,288826,264265,303822,282322,259174,271713,498476,468506,462005
"4171",285.13177,2.962,11073,19333,9601,11721,10458,29426,168186,184288,173212
"4172",285.16809,5.495,366401,379845,399974,325783,362987,359529,341816,327427,356953
"4173",285.17068,4.255,522899,49984,52302,10818,21001,30996,58635,72343,51756
"4174",285.18341,7.834,32232,47491,46669,48220,48879,38736,49162,55263,170560
"4175",285.25494,5.447,308508,36794,40417,0,0,0,0,0,0
"4176",285.29037,5.411,1117362,1006334,1044693,982341,986490,1027064,1043934,1060006,1101890
"4177",285.33478,10.035,366426,199994,199675,211682,194161,226696,205783,209855,939388
"4178",285.33524,7.441,952554,845912,1216374,1401111,636504,855637,937653,1088540,922064
"4179",285.85794,0.472,0,0,1516,0,1693,1611,99270,137588,147683
"4180",285.88162,0.522,111994,130258,168955,106087,128372,112771,9274,4591,3721
"4181",285.89398,11.821,309534,597121,863568,850197,149445,807591,78656,112426,304962
"4182",285.90607,0.674,1599,4111,1985,3126,2090,5289,212714,233208,188466
"4183",286.09106,0.808,0,0,0,0,0,0,101535,111256,103899
"4184",286.09216,0.545,0,0,0,0,0,0,190354,430846,472514
"4185",286.14029,1.252,0,0,0,0,0,0,427276,483589,418257
"4186",286.16339,2.22,176658,4623,13027,4442,1707,1506,7010,3966,1911
"4187",286.16345,2.343,293686,9895,12216,3464,2199,1238,6704,6952,8488
"4188",286.16534,3.76,158532,254260,305237,244593,258445,274648,338348,309247,316704
"4189",286.16571,3.624,155371,40278,39972,35889,19220,32879,55465,28413,27920
"4190",286.17908,6.659,73678,0,0,0,0,0,0,0,0
"4191",286.23846,5.85,611859,69728,74387,9573,7503,11126,18821,16561,28822
"4192",286.23849,5.528,768667,53755,76846,18744,6054,4245,9570,6092,9284
"4193",286.23853,6.504,325501,39033,33991,19423,21345,19510,54361,43518,35450
"4194",286.23856,5.066,323101,44290,58624,3473,5095,13563,12039,25630,44653
"4195",286.23862,5.31,734799,49941,49770,4573,15345,10581,11234,4168,8150
"4196",286.23862,5.404,962008,104889,102947,4568,4175,11782,11552,17008,17939
"4197",286.23865,6.653,218014,20239,39046,31360,19212,22152,40869,69331,22286
"4198",286.27493,8.249,736194,642755,809997,677869,665842,695788,898771,801861,878350
"4199",286.31158,7.407,107217,287661,305019,199231,171452,251704,194005,255932,273392
"4200",286.85547,11.825,895767,771500,758851,1279801,724603,1693465,1488260,803391,726329
"4201",286.92184,0.537,80309,148181,276031,260500,432332,304875,17770,19023,0
"4202",286.95261,0.47,0,16838,1907,11220,9361,2589,319081,392180,299933
"4203",286.95874,0.418,0,16838,1907,11220,3849,2589,61668,113379,133513
"4204",287.00864,0.575,0,0,0,0,0,0,50792,159024,152967
"4205",287.01447,0.51,0,0,0,0,0,0,75878,86988,52245
"4206",287.05469,3.196,0,0,0,0,0,0,501661,515751,520871
"4207",287.05502,2.346,0,0,0,0,0,0,241702,237078,259377
"4208",287.05533,3.118,0,0,0,0,0,1510,53555,57853,53739
"4209",287.05551,3.341,0,0,0,0,0,0,63849,72412,56994
"4210",287.08017,1.637,0,0,0,0,0,0,46387,45683,53047
"4211",287.08685,6.046,81276,87647,96689,106197,96929,81276,79292,104165,88119
"4212",287.09979,5.621,332193,297344,322109,351539,309179,319398,334270,338645,338550
"4213",287.11035,1.804,0,0,0,0,0,0,163443,123478,127278
"4214",287.11047,1.202,0,0,0,0,0,0,3028555,3204453,2944346
"4215",287.11053,1.421,0,0,0,0,0,0,2068645,2060459,1846292
"4216",287.11084,1.582,0,0,0,0,0,0,480253,359278,433417
"4217",287.12561,4.149,1436,1329,1928,1300,1241,2152,151731,173814,149234
"4218",287.13708,2.048,0,0,0,0,0,0,461815,424611,461047
"4219",287.14807,3.735,25476,18817,24992,31961,25289,13966,177119,176319,152429
"4220",287.16019,11.643,56051,4164,81718,3930,131794,55533,1450,90494,4337
"4221",287.19745,2.948,0,95371,50576,0,0,0,0,0,0
"4222",287.22186,9.011,33748,57453,71286,80919,57911,68053,127215,125567,94884
"4223",287.22192,8.885,48620,57576,57242,55122,54891,56129,48467,43539,54436
"4224",287.2334,3.95,48653,45949,45790,38433,43387,38276,78116,54277,62735
"4225",287.23349,3.693,327122,338700,346001,333270,316350,344730,438309,416898,423694
"4226",287.23715,9.765,3173,4294,3597,2856,2035,1974,195110,82529,82343
"4227",287.23724,9.931,0,2258,2310,2311,2481,0,1100500,401830,393315
"4228",287.26962,5.171,79448,27164,53369,50415,46627,45061,49482,56444,61503
"4229",287.88586,0.79,489814,441578,527190,458370,414590,378327,164419,141065,67427
"4230",287.88596,0.479,161835,200740,149322,156435,162370,155058,92117,16778,86525
"4231",287.88873,0.053,123100,375521,234569,358024,370566,500798,269900,458681,406740
"4232",287.88959,11.832,6850023,3479279,4675176,7817437,3283208,7358274,5219987,5812828,2701728
"4233",287.99338,1.38,0,0,0,0,0,0,156548,152287,146767
"4234",288.08499,3.074,0,0,0,0,0,0,29351,23696,13358
"4235",288.10577,0.81,0,0,0,0,0,0,590666,634122,588718
"4236",288.1058,0.512,0,0,0,0,0,0,1153156,1201924,1088033
"4237",288.11978,0.587,0,0,0,0,0,0,413700,542675,421166
"4238",288.1218,2.799,136231,0,0,0,0,0,0,1906,0
"4239",288.18127,2.17,6558,5341,1518,4084,5295,6335,140530,126151,130254
"4240",288.18134,3.574,171986,156682,157880,107996,92394,80666,218948,166980,193706
"4241",288.1814,3.892,150903,13694,21672,14846,18075,11830,71990,78446,65911
"4242",288.18143,3.475,104695,41192,35558,79723,34017,18865,26006,59439,31595
"4243",288.25372,6.689,428919,210202,457155,290818,252816,309100,491666,317887,271000
"4244",288.25415,6.905,599140,27469,12056,6481,20173,14537,14459,17290,9112
"4245",288.25436,5.263,683953,67740,68299,22120,18738,18439,1939,2030,0
"4246",288.29068,5.544,666064,12747,41445,7510,6667,2055,151433,294360,97067
"4247",288.29068,5.62,590990,81263,93093,20409,3762,27202,249881,303032,269694
"4248",288.92191,11.646,10787392,10152586,10257867,9266376,9552417,9495951,9778401,10310150,11371154
"4249",288.9223,5.921,334879,348071,518345,487666,321158,836268,534726,411594,517346
"4250",288.92236,8.187,515743,516206,267484,629969,484657,699029,805202,186877,917098
"4251",288.92239,4.938,297222,338986,253237,395566,370742,182495,554226,572368,490517
"4252",288.92245,0.469,4977003,4489042,4934009,3844244,4463313,4211668,2186983,2133948,1752244
"4253",288.92258,4.798,174337,233248,528771,301809,392402,655586,576448,669045,667461
"4254",288.92261,6.061,516524,682499,346193,234929,364050,736158,996858,510879,581895
"4255",288.92288,0.62,266458,631148,270695,880447,316486,741488,140,19521,62132
"4256",289.04971,1.821,0,0,0,0,0,0,1013561,1164948,1109142
"4257",289.09061,0.864,3814,0,1724,2922,0,1730,349726,363953,237537
"4258",289.09174,0.556,2476,1709,2203,0,0,0,13348644,14083526,14068349
"4259",289.11859,2.528,0,0,0,0,0,0,93705,98404,98160
"4260",289.12595,1.37,0,0,0,0,0,0,379582,387468,333202
"4261",289.12631,1.744,0,0,0,0,0,0,244817,243567,151011
"4262",289.1264,1.831,2054,0,0,0,0,0,431954,395697,364303
"4263",289.12659,1.614,0,0,0,0,0,0,335184,352317,328434
"4264",289.13925,0.585,0,0,0,0,0,0,61734,56092,99516
"4265",289.15485,7.594,59683,95427,89639,86769,81263,74887,97208,98744,99790
"4266",289.15887,5.964,0,0,0,0,2033,0,233478,204078,221814
"4267",289.15942,8.695,126398,96533,100065,97236,104642,117118,100244,106366,112039
"4268",289.15994,8.531,117707,195821,142930,110477,118734,207020,147533,104991,210173
"4269",289.17819,11.644,454701,437119,478531,438174,457427,186281,455958,518637,443271
"4270",289.18039,6.096,2864,2195,1314,8046,3566,1683,771723,814393,702341
"4271",289.19534,7.661,413783,395906,400874,396062,390355,386875,401518,351778,374202
"4272",289.20135,5.366,39092,52751,55241,38417,62721,34571,55541,49393,61165
"4273",289.23755,5.202,0,0,0,0,0,0,157615,145231,152399
"4274",289.27441,9.382,146807,300420,296866,342154,120593,125574,300138,154988,156653
"4275",289.89041,11.68,299478,164066,251604,231725,380200,169596,157359,138024,128990
"4276",289.90521,0.748,263456,326435,477912,507735,487401,482513,106916,214526,143649
"4277",289.90524,0.594,151580,141367,132830,143008,139055,141054,14360,15276,9461
"4278",289.92758,11.7,180181,700549,346239,229454,194180,554504,116453,187146,779629
"4279",289.92783,11.84,1265880,976867,616264,1672726,672161,515919,489038,1269271,601822
"4280",290.08633,1.164,0,2000,0,0,0,0,769530,763892,792461
"4281",290.13507,0.81,0,0,0,0,0,0,106496,142699,113611
"4282",290.1618,11.626,136092,110579,131757,160869,171607,90002,222822,115901,177306
"4283",290.16196,5.607,206155,245921,223206,178334,290915,175908,239082,265868,215490
"4284",290.16214,3.602,312210,303006,255904,303167,275325,305685,330408,313107,271497
"4285",290.19684,4.4,11057,40974,27267,27253,27020,16807,89392,106256,97144
"4286",290.20978,6.621,10090679,908192,709658,2115,0,0,1755,2041,3548
"4287",290.20987,6.494,6738422,414057,344324,0,0,0,1755,0,3548
"4288",290.20987,6.803,6877054,220655,294195,2115,0,0,0,5296,0
"4289",290.20996,6.978,1234058,75257,58382,0,0,0,0,0,0
"4290",290.20996,9.044,479447,37618,44098,0,0,0,2717,7247,5933
"4291",290.21219,4.449,287983,15678,4510,0,0,0,1744,0,2031
"4292",290.21271,4.909,178676,6059,8954,0,0,0,11999,8872,5609
"4293",290.2334,8.627,72224,83665,62817,63958,70617,78900,79594,69448,68679
"4294",290.23383,4.016,66370,73774,72939,68653,67054,72287,69607,69983,74422
"4295",290.26996,5.46,709898,722307,795202,678896,660801,594739,606361,714538,796200
"4296",290.8472,0.474,0,0,0,0,0,0,567011,752552,1055980
"4297",290.91357,11.875,155346,146131,559735,372863,243570,369846,95145,194009,131198
"4298",290.91574,0.539,16160,27307,52502,50720,72308,59809,125120,13374,147720
"4299",290.94379,11.663,488000,422565,353052,321686,280519,426613,268064,357562,425180
"4300",291.08447,1.057,0,0,0,0,0,0,2191493,2250585,1954586
"4301",291.08484,4.279,71191,7499,1382,0,0,0,0,0,0
"4302",291.09567,2.03,0,0,0,0,0,0,70481,86485,107088
"4303",291.09946,5.042,33802,27066,37507,28337,27192,31254,32715,32852,45047
"4304",291.10522,0.591,0,0,0,0,0,0,1835974,2111087,2082782
"4305",291.10544,0.81,0,0,0,0,0,0,2317555,2450345,2406029
"4306",291.19553,6.863,44092,33499,16941,28076,23261,19473,186579,168247,180572
"4307",291.19553,7.313,68545,16544,29026,107421,25575,26594,193167,337740,87032
"4308",291.19556,3.727,9399,1762,3493,3096,1760,1682,198474,262717,179664
"4309",291.19577,5.424,223138,8556,6908,6790,3009,8066,369957,386479,387026
"4310",291.19592,5.753,31282,8756,6733,6148,2322,9407,3359721,3568633,3237960
"4311",291.19598,4.636,18472,5180,3253,1213,6632,5363,166787,149657,152168
"4312",291.19598,6.237,188659,23556,6041,8076,10097,21138,139843,177736,125564
"4313",291.19604,5.667,55460,22159,10107,12208,4958,6170,3393538,3667779,3421896
"4314",291.19617,6.572,152615,19774,33785,12531,25221,18838,53658,74254,63919
"4315",291.1965,5.041,131224,2559,9929,13029,3772,3925,51572,136986,52935
"4316",291.23187,8.994,132819,115031,96836,63016,50645,77958,269676,240281,202116
"4317",291.23215,8.563,30158,18199,31263,29447,25430,37546,386345,332413,276052
"4318",291.25333,7.863,1490494,910343,954805,852141,855346,858672,919242,858453,1346938
"4319",291.86581,0.483,46293,63581,49565,37252,41814,39790,807788,888258,890507
"4320",291.9516,0.822,0,0,0,0,0,0,1294484,1735088,1354197
"4321",291.97672,0.418,0,0,0,0,0,0,137847,193974,214566
"4322",291.98807,0.575,0,0,0,0,0,0,1015042,950708,1057663
"4323",292.13928,0.586,0,0,0,0,0,0,197076,269501,248202
"4324",292.16684,9.053,162816,3322,3065,4212,5026,2788,10025,1855,3909
"4325",292.17581,5.471,3066,11578,13559,6747,6740,11849,45629,25057,541380
"4326",292.17587,4.406,12200,18997,25593,18257,27227,25562,61681,63392,77816
"4327",292.17685,4.248,42235,48552,56212,59498,59364,52951,51538,52969,58040
"4328",292.18945,4.712,225871,4519,9035,0,0,0,2785,4884,7050
"4329",292.21198,1.87,0,0,0,0,0,2586,59208,53569,47910
"4330",292.22516,9.718,142247,20851,4156,0,0,0,0,2585,2885
"4331",292.22543,7.039,11929715,735258,692779,0,0,0,6136,7170,2808
"4332",292.22543,7.125,6166718,687225,507994,0,0,0,24735,18906,10948
"4333",292.22559,6.316,14555142,1263072,2881447,0,0,0,48387,53922,46350
"4334",292.22562,7.336,1158340,98332,94822,1791,0,0,12954,18181,9950
"4335",292.22565,6.129,17934564,1683196,1945839,0,0,0,0,2772,5815
"4336",292.2269,6.448,10473912,514225,553966,0,0,0,0,0,4240
"4337",292.22775,6.907,7225691,193274,155839,0,0,0,11616,11831,16545
"4338",292.22778,8.488,316911,4939,1840,0,0,0,2001,51380,59720
"4339",292.22787,4.273,503432,24248,23247,5848,1303,0,2976,3592,6263
"4340",292.22794,8.552,1827163,60193,47001,0,0,2053,48913,51380,59720
"4341",292.22797,5.507,1969004,94207,131949,0,1970,0,0,0,0
"4342",292.22803,4.398,669058,24732,20094,5848,1303,0,2976,3836,6263
"4343",292.22806,3.993,180249,0,0,0,0,0,1557,0,0
"4344",292.22806,5.369,3241714,155321,175738,0,1970,0,3748,0,2255
"4345",292.28488,9.011,721807,598266,586703,552487,528421,558276,620424,561602,643548
"4346",292.86533,11.652,271319,495679,474081,79446,426852,122572,364813,398951,367062
"4347",292.91376,11.648,199658,129708,65261,0,70359,118027,129388,131778,95907
"4348",293.06335,0.536,0,0,0,0,0,0,3639110,4254538,4786447
"4349",293.06348,0.599,0,0,0,0,0,0,1417482,1639143,1651350
"4350",293.07928,3.351,157979,173537,166403,165888,117258,152639,139401,128439,140463
"4351",293.07974,3.524,39123,139920,133502,140292,125061,115815,127272,28321,75774
"4352",293.09494,5.746,40599,74911,79107,86703,91579,97429,55405,58952,63216
"4353",293.09952,2.45,1987,3185,4971,1295,1911,3189,55798,70543,61282
"4354",293.10251,1.457,0,0,0,0,0,0,29075,36480,27956
"4355",293.11307,3.583,219534,235009,236251,218593,209511,228475,247457,265334,230895
"4356",293.1131,3.419,134789,141614,133211,146429,144632,136125,151903,137882,166499
"4357",293.11536,4.685,134159,167455,155051,163562,173950,153882,249422,260564,261365
"4358",293.11761,7.155,9720,78637,74711,87714,81028,80535,78778,83430,94108
"4359",293.1344,0.575,0,0,0,0,0,0,324841,300363,336635
"4360",293.13538,7.461,190693,248423,209882,219706,230007,256112,235225,234449,236653
"4361",293.13663,6.052,19391,34101,20340,15682,23722,15625,151701,190068,143429
"4362",293.14542,0.524,0,0,0,0,0,0,92259,98588,27725
"4363",293.15402,7.152,43976,85947,88848,88112,79449,98518,93938,88014,98024
"4364",293.15445,8.234,86623,136679,141940,118747,105246,119539,115069,134236,149244
"4365",293.17502,8.097,153567,284393,249895,298139,192119,210660,351746,243625,309480
"4366",293.1958,4.409,373232,356700,380949,342303,330748,355841,408721,372994,409562
"4367",293.21063,7.041,54142,19557,23163,47341,53650,57408,258593,223163,237623
"4368",293.21118,6.019,320777,29750,13559,39555,50375,38065,297521,281542,365696
"4369",293.2114,6.439,213729,17911,44209,43200,32853,28199,361773,368613,356835
"4370",293.21152,5.544,54848,15486,19501,13354,6961,3094,385662,612314,562277
"4371",293.21155,4.712,15199,7583,16619,10735,8331,9159,1190142,1340484,1243376
"4372",293.21161,7.487,5182,26215,29681,66772,27598,37189,1304621,1328827,1122496
"4373",293.21164,5.039,28093,9165,1586,4287,1365,5666,1458957,1616055,1390966
"4374",293.21164,7.555,19975,39760,26259,34082,12366,21275,1300702,1302104,1097615
"4375",293.21188,5.788,348684,33275,21362,14606,19153,15329,39531,20520,64671
"4376",293.24777,8.905,352209,340518,361104,281822,341572,333722,387594,338850,364072
"4377",293.90274,0.466,294592,300148,299067,234896,290184,245542,51077,56075,33832
"4378",293.92334,11.662,759349,801165,992865,881495,745156,734264,792796,842930,722580
"4379",294.06357,2.799,128726,10136,18167,0,0,0,0,0,1591
"4380",294.13458,3.711,0,1223,0,0,0,0,43395,33844,11498
"4381",294.14746,4.979,191965,1435,1578,3533,1989,1465,0,0,10052
"4382",294.14749,4.225,89156,0,0,0,1161,0,0,1878,0
"4383",294.14795,5.595,84086,0,1955,0,0,1804,0,1868,0
"4384",294.155,0.591,0,0,0,0,0,0,2621566,2623762,2642932
"4385",294.15509,0.922,0,0,0,0,0,0,3588580,3789414,3680090
"4386",294.15512,3.429,91346,112276,101291,98340,99947,104716,118143,101929,99971
"4387",294.15518,0.866,0,0,0,0,0,0,2493600,2705080,2648205
"4388",294.15527,4.811,35250,46195,38058,42885,42309,33065,33908,48184,39754
"4389",294.18393,6.648,243910,55983,69484,37787,31430,35843,13018,25382,17226
"4390",294.1846,6.536,66183,14958,4421,1652,2774,3379,2150,16845,5255
"4391",294.20715,7.906,182294,188205,186386,195591,217078,192300,205583,179125,198333
"4392",294.22806,5.914,315965,334496,365497,358150,392097,345313,336022,353653,362438
"4393",294.24304,6.801,2452998,197731,193039,0,0,0,2005,2823,0
"4394",294.24344,7.36,23408092,1750713,1788456,0,0,0,54371,62315,13741
"4395",294.24347,7.139,55198484,2729825,2536917,0,0,0,153213,133256,121354
"4396",294.24353,7.26,35650208,2822491,2602659,2377,2117,0,77185,96408,76766
"4397",294.24359,5.886,5572504,239360,297473,6915,6202,8299,5652,2856,4904
"4398",294.24371,7.558,1517149,79727,88289,0,0,0,0,0,0
"4399",294.24374,5.532,2499255,177303,223012,0,0,0,0,0,0
"4400",294.24374,5.762,9209429,169488,173414,0,1600,0,0,0,2272
"4401",294.24374,6.032,7158530,283704,279743,72298,6202,2519,5652,2203,4904
"4402",294.2438,5.595,4932146,300172,327353,0,0,0,0,0,0
"4403",294.24384,4.368,2810987,216746,273381,0,0,0,0,0,0
"4404",294.24384,6.256,6206744,259630,263412,0,0,0,1917,0,0
"4405",294.2439,5.078,1814624,126727,152021,0,0,0,0,0,0
"4406",294.24393,5.013,2223746,175380,205516,0,0,0,0,0,0
"4407",294.24396,4.655,805377,4546,4631,0,0,0,0,0,0
"4408",294.24405,3.848,453311,11510,11634,0,0,0,0,0,0
"4409",294.24411,8.55,862664,33828,32838,0,0,0,0,0,1953
"4410",294.26443,7.258,104333,499886,494833,540678,517758,505728,572045,486269,503616
"4411",294.27985,7.865,926385,24112,52047,0,0,0,0,0,0
"4412",294.27997,8.006,423137,0,2329,0,0,0,0,0,0
"4413",294.86618,11.736,82016,114552,121999,104195,144594,123361,83173,104761,86728
"4414",294.93927,10.095,242504,56853,213210,162569,46124,174170,54619,123410,228694
"4415",294.93958,9.26,156130,220667,115913,282570,137366,110269,198850,236171,252639
"4416",294.93961,0.469,8038345,5012878,7641502,4006543,6310046,4907914,2073381,1602034,936584
"4417",294.93964,4.867,41672,34883,53174,53458,42607,27826,23456,47963,27902
"4418",295.05463,1.815,0,0,0,0,0,0,60215,47489,53449
"4419",295.07965,0.992,0,0,0,0,0,0,46597,44122,45951
"4420",295.11371,0.53,10812,3176,4892,8048,7443,7781,5506108,5769338,5838316
"4421",295.12933,2.128,0,0,0,0,1565,0,758393,753794,720812
"4422",295.15219,4.396,38483,51953,50042,39057,20955,46185,240202,246632,292700
"4423",295.15744,2.535,80043,86428,88292,94757,73611,86993,102281,109195,119094
"4424",295.1665,11.645,1049542,916550,823787,887146,949852,912122,1212408,1067902,974811
"4425",295.16962,7.024,802888,807906,752439,737507,737032,731928,763488,789959,853528
"4426",295.16974,6.766,1050430,1011330,960788,981414,983055,946785,1079955,977345,1018832
"4427",295.1698,8.254,672402,704650,710628,619816,639868,646128,733347,692273,690246
"4428",295.16989,8.38,4412713,4328422,4451314,4175605,4271542,4349589,4553568,4298510,4567047
"4429",295.16995,7.175,426669,524067,528758,520995,493197,564336,587965,553797,618796
"4430",295.17017,6.949,1349766,1314746,1345211,1275831,1272499,1309560,1343564,1287831,1301968
"4431",295.18857,8.625,745620,694029,913574,795839,1031825,790055,801616,778054,953874
"4432",295.1907,5.901,57637,25085,48741,36021,46315,54306,356500,377129,390361
"4433",295.19083,7.197,36463,31477,57512,24119,24869,57116,444318,460068,435851
"4434",295.21255,3.413,462318,456416,255734,463430,336431,481229,464334,459313,521870
"4435",295.22681,6.263,115720,63649,91201,31663,51906,65262,233336,117034,126553
"4436",295.22714,8.125,77105,109518,161462,91542,108352,103612,900806,886346,818882
"4437",295.2272,4.987,88863,32665,40917,28112,24462,29501,288501,308683,293749
"4438",295.22723,6.743,48088,33930,35126,38818,35380,63365,220663,164694,189915
"4439",295.22726,8.036,37686,93895,96920,81100,64566,51747,1650650,1598421,1378393
"4440",295.22736,7.933,208062,49832,76374,137923,44289,62411,1420929,1472967,1309213
"4441",295.22754,5.417,35298,18063,66017,15776,51741,44931,308934,301524,286020
"4442",295.24698,6.973,1479354,46513,42816,0,0,0,0,0,0
"4443",295.97681,0.525,0,0,0,1845,0,0,263934,305827,260638
"4444",296.0661,0.519,0,0,0,0,0,0,16797404,18726008,20383778
"4445",296.10501,7.68,65899,0,0,0,0,0,0,0,0
"4446",296.12668,3.829,157311,7431,1600,1748,3939,1167,3026,0,3954
"4447",296.1268,3.939,96050,5956,5040,1091,1860,4591,1661,0,3954
"4448",296.12726,3.719,98742,0,1683,3219,0,2565,2834,0,0
"4449",296.13443,0.886,0,0,0,0,0,0,80038,69004,98811
"4450",296.14758,3.06,83035,3142,2778,2629,1121,7659,8267,1302,2729
"4451",296.14816,3.255,84217,5364,3642,2618,2802,1450,6531,4254,3854
"4452",296.15118,11.651,472717,550931,69156,467942,412516,300721,521292,328356,588206
"4453",296.16339,5.639,250608,7880,2191,1722,2522,2221,3790,2467,3049
"4454",296.259,9.634,799790,125575,109708,2447,2654,2869,6469,10599,16985
"4455",296.25909,7.437,90314272,1775840,1748176,0,0,0,198138,213813,164927
"4456",296.25912,7.546,268851104,11902770,9998234,0,3768,1837,176258,196413,181866
"4457",296.25916,8.045,36019708,2397587,2004270,0,0,0,4842,2150,3168
"4458",296.25919,7.666,150282640,14038413,11257942,1562,4034,2185,272873,310777,258054
"4459",296.25922,7.891,150571440,7332868,6011416,0,0,1665,4602,17164,12896
"4460",296.25922,8.831,183577,211965,11692,0,0,0,0,0,0
"4461",296.25925,6.456,8028126,388267,411913,0,0,0,0,0,0
"4462",296.25928,5.536,29229808,1321330,1619315,0,1824,0,0,1629,2269
"4463",296.25931,6.596,8632485,388116,421403,0,0,0,0,0,0
"4464",296.25931,6.744,1746230,84817,88122,0,0,0,0,0,0
"4465",296.25934,5.939,6430852,327740,362865,0,0,0,0,0,0
"4466",296.25934,8.179,1971102,158998,110281,0,0,0,2489,0,0
"4467",296.25937,9.261,529386,37472,14194,0,0,0,1724,0,0
"4468",296.25943,5.398,25927476,1483842,1611091,0,1824,2162,5747,8995,7851
"4469",296.25943,6.911,2132870,135504,106345,0,0,0,0,0,0
"4470",296.25946,6.342,3463927,158253,185237,0,0,0,0,0,0
"4471",296.25949,5.283,5952455,420406,475479,0,0,0,3827,6067,11294
"4472",296.25952,4.928,1018963,72066,66731,0,0,0,0,0,0
"4473",296.31332,7.68,469023,3049,0,0,0,0,0,0,0
"4474",296.42148,7.686,69807,0,0,0,0,0,0,0,0
"4475",296.65137,3.285,0,0,0,0,0,0,55948,67966,63560
"4476",296.86667,11.64,84311,94612,75834,87346,41415,157768,78334,182361,17096
"4477",296.96561,0.418,1486,0,0,2314,1599,2043,73136,85575,90419
"4478",296.97147,11.658,3684477,3884683,3696090,3755046,3658520,3525132,3552918,3895184,3914788
"4479",297.05911,7.65,266927,336591,345298,329392,381372,331529,338732,326156,357471
"4480",297.07703,6.361,878739,794730,850009,778797,781215,798854,901505,875925,800254
"4481",297.0827,8.325,93044,85245,101996,68623,70789,87888,107609,122569,86367
"4482",297.1102,3.998,11946,6907,11136,8197,5474,5035,134226,168569,31104
"4483",297.11096,4.767,14603,87653,106860,91054,84881,25362,98590,23686,99688
"4484",297.13156,5.481,3450,2866,4569,7581,1534,8742,28906,6721,136166
"4485",297.13174,4.41,32558,18080,23786,15716,14738,9881,237109,238498,254578
"4486",297.14468,9.208,0,0,1945,2239,1900,1733,88351,101034,62780
"4487",297.15451,1.975,92488,103060,98704,99220,93532,109801,122092,94546,120360
"4488",297.15564,2.128,143351,88633,94411,87872,98300,109247,135256,109743,115101
"4489",297.16837,3.57,35050,14928,12227,29841,12212,15393,104100,71580,67381
"4490",297.16873,4.894,30109,19479,15799,83519,19653,19163,138068,107770,174645
"4491",297.20679,6.721,23151,23282,30327,24149,23570,26167,388667,354710,371876
"4492",297.24051,9.01,735143,1475414,1361177,1273829,1451228,1319748,1574622,1280890,1565125
"4493",297.24142,8.863,385207,501693,300649,443225,502869,479757,571763,503177,480696
"4494",297.24289,7.086,263209,294139,278984,235235,218270,302838,313882,317489,273339
"4495",297.24298,7.688,295031,223954,247133,239454,165771,170044,147695,204426,258628
"4496",297.2627,6.336,668986,19306,30052,0,0,0,0,0,0
"4497",297.26273,6.701,279913,18485,17514,0,0,0,0,0,0
"4498",297.28049,4.831,32622,32113,22348,33710,24153,47903,77849,44480,51950
"4499",297.29053,7.145,1205972,74122,74955,0,0,0,0,0,0
"4500",297.29111,9.411,602146,15861,28534,0,0,0,0,0,0
"4501",297.29129,9.631,308727,8855,6920,3547,0,0,0,0,0
"4502",298.10059,0.591,0,0,0,0,0,0,21793,76059,54255
"4503",298.14255,3.292,748382,25072,74753,0,0,0,0,1393,0
"4504",298.14441,5.144,0,0,1617,0,0,0,30003,30442,28943
"4505",298.15015,1.633,0,0,0,0,0,0,198454,200395,177814
"4506",298.16351,2.887,258982,14397,18697,1060,1359,1235,2055,1394,2197
"4507",298.2019,4.536,299242,9371,15647,1727,1311,2269,5978,2184,3735
"4508",298.20212,4.367,293574,3282,7864,1193,3576,2725,5587,1859,4969
"4509",298.20227,5.335,378945,9860,7243,1204,2663,1601,14902,12860,5818
"4510",298.20227,5.496,303148,2725,4601,2360,4538,2027,8680,2444,2015
"4511",298.21036,8.112,139153,0,0,0,0,2116,0,2805,0
"4512",298.22296,2.985,82307,79364,66751,48539,63745,59142,41704,71250,64218
"4513",298.23822,5.979,136690,13554,23313,12028,13313,19942,3602,5997,16790
"4514",298.27478,7.159,770709,64058,44365,1923,0,0,0,3719,1892
"4515",298.27487,8.173,91603984,5365159,8038739,4928,4295,2285,107049,184949,103548
"4516",298.2749,6.995,4490366,386553,376423,0,0,0,2167,1657,0
"4517",298.27493,6.292,6495686,392658,456102,0,1768,1740,2516,5992,1925
"4518",298.27493,7.987,16474483,929458,844084,0,0,0,19524,25939,19556
"4519",298.27509,8.407,1055343,105251,90438,2748,0,6427,3722,6642,5837
"4520",298.27512,6.066,463525,21068,19772,1703,0,1643,1481,0,2540
"4521",298.27524,6.163,479888,16637,22624,1703,1473,1643,2198,0,1755
"4522",298.34747,7.332,68598,228478,108211,240973,243856,217843,125596,96273,211464
"4523",298.34772,7.069,81632,146746,170066,205822,162570,163540,207553,168766,110808
"4524",298.87775,0.054,390735,169735,383817,202543,135064,341737,351726,200969,230100
"4525",298.87854,11.666,456328,473325,845557,745386,456833,570638,358840,519605,424094
"4526",298.91852,0.535,5064,24315,55412,46268,68808,58246,0,0,0
"4527",299.00793,0.833,0,0,0,0,0,0,49153,52460,38558
"4528",299.03561,1.819,0,0,0,0,0,0,44077,39755,33604
"4529",299.05365,1.706,0,0,0,0,0,0,21790,29159,21724
"4530",299.11041,4.811,159498,161270,176387,147870,154689,155337,171833,159027,162197
"4531",299.13461,0.581,0,0,0,0,0,0,498692,449649,457904
"4532",299.1478,3.922,44325,54499,38497,48786,43681,35403,169694,143675,151879
"4533",299.16113,11.643,550320,577960,582586,397993,694817,552331,581966,678585,625027
"4534",299.16226,4.413,293693,305079,357224,289139,308625,280267,1116444,1307335,1355003
"4535",299.16266,8.057,356846,330430,386409,340540,352927,359252,427109,403874,388293
"4536",299.16418,5.96,10081,35760,9766,11589,14886,47164,257832,296608,240971
"4537",299.16425,5.262,46925,38421,43783,8089,14452,46684,817325,875604,744552
"4538",299.16428,4.86,11770,6892,26709,8534,10273,16134,461001,520244,451045
"4539",299.16452,4.178,4004,1572,4465,1867,933,2796,369152,373350,324562
"4540",299.16458,3.779,10164,0,0,1450,3464,1402,129427,124976,126535
"4541",299.16473,5.57,7898,8794,14325,19047,4938,21443,652603,687667,613793
"4542",299.18378,5.915,234738,194400,226271,209905,220131,197422,174628,206870,245839
"4543",299.20093,5.966,0,2664,0,0,0,0,194001,244069,230494
"4544",299.22134,2.893,1284650,214390,232189,31850,31735,23728,71259,63479,71711
"4545",299.23431,5.09,44346,40339,38841,42068,41098,42880,52228,50845,52783
"4546",299.23431,3.856,159867,0,0,0,0,0,0,2409,2851
"4547",299.30606,6.133,88939,114599,218353,56701,97890,147125,133280,127386,137408
"4548",299.7132,3.155,479156,64856,73299,0,0,0,13685,7129,3607
"4549",299.90747,0.418,28281,16617,24214,15023,23647,15144,69344,99025,85978
"4550",299.91254,11.776,186104,217764,183677,147704,148780,197753,140204,177682,129545
"4551",299.91299,11.969,404663,813843,289245,393834,604321,523545,210153,1024936,594653
"4552",299.98395,0.492,0,0,0,0,0,0,202822,261650,211400
"4553",300.04288,1.819,0,0,0,0,0,0,101566,118104,117829
"4554",300.10568,0.816,0,0,0,1670,0,0,101179,114272,123084
"4555",300.1058,0.933,0,0,0,0,0,0,821124,951792,763808
"4556",300.10623,0.593,0,0,0,0,0,0,206778,259850,225525
"4557",300.18195,2.468,165201,7951,11644,2732,1817,4405,6552,5800,6251
"4558",300.20203,2.01,1781497,1175875,1881865,1940082,1529881,1585161,1285417,1607090,1470989
"4559",300.20209,11.65,1848064,1780248,1782709,1575115,1764394,1730750,2030333,2079251,1982252
"4560",300.20258,2.125,3160679,2573014,2371898,2084224,2434151,2446549,2771048,2866727,2799670
"4561",300.20486,3.413,367596,170060,108988,30813,81784,76552,70091,94365,108521
"4562",300.21796,4.569,270634,9157,12289,13563,8184,10895,24638,32054,35954
"4563",300.21802,5.268,338874,20800,8543,8803,11369,11188,5182,9043,8658
"4564",300.21808,4.623,241259,19966,18907,7308,11359,4841,19647,15048,23814
"4565",300.21808,4.786,331080,29299,24269,5260,15805,20075,55947,62908,74898
"4566",300.21823,5.18,481443,35289,35059,21902,12704,14611,9864,12901,16383
"4567",300.23087,8.512,155135,23662,4434,0,0,0,2876,3643,1584
"4568",300.25427,6.413,938568,133734,201187,25917,37908,18106,18886,18023,19774
"4569",300.29007,7.528,173202,55997,45438,16938,6587,8654,25872,19403,35758
"4570",300.29022,9.028,508160,549526,404277,356308,410669,421199,775162,759842,701857
"4571",300.29059,7.768,1033857,101214,111057,10709,14003,8288,35872,56867,18767
"4572",300.29077,7.859,882254,95054,88406,7565,6330,4967,12521,31738,11462
"4573",300.87836,11.658,1868240,2085895,2283954,1745440,1867493,1808522,1725951,1824392,2026984
"4574",300.9057,0.457,212574,159810,196000,125296,185397,187627,95189,124946,111531
"4575",300.91586,11.657,1556978,1780400,1833810,1779748,1716004,1654829,1726543,1557295,1747714
"4576",300.92151,11.82,1523990,393463,631438,1594268,751475,1001465,1303787,1195789,1040966
"4577",300.96228,11.661,566339,608846,630339,594748,451466,538704,526673,649854,598224
"4578",300.96851,0.504,0,0,0,0,0,0,51013,71003,2410
"4579",300.99246,8.319,158053,134604,183402,131875,162523,179435,176956,186650,150868
"4580",301.03442,2.168,0,0,0,0,0,0,861774,887568,861227
"4581",301.0347,2.958,0,0,0,0,0,0,1048519,1033634,991565
"4582",301.03476,3.093,0,0,0,0,0,0,95437,111870,98232
"4583",301.08969,0.88,0,0,0,0,0,0,260841,294665,279482
"4584",301.11392,0.525,0,0,0,0,0,0,219116,208253,168599
"4585",301.11877,3.986,0,0,1163,0,0,1273,1215609,1257837,1091564
"4586",301.11905,3.637,0,0,0,0,0,1136,47477,48226,39467
"4587",301.1261,1.829,0,0,0,0,0,0,510883,450858,429663
"4588",301.12631,1.685,0,0,0,0,0,0,365988,359511,339390
"4589",301.14194,8.325,3340750,3653883,3649459,3178778,3168050,3326419,3235145,3253084,3545816
"4590",301.2121,10.185,775609,607099,689126,666950,653855,661082,708746,780747,726308
"4591",301.21744,11.406,1233,1085,0,1303,1630,3133,88694,44097,52282
"4592",301.24954,3.787,122380,12475,12361,1232,1164,0,2405,0,0
"4593",301.28537,5.437,9297209,8631352,9208364,9115733,8897648,9150897,9965999,10097041,10845100
"4594",301.28561,7.122,508355,79768,95960,37052,37690,27792,98356,48667,64307
"4595",301.28574,5.996,69811,229762,99439,197538,77744,72988,145285,209040,174257
"4596",301.28577,6.12,588426,158670,89370,72655,80551,169333,81178,92159,161510
"4597",301.2858,7.036,649245,98070,61628,112938,99266,75761,39226,38949,61624
"4598",301.28583,6.33,1002087,190264,225734,51735,74230,33500,121644,134050,73817
"4599",301.96307,0.51,0,1853,4439,3754,3177,0,135628,102693,90033
"4600",302.10297,3.639,0,0,0,0,0,0,45991,44362,41987
"4601",302.12064,0.591,0,0,0,0,0,0,606167,576678,704983
"4602",302.12131,0.81,0,0,0,0,0,0,374058,410427,402704
"4603",302.12411,2.398,59967,0,0,0,0,0,130350,142021,134326
"4604",302.12436,2.003,0,0,0,0,0,0,182193,187731,170447
"4605",302.19647,4.402,88680,48573,36815,91855,26899,30801,121579,154302,126371
"4606",302.1965,3.801,126932,146015,90249,115058,105644,158428,132355,148171,444385
"4607",302.19666,3.735,234141,141299,311239,274102,287440,276245,337514,297750,398606
"4608",302.19705,2.627,1496,4277,2269,4009,1522,2787,97420,90709,86810
"4609",302.19708,1.675,991144,317918,330941,1580,4971,2063,14410,10696,13448
"4610",302.1973,4.255,929716,85415,63685,38135,17585,15382,75856,69278,83494
"4611",302.233,7.041,1780031,251347,265341,260108,256753,1714800,551267,1249604,2411944
"4612",302.23328,7.224,1652547,1492110,1667001,1571196,1514392,2675900,2504888,2920268,2416321
"4613",302.23358,4.38,312139,6094,21212,9908,1292,1308,12500,7251,5714
"4614",302.30563,6.142,726410,659838,646110,646390,630380,675236,770139,809781,802109
"4615",302.30621,6.224,1015707,947758,1094031,987795,1176507,874781,1029033,1060807,1153421
"4616",302.56561,3.763,780508,227399,272261,0,0,0,14026,16822,12703
"4617",302.90009,3.763,363871,139416,132830,0,0,0,7191,3501,3293
"4618",302.92194,11.697,330113,250855,307430,358965,171814,53161,127581,155966,292594
"4619",302.92593,0.507,2053,37925,60815,52637,85978,64233,105792,164219,63000
"4620",302.93567,0.677,1858,0,3715,2864,2212,3420,43499,60207,49520
"4621",303.04974,2.958,0,0,0,0,0,0,2395547,2397996,2318948
"4622",303.05008,2.168,0,0,0,0,0,0,1447866,1486447,1554567
"4623",303.0502,3.091,0,0,0,0,0,0,358091,363941,357878
"4624",303.08447,1.202,0,0,0,0,0,0,1330396,1411061,1309928
"4625",303.08456,1.419,0,0,0,0,0,0,849372,901781,746738
"4626",303.08575,0.593,0,0,0,0,0,0,163246,178960,124047
"4627",303.09561,0.478,0,0,0,0,0,0,240547,147856,209113
"4628",303.10519,0.82,0,0,0,0,0,0,447584,469941,407118
"4629",303.10544,1.651,0,0,0,0,0,0,135644,130718,105613
"4630",303.11102,2.048,0,0,0,0,0,0,155967,157274,169494
"4631",303.13437,4.166,14331,24429,16088,18775,13820,32062,253761,247519,224886
"4632",303.14188,2.961,1682489,1785992,1702613,1733725,1725413,1723706,1939209,2049652,2064736
"4633",303.15707,4.832,1647,3285,2162,1892,3088,1919,68014,72523,66224
"4634",303.15762,5.217,9797,13741,20088,14849,7267,11270,26915,23781,34623
"4635",303.18054,5.32,44572,39065,38708,38042,39041,48672,45425,44458,42034
"4636",303.21759,8.894,57013,64163,55591,63430,58428,62922,69417,68942,60938
"4637",303.23267,8.761,19233,13315,24597,7245,2346,5229,236363,104546,156107
"4638",303.23422,3.759,140860,11812,40211,0,0,1296,6661,0,0
"4639",303.26501,3.374,46215,48414,38407,48176,40177,47400,47219,39549,41993
"4640",303.28979,10.036,146958,150231,157857,130888,141947,150380,123887,131842,189735
"4641",303.88345,0.4,302449,169472,365193,242679,490776,357141,389168,510186,188278
"4642",303.88358,0.789,868396,896519,790888,1006697,784704,829848,412950,482731,595109
"4643",303.88412,12.627,797139,708238,1270848,857272,1235352,432420,446993,736668,766150
"4644",303.88425,12.198,1300190,1498475,2119516,3132974,3029578,2605918,999446,2536421,1425367
"4645",303.8847,0.583,190715,274052,212426,209180,154783,209039,0,0,0
"4646",303.89456,0.519,347531,377981,580992,343754,537555,370112,48613,28794,15791
"4647",303.90472,11.813,212659,188898,158555,147919,113772,151406,191090,84631,159438
"4648",303.94873,0.537,25769,48590,106312,96838,171184,121929,16346,0,0
"4649",304.01364,1.819,0,0,0,0,0,0,97977,133315,81766
"4650",304.07922,2.858,0,0,0,0,0,0,25537,25455,24810
"4651",304.07971,0.805,0,0,0,0,0,0,105388,106090,91586
"4652",304.09949,0.531,0,0,0,0,0,0,520206,544610,528541
"4653",304.12653,5.623,23668,20469,22535,27202,24459,26330,34706,26814,21872
"4654",304.13379,6.179,57659,58203,60223,61688,60165,57337,68445,78593,66813
"4655",304.1503,0.523,0,0,0,0,0,0,1927031,2223573,2245451
"4656",304.15616,2.398,0,0,0,0,0,0,17932,39412,21009
"4657",304.21191,2.182,215088,173464,167871,121919,84508,239287,216704,74836,343363
"4658",304.21222,4.857,23410,63752,50828,48333,54434,50004,64191,109594,39860
"4659",304.21237,2.695,174474,152969,176075,167173,178008,156263,171553,161270,149753
"4660",304.22528,7.368,970094,38965,33624,0,0,0,0,0,0
"4661",304.22546,7.159,1565145,102902,90236,0,0,0,0,0,0
"4662",304.22552,7.024,1155236,47029,34096,0,0,0,0,0,0
"4663",304.24921,4.418,132977,2679,2315,1254,35977,42637,43137,38645,40736
"4664",304.26202,9.625,439077,70263,60946,0,0,0,2514,2803,3029
"4665",304.28549,5.724,16434701,512446,581695,131555,132147,136847,209392,208182,180810
"4666",304.28552,5.823,23524308,640501,779997,172381,183682,190281,139758,287587,297533
"4667",304.28555,5.628,9761216,305064,337260,69947,65083,69107,97040,90665,79298
"4668",304.28555,5.905,13718304,306019,371151,70301,55674,34677,113016,136099,115095
"4669",304.29953,11.626,154926,216370,139146,205430,174752,375513,191837,295435,172249
"4670",304.30026,6.651,1441866,1694735,1604911,1546708,1514875,1581759,1880313,1758132,1637694
"4671",304.30038,6.847,2325227,2228436,2273868,2393517,2500823,2432563,2452085,2216976,2572649
"4672",304.69644,3.103,62061,59958,53380,50763,51184,48137,47286,63588,61808
"4673",304.8942,0.05,115173,182613,385962,368756,194247,302878,326020,332106,283114
"4674",304.89532,0.471,1653847,1476233,1688029,1317474,1475161,1369692,2380045,2522503,2376558
"4675",304.89542,11.646,2212570,2260614,2388133,1960001,1952808,2146994,2375041,2370939,2499269
"4676",304.89575,4.791,115971,161933,132839,89507,151468,136500,91196,129160,178913
"4677",304.89679,3.487,98674,167245,131200,98449,133781,143893,59372,52280,126234
"4678",304.9325,0.538,262732,509394,863924,816129,1292746,923132,83278,95637,52157
"4679",304.96957,0.418,0,0,0,0,0,0,19782,45386,53142
"4680",304.99603,1.38,0,0,0,0,0,0,269020,292474,277786
"4681",305.02155,1.819,0,0,0,0,0,0,225121,254822,235074
"4682",305.03064,0.523,0,0,0,0,0,0,127729,126273,119322
"4683",305.09991,3.788,0,0,1811,2253,0,0,76498,56671,35927
"4684",305.10004,3.712,0,0,1811,2253,0,1642,141024,110458,44673
"4685",305.10071,1.37,0,0,0,0,0,0,111627,98361,83765
"4686",305.12076,0.816,0,0,0,0,0,0,3525981,3716268,3575879
"4687",305.12106,0.591,0,0,0,0,0,0,737109,906833,888551
"4688",305.15048,3.254,2075,6088,1357,1083,0,0,106100,118008,112119
"4689",305.15698,11.641,282925,622249,509088,514404,486461,435279,666028,670812,517406
"4690",305.20917,6.197,744620,1033788,1416709,1047249,1282545,1177463,899013,1555939,1714998
"4691",305.2092,7.472,125963,351922,447695,354787,384070,383046,378892,310662,658835
"4692",305.20926,6.348,515057,386131,544088,361850,371576,403627,715829,549446,679294
"4693",305.21005,5.582,97702,90581,103508,99161,119750,106095,126278,67075,135639
"4694",305.21078,6.879,17228,71188,34839,125084,62370,42447,223614,236209,228788
"4695",305.21118,6.979,44913,93739,99242,45397,74206,59210,274668,321149,196289
"4696",305.21603,8.271,241095,56060,45447,91071,42567,37963,147931,157465,128348
"4697",305.26947,8.451,2830632,1514722,1420337,1317798,1324718,1399112,1526717,1515819,1508579
"4698",305.90002,11.856,2810920,5162633,2748465,3711776,2511343,2900437,2642478,2909862,4369004
"4699",305.91257,6.034,86666,136525,132166,193477,78938,85323,206656,105283,119113
"4700",306.00354,0.564,2105,0,0,2099,0,0,360682,449802,303847
"4701",306.08124,0.998,0,0,0,0,0,0,130740,152279,111700
"4702",306.11066,3.916,0,0,0,0,0,0,2119988,2075179,1976424
"4703",306.18304,9.041,75458,3145,2700,7652,5890,4067,5492,2158,5780
"4704",306.18384,6.621,4750190,277156,278365,3820,4157,9350,8114,4462,15323
"4705",306.18387,6.834,2451777,136951,98260,4233,5583,2999,7253,4475,7299
"4706",306.18393,6.973,486856,20600,13423,10568,1930,10151,12280,13795,10566
"4707",306.18396,6.495,2276888,143819,121048,8842,7479,19274,8271,4445,5792
"4708",306.19171,4.722,92530,142023,130347,146779,135650,135683,146986,141523,172070
"4709",306.19226,1.823,85883,71751,45716,82619,84971,90275,38044,41092,25912
"4710",306.20483,6.099,3788627,166733,203005,38613,207673,25272,77790,82707,109885
"4711",306.20486,6.176,2888676,193626,185008,163119,207673,194778,203791,186330,353488
"4712",306.20496,5.75,1114616,52902,57143,1340,0,1572,1714,2383,2493
"4713",306.20554,4.861,616099,2149,2800,0,0,0,0,0,0
"4714",306.20682,5.292,253575,7084,3946,0,0,0,2584,0,0
"4715",306.24103,7.668,1195625,84534,106179,1739,0,0,1901,2048,4785
"4716",306.24106,6.634,2592456,241439,273417,0,0,0,0,0,0
"4717",306.24121,6.783,2450005,205924,237714,0,0,0,0,2121,0
"4718",306.24121,7.589,1814135,138574,137971,0,0,0,1901,2048,4785
"4719",306.24127,6.859,4419276,401365,424211,0,0,0,0,2121,0
"4720",306.24127,8.711,146393,26490,63529,0,0,0,10393,0,1861
"4721",306.24133,6.966,1219917,98402,91187,0,0,0,0,0,0
"4722",306.24133,8.566,181620,21847,81958,0,4055,0,2164,2205,1779
"4723",306.26428,6.742,144711,144466,125013,130927,108676,128228,131591,107118,109743
"4724",306.27994,7.845,483240,15209,22452,0,0,0,1308,3754,1817
"4725",306.30136,9.399,240195,391280,239509,218351,198098,423996,360525,192167,165085
"4726",306.72159,3.597,76672,13728,10416,0,0,0,0,0,0
"4727",306.89493,8.203,415524,648320,380670,561643,210128,312436,301021,520933,448831
"4728",306.89532,11.646,2930935,3392381,3107893,3073033,3018044,3014605,3028191,3163305,3220170
"4729",307.04449,0.98,0,0,0,0,0,0,415972,426251,408065
"4730",307.07971,0.81,0,0,0,0,0,0,605375,618936,621548
"4731",307.09351,2.366,0,0,0,0,0,0,104830,113556,59389
"4732",307.10181,0.548,1897,0,0,0,0,0,9033408,9606828,9064095
"4733",307.11581,2.914,4218,2316,6736,2934,979,3041,74622,65766,68590
"4734",307.12973,2.752,0,0,0,0,0,0,144349,156076,141923
"4735",307.13132,5.62,178618,220709,216603,243965,263196,252644,200267,257530,214601
"4736",307.13159,5.953,106874,69745,99655,94986,108002,96077,45875,51264,55715
"4737",307.13174,5.824,151372,153474,197690,172325,204497,227551,221352,227840,257854
"4738",307.15216,3.735,123314,94016,40658,86466,111576,60200,303604,284029,184683
"4739",307.1687,1.779,0,0,0,0,0,0,403178,378520,404384
"4740",307.16965,8.53,1372556,1353192,1345069,1304766,1320344,1355041,1421332,1404589,1516763
"4741",307.16983,7.331,313395,296383,313157,290983,299924,293066,324878,305583,291984
"4742",307.16989,8.718,833673,875248,808790,750502,765070,790293,910130,754261,877740
"4743",307.16992,8.647,721545,714244,677400,674523,703320,731772,724665,744434,701982
"4744",307.17007,7.436,141008,282464,207958,262013,205361,227645,191026,268233,260724
"4745",307.18866,7.225,531847,1223236,767955,1221754,1077744,1519426,1807902,1806605,1614461
"4746",307.18997,5.368,14080,15947,11520,15306,14555,28920,192668,251033,228483
"4747",307.19101,6.094,27670,46927,22220,24924,43259,38575,1493870,1592276,1428290
"4748",307.2117,5.578,448596,393100,411226,404243,382714,398284,417966,457994,421887
"4749",307.22745,8.308,96062,92835,100798,10696,14617,26617,66815,65178,36523
"4750",307.24817,4.153,361974,399385,391485,396038,365841,403996,385470,348604,440765
"4751",307.24817,6.4,227849,186287,118540,95242,143888,94593,195143,177504,253812
"4752",307.8396,0.48,8588,5361,8050,6489,2754,1896,243130,320605,353286
"4753",307.89053,0.677,0,0,0,0,0,0,18108,60795,15018
"4754",307.90051,11.694,86338,131594,165102,175652,109944,69628,83479,131463,89901
"4755",308.13425,1.427,0,0,0,0,0,0,69390,67332,54681
"4756",308.16364,4.719,101431,1338,3517,2372,1473,0,3521,5021,3846
"4757",308.19894,7.33,208856,19424,35959,31281,16887,18809,15007,18882,25744
"4758",308.19946,7.037,4411629,347300,309472,36880,81253,49289,79765,93331,49872
"4759",308.19949,7.12,1928712,229482,203026,89582,80341,68683,38161,164549,50163
"4760",308.19952,6.296,4358964,528102,1096876,5410,1123,2034,29668,52273,26075
"4761",308.19955,6.917,488427,38130,40921,23501,30302,24054,38539,36750,89794
"4762",308.19958,6.129,5851420,736577,863228,3875,0,1791,278615,301876,252940
"4763",308.19977,6.438,1592085,161732,172178,2103,1594,1370,3215,4133,2715
"4764",308.22061,6.578,21525244,149077,92993,0,0,0,33315,33163,25782
"4765",308.22076,4.45,2629926,161120,151991,0,0,0,0,1752,2142
"4766",308.22086,5.528,1569916,68059,70712,51922,42243,43236,44481,46470,61430
"4767",308.2211,4.582,2189709,118813,148743,51830,0,51933,1397,1752,1697
"4768",308.2211,5.313,1695099,90341,103772,0,0,0,4519,0,0
"4769",308.22119,4.936,1199448,39064,67653,0,0,0,0,0,0
"4770",308.22122,6.703,2083738,92104,8360,0,0,0,33315,31413,25085
"4771",308.22131,5.059,1117561,45025,50563,0,0,0,0,0,0
"4772",308.22177,4.736,849298,47624,58035,0,0,0,0,0,0
"4773",308.22202,5.419,2914692,158504,143881,0,1990,0,4519,0,0
"4774",308.22278,5.928,1209596,63517,59844,0,0,0,0,0,0
"4775",308.25894,8.876,152105,145811,153767,149858,124193,166644,220946,169906,225079
"4776",308.28,7.863,1703607,1131322,1105327,1144170,1079695,1000526,1094818,1018849,1661425
"4777",308.2955,8.076,2103446,147145,169286,0,0,0,0,0,0
"4778",308.2955,8.179,3299810,220627,277085,0,0,0,0,0,0
"4779",308.29565,8.985,815944,24829,21849,0,0,0,0,0,0
"4780",308.29565,9.053,1162335,38691,35081,0,0,0,0,0,0
"4781",308.29568,7.971,1399438,114339,135864,0,0,0,0,0,0
"4782",308.29578,8.253,1755697,73501,65666,0,0,0,0,0,0
"4783",308.89041,0.468,216287,196001,195028,158464,193779,174010,77730,65042,75593
"4784",308.89108,7.594,115965,111017,59156,154324,66891,57338,65259,84252,51605
"4785",309.05942,0.525,0,0,0,0,0,0,193665,225112,185781
"4786",309.07401,2.447,0,1550,1669,1253,0,1361,67610,69309,57264
"4787",309.08948,4.684,73183,85454,96679,99887,93922,94262,66250,74368,75805
"4788",309.09628,3.294,0,0,0,0,0,0,193170,209590,211562
"4789",309.09659,3.786,1707,0,0,0,0,0,89667,92039,81826
"4790",309.09659,3.675,0,0,0,0,0,0,97558,117272,102177
"4791",309.09686,3.868,1707,0,0,0,0,0,95973,114320,88441
"4792",309.11032,6.052,5029,9876,6305,12702,10248,5184,39158,48877,30559
"4793",309.11307,8.132,191109,181906,188562,188110,185716,199694,187652,195407,233257
"4794",309.12939,0.542,0,0,0,0,0,0,24863764,25441276,24542652
"4795",309.14651,5.418,9773125,11919757,12052131,11273381,12427101,11767871,12318031,12818472,13694451
"4796",309.14667,5.364,3556585,3677177,3968156,4027431,3722998,4223880,4372468,4670443,4472418
"4797",309.14679,5.014,466689,466007,525178,516481,516740,526939,537576,523040,538717
"4798",309.16788,4.469,42683,35504,19104,17231,25310,18588,355894,411404,367091
"4799",309.1687,3.549,50867,201935,200984,42193,157567,124921,95858,78041,114329
"4800",309.20511,9.006,95311,130694,116663,118814,206885,153646,240917,257187,209948
"4801",309.20624,5.966,24181,22477,31554,32586,15354,33443,358278,320981,334762
"4802",309.20667,5.07,12672,22921,20475,46440,8431,23332,281797,330958,282996
"4803",309.2067,5.671,48046,34938,17443,20128,51624,43662,1886175,1991135,1852909
"4804",309.21768,3.686,32896,30289,30833,42438,37436,40356,123772,103979,114678
"4805",309.22787,11.614,66928,101428,131574,42849,164282,79021,62348,53415,83356
"4806",309.2283,3.876,2864100,2650953,2560879,2523409,2292836,2499175,2356326,2566471,2640248
"4807",309.87637,0.457,2653,1894,2171,5323,5804,2893,27029,39913,77629
"4808",309.95276,11.657,57958,104766,54512,83499,47370,82804,0,85400,143495
"4809",309.96179,0.838,0,0,0,0,2134,0,198014,207809,169543
"4810",310.08801,0.498,0,0,0,0,0,0,131636,110818,116900
"4811",310.09247,2.509,0,0,0,0,0,0,57529,52113,50995
"4812",310.12912,1.425,0,0,0,0,0,0,485995,463659,492851
"4813",310.15012,1.606,0,0,0,0,0,0,178439,185698,162188
"4814",310.19952,9.17,129668,6816,6376,1981,2485,3676,4341,2314,3676
"4815",310.19983,9.068,403575,36540,39783,1981,7917,2263,4282,4822,8721
"4816",310.20184,8.324,114812,142315,122439,120511,110058,127901,153623,124615,156394
"4817",310.22351,4.408,195094,217521,205643,201092,212944,205846,210711,229287,220961
"4818",310.23676,5.266,1844665,140318,148847,3263,7559,3512,0,0,1998
"4819",310.23767,7.116,895360,3413,6037,2947,1937,1785,3117,0,2627
"4820",310.23807,6.862,3325246,160533,113598,5932,5838,1377,1548,4070,1701
"4821",310.23849,5.789,2964963,97865,109584,1585,1595,4870,2079,2614,2287
"4822",310.23859,5.602,3668804,37111,62803,0,1302,2632,2658,3793,3055
"4823",310.23859,6.462,1728372,175530,133626,1548,2203,1533,1859,7577,0
"4824",310.23871,5.973,4305274,60795,81901,1677,0,1303,2294,1861,1633
"4825",310.2388,4.835,762699,23442,38299,3006,1153,1576,0,1435,0
"4826",310.27463,8.191,661196,28439,6680,0,0,0,0,2067,0
"4827",310.27472,8.038,1364238,18912,7482,0,0,0,0,0,0
"4828",310.3111,10.489,617399,85302,66120,1898,5596,7406,23784,36307,28663
"4829",310.31146,10.77,74275,69513,75017,72164,65221,54910,66779,73688,59183
"4830",310.91306,0.471,285462,245224,289848,191097,311083,268076,5182110,4622672,3253603
"4831",311.03195,1.819,0,0,0,0,0,0,253809,297186,281564
"4832",311.11243,1.453,0,0,0,0,0,0,165281,185898,163821
"4833",311.12711,8.049,2469511,2450904,2580078,2561415,2531626,2624579,2638396,2549535,2621269
"4834",311.12738,11.64,59895,44223,60184,75136,101959,38922,38141,114839,45143
"4835",311.1293,5.523,168186,153574,182542,156311,171236,152094,160320,174664,190324
"4836",311.14612,2.175,1998,1663,2437,2468,5604,8429,95771,86850,90697
"4837",311.1467,4.714,51537,79786,74430,83007,85000,70945,125316,155709,124409
"4838",311.14694,4.877,28464,20601,28463,21831,9295,29913,144965,47572,100535
"4839",311.14719,6.188,22541,13654,19566,10514,5116,16203,22137,31951,254584
"4840",311.16492,7.827,2462011,2355271,2314078,2264789,2286994,2164245,2318504,2368206,2451849
"4841",311.16492,6.231,319874,293917,246192,298832,300875,264882,268070,272371,280180
"4842",311.16498,10.184,260119,175712,123778,156864,179772,214950,147067,316845,219477
"4843",311.18546,6.287,267147,268566,275684,261342,244519,249631,242131,268717,283979
"4844",311.18555,4.882,6418,22740,30307,23528,13657,21853,92391,79992,42666
"4845",311.22006,5.202,22105,17139,14096,4581,21021,9669,284599,212195,210458
"4846",311.2337,4.152,363290,209555,253241,1288,1129,1398,3038,1768,6435
"4847",311.2341,4.216,314614,217339,313717,1288,1129,1398,0,0,6435
"4848",311.25665,9.372,677614,571172,420767,1040143,475101,1096213,893928,514426,596577
"4849",311.27008,7.036,752263,17138,14858,0,0,0,0,0,0
"4850",311.27045,7.122,643134,5274,14858,0,0,0,0,0,0
"4851",311.27078,4.751,150918,0,0,0,0,0,0,0,0
"4852",311.88696,0.506,14535,25203,52871,45475,55994,45135,23100,38384,0
"4853",311.89615,11.669,176767,136805,168529,168599,122179,184403,133910,218576,127068
"4854",311.94714,11.66,289103,370359,300644,338108,259305,316322,280233,230996,333049
"4855",312.12375,3.268,25366,0,0,1063,0,0,46739,44261,32831
"4856",312.16556,1.801,0,0,0,0,0,0,102209,108925,81752
"4857",312.16562,2.224,0,2298,0,0,1434,0,143466,154181,123335
"4858",312.16568,2.17,0,2298,0,0,1434,0,246823,227784,227224
"4859",312.19373,6.25,101208,31928,36731,36239,30629,34752,34209,31507,29811
"4860",312.20209,0.805,0,0,0,0,0,0,102593,113999,110378
"4861",312.2178,4.612,194760,22347,18904,0,1439,1373,6053,7146,1433
"4862",312.23932,3.401,108430,164563,179004,159168,165060,157375,168656,163769,151372
"4863",312.25369,7.632,496695,5426,15620,3426,1641,1804,2405,1966,1940
"4864",312.25394,8.034,729853,230695,243064,161327,182106,180032,228127,184544,201515
"4865",312.25394,7.895,220413,2338,22160,2219,2165,1586,28949,34339,19805
"4866",312.254,7.145,42683188,1972660,1786573,1417,2114,0,2260,30835,4139
"4867",312.25403,7.366,10314849,484002,483945,1988,4453,1577,1789,11316,2468
"4868",312.25406,7.213,34851064,1788861,1828308,1417,2292,0,34350,30835,13524
"4869",312.25406,7.271,24189036,1089997,1041151,1532,2292,0,15544,11316,11053
"4870",312.25412,5.9,8498660,246082,293750,0,0,0,10066,2463,1997
"4871",312.25421,5.7,2826354,136828,145079,0,0,2084,2502,0,1947
"4872",312.25421,6.799,10029263,790055,751944,0,0,1553,1991,2892,4046
"4873",312.25427,5.776,6780883,188938,198176,0,0,0,2502,2463,1997
"4874",312.25427,6.057,5139400,213276,229821,0,0,0,0,0,0
"4875",312.25427,6.25,1785838,58252,74060,0,0,0,0,0,0
"4876",312.2543,5.522,1567518,14595,33888,0,0,0,3299,0,3789
"4877",312.2543,6.175,1315517,40636,31012,0,0,0,0,0,0
"4878",312.25433,5.409,2055690,7184,11112,0,0,0,3299,2194,2750
"4879",312.25433,5.602,3114990,111320,78977,0,0,2084,0,0,1947
"4880",312.25443,4.364,1264095,108858,100423,0,0,0,1521,1601,1589
"4881",312.25452,5.18,536497,27399,16361,1482,0,1426,0,0,0
"4882",312.25476,4.975,553663,16086,17088,1314,0,0,3983,2412,1972
"4883",312.29037,8.637,508306,13352,13096,0,0,0,4128,0,0
"4884",312.29044,8.562,339297,8554,9146,0,0,0,2533,0,0
"4885",312.29047,8.711,244072,2347,2008,0,0,0,1856,0,0
"4886",312.94366,11.768,1377480,1373945,1515526,1394893,1195953,707075,238968,993299,345141
"4887",312.94385,11.668,705928,700743,640056,423990,655049,443471,504170,434897,313066
"4888",312.99982,0.505,0,0,0,0,0,0,161692,162572,74403
"4889",313.08414,3.998,0,4090,0,0,0,0,28325,42183,3394
"4890",313.09009,1.375,0,0,0,0,0,0,134182,117341,67089
"4891",313.14386,8.187,21742836,19292742,19776104,19274550,18637782,21182702,15238959,15265065,20647344
"4892",313.14386,9.209,410012,352805,757534,629909,446643,251816,933768,1105966,802327
"4893",313.14444,10.179,689547,784761,580456,653710,340133,662861,828074,1011522,409405
"4894",313.17709,11.647,2437629,2236160,2661626,2301894,2369662,2223547,2959164,2541639,2570106
"4895",313.17715,1.878,335693,329651,352243,283882,300243,293604,452018,326871,405531
"4896",313.17795,2.329,232631,230402,193930,193453,191069,222191,263343,218894,254376
"4897",313.18051,6.746,461048,373787,358829,359406,371162,397947,419177,380947,374113
"4898",313.20129,5.903,7191,9035,20685,10488,11808,12879,126891,129116,114205
"4899",313.21036,3.103,124614,82725,87873,78654,74852,69251,89683,80404,80556
"4900",313.21448,8.875,234049,289247,260550,259778,238844,276603,336327,298144,343780
"4901",313.23764,4.983,13067,13254,6433,9936,11217,22367,87403,86961,78801
"4902",313.23822,6.257,19176,27113,13609,19193,16209,14481,217625,129439,218067
"4903",313.24973,4.255,316411,10545,13110,0,0,1150,19107,4319,14097
"4904",313.28583,6.616,355477,5290,4630,3267,0,0,0,1710,0
"4905",313.28711,6.485,161132,0,0,0,0,0,0,0,0
"4906",313.3219,6.253,68899,146069,170487,93286,42193,147243,94391,138623,126235
"4907",313.67587,3.138,0,0,0,0,0,0,74305,81770,90187
"4908",313.88266,0.535,342030,573364,883776,772883,1083722,853193,16590,20960,0
"4909",313.98495,0.524,0,0,0,0,6874,2671,87249,134993,78248
"4910",314.08499,0.81,0,0,0,0,0,0,2073698,2112190,2079626
"4911",314.09134,0.587,0,0,0,0,0,0,2486750,2550332,2605139
"4912",314.09225,1.012,0,0,0,0,0,0,2002157,2109934,1824389
"4913",314.13773,3.544,73545,0,0,1254,0,0,1300,0,0
"4914",314.13885,3.822,31237,1407,1832,1021,0,1476,61273,64171,63982
"4915",314.13922,4.035,1316,1999,0,1541,0,0,3102323,2862890,2764747
"4916",314.1394,2.97,56062,0,0,0,0,0,97218,94776,87184
"4917",314.1449,0.805,0,0,0,0,0,0,387022,443113,386683
"4918",314.14502,0.587,0,0,1528,0,0,0,774470,839183,729817
"4919",314.14716,8.661,297604,91561,161674,186818,162749,116757,177201,192650,119082
"4920",314.1813,1.975,486616,467091,503700,490486,483423,520857,444859,444002,522644
"4921",314.18188,2.128,712686,452855,475116,491268,509132,465417,608932,581166,586088
"4922",314.20959,6.762,150926,2396,2322,0,0,0,0,0,0
"4923",314.21802,2.588,68078,63597,60539,66040,58117,62047,60643,73261,64255
"4924",314.21823,2.418,102318,45685,41391,51763,44192,49060,45466,43973,42733
"4925",314.24469,2.937,105531,6318,7627,0,0,0,0,0,0
"4926",314.26956,7.54,4817108,118029,83059,21951,65888,27864,39613,30902,39519
"4927",314.26974,7.473,3933694,94111,61856,28739,41653,21285,46837,52850,48516
"4928",314.26978,6.34,6059338,317439,317560,23061,9966,22065,43203,29363,31466
"4929",314.26978,6.601,10566944,550179,540488,14215,27341,25552,36663,25206,21241
"4930",314.26981,6.458,12822138,679240,692950,13356,21785,14827,30665,36984,41772
"4931",314.26987,6.123,2600716,165251,252837,27662,58426,20334,14918,6475,42826
"4932",314.26987,6.919,6571796,456363,439597,24394,14584,25067,46816,39477,63652
"4933",314.2699,6.024,1513090,86151,118711,10247,19644,14751,38102,4992,42826
"4934",314.2699,6.695,4703560,277005,265146,12868,25288,18807,17894,17899,26486
"4935",314.27042,9.631,315362,146400,134033,36974,41328,40101,73925,63825,104052
"4936",314.84671,11.646,226646,153377,259136,119420,111380,199472,318534,23878,232052
"4937",314.84967,11.816,241434,246948,146942,189647,289738,304808,121123,291472,90099
"4938",314.94406,11.659,4535042,4762753,5023211,4859490,4471320,4195783,4562038,4875723,4784554
"4939",315.08527,4.81,47275,44810,47716,46838,43355,41091,28820,32854,35428
"4940",315.09976,5.672,20529,33415,24904,29922,26807,30377,38701,42792,38457
"4941",315.10522,1.383,0,0,0,0,0,0,477716,508124,436125
"4942",315.12131,10.184,270216,174698,277361,257934,292089,242121,237490,281180,280774
"4943",315.12146,11.073,513980,344087,423966,315890,312914,315815,286492,281224,365848
"4944",315.12305,7.029,1464703,979403,954169,899288,774078,789816,4689966,7657891,6950028
"4945",315.14191,1.964,0,0,0,0,0,0,93426,91905,83461
"4946",315.14197,2.216,2245,0,0,1797,0,0,241024,135313,109766
"4947",315.19379,7.48,14443,63584,63634,66740,61039,55870,437743,451824,371804
"4948",315.19379,7.557,14443,7783,4783,2618,9323,14795,272046,217346,198080
"4949",315.19586,8.276,127828,131808,110499,93427,92672,81366,122083,174353,134545
"4950",315.23099,8.111,16286,118931,108749,2236,2032,2733,9367,3731,3398
"4951",315.23157,8.906,71401,81051,60829,41800,54808,61485,65161,58942,60497
"4952",315.25317,9.802,156866,132185,144142,143669,138969,127892,139207,144983,167104
"4953",315.25345,7.086,98075,107073,111541,105865,107948,120065,132444,100909,117221
"4954",315.2648,4.714,556824,562786,573780,573839,545521,580411,633344,633053,659908
"4955",315.30136,7.036,524206,12159,11713,0,0,0,0,0,0
"4956",315.30136,7.122,362708,5199,6177,0,0,0,0,0,0
"4957",315.95721,0.492,0,0,0,0,0,0,77943,109781,106439
"4958",316.10083,0.914,0,0,0,0,0,0,551384,633728,448147
"4959",316.13727,0.866,0,0,0,0,0,0,302954,348120,318372
"4960",316.16049,0.583,0,0,0,0,0,0,881532,1016029,997552
"4961",316.17661,4.349,277032,50632,49351,27884,10746,28210,29651,69228,31494
"4962",316.20432,8.413,123978,15629,11589,20988,9685,5412,9808,7585,9642
"4963",316.20447,8.52,154901,6094,9076,12614,7355,7466,4268,12658,3102
"4964",316.2124,5.528,239590,19040,34288,24479,31059,41658,23359,37161,49633
"4965",316.2128,2.271,635781,204150,220478,1473,2033,2086,151292,138250,122781
"4966",316.2251,7.497,414961,33358,29559,0,0,0,0,1620,0
"4967",316.22546,7.258,7269163,753190,670639,0,0,0,1560,5684,6459
"4968",316.22546,7.354,5864360,681496,658490,0,0,0,4250,5684,0
"4969",316.22552,7.107,12049803,1008830,905096,0,0,0,27559,14414,2722
"4970",316.28558,6.452,10904538,1139747,1225861,27225,46784,40076,76539,68321,71636
"4971",316.28561,6.292,10280104,659519,773407,22849,25957,23840,34119,40474,47561
"4972",316.2858,6.073,1208835,90822,99070,2190,0,5857,1750,1524,0
"4973",316.28586,6.163,1276754,87497,90816,10317,7466,2796,2269,2638,3342
"4974",316.2861,5.595,182812,159864,147515,135405,138363,142861,98096,149400,152309
"4975",316.87949,0.462,11871,15482,4481,6373,4612,10885,55054,64218,47205
"4976",316.88892,11.666,131614,29968,104469,77412,109184,102615,85556,81076,57386
"4977",317.02972,2.958,0,0,0,0,0,0,123950,125490,112519
"4978",317.03027,2.69,0,0,0,0,0,0,55335,25136,44794
"4979",317.06439,0.882,0,0,0,0,0,0,148833,186949,164345
"4980",317.06653,3.25,0,0,0,0,0,0,29862,27727,26467
"4981",317.09586,0.527,0,0,0,0,0,0,1122011,1176844,1090752
"4982",317.10028,1.687,0,0,0,0,0,0,111118,140678,140269
"4983",317.11597,8.324,853734,1011245,1056866,956976,932749,914628,903033,861180,935730
"4984",317.1207,1.821,0,0,0,0,0,0,150119,152735,165913
"4985",317.12143,2.17,0,0,0,0,1616,0,196837,226926,185390
"4986",317.15033,5.015,0,0,0,0,0,0,476440,506938,295873
"4987",317.19626,5.644,408031,382642,374954,392495,395971,367285,360084,364651,375817
"4988",317.19659,4.938,0,0,0,1300,0,0,100850,82778,29914
"4989",317.20947,7.933,8027,29081,6610,9839,8664,7909,440178,459094,416898
"4990",317.20953,8.039,287842,318663,385595,311356,339483,327450,699058,690353,729021
"4991",317.20956,7.228,10830,6556,2484,1804,5647,2757,530913,539911,455733
"4992",317.20963,7.334,23378,181022,139264,174089,186834,200816,464343,468090,441490
"4993",317.28082,6.653,475474,0,0,0,0,0,0,0,0
"4994",317.90128,0.448,27628,60581,52004,44261,45815,41779,70521,100251,89583
"4995",318.02548,0.523,0,0,0,0,0,0,170050,224553,234832
"4996",318.04031,1.196,0,0,0,0,0,0,58810,66372,50512
"4997",318.12985,0.47,0,0,0,0,0,0,267572,282106,353988
"4998",318.15533,2.168,1960,0,0,0,0,1534,174102,183812,183023
"4999",318.15533,1.987,0,0,0,0,0,0,185868,192893,166980
"5000",318.17609,7.203,0,0,0,0,0,0,26027,28933,20022
"5001",318.22034,8.979,224061,91260,89695,37403,37750,53025,50797,67571,40598
"5002",318.22665,11.645,222573,359404,362919,348874,261570,432807,472412,353032,421570
"5003",318.22794,2.84,1010043,2046893,1935700,2013041,1123033,2011546,2285402,2211960,2181765
"5004",318.22809,3.936,50186,45114,44665,19824,27797,26618,210231,239603,229982
"5005",318.22906,6.278,388303,439055,275931,162204,310943,432235,389857,316565,321588
"5006",318.24075,9.631,296991,9277,5838,0,0,0,0,0,0
"5007",318.241,7.543,89791272,5342362,4365282,0,0,0,7649,22149,11073
"5008",318.24103,7.692,84065656,7363783,6161460,0,0,0,123831,143614,96933
"5009",318.24109,8.045,15227155,1137635,889028,0,0,0,0,0,0
"5010",318.24112,7.891,63665068,3969555,3286645,0,0,0,0,0,0
"5011",318.2413,6.892,14912881,2182451,2148102,0,0,0,198155,132794,98950
"5012",318.24133,7.057,5981221,978967,957087,0,0,0,16348,3139,2701
"5013",318.24158,6.646,1379493,214924,95832,0,0,0,0,0,0
"5014",318.24173,7.435,5777552,976568,774816,0,0,0,67539,77470,58963
"5015",318.24182,8.831,47511,91030,0,0,0,0,0,0,0
"5016",318.242,9.261,178562,2379,0,0,0,0,0,0,0
"5017",318.24203,8.964,144655,53420,0,0,0,0,0,0,0
"5018",318.26425,4.936,87906,67401,73770,67948,65060,72172,69866,63982,76000
"5019",318.3009,5.463,102789,114678,128470,131101,80020,121344,81394,81651,95263
"5020",318.88885,11.863,86703,92890,168724,146825,150799,76611,163819,165039,27581
"5021",318.88928,11.658,929727,996165,1095324,934883,825570,1002025,902244,1180137,1033187
"5022",319.06027,2.257,0,0,0,0,0,0,32878,32970,32276
"5023",319.10004,0.591,0,0,0,0,0,0,1152131,1267886,1238143
"5024",319.10037,0.81,0,0,0,0,0,0,1480865,1579987,1507865
"5025",319.1153,2.96,60141,38235,70159,68404,73883,61187,78242,103375,91196
"5026",319.12976,3.442,0,0,0,0,0,0,67609,62288,57349
"5027",319.12979,3.342,0,0,0,0,0,0,57814,76514,62682
"5028",319.12982,4.029,0,0,0,0,0,0,68960,65692,62235
"5029",319.13007,3.641,0,0,0,1278,0,0,53094,56923,56599
"5030",319.15042,0.464,0,0,0,0,0,0,42562,36487,66701
"5031",319.15082,2.411,0,0,0,0,0,1564,107309,112862,99534
"5032",319.15231,6.35,0,8325,1795,1603,1553,1957,98324,80731,27985
"5033",319.15231,6.17,2798,4898,2103,8038,10138,9965,84534,92982,32597
"5034",319.16675,11.645,1906901,2009828,1822660,1886845,1670872,1972944,2510952,1898576,2097424
"5035",319.16675,3.96,2422,5381,4906,3072,1263,4062,75857,59227,44127
"5036",319.16705,2.463,269324,271308,277711,257635,293399,302010,310209,296840,301964
"5037",319.22534,7.707,44659,24472,11264,14173,26312,30396,175119,170142,169133
"5038",319.22568,6.231,43623,20984,39180,46938,22731,23319,123403,119387,83055
"5039",319.22665,8.153,165771,247651,287276,221282,270779,292598,285161,290789,278971
"5040",319.22723,3.343,6522,3154,3493,5054,1208,3448,35461,45781,50567
"5041",319.23068,2.883,310103,335948,214358,222024,179445,126741,171291,153163,116722
"5042",319.24472,7.641,9250183,671010,524556,0,0,0,16221,13949,18872
"5043",319.24487,6.732,812392,78977,84679,0,0,0,0,0,0
"5044",319.24503,6.944,1704456,221419,235352,2053,0,0,17185,4984,4139
"5045",319.28452,8.868,385164,444679,489502,410600,390278,404519,421738,492048,391554
"5046",319.28522,9.017,3085038,2118033,2030183,1777815,1849158,1949372,2004276,2090280,2254687
"5047",319.99487,0.587,0,0,0,0,0,0,21497,32813,22701
"5048",320.07425,0.53,0,0,0,0,0,0,126306,214839,134061
"5049",320.17093,1.679,0,0,0,0,0,0,758294,744844,689474
"5050",320.17096,1.629,0,0,0,0,0,0,198174,190739,183618
"5051",320.18433,5.496,311509,0,0,0,0,0,0,0,2321
"5052",320.18436,4.536,238765,0,0,0,0,0,0,0,0
"5053",320.18439,4.367,367244,2103,1819,0,0,0,0,0,0
"5054",320.18439,5.335,258941,0,0,0,0,0,2303,0,0
"5055",320.18451,5.713,67242,0,0,0,0,0,0,1822,2351
"5056",320.19635,7.368,550200,24187,16237,0,0,1800,2189,0,0
"5057",320.2037,7.144,770328,82485,58373,14584,20252,47456,30210,12059,25697
"5058",320.20715,2.232,672003,694542,448704,684938,710164,625044,666672,739710,721862
"5059",320.20804,5.188,57490,123424,92617,132867,105982,124444,105785,101385,112420
"5060",320.22073,6.622,574396,12372,17694,0,0,0,1956,1767,0
"5061",320.22083,6.689,535725,19145,20635,0,0,0,1956,2406,2064
"5062",320.2211,6.276,139451,2052,0,0,0,0,7134,6751,4132
"5063",320.25668,9.631,473089,62099,38680,0,0,0,2979,5898,0
"5064",320.25674,7.145,131238408,19439656,19624694,0,0,0,158803,180171,169246
"5065",320.25674,7.374,171063392,24243742,24828872,0,0,0,703733,641380,517146
"5066",320.25677,8.121,107300264,7080348,7095118,0,0,0,114097,130785,116791
"5067",320.25684,8.206,74962984,5427168,5542174,0,0,0,88646,115705,100729
"5068",320.25684,7.489,27964964,4375170,4510925,0,0,0,17112,24020,20954
"5069",320.2569,7.013,14999305,1651015,1718699,0,0,0,1607,3987,0
"5070",320.25693,8.004,12829271,858033,807746,0,0,0,2372,2675,69123
"5071",320.25717,8.407,1429812,58804,72515,0,0,0,2736,0,2393
"5072",320.25723,8.831,111395,140194,6528,0,0,0,3097,2840,0
"5073",320.25858,9.208,75725,7638,5101,0,0,1951,70975,83465,49953
"5074",320.25876,6.129,41674,0,0,0,0,0,258638,282219,266202
"5075",320.25912,6.204,41674,0,0,0,0,0,365165,388993,323812
"5076",320.31619,9.917,114733,122071,138242,140838,74714,160877,144043,180505,149569
"5077",320.31635,10.036,156103,184114,158940,138621,179206,174305,129125,173168,178919
"5078",320.86456,9.694,262941,234511,281229,203366,125102,145084,163492,255416,184320
"5079",320.86526,11.641,438066,511223,414815,417602,439329,449629,691339,423383,502108
"5080",320.86893,0.473,419434,316573,380069,258021,362556,304836,1211035,1337015,1448533
"5081",320.93713,11.664,14162,115992,146673,146590,124552,56127,31654,99378,63184
"5082",320.97064,1.379,0,0,0,0,0,0,10259,22119,0
"5083",321.09686,3.949,0,0,0,0,0,0,18981,35184,35091
"5084",321.1087,4.407,162229,146057,103610,137420,179641,134749,33465,46592,33519
"5085",321.10934,4.182,64546,76553,72574,72642,79768,87184,58775,55662,66765
"5086",321.10944,3.08,0,1637,0,0,1184,1206,202726,225012,207678
"5087",321.11548,0.589,0,0,0,0,0,0,3167261,3325764,3250636
"5088",321.14444,4.408,7302,4690,9236,10041,8229,4318,263965,303555,323144
"5089",321.14536,2.996,0,0,0,0,0,0,133152,129617,120140
"5090",321.14569,2.938,0,0,0,1330,0,0,173563,176874,143056
"5091",321.14661,5.842,5889339,5172726,6050258,5654928,5677242,5723062,6087884,6166459,6511304
"5092",321.14661,5.713,930550,1009084,1113731,1075128,1109705,1067061,1250389,1209238,1329617
"5093",321.14664,6.159,117763,148560,157444,284042,548202,117008,351325,292854,262916
"5094",321.14688,7.234,194252,422019,406416,401207,418176,419887,492164,431236,483608
"5095",321.14694,6.61,456945,307900,367269,253081,306130,305946,288839,265474,364111
"5096",321.14706,5.568,2242482,2455002,2607772,2527060,2568293,2551486,2470600,2532551,2538783
"5097",321.14716,6.794,431357,578391,537058,501517,503554,497941,591255,539936,569144
"5098",321.14749,6.303,234373,195868,240516,281019,294748,195963,231966,250046,265879
"5099",321.14761,6.67,255480,354282,371771,395694,432553,305946,404581,370122,351492
"5100",321.16687,8.41,9504507,9605883,9930037,9187482,9485799,10070520,10172300,9873741,10270842
"5101",321.18546,8.279,17540,17973,17157,10515,16282,8640,145100,154308,63164
"5102",321.21637,3.856,102336,1315,1777,3042,1579,1354,1262,4460,6387
"5103",321.22739,4.196,48406,59633,62490,49741,46953,52406,52945,70335,64814
"5104",321.26349,7.295,20111468,2708827,2695716,168472,153477,142725,153616,145541,163735
"5105",321.89871,0.459,267895,268456,262798,211570,252623,232067,107866,106805,18769
"5106",321.96249,0.593,0,0,3675,4337,4981,6915,514265,589176,463591
"5107",321.96255,0.663,0,0,0,0,0,0,611527,1742811,1385660
"5108",322.08469,3.916,2595,0,0,0,0,0,1064296,953308,923556
"5109",322.10587,3.124,0,0,0,0,0,0,82747,68028,51972
"5110",322.1788,6.3,513341,19470,22930,7617,12104,8379,6565,34697,9318
"5111",322.17896,6.096,1632814,73418,92958,4831,10094,4193,24297,2608,1358
"5112",322.17896,6.207,1124884,49131,67017,10525,9382,11460,24286,35507,4570
"5113",322.17914,5.743,416309,18836,30992,0,0,1850,0,3005,2856
"5114",322.17914,6.566,169396,2652,1431,1591,0,4617,0,1705,0
"5115",322.19983,4.898,499649,1669,4846,0,0,1404,0,0,1756
"5116",322.19986,4.623,279353,1781,3071,0,0,0,0,0,0
"5117",322.19986,4.786,478334,4608,3764,0,1028,1404,0,1911,0
"5118",322.19995,4.569,356334,1781,3071,0,0,0,0,0,0
"5119",322.2002,4.719,488679,4608,4853,0,1028,0,0,1911,0
"5120",322.21533,6.862,1358936,149571,152185,6826,2185,1410,1722,1487,4246
"5121",322.21576,6.79,814101,70717,65364,6990,7698,7009,7532,4260,10206
"5122",322.23608,6.991,2113939,28049,2457,0,1688,0,0,0,2251
"5123",322.23621,7.06,3691395,31315,5708,0,1688,0,0,1775,2251
"5124",322.23624,6.304,624351,38903,90939,0,1455,0,0,0,0
"5125",322.23639,6.414,1288607,85884,187380,0,0,0,0,0,0
"5126",322.23645,5.923,314784,5299,9232,0,0,0,0,0,0
"5127",322.23651,5.002,270798,7358,6849,0,0,0,0,0,0
"5128",322.23657,6.066,252043,0,5082,0,0,0,0,0,0
"5129",322.27271,7.769,2442167,213515,212599,0,0,0,22449,36931,24758
"5130",322.27289,7.859,2445428,178332,188137,0,0,0,19311,22780,20310
"5131",322.27454,6.666,109751,0,0,1409,0,0,168054,143775,128009
"5132",322.27472,8.047,495841,14991,4366,0,0,0,1285510,1309550,1206387
"5133",322.27481,6.604,32475,4084,2382,1409,0,0,143492,130580,115964
"5134",322.29611,8.452,3468452,2411581,2120092,2166968,2184218,2269085,2186307,2275548,2289134
"5135",322.29626,8.307,65287,128751,138447,70946,110284,139746,128336,132772,151734
"5136",322.86856,11.7,643304,631557,54765,553870,36630,515828,700182,66611,680551
"5137",322.9245,0.499,47866,58703,76816,58936,23553,61628,168107,203046,191693
"5138",323.07404,1.77,0,0,0,0,0,0,73547,68426,75299
"5139",323.07452,0.536,0,0,0,0,0,0,986109,1200899,1115458
"5140",323.08981,2.914,2240,3282,2304,17488,1966,3910,171545,160187,158961
"5141",323.11075,1.989,0,0,0,0,0,0,94505,94660,78555
"5142",323.12354,10.178,63951,50255,76331,75089,69877,75044,62308,77298,82578
"5143",323.14481,0.581,0,0,0,0,0,0,70837,37995,10787
"5144",323.16034,1.821,0,0,0,0,0,0,94004,75328,94114
"5145",323.16235,5.619,51799,84405,71899,68238,73956,61648,73962,71860,84562
"5146",323.16248,6.056,63484,80950,102092,100044,82394,80039,89706,121416,87630
"5147",323.16281,7.125,293530,421866,634878,684593,446372,675761,840976,718642,661303
"5148",323.16284,6.62,9602961,10577344,10744846,10317364,11246417,10860879,11118896,10998888,10747542
"5149",323.16327,7.207,715296,789406,397415,866301,897976,710878,1070802,912156,694626
"5150",323.18298,10.173,88581,104410,96464,68235,130553,180700,36251,198577,93237
"5151",323.18384,3.942,7399,11147,11793,12908,14281,16011,150880,169859,120743
"5152",323.19653,9.209,8203,17732,7207,5244,8206,15684,544175,503207,355933
"5153",323.22253,6.882,283518,25485,55052,7270,19303,10643,188802,159641,133630
"5154",323.23425,3.634,162322,2595,1665,0,0,0,7670,13054,12448
"5155",323.30661,9.631,753592,90812,74386,11208,2568,12869,5116,10665,7749
"5156",323.81342,0.466,0,0,0,0,0,0,27636,13425,52354
"5157",323.9263,0.416,1423,7593,9195,3891,4344,3455,37020,54625,73956
"5158",323.93143,11.657,2989756,3239371,3072754,3239448,3237876,3107924,3207042,3471210,3558443
"5159",324.01385,0.587,0,0,0,2039,7478,2295,148168,145510,97311
"5160",324.10599,2.414,0,0,0,0,0,0,192213,203353,168836
"5161",324.10611,2.003,0,0,0,0,0,0,103248,114076,94767
"5162",324.10907,1.851,0,0,0,0,0,0,3279,36257,8289
"5163",324.16562,1.643,0,0,0,0,0,0,37296,61747,45639
"5164",324.18033,4.39,2013,0,0,0,0,0,11467,25073,16937
"5165",324.19421,6.961,206105,0,0,1558,1676,0,4782,0,0
"5166",324.19443,6.659,4139416,44654,8153,0,6530,2394,21417,17909,12446
"5167",324.19446,6.566,9441339,118383,47140,0,1753,2605,14003,12664,9336
"5168",324.19455,5.842,161803,1753,1965,1422,0,0,0,0,0
"5169",324.19458,6.506,7201606,70896,21627,0,1906,1890,1795,1954,9336
"5170",324.19461,5.31,498925,15513,22036,4660,2429,2636,5848,3980,0
"5171",324.19467,5.397,460298,14940,9156,2407,2429,2636,2081,0,2223
"5172",324.19482,4.488,590172,57439,54761,2747,2744,2275,8746,2139,5554
"5173",324.21524,7.589,466301,88533,274657,0,0,1774,2015,7490,7407
"5174",324.21588,4.38,503236,14803,16959,1277,0,0,1710,1458,0
"5175",324.21588,7.741,291961,37387,165035,0,0,1575,6769,3622,1813
"5176",324.21594,4.808,891422,27478,35824,1421,0,0,0,2691,0
"5177",324.21609,4.741,596150,3723,35824,1421,0,0,0,2691,0
"5178",324.2168,4.928,464599,33508,9245,0,0,1228,0,2180,0
"5179",324.21796,6.098,34855,1991,1727,0,1576,0,158408,154798,141563
"5180",324.21829,8.324,283826,285414,266156,237023,227782,218131,250784,269944,260599
"5181",324.23822,3.95,281214,315100,315065,307235,283763,286818,281068,291130,298898
"5182",324.23853,5.578,1086466,998000,1002446,1078222,1050050,1056406,1088872,1183953,1157121
"5183",324.23868,5.463,113253,92014,100769,102043,103809,103788,91159,105290,108959
"5184",324.25443,6.689,347560,19450,26194,0,0,0,0,0,0
"5185",324.29034,8.621,1442254,32534,83649,4578,4799,5292,957813,1038511,913966
"5186",324.29056,8.383,1874115,89675,61517,0,0,0,0,0,0
"5187",324.29056,8.829,1014210,55800,40670,4492,0,0,3848,4424,2214
"5188",324.29065,8.302,747856,16083,40071,0,0,0,0,0,0
"5189",324.29071,8.484,4013448,193446,166374,0,0,0,0,0,0
"5190",324.29092,6.195,777792,26291,33002,0,0,0,0,0,0
"5191",324.32703,11.616,356183,354734,350658,333770,343747,331068,363819,264748,330553
"5192",324.86502,0.466,0,0,0,0,2113,0,87744,49352,47219
"5193",325.09021,1.378,0,0,0,0,0,0,119743,117371,87135
"5194",325.09195,3.703,0,0,0,0,0,0,126561,127216,113104
"5195",325.09229,3.37,0,0,0,0,0,0,81081,73898,78640
"5196",325.0925,3.545,0,0,0,0,0,0,78208,98469,93298
"5197",325.0928,1.848,0,0,0,0,0,0,319723,377974,349436
"5198",325.10764,7.672,2297,51361,41398,52310,49619,47212,46668,48800,54961
"5199",325.11288,2.652,17032,14620,19061,15118,14744,7376,78203,85300,87953
"5200",325.11328,0.554,47339,39690,66183,23511,16826,32644,52125708,54388336,52733504
"5201",325.12149,5.366,144918,199105,175566,187081,170888,198714,109523,110970,123280
"5202",325.12158,5.418,277302,468043,450790,497791,476183,480217,384034,415724,445369
"5203",325.13983,1.046,0,0,0,0,0,0,174097,198794,173759
"5204",325.14023,2.41,0,0,1408,0,1418,0,265532,282812,245689
"5205",325.14032,2.559,0,0,1408,0,0,0,91439,97160,93400
"5206",325.14233,4.194,72050,87565,75128,83794,80400,84778,86544,101576,91787
"5207",325.18039,8.232,495186,510063,487883,458842,469282,512348,528365,519894,538299
"5208",325.18097,8.342,394208,403638,498927,375873,378555,506065,448888,406797,386692
"5209",325.20041,4.405,32382,27354,10894,18320,16748,6395,204064,210458,199827
"5210",325.20123,7.443,73566,98580,113350,88410,101559,102941,163092,157020,180606
"5211",325.21234,9.725,2604,0,0,0,0,2383,92220,92095,71617
"5212",325.24966,4.562,1878059,2132807,3010928,39359,37169,44770,43241,64253,72021
"5213",325.25024,3.957,543773,262216,248525,24101,37708,35288,15802,22471,42279
"5214",325.27209,10.037,308636,256635,375258,257272,242492,279538,264240,325351,388525
"5215",325.27231,9.854,323491,325035,387152,348758,393329,474948,355342,339926,474209
"5216",325.2868,7.258,250403,5710,0,0,0,0,0,0,0
"5217",325.28687,7.11,215319,0,0,0,0,0,0,0,0
"5218",325.32336,8.986,182734,37034,33025,0,0,0,11004,12859,7413
"5219",326.13123,0.514,0,0,0,0,0,0,245680,290585,289711
"5220",326.14432,0.811,0,0,0,0,0,0,66972,49924,70605
"5221",326.1452,1.907,0,0,0,0,0,0,42813,42015,42110
"5222",326.18091,3.75,4240,28754,29406,18989,25248,25812,54778,43414,49181
"5223",326.20981,7.227,57229,0,0,2846,3875,5447,0,5551,4448
"5224",326.21039,7.036,150095,3231,2597,1833,2613,5566,2433,3983,3078
"5225",326.21075,6.911,502531,0,0,0,0,0,2694,0,0
"5226",326.23203,5.701,1694936,38917,50932,1928,0,1794,9935,2369,10783
"5227",326.23242,4.342,388857,32832,40156,1185,9788,1060,7938,11443,3768
"5228",326.23331,7.203,16618,36648,29005,34328,23965,36486,158994,109248,94292
"5229",326.23337,5.582,3422446,83556,84893,1928,2517,0,1824,2170,10783
"5230",326.23343,4.462,659060,87508,86749,2422,2019,1268,7211,4889,28550
"5231",326.23349,5.429,4436048,135821,145545,2109,0,2035,5841,2898,6817
"5232",326.23349,6.574,5384189,96838,82982,1582,1807,1834,70490,8750,3488
"5233",326.23352,5.295,873253,159716,232055,3980,3066,1477,5657,14911,3866
"5234",326.23361,6.27,2681196,77614,61185,1718,1752,4278,2085,7026,8261
"5235",326.23364,6.108,808035,16483,13715,0,3332,5079,13758,2707,5888
"5236",326.23367,6.175,1290427,53131,38638,0,1623,4278,4309,8211,1649
"5237",326.2337,6.403,6199414,174811,116796,1718,1454,1363,4915,1774,1891
"5238",326.2337,6.782,728279,23505,5167,1578,2129,4697,17967,11806,14959
"5239",326.23386,5.22,914576,108654,139421,6286,1525,9665,12952,16425,17562
"5240",326.25455,3.875,1097010,1021370,970477,843815,855414,868256,871498,923333,852836
"5241",326.27005,8.658,119189,111860,104976,95262,96071,100471,106249,108134,105135
"5242",326.30606,9.289,121807,104612,119565,92568,94886,102893,213748,235594,235761
"5243",326.30627,8.985,2218464,112280,91878,2072,0,0,2517,5268,7663
"5244",326.3063,9.053,1831572,108697,81928,2072,4469,0,0,2557,7663
"5245",326.37891,8.057,1626383,2383791,1843865,2345806,2437920,2445917,1350587,2056603,2335910
"5246",326.37894,7.661,1871156,1909945,1735151,1580053,1316885,1522894,1902165,1596980,1882014
"5247",326.71027,3.194,242112,247860,246294,225727,217784,245375,257086,236823,250997
"5248",326.88724,0.474,1646,3742,5190,4989,14711,11127,4960434,4973819,4302162
"5249",327.00793,1.823,873131,630016,1083159,1111383,1714655,858813,2735711,2257276,2575604
"5250",327.00821,0.58,2437223,2151469,2529896,2115583,2454866,900364,738258,821527,2801472
"5251",327.0083,11.803,633204,1054759,1094323,2151872,2401180,1326948,4442690,3254686,2182456
"5252",327.00873,6.31,3272611,3038452,2905663,2674480,2488402,2660868,3473483,4327914,4250540
"5253",327.07861,7.602,1024247,1018960,947742,1050561,962877,1080634,1048041,1092409,1071885
"5254",327.10062,8.051,486519,519183,523070,500123,513458,530685,527661,473802,249830
"5255",327.12097,6.188,0,2523,2217,4824,2708,1986,2911,5374,128619
"5256",327.12201,1.221,0,0,0,0,0,0,58225,80495,47676
"5257",327.20163,11.7,8531,26655,8938,35870,21019,13922,14234,61629,34908
"5258",327.20224,2.309,603552,534028,528041,515967,481300,525062,592738,572228,583566
"5259",327.21692,3.697,0,3031,29320,2085,1419,0,130304,159523,51494
"5260",327.21738,7.005,15445,2407,2814,3503,4139,8954,220146,180954,185965
"5261",327.22867,3.322,104103,25086,49900,0,0,0,0,2017,0
"5262",327.2301,8.909,4296,3433,5690,6222,2230,7164,114177,77237,47885
"5263",327.23297,7.7,0,0,0,0,0,1605,66572,62719,54050
"5264",327.25165,8.445,346732,179559,197698,183071,170162,205512,167380,186053,200149
"5265",327.26559,4.655,86744,2231,22652,1400,1819,1560,2040,1748,2516
"5266",327.30112,7.544,3350179,153957,128955,0,0,0,2017,0,0
"5267",327.30136,7.691,4524262,277132,213514,0,0,0,2017,0,0
"5268",327.30142,7.889,2468082,120605,93658,0,0,0,0,0,0
"5269",327.30157,7.054,284434,23811,17835,0,0,0,0,0,0
"5270",327.30167,6.943,375407,37794,29002,0,0,0,0,0,0
"5271",327.883,11.804,708898,659315,730817,445478,423269,454650,821691,336494,240363
"5272",327.92355,11.658,357172,319922,289115,362965,285734,274152,266518,273415,438569
"5273",327.94821,0.537,28300,52597,103287,85099,152647,105253,0,0,0
"5274",328.13956,1.432,0,0,0,0,0,0,2895372,3048020,3161992
"5275",328.13965,1.954,0,0,0,0,0,0,133454,146504,133001
"5276",328.13977,2.259,0,0,0,0,0,0,84842,93373,80074
"5277",328.16119,0.583,0,0,0,0,0,0,132886,171636,201631
"5278",328.19662,2.591,184779,181832,145775,167995,191835,180758,179717,169911,160197
"5279",328.24893,6.452,1133042,37937,30275,23093,33900,21353,491094,537492,489520
"5280",328.24918,6.744,746745,30939,9637,14683,14029,10986,38831,83018,101374
"5281",328.24924,6.303,11485291,159374,300234,5559,9440,5161,331074,341267,346061
"5282",328.2493,6.525,1133042,44810,36609,19817,34980,9847,227138,249559,222154
"5283",328.24936,4.531,647794,47012,48267,3843,2229,6107,2955,4327,3903
"5284",328.24939,5.64,3002929,88766,141781,6011,6929,4646,16852,7918,7212
"5285",328.24948,4.708,544896,54308,13508,1006,1129,979,158731,172712,166494
"5286",328.24954,4.955,867470,72352,69000,1684,2020,1295,3098,5449,4649
"5287",328.28488,9.631,339792,87492,104751,47231,8974,23976,34462,88115,57744
"5288",328.28513,7.289,1141146,125412,194389,8430,8416,20174,7767,11669,7642
"5289",328.28537,7.638,1574636,199100,293164,4863,3224,15617,32431,20274,22932
"5290",328.28564,7.215,633729,78438,157661,18148,5660,11888,21109,9776,17379
"5291",328.32126,10.004,162112,161600,207456,207295,130791,167250,187482,258791,339479
"5292",328.91632,11.806,4593516,4692300,2991900,2003230,1146777,4610779,1486498,1449412,3815452
"5293",329.00519,5.268,883116,938441,298055,977126,255960,334326,1677498,1035060,2638335
"5294",329.00525,0.81,1360224,1671398,634640,1262446,1354301,859775,2359856,1603711,2053637
"5295",329.00534,0.517,655886,675208,1133417,474809,546810,735552,1176379,1614798,1277950
"5296",329.00537,4.411,1165446,571682,656125,488434,800962,411686,2490395,2210256,2162314
"5297",329.00543,4.863,677137,842006,923799,746848,850005,419289,1404649,2526766,1137951
"5298",329.00543,0.597,2704802,1190929,2040626,1830139,2007046,2867415,1034463,2387020,2098629
"5299",329.00543,11.815,1696194,1090200,1017794,2422684,819976,1245491,1419204,2492470,2797140
"5300",329.00562,6.312,3790377,2721850,3280199,2437533,3008617,2449022,3841882,3400714,3828687
"5301",329.00589,7.356,632575,317579,538426,603833,514198,723080,425174,528861,321041
"5302",329.04834,7.359,260135,211289,190955,189886,174845,184808,211505,195731,206152
"5303",329.0845,0.604,0,0,0,0,0,0,155613,129791,148231
"5304",329.08478,0.834,0,0,0,0,0,0,619947,695281,669989
"5305",329.11121,8.28,0,0,2528,0,0,0,73213,77369,21203
"5306",329.12119,1.829,0,0,0,0,0,0,259479,222755,243616
"5307",329.15729,2.36,0,0,0,0,0,0,136611,96401,99925
"5308",329.15909,8.96,63346,67902,63335,56310,70789,63180,91773,63138,69173
"5309",329.17319,6.114,80015,85727,84395,71611,73101,69586,369232,376785,347831
"5310",329.18936,8.869,59678,115452,68695,126177,98595,85373,99892,84033,104948
"5311",329.19675,4.386,129257,7163,3027,1511,1683,1223,5667,2568,4383
"5312",329.21143,8.813,449652,570856,437917,513735,578172,576375,610123,581358,495757
"5313",329.23245,4.509,1941,0,0,0,0,0,38278,34059,39388
"5314",329.23297,8.392,112822,141104,176132,112657,148699,155786,194057,125181,147865
"5315",329.2446,3.457,134010,58127,66019,1790,0,0,1648,3812,0
"5316",329.24472,4.069,122933,17999,17329,0,0,0,1676,2705,1822
"5317",329.28064,7.264,2633052,113500,83937,0,0,0,2080,0,0
"5318",329.28067,6.967,289514,14555,10287,0,0,0,0,0,0
"5319",329.28067,7.213,2851566,144213,139316,0,0,0,0,0,0
"5320",329.31677,6.174,787615,683008,858623,787754,732769,736681,978551,1054324,1083626
"5321",329.31693,6.245,1518404,1397646,1432502,1369229,1312542,1236634,1599640,1553686,1527028
"5322",329.31693,7.145,4622749,550702,515319,20611,18076,37032,19092,17657,43689
"5323",329.31696,7.36,8291232,978771,981393,15718,19707,23153,44509,51576,45261
"5324",329.31705,7.301,3887160,384778,403051,20373,14494,10607,18120,14741,16144
"5325",329.31705,8.122,6438374,354197,393986,8143,31871,19950,25161,11873,16005
"5326",329.31711,8.206,4504645,299610,311307,39891,3380,20120,12855,18739,25255
"5327",329.31735,7.982,455107,50290,30421,19772,14277,15459,10377,16116,12526
"5328",329.88174,11.685,275076,259367,299354,383897,240373,159508,111700,156472,86747
"5329",330.00845,0.418,58956,57528,81025,62800,106308,120895,184554,197796,149491
"5330",330.00879,1.374,97229,108844,82916,91573,93534,143610,234276,222915,164867
"5331",330.05832,0.595,3297,2439,0,2690,2985,4930,701809,758552,814751
"5332",330.05872,0.81,0,0,0,0,0,0,463408,456972,459296
"5333",330.13455,3.645,0,0,0,0,0,0,55820,64277,57660
"5334",330.17117,8.188,337899,299343,337926,291905,318851,301879,280841,265040,342473
"5335",330.20377,2.268,135433,149970,153160,123302,144659,149003,160834,142888,171336
"5336",330.20416,11.645,2906163,2542041,2789955,2529857,2978887,2721964,3020492,2952478,2794525
"5337",330.20416,2.429,766455,721978,695359,696132,723465,768998,790961,799460,805900
"5338",330.20499,6.75,260808,26076,31022,5358,22950,13971,16811,11077,13886
"5339",330.20505,5.923,319292,25166,32678,1645,1796,6651,12021,12591,7104
"5340",330.20532,7.042,131823,4525,15894,5645,3379,13058,44718,46036,60457
"5341",330.20541,6.613,129393,54311,53090,41688,60134,37686,53376,51160,58186
"5342",330.26437,8.219,702018,1069551,782244,781770,778560,865931,989484,887074,1078755
"5343",330.2648,8.056,337751,179008,128501,572379,409736,382969,283142,353545,571865
"5344",330.26483,6.596,1184391,64833,45401,21731,22410,28946,17288,107408,108651
"5345",330.26489,5.439,3742345,185250,163620,2694,2393,2400,58964,52645,55867
"5346",330.26495,5.522,1450721,59642,80804,6897,4217,1840,12641,5401,2267
"5347",330.26498,5.335,2907384,154047,142254,1491,2052,2887,4292,52645,8566
"5348",330.26501,4.443,435284,25220,43416,4280,1687,1846,1577,8449,4495
"5349",330.26505,4.341,1786533,101118,136607,1208,2525,2931,1577,8449,5224
"5350",330.26505,5.194,1301516,82664,67127,1860,3685,2024,1951,5297,2455
"5351",330.26517,6.875,495195,24082,16584,33764,40593,41175,198006,166306,183434
"5352",330.26517,5.871,1151677,87060,109754,3569,5580,3330,8597,2654,6791
"5353",330.2652,4.996,455109,43191,10110,5250,3038,3404,46066,70812,59767
"5354",330.26526,6.042,575908,38939,42282,11216,6806,13627,12458,3500,13792
"5355",330.32019,7.491,382716,28492,22831,0,0,0,2570,0,0
"5356",330.33743,6.872,107601,116057,74482,107549,116102,112319,147406,127567,131305
"5357",330.90927,0.535,31992,35847,80930,68017,86619,64269,6065,13092,2804
"5358",330.91608,11.778,260681,656545,479846,646819,472792,329437,141688,526473,231362
"5359",330.91672,11.677,397848,309308,418175,497020,402648,263719,275292,325174,301906
"5360",331.00217,11.69,449382,203043,149500,262513,258508,259477,477743,334821,345892
"5361",331.00244,1.381,458077,419312,256015,162738,447270,157349,618010,358283,357181
"5362",331.00299,0.55,558508,255170,267316,334542,565082,251382,511479,303546,297718
"5363",331.00317,8.069,254791,96667,96594,66744,105211,155448,188467,328808,219171
"5364",331.07922,1.38,0,0,0,0,0,0,214825,231797,163908
"5365",331.11139,0.53,0,0,0,0,0,0,2092557,2114063,1785432
"5366",331.13666,2.166,0,0,0,0,0,0,89053,93680,81773
"5367",331.13687,1.38,0,0,0,0,0,0,130971,133404,110999
"5368",331.13696,3.697,407863,398300,393392,357672,362273,381646,429188,363848,383011
"5369",331.16806,7.489,0,0,0,0,0,0,61352,56713,51842
"5370",331.18866,5.755,0,1537,2278,1730,3070,2365,584712,611400,545821
"5371",331.18872,5.669,3165,2701,2629,1719,3533,4749,691473,684024,643868
"5372",331.1911,6.734,25362,43162,33117,20311,8678,31430,61561,86670,69251
"5373",331.20966,3.878,149372,144152,151011,142914,124525,141848,156741,190346,156404
"5374",331.22516,8.658,259492,310162,297193,322165,392345,279953,294296,366974,357018
"5375",331.2258,8.586,10347,310808,14140,6620,18504,30345,296103,283125,176876
"5376",331.24872,4.669,0,0,0,0,0,0,82535,84945,75034
"5377",331.25232,3.517,339972,29380,37637,0,0,0,9456,15128,11975
"5378",331.29572,4.329,73278,75730,68337,70700,63098,71884,69854,74671,77054
"5379",331.29611,7.054,261441,0,0,0,0,0,0,0,0
"5380",331.29626,7.546,1996903,9515,0,0,0,0,0,0,0
"5381",331.29642,6.572,1296990,1794,1849,0,0,0,0,0,0
"5382",331.29642,6.653,495943,2226,0,0,0,0,0,0,0
"5383",331.29645,6.504,903258,4216,1849,0,0,0,0,0,0
"5384",331.29669,7.668,569620,0,0,0,0,0,0,0,0
"5385",331.33286,7.853,86409,0,0,0,0,0,0,0,0
"5386",331.33368,7.759,73279,0,0,0,0,0,0,1649,0
"5387",331.88278,11.665,441789,536043,456375,417435,454758,508068,412848,447254,395805
"5388",331.89349,0.535,134878,199800,330044,265114,408397,324573,0,7453,0
"5389",332.04184,0.525,6702,0,0,0,0,0,390453,545680,428259
"5390",332.07486,0.912,0,0,0,0,0,0,226186,264585,176179
"5391",332.1344,0.585,0,0,0,0,0,0,3085636,3138348,3128981
"5392",332.13443,0.81,0,0,0,0,0,0,1801049,1920658,1859314
"5393",332.13455,1.741,0,0,0,0,0,0,904454,993459,934599
"5394",332.14972,7.029,1443752,882365,809410,688222,691864,746474,4611713,7645710,6816353
"5395",332.15619,0.546,0,0,0,0,0,0,858710,1053481,861912
"5396",332.17017,8.284,3340,20027,6702,2912,9737,1841,77446,74004,43974
"5397",332.19904,7.354,1420081,221218,231663,14239,10648,8054,31043,10913,32465
"5398",332.19952,7.256,2187587,273651,239355,3423,18276,5181,13940,5033,41018
"5399",332.19968,7.103,3386261,324827,278279,22945,15031,8564,25181,10607,9861
"5400",332.20688,2.709,147604,197877,171967,163819,168713,172166,182404,189568,189239
"5401",332.2207,8.55,1300969,38836,20171,20770,1914,4777,13137,18206,9551
"5402",332.22104,6.469,1151319,92737,76039,0,0,0,0,0,0
"5403",332.24435,3.364,367960,349764,745640,792993,799556,749557,577345,814592,398768
"5404",332.24576,11.637,71585,25813,24509,12001,23983,105973,23007,94275,22253
"5405",332.27994,6.805,213505,60270,50142,38754,37117,40636,51852,62958,105141
"5406",332.28049,6.719,4741996,77412,34358,19774,26585,26384,30170,48906,97375
"5407",332.28064,7.085,599938,642769,627015,566753,567797,576529,633747,512402,590602
"5408",332.28076,5.476,651534,43416,47421,0,1886,0,0,0,0
"5409",332.28076,6.596,3548263,14691,7335,1486,0,0,0,1731,0
"5410",332.28088,5.639,271506,13207,21832,0,0,0,2370,0,0
"5411",332.28091,4.904,148908,1397,5173,0,0,0,0,0,0
"5412",332.28104,5.125,211040,7465,13280,0,0,0,0,0,0
"5413",332.31662,6.374,1392392,11753,30000,0,0,0,0,0,0
"5414",332.31668,6.282,475014,10143,2454,0,0,0,0,0,0
"5415",332.31686,6.467,3337496,48834,42435,0,0,0,0,3948,0
"5416",332.33188,7.643,2093729,2170744,1263534,1270482,2241796,2134704,2228404,2102862,2462443
"5417",332.33212,11.62,191056,196590,182882,60093,99400,93603,164654,120993,172645
"5418",332.85223,0.468,0,0,0,1918,0,0,38983,37940,16177
"5419",332.91565,11.661,1024108,1185040,1179749,1174805,1092384,989432,985207,1104342,949789
"5420",332.9361,0.47,33299,35844,18737,31501,47194,33826,0,0,4329
"5421",332.94864,6.059,138947,74901,45323,40660,31852,45637,99906,113194,111591
"5422",333.05069,0.814,0,0,0,0,0,0,101360,132925,128434
"5423",333.06879,0.525,0,0,0,0,0,0,335203,414572,377581
"5424",333.11023,5.524,355476,409166,462407,427443,441645,457147,446492,417771,452642
"5425",333.14511,3.984,0,0,0,0,0,0,1328208,1340318,1205172
"5426",333.14667,7.829,273632,315644,327403,383333,371936,323599,401983,406394,413080
"5427",333.14746,6.024,117167,104732,93165,129802,138350,139882,175776,218922,159285
"5428",333.14774,8.413,186486,142720,129020,116209,119893,109705,163383,137485,168127
"5429",333.1752,7.22,0,2756,2932,1355,1777,0,132865,115072,110140
"5430",333.18265,7.3,0,0,0,0,0,0,53245,43435,41692
"5431",333.18271,8.036,16229,44992,31313,12578,36634,34003,93196,82451,102768
"5432",333.20392,5.983,5938,2300,9511,6310,7056,5307,146455,264561,222366
"5433",333.20404,5.544,3786,7883,5142,7996,3622,3062,211462,255339,234104
"5434",333.20432,6.452,28066,44782,37802,26290,26888,9323,515758,541880,486547
"5435",333.20432,6.517,15325,23352,8174,17863,10117,21001,288326,252116,257409
"5436",333.20471,6.163,6960,9212,12410,9211,5266,8896,313408,298287,286100
"5437",333.216,4.216,195861,136133,202316,3197,1345,2489,1498,3535,7194
"5438",333.21625,4.152,186048,129855,161951,3316,1345,1344,5446,5011,5162
"5439",333.26465,5.934,71140,65374,76776,59670,65983,76087,62039,68949,68072
"5440",333.26474,4.898,0,0,0,0,0,0,52625,57600,47845
"5441",333.27911,8.272,61781,54367,69564,57535,52347,52752,128516,112314,96347
"5442",333.30026,9.411,517017,803646,731643,1206276,619123,762543,793072,817881,637836
"5443",333.30075,9.554,2391673,779822,767635,549460,572590,703704,632032,718906,642328
"5444",334.0899,0.496,0,0,0,0,0,0,127041,190397,173671
"5445",334.13977,2.454,0,0,0,0,0,0,174105,189569,181340
"5446",334.18729,2.624,4846,0,3412,2990,1287,2098,152031,172062,156769
"5447",334.20224,5.882,38984,2032,0,0,0,0,101324,111658,120724
"5448",334.21497,7.691,25296760,2904078,2336745,59556,36077,59878,60848,43171,43438
"5449",334.215,7.891,20225718,1443156,1209254,48833,34695,23398,32100,17681,41260
"5450",334.21503,8.045,4720247,446044,332740,41425,22415,47800,57705,18825,74205
"5451",334.21536,6.892,5149188,830477,859236,54527,28740,35285,68070,71608,55321
"5452",334.22296,2.662,3331977,3376916,3387796,3495034,3405260,3377036,3614864,3614687,3518164
"5453",334.22314,2.927,259062,197676,226427,266259,243898,302700,287744,273028,300532
"5454",334.2359,7.129,55421616,2303696,2042864,163439,0,0,84850,62122,11069
"5455",334.2359,7.288,31387268,1565844,1446894,0,0,1726,0,2067,248920
"5456",334.23596,7.213,31909632,1876074,1779867,0,0,1726,84850,2067,11796
"5457",334.23605,6.799,8577602,650196,645350,0,0,0,0,0,0
"5458",334.23618,5.892,6999639,256173,333882,1607,0,0,0,0,0
"5459",334.23633,5.529,3601634,199440,234990,0,0,0,0,2353,0
"5460",334.23633,6.026,7341294,197362,427658,0,0,0,0,0,0
"5461",334.23651,6.25,2586006,127598,137923,0,0,0,0,0,0
"5462",334.23654,5.639,3803827,296768,303547,519019,456311,443786,463438,517461,504154
"5463",334.26068,4.103,644819,95032,100309,1250,0,1334,14018,20835,19720
"5464",334.30426,9.372,85370,82361,70763,103526,83749,97594,93993,78075,252293
"5465",334.75253,4.368,170037,20627,20300,0,0,0,0,0,2645
"5466",334.9144,11.654,1665412,1992834,1916783,1879592,1823467,1729969,1732591,1831536,1988222
"5467",334.91632,0.422,2265,5342,11431,10465,8379,6579,110765,131491,125874
"5468",334.99664,0.652,0,0,0,0,0,0,79262,74348,148711
"5469",335.07394,0.554,0,0,0,0,0,0,4647815,4953986,4879682
"5470",335.07446,0.81,0,0,0,0,0,0,713870,677778,610536
"5471",335.07599,1.843,0,0,0,0,0,0,155482,182708,159583
"5472",335.11035,2.971,0,0,0,0,0,0,26856,37666,21674
"5473",335.12415,2.299,0,0,0,0,0,0,1094018,1087839,1010996
"5474",335.12567,8.186,8252195,11883151,11076984,12175570,10900935,12020442,11868460,10691857,12918598
"5475",335.12668,9.7,257333,295439,125515,102600,182260,464253,190566,341290,105555
"5476",335.14548,1.657,0,0,0,0,0,0,155036,163193,148320
"5477",335.16,11.643,69602,30581,93792,102678,12068,21439,85315,30866,96138
"5478",335.16089,3.358,0,0,0,0,0,0,450968,498187,443231
"5479",335.16122,3.628,0,0,0,0,0,0,505174,491690,440855
"5480",335.1622,6.767,8405363,8240663,7849896,7927582,8461871,8206477,8751603,8007072,7772088
"5481",335.16223,7.03,5668781,6043882,5843394,5823073,5902394,6038334,6076870,5174330,5864282
"5482",335.16235,6.947,8745207,8998316,8161986,8311620,9072700,8511673,9354698,8433275,8479502
"5483",335.16245,7.175,2634488,4124361,3240529,3689300,3955399,3812914,3662060,3354908,3822968
"5484",335.18338,4.093,16220,25849,19979,22698,17858,27855,97768,9094768,23269
"5485",335.18344,5.901,5122,1907,5362,12469,15053,23005,184793,202062,173575
"5486",335.18655,4.88,118932,109892,129720,148713,115297,112061,183421,239948,222452
"5487",335.21851,7.814,2214548,281928,221053,33933,45374,21786,82095,41642,58842
"5488",335.21872,7.548,3699496,415481,418161,20798,50741,34277,46766,64138,71216
"5489",335.21964,8.219,496191,489867,632805,665916,725773,585743,731830,691880,701568
"5490",335.21997,6.257,11131,9899,43702,22028,18524,29804,221283,237006,367684
"5491",335.22043,6.118,27276,14203,35093,29562,33546,37427,129025,131365,78266
"5492",335.22354,3.194,865562,778322,823832,711774,788426,789420,812052,759586,868006
"5493",335.23248,4.255,157899,10039,20370,17825,9167,12690,21827,9907,15247
"5494",335.24365,5.317,386437,130468,147543,98132,108002,119851,136687,137916,138703
"5495",335.2757,8.631,94107,4926,2226,4184,2469,2091,3428,2875,2582
"5496",335.27945,7.883,643538,325676,351609,291000,291297,285123,307404,284943,318340
"5497",335.87396,11.666,56520,8778,83723,94647,74701,6549,17962,33976,0
"5498",336.01553,0.468,0,0,0,0,0,0,232234,205168,127223
"5499",336.0744,1.012,0,0,0,0,0,0,476956,487454,456189
"5500",336.09601,0.565,0,0,0,0,0,0,6672864,7134164,6758318
"5501",336.10867,2.077,0,0,0,0,0,0,42269,50721,46025
"5502",336.12119,4.035,0,0,1340,1133,1042,0,2193131,2015524,2022444
"5503",336.15863,4.367,190440,1266,0,0,0,0,0,0,0
"5504",336.19333,11.658,7560082,7635200,7106463,6335094,7101252,7244712,8235114,8325924,8344460
"5505",336.19366,2.934,580233,550533,484644,593264,581380,608166,604254,593816,590544
"5506",336.19382,2.813,1625826,1493043,1493061,1432913,1482450,1501194,1644684,1668000,1549604
"5507",336.194,9.724,1590410,1894324,584382,605690,824719,355925,487046,997426,704298
"5508",336.19458,6.628,705984,267433,313254,157189,276146,475226,579229,424319,262100
"5509",336.23035,7.145,32109102,6816768,6814918,1580,4440,2675,32760,52666,45619
"5510",336.23056,8.12,31160504,2852798,2601606,34866,33800,25472,65177,49923,59859
"5511",336.23062,7.366,63019804,7789443,4651668,1686,2236,1694,226498,215234,176447
"5512",336.23062,7.491,6051462,1480885,1428306,1724,4550,1694,1885,3971,3059
"5513",336.23074,7.987,4087888,330048,306863,3082,23802,10209,3879,5788,17202
"5514",336.23074,8.206,22916252,1930834,1934451,106508,58189,84642,96504,84656,113224
"5515",336.23083,7.013,4278752,583596,581252,2177,1721,1801,1941,2898,2413
"5516",336.23868,2.833,314276,323917,500674,273870,299255,317498,543352,545409,320084
"5517",336.25156,7.549,130746760,3063096,1161022,0,0,1915,475503,411404,390947
"5518",336.25162,7.641,71939696,1365359,608094,0,0,1915,512900,433328,413498
"5519",336.25165,6.917,6129018,430061,397320,1961,1761,0,8581,3844,2381
"5520",336.25174,6.598,12964983,771445,756756,0,0,1514,0,0,0
"5521",336.25177,5.536,19351474,1070181,1191526,0,0,0,0,1855,0
"5522",336.25177,6.34,8057529,402545,444425,0,0,0,2153,5402,3828
"5523",336.2518,6.46,15733893,915494,980421,0,0,1514,4980,6342,0
"5524",336.25183,5.396,15614825,977998,1100594,7032,4751,15562,7403,5398,7615
"5525",336.25186,5.939,7373286,421866,453138,0,0,0,0,0,0
"5526",336.25201,5.273,3771446,410423,474876,7032,6817,15562,7403,5398,7615
"5527",336.25204,4.922,988437,71784,75082,0,0,0,0,0,0
"5528",336.31116,10.312,256844,428844,223843,417251,277537,303216,241219,749691,189554
"5529",336.31128,9.017,4669158,4294779,4146644,4084055,3957900,3666401,4692076,3639419,4557460
"5530",336.31174,8.866,1874119,1990994,1895857,1753026,1801812,1802760,1971347,1857124,1800082
"5531",336.31805,7.461,50116,7608,8155,3796,7474,7898,5957,9028,5523
"5532",336.32922,9.856,96584,19441,22667,13249,3484,12399,6035,17115,9655
"5533",336.80392,11.861,72722,82928,131242,122528,113797,239085,136808,54189,40887
"5534",336.84314,0.476,0,1573,0,2802,3025,0,327445,332194,504352
"5535",336.87283,0.533,14183,26122,49987,30667,48934,44164,0,0,0
"5536",336.92795,0.471,300550,213641,296906,197031,249979,222760,43371,20736,5173
"5537",337.08978,1.737,0,0,0,0,0,0,210957,229677,196076
"5538",337.09207,2.621,0,0,0,0,0,0,45758,42944,42452
"5539",337.10495,7.029,4172513,3319760,3049561,2623659,2882288,2838563,14940037,22157294,20411534
"5540",337.11084,0.534,0,0,0,0,0,0,2296734,2217651,1777373
"5541",337.12125,5.842,339914,406045,467873,419646,422448,423919,537576,575885,482504
"5542",337.12152,5.568,160525,237733,239430,239383,249185,259794,177898,199652,213842
"5543",337.14471,8.997,1729681,1864687,1721023,1715163,1698730,1742362,1879673,1677818,1834275
"5544",337.1781,6.346,528897,628026,661723,615850,643053,613309,706603,753148,705737
"5545",337.2355,7.086,484697,332809,307743,437295,442027,452393,478248,427054,485947
"5546",337.23621,9.913,215297,239130,212330,184791,225190,273501,177734,198216,221644
"5547",337.23672,9.804,225584,227936,249534,248051,214109,251226,243360,246148,189773
"5548",337.23831,3.348,0,1524,0,0,2048,0,44130,45957,47764
"5549",337.24667,4.714,68389,85913,85574,77967,85263,76464,198881,196826,216332
"5550",337.25528,5.478,1253940,48767,38009,0,0,0,0,0,0
"5551",337.87109,0.468,46367,17186,8821,7218,15510,12932,67526,32659,98912
"5552",338.16116,11.652,6109715,5958279,5938798,5542468,5748424,5826788,6772804,5662218,6071352
"5553",338.16156,2.267,1810230,1711108,1663680,1594357,1668436,1679856,2078679,2030943,2093197
"5554",338.17419,5.818,199737,0,0,0,0,0,0,0,0
"5555",338.17438,5.427,250546,0,0,5362,3661,5806,0,7816,3661
"5556",338.17508,4.786,199991,0,0,1708,0,0,0,0,0
"5557",338.17529,4.724,201014,0,0,0,0,0,0,0,0
"5558",338.17566,4.898,224965,0,0,1708,0,0,0,0,0
"5559",338.18109,1.731,0,0,0,0,0,0,23376,21674,31267
"5560",338.20941,7.165,396670,4595,0,1781,1761,2032,3099,1946,0
"5561",338.21024,7.054,1672407,3547,1734,1781,2418,5049,2947,0,0
"5562",338.21033,6.991,902238,4094,1734,0,2418,1926,2947,5110,0
"5563",338.21036,6.3,159829,4113,25734,1984,1822,2201,4477,4578,2424
"5564",338.21036,6.411,366501,10203,46415,1984,1545,3119,0,2284,2424
"5565",338.2178,4.055,23009,31295,26313,23596,19889,31863,86583,61356,53124
"5566",338.26743,6.291,12921088,976998,1131268,17292,16144,13330,31601,37948,35880
"5567",338.2677,6.071,1341240,86059,110976,0,0,0,0,0,0
"5568",338.26794,6.163,1436776,80912,103302,0,0,0,0,0,0
"5569",338.29092,7.294,427455,503988,399272,430942,407830,424251,436190,385924,424220
"5570",338.34259,10.272,82109,87777,100035,96073,94952,52590,96701,135752,127089
"5571",338.34262,11.162,165065,154425,143034,133446,136234,146042,150261,128658,113091
"5572",338.34262,11.416,626110,477462,497426,452094,498181,426624,429212,477301,422341
"5573",338.90753,11.662,153901,314487,288593,323657,224037,185445,143068,182641,290550
"5574",338.96545,0.471,158414,117516,145327,114461,123058,138822,4775,5609,4305
"5575",338.96588,0.806,0,0,0,1821,1617,0,24002,28652,23561
"5576",339.10739,2.823,0,0,0,0,0,0,288455,478705,302422
"5577",339.1077,3.105,0,0,0,0,0,0,695490,777452,728145
"5578",339.10773,4.394,0,0,0,0,0,0,217862,194388,323846
"5579",339.10782,3.948,0,0,0,0,0,0,1105170,1293774,1259748
"5580",339.10788,4.139,0,0,0,0,0,0,448710,567456,486678
"5581",339.10794,3.689,0,0,0,0,0,0,741959,814276,685474
"5582",339.10797,3.562,0,0,0,0,0,0,627766,734206,700165
"5583",339.10803,2.346,0,0,0,0,0,0,587874,607542,534398
"5584",339.10803,1.976,0,0,0,0,0,0,435144,465578,505828
"5585",339.10806,2.212,0,0,0,0,0,0,579049,653476,849186
"5586",339.10815,2.543,0,0,0,0,0,0,959235,600086,965312
"5587",339.14069,3.609,73110,184417,138943,130521,68762,297194,374336,328705,347865
"5588",339.14154,2.91,2580,1793,1852,7800,5256,2146,186561,189086,172503
"5589",339.14203,2.625,2574,3863,4271,4753,9098,7299,985983,1011387,904785
"5590",339.15582,6.1,319822,246961,248259,50598,59275,53246,101778,98120,87222
"5591",339.15759,5.47,994414,1124684,1189986,1148312,1159173,1202666,1404748,1403806,1469676
"5592",339.15765,4.8,423344,328737,292232,294700,184753,276979,303862,291118,296496
"5593",339.15869,8.28,51986,81500,78514,46164,40687,28472,435170,445898,199425
"5594",339.15875,10.22,239581,99800,165194,501633,261381,445874,92735,285759,229220
"5595",339.17126,9.209,12026,25533,10884,29968,22530,12765,117089,123082,90355
"5596",339.17853,4.938,47749,7829,5386,4098,6643,7916,379752,306841,117480
"5597",339.17902,5.644,215843,191659,238251,211778,202938,212639,234851,271420,219770
"5598",339.19141,7.222,0,8380,9807,9054,2417,5078,912420,867024,804684
"5599",339.19168,7.3,0,5870,5547,8665,7895,16075,564082,589448,499049
"5600",339.19705,8.537,82730,91401,144502,127643,84241,128642,136348,134442,139424
"5601",339.20941,8.386,322456,125438,144001,114371,150129,121279,146431,124988,146348
"5602",339.25275,3.248,126780,17112,6367,1703,1559,0,13991,19956,15508
"5603",339.30148,8.12,10039384,457476,415683,5857,5400,4601,2431,2390,3065
"5604",339.30154,8.206,4801592,211470,220531,3171,4468,2720,3589,2390,3065
"5605",339.30182,7.982,1187740,36624,34843,2449,2823,4654,3082,0,2844
"5606",339.30255,7.258,358914,74065,82279,2127,66303,74462,61888,52708,65217
"5607",339.90472,11.664,602567,714028,707032,663292,396121,453751,463842,347810,356641
"5608",340.00873,1.38,0,0,0,0,0,0,88787,115368,108237
"5609",340.06888,3.499,79568,0,7122,0,0,0,0,0,0
"5610",340.10062,1.655,0,0,0,0,0,0,93797,94459,73405
"5611",340.10092,1.387,0,0,0,0,0,0,65818,49094,53467
"5612",340.1355,2.163,0,0,0,0,0,0,57148,70342,62293
"5613",340.1893,7.741,316493,56367,199877,4173,3968,10053,6708,10040,12878
"5614",340.18939,7.593,283513,100104,288374,8745,26475,18770,3010,4418,8813
"5615",340.18967,4.808,298912,2817,1360,3362,3497,0,0,0,0
"5616",340.20486,3.511,1029176,65555,84833,38384,31654,38007,5369,5686,1336
"5617",340.21085,5.12,488644,1780,1767,1360,0,1299,1920,1915,2180
"5618",340.21295,4.677,343336,1508,5603,1812,0,1567,3282,0,2091
"5619",340.21304,5.441,275680,1894,2234,0,0,2381,2276,4821,5788
"5620",340.2337,3.915,99510,152132,85614,143411,85923,136038,196254,179595,145550
"5621",340.26056,3.513,439624544,39894092,41648836,9305,3785,0,15611152,16955696,13537722
"5622",340.2608,2.539,236184,218441,218108,151422,226405,201735,225199,220939,229799
"5623",340.2854,8.017,1038102,36874,11043,0,0,8991,47747,48572,29854
"5624",340.28571,9.943,275598,0,3567,0,0,3298,2596,2804,0
"5625",340.28619,7.236,0,0,0,0,0,1640,36581,29528,34686
"5626",340.31595,3.515,776514,76052,65116,0,0,0,12673,0,8000
"5627",340.75208,4.296,111450,10795,7062,0,0,0,0,0,0
"5628",340.8389,0.462,0,3376,4462,2363,3092,8533,9200,25630,36892
"5629",340.89938,0.536,5388,25811,52817,48200,112149,73715,10001,8396,0
"5630",340.91626,0.416,0,0,0,0,0,0,65981,91068,104948
"5631",340.93259,0.465,385086,354017,399498,298073,366809,332329,308769,354077,245499
"5632",340.93311,11.645,645737,689850,717967,709219,575557,889438,725708,691475,617456
"5633",341.05139,0.569,0,0,0,0,0,0,433383,507964,486764
"5634",341.08734,2.034,0,0,0,0,0,0,56786,62871,72971
"5635",341.15695,2.067,2139,0,0,1445,0,1444,43121,54037,48321
"5636",341.18207,2.314,41273,31324,33464,28733,28629,33025,30338,35309,53817
"5637",341.20721,7.708,0,0,2235,1416,2076,2145,361358,351031,308431
"5638",341.21249,5.262,8841,0,0,0,0,0,140918,127416,103927
"5639",341.24487,3.649,366805,363798,285044,1509,3088,8663,7333,6433,5862
"5640",341.26712,9.017,509567,348452,274989,275542,279397,294451,343745,410710,264566
"5641",341.26868,8.87,165902,166915,69215,185223,180500,99938,174080,76768,155946
"5642",341.31686,7.545,4152139,168538,142110,0,0,0,2357,0,0
"5643",341.31696,9.631,445566,42772,29163,0,0,0,0,4207,0
"5644",341.31702,7.691,4875839,286937,236539,0,0,1559,0,2113,0
"5645",341.31711,6.887,356460,24057,23770,0,0,0,0,0,0
"5646",341.31711,7.893,2996677,146312,113459,0,0,0,0,0,0
"5647",341.31723,8.046,982819,50156,44034,0,0,0,0,0,0
"5648",341.31726,6.943,352126,30516,29677,0,0,0,0,0,0
"5649",341.31729,7.054,205546,16129,18537,0,0,0,0,0,0
"5650",341.90497,11.658,3532091,3821160,3449631,3327982,3460013,3366502,2998464,3599693,3703170
"5651",341.93323,0.826,0,0,0,0,0,0,61587,93750,116845
"5652",342.11679,1.376,0,0,1883,0,0,0,154859,171423,128463
"5653",342.13974,0.554,0,0,0,0,0,0,3206738,3358288,3146148
"5654",342.14011,0.48,0,0,0,0,0,0,445548,481221,428708
"5655",342.15308,1.685,0,0,0,0,0,0,283938,288372,278732
"5656",342.15552,1.791,0,0,0,0,0,0,163228,179740,152383
"5657",342.16891,8.324,117555,100396,109260,96318,89613,88555,89085,76359,104090
"5658",342.20526,5.588,180503,0,0,0,0,0,3919,0,0
"5659",342.20538,5.701,177520,1709,0,0,0,0,3919,2338,0
"5660",342.20807,7.82,28012,67734,77454,71023,72821,72090,91990,90553,92669
"5661",342.21295,3.23,118496,117252,113896,114194,97473,115889,106098,96925,127031
"5662",342.22867,4.712,231068,17430,14339,4107,2376,3253,4597,5082,3602
"5663",342.22876,5.761,74132,11567,8171,6228,8325,12283,342869,316807,321384
"5664",342.22879,4.835,857897,18265,28885,6683,2955,1380,17662,8857,7080
"5665",342.229,8.55,140039,7356,3041,2363,2325,4631,3442,5715,7629
"5666",342.22906,5.587,169632,82059,84508,72032,67491,81652,81081,98292,83987
"5667",342.25833,3.14,297590,69873,80993,72355,57519,61124,60349,54816,22013
"5668",342.26462,3.989,74507,198958,196921,71169,183738,198479,216759,208630,227015
"5669",342.2648,7.245,370656,35926,16494,7980,14402,9834,22683,10196,23658
"5670",342.26489,6.544,3466395,148295,168924,4952,7113,6685,5817,15017,25044
"5671",342.26492,6.701,3074228,138169,156100,2432,6254,4006,44641,34758,31771
"5672",342.3205,7.814,392005,6740,2441,0,0,0,0,0,0
"5673",342.75006,3.386,87341,9472,9703,0,0,0,0,0,0
"5674",342.84338,0.451,84180,93279,68876,110912,84709,83913,101504,33919,32719
"5675",342.84415,0.791,51949,147212,151921,130386,158722,152985,17723,4062,26436
"5676",342.86096,0.474,0,0,1965,2709,3164,2270,2133180,2443420,2578834
"5677",342.98923,0.505,0,0,0,0,0,0,131889,130532,103905
"5678",343.07904,1.983,0,0,0,0,0,0,30329,30862,30773
"5679",343.12399,0.554,12669,4054,32852,1248,2311,4324,21362326,21605024,22039130
"5680",343.12552,1.807,3890,7668,4018,1603,2635,4978,86085,114342,97028
"5681",343.13205,6.579,52968,75126,77437,65822,79674,71419,96024,87467,92757
"5682",343.13217,11.64,257620,313990,283552,247257,380570,206248,343623,252826,299638
"5683",343.13232,8.292,1139530,2036322,1857256,2059998,1869738,2042840,2448486,2019701,2077353
"5684",343.13654,1.731,0,0,0,0,0,0,77827,92217,84425
"5685",343.13702,2.172,0,0,0,0,0,0,290984,303342,195803
"5686",343.15012,8.41,773011,716673,733140,776398,743030,800780,746283,779898,842921
"5687",343.15408,8.071,1658734,1301909,1288143,764493,886611,895000,2437535,2949139,2807720
"5688",343.15421,7.824,133790,82674,69507,48124,52843,59368,296757,354303,367034
"5689",343.15454,8.01,1300380,801490,768771,516516,484854,510216,2407354,3321896,3145489
"5690",343.1629,7.748,245185,219733,234818,239947,219510,235558,229387,216572,225822
"5691",343.17557,2.441,2032,0,1576,0,0,0,131232,149376,136703
"5692",343.18854,5.572,1440041,1237310,1330458,1269176,1270823,1281379,1484027,1611187,1574296
"5693",343.21252,4.394,3938,0,1356,2210,1351,1109,87945,100684,85893
"5694",343.22305,10.186,31234,25619,32164,40478,29745,29964,36611,41811,36317
"5695",343.26022,3.708,272274,447219,647778,0,0,0,0,0,0
"5696",343.29605,5.634,11760565,10158752,11032501,10704961,10358584,10765915,11574272,11528433,12274220
"5697",343.29633,6.794,502321,114473,134725,76703,80974,59583,160705,42289,46966
"5698",343.29669,6.029,639929,91679,77063,194717,327596,113604,235260,116714,180118
"5699",343.29672,7.264,1724579,136749,120350,34886,57197,36301,92150,43548,51657
"5700",343.30594,3.517,379112,43905,31229,0,0,0,6630,17799,4571
"5701",343.33249,7.145,5405756,572356,553459,0,1797,0,0,0,0
"5702",343.33255,7.301,4857850,375567,366271,0,0,0,6031,1917,0
"5703",343.33258,7.366,9018194,880806,949604,0,0,0,6031,1917,0
"5704",343.33258,8.118,7781490,447924,478870,0,0,0,0,0,0
"5705",343.33267,7.988,627938,31859,26439,0,0,0,0,0,1863
"5706",343.33276,8.206,5999212,342692,329515,0,0,0,0,0,0
"5707",343.33279,7.488,1918402,162458,165552,0,0,0,0,2226,0
"5708",343.33969,5.633,48409,30458,49471,50151,47106,41005,84615,76587,90955
"5709",343.94437,0.593,0,0,0,0,0,0,82887,95368,31905
"5710",343.94476,0.661,0,0,0,0,0,0,304990,375341,115684
"5711",344.00677,1.823,0,0,0,0,0,0,193035,228620,218624
"5712",344.09225,0.588,0,0,0,0,0,0,136448,88754,129630
"5713",344.10559,7.602,57326,84190,96728,89216,76778,81171,92937,80339,75243
"5714",344.134,0.814,0,0,0,0,0,0,246294,259150,242532
"5715",344.13434,1.922,0,0,0,0,0,0,117965,111740,103020
"5716",344.13437,2.239,0,0,0,0,0,0,12291385,12833506,11590771
"5717",344.14981,4.14,0,0,0,0,0,0,811262,791914,696674
"5718",344.15063,3.04,0,0,0,0,0,1172,29249,38175,35827
"5719",344.1861,8.186,786401,1079431,1084086,1076847,923254,1115459,1391996,1337023,1284271
"5720",344.22412,8.381,439151,405343,455712,382745,393526,373155,462696,399898,431978
"5721",344.22897,2.309,6267020,5010988,5156550,4850202,4870666,4897058,5665907,5539504,5538630
"5722",344.24445,6.362,1543270,68723,76292,12158,4477,4481,8122,11867,8072
"5723",344.24451,6.114,946466,55646,59866,13420,10962,5219,16994,6532,9315
"5724",344.24454,6.498,1382512,58733,48980,2060,15164,13959,16482,7173,14735
"5725",344.2449,5.427,587649,54628,51292,1702,2105,3881,99539,122102,75355
"5726",344.24493,5.131,920472,16183,21752,1587,1257,2479,6499,12864,9164
"5727",344.24496,5.041,1042838,25425,17285,2861,4389,2685,13078,9260,1984
"5728",344.245,4.701,773526,16525,28853,15198,18608,9945,46714,54340,49485
"5729",344.24512,4.594,402364,13066,10943,1657,18608,9945,10880,9104,20721
"5730",344.24515,5.242,573604,45792,55089,11240,4003,13577,31783,42321,36679
"5731",344.24518,6.634,444013,3967,1781,2536,3385,10611,8799,23820,12291
"5732",344.24557,4.511,265108,2122,3286,1657,1322,0,2740,2224,9766
"5733",344.25714,8.045,257754,0,4005,0,0,0,283742,288326,274202
"5734",344.31696,7.102,254649,30920,79537,52647,50861,75509,60697,63738,89591
"5735",344.85922,0.474,0,0,0,0,0,0,499959,524542,577611
"5736",344.8757,11.658,257022,403115,466733,364854,339897,299967,313399,298440,299801
"5737",345.05893,0.836,0,0,0,0,0,0,406782,467843,429491
"5738",345.07605,0.516,0,0,0,0,0,0,507522,445877,264970
"5739",345.09509,1.829,0,0,0,0,0,0,115913,127866,147382
"5740",345.13388,2.669,0,0,0,0,0,0,630708,650348,576676
"5741",345.14539,1.209,0,0,0,0,0,0,103782,112341,96076
"5742",345.14783,6.096,0,0,0,0,0,0,48780,55684,51883
"5743",345.15237,1.653,0,0,0,0,0,0,83070,89615,77401
"5744",345.1525,1.85,0,0,0,0,0,0,454824,422705,417309
"5745",345.16809,3.478,42828,48395,50176,45940,44974,47822,65117,55357,50328
"5746",345.20465,6.884,10482,20269,6389,4404,6288,5363,142160,142077,78338
"5747",345.20483,6.981,4077,4866,14542,12862,4024,8869,86492,83780,58913
"5748",345.22733,6.536,110320,142459,166333,140954,145566,129963,156337,146549,122590
"5749",345.23157,11.692,101031,62552,40469,111253,60669,37162,127500,45074,55774
"5750",345.24017,10.291,221183,142713,214565,189762,211340,198851,181967,257150,209204
"5751",345.25824,9.504,325593,398656,387344,368607,311811,357228,354282,424038,389363
"5752",345.27612,5.776,477777,6107,2435,0,0,0,0,0,0
"5753",345.31134,6.449,691853,4921,9566,0,0,0,0,0,0
"5754",345.31189,7.547,10701687,199266,51370,0,0,0,20388,18937,17796
"5755",345.31204,6.336,323508,0,2385,0,1368,0,0,0,0
"5756",345.31204,7.483,7103100,119854,83863,0,0,0,20388,18937,17796
"5757",345.31204,7.644,5379240,62595,31186,0,0,0,14968,9215,13227
"5758",345.31216,6.596,607564,8473,13044,0,0,0,0,0,0
"5759",345.31232,5.398,652588,18961,25943,0,0,0,0,0,0
"5760",345.34753,7.853,87114,2368,3815,0,0,0,0,0,0
"5761",345.34787,7.766,86398,2368,3815,0,0,0,0,0,0
"5762",345.70737,3.5,43973,54419,50189,45711,48031,45280,50365,52046,45489
"5763",345.89914,11.657,84869,160824,33641,148614,151955,103944,176038,141746,45887
"5764",346.05774,0.525,1808,2626,0,0,3055,0,247938,317888,253712
"5765",346.09048,2.686,0,0,0,0,0,0,59756,55175,49471
"5766",346.11267,0.594,0,0,0,0,0,0,121599,159348,130689
"5767",346.11365,1.065,0,0,0,0,0,0,776457,816519,760758
"5768",346.15048,2.094,0,0,0,0,0,0,144400,148231,135647
"5769",346.16544,7.028,88092,75323,57736,49269,50874,52293,503729,772219,702985
"5770",346.17148,0.577,0,0,0,0,0,0,250385,237134,191009
"5771",346.17892,5.923,139517,6571,2221,2345,2290,3831,2141,1849,11726
"5772",346.17978,6.75,78120,2927,2083,2060,0,1721,3035,4061,2221
"5773",346.22369,4.392,1180214,76243,78845,37128,29287,4397,84947,95282,84394
"5774",346.22372,3.158,51547,65711,66560,52569,64949,62951,67237,81626,66991
"5775",346.25952,4.688,508880,10153,14730,6797,4545,4368,4730475,5198120,4711294
"5776",346.25955,4.854,311162,2198,7672,1901,3353,4938,562754,642183,520917
"5777",346.25961,3.842,323946,301825,277168,342655,180755,242437,260065,326325,404102
"5778",346.25967,4.396,370362,18767,23673,2223,5463,1908,143745,198808,93834
"5779",346.26007,5.967,447248,29934,13823,2643,9290,6305,19236,8461,5693
"5780",346.26022,5.818,532836,17762,15381,7213,1718,6935,10446,4719,6555
"5781",346.26028,4.13,253149,15492,18879,14670,1968,4152,12745,1835,7117
"5782",346.27286,8.482,2327130,82762,63372,0,0,0,0,0,0
"5783",346.27301,8.829,602968,5958,0,0,0,0,0,0,0
"5784",346.27304,8.395,981103,8176,63372,0,0,0,0,0,0
"5785",346.2731,8.723,681323,13740,6962,0,0,0,0,0,137696
"5786",346.27325,8.621,128870,18710,6415,0,0,0,133733,138332,137696
"5787",346.27359,7.729,350555,29383,18320,0,0,0,0,0,0
"5788",346.27365,7.839,147298,2997,2429,0,0,0,0,0,0
"5789",347.07486,7.156,25923,45494,47597,42160,43580,43103,48257,32939,39611
"5790",347.08545,0.528,0,0,0,0,0,0,757787,752962,725194
"5791",347.09445,0.809,0,0,0,0,0,0,52798,50520,47583
"5792",347.13156,1.827,0,0,0,0,0,0,156812,162689,140560
"5793",347.16251,7.154,247623,405707,324701,373719,377024,354841,397552,356846,388578
"5794",347.1626,5.671,0,0,2190,0,0,0,90071,96561,89668
"5795",347.16266,7.443,443153,588214,578096,597275,676870,609247,660092,609179,637077
"5796",347.16275,7.334,772373,1007663,915877,967738,916525,969779,972769,883697,916921
"5797",347.16281,5.754,0,0,2190,0,0,0,91410,61649,96516
"5798",347.16306,7.253,874503,1019658,969190,560631,998319,1005057,969379,876324,966252
"5799",347.16357,4.802,0,0,0,0,0,0,52120,52289,32794
"5800",347.18423,5.375,4210,5908,1877,1763,1547,4101,97737,96174,91975
"5801",347.21902,5.915,27315,23326,28829,19012,37357,44884,51100,41546,87082
"5802",347.23166,4.562,1197014,1432993,1989216,27511,24804,27508,39037,51874,55580
"5803",347.2919,5.911,135399,0,0,0,0,0,3826,0,0
"5804",347.29306,8.563,197537,29317,91700,0,0,2223,0,5471,2340
"5805",347.31583,10.037,613665,500533,610794,674683,494748,692344,521367,737087,983281
"5806",347.31607,9.844,270859,285897,213076,293118,200623,264152,240039,311706,261069
"5807",347.32776,6.288,432402,3874,17073,0,0,0,0,0,0
"5808",348.02316,0.538,1746,0,1981,0,1319,0,30602,52906,98177
"5809",348.1297,1.614,0,0,0,0,0,0,171230,188378,183219
"5810",348.12973,1.121,0,0,0,0,0,0,162064,189456,160557
"5811",348.19437,6.653,1061323,20299,23418,0,1853,2276,2901,0,1825
"5812",348.19449,5.502,687299,22517,42996,2058,0,2553,0,1931,1854
"5813",348.19449,6.455,470006,35522,41378,1975,4015,1580,0,3998,4901
"5814",348.19452,6.836,695589,26551,20429,0,0,1988,1583,2147,0
"5815",348.19473,5.369,694909,36232,40170,2058,0,1554,2606,6204,4351
"5816",348.20193,2.036,0,0,0,0,0,0,188462,222815,318797
"5817",348.20279,4.409,2105,2471,25717,3779,4105,19969,24624,72433,16314
"5818",348.21539,6.273,3000987,71062,64101,2822,0,3849,2698,3451,1528
"5819",348.21539,6.713,1054634,102773,93524,94176,106188,94888,127195,108584,98055
"5820",348.21542,5.663,842542,19364,38918,1629,1599,0,0,0,2350
"5821",348.21542,6.573,4778631,103011,69054,12084,10073,22009,23888,33367,24297
"5822",348.21545,5.582,2049488,58179,58125,2364,4254,5094,7287,7857,2350
"5823",348.21545,6.108,858808,5400,15921,2252,0,1932,2267,1887,2744
"5824",348.21548,6.175,1045819,33052,32529,2822,0,1932,0,2274,2052
"5825",348.21561,5.429,4611251,135728,151039,6030,10920,6013,3124,6351,11781
"5826",348.21564,6.402,4001895,94643,74083,4538,2077,3547,7541,2480,6784
"5827",348.21579,5.292,757031,70574,91829,3290,4402,1853,0,2422,2887
"5828",348.21588,8.55,836768,32785,20856,0,0,0,0,2372,0
"5829",348.23816,3.405,98397,145186,126479,128518,126728,120354,135465,144694,112858
"5830",348.23846,3.095,1184809,1208043,1146386,1104954,1144941,1190313,1206357,1205388,1237845
"5831",348.25793,3.452,1144752,22395,47927,0,0,0,2153,6807,5636
"5832",348.27487,2.81,0,0,0,0,0,0,81626,82775,72715
"5833",348.27505,4.986,202323,92258,92632,45715,78505,81198,1210085,1280660,1163225
"5834",348.2883,8.08,1959778,180281,207948,0,0,0,0,0,0
"5835",348.2883,8.988,1717336,74190,71901,0,0,0,2588,2773,0
"5836",348.28833,8.179,3475544,353532,367245,2607,0,0,0,0,0
"5837",348.28836,7.975,1758434,168915,188494,0,0,0,0,0,0
"5838",348.28836,9.06,1792330,86402,66898,0,0,0,0,0,0
"5839",348.72299,3.278,167136,172718,176864,153749,168744,162714,168018,172249,181947
"5840",348.75024,3.701,308633,13919,8274,0,0,0,0,0,0
"5841",348.88937,0.54,98537,137475,151881,161356,113214,163136,0,0,16795
"5842",348.99103,0.472,153881,154655,168305,113708,121929,123981,31386,30209,13840
"5843",348.9913,6.305,43450,89996,97743,94749,95332,80905,92780,107798,49104
"5844",349.06119,7.602,48098,94342,83468,98220,91628,89936,117211,109701,115807
"5845",349.08487,5.525,71099,94637,96280,92100,95261,102963,74470,79675,81857
"5846",349.08963,2.308,0,0,0,0,0,0,1532326,1677875,1792463
"5847",349.08972,2.239,0,0,0,0,0,0,2336014,2379702,1985587
"5848",349.11108,0.81,0,0,0,0,0,0,118564,151700,91608
"5849",349.1207,7.828,145319,230350,236032,242121,219892,210524,308304,269539,255241
"5850",349.14154,5.893,91869,109220,124439,117914,118144,96711,141306,180778,209090
"5851",349.17825,8.573,940892,913884,1035068,1032706,974098,1105194,1127594,969695,994978
"5852",349.17859,8.382,3535816,3614080,3701910,3495466,3626175,3825462,3749002,3593128,3731480
"5853",349.17883,8.254,197357,228660,227671,220719,208765,234566,191084,175695,200146
"5854",349.18301,11.639,151498,190755,206417,140386,167724,178788,119119,174216,222861
"5855",349.18872,4.152,72527,49731,57884,1500,0,0,6617,5889,8725
"5856",349.18893,4.216,70724,46309,71649,1500,0,0,6617,2561,10501
"5857",349.19876,7.005,49888,16801,12652,8138,14588,18237,252713,219393,237041
"5858",349.19955,4.846,25230,9598,17609,15606,13997,10891,177641,317352,148232
"5859",349.24765,3.152,123836,232206,34601,205670,8431,6169,208357,214271,18137
"5860",349.2659,2.914,1022861,129168,136651,0,0,0,106639,126297,90234
"5861",349.75729,3.567,122674,16152,17514,0,0,0,0,1692,0
"5862",349.89243,0.469,43764,78231,83305,75554,82622,73022,27784,19697,30845
"5863",349.94785,0.518,0,0,0,0,0,0,65988,53099,42708
"5864",350.11584,11.641,233948,171141,219210,277288,200960,26229,111497,122880,17810
"5865",350.12119,1.425,0,0,0,0,0,0,309169,340422,345888
"5866",350.20996,5.898,3606286,143449,163120,0,0,0,2185,0,0
"5867",350.20999,7.137,17451470,928876,752968,0,0,0,64952,36839,17133
"5868",350.20999,7.213,10676227,898648,848960,0,0,0,27199,36839,17133
"5869",350.20999,7.269,9165833,585815,586139,0,0,0,0,0,0
"5870",350.21014,7.366,3474097,289384,275185,0,0,0,0,0,0
"5871",350.21017,5.701,2070494,124516,155288,0,0,0,0,0,0
"5872",350.21021,6.052,3017626,194275,217952,0,0,0,1981,0,12712
"5873",350.21027,6.799,3799998,357511,320315,0,0,0,0,2167,0
"5874",350.21045,4.985,537265,23557,37050,1713,1584,1663,0,2070,0
"5875",350.21048,5.078,485242,37404,45637,10810,1584,11486,9528,15261,2364
"5876",350.21808,2.867,0,0,1465,0,0,0,409713,414745,393655
"5877",350.21811,2.954,0,0,1465,0,1118,0,57296,71334,64891
"5878",350.2309,6.893,4069278,43283,5376,0,0,0,0,0,0
"5879",350.23102,6.244,10571867,288284,185111,0,0,0,0,0,0
"5880",350.23102,6.35,4125619,90540,76365,0,0,0,0,0,0
"5881",350.23102,6.455,3688899,39136,12183,0,0,0,0,0,0
"5882",350.23114,4.751,772725,47036,65523,0,0,0,0,0,0
"5883",350.2312,4.948,1122209,84212,65638,0,0,0,0,0,0
"5884",350.2312,5.794,6303568,167735,197600,0,0,0,0,0,0
"5885",350.2312,6.806,1165207,7359,1678,0,0,0,0,0,0
"5886",350.23126,4.835,1421825,65335,57217,0,0,0,0,0,0
"5887",350.23138,4.531,2336286,140247,93772,0,0,0,0,0,0
"5888",350.23187,8.038,220927,44531,92114,0,3744,0,0,0,0
"5889",350.26703,8.02,584349,0,0,0,0,0,0,0,0
"5890",350.26721,7.638,2180715,173868,382443,0,0,0,0,0,0
"5891",350.26724,7.289,1061508,109434,186157,0,0,0,0,0,0
"5892",350.26736,7.377,6472010,598019,1105920,0,0,42329,0,0,0
"5893",350.26743,7.495,10414752,974286,1855437,0,0,0,0,0,0
"5894",350.26746,9.631,474306,34343,37414,0,0,0,0,8191,0
"5895",350.26749,7.945,599458,0,0,0,0,0,0,0,0
"5896",350.29483,9.338,87312,101169,116283,73580,82626,120676,77832,80635,92198
"5897",350.32681,9.072,811146,413983,467969,442702,679713,749290,237748,402914,378488
"5898",350.32706,10.115,315750,252640,501182,574520,186056,278970,387559,198760,467707
"5899",350.32739,8.958,192709,501342,618590,313111,197889,264250,592143,433051,589494
"5900",350.32742,9.546,2919117,2302370,2349876,2021474,1820021,1854086,2170020,2422062,1874086
"5901",350.32745,9.412,3757274,3927209,4411403,4154536,3648424,4067364,3674616,3616937,6425504
"5902",350.59598,3.464,52186,11087,18202,0,0,0,0,0,0
"5903",350.89307,4.793,42419,35897,54898,30669,36520,42030,23089,71337,39221
"5904",350.89319,11.652,3658396,4149976,3908658,3631264,3895096,3351964,3418226,3956387,3796918
"5905",350.98849,6.315,43316,96942,90681,89780,84385,77879,120328,99226,101572
"5906",351.06134,0.583,0,0,0,0,0,0,164520,156259,169634
"5907",351.07077,1.846,0,0,0,0,0,0,118235,111578,130417
"5908",351.07114,2.241,0,0,0,0,0,0,107810,111245,98335
"5909",351.09964,8.186,11188224,15324198,17346276,15820271,15094311,17365586,12832303,12282043,17306006
"5910",351.09995,8.316,1484562,406854,722574,730650,1805634,777600,3078758,4088379,722542
"5911",351.10022,8.936,428127,456661,513318,340574,330628,502438,439756,321647,592879
"5912",351.10043,9.526,225773,266299,241726,158809,122792,255813,236361,257260,174356
"5913",351.10062,8.6,888736,688531,445728,839008,1049076,958489,1147757,452259,639416
"5914",351.12592,0.581,0,0,0,0,0,0,702559,686612,661745
"5915",351.13702,6.946,583035,573404,572268,556026,593550,553154,546726,580713,521142
"5916",351.13705,6.769,594208,618018,618839,592875,612980,603799,599652,552970,554454
"5917",351.13727,7.068,241750,366346,155387,371213,396014,392305,368187,29023,351291
"5918",351.15723,5.838,666223,647618,774581,687036,698300,728990,1312267,896750,984979
"5919",351.15744,7.145,19626,189344,199275,202076,208962,193964,228078,229401,218608
"5920",351.1575,6.593,191237,287052,285451,286912,316225,286573,340392,307223,268845
"5921",351.15753,4.091,1295,1380,3019,1091,3869,1311,5345,704172,7738
"5922",351.15762,5.784,419372,473258,509440,530589,512699,487616,1466799,634425,626100
"5923",351.1579,6.228,321914,240204,244353,232882,230491,233857,298914,264335,225826
"5924",351.1579,6.011,302556,242085,316647,258559,248829,261551,268145,288689,298181
"5925",351.1582,5.279,134301,131673,179127,134811,139423,160808,126445,131543,93094
"5926",351.15826,6.127,167475,227046,211235,202531,220471,221708,290564,324286,290583
"5927",351.17847,3.57,30738,13923,23714,17986,9093,30285,160072,234534,48649
"5928",351.19394,7.536,10119,182229,177562,186428,219135,98276,188889,192084,208998
"5929",351.21457,4.866,46384,32968,85972,53166,66152,64267,797175,883853,792615
"5930",351.21478,4.712,9945,8337,21748,13566,22995,12290,2309146,2536874,2201688
"5931",351.215,5.039,44197,44441,33171,58825,50379,69164,2156527,2350400,2086770
"5932",351.21518,4.392,20223,40772,56610,42314,53935,24421,170923,323418,276235
"5933",351.22623,3.356,61244,58169,91167,2820,1852,7884,3892,5712,3039
"5934",351.23438,5.973,1227530,21266,22769,0,0,0,0,0,0
"5935",351.23444,5.862,851182,16510,16897,0,0,1968,0,0,0
"5936",351.25116,3.513,14339676,1343516,1369088,0,0,0,487111,484771,392170
"5937",351.25217,3.862,68540,14916,12081,0,0,0,0,0,1837
"5938",351.25351,5.837,2057,1674,0,0,2016,0,219654,222445,216804
"5939",351.25357,5.775,2574,0,0,0,2016,0,192486,220394,196949
"5940",351.25363,6.704,0,0,0,3513,2152,0,402630,440290,368830
"5941",351.25375,6.765,0,1901,2053,0,0,1419,266821,260312,240302
"5942",351.25394,5.377,0,2214,0,0,0,0,125882,147698,125279
"5943",351.98953,0.47,0,0,0,0,0,1761,333569,342436,262440
"5944",352.04807,1.015,0,0,0,0,0,0,133732,132233,127465
"5945",352.09521,4.035,0,0,0,0,0,0,885075,779705,786410
"5946",352.117,3.268,0,0,0,0,0,0,70011,71116,62847
"5947",352.15341,8.044,122236,224649,269876,250629,134311,268637,265761,215817,273153
"5948",352.16086,2.549,0,0,0,0,0,0,339893,375308,326778
"5949",352.16116,1.789,0,0,0,0,0,0,86392,97110,79333
"5950",352.19751,2.306,0,0,0,0,0,0,117558,124139,113244
"5951",352.22559,7.324,4696140,113756,36646,0,1901,2174,5620,5518,5121
"5952",352.22565,7.524,36195152,989380,597617,5896,2732,7489,245402,208143,208403
"5953",352.22565,7.643,28019414,636227,254871,2293,6516,2239,250470,205702,211348
"5954",352.22574,5.396,5040542,364155,411523,0,0,1286,5620,6608,0
"5955",352.2258,6.701,2232578,111138,126734,0,1873,2232,2309,0,0
"5956",352.22586,5.536,6087677,401237,475208,0,0,0,2146,0,0
"5957",352.23352,3.975,0,0,0,0,0,0,81133,86855,71502
"5958",352.24655,8.43,502531,58975,198719,0,2538,0,0,2502,3325
"5959",352.24661,5.868,7942778,122580,113326,19992,13781,17095,44320,28558,28732
"5960",352.2467,5.769,9884132,54733,36939,1406,0,0,8488,34259,17758
"5961",352.24677,8.566,6073112,1059632,2853263,34012,36896,39117,157813,202390,189019
"5962",352.24683,8.718,2997204,566946,1366798,58387,62166,62085,160801,189081,157481
"5963",352.24689,4.362,9248043,596289,711914,0,0,0,10746,15552,2092
"5964",352.24728,5.274,1814436,70340,89675,0,0,0,2103,5543,0
"5965",352.30621,9.11,76907,107915,107815,103659,89384,118931,122172,111705,138201
"5966",352.30655,7.884,1725438,1018580,1064783,936940,952810,919708,961069,868055,1028852
"5967",352.32166,9.587,102973,4147,8614,2199,2616,3034,4585,5943,0
"5968",352.3219,6.929,217440,1805,5820,0,2161,0,0,0,0
"5969",352.32196,9.271,706268,132108,112195,82127,75729,63148,100516,122072,113825
"5970",352.32462,9.104,115629,2846,2336,0,0,2095,0,1991,4444
"5971",352.35776,11.102,385360,379524,393417,395411,358410,372115,411528,316135,353630
"5972",352.8139,0.473,0,0,0,0,0,0,66650,106334,154702
"5973",352.89844,0.468,419935,345463,390667,287486,366569,354640,123945,68123,60151
"5974",353.06497,1.731,0,0,0,0,0,0,42454,46673,40581
"5975",353.07901,7.029,779357,686041,598345,533877,591816,557775,2964894,4625068,4255394
"5976",353.08478,1.616,0,0,0,0,0,0,256921,254746,235876
"5977",353.08542,0.53,0,0,0,0,0,0,704211,827794,858812
"5978",353.08673,1.841,0,0,0,0,0,0,1500834,1670138,1642653
"5979",353.08716,2.16,0,0,0,0,0,0,415925,415763,359574
"5980",353.1207,2.193,0,0,0,0,0,1382,181719,198378,163062
"5981",353.12094,9.436,1054553,1308188,1158254,1319693,1069096,1200916,1048830,1316142,1249083
"5982",353.13467,1.954,0,0,0,0,0,0,181118,198250,220228
"5983",353.13522,2.075,0,0,0,0,0,0,153629,166924,157149
"5984",353.13922,8.498,1362288,1715143,1423968,1534509,1485661,1589019,1593888,1688397,1600630
"5985",353.1731,5.902,1236296,1233991,1284459,1302084,1275676,1290696,1290413,1324943,1284072
"5986",353.1731,6.648,395650,459073,440506,427381,449822,453306,452573,455064,416177
"5987",353.17313,6.421,441218,472282,490150,438544,474024,415256,481975,490476,486161
"5988",353.17343,6.74,5485910,5547956,5748544,5406970,6099621,5786670,6120049,5788439,5764906
"5989",353.17361,6.534,381578,436113,431836,412299,444299,435594,455195,436957,438196
"5990",353.2197,1.943,170012,148663,178646,163517,165517,184346,212135,176954,189649
"5991",353.22015,11.645,1080764,951087,832240,843198,852198,729021,1092477,925260,868512
"5992",353.2305,4.983,83506,50308,24565,19210,18636,16764,384149,410163,364060
"5993",353.26944,7.438,25799,2415,0,5212,3644,3963,255500,275373,255510
"5994",353.2814,5.288,67048,85200,120700,1284,0,0,0,0,0
"5995",353.28156,5.375,47848,99384,144535,1853,0,0,0,0,0
"5996",353.72501,4.399,67727,55985,52666,50762,57456,50510,50222,49588,25707
"5997",353.87515,0.528,212369,305877,366939,360468,339793,285396,16926,7711,11589
"5998",354.14023,0.505,0,0,0,0,0,0,46744,86239,20969
"5999",354.17606,0.585,0,0,0,0,0,0,285670,214679,261056
"6000",354.17657,4.678,49173,54270,61674,48284,46660,46958,49822,57995,48041
"6001",354.24161,6.292,3119553,282653,342836,1835,1946,1411,0,3336,1794
"6002",354.24228,6.066,285678,16118,17639,0,2005,0,0,0,0
"6003",354.26233,6.596,2753578,24973,43116,2076,2180,2533,4277,4167,0
"6004",354.26248,6.699,4457586,58058,50386,2076,1663,2533,6105,33291,2666
"6005",354.26285,5.2,973376,57338,60179,0,0,0,0,0,0
"6006",354.26297,5.361,1307524,105078,122690,0,0,0,0,0,0
"6007",354.26318,5.563,429044,37135,33456,0,0,0,26473,0,0
"6008",354.26367,5.125,162789,5860,5997,0,0,0,0,0,2275
"6009",354.26392,4.904,136830,0,0,0,0,0,0,0,0
"6010",354.28552,7.119,1224045,1136402,920297,996210,1064312,986262,993745,930211,1060168
"6011",354.33765,9.817,364972,82423,75145,55566,23680,60544,48005,54686,59170
"6012",354.88577,11.653,296329,361448,345874,294606,332183,174547,199740,285083,219022
"6013",354.93958,0.462,0,0,0,0,0,0,22489,27292,13141
"6014",355.05084,0.523,0,0,0,0,0,0,29949,41188,15980
"6015",355.10141,2.444,0,0,0,0,0,0,105475,109561,89859
"6016",355.10275,2.179,0,0,0,0,0,0,3513252,3643872,3515470
"6017",355.10275,2.233,0,0,0,0,0,0,3452176,3752191,2682825
"6018",355.10278,1.841,0,0,0,0,0,0,19081040,22183106,20869588
"6019",355.10294,1.082,0,0,0,0,0,0,415824,506114,442377
"6020",355.10315,1.323,0,0,0,0,0,0,292279,317436,302970
"6021",355.11615,3.564,66957,187973,41959,124947,58195,146403,136412,158542,211681
"6022",355.1167,2.625,2272,2267,1619,3049,3865,1881,391140,385242,352376
"6023",355.12732,3.98,1137,5415,0,4115,2329,1636,209420,234248,170801
"6024",355.1319,5.47,147460,220893,243076,243096,211443,241460,240214,222432,249848
"6025",355.13693,1.387,0,0,0,0,0,0,173231,162370,166034
"6026",355.15063,1.661,0,0,0,0,0,0,168014,162364,157743
"6027",355.15094,1.576,0,0,0,0,0,0,90963,115609,84392
"6028",355.1532,9.226,498721,462695,549092,481593,483129,432632,961272,470893,256825
"6029",355.16675,7.226,0,2825,2141,0,0,0,146432,142685,134505
"6030",355.17114,7.932,73537,83496,99081,89060,82815,87616,100962,92968,104715
"6031",355.17331,2.956,2015,0,0,0,1469,0,265326,261590,244661
"6032",355.1734,2.869,2015,0,0,0,1469,0,398092,424248,386266
"6033",355.20471,8.221,54785,0,4398,0,2631,0,0,0,0
"6034",355.22147,3.153,78228,66186,67254,57996,60237,64659,75820,61576,65870
"6035",355.22537,7.89,1207884,1109883,1088147,969672,992447,993323,1091736,1076078,1121558
"6036",355.24609,5.937,79254,71927,74993,65649,67092,64471,61810,67884,76254
"6037",355.24652,4.892,0,0,0,1710,0,0,38191,56826,36069
"6038",355.28299,9.549,439310,181441,206504,207164,104777,203377,213277,243314,139757
"6039",355.28326,9.388,315022,240200,387301,317561,254438,195732,506774,298776,235584
"6040",355.7634,3.042,58387,7551,10433,0,0,0,2415,2499,0
"6041",355.87735,11.8,263097,360430,212359,359989,194621,434537,198621,256495,58749
"6042",356.11847,0.585,0,0,0,0,0,0,161575,171778,148177
"6043",356.18497,5.12,181007,0,0,1387,0,0,0,2420,0
"6044",356.19229,0.587,0,0,0,0,0,0,683736,617415,583872
"6045",356.22308,8.544,362270,353955,368361,346423,360047,342225,377040,353924,202691
"6046",356.22357,8.683,189077,222192,229376,189123,205992,190534,186779,156954,216699
"6047",356.24417,5.141,60415,4142,2511,1554,0,1799,108404,124405,135935
"6048",356.24512,6.53,123503,27668,28937,7534,8002,13035,14480,2129,14890
"6049",356.25552,3.323,619447,78424,85958,1601,4629,3230,14183,16643,13596
"6050",356.26523,3.562,85358,107135,110754,88770,80544,138356,87278,144587,98247
"6051",356.28018,8.047,2319416,2208273,2232875,1856823,2101852,2123891,2615488,2118135,2629182
"6052",356.31619,8.29,159971,25339,30351,5428,2696,5077,5541,7769,16642
"6053",356.31732,9.724,166950,47998,30700,31496,30987,50540,20221,95574,34190
"6054",356.74707,3.567,89967,14637,15317,0,0,0,0,0,1807
"6055",356.90952,11.646,3137521,3225398,3125944,2883107,2839402,3223232,3319882,3482038,2899654
"6056",356.91022,6.04,242363,228960,516003,97892,97387,170834,433580,135618,120494
"6057",356.91025,0.47,2086027,1701968,2026877,1484942,1845025,1627284,943048,915105,729126
"6058",357.02493,0.616,0,0,0,0,0,0,53238,78622,90390
"6059",357.05753,0.593,0,0,0,0,0,0,168862,201136,81838
"6060",357.11584,2.519,0,0,0,0,0,0,65983,76622,71465
"6061",357.11777,2.347,0,0,0,0,0,0,96784,94622,75666
"6062",357.1467,11.64,1195298,1257527,1289739,1209576,1197078,1243422,1356070,1473158,1276558
"6063",357.1474,9.11,1427228,5891600,3956586,5022028,3379883,7409762,5491285,4556617,5837430
"6064",357.14746,9.407,3303008,3620307,984214,1507375,3977079,3779966,3831635,3272833,3819076
"6065",357.14807,9.172,1599301,1877253,3843862,1018727,3379883,7227407,5491286,2441352,3077374
"6066",357.17035,7.025,455790,373083,366672,357306,351690,328060,376343,314937,341799
"6067",357.18903,3.973,3169,1373,0,1435,1060,1202,803255,844762,793996
"6068",357.18909,4.048,1312,1373,0,1435,1060,1996,296957,309395,268873
"6069",357.20752,8.344,120208,112052,142202,98096,120857,114927,160388,173924,121527
"6070",357.23688,3.278,1184433,1139276,1098580,1040628,1105484,1030507,1043765,1068906,1005517
"6071",357.24994,0.472,0,0,0,0,0,0,152274,116166,119738
"6072",357.27545,5.421,153836,0,0,0,0,0,0,0,2014
"6073",357.27557,6.27,117505,0,0,0,0,0,0,0,0
"6074",357.27563,6.566,333509,0,0,0,0,0,0,0,0
"6075",357.27609,6.399,227487,0,0,0,0,0,0,0,0
"6076",357.31183,6.054,159258,1729,2460,0,0,0,0,0,3881
"6077",357.31192,7.212,1399018,59491,63755,0,0,0,0,0,0
"6078",357.31192,7.264,1294319,41605,32233,0,0,0,0,0,0
"6079",357.31216,6.794,257743,13595,8697,0,0,0,0,0,0
"6080",357.31247,5.899,161887,1732,2097,0,0,0,0,0,0
"6081",357.34888,8.161,97021,0,0,0,0,0,0,0,0
"6082",357.87909,11.663,149797,190540,181095,231721,71864,26572,46818,81606,116036
"6083",358.12274,0.514,0,0,0,0,0,0,133032,131347,82635
"6084",358.12689,1.682,1501,0,0,0,0,0,87193,87228,83624
"6085",358.1503,3.147,0,0,0,0,0,0,107251,95841,51741
"6086",358.15082,0.806,0,0,0,0,0,0,15830,47429,40397
"6087",358.17078,1.2,0,0,0,0,0,0,147201,152216,158911
"6088",358.17194,0.541,0,0,0,0,0,0,61179,89698,26078
"6089",358.20163,8.187,1394927,1492964,1556106,1573872,1436122,1434603,2001846,1513643,1809984
"6090",358.20273,8.373,70607,164205,195526,84051,57379,94045,262552,112457,351913
"6091",358.20798,11.702,78214,42508,40216,90274,88688,93808,116917,86961,60867
"6092",358.20816,2.322,814631,513199,540596,498727,503534,570562,659261,576858,607211
"6093",358.22348,4.835,135946,3098,7431,11807,16815,6771,6748,7219,6059
"6094",358.23468,2.43,239418,17265,20564,0,1427,0,0,0,1815
"6095",358.23819,8.379,72854,104355,99382,104887,98095,142671,149048,134891,176866
"6096",358.24304,2.779,39337,46347,43208,39609,35312,38862,44606,46619,38747
"6097",358.24448,2.609,114438,66093,56171,59773,58559,63823,69740,71160,67503
"6098",358.25974,7.036,217416,16327,7602,8970,18933,16024,12889,9587,111666
"6099",358.25986,6.498,293041,14462,11730,8175,2930,3746,2885,13349,6335
"6100",358.29553,9.116,260558,175871,253161,218430,228392,282808,229745,232916,279786
"6101",358.36984,7.568,89983,136465,120557,112636,122334,41435,167336,74601,112998
"6102",358.83481,0.474,1906,0,1901,0,0,2028,419981,518953,668334
"6103",358.92822,0.42,0,0,0,0,0,0,92013,112259,106541
"6104",359.10135,1.805,0,0,0,0,0,0,66564,57536,87108
"6105",359.10596,6.579,6176,56960,53687,61991,61389,58659,71749,65156,73049
"6106",359.10672,8.289,199631,323817,351642,340591,260179,164106,398037,441024,409629
"6107",359.10678,8.116,138949,256310,113315,174819,368455,234915,372077,282833,310247
"6108",359.11063,1.733,0,0,0,0,0,0,38024,46549,46912
"6109",359.12357,8.41,101588,111004,109467,102142,136963,123352,107467,117377,110953
"6110",359.12592,8.997,104288,132461,119969,106606,116966,116863,118424,117622,125006
"6111",359.13177,4.681,144435,149810,166108,145044,145272,146966,143526,142427,165365
"6112",359.14185,7.663,49859,74393,80806,80915,85432,84200,81581,78040,93731
"6113",359.17047,2.462,0,0,0,0,0,0,161295,174450,164866
"6114",359.17065,2.644,0,0,1693,0,0,0,402793,448839,413103
"6115",359.21738,10.186,22937,30319,32281,22855,20639,17506,38577,28377,31847
"6116",359.21884,7.085,29046,41762,40741,38729,39040,45018,49625,50746,48882
"6117",359.23523,3.512,1843324,196509,198936,0,0,0,60408,57343,48783
"6118",359.25513,3.423,183567,51154,45352,0,0,0,0,0,0
"6119",359.25549,3.185,73198,19699,21457,0,0,0,0,0,0
"6120",359.28006,4.414,0,0,0,0,0,0,36111,57115,32348
"6121",359.29132,5.973,276118,0,0,0,0,0,0,0,0
"6122",359.29144,6.243,549123,1962,2103,0,0,0,0,0,0
"6123",359.29163,6.893,304699,0,0,0,0,0,0,0,0
"6124",359.29175,6.523,274344,0,0,0,0,0,0,0,0
"6125",359.32721,6.336,221060,6027,11135,0,2382,1515,1719,2452,1855
"6126",359.32751,7.532,10244377,177725,91068,1323,0,0,24135,24153,18151
"6127",359.32755,6.59,496802,19005,12601,1849,0,0,0,1891,0
"6128",359.32764,6.455,494270,29345,22178,0,2382,0,1828,2135,1855
"6129",359.32782,5.391,622697,54890,85593,8109,6650,7428,15637,12276,10323
"6130",359.32797,5.54,523534,24703,33117,8582,4498,8511,4704,2139,3661
"6131",359.328,5.136,828802,818531,826748,768588,774843,806949,799272,820410,835911
"6132",359.3522,9.633,91501,168156,156904,156809,256812,277741,289576,284655,316164
"6133",359.81927,11.825,58789,106443,147271,83362,74973,120667,71795,26677,40655
"6134",359.87744,11.658,444461,465358,522500,389691,369075,394066,356113,500333,372253
"6135",359.89529,0.47,69504,61127,65120,57836,62474,59101,4681,0,0
"6136",360.12936,2.061,0,2071,1940,0,0,0,96028,120117,96969
"6137",360.12939,2.434,0,0,2509,0,0,0,157910,156701,147190
"6138",360.12955,2.179,0,0,1732,0,0,0,770199,848356,710154
"6139",360.15048,0.554,442857,429382,607367,364026,331387,330231,375377696,391575552,380305568
"6140",360.15067,1.863,133300,239780,219239,253022,311467,165183,276294,324230,245893
"6141",360.15076,0.784,510277,569144,905308,926979,445547,791143,2588186,2835928,2596790
"6142",360.18109,8.075,1027680,812110,772970,448537,455630,455736,1701854,1885966,1714845
"6143",360.18121,8.015,765549,506465,433418,327865,290418,358073,1480135,2033949,1844067
"6144",360.18149,7.82,30976,24094,21499,14235,14652,15310,126507,149642,145258
"6145",360.20288,4.462,338770,23580,21523,4160,7035,5170,14046,4684,15620
"6146",360.22266,0.553,0,0,0,0,0,0,345788,157902,104755
"6147",360.22314,2.127,232598,93322,112619,196486,96114,188916,170928,119451,140070
"6148",360.23853,4.605,22605,12922,5481,6514,3373,6858,203778,262626,213241
"6149",360.2388,4.403,50816,7351,5648,4899,1914,1456,113631,132097,86827
"6150",360.23932,4.797,223788,5088,60265,13408,4804,51161,91098,103336,9013
"6151",360.25201,6.129,0,0,0,0,0,0,192116,210617,208131
"6152",360.25223,6.209,148195,0,0,0,0,0,234456,276953,214317
"6153",360.27594,4.277,171652,107052,158671,79176,189932,134367,193060,223490,91540
"6154",360.33163,7.33,186890,0,0,0,0,0,0,0,0
"6155",360.36316,7.996,342178,195252,211357,267385,150251,208910,324316,311032,258828
"6156",360.36356,8.424,208136,147755,189784,441961,289015,175653,193441,166427,204620
"6157",361.04968,0.512,0,0,0,0,0,0,381270,333657,282733
"6158",361.09015,1.386,0,0,0,0,0,0,56345,67546,60763
"6159",361.09039,2.15,0,0,0,0,0,0,249887,295326,267485
"6160",361.10971,4.716,0,0,0,0,0,0,125788,124271,122771
"6161",361.11023,3.735,0,0,0,0,0,0,137728,129171,113468
"6162",361.11029,4.86,0,0,0,0,0,0,3330004,3853213,3706698
"6163",361.13852,1.427,0,0,0,0,0,0,166621,177212,146390
"6164",361.14105,5.716,11013,23572,25445,21235,25334,26001,33829,29390,39653
"6165",361.1781,6.882,3313,1930,2279,4341,2178,2894,52589,44427,23993
"6166",361.17838,8.712,188121,209653,159422,167694,238419,193131,249882,208843,240166
"6167",361.17865,8.535,172842,166916,182502,181332,180674,176515,172812,294152,172973
"6168",361.18048,3.991,0,0,0,0,0,0,41148,37476,25400
"6169",361.22186,8.307,206078,199143,174493,175163,157834,183836,278640,293739,230870
"6170",361.23499,9.919,350575,372238,385049,341660,367673,369563,361834,367869,381042
"6171",361.2356,10.292,251751,241404,272986,296052,324315,271286,278867,410431,259716
"6172",361.23569,8.699,343814,384701,408573,378353,364685,387561,422430,424428,417244
"6173",361.23593,8.853,231589,221846,211403,202877,227410,188204,262751,195950,258012
"6174",361.24753,4.914,74941,32392,51423,4856,4750,1407,0,4922,3275
"6175",361.30688,5.769,733433,0,0,0,1434,0,0,0,0
"6176",361.30707,5.868,277113,0,0,0,0,0,0,0,0
"6177",361.30725,8.563,665400,87511,288526,3811,3910,5484,0,0,0
"6178",361.30731,4.361,173017,2717,11379,0,0,0,1905,0,1537
"6179",361.30762,8.711,326499,57625,148372,0,0,0,4044,0,0
"6180",361.33176,10.539,349064,265954,146538,295631,152522,147398,304046,197608,291040
"6181",361.3429,6.288,306105,13362,17404,0,0,0,0,0,0
"6182",361.82132,0.782,410281,300599,484239,319996,537373,199094,461711,412451,333559
"6183",361.89059,0.47,1376942,1166859,1316865,1010506,1254304,1146843,317892,321524,236209
"6184",362.04977,2.805,59757,1834,0,0,0,0,0,0,0
"6185",362.09808,0.554,0,0,0,0,0,0,1326103,1300786,1279969
"6186",362.14542,1.92,0,0,1552,0,1500,1666,132056,145389,124820
"6187",362.16,7.021,0,0,0,0,0,0,20808,43713,32506
"6188",362.18173,5.12,61178,59485,63422,65123,63927,67183,60004,74905,74976
"6189",362.19522,4.671,240764,0,0,0,0,0,0,0,0
"6190",362.2171,4.697,60468,57753,111135,54807,85421,68720,146729,131733,309532
"6191",362.21805,4.403,16566,18368,16901,20648,25293,11488,52219,79284,54806
"6192",362.2464,8.488,637974,39862,22904,24421,39316,41974,29796,45400,48915
"6193",362.24741,8.58,195303,33043,17649,60455,41903,32135,43386,30369,61576
"6194",362.25394,3.501,423380,674857,667921,662098,662182,660494,787816,780398,730902
"6195",362.25427,3.737,124774,50701,62457,62769,58806,55522,762677,752141,708158
"6196",362.25488,3.609,627933,428360,408910,388452,407153,402213,559001,547589,519991
"6197",362.25507,4.775,237189,30989,22805,11723,6575,4219,13029,16390,2372
"6198",362.26782,7.859,493316,0,0,0,0,0,0,0,0
"6199",362.26785,8.044,706346,411791,423837,382573,416013,377155,442947,373738,482525
"6200",362.26855,6.69,106640,0,0,0,0,0,86552,60662,72582
"6201",362.84927,11.659,112457,164840,139576,235053,59804,141045,70435,55350,79083
"6202",362.92712,0.469,19888750,10931818,18271760,8698058,15343980,11187188,4089976,3231866,1699863
"6203",362.92715,9.144,175740,181705,71653,122285,141209,145960,149562,202780,342396
"6204",362.92752,7.168,40897,177734,120207,63236,60715,43440,175239,95985,103609
"6205",363.03363,0.618,0,0,0,0,0,0,85091,89354,65424
"6206",363.10571,3.15,0,0,0,0,0,0,109745,89137,33990
"6207",363.11862,2.466,0,0,0,0,0,0,57221,59392,53277
"6208",363.12604,5.326,0,0,1460,0,0,0,667471,721772,654552
"6209",363.12619,4.759,0,0,0,0,0,0,107580,102687,115705
"6210",363.13629,7.316,38200,80952,83149,36733,100855,95089,102519,89972,104627
"6211",363.15366,8.375,0,2730,0,0,0,2716,43283,48132,41340
"6212",363.17761,0.493,0,0,0,0,0,0,191360,133006,154955
"6213",363.20547,4.56,418201,516835,720638,3410,1830,1809,1267,1624,0
"6214",363.21439,5.947,0,4016,7749,3983,1762,2214,40443,54286,66588
"6215",363.22092,8.035,1748508,662088,568772,156678,150610,157364,234479,170590,223604
"6216",363.25146,9.116,156200,212754,158234,290450,252391,188910,284121,222758,256263
"6217",363.26221,3.78,150452,1531,13710,9966,9655,11520,81092,132038,29125
"6218",363.263,3.701,135989,12060,17182,1709,5497,5776,68058,132038,90177
"6219",363.28687,6.024,120691,0,0,0,0,0,0,0,0
"6220",363.31134,8.872,525265,568872,595763,535094,549761,457946,578105,580087,594869
"6221",363.3114,9.016,763089,918572,817634,743198,811716,806808,848676,875848,866508
"6222",363.32312,6.695,240301,0,0,0,0,0,0,0,0
"6223",363.32318,6.554,120596,0,0,0,0,0,0,0,0
"6224",363.8638,0.535,15737,23925,48562,54878,84103,57576,0,0,0
"6225",363.9646,0.524,0,0,0,0,0,0,77628,105804,43630
"6226",364.12204,0.476,0,0,0,0,0,0,359030,377100,276938
"6227",364.13742,1.797,0,0,0,0,0,0,750771,763377,671925
"6228",364.16061,0.908,0,0,0,0,0,0,153385,171159,146827
"6229",364.16077,1.451,0,0,0,0,0,0,1949697,2227693,1950328
"6230",364.18939,6.782,444132,1980,0,0,0,0,0,0,0
"6231",364.18942,6.27,1103289,19114,14729,0,0,1479,0,0,0
"6232",364.18945,6.102,428304,5985,2380,0,0,2571,0,0,0
"6233",364.18945,8.55,426574,9274,9032,0,0,0,0,0,0
"6234",364.18954,6.571,1844628,39454,31640,0,0,0,0,0,0
"6235",364.18958,5.582,796373,21733,13982,1964,1805,0,0,2103,2682
"6236",364.18964,5.434,2005096,60402,60839,4369,1805,2052,0,2103,18587
"6237",364.18964,6.403,1634764,50998,34257,0,0,1479,0,0,0
"6238",364.18973,5.663,422940,10886,7221,0,0,0,0,0,2682
"6239",364.18979,6.175,436141,9432,2372,0,0,0,0,0,0
"6240",364.19705,4.414,157918,36101,24447,18871,24199,1142,31528,47385,50404
"6241",364.21054,4.83,996711,1410,0,0,0,0,0,0,0
"6242",364.22702,3.315,213149,160981,165275,172765,159092,164624,190058,178635,184148
"6243",364.24573,11.639,186980,121841,110795,96933,126205,119338,230835,83426,169381
"6244",364.24673,6.905,906804,9003,17531,0,0,0,0,0,0
"6245",364.24683,6.703,4021450,133899,175908,0,0,0,0,0,0
"6246",364.24689,6.549,3538508,103345,127972,0,0,0,0,0,0
"6247",364.26227,7.97,477578,64783,54264,6010,2787,4741,8542,3117,9756
"6248",364.2623,8.991,285591,3813,6631,2319,0,0,13512,2561,2891
"6249",364.26242,9.053,333512,13238,6178,2319,17000,12348,13512,2561,2891
"6250",364.27036,5.657,192371,0,0,0,0,0,0,0,0
"6251",364.28317,8.371,1924168,12628,0,0,0,0,6871,2480,2583
"6252",364.28329,8.296,2030483,31075,0,0,0,0,6871,7497,2583
"6253",364.28336,6.195,609116,5157,10810,0,0,0,0,0,0
"6254",364.28348,7.233,142706,2500,0,0,0,0,0,0,0
"6255",364.28436,7.362,201198,0,0,0,0,0,0,0,0
"6256",364.28494,8.185,240483,41984,0,0,0,0,70576,66497,71730
"6257",364.30637,9.786,65687,117897,98817,123278,57292,141552,91280,87002,76733
"6258",364.34247,10.037,2566364,2252947,2393983,2884967,2082181,2812129,2642840,3052460,4171955
"6259",364.3425,9.916,2407499,2198763,2593880,2190109,2174963,2849982,2162013,2687526,2969989
"6260",364.34253,9.844,1623183,1968696,1878447,2045836,1462990,1830614,1510834,1883781,1840730
"6261",364.96481,0.466,6560,8266,11441,8108,7733,3973,75126,61456,105625
"6262",365.06412,2.239,0,0,0,0,0,0,943118,906067,706471
"6263",365.06412,2.308,0,0,0,0,0,0,571639,612481,613815
"6264",365.08484,1.985,0,0,0,0,0,0,273320,290682,280055
"6265",365.10541,2.958,84192,84804,64602,72160,54871,108104,449159,458820,525140
"6266",365.10571,11.677,36874,460568,134598,132246,149589,269685,175887,101228,201703
"6267",365.10577,0.548,334136,156588,534608,201818,327576,200029,214258800,214211792,206011824
"6268",365.10583,2.168,112902,109242,113013,50124,107483,84936,642233,715235,708684
"6269",365.10587,1.829,81317,48292,112690,54366,110369,156026,972184,1091545,926744
"6270",365.1059,1.378,119839,105097,106032,137035,81612,95853,751930,753661,755328
"6271",365.10657,0.461,357148,502369,414262,466233,377295,488692,298622,317006,273238
"6272",365.13577,2.83,0,0,0,1193,0,0,87614,92971,79377
"6273",365.13654,8.073,1952013,1959359,1982626,1350933,1298221,1257590,3677364,4459606,4336926
"6274",365.13669,8.012,2403376,1696089,1491351,985367,1127589,1080075,4865386,6243017,5961078
"6275",365.13678,7.825,340966,264705,250304,177275,184109,177623,1007623,1225104,1206353
"6276",365.15274,8.381,147184,175048,174934,161998,171855,183779,177226,184953,174998
"6277",365.17111,5.572,272504,310768,328717,332803,309306,304558,474688,512806,471074
"6278",365.17184,3.244,0,0,0,0,0,0,567945,603743,551015
"6279",365.17294,3.44,0,0,0,0,0,0,79067,77663,61185
"6280",365.173,7.041,1646768,1786127,1502778,1727456,1704322,1818323,1650191,1721399,1551033
"6281",365.17316,6.8,1590869,1577947,1476373,1456897,1529695,1508104,1639968,1436036,1451303
"6282",365.17325,7.177,1876491,2562371,2564263,2654385,2753533,2346722,2723243,2637404,2788431
"6283",365.17346,6.234,586788,551742,700311,470814,489044,595099,769061,759046,494707
"6284",365.17365,6.945,1834710,1751161,1744474,1746917,1795434,1807582,1929799,1677564,1696924
"6285",365.17401,6.049,100749,108081,89688,77091,169621,124642,179479,95312,108703
"6286",365.19409,4.405,49686,19509,27544,12751,12777,22843,122634,150683,241740
"6287",365.19431,4.604,45651,11578,25048,8009,10185,15246,235541,248493,218503
"6288",365.22989,5.771,0,0,2450,5223,2168,4066,185364,202272,122577
"6289",365.23083,6.127,3201,1953,1929,3635,1677,1369,152628,150121,108674
"6290",365.23212,5.323,4744,3700,4384,8826,1674,2342,59711,65836,56397
"6291",365.23276,5.249,2975,3881,1583,1594,2168,1668,86248,80445,77916
"6292",365.24185,3.098,772086,60528,46766,60682,45454,20889,57321,79352,50916
"6293",365.24231,3.708,248781,425484,635024,1151,0,0,0,0,0
"6294",365.24255,3.955,389436,148873,130741,0,0,0,0,0,0
"6295",365.25076,6.423,179853,0,2679,0,0,0,0,0,0
"6296",365.26892,7.895,12613,1833,5487,2352,1975,3808,164883,170169,169215
"6297",365.27811,5.634,1400714,1423626,1521841,1536264,1524798,1544592,1872942,1918459,2009080
"6298",366.11963,8.28,0,6827,3442,2112,8736,2027,139687,140857,58672
"6299",366.13187,4.14,1200,0,0,0,0,0,633137,604901,573368
"6300",366.17673,3.444,8663,4694,7531,906,2107,10787,206596,211562,180782
"6301",366.17706,3.148,375784,332474,169494,148551,142179,169779,173890,152770,161613
"6302",366.20505,6.35,1662951,39873,44202,0,1556,0,1928,0,0
"6303",366.20511,5.669,1493209,50344,57035,0,0,0,0,0,0
"6304",366.20511,6.806,838436,4248,2160,0,0,0,0,1520,0
"6305",366.20529,6.887,2687542,18849,5815,0,0,0,6310,1520,0
"6306",366.20532,6.461,2484158,26508,4367,0,0,0,0,0,0
"6307",366.20544,6.242,4670744,136019,100835,0,1556,0,1928,0,0
"6308",366.20554,5.794,2496171,80873,79388,0,0,0,0,0,0
"6309",366.20578,5.602,1492867,43187,45488,0,0,0,0,0,0
"6310",366.21295,2.083,0,0,0,0,0,0,128985,148156,123751
"6311",366.2261,2.949,153192,0,3488,0,0,0,57279,0,48552
"6312",366.22641,6.362,566540,2014,0,0,0,0,3376,0,1418
"6313",366.22653,3.356,609898,19361,7316,0,0,0,0,0,0
"6314",366.22659,5.32,1952242,5475,32528,0,0,0,0,0,4533
"6315",366.22668,4.519,704180,7588,11873,0,0,0,2148,1688,1668
"6316",366.22678,4.706,1583330,31883,57415,1370,1443,1715,4399,10226,7521
"6317",366.22684,5.034,1153248,24755,40322,0,0,1584,2174,1830,0
"6318",366.24161,7.378,1131459,156613,286109,0,0,0,0,2928,0
"6319",366.24167,7.637,482445,43775,132555,0,0,0,0,0,2207
"6320",366.24176,7.495,1909495,273974,516075,0,2198,2069,0,2928,0
"6321",366.24191,7.845,131672,0,0,0,0,1759,0,0,0
"6322",366.25558,11.406,1750,0,0,1344,0,1268,72277,33586,41186
"6323",366.26236,6.244,1205810,41574,205847,0,0,0,0,0,0
"6324",366.26245,6.093,1179829,86296,155094,0,0,0,0,0,0
"6325",366.28561,5.928,41874,29797,27152,20188,32476,38985,28446,42336,44532
"6326",366.32138,7.872,21553,42065,43170,35162,39022,44513,37746,54959,59262
"6327",366.32251,8.462,3972649,1564679,1531918,1353834,1404289,1475354,1636700,1677521,1635998
"6328",366.32263,8.303,152702,139839,151431,139757,134152,149615,158699,160802,144231
"6329",366.86609,11.656,857947,990654,1108118,706886,898502,614584,683178,712468,774344
"6330",366.9617,0.468,14244,3940,7546,4414,13545,8887,115394,92593,132266
"6331",366.96179,6.315,5881,50750,44451,47586,24980,49204,33351,71356,41462
"6332",367.10059,1.903,0,0,0,0,0,0,394465,400995,357479
"6333",367.13638,2.128,0,0,0,0,0,0,181244,174034,175656
"6334",367.15012,1.827,0,0,0,0,0,0,2163298,2377253,2350556
"6335",367.15067,3.477,319226,398491,367451,394558,363913,385002,431995,434750,419956
"6336",367.15076,2.302,0,0,0,0,0,0,3531518,3561066,3209488
"6337",367.15369,8.679,2021254,89715,31641,16580,6234,7903,12585,33091,19869
"6338",367.18872,8.153,3036276,3344880,3486722,3456418,3429986,3648431,3442612,3311917,3471013
"6339",367.18909,4.712,0,0,0,0,0,0,152774,178690,121255
"6340",367.18979,7.217,270870,250452,284362,222063,455666,266370,516252,268910,248020
"6341",367.19012,5.755,146622,179454,204558,211400,207723,194364,226094,231107,271239
"6342",367.1918,5.139,53218,65944,77905,70235,75395,62979,128447,134930,136321
"6343",367.2099,3.737,2266,9477,11617,14735,8406,8379,1188361,733718,968438
"6344",367.21027,4.394,23493,24449,33424,16310,37102,27294,101375,182907,303261
"6345",367.23013,5.955,125314,0,0,0,0,0,0,0,0
"6346",367.26419,8.786,0,2748,2326,0,0,2232,194404,166373,128181
"6347",367.2644,11.405,1088,1877,3344,3495,1256,1459,173988,90335,98702
"6348",367.26883,4.452,316079,320720,349200,306752,278157,311881,280837,358412,316070
"6349",367.28543,9.787,113414,27526,5717,50929,1873,6894,45664,58719,40225
"6350",367.33325,9.059,144016,4552,9147,14811,11729,9017,5507,7496,8761
"6351",367.33325,6.319,93069,68879,93150,73314,82435,68698,86109,86673,83606
"6352",367.33344,8.985,206979,7356,20818,4840,11729,7425,7996,2717,6754
"6353",367.72308,3.571,29593,35019,41024,34803,24774,39436,43766,37266,35827
"6354",367.9635,0.47,0,0,0,0,0,0,150607,223125,208439
"6355",368.00421,0.589,0,0,0,0,0,0,422899,587136,429602
"6356",368.09567,1.065,0,0,0,0,0,0,85648,78799,82957
"6357",368.13235,1.955,0,0,0,0,0,0,42770,57715,40468
"6358",368.15524,0.583,0,0,0,0,0,0,75168,128576,111905
"6359",368.20349,5.967,78528,0,1731,1701,0,0,0,2610,0
"6360",368.22089,8.566,4096856,806647,2136534,35501,22754,20782,115205,143444,126015
"6361",368.22095,8.718,1755326,450957,1076935,43275,45244,35874,126618,140519,112042
"6362",368.22107,6.596,914172,16920,8403,1868,2408,2165,7496,0,4550
"6363",368.22125,6.991,661983,0,0,1838,0,0,0,0,0
"6364",368.22128,8.43,303526,36980,123898,0,0,0,2893,0,2275
"6365",368.22134,5.817,3589633,9209,30518,0,0,0,0,0,0
"6366",368.22137,4.364,2670891,204509,308134,0,0,0,12196,15183,18881
"6367",368.22806,2.189,0,0,0,0,0,0,39823,47299,29596
"6368",368.24161,6.029,2278759,12023,4382,1860,0,1781,2086,2401,1966
"6369",368.24188,3.589,508293,11221,12906,0,0,0,37102,0,0
"6370",368.2421,4.688,1142864,6633,1583,0,0,0,0,0,0
"6371",368.24216,4.113,539974,7316,2051,0,0,1343,0,0,0
"6372",368.26465,5.069,463207,429988,470111,431519,431294,421655,472270,459427,455131
"6373",368.31696,8.143,8172,9970,15040,29214,10853,23517,41597,60318,17129
"6374",368.31702,8.748,165492,7518,9877,2365,0,0,2163,2458,2231
"6375",368.31705,10.812,265874,0,2240,0,0,0,0,3489,4253
"6376",368.42563,9.417,673824,302099,495641,758862,232541,467649,180327,452051,811553
"6377",368.86539,11.654,2396588,2438832,2527891,2289467,2402974,2333754,2243679,2528411,2511509
"6378",368.87268,0.474,3730,2162,6325,4483,5724,5800,180164,155996,127492
"6379",368.89261,0.468,101477,67186,104014,60825,96099,76430,6948,2646,7709
"6380",369.08209,1.839,0,0,0,0,0,0,235396,197079,262178
"6381",369.08621,8.048,209801,146267,210714,219121,224109,203197,237857,212676,203001
"6382",369.09482,2.195,0,0,0,0,0,0,98891,71595,53736
"6383",369.1156,3.603,0,0,0,0,0,0,96902,102173,118491
"6384",369.116,0.91,0,0,0,0,0,0,230817,267062,235499
"6385",369.11627,1.449,0,0,0,0,0,0,3185070,3437310,3063871
"6386",369.11652,2.055,0,0,0,0,0,0,59778,55735,81471
"6387",369.11777,2.907,0,0,0,0,0,0,131109,134541,108167
"6388",369.11816,3.892,0,0,0,0,0,0,101952,112671,103948
"6389",369.11862,2.308,0,0,0,0,0,0,4709756,4856268,4761405
"6390",369.11868,2.702,0,0,0,0,0,0,1044476,1081786,852090
"6391",369.12582,8.699,158843,157174,157217,125246,143331,137822,145752,140563,157422
"6392",369.1265,8.807,190317,179654,229081,172645,207144,214193,235442,214179,193508
"6393",369.14767,6.735,583790,681098,683487,662298,735007,699199,641161,593911,646970
"6394",369.16629,2.248,0,0,0,0,0,0,376005,407100,371045
"6395",369.1669,2.118,0,0,0,0,0,0,503151,500924,478941
"6396",369.17007,9.031,122001,124380,139486,124248,127904,137575,145092,118745,131319
"6397",369.17041,6.001,459660,392450,530780,494378,516279,405518,505814,458791,462520
"6398",369.17068,7.408,38452,54142,50955,57526,70898,59889,40271,44242,38787
"6399",369.19116,2.576,0,0,0,0,0,0,153388,152899,135895
"6400",369.20004,10.184,381234,326376,344493,309568,348738,339266,353659,399295,360549
"6401",369.29828,9.845,201210,211311,205398,153248,188619,226190,179381,254936,203438
"6402",369.29858,10.036,288324,195925,278844,301195,258831,297482,189903,318242,380666
"6403",369.38574,7.704,309931,355878,238250,277222,369702,424254,237099,379113,351292
"6404",369.92505,11.656,212274,301379,284330,222635,280990,229104,202353,287018,248003
"6405",370.11331,1.655,0,0,0,0,0,0,148486,179721,200394
"6406",370.11346,2.238,0,0,0,0,0,0,180695,159789,126581
"6407",370.1138,1.841,0,0,0,0,0,0,3711811,4358356,4153411
"6408",370.11392,2.452,0,0,0,0,0,0,229981,233073,214045
"6409",370.17096,0.557,0,0,0,0,0,0,1340472,1304781,1260082
"6410",370.20779,0.818,0,0,0,0,0,0,193961,230777,196628
"6411",370.21939,5.868,210365,1482,1890,1779,2139,1690,4489,6237,1829
"6412",370.23676,6.695,1417556,8557,4342,0,0,0,0,0,0
"6413",370.23691,6.596,864908,1798,0,0,0,0,0,0,0
"6414",370.23779,5.2,240668,6182,10759,0,0,0,0,0,0
"6415",370.25797,5.595,342185,0,2226,2191,0,5560,3521,2808,2642
"6416",370.2713,3.556,48571,6979,4611,0,0,0,0,0,0
"6417",370.28094,3.974,297967,336133,315040,303205,269556,319420,315513,319945,329629
"6418",370.29639,7.411,49814,2263,2969,2461,1579,0,1958,2441,2293
"6419",370.29648,8.66,1465882,1209729,1292955,1176593,1381968,1124217,1252472,1408622,1262620
"6420",370.29657,9.294,732930,147406,77863,88478,48438,59894,87035,115664,102958
"6421",370.33224,8.044,76799,2502,8213,3937,3098,5915,6576,2567,12990
"6422",370.73651,3.356,86161,81710,79163,68630,86374,78157,87800,82312,90487
"6423",371.10187,10.177,114014,94421,122774,111772,100534,110736,119412,124980,164587
"6424",371.10251,9.333,46058,48029,46174,40671,53820,37760,49384,63796,53983
"6425",371.10263,8.329,55218,47273,39997,49106,52044,41113,90551,122123,87964
"6426",371.1496,2.959,0,1481,0,0,0,0,122015,130101,120520
"6427",371.16336,10.25,383955,629455,765194,1479876,513214,405409,922515,1090470,1593616
"6428",371.16336,10.191,1157258,1122336,1356166,1245432,1098249,1338849,1654997,1733948,2139214
"6429",371.16339,10.503,453058,767050,1300529,401610,973117,427379,1179112,1779010,1199976
"6430",371.16357,11.64,721017,832275,733880,699598,713582,657504,831686,1028603,845865
"6431",371.16794,2.174,0,0,0,0,0,0,235310,234489,211615
"6432",371.16837,2.958,0,0,0,0,0,0,144628,165248,141014
"6433",371.16898,2.897,0,0,0,0,0,0,134064,145341,114621
"6434",371.18228,8.768,71967,88020,77548,76508,65404,96713,99689,89023,109257
"6435",371.18436,6.42,160616,148168,172095,130832,131788,144470,168011,155383,147504
"6436",371.20691,4.879,98591,123605,111307,111125,106830,103254,159620,205539,193889
"6437",371.20724,3.291,21298,20219,15603,16588,16150,11196,195387,214450,171087
"6438",371.22824,2.482,186444,162493,167415,159954,155357,157253,172774,169763,183708
"6439",371.23166,11.641,341740,330329,333438,225371,217287,314034,303174,354740,291361
"6440",371.23453,3.696,44890,44479,47452,41550,37845,42980,27447,35457,42067
"6441",371.2438,5.958,50606,17210,52372,21317,49061,47016,129863,95817,137863
"6442",371.26642,2.291,2447878,247736,245630,1582,2048,6740,72704,59633,63896
"6443",371.29166,6.399,146786,0,0,0,0,0,0,0,0
"6444",371.29181,5.421,105040,0,0,0,0,0,0,0,0
"6445",371.31668,11.293,3476492,3537436,3851106,2978682,3191503,3363854,3702035,3615646,3408689
"6446",371.32788,6.542,3627154,3160072,3161123,2899015,3113428,2989641,3474100,3444247,3363484
"6447",371.36459,9.053,165766,0,0,0,0,0,0,0,0
"6448",371.86868,0.424,1607,1553,1948,1791,1835,0,3879,36815,5315
"6449",372.00256,1.815,0,0,0,0,0,0,25240,52016,39858
"6450",372.06708,0.081,295335,325862,449828,165817,175903,63638,71379,226745,487850
"6451",372.10324,1.441,0,0,0,0,0,0,34757,52468,39566
"6452",372.18182,7.799,230911,196847,212053,212133,212707,198532,207152,168566,190374
"6453",372.18701,1.706,0,0,0,0,0,0,195559,197051,186312
"6454",372.18707,1.623,0,0,0,0,0,0,193027,197906,190359
"6455",372.18747,2.339,372338,345574,365148,315413,354555,368245,376648,370430,380743
"6456",372.22375,2.794,161953,182639,157431,154019,164972,158064,166496,160713,157408
"6457",372.24185,3.815,107525,101928,94321,93800,92518,91002,121582,105508,119258
"6458",372.25058,2.623,1890790,203002,217287,0,0,0,45410,50187,44358
"6459",372.25406,8.382,86411,97284,109186,105534,102189,100752,126236,118208,127432
"6460",372.34827,8.078,136197,127442,127822,88079,96834,86856,111116,123636,103425
"6461",372.34863,7.845,167567,81572,86673,62155,44160,41268,79049,60150,49084
"6462",372.88297,0.47,683469,540070,647362,496783,602667,559281,1073931,1040278,975721
"6463",372.88327,11.646,795476,759881,894626,837750,810098,744590,860620,862621,808027
"6464",372.98395,1.383,0,0,0,0,0,0,50098,61141,56767
"6465",373.12085,11.64,151194,120011,216247,232949,99897,147159,162726,133008,243024
"6466",373.12155,9.107,518302,1106596,737354,1072644,465650,742968,1108956,1006988,681461
"6467",373.12241,9.449,373628,448588,438606,296321,317248,494659,515584,684981,383924
"6468",373.14014,3.305,0,0,0,0,0,0,70999,82844,72332
"6469",373.14755,1.813,0,0,0,0,0,0,58435,65070,69632
"6470",373.16284,3.973,0,0,0,0,0,0,184386,187348,164809
"6471",373.17639,5.423,0,0,0,0,0,0,101268,111344,108455
"6472",373.18042,7.928,175055,225948,197611,214699,196034,190474,203232,214884,210560
"6473",373.18359,2.485,1905,1335,1466,3739,1712,1546,210191,198163,188238
"6474",373.19675,5.039,0,0,0,0,0,0,134227,142281,146622
"6475",373.22266,3.489,0,0,0,0,0,0,250100,267884,231174
"6476",373.22275,3.107,0,0,0,0,1516,0,201956,210877,201226
"6477",373.23444,2.967,852511,111579,104811,0,1516,0,18007,26116,28274
"6478",373.23981,4.988,103558,135057,104307,111075,108216,109199,107990,121979,119832
"6479",373.27051,3.534,96565,49150,46014,0,0,0,0,0,0
"6480",373.27136,10.178,2989,0,6843,3490,2285,3158,32022,30943,24302
"6481",373.2717,8.075,493217,589710,507647,488365,546708,594860,774129,712080,809710
"6482",373.27191,8.153,303338,353703,371331,378366,403602,380066,507431,504190,523381
"6483",373.27225,8.263,375671,410853,403143,337615,380063,458693,618960,694354,608074
"6484",373.27258,9.466,68833,74291,80091,86155,76324,88534,106107,88540,94799
"6485",373.30704,6.893,166859,0,0,0,0,0,0,0,0
"6486",373.30707,6.689,173266,0,0,0,0,0,2260,0,0
"6487",373.30737,6.243,453372,1974,0,0,0,0,0,0,0
"6488",373.30759,6.53,239293,0,0,0,0,0,0,0,0
"6489",373.30774,5.602,130712,0,0,0,0,0,0,0,0
"6490",373.3078,5.788,209097,0,0,0,0,0,0,0,0
"6491",373.34363,7.375,167682,4640,10598,0,1705,0,6248,4021,2962
"6492",373.34387,7.494,318681,18431,37676,1428,1944,0,2269,2272,4777
"6493",374.06332,0.086,343619,186722,317546,246442,161762,95490,335001,105265,193735
"6494",374.14514,2.389,0,0,0,0,0,0,890320,879904,794625
"6495",374.14523,2.555,0,0,0,0,1712,1598,125762,141470,146358
"6496",374.14529,2.962,0,0,0,0,0,0,259886,259497,239424
"6497",374.16501,6.103,59819,49964,44249,0,0,0,0,2858,0
"6498",374.16559,0.611,0,0,0,0,0,0,72705,163353,78318
"6499",374.19681,8.012,68639,37336,46262,9679,18029,25869,239501,303393,327159
"6500",374.19696,8.075,54960,72586,54913,15841,12968,25723,174575,223668,232928
"6501",374.19736,7.025,233656,176445,180333,162737,168446,168551,178571,129870,152412
"6502",374.20132,7.3,0,0,0,0,0,0,80746,78816,66585
"6503",374.22095,2.693,112458,117431,106348,101723,116866,115229,127652,133598,131392
"6504",374.23337,8.343,1264028,1260301,1240122,1173501,1204718,1288381,1292311,1224287,1215604
"6505",374.23392,8.235,1048240,986815,997194,930230,947712,959547,1026850,964751,966615
"6506",374.25479,5.756,382068,10283,12217,3699,2393,3342,8542,2701,6681
"6507",374.25574,5.235,111869,13455,5865,13336,1487,3637,10385,2105,9696
"6508",374.29221,4.704,86185,57078,72251,57114,68843,78414,137806,127002,116041
"6509",374.3046,9.261,439648,62012,58201,35244,20990,33161,48281,63276,54888
"6510",374.30579,9.33,160174,4631,58201,35244,20990,33161,48281,63276,3433
"6511",374.306,9.581,71929,3125,3699,0,0,0,0,2789,0
"6512",374.32727,6.469,1298594,1135336,1135256,956767,1018013,1013657,1308798,1311257,1236564
"6513",374.88345,11.646,1057916,915119,969068,786587,1188432,856827,991971,915212,844942
"6514",375.06525,0.516,0,0,0,0,0,0,156899,149016,105966
"6515",375.06894,2.237,0,0,0,0,0,0,160964,163779,128001
"6516",375.06912,1.841,0,0,0,0,0,0,1885949,2223805,2104249
"6517",375.06915,2.45,0,0,0,0,0,0,23613,30973,27566
"6518",375.06934,2.166,0,0,0,0,0,0,180584,191908,151667
"6519",375.10645,8.285,10745,17860,15364,10501,2941,9835,167239,147216,81516
"6520",375.10843,5.906,0,0,0,0,0,0,30326,30611,20468
"6521",375.12186,8.499,147146,138123,113733,137232,134671,128465,140581,118752,150837
"6522",375.14429,2.671,0,1290,0,0,0,0,254474,250374,218387
"6523",375.1561,3.348,0,0,0,0,0,0,132510,132604,117738
"6524",375.16763,7.221,0,3066,0,0,0,0,21978,37105,30916
"6525",375.16779,7.3,0,3066,0,0,0,0,19859,32908,21602
"6526",375.21222,5.415,4090,2290,2611,2309,0,1970,47252,49587,45931
"6527",375.21304,4.976,3094,1642,1467,1659,1812,2640,47431,59225,55712
"6528",375.25037,2.799,157753,0,0,1562,0,0,0,0,0
"6529",375.25192,8.674,103537,157262,131350,110839,152631,153461,228079,241579,203497
"6530",375.26379,5.375,27049,76457,99491,0,1614,0,0,0,0
"6531",375.26962,9.087,0,0,0,0,0,0,137457,119172,86710
"6532",375.32285,5.868,312238,0,0,0,0,1563,0,0,0
"6533",375.32288,8.564,947890,150958,417094,2916,4415,2180,20238,22395,25178
"6534",375.32294,4.361,156395,3204,6977,1313,0,0,1521,0,1816
"6535",375.32306,8.714,612042,100250,270457,3093,5278,5424,24316,24334,22115
"6536",375.32321,5.769,551040,0,0,0,0,1563,0,0,0
"6537",375.73798,4.448,61312,66890,55935,63042,57612,62819,59850,63959,75393
"6538",375.84943,0.535,94373,109241,121785,124262,80430,105164,9692,5784,7478
"6539",376.0564,0.802,0,0,0,0,0,0,0,27051,4426
"6540",376.1008,0.464,0,0,0,0,0,0,94255,82685,74149
"6541",376.16046,2.45,0,0,1500,0,0,1422,23565,27400,20312
"6542",376.16055,2.239,0,0,0,0,0,0,291709,293522,255607
"6543",376.19772,2.644,0,0,0,0,0,0,88454,85034,77598
"6544",376.21713,7.708,0,3144,0,1681,9442,2999,45669,49941,37797
"6545",376.22559,6.21,2946,1335,2002,2285,1748,1925,69091,82557,71921
"6546",376.2337,2.825,9292,0,0,0,0,0,52375,58361,75223
"6547",376.23422,7.273,51893,0,2212,2109,5178,2423,84678,62719,28190
"6548",376.23425,4.522,129450,94613,91934,77526,74558,85013,97324,79403,87648
"6549",376.27078,3.882,271764,271335,259627,245541,235549,243279,261647,250182,281368
"6550",376.31973,9.006,1328729,107808,139842,5962,0,2628,70884,72329,56750
"6551",376.32001,8.865,785943,49075,69528,0,0,0,0,2589,0
"6552",376.32001,9.811,282911,63591,62919,27535,33110,119769,28110,48278,34557
"6553",376.37939,9.634,505112,619958,621966,658307,492869,590944,579801,620904,662642
"6554",376.94257,0.466,62023,23312,47997,16202,32039,23380,0,0,0
"6555",377.02414,0.51,0,0,0,0,0,0,102227,114289,89969
"6556",377.08478,2.179,0,0,0,0,0,0,1056257,1034343,981901
"6557",377.08484,1.841,0,0,0,0,0,0,6969498,8295745,7657139
"6558",377.08484,2.233,0,0,0,0,0,0,1039994,1156981,856157
"6559",377.10989,3.98,0,0,0,0,0,0,34436,31879,26013
"6560",377.13702,7.809,91094,86454,96386,89037,98836,93803,106327,99644,109138
"6561",377.17239,7.436,76592,126446,116233,132204,136189,131875,143412,148872,157202
"6562",377.1731,7.906,210508,605503,637699,658126,644313,639678,653834,661731,679379
"6563",377.17334,8.022,287639,328592,299744,358999,318679,386781,338496,292040,366115
"6564",377.17368,7.325,150930,254670,273096,225631,145970,269011,257060,252952,252551
"6565",377.22952,10.017,3273605,2904527,3590762,3608555,3115272,3613833,3208375,3991835,5106428
"6566",377.23419,3.238,88905,100947,82534,99631,107940,103788,96752,86503,108895
"6567",377.23682,8.791,5596038,1420897,917891,14665,4907,13560,105493,95646,51952
"6568",377.30206,6.029,154001,0,0,0,0,0,0,0,0
"6569",377.30206,6.114,208078,0,0,0,0,0,0,0,0
"6570",377.32748,9.412,510287,837781,796012,1222024,717659,736141,756500,755654,890926
"6571",377.33859,6.695,167520,0,0,0,0,0,0,0,0
"6572",377.33887,6.596,128405,0,0,0,0,0,0,0,0
"6573",377.86475,0.474,12774,2947,5595,8254,21332,5303,353660,412479,272850
"6574",377.9556,3.934,161004,121389,103570,0,0,0,3086,1866,4542
"6575",378.11749,0.525,0,0,0,0,0,0,146575,144137,99068
"6576",378.13953,1.771,0,0,0,0,0,0,49393,48688,35880
"6577",378.13965,0.86,0,0,0,0,0,0,93154,95612,94922
"6578",378.16904,4.671,147725,0,1264,0,0,0,0,0,0
"6579",378.17661,2.015,0,0,0,0,0,0,1196823,1238243,1158962
"6580",378.2128,5.903,5634,1585,1749,0,0,0,9495,4207,397492
"6581",378.21661,7.362,399195,25455,6421,1942,1716,0,0,0,0
"6582",378.22528,6.53,91882,3039,0,0,0,0,0,2224,0
"6583",378.22842,5.483,101842,63218,70658,59381,55055,68122,63864,74043,75569
"6584",378.24252,8.619,91258,0,5867,2567,0,0,2321,2674,2335
"6585",378.24951,8.306,134194,121451,132064,140487,135832,131160,193052,202744,155454
"6586",378.28622,8.384,244264,319224,287982,289132,356602,154390,327219,383301,354392
"6587",378.28992,3.934,111382,80297,66682,0,0,0,2183,2143,0
"6588",378.32184,10.522,265203,764345,838541,553638,714969,485288,767276,1425246,952519
"6589",378.32199,9.981,1958365,1756775,1867194,2083367,1722482,803007,567335,981837,1792250
"6590",378.32233,8.055,13741160,12984038,12310288,10234161,11758865,11532679,12214809,9225999,11602990
"6591",378.32251,8.384,1067128,793781,1308566,726302,578366,883671,829849,1132746,873448
"6592",378.32257,11.622,495314,592305,379253,515085,406114,258634,444958,438232,391666
"6593",378.32263,8.292,769980,1087795,1218374,1747861,1171725,1913772,1111755,1420672,1540148
"6594",378.32306,7.11,163778,74964,74034,51312,45084,52043,75960,71633,89330
"6595",378.8996,11.64,705776,637636,652066,614974,639989,685920,780496,661683,732078
"6596",378.90067,0.472,490798,380123,522478,320274,528041,418574,8096929,7021524,4606142
"6597",379.01883,1.817,0,0,0,0,0,0,50322,79173,70209
"6598",379.07977,3.147,0,0,0,0,0,0,198547,161898,73411
"6599",379.1004,2.462,0,0,0,0,0,0,2569692,2669482,2864407
"6600",379.10046,2.553,0,0,0,0,0,0,180776,206618,202850
"6601",379.10062,2.346,0,0,0,0,0,0,303939,327298,302824
"6602",379.11533,8.045,438953,399982,473742,468784,457797,428886,457355,420795,254081
"6603",379.12073,4.864,0,0,0,0,0,0,560938,566415,568255
"6604",379.12091,4.982,0,0,0,0,0,0,118085,144139,122314
"6605",379.12131,0.81,0,0,0,0,0,0,61750,65170,54681
"6606",379.13284,0.531,0,0,0,0,0,0,137096,171064,142048
"6607",379.1525,7.192,132407,146596,134987,160665,165706,151751,226468,181686,205692
"6608",379.15271,7.024,1258042,1191001,1293634,1175226,1270028,1164422,1294843,1052640,1215226
"6609",379.1879,11.651,748935,651717,587833,569349,437823,574452,516782,641205,468537
"6610",379.18857,8.535,731054,722773,776122,596234,739298,837901,776841,734942,721333
"6611",379.1886,2.837,161147,180787,183419,175360,185534,175429,222546,221295,213567
"6612",379.18912,8.234,1506284,1513039,1553163,1390866,1466086,1483903,1379230,1348709,1461838
"6613",379.18921,7.502,144743,302478,285782,300994,297250,305423,323986,311603,313733
"6614",379.18921,8.357,3168460,3339568,3372447,3129168,3294354,3456386,3343044,3245329,3306769
"6615",379.25009,3.358,1120209,1056951,1030990,951870,1044600,981673,1018875,1041432,1088092
"6616",379.30591,4.94,414345,404250,399316,385574,382081,382562,370462,409889,423142
"6617",379.36218,10.533,168228,188304,192285,203306,174494,137005,166637,231373,149593
"6618",379.96759,0.814,0,0,0,0,0,0,150060,252263,126277
"6619",380.00546,0.593,0,0,0,0,0,0,18858,63354,48989
"6620",380.01865,2.239,0,0,0,0,0,0,69290,67854,64794
"6621",380.05139,0.536,0,0,0,0,0,0,404852,472214,417735
"6622",380.09647,0.476,0,0,0,0,0,0,310126,312106,381884
"6623",380.11127,1.797,0,0,0,0,0,0,426528,411786,358895
"6624",380.18491,4.83,563448,1219,1912,0,0,0,0,0,2510
"6625",380.18518,5.31,106266,0,0,0,0,0,0,0,0
"6626",380.19223,3.752,61870,20621,31523,31043,19113,27307,48558,38480,47039
"6627",380.22089,6.692,1345095,38911,46582,0,0,0,2872,3101,0
"6628",380.22092,6.536,1001837,25964,22548,0,0,0,0,0,0
"6629",380.22125,6.881,316047,0,1586,0,0,0,2872,0,0
"6630",380.24185,7.066,79923,0,0,0,0,0,0,0,0
"6631",380.2424,5.528,319361,1873,2414,0,0,0,0,0,0
"6632",380.24692,4.955,284691,1890,3002,0,0,0,0,1988,0
"6633",380.25745,8.296,757743,10252,0,0,0,0,3967,2910,0
"6634",380.33771,8.873,3487692,4053549,3795599,3641312,3689801,3678308,4073598,3790009,3801227
"6635",380.3378,9.016,2918001,4873422,4202116,4387504,4765106,4491581,4496960,4739090,5244676
"6636",380.33865,8.465,128784,131132,144261,156852,240987,84367,165079,90659,202695
"6637",380.81958,11.668,0,10807,0,0,0,39669,0,0,44158
"6638",380.89911,0.511,10809,27004,73140,51373,112422,67852,683287,563243,374017
"6639",381.07901,2.958,2202,6474,4489,8780,4538,9241,61504,62301,76874
"6640",381.07932,1.828,3654,5652,7930,5926,15483,15192,175795,164730,179717
"6641",381.07977,1.378,16946,3197,4540,12028,3604,14409,157324,120253,124108
"6642",381.0798,0.548,1881,4653,13410,2191,2236,4563,58335776,62862556,61301548
"6643",381.08017,0.831,1815,1941,7823,12873,11741,12620,1866060,910521,822542
"6644",381.10049,2.94,0,0,0,0,0,0,41956,30404,17315
"6645",381.11041,8.074,347944,364782,319233,224396,229196,224235,669023,796736,781522
"6646",381.11063,7.825,71871,42688,42841,20738,27574,22467,210240,241080,239046
"6647",381.11063,8.011,406069,302060,334515,209082,201578,237090,925762,1188790,1114918
"6648",381.12552,8.282,3166,3360,6176,0,0,0,158761,152313,50985
"6649",381.14447,5.573,95695,127125,132836,126861,139069,131080,157240,148166,161833
"6650",381.1463,0.561,0,0,0,0,0,0,0,90886,131119
"6651",381.14758,6.942,165306,204761,189617,180200,197571,171204,222842,175904,175448
"6652",381.14777,7.17,160343,352612,343632,405071,381600,399274,386501,342629,382533
"6653",381.14777,6.802,186430,159257,154149,170727,159604,159078,159149,159835,166184
"6654",381.1525,2.644,0,0,0,0,0,0,302533,304030,274368
"6655",381.15372,9.208,0,0,0,0,0,1750,73008,65664,62998
"6656",381.16782,5.868,123552,127810,164446,140028,155476,142673,165875,170796,192954
"6657",381.168,6.029,240632,227965,255577,269262,250629,224619,278645,283800,273351
"6658",381.16861,5.729,162693,168204,181779,183146,207823,180207,186875,217481,225098
"6659",381.18884,0.588,0,0,0,0,0,0,60853,101695,61250
"6660",381.20459,7.655,81160,196725,194390,197496,203127,195739,222792,176654,223038
"6661",381.21613,3.705,83133,156820,273182,1630,1247,0,1548,1492,3976
"6662",381.25177,5.634,516576,727488,757908,801403,766444,784958,708142,759203,789588
"6663",381.26242,9.915,70834,83068,69357,56928,78705,94583,64341,81011,76569
"6664",381.31369,6.203,26758,47510,77715,0,0,0,0,0,0
"6665",381.3364,9.636,151944,705818,462969,592314,270023,633236,363061,473660,703836
"6666",381.87497,0.535,142826,204942,373719,303887,510807,341143,0,0,0
"6667",382.10562,4.14,0,0,0,0,0,0,233568,216786,213925
"6668",382.14777,2.26,0,0,0,0,0,0,65364,77628,63717
"6669",382.19989,5.856,386235,1734,0,0,0,0,2680,0,0
"6670",382.20016,5.955,473280,1734,0,0,0,0,0,0,0
"6671",382.20026,4.712,478743,17068,16399,0,0,0,1608,0,0
"6672",382.20047,5.034,495022,1404,4478,0,0,0,1667,0,0
"6673",382.20062,6.09,306164,0,0,0,0,0,0,0,0
"6674",382.22153,8.55,295432,0,0,0,0,0,0,0,2234
"6675",382.24405,4.173,30124,43931,48985,38732,41422,41621,56968,49252,59561
"6676",382.25696,7.116,472253,5728,11814,0,0,1569,0,0,0
"6677",382.25717,7.245,925934,29635,12662,0,0,0,0,0,0
"6678",382.25766,6.504,675328,5311,8058,0,0,0,0,0,0
"6679",382.25793,6.75,333833,1836,5012,0,0,0,0,0,0
"6680",382.28116,4.59,226198,264506,251850,253275,246390,238178,218436,251045,238423
"6681",382.30759,4.898,221735,17821,18612,0,0,0,0,0,2284
"6682",382.31714,7.301,1044888,410266,461060,379868,364093,387367,437894,371879,405209
"6683",382.31754,7.015,110208,99276,97336,81921,101343,100011,110813,77472,93432
"6684",382.78195,4.741,131161,15638,19219,0,0,0,0,0,0
"6685",382.83374,11.642,287233,319227,276815,168817,320986,181620,168502,162267,166861
"6686",382.83572,11.695,79442,81090,54030,57492,43964,81962,44691,69342,62696
"6687",382.83807,11.785,91486,39715,62306,50395,72897,38741,32241,64558,36280
"6688",383.07471,1.901,0,0,0,0,0,0,108334,104523,95067
"6689",383.11044,2.128,0,0,0,0,0,0,76267,75447,77266
"6690",383.1319,2.015,0,0,0,0,0,0,1412749,1416135,1284888
"6691",383.14554,1.099,0,0,0,0,0,0,1069056,1135294,1079008
"6692",383.16193,3.992,0,0,0,0,0,0,135678,134861,107236
"6693",383.16351,8.159,59150,107518,112455,118623,108745,120909,100779,104503,114349
"6694",383.16626,4.116,2070,1787,2253,2636,1608,0,106228,118660,106153
"6695",383.18362,3.739,0,0,0,0,0,0,116219,121877,80552
"6696",383.18387,5.93,440751,214616,277089,520941,503636,240815,495456,483450,457805
"6697",383.18396,6.808,140806,175380,141423,151697,163566,132500,149033,151366,108064
"6698",383.18414,5.487,58801,66530,77455,81340,72741,70761,98502,88846,104336
"6699",383.20453,8.309,587919,554355,540572,503801,498352,499384,691051,731061,670294
"6700",383.24112,8.394,131076,175532,292889,179472,219560,230077,184313,231892,240162
"6701",383.25226,3.06,158603,0,0,0,0,0,0,1470,0
"6702",383.25995,6.8,162729,94821,64444,79952,87324,85174,89225,92557,93613
"6703",383.29721,3.35,184741,11330,3686,0,0,0,0,0,0
"6704",383.31454,10.532,104975,69238,124853,73403,112008,84143,112155,59116,52871
"6705",383.93781,0.478,0,0,0,0,0,0,18024,3195,59948
"6706",384.08533,0.625,0,0,0,0,0,0,71445,76065,74546
"6707",384.11722,1.597,0,0,0,0,0,0,29056,32316,26373
"6708",384.14496,3.134,0,0,0,0,0,0,1059575,1398466,1214627
"6709",384.15875,8.102,139199,209802,293116,207871,196554,239053,245982,233027,193768
"6710",384.15924,8.309,123655,238648,152318,65122,152724,258884,210250,106433,123921
"6711",384.18701,0.583,0,0,0,0,0,0,129675,132185,131455
"6712",384.21579,5.812,448433,0,1956,0,0,0,0,0,0
"6713",384.21597,6.029,714211,0,0,0,0,0,0,0,0
"6714",384.21603,6.38,309096,1997,0,0,0,0,2176,0,0
"6715",384.21613,6.114,912993,0,0,0,0,0,0,0,0
"6716",384.21634,5.675,607982,1845,1764,0,0,0,1818,0,0
"6717",384.21655,4.688,402354,0,1561,0,0,0,0,0,0
"6718",384.23627,3.61,169683,37067,40650,24759,36312,33594,41275,60039,47801
"6719",384.23724,4.786,432019,35012,34261,7897,9737,4822,3890,10953,10496
"6720",384.26007,4.096,68566,83401,94464,68327,50298,83687,45812,76544,61601
"6721",384.29581,5.531,122610,141411,124476,112001,136701,131593,112487,127185,104905
"6722",384.29684,4.45,1565346,1567156,1564448,1499654,1506134,1481950,1531659,1688907,1666993
"6723",384.31213,9.787,2946382,40057,34372,0,0,0,47628,64217,45385
"6724",384.3475,9.526,50892,87594,58138,61750,48102,82168,80403,62050,100500
"6725",384.3476,10.273,231503,197449,278600,250916,248388,193767,229894,267764,274544
"6726",384.38455,10.135,72964,2784,2649,0,3130,0,2641,0,0
"6727",384.84,11.657,392917,501013,366201,429384,392996,387696,299476,493695,467623
"6728",384.8461,0.47,0,0,0,0,0,0,75939,79659,86354
"6729",385.08966,0.906,0,0,0,0,0,0,123822,114208,92283
"6730",385.08978,1.449,0,0,0,0,0,0,987230,1018488,973481
"6731",385.11093,9.354,206126,233753,223724,210034,193320,236732,245266,239771,235504
"6732",385.11893,6.36,56245,84842,84762,77878,85615,80307,66835,99800,82835
"6733",385.14755,3.783,0,0,1601,0,0,1515,89789,86955,90689
"6734",385.15375,9.25,56190,78737,62495,65496,71240,70011,79317,99892,69369
"6735",385.1713,1.493,0,0,0,0,0,0,77706,100655,137236
"6736",385.18011,10.937,133624,120318,419665,220764,108239,210869,130645,135786,172561
"6737",385.1864,1.895,0,0,0,0,0,0,334743,360035,302730
"6738",385.37955,7.64,70170,71379,95030,108078,103481,59468,70727,112071,146349
"6739",385.3797,7.833,44044,57920,49414,26932,103838,61250,77618,35410,179549
"6740",385.84158,0.526,50116,66297,86606,54876,66193,57427,0,0,0
"6741",385.90231,11.658,850420,905740,555405,830646,793394,610099,767187,644167,867940
"6742",386.04059,0.806,0,0,0,0,0,0,61493,46501,21992
"6743",386.10794,1.841,0,0,0,0,0,0,313594,327827,380427
"6744",386.10858,2.243,0,0,0,0,0,0,496973,529843,406659
"6745",386.14508,2.328,0,0,0,0,0,0,465193,499024,475097
"6746",386.19122,3.285,0,0,0,0,0,0,74653,95067,80895
"6747",386.19675,7.403,248619,179746,195311,199015,218603,200159,176157,139443,165364
"6748",386.20193,0.585,0,0,0,0,0,0,405429,479868,407534
"6749",386.20248,2.166,0,0,0,0,0,0,395534,407500,369650
"6750",386.20279,2.075,0,0,0,0,0,0,253890,272797,245468
"6751",386.20914,8.134,15008,21384,22781,0,0,0,71599,68878,36765
"6752",386.21774,1.62,0,0,0,0,0,0,53152,51330,51769
"6753",386.23376,8.588,183477,237345,233251,227979,264650,255978,237868,247491,221106
"6754",386.23392,8.674,333868,312745,297718,303804,295136,318508,310179,318584,295272
"6755",386.23837,3.006,56715,47682,49592,59342,52826,57819,46633,57168,53227
"6756",386.23959,3.394,183524,169758,166344,150121,153333,159447,160805,147558,166209
"6757",386.26605,3.189,473928,70500,76274,0,0,0,17678,11933,7151
"6758",386.29095,6.703,0,1739,0,0,0,2576,24464,43536,28358
"6759",386.78116,11.807,81146,147497,134067,134123,48955,75507,17732,59554,34158
"6760",386.83749,11.656,479146,543796,471395,545382,471116,372869,436421,438845,476666
"6761",386.87497,11.661,236661,412262,429147,257767,213846,452724,298027,154311,387736
"6762",387.0889,0.623,0,0,0,0,0,0,68791,146706,23951
"6763",387.11383,5.994,20541,37578,59595,54994,70541,14053,22575,28603,13976
"6764",387.13022,8.489,55687,53711,54922,68520,59156,45057,68783,58580,72817
"6765",387.13715,10.196,189230,242455,311673,229920,174807,106656,231209,302516,311673
"6766",387.13867,11.64,74159,169013,29050,42419,21179,95863,156297,107303,97956
"6767",387.14264,2.899,0,0,0,0,0,0,79513,106684,76942
"6768",387.14404,4.268,0,1534,0,0,1373,0,121946,96127,42684
"6769",387.18118,6.76,409705,341913,392796,381525,387683,328459,375240,256996,269145
"6770",387.18118,5.989,45844176,37985000,59689,46995160,50014272,41042732,47678432,40690016,45851772
"6771",387.18137,6.169,297878,284315,357464,330873,294518,300602,334141,304038,297591
"6772",387.18143,6.429,511407,394799,427116,384155,433146,378668,374756,348059,354632
"6773",387.19391,6.53,745900,494778,500868,24833,22451,22301,4678816,2963949,2370082
"6774",387.20193,2.574,0,0,0,0,1314,1167,1359588,1406039,1254407
"6775",387.20206,2.781,0,0,0,0,0,0,183730,196106,178685
"6776",387.23257,5.999,152819,102253,61504,94652,43439,97293,102456,113743,260707
"6777",387.23682,5.014,88381,0,2054,1535,5500,1452,4839,7347,2978
"6778",387.24686,3.209,61374,33770,68449,52358,60077,53504,55268,54264,71850
"6779",387.24918,10.229,51917,43230,49358,32646,45034,37764,50292,62617,64229
"6780",387.25006,3.567,248115,29122,33753,0,0,0,4027,2460,1445
"6781",387.31125,9.204,12094,18007,2953,3192,17978,18171,39966,34658,32911
"6782",387.32227,6.536,89375,0,0,0,0,0,0,0,0
"6783",387.32263,6.695,78315,0,0,0,0,0,0,0,0
"6784",387.35876,8.24,184789,0,0,0,0,0,0,0,0
"6785",387.35876,8.296,143883,0,0,0,0,0,0,0,0
"6786",387.35886,5.886,76524,38876,41093,37065,35748,57246,39071,69819,79729
"6787",387.35995,8.371,118576,0,0,0,0,0,0,0,0
"6788",387.36002,7.467,71569,0,0,0,0,0,0,0,0
"6789",388.12415,1.358,0,0,0,0,0,0,1636200,1702657,1601808
"6790",388.12415,1.657,0,0,0,0,0,0,352652,379195,348670
"6791",388.12424,2.187,0,0,0,0,0,0,33630,39319,38162
"6792",388.12448,1.09,0,0,0,0,0,0,1399105,1575751,1563119
"6793",388.16077,3.287,0,0,0,0,0,0,176425,173446,141250
"6794",388.16092,3.378,0,0,0,0,0,0,48870,49290,41120
"6795",388.21246,8.01,83669,52082,50678,26170,22568,22786,231957,279326,253970
"6796",388.21252,8.069,65291,76593,56327,20494,20592,40380,163312,218805,183466
"6797",388.21289,7.024,123770,87237,87303,73000,78011,78485,125535,81098,98648
"6798",388.23392,4.867,117046,117620,110143,45413,55859,110865,173237,64658,169525
"6799",388.24316,7.356,536502,31956,6614,2175,6598,2223,9283,17053,27681
"6800",388.25076,8.228,211889,245258,202642,132354,171486,247129,228176,243285,209258
"6801",388.25516,11.65,1844192,1900360,1733748,1707070,1772434,1773442,2127322,1945557,1730072
"6802",388.25522,2.482,5609112,5153742,4877291,4739959,4731182,4928050,5149898,4870202,5227024
"6803",388.34262,7.115,87848,190530,176502,126357,170245,168318,195523,179757,213958
"6804",388.34268,6.826,468453,333690,277447,317712,413525,316578,379625,331658,382766
"6805",388.34271,7.233,55123,138577,146171,134585,49506,154588,157063,159462,154638
"6806",388.34277,6.922,277239,298519,214794,253158,244004,273312,274682,238803,212227
"6807",388.34326,11.294,1142580,1061135,1115314,1028385,1244886,1132935,1281436,1067600,1115490
"6808",388.8569,0.47,279430,202575,249971,170848,234842,197280,594223,665829,648756
"6809",389.11234,8.329,228070,207141,197776,200072,194652,206918,283700,267369,250008
"6810",389.13251,2.299,0,0,0,0,0,0,461913,439155,407713
"6811",389.13309,1.827,0,0,0,0,0,0,293447,322049,341204
"6812",389.13559,3.495,0,0,0,0,0,0,50478,55148,32538
"6813",389.15213,7.554,96356,121653,130511,122099,120878,131164,132699,138219,138091
"6814",389.17142,3.91,0,0,0,0,0,0,520740,519514,475018
"6815",389.17157,4.176,0,0,0,0,0,0,65932,73263,72263
"6816",389.21771,2.81,0,0,0,0,0,0,837156,911347,779582
"6817",389.21771,3.017,0,0,0,0,0,0,135594,149957,133965
"6818",389.23477,6.749,76277,56806,76184,75902,69039,66411,59164,49708,79355
"6819",389.24542,8.103,50452,61490,53003,50375,37125,62022,62305,47518,75701
"6820",389.24753,4.86,1952,1667,5734,3592,2549,3659,365575,360492,369896
"6821",389.2478,5.962,6099,0,0,2339,6504,1905,437157,534114,376771
"6822",389.25827,11.691,36305,51926,87840,51385,117511,52202,102372,47058,77726
"6823",389.26822,9.865,64288,42720,33540,32301,41698,54732,55134,34740,82695
"6824",389.81644,12.068,300096,676668,580280,133311,692650,676103,367618,839605,155434
"6825",389.88498,0.47,125361,104026,99069,70350,130243,95604,0,0,0
"6826",390.13788,0.808,0,0,0,0,0,0,50655,80671,71010
"6827",390.13925,0.591,0,0,0,0,0,0,95683,123462,111370
"6828",390.17676,2.205,0,0,0,0,0,0,101490,112123,90134
"6829",390.177,3.035,0,0,0,0,0,0,111271,89759,46107
"6830",390.24994,4.487,984786,43703,36165,2335,0,1121,23654,35942,24148
"6831",390.28595,8.947,288123,250759,270568,194038,222322,262413,251065,269872,301275
"6832",390.28616,4.242,134572,125519,131876,118983,118711,124451,119970,151821,137641
"6833",390.30173,8.748,97085,0,0,0,0,0,0,0,0
"6834",390.33737,10.25,2643,0,0,0,0,0,23090,20578,3849
"6835",391.04309,1.841,0,0,0,0,0,0,572328,619719,602359
"6836",391.06418,2.246,0,0,0,0,0,0,82247,107177,88432
"6837",391.10056,2.31,0,0,0,0,0,0,1543714,1650060,1617406
"6838",391.10062,2.7,0,0,0,0,0,0,276344,287836,197332
"6839",391.10208,0.552,0,2093,0,0,0,0,253292,334381,183319
"6840",391.15854,2.166,0,0,0,0,0,0,223964,232632,201512
"6841",391.18393,9.209,0,0,3565,1994,1787,2289,490794,494950,420999
"6842",391.19012,8.679,86588,120642,103022,122317,131873,144031,125888,116507,123561
"6843",391.20541,9.894,217426,198019,139429,212469,179883,245594,168925,242497,247342
"6844",391.20859,0.534,0,0,0,0,0,0,176408,124222,140392
"6845",391.24603,6.765,0,2191,2510,4171,2482,2526,358542,326675,320012
"6846",391.24649,6.7,0,1752,2510,4171,2482,2526,598944,549996,510439
"6847",391.28372,4.4,161730,77348,111257,139296,97247,187869,402156,432277,492522
"6848",391.28391,0.526,109533,226161,79758,86241,79808,271947,95799,71033,168420
"6849",391.28433,9.851,429756,218693,400677,584122,612224,331019,270414,582526,599074
"6850",391.28452,8.027,147788,54144,167856,124460,110867,148716,202302,166419,292059
"6851",391.28455,0.633,67042,48756,114656,82112,93135,271947,176298,171041,200319
"6852",391.28479,10.187,720319,562735,664932,750407,665296,928572,564965,743142,1028216
"6853",391.28488,9.209,196923,257832,205321,243010,140345,102117,416906,460347,497673
"6854",391.28525,11.269,28624928,28282828,32755584,29372084,28938864,27065348,24667922,27801890,26912694
"6855",391.28528,8.667,320051,180387,250305,59040,88625,98263,146434,81272,182341
"6856",391.28534,9.637,1024547,912438,887275,161455,179647,210084,563797,686808,785018
"6857",391.28552,11.587,841547,1684789,1161327,92066,1898142,1698935,973550,1154424,1049937
"6858",391.34143,9.84,232285,247388,219146,284281,228974,273938,224571,337249,319399
"6859",391.34225,9.915,229861,311623,293135,264923,306088,354778,313704,368050,454294
"6860",391.34271,10.03,1032020,238088,339248,329410,239559,391104,276343,361637,552964
"6861",392.15598,1.991,0,0,0,0,0,0,144361,160501,151834
"6862",392.15622,1.772,0,0,0,0,0,0,193391,201776,178912
"6863",392.24457,8.114,327173,276456,325206,289273,288229,297001,309341,318834,323939
"6864",392.24509,6.731,143909,132704,117485,114374,117527,111634,284927,288526,270092
"6865",392.24588,7.892,69969,62677,64135,65291,71599,61074,69740,66878,63083
"6866",392.30197,7.468,207809,286128,319803,290417,271995,329677,291460,267158,307583
"6867",392.31464,8.991,450262,0,0,0,3102,0,9821,3722,0
"6868",392.31473,6.929,122176,1991,0,0,0,0,0,0,0
"6869",392.31519,9.104,921708,6948,0,3701,7758,0,9821,22285,15516
"6870",392.37436,10.037,34565,27947,44114,45412,53127,32925,77237,84785,105633
"6871",392.37454,11.027,364019,506107,555542,348102,521347,276211,513433,256260,366030
"6872",392.37479,9.842,48617,70672,58638,62079,60695,31561,61772,86016,57017
"6873",392.74976,3.429,36949,35207,28502,22366,36779,27679,34384,34840,39745
"6874",393.05801,2.174,0,0,0,0,0,0,145118,154562,152002
"6875",393.05872,1.841,0,0,0,0,0,0,943517,1061856,984163
"6876",393.07895,1.094,0,0,0,0,0,0,181537,189591,272838
"6877",393.07983,1.358,0,0,0,0,0,0,327467,202633,185869
"6878",393.08029,8.286,6408,22749,18462,10074,0,11129,131149,128849,76478
"6879",393.11099,8.064,74332,89814,88457,75718,94170,76253,91950,82513,96784
"6880",393.11148,7.798,86272,108460,94977,110923,124571,112799,108139,84437,115968
"6881",393.13724,1.057,0,0,0,0,0,0,230363,249095,213967
"6882",393.13757,0.591,0,0,0,0,0,0,158261,99836,143870
"6883",393.14709,7.918,11991,84307,67859,105546,112036,94538,72526,50974,83871
"6884",393.16797,5.784,42261,63453,57657,66783,63305,63671,74135,67333,72725
"6885",393.18869,4.864,24913,25122,20351,32479,23367,8130,121741,122796,145017
"6886",393.18921,3.288,0,1196,0,1203,2162,1388,219088,213711,184015
"6887",393.18939,3.402,1372,1393,6563,1206,1776,6157,185463,176790,181721
"6888",393.20053,9.727,14963,14334,6314,14012,5273,13689,132611,169494,111164
"6889",393.20685,10.428,1126098,794222,1093660,1066779,1007128,895729,938624,1517309,1102078
"6890",393.21048,11.634,72815,55321,162067,153949,89768,94520,151762,121377,37098
"6891",393.24731,3.766,13546,38175,52667,45096,46489,45610,59668,50716,57462
"6892",393.24841,2.288,338985,27449,31472,0,0,0,0,2073,2230
"6893",393.26218,7.21,0,6202,7180,3185,17204,1737,153205,157131,155790
"6894",393.27905,9.098,0,0,0,0,0,0,144503,116784,91631
"6895",393.28543,4.968,60305,72209,84538,74767,79381,82685,67653,79928,89983
"6896",393.28717,6.429,98724,3401,0,1295,0,0,2304,3944,2192
"6897",393.29129,3.88,78677,22832,24597,0,0,0,0,0,0
"6898",393.29727,9.7,131011,74136,125677,77494,73515,68581,68458,59059,103862
"6899",393.29889,11.634,63968,33171,61685,49119,37894,33692,83742,32149,56865
"6900",393.30948,6.543,406449,431928,449751,439297,476911,463048,528162,508107,508342
"6901",393.31094,6.01,183100,0,0,0,0,0,0,0,0
"6902",393.31241,5.756,150026,0,1648,0,0,0,0,0,0
"6903",393.32202,8.444,112170,18205,18168,22386,16384,10998,31144,27854,10085
"6904",393.62503,3.88,65236,13125,5165,0,0,0,0,0,0
"6905",393.83691,0.472,43627,29829,16622,52013,30559,35555,128858,169050,202614
"6906",393.86261,0.478,209606,206130,198499,188770,210325,196998,16883,13678,12288
"6907",394.17093,0.587,0,0,0,0,0,0,188873,156454,155551
"6908",394.17114,1.544,0,0,0,0,0,0,358140,387629,393720
"6909",394.17172,1.097,0,0,0,0,0,0,337067,390778,359304
"6910",394.20731,2.635,0,0,0,0,0,0,35439,35122,34726
"6911",394.20813,2.497,0,0,0,0,0,0,104430,109110,96458
"6912",394.20834,3.918,134668,157068,112467,145532,101809,138002,140005,197506,211665
"6913",394.2084,2.802,0,0,0,1391,0,0,61284,61682,53576
"6914",394.2092,3.613,0,0,0,0,0,0,36079,31987,37240
"6915",394.21033,7.54,478888,0,0,0,0,0,0,0,1853
"6916",394.21042,7.473,235018,0,0,0,0,0,0,0,1853
"6917",394.22293,4.407,551830,544800,480226,465036,533081,500209,1010083,978425,1053974
"6918",394.23233,2.621,154632,11802,14468,0,0,0,2381,0,0
"6919",394.25851,3.947,13295,0,0,0,0,0,56537,49263,38953
"6920",394.31754,8.847,307952,67517,57961,161127,28110,47692,89778,62868,84640
"6921",394.31799,8.714,467413,480102,381165,348850,492561,486954,470736,473004,506182
"6922",394.35229,11.073,642355,733156,721670,597225,391241,264931,730873,531204,327483
"6923",394.35382,11.571,279659,268790,274319,126901,100651,95776,185882,139005,57342
"6924",394.354,9.412,4691067,6639570,7167697,6162308,4917068,5992517,6313248,5776719,6951545
"6925",394.35416,9.539,3633048,2023839,2246181,1912654,2182494,2305500,1389571,2100328,3184891
"6926",394.87466,0.472,0,0,0,0,0,0,7258174,7204930,5654308
"6927",395.0744,2.347,0,0,0,0,0,0,123716,131467,114771
"6928",395.07455,2.462,0,0,0,0,0,0,765592,798408,857089
"6929",395.12646,7.187,53450,90341,91942,106023,126513,103529,139718,121715,117113
"6930",395.12692,7.025,1532850,1804266,1831293,1804581,1895774,1760780,1839775,1347933,1647969
"6931",395.13199,2.203,0,0,0,0,0,0,193446,183802,181151
"6932",395.13214,3.034,0,0,0,0,0,0,86468,75344,35150
"6933",395.14523,4.129,406640,395432,407365,384826,363229,403387,365006,388703,443657
"6934",395.16364,8.234,169584,191257,181230,170732,159895,183240,194420,162337,168862
"6935",395.16406,8.35,280204,302892,356992,319541,280974,357675,386323,356930,350005
"6936",395.16776,5.906,110803,87785,102008,100004,98096,94160,102728,113140,111194
"6937",395.18445,7.68,8356,133351,151050,144492,132063,148340,121221,111606,131356
"6938",395.18448,7.148,347298,478142,514796,430568,493971,465262,547739,445490,574427
"6939",395.18509,7.612,25159,111252,108849,117350,123906,130842,121147,113988,111757
"6940",395.2048,3.489,3697,1451,5308,10788,3349,9507,735616,712515,630262
"6941",395.242,8.947,96750,131660,113567,97627,120785,95883,134718,113865,142424
"6942",395.25281,5.024,247878,235624,253302,241331,229529,248747,227042,235509,265644
"6943",395.31573,9.774,81627,119334,117168,100321,83403,102885,84115,132631,125117
"6944",395.33151,3.903,0,0,0,0,0,0,36322,44259,37974
"6945",395.33151,4.015,0,0,0,0,0,0,111965,111429,102264
"6946",395.35739,9.491,866113,473384,213357,502864,589437,495433,281421,638636,517048
"6947",396.03513,0.559,4171,1811,3350,0,0,0,4875159,5171166,5888058
"6948",396.1062,8.051,203395,189807,196848,197332,353790,156324,344902,344396,170481
"6949",396.16846,0.561,0,0,0,0,0,0,137385,173607,51473
"6950",396.33319,7.884,1720113,989803,1091854,905491,967164,846109,984109,859305,970057
"6951",396.38428,10.962,5025,1770,4538,0,0,0,86858,20841,393050
"6952",396.38428,11.61,0,1414,0,0,0,0,622803,100985,4948
"6953",396.38486,10.814,545296,556598,230241,0,0,0,235681,205820,184430
"6954",396.42191,10.383,0,0,181537,0,0,0,19959,77358,117589
"6955",396.80325,3.498,5850,5912,11076,83094,9249,5414,3963,11191,7518
"6956",396.88489,11.655,112592,147717,82659,0,89405,109029,4319,11649,174918
"6957",397.09024,2.229,0,0,0,0,0,0,140974,139280,120635
"6958",397.1113,2.016,0,0,0,0,1602,0,98903,96637,79020
"6959",397.11133,1.811,0,0,0,0,0,0,617258,641377,592473
"6960",397.11169,1.676,0,0,0,0,0,0,92051,90282,83576
"6961",397.1268,2.644,0,0,0,0,1334,0,164249,163137,150479
"6962",397.13181,4.406,0,0,0,0,1310,0,516389,533518,544363
"6963",397.13196,3.781,0,0,0,0,1416,0,235830,203673,219052
"6964",397.13251,4.983,0,0,0,0,0,0,331404,400014,347248
"6965",397.13269,4.86,0,1712,0,0,0,0,153684,191466,165763
"6966",397.13815,3.35,0,0,0,0,0,0,88309,84093,74556
"6967",397.19937,8.115,730997,814604,854949,842506,782307,792571,851322,833804,834455
"6968",397.20007,7.971,610478,626190,593194,611904,607205,623850,643280,614882,627298
"6969",397.2002,7.89,587668,609991,602395,564878,588795,581109,579610,536193,566252
"6970",397.2012,6.652,89513,43124,41317,4414,4332,2791,3570,13381,7156
"6971",397.25244,9.336,67421,2667,7333,3280,4751,6890,2404,6426,4210
"6972",398.17474,9.424,179503,184634,215027,148408,78643,182727,82616,331939,269467
"6973",398.17477,9.09,203619,1050676,268558,527795,678189,769462,493837,497652,349925
"6974",398.20279,2.33,0,0,0,0,0,0,311020,324967,273348
"6975",398.20392,0.581,0,0,0,0,0,0,84351,76847,17560
"6976",398.20404,2.15,0,0,0,0,0,0,45721,44330,49767
"6977",398.23151,7.245,388690,13760,2980,0,0,0,0,0,0
"6978",398.23212,6.85,443920,7512,1962,0,0,0,0,0,0
"6979",398.23236,6.38,135587,0,0,0,0,0,0,0,0
"6980",398.23285,6.517,340733,2058,0,0,0,0,0,0,0
"6981",398.23318,9.417,62183,54297,50059,53732,41767,46110,55532,53925,59247
"6982",398.29089,6.705,37796,18871,36127,30274,29673,39255,40070,26060,39870
"6983",398.29153,9.688,230810,9870,6571,3108,6960,3484,14541,3409,8285
"6984",398.29233,9.046,17838,25546,27548,21775,19855,27709,39190,36586,35892
"6985",398.32764,10.153,690801,11274,6004,0,4860,2481,13494,25017,8040
"6986",398.32788,10.285,1624377,27662,24248,2579,2110,2222,41929,82280,46508
"6987",398.33847,7.141,93751,0,0,0,0,0,0,0,0
"6988",398.33871,7.282,61899,0,0,0,2932,2001,1750,0,2114
"6989",398.33911,8.203,89604,0,2493,0,0,0,0,0,0
"6990",398.33978,8.112,143679,0,0,0,0,0,0,0,0
"6991",398.36389,9.802,166811,30939,42688,6226,3670,3506,14584,26266,6840
"6992",399.06677,2.231,0,0,0,0,0,0,297473,307827,247789
"6993",399.10568,2.015,0,0,0,0,0,0,608494,636165,618978
"6994",399.12601,1.383,0,0,0,0,0,0,129577,126432,105107
"6995",399.12701,1.544,0,0,0,0,0,0,345149,362459,341765
"6996",399.12717,1.095,0,0,0,0,0,0,393609,474560,422003
"6997",399.12732,0.594,0,0,0,0,0,0,87322,56967,85525
"6998",399.13364,7.232,118244,178922,172816,185487,186170,185355,184426,178091,173900
"6999",399.13406,7.514,23973,255629,270271,284758,261355,286058,311272,282002,313415
"7000",399.13416,7.335,91267,227671,216703,220845,229131,228891,223330,242441,228283
"7001",399.13489,7.655,1200125,1862511,1858370,1923219,1888495,1880332,1858282,1778503,1884229
"7002",399.17706,2.203,0,0,0,0,0,0,324343,339690,265480
"7003",399.17908,4.404,251142,319728,325735,323441,347214,333841,359558,337145,449700
"7004",399.17938,8.306,106964,128570,119995,123174,126343,129245,160020,165309,139890
"7005",399.19785,8.055,267488,259676,281019,257299,261162,263530,280698,259484,271415
"7006",399.21909,8.786,3090999,780622,510769,2597,1321,3577,42895,44340,22289
"7007",399.23059,4.866,0,0,0,0,0,0,126540,161226,135237
"7008",399.23227,5.964,0,0,0,0,0,0,5249172,6109072,5464266
"7009",399.24716,3.316,102316,91915,98109,94585,91042,93947,97809,88080,100698
"7010",399.25125,11.609,730304,830657,856847,882683,473606,702202,1327003,461778,560923
"7011",399.25131,10.013,695566,817628,1153019,1044494,1268175,514437,766753,861516,1948490
"7012",399.25143,8.274,1355824,1255058,1241418,1102593,2347057,3858538,5546938,8788676,8267220
"7013",399.25171,8.056,62947512,55569624,60668860,51814632,50835940,50111192,55480556,52807872,56697188
"7014",399.25183,9.638,3124672,2913865,1924544,927908,1028865,916925,876657,1345434,1596477
"7015",399.25186,8.655,3018948,1421721,2076116,1038146,1456011,540288,1592952,2016670,1731848
"7016",399.25195,10.283,915988,1149353,709587,910202,740136,372698,669866,615538,785512
"7017",399.27252,4.425,10942,5112,2061,3119,3907,1212,72244,69527,86597
"7018",399.35913,7.483,334682,298183,310798,311561,294627,284397,306665,262019,293380
"7019",400.13962,3.147,0,0,0,0,0,0,68901,90402,70987
"7020",400.14001,3.246,0,0,0,0,0,0,171420,229891,172733
"7021",400.19897,7.387,73259,3240,2887,0,0,0,0,0,0
"7022",400.211,4.791,145158,0,0,0,0,0,0,0,0
"7023",400.21518,10.017,79429,59488,70474,79076,54403,76647,66431,71661,95780
"7024",400.21786,0.587,0,0,0,0,0,0,231857,230627,178132
"7025",400.21829,2.713,4901,4804,8277,10237,11129,11058,87428,80311,71034
"7026",400.21872,2.64,4901,4804,8277,10237,11129,11058,404860,398874,360763
"7027",400.21872,2.561,0,0,0,0,0,0,487052,467227,450828
"7028",400.34262,6.775,222836,237893,202885,193576,226024,220006,312642,235736,247027
"7029",400.34375,7.329,367052,391801,379494,356384,309771,366304,397142,348409,405079
"7030",400.72534,3.606,0,0,0,0,0,0,43100,50312,44880
"7031",401.09106,8.21,154746,48440,181969,27268,45527,55447,44003,59566,133258
"7032",401.12112,3.776,0,0,0,0,0,0,52648,39462,28529
"7033",401.15384,1.655,0,0,0,0,0,0,61226,37224,41912
"7034",401.16129,7.298,0,0,0,0,0,0,82341,82365,73728
"7035",401.16208,7.224,0,0,0,0,0,0,145730,153152,135671
"7036",401.17746,0.54,0,0,0,0,0,0,117246,174008,37038
"7037",401.24713,4.451,2093,0,0,0,0,0,48879,62678,63007
"7038",401.24802,6.129,0,0,0,0,0,0,322246,345034,285979
"7039",401.24811,6.652,0,0,0,0,0,0,217183,197451,185961
"7040",401.24875,6.471,0,0,0,0,0,0,75597,73167,54638
"7041",401.26352,3.43,873344,882646,895514,826573,838601,856280,895176,838625,956661
"7042",401.26602,4.225,93831,18882,20796,6066,2998,10700,1264,5355,5097
"7043",402.00098,2.236,0,0,0,0,0,0,17995,22788,17155
"7044",402.16101,0.888,0,0,0,0,0,0,356501,375652,363284
"7045",402.16174,0.806,0,0,0,0,0,0,80316,105308,102190
"7046",402.16217,0.585,0,0,0,0,0,0,403452,351758,368895
"7047",402.17648,3.785,0,0,0,0,0,0,197689,190008,169530
"7048",402.19711,1.509,0,0,0,0,0,0,18973,32093,29083
"7049",402.22983,7.026,102315,76960,72124,66222,73276,63989,97438,61531,70668
"7050",402.23468,2.495,966052,807833,807022,850955,824479,803461,914270,837002,871400
"7051",402.26093,4.99,248340,1506,9796,5003,4185,4418,3500,2332,4687
"7052",402.26428,8.237,52136,60529,64438,70016,60166,72838,74074,91242,82043
"7053",402.26581,8.353,100603,124574,103907,91851,93280,122291,130773,144490,143411
"7054",402.27087,2.773,100693,54361,46327,51730,55266,53970,63367,56133,54284
"7055",402.32266,9.654,214234,251770,199221,172546,153505,176743,187517,190993,188063
"7056",402.32294,9.443,222059,304645,248437,264556,173381,241834,204233,277439,284024
"7057",402.35809,7.005,93029,90687,34455,75971,122630,187153,127609,77666,155194
"7058",402.35831,11.298,125964,144546,130598,150270,187219,142587,179966,181326,178353
"7059",402.35849,8.05,165454,302680,317484,177422,243124,184593,213360,269283,158472
"7060",402.3588,7.296,14057595,13883206,12809010,12480871,13014904,12279090,14492724,13373097,14403317
"7061",402.35892,7.175,12262372,10783755,10026712,9354031,9837642,9810269,11749225,10493561,11189608
"7062",402.90277,11.649,684884,850429,715410,718215,755350,612714,583755,879238,804949
"7063",403.03473,1.837,0,0,0,0,0,0,15178,43820,38771
"7064",403.10233,5.742,23815,30552,49117,46378,36801,44116,28255,29016,48402
"7065",403.14011,9.205,0,0,0,0,0,0,31097,46156,27320
"7066",403.1485,2.965,0,0,0,0,0,0,51500,59978,33833
"7067",403.15829,2.332,0,0,0,0,0,0,122679,130281,106892
"7068",403.16153,0.558,0,0,0,0,0,0,495068,400422,341295
"7069",403.1767,7.707,0,0,0,0,0,0,43559,42892,39941
"7070",403.19693,1.895,0,0,0,0,0,0,291317,324072,278410
"7071",403.19702,2.061,0,0,0,0,0,0,207587,226094,216249
"7072",403.21536,3.14,0,0,0,0,0,0,64789,64949,63002
"7073",403.23318,8.957,860516,775301,736669,651038,778886,698529,806200,755092,824540
"7074",403.25699,6.782,36463,30555,44619,38629,36927,41566,43093,51265,45126
"7075",403.26474,5.288,0,0,0,0,0,0,174754,195538,151489
"7076",403.30515,9.844,349910,356694,387048,358408,293611,385740,339570,387885,495223
"7077",403.38147,9.626,232706,358815,264750,357307,244125,331158,318391,280303,372713
"7078",403.78357,11.999,26477,22354,47501,63160,29388,28909,47066,49249,40344
"7079",403.87668,11.658,829847,822276,786998,811743,798852,849276,688947,724420,718202
"7080",404.00357,0.466,0,0,0,0,0,4666,87936,90832,45509
"7081",404.11902,2.185,0,0,0,0,0,0,128724,155206,131225
"7082",404.1557,2.495,0,0,0,0,0,0,140514,76838,76549
"7083",404.15738,0.559,0,0,0,0,0,0,1755486,1589662,1585244
"7084",404.20786,6,60775780,50795816,64449756,62621796,65722100,54906776,60916328,51507924,57729952
"7085",404.2081,6.761,195476,169016,186561,195014,188112,160058,176426,128753,136649
"7086",404.2088,6.46,202848,159333,180947,190254,183343,159526,145990,133081,146919
"7087",404.22067,6.529,238236,156864,161581,2172,1774,0,1537847,937234,752965
"7088",404.22861,2.568,0,0,0,0,0,1722,597041,600600,553600
"7089",404.2287,2.784,0,0,0,0,1475,0,154229,162208,142257
"7090",404.22873,3.421,3860,1412,0,0,1231,1443,141204,138011,118517
"7091",404.22955,4.556,306989,10793,6964,3854,1227,1217,5021,1702,14408
"7092",404.23883,7.54,525658,2447,2345,0,0,0,0,0,0
"7093",404.24011,7.473,313093,2860,0,0,0,0,0,0,0
"7094",404.2439,8.306,1162294,1211405,1156836,1085266,1049349,1159979,1268002,1265272,1203566
"7095",404.24432,8.211,767879,674048,687800,601986,664783,681903,723915,679328,717872
"7096",404.2511,2.303,192227,180382,176044,81792,183096,180021,188839,167786,199242
"7097",404.26337,6,458348,365614,436825,436131,470585,378059,444530,382445,395618
"7098",404.8302,0.474,0,0,0,0,0,0,172001,252752,273987
"7099",404.89206,0.535,45846,98819,221188,174557,360339,221422,0,0,0
"7100",404.91632,0.462,105384,82432,122761,79168,119416,91886,8442,25128,25814
"7101",405.10559,2.299,0,0,0,0,0,0,40424,50524,39468
"7102",405.11578,2.931,0,0,0,0,0,0,43651,37861,32105
"7103",405.12714,1.104,0,0,0,0,0,0,101038,127306,107101
"7104",405.13025,3.312,0,0,0,0,0,0,208726,231028,205033
"7105",405.13068,3.471,0,0,0,0,0,0,39353,43140,42767
"7106",405.13849,0.508,0,0,0,0,0,0,83122,80514,76176
"7107",405.16132,7.551,0,0,0,0,0,0,24442,29303,11929
"7108",405.16739,6.876,40066,39461,36069,40323,49759,43433,44749,42096,56802
"7109",405.17429,2.644,0,0,0,0,0,0,73924,80478,74898
"7110",405.17505,2.559,0,0,0,0,0,0,79889,72449,74563
"7111",405.22571,5.247,0,0,0,1297,1658,1510,81962,82393,51827
"7112",405.23438,7.141,287907,25751,20028,1827,0,2352,0,2028,2179
"7113",405.23441,7.294,290974,22038,8576,0,0,0,0,0,1900
"7114",405.23508,7.362,660246,19436,58520,0,0,1505,0,0,1900
"7115",405.2645,9.495,115403,145044,138740,116742,87355,170552,138886,160936,162353
"7116",405.27939,4.876,1964,0,0,0,0,0,640407,760499,706026
"7117",405.27963,5.679,0,0,0,0,0,0,127494,134745,135273
"7118",405.30209,7.778,128914,14603,14636,2091,1948,2722,7107,7092,6405
"7119",405.34857,6.342,96849,4839,9672,0,0,0,0,0,0
"7120",405.35818,10.529,64972,56327,65397,61841,63437,44548,56471,78413,63451
"7121",405.78998,3.356,67630,10372,9068,0,0,0,0,0,0
"7122",406.12726,3.121,0,0,0,0,0,0,45888,107564,88400
"7123",406.17139,2.223,0,0,0,0,0,0,748973,800855,708437
"7124",406.22333,6.989,97577,42031,24726,0,0,2066,0,0,0
"7125",406.24432,2.528,0,0,0,0,0,0,340932,175399,194205
"7126",406.24435,3.042,0,0,0,0,0,1545,485679,562213,191103
"7127",406.31689,9.247,111336,134814,121679,117713,111063,122821,118784,125906,118442
"7128",406.3172,9.312,172509,207575,227576,188847,209896,205121,222245,273079,226770
"7129",406.33002,10.273,133652,111849,132577,129231,115155,107912,127915,164181,154185
"7130",406.35352,10.34,128726,116401,128019,110141,109680,98578,107456,195717,128191
"7131",406.95331,0.469,275403,206331,266327,181592,256576,220220,30197,15526,0
"7132",407.07446,2.31,0,0,0,0,0,0,162296,176711,173723
"7133",407.09314,9.357,40310,52772,48430,41360,51166,53815,55571,55218,54554
"7134",407.11127,3.741,0,0,0,0,0,0,52213,47084,49149
"7135",407.11575,0.588,0,0,0,0,0,0,139190,93082,122634
"7136",407.11713,0.882,0,0,0,0,0,0,248174,238602,243784
"7137",407.12668,7.657,0,52688,62825,68446,70741,66721,58843,52110,58366
"7138",407.13245,2.166,0,0,0,0,0,0,89082,83276,86149
"7139",407.14294,6.099,103238,67613,75564,0,0,1569,2367,0,0
"7140",407.15286,1.495,0,0,0,0,0,0,207045,285471,264230
"7141",407.15802,9.211,0,0,0,0,0,0,118390,118808,87601
"7142",407.16931,2.705,0,0,0,0,0,0,34752,29386,29951
"7143",407.17947,7.302,0,2438,0,2325,1908,2050,197862,196770,176041
"7144",407.17978,7.222,0,0,0,3887,2034,2655,323378,312178,292735
"7145",407.18372,7.887,133156,191735,206526,195743,211590,211289,225351,225786,219947
"7146",407.18497,7.704,73260,35157,32966,0,0,0,0,3026,2603
"7147",407.18555,7.993,194462,174564,153414,141125,121265,126871,139085,133753,153666
"7148",407.22092,6.702,0,0,0,0,0,0,175350,172841,157424
"7149",407.24072,5.144,2153,0,1634,1813,0,1207,98206,94227,79121
"7150",407.25903,6.295,0,0,0,0,0,0,156705,170282,142494
"7151",407.27856,9.442,113833,190121,166428,176232,168044,205111,157115,219163,256835
"7152",407.27908,9.251,69733,82276,86838,75805,77556,93631,119618,115242,117584
"7153",407.29691,5.206,0,0,0,0,0,0,50299,47712,44042
"7154",407.30099,6.138,102429,98383,108712,107185,103486,85445,116933,122800,127095
"7155",407.33621,9.014,96583,79572,105746,82255,70271,80056,112632,121934,103839
"7156",407.33853,8.87,75227,68493,40536,65178,54341,50594,73932,55232,42469
"7157",407.3645,8.319,409189,91816,114161,0,0,0,0,0,0
"7158",408.01318,1.848,0,0,0,0,0,0,37590,48814,21893
"7159",408.11664,0.561,0,0,0,0,0,0,346307,183019,239826
"7160",408.15109,1.008,0,0,0,0,0,0,86181,76854,68931
"7161",408.18613,2.293,0,0,0,0,0,0,57292,43985,51449
"7162",408.23105,9.251,43291,61871,58446,47933,55546,64063,66652,66157,82459
"7163",408.2533,3.468,137419,118626,130021,125555,125391,119269,139498,120647,123334
"7164",408.25867,9.394,184245,140727,158412,124561,143221,154885,169911,166147,158220
"7165",408.28925,9.104,131605,0,0,0,0,2040,1979,0,0
"7166",408.30899,10.166,1548739,1463796,1518795,1656220,1688750,1643316,1547058,1692624,1558515
"7167",408.30917,10.03,1555879,1333340,1599579,1531657,1391475,1604129,1398437,1677442,2000758
"7168",408.33371,9.211,88815,97638,122285,87296,124199,83156,142453,141745,128915
"7169",408.36868,10.032,4507048,2565088,3262449,2824426,2292054,3054216,2649447,3320728,4243009
"7170",408.36899,9.914,2796873,2859700,3718266,2908872,3147862,3681957,2919838,3583206,4076125
"7171",408.36905,9.84,2529403,2563371,2644526,3082457,2038691,2896209,2280582,3133612,2779989
"7172",408.92084,0.467,372342,257917,338374,230655,327308,272233,203372,214202,146484
"7173",409.0737,1.875,0,0,0,0,0,0,24953,56734,60399
"7174",409.09061,3.26,0,0,0,0,0,0,54379,49967,13949
"7175",409.11093,2.485,0,0,0,0,0,0,391274,425376,453953
"7176",409.11203,2.383,0,0,0,0,0,0,86410,91582,79602
"7177",409.11386,0.557,0,0,0,0,0,0,1744068,1631970,1430582
"7178",409.16269,6.759,688440,648970,747666,716580,800632,651062,959134,656295,736765
"7179",409.16296,6.001,12439772,10637141,13624627,13504455,13644616,11549344,12130624,10616177,12241184
"7180",409.16315,6.428,1306636,1210688,1333452,1269675,1333350,1152264,1487587,1285484,1405551
"7181",409.16333,5.899,60202,41560,86357,69290,67078,46151,56227,45382,58674
"7182",409.16354,6.169,206157,251815,295454,261943,257869,231375,298872,278433,284320
"7183",409.17599,6.53,419358,335746,345599,11132,13191,4895,3399759,2159153,1720896
"7184",409.18219,0.585,0,0,0,0,0,0,364189,345653,355684
"7185",409.18399,2.574,24735,1213,18468,23765,23706,19392,3308244,3420947,3078538
"7186",409.18417,3.362,0,1688,1614,0,1305,1763,181237,192434,162831
"7187",409.18427,2.781,5351,0,2924,1533,0,0,607393,608599,572975
"7188",409.18439,3.196,0,1263,0,1290,3167,1049,614796,626642,545962
"7189",409.18448,3.424,0,1688,3578,0,1098,2303,165989,166072,159316
"7190",409.18463,10.756,1966414,1812054,1935287,1890826,1877222,1642793,1856686,1559093,1613654
"7191",409.18738,1.825,0,0,0,0,0,0,985036,1148405,892112
"7192",409.19498,7.707,14238,11832,4957,5912,31179,2167,179626,178784,143420
"7193",409.1998,8.212,849577,868396,898430,758017,832839,874200,853367,859729,898870
"7194",409.20004,8.31,1197505,1252105,1229285,1180556,1190576,1266658,956810,915206,1157918
"7195",409.2002,7.426,95199,169265,164490,158439,104866,147828,138947,112729,159896
"7196",409.20181,10.018,348136,264113,340418,340847,301244,414064,357716,431293,551193
"7197",409.25031,5.053,101648,1285,0,1551,1457,1675,4035,1861,2852
"7198",409.2692,5.212,59978,0,1053,0,0,1498,0,0,0
"7199",409.27246,11.291,76889,73964,67183,54465,74550,72381,58270,69195,61505
"7200",409.27435,4.554,0,0,0,0,0,0,288524,325544,293605
"7201",409.27563,4.651,0,0,0,0,0,0,83912,94294,97819
"7202",409.28427,6.543,106168,208145,213009,220434,232827,237267,237623,205599,215946
"7203",409.29349,9.214,22939,49912,41433,34821,39646,52684,47495,57965,45278
"7204",409.38016,8.998,188337,75630,66472,13830,8622,2695,2374,2991,5877
"7205",410.14304,2.338,0,0,0,0,0,0,100642,110919,68357
"7206",410.16644,1.895,0,0,0,0,0,0,291111,285838,274444
"7207",410.1825,2.669,0,0,0,0,0,0,245723,223686,205899
"7208",410.21716,8.55,152288,0,0,0,0,0,0,0,0
"7209",410.25818,9.294,76473,9340,12301,3304,0,0,2774,0,6495
"7210",410.31259,7.865,93406,1970,2689,2181,2478,2501,7643,2004,2858
"7211",410.34891,8.297,490352,139938,158073,157977,148920,155012,191425,160531,160106
"7212",410.34897,8.457,2919930,963954,910766,801997,802712,909085,969055,918689,944827
"7213",410.84879,0.474,1855,0,4040,0,4569,3360,3676728,4072266,3825093
"7214",411.06033,2.236,0,0,0,0,0,0,67047,76232,68673
"7215",411.09448,8.33,211880,226493,212707,215876,220406,224770,242353,217087,237587
"7216",411.09906,0.557,0,0,2088,0,0,0,1396509,1611806,1618292
"7217",411.10645,3.035,0,0,0,0,0,0,102272,93006,35488
"7218",411.1189,8.106,227933,242495,233002,189462,330620,65135,306304,222946,269164
"7219",411.12024,11.637,10826,74019,159662,156825,180944,74632,75648,136427,112433
"7220",411.12701,2.223,0,0,0,0,0,0,228532,224026,213951
"7221",411.15356,3.91,0,0,0,0,0,0,456987,458776,424783
"7222",411.15817,7.148,5871,91051,37296,73313,74115,65249,82009,63876,66453
"7223",411.17828,3.493,0,0,0,0,1133,0,347471,328304,269509
"7224",411.17841,5.781,402078,361425,415520,421021,395946,403464,454102,465111,490345
"7225",411.17841,5.901,126736,112043,119216,110582,117745,119814,151071,150676,147877
"7226",411.17874,5.664,133189,121778,142015,144695,138427,139217,143456,157682,172051
"7227",411.19974,2.81,0,1595,1524,0,0,0,1113261,1134332,985820
"7228",411.1998,2.53,0,0,0,0,1527,0,663431,556334,587467
"7229",411.19995,3.015,0,1712,0,0,0,0,335346,356535,312982
"7230",411.20007,3.142,0,1712,1336,0,0,0,158910,172051,136605
"7231",411.27112,9.249,62832,82473,84334,69875,71797,73687,70405,75744,82014
"7232",411.27295,9.314,90918,114957,158430,131267,111033,129395,129632,128717,107332
"7233",411.30835,9.748,57771,82230,74677,71606,54729,71469,47467,56709,82268
"7234",411.30942,10.341,71411,65257,102168,66700,71420,77407,59141,112228,67199
"7235",411.32718,3.581,0,0,0,0,0,0,24704,29241,21051
"7236",411.36261,10.968,0,0,0,0,0,0,0,0,289027
"7237",412.18198,2.16,0,0,0,0,0,0,168277,171453,171188
"7238",412.19003,10.188,168602,167828,214593,214962,129029,315062,274192,362930,390541
"7239",412.21906,2.88,0,0,1202,0,0,0,532420,558707,501948
"7240",412.21945,2.798,0,0,1202,0,0,0,1419604,1472663,1362387
"7241",412.30588,3.238,749946,147750,164772,3607,0,7088,32117,24674,25884
"7242",412.31012,8.282,533929,14751,41999,5041,8566,19045,34379,23518,29574
"7243",412.32892,6.726,144274,47326,52125,37701,49805,46948,51502,50067,53216
"7244",412.34344,10.649,2260930,25141,37102,0,0,0,38549,51090,36888
"7245",412.3436,10.794,375269,3075,2312,0,0,0,2119,3063,0
"7246",412.37677,10.375,53427,32326,65485,36229,46800,53532,50525,106268,65464
"7247",412.79788,3.459,1155787,248557,236863,1511,2869,1250,34724,36722,31594
"7248",412.84756,0.474,0,0,5318,0,0,0,816029,904756,844742
"7249",412.86349,11.658,457307,561654,495120,449412,574297,455856,472155,400809,493380
"7250",413.08261,2.31,0,0,0,0,0,0,298168,315164,310188
"7251",413.08328,2.697,0,0,0,0,0,0,109545,97497,60528
"7252",413.08505,1.809,0,0,0,0,0,0,194117,170507,161315
"7253",413.14294,1.991,0,0,0,0,0,0,76647,89706,78929
"7254",413.17236,4.004,75329,80250,77602,77088,71248,82396,89934,96881,99989
"7255",413.17361,8.114,43178,64144,74971,77803,64549,67837,68696,65032,64984
"7256",413.17416,7.969,49610,59578,70411,50215,71245,53637,57271,59711,53507
"7257",413.19196,1.613,0,0,0,0,0,0,129298,128245,227103
"7258",413.19226,1.381,0,0,0,0,0,0,97721,79430,41942
"7259",413.2153,2.717,0,0,0,0,0,0,231565,255282,204908
"7260",413.23068,7.99,424084,439077,352407,358829,386600,388095,433323,365104,394827
"7261",413.23169,7.548,916333,719349,690724,702094,741615,741854,706106,702595,708986
"7262",413.23181,6.428,75477,64617,73275,59008,65940,62700,72320,70374,71479
"7263",413.26419,11.635,48340,55456,56205,59950,63697,92734,92647,61933,113667
"7264",413.26733,11.268,2667291,2640108,2689014,2312193,2592778,2627608,2491692,2440461,2302996
"7265",413.28995,3.684,4172372,912828,921111,0,0,0,144618,146282,119809
"7266",413.37671,8.185,68191,0,0,0,0,0,0,0,0
"7267",414.04648,0.552,0,0,0,0,0,0,650945,735814,717712
"7268",414.19742,1.756,0,0,0,0,0,0,53872,57317,48551
"7269",414.19785,0.583,0,0,0,0,0,0,475530,480404,358402
"7270",414.19791,1.485,0,0,0,0,0,0,68214,63902,54935
"7271",414.23428,3.249,29171,28463,26922,30685,28099,27580,68576,64487,63146
"7272",414.23434,0.826,0,0,0,0,0,0,25156,48277,36114
"7273",414.32269,9.184,1223174,107926,57775,74799,116411,53529,191079,210626,115571
"7274",414.32275,8.663,1261010,1308610,1386727,1279556,1753586,1426323,1284576,1348588,1880386
"7275",414.32294,8.769,489868,616026,412920,507175,123012,414124,594130,672529,142785
"7276",414.94043,11.638,117944,79786,214666,100862,168368,112430,87868,96897,69121
"7277",414.9411,0.469,513500,152918,486631,173814,322628,193550,38599,26180,0
"7278",415.0397,2.236,0,0,0,0,0,0,30668,34033,15809
"7279",415.04102,1.845,0,0,0,0,0,0,78831,115980,112479
"7280",415.10074,1.543,0,0,0,0,0,0,73327,85624,74520
"7281",415.10089,1.092,0,0,0,0,0,0,145298,178247,133633
"7282",415.10623,9.111,133482,194876,84788,133124,156509,182669,164047,128896,129230
"7283",415.10794,7.659,3964,95530,88070,106945,113521,108552,114298,91131,99108
"7284",415.10919,7.513,0,42035,27120,57681,44551,54621,44918,40026,54017
"7285",415.12167,1.837,0,0,0,0,0,0,80370,58826,73290
"7286",415.13702,2.669,0,0,0,0,0,0,670540,679934,614424
"7287",415.15311,4.406,150868,224285,220037,239444,236777,234876,62966,70008,99770
"7288",415.18945,10.434,44401,49164,59688,61290,47883,51884,50095,77980,48566
"7289",415.19238,8.792,662682,184062,113077,0,0,0,0,0,0
"7290",415.21274,6.655,17425080,8539924,8658739,1284752,1346225,1278748,1831305,1928447,1623426
"7291",415.21277,6.983,757769,613975,391222,104998,93906,111480,114734,209384,128793
"7292",415.21292,6.301,255439,195181,219315,124022,131209,129770,115410,131111,127523
"7293",415.21301,6.848,514794,336924,346046,252099,335648,295042,405161,368299,407578
"7294",415.21368,9.294,356926,122425,197364,105138,120344,189096,162843,181761,133464
"7295",415.22601,4.825,0,0,0,0,0,0,82158,93537,68174
"7296",415.22733,4.724,0,0,0,0,0,0,186402,193888,203431
"7297",415.22748,5.705,0,0,0,0,0,0,104192,99045,107125
"7298",415.2467,6.162,112744,84726,127612,105669,112279,97542,127266,131075,121604
"7299",415.25491,2.637,59773,48861,52173,60686,53573,54330,55383,59898,59474
"7300",415.26981,6.647,69869,26053,17706,0,0,0,0,0,0
"7301",415.28305,7.359,14482,37106,84351,33030,75300,71468,153195,147089,133563
"7302",416.09579,1.843,0,0,0,0,0,0,66842,69473,71660
"7303",416.20697,6.002,204561,128564,184086,149841,209052,147582,203495,169372,165474
"7304",416.21271,0.583,0,0,0,0,0,0,537429,522155,493037
"7305",416.2132,2.533,292587,295570,266798,271627,272592,294333,310917,293626,279484
"7306",416.2453,8.632,101962,103901,112046,103631,118012,100622,121849,112766,109477
"7307",416.25003,2.96,138679,144486,136143,135886,140412,126506,162752,140014,141403
"7308",416.26813,10.311,593131,349038,160878,629808,353142,297153,666682,589215,398651
"7309",416.26828,3.919,177078,160330,172411,158046,160935,177090,206409,187148,192360
"7310",416.37436,7.659,1037460,926671,754884,739569,777304,806770,879382,794666,846552
"7311",416.37442,11.295,154913,177320,173754,191813,177073,150065,241693,160343,193724
"7312",416.37476,7.782,546192,416308,665846,497734,474404,515318,675736,727222,669357
"7313",416.37479,7.425,258556,289126,310130,255958,265916,303683,295306,330652,325015
"7314",416.37518,7.548,1251657,671674,1181306,696894,696437,586470,787660,745751,1287833
"7315",416.43787,0.482,0,0,0,0,0,0,22430,59726,67372
"7316",417.04706,0.624,0,0,0,0,0,0,37662,48962,41764
"7317",417.13715,2.162,0,0,0,0,0,0,771914,810579,814172
"7318",417.17383,2.882,0,0,0,0,0,0,125707,140930,110854
"7319",417.17416,2.798,0,0,0,0,0,0,219400,230366,212405
"7320",417.1756,1.855,0,0,0,0,0,0,154052,177896,131195
"7321",417.18515,5.96,0,0,0,0,0,0,230470,229570,183436
"7322",417.1893,4.449,0,0,0,0,0,0,26858,33114,38974
"7323",417.24298,5.964,0,0,0,0,0,0,42638780,49664424,44259792
"7324",417.24301,4.862,0,0,0,0,0,0,2939322,3365539,3009910
"7325",417.24307,5.257,0,0,0,0,0,0,290255,329935,290203
"7326",417.24316,6.372,0,0,0,0,0,0,332825,372638,314812
"7327",417.24323,6.927,0,0,0,0,0,0,118255,145467,105231
"7328",417.24329,6.686,0,0,0,0,0,0,1627672,1708372,1404210
"7329",417.24341,5.775,0,0,0,0,0,0,588342,638288,579933
"7330",417.2608,4.324,88492,0,2937,0,0,0,0,0,0
"7331",417.26596,5.057,285010,290720,297290,266864,258927,283978,259751,283401,288483
"7332",417.2988,10.653,81749,2446,3082,2730,2485,4761,9145,5583,2591
"7333",417.3689,10.03,154552,127499,164804,148184,136227,152392,157350,229293,271727
"7334",417.37006,10.159,119981,87500,102935,130724,119337,96113,114805,91523,164197
"7335",417.84723,11.796,221022,136545,195433,146877,134743,133360,73569,93933,54952
"7336",418.01855,0.577,0,0,0,0,0,0,114559,83037,103411
"7337",418.15143,7.222,0,0,0,0,0,0,37523,32600,39203
"7338",418.15161,7.3,0,0,0,0,0,0,26368,23498,17806
"7339",418.22339,6.002,6160220,4122996,6258024,5254878,6384734,4470172,6515609,5546538,5933750
"7340",418.2363,6.552,323121,284865,264186,248058,256175,272135,534498,412341,377323
"7341",418.24487,2.577,0,0,0,0,0,0,57640,51396,49391
"7342",418.24536,5.045,2976,1713,2129,3995,4903,1896,56792,63586,64626
"7343",418.24731,2.832,161511,175713,165257,162639,162694,179198,186301,205805,203040
"7344",418.25977,8.296,36475,29098,43291,38052,33517,51284,50991,48816,36400
"7345",418.31699,9.737,207705,217900,195924,212380,145161,203573,135654,204354,232505
"7346",418.3309,10.228,210141,2006,0,0,0,0,0,0,0
"7347",418.33157,10.159,319164,0,0,0,0,0,0,0,0
"7348",418.87943,11.652,1773774,2081578,1780904,1743708,1990091,1891608,1748270,2041002,2203928
"7349",419.13135,2.336,0,0,0,0,0,0,54244,55164,45114
"7350",419.15359,1.763,0,0,0,0,0,0,47511,54836,46155
"7351",419.21353,2.805,56477,0,0,0,0,0,0,0,0
"7352",419.242,8.257,0,0,0,0,0,0,58813,93834,54922
"7353",419.25867,6.652,6776,5096,13725,15198,0,3542,10893906,10749004,9574925
"7354",419.25876,6.129,0,0,2412,0,0,0,3179243,3514138,2933106
"7355",419.25894,5.141,0,0,0,0,0,0,136041,144295,145204
"7356",419.25894,6.471,6776,0,13725,15198,14704,0,4294062,4385222,3774378
"7357",419.25897,7.72,2779,0,0,0,0,0,298547,291637,274587
"7358",419.25903,5.326,0,0,0,0,0,0,2896446,3210015,2892110
"7359",419.25949,6.37,0,0,0,0,0,0,230601,225118,221699
"7360",419.25974,4.446,0,0,0,0,0,0,96926,127629,128730
"7361",419.31616,11.614,194052,65819,110648,98798,133977,80203,109018,111606,140261
"7362",419.31625,10.184,885653,721505,931001,652470,792204,706738,938461,1070939,887416
"7363",419.31628,8.985,451967,107225,147051,217427,219398,141290,364752,118970,171476
"7364",419.31647,9.208,350916,248029,120060,206405,147629,107619,458486,353327,331049
"7365",419.31662,9.636,834168,1479737,1292212,415735,218140,194766,852242,724802,982704
"7366",419.31668,9.411,619771,502975,567232,227319,296172,102246,217683,199889,371288
"7367",419.31769,8.796,1001471,391356,351353,407114,349477,322446,262396,379600,396932
"7368",419.3179,8.672,479782,384233,379775,368422,391742,322336,315702,344901,225121
"7369",419.36362,6.8,104734,0,2470,0,0,0,0,0,0
"7370",419.36368,7.017,241790,0,5885,0,0,0,0,0,0
"7371",419.37369,11.031,49547,45364,37403,57273,41544,48744,54705,48918,42874
"7372",419.80594,3.839,180214,39793,44037,0,1381,0,0,4212,0
"7373",420.18707,2.46,0,0,0,0,0,0,675277,653882,600510
"7374",420.18719,2.698,0,0,0,0,0,0,320475,336559,295389
"7375",420.18735,2.389,0,0,0,0,0,0,631701,638953,640728
"7376",420.20599,7.461,53918,0,0,0,0,0,0,0,0
"7377",420.22324,2.048,0,0,0,0,0,0,81733,78396,72189
"7378",420.22357,1.895,0,0,0,0,0,0,1264913,1335054,1252441
"7379",420.2236,2.916,0,0,0,1415,0,0,446607,448492,416745
"7380",420.22366,2.266,0,0,0,0,0,0,141942,115342,116035
"7381",420.26074,4.608,92615,72372,84757,72956,71361,80710,90652,87099,91596
"7382",420.29688,4.406,0,0,0,0,0,0,118880,150808,121276
"7383",420.2977,4.073,159684,31869,32890,0,0,0,0,0,0
"7384",420.30807,7.239,93421,6592,5157,6527,1974,2463,2268,6941,0
"7385",420.33252,9.844,9976186,10726307,11926501,11305972,9078441,10878633,9035539,12299165,13544324
"7386",420.33319,6.917,155649,163744,139090,141916,99782,162829,157896,143301,152399
"7387",420.40604,9.627,2394638,3187769,2731936,2943584,2170910,2686076,2344404,2899428,2954325
"7388",420.80212,0.47,0,0,0,0,0,0,35489,62799,123021
"7389",420.88626,0.468,471005,352974,418575,289211,387249,356538,39728,62072,19880
"7390",421.13278,0.519,0,0,0,0,0,0,129873,106491,90508
"7391",421.13477,1.581,0,0,0,0,0,0,110861,125217,105170
"7392",421.16931,1.89,0,0,0,0,0,0,86897,136152,88351
"7393",421.22394,11.078,116053,118601,103707,82980,70401,81750,111460,76003,95141
"7394",421.22549,10.324,788121,585841,491462,457890,484149,416207,486560,1097526,791810
"7395",421.22943,7.467,309798,1895,2851,2274,2220,1696,2390,0,2068
"7396",421.22968,7.644,304819,2672,2629,2020,0,0,1919,6798,0
"7397",421.23065,7.54,667159,2672,2851,2020,2220,1696,1919,6798,2136
"7398",421.23303,8.057,6438538,6176560,6914057,5856084,6422311,6359018,7900120,7589243,7379316
"7399",421.25876,5.646,0,0,0,2338,2775,0,174488,189217,159378
"7400",421.25897,5.58,0,0,0,2338,2775,0,183964,195827,193326
"7401",421.26019,3.39,68887,75057,74137,73818,73343,68060,74989,66869,64727
"7402",421.27469,3.893,6644,0,0,0,0,0,274891,297406,276813
"7403",421.27481,7.741,0,0,0,0,0,0,243585,256626,247373
"7404",421.30499,9.047,264198,0,2191,3105,0,0,0,2614,3060
"7405",421.38031,9.023,379056,50067,46007,0,0,0,0,0,0
"7406",421.84821,11.66,304816,220403,244220,297252,236804,296108,312041,277943,202703
"7407",421.88544,11.658,378882,217285,411522,352601,299478,366706,343980,466724,402630
"7408",421.98401,1.813,0,0,0,0,0,0,33673,31907,31767
"7409",422.10092,3.13,0,0,0,0,0,0,56905,63165,53191
"7410",422.14307,2.103,0,0,0,0,0,0,121709,111045,69326
"7411",422.14536,3.374,0,0,0,0,0,0,137565,110344,104304
"7412",422.18198,4.272,0,0,0,0,0,0,81149,60153,11929
"7413",422.2189,5.086,703442,744998,707160,637156,648426,702237,673939,702939,742353
"7414",422.23953,2.13,0,0,0,0,0,0,139763,138160,139107
"7415",422.23978,2.376,0,0,0,0,0,0,140643,127101,129666
"7416",422.29071,9.729,190412,191399,228217,169942,134994,163909,193745,223225,232710
"7417",422.29117,9.494,170287,229683,213704,219431,201889,211059,215458,257677,263479
"7418",422.29434,8.786,189069,31787,20920,0,0,0,0,1908,2413
"7419",422.32748,11.269,232824,203538,203298,194445,183532,208585,244751,250208,210748
"7420",422.34909,9.65,272648,345631,342071,258456,232536,374827,234810,328069,348609
"7421",422.38501,10.53,632097,697378,763355,720408,687611,522311,704385,875733,647268
"7422",422.92813,0.458,0,1962,0,0,0,0,52702,34178,25620
"7423",423.06421,0.619,0,0,0,0,0,0,193364,227209,162088
"7424",423.07755,1.845,0,0,0,0,0,0,85384,113031,119144
"7425",423.09088,0.884,0,0,0,0,0,0,58873,57297,57368
"7426",423.09183,0.802,0,0,0,0,0,0,11309,21507,12853
"7427",423.14069,4.893,108243,115612,121420,115075,114728,120481,59325,78768,84605
"7428",423.14767,0.595,0,0,0,0,0,0,64596,66334,65914
"7429",423.14835,0.82,0,0,0,0,0,0,138970,163032,119467
"7430",423.15436,7.222,0,0,0,0,0,0,68200,63542,59932
"7431",423.15848,7.888,0,29428,42821,37669,50157,43618,30133,38576,38290
"7432",423.15909,7.709,88924,37094,34457,0,0,0,0,0,0
"7433",423.20004,6.558,117500,126256,123606,108535,119449,111205,128391,113147,119943
"7434",423.23593,6.464,203679,112989,189359,208292,185174,209413,324216,294928,227847
"7435",423.25818,3.06,75966,87555,55734,89407,86064,78841,114889,99345,104374
"7436",423.27185,9.739,41526,118386,77231,80868,76062,88641,32195,82713,52994
"7437",423.27591,3.498,816367,731545,766089,656434,692997,659460,788680,717970,795745
"7438",423.28925,4.419,0,0,0,0,0,0,394564,389869,406526
"7439",423.28967,4.876,0,0,0,0,0,0,776039,871902,816433
"7440",423.28992,3.749,4939,0,0,0,0,0,186227,304156,283015
"7441",423.28992,3.951,0,0,0,0,0,0,88450,92380,92401
"7442",423.29037,4.297,1815,0,1253,0,0,0,338833,349842,348450
"7443",423.32883,5.341,205272,9377,9571,0,0,0,0,0,0
"7444",423.86182,0.485,56646,48382,42732,68490,44689,91985,8460,9947,10700
"7445",424.16891,7.302,0,0,0,0,0,0,121864,112972,91700
"7446",424.16925,7.226,0,0,0,0,0,0,168320,163458,153387
"7447",424.18903,7.544,48719,159652,150132,140988,150485,149129,152828,147881,156956
"7448",424.2811,3.684,364121,87342,85321,0,0,0,9106,14289,4719
"7449",424.28268,10.028,401134,345002,387079,379379,365467,420133,320714,397273,476325
"7450",424.28326,10.162,278829,322048,408965,347160,316480,302859,286985,260377,365290
"7451",424.32797,8.383,387993,58862,58766,15914,48251,65157,53375,73105,65162
"7452",424.32812,6.136,152538,149877,183650,154884,152040,135285,185769,176655,157176
"7453",424.3638,10.178,188762,282420,187670,279402,262610,415600,300912,234142,281054
"7454",424.36383,10.029,126553,377493,367226,274142,123204,137778,245123,458325,527703
"7455",424.36392,11.617,134765,103675,94034,191893,85234,93134,160440,121970,147442
"7456",424.36407,8.862,4110888,4843630,4474034,4137561,4351646,4365242,4838776,4475488,4619428
"7457",424.36447,9.006,2553293,4144352,3638590,3437090,3741497,4159932,3982530,4178744,4033432
"7458",424.89691,11.645,1761908,1703666,1753182,1690733,1778855,1802039,1946403,2015818,2046654
"7459",424.89789,0.468,1658603,1275678,1495835,1049937,1433850,1236323,679201,644868,440734
"7460",425.08447,2.485,0,0,0,0,0,0,75494,77224,98250
"7461",425.08548,0.554,0,0,0,0,0,0,306774,240584,396696
"7462",425.10992,0.809,0,0,0,0,0,0,48764,46132,41723
"7463",425.13602,11.64,477335,384101,531270,418946,327380,370825,386490,314815,533277
"7464",425.13669,6.761,579640,688071,784502,770482,826316,669771,969499,695743,730099
"7465",425.13678,6.167,222657,291712,371545,345026,335021,292181,344315,308322,320437
"7466",425.13687,6.43,1060180,1267493,1355082,1340860,1419244,1209385,1400378,1210867,1340742
"7467",425.13696,5.979,21593054,103469,23950976,23509210,96220,20221160,18810828,16688488,19294442
"7468",425.14987,6.529,278272,327208,307057,8564,5785,0,2826054,1827434,1492828
"7469",425.15762,2.785,0,0,0,0,1461,0,255336,262039,233514
"7470",425.15778,2.574,0,0,0,0,0,0,1364347,1373200,1292640
"7471",425.15805,3.196,0,0,0,0,0,0,166522,155447,147289
"7472",425.17334,8.212,75312,110217,105454,98393,102479,110740,119454,99778,110614
"7473",425.17358,8.309,156124,150198,149708,158201,154065,153750,135555,124297,159534
"7474",425.17886,1.895,0,0,0,0,0,0,1666113,1700349,1506715
"7475",425.17889,2.059,0,0,0,0,0,0,307793,323130,300395
"7476",425.21536,8.957,1438570,1303773,1207644,1069293,1086504,1117874,1500118,1378780,1314178
"7477",425.23331,4.176,0,0,0,0,0,0,61327,65576,65504
"7478",425.25064,4.394,0,0,1595,0,0,0,535127,349877,599253
"7479",425.26959,6.78,376513,424579,401700,400985,410517,392761,451869,472794,448199
"7480",425.28726,10.024,551939,626070,666545,710448,527931,738530,528038,506068,1321675
"7481",425.28857,9.844,3252550,3314374,3636263,3151234,3142200,3942941,2783507,3517392,3644292
"7482",425.30576,5.202,0,0,0,0,0,0,115206,127221,139793
"7483",425.30603,5.644,0,0,0,0,0,0,108192,116917,102355
"7484",426.0246,1.847,0,0,0,0,0,0,47316,57610,69546
"7485",426.04593,0.569,0,0,0,0,0,0,175922,107036,154387
"7486",426.08636,1.519,0,0,0,0,0,0,162973,179356,138769
"7487",426.11728,2.338,0,0,0,0,0,0,84754,88515,51405
"7488",426.16119,0.585,0,0,0,0,0,0,187436,190653,183923
"7489",426.1615,0.81,0,0,0,0,0,0,152653,168293,157973
"7490",426.27045,4.269,45104,40889,41469,41442,38530,48316,40416,44396,40672
"7491",426.3075,5.659,231708,212562,254575,225188,238439,239005,254190,275612,282590
"7492",426.32248,10.518,163578,4128,0,5018,0,1984,8013,0,6259
"7493",426.34299,7.309,847314,286220,316623,296010,291104,282392,325209,291872,264280
"7494",426.35901,11.161,826994,5054,7008,0,2495,2284,11394,20244,4229
"7495",426.3949,10.307,105382,9476,10326,0,0,0,3074,4068,2850
"7496",426.64206,3.99,344017,182726,172006,0,0,0,4670,10349,0
"7497",426.82263,0.474,0,0,0,0,0,0,1036847,1287376,1376819
"7498",426.92886,11.66,206735,289372,183310,279136,303592,225344,213922,160665,243234
"7499",426.97635,3.99,248394,127620,124440,0,0,0,2153,0,0
"7500",427.06906,8.33,99653,124994,110044,114007,103832,116444,122914,112502,104579
"7501",427.07632,0.557,3610,2287,5616,2946,3003,2139,5265526,5789250,5702251
"7502",427.10114,2.225,0,0,0,0,0,0,137377,124778,104998
"7503",427.12735,3.91,0,0,0,0,0,0,204343,202362,175503
"7504",427.13748,4.268,0,0,0,0,0,0,1042072,889487,392062
"7505",427.13757,4.371,0,0,0,0,0,0,151787,130287,59207
"7506",427.15363,5.783,47692,70075,73230,76358,79378,65899,68748,88780,76811
"7507",427.17303,2.53,0,0,0,0,0,0,200766,203310,178467
"7508",427.17346,5.086,186264,245729,249182,243212,235527,254552,400664,418773,401253
"7509",427.17386,2.81,0,0,0,0,0,0,361816,349339,319789
"7510",427.19388,1.808,0,0,0,0,0,0,135277,158721,111807
"7511",427.19421,2.162,0,0,0,0,0,0,393066,441359,369454
"7512",427.21136,7.068,87382,109157,62905,100293,103146,92474,112551,70443,98655
"7513",427.24652,9.879,223691,268566,180131,206157,137525,236239,143940,260440,280503
"7514",427.24713,9.495,283039,336434,290205,306809,254610,312857,253100,379528,350037
"7515",427.24719,9.726,166914,232181,225552,209134,173592,232125,125118,185505,183721
"7516",427.26791,4.667,0,0,0,1658,0,0,84960,95298,79395
"7517",427.26865,5.051,2088,3132,2317,7348,4764,3590,48220,50421,49851
"7518",427.30273,9.644,33699,135948,101021,174891,124327,139897,96468,149102,137135
"7519",427.31067,3.99,105688,45391,45119,0,0,0,0,0,0
"7520",427.31705,7.71,128521,15378,2941,4778,1570,1910,3956,10406,12631
"7521",428.11115,8.301,145426,243566,336155,178516,205869,283281,359062,230195,263663
"7522",428.11166,8.114,66341,237879,231189,184405,189316,113562,238680,101454,109441
"7523",428.31262,9.485,540564,3726,2633,0,0,0,2032,2857,2659
"7524",428.31329,4.034,42976,225852,191987,0,0,0,0,0,0
"7525",428.32269,5.58,38355,36013,47912,40168,45790,39982,45449,50331,51259
"7526",428.33731,9.105,121577,162597,103209,120765,141008,123263,151986,156587,163559
"7527",428.33829,9.677,4276652,69539,94672,3911,2846,7403,109071,146109,151560
"7528",428.37411,7.977,585602,931462,625885,484408,340467,425840,975686,855216,637715
"7529",428.37482,7.46,4156128,3393755,3442401,3323722,3420954,3437902,3746684,3554349,4085562
"7530",428.37488,8.186,733636,364206,642740,489353,638209,702000,537353,623177,727825
"7531",428.37497,7.355,1157383,1093546,1042905,1022313,959177,1028499,1152311,1054254,1120287
"7532",428.375,7.575,3768248,3086212,2896614,2696724,2781836,2833180,3019735,2524935,3080328
"7533",429.05716,2.312,0,0,0,0,0,0,50338,56100,53869
"7534",429.13605,1.645,0,0,0,0,0,0,34378,29982,35249
"7535",429.14471,7.543,2462622,4949424,4732966,4791367,5038799,5110075,5252781,5032613,5188268
"7536",429.14517,7.392,50309,289487,287622,336505,330214,335476,352375,363891,361826
"7537",429.18942,9.39,35597,68530,88738,101646,109909,126841,100567,103615,110374
"7538",429.21072,1.958,0,0,0,0,0,0,180870,173340,152667
"7539",429.21091,2.95,0,0,0,0,0,0,87735,82066,52697
"7540",429.21143,2.172,0,0,0,0,0,0,267716,301962,242146
"7541",429.2413,11.268,451409,484796,453825,425232,492659,453692,478082,462228,435205
"7542",429.26288,9.253,114325,125292,108966,120398,123851,104481,160144,159170,170145
"7543",429.31921,11.076,100672,80464,82424,71268,68287,73884,114428,73624,79438
"7544",429.3208,10.612,307047,295636,353886,187434,268276,159422,408632,399401,341847
"7545",429.37302,11.59,7872,4053,2570,7623,4574,8030,33986,31124,102249
"7546",429.87823,0.468,245735,206197,238580,181339,232863,199692,37882,11239,8624
"7547",430.17181,3.034,0,0,0,0,0,0,94602,103713,98307
"7548",430.22998,2.426,0,0,0,0,0,0,218415,219844,180404
"7549",430.24686,9.16,96376,131854,126770,131257,102768,117574,123828,108648,129196
"7550",430.26608,3.54,73994,88068,111624,90282,104189,101359,106074,95448,90980
"7551",430.26749,3.151,57123,45026,44988,46513,46881,43277,44283,40660,36092
"7552",430.29297,8.056,261796,269674,285443,241007,254016,254659,360362,305852,412825
"7553",430.38983,8.028,12528790,15163440,14511881,12048068,13655774,12727041,14039764,15021397,14425369
"7554",430.38983,7.837,12747466,11020119,11032117,10804549,10995425,11210845,12615049,11908672,12859108
"7555",430.91412,11.64,1765228,1404530,1378151,1274989,1450938,1542458,1813259,1523134,1636787
"7556",430.91437,8.206,71822,68627,121732,50471,40366,51739,127499,81725,76664
"7557",430.91489,0.468,18644870,9754886,16620715,7549259,13744608,10009270,3333522,2356164,1204347
"7558",430.97531,0.47,49379,0,17792,10799,50561,14267,0,0,0
"7559",431.09494,1.835,0,0,0,0,0,0,67175,51680,51005
"7560",431.09552,1.893,0,0,0,0,0,0,32771,41685,30027
"7561",431.1116,2.669,0,0,0,0,0,0,254310,274169,242774
"7562",431.11664,1.391,0,0,0,0,0,0,131337,119096,68381
"7563",431.16916,1.823,0,0,0,0,0,0,74506,96049,82666
"7564",431.18375,10.016,64924,64390,62725,69657,52275,78861,51842,85142,104748
"7565",431.22034,6.016,0,0,7034,0,0,0,91269,57921,86053
"7566",431.2265,2.644,0,0,0,0,0,0,61845,51286,46033
"7567",431.2645,5.084,77081,0,0,0,0,0,0,0,0
"7568",431.27695,4.655,255339,15027,23108,0,0,0,0,0,0
"7569",431.28134,5.242,74572,0,0,0,0,0,0,0,0
"7570",431.38489,10.159,324981,275819,335980,326378,287166,314632,301015,350895,446473
"7571",431.853,0.534,87071,148479,267609,189697,300330,224461,0,0,0
"7572",432.06006,1.845,0,0,0,0,0,0,104088,118044,98480
"7573",432.1716,0.548,0,0,0,0,0,0,3549820,3632886,3469176
"7574",432.1777,6.65,130536,60014,59251,0,0,0,0,0,0
"7575",432.23901,6.301,178749,140776,142767,100251,109967,89714,86720,85518,98815
"7576",432.23914,8.197,167046,77667,64699,117477,125138,88628,114663,136943,101215
"7577",432.23917,6.001,4978254,4036478,5269256,4762446,4965620,4104633,5103134,4140443,4870274
"7578",432.2395,6.656,25622094,12753080,12647753,1715793,1982572,1923496,2795970,2567699,2419180
"7579",432.25272,6.53,25440,13625,15162,0,0,0,239833,133348,106649
"7580",432.28134,11.649,1340656,1522584,1448877,1382190,1333409,1422478,1455222,1378114,1459462
"7581",432.28183,2.635,4661761,4492456,4463182,4311698,4256460,4278638,4694196,4510936,4645706
"7582",432.31134,6.444,0,0,0,0,0,0,84500,83691,86540
"7583",432.83255,11.66,178996,110410,30315,203301,143474,51396,0,93795,14443
"7584",433.11151,2.16,0,0,0,0,0,0,130436,147272,134575
"7585",433.14417,1.985,0,0,0,0,0,0,90900,86265,83569
"7586",433.14758,2.8,0,0,0,0,0,0,88938,90503,89256
"7587",433.14783,2.462,0,0,0,0,0,0,36013,32442,39747
"7588",433.14828,2.884,0,0,0,0,0,0,38277,37993,30615
"7589",433.16876,1.821,0,0,0,0,0,0,222475,253557,176999
"7590",433.23743,4.916,0,0,0,0,0,0,108760,110703,97293
"7591",433.23819,3.731,7615,8963,8384,10870,14513,9872,197665,205152,184654
"7592",433.23828,4.724,0,0,0,0,0,0,891152,979969,934863
"7593",433.23837,5.215,2419,6083,4499,5634,2889,4884,253153,272369,239614
"7594",433.23849,6.967,82705,104010,96313,36103,26228,30484,490152,404815,398152
"7595",433.23849,5.705,0,0,0,0,0,0,597700,565461,586110
"7596",433.2388,7.191,10950,21289,12769,12234,32090,14975,183419,190162,166346
"7597",433.23889,4.194,0,0,0,0,0,0,187378,216206,171043
"7598",433.29346,9.674,68379,2848,0,2919,2437,0,4338,0,7974
"7599",433.35339,9.092,783125,820778,918856,1015606,857887,872695,998968,954507,965630
"7600",433.38016,7.23,983464,111300,142549,0,0,0,0,0,0
"7601",433.38034,7.017,473736,57925,60072,0,0,0,0,0,0
"7602",433.38043,8.616,190023,49510,57530,0,0,0,0,0,0
"7603",433.38071,7.153,471633,48021,47949,0,0,0,0,0,0
"7604",434.07471,2.231,0,0,0,0,0,0,27719,37296,31477
"7605",434.12808,0.514,0,0,0,0,0,0,272660,266924,227146
"7606",434.21869,6.002,432451,292463,444240,344973,456240,281995,444653,414639,434831
"7607",434.25528,8.294,88710,95611,94593,99147,82528,93363,108263,94458,103140
"7608",434.26987,5.962,0,5050,4556,0,7050,25327,319499,391793,344905
"7609",434.27646,4.573,867427,25838,27715,0,0,0,17412,18350,15164
"7610",434.3233,8.271,896332,63082,50711,27636,25205,24018,36916,42630,30424
"7611",434.32352,8.149,145007,4901,0,2751,0,5199,2768,0,0
"7612",434.34866,10.117,126405,123188,172000,168034,123202,176604,139730,236703,252526
"7613",434.34869,9.845,150019,171077,188840,172668,103973,208334,130930,195342,206732
"7614",434.36304,10.04,181224,46760,19902,0,0,0,3805,0,6146
"7615",434.38745,11.241,64055,74107,62068,64995,61918,50872,60587,48499,61143
"7616",434.8548,11.652,465887,513207,325398,412447,308558,336034,328504,374162,460012
"7617",435.12933,3.444,0,0,0,0,0,0,28292,32162,27338
"7618",435.13162,0.546,0,0,0,0,0,0,94763,294137,172368
"7619",435.14798,1.839,0,0,0,0,0,0,94867,87301,91862
"7620",435.18472,2.423,0,0,0,0,0,0,30136,36437,29857
"7621",435.21152,7.988,58090,80773,60161,65797,76036,60169,90480,85795,81858
"7622",435.21283,7.549,350714,369898,371307,351382,319610,393102,443015,375678,421470
"7623",435.25327,4.402,0,0,0,0,0,0,157905,175092,137693
"7624",435.25351,5.257,0,0,0,0,0,0,7214208,7717142,6632144
"7625",435.25372,5.964,21968,0,4280,3032,0,3697,6088660,6913278,6052976
"7626",435.25372,9.107,0,0,0,0,2531,0,76217,80171,83357
"7627",435.25378,6.686,122443,53226,55655,0,0,0,1820196,1901561,1598136
"7628",435.25381,4.872,0,0,0,0,0,0,3234402,3886270,3362104
"7629",435.25388,6.065,21968,0,4280,3032,0,3697,343990,447512,360941
"7630",435.25397,4.054,0,0,0,0,0,0,959421,1097209,1040623
"7631",435.25397,5.344,0,0,0,0,0,0,698823,873842,777330
"7632",435.254,4.126,0,0,0,0,0,0,827963,943268,872457
"7633",435.254,5.761,0,0,0,0,0,0,1478786,1592416,1386672
"7634",435.25403,5.458,0,0,0,0,0,0,995503,1134479,970700
"7635",435.25403,6.277,0,0,0,0,0,0,253936,296721,240562
"7636",435.25421,6.394,0,0,0,0,0,0,928150,1050103,782342
"7637",435.25443,4.983,0,0,0,0,0,0,711155,810859,708935
"7638",435.25488,6.924,0,0,0,0,0,0,142964,130040,118919
"7639",435.27216,3.683,89068,15826,24538,0,0,1319,0,0,2370
"7640",435.32062,9.91,1655313,30921,34288,3986,14310,12322,34768,46306,24714
"7641",435.3591,6.979,66824,0,0,0,0,0,0,0,0
"7642",435.396,9.855,12218,79667,90780,0,0,0,0,0,0
"7643",435.39603,9.219,1642969,578587,640150,0,0,0,0,0,0
"7644",436.14706,0.591,0,0,0,0,0,0,51467,75286,109849
"7645",436.1825,2.395,0,0,0,0,0,0,672943,665698,616983
"7646",436.21872,1.657,0,0,0,0,0,0,124254,146920,115381
"7647",436.21875,1.54,0,0,0,0,0,0,166942,168269,130121
"7648",436.27118,6.755,235045,196538,213088,216140,217023,208018,191633,180488,166079
"7649",436.28571,6.471,0,0,0,0,0,0,236264,213751,161864
"7650",436.30969,8.501,139408,23047,83471,40745,15195,37711,54610,53409,50587
"7651",436.32776,9.058,1134631,1304417,1204829,1100968,1144084,1030316,1199001,1159153,1247626
"7652",436.34283,11.268,567623,542778,555448,516586,577963,603128,631657,668549,673929
"7653",436.40091,11.023,434199,423953,414213,387279,361144,383383,417195,314532,337864
"7654",436.85065,11.651,1242667,1314368,1327709,1233832,1343149,1237475,1259649,1302754,1394806
"7655",436.86002,0.464,0,3179,12504,6620,2131,3364,87913,102797,49808
"7656",437.04062,2.235,0,0,0,0,0,0,38496,31485,13372
"7657",437.10834,0.518,0,0,0,0,0,0,63843,68789,24221
"7658",437.14258,2.714,0,0,0,0,0,0,65006,54276,39682
"7659",437.18085,2.843,0,0,0,0,0,0,33748,34562,30234
"7660",437.19473,6.653,5246778,2830778,2710778,384881,446046,292266,428721,619921,378395
"7661",437.19476,7.072,222713,159916,151721,63827,51630,35693,64911,34385,64487
"7662",437.19479,6.849,347279,228442,244889,201750,190368,170620,230466,232397,199755
"7663",437.19519,6.983,583980,413510,337020,83399,95893,101599,142139,145623,120026
"7664",437.19568,6.301,112759,81152,103561,53143,61999,64044,63697,65015,60670
"7665",437.20737,8.057,1641692,2034462,2243161,2042004,2066001,2086775,2339980,2037008,2359940
"7666",437.2692,5.11,66694,0,0,0,0,0,701558,742703,698404
"7667",437.26935,6.123,0,0,0,0,0,0,4995949,5448281,4555236
"7668",437.26935,9.221,0,0,0,0,0,0,218902,230477,206269
"7669",437.2695,7.216,0,0,0,0,0,0,278538,227375,193201
"7670",437.26953,4.762,2394,3924,1730,0,0,0,405944,436676,421925
"7671",437.26956,6.686,41163,3482,31600,42157,2152,40707,6133816,6440262,5334048
"7672",437.26956,7.72,0,0,0,0,0,0,121314,114256,108199
"7673",437.26956,6.776,41163,47679,31600,42157,44616,40707,1702266,1641348,1412743
"7674",437.26968,3.871,35373,42816,42547,39107,37202,34189,95090,53896,44796
"7675",437.26968,6.368,0,0,0,0,0,0,764043,802327,714397
"7676",437.26974,6.945,0,0,0,0,0,0,590128,519423,547161
"7677",437.26987,6.222,0,0,0,0,0,0,706189,791191,660687
"7678",437.27011,4.615,3137,0,0,0,0,0,230331,258256,233245
"7679",437.37625,7.662,79861,10756,22972,9608,6541,2926,6011,6495,13948
"7680",437.79849,9.91,63574,0,0,0,0,0,0,0,0
"7681",437.91345,11.655,145234,180872,244194,231911,313876,101415,151353,152385,330073
"7682",438.11688,2.105,0,0,0,0,0,0,39968,35584,19471
"7683",438.198,0.828,0,0,0,0,0,0,27393,21010,19193
"7684",438.23581,4.39,0,0,0,0,0,0,127543,166911,141391
"7685",438.34418,8.841,289536,29437,42295,124543,75741,13661,71632,37879,29325
"7686",438.37958,10.071,333623,405734,641366,316137,289306,345206,326298,557231,1499788
"7687",438.37964,9.532,2222680,1518192,1388359,534943,2155192,2224898,589898,1970940,1480583
"7688",438.38031,9.398,6456621,6281357,6144456,6422024,3363340,6239206,8002868,6598618,6553858
"7689",438.38037,11.606,187323,114393,225160,200056,173643,262866,102308,250595,147141
"7690",438.9017,0.463,0,0,0,0,0,0,28335,46819,42122
"7691",439.04016,0.621,0,0,0,0,0,0,67049,72381,52793
"7692",439.05533,1.846,0,0,0,0,0,0,103740,116479,112210
"7693",439.05627,2.197,0,0,0,0,0,0,44834,39563,62890
"7694",439.14294,0.53,0,0,0,0,0,0,7465512,8119540,7282642
"7695",439.14896,11.638,115906,183544,191326,155119,246059,151574,312314,307706,256579
"7696",439.15768,1.853,0,0,0,0,0,0,139792,137699,106029
"7697",439.15823,2.241,0,0,0,0,0,0,111215,109458,92203
"7698",439.19501,3.733,0,0,0,0,0,0,59695,47339,46709
"7699",439.20944,4.378,0,0,0,0,0,0,20493,23861,14360
"7700",439.21048,6.47,23743,54716,88430,135684,63922,119540,140230,130555,151380
"7701",439.28461,8.02,0,5586,0,0,3104,0,36975,47995,46646
"7702",439.28546,3.891,0,0,0,0,0,0,651556,641427,580984
"7703",439.315,6.944,35984,60351,59564,64130,45583,61229,59956,68875,28061
"7704",439.35419,7.449,249480,2304,0,0,0,0,0,0,0
"7705",439.38382,9.359,842735,1045774,831509,818383,781173,1255137,830938,1059340,948284
"7706",440.11395,2.57,0,0,0,0,0,0,23135,28628,20676
"7707",440.14911,2.354,0,1337,0,0,0,0,64972,69174,66008
"7708",440.17657,1.677,0,0,0,0,0,0,48812,56327,59472
"7709",440.19257,3.058,0,0,0,0,0,0,65106,65359,32345
"7710",440.32349,5.183,200648,194883,198262,186980,125567,126778,151877,176910,204689
"7711",440.33746,11.006,74743,0,0,0,0,0,0,0,0
"7712",440.35901,7.565,71096,199406,189314,194345,209084,203437,213942,198412,205119
"7713",440.35934,7.882,1433504,737492,867250,669820,684050,673898,739741,629463,710394
"7714",440.86841,11.703,27320,69246,29221,47710,25554,21481,32948,42024,578892
"7715",440.87094,0.469,589138,496251,607571,380519,515597,482698,858694,898734,692464
"7716",440.87115,11.645,393899,532585,495086,446584,530236,481897,388855,494054,578892
"7717",441.10992,11.639,48890,85704,165077,74722,56082,103257,68613,105575,103492
"7718",441.11694,2.461,0,0,0,0,0,0,61050,56802,50830
"7719",441.13834,2.397,0,0,0,0,0,0,299843,281369,249061
"7720",441.14478,7.797,48613,67473,59542,62483,66725,58706,64363,55224,76110
"7721",441.15311,1.895,0,0,0,0,0,0,682759,691287,625719
"7722",441.15311,2.061,0,0,0,0,0,0,75957,82977,76592
"7723",441.16452,3.936,0,0,0,0,0,0,101091,95360,89395
"7724",441.17398,1.54,0,0,0,0,0,0,137505,148731,121306
"7725",441.18936,8.956,219690,276546,254446,278489,316482,315330,360424,304736,338066
"7726",441.20966,4.846,2407,4681,3061,3608,1714,2065,90118,141396,103501
"7727",441.22461,5.958,49039,55772,61327,55543,54341,44750,35049,34401,24318
"7728",441.24734,3.628,0,1643,1627,0,0,0,131999,112183,94286
"7729",441.26282,9.844,373145,415610,479607,427249,404278,459977,383618,458162,434521
"7730",441.29922,9.569,422955,468719,462925,214211,471901,541675,237919,183401,426999
"7731",441.30042,4.419,1969,2885,1403,1269,1458,1332,1150510,1178766,1185226
"7732",441.3006,3.788,0,0,0,0,0,1655,297127,314736,290813
"7733",441.30069,4.876,2634,3815,1790,1705,1273,2974,186823,212037,260920
"7734",441.30084,3.955,0,0,0,0,0,0,64674,63932,68969
"7735",441.30154,4.14,0,1709,0,0,0,0,137236,143615,137497
"7736",441.31195,8.258,99386,0,0,0,0,0,0,0,0
"7737",441.33063,8.644,158275,240413,239084,208787,225007,229668,237236,259850,249413
"7738",441.33066,8.777,1156849,296546,282971,278171,245679,252896,298373,297563,325193
"7739",441.34537,3.864,857349,87780,90593,0,0,0,19702,22858,23872
"7740",442.1264,9.095,238706,523349,491610,579285,482423,583460,442197,399813,202774
"7741",442.19843,1.614,0,0,0,0,0,0,35041,38243,34683
"7742",442.22919,2.654,0,0,0,0,0,0,854202,895762,803688
"7743",442.22931,2.572,0,0,0,0,0,0,317986,316640,286431
"7744",442.2959,7.622,0,0,0,0,0,0,276518,285457,297125
"7745",442.29623,7.401,0,0,0,0,0,0,88274,74001,76217
"7746",442.29675,7.895,0,0,0,0,0,0,102969,116860,130886
"7747",442.30173,9.823,59422,105525,108993,79246,49419,100907,109476,142466,80629
"7748",442.31931,7.233,69020,0,0,0,0,0,0,0,0
"7749",442.32834,10.337,1414558,18386,29680,2589,5750,2136,16508,21817,25198
"7750",442.32928,4.21,397853,46140,44182,0,0,0,5105,4031,2282
"7751",442.33801,4.991,918072,985292,904388,971985,825401,955186,857596,929177,960102
"7752",442.33878,6.167,35394,44769,29129,36503,40085,37425,44326,47911,39934
"7753",442.3541,10.147,2608896,16736,31920,0,0,0,56136,70477,59760
"7754",442.79602,0.472,0,1752,0,0,2186,2564,103361,177460,196815
"7755",442.86942,11.643,467113,600811,624358,519333,671298,499984,700583,675080,553325
"7756",443.04819,0.561,0,0,0,0,0,0,948196,1050543,1277056
"7757",443.09357,8.278,0,2804,4941,0,2727,0,86347,84769,43023
"7758",443.11105,4.266,0,0,0,0,0,0,172583,148943,60846
"7759",443.11697,1.581,0,0,0,0,0,0,238611,227663,210470
"7760",443.14725,5.087,221391,284240,293932,304919,295614,315985,359358,352732,389766
"7761",443.15994,1.426,0,0,0,0,0,0,97487,110691,78613
"7762",443.16016,8.831,218418,275267,124626,119669,145253,261922,147039,135364,175499
"7763",443.18954,4.396,0,0,0,0,0,0,159133,157004,147881
"7764",443.20493,10.326,322796,273034,465954,624942,407430,365578,356884,443839,409142
"7765",443.20584,10.196,134407,156864,175796,92164,125090,161026,255637,305534,329436
"7766",443.20612,11.072,86971,101851,103926,66780,77351,77338,63292,66880,57428
"7767",443.23413,6.015,194928,172951,261516,178759,225612,225688,230649,196583,265083
"7768",443.23438,6.101,419715,370765,377014,429701,344978,334482,446640,444015,398469
"7769",443.27856,8.046,45241,61040,58404,51419,48514,36217,62583,44204,64082
"7770",443.31616,5.206,2382,0,0,0,0,0,219593,242540,240165
"7771",443.31641,6.959,0,0,0,0,0,0,198010,199471,186430
"7772",443.31647,5.644,6809,0,0,0,0,0,229769,248481,247723
"7773",443.31793,8.997,940108,14149,13516,0,0,0,4352,2777,2546
"7774",443.33667,9.406,171833,132103,111843,134555,84575,130836,103686,131475,108241
"7775",444.18753,3.299,0,0,0,0,0,0,30746,36934,34676
"7776",444.24609,3.004,0,1414,0,6045,3660,3277,54547,51439,48221
"7777",444.30872,8.056,417521,385818,449731,399402,391041,387854,516504,460820,489603
"7778",444.40649,8.207,404692,316816,305981,381019,424681,323414,304316,392020,338965
"7779",444.80606,10.344,89186,0,0,0,0,0,0,0,0
"7780",444.9025,11.658,498244,484985,493412,501441,653563,382168,375928,410340,483190
"7781",444.93011,0.469,63313,29676,45136,34442,36348,27984,0,0,0
"7782",445.11948,7.412,64530,56593,54803,91501,91657,81884,77357,80643,80637
"7783",445.1196,7.538,117210,893323,893206,949504,967376,994616,950320,908023,911890
"7784",445.12112,9.333,58765,71029,45312,47314,62162,59694,77053,69081,64828
"7785",445.1478,2.672,0,0,0,0,0,0,27426,30523,26839
"7786",445.14783,3.062,0,0,0,0,0,0,405509,401391,192621
"7787",445.14804,3.128,0,0,0,0,0,0,237490,207588,115151
"7788",445.20572,1.403,0,0,0,0,0,0,68058,75125,45247
"7789",445.27087,3.133,163155,160390,154405,96453,141816,143554,151997,148368,224691
"7790",445.289,3.563,582296,534795,557614,496447,501616,511087,538564,513318,564461
"7791",445.33618,8.059,19462,38800,53364,45085,52183,55633,71006,62419,79501
"7792",445.85181,0.464,2246,19361,2943,10438,4579,7940,68470,62580,47876
"7793",446.18256,2.894,0,0,0,0,0,0,72648,68183,57589
"7794",446.2551,6.656,2392388,1138800,1017115,102824,152601,131485,274162,227477,216565
"7795",446.28723,5.053,173590,1862,3068,0,0,0,0,0,0
"7796",446.29688,2.908,93065,45507,55632,30339,51988,48039,52437,51578,56299
"7797",446.297,3.072,23473,27536,25845,24966,23849,21022,20386,24130,29302
"7798",446.34769,10.463,126907,99060,142045,123290,115136,108850,131182,168660,146491
"7799",446.36319,10.935,69792,0,0,0,0,0,0,0,0
"7800",446.88828,0.471,452267,329404,411309,284544,433758,342664,6485941,5460794,3222866
"7801",447.02472,2.239,0,0,0,0,0,0,181709,187190,133924
"7802",447.02505,1.846,0,0,0,0,0,0,237394,277830,270718
"7803",447.10352,8.045,77785,88183,182542,190880,206210,179608,123778,161770,167094
"7804",447.13412,1.819,0,0,0,0,0,0,71475,123078,72646
"7805",447.15674,3.818,0,0,0,0,0,0,42354,41845,39728
"7806",447.18457,2.654,0,0,0,0,0,0,162972,168216,138096
"7807",447.18564,2.574,0,0,0,0,0,0,49389,55926,42097
"7808",447.2511,7.6,0,0,0,0,0,0,131419,145206,152186
"7809",447.2522,7.403,0,0,0,0,0,0,73583,63192,60691
"7810",447.2836,6.777,807315,721894,741393,744364,746719,771196,790169,892466,826380
"7811",447.28412,6.674,179606,169538,174984,179440,163267,172198,168652,201979,202713
"7812",447.34528,4.248,255322,64622,61038,0,0,0,4804,2469,2085
"7813",447.34827,11.614,554299,591076,515489,490230,510510,504325,591161,369654,543307
"7814",447.34833,11.227,448816,238508,698140,571566,515240,592174,334136,244529,421401
"7815",447.34833,10.813,578323,428539,569214,550271,475765,510822,601541,553510,520918
"7816",447.34836,11.438,294950,337827,346862,409594,291484,371191,351012,331679,361007
"7817",447.35678,8.317,229945,53213,69976,9586,2527,6072,2197,7790,2374
"7818",447.4039,9.603,57138,73766,125949,63752,78520,116324,49867,161589,59831
"7819",447.83701,4.469,155403,41007,36018,1530,1816,0,0,0,3619
"7820",448.14264,0.814,0,0,0,0,0,0,192572,171298,171940
"7821",448.16669,0.548,0,0,0,0,0,0,5485062,5840875,5517246
"7822",448.21841,3.167,0,0,0,0,0,0,37604,42122,37216
"7823",448.21964,3.255,1862,0,0,0,0,0,70617,62769,68134
"7824",448.25601,4.638,238234,6387,1896,0,0,1668,1539,3250,1834
"7825",448.27652,2.46,158885,159455,143229,152645,161383,130605,157766,139942,156391
"7826",448.29153,8.958,65353,69354,49864,55721,42346,51788,115238,67722,74602
"7827",448.29266,4.898,87945,0,1444,0,0,0,0,0,0
"7828",448.3154,8.711,88074,0,0,0,0,0,0,0,0
"7829",448.33884,9.157,1046063,535152,354209,466634,224956,272939,293465,581477,321137
"7830",448.36392,9.844,285839,367499,321890,278388,289937,355935,330748,296778,377166
"7831",448.84821,11.659,118798,298539,192905,252624,214898,295244,156811,245614,197319
"7832",449.04077,1.841,0,0,0,0,0,0,460766,546112,495509
"7833",449.04077,2.235,0,0,0,0,0,0,268480,285688,195531
"7834",449.06674,0.557,0,0,0,0,0,0,747144,528697,553710
"7835",449.1084,3.112,0,0,0,0,0,0,35544,37781,33950
"7836",449.10843,3.198,0,0,0,0,0,0,224840,227614,227865
"7837",449.10886,3.339,0,0,0,0,0,0,269888,277898,253903
"7838",449.10889,2.351,0,0,0,0,0,0,34657,43467,35332
"7839",449.10999,2.956,0,0,0,0,0,0,114577,114221,109030
"7840",449.11218,8.278,0,3097,11738,0,0,0,98289,91898,31734
"7841",449.14349,9.211,0,0,0,0,0,0,53047,45287,27241
"7842",449.17828,3.202,0,0,0,0,0,0,44751,53601,45416
"7843",449.19983,2.946,0,0,0,0,0,0,22233,21218,15172
"7844",449.23309,4.353,0,0,0,0,0,0,57070,57984,54330
"7845",449.336,10.77,599875,2730,8089,2135,2210,2366,4328,9303,4632
"7846",449.37274,8.998,90023,39055,26678,0,0,0,0,0,0
"7847",449.37378,7.503,339543,5268,0,0,0,0,0,0,0
"7848",449.37479,7.368,309033,5868,0,0,0,0,0,0,0
"7849",449.37485,7.288,306920,5868,0,0,0,0,0,0,0
"7850",449.82977,7.747,108443,6107,17617,1783,2039,11497,3182,4966,4620
"7851",450.07373,1.848,0,0,0,0,0,0,182567,238971,214061
"7852",450.08438,0.635,0,0,0,0,0,0,122257,114382,130573
"7853",450.10168,0.514,0,0,0,0,0,0,165886,132359,130613
"7854",450.19797,2.16,0,0,0,0,0,0,235078,268473,235765
"7855",450.19824,2.816,0,0,0,0,0,0,63643,69081,66686
"7856",450.19836,2.261,0,0,0,0,0,0,255379,287620,242212
"7857",450.20294,6.53,8217,9037,5668,1690,0,0,127310,76447,58464
"7858",450.21323,5.813,228133,220453,196778,207595,183621,195486,178695,194102,220884
"7859",450.21359,5.878,143981,152446,168737,151499,155360,168482,168921,159282,161054
"7860",450.21469,7.362,181069,9354,3388,1800,0,0,0,0,0
"7861",450.21497,7.294,161072,3224,3388,0,0,0,0,0,0
"7862",450.21661,7.141,75167,3265,3497,0,0,0,0,0,0
"7863",450.26926,2.125,0,0,0,0,0,0,72827,46351,61601
"7864",450.27011,5.255,103461,98008,111296,102102,91084,96034,123679,102329,112113
"7865",450.27054,5.162,161905,166864,166497,156956,166024,163849,172572,185659,203189
"7866",450.29559,4.021,0,151905,129376,0,0,1830,0,0,0
"7867",450.31839,9.095,110246,118302,88613,105670,177596,108838,118898,127162,105512
"7868",450.32605,9.429,2275567,65191,53159,32841,24135,36954,23992,55367,42555
"7869",450.37967,9.094,25467300,29602946,28347746,25841312,26466790,26905762,28473044,29971496,29870072
"7870",450.37982,11.61,792285,479572,463808,706722,490009,563636,980622,539628,688091
"7871",450.44589,9.094,81079,94426,52013,82552,84470,75649,66810,46439,41211
"7872",450.82294,11.657,41967,191442,236451,36634,242857,99245,144112,110741,110235
"7873",450.82602,11.8,36143,40957,39700,53874,51998,31407,34395,48675,38215
"7874",451.04581,8.054,132894,100744,100407,189248,185501,75485,191824,114305,114973
"7875",451.15894,2.948,0,0,0,0,0,0,45156,46937,40311
"7876",451.16635,6.115,230173,25241,18641,0,0,0,140714,100991,76931
"7877",451.16684,5.783,101141,0,4301,0,0,0,55459,44452,35832
"7878",451.17804,1.815,0,0,0,0,0,0,42780,37525,43901
"7879",451.18756,7.55,21380,170235,149094,155518,149173,166406,178460,159377,157985
"7880",451.19324,2.33,0,0,0,0,0,0,200638,217292,186312
"7881",451.19553,3.279,0,0,0,0,0,1113,40737,42624,44422
"7882",451.24786,4.818,0,0,0,0,0,0,108524,167894,135580
"7883",451.24808,4.718,0,0,0,0,0,0,134272,174324,157923
"7884",451.24847,4.444,0,0,0,0,0,0,533742,569432,481236
"7885",451.24863,5.284,0,0,1383,0,0,0,657203,758217,576461
"7886",451.24866,3.783,0,0,0,0,0,0,1549183,1587949,1455939
"7887",451.24872,6.295,0,0,0,0,0,0,545841,629169,541201
"7888",451.24878,3.926,0,0,0,0,0,0,110582,116621,112031
"7889",451.24878,4.655,0,0,0,0,0,0,365701,411942,379064
"7890",451.2489,4.178,0,0,0,0,0,0,801609,858949,700602
"7891",451.24893,5.221,0,0,1383,0,0,0,133040,148841,135543
"7892",451.24899,5.705,0,0,0,0,0,0,896019,913257,880401
"7893",451.24911,6.075,0,0,0,0,0,0,175881,182273,173983
"7894",451.24924,4.039,0,0,0,0,0,0,106400,103674,93058
"7895",451.24951,6.969,0,0,0,0,0,0,137020,142679,123728
"7896",451.24957,5.555,0,0,0,0,0,0,218553,260095,188003
"7897",451.36301,5.679,201814,188783,214946,217532,217061,221960,219010,216420,248679
"7898",451.38977,7.153,231041,17510,27599,8032,14126,5277,24667,12274,20492
"7899",451.38989,7.233,212420,32583,36524,28503,17955,16901,32269,18063,11205
"7900",451.39056,7.017,313364,58130,67648,23651,19146,8659,6746,11239,8318
"7901",451.83078,9.429,79380,0,0,0,0,0,0,0,0
"7902",451.85913,0.468,322643,219188,315770,185290,251000,211498,20384,28885,7745
"7903",452.00421,2.237,0,0,0,0,0,0,35901,45294,24635
"7904",452.00494,1.849,0,0,0,0,0,0,64155,117295,84579
"7905",452.08688,2.235,0,0,0,0,0,0,56750,57054,36536
"7906",452.13101,8.679,191493,0,0,0,0,0,0,0,0
"7907",452.17694,1.517,0,0,0,0,0,0,242077,259951,257093
"7908",452.27823,5.966,0,0,0,0,0,2123,101049,124464,42617
"7909",452.27893,6.071,0,0,0,0,0,2123,49253,71501,32922
"7910",452.27905,3.604,87007,65763,70460,72803,59039,75161,92736,85128,79169
"7911",452.27939,4.878,2060,1831,1887,0,1657,0,89378,154538,103714
"7912",452.27972,4.053,0,0,0,0,1543,1617,60411,69686,58258
"7913",452.28012,5.257,0,1522,0,0,4789,3627,1452455,1752574,1441855
"7914",452.28018,8.282,207431,199118,204873,203776,207765,193836,220318,227769,243067
"7915",452.28052,5.46,0,0,0,0,2054,0,374565,385878,313701
"7916",452.32309,7.892,111868,114863,135932,123565,126072,126929,130262,135283,127255
"7917",452.32315,7.442,23079,38309,44450,47804,45585,47283,48801,49957,49717
"7918",452.3374,3.646,60205,1839,39356,0,0,0,2162,0,2135
"7919",452.33887,3.55,147646,57194,39356,0,0,0,2162,3904,2135
"7920",452.35947,9.275,186732,68441,117987,63833,48208,85255,83459,81622,72772
"7921",452.39502,10.028,2168255,2135070,2896072,2729066,2050282,3437663,2220173,2336944,4213220
"7922",452.39514,9.903,3256871,2797380,3216397,2969386,2483352,3167099,2516714,3439442,3693884
"7923",452.39545,9.833,2133312,2324975,2384509,2182928,2038429,2539776,2068752,2494716,2479752
"7924",452.48328,11.61,0,0,0,0,0,0,431534,49716,9931
"7925",452.83221,0.472,0,0,0,0,0,0,88556,96784,68746
"7926",452.84247,3.763,186930,56978,48191,0,0,0,0,0,0
"7927",453.07141,2.312,0,0,0,0,0,0,32375,34694,32079
"7928",453.13724,2.316,0,0,0,0,0,0,55030,55579,44303
"7929",453.13724,1.875,0,0,0,0,0,0,31515,36395,29399
"7930",453.16849,6.851,377165,309133,299731,275028,269931,256186,282807,282512,215320
"7931",453.1687,6.654,8576795,4638852,4515637,696588,739127,738612,909220,934754,817369
"7932",453.16888,7.075,243795,287329,278951,63260,81582,52283,76213,69123,42598
"7933",453.16904,6.302,131632,115848,133258,66065,58987,78467,77899,91112,73688
"7934",453.16904,6.983,702886,673411,601859,137745,143887,167723,171546,153735,157825
"7935",453.1983,5.962,0,0,0,0,0,0,314735,313616,314250
"7936",453.19852,5.57,0,0,0,0,0,0,98327,120278,97777
"7937",453.26358,5.449,0,0,0,0,0,0,1175886,1299637,1147937
"7938",453.2637,4.866,0,0,0,0,0,0,1423242,1556310,1411358
"7939",453.26401,5.775,0,0,0,0,0,0,612960,631808,568776
"7940",453.26404,4.048,0,0,0,0,0,0,981772,1070044,1042722
"7941",453.26419,5.57,0,0,0,0,0,0,18706374,20191082,17575692
"7942",453.26422,5.964,0,0,0,0,0,0,52463460,60950400,54689256
"7943",453.26422,7.033,0,0,0,0,0,0,1003102,961328,904051
"7944",453.26431,6.686,0,0,0,0,0,0,937007,904810,751684
"7945",453.26434,4.983,0,0,0,0,0,0,1525682,1755365,1606578
"7946",453.26437,4.396,0,0,0,0,0,0,254734,280134,382326
"7947",453.2644,7.899,0,0,0,0,0,0,173825,167782,164217
"7948",453.26459,6.482,0,0,0,0,0,0,392840,411305,345538
"7949",453.26465,4.751,14370,0,0,0,0,0,2217217,2374594,2134480
"7950",453.27756,5.114,62180,1648,0,0,0,0,0,0,0
"7951",453.27936,3.763,1025003,306610,303126,0,0,1368,10328,0,0
"7952",453.27985,3.066,76250,0,0,1029,0,0,0,0,0
"7953",453.32986,5.96,2887,0,0,0,0,0,290102,353277,273983
"7954",453.33047,5.567,23182,0,0,0,0,0,112047,106821,114354
"7955",453.33716,10.499,0,0,0,0,0,0,135603,136653,15472
"7956",453.34479,3.073,15511786,1283590,1323143,43118,36214,38638,457748,518792,481699
"7957",453.34503,2.912,148003,143678,133119,159356,128770,142260,147721,142071,141457
"7958",453.34515,3.761,153713120,48863556,49284628,0,1628,0,5640530,5603709,4751522
"7959",453.34543,4.058,517878,105100,133994,0,0,0,2476,2022,1553
"7960",453.37006,8.006,586343,16889,3001,0,0,0,0,0,0
"7961",453.37024,7.913,145554,16889,0,0,0,0,0,0,0
"7962",453.42984,3.761,298554,78610,72309,0,0,0,0,0,0
"7963",453.83722,4.404,74064,9129,8493,0,0,1506,1682,0,1377
"7964",453.83795,4.319,99408,16339,14349,0,0,1506,1682,0,1377
"7965",453.88919,11.657,396345,449247,489062,355238,451305,499174,311254,466575,569045
"7966",454.01929,2.179,0,0,0,0,0,0,46382,61986,60226
"7967",454.01944,2.233,0,0,0,0,0,0,132752,151089,89441
"7968",454.01999,1.843,0,0,0,0,0,0,184593,249467,242646
"7969",454.29355,11.269,132564,113179,123066,119388,119104,111037,93678,94571,87567
"7970",454.29416,7.591,0,0,0,0,0,0,677765,672755,682475
"7971",454.29428,7.403,0,0,0,0,0,0,100807,86630,81583
"7972",454.2959,6.686,0,0,0,0,0,0,1652985,1395276,1344114
"7973",454.29593,8.303,0,0,2656,0,0,7054,409918,383488,290183
"7974",454.29617,6.123,0,0,0,0,0,0,634119,650683,559020
"7975",454.29617,8.458,0,0,0,0,0,0,174438,189893,157288
"7976",454.29639,6.368,0,0,0,0,0,0,95707,80957,67819
"7977",454.29642,6.943,0,0,0,0,0,0,110282,81500,67696
"7978",454.29666,7.945,0,0,0,0,0,0,146537,132563,124029
"7979",454.29669,6.222,0,0,0,0,0,0,147078,128814,99443
"7980",454.37537,8.446,2481480,662577,680280,495688,590273,641879,650929,651452,609573
"7981",454.42642,11.401,92484,77488,75786,47517,51717,53534,104776,42517,79076
"7982",455.11679,0.528,0,0,0,0,0,0,3340868,4020763,4169764
"7983",455.15326,2.281,0,0,0,0,0,0,215023,227717,206912
"7984",455.15363,2.162,0,0,0,0,0,0,202255,207141,202288
"7985",455.19254,2.843,0,0,0,0,0,0,115337,120845,106712
"7986",455.27805,4.562,0,0,0,0,0,0,77913,95017,81109
"7987",455.27975,6.779,0,0,0,0,0,0,1154874,1121759,949901
"7988",455.28015,6.973,0,0,0,0,0,0,1014034,975918,879213
"7989",455.28015,5.329,0,1268,0,0,0,0,88045,87795,77394
"7990",455.28043,7.492,0,0,0,0,0,0,130535,135108,108069
"7991",455.28049,3.835,0,0,0,0,0,0,126895,132712,115498
"7992",455.28064,3.725,0,0,0,0,0,0,323666,308082,302362
"7993",455.28824,8.069,266717,240081,207389,252101,209758,244170,268672,462611,466319
"7994",455.34286,3.424,95400,13869,12624,0,0,0,0,0,0
"7995",455.34686,9.624,385829,101165,61806,77769,67167,147583,99782,131828,142115
"7996",455.34723,9.788,107544,128653,145573,130133,107308,104984,118789,135189,151311
"7997",455.45862,8.365,447320,0,0,0,0,0,0,0,0
"7998",456.10822,1.895,0,0,0,0,0,0,18208,36096,29235
"7999",456.14456,2.077,0,0,0,0,0,0,125814,110652,102988
"8000",456.14783,2.332,0,0,0,1299,0,0,104579,128691,127233
"8001",456.28271,6.652,0,0,0,0,0,0,179804,170319,144719
"8002",456.3118,8.144,0,0,0,0,0,0,1798173,1745897,1490960
"8003",456.31223,8.373,0,0,0,3699,0,0,95571,106755,97239
"8004",456.33359,10.03,206920,0,0,3451,2850,0,5349,8297,4044
"8005",456.33395,9.949,82741,0,0,3451,3799,0,5349,6539,0
"8006",456.33646,8.246,907668,68693,58216,26617,17651,26619,33898,30989,30419
"8007",456.33783,8.13,126428,3078,7757,2594,5791,3639,0,0,0
"8008",456.34457,11.191,195862,1690,2530,1799,4451,3093,3627,5509,3363
"8009",456.34525,4.797,107253,15305,17682,0,0,0,0,0,0
"8010",456.35483,6.744,124468,35422,47930,27280,48387,36309,59626,33221,42398
"8011",456.36969,10.535,3577780,42100,42713,5308,1842,0,74377,120912,49666
"8012",456.84415,11.639,222725,210171,175338,115090,297714,173721,239199,172327,108136
"8013",456.84476,0.472,204017,138320,170568,116466,156471,143275,605703,649980,584544
"8014",457.11127,2.397,0,0,0,0,0,0,93418,91615,85356
"8015",457.13037,1.519,0,0,0,0,0,0,101085,111240,101363
"8016",457.13892,3.93,0,0,0,0,0,0,19090,28581,26235
"8017",457.14819,4.704,0,0,0,0,0,0,157061,137215,58352
"8018",457.20737,3.616,0,0,0,0,0,0,78596,76030,59315
"8019",457.20792,3.727,0,0,0,0,0,0,123063,131902,113942
"8020",457.24191,2.958,0,0,0,0,0,0,101871,114368,100931
"8021",457.29514,4.184,0,0,0,0,0,0,32642,34927,29669
"8022",457.29541,3.891,0,0,0,0,0,0,148201,142851,147471
"8023",457.29578,4.492,0,0,0,0,0,0,59163,62904,57076
"8024",457.32733,10.104,156455,144840,174839,162657,146572,173469,154454,202282,208379
"8025",457.33359,9.864,7791568,165958,166725,0,0,0,105711,164192,125347
"8026",457.34021,2.696,212097,17305,19723,0,0,0,1969,2247,3108
"8027",457.87115,0.472,281893,233594,251374,178619,254398,234897,19420,28234,8439
"8028",458.18735,0.557,0,0,0,0,0,0,11455348,11685058,11114396
"8029",458.32291,8.457,390250,244281,222228,203484,224339,253894,215441,234224,220657
"8030",458.32361,2.998,81230,6637,3792,0,0,0,0,0,0
"8031",458.34912,8.662,1373405,1300632,1281146,1262042,1306480,1344092,1317835,1373940,1347052
"8032",458.34924,9.096,1057156,114744,160659,103350,81472,108791,86686,187758,116614
"8033",458.34958,8.769,526691,374679,484715,285135,213204,489321,571703,492710,214611
"8034",459.11121,1.03,0,0,0,0,0,0,27946,31594,33961
"8035",459.14578,1.811,0,0,0,0,0,0,38292,36439,25622
"8036",459.17194,9.209,0,0,0,0,0,0,161460,178759,135112
"8037",459.22342,3.818,0,0,0,0,0,0,771062,770767,702852
"8038",459.24991,8.303,0,0,0,0,0,0,61979,62858,53612
"8039",459.25113,8.458,0,0,0,0,0,0,35317,49664,28846
"8040",459.25122,9.223,0,0,0,0,0,0,67274,67127,46396
"8041",459.25137,7.719,0,0,0,0,0,0,165721,156322,154679
"8042",459.25156,7.945,0,0,0,0,0,0,67535,68989,61467
"8043",459.25165,7.617,0,0,0,0,0,0,174965,156085,113660
"8044",459.31067,4.419,0,0,0,0,0,0,3790364,3841380,3872000
"8045",459.31088,3.606,0,0,0,0,0,0,63323,65733,61264
"8046",459.31088,5.393,0,0,0,0,0,0,154670,161137,167342
"8047",459.31113,4.142,0,0,0,0,0,0,311355,356962,302083
"8048",459.31119,3.788,0,0,0,0,0,0,728833,731998,656530
"8049",459.81192,9.862,94534,0,0,0,0,0,0,0,0
"8050",460.14584,11.66,137057,263828,162681,176652,86761,54931,73224,17342,180956
"8051",460.17566,7.35,67419,0,2467,0,0,0,0,0,0
"8052",460.18219,2.871,0,0,0,0,0,0,76659,78255,75053
"8053",460.23907,2.694,176983,198094,174639,189788,196548,200186,204135,197015,194115
"8054",460.27069,6.654,2134279,1078309,1061371,111080,123163,122736,229313,213125,168738
"8055",460.27139,6.004,80389,46045,74828,82926,77696,59913,40535,39062,38830
"8056",460.276,3.105,115138,112884,112034,109842,109140,110408,113000,116684,112838
"8057",460.29526,4.012,229052,222725,229447,222653,206921,241133,240295,234673,245550
"8058",460.29596,10.465,620422,564585,298540,630360,569306,521523,283404,391302,688409
"8059",460.29681,11.072,176733,149632,130120,168757,135936,182356,168346,113605,137226
"8060",460.34302,6.959,0,0,0,0,0,0,40009,39382,28993
"8061",461.03693,2.233,0,0,0,0,0,0,41460,51549,39840
"8062",461.0687,8.284,0,5846,3063,2474,0,0,59070,60963,39728
"8063",461.12143,3.057,0,0,0,0,0,0,114484,105259,48280
"8064",461.1662,2.227,0,0,0,0,0,0,86287,88145,45148
"8065",461.18729,9.723,3508,3317,0,2932,2171,0,44242,47244,42860
"8066",461.26666,8.144,0,0,0,0,0,0,405130,371505,298686
"8067",461.2916,5.119,206081,184472,161068,169698,170072,172042,225667,203018,201124
"8068",461.32541,10.53,90334,2091,3436,2313,1833,1996,4352,8715,2220
"8069",461.33585,7.443,198148,0,0,0,0,0,0,0,0
"8070",461.34308,3.683,279820,7468,41282,0,0,0,0,0,0
"8071",461.36469,11.021,403574,191835,120469,175349,180285,153390,94854,156992,244067
"8072",461.37253,9.023,277192,87029,119677,35122,15146,37391,67272,17455,37359
"8073",461.83469,3.911,184320,9340,4185,0,0,0,0,0,0
"8074",461.85843,3.763,512120,160426,151561,0,0,0,7807,2701,7240
"8075",461.86633,8.784,173948,100493,103165,132624,231828,38130,103264,200091,160601
"8076",462.09961,1.817,0,0,0,0,0,0,37029,34034,39665
"8077",462.19778,2.499,0,0,0,0,0,0,83206,71643,69672
"8078",462.19785,2.727,0,0,0,0,0,0,75013,82987,78695
"8079",462.23502,2.081,0,0,0,0,0,0,25170,37004,36452
"8080",462.24973,6.652,271945,121182,118863,2332,1886,1766,12244,8657,2971
"8081",462.27301,2.959,201701,213114,190362,182135,191572,191860,220722,224933,254026
"8082",462.35019,3.191,315080,43194,47036,0,0,0,47830,45303,43661
"8083",462.35361,10.278,96771,80914,92052,89759,94776,83818,122959,145771,121817
"8084",462.86203,0.472,2105,0,1444,0,0,0,6323328,6022859,4348294
"8085",463.05603,2.695,0,0,0,0,0,0,76493,61696,37884
"8086",463.05615,2.31,0,0,0,0,0,0,105371,91514,95738
"8087",463.08777,2.17,0,0,0,0,0,0,512775,546215,527899
"8088",463.11429,9.211,0,0,0,0,0,0,90932,97547,73705
"8089",463.12302,3.68,0,0,0,0,0,0,60306,56728,50486
"8090",463.13113,9.334,253598,273836,276503,259075,239254,263899,285026,315102,318147
"8091",463.15771,2.225,0,0,0,0,0,0,172872,175111,168245
"8092",463.15799,2.647,0,0,0,0,0,0,24854,29316,22217
"8093",463.15936,3.102,0,0,0,0,0,0,39492,49960,28807
"8094",463.17902,1.888,0,0,0,0,0,0,43876,38014,23092
"8095",463.22409,7.893,0,0,0,0,0,0,36702,33791,46842
"8096",463.22522,7.608,0,0,0,0,0,0,105887,107459,112010
"8097",463.22531,7.401,0,0,0,0,0,0,35059,39761,31342
"8098",463.32581,8.252,93386,0,0,0,0,0,0,0,0
"8099",463.34302,8.62,176182,163438,163798,158529,170467,157921,183326,175030,178782
"8100",463.34421,8.755,1151270,310517,345468,292541,261967,266080,311673,325344,309993
"8101",463.35086,6.342,62433,1967,2417,0,0,0,0,0,0
"8102",464.11755,0.821,0,0,0,0,0,0,29560,26596,14591
"8103",464.11792,0.512,0,0,0,0,0,0,227269,179199,201109
"8104",464.21387,2.592,0,0,0,0,0,0,520155,575904,505741
"8105",464.21402,2.53,0,0,0,0,0,0,206448,208295,179055
"8106",464.21442,4.333,0,0,0,0,0,0,32527,29845,24996
"8107",464.26541,6.721,19615,25332,26729,21897,26908,21494,24965,31149,25895
"8108",464.26642,6.817,15490,29879,33270,27268,32701,27661,35271,29808,24552
"8109",464.2876,4.681,95808,86449,84233,81022,87946,80888,83128,91526,87553
"8110",464.33362,7.227,73106,3074,0,0,0,0,0,0,0
"8111",464.33588,3.761,5526044,1608220,1656739,0,0,0,171705,144612,145535
"8112",464.34155,10.294,6883121,93216,103583,0,0,0,80064,180734,91965
"8113",464.35901,9.757,289640,356276,360502,303836,279634,301551,322580,367449,334255
"8114",464.3591,8.448,1053871,1063705,1059392,923362,884338,1089303,994272,1004593,923676
"8115",464.35968,6.914,184021,191456,184798,179173,177661,179747,195552,185110,168323
"8116",464.43243,9.602,1901860,2427156,2360850,2104864,1643048,2075604,1886464,2390821,2227038
"8117",464.87268,11.657,456800,485784,473770,417740,453479,418036,468205,361986,619391
"8118",465.03555,1.853,0,0,0,0,0,0,93805,91246,102813
"8119",465.10391,3.091,0,0,0,0,0,0,1594440,1667218,1611522
"8120",465.10403,2.958,0,0,0,0,0,0,913953,896380,864061
"8121",465.13062,9.725,0,0,0,0,0,0,19877,30954,11075
"8122",465.13846,7.222,0,0,0,0,0,0,49689,40718,38746
"8123",465.18759,3.571,0,0,0,0,0,0,51388,77118,107838
"8124",465.25031,10.495,207817,424003,511872,504948,468316,392689,516455,488939,528336
"8125",465.25046,11.074,125137,131182,126367,134006,138214,111549,120322,87914,99876
"8126",465.33124,8.942,1014273,20205,30882,0,0,0,10557,18595,15720
"8127",465.36987,7.084,62121,3634,2296,0,0,2642,0,0,0
"8128",465.40707,7.479,384266,0,0,0,0,0,0,0,0
"8129",466.05713,0.633,0,0,0,0,0,0,47145,41857,40522
"8130",466.10297,2.31,0,0,0,0,0,0,41858,38353,39360
"8131",466.17184,3.208,0,0,0,0,0,0,216499,219211,232444
"8132",466.17703,6.189,143779,119981,142864,0,0,1772,157784,153802,93218
"8133",466.23221,4.863,19216,18840,19812,17836,20147,14166,40555,59458,15018
"8134",466.26559,2.524,0,0,0,0,0,0,38667,43086,34796
"8135",466.4108,10.522,589234,539918,617357,571681,452971,473835,604589,629291,516048
"8136",466.41168,10.4,808932,45608,80648,44470,27938,49077,67403,75728,66370
"8137",466.81897,10.289,99814,0,2276,0,0,0,0,0,0
"8138",467.05234,1.85,0,0,0,0,0,0,84580,108989,108262
"8139",467.15311,2.168,0,0,0,0,0,0,62274,66616,57038
"8140",467.15369,2.499,0,0,0,0,0,0,192889,209700,166200
"8141",467.15408,2.347,0,0,0,0,0,0,35840,37822,40948
"8142",467.19009,3.802,0,0,0,0,0,0,526954,472787,247050
"8143",467.20538,10.191,21665,9524,25866,16494,22599,25108,50431,72024,74458
"8144",467.2056,10.317,83453,73502,146262,85934,143333,108739,138949,339540,192532
"8145",467.24289,5.541,0,0,0,0,0,0,33966,37017,41678
"8146",467.24323,3.986,0,0,0,0,0,0,111021,116514,102099
"8147",467.24368,5.07,0,0,0,0,0,0,18632,33787,33385
"8148",467.24405,4.35,0,0,0,0,0,0,355725,384704,341157
"8149",467.2446,4.067,0,0,0,0,0,0,37738,39405,28204
"8150",467.28384,3.203,206798,310756,198779,195453,190860,167884,186746,214600,227774
"8151",467.30243,3.622,432310,406860,420196,379626,353435,389488,466950,361388,418537
"8152",467.30988,8.279,0,0,2436,0,3529,0,48778,65382,2616
"8153",467.38553,7.375,543158,0,0,0,0,0,0,0,0
"8154",467.38608,8.337,2091343,57265,73711,0,0,0,0,0,0
"8155",467.83459,0.462,0,0,2076,0,0,0,138153,62034,34741
"8156",468.03503,2.308,0,0,0,0,0,0,32225,29350,36253
"8157",468.03687,2.698,0,0,0,0,0,0,28308,26704,17256
"8158",468.16391,2.899,0,0,0,0,0,0,102150,102822,88429
"8159",468.19153,5.788,91008,1617,0,0,0,0,46276,27093,21266
"8160",468.19159,6.114,93542,0,2022,0,0,0,47736,38853,29429
"8161",468.27484,6.295,0,0,0,0,0,0,72102,82082,69174
"8162",468.30042,5.084,148097,1951,1403,0,0,0,0,0,0
"8163",468.35477,8.371,297688,18783,14066,6002,2428,2838,17344,12488,11598
"8164",468.36487,7.73,37446,65579,57166,0,2220,0,1712,2273,2013
"8165",468.38937,8.284,235968,86631,160325,63200,35148,87378,48201,65988,55236
"8166",468.38971,11.628,156046,151201,213116,72155,88510,176935,228801,259894,217067
"8167",468.39032,8.997,2505909,3461312,2945242,2820050,2552452,2573477,3123918,2974278,3787447
"8168",468.39108,8.848,3863692,4078668,3994492,3709916,3856016,3744411,4123201,3903176,3869391
"8169",468.39133,5.68,250653,203348,252795,236865,242198,224224,210291,230204,234759
"8170",468.39136,10.686,453830,421709,756804,304103,762228,200289,734534,655004,341413
"8171",468.80353,0.47,3441,1781,2053,1756,6868,4630,31685,48867,51056
"8172",469.13266,2.646,0,0,0,0,0,0,188781,207856,167486
"8173",469.14923,7.224,0,0,0,0,0,0,95562,90676,93886
"8174",469.14978,7.302,0,0,0,0,0,0,57022,51617,53450
"8175",469.16913,2.586,0,0,0,0,0,0,202651,202900,195990
"8176",469.1908,4.176,0,0,0,0,0,0,41481,67737,59566
"8177",469.20544,4.414,0,0,0,0,0,0,42386,52851,40487
"8178",469.20667,3.89,0,0,0,0,0,0,71247,52722,27698
"8179",469.25903,5.705,0,0,0,0,0,0,487717,540423,549966
"8180",469.25916,5.29,0,0,0,0,0,0,502551,484916,443958
"8181",469.25952,4.178,0,0,0,0,0,0,11554162,12191677,10355913
"8182",469.25952,5.221,0,0,0,0,0,0,320683,364783,317744
"8183",469.25961,4.044,0,0,0,0,0,0,116283,109713,103897
"8184",469.25964,4.724,0,0,0,0,0,0,2815828,3157059,3008776
"8185",469.25967,3.781,0,0,0,0,0,0,1790887,1870956,1716667
"8186",469.2597,6.056,0,0,0,0,0,0,100381,101072,85061
"8187",469.25986,4.434,0,0,0,0,0,0,220992,249022,238601
"8188",469.26001,5.45,0,0,0,0,0,0,236873,268674,250954
"8189",469.26019,5.35,0,0,0,0,0,0,204922,247975,207697
"8190",469.26031,6.969,0,0,0,0,0,0,267303,247737,239867
"8191",469.29684,6.671,312829,279612,269988,227198,275934,233953,285312,320774,303833
"8192",469.29688,6.774,1032446,870238,954497,925082,911986,939805,1025311,1067564,974260
"8193",469.32889,4.178,2375,0,0,0,0,0,46630,46827,41851
"8194",469.32938,11.627,47349,45224,47055,41038,55147,37675,29743,40842,46721
"8195",469.33963,3.048,388044,3485,5091,0,0,0,0,1517,0
"8196",469.34012,3.565,234027,43420,47709,0,0,0,1826,8665,0
"8197",469.36276,10.787,1748332,1434260,1726830,1628056,1468207,1506838,1659715,1576114,1493667
"8198",470.22977,2.259,0,0,0,0,0,0,281873,255886,193752
"8199",470.29102,5.964,0,0,0,0,0,0,8079149,9216015,7699372
"8200",470.29105,7.033,4226,0,0,1648,3710,2591,4555588,4309160,3889001
"8201",470.29108,5.57,0,0,0,0,0,0,1294318,1378394,1203389
"8202",470.29114,5.761,0,0,0,0,0,0,229739,265597,232080
"8203",470.29126,5.449,0,0,0,0,0,0,134651,119304,112849
"8204",470.29135,6.109,0,0,0,0,0,0,259287,305277,207663
"8205",470.29138,7.123,4226,0,0,1663,3050,0,524233,496994,489875
"8206",470.29141,6.7,15469,29312,15146,24923,25071,25843,1817869,1801399,1587636
"8207",470.29153,6.478,0,0,0,0,0,0,299880,283617,231862
"8208",470.29181,4.878,0,0,0,0,0,0,189004,197963,187167
"8209",470.29193,4.05,0,0,0,0,0,0,167757,184954,180569
"8210",470.32416,3.381,241380,0,1462,0,0,0,0,0,0
"8211",470.32971,8.143,13184,2917,0,2526,0,0,81568,100208,90193
"8212",470.34891,10.4,281423,3748,4308,5074,3595,15527,12404,11250,5692
"8213",470.3522,9.132,996579,217593,221308,350494,193999,345845,178929,408532,380152
"8214",470.37,7.311,700165,221987,265147,227789,211004,229154,239580,223634,234216
"8215",470.37152,3.076,1195202,89500,90659,0,0,0,25847,29914,22072
"8216",470.38525,11.141,232380,2944,0,0,0,1440,1757,1616,1536
"8217",470.38565,11.017,1803055,14537,14782,3197,0,1866,32346,41039,25889
"8218",470.79901,6.773,9640,28563,19785,20407,5058,22132,6125,29242,25235
"8219",471.09082,3.339,0,0,0,0,0,0,181818,185781,169420
"8220",471.12805,2.279,0,0,0,0,0,0,73331,82342,36784
"8221",471.14288,5.813,62688,100397,99625,104415,97034,106724,120418,109461,119485
"8222",471.14352,5.878,37360,77342,91275,87507,86234,82925,78595,84552,88652
"8223",471.20535,5.264,0,1657,0,0,0,1821,672883,667140,550936
"8224",471.27371,5.774,0,0,0,0,0,0,321514,357231,306974
"8225",471.27408,4.406,0,0,0,0,0,0,305486,325951,318146
"8226",471.27463,6.168,0,0,0,0,0,0,389695,438721,344535
"8227",471.27475,5.264,0,0,0,0,0,0,91921080,101011376,86144248
"8228",471.27493,4.279,0,0,0,0,0,0,961580,1008355,911479
"8229",471.27524,4.983,1726,0,0,0,0,0,972543,1088414,1011294
"8230",471.31979,2.703,81064,5278,3427,0,0,0,1671,0,0
"8231",471.34518,5.262,0,0,0,0,0,0,537978,559099,518977
"8232",471.34937,10.715,2621154,59717,48447,2210,0,0,60200,61553,44529
"8233",471.84366,7.735,61908,0,0,0,0,0,3870,0,0
"8234",471.86328,11.658,545010,619061,506962,488969,519537,480348,501506,631720,614699
"8235",471.99173,0.466,0,0,0,0,0,0,66658,46433,17472
"8236",472.02957,2.178,0,0,0,0,0,0,34061,21321,16046
"8237",472.20337,0.583,0,0,0,0,0,0,151139,179617,190670
"8238",472.24487,2.255,0,0,0,0,0,0,643208,706928,580814
"8239",472.245,2.347,0,0,0,0,0,0,80570,130473,142746
"8240",472.24506,2.643,0,0,1235,0,0,0,69751,64297,72708
"8241",472.27454,9.587,79074,64496,95644,69496,57448,77885,79255,95980,85670
"8242",472.30548,7.424,0,0,0,0,0,0,90728,95074,88756
"8243",472.30664,6.652,0,0,0,0,0,0,13643729,13288821,11669261
"8244",472.30664,6.779,0,0,0,0,0,0,4318735,4150646,3332992
"8245",472.30667,7.072,0,0,0,0,0,0,1186088,1073891,1065890
"8246",472.3067,6.125,0,0,0,0,0,0,4972200,5489360,4611674
"8247",472.30673,6.37,0,0,0,0,0,0,536718,559024,509185
"8248",472.30679,7.515,0,0,0,0,0,0,195072,194138,72384
"8249",472.30701,6.52,0,0,0,0,0,0,1773781,1875749,1522970
"8250",472.32162,3.763,993960,309534,300714,9794,9868,10016,26084,19475,14561
"8251",472.33911,9.38,2820493,79731,66399,2939,2594,0,61979,77048,44499
"8252",472.33957,3.235,112034,12320,6730,0,0,0,0,0,0
"8253",472.34164,7.554,73470,118512,114952,127184,132467,122921,125486,130486,126090
"8254",472.3649,9.585,3780141,61633,48809,3029,0,0,66974,121291,75744
"8255",472.37622,6.654,0,0,0,0,0,0,59072,64317,47877
"8256",472.81894,0.47,0,0,0,0,0,0,282059,275177,307546
"8257",472.90311,0.47,374850,270876,371667,221949,343670,261817,16207,7874,4613
"8258",473.08786,1.845,0,0,0,0,0,0,83989,118388,95957
"8259",473.13016,1.989,0,0,0,0,0,0,35753,29111,28018
"8260",473.16348,1.597,0,0,0,0,0,0,35202,36601,40432
"8261",473.17206,7.891,26355,56652,43355,37498,56793,29643,49691,60218,51135
"8262",473.2027,2.846,0,0,0,0,0,0,349464,342001,307412
"8263",473.203,3.178,0,0,0,0,0,0,135713,148706,143365
"8264",473.20303,3.035,0,0,0,0,0,0,90547,99785,93911
"8265",473.29065,3.249,4144,1457,0,2732,1526,1508,82914,75076,73632
"8266",473.29102,3.727,1999,0,0,0,0,0,591716,556084,521604
"8267",473.31021,6.469,0,0,0,0,0,0,513770,489828,449279
"8268",473.3103,6.974,0,0,0,0,0,0,456935,429139,387777
"8269",473.31943,11.438,372607,98523,127185,116677,122409,98976,128564,80560,91447
"8270",473.34711,10.683,44869,73969,48600,62925,76983,131997,154238,138102,157626
"8271",473.37296,8.618,108760,26391,34804,0,0,0,0,0,0
"8272",474.16074,11.65,0,0,0,0,0,0,73259,0,56544
"8273",474.21472,11.653,269600,108579,137094,163444,220198,283381,270520,273206,165721
"8274",474.21863,0.603,0,0,0,0,0,0,437558,472936,376186
"8275",474.21985,0.828,0,0,0,0,0,0,162466,183184,156612
"8276",474.26065,2.259,0,0,0,0,0,0,4879937,4995378,4212700
"8277",474.3559,10.228,76546,2010,0,0,0,0,0,0,3817
"8278",474.35684,10.153,102531,0,0,0,0,0,3176,0,3817
"8279",474.37997,11.417,374405,298949,397245,293455,322692,281444,404412,375305,293389
"8280",474.3801,11.139,369398,344807,406599,395056,386274,296072,360117,294772,304601
"8281",474.38055,11.245,353155,329762,335493,303962,331320,340262,371645,255974,277728
"8282",474.83331,11.663,0,110365,131584,0,59212,58123,0,0,53314
"8283",474.94159,0.47,269968,182821,250080,148207,223349,187049,10571,15736,0
"8284",475.05283,2.31,0,0,0,0,0,0,38763,45070,44145
"8285",475.10248,1.848,0,0,0,0,0,0,193187,195530,174755
"8286",475.14572,9.208,0,0,0,0,0,0,42309,47857,40997
"8287",475.15805,3.438,0,0,0,0,0,0,63220,57428,32409
"8288",475.16602,7.3,0,0,0,0,0,0,86753,78392,71498
"8289",475.16608,7.224,0,0,0,0,0,0,141479,127417,123549
"8290",475.17773,0.548,0,0,0,0,0,0,11247110,12611667,11484302
"8291",475.21884,3.145,0,0,0,0,0,0,73476,88690,75704
"8292",475.22345,7.613,9426,0,0,0,0,0,86912,77151,64371
"8293",475.24576,6.113,0,0,0,0,0,0,210380,216531,192332
"8294",475.24606,5.96,0,0,0,0,0,0,270533,344547,369805
"8295",475.24628,7.035,0,0,0,0,0,0,2668964,2446690,2260068
"8296",475.2464,6.93,0,0,0,0,0,0,119922,109885,103956
"8297",475.2464,6.686,0,0,0,0,0,0,1923156,1841634,1554167
"8298",475.2468,6.476,0,0,0,0,0,0,119526,111182,91673
"8299",475.32758,3.072,222788,15170,13738,0,0,0,0,1444,2464
"8300",475.35211,8.007,888512,53914,33277,0,0,0,0,0,0
"8301",475.38867,9.219,1155654,489219,503410,0,0,0,0,0,3004
"8302",476.0014,2.235,0,0,0,0,0,0,57329,54982,49202
"8303",476.0015,1.848,0,0,0,0,0,0,101371,121725,134132
"8304",476.16183,0.81,0,0,0,0,0,0,97019,100033,102014
"8305",476.1626,9.211,0,0,0,0,0,0,56071,64481,39318
"8306",476.16852,7.546,167402,0,0,0,0,0,0,0,0
"8307",476.17014,7.461,78950,0,0,0,0,0,0,0,0
"8308",476.19012,3.091,0,0,0,0,0,0,69909,70890,63097
"8309",476.19235,2.998,0,0,0,0,0,0,149353,160506,137086
"8310",476.1925,3.153,0,0,0,0,0,0,180251,184887,170842
"8311",476.25034,3.533,0,0,0,0,0,0,78655,93603,74768
"8312",476.25055,3.812,0,0,0,0,0,0,48589,46416,39914
"8313",476.27628,7.588,0,0,0,0,0,0,64464,53264,55794
"8314",476.2782,7.226,0,0,0,0,0,0,249888,234038,216701
"8315",476.27881,6.797,0,0,0,0,0,0,221835,211384,197013
"8316",476.30829,2.772,3595710,3380501,3340202,3329678,3298134,3144788,3421659,3502208,3531817
"8317",476.30957,11.647,336874,844069,942344,846422,923776,697472,894872,933935,936675
"8318",476.32227,9.99,53347,59112,45993,74499,74907,53814,51764,106815,74788
"8319",476.84967,3.725,139428,31938,30829,909,3654,2125,0,0,0
"8320",476.90796,11.641,279857,150387,230148,226977,294678,298783,319499,224109,265745
"8321",477.16827,3.927,0,0,0,0,0,0,49394,55954,50358
"8322",477.17154,2.573,0,0,0,0,0,0,36835,43986,33469
"8323",477.18277,7.707,0,0,0,0,0,0,53519,54967,48031
"8324",477.18811,2.837,0,0,0,0,0,0,52949,55297,49348
"8325",477.26163,6.776,0,0,0,0,0,0,1378409,1363821,1146050
"8326",477.26181,6.666,0,0,0,0,0,0,6102706,5906294,5145206
"8327",477.26193,6.224,0,0,0,0,0,0,535643,576816,508330
"8328",477.26205,6.125,0,0,0,0,0,0,2651364,2931936,2404800
"8329",477.26205,6.473,0,0,0,0,0,0,790763,789084,678307
"8330",477.26227,6.973,0,0,0,0,0,0,1109950,1104672,1254152
"8331",477.26236,7.498,0,0,0,0,0,0,112853,106164,92482
"8332",477.30154,8.108,1268814,1660320,1082491,1159705,1218240,1332513,1339733,1199190,1143274
"8333",477.35989,9.763,95231,145486,115940,113904,95710,157828,130697,153406,148388
"8334",477.36746,6.8,121120,0,2459,0,0,0,0,0,0
"8335",477.36792,7.024,186327,0,0,0,0,0,0,0,0
"8336",477.8027,8.059,168300,898692,197677,138415,179523,208332,195950,196884,214825
"8337",478.11023,0.524,0,0,0,0,0,0,60898,56824,23328
"8338",478.19269,2.024,0,0,0,0,0,0,192675,218906,227623
"8339",478.19293,2.267,0,0,0,0,0,0,197732,212733,188227
"8340",478.20856,6.598,160723,152678,163927,160875,164397,176032,151568,186712,177179
"8341",478.2298,4.409,2881,4746,1664,1338,1899,10117,29524,38506,8589
"8342",478.24469,8.141,0,0,0,0,0,0,127190,121069,103880
"8343",478.26575,6.368,0,0,0,0,0,0,108552,125976,103907
"8344",478.29355,8.006,3669,0,0,0,0,0,255877,214004,152203
"8345",478.29398,7.269,0,0,0,1468,0,0,189129,192014,187050
"8346",478.30301,4.645,657667,22698,20212,0,0,0,5682,9310,9511
"8347",478.34961,8.225,810373,35294,50442,15678,17204,12581,41921,30784,53578
"8348",478.35251,9.519,102547,0,0,0,0,0,0,0,0
"8349",478.35712,11.131,880179,38569,28557,4683,3188,3995,13505,18946,23538
"8350",478.80661,8.105,10420,39697,43913,44144,22624,17944,46385,26474,29258
"8351",478.83649,0.474,0,0,0,0,0,0,3702521,3958147,3361871
"8352",479.04034,0.659,0,0,0,0,0,0,52075,69452,44796
"8353",479.1095,7.224,0,0,0,0,0,0,45961,47478,45222
"8354",479.11929,3.4,0,0,0,0,0,0,56871,33134,42050
"8355",479.26416,4.151,0,0,0,0,0,0,48690,56172,54019
"8356",479.28064,7.596,0,0,31619,0,0,0,174476,169591,143053
"8357",479.32816,9.306,100381,0,0,3329,2670,0,0,0,2258
"8358",479.33591,11.102,40761,49769,38871,29410,113355,44247,41721,12713,81179
"8359",479.34698,9.815,8096318,248300,199941,3192,3240,6623,157591,247187,190989
"8360",479.36047,6.89,35447,37831,30253,31555,43974,35155,41997,36862,28167
"8361",480.15808,9.334,263170,267813,263542,250113,241344,262754,282224,283679,286689
"8362",480.19263,7.057,98432,28030,82608,0,0,0,43123,16086,2207
"8363",480.2074,3.905,23031,29226,23353,24012,18846,19767,25815,34911,40435
"8364",480.2088,1.907,0,0,0,0,0,0,56655,65213,51808
"8365",480.20929,2.15,0,0,0,0,0,0,30828,34781,37261
"8366",480.20953,3.474,0,0,0,0,0,0,27829,27977,20289
"8367",480.29706,6.771,352952,307247,304800,310389,329832,305199,346605,279854,303437
"8368",480.33658,8.433,354233,183099,188857,200029,188755,216032,214875,259123,228625
"8369",480.42737,11.019,376977,360416,335130,326306,343868,321300,385966,255340,333192
"8370",480.83484,0.474,0,0,0,0,0,0,878761,912388,731886
"8371",480.8512,11.656,520548,587163,658957,558261,465059,480954,469979,410114,580728
"8372",481.07065,2.312,0,0,0,0,0,0,54094,56599,47460
"8373",481.11786,0.808,0,0,0,0,0,0,3559,24135,17604
"8374",481.1691,2.591,0,0,0,0,0,0,52023,45913,39065
"8375",481.20602,3.816,0,0,0,0,1585,0,80670,88767,72173
"8376",481.27722,9.993,126244,129557,112666,115005,180640,111167,100392,160811,199898
"8377",481.29376,5.391,0,0,0,0,0,0,74277,76275,84168
"8378",481.30011,4.006,24795,24627,26492,23846,25639,20418,37797,24364,22481
"8379",481.40118,7.473,311179,0,0,0,0,0,0,0,0
"8380",481.4017,8.667,153321,0,0,0,0,0,0,0,0
"8381",481.82474,9.811,64754,0,0,0,0,0,0,0,0
"8382",481.83557,0.535,30219,62013,143446,112790,243006,135734,15227,33650,27891
"8383",482.26187,3.358,0,0,0,0,0,0,28241,31580,31348
"8384",482.36975,8.419,81996,45318,27958,34865,39343,49051,36554,49649,39579
"8385",482.37061,8.847,232627,36382,47109,18068,33613,66138,22740,34740,27556
"8386",482.40582,9.513,1167580,1819594,1375382,1948391,1294622,548626,1481903,1723596,2081295
"8387",482.40582,9.388,5547958,7885066,4880019,7535942,6502732,9902027,4591462,5488139,5472745
"8388",482.40701,11.637,228030,111435,220359,132248,85897,110053,122997,134977,165006
"8389",482.85941,0.468,28080,46625,32855,37071,59282,44272,0,4405,3568
"8390",482.92969,0.469,325194,98371,289623,87697,204303,118744,3935,10792,7324
"8391",483.05072,8.305,136137,84074,171636,213765,92267,160975,121384,165076,201594
"8392",483.14804,2.024,0,0,0,0,0,0,204182,257394,235089
"8393",483.14819,2.231,0,0,0,0,0,0,344899,326167,223257
"8394",483.16312,3.839,0,0,0,0,0,0,109471,84861,44195
"8395",483.1644,6.595,5735,28114,31941,39680,29458,28840,44017,45076,42352
"8396",483.18457,2.958,0,0,0,0,0,0,32488,26718,31161
"8397",483.27518,4.307,0,0,0,0,0,0,52136,38031,17268
"8398",483.30545,5.144,130081,115098,119554,105290,122765,112645,127663,134136,157881
"8399",483.31372,3.763,212531,44210,55933,0,0,0,0,0,0
"8400",483.37805,8.632,731519,531965,839747,309158,1114777,1179690,818770,1313881,1300537
"8401",483.38046,6.554,200261,0,2110,0,0,0,2613,0,0
"8402",483.40997,9.336,772076,882549,902074,853906,711746,822211,780286,2449228,863524
"8403",484.13843,2.894,0,0,0,0,0,0,98250,88248,88101
"8404",484.1387,3.038,0,0,0,0,0,0,34589,40674,30073
"8405",484.18378,0.559,0,0,0,0,0,0,442158,370575,292231
"8406",484.27621,3.802,0,0,0,0,0,0,68395,66719,62749
"8407",484.30664,7.033,0,0,0,0,0,0,312052,241078,235336
"8408",484.34268,8.141,0,0,0,0,0,0,99343,94656,80802
"8409",484.34909,6.208,144380,162717,177306,162298,172101,153085,169556,183170,175247
"8410",484.36462,10.872,123534,0,0,0,0,0,0,0,0
"8411",484.3674,10.249,85205,47993,58235,58107,43892,46520,76686,95777,70476
"8412",484.36783,9.973,157524,0,0,0,0,0,0,0,0
"8413",484.3858,7.874,1094237,497597,562342,455279,465297,430667,488223,437785,467817
"8414",484.40146,11.532,523881,2475,1682,1343,1965,0,2843,12654,1346
"8415",485.05704,0.657,0,1400,0,0,0,0,314544,371912,247299
"8416",485.10669,2.648,0,0,0,0,0,0,34809,36070,28270
"8417",485.11374,9.334,119835,123659,118964,129283,121933,131835,119898,143421,128824
"8418",485.14313,2.59,0,0,0,0,0,0,79437,72932,67416
"8419",485.1629,1.827,0,0,0,0,0,0,115816,117407,106190
"8420",485.16434,2.154,0,0,0,0,0,0,52461,57183,51101
"8421",485.25424,4.062,0,0,0,0,0,0,142372,145270,121715
"8422",485.25424,4.35,0,0,0,0,0,0,169430,212467,185057
"8423",485.25467,3.988,0,0,0,0,0,0,65384,69278,66698
"8424",485.25467,3.639,0,0,0,0,0,0,100063,113177,98726
"8425",485.29099,5.718,0,0,0,0,0,0,958644,789980,424471
"8426",485.33505,2.929,369287,34063,34447,0,1261,0,7975,7798,6868
"8427",485.33923,8.234,59986,0,0,0,0,0,22636,24336,17949
"8428",485.3566,8.595,110764,130608,126392,118495,115580,124099,148424,142380,145540
"8429",485.35748,8.731,987801,321178,325720,244821,270576,251135,296291,327475,260668
"8430",485.36008,6.713,440411,0,0,0,1417,0,0,0,0
"8431",485.36041,6.628,293187,0,0,0,0,0,0,0,0
"8432",485.36047,6.961,336185,0,0,0,0,0,0,0,0
"8433",485.36176,6.566,116585,1893,0,0,0,0,0,0,0
"8434",485.362,7.122,270840,0,0,0,0,0,0,0,0
"8435",485.36496,11.559,250387,2612,3657,1710,2515,2186,1740,1347,1938
"8436",486.28485,3.783,0,0,0,0,0,0,121427,109601,92384
"8437",486.28604,4.178,0,0,0,0,0,0,2539826,2697051,2452470
"8438",486.28604,5.223,0,0,0,0,0,0,269606,332737,281424
"8439",486.2861,4.446,0,0,0,0,0,0,180305,182996,144792
"8440",486.28613,6.035,23748,22914,62514,31298,32546,19402,1738954,1920049,1740775
"8441",486.28616,4.722,0,0,0,0,0,0,723053,844159,705254
"8442",486.28616,5.449,0,0,0,0,0,0,601673,640021,589475
"8443",486.28625,7.191,0,0,0,0,0,0,606461,590153,533127
"8444",486.28625,5.753,0,0,0,0,0,0,584714,670435,481922
"8445",486.28629,6.971,0,0,0,0,0,0,422425,387352,388826
"8446",486.31927,3.223,73181,1399,5721,0,0,0,0,0,0
"8447",486.32202,6.656,0,0,0,0,0,0,1143931,906626,868988
"8448",486.3226,6.122,0,0,0,0,0,0,342570,412022,335201
"8449",486.3367,9.724,266510,0,0,0,2592,2688,2442,7323,6379
"8450",486.34381,5.57,0,0,0,0,0,0,72405,63202,54023
"8451",486.34399,9.343,241422,40590,35265,40372,38081,35411,51188,41854,60709
"8452",486.3548,10.24,7727874,139059,151513,0,0,0,123406,253138,158784
"8453",486.38007,7.636,11888,59519,56781,0,0,0,0,0,0
"8454",486.38046,10.038,2838090,25375,33128,0,0,0,55499,90921,64966
"8455",486.86807,11.647,695288,935140,761921,695131,784938,819063,700424,1060889,875192
"8456",487.08588,3.091,0,0,0,0,0,0,573190,579664,564129
"8457",487.19293,2.41,0,0,0,0,0,0,187837,197012,173778
"8458",487.22375,4.866,163969,160589,175851,135847,162228,153330,172318,197673,266300
"8459",487.23276,10.49,161669,329761,239927,244894,223993,276757,377038,473518,388546
"8460",487.23407,11.072,74187,89654,73161,87326,96234,81643,81188,63088,72875
"8461",487.24631,6.001,66016,57694,64478,61869,66015,52990,63973,54816,59191
"8462",487.26785,4.722,0,3911,0,0,0,0,984433,1082957,999370
"8463",487.2688,5.705,0,0,0,0,0,0,38151,42909,42737
"8464",487.26886,4.461,0,0,0,0,0,0,437673,536105,455247
"8465",487.26978,3.779,0,0,0,0,0,0,1497222,1541676,1447504
"8466",487.34457,8.901,988782,29564,15841,0,0,0,7892,13914,21953
"8467",488.15204,3.2,0,0,0,0,0,0,33359,32995,28007
"8468",488.18466,5.947,0,0,0,0,0,0,49639,50923,82283
"8469",488.20651,5.96,0,0,0,0,0,0,187824,304880,304538
"8470",488.22659,11.662,102067,37812,119639,87515,120211,59644,123113,57895,201497
"8471",488.2272,5.966,0,0,0,0,0,0,951164,1084042,1022764
"8472",488.22742,5.776,3517,0,0,0,0,0,107902,113590,119023
"8473",488.22806,5.267,6973,17099,16174,2609,12784,14479,271914,299789,264756
"8474",488.23984,2.253,0,0,0,0,0,0,305422,218109,554517
"8475",488.26819,4.173,0,0,0,0,0,0,267891,282925,253940
"8476",488.29886,4.267,0,0,0,0,0,0,104011,109155,90199
"8477",488.30118,5.264,0,0,0,0,0,0,44041052,48481392,41189188
"8478",488.30133,4.402,0,0,0,0,0,0,278049,298035,260538
"8479",488.30148,5.964,0,0,0,0,0,0,149000880,172078608,155985584
"8480",488.30151,4.851,0,0,0,0,0,0,1227339,1430660,1220060
"8481",488.30151,6.38,0,0,0,0,0,0,531072,545949,328001
"8482",488.30157,5.437,0,0,0,0,0,0,779692,828855,736450
"8483",488.30161,5.574,0,0,0,0,0,0,7894320,8522886,7375648
"8484",488.3017,5.775,0,0,0,0,0,0,20234474,21980586,20158308
"8485",488.30176,3.559,5409,1447,3688,2027,1895,3719,153002,165242,162499
"8486",488.30185,4.983,0,0,0,0,0,0,757153,837321,761052
"8487",488.30212,6.854,0,0,0,0,0,0,166432,173283,169296
"8488",488.35956,8.055,351684,339967,348443,327206,333638,350584,340595,333581,376802
"8489",488.37463,5.264,0,0,0,0,0,0,210547,275396,235272
"8490",488.37503,5.775,0,0,0,0,0,0,106139,132866,116797
"8491",488.37567,5.964,0,0,0,0,0,0,837149,1062522,980176
"8492",488.39325,10.274,239776,190362,147052,184705,209114,68955,73998,265491,239860
"8493",488.78958,0.472,0,0,0,0,0,0,59402,109120,115734
"8494",488.83371,10.24,125065,0,0,0,0,0,0,0,0
"8495",488.87378,0.468,297777,226140,317930,196743,248231,221235,77725,83434,41717
"8496",489.17258,2.346,0,0,0,0,0,0,126968,136798,126874
"8497",489.19315,0.548,0,0,0,0,0,0,3290753,4137456,3494536
"8498",489.22803,9.03,2299335,2480194,2392160,2322252,2397044,2288254,2749374,2126308,2506696
"8499",489.23163,3.743,0,0,0,0,0,0,124573,114462,101368
"8500",489.28381,3.737,0,0,0,1898,2063,0,157579,99439,101851
"8501",489.28485,4.406,0,0,0,0,0,0,3857234,4062419,4104644
"8502",489.28555,4.494,1906,0,0,0,0,0,1082944,1236314,1142630
"8503",489.28595,4.577,1906,0,1525,0,0,0,369473,389389,347125
"8504",489.29758,3.268,232217,225048,223547,207741,218497,225304,240839,255768,250979
"8505",489.31619,3.679,384496,355649,361489,344930,336125,348010,362968,315655,344047
"8506",489.36774,7.27,190041,0,0,0,0,0,0,0,0
"8507",489.36789,8.335,2036880,120819,108283,0,0,0,0,0,2646
"8508",489.36804,8.284,1540980,51013,43815,0,0,0,0,0,2646
"8509",489.82169,0.472,7034,4943,9482,2218,3330,20603,23616,51783,81119
"8510",489.83453,11.657,263614,142407,159226,131922,94690,98355,189644,93929,166653
"8511",489.84418,0.469,8102,65759,39029,60213,28199,73658,0,1935,0
"8512",490.06689,2.237,0,0,0,0,0,0,67861,56877,46379
"8513",490.06784,1.848,0,0,0,0,0,0,255865,311445,303303
"8514",490.17667,0.55,0,0,0,0,0,0,5008376,5663604,5077618
"8515",490.19296,2.92,0,0,0,0,0,0,25186,42731,30731
"8516",490.22949,2.846,0,0,0,0,0,0,1301954,1281465,1173384
"8517",490.22977,3.013,0,1490,0,0,0,0,158630,165664,143129
"8518",490.26431,3.609,0,1401,0,0,0,0,97171,87058,92134
"8519",490.28711,2.8,496918,437456,387776,403995,408400,403921,449266,435722,493031
"8520",490.31757,5.122,87480,0,2004,0,0,0,364706,407795,370300
"8521",490.32413,3.01,78499,36146,34686,34265,29671,27811,21412,5762,6420
"8522",490.34586,11.434,130861,36955,44971,37880,40392,37314,43208,23744,32273
"8523",490.37491,10.373,119080,94428,86603,99265,99422,90233,119162,153413,142453
"8524",490.37543,10.763,177859,121832,105884,125530,112776,133848,191122,147949,120826
"8525",490.37552,10.64,184623,169269,183091,150423,164830,125359,169728,191239,116257
"8526",490.38516,11.432,517444,166300,315948,203572,337673,215072,68500,263138,87247
"8527",490.91489,0.463,0,0,0,0,0,0,42740,43744,15637
"8528",491.17682,2.198,0,0,0,0,0,0,89567,88914,33955
"8529",491.2175,6.115,0,0,0,0,0,0,150496,151760,118235
"8530",491.21829,6.475,0,0,0,0,0,0,59604,74225,55748
"8531",491.22012,7.035,0,0,0,0,0,0,1560320,1419969,1268800
"8532",491.22031,6.686,0,0,0,0,0,0,723516,688061,565639
"8533",491.24014,4.569,0,0,0,0,0,0,71559,87764,73969
"8534",491.24109,5.761,0,0,0,0,0,0,396208,442783,393980
"8535",491.24112,4.827,0,0,0,0,0,0,207318,214619,179919
"8536",491.24127,5.351,0,0,0,0,0,0,282203,352235,282695
"8537",491.24146,5.221,0,0,0,0,0,0,520450,603882,547954
"8538",491.24149,6.969,0,0,0,0,0,0,539299,483827,461443
"8539",491.24255,6.069,0,0,0,0,0,0,330607,358296,326769
"8540",491.2435,7.2,0,0,0,0,0,0,178659,171148,176815
"8541",491.30984,6.77,1042196,1052536,943947,1028521,985949,1006537,1141663,1144512,1051586
"8542",491.31024,6.668,394952,307779,347505,286878,308950,336051,347066,370960,336097
"8543",491.32629,8.006,150538,0,0,0,0,0,0,0,0
"8544",491.36279,9.225,169353,62424,78562,3247,3323,2480,2943,8605,3507
"8545",491.37466,10.76,2351385,2132764,2387457,2185213,2266587,1930236,2454824,2141615,1937980
"8546",491.38266,7.153,271067,30871,53012,0,0,0,0,0,0
"8547",491.38297,7.021,393002,48889,62165,0,0,0,0,0,0
"8548",491.38321,7.228,545195,73758,101961,0,0,0,0,0,0
"8549",491.83252,11.657,0,99426,215396,83642,115799,47843,0,49505,33370
"8550",492.12695,0.533,0,0,0,0,0,0,64641,16643,72497
"8551",492.17203,1.589,0,0,0,0,0,0,120139,141439,126213
"8552",492.17776,4.35,0,0,0,0,0,0,684222,778260,726982
"8553",492.20233,4.552,0,0,0,0,0,0,51588,51224,50209
"8554",492.20807,2.299,0,0,0,0,0,0,151806,189543,150712
"8555",492.20859,2.547,0,0,0,0,0,0,84341,105979,100216
"8556",492.21155,3.603,0,0,0,0,0,0,39312,44307,31414
"8557",492.24487,5.4,0,0,0,0,0,0,112489,91205,72789
"8558",492.30301,2.604,115833,122236,125101,119391,115640,101183,131148,112176,132500
"8559",492.31851,4.948,88771,0,0,0,0,0,0,0,0
"8560",492.36493,9.1,857535,309476,329048,136914,282424,306270,365896,368664,226141
"8561",492.88547,0.47,1047643,732370,1009347,613530,876486,748993,307100,323147,215882
"8562",492.88586,11.643,854906,928714,1056472,842887,678626,810500,1028635,949196,915548
"8563",493.12103,11.643,139066,237140,143802,256108,169930,174341,106560,238545,317292
"8564",493.18195,5.263,0,0,0,0,0,0,293082,298175,277512
"8565",493.19879,5.267,0,0,0,0,0,0,0,81191,178015
"8566",493.23248,6.224,0,0,0,0,0,0,240016,269224,195068
"8567",493.23392,6.523,0,2423,0,0,0,1871,375104,404687,356910
"8568",493.23462,6.125,0,0,0,0,1750,0,977508,1104882,952135
"8569",493.23563,6.774,0,0,0,0,0,0,1512378,1333080,1194927
"8570",493.23593,6.668,0,0,0,0,0,0,2425322,2432329,2082159
"8571",493.23599,6.828,0,0,0,0,0,0,1225530,1195670,1103457
"8572",493.23602,6.971,0,0,0,0,0,0,888967,808472,752444
"8573",493.2374,7.072,0,0,0,0,0,0,92608,91617,88274
"8574",493.25635,5.264,0,0,0,0,0,0,52293752,54824096,51313472
"8575",493.25647,4.888,0,0,0,0,0,0,985424,1136614,1019100
"8576",493.2565,4.39,0,1299,0,0,0,0,326849,358439,324025
"8577",493.2565,5.962,0,0,0,0,0,0,30418296,34358224,31534402
"8578",493.25674,5.572,0,0,0,0,0,0,12693338,13798947,11985376
"8579",493.25699,5.775,0,0,0,0,0,0,3645211,4093095,3550282
"8580",493.25705,5.447,0,0,0,0,0,0,1063651,1186879,1072773
"8581",493.25732,4.751,0,0,0,0,0,0,2375870,2601144,2182900
"8582",493.32587,6.548,68956,0,0,0,0,0,0,0,0
"8583",493.32611,6.33,89235,0,0,0,0,0,0,0,0
"8584",493.32666,6.231,137644,0,0,0,0,0,0,0,0
"8585",493.32681,6.417,153040,0,0,0,0,0,0,0,0
"8586",493.34448,10.135,248191,0,0,0,0,3084,3849,4448,7551
"8587",493.35013,10.26,60558,48794,93688,46932,75690,63602,112040,87933,32388
"8588",493.35397,7.717,138567,2231,10508,0,0,2065,7614,3724,2004
"8589",493.36246,10.66,3111146,66622,71245,3944,4688,2028,64636,86559,47332
"8590",493.85239,10.763,43090,43435,35703,30106,30809,30866,39246,37769,25138
"8591",494.22562,4.128,40664,46728,48022,51157,52895,53226,56460,60996,67516
"8592",494.23935,3.24,0,0,0,0,0,0,67748,62431,44772
"8593",494.35217,9.332,2484658,59761,59046,0,0,0,38342,49000,38290
"8594",494.40546,10.332,76684,56688,70375,78325,65967,63120,52422,100737,74628
"8595",494.81009,0.474,1682,0,0,0,0,1581,1232703,1566003,1642512
"8596",495.1116,1.991,0,0,0,0,0,0,155860,168095,152760
"8597",495.18469,2.843,0,0,0,0,0,0,294411,280601,245200
"8598",495.22141,3.606,0,0,0,0,0,1575,127418,115469,112584
"8599",495.27271,5.129,0,0,0,0,0,0,247774,281457,230587
"8600",495.27521,6.301,0,0,0,0,0,0,771964,858436,690051
"8601",495.3288,10.765,155458,190003,162424,166852,172369,166196,212748,135067,128279
"8602",495.3298,10.357,131176,118957,119751,121791,119627,112391,187515,197338,151849
"8603",495.33115,10.641,232973,202244,220560,249322,258303,184007,195030,234929,176425
"8604",495.3808,7.901,139717,0,0,0,0,0,0,0,0
"8605",495.39252,4.904,85669,13337,15854,0,0,0,0,0,0
"8606",495.41696,9.009,89152,0,0,0,0,0,0,0,0
"8607",495.48981,8.742,119754,0,0,0,0,0,0,0,0
"8608",495.8667,4.786,75692,11485,11078,0,0,0,0,0,0
"8609",496.18311,2.983,0,0,0,0,0,0,52849,47560,41500
"8610",496.24045,2.501,0,0,0,0,0,0,68728,65826,58093
"8611",496.3067,8.275,245541,246387,250953,236175,219084,250851,253699,238986,259579
"8612",496.33893,9.387,68533,0,0,0,0,0,0,3983,3977
"8613",496.341,7.648,0,0,3560,1415,0,1622,2460378,2493224,2282035
"8614",496.34149,7.459,0,0,0,0,0,0,354426,361719,348841
"8615",496.38565,6.89,249530,211432,208974,229912,220344,191780,248846,206151,236982
"8616",496.38739,9.269,194617,74627,155097,105058,79862,69335,102104,62859,65869
"8617",496.42148,9.821,2596299,1846174,1856796,1479957,1102543,1738497,1482399,1951456,1841904
"8618",496.42151,10.011,1963724,1390880,2544250,2458984,1675093,2622223,1776356,2281814,3894507
"8619",496.42154,9.886,1567601,2127576,2316568,2376696,2187835,2476860,2048681,2466325,2731244
"8620",497.06583,9.094,340105,618330,563060,392826,203686,196406,582934,253540,505073
"8621",497.14719,0.534,0,0,0,0,0,0,46274,122348,115850
"8622",497.16397,2.324,0,0,0,0,0,0,146651,277773,261638
"8623",497.16452,2.136,0,0,0,0,0,0,52120,96753,95610
"8624",497.2001,4.86,0,0,0,0,0,0,4468497,5266807,4738665
"8625",497.20099,4.717,0,0,0,0,0,0,73207,72034,64679
"8626",497.29053,7.216,0,0,0,0,0,0,446278,415539,374203
"8627",497.29086,7.779,0,0,0,0,0,0,75133,67604,67616
"8628",497.29099,7.559,0,0,0,0,0,0,1285189,1221451,1073592
"8629",497.2915,6.779,0,0,0,0,0,0,110399,108026,91635
"8630",497.39471,7.656,98609,0,1927,0,0,0,0,0,0
"8631",497.39584,7.602,115896,0,1927,0,0,0,0,0,0
"8632",497.39606,8.407,218224,4378,3635,2315,0,2713,3028,0,2755
"8633",497.86606,0.465,312920,244825,315182,214706,278255,255002,25231,24828,20009
"8634",498.14941,0.579,0,0,0,0,0,0,84627,74268,95817
"8635",498.17435,2.983,0,0,0,0,0,0,399019,224805,204652
"8636",498.1745,3.153,0,0,0,0,0,0,197336,206196,174795
"8637",498.23151,2.897,0,0,0,0,0,0,67096,72826,33773
"8638",498.25577,2.172,0,0,0,0,0,0,43771,30373,37503
"8639",498.32199,7.033,0,0,0,0,0,0,194400,190705,151536
"8640",498.36542,5.736,90441,115441,105131,122590,80595,138011,107492,142684,86173
"8641",498.36618,2.893,104613,3999,1490,0,0,0,0,0,0
"8642",498.4007,8.077,95507,158061,130409,171648,121800,181592,221899,213760,168822
"8643",498.40146,8.302,392943,140654,124003,104005,104120,149973,73684,95179,119494
"8644",498.40179,8.431,2053413,449839,497938,393764,415732,476464,508983,460998,448328
"8645",498.46515,9.218,71972,22250,21209,0,0,0,0,0,0
"8646",498.82349,11.655,486516,425641,600281,329864,515452,511610,427795,434564,455280
"8647",498.90247,0.468,10187527,4970592,9286735,3898702,7338680,5229548,1571411,1152223,525272
"8648",498.97784,0.468,17498,0,39553,0,25532,0,0,0,0
"8649",499.11441,0.591,0,0,0,0,0,0,81406,77745,35728
"8650",499.12146,2.024,0,0,0,0,0,0,40353,49520,46911
"8651",499.12238,2.228,0,0,0,0,0,0,77922,41681,18218
"8652",499.13712,6.596,46638,105996,92417,123569,107776,122247,142465,128800,130397
"8653",499.20154,0.81,0,0,0,0,0,0,70337,71495,70229
"8654",499.21521,4.447,0,0,0,0,0,0,46455,57302,57014
"8655",499.21564,4.762,0,0,0,0,0,0,80183,86041,79765
"8656",499.21567,5.328,0,0,0,0,0,0,242859,280162,255469
"8657",499.31512,9.724,145179,193747,130276,80956,65724,59449,52320,100504,173098
"8658",499.31537,8.089,2960460,3030865,2948100,2706469,2938751,2706854,3087759,3202696,3055667
"8659",499.31577,11.593,98095,77183,132491,128652,75892,121891,106385,37560,91751
"8660",499.35098,3.185,123104,14076,11833,0,0,0,0,0,0
"8661",499.35461,9.104,73150,3130,2725,0,0,0,0,0,3337
"8662",499.37219,9.736,68938,99919,92319,83952,65568,85924,94943,89401,103441
"8663",499.37292,9.538,326245,65437,36298,34556,19177,54503,35693,61897,53445
"8664",499.37531,7.594,239394,0,0,0,0,0,0,0,0
"8665",499.37534,7.41,1103216,20640,25485,0,0,0,0,0,0
"8666",499.37537,7.264,1739627,38783,33143,0,0,0,0,0,0
"8667",499.37576,6.949,1020285,9145,2755,0,0,0,0,0,0
"8668",499.37576,7.033,2079170,36512,29606,0,0,0,0,0,0
"8669",499.37604,6.881,368777,9145,2755,0,0,0,0,0,0
"8670",500.23996,2.4,0,0,0,0,0,0,75417,72545,30124
"8671",500.30179,6.074,0,0,0,0,0,0,57946,64121,52583
"8672",500.33633,8.766,56985,62407,52891,60554,49407,51489,51385,58128,68406
"8673",500.33768,6.795,0,0,0,0,0,0,89235,102432,82504
"8674",500.33792,6.654,0,0,0,0,0,0,735583,702768,563641
"8675",500.33795,6.97,0,0,0,0,0,0,85858,78508,62447
"8676",500.33807,6.125,0,0,0,0,0,0,261867,256094,205644
"8677",500.35876,9.917,175137,0,0,0,0,3210,2711,0,3295
"8678",500.36169,8.2,629954,36927,13023,4157,9004,12859,19321,4017,15578
"8679",500.37024,11.074,1124209,9759,10101,0,1873,0,16296,4549,8717
"8680",500.38043,5.509,760164,642358,713430,660132,662711,662653,750916,705387,757516
"8681",500.38129,6.754,191355,58546,44205,60918,56034,52736,58119,57915,46803
"8682",500.39624,10.44,4268534,41838,56009,0,0,0,89996,183377,63203
"8683",501.03043,0.653,0,0,0,0,0,0,61046,74021,45058
"8684",501.08783,9.336,70083,71980,74012,77803,61573,69126,70257,60211,71590
"8685",501.13602,1.819,0,0,0,0,0,0,50151,36138,31875
"8686",501.19479,2.501,0,0,0,0,0,0,24419,30039,26331
"8687",501.19589,2.282,0,0,0,0,0,0,84723,88987,66788
"8688",501.28586,4.309,0,0,0,0,0,0,631389,557340,247368
"8689",501.34155,9.255,98147,0,0,0,0,0,0,0,0
"8690",501.36002,9.766,6618496,179791,185006,0,0,0,102446,211658,133644
"8691",502.15448,0.538,0,0,0,0,0,0,218630,215171,282435
"8692",502.22992,1.867,0,0,0,0,0,0,123027,146352,113811
"8693",502.28027,3.984,0,0,0,0,0,0,37122,43084,34345
"8694",502.28027,4.061,0,0,0,0,0,0,27090,36811,24380
"8695",502.28134,4.854,0,0,0,0,0,0,88834,118430,95613
"8696",502.31677,5.262,0,0,0,0,0,0,4170520,4442098,3668116
"8697",502.31689,5.773,0,0,0,0,0,0,748075,765967,655979
"8698",502.31689,5.964,0,0,0,0,0,0,7452815,8353172,7609393
"8699",502.31714,5.57,0,0,0,0,0,0,1355410,1349908,1151820
"8700",502.31787,7.168,0,0,0,0,0,0,244888,196500,90983
"8701",502.3179,4.752,0,0,0,0,0,0,50964,55258,48764
"8702",502.34891,8.411,263168,156315,141131,129054,147640,148646,128489,146503,157314
"8703",502.37527,8.651,1228799,1310614,1318161,1131594,1180584,1177063,1621861,1159374,1152344
"8704",502.37527,8.769,119269,243651,409801,498914,278235,437182,174895,441359,302865
"8705",502.37561,9.017,859246,156280,139952,91020,142153,78300,142385,162493,168102
"8706",502.41248,11.072,184862,163875,157352,162045,130666,176580,178344,135310,140296
"8707",502.83765,11.713,18571,13708,37138,17567,6637,21628,12359,18750,4342
"8708",502.84076,11.645,253298,162853,160120,80761,118727,185740,86256,232776,333297
"8709",503.0589,3.089,0,0,0,0,0,0,38676,45542,42701
"8710",503.19205,3.36,0,0,0,0,0,0,51626,57834,48924
"8711",503.20966,3.606,0,0,0,0,0,0,51301,56209,52821
"8712",503.21094,2.17,0,0,0,0,0,0,105216,102882,81199
"8713",503.24768,4.153,0,0,0,0,0,0,31293,45729,40531
"8714",503.26303,4.064,0,0,0,0,0,0,75188,80900,77167
"8715",503.3013,5.383,0,0,0,1955,0,0,3978897,3344575,1619819
"8716",504.19214,0.556,0,0,0,0,0,0,1305223,1400619,1332057
"8717",504.2196,2.412,0,0,0,0,0,0,151140,158446,136676
"8718",504.26636,2.834,122427,144376,131963,123669,124492,130683,125049,116113,134956
"8719",504.29633,5.215,0,0,0,0,0,0,769910,788177,706100
"8720",504.29642,4.192,0,0,0,0,0,0,614464,656648,533197
"8721",504.29663,4.722,0,0,0,0,0,0,733610,805538,724779
"8722",504.29672,4.915,0,0,0,0,0,0,630486,712644,629340
"8723",504.29675,5.708,0,0,0,0,0,0,1276873,1325537,1298794
"8724",504.29678,4.542,0,0,0,0,0,0,1264789,1463459,1271597
"8725",504.29684,3.779,0,0,0,0,0,0,616771,623264,578021
"8726",504.29688,5.015,0,0,0,0,0,0,644255,735492,584940
"8727",504.30328,3.231,82848,78340,86996,82194,94290,93235,94121,80185,88225
"8728",504.3176,3.971,197735,188553,185272,187828,182101,192098,195969,198871,240029
"8729",504.3183,6.616,3268,1726,3852,1294,2511,5960,278891,319894,289733
"8730",504.32144,4.092,279446,298397,295255,275068,259431,277569,256674,278439,274970
"8731",504.32175,10.616,281150,453577,585859,467907,396750,422385,610232,618279,265163
"8732",504.32309,11.072,147274,177498,117857,160091,135279,155741,149897,112075,168085
"8733",504.33337,7.092,0,0,0,0,0,0,84459,66772,29369
"8734",504.5145,11.577,0,0,24783,0,0,0,50879,81357,240786
"8735",504.51477,11.318,0,0,10659,0,0,0,518568,551153,268377
"8736",504.5148,11.394,0,0,1681,0,0,0,1025053,551153,262686
"8737",504.51498,10.177,0,0,0,0,0,0,123803,28583,316635
"8738",504.8407,11.646,671760,424527,543357,572969,507156,475807,583926,556969,647358
"8739",504.84827,0.468,0,0,0,0,0,0,167922,117130,68988
"8740",505.20831,3.739,0,0,0,0,0,0,31328,21580,19879
"8741",505.26254,5.322,0,0,0,0,0,0,186725,197081,202689
"8742",505.31995,5.173,86523,79094,84649,76391,75416,74793,54812,68150,81808
"8743",505.34192,8.326,337087,6189,0,0,0,0,0,0,0
"8744",505.35196,10.438,113124,0,0,3059,0,0,2456,0,2372
"8745",505.36243,7.03,383461,69196,10111,5752,1997,7167,4953,0,5525
"8746",505.3627,6.56,231754,0,0,0,0,0,0,0,0
"8747",505.3909,8.476,601961,491591,708036,1293488,906345,2748546,538533,1841268,384811
"8748",505.4118,9.991,334014,254740,332415,322604,286081,354598,236301,389186,471309
"8749",506.18826,1.801,0,0,0,0,0,0,147266,128999,130945
"8750",506.20309,7.308,317888,275217,304336,270093,306127,311521,333854,318625,316153
"8751",506.20361,3.196,0,0,0,0,0,0,45463,54906,51001
"8752",506.25015,2.264,0,0,0,0,0,0,110563,119036,121861
"8753",506.25482,9.03,3195270,3408134,3226036,3112251,3204806,3085105,3554198,2711292,3236626
"8754",506.30075,3.07,206427,214491,200998,189753,193896,196112,196464,211995,216102
"8755",506.31165,4.86,0,0,0,0,0,0,344718,405959,306515
"8756",506.31226,4.406,0,0,0,0,0,0,977032,1112976,1034581
"8757",506.31235,4.929,0,0,0,1504,0,0,261526,304566,275447
"8758",506.31253,4.496,0,0,0,0,0,0,866391,979859,886250
"8759",506.31293,3.851,0,10002,8154,0,0,0,145189,150746,122970
"8760",506.38,10.224,104671,42606,66158,53101,49425,58037,66757,84157,85328
"8761",506.38074,9.949,189059,0,3415,0,0,0,0,4552,0
"8762",506.53036,11.61,0,0,1510,0,0,0,15454737,1415571,78025
"8763",506.53049,10.306,0,0,0,0,0,0,18456,6336110,11340
"8764",506.53067,9.214,0,0,0,0,0,0,65840,3621496,15307
"8765",506.53073,11.396,0,0,0,0,0,0,507749,6149358,18166
"8766",506.88861,0.466,0,0,0,0,0,0,43930,25560,25364
"8767",507.07239,8.679,142605,0,0,0,0,0,0,0,0
"8768",507.13834,11.642,53729,63810,75468,87812,64477,154596,60766,193541,120140
"8769",507.21201,5.355,0,0,0,0,0,0,77971,101024,98046
"8770",507.21323,4.821,0,0,0,0,0,0,62176,59370,36806
"8771",507.21399,5.761,0,0,0,0,0,0,174356,214237,177943
"8772",507.21448,6.067,0,0,0,0,0,0,230774,257875,233461
"8773",507.2149,5.219,0,0,0,0,0,0,274581,314701,309312
"8774",507.21512,5.445,0,0,0,0,0,0,209262,252841,207769
"8775",507.21579,6.969,0,0,0,0,0,0,310854,278756,246104
"8776",507.21594,7.198,0,0,0,0,0,0,164686,150820,144160
"8777",507.2366,4.35,0,0,0,0,0,0,544655,594513,515987
"8778",507.2728,7.168,0,0,0,0,0,0,149839,107529,46868
"8779",507.34167,7.116,100072,0,0,0,0,0,2260,0,0
"8780",507.34225,6.836,129681,0,0,0,0,0,0,0,0
"8781",507.34229,6.961,222796,0,0,0,0,0,0,0,0
"8782",507.3436,6.713,297025,0,0,0,0,0,0,0,0
"8783",507.36691,11.072,128045,106486,123298,119391,106536,116217,134854,103477,125926
"8784",507.37094,8.707,689985,251760,273332,207173,229788,251803,272417,257872,258142
"8785",507.37698,7.306,140004,0,0,0,0,0,0,0,2190
"8786",507.37708,7.368,235438,0,0,0,0,0,0,0,2190
"8787",507.37811,11.503,392409,4895,3421,4518,1483,1625,6703,2453,2926
"8788",507.4902,8.666,3745962,115593,117745,0,0,0,9464,11750,2715
"8789",507.82196,8.999,304776,305860,303587,277681,290106,308103,341946,285534,329524
"8790",507.87079,8.551,39119,34311,7821,35448,30438,26066,20967,28468,35938
"8791",508.18149,2.195,0,0,0,0,0,0,178562,157261,152980
"8792",508.2034,1.976,0,0,0,0,0,0,207948,203263,211958
"8793",508.32913,4.349,0,0,0,0,0,0,58618,59523,51894
"8794",508.34912,9.68,191038,0,0,0,0,0,0,0,0
"8795",508.36069,7.215,77812,0,3103,0,0,0,0,0,0
"8796",508.36804,10.19,6488180,109320,158373,0,7181,2747,147435,158712,128447
"8797",508.38559,6.93,228957,215769,274083,251099,218379,263272,299065,253806,199514
"8798",508.38669,7.934,21194,29029,27187,28158,29647,28027,33250,28721,40402
"8799",508.42215,7.867,22941,28992,25133,24900,20310,22672,33849,26979,23185
"8800",508.45874,9.583,1156675,952990,1614102,1443880,1193213,1492370,1298417,804349,1869299
"8801",508.54568,11.318,0,0,0,0,0,0,626257,142501,94604
"8802",508.85815,0.471,374388,237974,343116,228969,314553,236067,599168,509085,341031
"8803",509.12698,2.19,0,0,0,0,0,0,101775,98113,108501
"8804",509.15277,5.25,0,0,0,0,0,0,117206,154727,186185
"8805",509.17416,4.178,0,0,0,0,0,0,66247,70763,62011
"8806",509.1763,2.41,0,0,0,0,0,0,59569,56903,49955
"8807",509.20102,3.444,0,0,0,0,0,0,83556,91875,96886
"8808",509.22769,4.759,0,0,0,0,0,0,544409,567064,527715
"8809",509.22885,4.894,0,0,0,0,0,0,230256,291089,296767
"8810",509.23056,5.264,0,0,0,0,0,0,27973736,30625776,27999586
"8811",509.23077,5.444,0,0,0,0,0,0,741377,734584,722099
"8812",509.2309,5.962,0,0,0,0,0,0,10790633,12222429,11169828
"8813",509.23102,5.574,0,0,0,0,0,0,5945609,6296486,5669590
"8814",509.23108,5.775,0,0,0,0,0,0,3307166,3526933,3283064
"8815",509.23172,6.479,0,0,0,0,0,0,104692,111557,87531
"8816",509.23657,2.952,0,0,0,0,0,0,117601,112877,114484
"8817",509.25214,4.178,0,0,0,0,0,0,11035566,12062134,10473485
"8818",509.25244,5.21,0,0,0,0,0,0,470158,506442,420395
"8819",509.2525,4.544,0,0,0,1225,0,0,738216,886605,746648
"8820",509.25269,4.918,0,0,0,0,0,0,106701,103412,112816
"8821",509.25305,4.451,0,0,0,1225,0,0,1175916,823013,1082394
"8822",509.25333,4.718,0,0,0,0,0,0,1958070,2196793,1936208
"8823",509.25369,5.01,0,0,0,0,0,0,325609,397518,302603
"8824",509.25458,5.706,0,0,0,0,0,0,242739,250751,240953
"8825",509.27301,6.616,0,0,0,0,0,0,134442,135403,134987
"8826",509.34479,10.177,0,87536,99482,98621,99120,98725,112458,137402,142191
"8827",509.3577,8.855,861161,19931,16617,0,0,0,11123,6162,9914
"8828",509.39627,8.215,53504,0,0,2471,0,0,0,0,0
"8829",509.50531,11.587,195523,91807,190703,223386,230642,196279,103719,68294,29937
"8830",510.18268,0.585,0,0,0,0,0,0,16206,0,66227
"8831",510.21234,3.914,0,0,0,0,0,0,45018,67666,55052
"8832",510.28381,3.558,0,0,0,0,0,0,142340,129602,140110
"8833",510.35724,8.143,0,2515,0,0,0,0,43243,49974,36423
"8834",510.36542,8.359,0,0,0,0,0,0,147830,155748,134573
"8835",510.43756,10.506,407383,398622,465159,384416,363203,324048,447529,501058,370889
"8836",510.43903,10.331,199740,20946,30959,18976,30506,11044,19749,27360,41880
"8837",510.78415,0.474,0,0,0,0,0,0,270906,354125,442079
"8838",511.08243,8.282,0,0,2298,2597,0,2627,33759,28907,15494
"8839",511.08505,1.989,0,0,0,0,0,0,35526,35103,25921
"8840",511.14252,1.805,0,0,1987,0,0,0,85258,104974,85243
"8841",511.1535,2.846,0,0,0,0,0,0,48410,48358,44693
"8842",511.15848,7.31,18779,73133,76190,84148,62407,72522,137022,132776,120277
"8843",511.17365,0.534,0,0,0,0,0,0,219237,278573,248241
"8844",511.19418,3.202,0,0,0,0,0,0,61444,53109,67370
"8845",511.21121,9.032,71716,81554,67660,66304,72016,63907,85318,52620,73641
"8846",511.24472,5.127,0,0,0,0,0,0,281052,320086,283072
"8847",511.26782,4.58,0,0,0,0,0,0,408691,454815,391728
"8848",511.26785,4.253,0,0,0,0,0,0,147647,152062,136229
"8849",511.26791,3.848,0,0,0,0,0,0,125573,132875,117049
"8850",511.26791,4.494,0,0,0,0,0,0,1354591,1576259,1405599
"8851",511.2681,4.929,0,0,0,0,0,0,376720,408213,358171
"8852",511.27066,6.294,0,0,0,0,0,0,19157,25824,15410
"8853",511.27103,5.673,0,0,0,0,0,0,70411,80238,71440
"8854",511.31107,3.399,126951,158271,180408,173176,169592,159880,172392,161246,164537
"8855",511.31143,3.328,282518,249645,247538,243514,262834,239152,255596,250360,249082
"8856",511.32947,3.735,346062,321911,307163,282308,247779,268564,321613,248890,277528
"8857",511.52142,9.413,1756297,51138,40142,0,0,0,0,0,0
"8858",512.19812,0.985,0,0,0,0,1421,0,51535,52956,50651
"8859",512.27124,2.543,0,0,0,0,0,0,205531,214465,197473
"8860",512.27252,2.606,0,0,0,0,0,0,95749,107709,103584
"8861",512.32819,5.137,68607,0,0,0,0,0,2093,0,0
"8862",512.38196,8.365,237210,3304,13449,2857,0,0,3640,11059,11330
"8863",512.41681,8.979,2048624,2381954,2385699,2151542,1659094,2298120,2247310,2212183,1935701
"8864",512.41699,8.841,1826766,3404128,3084836,2945006,2985329,3050639,3368434,3169169,3101399
"8865",512.41736,10.748,558159,392193,801168,790976,411224,656713,814531,477380,649948
"8866",513.12567,0.54,0,0,0,0,0,0,354886,425941,326759
"8867",513.15869,1.976,0,0,0,0,0,0,150010,178982,181928
"8868",513.15875,2.186,0,0,0,0,0,0,315446,302802,193824
"8869",513.19434,3.731,0,0,0,0,0,0,239276,231646,205400
"8870",513.19629,4.4,0,0,0,0,0,0,37168,37137,39498
"8871",513.19794,4.651,0,0,0,0,0,0,37406,52209,50219
"8872",513.28564,6.145,0,0,0,0,0,0,167936,194934,170840
"8873",513.28613,6.361,0,0,0,0,0,0,1461345,1471657,1374431
"8874",513.28613,6.541,0,0,0,0,0,0,106911,98414,93605
"8875",513.28619,6.303,0,0,0,0,0,0,1166993,1402260,1142876
"8876",513.28632,6.441,0,0,0,0,0,0,187975,227635,181195
"8877",513.29694,7.035,0,0,0,0,0,0,43300,39573,25122
"8878",513.30621,5.377,0,0,0,0,0,0,62127,77838,68043
"8879",513.30688,5.835,0,0,0,0,0,0,214901,222257,224585
"8880",513.30786,5.777,0,0,0,0,1972,0,220013,253428,217114
"8881",513.3233,6.668,392044,376886,341742,300819,328494,314705,392972,416515,387508
"8882",513.32336,6.768,1077533,977774,986291,978216,946124,927560,1137708,1112668,988717
"8883",513.38892,10.732,2238247,2047212,2398472,2200534,2225516,1973856,2265104,2203454,1873305
"8884",513.83868,0.467,30751,8136,5974,29861,14760,16449,71445,72627,38941
"8885",514.14722,3.153,0,0,0,0,0,0,90833,89070,88186
"8886",514.14789,2.979,0,0,0,0,0,0,331784,320260,292606
"8887",514.19354,2.103,0,0,0,0,0,0,47687,45063,51636
"8888",514.31744,7.559,0,0,0,0,2026,0,344653,337491,288142
"8889",514.31781,7.216,0,2252,0,0,2190,0,513195,472647,428986
"8890",514.37579,10.307,301251,2246,0,2416,0,2385,2563,0,0
"8891",514.37909,8.904,206456,127505,81844,136992,108366,138254,163584,158808,117607
"8892",514.37921,9.069,668960,111363,216507,167751,170224,193856,87804,230917,123563
"8893",514.41205,10.904,2228619,15061,14536,2137,0,0,41046,59373,25990
"8894",514.41302,10.987,310560,15061,14536,2137,2496,0,2634,59373,25990
"8895",514.8761,0.471,227930,160527,206648,121428,227814,159409,3289630,2562286,1377828
"8896",514.87646,11.641,153471,166730,105605,272715,248552,249652,377618,314005,159971
"8897",515.09442,0.587,0,0,0,0,0,0,284987,402317,510278
"8898",515.13147,4.857,0,0,0,0,0,0,65873,175319,160731
"8899",515.21094,4.86,0,0,0,0,0,0,26351916,30592878,27815034
"8900",515.21112,4.718,0,0,0,0,0,0,819385,941013,897996
"8901",515.28534,4.415,0,0,0,0,0,0,14069,28336,14055
"8902",515.32056,8.357,0,0,0,0,0,0,114271,139539,114531
"8903",515.32245,7.439,0,0,0,0,0,0,48381,44656,37561
"8904",515.35767,10.09,259322,0,0,0,0,0,0,0,0
"8905",515.37598,10.608,2848940,56032,74687,0,0,0,47580,62598,53933
"8906",515.86603,10.733,43602,29246,50212,41793,30580,41109,32406,58433,34274
"8907",516.2298,2.848,0,0,0,0,0,0,53031,46501,39509
"8908",516.2312,1.649,0,0,0,0,0,0,59364,58027,51649
"8909",516.3031,2.724,33064,34302,43988,39908,41872,45231,42228,45170,42069
"8910",516.33276,5.964,0,0,0,5274,6307,0,4720524,5008968,5046008
"8911",516.33289,5.264,0,0,0,0,0,0,2386035,2316354,2065258
"8912",516.33289,5.572,0,0,0,0,0,0,848089,755524,721079
"8913",516.33301,5.775,0,0,0,0,0,0,416999,400545,378013
"8914",516.36536,9.283,2042792,55154,46858,0,0,0,33052,32089,23851
"8915",516.3913,9.5,2756056,54446,44251,0,2258,0,55690,85703,62341
"8916",517.09979,8.282,0,0,0,0,0,0,33879,36056,22635
"8917",517.22668,5.145,0,0,0,0,0,0,861163,951506,937312
"8918",517.22668,5.328,0,0,0,0,0,0,8826521,9993380,9107050
"8919",517.22681,4.446,0,0,0,0,0,0,553900,578097,560737
"8920",517.22693,4.762,0,0,0,0,0,0,990604,1099306,1076368
"8921",517.22729,2.542,0,0,0,0,0,0,35340,39740,30839
"8922",517.40027,9.023,85637,0,0,0,0,0,0,0,0
"8923",518.31189,4.309,0,0,0,0,0,0,250100,226007,101698
"8924",518.31238,4.178,0,0,0,0,0,0,297751,358749,321025
"8925",518.32288,7.648,0,0,0,0,0,0,167217,166656,151383
"8926",518.32532,6.694,0,3169,0,0,0,0,238326,210492,212553
"8927",518.32556,6.842,0,0,0,0,0,0,1499122,1547816,1414684
"8928",518.3512,9.342,60490,0,0,0,0,0,0,0,0
"8929",518.40656,11.063,211898,202684,205582,176987,164828,172316,210711,134813,161164
"8930",518.40674,10.371,99320,59474,88550,73498,89097,73452,86114,140981,91647
"8931",519.19873,3.128,0,0,0,0,0,0,737728,746053,701118
"8932",519.19891,2.654,0,0,0,0,0,0,121871,116887,113685
"8933",519.19904,2.785,0,0,0,0,0,0,105390,96387,93407
"8934",519.19952,2.948,0,0,0,0,0,0,102334,91696,82678
"8935",519.27271,7.559,0,0,0,0,0,0,71584,73036,55992
"8936",519.27289,7.216,0,0,0,0,0,0,916344,861140,763761
"8937",519.37811,8.407,164703,0,0,0,0,0,0,0,0
"8938",519.37842,7.626,248577,0,0,0,0,0,0,0,0
"8939",519.84857,0.468,273510,178182,251303,156208,210451,186512,22243,8322,0
"8940",520.18317,3.944,0,0,0,0,0,0,56936,61464,50597
"8941",520.26971,9.03,87778,114457,108415,113627,103641,117824,165547,119133,131067
"8942",520.29205,4.4,0,0,0,0,0,0,133279,143284,122268
"8943",520.29297,8.278,0,0,0,0,0,0,21130,29711,0
"8944",520.32831,5.383,20860,7146,8544,17696,16698,14513,3716499,3120501,1530962
"8945",520.32867,5.718,3909,16636,30693,26624,26993,30923,540535,460399,264057
"8946",520.32959,4.495,20389,12489,15391,18397,27721,14273,70117,82365,85448
"8947",520.33295,11.648,300084,523044,358966,535629,489599,383313,375460,459944,572226
"8948",520.33472,2.892,2670132,2430743,2407994,2372812,2336540,2363412,2541946,2415016,2582059
"8949",520.34052,7.162,10681,12733,3395,30352,5512,18749,170042,167576,176632
"8950",520.34113,7.318,11880,10336,24032,8421,25164,14869,984089,981455,928739
"8951",520.35028,3.637,0,0,0,0,0,0,93389,99601,84655
"8952",520.42078,10.476,31802,41618,42215,53331,43689,44474,44891,95686,53108
"8953",520.51001,10.943,0,0,1990,0,0,0,292026,13687,720219
"8954",520.51007,11.225,0,0,37349,0,0,0,254287,18980,684601
"8955",520.82245,0.472,0,0,0,0,0,0,71472,116708,109209
"8956",521.2572,4.918,0,0,0,0,0,0,35857,48600,37833
"8957",521.25787,4.153,0,0,0,0,0,0,82900,126875,238390
"8958",521.25836,5.687,0,0,0,0,0,0,1332759,1392233,1392973
"8959",521.25854,5.217,0,0,0,0,0,0,78496,91539,78615
"8960",521.32886,8.072,3666672,2988994,3302331,2516153,3352061,3371544,3231194,3683968,3789437
"8961",521.32959,9.028,79174,44729,51986,74743,79676,78355,98853,37062,134475
"8962",521.35773,7.258,914126,17065,9735,0,0,0,0,0,0
"8963",521.35815,6.949,664251,23102,2503,0,0,0,0,0,0
"8964",521.35815,7.411,496472,6757,5048,0,0,0,0,0,0
"8965",521.35864,7.033,1315090,23102,2503,0,0,0,0,0,0
"8966",521.35944,7.594,137661,0,0,0,0,0,0,0,0
"8967",521.38428,9.7,55576,109500,78221,87362,80486,79903,107889,78325,158979
"8968",522.16272,2.604,0,0,0,0,0,0,55804,56081,50643
"8969",522.18848,4.498,0,0,0,0,0,0,108601,138714,134483
"8970",522.19006,5.328,0,0,0,0,0,0,44107,44621,32333
"8971",522.19647,2.734,0,2151,1300,0,0,0,75038,80123,74495
"8972",522.20374,0.546,15035,0,4722,0,0,0,4383414,5055953,4871540
"8973",522.25031,8.268,64641,81969,102592,96291,87531,67669,112699,55205,57389
"8974",522.28882,5.32,0,0,0,0,0,0,115531,124014,126529
"8975",522.30548,3.824,0,0,0,0,0,0,34153,31823,30743
"8976",522.32953,4.712,541949,16806,16414,0,0,0,0,0,0
"8977",522.35803,9.992,35181,38233,30599,32592,49520,56815,40890,26710,50351
"8978",522.36731,10.498,122857,0,0,0,0,0,0,0,0
"8979",522.37555,8.179,437967,19500,2740,0,3937,7858,5287,3702,4932
"8980",522.38409,11.017,1371415,13376,15895,0,0,2458,18179,10292,15794
"8981",522.4375,9.991,19977450,16220684,25785486,22477568,20640890,26415338,21053258,26079316,33282496
"8982",522.43823,11.619,458310,524938,634341,195495,281658,330073,340049,615220,423252
"8983",522.43854,10.216,2037420,674614,2652132,1995926,4597081,2032446,940248,2745522,3791920
"8984",523.19177,3.327,0,0,0,0,0,0,29438,33702,33866
"8985",523.21039,4.35,0,0,0,0,0,0,222540,236672,212914
"8986",523.24829,7.168,0,0,0,0,0,0,78929,70070,22436
"8987",523.2876,3.741,0,0,0,1863,0,0,113131,107933,105169
"8988",523.31543,6.713,105038,0,0,0,0,0,0,0,0
"8989",523.36096,10.373,144503,109377,144410,116829,111674,123387,144988,195861,156703
"8990",523.36377,11.065,91277,111437,139766,125096,94328,120494,114626,108840,110434
"8991",523.37341,9.721,5465346,150600,155589,0,0,0,84738,149990,102877
"8992",523.42224,6.387,110772,84918,93895,75623,88856,83292,97732,110233,115016
"8993",523.44214,10.368,344020,233102,563874,187290,295005,267355,368047,780766,259332
"8994",524.19818,0.579,0,0,0,0,0,0,307724,311662,265859
"8995",524.19861,0.809,0,0,0,0,0,0,11664,24557,25790
"8996",524.32104,6.662,62019,48715,51532,50062,46830,41125,52036,50392,54010
"8997",524.32355,6.777,498270,429777,420912,426550,430212,421804,464753,446489,425472
"8998",524.36273,8.39,173054,71627,77716,85719,85193,85850,93800,70353,109696
"8999",524.37231,8.654,0,0,0,0,0,0,339589,365626,296378
"9000",524.38062,8.125,3769,25556,34444,30363,23996,31038,36443,33463,27601
"9001",524.45276,10.812,340926,36249,38446,57260,48620,17674,46251,34036,23445
"9002",524.45367,11.003,407055,364971,384072,384151,394289,321782,429369,297737,357568
"9003",524.83252,0.47,133034,81997,127580,88767,111575,93979,506570,392855,326511
"9004",525.10077,2.19,0,0,0,0,0,0,34126,28068,36800
"9005",525.13904,3.871,0,0,0,0,0,0,52578,60574,60904
"9006",525.17334,3.447,0,0,0,0,0,0,36826,45034,43141
"9007",525.22601,4.178,0,0,0,0,0,0,4746076,5091278,4608276
"9008",525.22601,4.482,0,0,0,0,0,0,571797,614274,566811
"9009",525.22601,4.542,0,0,0,0,0,0,353461,411287,340827
"9010",525.22614,4.72,0,0,0,0,0,0,849212,943036,847374
"9011",525.22614,5.213,0,0,0,0,0,0,319480,374929,323610
"9012",525.22614,5.308,0,0,0,0,0,0,229221,276258,269192
"9013",525.22717,5.007,0,0,0,0,0,0,182920,207259,167097
"9014",525.24719,4.062,0,0,0,0,0,0,237497,239787,222773
"9015",525.24756,3.982,0,0,0,0,0,0,130301,151764,126572
"9016",525.28357,5.385,0,0,0,0,0,0,5824482,4881693,2454698
"9017",525.28369,5.718,0,0,0,0,0,0,788747,650121,312517
"9018",525.30505,3.633,0,0,0,0,0,0,160452,144306,123449
"9019",525.36609,3.769,0,0,0,0,0,0,26967,43890,9808
"9020",525.39093,3.472,157223,44741,44884,0,0,0,2039,0,4224
"9021",525.88281,3.665,375644,115899,122307,0,0,0,10912,2250,6004
"9022",526.18347,3.064,0,0,0,0,0,0,233945,267345,238532
"9023",526.18353,3.155,0,0,0,0,0,0,246579,278937,234485
"9024",526.25714,3.559,0,0,0,0,0,0,69298,74367,83243
"9025",526.25861,3.371,0,0,0,0,0,0,38078,48010,45806
"9026",526.37476,3.859,1881454,620224,635306,0,0,0,72394,69127,67615
"9027",526.39667,8.796,223310,39094,11770,40601,14823,37504,14856,10895,8854
"9028",526.43231,9.369,5600088,5779578,5808862,4675301,2962870,5604254,4989712,4105740,4470989
"9029",526.43298,9.501,830370,1212195,1016861,747846,942360,1199314,283410,1345809,1038200
"9030",527.11768,1.809,0,0,0,0,0,0,24803,27914,35187
"9031",527.1333,7.309,112287,243677,250499,363159,300872,338052,450681,425493,405939
"9032",527.16119,9.209,0,0,0,0,0,0,77328,68348,64977
"9033",527.16138,0.536,2060,2028,2055,0,0,0,2707762,2805468,2405045
"9034",527.18329,9.03,73125,89605,79514,88062,83759,81231,106904,69592,65421
"9035",527.23364,1.92,0,0,0,0,0,0,62202,77484,69876
"9036",527.2417,4.58,0,0,0,0,0,0,224972,230754,206372
"9037",527.24176,3.848,0,0,0,0,0,0,133825,126931,115965
"9038",527.24207,4.494,0,0,0,0,0,0,621672,708504,653669
"9039",527.24292,4.929,0,0,0,0,0,0,118759,135982,128009
"9040",527.24536,5.324,0,0,0,0,0,0,347795,341951,366110
"9041",527.263,3.757,0,0,0,0,0,0,456480,461793,424386
"9042",527.33002,5.196,42407,45220,37301,37885,46496,35865,56352,48218,57044
"9043",527.3952,9.991,191378,220010,253521,278725,189080,266273,230619,275202,341378
"9044",527.40436,8.338,1138843,952728,718530,658026,282109,2880280,674496,1790960,1875420
"9045",527.40704,7.638,193415,0,0,0,0,0,0,0,0
"9046",528.0899,0.54,0,0,0,0,0,0,125377,96551,98103
"9047",528.18604,3.195,0,0,0,0,0,0,66129,60939,42888
"9048",528.2298,3.064,0,0,0,0,0,0,261090,277726,207893
"9049",528.29706,6.295,0,0,0,0,0,0,226407,243629,209232
"9050",528.38983,10.757,135805,0,2810,2317,1754,0,0,0,0
"9051",528.39227,10.198,31583,29461,35201,46258,44794,48148,56487,53407,65752
"9052",528.39233,9.923,140084,31358,45776,26986,19114,44840,29430,37665,49523
"9053",528.41235,7.864,702251,288180,313441,252848,253483,240285,275238,240582,286853
"9054",528.42786,11.385,752577,3105,1633,1814,1647,0,13375,6335,6961
"9055",528.7356,4.188,291283,34609,39641,0,0,0,3975,4165,6350
"9056",529.06989,4.187,311021,44976,45285,0,0,0,1651,2907,0
"9057",529.09644,0.534,0,0,0,0,0,0,202796,108928,272597
"9058",529.28046,5.116,1930,0,0,1280,0,0,107606,131729,122397
"9059",529.32794,5.96,0,0,0,0,0,0,144088,176578,147826
"9060",529.32953,5.264,0,0,0,0,0,0,52043,79714,56633
"9061",529.33325,8.994,794858,1694908,1672994,1113696,654111,1623803,1130941,669084,1699974
"9062",529.336,4.444,0,0,0,0,0,0,92844,93653,85693
"9063",529.38409,8.685,738803,201580,209451,163555,183102,192327,203658,216570,197878
"9064",529.3916,11.445,385982,0,0,0,0,1560,8606,1063,3907
"9065",529.40454,4.182,156041,22115,13542,0,0,0,0,2506,0
"9066",529.81232,0.474,0,8742,4851,0,0,0,45353,64472,53979
"9067",530.05664,0.589,0,0,0,0,0,0,424598,740079,408830
"9068",530.31146,6.034,0,0,0,0,0,0,41753,64765,42377
"9069",530.31262,6.301,0,0,0,0,0,0,497345,596461,422841
"9070",530.31274,6.363,0,0,0,0,0,0,1819688,1864995,1682656
"9071",530.36456,9.644,172026,0,0,2183,0,0,0,3637,0
"9072",530.37085,9.399,188432,3545,3397,2863,2996,2583,2811,0,2758
"9073",530.38104,10.138,4824520,104826,139969,0,0,0,89852,134800,117937
"9074",530.40692,9.949,2525588,32608,44685,0,0,0,56244,89964,51293
"9075",530.84991,0.47,0,0,0,0,0,0,3589793,3151199,2092149
"9076",531.09955,9.208,0,0,0,0,0,0,28808,42419,21162
"9077",531.20599,3.733,0,0,0,0,0,0,991657,923639,849543
"9078",531.20605,4.211,0,0,0,0,0,0,218020,255809,209934
"9079",531.20618,4.783,0,0,0,0,0,0,45644,62168,48920
"9080",531.20654,6.096,0,0,0,0,0,0,29718,35423,44638
"9081",531.2066,4.653,0,0,0,0,0,0,107392,128183,122949
"9082",531.25848,10.612,182063,189296,212498,199066,186941,170723,223984,248836,193249
"9083",531.27606,9.696,91596,88348,97879,41189,37976,47216,33371,52396,46747
"9084",531.30688,5.264,0,0,0,0,0,0,2521510,2764946,2273130
"9085",531.30719,5.962,0,0,0,0,0,0,1835046,2174496,2206430
"9086",531.30774,5.775,0,0,0,0,0,0,421205,471868,393992
"9087",531.30841,5.572,0,0,0,0,0,0,183061,187248,193163
"9088",531.35095,4.384,0,0,0,0,0,0,71716,74099,56188
"9089",531.37073,8.804,618938,11381,11914,1907,0,0,7376,8840,6364
"9090",531.40936,11.488,3235281,10694451,4349329,3256122,3318561,3134885,5433460,5343638,6982018
"9091",532.19525,3.916,0,0,0,0,0,0,111434,105501,101851
"9092",532.23737,4.862,0,0,0,0,0,0,1075213,1278596,1139316
"9093",532.31299,3.873,0,0,0,0,0,0,208219,219896,199997
"9094",532.32776,4.178,0,0,0,0,0,0,169133,184457,149938
"9095",532.328,3.374,0,0,0,0,0,0,139473,135606,98989
"9096",532.32892,3.439,0,0,0,0,0,0,105274,123348,131585
"9097",532.32947,3.717,0,1423,0,0,0,0,86540,86949,85134
"9098",532.34888,7.286,0,0,0,0,1998,0,204484,208441,174109
"9099",532.34961,7.437,0,0,0,0,0,0,1507958,1647586,1469838
"9100",532.38678,8.04,364948,293534,334387,279056,303598,326363,366152,292222,327697
"9101",532.44067,11.54,879568,741485,1400152,976029,1482271,605505,1410234,1077885,1659046
"9102",532.44208,11.459,707747,220084,1400152,556908,1482271,826829,1410234,1634,1659046
"9103",532.85736,10.135,66311,0,0,0,0,0,0,0,0
"9104",532.862,11.651,127777,141141,126801,76595,0,0,99871,288334,69308
"9105",532.89642,0.467,102283,18159,87711,24586,46699,29044,0,0,0
"9106",533.21924,4.86,0,0,0,0,0,0,1432792,1719018,1479439
"9107",533.22095,4.72,0,0,0,0,0,0,630565,686295,663813
"9108",533.2215,5.106,0,0,0,0,0,0,157676,176785,757827
"9109",533.2215,4.054,0,0,0,0,0,0,871012,984893,961274
"9110",533.22156,4.983,0,0,0,0,0,0,1473219,1719300,1506518
"9111",533.22174,3.469,0,0,0,0,0,0,137262,137550,113300
"9112",533.22186,4.126,0,0,0,0,0,0,365263,396738,360131
"9113",533.2525,6.295,0,0,0,0,0,0,211488,242400,199492
"9114",533.32196,4.5,0,1449,0,1308,0,0,69551,66654,64915
"9115",533.32471,3.386,252268,268152,245578,254086,260779,243473,290514,300183,275792
"9116",533.34265,3.785,184011,197389,183373,168519,148754,157984,206061,175017,176360
"9117",533.39398,7.467,239473,0,0,0,0,0,0,0,0
"9118",533.44574,11.506,329459,367573,264765,368762,352505,164311,356054,190750,590099
"9119",534.2536,5.326,0,0,0,0,0,0,702502,804465,755987
"9120",534.26288,10.585,0,0,0,0,0,0,159711,172961,125078
"9121",534.28351,5.966,0,0,0,0,0,0,1217311,1495359,1376784
"9122",534.28369,5.574,0,0,0,0,0,0,273150,276392,262963
"9123",534.28632,9.031,263911,281780,285107,251139,276505,244109,330566,228639,275087
"9124",534.31403,2.921,311332,275978,282011,252745,268025,270434,310657,287037,297661
"9125",534.31982,5.443,0,0,0,0,0,0,199042,212326,196327
"9126",534.32861,3.737,0,0,0,1342,0,0,75714,72539,71097
"9127",534.35065,5.387,0,0,0,0,0,0,108812,88461,26971
"9128",534.36389,7.964,0,0,0,0,0,0,137913,126989,119659
"9129",535.19153,2.583,0,0,0,0,0,0,58154,79177,68854
"9130",535.19379,2.698,0,0,0,0,0,0,141412,141855,129748
"9131",535.2356,3.955,0,0,0,0,0,0,228212,268947,261738
"9132",535.23688,4.381,0,0,0,0,0,0,197466,237163,203215
"9133",535.23694,4.759,0,0,0,0,0,0,368005,375995,384726
"9134",535.2373,5.449,0,0,0,0,0,0,247129,270673,225166
"9135",535.23737,4.612,0,0,0,0,0,0,1463755,1697427,1588665
"9136",535.23743,4.554,0,0,0,0,0,0,2006946,2248275,2020289
"9137",535.24683,7.216,0,0,0,0,0,0,508796,489763,396531
"9138",535.26788,6.303,0,0,0,0,0,0,1241908,1373295,1175419
"9139",535.26807,6.362,0,0,0,0,0,0,514598,595590,453360
"9140",535.271,10.587,0,0,0,0,0,0,876608,971653,653911
"9141",535.27618,3.104,0,0,0,0,0,0,589815,641344,574012
"9142",535.3363,6.667,329543,294770,319658,292942,320353,295259,381807,339427,347680
"9143",535.33698,6.765,995492,872749,868922,850053,847443,843275,978389,940808,897729
"9144",535.40216,10.707,2173817,2001393,2301678,2079431,2146673,1774284,2229221,2227850,1858349
"9145",535.52148,9.158,184944,0,0,0,0,0,0,0,0
"9146",535.82239,0.462,0,0,0,0,0,0,27540,34813,17578
"9147",536.16766,11.567,221512,126852,112983,237750,232956,123214,231907,153450,209241
"9148",536.18427,0.53,0,0,0,0,0,0,67173,35358,79313
"9149",536.19812,1.788,0,0,0,0,0,0,31722,40496,29945
"9150",536.19861,2.312,0,0,0,0,0,0,152669,163596,132085
"9151",536.21851,0.527,0,0,0,0,0,0,47296,72504,80300
"9152",536.30902,4.781,127738,0,1305,0,0,0,0,0,0
"9153",536.33081,2.725,73461,80485,84629,71546,84753,89906,93175,90887,63729
"9154",536.33429,5.828,0,0,0,0,0,0,56404,59733,54789
"9155",536.33569,5.74,0,0,0,0,0,0,72121,78672,77347
"9156",536.3457,5.002,65769,0,0,0,0,0,0,0,0
"9157",536.3905,8.857,68732,100465,91452,89181,75466,81199,111949,102853,50621
"9158",536.39075,9.052,497275,94769,95595,81572,73748,51022,139079,72019,127231
"9159",536.41718,9.289,877412,940943,1120714,978917,888951,1052062,935820,1040821,1163725
"9160",536.89319,9.002,7700,47282,6134,32173,34863,50413,35146,37718,80308
"9161",537.19513,0.523,0,0,0,0,0,0,138297,208079,208029
"9162",537.20935,2.785,0,0,0,0,0,0,486582,503777,440979
"9163",537.25256,5.286,0,0,0,0,0,0,111495,117862,102537
"9164",537.25348,4.279,0,0,0,0,0,0,100441,108672,106151
"9165",537.26849,3.873,0,0,0,0,0,0,94945,101526,95225
"9166",537.30475,7.292,0,0,0,0,0,0,158588,168096,139136
"9167",537.30493,7.437,0,0,0,0,0,0,1030718,1015182,957780
"9168",537.33136,7.258,190700,0,0,0,0,0,0,0,0
"9169",537.33136,7.417,80878,0,0,0,0,0,1567,0,0
"9170",537.33148,6.881,79655,0,0,0,0,2347,0,0,0
"9171",537.33179,7.03,406642,2465,0,0,0,0,0,0,0
"9172",537.33197,6.949,223520,2465,0,0,0,0,0,0,0
"9173",537.33289,7.191,84173,0,0,0,0,0,0,0,0
"9174",537.36603,3.862,133317,48091,50377,0,0,0,1616,1560,0
"9175",537.36896,10.042,194875,0,0,0,0,0,0,0,0
"9176",537.38898,10.557,2634223,80871,96360,5525,4620,2091,94848,106564,59567
"9177",537.39539,11.511,273645,269975,450531,486780,469244,140212,478800,316229,511152
"9178",537.43958,4.904,341642,14877,19186,0,0,0,0,0,0
"9179",537.53717,9.247,293029,630911,649950,418691,697596,230474,422257,527297,352162
"9180",537.53748,11.614,1017360,570502,502575,788581,940938,846665,323650,148050,339629
"9181",537.85693,0.47,129662,84987,144657,86073,112828,105206,0,6420,0
"9182",537.87878,10.706,39258,43123,29727,27426,45041,29514,38925,52141,32504
"9183",538.22961,3.021,0,0,0,0,0,0,171715,186362,170881
"9184",538.22961,3.362,0,0,0,0,0,0,255930,278686,251476
"9185",538.23071,3.299,0,0,0,0,0,0,83898,79647,63680
"9186",538.27985,4.5,0,0,0,0,0,0,44323,69106,67718
"9187",538.28461,5.687,0,0,0,0,0,0,335264,349984,345431
"9188",538.3786,9.239,1642456,34549,32912,0,0,0,12299,29968,8316
"9189",538.3877,4.683,145933,3959,9524,0,0,0,0,0,0
"9190",538.43341,10.324,89956,49170,58453,64111,44946,52433,53822,87696,57101
"9191",539.26929,5.116,0,0,0,0,0,0,62614,68550,60299
"9192",539.32056,7.964,0,0,0,0,0,0,106624,116211,111964
"9193",539.40808,7.704,228307,0,0,0,0,0,0,0,0
"9194",540.21796,7.473,51106,0,0,0,0,0,0,0,0
"9195",540.22931,1.753,0,0,0,0,0,0,54383,50204,51241
"9196",540.30676,6.842,0,0,0,0,0,0,67454,82437,68214
"9197",540.33282,8.271,368313,322781,344885,310323,304553,353626,426860,354467,393657
"9198",540.33295,4.916,0,0,0,0,0,1449,203971,235896,199494
"9199",540.44788,9.992,1518006,1257902,1578060,1941360,1741133,1949275,1229652,1517976,2327126
"9200",540.44806,9.854,1237473,1544724,1749018,1743739,1409506,1800539,961065,1956901,1832087
"9201",540.44934,6.388,266006,275684,260576,232240,255777,249123,261047,249128,263660
"9202",540.8056,0.474,0,0,0,0,0,0,214832,237692,247083
"9203",540.88965,0.47,266869,189499,246122,159473,261218,192622,0,0,0
"9204",541.13245,3.534,0,0,0,0,0,0,26643,28126,36475
"9205",541.1521,1.807,0,0,0,0,0,0,11368,28883,18417
"9206",541.15253,2.31,0,0,0,0,0,0,34547,38357,38571
"9207",541.15546,2.17,0,0,0,0,0,0,86944,68914,65561
"9208",541.22119,4.062,0,0,0,0,0,0,104275,92090,88968
"9209",541.22217,3.984,0,0,0,0,0,0,58446,53066,44957
"9210",541.25732,5.718,0,0,0,0,0,0,350751,288870,153473
"9211",541.25751,5.385,0,0,0,0,0,0,2967836,2382051,1257898
"9212",541.27869,4.309,0,0,0,1282,0,0,736392,666782,329133
"9213",541.45154,9.8,486387,431266,403231,363183,260155,354611,278646,415302,399879
"9214",542.20734,7.988,20465,34748,23328,0,0,0,82161,67990,34435
"9215",542.26086,2.862,0,0,0,0,0,0,107779,110279,102882
"9216",542.39142,6.721,116218,117253,58074,114671,116982,118193,108763,111181,111820
"9217",542.42767,8.284,256291,73492,57475,41660,44913,55280,77571,58289,38147
"9218",542.4281,8.412,1534393,286698,315822,226354,215372,228076,316937,293070,275716
"9219",542.44275,7.889,120186,176716,156418,279290,211019,209864,149418,264698,156525
"9220",542.44373,9.453,2517,154560,2460,2069,2691,3083,4807,9923,0
"9221",542.92621,0.469,154434,111948,138823,70704,126718,90991,4552,0,0
"9222",543.09283,0.633,0,0,0,0,0,0,90207,88999,22628
"9223",543.13647,0.534,0,0,0,0,0,0,578640,672775,611721
"9224",543.18439,3.021,0,0,0,0,0,0,74803,79545,71757
"9225",543.18555,3.304,0,0,0,0,0,0,46618,43512,42382
"9226",543.18573,3.36,0,0,0,0,0,0,68463,79243,65994
"9227",543.21887,5.326,0,0,0,0,0,0,134491,128066,156097
"9228",543.229,1.924,0,0,0,0,0,0,37076,40617,34330
"9229",543.23749,3.757,0,0,0,0,0,0,128560,124504,109400
"9230",543.2392,4.149,0,0,0,0,0,0,71733,102901,143796
"9231",543.34106,8.053,4010367,3655969,2862630,2799222,2945973,2780916,4070097,3343101,3914294
"9232",543.39978,9.485,221997,19984,3348,8712,6286,5504,10236,11980,3244
"9233",544.15784,3.038,0,0,0,0,0,0,27548,26188,23833
"9234",544.16113,3.196,0,0,0,0,0,0,20974,23969,24068
"9235",544.32837,6.303,0,0,0,0,0,0,87977,93564,72713
"9236",544.32861,6.359,0,0,0,0,0,0,97610,102258,84085
"9237",544.36505,5.962,0,0,0,0,0,0,155913,192039,224263
"9238",544.37885,10.438,102426,2132,0,3229,0,2353,2575,3070,2476
"9239",544.38678,9.836,175582,3192,7999,3871,2171,4623,2602,4161,0
"9240",544.3891,8.242,340234,135703,148756,121612,147385,6526,145661,142860,152083
"9241",544.39716,10.97,1076409,22539,18257,3495,5090,3224,15112,10600,22823
"9242",544.40668,6.76,70270,29869,28456,21992,33665,28157,32273,20946,22306
"9243",544.42267,10.359,5151962,45288,63110,0,0,0,97926,229191,81890
"9244",544.43774,10.871,1833198,1932740,2163368,1961554,1777119,1638459,2019226,1621178,1604277
"9245",545.2439,1.92,0,0,0,0,0,0,39190,48525,39926
"9246",545.24927,6.125,0,0,0,0,0,0,42567,48909,24793
"9247",545.25037,6.656,0,0,0,0,0,0,150177,155693,118718
"9248",545.33173,3.761,0,0,0,0,0,0,154641,134944,129438
"9249",545.36896,9.164,59781,0,0,0,0,0,0,0,0
"9250",545.38629,9.674,3779393,119562,120114,0,0,0,80587,109290,88323
"9251",546.18591,4.381,0,0,0,0,0,0,97954,63211,60573
"9252",546.21887,1.972,0,1477,0,0,0,0,41313,42973,36961
"9253",546.30762,3.657,1638,1428,2562,1538,0,3295,47206,35445,37794
"9254",546.30768,5.673,0,0,0,0,0,0,302731,323764,309264
"9255",546.30774,5.116,0,0,0,0,0,0,227947,219970,206198
"9256",546.32861,7.508,0,0,0,0,0,0,33011,36696,32032
"9257",546.40118,8.631,1319594,912882,1271252,963145,995470,1032214,1114023,1107565,1126189
"9258",546.40204,8.942,747362,85845,135975,36394,61813,62202,160674,85339,135897
"9259",546.82434,0.472,3927,0,0,0,0,0,2210354,2465520,1887555
"9260",547.23883,2.224,0,0,0,0,0,0,24706,39669,22919
"9261",547.25323,8.282,0,0,0,0,0,0,30980,40427,0
"9262",547.30133,4.724,0,0,0,0,0,0,23104,24315,24379
"9263",547.30365,4.178,0,0,0,0,0,0,38856,40128,22437
"9264",547.34601,3.775,0,0,0,0,0,1231,284083,224897,173456
"9265",547.52142,9.158,107970,0,0,0,0,0,0,0,0
"9266",548.25647,2.067,0,0,0,0,0,0,229356,230816,201327
"9267",548.2926,2.961,75636,72914,68607,73369,71829,62919,65807,72176,66676
"9268",548.30286,9.696,225108,206724,189076,104505,72635,96028,68087,105222,103987
"9269",548.32861,3.341,69519,65822,65463,65293,65333,57638,66844,66159,63895
"9270",548.34412,5.837,0,0,0,0,0,2005,130195,134044,132641
"9271",548.34509,5.78,0,0,0,0,0,0,109270,135986,112782
"9272",548.34686,10.696,324097,280709,338369,136898,278276,265311,361431,356054,204080
"9273",548.34772,4.166,235313,245635,232948,233620,219920,231615,265243,277273,265303
"9274",548.3501,3.73,0,0,0,0,0,0,19805,36389,20825
"9275",548.35889,5.381,0,0,0,0,0,0,108819,62209,35482
"9276",548.82257,0.472,0,0,0,0,0,0,549701,581762,444573
"9277",548.83875,11.654,144753,289800,111477,300859,254241,317166,224226,285445,364956
"9278",549.20972,3.231,0,0,0,0,0,0,144408,154785,136764
"9279",549.21411,0.528,0,0,0,0,0,0,187110,226600,199229
"9280",549.21484,5.07,0,0,1458,0,0,3678,155987,159600,159212
"9281",549.21613,4.212,0,0,0,0,0,0,224594,250864,223446
"9282",549.21619,3.783,0,0,0,0,0,0,943413,978476,897515
"9283",549.21631,4.784,0,0,0,0,0,0,591025,654964,712881
"9284",549.21692,5.211,0,0,0,0,0,0,372191,407419,394276
"9285",549.22601,6.294,0,0,0,0,0,0,86054,98329,85686
"9286",549.37842,10.357,73662,0,3244,0,0,0,0,0,0
"9287",549.41815,8.182,1515846,364374,865014,751506,1438976,676019,764858,513487,843660
"9288",549.45093,10.723,0,2111,0,0,0,0,107152,0,0
"9289",549.91681,8.097,292726,467059,478285,208097,320191,237329,590200,346430,451597
"9290",550.15869,2.596,0,0,0,0,0,0,80151,80061,92417
"9291",550.24744,4.862,0,0,0,0,0,0,248948,240145,245491
"9292",550.24823,4.054,0,0,0,0,0,0,274393,317620,290420
"9293",550.25226,5.053,0,0,0,0,0,0,148626,166868,146237
"9294",550.27911,4.178,0,0,0,0,0,0,162101,170566,159525
"9295",550.32654,3.171,160553,164223,164090,156258,156642,164276,190038,201304,206466
"9296",550.40607,9.892,115594,0,0,0,0,0,0,0,4274
"9297",550.62592,11.631,189593,168732,125140,81206,124857,121252,115213,157467,211420
"9298",550.72394,11.656,0,0,0,0,0,50959,0,0,0
"9299",550.91809,0.469,243898,45490,218925,51207,156602,70943,10595,0,0
"9300",551.14362,4.976,0,0,0,0,0,0,14886,29034,35816
"9301",551.14362,4.864,0,0,0,0,0,0,300390,380475,364097
"9302",551.21423,5.265,0,0,0,0,0,0,126004,134974,121416
"9303",551.21722,5.966,0,0,0,0,0,0,272555,288526,224126
"9304",551.22473,3.136,0,0,0,0,0,0,279827,308126,268844
"9305",551.23151,4.05,0,0,0,0,0,0,2191092,2388536,2240272
"9306",551.23187,4.718,0,0,0,0,0,0,1171120,1317977,1225739
"9307",551.23193,4.86,0,0,0,0,0,0,50684260,58577868,53198204
"9308",551.23206,6.123,0,0,0,0,0,0,1144011,1347544,1218746
"9309",551.23212,4.983,0,0,0,0,0,0,10055728,11279907,10276067
"9310",551.23218,4.471,0,0,0,0,0,0,257681,290207,250440
"9311",551.24225,6.303,0,0,0,0,0,0,547480,621856,540572
"9312",551.26453,5.672,0,0,0,0,0,0,62410,77323,79931
"9313",551.26843,5.124,0,0,0,0,0,0,127617,129710,111648
"9314",551.27063,2.528,0,0,0,0,0,0,108865,114107,106052
"9315",551.31989,4.985,0,0,0,0,0,0,54220,61945,48063
"9316",551.32117,4.858,0,0,0,0,0,0,307407,338844,325520
"9317",551.34735,8.991,1607425,1705164,1684560,2233855,2276759,2139306,2522747,1468404,1591698
"9318",551.39734,8.662,381503,188692,189267,154422,135554,152654,190162,180038,170417
"9319",551.40424,11.39,406552,1417,1846,0,0,2088,1806,3645,0
"9320",551.55261,9.742,206833,0,0,0,0,0,0,0,0
"9321",551.7959,0.469,0,0,0,0,2205,0,57967,46368,17238
"9322",552.03967,0.588,0,0,0,0,0,0,161386,80755,81274
"9323",552.18982,0.81,0,0,0,0,0,0,50561,41582,43231
"9324",552.19769,10.871,151437,142807,150341,143791,140560,132658,167919,146722,147255
"9325",552.26361,4.554,0,0,0,0,0,0,990161,1110592,1037375
"9326",552.26459,5.453,4747,2200,9581,7005,8709,13283,153321,167236,164729
"9327",552.26501,6.424,0,0,0,0,0,0,117769,133516,117478
"9328",552.33307,4.303,0,0,0,0,0,0,36169,40518,45072
"9329",552.33917,4.807,133701,122562,125929,124072,126511,121335,117905,114215,115319
"9330",552.34991,8.955,513274,184499,202264,528324,586878,197928,212706,605238,233914
"9331",552.39423,10.092,3779012,73797,108431,0,0,2510,51348,98737,107610
"9332",552.41254,6.934,311634,294605,293472,269750,320924,294057,301390,276041,293922
"9333",552.48383,9.537,838551,1121622,622039,963822,860531,1133413,857956,982294,1292661
"9334",552.85052,8.997,87251,76474,147472,124413,137442,53781,146509,83787,76755
"9335",552.87848,9.593,70732,0,0,0,0,0,0,0,0
"9336",553.19604,2.497,0,0,0,0,0,0,150583,94397,79446
"9337",553.2475,5.319,0,0,0,0,0,0,69932,97951,78013
"9338",553.24786,4.648,0,0,0,0,0,0,1428009,1600759,1481968
"9339",553.24817,4.762,0,0,0,0,0,0,1578967,1745084,1687214
"9340",553.24817,5.927,0,0,0,0,0,0,737913,837778,787704
"9341",553.27838,7.437,0,0,0,0,0,0,247014,265508,245228
"9342",553.29987,5.779,0,0,0,0,0,0,207304,227067,196512
"9343",553.38416,8.76,493411,8881,6503,0,2575,2332,5151,3936,9943
"9344",553.39136,11.486,526250,1871494,739431,583281,537499,540137,899515,885535,1085551
"9345",554.17755,10.177,544340,457709,604994,531041,514227,520090,597424,679816,748319
"9346",554.28052,6.234,0,0,0,0,0,0,77341,84980,73869
"9347",554.28094,4.27,0,0,0,0,0,0,44970,46220,37379
"9348",554.2879,5.883,0,0,0,0,0,0,162281,165434,157189
"9349",554.30902,3.371,0,0,0,0,0,0,51458,50218,37759
"9350",554.31293,5.257,0,0,0,0,0,0,64980,121636,21517
"9351",554.31494,3.44,0,0,0,0,0,0,61636,60758,64421
"9352",554.31812,2.744,0,0,0,0,0,0,37971,43983,34824
"9353",554.42871,6.36,58848,52339,64910,46552,55339,45941,54724,66091,67367
"9354",554.46454,10.49,284794,272948,293488,357960,284188,279193,326668,362084,291357
"9355",554.46552,10.24,139203,2217,6767,5881,2773,3392,12605,9249,2369
"9356",554.85602,11.646,328727,321765,361289,388825,424443,370984,471848,412690,322744
"9357",555.14862,3.953,0,0,0,0,0,0,230227,234632,256489
"9358",555.22638,5.264,0,0,0,0,0,0,330050,341431,329975
"9359",555.26471,5.377,0,0,0,0,0,0,90852,83962,85289
"9360",555.33783,3.516,92568,184100,210263,177043,186084,172551,153857,200867,208060
"9361",555.33813,3.441,249611,237220,222354,213853,237494,214072,215848,206699,239547
"9362",555.34326,6.656,0,0,0,0,0,0,53601,56979,39651
"9363",555.35626,3.833,108361,93928,100896,82423,74918,87531,99812,103178,98502
"9364",556.19452,3.518,0,0,0,0,0,0,41940,47266,35518
"9365",556.19464,3.335,0,0,0,0,0,0,111241,128169,106995
"9366",556.23407,3.639,0,0,0,0,0,0,45910,43197,46377
"9367",556.23901,2.179,0,0,0,0,0,0,64244,57105,49120
"9368",556.23975,2.506,0,0,0,0,0,0,26147,34114,32714
"9369",556.29572,5.642,0,0,0,0,0,0,1295416,1357485,1296884
"9370",556.32904,6.294,0,0,0,0,0,0,21867,39526,14959
"9371",556.34467,9.25,33490,31817,32438,62295,40970,40688,32504,51687,37416
"9372",556.40179,10.287,7937,17378,22415,20032,16033,4183,11979,44578,29321
"9373",556.40814,8.359,170271,0,6196,0,2519,0,0,2894,0
"9374",556.44354,8.812,1950880,2185633,2117355,2019594,2018882,1948057,2294392,2099008,2141239
"9375",556.44397,10.787,487732,462360,495869,354489,360551,305213,232957,279863,359716
"9376",556.44458,8.95,1379143,1454373,1194184,1671617,1308758,1205837,1416246,1398109,1328127
"9377",556.45789,8.053,530297,543331,533136,394574,457144,469291,646976,523555,578248
"9378",556.45898,8.287,494147,582523,360880,556820,596541,460570,362766,718647,487306
"9379",556.77753,0.47,0,0,0,0,0,0,50475,69113,87851
"9380",557.12463,2.167,0,0,0,0,0,0,14809,26755,8494
"9381",557.16425,3.373,0,0,0,0,0,0,51684,59228,57355
"9382",557.17822,1.833,0,0,0,0,0,0,67359,97685,78693
"9383",557.25323,4.309,0,0,0,0,0,0,315479,279515,132930
"9384",557.25897,3.104,0,0,0,0,0,0,147225,152169,136224
"9385",557.34979,6.762,746749,724246,620243,637021,648589,668900,793044,740816,681283
"9386",557.34991,6.664,260658,247496,225135,221106,246842,234482,313393,284448,253501
"9387",557.38513,4.008,0,0,0,0,0,0,43074,40122,41722
"9388",557.41577,10.681,1699214,1543118,1821622,1653304,1679394,1444742,1705824,1782558,1421632
"9389",558.08698,0.554,0,0,0,0,0,0,216352,233080,257633
"9390",558.29041,4.044,0,0,0,0,0,0,22608,36121,91287
"9391",558.34393,6.359,0,0,0,0,0,0,67924,76626,56518
"9392",558.34442,6.301,0,0,0,0,0,0,60242,60234,41728
"9393",558.3512,4.475,50372,43298,46618,41231,37287,48667,53219,46191,48045
"9394",558.40222,10.234,346808,0,0,0,0,2481,2913,11318,3927
"9395",558.4057,9.015,320977,55602,49753,72560,68469,49685,99187,50933,65918
"9396",558.42242,6.008,526103,464239,493742,502639,474371,450559,533260,606040,548102
"9397",558.42401,7.308,325009,123323,112318,117377,118106,132375,114077,133088,109236
"9398",558.43872,10.812,2681334,8890,16578,0,0,0,40784,44037,26160
"9399",558.86383,0.471,66070,35623,73866,41678,32570,48740,0,2637,0
"9400",558.90576,8.851,38365,37083,33798,13717,19068,22696,47240,51391,19007
"9401",559.16046,3.023,0,0,0,0,0,0,25136,25903,20942
"9402",559.18073,3.613,0,0,0,0,0,0,23895,31191,18582
"9403",559.19104,2.785,0,0,0,0,0,0,92278,84916,82691
"9404",559.19214,2.652,0,0,0,0,0,0,21920,26421,14167
"9405",559.19385,1.835,0,0,0,0,0,0,589475,691989,626418
"9406",559.21204,4.153,0,0,0,0,0,0,20270,23179,41506
"9407",559.38525,10.003,179548,0,0,0,0,0,0,0,0
"9408",559.40277,10.502,2108966,42247,55391,0,0,0,44609,49983,34296
"9409",559.52014,10.076,269000,229689,271726,284232,418750,432864,126113,44479,228973
"9410",559.52026,11.634,165592,67596,85940,197520,298399,55897,43451,0,17449
"9411",559.52075,9.084,755070,503573,213292,390880,296050,274616,121265,78699,175185
"9412",559.52148,7.294,266568,3200,0,3982,1971,1734,0,0,1948
"9413",559.52185,7.362,1454012,3200,2551,1493,2156,7621,0,0,0
"9414",559.52209,8.986,1958267,565765,375260,213994,429666,152260,67895,113121,66168
"9415",559.89355,10.68,31047,30454,40915,29279,19229,30549,20653,41805,20381
"9416",560.25641,2.148,0,0,0,0,0,0,541668,553716,515271
"9417",560.32825,2.845,51962,52581,44541,52061,44360,50158,54760,60734,60933
"9418",560.39252,9.193,1253925,31418,19465,0,0,0,9871,22263,14756
"9419",560.41821,9.425,2200338,34417,33282,0,0,0,41697,62422,49246
"9420",560.50201,10.968,0,0,0,0,0,0,19494,0,82485
"9421",560.87366,0.469,646390,444517,614038,340812,525094,437593,185422,151759,111024
"9422",560.87372,11.641,460228,415456,485793,430229,431867,384714,657686,560974,500547
"9423",561.19672,2.177,0,0,0,0,0,0,52798,47810,44306
"9424",561.24011,1.922,0,0,0,0,0,0,59405,61754,49478
"9425",561.24457,5.264,0,0,0,0,0,0,613497,697624,573571
"9426",561.24536,5.962,0,0,0,0,0,0,927955,1048617,841322
"9427",561.24646,5.638,0,0,0,0,0,0,82227,85632,134220
"9428",561.2467,5.773,0,0,0,0,0,0,99085,110839,91717
"9429",561.32666,3.737,0,0,0,0,0,0,32546,43034,42441
"9430",561.46222,6.12,134334,0,0,0,0,0,0,0,0
"9431",561.46234,6.33,325461,0,0,0,0,0,0,0,0
"9432",561.46283,7.03,63597,0,0,0,0,0,0,0,0
"9433",561.46387,6.256,76694,0,0,0,0,0,0,0,0
"9434",562.23956,6.116,0,0,0,0,0,0,21217,25316,14873
"9435",562.24164,6.66,0,0,0,0,0,0,90140,88762,81776
"9436",562.25183,3.183,0,0,0,0,0,0,101544,112490,110448
"9437",562.25208,3.332,0,0,0,0,0,0,31518,35919,35513
"9438",562.25214,3.034,0,0,0,0,0,0,20883,23126,27294
"9439",562.2724,2.346,0,0,0,0,0,0,437957,452282,435933
"9440",562.2724,2.408,0,0,0,0,0,0,817299,839771,617713
"9441",562.31628,4.918,0,0,0,0,0,0,28238,24670,20459
"9442",562.45221,11.491,47515,341636,112447,78990,90109,84263,191461,164447,243323
"9443",562.79816,0.474,0,0,2450,0,0,0,919545,1070428,1087093
"9444",563.23102,0.532,0,0,0,0,0,0,302834,376349,274654
"9445",563.3363,5.385,0,0,0,0,0,0,89995,85495,36833
"9446",563.46246,9.625,87897,0,0,0,0,0,0,0,0
"9447",563.55328,9.632,19503028,1886280,1531082,0,0,0,258192,332825,257038
"9448",563.64459,9.625,68323,0,0,0,0,0,0,0,0
"9449",563.88324,0.47,59804,12232,20008,8341,30936,0,0,0,0
"9450",564.36096,11.673,90545,130857,76523,93742,114930,335076,81533,73718,46903
"9451",564.36151,3,1930226,1683827,1680360,1657575,1615769,1653010,1749127,1770422,1818577
"9452",564.43054,11.619,282192,298600,277922,265517,279032,242925,331128,157776,318715
"9453",564.44757,10.469,29374,31824,40141,36844,38405,27305,40571,46599,26016
"9454",565.21039,2.16,0,0,0,0,0,0,114595,109203,115916
"9455",565.21185,3.612,0,0,0,0,0,0,107716,109562,99865
"9456",565.21228,4.015,0,0,0,0,0,0,370425,393585,359430
"9457",565.26392,4.898,0,0,0,0,0,0,48450,56325,33011
"9458",565.26721,4.228,0,0,0,0,0,0,63391,66980,68815
"9459",565.35461,8.036,3599510,3226032,3691315,2717423,2796074,3384661,3291548,3355131,4092171
"9460",565.41321,9.461,157985,19076,4408,2254,2508,3470,2754,3970,2760
"9461",565.56909,11.411,1429246,900172,1726728,635042,346460,1147499,2196086,336464,1313429
"9462",565.5694,11.234,3998678,3026113,2849678,384808,549832,4852613,901406,253490,501148
"9463",565.56952,11.573,880788,2472604,1112289,626927,434333,3714742,941584,911338,253791
"9464",565.85046,0.471,194178,125945,173032,97236,151903,129299,6974,12002,0
"9465",566.20184,3.354,0,0,0,0,0,0,130672,132153,131351
"9466",566.24231,3.788,0,0,0,0,1204,0,77407,66218,64144
"9467",566.24451,4.784,0,0,0,0,0,0,86879,104621,98617
"9468",566.35645,4.769,433238,9420,9645,0,0,0,2293,2036,0
"9469",566.39337,10.394,85391,0,0,0,0,0,0,0,0
"9470",566.40234,8.143,196691,0,3593,0,0,0,0,0,2533
"9471",566.41077,10.916,1050541,4276,8288,0,0,0,11250,9709,3453
"9472",566.43042,3.934,6200117,4105746,4047046,0,0,0,290007,317756,253109
"9473",566.43085,3.166,50244,45577,45231,91180,46754,38253,46389,49069,52636
"9474",566.57184,11.611,299125,985843,449473,241841,143307,607393,281723,336593,117485
"9475",566.57257,11.358,739373,982899,736340,224030,78628,422989,300001,465685,160676
"9476",566.81024,11.656,73027,197298,215971,143115,127807,234852,269701,158536,266602
"9477",566.89093,0.468,7352902,3340266,6418621,2472878,5096664,3496678,958221,617685,167773
"9478",567.13452,3.779,0,0,0,0,0,0,14851,34512,36913
"9479",567.20435,3.185,0,0,0,0,0,0,52094,59541,48487
"9480",567.22687,4.789,0,0,0,0,0,0,251388,299830,266102
"9481",567.22754,3.781,0,0,0,0,0,0,13943010,14400918,13471881
"9482",567.22772,4.492,0,0,0,0,0,0,781017,867822,795633
"9483",567.22778,4.211,0,0,0,0,0,0,483591,535425,466205
"9484",567.22821,4.655,0,0,0,0,0,0,824840,875991,818142
"9485",567.31903,3.78,0,0,0,0,0,0,29218,33757,37737
"9486",567.3999,9.631,2621121,76504,58417,0,0,0,46048,62038,50830
"9487",567.42188,11.404,0,0,0,0,0,0,248616,128870,116800
"9488",567.51453,7.128,57761,0,0,0,0,0,0,0,0
"9489",567.58368,10.357,88129,4849,11328,7355,8091,2797,0,0,0
"9490",568.22552,2.028,0,0,0,0,0,0,176262,187754,161482
"9491",568.25848,3.466,0,0,0,0,0,0,26592,32547,27040
"9492",568.25922,4.862,0,0,0,0,0,0,10973430,12325465,11479994
"9493",568.25934,6.123,0,0,0,0,0,0,3858497,4440262,4016289
"9494",568.2594,4.983,0,0,0,0,0,0,3461708,3796437,3477783
"9495",568.25964,5.525,0,0,0,0,0,0,828419,1091287,833055
"9496",568.25977,4.048,0,0,0,0,0,0,1063816,1187084,1044850
"9497",568.26007,4.596,0,0,0,0,0,0,152857,168309,166309
"9498",568.29895,2.53,0,0,0,0,0,0,63329,59532,51135
"9499",568.34918,6.666,57629,78416,72199,56415,67018,66598,72452,67754,64475
"9500",568.34973,6.781,605823,559932,507323,546443,546794,534459,609065,539802,541523
"9501",568.44281,7.591,168049,199774,182936,193033,185527,177823,172350,174976,174166
"9502",568.48114,10.988,299571,308122,329701,328217,325034,246718,278417,251187,303441
"9503",569.09833,4.399,0,0,0,0,0,0,38540,69565,50169
"9504",569.15076,4.406,0,0,0,0,0,0,618368,626052,631826
"9505",569.18597,2.312,0,0,0,0,0,0,79346,94231,78658
"9506",569.24103,3.737,0,0,0,0,0,0,1756257,1657987,1511408
"9507",569.2428,4.406,0,0,0,0,0,0,88161704,90194272,88830664
"9508",569.24286,4.116,0,0,0,0,0,0,616131,634866,576278
"9509",569.24347,3.539,0,0,0,0,0,0,821050,897507,747633
"9510",569.33636,4.406,0,0,0,0,0,0,551259,575712,569833
"9511",569.36627,11.486,38349,210326,72125,54306,52109,47980,79862,91179,113436
"9512",569.38757,11.624,102444,113234,125697,135552,105044,93966,123581,69129,107376
"9513",570.18213,5.326,0,0,0,0,0,0,77325,83598,69753
"9514",570.24719,4.324,0,0,0,0,0,0,202135,314252,233362
"9515",570.2749,5.925,0,0,0,0,0,0,685713,700023,707990
"9516",570.27496,5.793,0,0,0,0,0,0,926749,1002520,948682
"9517",570.27502,5.202,0,0,0,0,0,0,2495776,2819680,2648039
"9518",570.27502,5.326,0,0,0,0,0,0,16035403,17713990,16017606
"9519",570.27582,4.648,0,0,0,0,0,0,1611278,1754745,1670541
"9520",570.27673,4.755,0,0,0,0,0,0,560672,647649,604467
"9521",570.36841,5.326,0,0,0,0,0,0,66705,94866,75808
"9522",570.42291,8.822,126394,3232,3441,5175,4106,6714,6965,3117,2310
"9523",570.42303,8.383,69495,16960,11306,13536,6541,15460,14444,9997,4845
"9524",570.46021,9.347,3674602,2545121,3706914,3271464,2291440,3475557,3483372,3660201,2425852
"9525",570.47601,8.441,453901,202728,266904,194245,259554,348585,338373,473728,301335
"9526",571.12433,3.953,0,0,0,0,0,0,53644,51458,61522
"9527",571.29303,3.356,0,0,0,0,0,0,69835,69480,77146
"9528",571.33911,5.773,0,0,0,0,0,0,15975,25071,11760
"9529",571.34003,5.964,0,0,0,0,0,0,541679,651558,599611
"9530",571.34082,5.27,0,0,0,0,0,0,53025,9574,20363
"9531",571.43146,8.024,241977,537604,310260,369556,460703,509285,588150,603761,819978
"9532",572.22046,1.809,0,0,0,0,0,0,275424,300388,263107
"9533",572.23547,2.46,0,0,0,0,0,0,715450,684344,638038
"9534",572.23608,2.04,0,0,0,0,0,0,199508,313565,165386
"9535",572.23645,2.606,0,0,0,0,0,0,142543,143778,134792
"9536",572.34271,5.779,0,0,0,0,0,0,80674,89386,80304
"9537",572.4176,10.671,196216,0,3512,3239,2367,5484,6344,6438,2951
"9538",572.42175,9.862,81996,0,0,0,0,0,0,0,0
"9539",572.43915,7.852,608620,248644,293711,228125,263361,194156,275092,183253,248092
"9540",572.45447,7.635,26235,67623,74832,38466,45409,71022,139417,175551,220014
"9541",572.45483,11.273,957233,0,3130,0,4420,1835,9156,18776,5796
"9542",572.75232,0.467,0,0,0,0,0,0,0,29982,35995
"9543",572.82678,11.646,69777,259842,252132,73768,259891,223560,297694,256544,269846
"9544",572.8327,0.468,0,0,0,0,0,0,130562,76911,39429
"9545",573.18121,2.03,0,0,0,0,0,0,19376,25830,20708
"9546",573.20697,3.132,0,0,0,0,0,0,524454,506097,499578
"9547",573.20752,2.948,0,0,0,0,0,0,181491,172780,155664
"9548",573.21527,6.123,0,0,0,0,0,0,282380,316666,263564
"9549",573.21545,4.714,0,0,0,0,0,0,109969,121214,114578
"9550",573.35992,8.966,2684694,2847913,1727348,1743221,1744864,2459238,1865234,2648703,1807338
"9551",573.41138,8.639,241099,130128,111560,108385,117354,123193,135032,123147,127970
"9552",573.41809,11.341,348549,0,2091,0,0,0,0,0,1467
"9553",574.27246,2.53,0,0,0,0,0,0,3080689,3077814,2952863
"9554",574.27252,2.586,0,0,0,0,0,0,1383398,1466520,1376931
"9555",574.32422,9.738,0,0,0,0,0,0,190440,85838,57846
"9556",574.33893,3.579,0,0,0,0,0,0,162685,166860,185151
"9557",574.33917,3.482,0,0,0,0,0,0,333173,322160,296395
"9558",574.33954,3.824,2374,0,0,0,0,0,159619,166616,115756
"9559",574.35156,7.729,301732,298171,302797,282343,251717,316243,331776,343261,300110
"9560",574.39246,9.557,100807,0,0,0,0,0,0,0,0
"9561",574.39734,9.33,133175,3328,4757,5012,11773,7532,7160,12530,7454
"9562",574.4079,10.045,2999160,59752,90157,0,0,0,50211,85369,89214
"9563",574.4342,9.867,3109064,22908,29577,0,0,0,52811,67822,46083
"9564",574.86505,8.936,153657,217763,99035,69111,69002,148311,86449,71367,61760
"9565",574.87476,0.462,14288,0,0,0,0,0,6324,23704,19020
"9566",575.17474,2.497,0,0,0,0,0,0,323443,304893,297521
"9567",575.17596,2.553,0,0,0,0,0,0,244770,249153,235251
"9568",575.23059,5.326,0,0,0,0,0,0,1313856,1407676,1297435
"9569",575.23077,5.202,0,0,0,0,0,0,145962,157827,129279
"9570",575.23138,4.554,0,0,0,0,0,0,196668,206124,174990
"9571",575.2854,10.699,62497,107106,64035,42997,87727,51425,144263,131349,104975
"9572",575.39825,8.717,360061,8785,2926,0,0,0,0,2164,2652
"9573",575.44257,6.572,168087,0,0,0,0,0,0,0,0
"9574",575.44263,6.498,104233,0,0,0,0,0,0,0,0
"9575",576.1012,0.554,0,0,0,0,0,0,680422,785048,793498
"9576",576.28754,2.888,0,0,0,0,0,0,48601,55787,51294
"9577",576.2879,2.82,0,0,0,0,0,0,175820,179776,164216
"9578",576.28815,2.745,0,0,0,0,0,0,59028,58863,62341
"9579",576.31927,3.649,0,0,0,0,0,0,105496,112832,110666
"9580",576.41217,8.028,258084,264341,243666,235069,225402,250748,290472,251703,252046
"9581",576.46796,11.489,129278,531276,190809,145404,145658,145268,317496,308521,436012
"9582",576.84546,0.468,209196,159326,210574,122212,179890,139210,325226,271310,190851
"9583",577.17627,1.816,0,0,0,0,0,0,138633,135354,132847
"9584",577.19025,2.03,0,0,0,0,0,0,86261,98715,65584
"9585",577.19043,2.461,0,0,1158,0,0,0,156795,168739,161156
"9586",577.21814,5.262,0,0,0,0,0,0,96641,91298,109710
"9587",577.21973,5.962,0,0,0,0,0,0,111119,166389,154944
"9588",577.24133,4.178,0,0,0,0,0,0,76608,75263,67697
"9589",577.26898,5.833,0,0,0,0,0,0,136768,142899,138851
"9590",577.27911,7.396,0,0,0,0,0,0,161609,193971,159528
"9591",577.36963,3.879,52662,56232,55640,47987,42260,45131,58713,53997,54876
"9592",577.42145,3.934,228124,161752,158402,0,0,0,2921,2744,0
"9593",577.53241,7.294,373318,2640,0,0,0,0,0,0,0
"9594",577.53278,7.362,1405210,2640,0,0,0,0,0,0,0
"9595",578.23328,5.775,0,0,0,0,0,0,53194,51016,39936
"9596",578.23456,5.267,0,0,0,0,0,0,296260,331599,289113
"9597",578.23627,5.964,0,0,0,0,0,0,563899,540411,464758
"9598",578.34113,3.034,219134,186966,191152,185426,174577,185524,188676,184517,207815
"9599",578.77319,0.474,0,0,0,0,0,0,200658,320027,376113
"9600",578.84589,11.644,197526,93376,192221,0,46742,100173,199124,129436,199113
"9601",579.22791,2.53,0,0,0,0,0,0,332273,337678,301945
"9602",579.22998,2.588,0,0,0,0,0,0,141924,153692,140428
"9603",579.36292,6.662,144702,167916,139825,135342,151459,150630,222186,187867,167683
"9604",579.36298,6.757,508539,475815,427415,451078,451103,440088,505594,474247,436596
"9605",579.42834,10.654,1270772,1124157,1358806,1214567,1214350,1143674,1273803,1359934,1122527
"9606",579.43536,10.185,59703,38575,51019,39328,31979,45286,51175,38692,48152
"9607",580.1911,3.157,0,0,0,0,0,0,34075,28930,29076
"9608",580.27545,4.068,0,0,0,0,0,0,26784,35296,31111
"9609",580.27625,4.142,0,0,0,0,0,0,58415,61969,64383
"9610",580.33527,4.835,112188,1474,0,0,0,0,1282,0,0
"9611",580.3548,2.836,53027,70692,38146,18767,67233,69268,57551,54797,35491
"9612",580.37103,5.041,64766,0,2114,0,0,0,0,0,0
"9613",580.41852,9.012,217542,30100,29517,30049,37755,24469,37122,19331,6188
"9614",581.17517,1.833,0,0,0,0,0,0,48967,66082,57445
"9615",581.22125,3.518,0,0,0,0,0,0,98225,110703,92412
"9616",581.22467,3.73,0,0,0,0,0,0,39166,31687,17260
"9617",581.23853,3.232,0,0,0,0,0,0,54552,55541,46511
"9618",581.36694,9.963,4518,37755,38478,22701,32181,73930,9172,50789,27565
"9619",581.39923,9.955,97095,0,0,0,0,0,0,0,0
"9620",581.41595,10.459,1705110,24534,29803,0,0,0,23310,42481,19725
"9621",581.82281,0.464,4485,9040,0,0,0,7262,21389,30015,35436
"9622",582.17627,3.354,0,0,0,0,0,0,24805,25647,23985
"9623",582.21991,3.288,0,0,0,0,0,0,149755,160267,153356
"9624",582.22131,3.434,0,0,0,0,0,0,89727,92968,91230
"9625",582.23883,4.012,0,0,0,0,0,0,38724,40388,38226
"9626",582.24084,2.213,0,0,0,0,0,0,611333,617186,543093
"9627",582.24084,2.267,0,0,0,0,0,0,793873,830832,758264
"9628",582.24152,2.399,0,0,0,0,0,0,113196,107840,112613
"9629",582.40552,9.146,961205,7412,11035,0,0,0,0,3732,9765
"9630",582.45801,10.305,55355,42895,44719,37661,38190,36622,46841,65310,62222
"9631",582.45898,7.794,19932,25288,21409,31607,37789,36184,32622,34046,41894
"9632",582.86395,0.47,145264,85927,115707,82241,140468,114464,1882845,1530701,736275
"9633",582.8667,11.642,88738,98536,234560,105599,124714,188959,136648,134472,180655
"9634",583.18048,3.187,0,0,0,0,0,0,15240,23731,25588
"9635",583.22186,4.017,0,0,0,0,0,0,328588,358189,308343
"9636",583.2226,3.62,0,0,0,0,0,0,158282,159655,153659
"9637",583.2326,5.686,0,0,0,0,0,0,87915,91660,80490
"9638",583.25897,4.738,0,0,0,0,0,0,43389,48199,41802
"9639",584.24786,2.698,0,0,0,0,0,0,66136,73483,65511
"9640",584.25348,4.386,0,0,0,0,0,0,414460,424045,423451
"9641",584.25415,3.781,0,0,0,0,0,0,6645770,6702810,6322654
"9642",584.25421,6.094,0,0,0,0,0,0,253336,295775,289962
"9643",584.25427,5.846,0,0,0,0,0,0,600534,614082,689837
"9644",584.25439,4.494,0,0,0,0,0,0,723605,798895,702237
"9645",584.25439,5.219,0,0,0,0,0,0,587838,673683,647349
"9646",584.25458,5.072,0,0,0,0,0,0,1209964,1320402,1251545
"9647",584.25476,4.653,0,0,0,0,0,0,705143,724446,774007
"9648",584.25513,4.789,0,0,0,0,0,0,466083,580328,454383
"9649",584.29187,5.328,0,0,0,0,0,0,119078,119602,101303
"9650",584.35809,3.495,90685,144418,136354,117707,147829,123453,135691,116125,126935
"9651",584.36029,8.262,481161,503976,509964,440810,443006,507673,464352,480758,527050
"9652",584.42407,11.405,1504,0,0,0,1747,1285,161604,86723,95849
"9653",584.47491,9.969,1036437,746152,1332596,956998,956171,980217,1059298,1077153,1229581
"9654",584.47571,9.843,939652,1053555,1077028,984686,898202,1154256,860670,1255561,1195078
"9655",584.47589,9.778,872552,720725,678157,714339,554982,679339,584783,626304,735248
"9656",584.49005,8.578,496529,557150,530786,511299,592138,336121,510176,556095,443846
"9657",584.49011,8.911,204599,272589,375746,365988,309495,453103,600899,63551,474788
"9658",584.86462,0.468,0,0,0,0,7193,0,176956,149488,71507
"9659",584.92737,10.251,46119,40589,61008,25477,61540,52292,57810,93589,30280
"9660",585.16077,3.887,0,0,0,0,0,0,23508,26586,28426
"9661",585.23267,4.142,0,0,0,0,0,0,156935,196915,169999
"9662",585.237,3.735,0,0,0,0,0,0,2483582,2261454,2012134
"9663",585.23785,4.203,0,0,0,0,0,0,238811,258627,243748
"9664",585.23804,3.581,0,0,0,0,0,0,120777,131802,127388
"9665",585.23865,3.955,0,0,0,0,0,0,368128,411381,387905
"9666",585.34344,3.745,0,0,0,0,0,0,49449,58713,52701
"9667",586.17291,4.86,0,0,0,0,0,0,743923,846915,787249
"9668",586.17303,4.716,0,0,0,0,0,0,126830,139954,139717
"9669",586.26947,4.406,0,0,0,0,0,0,15125152,16052650,15014379
"9670",586.26965,4.86,0,0,0,0,0,0,107908024,122344144,110386392
"9671",586.26996,4.718,0,0,0,0,0,0,23827814,26485666,24937200
"9672",586.26996,4.983,0,0,0,0,0,0,6158386,6889053,6631704
"9673",586.2702,4.327,0,0,0,0,0,0,1725737,1800747,1690173
"9674",586.27045,4.076,0,0,0,0,0,0,1133508,1304671,1137648
"9675",586.27045,3.539,0,0,0,0,0,0,445459,452179,400846
"9676",586.27051,5.897,0,0,0,0,0,0,201907,220347,212185
"9677",586.27112,5.774,0,0,0,0,0,0,213818,227466,209213
"9678",586.33429,3.775,0,0,0,0,0,0,72313,77744,78777
"9679",586.33807,4.079,0,0,0,0,0,0,30876,32611,48490
"9680",586.36627,4.399,0,0,0,0,0,0,38802,29456,43866
"9681",586.36646,4.714,0,0,0,0,0,0,130954,149609,140955
"9682",586.36731,4.86,0,0,2489,1568,0,0,686677,755364,730387
"9683",586.43494,11.105,89852,3210,1587,2991,8781,7631,9393,9456,12582
"9684",586.45508,8.395,1188273,145797,187637,104267,124298,124191,185275,158425,153198
"9685",586.45526,8.264,176331,27877,54266,9512,33315,35042,48148,27126,44295
"9686",587.17596,3.288,0,0,0,0,0,0,89366,106750,89777
"9687",587.19537,2.264,0,0,0,0,0,0,108095,109026,103202
"9688",587.19647,2.209,0,0,0,0,0,0,92772,105725,80300
"9689",587.36835,8.018,3464199,2661709,2632296,2408110,2497512,3054434,2911284,2837566,2943273
"9690",587.42511,9.443,121219,2790,0,0,0,3404,2876,0,3056
"9691",587.47943,7.048,60487,0,0,0,0,0,0,0,0
"9692",587.55096,11.631,88688,99039,187278,53225,102197,87057,56447,72295,41858
"9693",587.83539,0.468,139985,97217,145131,97186,126746,104393,6606,16383,0
"9694",588.10083,0.575,0,0,0,0,0,0,218179,129537,94559
"9695",588.23676,3.784,0,0,0,0,0,0,69506,91749,105096
"9696",588.26691,3.677,0,0,0,0,0,0,254698,235838,251099
"9697",588.26746,3.878,0,0,0,0,0,0,120169,134216,114251
"9698",588.28595,4.762,0,0,0,0,0,0,2626056,2893646,2673712
"9699",588.34027,4.821,0,0,0,0,0,0,57962,63098,45970
"9700",588.35461,4.504,0,0,0,0,0,0,29511,36068,57613
"9701",588.35541,3.883,0,0,0,0,0,0,55717,55089,53808
"9702",588.35614,4.303,0,0,0,0,0,0,34319,38570,24214
"9703",588.41431,9.761,187199,0,0,0,0,0,0,2673,0
"9704",588.42358,10.872,813838,19227,2804,0,0,0,1938,18918,3769
"9705",588.44952,10.284,4862226,51452,64840,0,0,0,108113,188500,98150
"9706",589.18134,3.13,0,0,0,0,0,0,279017,267765,252959
"9707",589.18219,2.946,0,0,0,0,0,0,91338,85806,84034
"9708",589.18933,6.128,0,0,0,0,0,0,29835,37113,37464
"9709",589.20288,2.701,0,0,0,0,0,0,83968,89174,75018
"9710",589.21063,5.07,0,0,0,0,0,0,83668,88105,84082
"9711",589.32471,3.911,0,0,0,0,0,0,22335,24131,20484
"9712",589.41327,9.582,1979762,46178,46127,0,0,0,22442,51882,39776
"9713",589.49451,7.128,466780,3316,0,0,0,0,0,0,0
"9714",589.49487,7.03,160515,0,0,0,0,0,0,0,0
"9715",590.24738,2.114,0,0,0,0,0,0,33569,33260,34899
"9716",590.27979,3.402,0,0,0,0,0,0,3181,12891,108473
"9717",590.33344,3.684,0,0,0,0,0,0,56486,55970,59717
"9718",590.33405,3.929,0,0,0,0,0,0,24290,33996,36823
"9719",590.33563,3.041,0,0,0,0,0,0,62350,71103,74098
"9720",590.34235,3.128,0,0,0,0,0,0,34185,35746,35880
"9721",590.42816,8.613,784372,718430,788565,749974,822161,799249,856280,781489,851868
"9722",590.42938,8.873,529341,130979,53883,45454,50280,102772,56265,140620,124246
"9723",591.2038,5.326,0,0,0,0,0,0,226309,250577,245354
"9724",591.22461,4.406,0,0,0,0,0,0,3622976,3468428,3499932
"9725",591.22504,4.86,0,0,0,0,0,0,7565568,8482529,7724296
"9726",591.22516,4.052,0,0,0,0,0,0,491455,549071,370994
"9727",591.22534,4.716,0,0,0,0,0,0,1587352,1763535,1667577
"9728",591.22546,4.983,0,0,0,0,0,0,1184520,1297875,1180239
"9729",591.26172,10.135,0,0,0,0,0,0,275972,358439,351005
"9730",591.51166,7.889,193079,0,0,0,0,0,0,0,0
"9731",591.51184,7.276,103380,0,0,0,0,0,0,0,0
"9732",591.51208,7.54,413278,0,0,0,0,0,0,0,0
"9733",591.51233,7.638,266602,0,0,0,0,0,0,0,0
"9734",592.13055,8.83,183386,210459,232452,207379,211094,193183,213191,225165,202912
"9735",592.26953,10.135,0,0,0,0,0,0,1550816,2075990,2848200
"9736",592.26984,10.424,0,0,0,0,0,0,600690,919377,480456
"9737",592.29559,3.888,0,0,0,0,0,0,421541,597320,1490280
"9738",592.29572,3.703,0,0,0,0,0,0,2449244,2264189,2419305
"9739",592.33539,6.344,0,0,0,0,0,0,51140,48221,46858
"9740",592.35553,3.444,40871,46010,47199,47986,47526,49441,46346,48803,46163
"9741",592.37341,10.74,360053,345878,398676,351571,344935,198147,415568,413783,394221
"9742",592.37421,4.233,221454,199650,204332,190446,202506,200237,196801,221272,236733
"9743",592.81787,11.639,0,65658,151926,108428,0,67700,75817,103891,7175
"9744",592.81915,0.468,95768,50123,67847,57624,64697,51298,277985,298749,240849
"9745",593.14935,1.815,0,0,0,0,0,0,45756,46356,44713
"9746",593.17908,10.133,0,0,0,0,0,0,36403,45853,65098
"9747",593.24078,4.762,0,0,0,0,0,0,274303,307069,289666
"9748",593.24365,4.297,0,0,0,0,0,0,110419,117372,110882
"9749",593.2771,10.133,0,0,0,0,0,0,11031641,14382726,15834567
"9750",593.27722,10.424,0,0,0,0,0,0,2751208,4203776,2503335
"9751",593.37549,10.134,0,0,0,0,0,0,42647,36747,41282
"9752",593.44427,7.691,336547,219999,110558,153489,215006,123601,200413,121590,123159
"9753",593.45264,6.566,138214,0,0,0,0,0,0,0,0
"9754",593.45349,6.504,116532,0,0,0,0,0,0,0,0
"9755",593.52747,7.479,523152,0,0,0,0,0,0,0,0
"9756",593.52899,7.368,578544,0,0,0,0,0,0,0,0
"9757",594.20612,5.964,0,0,0,0,0,0,111487,185250,111709
"9758",594.35303,3.263,121619,119595,125979,117343,122369,121959,128770,131260,138165
"9759",594.49585,11.619,331266,375634,472686,219858,279536,301544,278768,331375,410505
"9760",594.4967,10.943,11880259,10270534,11069816,10506050,10429825,10454779,11004812,8366242,9232750
"9761",594.49689,11.119,513395,881517,2143164,1765986,2218171,1406685,1293375,1406862,1377408
"9762",594.59741,10.954,215721,82422,196126,377062,201682,115196,108236,131095,74875
"9763",594.74463,0.47,0,0,0,0,0,0,10165,43550,71265
"9764",594.83942,0.466,38864,28174,50166,14359,46074,29244,0,0,0
"9765",595.1673,3.196,0,0,0,0,0,0,5169380,5309366,5394206
"9766",595.16772,3.118,0,0,0,0,0,0,396130,392356,367463
"9767",595.19635,6.121,0,0,0,0,0,0,265595,256195,231410
"9768",595.25897,5.548,0,0,0,0,0,0,751681,876617,791182
"9769",595.28992,7.401,0,0,0,0,0,0,321371,344702,302022
"9770",595.37323,8.943,1895855,2045410,1820151,1638031,2652130,1567627,1850433,1794285,1725842
"9771",595.43115,11.279,276968,0,0,1802,1804,0,1615,1817,5087
"9772",595.47876,7.077,45862,51600,54663,51335,54633,50890,61105,41908,49155
"9773",595.54272,7.141,984378,0,0,0,0,0,0,0,0
"9774",595.54303,8.203,426876,0,0,0,0,0,0,0,0
"9775",595.54315,8.112,994227,0,0,0,0,0,0,0,0
"9776",595.54321,7.368,945559,0,0,0,0,0,0,0,0
"9777",595.5434,7.294,510155,0,0,0,0,0,0,0,0
"9778",595.87598,8.912,624385,753082,822023,775793,715943,746023,813341,819980,1986958
"9779",596.23608,3.306,0,0,0,0,0,0,249217,277808,238451
"9780",596.23633,3.518,0,0,0,0,0,0,124698,120902,119247
"9781",596.24133,0.521,0,0,0,0,0,0,172812,202055,163626
"9782",596.25409,5.966,0,0,0,0,0,0,356686,434515,324650
"9783",596.2569,2.466,0,0,0,0,0,0,332529,329668,294535
"9784",596.27368,3.631,0,0,0,0,0,0,253007,263104,240390
"9785",596.31152,7.857,0,0,0,0,0,0,1011404,1005493,955035
"9786",596.31274,7.668,0,0,0,0,0,0,92598,100404,83095
"9787",596.36511,4.859,147506,141801,156856,138885,131894,147210,157508,146495,174040
"9788",596.42114,10.002,2129407,31863,37343,0,0,0,14358,42551,40960
"9789",596.43951,6.94,269667,278930,284888,262430,299955,283201,313750,248645,270507
"9790",596.51147,9.468,719882,419687,941839,510709,571044,838613,811214,408045,974190
"9791",596.73071,4.87,0,0,0,0,0,0,23365,98700,74149
"9792",597.08649,8.831,37421,37270,35160,27341,25777,45670,43623,32893,39526
"9793",597.18341,2.308,0,0,0,0,0,0,207648,215485,208904
"9794",597.21185,4.643,0,0,0,0,0,0,133742,153417,134412
"9795",597.2121,4.554,0,0,0,0,0,0,129034,139896,140770
"9796",597.21216,5.328,0,0,0,0,0,0,545542,629538,566575
"9797",597.23016,3.186,0,0,0,0,0,0,71749,88051,70891
"9798",597.27185,9.506,0,0,0,0,0,0,75583,87360,83376
"9799",597.30481,8.197,0,0,0,0,0,0,52276,116780,115280
"9800",597.41095,8.679,230172,3091,0,0,0,0,2346,0,0
"9801",597.4361,2.892,262749,33459,37079,0,0,0,0,1602,2352
"9802",597.80103,0.468,0,0,0,0,0,0,24196,70865,45929
"9803",597.87677,0.468,54820,36799,77160,32187,38551,33853,0,0,0
"9804",598.2511,3.352,0,0,0,0,0,0,125938,134067,125772
"9805",598.3053,5.328,0,0,0,0,0,0,73477,86824,77364
"9806",598.32831,8.826,0,0,0,0,0,0,57877,149876,65040
"9807",598.38141,7.97,0,0,0,0,0,0,427685,407403,405318
"9808",598.38177,7.818,0,0,0,0,0,0,156040,166935,152641
"9809",598.41998,3.155,612584,79721,95232,0,0,0,10475,14139,8220
"9810",598.49152,10.216,79806,2972,3110,2311,2181,0,2312,3226,3549
"9811",598.49158,10.463,240017,176963,241092,213552,237008,189642,197956,281725,193962
"9812",598.50818,8.72,54530,138338,73328,74450,84516,128882,58076,64985,71931
"9813",598.83807,0.47,0,0,0,0,0,0,2424254,2012770,1190384
"9814",599.1972,3.03,0,0,0,0,0,0,47627,52073,52223
"9815",599.3241,5.137,0,0,0,0,0,0,94045,101423,87677
"9816",599.36371,3.542,74757,130747,109729,110399,115085,113842,129728,116953,146155
"9817",599.38458,3.922,28832,32113,31295,22260,28258,22177,30718,28382,27914
"9818",599.4043,3.421,1890889,293897,311187,0,0,0,59121,57069,50584
"9819",599.45496,10.946,66210,83479,110948,76865,61802,63549,81822,72388,36191
"9820",600.25037,3.614,0,0,0,0,0,0,200005,187191,178391
"9821",600.25067,3.942,0,0,0,0,0,0,84048,102527,73467
"9822",600.28479,4.868,0,0,0,0,0,0,458700,468352,488823
"9823",600.28711,4.41,0,0,0,0,0,0,101503,125821,118288
"9824",600.28778,4.985,0,0,0,0,0,0,47676,54077,58947
"9825",600.37146,9.232,76957,64387,98106,44270,72216,58543,48407,71507,47995
"9826",600.43292,7.208,43245,86777,80378,89854,57850,51024,101776,62067,101256
"9827",600.43433,8.345,122436,3006,0,2235,0,0,0,2326,0
"9828",600.4707,8.792,1099868,1268953,1144900,1145893,1144845,1118280,1319729,1247875,1307109
"9829",600.47089,8.927,1091308,866064,910419,729814,625208,820292,1019023,795297,862919
"9830",600.48474,8.182,57677,113352,66540,110750,67029,90932,208631,218235,255671
"9831",600.8847,0.467,625791,196340,549009,145872,432458,261115,0,0,0
"9832",601.14154,1.831,0,0,0,0,0,0,7300,29194,6229
"9833",601.19122,3.306,0,0,0,0,0,0,150950,155650,145455
"9834",601.19653,0.523,0,0,0,0,0,0,277524,286647,301576
"9835",601.23004,3.633,0,0,0,0,0,0,357994,337155,317670
"9836",601.26691,7.855,0,0,0,0,0,0,207890,134021,198902
"9837",601.28058,3.781,0,0,0,0,0,0,52818,43926,34191
"9838",601.37549,6.66,103454,95064,66699,79567,78677,74714,129018,84690,89379
"9839",601.37646,6.755,291542,256875,244691,244107,252636,228325,335446,281752,257050
"9840",601.42639,11.409,0,0,0,1447,0,0,60656,35588,26330
"9841",601.44171,10.628,800892,727437,890506,830947,712103,717946,835744,887402,701635
"9842",601.49506,7.153,151333,0,0,0,0,0,0,0,0
"9843",602.26495,4.201,0,0,0,0,0,0,1334712,1482318,1221478
"9844",602.26501,4.822,0,0,0,0,0,0,200787,105309,130984
"9845",602.26508,3.733,0,0,0,0,0,0,927501,890762,863326
"9846",602.26514,4.322,0,0,0,0,0,0,234494,246769,210377
"9847",602.26526,3.436,0,0,0,0,0,0,104738,113351,93119
"9848",602.26526,3.873,0,0,0,0,0,0,1635811,1635738,1587692
"9849",602.26526,4.655,0,0,0,0,0,0,1056393,1158899,1104808
"9850",602.26538,3.585,0,0,0,0,0,0,568628,552220,519753
"9851",602.36847,4.098,0,0,0,0,0,0,34328,37841,30918
"9852",602.37085,4.209,0,0,0,0,0,0,48310,44070,47031
"9853",602.37177,4.525,40745,34664,41685,29958,26997,36356,94746,111053,95922
"9854",602.42841,10.159,302147,0,3660,0,3301,0,0,4174,6851
"9855",602.43298,8.997,171127,5274,4415,18267,3646,6637,21888,15029,4168
"9856",602.44965,7.303,224213,69673,55166,64101,64098,61928,58446,55340,56499
"9857",602.46521,10.734,2516293,12339,28931,0,0,0,55532,57326,35942
"9858",603.15009,3.287,0,0,0,0,0,0,51437,62477,58858
"9859",603.15802,1.829,0,0,0,0,0,0,48113,56415,45030
"9860",603.20642,3.352,0,0,0,0,0,0,143836,146008,128100
"9861",603.21826,3.231,0,0,0,0,0,0,161520,181375,157256
"9862",603.32886,3.669,0,0,0,0,0,0,332779,294088,274346
"9863",603.32892,3.883,0,0,0,0,0,0,118422,115090,114716
"9864",603.3371,7.972,0,0,0,0,0,0,239764,234640,215348
"9865",603.35364,4.419,0,0,0,0,0,0,192506,196068,166882
"9866",603.35522,4.874,0,0,0,0,0,0,121502,124444,101087
"9867",603.4292,10.406,1245682,4329,11812,0,0,0,19868,41292,21774
"9868",603.42975,10.313,311628,0,0,0,0,0,19868,3857,21774
"9869",603.47266,6.604,139690,0,0,0,0,0,0,0,0
"9870",603.47302,7.11,104197,0,0,0,0,0,0,0,0
"9871",604.12549,4.257,236277,64136,71711,0,0,0,0,0,0
"9872",604.28021,4.434,0,0,0,0,0,0,101767,105936,94710
"9873",604.28052,4.268,0,0,0,0,0,0,113555,139083,109980
"9874",604.28082,4.542,0,0,0,0,0,0,559892,638515,573852
"9875",604.28119,3.767,0,0,0,0,0,0,230149,232747,198013
"9876",604.28235,2.308,0,0,0,0,0,0,94088,103378,87253
"9877",604.33435,4.015,0,0,0,0,0,0,93001,93611,84924
"9878",604.35913,2.957,60349,59333,58775,59963,61831,59709,83943,66646,63941
"9879",604.41882,9.104,629265,4324,7424,0,0,0,0,7079,0
"9880",604.4444,9.355,1531659,32400,20149,0,0,0,37016,45738,17696
"9881",604.46002,4.261,267030,73339,71531,0,0,0,3798,5874,4356
"9882",604.78271,0.472,0,0,0,0,0,0,40028,90111,47490
"9883",605.17407,2.7,0,0,0,0,0,0,65052,71601,62462
"9884",605.27435,5.959,0,0,0,0,0,0,49196,72269,81012
"9885",605.36981,5.206,0,0,0,0,0,0,43512,53342,41294
"9886",605.36987,5.644,0,0,0,0,0,0,61703,69522,62988
"9887",605.37158,4.168,0,0,0,0,0,0,54113,57550,49643
"9888",606.25659,2.795,0,0,0,0,0,0,71820,82082,70853
"9889",606.25659,2.865,0,0,0,0,0,0,66128,61616,53582
"9890",606.33026,4.623,0,0,0,0,0,0,139558,151827,202377
"9891",606.33051,5.002,0,0,0,0,0,0,40107,52805,59687
"9892",606.34967,6.256,36748,47297,55243,43260,50007,45356,58399,63415,57546
"9893",606.35016,3.908,0,0,0,0,0,0,144176,164111,135671
"9894",606.47589,10.299,11526,8945,13541,2068,7817,10087,75184,148661,136137
"9895",606.82581,0.471,0,0,0,0,0,0,83694,45985,41548
"9896",607.19659,4.722,0,0,0,0,0,0,202218,215394,214615
"9897",607.19794,4.406,0,0,0,0,0,0,738438,772196,736720
"9898",607.19897,4.86,0,0,0,0,0,0,1406790,1523347,1368717
"9899",607.20001,4.984,0,0,0,0,0,0,160886,177276,164221
"9900",607.22003,3.781,0,0,0,0,0,0,1135021,1271504,1522750
"9901",607.22107,4.655,0,0,0,0,0,0,80119,87201,75092
"9902",607.22125,4.211,0,0,0,0,0,0,131673,140393,111479
"9903",607.22272,4.785,0,0,0,0,0,0,65606,75810,62717
"9904",607.25525,9.929,0,0,0,0,0,0,34653,38367,29737
"9905",607.25671,10.131,0,0,0,0,0,0,35861,41445,51953
"9906",607.25732,9.298,0,0,0,0,0,0,115583,140788,127626
"9907",607.29321,11.05,0,0,0,0,0,0,135207,87289,90706
"9908",607.50763,10.171,190324,0,0,0,0,0,0,0,0
"9909",608.26294,10.135,0,0,0,0,0,0,35006,53017,69004
"9910",608.26361,9.931,0,0,0,0,0,0,181439,303200,358529
"9911",608.26526,9.725,0,0,0,0,0,0,61368,105098,115204
"9912",608.29053,3.2,0,0,0,0,0,0,77236,87685,100702
"9913",608.29077,3.06,0,0,0,0,0,0,409270,442440,410863
"9914",608.29089,3.61,0,0,0,0,0,0,1877826,1865492,1674469
"9915",608.29095,3.673,0,0,0,0,0,0,1586096,1506601,1387314
"9916",608.33832,4.524,0,0,0,0,0,0,31771,39333,32860
"9917",608.38776,3.103,1245253,1057600,1044305,1008219,992583,1042739,1111957,1108405,1157116
"9918",608.47485,10.1,605450,608198,764580,726440,627087,818146,706633,807556,1069998
"9919",608.47662,10.447,209988,166144,149292,170567,147126,134379,201481,304667,169470
"9920",608.79449,0.472,0,0,0,0,0,0,204687,142621,162812
"9921",608.87817,0.471,305873,162295,265654,127701,208132,196400,16169,0,0
"9922",609.14618,2.168,0,0,0,0,0,0,203845,249322,221726
"9923",609.23724,3.54,0,0,0,0,0,0,56728,74928,62217
"9924",609.23779,4.537,0,0,0,0,0,0,70022,72100,64768
"9925",609.27277,10.261,0,0,0,0,0,0,114433,135209,70900
"9926",609.27289,9.928,0,0,0,0,0,0,1121176,1571435,1585512
"9927",609.27301,9.725,0,0,0,0,0,0,903664,1271506,1093619
"9928",609.27325,10.132,0,0,0,0,0,0,114783,135150,145961
"9929",609.3819,8,2247352,2056460,2055169,1853379,2472583,2008511,2185652,2722947,2795136
"9930",609.43781,9.506,99784,20196,2820,17402,9838,0,18832,0,0
"9931",609.5224,9.706,147879,0,0,0,0,0,0,0,0
"9932",609.52277,7.141,382250,0,0,0,0,0,0,0,0
"9933",609.52289,7.638,511952,0,0,0,0,0,0,0,0
"9934",609.52441,7.54,1082488,0,0,0,0,0,0,0,0
"9935",609.52478,7.473,336572,0,0,0,0,0,0,0,0
"9936",610.22205,0.54,0,0,0,0,0,0,54169,218772,114699
"9937",610.33551,5.262,0,0,0,0,0,0,194208,215384,184522
"9938",610.38177,4.623,0,0,0,0,0,0,56447,64511,45372
"9939",610.38318,4.824,325248,2601,9360,0,0,0,6357,1668,4327
"9940",610.38544,7.938,755710,143803,158593,155016,131835,122377,147861,172012,144030
"9941",610.43707,10.817,657785,2535,1776,0,0,0,2631,4109,0
"9942",610.43939,10.709,113712,0,0,0,0,0,2631,2430,0
"9943",610.91864,0.469,86019,78118,116968,45951,90969,62636,0,0,0
"9944",611.06049,2.956,0,0,0,0,0,0,154727,163990,136326
"9945",611.16138,2.349,0,0,0,0,0,0,171692,167612,164345
"9946",611.16327,2.958,0,0,0,0,0,0,28212134,28091656,26943756
"9947",611.1709,6.127,0,0,0,0,0,0,56078,46343,54393
"9948",611.19135,4.494,0,0,0,1489,0,0,47202,46183,45305
"9949",611.21228,2.8,0,0,0,0,0,0,118805,107529,104510
"9950",611.25403,5.245,0,0,0,0,0,0,1366115,1534747,1334868
"9951",611.25446,5.008,0,0,0,0,0,0,201770,213267,183285
"9952",611.25458,4.296,0,0,0,0,0,0,387176,431404,393045
"9953",611.26642,2.958,0,0,0,0,0,0,182883,179650,174290
"9954",611.30536,3.903,0,0,0,0,0,0,31262,28275,26003
"9955",611.42719,9.547,1355530,36815,19350,0,0,0,16934,29276,12757
"9956",611.46887,9.68,0,0,0,0,0,0,59365,109638,121061
"9957",611.53571,7.387,146827,0,0,0,0,0,0,0,0
"9958",611.54047,10.518,138339,0,0,0,0,0,0,0,0
"9959",611.81482,4.842,0,0,0,0,1404,0,21509,26050,44981
"9960",612.10486,1.837,0,0,0,0,0,0,21100,44264,17262
"9961",612.16467,11.409,0,0,0,0,0,0,0,0,116962
"9962",612.23047,3.248,0,0,0,0,0,0,88491,100527,82519
"9963",612.26843,3.354,0,0,0,0,0,0,34057,46208,35626
"9964",612.28601,4.789,0,0,0,0,0,0,240257,265082,258074
"9965",612.2865,5.546,0,0,0,0,0,0,490634,533253,532472
"9966",612.29224,8.658,0,0,0,0,0,0,36893,44975,10905
"9967",612.31689,7.398,0,0,0,0,0,0,159756,159635,141179
"9968",612.37689,6.783,691422,631609,595862,637934,657411,686968,777482,620961,716997
"9969",612.37872,6.671,81354,87101,73357,75375,83797,79205,97519,96601,88763
"9970",612.43756,3.597,80353,11918,10154,0,0,0,0,0,0
"9971",612.50824,7.076,186035,198807,197383,191127,216993,213116,220416,200681,212344
"9972",612.5083,10.967,280498,297491,361348,294531,348528,292269,323855,275067,258431
"9973",612.5592,9.88,305629,195609,155307,175515,122495,501761,306519,145603,353521
"9974",613.18579,5.328,0,0,0,0,0,0,130519,143960,148111
"9975",613.20746,4.872,0,0,0,0,0,0,1834622,2013120,1940808
"9976",613.20746,4.406,0,0,0,0,0,0,2330108,1127789,2330082
"9977",613.20752,4.985,0,0,0,0,0,0,986193,1034125,913157
"9978",613.20776,4.713,0,0,0,0,0,0,478359,476136,446029
"9979",613.20813,4.05,0,0,0,0,0,0,232643,233211,165608
"9980",613.44598,10.595,0,0,0,0,0,0,36646,39627,26302
"9981",613.49225,7.135,450981,0,0,0,0,0,0,0,0
"9982",613.49402,7.27,303068,3518,3893,0,0,0,0,0,0
"9983",613.49414,6.887,76527,0,0,0,0,0,0,0,0
"9984",613.49451,7.691,5041332,41778,29989,0,0,0,0,0,0
"9985",613.49451,7.889,2591429,0,5351,0,0,0,0,0,0
"9986",613.49451,8.038,178168,0,0,0,0,0,0,0,0
"9987",613.49487,7.54,2454424,11736,7141,0,0,0,0,0,0
"9988",614.2782,3.703,0,0,0,0,0,0,147297,142889,149608
"9989",614.27863,3.872,0,0,0,0,0,0,11504,38959,109304
"9990",614.30054,4.851,0,0,0,0,0,0,277420,292769,309306
"9991",614.44983,8.816,102046,0,0,0,0,0,3022,0,0
"9992",614.48706,9.322,1920136,1493378,1714702,1433751,1396336,2117187,1397478,2285049,2260131
"9993",614.48724,9.006,357754,399772,325133,201716,170119,379394,390015,427720,425639
"9994",614.81268,0.472,0,0,0,0,0,0,1759285,1748114,1282876
"9995",615.22314,4.759,0,0,0,0,0,0,139239,141400,131816
"9996",615.24927,4.601,0,0,0,0,0,0,53739,62807,61355
"9997",615.25098,4.488,0,0,0,0,0,0,69907,78146,83979
"9998",615.26013,10.135,0,0,0,0,0,0,966866,1236367,1237937
"9999",615.26062,10.422,0,0,0,0,0,0,118774,192024,99343
"10000",615.49188,9.272,228152,320662,225420,229607,192304,223465,263121,734647,763494
"10001",615.50934,8.05,398701,0,0,0,0,0,0,0,0
"10002",615.51031,7.399,534825,0,2281,0,0,0,0,0,0
"10003",616.25757,5.328,0,0,0,0,0,0,49488,50865,39920
"10004",616.29584,6.048,0,0,0,0,0,0,42053,50176,40188
"10005",616.34869,3.947,0,0,0,0,0,0,22855,21435,16003
"10006",616.34912,6.069,0,0,0,0,0,0,29059,26449,30159
"10007",616.35138,5.135,0,0,0,0,0,0,42124,48310,34895
"10008",616.43195,3.419,64899,3046,5496,0,0,0,0,0,0
"10009",616.44476,10.596,156265,0,0,0,2618,2100,0,6457,2198
"10010",616.45782,8.912,125623,138004,141065,140034,126718,121323,122512,131634,122560
"10011",616.46582,7.835,346449,118159,156766,100705,122420,109035,127600,145017,110499
"10012",616.46631,6.482,370065,344456,376352,305856,358571,299724,364765,367379,345490
"10013",616.48157,11.181,916660,1950,2149,2070,0,2025,14394,16062,8014
"10014",616.51263,7.509,105681,0,0,0,0,0,0,0,0
"10015",616.81195,0.472,2590,0,0,0,0,0,442328,410548,277323
"10016",617.15002,3.12,0,0,0,0,0,0,82919,91047,81700
"10017",617.15045,3.198,0,0,0,0,0,0,970926,973648,926348
"10018",617.16418,3.609,0,0,0,0,0,0,24305,29187,31582
"10019",617.16608,3.306,0,0,0,0,0,0,116852,122601,117715
"10020",617.17145,0.516,0,0,0,0,0,0,116676,119990,149012
"10021",617.24152,5.548,0,0,0,0,0,0,57492,77095,64567
"10022",617.27319,7.398,0,0,0,0,0,0,146123,150680,133200
"10023",617.33545,3.818,0,0,0,0,0,0,97213,111898,89904
"10024",617.34137,3.986,0,0,0,0,0,0,72979,75674,67868
"10025",617.34583,3.91,0,0,0,0,0,0,178202,208575,238008
"10026",617.34613,3.653,0,0,0,0,0,0,452105,441936,412618
"10027",617.38715,8.92,1421859,1585064,2609730,1442581,1578261,1479975,1954357,1665492,1557389
"10028",617.44043,8.598,116668,40572,52544,42238,43896,41325,76306,57224,55610
"10029",617.44427,11.238,243911,0,0,0,0,0,2439,0,0
"10030",617.5257,7.364,7772848,262474,291641,0,0,0,0,0,0
"10031",617.52576,7.145,4930844,192258,198193,0,0,0,0,0,0
"10032",617.52576,7.299,3660657,86853,113660,0,0,0,0,0,0
"10033",617.52582,8.12,4925838,41908,44215,0,0,0,0,0,0
"10034",617.52588,8.203,2401908,4310,15655,0,0,0,0,0,0
"10035",617.88959,8.888,913335,2053617,1913496,811067,704255,728641,816226,924743,830598
"10036",618.26227,3.021,0,0,0,0,0,0,41541,50051,46186
"10037",618.27795,3.521,0,0,0,0,0,0,176445,189997,157481
"10038",618.27863,3.757,0,0,0,0,0,0,101144,90865,95090
"10039",618.36761,6.461,0,0,0,0,0,0,69267,74120,55926
"10040",618.42688,9.261,84046,0,0,0,0,0,2566,0,0
"10041",618.435,9.954,1461737,20360,30486,0,0,0,11450,47857,34150
"10042",618.461,9.791,2462466,39353,11223,0,0,0,15930,70447,22771
"10043",618.90857,0.469,166921,32625,140339,26561,62477,46087,0,0,0
"10044",619.16675,2.308,0,0,0,0,0,0,40582,34935,29666
"10045",619.18127,3.352,0,0,0,0,0,0,42393,41945,38453
"10046",619.19611,3.231,0,0,0,0,0,0,101669,96065,89908
"10047",619.20587,0.544,0,0,0,0,0,0,321165,172529,312708
"10048",619.26746,5.951,0,0,0,0,0,0,67568,41772,18641
"10049",619.31244,10.737,42783,48837,36608,42852,58519,25072,72551,70274,36255
"10050",619.32513,3.16,0,0,0,0,0,0,63285,52582,91116
"10051",619.35187,4.851,0,0,0,0,0,0,131138,151074,132113
"10052",619.42566,8.643,143389,0,0,0,0,0,0,0,0
"10053",619.4693,6.342,82745,0,0,0,0,0,0,0,0
"10054",619.46948,6.256,103073,0,0,0,0,0,0,0,0
"10055",619.48285,5.367,82002,2096,4684,0,0,0,0,0,0
"10056",619.48297,5.459,201875,2096,4684,0,0,0,0,0,0
"10057",620.36609,7.003,0,0,0,0,0,0,410452,410545,405506
"10058",620.36646,7.123,0,0,0,0,0,0,1048244,1079030,1019692
"10059",620.36719,6.519,160202,158785,164275,134238,131891,146474,184379,193750,176691
"10060",620.3797,4.421,0,0,0,0,0,0,13047,21421,29227
"10061",620.38123,4.874,0,0,1437,0,0,0,335048,357647,353005
"10062",620.40204,3.152,83348,6419,5687,0,0,0,0,1532,0
"10063",620.44049,8.009,121773,121915,105804,125112,116125,111503,149163,135137,143945
"10064",621.27344,10.234,0,0,0,0,0,0,18867,25196,7769
"10065",621.36511,4.14,0,0,0,0,0,0,224946,268385,220634
"10066",621.36554,4.419,0,0,0,0,0,0,3543700,3697014,3599556
"10067",621.36597,3.785,0,0,1723,1649,1612,0,434907,459889,451769
"10068",621.36646,5.064,0,0,0,0,0,0,33356,33864,30859
"10069",621.37262,3.593,64368,59657,59571,59509,48457,56427,101699,89143,104054
"10070",621.38696,3.419,229716,33397,38576,0,0,0,3068,5979,4014
"10071",621.48285,6.584,98741,0,0,0,0,0,0,0,0
"10072",621.87793,0.468,75336,11968,52163,19926,33100,26495,0,0,0
"10073",622.21082,0.536,0,0,0,0,0,0,1171107,1519557,1529299
"10074",622.36676,3.135,138463,115261,113125,102685,110586,113066,114388,118276,119389
"10075",622.38177,7.492,0,0,0,0,0,0,92728,116192,89777
"10076",622.38287,7.617,0,0,0,0,0,0,224253,216551,197029
"10077",622.39795,5.644,0,0,0,0,0,0,578001,644852,621122
"10078",622.79962,0.472,0,0,0,0,0,0,76580,45382,10588
"10079",622.84247,11.644,127787,67815,178502,189161,189033,173256,308945,230494,214524
"10080",623.19305,3.781,0,0,0,0,0,0,158063,177645,178373
"10081",623.21167,5.966,0,0,0,0,0,0,225139,203769,152384
"10082",623.21539,5.264,2724,0,0,0,0,0,149644,149076,122401
"10083",623.2337,3.521,0,0,0,0,0,0,30453,50273,38175
"10084",623.23602,3.594,0,0,0,0,0,0,44326,39881,42446
"10085",623.24951,7.857,0,0,0,0,0,0,170247,174320,141647
"10086",623.25067,10.134,0,0,0,0,0,0,38732,44366,37590
"10087",623.38922,6.657,32600,44361,32613,39116,34547,39093,51954,49496,40860
"10088",623.39197,6.753,115262,116373,124487,113902,144056,128468,162976,134687,136178
"10089",623.40277,9.207,0,0,0,0,0,0,37416,36581,19324
"10090",623.45532,10.603,446815,429527,559428,487502,443147,391594,540351,515280,444464
"10091",623.50201,8.942,261490,3393,0,0,0,0,0,0,0
"10092",623.50336,9.035,469614,3393,0,0,0,0,0,0,0
"10093",624.2356,0.573,0,0,0,0,0,0,640066,673741,667490
"10094",624.23694,0.805,0,0,0,0,0,0,84574,93264,67134
"10095",624.26868,3.903,0,0,0,0,0,0,302135,312085,186018
"10096",624.28632,3.064,0,0,0,0,0,0,320305,370815,303212
"10097",624.28668,3.14,0,0,0,0,0,0,304912,335900,290478
"10098",624.36334,4.886,78927,0,0,0,0,0,0,0,1720
"10099",624.38306,2.94,40477,17395,42639,27059,27886,42394,23371,46873,33710
"10100",624.4469,8.979,121761,0,0,2845,3410,0,0,2465,3949
"10101",624.76837,0.468,0,0,0,0,0,0,24783,82749,79493
"10102",625.14148,2.172,0,0,0,0,0,0,46088,57341,53593
"10103",625.14191,2.964,0,0,0,0,0,0,24894,26636,22093
"10104",625.17902,3.25,0,0,0,0,0,0,408756,424103,385709
"10105",625.26697,10.133,0,0,0,0,0,0,67195,98035,104783
"10106",625.26794,9.799,0,0,0,0,0,0,577709,769093,709179
"10107",625.30493,9.972,0,0,0,0,0,0,234196,300378,293147
"10108",625.32208,7.121,0,0,0,0,0,0,371960,380601,347315
"10109",625.323,7.003,0,0,0,0,0,0,95694,108943,103738
"10110",625.44293,10.364,909108,7950,8247,0,0,0,5277,17913,0
"10111",625.51672,9.593,282943,0,0,0,0,0,0,0,0
"10112",625.5174,8.655,818543,3426,10722,0,0,0,0,0,0
"10113",625.51837,9.886,326855,2953,0,0,0,0,0,0,0
"10114",625.51898,8.748,943532,13722,3948,0,0,0,0,0,0
"10115",625.51929,9.035,482444,0,0,0,0,0,0,0,0
"10116",626.17407,2.958,0,0,0,0,0,0,1198694,1145351,1092144
"10117",626.24646,3.18,0,0,0,0,0,0,115624,102751,111935
"10118",626.26471,5.203,0,0,0,0,0,0,129453,135952,137828
"10119",626.33344,4.719,0,0,0,0,0,0,28405,27088,17905
"10120",626.33472,4.176,0,0,0,0,0,0,58401,69529,61102
"10121",626.3457,3.511,0,0,0,0,0,0,1388724,1460290,1547255
"10122",626.34656,3.855,0,0,0,0,0,0,346922,373098,377717
"10123",626.41309,8.95,0,0,0,0,0,0,30190,33962,38778
"10124",626.43268,9.065,431667,0,3798,0,0,0,0,3436,0
"10125",626.48535,10.278,35504,28475,40854,41385,23398,27285,42829,79056,49774
"10126",626.48761,7.011,43924,46637,40394,49599,53126,42850,55376,39562,50224
"10127",627.15778,2.172,0,0,0,0,0,0,547148,541400,541524
"10128",627.24933,3.986,0,0,0,0,0,0,151466,165146,148717
"10129",627.24976,4.702,0,0,0,0,0,0,413811,493236,438082
"10130",627.33807,7.615,0,0,0,0,0,0,99911,99330,87447
"10131",627.33911,7.492,0,0,0,0,0,0,25430,32692,23090
"10132",627.35284,5.644,0,0,0,0,0,0,148289,163461,153825
"10133",627.47412,7.258,214605,0,0,0,0,0,0,0,0
"10134",627.47485,7.104,214742,0,0,0,0,0,0,0,0
"10135",627.53381,7.54,2168684,0,0,0,0,0,0,0,0
"10136",627.53406,7.473,527585,0,0,0,0,0,0,0,0
"10137",627.5343,7.638,378991,0,0,0,0,0,0,0,0
"10138",628.19733,11.008,397893,382936,392167,379741,425738,342407,424770,347276,350076
"10139",628.28015,5.009,0,0,0,0,0,0,101476,122407,117473
"10140",628.28052,5.245,0,0,0,0,0,0,1556590,1798721,1626148
"10141",628.28137,4.296,0,0,0,0,0,0,252836,288519,302102
"10142",628.3111,4.625,0,0,0,0,0,0,47277,57894,69316
"10143",628.38654,8.243,558516,473047,547635,481551,547203,551990,624721,566135,580751
"10144",628.50165,9.946,523798,509747,522146,483641,569208,552545,654822,605321,820435
"10145",628.50244,9.823,511464,665955,672978,472658,459985,669528,537247,662816,678497
"10146",628.50299,9.755,626896,412613,382501,502173,340356,347192,301407,454744,420025
"10147",628.86169,0.467,454643,270740,427426,222909,390154,291143,108307,82790,42540
"10148",629.1795,4.864,0,0,0,0,0,0,480339,529916,463393
"10149",629.18085,4.987,0,0,0,0,0,0,227501,244176,198655
"10150",629.18164,4.406,0,0,0,0,0,0,328273,302398,508083
"10151",629.1922,0.571,0,0,0,0,0,0,56469,168678,162163
"10152",629.19263,0.802,0,0,0,0,0,0,13566,40677,21143
"10153",629.20233,3.783,0,0,0,0,0,0,750513,824170,748085
"10154",629.20374,4.653,0,0,0,0,0,0,122585,133450,124302
"10155",629.23419,5.964,0,0,0,0,0,0,286468,270181,251597
"10156",629.23877,9.301,0,0,0,0,0,0,43703,51683,40624
"10157",629.27496,4.872,0,0,0,0,0,0,232203,242312,239153
"10158",629.27686,4.406,0,0,0,0,0,0,169862,158904,177708
"10159",629.46771,7.686,206575,0,0,0,0,0,0,0,0
"10160",629.46875,7.814,37948,0,0,0,0,0,0,0,0
"10161",629.48932,10.153,177818,0,0,0,0,0,0,0,0
"10162",630.27325,3.671,0,0,0,0,0,0,81740,79255,73979
"10163",630.27423,3.61,0,0,0,0,0,0,86062,110801,93285
"10164",630.29675,5.002,0,0,0,0,0,0,219990,234559,209113
"10165",630.48206,8.246,130168,14076,4641,5845,4288,3267,4638,11408,9719
"10166",630.48212,8.375,908402,84940,105261,64404,71719,56122,80517,76794,101665
"10167",630.49554,11.628,112719,0,0,1212,1141,0,0,0,0
"10168",630.78656,0.474,0,0,0,0,0,0,930413,1002884,848319
"10169",631.12891,2.958,0,0,0,0,0,0,466896,486349,419356
"10170",631.21912,2.168,0,0,0,0,0,0,47766,50639,51274
"10171",631.23389,10.135,0,0,0,0,0,0,70868,102150,100063
"10172",631.25555,9.723,0,0,0,0,0,0,107316,157752,125244
"10173",631.25562,9.928,0,0,0,0,0,0,207216,275280,275162
"10174",631.39502,7.985,1430984,1433645,1350503,1245848,1335219,1235511,1904104,1398144,1544567
"10175",631.47455,11.489,88994,390947,137692,89868,86064,90019,150990,161021,216960
"10176",631.505,7.54,5467660,9626,0,0,0,0,0,0,0
"10177",631.50537,7.135,1549173,3749,0,0,0,0,0,0,0
"10178",631.50543,7.638,4142231,9626,0,0,0,0,0,0,0
"10179",632.23993,4.408,0,0,0,0,0,0,223381,211877,222518
"10180",632.24902,4.862,0,0,0,0,0,0,695157,790566,762655
"10181",632.29108,5.163,0,0,0,0,0,0,90188,89477,79311
"10182",632.34192,4.902,0,0,0,0,0,0,96505,107483,94300
"10183",632.34387,5.555,0,0,0,0,0,0,27036,32611,22644
"10184",632.34607,5.055,0,0,0,0,0,0,76378,91092,62137
"10185",632.39496,8.197,324411,39998,39904,2907,0,3309,0,3256,0
"10186",632.44043,9.694,140781,0,0,0,0,0,0,3924,2918
"10187",632.4494,10.77,516098,4899,2398,2066,0,1927,2410,2438,0
"10188",632.47644,10.213,4189836,38879,54791,0,0,0,72131,113339,72851
"10189",633.12518,3.198,0,0,0,0,0,0,83995,88594,74430
"10190",633.14502,2.958,0,0,0,0,0,0,4804662,4763052,4432044
"10191",633.14575,2.354,0,0,0,0,0,0,63984,61748,62018
"10192",633.17334,5.261,0,0,0,0,0,0,103064,73470,64170
"10193",633.17786,5.96,0,0,0,0,0,0,89441,88371,118078
"10194",633.18201,2.561,0,0,0,0,0,0,57065,47226,40180
"10195",633.23547,5.243,0,0,0,0,0,0,138564,184987,130158
"10196",633.23688,4.294,0,0,0,0,0,0,75343,79518,80970
"10197",633.34088,3.16,0,0,0,0,0,0,118656,123767,119409
"10198",633.4115,7.221,0,0,0,0,0,0,24529,27487,15054
"10199",633.44037,9.505,911339,15548,15711,0,0,0,6095,6299,3792
"10200",633.5199,10.518,171494,1757,3082,2277,0,0,3291,0,0
"10201",633.52051,7.479,3348839,0,4744,0,0,0,0,0,0
"10202",633.52155,7.381,1278900,0,0,0,0,0,0,0,0
"10203",633.84161,0.468,146202,108681,135195,76943,117049,99148,33496,7613,0
"10204",634.30676,4.588,0,0,0,0,0,0,116991,133560,123837
"10205",634.30707,4.339,0,0,0,0,0,0,232590,248014,247739
"10206",634.36047,4.831,0,0,0,0,0,0,40673,46349,28899
"10207",634.36078,3.818,0,0,0,0,0,0,68655,69173,66143
"10208",634.36108,5.328,0,0,0,0,0,0,1578636,1778487,1593099
"10209",634.36127,5.135,0,0,0,0,0,0,10024672,10848795,9940388
"10210",634.36176,5.392,0,0,0,0,0,0,434248,468932,458094
"10211",634.36212,5.543,0,0,0,0,0,0,41283,71982,49383
"10212",634.45514,8.589,610137,632061,643611,684182,542961,605339,655709,684934,626667
"10213",634.45618,8.81,372574,87281,68673,100810,35255,63092,49783,127184,61053
"10214",634.79462,11.645,60223,0,0,0,62500,62801,83678,141102,105719
"10215",634.87848,11.64,121856,194275,264753,168955,378053,146266,308971,139019,228861
"10216",634.87915,0.468,5111112,2088796,4364612,1573954,3394883,2236868,464813,254783,90241
"10217",635.34393,3.727,0,0,0,0,0,0,65748,48548,53493
"10218",636.35602,4.492,0,0,0,0,0,0,135648,171068,170995
"10219",636.40118,4.293,171874,143416,157524,156018,152594,148175,155713,147120,171771
"10220",636.40259,10.787,291525,245840,285698,281063,162196,232896,206910,287376,248098
"10221",637.23193,0.538,0,0,0,0,0,0,256635,247853,242298
"10222",637.30743,9.753,563317,606175,634768,58050,38934,37289,1872325,1978912,1443668
"10223",637.39459,10.206,13693,25412,18023,26206,32766,35953,33774,53541,44471
"10224",638.18396,0.534,0,0,0,0,0,0,83258,155063,115979
"10225",638.34479,3.837,0,0,0,0,0,0,65225,52768,84883
"10226",638.38116,3.349,83715,87478,77671,83580,87322,85706,90675,88705,92839
"10227",638.39197,4.878,0,0,0,0,0,0,1907656,2245816,2026352
"10228",638.39215,4.141,0,0,0,0,0,0,35889,42009,41663
"10229",638.39215,4.419,0,0,0,0,0,0,2913100,3083622,2888438
"10230",638.39301,5.194,0,0,0,0,0,1521,188823,206237,202054
"10231",638.39331,3.787,0,0,0,0,0,0,63332,66514,59966
"10232",638.4422,11.239,0,0,0,0,0,0,0,43241,0
"10233",639.25702,7.397,0,0,0,0,0,0,62002,72823,37623
"10234",639.28345,10.589,0,0,0,0,0,0,30673,39347,16419
"10235",639.28375,10.197,0,0,0,0,0,0,501864,522819,285648
"10236",639.3158,5.39,0,0,1744,0,0,0,122728,128011,103903
"10237",639.31647,5.135,0,0,0,0,0,0,2021935,2239356,1837570
"10238",639.31659,5.328,0,0,0,0,0,0,316487,350607,299915
"10239",639.31665,4.831,0,0,0,0,0,0,30759,41461,31313
"10240",639.40027,8.898,1422288,1718060,1555472,1407420,1412749,2147787,1543882,1620143,1391131
"10241",639.45734,11.181,189185,0,0,0,1840,0,0,1106,0
"10242",639.46118,3.99,95055,37491,47645,0,0,0,0,0,0
"10243",639.49548,8.841,235013,0,0,0,0,0,0,0,0
"10244",639.49768,8.985,157195,0,0,0,0,0,0,0,0
"10245",639.95215,8.575,19560,23639,10830,21316,15271,10959,30938,24531,19181
"10246",640.26208,3.703,0,0,0,0,0,0,90960,69978,67123
"10247",640.26367,3.346,0,0,0,0,0,0,38521,53732,25331
"10248",640.26385,3.475,0,0,0,0,0,0,164927,160553,141922
"10249",640.40387,8.866,287453,365265,335168,701598,734243,290656,346170,398907,828958
"10250",640.44818,9.91,887113,5737,17285,0,0,0,0,3908,7744
"10251",640.44873,9.842,246934,5737,17285,0,0,0,0,3908,7744
"10252",640.46637,6.944,252895,261476,230938,231250,276484,266146,281397,242203,353076
"10253",640.50238,8.254,184292,147436,145937,120053,140548,154800,143223,174406,151487
"10254",640.53778,9.393,563359,665725,698412,417367,311123,661039,582145,611805,436319
"10255",640.59033,10.504,309316,976610,490775,495256,729729,847361,942442,1148427,673202
"10256",640.82172,0.47,0,0,0,0,0,2372,190327,147582,67083
"10257",641.17261,2.404,0,0,0,0,0,0,18884,22522,17589
"10258",641.19806,2.53,0,0,0,0,0,0,33899,33749,26408
"10259",641.22333,3.076,0,0,0,0,0,0,139995,120349,119229
"10260",641.25824,10.131,0,0,0,0,0,0,45115,72614,78649
"10261",641.29468,7.125,0,0,0,0,0,0,45637,37459,38593
"10262",641.4364,8.607,78442,0,0,0,0,0,0,0,0
"10263",641.513,8.936,449739,2753,0,0,0,0,0,0,0
"10264",642.29669,5.239,0,0,0,0,0,0,20954,26532,21777
"10265",642.34076,3.124,0,0,0,0,0,0,369510,418649,446816
"10266",642.5191,10.443,125249,102289,138817,148305,127628,110051,133050,193743,119691
"10267",642.86591,0.466,54023,6882,50647,8294,36169,20141,27938,0,0
"10268",643.15027,2.96,0,0,0,0,0,0,105273,105745,113334
"10269",643.31512,7.144,0,0,0,0,0,0,149120,142260,89051
"10270",643.31677,7.221,0,0,0,0,0,0,46791,39843,24231
"10271",643.32788,5.646,0,0,0,0,0,0,68044,67669,69758
"10272",643.34424,4.882,0,0,0,0,0,0,231030,274248,256435
"10273",643.34686,4.425,0,0,0,0,0,0,3086340,3083864,3185172
"10274",643.34753,4.301,0,0,0,0,0,0,140425,137281,132334
"10275",643.34851,4.56,0,0,0,0,0,0,110876,130507,126526
"10276",644.27509,3.986,0,0,0,0,0,0,263513,268462,263003
"10277",644.27692,4.697,0,0,0,0,0,0,246703,264932,238318
"10278",644.35834,3.3,0,0,0,0,0,0,77983,74154,64456
"10279",644.40009,9.221,115845,98696,106538,139159,128225,143422,107689,93062,85517
"10280",644.46027,8.332,103490,0,0,0,0,0,0,0,0
"10281",644.49774,8.903,1307622,604918,597767,476660,608169,465601,487372,429401,496052
"10282",644.49805,8.766,678172,707380,637344,640663,664739,662291,728406,703091,708262
"10283",645.17712,3.781,0,0,0,0,0,0,175992,183380,156513
"10284",645.18079,3.471,0,0,0,0,0,0,19909,23059,16688
"10285",645.29425,4.957,0,0,0,0,0,0,24994,34864,1553
"10286",645.37799,8.282,0,0,0,0,0,0,36077,30353,10431
"10287",645.40466,6.748,44521,65075,47051,60882,54791,43489,69454,46729,58376
"10288",645.4682,10.578,233102,226097,283443,248460,216690,205339,289075,283123,220799
"10289",645.4834,7.141,374419,0,0,0,0,0,0,0,0
"10290",645.48401,7.209,521441,0,0,0,0,0,0,0,0
"10291",645.48444,7.264,242062,0,0,0,0,0,0,0,0
"10292",645.48523,8.942,165262,4195,0,0,0,0,0,0,0
"10293",645.55469,8.191,110822,0,0,0,0,0,0,0,0
"10294",646.40869,8.524,608121,645709,582930,530522,580868,631467,660175,637470,614900
"10295",646.40979,8.661,181436,146770,151388,208147,242173,154450,153193,167573,234363
"10296",646.45514,10.097,241578,0,0,0,0,0,0,0,0
"10297",646.492,10.656,2283715,18758,17885,0,0,0,40902,42686,18714
"10298",646.76062,0.474,0,0,0,0,0,0,295706,369059,384517
"10299",647.10193,2.958,0,0,0,0,0,0,200736,205746,177077
"10300",647.16034,3.25,0,0,0,0,0,0,70035,65534,61546
"10301",647.25037,9.799,0,0,0,0,0,0,58856,78564,68213
"10302",647.26514,8.185,48450,113694,123112,125451,128019,128128,125948,111022,143089
"10303",647.45593,10.313,657865,9266,4383,2492,0,0,2523,26068,9909
"10304",647.45685,10.216,148677,9266,4383,2315,0,0,5301,7628,3108
"10305",647.50067,8.625,695398,15332,5663,0,0,0,0,0,0
"10306",647.50073,8.841,495457,14873,17628,0,0,0,0,0,0
"10307",647.50073,9.041,423437,3316,2993,0,0,0,0,0,0
"10308",647.50085,9.973,324784,0,0,0,0,0,0,0,0
"10309",647.5011,8.748,936157,14873,17628,0,0,0,0,0,0
"10310",647.90887,9.874,3464,29404,27383,25397,7785,36207,24929,42050,47902
"10311",648.21667,4.406,0,0,0,0,0,0,883963,853220,958354
"10312",648.21826,4.718,0,0,0,0,0,0,111134,128345,118108
"10313",648.24567,3.782,0,0,0,0,0,0,59397,79108,72613
"10314",648.33026,3.514,0,0,0,0,0,0,54932,71876,81237
"10315",648.34052,4.52,0,0,0,0,0,0,167437,176992,144482
"10316",648.38013,3.058,41335,55731,47560,50471,47400,54846,51446,49408,51136
"10317",648.3974,4.6,1734,0,0,0,0,0,90031,110842,94419
"10318",648.39801,4.921,0,0,0,0,0,0,110173,130078,123241
"10319",648.44647,9.023,269511,0,0,0,0,0,0,0,0
"10320",648.47125,9.287,1093633,19046,18442,0,0,0,24502,29074,11090
"10321",648.8067,0.469,0,0,0,0,0,0,152325,88984,26081
"10322",649.11853,2.956,0,0,0,0,0,0,497410,509458,461135
"10323",649.14154,2.174,0,0,0,0,0,0,84084,63591,76685
"10324",649.51434,5.534,125027,0,0,0,0,0,0,0,0
"10325",649.51569,5.391,55337,0,0,0,0,0,0,0,0
"10326",649.51581,7.473,4048896,0,0,0,0,0,0,0,0
"10327",649.51593,7.54,4898784,0,0,0,0,0,0,0,0
"10328",649.51617,7.644,1310961,0,0,0,0,0,0,0,0
"10329",650.30237,4,0,0,0,0,0,0,1346370,1319474,1279143
"10330",650.35583,4.384,0,0,0,0,0,0,4732,57831,63485
"10331",650.35596,3.891,0,0,0,0,0,0,107355,77999,80299
"10332",650.35614,4.285,0,0,0,0,0,0,5480868,5678042,5164678
"10333",650.35651,4.693,0,0,0,0,0,0,237544,236987,224722
"10334",650.39832,3.634,50460,54851,52390,50762,43370,44367,45307,52070,48825
"10335",650.85236,0.47,98213,56086,100418,40636,87950,56780,1067052,864805,342476
"10336",651.22296,7.023,0,0,0,0,0,0,22065,77182,59616
"10337",651.24927,0.534,0,0,0,0,0,0,246967,240492,152750
"10338",651.33362,4.59,0,0,0,0,0,0,236316,287034,243866
"10339",651.36371,8.525,79032,101042,64659,81931,70147,75603,98584,97707,92398
"10340",651.53003,6.449,64285,0,0,0,0,0,0,0,0
"10341",652.28101,4.526,0,0,0,0,0,0,63039,72998,60362
"10342",652.37067,4.969,0,0,0,0,0,0,103707,115996,117275
"10343",652.37329,3.833,0,0,0,0,0,0,326791,337398,214690
"10344",652.40814,4.417,0,1375,1414,1520,1283,0,144193,211977,185852
"10345",652.41376,3.194,521371,476966,460089,465159,458366,454866,511600,515481,549464
"10346",652.50165,10.428,84004,59806,72034,70872,72350,62086,70792,119357,74384
"10347",652.85205,0.468,0,0,6318,0,0,0,83194,76222,9112
"10348",653.23889,9.929,0,0,0,0,0,0,11828,22554,16333
"10349",653.40845,7.968,797283,779779,805861,957361,985177,793683,936330,837159,899137
"10350",654.21899,9.75,0,0,0,0,0,0,47509,0,0
"10351",654.23621,4.86,0,0,0,0,0,0,167958,148402,191320
"10352",654.25745,2.883,0,0,0,0,0,0,20319,26123,21343
"10353",654.33411,9.752,3645893,3830986,3839784,449508,287416,314089,11478629,11775389,8628314
"10354",654.38727,4.849,0,0,0,0,0,0,6433672,7225874,6701246
"10355",654.38739,3.891,0,0,0,0,0,0,655539,677873,640410
"10356",654.38763,4.035,0,0,0,0,0,0,461736,481459,447716
"10357",654.40936,4.87,235025,5426,4136,0,0,0,0,0,0
"10358",654.44794,9.749,3931,0,0,0,0,0,64679,66161,42350
"10359",654.46332,10.721,340841,2588,2247,0,0,0,0,0,0
"10360",654.51782,8.459,18697,24122,23674,16611,25326,25600,25472,35915,29816
"10361",655.17114,5.326,0,0,0,0,0,0,39598,55768,44196
"10362",655.29047,5.135,0,0,0,0,0,0,514923,583502,453312
"10363",655.29065,5.332,0,0,0,0,0,0,67227,76441,62307
"10364",655.30969,3.739,0,0,0,0,0,0,106864,100252,93114
"10365",655.31128,4.285,0,0,0,0,0,0,3335413,3407703,3018477
"10366",655.39539,7.227,0,0,0,0,0,0,20339,23335,18382
"10367",655.45343,9.461,571090,0,3126,0,0,0,2400,4264,0
"10368",655.82227,0.468,109496,58557,85676,30155,78209,54011,5872,12847,0
"10369",656.2002,0.583,0,0,2733,0,0,0,84093,98447,113856
"10370",656.25562,3.061,0,0,0,0,0,0,19008,29627,29325
"10371",656.40259,6.674,121828,95412,91357,85627,102321,95822,113767,86953,111304
"10372",656.40295,6.783,744793,775417,705964,694682,797436,716737,754195,681349,738872
"10373",656.53375,10.945,247504,234628,258904,244812,231090,217225,243548,212121,174168
"10374",656.79596,0.472,0,0,0,0,0,0,213625,146967,119788
"10375",657.25092,3.19,0,0,0,0,0,0,27482,34424,33582
"10376",657.25909,10.133,0,0,0,0,0,0,41659,66167,63363
"10377",657.32721,3.822,0,0,0,0,0,0,350727,400287,370617
"10378",658.41888,3.759,0,0,0,0,0,0,28238,27333,23935
"10379",658.47607,7.663,0,60742,58860,62271,40531,11712,66406,70408,65784
"10380",658.51367,9.293,1420415,1332453,914510,1203767,1166934,1239871,1269820,1383165,1405398
"10381",658.83936,0.466,0,0,0,0,0,0,54408,20448,11790
"10382",659.23749,4.252,0,0,0,0,0,0,102086,111159,95537
"10383",659.28912,9.751,587364,629941,600887,61718,33224,34639,1770103,1855279,1398025
"10384",659.31042,5.624,0,0,0,0,0,0,41005,42733,20141
"10385",659.32178,4.425,0,0,0,0,0,0,534651,535852,552592
"10386",659.34283,4.846,0,0,0,0,0,0,755228,856589,843576
"10387",659.3429,4.033,0,0,0,0,0,0,166215,196576,171907
"10388",659.34308,3.891,0,0,0,0,0,0,288964,300517,276225
"10389",660.18176,2.956,0,0,0,0,0,0,39307,25444,38863
"10390",660.47162,10.524,149002,1962,6599,4603,2563,2362,11259,2700,2031
"10391",660.49249,7.824,234374,30548,56957,26693,19798,27423,32605,39589,24552
"10392",660.50836,11.091,861849,22248,18651,5919,2464,6082,24430,24576,16760
"10393",661.19244,3.471,0,0,0,0,0,0,25464,33362,31052
"10394",661.26459,10.197,0,0,0,0,0,0,86069,78420,35532
"10395",661.41345,8.872,927499,1996700,1893182,1768626,1092006,1005792,1243399,1232815,1211429
"10396",661.46533,11.136,106493,0,0,0,0,0,2538,1293,0
"10397",661.46771,10.856,52072,27933,37154,56469,34791,44124,23008,43186,32688
"10398",661.55237,8.221,76241,0,0,0,0,0,0,0,0
"10399",662.33716,8.749,0,0,0,0,0,0,21419,24863,19053
"10400",662.37616,4.571,0,0,0,0,0,0,44869,46107,45141
"10401",662.3775,4.945,0,0,0,0,0,0,23308,34966,31080
"10402",662.45953,9.799,120599,4400,3847,0,0,0,2459,6810,0
"10403",662.46161,9.874,592630,8410,3847,0,0,0,2459,6810,0
"10404",662.48706,9.718,2082804,28583,40208,0,0,0,37750,44638,25449
"10405",662.73315,0.473,0,0,0,0,0,0,29160,64893,98947
"10406",663.37341,3.755,0,0,0,0,0,0,47333,41700,36631
"10407",663.45544,11.606,304375,217649,405309,20949,22689,1007523,913649,380675,850352
"10408",663.86017,0.466,68606,17262,46587,23662,27061,32731,0,0,0
"10409",664.07208,2.958,0,0,0,0,0,0,85826,85509,97744
"10410",664.1886,4.414,0,0,0,0,0,0,142647,77647,124439
"10411",664.21112,3.783,0,0,0,0,0,0,41721,52617,51897
"10412",664.39337,3.936,0,0,0,0,0,0,45512,41491,30924
"10413",664.39368,4.004,0,0,0,0,0,0,121050,118379,100300
"10414",664.4649,7.996,72830,50144,55672,43026,41438,52256,60752,52242,74615
"10415",664.78235,0.472,2471,0,0,0,0,0,64399,107074,32619
"10416",665.08063,2.959,0,0,0,0,0,0,92377,76001,75112
"10417",665.1347,2.958,0,0,0,0,0,0,79334,72765,63960
"10418",665.19922,5.328,0,0,0,0,0,0,96549,90742,84684
"10419",665.48932,7.528,153302,0,0,0,0,0,0,0,0
"10420",665.48969,7.467,127669,0,0,0,0,0,0,0,0
"10421",665.86145,0.467,106344,29358,71170,33950,67966,46504,0,0,0
"10422",666.22894,4.406,0,0,0,0,0,0,163433,179252,199531
"10423",666.24707,0.588,0,0,0,0,0,0,83117,38527,17272
"10424",666.24823,0.832,0,0,0,0,0,0,54152,69220,65862
"10425",666.29596,3.385,0,0,0,0,0,0,42101,44618,35367
"10426",666.34827,3.588,0,0,0,0,0,0,39672,36208,31059
"10427",666.3714,6.004,0,0,0,0,0,0,221777,232989,199478
"10428",666.39264,3.227,59074,50733,51887,53380,50450,45999,53685,50094,56604
"10429",666.4231,4.418,0,0,0,0,0,0,36711,45640,56367
"10430",666.55414,8.522,2540968,4832323,4785011,4058492,4188241,4644992,2580708,4717992,1672084
"10431",666.55743,11.611,107329,101885,127863,62882,78874,110327,118131,67980,59895
"10432",666.82623,0.47,0,0,0,0,0,0,1537409,1332360,685164
"10433",667.42395,10.392,0,0,0,0,0,0,0,91970,0
"10434",668.24152,2.497,0,0,0,0,0,0,42961,40993,34050
"10435",668.34949,9.752,144869,237872,259220,17416,9464,8568,889390,805993,684078
"10436",668.3667,3.737,0,0,0,0,0,0,1155307,822989,785648
"10437",668.36694,4.246,0,0,0,0,0,0,175976,205526,201147
"10438",668.40271,4.873,47413,0,0,0,0,0,67310,61010,89948
"10439",668.49713,4.367,67321,4835,3676,0,0,0,0,0,0
"10440",668.62115,9.7,546128,520814,559249,529397,217746,448384,251841,823840,549093
"10441",668.87311,0.468,776501,282732,648895,187112,436332,287145,0,0,0
"10442",669.41864,9.876,16143,23745,23708,30313,26329,35363,26002,44917,45089
"10443",669.46954,10.277,436944,0,0,0,0,0,0,7990,0
"10444",669.47131,10.165,126581,0,0,0,0,0,0,0,0
"10445",669.62543,9.823,213243,306621,314770,169003,88022,174148,95873,413859,181990
"10446",670.38196,4.158,0,0,0,0,0,0,218471,243027,214673
"10447",670.38232,3.727,0,0,0,0,0,0,4305188,4014676,3760912
"10448",670.45728,8.985,156191,0,0,0,0,0,0,0,0
"10449",670.4726,10.868,102813,93403,98078,90684,101172,96835,102450,93027,78939
"10450",671.16577,4.835,0,0,0,0,0,0,34190,37943,48278
"10451",671.16577,4.983,0,0,0,0,0,0,70858,69682,77789
"10452",671.16663,4.894,0,0,0,0,0,0,54440,66969,72262
"10453",671.16742,4.446,0,0,0,0,0,0,50178,53392,43832
"10454",671.28522,4.285,0,0,0,0,0,0,1292010,1300289,1207814
"10455",671.32477,6.002,0,0,0,0,1771,0,45411,22825,7310
"10456",672.28558,4,0,0,0,0,0,0,97224,88722,88859
"10457",672.39728,3.573,0,0,0,0,0,0,54385,55174,48497
"10458",672.41473,8.226,616659,530399,531061,429046,538711,538144,541964,542787,618692
"10459",672.41876,7.319,0,0,0,0,0,1810,46210,56790,37985
"10460",672.41949,7.524,0,0,0,0,0,0,286901,326362,270864
"10461",672.50116,11.56,158525,168213,157738,105651,162472,153484,177550,88326,151381
"10462",672.5285,9.919,281086,296113,421112,335163,275027,373652,342234,357176,371263
"10463",672.52924,9.79,397198,343981,348944,356391,324146,392385,309214,396517,382827
"10464",672.76965,0.47,0,0,2027,0,0,0,74689,90034,102235
"10465",673.25317,5.326,0,0,0,0,0,0,94183,117764,104393
"10466",673.26855,4.864,0,0,0,0,0,0,110490,167269,127674
"10467",673.32227,3.737,0,0,0,0,0,0,160248,148518,114166
"10468",673.32379,3.788,0,0,0,0,0,0,171476,161723,165344
"10469",674.50604,8.228,106428,4725,11735,0,3420,8668,6966,3011,2415
"10470",674.50818,6.95,312530,317026,170466,259565,142561,280015,324246,244583,286355
"10471",674.50842,8.352,728561,68696,36604,33542,39171,44547,61571,55637,59063
"10472",674.52094,11.554,243200,0,7892,2602,1706,3964,2979,2408,3214
"10473",674.81671,0.468,0,0,0,0,0,0,158048,125212,31114
"10474",675.17932,4.402,0,0,0,0,0,0,375983,202742,385008
"10475",675.26312,9.751,91265,150767,145368,11242,2373,3398,442442,448508,343432
"10476",675.31549,4.84,0,0,0,0,0,0,102675,119631,120573
"10477",675.31763,3.89,0,0,0,0,0,0,73110,79392,70007
"10478",675.33752,3.727,0,0,0,0,0,0,1904597,1736770,1658739
"10479",675.35925,5.378,0,0,0,0,0,0,71038,73000,70793
"10480",675.36578,4.471,0,0,0,0,0,0,127630,124520,160777
"10481",675.36633,4.977,0,0,0,0,0,0,168817,185068,163442
"10482",675.36804,4.921,0,0,0,0,0,0,71336,88562,106168
"10483",675.4212,7.952,444136,393029,507896,397419,408651,394099,496091,572125,486774
"10484",676.46613,9.625,107265,0,0,0,0,0,0,0,0
"10485",676.47662,10.677,241618,2847,4017,0,0,0,0,0,2387
"10486",676.50244,10.146,3556520,51673,76237,0,0,0,66428,103860,105538
"10487",676.78046,0.47,0,0,0,0,0,0,100539,132091,121176
"10488",676.86462,0.47,218619,123822,206269,100709,175997,127375,6244,0,0
"10489",677.35632,3.579,0,0,0,0,0,0,37774,36488,42128
"10490",677.37408,7.524,0,0,0,0,0,0,132420,130919,113303
"10491",677.37604,6.738,0,0,0,0,0,0,20319,21477,12848
"10492",677.46619,9.423,376687,0,0,0,0,0,0,3512,0
"10493",677.47888,11.585,137012,260784,186209,187721,247322,287838,204224,153156,250507
"10494",677.48083,11.069,191938,193015,227104,164130,183925,183396,209945,169342,179748
"10495",678.37183,3.958,0,0,0,0,0,0,97258,111654,96936
"10496",678.37225,4.108,0,0,0,0,0,0,322058,379731,321104
"10497",678.4809,8.567,500970,436422,442654,428264,438280,434695,540174,446013,445643
"10498",678.48285,8.748,320785,108902,62477,33948,51408,69497,33201,78977,58369
"10499",679.11987,3.196,0,0,0,0,0,0,47853,51253,50698
"10500",679.13715,2.956,0,0,0,0,0,0,41238,34857,41017
"10501",679.35645,3.346,0,0,0,0,0,0,25463,21746,18319
"10502",679.5144,3.491,162193376,12819120,12460564,27204,0,0,4740322,5495894,4460003
"10503",679.51526,4.091,787177,61370,68381,0,0,0,13143,18468,14135
"10504",679.63495,3.515,1140665,75623,74942,0,0,0,0,0,7209
"10505",680.06903,2.17,0,0,0,0,0,0,44923,37947,49133
"10506",680.26855,3.157,0,0,0,0,0,0,43803,48788,54266
"10507",680.38818,3.306,0,0,0,0,0,0,105297,98289,91863
"10508",680.42645,10.814,146908,125302,174129,158394,151600,136341,80892,140739,147841
"10509",680.42841,4.348,107255,105123,111605,97524,103395,101951,95136,109164,108915
"10510",680.48199,11.611,357809,971844,470376,32462,9741,1288663,1097264,478123,431461
"10511",680.53302,10.938,387352,386792,391082,349464,382975,319144,380139,341763,320393
"10512",681.19537,4.983,0,0,0,0,0,0,142332,142001,125795
"10513",681.19653,4.86,0,0,0,0,0,0,384755,409791,381143
"10514",681.39685,4.421,0,0,0,0,0,0,110316,117045,117099
"10515",681.75671,0.469,0,0,0,2342,2248,0,16571,31674,46654
"10516",682.18805,5.332,0,0,0,0,0,0,59247,57378,61233
"10517",682.22095,3.781,0,0,0,0,0,0,21349,37726,24980
"10518",682.3653,9.751,533128,757804,728727,76995,51381,46396,2056023,2105097,1601203
"10519",682.38171,4.388,0,0,0,0,0,0,467042,423897,201382
"10520",682.40271,3.2,0,0,0,0,0,0,185153,196839,196212
"10521",682.40741,3.427,48176,46235,52986,46684,48107,55743,56589,54767,58139
"10522",682.79956,0.47,0,0,0,1696,0,0,1355807,1280350,839313
"10523",683.32855,4.108,0,0,0,0,0,0,65856,69313,58222
"10524",683.42627,8.847,1371226,772880,750216,628391,750683,600233,949308,846666,828003
"10525",684.26428,3.595,0,0,0,0,0,0,54385,42381,49774
"10526",684.41846,4.95,126690,128165,132357,128079,132844,128384,126568,128431,154745
"10527",684.4328,3.682,0,0,0,0,0,0,60174,64412,56393
"10528",684.47437,9.829,343432,0,0,0,0,0,3555,0,3916
"10529",684.47644,9.749,90104,0,0,0,0,0,3555,0,3916
"10530",684.4917,6.946,162956,204452,176361,193696,198472,190853,208447,192025,207876
"10531",684.56445,9.307,385743,608746,360112,352229,272979,639897,656636,304507,691784
"10532",684.56598,7.746,160629,171459,158855,168308,167935,156626,187194,171173,158072
"10533",684.79993,0.472,0,0,0,0,0,0,293223,274505,214616
"10534",685.40997,10.556,27263,44312,46052,25944,46587,38258,51914,54381,49901
"10535",686.25732,3.285,0,0,0,0,0,0,32530,38644,31603
"10536",686.32239,4.303,0,0,0,0,0,0,95190,106048,98774
"10537",686.54407,10.414,92557,69296,86381,95979,80067,53460,103014,122176,79608
"10538",686.89648,0.468,124757,29351,103627,7388,72230,35956,0,0,0
"10539",687.29333,6.655,30257,43759,43625,41884,39069,47656,62843,62204,72695
"10540",687.33704,4.381,0,0,0,0,0,0,292118,246876,125808
"10541",687.35913,3.2,0,0,0,0,0,0,51054,50190,45442
"10542",688.271,2.946,0,0,0,0,0,0,70958,54794,53971
"10543",688.27448,2.804,0,0,0,0,0,0,32416,45874,30428
"10544",688.32013,3.346,0,0,0,0,0,0,25581,26684,28137
"10545",688.39178,4.142,0,0,0,0,0,0,22630,25276,17242
"10546",688.42517,9.207,183603,216631,222577,216600,151029,158092,203100,140841,219102
"10547",688.48413,8.32,69684,0,0,0,0,0,0,0,0
"10548",688.50116,10.931,119326,100785,153996,142756,127401,114212,132036,108053,115056
"10549",688.51801,9.531,120330,152297,151912,142449,116168,124296,119911,144310,122208
"10550",688.52325,8.88,895460,300977,332476,263830,259005,308166,358726,297154,285428
"10551",688.5238,8.746,425191,403725,394586,385172,395564,373409,444778,435912,430253
"10552",689.24268,4.983,0,0,0,0,0,0,124105,168174,151375
"10553",689.2428,4.862,0,0,0,0,0,0,677005,803012,703001
"10554",689.24365,4.402,0,0,0,0,0,0,243273,230457,283599
"10555",689.24475,4.05,0,0,0,0,0,0,24693,31268,31248
"10556",689.29797,4.313,0,0,0,0,0,0,27893,29732,16166
"10557",689.40149,10.392,0,0,0,0,0,0,0,121089,0
"10558",689.44751,11.069,124733,132159,120733,124903,130650,99490,126410,96832,114635
"10559",689.49243,10.527,36954,41508,39816,45371,26879,23635,53886,35892,51017
"10560",689.86523,0.469,65374,30242,38659,13216,24616,26563,0,0,0
"10561",690.48254,10.036,218182,0,0,0,0,0,0,0,0
"10562",690.50104,7.258,84181,17891,14208,8777,10003,13122,9704,8995,6404
"10563",690.51825,10.585,2016065,18268,32851,0,0,0,32960,48393,35062
"10564",690.78839,0.474,0,0,0,0,0,0,167476,156219,82353
"10565",691.10388,2.956,0,0,0,0,0,0,67232,63212,72642
"10566",691.17572,3.783,0,0,0,0,0,0,44195,70286,48452
"10567",691.31128,3.727,0,0,0,0,0,0,407270,337554,358052
"10568",691.31512,9.732,111203,24878,79976,0,0,0,34838,29551,0
"10569",691.4809,10.234,265705,0,0,0,0,0,0,0,0
"10570",692.26923,3.235,0,0,0,0,0,0,31698,23947,19418
"10571",692.40894,3.151,32287,32976,32241,32849,29695,32533,36699,34158,34441
"10572",692.47241,8.948,88497,0,0,0,0,0,2978,0,0
"10573",692.49738,9.221,854800,9140,5480,0,0,0,13962,17462,12891
"10574",692.76001,0.473,0,0,0,0,0,0,17387,54780,86482
"10575",692.83722,0.47,132173,88489,138343,76227,122047,88681,48855,21368,3992
"10576",693.27887,3.347,0,0,0,0,0,0,31252,31277,32348
"10577",693.27942,3.41,0,0,0,0,0,0,305473,306599,271012
"10578",693.45569,10.93,159566,152239,186191,164303,168719,149541,205576,153456,162739
"10579",694.26849,4.002,0,0,0,0,0,0,21707,25295,15069
"10580",694.36731,3.456,0,0,0,0,0,0,354571,379174,321579
"10581",694.40314,6.505,12071,0,0,0,0,0,54365,73915,54829
"10582",694.40332,6.742,0,0,0,0,0,0,2124687,2374917,1958744
"10583",694.40375,6.58,12071,0,0,0,0,0,332641,363741,299867
"10584",695.1145,2.958,0,0,0,0,0,0,339721,325691,330157
"10585",695.29572,3.287,0,0,1384,0,0,0,47583,54494,44155
"10586",696.24634,0.525,0,0,0,0,2130,0,182439,199462,191384
"10587",696.38281,3.346,1522,0,0,0,0,1540,516527,558883,501119
"10588",696.41986,7.21,0,0,0,0,0,0,240495,243933,197092
"10589",696.4411,3.28,249318,237259,224267,217431,217456,202708,235864,229482,239168
"10590",696.52979,10.4,80246,50751,75234,73363,52067,48685,62671,106737,63759
"10591",696.54102,3.513,4249423,323698,294603,0,0,0,86667,135302,104473
"10592",696.84796,0.467,318934,193499,294664,161325,255917,175105,31633,39302,4910
"10593",697.16608,4.988,0,0,0,0,0,0,35844,29616,29352
"10594",697.19098,3.781,0,0,0,0,0,0,90406,110749,78896
"10595",697.22107,5.273,0,0,0,0,0,0,35769,21538,71822
"10596",697.39227,4.846,0,0,0,0,0,0,40556,53845,65457
"10597",697.4339,7.937,203756,175814,232209,187299,216857,169132,223370,162512,269986
"10598",698.18182,4.892,0,0,0,0,0,0,96587,107793,95470
"10599",698.18298,4.835,0,0,0,0,0,0,52287,46920,58809
"10600",698.18561,4.447,0,0,0,0,0,0,53469,47824,77140
"10601",698.18835,4.38,0,0,0,0,0,0,39943,39098,38940
"10602",698.23193,2.009,0,0,0,0,0,0,56636,54464,37485
"10603",698.32123,7.729,311580,338413,323382,292412,297670,321134,297320,323357,342776
"10604",698.32269,10.187,18479,17556,31464,45053,21250,24313,43672,57887,53716
"10605",698.43622,4.914,163190,1742,0,0,0,0,0,0,0
"10606",698.49005,10.634,168938,0,2478,0,0,0,2939,0,0
"10607",698.50195,11.003,93489,84802,103783,67049,111240,46500,99469,83408,95123
"10608",698.54211,7.64,14564,27130,35556,40153,36928,26315,38904,37984,37845
"10609",698.77454,0.47,0,0,0,0,0,0,716802,840356,702496
"10610",699.32269,3.456,0,0,0,0,0,0,64593,72914,60516
"10611",699.35858,6.744,0,0,0,0,0,0,821753,821364,705041
"10612",699.35925,6.58,0,0,0,0,0,0,97869,111101,92424
"10613",699.46448,11.074,51723,50573,49845,63732,55580,44369,43909,29377,38216
"10614",699.4801,9.381,163347,0,0,0,0,0,0,0,0
"10615",700.23706,10.135,17260,14140,13357,123785,8469,18037,75517,64332,99526
"10616",700.27478,3.343,0,0,0,0,0,0,141845,141239,113211
"10617",700.28296,2.58,0,0,0,0,0,0,227626,223943,196045
"10618",700.31586,9.751,165905,173078,142969,3635,2383,0,443989,474509,346698
"10619",700.33905,4.498,0,0,0,0,0,0,103404,106852,102083
"10620",700.42834,6.784,737030,771782,668172,697012,724910,675985,834708,701888,694432
"10621",700.43085,6.675,101003,97708,102103,94718,91568,97812,112139,102886,108220
"10622",700.51721,5.959,0,0,0,0,0,0,11405,69545,63947
"10623",700.55933,10.918,268852,237307,291157,272242,250593,231041,357399,264732,248385
"10624",700.82971,0.469,0,3791,0,0,4371,1675,80437,35377,6568
"10625",701.28766,5.138,0,0,0,0,0,0,58601,64032,59166
"10626",701.3382,3.35,0,0,0,0,0,0,140649,160683,137179
"10627",701.37604,7.208,0,0,0,0,0,0,98606,94747,86052
"10628",701.49658,3.512,10523819,416046,417169,0,0,0,153274,169245,129718
"10629",702.2168,9.768,301187,366990,238131,346874,278130,345763,283758,241431,414802
"10630",702.2674,0.554,0,0,0,0,0,0,954934,1121743,1142293
"10631",702.29932,2.358,0,0,0,0,0,0,43007,41156,41346
"10632",702.53986,9.267,688590,546423,494316,635390,390762,481529,483360,751356,512899
"10633",702.86639,0.468,3969607,1587054,3415599,1121864,2559216,1660583,284179,128997,50336
"10634",703.27594,7.728,70588,94834,105035,107745,106000,109860,161293,150267,159738
"10635",703.31134,4.377,0,0,0,0,0,0,53258,46289,16813
"10636",704.20496,4.405,0,0,0,0,0,0,55554,37741,75026
"10637",704.21356,0.554,0,0,0,0,0,0,593246,864097,660701
"10638",704.26971,2.798,0,0,0,0,0,0,68905,74667,64130
"10639",704.31537,2.304,0,0,0,0,0,0,46397,40061,40158
"10640",704.38922,4.897,0,0,0,0,0,0,32904,47934,36687
"10641",704.49841,10.463,127185,2173,0,0,0,0,0,0,2469
"10642",704.51624,7.808,178047,14391,15186,13435,1904,8956,16753,4849,13910
"10643",704.51892,7.741,81714,14391,15186,13435,1904,1733,16753,4849,13910
"10644",704.53406,11.023,762670,5443,0,0,0,0,4093,6393,1924
"10645",705.10315,2.958,0,0,0,0,0,0,105720,102577,99307
"10646",705.2113,4.863,0,0,0,0,0,0,75692,98836,89012
"10647",705.21545,4.413,0,0,0,0,0,0,65921,54255,64853
"10648",705.23871,3.781,0,0,0,0,0,0,139042,184496,148119
"10649",705.23877,2.58,0,0,0,0,0,0,111977,94002,83671
"10650",705.31866,4.425,0,0,0,0,0,0,42140,22090,32021
"10651",705.43964,8.828,439656,851995,549575,419301,433367,818761,979594,849631,532928
"10652",706.48712,9.793,192876,3019,3232,0,0,0,0,0,0
"10653",706.51276,9.653,1676186,32271,37588,0,0,0,29767,43101,41516
"10654",707.21564,4.408,0,0,0,0,0,0,122934,133239,153093
"10655",707.21814,4.907,0,0,0,0,0,0,32507,116012,57037
"10656",707.22339,0.554,0,0,1926,0,0,0,7992098,8805718,7861764
"10657",707.29767,3.842,0,0,0,0,0,0,29612,34739,23240
"10658",707.30469,5.137,0,0,0,0,0,0,88928,78493,76977
"10659",707.39386,10.556,19369,19990,19685,24643,24213,17803,26259,29126,25183
"10660",707.75824,0.472,0,0,0,0,0,0,24969,23956,51204
"10661",708.21265,1.904,0,0,0,0,0,0,19561,35228,32921
"10662",708.51569,11.598,64568,44915,42446,0,1585,81963,113551,48194,69720
"10663",708.80902,0.468,0,0,0,0,0,0,191497,161358,32731
"10664",709.2663,2.304,0,0,0,0,0,0,39175,33157,35915
"10665",710.3963,9.747,0,4000,10146,0,0,0,25060,32906,8542
"10666",710.39783,5.312,0,0,0,0,0,0,169401,174813,178401
"10667",710.39789,5.373,0,0,0,0,0,0,177649,203963,191557
"10668",710.55994,3.506,110581,0,0,0,0,0,0,0,0
"10669",710.85547,0.467,55314,17402,29354,11260,41437,15794,14985,0,0
"10670",711.32556,3.691,0,0,0,0,0,0,207606,171262,182135
"10671",711.32593,3.91,0,0,0,0,0,0,68357,72935,61664
"10672",712.37708,3,0,0,0,0,0,0,71502,77164,70540
"10673",712.39325,4.425,0,0,0,0,0,0,73195,83046,81528
"10674",712.55957,8.885,101509,115226,104631,99473,100830,105206,144470,116906,132719
"10675",713.31506,3.079,0,0,0,0,0,0,17885,27241,35471
"10676",713.39032,3.731,0,0,0,0,0,0,42089,37245,30216
"10677",713.44391,9.829,15934,7555,36124,17392,28990,13705,24918,46595,14522
"10678",713.4942,10.197,156337,0,0,0,0,0,0,0,0
"10679",714.17737,3.777,0,0,0,0,0,0,39715,33206,49625
"10680",714.31824,4.511,0,0,0,0,0,0,73624,81936,75947
"10681",714.40771,4.714,0,0,0,0,0,0,16204,23304,15879
"10682",714.53607,10.234,5794,5039,6037,17553,3457,3086,10411,28417,19015
"10683",714.74597,0.474,0,0,0,0,0,0,269505,367049,387627
"10684",715.21191,0.548,0,0,0,0,0,0,136685,95816,0
"10685",715.33057,6.742,0,0,0,0,0,0,79864,76406,63328
"10686",715.35522,5.375,0,0,0,0,0,0,86284,97977,72698
"10687",716.2074,4.865,0,0,0,0,0,0,142221,138439,121113
"10688",716.25684,2.677,0,0,0,0,0,0,61351,61112,54934
"10689",716.33533,4.423,0,0,0,0,0,0,142278,138680,126199
"10690",716.44,8.206,505293,545043,486090,498986,519901,670859,625098,539782,684980
"10691",716.4873,8.044,79773,0,0,0,0,0,0,0,0
"10692",716.55499,9.755,275675,380534,140936,204529,155513,248665,198434,286693,252359
"10693",716.55573,9.892,145901,144450,193184,149384,149103,143407,116937,172767,205642
"10694",716.80035,0.469,1950,4399,0,0,0,0,144978,139735,38714
"10695",717.09698,2.956,0,0,0,0,0,0,110934,112965,101795
"10696",717.2818,4.285,0,0,0,0,0,0,36246,34532,28992
"10697",717.47107,3.511,794441,28640,16715,0,0,0,4540,3892,0
"10698",717.89868,5.96,0,0,0,0,0,0,44731,33946,16239
"10699",718.28387,3.04,0,0,0,0,0,0,136385,136707,142222
"10700",718.34857,4.287,0,0,0,0,0,0,194042,213615,204049
"10701",718.46649,9.226,742665,893028,862958,850903,859808,629148,986350,907361,919563
"10702",718.50012,8.05,147609,0,4243,0,0,0,0,0,0
"10703",718.50287,8.112,106805,0,4243,0,0,0,0,0,0
"10704",718.53455,8.329,545420,39689,48418,14303,18664,22153,30321,22684,23559
"10705",718.5506,11.467,223860,0,0,1139,2637,0,1740,3087,1645
"10706",718.84119,0.47,60309,31668,52443,18918,75020,43643,648149,411205,179115
"10707",719.25024,7.73,50939,128251,128272,146521,143623,141202,171876,185920,175274
"10708",719.44775,7.923,68300,80372,61357,81041,90792,69986,83716,66881,109302
"10709",720.44635,5.57,0,0,0,0,0,0,166018,166792,150827
"10710",720.49127,9.569,81920,0,0,0,0,0,0,0,0
"10711",720.50391,10.59,95500,0,0,0,0,0,0,0,0
"10712",720.52869,10.082,3072714,42657,53847,0,0,0,63083,89605,88575
"10713",721.30988,4.702,0,0,0,0,0,0,16851,27343,15213
"10714",721.33929,3.936,0,0,0,0,0,0,728209,835394,783309
"10715",721.33966,3.783,0,0,0,0,0,0,194874,206003,206215
"10716",721.49304,9.35,63967,0,0,2585,0,0,0,0,0
"10717",722.19391,1.846,0,0,0,0,0,0,405334,361476,334992
"10718",722.19482,1.675,0,0,0,0,0,0,380298,427660,402666
"10719",722.42615,6.659,52362,0,0,0,0,0,0,0,0
"10720",722.50769,8.543,296292,290278,324300,361824,292027,403776,315172,305295,312991
"10721",722.50879,8.693,220105,43559,61347,23262,33999,25917,69961,53117,20713
"10722",723.19165,0.554,0,0,0,0,0,0,771447,767257,697990
"10723",723.29895,4.285,0,0,0,0,0,0,66168,57352,57364
"10724",723.43457,5.964,5335,0,0,0,0,0,256380,314935,255580
"10725",723.80579,0.47,44027,17971,35713,12512,49540,18060,0,0,0
"10726",724.29187,5.137,0,0,0,0,0,0,48349,48190,40742
"10727",724.45398,4.401,53812,50664,61941,50609,52788,49029,59045,56684,48884
"10728",724.78021,0.47,0,2993,0,0,0,2780,272399,151486,57360
"10729",725.29736,3.731,0,0,0,0,0,0,35600,34657,39233
"10730",725.30444,3.523,0,0,0,0,0,0,63329,53748,46343
"10731",725.30585,3.404,0,0,0,0,0,0,45181,46123,38956
"10732",725.91418,5.964,0,0,0,0,0,0,885298,1074959,879143
"10733",726.22522,1.899,0,0,0,0,0,0,51199,72120,48720
"10734",727.14899,1.675,0,0,0,0,0,0,54672,63830,60496
"10735",727.17029,5.325,0,0,0,0,0,0,33314,27083,21786
"10736",727.27667,9.749,9302,17936,15152,0,0,0,60573,66461,36569
"10737",727.45184,8.798,239764,226608,263152,212029,402994,264503,250907,230958,254553
"10738",728.3913,5.962,0,0,0,0,0,0,1216501,1472601,1269550
"10739",728.44519,4.988,89371,87834,96514,89213,88985,83888,104000,99529,103876
"10740",728.50024,9.761,83709,0,0,0,0,0,0,0,0
"10741",728.5174,6.947,78199,92155,82786,88457,95476,66607,120953,95199,104399
"10742",728.59027,9.207,429708,283791,260656,341882,155285,463449,95140,541142,336915
"10743",728.87274,0.469,60660,0,18277,7289,13007,7938,0,0,0
"10744",729.16687,1.843,0,0,0,0,0,0,165733,200346,183963
"10745",730.29364,2.864,0,0,0,0,0,0,15128,24707,18975
"10746",730.31305,4.086,0,0,0,0,1255,0,265926,289778,240621
"10747",730.31335,3.914,0,0,0,0,0,0,57420,56929,47011
"10748",730.50903,11.177,51105,47158,47788,63585,47596,42040,61023,46473,60553
"10749",730.56891,10.39,51186,57993,51149,53153,46460,39738,54827,84884,54790
"10750",730.72162,0.472,0,0,0,0,0,2210,51354,92467,112745
"10751",731.18024,1.843,0,0,0,0,0,0,188525,282448,223935
"10752",732.32843,3.955,0,0,0,0,0,0,7528368,8202856,8014448
"10753",732.44916,9.184,253004,227817,315359,194051,224343,185554,244489,285548,328328
"10754",732.46204,3.955,0,0,0,0,0,0,27799,36687,37099
"10755",732.54974,8.721,275103,244474,257071,230469,221507,236327,298861,278001,267703
"10756",732.5498,7.407,31048,146082,118867,132264,113027,127207,156661,93078,163238
"10757",732.55011,8.854,692109,213179,242176,177362,198677,227243,231857,240777,225727
"10758",732.77094,0.468,0,0,0,0,0,0,93359,94413,43964
"10759",733.30127,3.7,0,0,0,0,0,0,73827,64773,55210
"10760",733.85071,0.468,110502,39214,63452,24503,58742,29112,0,0,0
"10761",733.90039,5.96,0,0,0,0,0,0,97977,64074,81340
"10762",734.32434,4.739,0,0,0,0,0,0,43513,47694,42427
"10763",734.50623,9.979,177042,0,0,0,0,0,0,0,0
"10764",734.52924,7.252,66079,0,0,0,4142,0,4276,0,0
"10765",734.54443,10.524,1850911,28089,31215,0,0,0,32604,43703,33036
"10766",734.81354,0.47,0,0,0,0,7323,0,1080807,835972,389451
"10767",735.51007,10.153,72322,0,0,0,0,0,0,0,0
"10768",736.32837,2.358,0,0,0,0,0,0,45088,59584,46724
"10769",736.35651,4.502,0,0,0,0,0,0,45237,47798,43888
"10770",736.37848,5.962,0,0,0,0,0,0,383849,494139,449512
"10771",736.52386,9.158,670518,11992,3180,0,0,0,12229,8272,8919
"10772",736.86023,0.467,611424,194360,507598,139421,336690,223258,0,0,0
"10773",737.26715,9.464,65902,107877,133845,124565,88127,137072,142855,107267,74553
"10774",737.28314,3.955,0,0,0,0,0,0,614700,670342,631212
"10775",737.33405,3.614,0,0,0,0,0,0,599074,598052,558396
"10776",737.37067,9.751,79590,109720,98182,0,0,0,270827,285235,206395
"10777",738.15283,0.554,0,0,0,0,0,0,1460598,1494807,1743434
"10778",738.19128,1.688,0,0,0,0,0,0,65872,80235,78577
"10779",738.22705,2.594,0,0,0,0,0,0,34667,41379,34446
"10780",738.31976,3.122,2146,0,0,0,0,0,68951,88936,82626
"10781",738.61218,11.059,2924199,3035815,3301720,3351422,3137636,2883542,3086324,2580214,2809585
"10782",740.2041,1.673,0,1591,0,0,0,0,78262,96092,75732
"10783",740.20654,1.845,0,1974,0,0,0,0,74841,109646,109982
"10784",740.46613,3.358,116867,109795,111787,110188,117442,113148,131293,120595,126980
"10785",740.55371,10.379,50353,33196,61668,42145,35855,31118,49366,63869,54007
"10786",740.75562,0.475,0,0,0,0,0,0,104721,115680,49144
"10787",741.27484,3.066,0,0,0,0,0,0,43143,37303,34460
"10788",742.32788,3.511,0,0,0,0,0,0,45833,57413,42165
"10789",742.46198,4.948,74489,0,0,0,0,0,0,0,0
"10790",742.79816,0.469,0,0,0,0,0,0,142398,114024,10402
"10791",743.16315,4.87,0,0,0,0,0,0,93006,99601,103764
"10792",743.16388,4.415,0,0,0,0,0,0,127986,52056,61608
"10793",743.16547,4.982,0,0,0,0,0,0,45812,39942,46354
"10794",743.29041,2.975,0,0,0,0,0,0,58794,46368,44360
"10795",743.32764,3.723,0,0,0,0,0,0,29397,25113,20079
"10796",744.26404,9.753,0,8835,10743,0,0,0,39626,51613,39505
"10797",744.45483,6.783,655937,551523,489840,524080,583690,596484,636935,515620,625022
"10798",744.45593,6.676,82196,80886,66294,72298,82172,74804,90727,84711,95125
"10799",744.58588,10.893,269144,240235,247320,231700,215758,244142,278393,204164,229166
"10800",746.23785,1.727,0,0,0,0,0,0,137280,145777,127507
"10801",746.30743,3.725,0,0,0,0,0,0,54842,54206,57568
"10802",746.30774,3.802,0,0,0,0,0,0,294896,319196,301564
"10803",746.56543,9.241,622168,357338,471073,278358,432059,272873,315395,473307,512193
"10804",748.18323,3.739,0,0,0,0,0,0,109243,120291,94866
"10805",748.28564,3.318,0,1336,0,1570,0,0,64821,71433,65191
"10806",748.32251,4.113,0,0,0,0,0,0,110488,119112,97467
"10807",748.32281,3.737,0,0,0,0,0,0,18826318,18675556,17120210
"10808",748.4624,3.737,0,0,0,0,0,0,119939,107032,99035
"10809",748.5238,10.4,89975,0,0,0,0,0,0,0,0
"10810",748.54749,7.79,120861,0,9419,2056,0,0,0,0,4721
"10811",748.55969,10.952,732496,2037,0,0,0,0,5348,2478,1911
"10812",748.74371,0.472,0,0,0,0,0,0,21389,10834,44081
"10813",749.18188,4.91,0,0,0,0,0,0,50190,37364,55905
"10814",749.30707,4.632,0,0,0,0,0,0,65669,68912,50789
"10815",749.46674,8.778,131615,139767,108294,123585,123026,108072,121798,114589,148439
"10816",750.3197,3.257,0,0,0,0,0,0,155093,171647,167334
"10817",750.32037,3.413,0,0,0,0,0,0,71852,76934,85296
"10818",750.53931,9.593,1299698,4037,16319,0,0,0,13739,24022,13961
"10819",750.78668,0.47,0,0,0,0,0,0,1103657,975922,584565
"10820",751.14539,1.843,0,0,0,0,0,0,44845,70092,50763
"10821",751.4278,5.047,0,0,0,0,0,0,48301,56916,47813
"10822",753.12311,4.984,0,0,0,0,0,0,43151,38425,31761
"10823",753.25488,3.955,0,0,0,0,0,0,64967,72169,77231
"10824",753.27802,3.737,0,0,0,0,0,0,1326714,1347594,1254651
"10825",753.32928,3.098,0,0,0,0,0,0,82984,76920,68999
"10826",754.34918,3.285,0,0,0,0,0,0,248594,278295,271236
"10827",754.36505,3.941,0,0,0,0,0,0,15197,34108,20057
"10828",754.88318,0.465,92011,10102,49587,9810,53120,28686,0,0,0
"10829",755.31689,3.677,0,0,0,0,0,0,76380,80919,61427
"10830",756.20032,1.671,0,0,0,0,0,0,142632,126957,127327
"10831",756.62152,8.406,122233,126003,135909,116123,121412,125686,146353,144677,145252
"10832",756.73291,0.467,0,0,0,0,0,0,7008,31245,29224
"10833",757.22046,2.264,0,1408,0,0,0,0,549157,545651,522082
"10834",757.22089,2.346,0,0,0,0,0,0,4089952,4281304,4158301
"10835",757.85406,0.466,36522,27432,56302,5469,34121,28506,0,0,0
"10836",758.28864,2.971,0,0,0,0,0,0,46011,42352,43957
"10837",759.26508,3.955,0,0,0,0,0,0,147537,161171,145162
"10838",759.77496,0.47,0,1970,0,0,0,0,76488,91558,30767
"10839",760.13794,0.56,0,0,0,0,0,0,272031,71913,184553
"10840",760.30566,2.724,0,0,0,0,0,0,19388,26916,18854
"10841",760.46503,8.187,626754,550425,543897,445719,519247,642318,587062,552824,670197
"10842",760.57404,10.126,61603,44646,81422,81651,68167,95413,37571,86148,136680
"10843",760.57996,9.718,239850,79952,119846,121227,108426,129676,84535,97907,137043
"10844",760.58069,9.87,68050,87091,71376,80593,66510,95906,58172,87659,99645
"10845",760.82471,0.468,111109,69353,107115,51924,96603,68685,18579,21676,0
"10846",762.38684,5.963,0,0,0,0,0,0,85265,161174,144089
"10847",762.56097,8.29,448956,19855,24095,6499,6396,8814,5116,10524,14103
"10848",762.57568,11.395,225805,0,0,0,1279,0,0,0,0
"10849",763.24475,2.958,0,0,0,0,0,0,17124,21159,12829
"10850",763.51929,11.605,129497,335327,309519,2467,2031,407079,327259,155246,174591
"10851",764.31531,3.414,0,0,0,0,0,0,85147,76753,89870
"10852",764.31641,3.573,0,0,0,0,0,0,221623,203942,203508
"10853",764.31915,3.328,0,0,1413,0,0,0,133350,160105,132661
"10854",764.55493,10.027,2848399,33251,61790,0,0,0,49649,66444,76212
"10855",764.83746,0.471,254826,133372,219050,111706,198676,138883,8255,27286,0
"10856",765.4082,5.097,0,0,0,0,0,0,84511,95498,87282
"10857",765.40833,3.953,0,0,0,0,0,0,37629,44158,27818
"10858",766.53314,8.643,184179,35145,36571,45199,13336,75341,63764,27948,21583
"10859",766.53333,8.525,211520,191742,217122,200123,196135,202376,224680,197319,229213
"10860",766.76123,0.47,0,0,0,0,0,0,743376,764566,560910
"10861",767.34381,6.742,0,0,0,0,0,0,50504,52805,38496
"10862",767.42279,5.206,0,0,0,0,0,0,150515,170634,177103
"10863",768.3288,3.072,0,0,0,0,0,0,22025,26563,29427
"10864",768.45544,5.732,0,0,0,0,0,0,173724,170284,175314
"10865",769.19788,0.56,0,0,0,0,0,0,68639,0,177140
"10866",769.2489,3.737,0,0,0,0,0,0,270845,281599,255656
"10867",769.27045,3.566,0,0,0,0,0,0,458267,449680,432660
"10868",769.81989,0.469,90679,66449,87117,40475,84586,66409,16293,0,0
"10869",770.34412,3.299,0,0,0,0,0,0,133639,142515,135710
"10870",770.34424,3.24,0,0,0,0,0,0,179038,180003,168213
"10871",770.85388,0.466,2720710,1024980,2212453,752226,1807990,1199750,108741,34833,12650
"10872",770.87573,5.966,0,0,0,0,0,0,74428,107093,80407
"10873",771.19965,2.17,0,0,0,0,1429,0,147424,147600,132288
"10874",771.37988,5.963,0,0,0,0,0,0,72491,93078,86611
"10875",771.98328,8.754,55230,67322,27649,42826,27440,40723,50096,74701,39174
"10876",772.43427,4.192,0,0,0,0,0,0,34900,31703,32255
"10877",772.47083,5.026,48959,49882,50644,40914,45724,54068,53160,51451,56899
"10878",772.48676,4.318,0,0,0,0,0,0,67641,73847,72028
"10879",772.61578,9.114,99188,347206,404675,320546,301679,241632,286010,141860,133961
"10880",773.06671,2.166,0,0,0,0,0,0,87592,132664,126277
"10881",773.21539,2.168,0,0,0,0,0,0,25762736,26489766,26057918
"10882",773.21741,2.578,0,0,0,0,0,0,60511,60818,49491
"10883",773.3302,2.167,0,0,0,0,0,0,99621,151571,147630
"10884",773.33398,4.807,0,0,0,0,0,0,36865,40689,38774
"10885",773.36053,2.169,0,0,0,0,0,0,165021,183993,177980
"10886",773.41254,5.734,0,0,0,0,0,0,36757,41585,43864
"10887",774.27808,2.17,0,0,0,0,0,0,13844,52331,34072
"10888",774.59595,10.362,31750,18546,31247,16012,21270,23139,29794,47718,18031
"10889",774.74811,0.473,0,0,0,0,0,0,66389,53934,49190
"10890",775.24194,3.955,0,0,0,1337,0,0,36864,44529,34493
"10891",775.25745,3.737,0,0,0,0,0,0,310099,339267,312993
"10892",775.28937,5.137,0,0,0,1453,0,0,18798,26420,27424
"10893",776.23334,9.999,23436,102329,26705,161999,75293,117832,109109,172872,123175
"10894",776.47467,9.16,229290,401635,300211,375436,335838,290927,278272,366923,238238
"10895",776.57416,8.696,201998,142207,142398,132568,145921,131035,143125,142858,161855
"10896",776.57568,8.83,471368,139829,119015,123345,101931,124954,151136,134440,172762
"10897",776.80182,0.468,17494,5261,0,0,0,0,122115,114493,29366
"10898",777.31482,3.723,0,0,0,0,0,0,179037,159962,150070
"10899",777.43451,6.64,0,0,0,0,0,1503,30532,34495,27059
"10900",777.4408,4.306,0,0,0,0,0,0,46367,42609,45393
"10901",778.36011,3.91,0,0,0,0,0,0,570588,661492,645176
"10902",778.36139,3.745,0,0,0,0,0,0,44062,42895,66550
"10903",778.36163,4.287,0,0,0,0,0,0,53281,60318,39760
"10904",778.5343,9.929,121796,0,0,0,0,0,0,0,0
"10905",778.5708,10.459,1662099,13872,23927,0,0,0,16076,42828,17220
"10906",779.20251,2.344,0,0,0,0,0,0,898995,917426,854730
"10907",779.20282,2.264,0,0,0,0,0,0,112189,109927,113611
"10908",779.31641,4.524,0,0,0,0,0,0,24856,30143,24471
"10909",779.39935,3.272,0,0,0,0,0,0,23676,30762,29968
"10910",780.33203,3.109,0,0,0,0,0,0,27045,27134,24726
"10911",780.33325,3.213,0,0,0,0,0,0,50525,55802,48843
"10912",780.44312,4.265,0,0,0,0,0,0,59877,72313,68243
"10913",780.55011,9.104,499534,0,0,0,0,0,0,3700,0
"10914",780.80731,0.469,56379,52317,67464,51501,50701,43475,63735,27938,15305
"10915",782.43237,5.377,0,0,0,0,0,0,48726,52152,49529
"10916",782.73584,0.472,0,0,0,0,0,0,275600,367365,345866
"10917",783.31061,3.421,0,0,0,0,0,0,69881,76093,56882
"10918",783.41736,3.606,0,0,0,0,0,0,45707,45867,38255
"10919",783.41833,3.788,0,0,0,0,0,0,1734257,1808288,1637417
"10920",783.41888,4.747,1472,0,0,0,0,0,31226,36770,29740
"10921",783.41907,4.139,0,0,0,0,0,0,221975,236530,206312
"10922",783.57764,11.287,19664,29559,22766,27915,27715,22715,15812,23817,19572
"10923",784.44904,4.886,0,0,0,0,0,0,109220,107680,96434
"10924",784.44983,4.965,0,0,0,0,0,0,200595,224634,229036
"10925",784.44983,5.206,0,0,0,0,0,0,7074005,7784036,7530317
"10926",784.44995,4.548,0,0,0,0,0,0,211022,239519,229376
"10927",784.49121,3.429,64428,57786,59272,54781,62901,56921,60438,61299,64827
"10928",784.57983,10.356,12326,7938,13025,25140,19877,16368,16709,20850,28614
"10929",784.6012,5.2,0,0,0,0,0,0,33850,20339,33685
"10930",784.61517,9.485,56188,69743,88977,69356,59042,74229,78269,84649,69823
"10931",784.78619,0.469,2144,3654,0,6712,3326,0,85313,64194,0
"10932",785.21515,3.743,0,0,0,0,0,0,20259,20854,21603
"10933",785.24792,3.567,0,0,0,0,0,0,44093,51436,62777
"10934",785.78461,0.469,0,7489,0,0,0,3924,104412,28517,0
"10935",786.82874,0.467,47006,28191,25172,18904,39960,28599,450660,231602,105126
"10936",787.23175,2.404,0,0,0,1513,0,0,192023,193986,180029
"10937",788.2265,2.17,0,0,0,0,0,0,1184989,1151251,1125227
"10938",788.39819,3.138,0,0,0,0,0,0,71653,74631,85902
"10939",788.4776,6.676,56654,61039,78546,58913,59905,54397,75534,72077,67412
"10940",788.48059,6.783,441439,359249,369187,337829,358827,353518,458990,431126,419401
"10941",788.48083,3.824,0,0,0,0,0,0,143909,151387,148238
"10942",788.48145,3.737,0,0,0,0,0,0,48110,40699,47189
"10943",788.48206,3.593,0,0,0,0,0,0,76811,79012,39753
"10944",788.48248,4.108,0,0,0,0,0,0,182298,221233,168371
"10945",788.61017,10.868,222972,195262,244321,209755,231564,200944,232990,201213,177730
"10946",789.36145,7.029,0,0,0,0,0,0,66390,111004,93948
"10947",789.40485,5.206,0,0,0,0,0,0,942758,1049061,962941
"10948",789.40509,4.963,0,0,0,0,0,0,46301,50760,46732
"10949",789.40582,4.548,0,0,0,0,0,0,120462,135256,134607
"10950",789.75671,0.468,0,0,0,0,3321,0,16805,31417,6923
"10951",790.38049,6.001,200784,166793,246092,231514,247018,194023,179910,124339,152275
"10952",790.52454,9.845,658850,740467,745711,710415,640013,809559,624496,845404,894126
"10953",790.59113,9.212,446290,181840,321451,279650,164210,272578,310387,216362,203919
"10954",791.20428,2.555,0,0,0,0,0,0,24769,25246,36677
"10955",791.23322,3.737,0,0,0,0,0,0,113853,103643,102741
"10956",791.41632,5.568,0,0,0,0,0,0,115135,131160,132310
"10957",792.18866,2.168,0,0,0,0,0,0,82727,87927,74913
"10958",792.54822,10.344,84986,0,0,0,0,0,0,0,0
"10959",792.58649,10.887,691276,0,2215,0,0,0,0,0,0
"10960",792.59979,4.189,250947,30527,29857,0,0,0,3078,1748,0
"10961",792.76892,0.469,0,0,0,0,0,0,174691,130363,63891
"10962",793.43683,4.106,0,0,0,0,0,0,48142,43264,37485
"10963",793.43756,3.822,0,0,0,0,0,0,34527,51172,36477
"10964",793.43829,3.587,0,0,0,0,0,0,65283,60783,60154
"10965",793.44067,3.729,0,0,0,0,0,0,40685,22062,34913
"10966",794.18506,2.17,0,0,0,0,0,0,123611,122020,112892
"10967",794.27283,3.953,0,0,0,0,0,0,33500,31871,36687
"10968",794.35352,3.601,0,0,0,0,0,0,156083,149058,110190
"10969",794.35663,3.44,0,0,0,0,0,0,53168,55615,46610
"10970",794.56519,9.537,1003076,22957,13628,0,0,0,3096,19628,13635
"10971",795.17627,2.344,0,0,0,0,0,0,88724,108318,89977
"10972",795.19714,2.168,0,0,0,0,0,0,4386881,4701268,4445244
"10973",795.33636,6.004,105612,66109,126511,140444,126889,105678,106392,73138,86915
"10974",796.4129,4.869,0,0,0,0,0,0,48873,50670,65297
"10975",796.41394,4.706,0,0,0,0,0,0,406560,488711,418448
"10976",796.85583,0.468,61180,0,50205,0,11535,5778,0,0,0
"10977",798.46442,5.204,0,0,0,0,0,0,28614,31689,25912
"10978",798.591,11.269,21401,27124,30845,25082,26153,34045,25754,28392,18896
"10979",798.70453,0.47,0,0,0,0,0,0,64749,133054,145331
"10980",799.20673,9.751,11644,4023,10115,0,0,0,42339,42165,34121
"10981",799.28143,3.616,0,0,0,0,0,0,47728,48492,46941
"10982",800.34222,3.909,0,0,0,0,0,0,29966,34140,20891
"10983",800.44513,4.142,0,0,0,0,0,0,10298175,11510974,10550541
"10984",800.44525,3.953,0,0,0,0,0,0,1304355,1387748,1374934
"10985",800.44531,3.788,0,0,0,0,0,0,6104792,6211090,5755689
"10986",800.44531,4.821,0,0,0,0,0,0,314795,350196,317754
"10987",800.44574,4.56,0,0,0,0,0,0,315581,366524,341930
"10988",800.50256,4.134,0,0,0,0,0,0,0,20313,0
"10989",800.59985,4.139,0,0,0,0,0,0,46543,50277,24334
"10990",801.36865,4.706,0,0,0,0,0,0,94004,80751,75583
"10991",802.80292,0.47,0,0,0,0,0,0,613920,495190,198952
"10992",803.31677,4.681,0,0,0,0,0,0,24498,26219,14194
"10993",803.31793,5.31,0,0,0,0,0,0,83984,95685,86545
"10994",803.54492,11.269,78820,93369,79088,72092,88686,87096,66127,75998,58467
"10995",804.21631,2.17,0,0,0,0,0,0,29109,30418,42495
"10996",804.47949,3.843,0,0,0,0,0,0,48113,47183,47518
"10997",804.49182,8.168,556817,567697,609346,583961,573331,516749,642849,598509,534795
"10998",804.60876,9.74,163347,59369,12245,28033,51785,18999,42602,78191,68521
"10999",804.8479,0.467,510068,116037,363369,101963,267722,151205,0,0,0
"11000",805.30804,3.988,0,0,0,0,0,0,36975,58404,30937
"11001",805.37799,5.206,0,0,0,0,0,0,171514,193853,174704
"11002",805.38684,4.554,0,0,0,0,0,0,32365,52981,44177
"11003",805.39978,4.821,0,0,0,0,0,0,41879,41191,33783
"11004",805.39978,3.953,0,0,0,0,0,0,580600,566874,607666
"11005",805.40002,4.14,0,0,0,0,0,0,2154690,2275836,2098640
"11006",805.40027,3.788,0,0,0,0,0,0,5450952,5399786,4923154
"11007",806.58655,8.272,252473,6097,5597,2396,2528,3280,3094,0,0
"11008",806.60095,11.32,208102,0,0,0,0,0,0,0,0
"11009",807.3468,4.178,0,0,0,0,0,0,113442,147752,38915
"11010",808.58112,9.968,2473156,48076,51361,0,0,0,31407,52116,39307
"11011",808.74139,0.47,0,0,0,0,0,0,88258,83864,83152
"11012",809.15735,2.17,0,0,0,0,0,0,98989,102714,92538
"11013",809.21344,2.402,0,0,0,0,0,0,24649,28620,29444
"11014",810.133,2.346,0,0,0,0,0,0,17281,23301,17278
"11015",810.27026,3.741,0,0,0,0,0,0,34458,45311,32174
"11016",810.56091,8.499,113564,147940,169250,125653,120650,139014,147271,184925,179772
"11017",810.6701,10.932,1724378,1137009,1039514,1836088,1691218,739874,765951,1345932,1534932
"11018",811.17126,2.168,0,0,0,0,0,0,524332,565531,535345
"11019",811.31238,6.002,509896,429152,552876,580921,587126,502470,386086,279322,358763
"11020",811.44147,5.395,0,0,0,0,0,0,158304,129053,68461
"11021",812.35486,3.523,0,0,0,0,0,0,72155,69505,65727
"11022",812.40845,3.869,0,0,0,0,0,0,153116,151192,120672
"11023",812.75507,0.469,0,0,0,0,0,0,73176,63516,62754
"11024",813.3186,3.385,0,0,0,0,0,0,30890,29670,20342
"11025",814.46155,3.783,0,0,0,0,0,0,26558,21460,13361
"11026",814.5163,10.411,0,0,0,0,0,0,28288,47264,10601
"11027",815.40875,3.248,0,0,0,0,0,0,100438,99277,93979
"11028",816.43964,3.785,0,0,0,0,0,0,406266,395779,366407
"11029",816.43988,4.484,0,0,0,0,0,0,1144121,1329966,1193478
"11030",816.44019,3.424,0,0,0,0,0,0,294834,300315,273917
"11031",816.44116,3.608,0,0,0,0,0,0,109795,139485,134935
"11032",816.44141,4.188,0,0,0,0,0,0,77135,64474,65931
"11033",816.4975,5.06,30696,28547,30312,24771,25793,26760,30669,32166,39414
"11034",816.64185,9.002,209824,165103,296317,277368,204933,395591,228081,323289,214599
"11035",817.73029,0.467,1864,0,0,0,0,0,43858,77710,31658
"11036",818.45654,4.352,0,0,0,0,0,0,48411,51618,48831
"11037",818.62128,10.33,14739,7915,11947,13252,6738,8280,19224,33488,12743
"11038",818.776,0.47,0,0,0,0,0,0,758958,648867,375636
"11039",819.47559,8.054,0,6026,27557,12807,12599,3143,29034,20596,7299
"11040",820.47101,3.296,0,0,0,0,0,0,74364,86865,72126
"11041",820.47388,3.118,0,0,0,0,0,0,79522,89647,80383
"11042",820.49969,9.132,386481,461335,423192,389041,297351,410631,333090,429877,422484
"11043",820.6001,8.668,102963,49621,28775,55432,37950,64309,75565,70215,40586
"11044",820.60193,8.805,333623,75145,59748,62420,69564,60911,87859,71892,79968
"11045",821.31934,3.824,0,0,0,0,0,0,370938,341749,320416
"11046",821.32269,3.934,0,0,0,0,0,0,89836,133619,96971
"11047",821.32471,3.669,0,0,0,0,0,0,59953,59118,67966
"11048",821.32562,4.065,0,0,0,0,0,0,134138,147112,137668
"11049",821.35901,4.722,0,0,0,0,0,0,124626,136844,82476
"11050",821.375,4.139,0,0,0,0,0,0,413761,428937,414139
"11051",821.37506,3.788,0,0,0,0,0,0,1351033,1247423,1284548
"11052",821.38824,3.954,0,0,0,0,0,0,87950,64515,91261
"11053",821.39539,4.484,0,0,0,0,0,0,139053,143336,141610
"11054",822.23059,2.168,0,0,0,0,0,0,51510,46744,49814
"11055",822.56067,9.874,97796,0,0,0,0,0,0,0,0
"11056",822.59686,10.399,1457403,10658,6307,0,0,0,16534,39245,6184
"11057",822.86218,0.467,64587,9722,56318,0,30838,13529,0,0,0
"11058",823.34186,4.35,0,0,0,0,0,0,84011,103664,94841
"11059",823.34332,3.4,0,0,0,0,0,0,60672,59032,48008
"11060",824.57623,9.047,379608,0,0,0,0,0,0,3739,0
"11061",824.64789,10.801,122056,77846,106203,103385,60185,60673,119222,89103,73634
"11062",826.12659,2.168,0,0,0,0,0,0,163401,166325,174337
"11063",828.42462,5.703,0,0,2073,0,0,0,69233,78014,80793
"11064",828.51727,3.498,8635,26698,25486,29679,28843,27230,17119,29888,27436
"11065",828.68091,9.053,91151,117736,92142,83420,80031,91622,108194,101379,98338
"11066",828.81073,0.47,66655,42432,75784,39712,85206,39222,8003,4737,0
"11067",830.41815,3.44,0,0,0,0,0,0,49365,42984,48323
"11068",830.41956,3.293,0,0,0,0,0,0,30812,30284,28386
"11069",830.73157,0.475,0,0,0,0,0,4102,49768,29842,16937
"11070",832.43402,3.876,0,0,0,0,0,0,20059,23864,24511
"11071",832.435,3.248,0,0,0,0,0,0,449541,479525,437865
"11072",832.43506,3.471,0,0,0,0,0,0,285823,320626,254235
"11073",832.50879,6.779,237435,203802,206820,212412,189357,221382,268426,246527,245064
"11074",832.50897,6.675,41511,43833,43643,37128,52646,43736,58449,61107,59276
"11075",832.63867,10.842,226710,220677,237614,204564,224594,179451,218379,216382,195614
"11076",832.82532,0.468,201752,89796,159815,77694,117773,106928,6662,0,0
"11077",833.1507,2.167,0,0,0,0,0,0,15240,43157,24255
"11078",833.32281,4.618,0,0,0,0,0,0,55506,61748,52081
"11079",834.32397,3.951,0,0,0,0,0,0,99510,133600,122021
"11080",834.4505,3.113,0,0,0,0,0,0,39489,34696,35552
"11081",834.45154,3.297,0,0,0,0,0,0,55420,56300,56143
"11082",834.61847,9.19,209896,65696,73889,86120,88222,133088,94333,99071,101097
"11083",834.74805,0.47,0,0,0,0,0,0,645211,598760,404839
"11084",835.3186,4.233,0,0,0,1256,0,0,56834,72856,58249
"11085",835.3421,4.14,0,0,0,0,0,0,66785,84637,65028
"11086",835.4361,5.568,0,0,0,0,0,0,36688,34293,25078
"11087",836.61218,10.829,639161,2349,3433,2132,0,0,4987,12691,1791
"11088",837.22986,3.739,0,0,0,0,0,0,38686,39379,33966
"11089",837.32098,3.731,0,0,0,0,0,0,160051,164034,154557
"11090",837.38617,3.468,0,0,0,0,0,0,38058,32830,25749
"11091",837.39056,3.248,0,0,0,0,0,0,85532,84170,86985
"11092",837.80389,0.468,89523,35848,75125,39698,70530,37316,0,0,0
"11093",838.35486,3.82,0,0,0,0,0,0,65845,62916,59133
"11094",838.59155,9.479,754982,10784,0,0,0,0,6294,9252,2846
"11095",838.84125,0.466,2073082,685949,1681203,533056,1269633,782574,57393,14733,0
"11096",838.92303,4.403,0,0,0,0,0,0,5288,31525,5427
"11097",840.42151,3.651,0,0,0,0,0,0,29437,49584,22458
"11098",841.17151,2.346,0,0,0,0,0,0,56792,57665,59868
"11099",841.19,2.164,0,0,0,0,0,0,41564,31479,48448
"11100",843.30554,3.82,0,0,0,0,0,0,36055,42797,39601
"11101",843.34625,4.719,0,0,0,0,0,0,43695,50198,14785
"11102",843.73383,0.469,0,0,0,0,0,0,54038,35099,13390
"11103",844.77985,0.469,3430,0,0,0,0,0,96164,16002,0
"11104",848.51892,8.148,645514,627798,499164,547168,452849,522265,592184,632644,553698
"11105",850.61285,8.252,105507,0,0,0,0,0,0,0,2448
"11106",850.6275,11.249,207220,0,0,0,0,0,0,0,0
"11107",850.72113,0.47,0,0,0,0,0,0,318952,348985,276226
"11108",851.33649,4.777,0,0,0,0,0,0,76733,78067,51009
"11109",851.3764,5.204,0,0,0,0,0,0,40115,48731,53955
"11110",852.60724,9.916,1864226,30000,48647,0,0,0,22334,52597,30447
"11111",852.86658,4.864,0,0,0,0,0,0,200861,206703,148958
"11112",853.31549,3.017,0,0,0,0,0,0,26736,32991,28081
"11113",853.34784,3.513,0,0,0,0,0,0,24527,47756,9842
"11114",853.35205,4.068,0,0,0,0,0,0,123632,158169,119879
"11115",853.36688,3.248,0,0,0,0,0,0,32352,24946,25727
"11116",854.37164,4.851,0,0,0,0,0,0,26618,55995,40669
"11117",854.58557,8.478,63186,77182,76546,71901,62852,85886,85553,63448,84093
"11118",854.81781,0.466,11767,10349,15210,1921,40770,14016,198707,114427,35308
"11119",855.14813,2.168,0,0,0,1501,0,0,32676,51820,35106
"11120",855.33167,2.899,0,0,0,0,0,0,708319,731063,688264
"11121",855.33215,3.045,0,0,0,0,0,0,101531,108697,91149
"11122",856.4549,6.234,0,0,0,0,0,0,18521,32574,23200
"11123",856.45526,6.386,0,0,0,0,0,0,197678,226704,204101
"11124",856.6731,10.066,45788,27951,43006,30780,32472,51566,23975,46999,84934
"11125",857.16718,2.168,0,0,0,0,0,0,373006,370143,408810
"11126",857.34717,3.116,0,0,0,0,0,0,76909,96550,91014
"11127",857.34766,2.752,0,0,0,0,0,0,61912,57441,53393
"11128",857.39264,5.206,0,0,0,0,0,0,61793,68928,73307
"11129",858.48682,4.457,0,0,0,0,0,0,26985,22698,24908
"11130",860.66974,8.882,344558,178436,209010,341221,86058,249306,250177,234880,284951
"11131",860.75098,0.472,0,0,0,0,0,0,123846,60594,48845
"11132",861.40845,6.386,0,0,0,0,0,0,36383,43455,36437
"11133",861.87128,4.862,0,0,0,0,0,0,335408,360171,326404
"11134",862.58044,10.462,452186,359598,448420,507038,464144,377631,451247,557320,412897
"11135",863.35577,4.142,0,0,0,0,0,0,35793,32734,26689
"11136",864.5282,9.109,300123,433664,285953,430183,267666,302910,370327,337914,434043
"11137",864.62988,8.754,145221,19156,17213,20699,23367,16375,15688,23211,27341
"11138",866.58356,9.823,87638,0,0,0,0,0,0,0,0
"11139",866.62335,10.347,1282490,10251,11360,0,0,0,17797,29293,2782
"11140",866.69562,0.474,0,0,0,0,0,0,105047,124079,141996
"11141",867.15515,2.168,0,0,0,0,0,1741,121312,112863,123404
"11142",867.37122,4.14,0,0,0,0,0,0,98262,107051,102070
"11143",867.37592,3.785,0,0,0,0,0,0,36056,36852,38403
"11144",868.60211,8.991,195103,0,0,0,0,0,0,0,0
"11145",869.31097,2.777,0,0,0,0,0,0,48015,55381,27146
"11146",869.34692,4.015,0,0,0,0,0,0,40008,48579,26910
"11147",869.349,3.323,0,0,0,0,0,0,155478,110782,128533
"11148",869.83093,0.463,48751,17598,28914,9837,30540,17382,0,0,0
"11149",870.37787,4.068,0,0,0,0,0,0,31090,42673,39497
"11150",870.38678,4.86,0,0,0,0,0,0,2538483,3064026,2508650
"11151",870.38757,4.406,0,0,0,0,0,0,216288,186623,194075
"11152",870.79083,0.47,0,3016,0,0,0,0,407316,286246,126623
"11153",872.35876,2.899,0,0,0,0,0,0,235726,247659,220045
"11154",872.86469,4.409,0,0,0,0,0,0,37526,46117,31415
"11155",873.3844,3.79,0,0,0,0,0,0,46662,50955,45161
"11156",874.38116,5.206,0,0,0,0,0,0,37965,29028,28540
"11157",874.4754,5.984,0,0,0,0,0,0,310789,280429,303968
"11158",874.86713,4.862,0,0,0,0,0,0,79175,82716,86159
"11159",875.77246,0.561,0,0,0,0,0,0,0,141909,120838
"11160",876.34833,4.876,0,0,0,0,0,0,83485,33281,29513
"11161",876.53387,6.777,124020,111600,101794,109389,112898,107275,149172,130343,131477
"11162",876.66351,10.813,213033,168014,191873,192164,191377,150513,211540,170414,154208
"11163",876.72815,0.472,0,0,0,0,0,0,96556,91918,15074
"11164",877.31531,2.899,0,0,0,0,0,0,80757,74520,62211
"11165",878.64539,9.166,95883,17376,23781,5569,18363,18370,27712,44796,19478
"11166",878.89948,4.406,0,0,0,0,0,0,846676,928708,809736
"11167",879.1496,2.17,0,0,0,1489,0,0,102533,105160,94583
"11168",879.43164,5.986,0,0,0,0,0,0,637512,586020,649993
"11169",880.63861,10.77,507996,0,0,0,0,0,8603,2476,0
"11170",880.82751,0.469,96239,24922,73539,27198,87337,48209,0,0,0
"11171",880.84717,4.862,0,0,0,0,0,0,169951,227283,229516
"11172",882.61737,9.423,454097,0,0,0,0,0,0,0,0
"11173",883.36066,4.26,0,0,0,0,0,0,23092,31840,23195
"11174",883.36249,4.155,0,0,0,0,0,0,340535,379694,298782
"11175",883.36285,4.013,0,0,0,0,0,0,50657,59435,44376
"11176",883.85132,4.406,0,0,0,0,0,0,46198,42571,60710
"11177",883.85791,4.861,0,0,0,0,0,0,306966,293283,294754
"11178",885.34247,3.383,0,0,0,0,0,0,77616,82989,58514
"11179",885.35858,4.851,0,0,0,0,0,0,49133,61911,40719
"11180",886.32776,4.867,0,0,0,0,0,0,186958,205501,219578
"11181",886.44525,3.958,0,0,0,0,0,0,82260,83161,76647
"11182",886.76373,0.47,2764,0,0,0,0,0,456716,406958,168088
"11183",887.35651,2.854,0,0,0,0,0,0,38651,39569,14039
"11184",887.35803,3.128,0,0,0,0,0,0,107114,136454,99311
"11185",887.35834,3.034,0,0,0,0,0,0,145900,162462,139088
"11186",887.41333,4.406,0,0,0,0,0,0,898057,925778,845067
"11187",889.89056,4.862,0,0,0,1336,0,0,147765,206884,149070
"11188",890.84851,0.465,58723,0,32301,0,10849,0,0,0,0
"11189",891.83453,4.859,0,0,0,0,0,0,86760,49666,64866
"11190",892.36469,4.4,0,0,0,0,0,0,30848,82016,41654
"11191",892.54279,8.128,506685,501152,598538,491859,489101,608069,568302,552149,695037
"11192",894.112,2.168,0,1861,0,0,0,0,85181,78925,78449
"11193",894.38202,3.665,0,0,0,0,0,0,265135,260995,247285
"11194",894.6554,11.191,155937,0,0,0,0,0,1730,0,0
"11195",895.40295,5.986,0,0,0,0,0,0,369323,339672,311900
"11196",895.92566,4.406,0,0,0,0,0,0,204790,229207,217165
"11197",896.63336,9.862,917356,3349,5226,0,0,0,6281,0,8509
"11198",896.80353,0.471,47823,24049,61058,29971,50461,56816,0,0,0
"11199",897.32239,4.868,0,0,0,0,0,0,202039,205935,221699
"11200",897.32269,4.404,0,0,0,0,0,0,38737,59047,60900
"11201",897.87408,4.403,0,0,0,0,0,0,23949,40435,25872
"11202",898.39795,4.413,0,0,0,0,0,0,126559,83471,109243
"11203",898.4057,4.843,0,0,0,0,0,0,7624,26657,0
"11204",900.34912,4.408,0,0,0,0,0,0,64311,77161,56437
"11205",900.38873,4.159,0,0,0,0,0,0,24893,25199,18793
"11206",900.73877,9.696,56925,70324,69587,63513,55673,60965,58777,70537,67793
"11207",900.8092,0.468,145344,60088,107140,62871,95355,61855,0,0,0
"11208",902.73566,0.472,0,0,0,0,0,0,383845,381622,240594
"11209",902.82495,4.861,0,0,0,0,0,0,23801,99718,10453
"11210",902.82568,4.414,0,0,0,0,0,0,87068,123864,82990
"11211",903.354,3.156,0,0,0,0,0,0,48763,52861,22748
"11212",903.35632,2.909,0,0,0,0,0,0,24591,36813,15502
"11213",904.45056,4.854,0,0,0,0,0,0,158071,180862,152363
"11214",905.30493,4.867,0,0,0,0,0,0,149444,151069,130004
"11215",905.30646,4.418,0,0,0,0,0,0,155238,152019,132758
"11216",905.33801,4.151,0,0,0,0,0,0,37863,43961,27286
"11217",905.68701,3.763,290147,96943,92175,1892,0,0,3594,0,0
"11218",906.82855,0.468,1261312,415032,1050582,301532,735830,491217,20762,7786,0
"11219",906.92017,4.851,0,0,0,0,0,0,55374,56833,63246
"11220",908.55426,9.083,430698,312248,443962,280380,462842,235633,471263,470877,488609
"11221",909.55255,10.17,0,2057,3265,0,0,0,0,0,65389
"11222",910.37689,3.438,0,0,0,0,0,0,476614,455276,428569
"11223",910.65009,10.289,540854,0,0,0,0,0,0,4215,0
"11224",912.63019,8.942,101137,0,0,0,0,0,0,0,0
"11225",913.80859,4.401,0,0,0,0,0,0,55257,49393,43562
"11226",914.49042,9.194,28902,46312,26149,31550,35430,34591,57059,52527,47501
"11227",915.32861,3.438,0,0,0,0,0,0,31126,31560,34715
"11228",916.2923,4.831,0,0,0,0,0,0,20988,20954,23059
"11229",916.30634,4.399,1592,0,0,0,0,0,86678,95002,71476
"11230",917.36932,3.246,0,0,0,0,0,0,270106,279406,242580
"11231",917.37024,3.124,0,0,0,0,0,0,53235,59551,35946
"11232",917.51434,4.017,0,0,0,0,0,0,30549,35940,30596
"11233",918.5426,4.451,0,0,0,0,0,0,55565,62193,56477
"11234",918.54272,4.864,0,0,0,0,0,0,48779,55178,69219
"11235",918.54309,4.558,0,0,0,0,0,0,57577,57580,59427
"11236",918.54431,4.622,0,0,0,0,0,0,75693,81006,82736
"11237",918.5448,4.75,0,0,0,0,0,0,28287,32056,21168
"11238",918.5827,9.742,94697,0,7745,0,0,0,3740,0,0
"11239",918.70789,0.474,0,0,0,2156,0,0,264658,268121,233991
"11240",920.55859,6.665,6458,11821,24298,13273,13190,18975,6188,27865,18170
"11241",920.56378,6.772,84328,83051,74881,78377,73380,78797,102571,92187,84214
"11242",920.68829,10.787,104273,83629,68387,86616,79510,69323,89210,69849,61518
"11243",922.79755,0.469,17497,0,0,6858,9539,7991,96029,67780,4225
"11244",923.53314,5.96,0,0,0,0,0,0,43950,94861,24033
"11245",924.66541,10.715,201098,0,0,0,0,0,0,0,0
"11246",926.58533,10.565,0,0,0,0,0,0,18879,33888,9764
"11247",926.64545,9.381,233003,0,0,0,0,0,0,0,0
"11248",927.66309,3.76,93752,5217,5344,0,0,0,0,0,0
"11249",928.74939,0.472,0,0,0,0,0,0,56913,63198,0
"11250",929.51715,6.684,0,0,0,0,0,0,33953,37130,28659
"11251",931.53333,6.125,0,0,0,0,0,0,23654,30087,26132
"11252",933.784,11.595,143201,37748,55525,0,42224,37063,61729,55337,44592
"11253",934.39209,3.072,0,0,0,0,0,0,23798,22195,18889
"11254",934.53906,3.936,0,0,0,0,0,0,207532,225535,201923
"11255",934.53998,4.017,0,0,0,0,0,0,225666,225659,234774
"11256",934.63971,11.125,287897,275540,315043,260030,296806,282143,320406,234468,258425
"11257",934.68475,0.47,0,0,0,0,0,0,86696,121168,102078
"11258",936.57019,8.111,402182,434222,396471,398739,370352,418602,499063,502024,547771
"11259",938.77887,0.468,0,0,0,2814,0,0,243984,175281,51529
"11260",939.49426,3.938,0,0,0,0,0,0,56849,88873,55126
"11261",939.49493,4.015,0,0,0,0,0,0,110498,127491,120741
"11262",940.65918,9.811,497283,0,0,0,0,0,0,0,0
"11263",941.54175,5.264,0,0,0,0,0,1492,230074,248856,168014
"11264",941.54279,5.962,0,0,0,0,0,0,385244,566981,389372
"11265",945.47107,3.606,0,0,0,0,0,0,46608,45421,34144
"11266",945.50787,5.963,0,0,0,0,0,0,75704,58295,89338
"11267",946.5047,3.903,0,0,0,0,0,0,110400,108660,95836
"11268",947.6944,0.48,0,0,0,0,0,0,0,18149,0
"11269",948.81384,0.47,58123,32372,42074,10363,49937,23955,0,0,0
"11270",950.53339,3.531,0,0,0,0,0,0,318938,319177,295137
"11271",950.53741,3.404,0,0,0,0,0,0,130011,129678,130862
"11272",950.65662,0.47,0,1829,0,0,0,0,0,37425,59210
"11273",950.80499,11.587,239423,86761,92148,3919,343429,107762,67120,80543,51388
"11274",951.45654,3.901,0,0,0,0,0,0,60689,63248,54033
"11275",952.58215,9.065,444396,501490,337002,289701,258291,276977,341264,449330,489319
"11276",953.58612,9.029,116978,132810,84145,85280,96712,85902,152394,276143,99754
"11277",954.67566,10.234,213226,0,0,0,0,0,0,0,0
"11278",954.75024,0.47,0,0,0,0,0,0,335156,268000,117596
"11279",955.48602,3.531,0,0,0,0,0,0,36991,41704,44924
"11280",955.76105,11.599,22290,37791,23250,1172,151466,15664,32730,45917,37432
"11281",958.46649,5.966,0,0,0,0,0,0,79264,0,41471
"11282",958.5686,5.264,0,0,0,0,0,0,286183,338931,214166
"11283",958.56921,5.964,0,0,0,0,0,0,5731304,7596427,5590707
"11284",959.65314,5.96,0,0,0,0,0,0,4282,37318,0
"11285",961.50635,5.239,0,0,0,0,0,0,7748,20887,3753
"11286",962.49768,3.501,0,0,0,0,0,0,370359,418207,364566
"11287",962.4978,3.606,0,0,0,0,0,0,2971463,2893043,2710399
"11288",963.52441,5.962,0,0,0,0,0,0,11289847,13964825,11313715
"11289",963.52484,5.57,0,0,0,0,0,0,493115,502301,384681
"11290",963.52509,4.751,0,0,0,0,0,0,37982,35602,37197
"11291",963.52649,5.775,0,0,0,0,0,0,62871,78785,55699
"11292",964.5863,6.77,53606,55733,63903,48772,62892,59217,62430,69823,59313
"11293",964.71069,0.468,0,2494,0,0,0,0,6180,41976,0
"11294",964.7146,10.759,33419,31021,49708,32664,48351,38128,52513,42146,39908
"11295",966.52759,3.451,0,0,0,0,0,0,40842,36487,29614
"11296",967.45288,3.606,0,0,0,0,0,0,963238,1001027,900994
"11297",967.45325,3.501,0,0,0,0,0,0,78917,78052,59333
"11298",968.69,10.659,88903,0,0,0,0,0,0,0,1866
"11299",968.79828,0.469,88577,34651,92119,15022,57679,36981,8647,0,0
"11300",970.61029,9.678,0,0,0,0,0,0,221773,356955,344261
"11301",970.6698,9.33,145434,0,0,0,0,0,0,0,0
"11302",970.72632,0.47,0,0,0,0,0,0,301053,309313,128553
"11303",972.45764,5.039,0,0,0,0,0,0,59659,69095,61000
"11304",972.45966,5.223,0,0,0,0,0,0,28470,33754,22673
"11305",972.47992,9.75,0,0,0,0,0,0,69209,54194,11819
"11306",972.58191,5.962,0,0,0,0,0,0,333436,433708,315425
"11307",972.79242,10.361,35148,5506,35559,25203,37798,18563,27564,33518,36826
"11308",974.81531,0.467,743854,251800,637431,203810,470109,291500,8067,0,0
"11309",974.95911,9.749,0,0,0,0,0,0,62171,58457,20997
"11310",975.56689,9.685,0,0,0,0,0,0,361855,527355,465756
"11311",977.43561,9.749,0,0,0,0,0,0,66978,70280,25509
"11312",977.565,4.41,0,0,0,0,0,0,38906,38760,32015
"11313",978.49237,3.32,0,0,0,0,0,0,52847,60656,47571
"11314",978.49658,3.256,0,0,0,0,0,0,29603,37512,40026
"11315",979.49847,5.57,0,0,0,0,0,0,119161,139092,88419
"11316",979.49866,5.264,0,0,0,0,0,0,803515,892986,699823
"11317",979.49872,5.962,0,0,0,0,0,0,2922135,3582175,3016886
"11318",979.50256,5.775,0,0,0,0,0,0,39725,48115,35212
"11319",979.52039,4.739,0,0,0,0,0,0,62988,56301,33520
"11320",980.59583,8.088,176055,268313,291923,215330,239340,241772,358872,370259,304388
"11321",982.5238,3.05,0,0,0,0,0,0,24610,30747,19766
"11322",983.42706,3.606,0,0,0,0,0,0,301232,291338,286904
"11323",984.68561,9.761,284391,0,0,0,0,0,0,0,0
"11324",986.55457,9.601,30372,56565,74123,64385,53746,55657,55553,56814,56051
"11325",986.59509,5.963,0,0,0,0,0,0,119260,176267,183959
"11326",986.69708,0.472,0,0,0,0,0,0,154492,205324,122984
"11327",987.60919,8.185,0,0,0,0,0,0,24411,31006,8609
"11328",988.45892,4.178,0,0,0,0,0,0,48874,46161,30503
"11329",990.39752,3.897,0,0,0,0,0,0,25361,23593,19785
"11330",990.4726,5.524,0,0,0,0,0,0,18781,28440,14711
"11331",990.78491,0.469,0,0,9426,5572,6675,0,56981,0,0
"11332",991.5589,8.191,0,0,0,0,0,0,60277,98054,116945
"11333",994.48608,3.058,0,0,0,0,0,0,85245,99633,75395
"11334",995.35052,3.903,0,0,0,0,0,0,51794,45723,47956
"11335",995.51489,4.72,0,0,0,0,0,0,132618,179556,124746
"11336",995.51495,4.178,0,0,0,0,0,0,623091,693292,555880
"11337",996.60718,9.038,410365,424860,348939,395279,248137,360061,464816,428644,426202
"11338",998.70306,10.185,122155,0,0,0,0,0,0,0,0
"11339",999.54572,4.402,0,0,0,0,0,0,50744,36333,48269
"11340",1002.48108,3.781,0,0,0,0,0,0,9873,20515,4363
"11341",1002.67169,0.468,0,0,0,0,0,0,80499,86013,58374
"11342",1006.53558,5.319,0,0,0,0,0,1443,23177,26214,21024
"11343",1006.75769,0.462,0,0,0,0,6473,0,132139,53572,0
"11344",1008.61279,6.766,36027,36488,24555,24390,33164,24409,44110,36207,47806
"11345",1011.4881,4.718,0,0,0,0,0,0,35016,46182,26669
"11346",1011.48975,4.178,0,0,0,0,0,0,126434,151556,103762
"11347",1014.69757,9.281,58540,0,0,0,0,0,0,0,0
"11348",1018.51001,6.172,0,0,0,0,0,0,70931,72412,65452
"11349",1022.7431,0.468,0,0,0,0,0,0,111931,101428,40927
"11350",1024.62354,8.071,180149,164123,205321,152149,159160,187979,207747,265506,271157
"11351",1027.57849,5.381,0,0,0,0,0,0,76770,57659,0
"11352",1028.71436,9.718,182389,0,0,0,0,0,0,0,0
"11353",1029.42188,3.606,0,0,0,0,0,0,21729,26760,24958
"11354",1031.51404,5.962,0,0,0,0,0,0,164911,171132,146285
"11355",1038.71216,0.47,0,0,0,0,0,0,162500,118218,74552
"11356",1039.51001,4.405,0,0,0,0,0,0,36011,43310,29042
"11357",1040.63257,9.015,134334,265426,235091,158204,228261,169887,216137,195062,262301
"11358",1042.8031,0.468,411573,137281,400804,105535,250948,155162,0,0,0
"11359",1048.49622,5.964,0,0,0,0,0,0,156692,234780,159387
"11360",1048.49634,3.761,0,0,0,0,0,0,30866,35036,35384
"11361",1054.68311,0.468,0,0,0,0,0,0,118952,123707,67923
"11362",1057.52148,4.406,0,0,0,0,0,0,594642,586414,634618
"11363",1057.53064,4.851,0,0,0,0,0,0,16447,44345,15954
"11364",1058.59973,10.002,33532,25359,28836,31509,42570,46801,32572,53673,46088
"11365",1064.474,5.96,0,0,0,0,0,0,60217,37436,16507
"11366",1068.64709,8.055,141070,142069,146825,125528,138346,145008,207448,146589,181916
"11367",1070.42932,3.96,0,0,0,0,0,0,23172,44783,45357
"11368",1070.65344,0.472,0,0,0,0,0,0,58037,58533,32228
"11369",1072.53003,4.721,0,0,0,0,0,0,19304,35457,24809
"11370",1072.73474,9.668,97588,0,0,0,0,0,0,0,0
"11371",1074.54443,4.864,0,0,0,0,0,0,428377,442044,384296
"11372",1074.54968,4.406,0,0,0,0,0,0,374875,384997,341954
"11373",1074.7489,0.466,0,0,0,0,0,0,57446,32011,0
"11374",1078.75391,10.858,91992,47807,96030,83889,86712,75887,49237,67086,75863
"11375",1079.49817,4.853,0,0,0,0,0,0,81820,109102,103622
"11376",1079.50366,4.404,0,0,0,0,0,0,195174,133106,212422
"11377",1084.65894,8.983,156972,36619,154195,144017,149399,149795,100625,104002,118439
"11378",1090.72876,0.469,0,0,0,0,0,0,117377,42711,0
"11379",1096.59351,3.646,0,1271,0,0,0,0,120900,123081,112376
"11380",1101.48547,4.403,0,0,0,0,0,0,16693,33741,48849
"11381",1106.69739,0.47,0,0,0,0,0,0,83839,82400,25859
"11382",1108.55457,3.622,0,0,0,1727,0,0,24301,30467,29225
"11383",1110.79138,0.468,247202,49635,255608,40722,153977,80742,0,0,0
"11384",1112.58533,3.364,0,0,0,0,0,0,83462,101689,85518
"11385",1112.67358,8.034,68252,78968,56691,70139,60211,81273,101054,101596,119206
"11386",1116.76062,9.625,85987,0,0,0,0,0,0,0,0
"11387",1122.66772,0.47,0,2281,0,0,0,0,77734,49649,40741
"11388",1124.55151,3.354,2463,1535,0,1272,0,0,395034,440039,408028
"11389",1128.68726,8.959,52603,67634,106904,96879,89449,51265,93509,59553,62589
"11390",1129.5022,3.354,0,0,0,0,0,0,73693,63610,61149
"11391",1130.66101,10.443,19905,9555,27778,12679,7469,19406,15243,28209,23184
"11392",1137.47668,4.406,0,0,0,0,0,0,450762,473441,468098
"11393",1137.48328,4.86,0,0,0,0,0,0,77757,90748,78596
"11394",1142.8252,9.749,0,0,0,0,0,0,0,26270,0
"11395",1144.78088,0.467,81624,22942,54707,20574,45600,20973,0,0,0
"11396",1154.50232,4.718,0,0,0,0,0,0,59038,54064,45860
"11397",1154.50378,4.406,0,0,0,0,1881,0,1596919,1635223,1576768
"11398",1154.50452,4.86,0,0,0,0,0,0,3515147,4159056,3570237
"11399",1156.69653,8.02,27419,47112,35397,34940,29980,40306,42285,49368,37826
"11400",1159.45325,4.864,0,1706,0,0,0,0,488710,556310,515492
"11401",1159.45776,4.406,0,0,0,0,0,0,200340,196714,193604
"11402",1163.01819,4.86,0,0,0,0,0,0,76354,80643,65214
"11403",1163.01868,4.402,0,1526,0,0,0,0,33122,28044,14636
"11404",1171.52563,4.988,0,0,0,0,1673,0,12377,20768,8714
"11405",1171.53162,4.864,0,0,0,0,0,0,51185,111771,73239
"11406",1171.53247,4.406,0,0,0,0,1495,0,391447,444621,375113
"11407",1172.70667,8.924,57176,40175,45820,62293,28717,34510,38285,39168,76344
"11408",1174.00623,4.858,0,0,0,0,0,0,48740,58884,52879
"11409",1174.67542,0.469,0,0,0,0,0,0,57860,0,0
"11410",1175.42407,4.397,0,0,0,0,0,0,37331,24345,36226
"11411",1175.42676,4.869,0,0,0,0,0,0,36138,36121,35568
"11412",1176.48877,4.4,0,0,0,0,0,0,39683,154054,145905
"11413",1178.77698,0.466,160130,30340,33023,29609,82278,49218,0,0,0
"11414",1180.03723,4.406,0,0,0,0,0,0,24780,61216,42422
"11415",1180.04529,4.857,0,0,0,0,0,1610,37031,79652,34165
"11416",1181.43787,4.877,0,0,0,0,0,0,59498,50888,46978
"11417",1181.44226,4.406,0,0,0,0,0,0,115822,141215,100344
"11418",1183.53711,4.864,0,0,0,0,0,0,74432,86130,77003
"11419",1184.86316,4.857,0,0,0,0,0,0,26724,53443,15428
"11420",1185.19678,4.863,0,0,0,0,0,0,40822,24446,65319
"11421",1185.21729,4.857,0,0,0,0,0,0,0,40103,0
"11422",1185.52832,4.865,0,0,0,0,1504,0,96356,46112,26997
"11423",1185.54272,10.128,0,0,0,0,0,0,14713,23207,26686
"11424",1187.96899,4.409,0,0,0,0,0,0,34758,29254,57452
"11425",1188.55701,4.983,0,0,0,0,1474,0,79455,90559,85703
"11426",1188.5647,4.41,1910,0,0,0,0,0,176157,198487,126473
"11427",1189.06458,4.857,0,1649,0,0,0,0,88095,139994,86163
"11428",1191.53406,4.857,0,0,0,0,0,0,139661,132959,74867
"11429",1192.43164,4.4,0,0,0,0,0,0,30066,65428,33769
"11430",1193.50745,4.403,0,0,0,0,1425,0,6593,75930,34426
"11431",1193.51135,4.985,0,0,1506,0,0,0,31954,33917,33585
"11432",1193.52698,4.857,0,1456,0,0,0,0,21031,75217,48179
"11433",1198.44702,4.862,0,0,0,0,0,0,77479,81501,93386
"11434",1200.41309,4.397,0,0,0,0,0,0,14855,49458,21884
"11435",1206.62268,4.414,0,0,0,0,0,0,200875,151541,188774
"11436",1208.43188,4.857,0,0,0,0,0,0,0,24345,0
"11437",1212.76184,0.463,43200,0,23906,0,24311,5781,0,0,0
"11438",1216.73438,8.917,25888,46500,28022,17327,8462,13955,35518,31537,19499
"11439",1220.55078,3.781,0,0,0,0,2149,0,61520,64973,51128
"11440",1222.62048,4.858,0,0,0,0,0,0,118933,100310,102531
"11441",1243.29993,2.956,0,0,0,0,0,0,104808,102684,102267
"11442",1246.75549,0.466,66607,6369,31864,19767,16646,9116,0,0,0
"11443",1259.26477,2.958,0,0,0,0,0,0,19339,21973,5170
"11444",1290.63257,9.749,3262,0,3986,0,0,0,96357,89099,32462
"11445",1314.75403,0.468,60859,14660,35417,15504,25329,0,0,0,0
"11446",1319.66248,9.749,0,0,0,0,0,0,11826,22792,5241
"11447",1332.54724,3.737,0,0,0,0,0,0,11332,25044,11061
"11448",1384.67871,3.787,0,0,0,0,0,0,29568,30961,17096
"11449",1429.82727,5.96,0,0,0,0,0,0,0,29719,0
"11450",1433.79102,5.964,0,0,0,0,0,0,977072,1190388,993039
"11451",1450.75586,5.96,0,0,0,0,0,0,18839,57513,23527
