Compound,mz,kmd,rt,Orbi_P_E2_EXBLANKA,Orbi_P_E2_EXBLANKB,Orbi_P_E2_EXBLANKC,Orbi_P_E2_WS03A,Orbi_P_E2_WS03B,Orbi_P_E2_WS03C,Orbi_P_E2_Wasteblank4,Orbi_P_E2_Wasteblank5,Orbi_P_E2_Wasteblank6,cor
10003,870.387982,0.3879819999999654,4.4062867,0,0,0,3579.3179,2919.3452,3203.8982,0,0,0,TRUE
10008,1154.504537,0.5045370000000275,4.40629,0,0,0,26608.432,27175.205,26090.352,0,0,0,TRUE
1004,439.1428071,0.14280710000002728,0.53040737,0,0,0,123886.48,134564.52,120922.06,0,0,0,TRUE
1005,219.0273653,0.027365300000013804,0.5164382,452.0445,328.06845,301.96262,86353.28,84057.13,78561.31,157.7547,336.8605,184.66148,TRUE
10079,459.3111319,0.3111319000000208,4.4144673,0,0,0,63359.254,64001.742,64220.42,0,0,0,TRUE
10080,511.2654712,0.26547119999997904,4.4144683,0,0,0,4575.6904,4321.3,4389.2764,0,0,0,TRUE
10095,441.2999739,0.2999738999999977,4.4023447000000004,35.33944,24.143627,23.862682,17970.045,18414.463,18670.658,21.175997,23.2213,23.376732,TRUE
10097,621.3654088,0.3654087999999547,4.416525,0,0,0,59241.08,61655.41,59808.477,0,0,0,TRUE
10106,638.3921714,0.392171400000052,4.4185615,0,0,0,49691.84,51295.418,49407.656,0,0,0,TRUE
10109,281.1372581,0.13725809999999683,4.400613,356.16986000000003,275.87573,435.6693,5191.0967,5336.3066,4369.9863,148.25787,434.30582,243.87267,TRUE
10116,643.3473174,0.3473173999999517,4.4226317,0,0,0,51934.047,51601.266,53119.387,0,0,0,TRUE
10121,659.3219286,0.32192859999997836,4.424661,0,0,0,8936.434,8909.06,9155.87,0,0,0,TRUE
10150,451.248623,0.24862300000000914,4.442446,0,0,0,8676.631,9371.024,7797.4556,0,0,0,TRUE
10156,486.286011,0.2860109999999736,4.4444833,0,0,0,2733.472,2740.0732,2140.509,0,0,0,TRUE
10160,517.2264913,0.2264913000000206,4.4465027,0,0,0,9164.425,9528.048,9210.01,0,0,0,TRUE
1017,543.1346522,0.134652200000005,0.53233504,0,0,0,8915.048,8191.46,8564.329,0,0,0,TRUE
10230,821.3949021,0.3949020999999675,4.482149,0,0,0,2295.8206,2239.7544,2338.0818,0,0,0,TRUE
10251,527.2419714,0.24197140000001127,4.493976,0,0,0,10229.344,11585.882,10718.227,0,0,0,TRUE
10258,584.2544487,0.25444870000001174,4.496076,0,0,0,11357.751,12646.873,11372.836,0,0,0,TRUE
10259,506.3117819,0.31178190000002814,4.4961114,0,0,0,14509.783,16030.785,14439.014,0,0,0,TRUE
10267,538.2791512,0.27915120000000115,4.5002694,0,0,0,729.2151,1143.0714,1076.1661,0,0,0,TRUE
10337,609.2368663,0.23686629999997422,4.5393825,0,0,0,736.37427,1148.658,1070.7412,0,0,0,TRUE
10339,504.2965581,0.296558100000027,4.541521,0,0,0,38457.74,43572.855,38014.516,0,0,0,TRUE
10352,784.4498859,0.4498859000000266,4.5478415,0,0,0,3493.9292,3912.5652,3787.6968,0,0,0,TRUE
10353,789.4051355,0.4051355000000285,4.549951,0,0,0,1803.3715,2210.1301,2230.649,0,0,0,TRUE
10355,597.2124322,0.21243219999996654,4.5516458,0,0,0,2060.259,2203.4316,2222.348,0,0,0,TRUE
10358,575.2304923,0.23049230000003718,4.552078,0,0,0,3104.192,3426.785,2904.434,0,0,0,TRUE
10365,514.1849144,0.18491440000002513,4.553717,0,0,0,449.95184,467.30304,416.6669,0,0,0,TRUE
10367,552.2638462,0.26384619999998904,4.555844,0,0,0,16498.168,18496.41,17167.96,0,0,0,TRUE
10381,643.348277,0.3482770000000528,4.5596013,0,0,0,1640.6215,2089.523,2188.029,0,0,0,TRUE
10384,603.3549196,0.35491960000001654,4.5600524,0,0,0,662.73303,730.0443,724.80817,0,0,0,TRUE
10402,491.2406162,0.24061619999997674,4.5672984,0,0,0,1163.7264,1444.5385,1205.7308,0,0,0,TRUE
10417,511.267366,0.26736599999998134,4.5785146,0,0,0,7301.9673,7367.398,6497.157,0,0,0,TRUE
10422,527.24185,0.24184999999999945,4.5810666,0,0,0,3700.2375,3810.167,3388.6196,0,0,0,TRUE
10432,634.3072381,0.30723809999994955,4.586351,0,0,0,1942.6611,2194.8503,1984.9861,0,0,0,TRUE
10435,651.3334627,0.33346270000004097,4.588467,0,0,0,3937.8572,4743.7637,4059.2568,0,0,0,TRUE
1047,150.0769676,0.07696759999998903,0.56604654,2289.791,2365.9685,2778.9055,62359.97,70091.89,67792.586,3359.599,3119.871,1602.6974,TRUE
10484,593.2412259,0.24122590000001765,4.6215634,0,0,0,765.65735,771.6658,646.07404,0,0,0,TRUE
10491,606.3303294,0.33032939999998234,4.6232996,0,0,0,2209.5842,2525.9902,3345.0137,0,0,0,TRUE
10495,628.3135107,0.31351070000005166,4.625468,0,0,0,778.6445,953.7441,1133.2461,0,0,0,TRUE
10521,597.2124506,0.21245060000001104,4.612053,0,0,0,2319.5376,1597.2142,2311.2976,0,0,0,TRUE
10524,575.2306253,0.23062530000004244,4.646406,0,0,0,5089.831,5460.5317,5058.7485,0,0,0,TRUE
10527,570.2764612,0.27646119999997154,4.648482,0,0,0,29516.356,32213.1806,30425.084199999998,0,0,0,TRUE
10532,607.2211922,0.2211922000000186,4.650589,0,0,0,1328.269,1454.1648,1226.9893,0,0,0,TRUE
10536,584.2547284,0.2547283999999763,4.652715,0,0,0,11583.081,11858.074,13134.651,0,0,0,TRUE
10544,629.2033118,0.20331180000005133,4.6548057,0,0,0,2053.5774,2227.4934,2131.857,0,0,0,TRUE
10548,602.2649201,0.2649201000000403,4.6548696,0,0,0,17739.799,19069.887,18542.521,0,0,0,TRUE
10610,644.2766114,0.27661139999997886,4.6974616,0,0,0,3937.2783,4289.7666,3898.8757,0,0,0,TRUE
10611,627.2497435,0.24974350000002232,4.6975093,0,0,0,6820.9233,8078.0103,7286.7993,0,0,0,TRUE
10623,796.4136459,0.4136459000000059,4.7036905,0,0,0,6590.816,8104.0825,6979.975,0,0,0,TRUE
10630,801.3684409,0.36844089999999596,4.706146,0,0,0,1553.4382,1261.3933,1253.8123,0,0,0,TRUE
10646,367.1897246,0.18972459999997682,4.7122607,0,0,0,2248.5732,2692.4116,1886.2015,0,0,0,TRUE
10673,586.2699546,0.2699546000000055,4.7142906,0,0,0,398287.6,442528.7,415788.78,0,0,0,TRUE
10674,607.1970028,0.19700279999995018,4.714291,0,0,0,3273.8699,3560.442,3543.0215,0,0,0,TRUE
10682,613.2077058,0.20770579999998517,4.716276,0,0,0,7881.7007,7984.6685,7401.296,0,0,0,TRUE
10687,591.2255081,0.22550809999995636,4.7163215,0,0,0,28921.5795,31506.391000000003,30138.3265,0,0,0,TRUE
10702,515.2111747,0.21117470000001504,4.718307,0,0,0,13689.574,15671.981,14986.383,0,0,0,TRUE
10708,573.2153488,0.21534880000001522,4.7183547,0,0,0,1772.0435,2004.1343,1892.9376,0,0,0,TRUE
10720,433.238336,0.23833600000000388,4.7203355,0,0,0,14638.366,17679.137,15213.443,0,0,0,TRUE
10721,525.2259691,0.225969100000043,4.7203307,0,0,0,13995.346,15580.989,13980.732,0,0,0,TRUE
10726,995.5145899,0.5145899000000327,4.7203403,0,0,0,2213.4067,2963.106,2095.9663,0,0,0,TRUE
10727,595.1967062,0.19670619999999417,4.720383,0,0,0,859.23,1147.2523,1114.1023,0,0,0,TRUE
10730,821.3617584,0.36175839999998516,4.722364,0,0,0,2077.163,2271.367,1359.4174,0,0,0,TRUE
10764,493.256991,0.2569910000000277,4.7507057,0,0,0,39623.95,43159.836,36173.227,0,0,0,TRUE
10772,509.2278049,0.22780490000002374,4.7527404,0,0,0,9074.808,9188.476,8782.529,0,0,0,TRUE
10789,609.216221,0.21622100000001865,4.7594395,0,0,0,685.7359,743.91064,785.8024,0,0,0,TRUE
10793,553.2480103,0.24801030000003266,4.7615085,0,0,0,25587.11,28092.262,27475.646,0,0,0,TRUE
10795,615.2229484,0.2229483999999502,4.763552,0,0,0,2013.4545,2340.4255,2349.609,0,0,0,TRUE
108,148.0277472,0.0277471999999932,0.3691534,110.230865,127.83077,219.25595,5474.0723,5833.597,7037.8867,172.29855,152.28918,184.22408,TRUE
10804,591.2862219,0.2862218999999868,4.7635674,0,0,0,814.474,687.1534,683.3499,0,0,0,TRUE
10825,549.2166769,0.21667690000003859,4.7814236,0,0,0,11780.204,13754.421,13625.229,0,0,0,TRUE
10826,566.2438555,0.24385549999999512,4.781441,0,0,0,1433.4,1726.692,1629.3053,0,0,0,TRUE
10827,607.2213818,0.2213818000000174,4.783207,0,0,0,1013.44366,1254.4989,1005.6825,0,0,0,TRUE
10829,531.2058325,0.20583250000004227,4.783506,0,0,0,743.77454,982.0302,772.0734,0,0,0,TRUE
10832,584.2551808,0.25518079999994825,4.78527,0,0,0,8865.407,10786.378,8412.529,0,0,0,TRUE
10838,567.2269464,0.22694639999997435,4.788793,0,0,0,4315.548,4777.9766,4548.4473,0,0,0,TRUE
10840,629.2032169,0.20321690000002945,4.7891583,0,0,0,976.2051,1144.1641,1047.0582,0,0,0,TRUE
10841,595.2594467,0.25944670000001224,4.789169,0,0,0,2727.1997,3243.0728,3196.5876,0,0,0,TRUE
10844,612.2861582,0.2861582000000453,4.790952,0,0,0,3968.9055,4368.895,4217.881,0,0,0,TRUE
1090,293.0635919,0.06359190000000581,0.53625244,0,0,0,84436.22,101394.93,107089.91,0,0,0,TRUE
10935,659.3429004,0.34290039999996225,4.841546,0,0,0,12683.213,14665.616,14201.929,0,0,0,TRUE
10946,654.3871956,0.38719560000004094,4.8461685,0,0,0,108490.52,121591.89,112513.555,0,0,0,TRUE
10951,488.3014993,0.30149929999998903,4.84823,0,0,0,20621.158,23695.783,20194.291,0,0,0,TRUE
10964,619.3512125,0.35121249999997417,4.8514867,0,0,0,2131.1804,2356.111,2164.5532,0,0,0,TRUE
10988,607.1988425,0.19884249999995518,4.8555713,0,0,0,23641.93,25287.943,22725.127,0,0,0,TRUE
10992,593.2245607,0.22456069999998363,4.855602,0,0,0,11263.492,13038.891,11472.139,0,0,0,TRUE
11017,515.2108924,0.21089240000003429,4.857624,0,0,0,456348.22,529004.6,482789.1,0,0,0,TRUE
11018,591.2250755,0.22507550000000265,4.857619,0,0,0,126481.45,141622.02,128056.24,0,0,0,TRUE
11020,533.2191588,0.21915879999994559,4.8576255,0,0,0,24210.986,28963.61,24923.773,0,0,0,TRUE
11024,861.8719348,0.8719347999999627,4.8576546,0,0,0,11163.0258,12256.2266,10704.0926,0,0,0,TRUE
11038,609.1985673,0.19856730000003608,4.8596497,0,0,0,3131.0676,3669.9797,3258.9768,0,0,0,TRUE
11042,568.2592105,0.2592104999999947,4.859663,0,0,0,183735.39,205378.12,190179.25,0,0,0,TRUE
11054,1154.504303,0.5043029999999362,4.8596783,0,0,0,58885.223,69545.66,59541.42,0,0,0,TRUE
1106,120.0660553,0.06605530000000215,0.5438544,1342.704,432.3142,1783.5826,329287.2,349096.6,318192.1,765.5532,1594.5078,1546.4343,TRUE
11067,417.2430593,0.24305930000002718,4.8616967,0,0,0,49323.465,55673.25,50088.98,0,0,0,TRUE
11070,881.3715879,0.37158790000000863,4.8616867,0,0,0,10539.1064,12339.946800000002,10550.5184,0,0,0,TRUE
11110,453.263872,0.2638719999999921,4.867782,0,0,0,23422.613,25485.23,23167.592,0,0,0,TRUE
11116,351.2162524,0.21625239999997348,4.873534,375.0962,507.69162,208.10806,12981.524,13816.377,12565.988,494.63068,387.81418,480.0866,TRUE
11128,435.2539331,0.25393309999998337,4.871877,0,0,0,53690.87,64446.215,55780.008,0,0,0,TRUE
11137,613.2073266,0.2073265999999876,4.8739166,0,0,0,31013.975,33492.363,32390.412,0,0,0,TRUE
11154,638.3922588,0.392258800000036,4.875965,0,0,0,31280.701,36755.45,35401.293,0,0,0,TRUE
11159,643.3476184,0.34761839999998756,4.8780046,0,0,0,3592.8054,4408.265,4218.2812,0,0,0,TRUE
11175,493.2562813,0.2562813000000119,4.888106,0,0,0,21401.932,24744.9,22695.555,0,0,0,TRUE
11185,509.2290517,0.22905170000001362,4.896267,0,0,0,3596.2478,4723.7,6302.491,0,0,0,TRUE
11206,525.2262718,0.2262717999999495,4.939553,0,0,0,1339.5104,1290.9004,1231.0269,0,0,0,TRUE
11220,504.2966174,0.29661740000000236,4.9144573,0,0,0,10434.747,11699.266,10640.267,0,0,0,TRUE
11246,511.2674536,0.2674536000000103,4.9266315,0,0,0,6270.335,6822.0938,5807.8867,0,0,0,TRUE
11256,527.2421591,0.24215909999998075,4.928706,0,0,0,1970.919,2204.9177,2140.8354,0,0,0,TRUE
1127,434.1873011,0.18730110000001332,0.5381795,0,0,0,50056.785,56600.246,52610.082,0,0,0,TRUE
11298,784.4495807,0.44958069999995587,4.9649863,0,0,0,3253.045,4162.4053,3400.9214,0,0,0,TRUE
11300,789.4056932,0.40569319999997333,4.967076,0,0,0,759.51636,826.0293,762.7673,0,0,0,TRUE
11328,589.2725641,0.2725640999999541,4.9854703,0,0,0,2242.6172,1928.3491,1916.2897,0,0,0,TRUE
11337,607.1993489,0.19934890000001815,4.9834332,0,0,0,2525.56,3103.5476,2849.598,0,0,0,TRUE
11339,698.183702,0.18370200000003933,4.983432,0,0,0,1470.4473,1432.732,1530.7137,0,0,0,TRUE
11346,348.2754624,0.2754623999999808,4.984076,3190.5422,1409.5138,1537.624,20084.75,21263.473,19356.395,992.75006,1266.559,1315.5969,TRUE
11353,568.2594212,0.2594212000000198,4.985456,0,0,0,57676.914,63251.453,59124.707,0,0,0,TRUE
11355,613.2077998,0.20779979999997522,4.9854574,0,0,0,15959.403,17192.889,16242.551,0,0,0,TRUE
11361,591.2254205,0.2254205000000411,4.9854736,0,0,0,19634.574,21633.816,20881.594,0,0,0,TRUE
11407,487.2690032,0.269003199999986,5.003822,0,0,0,1008.63617,963.6547,711.27893,0,0,0,TRUE
11411,525.2264852,0.22648519999995642,5.005854,0,0,0,2978.5715,3482.5303,2630.2422,0,0,0,TRUE
11417,628.280595,0.2805949999999484,5.0078835,0,0,0,5318.6931,5888.5461000000005,5251.0717,0,0,0,TRUE
11418,611.2543217,0.2543216999999913,5.007923,0,0,0,4345.591460000001,5519.7733,5100.647,0,0,0,TRUE
11428,504.2965399,0.2965399000000275,5.0171967,0,0,0,10294.663,11862.79,9542.9,0,0,0,TRUE
11460,373.1971921,0.1971920999999952,5.0364737999999996,0,0,0,2212.1726,1876.6572,2358.8396,0,0,0,TRUE
11465,311.2224955,0.22249549999997953,5.0382185,112.71867,108.998344,74.46626,7540.479,9604.403,8607.779,128.47919,133.0725,96.96561,TRUE
1149,195.9127032,0.9127032000000099,0.5404738,484.75645099999997,952.043322,716.59499,9415.565,12022.185,9996.014,1076.630245,1178.2329499999998,1161.332256,TRUE
11491,435.2540658,0.254065799999978,5.025478,0,0,0,12144.108,17476.523,12752.078,0,0,0,TRUE
11521,621.3659999,0.3659999000000198,5.0611806,0,0,0,536.53516,493.76752,501.46768,0,0,0,TRUE
11526,643.3470652,0.34706519999997454,5.0715795,0,0,0,206.00328,158.35718,134.31548,0,0,0,TRUE
11532,589.2102216,0.21022159999995438,5.0736156,0,0,0,1375.7737,1457.7627,1386.7626,0,0,0,TRUE
11536,584.2545325,0.25453249999998206,5.0761867,0,0,0,19846.422,22125.895,20548.87,0,0,0,TRUE
11584,546.3073168,0.30731679999996686,5.1163793,0,0,0,3790.1204,3650.1526,3435.7,0,0,0,TRUE
1159,309.1295039,0.1295038999999747,0.5401073,0,0,0,416809.88,424810,409413.7,0,0,0,TRUE
11599,567.2357104,0.2357104000000163,5.1226153,0,0,0,1407.1426,1742.2158,1387.9666,0,0,0,TRUE
11614,496.276622,0.27662199999997483,5.128782,0,0,0,1002.4918,1203.3517,1024.3018,0,0,0,TRUE
11621,599.3242265,0.32422650000000885,5.133343,0,0,0,1558.269,1677.5662,1357.4197,0,0,0,TRUE
11632,655.2904118,0.2904118000000153,5.1353664,0,0,0,9832.449,10880.5779,8683.6856,0,0,0,TRUE
11662,517.2266497,0.2266497000000527,5.1479497,0,0,0,14253.519,15823.843,15603.1875,0,0,0,TRUE
1175,282.1187762,0.11877620000001343,0.54203445,0,0,0,106208.22,114640.516,108034.414,0,0,0,TRUE
11753,767.4235891,0.4235890999999583,5.2003345,0,0,0,2486.4595,2813.8516,2913.9812,0,0,0,TRUE
11764,784.4499154,0.44991540000000896,5.2023735,0,0,0,117396.71,129171.69,125041.65,0,0,0,TRUE
11767,271.2276737,0.2276737000000253,5.2098994,199.05577,242.82237,72.21146,3664.4685,3724.482,3930.8198,133.77869,99.04113,168.35304,TRUE
11773,805.3786079,0.37860790000002,5.2044163,0,0,0,2823.1545,3213.8694,2878.3708,0,0,0,TRUE
11776,289.2376866,0.23768660000001773,5.206431,0,0,0,2593.1685,2389.4624,2507.2915,0,0,0,TRUE
11785,509.2531425,0.25314250000002403,5.2105064,0,0,0,7755.4976,8225.651,6965.8975,0,0,0,TRUE
11786,549.2164589,0.21645890000002055,5.2105103,0,0,0,6129.379,6747.5103,6381.252,0,0,0,TRUE
11809,584.254304,0.2543040000000474,5.216577,0,0,0,9544.335,10712.149,10647.575,0,0,0,TRUE
11814,491.2410322,0.24103220000000647,5.218613,0,0,0,8415.528,9949.071,9058.926,0,0,0,TRUE
11821,486.2858234,0.2858234000000266,5.222693,0,0,0,4199.8833,5272.661,4567.503,0,0,0,TRUE
11842,611.2541574,0.2541574000000537,5.2471275,0,0,0,22689.053,25544.44,22153.238,0,0,0,TRUE
11849,628.2807547,0.2807546999999886,5.251239,0,0,0,25877.078,29765.941,27132.92,0,0,0,TRUE
11853,435.2536294,0.25362940000002254,5.255357,0,0,0,119620.34,128491.84,111477.805,0,0,0,TRUE
11867,417.2429932,0.2429932000000008,5.259417,0,0,0,4710.5703,5389.682,4633.6836,0,0,0,TRUE
11869,488.2279108,0.22791080000001784,5.2581744,64.21532,208.16046,154.05138,744402.953,818162.8046,697761.8627,181.51776,157.1909,241.80833,TRUE
11887,299.1635568,0.16355679999998074,5.279938,421.8113,460.8585,578.5573,13389.099,13763.264,11675.371,265.8349,196.97221,416.5614,TRUE
1189,475.1776048,0.17760479999998324,0.54396147,0,0,0,186855.28,209285.89,190405.14,0,0,0,TRUE
11891,493.1818746,0.18187460000001465,5.262061,0,0,0,879173.9917,920298.8150000001,864423.8505,0,0,0,TRUE
11901,979.5007747,0.5007746999999654,5.2620616,0,0,0,14064.419,16049.04,12300.891,0,0,0,TRUE
11909,958.567876,0.5678759999999556,5.264087,0,0,0,4882.187,5596.7344,3650.3733,0,0,0,TRUE
11912,531.3070546,0.30705460000001494,5.264708,0,0,0,42239.363,46224.55,38215.29,0,0,0,TRUE
11945,469.259468,0.2594680000000267,5.287588,0,0,0,7998.653,12061.143,10496.219,0,0,0,TRUE
11951,486.2857882,0.28578820000001315,5.2896037,0,0,0,3654.9436,2996.9355,2525.1138,0,0,0,TRUE
11985,525.2257211,0.22572109999998702,5.311652,0,0,0,4064.7168,4665.6733,4328.4385,0,0,0,TRUE
11995,242.1155756,0.11557559999999967,5.3177133,0,0,0,1113.8992,993.19794,965.23535,0,0,0,TRUE
11998,505.2633444,0.26334439999999404,5.3197446,0,0,0,3078.6506,3268.8306,3361.4958,0,0,0,TRUE
12006,522.2893487,0.289348700000005,5.321764,0,0,0,1889.2323,2057.548,2090.1526,0,0,0,TRUE
12007,527.2456677,0.2456677000000127,5.3217697,0,0,0,5768.2007,5666.068,6079.994,0,0,0,TRUE
12012,575.2304457,0.2304457000000184,5.323789,0,0,0,23417.1653,25170.0202,23254.607,0,0,0,TRUE
12018,436.285697,0.2856970000000274,5.3258023,0,0,0,1635.6921,1618.0543,1451.2374,0,0,0,TRUE
12020,591.2040728,0.20407279999994898,5.325826,0,0,0,3766.942,4154.996,4008.3762,0,0,0,TRUE
12024,639.3161083,0.31610829999999623,5.325838,0,0,0,5133.371,5850.573,4997.2407,0,0,0,TRUE
12029,534.2535749,0.2535748999999896,5.327851,0,0,0,11675.993,13377.258,12529.989,0,0,0,TRUE
12034,655.2910735,0.2910735000000386,5.327856,0,0,0,1090.8492,1260.4916,1029.91,0,0,0,TRUE
12039,419.258865,0.25886500000001433,5.3298693,0,0,0,48157.55,53274.406,48097.23,0,0,0,TRUE
12041,597.2121599,0.21215989999996054,5.329864,0,0,0,9062.205,10358.98,9293.816,0,0,0,TRUE
12049,499.2154578,0.21545780000002424,5.3339114,0,0,0,4005.811,4637.6113,4209.8213,0,0,0,TRUE
12065,435.2539904,0.2539904000000206,5.341984,0,0,0,12127.408,14054.929,12265.962,0,0,0,TRUE
12075,491.2409216,0.24092159999997875,5.3506947,0,0,0,4822.9346,5789.5186,4775.42,0,0,0,TRUE
12079,486.2857809,0.2857809000000202,5.354689,0,0,0,2803.137,3091.1091,3061.5317,0,0,0,TRUE
121,255.9417344,0.9417344000000014,0.38238192,156.61841,214.42197,171.43184,4729.9688,5653.565,5424.2583,274.04895,412.787,330.22168,TRUE
12104,710.3982441,0.3982441000000563,5.37088,0,0,0,2951.3281,3267.2297,3202.6077,0,0,0,TRUE
12119,715.3528081,0.35280809999994744,5.3769574,0,0,0,1507.5387,1726.5046,2099.957,0,0,0,TRUE
1213,198.0977077,0.09770770000000084,0.5517218,661.54865,640.03973,1003.6848,329680.03,307596.78,283609.38,721.03455,341.42697,274.51477,TRUE
12154,459.3110978,0.3110978000000273,5.391085,0,0,0,2552.574,2648.509,2757.8335,0,0,0,TRUE
12157,481.2934862,0.293486200000018,5.393103,0,0,0,1220.9304,1250.029,1382.6956,0,0,0,TRUE
12185,369.2044415,0.20444149999997308,5.409262,0,0,0,897.0935,869.36957,688.09564,0,0,0,TRUE
1221,139.0574944,0.05749439999999595,0.5509528,87.6062,208.13156,156.15424,410619.28,412392.56,392565.3,126.04351,150.45935,63.57099,TRUE
12230,181.1228488,0.12284880000001408,5.4259205,5487.802,5875.8267,5309.168,269139.6,270849.6,247271,6185.3525,3446.0718,4995.288,TRUE
12237,395.1592859,0.1592858999999862,5.423407,0,0,0,698.27094,480.29507,710.35455,0,0,0,TRUE
12244,471.2744437,0.2744437000000062,5.4347095,0,0,0,11493.534,12745.085,12629.892,0,0,0,TRUE
1225,414.0458666,0.04586660000001075,0.5478156,0,0,0,10640.569,11759.744,11798.027,0,0,0,TRUE
12254,488.3015486,0.3015485999999896,5.437338,0,0,0,11965.931,12698.26,11750.016,0,0,0,TRUE
12261,509.2307055,0.23070549999999912,5.4413695,0,0,0,12618.552,11890.804,11686.045,0,0,0,TRUE
12270,469.259929,0.25992899999999963,5.445406,0,0,0,3741.824,4246.4346,3913.8643,0,0,0,TRUE
12272,491.2409363,0.2409362999999871,5.4454117,0,0,0,24114.653700000003,27141.4546,22884.7285,0,0,0,TRUE
12276,507.2145696,0.21456960000000436,5.4474297,0,0,0,4212.386,4611.0566,3921.2864,0,0,0,TRUE
12284,453.2635489,0.2635488999999893,5.4494534,0,0,0,18935.115,20774.672,18514.266,0,0,0,TRUE
12285,535.2369776,0.23697760000004564,5.4494476,0,0,0,4721.7656,4395.5977,3738.6282,0,0,0,TRUE
12287,552.2658001,0.26580009999997856,5.4189105,78.3989,36.607735,161.62128,2523.9868,2660.455,2735.3433,75.19188,147.2941,114.478714,TRUE
12293,435.2540189,0.2540189000000055,5.457563,0,0,0,15712.914,17836.96,15558.3,0,0,0,TRUE
1235,140.0621074,0.062107400000002144,0.49985346,24.86802,73.5634,132.47623,14487.715,13849.633,15586.328,116.19487,42.5542,94.4836,TRUE
1238,255.1079063,0.10790629999999624,0.54974276,0,0,0,44518.094,49476.47,46131.246,0,0,0,TRUE
12473,612.2863243,0.2863243000000466,5.5455394,0,0,0,8064.736,8806.668,8846.921,0,0,0,TRUE
1248,162.076486,0.07648599999998851,0.5608644,2354.8064,2772.332,1591.2748,137925.55,141780.31,127839.42,2238.6167,264.52954,1397.9333,TRUE
12482,333.2055461,0.2055460999999923,5.5615106,73.82309,92.16885,108.05249,3236.9126,3816.0618,3603.6052,54.84677,115.97201,55.074642,TRUE
12483,595.2590533,0.25905330000000504,5.5495973,0,0,0,12476.853,14592.381,13082.521,0,0,0,TRUE
12491,617.2413303,0.2413302999999587,5.5516095,0,0,0,938.3329,1215.0381,1064.2997,0,0,0,TRUE
12514,963.5248815,0.5248814999999922,5.567772,0,0,0,8191.579,8346.18,6378.644,0,0,0,TRUE
12518,486.3433082,0.34330820000002404,5.5698013,0,0,0,1175.0328,1047.0796,764.52844,0,0,0,TRUE
1252,345.1292765,0.12927650000000313,0.5555247,0,0,0,6818.241,9017.12,7525.9937,0,0,0,TRUE
12529,509.231005,0.23100499999998192,5.569801,0,0,0,98676.664,104708.61,94371.19,0,0,0,TRUE
12547,979.4992969,0.4992968999999903,5.5718236,0,0,0,1955.1753,2289.6987,1459.1886,0,0,0,TRUE
1258,104.071372,0.07137199999999666,0.5551544,1134.0496,1040.1165,2296.6404000000002,257533.33,263764.47,232138.84,1822.6284,1820.3096,482.48285,TRUE
1261,360.1508185,0.15081850000001396,0.55230343,5284.485,5167.9736,7055.586,6243336,6578810.5,6352820,4663.8647,5061.6685,3054.0725,TRUE
1263,115.0378367,0.03783669999999972,0.50180024,256.004,193.28825,143.92883,22960.219,24130.05,21256.305,339.76413,224.64471,186.67143,TRUE
1264,116.0712063,0.07120630000000006,0.56172156,10601.09,17295.982,12332.646,2822176,2852950.5,2581267,10897.847,19404.725,14327.758,TRUE
12697,627.3529334,0.3529333999999835,5.6444554,0,0,0,2430.806,2712.5159,2529.0852,0,0,0,TRUE
12698,556.2958928,0.2958928000000469,5.6444907,0,0,0,21545.691,22483.549,21551.572,0,0,0,TRUE
12710,605.3701719,0.3701718999999457,5.6464868,0,0,0,1009.0626,1151.6919,1025.3762,0,0,0,TRUE
12733,331.1903939,0.19039390000000367,5.6593227,51.35781,32.739334,43.49083,11457.513,11799.059,10599.947,29.486298,27.042286,40.86968,TRUE
12748,546.307428,0.30742799999995896,5.673101,0,0,0,4994.688,5414.4517,5138.9565,0,0,0,TRUE
12749,511.2695063,0.2695062999999891,5.6731057,0,0,0,1207.3734,1325.518,1131.2994,0,0,0,TRUE
12755,551.2646636,0.26466359999994893,5.6751714,0,0,0,1027.1802,1276.5786,1333.7396,0,0,0,TRUE
12773,538.2845395,0.2845395000000508,5.6868763,0,0,0,5571.4697,5836.7036,5703.1836,0,0,0,TRUE
12780,521.2581019,0.2581019000000424,5.6889634,0,0,0,22204.51,23704.596,22863.191,0,0,0,TRUE
1280,702.2676934,0.26769339999998465,0.5535969,0,0,0,15699.907,18661.047,19073.396,0,0,0,TRUE
12811,525.2261892,0.22618920000002163,5.7054462,0,0,0,1369.3224,1303.5417,1302.1619,0,0,0,TRUE
12814,504.2964594,0.29645940000000337,5.7054667,0,0,0,19731.654,21866.936,21446.371,0,0,0,TRUE
12823,451.2489555,0.2489555000000223,5.7075267,0,0,0,14553.539,14916.201,14247.065,0,0,0,TRUE
12859,773.4104178,0.4104178000000047,5.732403,0,0,0,584.108,660.5452,702.0221,0,0,0,TRUE
12860,768.4554423,0.4554422999999588,5.7344937,0,0,0,2892.5906,2807.5864,2906.6523,0,0,0,TRUE
12868,486.2870359,0.28703589999997803,5.740143,0,0,0,17722.217,18532.658,15805.748,0,0,0,TRUE
12899,331.1900356,0.19003559999998743,5.735719,0,35.80397,32.711502,9626.506,10167.052,9030.323,29.486298,27.042286,37.869602,TRUE
12909,507.2142474,0.21424739999997655,5.756575,0,0,0,2851.4883,3554.5693,3184.635,0,0,0,TRUE
12911,491.2414114,0.24141140000000405,5.7586226,0,0,0,7375.1504,8086.603,7063.8936,0,0,0,TRUE
12913,435.2539514,0.2539514000000054,5.760647,0,0,0,23140.812,25032.502,21688.727,0,0,0,TRUE
12926,452.2798408,0.2798407999999881,5.7652836,0,0,0,1847.5233,2477.4775,1750.2112,0,0,0,TRUE
12950,502.3168437,0.3168436999999926,5.7725487,0,0,0,12363.953,12855.461,12046.701,0,0,0,TRUE
12958,979.4987463,0.4987462999999934,5.776591,0,0,0,656.7635,791.8856,517.87317,0,0,0,TRUE
12975,963.5242079,0.5242078999999649,5.7745624,0,0,0,1047.1328,1281.154,931.36475,0,0,0,TRUE
12992,548.3447832,0.3447832000000517,5.7786145,0,0,0,1816.7384,2204.3022,1787.4243,0,0,0,TRUE
1300,425.0864191,0.08641910000000053,0.55166984,0,0,0,3406.3599,3967.202,5529.183,0,0,0,TRUE
13014,570.275223,0.2752229999999827,5.7887177,0,0,0,15485.42,16724.344,15666.942,0,0,0,TRUE
13023,553.2498585,0.24985849999995935,5.7947793,0,0,0,1382.866,1480.0967,1266.1707,0,0,0,TRUE
13083,553.2992229,0.29922290000001794,5.8374467,0,0,0,3116.492,3525.0269,2962.3403,0,0,0,TRUE
13084,513.3074383,0.3074382999999443,5.837465,0,0,0,3533.4392,3696.5696,3533.886,0,0,0,TRUE
131,141.0061053,0.0061053000000015345,0.389016,48.081944,60.123413,30.390965,1524.0931,1879.9335,1930.5077000000001,36.52008,32.062172,45.960903,TRUE
13103,584.2544816,0.2544815999999628,5.8442283,0,0,0,9749.685,9762.636,11001.097,0,0,0,TRUE
13107,589.2098589,0.20985889999997198,5.8462906,0,0,0,795.8812,781.8221,718.19525,0,0,0,TRUE
1311,458.1872645,0.18726450000002615,0.55745107,0,0,0,191035.34,194641.98,185279.55,0,0,0,TRUE
13193,261.147228,0.14722799999998415,5.9341884,53.988407,48.08097,132.23264,1443.2402,1578.9323,1447.3025,47.21994,77.38889,48.654907,TRUE
132,146.0302461,0.030246099999999387,0.3821843,2120.7595,3948.752,1935.1873,36703.44,38957.61,42212.324,5816.237,1387.3805,4296.797,TRUE
13209,295.1905923,0.1905922999999916,5.929709,499.49792,224.15753,509.31024,5521.8667,5437.4546,5806.5825,386.9124,368.29474,512.28973,TRUE
13210,335.1839965,0.18399649999997791,5.9174213,70.34711,104.93978,85.63449,2969.436,3129.3801,2815.5508,178.57576,100.40152,88.541565,TRUE
1324,409.1127531,0.11275310000002037,0.5593789,0,0,0,28997.457,27501.766,23728.045,0,0,0,TRUE
1325,427.0775348,0.07753480000002355,0.56795657,32.68639,37.93606,93.75093,95106.36,96320.87,101521.83,31.58863,47.73438,35.055843,TRUE
13260,570.2752348,0.2752348000000211,5.9278584,0,0,0,10500.896,11461.296,11793.488,0,0,0,TRUE
13267,553.2479353,0.24793529999999464,5.92993,0,0,0,12285.868,13668.159,13104.066,0,0,0,TRUE
133,147.0255721,0.025572100000005094,0.39545515,96.30885,119.69893,170.58008,3532.5361,4218.631,4233.4653,142.19034,201.18274,62.60927,TRUE
13323,961.5760345,0.5760344999999916,5.959639,0,0,0,4187.06,6033.784,5036.6387,0,0,0,TRUE
13344,263.143766,0.14376600000002782,5.971151,165.8852,59.431015,166.21162,220244.47,259991.55,228501.53,82.19702,89.74002,98.086494,TRUE
13347,509.2308252,0.2308252000000266,5.9616814,0,0,0,177235.95,202461.75,185129.7,0,0,0,TRUE
13364,979.4986876,0.4986876000000393,5.9616914,0,0,0,61418.451,74268.842,63641.173,0,0,0,TRUE
13369,577.2199658,0.21996579999995447,5.9616838,0,0,0,11120.043899999999,10448.6649,9961.0838,0,0,0,TRUE
13379,281.1538311,0.15383109999999078,5.9326954,602.59717,870.0802,231.09464,28954.725,32181.11,27510.854,368.71997,400.82748,692.0957,TRUE
1338,336.0961178,0.09611780000000181,0.5632345,0,0,0,111785.016,118527.59,113900.43,0,0,0,TRUE
13385,561.2453141,0.24531409999997322,5.963745,0,0,0,15361.012,17400.496,13857.343,0,0,0,TRUE
13388,1433.79151,0.7915100000000166,5.9637427,0,0,0,16285.092,20393.14,16575.54,0,0,0,TRUE
1339,443.0492109,0.0492108999999914,0.56323373,0,0,0,15730.75,18684.7,21066.893,0,0,0,TRUE
13399,502.3168141,0.3168140999999878,5.965795,0,0,0,124069.89,138544.05,125993.37,0,0,0,TRUE
1340,193.0709413,0.070941299999987,0.56327605,0,0,0,28217.922,25388.152,24154.217,0,0,0,TRUE
13441,874.4748816,0.47488160000000335,5.9840837,0,0,0,5125.638,4636.4087,4982.0444,0,0,0,TRUE
13445,895.4033943,0.40339429999994536,5.9861183,0,0,0,6123.0806,5602.4307,4478.989,0,0,0,TRUE
135,165.0535751,0.053575099999989106,0.39310896,26.550898,56.041084,20.477877,1163.752,1304.504,1377.4366,28.94653,21.442032,31.17192,TRUE
1355,130.0503611,0.05036110000000349,0.56947875,4649.3657,4558.503,5377.1143,1738838,1834487.5,1664224,5003.281,5244.2427,5164.664,TRUE
1359,278.1236622,0.12366220000001249,0.57098514,0,0,0,104187.805,107707.67,104089.695,0,0,0,TRUE
13597,486.2856494,0.28564940000001116,6.0247087,360.976,371.88016,504.5312,28331.854,31269.795,28666.514,340.2428,470.1981,260.38434,TRUE
13598,451.2489545,0.24895450000002484,6.0751305,0,0,0,2710.2666,2770.4614,2617.8953,0,0,0,TRUE
13629,289.1798513,0.17985129999999572,6.123905,47.723003,39.5063,36.35678,12802.634,13538.137,11506.281,50.272343,35.022125,36.741604,TRUE
13631,345.1473631,0.14736310000000685,6.095927,0,0,0,807.82446,919.0657,854.6948,0,0,0,TRUE
13682,595.1967628,0.1967627999999877,6.116995,0,0,0,4352.018,4255.0127,3802.174,0,0,0,TRUE
13700,437.2694668,0.26946679999997514,6.1230664,0,0,0,82686.05,90936.12,75353.94,0,0,0,TRUE
13705,931.5334092,0.533409200000051,6.1210427,0,0,0,393.26138,472.17737,419.90836,0,0,0,TRUE
13711,365.2315213,0.23152129999999715,6.117962,53.23658,37.919395,32.486958,2405.9453,3119.0984,1666.3265,35.338715,43.02664,44.393166,TRUE
13713,477.2620806,0.2620805999999902,6.1250954,0,0,0,44069.21,48670.83,40521.848,0,0,0,TRUE
13718,573.2149253,0.21492530000000443,6.125097,0,0,0,4604.4434,5269.7124,4310.5366,0,0,0,TRUE
13732,568.2594872,0.25948719999996683,6.127125,0,0,0,67977.348,79382.21059999999,71272.178,0,0,0,TRUE
13745,436.2857734,0.2857733999999823,6.1332073,0,0,0,505.22205,743.8044,791.8145,0,0,0,TRUE
13747,360.2528233,0.25282329999998865,6.1352158,0,0,0,3172.2214,3522.0105,3287.0325,0,0,0,TRUE
13751,530.3122362,0.3122362000000294,6.137238,0,0,0,1136.1156,1521.5286,1247.8463,0,0,0,TRUE
13752,513.285885,0.2858850000000075,6.137245,0,0,0,2783.1328,3168.7673,2737.9424,0,0,0,TRUE
13896,360.2526753,0.25267530000002125,6.2078996,0,0,0,3929.406,4609.563,3732.698,0,0,0,TRUE
1391,460.2030158,0.20301580000000286,0.57897615,0,0,0,175194.34,167366.6,160353.4,0,0,0,TRUE
13919,437.2697492,0.2697491999999784,6.2217193,0,0,0,11280.684,11940.011,10627.617,0,0,0,TRUE
13920,454.2959837,0.29598370000002205,6.2221184,0,0,0,2194.5007,2113.0796,1446.0012,0,0,0,TRUE
13921,477.2621672,0.2621672000000217,6.2225585,0,0,0,8915.934,9724.947,7957.1973,0,0,0,TRUE
13982,335.2217756,0.22177560000000085,6.231371,166.45288,273.67532,205.76253,5302.766,5612.8887,4809.8384,214.54425,169.84094,228.69067,TRUE
13983,313.2382128,0.23821279999998524,6.2422915,172.98177,112.21275,168.44098,3130.9668,3138.3599,3144.1216,150.06032,200.83322,168.10771,TRUE
14060,549.2260019,0.2260019000000284,6.2905655,0,0,0,1434.1217,1622.6578,1090.2793,0,0,0,TRUE
14079,533.2522904,0.2522903999999926,6.294722,0,0,0,3550.6096,3984.4814,3310.6465,0,0,0,TRUE
14082,468.2752629,0.2752628999999729,6.2967925,0,0,0,1142.4816,1339.9216,1132.457,0,0,0,TRUE
14091,513.2860847,0.2860846999999467,6.3226295,0,0,0,21072.129,23338.52,23023.818,0,0,0,TRUE
14094,551.2420099,0.2420098999999709,6.3013597,0,0,0,12561.958,14333.073,11519.663,0,0,0,TRUE
14204,530.3125878,0.3125877999999602,6.3571944,0,0,0,38554.38,41096.96,35202.434,0,0,0,TRUE
14219,477.2621166,0.262116600000013,6.3633957,0,0,0,6268.8687,6916.724,5612.378,0,0,0,TRUE
14223,437.2693523,0.26935229999998,6.365442,0,0,0,14698.104,15197.418,11482.645,0,0,0,TRUE
14224,493.2347387,0.23473869999997987,6.365448,0,0,0,1357.6323,1614.1772,1252.3899,0,0,0,TRUE
14233,472.3069271,0.3069270999999958,6.3695602,0,0,0,8849.467,9678.262,8505.481,0,0,0,TRUE
14250,861.4107057,0.41070569999999407,6.387851,0,0,0,501.56787,712.30634,590.21423,0,0,0,TRUE
14252,856.4560123,0.4560122999999976,6.386116,0,0,0,3136.1345,3712.0098,3278.3975,0,0,0,TRUE
14258,435.2541376,0.25413759999997865,6.389582,0,0,0,13155.934,15045.675,12034.518,0,0,0,TRUE
14368,249.1854293,0.1854293000000098,6.4543095,124.328415,562.0478,336.44574,5389.127,5958.4478,5343.0093,183.93437,348.99536,289.59872,TRUE
14433,477.2620903,0.2620903000000112,6.4687505,0,0,0,20300.473,20526.621,17601.688,0,0,0,TRUE
14440,472.3069067,0.3069067000000132,6.4707932,0,0,0,57055.188,56247.277,48219.617,0,0,0,TRUE
14447,475.2463527,0.24635269999998854,6.4744306,0,0,0,1882.831,1829.9894,1332.0883,0,0,0,TRUE
14457,470.2912162,0.29121620000000803,6.478161,0,0,0,7249.2856,7023.9927,6022.3066,0,0,0,TRUE
145,244.9475245,0.9475244999999859,0.37269926,5392.9536,4788.456,2039.008,46231.58,50213.715,55452.008,2226.013,5194.8535,7832.9863,TRUE
14561,535.2675964,0.2675964000000022,6.5380993,0,0,0,1116.2642,1217.3488,1118.4796,0,0,0,TRUE
14573,495.2752394,0.2752393999999754,6.542175,0,0,0,700.44904,438.2521,509.12634,0,0,0,TRUE
14578,513.2865336,0.2865335999999843,6.544173,0,0,0,1838.6182,1696.0712,1467.7205,0,0,0,TRUE
1461,302.1210027,0.12100270000001956,0.58292955,0,0,0,9943.424,9441.449,11324.122,0,0,0,TRUE
14677,699.3586238,0.35862380000003213,6.5798125,0,0,0,1481.0444,1822.8604,1558.6365,0,0,0,TRUE
1472,316.1607675,0.16076750000001994,0.5848567,0,0,0,14526.268,16773.76,16411.168,0,0,0,TRUE
14735,504.319716,0.3197160000000281,6.5832396,72.536545,71.16941,37.047863,4510.4053,4969.2886,4605.678,39.68173,74.17406,97.47971,TRUE
14744,509.2731256,0.2731256000000144,6.615524,0,0,0,2171.505,2220.7097,2242.2173,0,0,0,TRUE
1479,182.0818066,0.08180659999999307,0.5835974,1654.1014,1723.8295,2286.1238,35791.03,33191.36,32386.654,2091.7935,2218.6672,2206.2673,TRUE
14807,436.2858541,0.28585409999999456,6.645965,0,0,0,5672.8574,4769.4893,4418.6406,0,0,0,TRUE
14834,472.306738,0.30673799999999574,6.652029,0,0,0,226503.22,221618.94,193811.23,0,0,0,TRUE
14835,486.3220749,0.32207490000001826,6.6520295,0,0,0,19090.256,15019.713,14489.528,0,0,0,TRUE
1486,402.1613096,0.1613095999999814,0.58095384,0,0,0,5704.2734,5779.798,5814.726,0,0,0,TRUE
14904,477.2619842,0.26198419999997213,6.6702423,0,0,0,101594.91,99160.58,86119.16,0,0,0,TRUE
14917,493.2360009,0.23600090000002183,6.6755033,0,0,0,40977.535,40624.94,35079.977,0,0,0,TRUE
14935,475.2463759,0.24637589999997545,6.68362,0,0,0,32115.22,30774.703,26018.096,0,0,0,TRUE
14943,491.2196623,0.21966229999998177,6.6862655,0,0,0,12108.105,11930.195,9414.468,0,0,0,TRUE
14948,437.2725036,0.2725035999999932,6.7356095,685.7775,665.489,291.09412,102400.445,107846.36,89183.32,401.30804,614.1708,623.306,TRUE
14970,391.2471791,0.24717909999998255,6.7151427,0,36.088413,41.554573,15742.205,15692.987,14361.54,38.272366,46.34881,45.505184,TRUE
14972,470.2976049,0.2976049000000103,6.746442,474.9386,699.5029,830.9173,29341.41,29199.87,25712.904,688.25836,737.5245,306.1292,TRUE
15016,279.1955012,0.1955012000000238,6.738343,438.1718,218.39091,123.3595,8828.506,8203.698,7206.251,382.7862,132.80177,333.11133,TRUE
15062,699.3583734,0.35837340000000495,6.743767,0,0,0,13554.658,13513.1045,11549.598,0,0,0,TRUE
15064,715.3322377,0.33223769999995056,6.744188,0,0,0,1313.4427,1237.6326,1029.7997,0,0,0,TRUE
15072,694.4031594,0.4031594000000496,6.745807,0,0,0,35163.855,39309.617,32288.432,0,0,0,TRUE
1508,256.1398958,0.1398957999999766,0.58489895,0,0,0,20591.672,20592.148,20409.457,0,0,0,TRUE
1509,274.0920355,0.0920355000000086,0.59050095,186.02524,231.78247,118.64017,105057.234,107380.02,108132.09,143.67699,129.94351,115.83174,TRUE
151,267.0131306,0.013130600000010872,0.4157178,0,0,0,2723.7239,3970.5415,4269.1978,0,0,0,TRUE
15148,493.2354297,0.2354296999999974,6.7724223,0,0,0,46772.984,43894.47,39012.85,0,0,0,TRUE
15157,477.2617039,0.26170389999998633,6.7744565,0,0,0,34883.156,33884.19,29366.6,0,0,0,TRUE
15275,540.3071081,0.3071081000000504,6.836118,0,0,0,1122.0084,1359.0325,1087.3818,0,0,0,TRUE
15283,518.3254498,0.32544980000000123,6.8415985,0,0,0,25043.42,25666.123,23480.57,0,0,0,TRUE
1547,319.0999365,0.09993650000001253,0.5868261,0,0,0,72114.905,76604.35500000001,74656.99,0,0,0,TRUE
15546,443.3166373,0.3166373000000249,6.9566503,0,0,0,3269.4185,3243.18,3079.2305,0,0,0,TRUE
15547,460.3430167,0.34301670000002105,6.9566536,0,0,0,650.576,629.018,459.85223,0,0,0,TRUE
15561,451.2488534,0.24885339999997313,6.9647713,0,0,0,2206.1648,2100.9382,1884.4008,0,0,0,TRUE
15565,469.2598178,0.25981780000000754,6.966795,0,0,0,4228.0605,3813.4321,3903.5625,0,0,0,TRUE
15576,491.2419414,0.24194139999997333,6.9688725,0,0,0,8934.825,7939.8574,7651.75,0,0,0,TRUE
15582,493.2358006,0.23580060000000458,6.970902,0,0,0,14369.376,13138.793,12298.105,0,0,0,TRUE
15583,486.2859603,0.2859602999999993,6.9709034,0,0,0,6432.8022,6112.614,6184.161,0,0,0,TRUE
15585,477.2613801,0.2613800999999967,6.9729323,0,0,0,25050.297,22815.55,21422.23,0,0,0,TRUE
15637,625.3222079,0.3222078999999667,7.0028343,0,0,0,1576.7621,1683.4653,1653.1055,0,0,0,TRUE
15733,491.2197769,0.2197768999999994,7.032999,0,0,0,25700.154,23328.191,21062.482,0,0,0,TRUE
15740,475.2462964,0.24629640000000563,7.0350327,0,0,0,46827.766,43231.344,39669.07,0,0,0,TRUE
15805,472.3055734,0.3055734000000143,7.073713,0,0,0,20455.34,17503.316,18154.984,0,0,0,TRUE
15807,455.2798603,0.27986029999999573,7.0695853,0,0,0,3064.566,2113.846,2319.156,0,0,0,TRUE
1581,337.0899785,0.08997849999997243,0.58875316,0,0,0,10691.128,12738.449,13159.718,0,0,0,TRUE
15903,625.3219672,0.32196720000001733,7.121273,0,0,0,6129.0176,6303.7427,5740.1006,0,0,0,TRUE
15912,491.2187968,0.2187968000000069,7.1234183,0,0,0,2144.2568,1971.1714,1667.1013,0,0,0,TRUE
15916,620.3666974,0.36669740000002093,7.1254716,0,0,0,17311.629,17940.713,17011.588,0,0,0,TRUE
1598,307.0797519,0.0797519000000193,0.59068024,0,0,0,9014.703,9707.755,10204.732,0,0,0,TRUE
160,263.9815721,0.981572099999994,0.4177358,0,0,0,10248.972866,14973.07862,16215.0558,0,0,0,TRUE
16121,317.17377750000003,0.17377750000002834,7.2410283,127.57727,99.32823,110.98301599999999,12145.3651,12240.4553,10517.297,86.43480600000001,86.86062999999999,150.101447,TRUE
16122,491.2434028,0.24340280000001258,7.199497,0,0,0,2975.3198,2835.1145,2935.9744,0,0,0,TRUE
16126,696.4189073,0.41890730000000076,7.203549,0,0,0,3982.963,4038.6345,3229.6929,0,0,0,TRUE
16133,701.3744819,0.37448189999997794,7.2075925,0,0,0,1648.7234,1573.0735,1412.0935,0,0,0,TRUE
16170,535.2469512,0.24695120000001225,7.2156672,0,0,0,8493.499,7722.757,6571.45,0,0,0,TRUE
16177,423.1536389,0.15363889999997582,7.2176986,0,0,0,1064.0969,1013.98016,999.8616,0,0,0,TRUE
16178,519.272879,0.272878999999989,7.21769,0,0,0,15314.035,14298.171,12713.246,0,0,0,TRUE
16203,424.1693303,0.1693303000000128,7.2237763,0,0,0,2808.2397,2722.4731,2548.6047,0,0,0,TRUE
16215,355.1658573,0.1658573000000274,7.2278214,0,0,0,2427.398,2055.9824,2225.3718,0,0,0,TRUE
1624,277.0688762,0.06887619999997696,0.5926074,0,0,0,15165.169,15126.247,16186.703,0,0,0,TRUE
16319,440.1431532,0.143153199999972,7.2787375,0,0,0,413.37717,406.12067,654.05975,0,0,0,TRUE
1632,321.0962625,0.09626250000002301,0.5945352,0,0,0,3904.0205,3558.185,4991.5166,0,0,0,TRUE
16336,553.2783345,0.27833450000002813,7.29038,0,0,0,768.2153,706.1804,657.9168,0,0,0,TRUE
16337,537.3047271,0.30472710000003644,7.290418,0,0,0,2618.5593,2777.7173,2301.1365,0,0,0,TRUE
16359,423.1532465,0.15324650000002293,7.297156,0,0,0,540.12695,457.23016,475.78976,0,0,0,TRUE
16388,333.1829259,0.18292589999998654,7.302143,0,0,0,776.7939,612.89545,669.8333,0,0,0,TRUE
16430,520.3375859,0.33758590000002187,7.3066993,213.28531,174.22382,85.30631,15591.854,15205.257,14982.934,90.43053,63.162956,135.29231,TRUE
1652,132.1023718,0.10237179999998602,0.59948754,7748.8286,7473.3213,7798.8057,157707.19,167491.23,161330.72,9333.513,8051.8823,9372.574,TRUE
16639,617.2725032,0.2725031999999601,7.3946495,0,0,0,2315.6562,2446.9316,2127.577,0,0,0,TRUE
16640,612.3173831,0.3173831000000291,7.3959966,0,0,0,2563.3752,2606.2378,2305.0098,0,0,0,TRUE
16641,577.2790651,0.27906510000002527,7.396066,0,0,0,2633.9514,3127.083,2599.3047,0,0,0,TRUE
16646,595.2902518,0.29025179999996453,7.3981915,0,0,0,5337.331,4946.1978,4852.7144,0,0,0,TRUE
16656,447.2516134,0.25161339999999655,7.4041038,0,0,0,1088.1418,985.3321,1010.3385,0,0,0,TRUE
16664,442.2963093,0.29630930000001854,7.4023976,0,0,0,1459.0793,1121.9485,1275.482,0,0,0,TRUE
16693,537.3047041,0.3047040999999808,7.434278,0,0,0,17240.42,17067.438,15865.725,0,0,0,TRUE
167,240.9533328,0.9533327999999983,0.4197483,0,0,0,768.46887,1040.1869,1235.47723,0,0,0,TRUE
16702,553.2785096,0.2785096000000067,7.436306,0,0,0,4140.8647,4413.385,4042.7869,0,0,0,TRUE
16833,331.1680035,0.16800349999999753,7.4888473,0,0,0,1010.72375,954.44055,826.4572,0,0,0,TRUE
16877,677.3739203,0.37392030000000887,7.522166,0,0,0,2201.586,2113.3008,1872.208,0,0,0,TRUE
17002,293.2110879,0.21108789999999544,7.570766,220.76022,296.15228,117.59143,21047.68,21978.924,18044.873,134.25778,305.1462,310.86545,TRUE
17008,519.2727246,0.2727245999999468,7.5568023,0,0,0,1179.2476,1093.3461,922.6798,0,0,0,TRUE
17012,497.2907842,0.2907842000000187,7.558851,0,0,0,21408.146,20475.713,17813.287,0,0,0,TRUE
17113,627.33796830000006,0.33796830000005684,7.6149974,0,0,0,1397.4796,1405.3502,1433.666,0,0,0,TRUE
17115,622.3825911,0.3825911000000133,7.616751,0,0,0,3710.151,3524.071,2966.2554,0,0,0,TRUE
17191,518.323096,0.3230959999999641,7.6475663,0,0,0,2730.3254,2698.5225,2444.3306,0,0,0,TRUE
17335,459.2513093,0.2513093000000026,7.7170396,0,0,0,3058.9543,2575.1653,2559.9631,0,0,0,TRUE
17384,421.2742838,0.2742837999999779,7.741467,0,0,0,3843.4773,4222.3867,4152.3906,0,0,0,TRUE
17392,461.2664896,0.2664895999999999,7.746863,0,0,0,1267.199,1307.0686,1136.8082,0,0,0,TRUE
17490,598.3815703,0.38157030000002123,7.81755,0,0,0,2552.1074,2761.11,2437.6536,0,0,0,TRUE
17491,603.3364105,0.33641050000005635,7.8175607,0,0,0,1028.8196,904.42224,1082.2712,0,0,0,TRUE
17557,596.3119811,0.31198110000002544,7.850969,0,0,0,16802.605,16558.105,15864.321,0,0,0,TRUE
17574,601.2669386,0.26693860000000313,7.8592477,0,0,0,3449.6252,3705.0945,3235.7822,0,0,0,TRUE
17577,623.2496295,0.24962949999996908,7.8546567,0,0,0,2038.3099,2829.5017,2722.7622,0,0,0,TRUE
176,130.0172965,0.01729649999998628,0.38318232,2893.2078,4055.7585,3601.0266,41001.145,47537.848,46656.605,2847.886,828.2108,3404.269,TRUE
17702,295.2274391,0.22743910000002643,7.9636745,1293.1234,411.6574,1062.61,23457.998,24508.65,22314.186,1736.201,1131.2189,1669.1434,TRUE
17715,454.296013,0.2960130000000163,7.9451528,0,0,0,2167.8857,2151.9778,1732.5378,0,0,0,TRUE
17721,459.251342,0.2513420000000224,7.947186,0,0,0,1117.7465,1116.7592,974.903,0,0,0,TRUE
17736,534.3649546,0.36495460000003277,7.959582,0,0,0,2284.0918,2096.3618,1979.25,0,0,0,TRUE
17741,539.32041160000006,0.32041160000005675,7.963658,0,0,0,1764.4355,1916.8737,1846.8529,0,0,0,TRUE
17758,603.3367528,0.3367527999999993,7.9717736,0,0,0,3899.7302,3884.1533,3511.1929,0,0,0,TRUE
17759,598.3815207,0.38152070000001004,7.9718003,0,0,0,7097.2725,6750.932,6613.4707,0,0,0,TRUE
17860,277.2164052,0.21640519999999697,8.052493,144.75314,319.47214,239.79617,9305.398,10254.47,9653.512,185.44543,193.88574,109.38045,TRUE
17865,295.2272771,0.2272770999999807,8.063875,849.68677,457.98688,1602.0425,26595.203,25765.965,22204.498,973.98254,1131.2189,476.297,TRUE
1802,178.995207,0.9952069999999935,0.66144687,70.20563,40.029305,56.568623,105443.31,99146.305,108797.586,38.709396,51.953403,41.439785,TRUE
18105,295.227391,0.22739100000001145,8.129548,849.68677,1272.1698,1920.1416,14845.933,14940.763,13072.713,982.919,1203.2396,939.5653,TRUE
18130,421.2746653,0.274665299999981,8.141468,0,0,0,4006.1497,3972.798,3395.7466,0,0,0,TRUE
18132,477.241797,0.24179700000001958,8.14148,0,0,0,7793.799,6965.0317,5705.6274,0,0,0,TRUE
18140,461.2666933,0.2666932999999858,8.143498,0,0,0,6300.077,6040.717,4836.881,0,0,0,TRUE
18515,459.2511765,0.2511764999999855,8.304817,0,0,0,1013.3685,1031.4504,870.43384,0,0,0,TRUE
186,200.9730532,0.9730532000000096,0.3972162,678.06175,729.71399,264.20435000000003,5571.9356,8162.6385,8248.7588,683.56392,371.19233999999994,441.565455,TRUE
18626,510.3652945,0.3652945000000045,8.355075,0,0,0,2408.9875,2591.6526,2225.9124,0,0,0,TRUE
18631,515.3202991,0.32029910000005657,8.361145,0,0,0,1897.5919,2311.95,1896.8469,0,0,0,TRUE
187,142.0352661,0.03526610000000119,0.38185114,26.185823,82.36227,36.29093,2450.0554,2919.9785,2723.9219,32.492455,29.46952,43.865498,TRUE
18849,454.2957372,0.29573720000001913,8.459941,0,0,0,2413.5383,2856.978,2423.4739,0,0,0,TRUE
20422,437.2690676,0.26906760000002805,9.2206335,0,0,0,3352.2478,3667.3787,3157.1992,0,0,0,TRUE
20430,459.2509689,0.2509688999999753,9.222646,0,0,0,1109.7312,1071.4464,747.40137,0,0,0,TRUE
2066,263.0531681,0.0531680999999935,0.7913873,0,0,0,4425.9272,3894.2297,4209.323,0,0,0,TRUE
2071,247.0793121,0.07931210000000988,0.7934055,0,0,0,12391.998,12874.111,11916.893,0,0,0,TRUE
20828,259.2060709,0.20607089999998607,9.45042,0,0,0,11778.031,13399.651,12002.124,0,0,0,TRUE
2118,307.0795434,0.07954339999997728,0.8034692,0,0,0,10003.623,10105.628,10079.435,0,0,0,TRUE
21209,970.6114582,0.6114582000000155,9.67807,0,0,0,4420.2197,5908.902,5711.5894,0,0,0,TRUE
21225,975.5658477,0.5658476999999493,9.688789,0,0,0,6039.3506,8743.075,7734.794,0,0,0,TRUE
21328,631.2547784,0.25477839999996377,9.724719,0,0,0,1768.2269,2596.7234,2063.1814,0,0,0,TRUE
2140,226.0454314,0.045431400000012445,0.8075059,252.33276,273.1619,136.8734,9358.46776,9730.53562,9764.47065,274.35248,198.08508,269.39465,TRUE
2148,102.0556712,0.05567120000000614,0.80058664,532.399,548.0994,350.25153,9646.892,9976.366,9426.216,469.7211,325.12103,245.02068,TRUE
21487,647.2497878,0.24978780000003553,9.799146,0,0,0,984.2116,1217.2585,1058.1852,0,0,0,TRUE
2151,137.0598975,0.059897500000005266,0.8177403,320.4269,339.75632,322.35,4700.8853,4343.5854,3682.8618,289.7306,199.55069,174.6234,TRUE
2153,163.0605809,0.060580899999990834,0.8025064,144.14914,81.63144,40.132908,13049.075,12534.624,12225.187,52.678062,51.88366,49.815964,TRUE
2157,174.0141885,0.014188499999988835,0.8129865,581.0756700000001,616.1531200000001,558.28617,8049.6119,7327.4382,8577.7942,802.83307,500.25974,501.46265,TRUE
21731,631.2549267,0.25492670000005546,9.926128,0,0,0,3472.5378,4553.0664,4598.0435,0,0,0,TRUE
21732,609.2727113,0.272711299999969,9.928165,0,0,0,18628.98,26337.602,26524.871,0,0,0,TRUE
2179,304.0799928,0.07999280000001363,0.80549353,0,0,0,60987.099799999996,66721.43089999999,63950.535299999996,0,0,0,TRUE
2183,335.0743932,0.07439319999997451,0.8054936,0,0,0,16411.164,15736.846000000001,15314.465400000001,0,0,0,TRUE
2201,136.062189,0.06218899999998939,0.80686975,7297.754,7355.5483,6711.5625,209060.25,208680.66,186768.62,5862.693,6509.6953,6812.7627,TRUE
221,245.9090076,0.9090075999999954,0.41976008,0,0,0,622.27893,775.3396,585.78656,0,0,0,TRUE
22107,593.277222,0.2772220000000516,10.132686,0,0,0,183780.02,238772.89,262861.62,0,0,0,TRUE
22112,615.2601253,0.260125300000027,10.134698,0,0,0,16055.852,20446.965,20569.219,0,0,0,TRUE
22119,631.2338251,0.23382509999999002,10.1347,0,0,0,1043.0902,1665.3779,1628.7974,0,0,0,TRUE
2215,123.0432182,0.04321819999999832,0.8342813,78.717186,158.84825,124.603035,8228.155,8310.31,7620.112,169.7277,165.86267,48.84713,TRUE
2216,124.0398866,0.03988660000000266,0.81498253,686.3779,876.40466,464.49927,30992.44,35422.297,30058.826,644.6066,152.42838,607.8385,TRUE
2232,196.0590388,0.05903879999999617,0.81753474,27.522226,32.086567,0,2686.8315,2649.8809,2613.0825,47.5339,33.835716,27.35019,TRUE
2233,204.0873167,0.08731670000000236,0.823217,43.774696,34.8406,39.07451,2514.5894,2351.4043,2579.7402,31.818668,45.727592,38.01554,TRUE
2245,258.1105782,0.11057820000002039,0.8101638,231.03156,259.19592,421.88425,22193.6745,21946.8367,21583.8226,524.4022,228.909,254.2719,TRUE
225,117.9909346,0.9909346000000028,0.41974902,0,0,0,651.444,886.1745,962.5361,0,0,0,TRUE
22661,593.2771542,0.2771542000000409,10.424472,0,0,0,45900.918,70505.22,42049.176,0,0,0,TRUE
2286,425.1092321,0.10923209999998562,0.8075178,0,0,0,3171.3367399999997,3542.3319,3194.568,0,0,0,TRUE
2287,499.2001137,0.20011369999997441,0.80953795,0,0,0,1136.133,1165.2631,1170.1434,0,0,0,TRUE
22886,535.2710759,0.271075900000028,10.5855665,0,0,0,14672.638,16218.588,10806.65,0,0,0,TRUE
2289,130.0503905,0.05039049999999179,0.80821925,5497.992,4928.037,7532.3457,343196.2,347289.47,343726.3,4498.909,5346.7964,4805.6577,TRUE
2299,130.062835,0.06283500000000686,0.83034223,46.669243,28.17043,28.801205,1733.037,1233.7776,1540.6312,57.9664,39.74592,33.19301,TRUE
2301,253.995301,0.995301000000012,0.80751365,0,0,0,45729.7495,49073.544,47570.456999999995,0,0,0,TRUE
2305,286.0904226,0.09042260000001079,0.8094873,0,0,0,1618.503,1820.4384,1641.653,0,0,0,TRUE
231,216.9512638,0.9512637999999924,0.371403,416.28753,343.73809,280.591432,12133.7143,12961.688400000001,15521.2153,593.4431,651.12305,605.70764,TRUE
2312,290.1352254,0.13522540000002436,0.809526,0,0,0,1741.1884,2317.0422,1785.1191,0,0,0,TRUE
2367,206.1028873,0.10288729999999191,0.79962975,43.756477,79.23563,78.40898,3288.4272,3836.3928,3905.0352,46.802162,40.742416,44.720512,TRUE
2370,448.1428645,0.1428644999999733,0.8115074,0,0,0,3124.2625,2835.354,2844.4187,0,0,0,TRUE
2372,275.0536784,0.053678400000023885,0.81155044,0,0,0,63294.3177,67031.035,64212.965000000004,0,0,0,TRUE
2384,182.0818063,0.08180630000001088,0.8156121,539.1822,408.76328,603.9148,62918.44,67072.89,61919.57,548.0068,423.87506,191.20247,TRUE
2399,210.037339,0.0373390000000029,0.8135199,0,0,0,604.6817,352.6361,487.1323,0,0,0,TRUE
2406,319.080549,0.08054900000001908,0.8175032,0,0,0,2427.3699,2348.2285,2529.4958,0,0,0,TRUE
2410,303.105354,0.10535399999997708,0.81952196,0,0,0,7454.449,7809.47,7188.0127,0,0,0,TRUE
2426,321.0952029,0.09520290000000386,0.8235666,0,0,0,13979.604,14752.798,13290.248,0,0,0,TRUE
2439,154.0858258,0.08582580000000917,0.8529883,38.908134,35.235573,33.69202,7507.8228,7394.236,6931.1445,38.71798,37.650063,30.719143,TRUE
2452,267.0592083,0.05920830000002297,0.82962275,0,0,0,2781.4895,3181.1292,2887.396,0,0,0,TRUE
2465,254.0089852,0.008985200000012128,0.8483124,0,0,0,4125.179099999999,4338.5512,5030.9205,0,0,0,TRUE
2468,345.0590393,0.05903929999999491,0.83567077,0,0,0,8462.337,9398.498,6981.113,0,0,0,TRUE
2471,247.0585422,0.058542200000005096,0.8376832,0,0,0,2488.2637,2536.7031,2709.3606,0,0,0,TRUE
2476,226.1287143,0.12871430000001283,0.83970124,0,0,0,1554.6119,1486.4579,1651.027,0,0,0,TRUE
2489,271.0120001,0.01200010000002294,0.8442332,0,0,0,4339.035,5150.7227,4499.6084,0,0,0,TRUE
2523,332.1115592,0.11155919999998787,0.8596284,0,0,0,570.1378,497.46912,624.0692,0,0,0,TRUE
2532,316.1371345,0.13713450000000194,0.86365336,0,0,0,4556.4155,5386.0327,4863.696,0,0,0,TRUE
2539,121.0653693,0.06536930000000041,0.87356436,99.03741,111.95233,54.853943,17051.234,19736.416,17437.543,61.18318,96.55777,180.02094,TRUE
2540,138.0917631,0.09176310000000854,0.8575337,154.4063,127.5333,55.913185,4453.3374,5076.8794,4062.9436,199.44803,77.51868,89.047775,TRUE
2547,168.0656757,0.0656757000000141,0.8082184,327.16491,385.15968,352.59057,6556.5563999999995,7820.209,6129.6087,162.46179,267.15291,286.86501,TRUE
2567,423.0904227,0.09042269999997643,0.8796429,0,0,0,801.0073,930.61896,931.27686,0,0,0,TRUE
2575,301.0897967,0.08979670000002216,0.8816609,0,0,0,4276.175,4847.8315,4519.355,0,0,0,TRUE
2576,243.0742541,0.07425409999999033,0.8836796,0,0,0,1670.3824,1611.7698,1441.1187,0,0,0,TRUE
2579,291.0484574,0.04845740000001797,0.883679,0,0,0,1308.8523,1459.1902,1305.8574,0,0,0,TRUE
2591,221.0924265,0.09242649999998775,0.8856978,0,0,0,15249.439,16758.43,13206.076,0,0,0,TRUE
2593,158.0603665,0.060366499999986445,0.88771015,0,0,0,269.0177,409.21896,308.94553,0,0,0,TRUE
2596,273.0948673,0.09486729999997578,0.88771516,0,0,0,5705.694,6571.1084,4918.1196,0,0,0,TRUE
2597,402.1613356,0.1613355999999726,0.88771445,0,0,0,5730.2026,7984.23,6013.113,0,0,0,TRUE
2602,203.0817957,0.08179569999998648,0.88973325,0,0,0,1450.0896,1661.7239,1115.4027,0,0,0,TRUE
2606,175.0869185,0.0869184999999959,0.89174634,0,0,0,2033.7333,2255.0652,1621.0272,0,0,0,TRUE
2632,364.160604,0.160603999999978,0.90986586,0,0,0,2448.0723,2834.928,2342.4036,0,0,0,TRUE
2633,369.1161423,0.1161422999999786,0.9098714,0,0,0,3577.8508,4219.35,3842.8108,0,0,0,TRUE
2638,332.074727,0.07472699999999577,0.911884,0,0,0,3728.0461,4341.2046,2905.16,0,0,0,TRUE
2639,294.1197828,0.11978279999999586,0.9138971,0,0,0,1321.7792,1610.7338,1083.4839,0,0,0,TRUE
2640,316.1006539,0.10065389999999752,0.91390204,0,0,0,9096.171,10498.906,7458.65,0,0,0,TRUE
2643,385.0899928,0.08999280000000454,0.9159097,0,0,0,2015.9761,1337.9691,1514.4086,0,0,0,TRUE
2691,277.147992,0.1479919999999879,0.9331263,0,0,0,922.15485,1171.2448,970.8975,0,0,0,TRUE
2693,316.079919,0.07991900000001806,0.9332048,0,0,0,5075.5996,5134.492,4562.9585,0,0,0,TRUE
2697,278.1238883,0.12388829999997597,0.9352103,0,0,0,915.5527,991.0631,982.9701,0,0,0,TRUE
2736,186.0765308,0.07653080000000045,0.96823514,70.9611,56.362022,45.19609,21297.338,20119.654,19147.578,41.77059,84.06273,34.132683,TRUE
2737,208.0583091,0.058309100000002445,0.96590966,0,0,0,3368.8042,3696.9587,3330.4924,0,0,0,TRUE
2748,292.1394447,0.13944470000001274,0.97197837,0,0,0,3937.184,4739.5654,3686.9849,0,0,0,TRUE
2749,314.1209706,0.12097060000002102,0.9719923,0,0,0,2098.4854,2402.9417,1782.7188,0,0,0,TRUE
2753,307.0443625,0.04436249999997699,0.9739964,0,0,0,6905.281,6926.0986,6723.4663,0,0,0,TRUE
2757,291.070314,0.07031399999999621,0.9780409,0,0,0,9824.5,10674.948,8941.906,0,0,0,TRUE
276,268.9620582,0.9620582000000013,0.44978973,1269.1515,896.41345,641.25305,7799.654,10229.612,11056.111,991.09705,1259.4729,381.1018,TRUE
2762,137.0468873,0.046887300000008736,0.9717252,88.7743,43.54374,80.34499,15712.694,17289.62,15754.72,51.77001,98.71592,36.1268,TRUE
2764,269.0884571,0.08845710000002782,0.9820707,0,0,0,3531.1643,3968.7004,3473.5933,0,0,0,TRUE
2787,284.0994175,0.09941750000001548,0.99418813,0,0,0,3914.9143,4187.2915,3861.616,0,0,0,TRUE
2790,306.0814008,0.08140079999998306,0.99620134,0,0,0,2085.016,2516.4055,1845.1312,0,0,0,TRUE
2792,322.055185,0.05518499999999449,0.99820274,0,0,0,952.11273,1097.8043,969.5084,0,0,0,TRUE
280,147.1136737,0.11367369999999255,0.46065807,239.60135,329.08694,313.88538,5404.89,6357.0957,6448.5664,201.34633,116.927155,435.25165,TRUE
2814,284.1344503,0.1344503000000259,1.0150422,0,0,0,3134.6165,3131.1672,3230.3809,0,0,0,TRUE
2815,336.074296,0.07429600000000391,1.0103563,0,0,0,7892.195,8042.0938,7503.5713,0,0,0,TRUE
2820,314.0921816,0.09218160000000353,1.0123757,0,0,0,33194.027,35014.727,30209.287,0,0,0,TRUE
2824,352.0481904,0.04819040000000996,1.0176588,0,0,0,2210.7244,2143.7942,2105.7173,0,0,0,TRUE
2862,253.1291676,0.12916759999998817,1.0596385,44.19306,101.62001,28.892208,15368.751,15556.936,13751.817,65.082306,35.84355,54.848553,TRUE
2879,291.0843679,0.08436790000001793,1.0544833,0,0,0,36528.688,37545.12,34809.418,0,0,0,TRUE
2884,166.0477598,0.04775979999999436,1.0565014,0,0,0,10333.188,10987.513,10625.327,0,0,0,TRUE
2888,144.065911,0.06591099999999983,1.0546438,347.89633,806.9208,685.47485,285984.84,285884,284752.78,448.46576,256.47177,225.86777,TRUE
2892,270.1555009,0.15550089999999273,1.0887861,67.3295,35.896767,39.510883,17504.482,19143.71,16725.432,51.711494,36.311264,39.48069,TRUE
2893,275.1104506,0.11045059999997875,1.0585195,0,0,0,90045.19,94356.79,84430.6,0,0,0,TRUE
2897,346.1135907,0.11359069999997473,1.0605445,0,0,0,12897.324,13548.9375,12478.752,0,0,0,TRUE
2906,368.0958554,0.09585540000000492,1.0702688,0,0,0,1287.2598,1191.608,1164.4844,0,0,0,TRUE
2921,395.0954929,0.09549290000001065,1.0786923,0,0,0,3744.6423,3563.345,3909.5535,0,0,0,TRUE
2925,355.1025909,0.1025908999999956,1.0819563,0,0,0,6899.0796,8339.334,8395.033,0,0,0,TRUE
2937,393.0798617,0.07986169999998083,1.0906632,0,0,0,3979.2974,3397.6177,4473.883,0,0,0,TRUE
2938,415.1005907,0.10059069999999792,1.0906652,0,0,0,2261.9497,2834.0598,2133.3362,0,0,0,TRUE
2942,373.1134742,0.11347419999998465,1.1006298,0,0,0,399.05048,356.29364,368.98956,0,0,0,TRUE
2946,399.1268117,0.12681170000001885,1.090625,0,0,0,6377.5845,6542.706,4923.8955,0,0,0,TRUE
2948,394.1714566,0.17145659999999907,1.0972062,0,0,0,6063.3374,6520.7246,8124.4023,0,0,0,TRUE
2951,388.1243294,0.1243294000000219,1.0993439,0,0,0,29955.718800000002,37961.007,34374.265,0,0,0,TRUE
2952,405.1272506,0.12725060000002486,1.1012257,0,0,0,1679.385,2057.0093,1713.7975,0,0,0,TRUE
2964,198.0746457,0.07464569999999071,1.1099144,0,0,0,1270.0018,1442.4467,1574.0922,0,0,0,TRUE
2980,158.0816844,0.08168440000000032,1.112751,126.36548,235.84662,156.36887,4771.184,4928.602,4958.497,173.7783,80.78344,197.24062,TRUE
3000,273.0948305,0.09483050000000048,1.1439012,0,0,0,10126.446,11099.794,8870.426,0,0,0,TRUE
3006,289.0687623,0.06876230000000305,1.1483139,0,0,0,3587.9197,2814.4177,2497.753,0,0,0,TRUE
3021,168.1026245,0.10262449999999035,1.1527388,38.635258,41.349705,64.324700000000007,9218.993,10207.842,10294.323,28.450466,41.37325,35.91587,TRUE
3075,287.1104953,0.11049530000002505,1.1981452,0,0,0,50630.805,53244.293,48371.516,0,0,0,TRUE
3080,282.1551393,0.15513929999997345,1.2001694,0,0,0,53325.023,58736.49,53583.92,0,0,0,TRUE
3081,303.0845186,0.08451860000002398,1.2021903,0,0,0,22289.162,23518.535,21967.775,0,0,0,TRUE
3219,154.0503576,0.050357600000012326,1.3472514,40.53151,35.955406,40.823387,3297.5564,3259.5862,2962.2683,39.147343,39.20051,56.92354,TRUE
3245,388.1243016,0.12430160000002388,1.360334,0,0,0,27272.924,28987.684,26510.686,0,0,0,TRUE
3248,393.079616,0.07961599999998725,1.3623549,0,0,0,5390.427,5896.786,5035.226,0,0,0,TRUE
3254,289.1262561,0.12625609999997778,1.3704133,0,0,0,7738.7314,8042.22,7140.973,0,0,0,TRUE
3259,102.0469415,0.046941500000002634,1.3744437,0,0,0,2721.9656,2927.0098,2579.4453,0,0,0,TRUE
3275,103.0543305,0.054330500000006055,1.3932004,86.77401,29.628498,77.10665,100966.39,105422.88,97869.9,35.98909,52.49135,33.701385,TRUE
3276,120.0813364,0.08133639999999787,1.4223465,585.8484,670.7263,368.52164,984946.56,1043892.9,958787.3,845.9145,415.21564,1294.6005,TRUE
3279,149.0601488,0.06014880000000744,1.3970603,44.808395,91.43589,55.024025,13373.369,14115.86,14033.383,58.124733,86.498375,42.975517,TRUE
3282,188.0701177,0.07011769999999728,1.3953288,79.12114,38.239227,43.344227,21780.53,26413.682,25254.95,35.023613,59.034367,31.080624,TRUE
3284,272.0207287,0.020728700000006484,1.3784689,0,0,0,5365.7,6508.7393,6248.394,0,0,0,TRUE
3288,304.9961371,0.9961370999999986,1.3784751,0,0,0,4439.9497,4850.121,4604.176,0,0,0,TRUE
3297,166.0869516,0.08695159999999191,1.417766,956.37616,2644.305,964.17114,1082119.6,1177191.9,1073659.5,1627.5948,1468.3412,1318.6228,TRUE
3303,315.1053718,0.10537180000000035,1.3804874,0,0,0,7700.074,10300.485,8930.743,0,0,0,TRUE
3310,226.0242111,0.02421110000000226,1.3825,0,0,0,6195.9256,7079.3352,6049.8153999999995,0,0,0,TRUE
3325,341.0637984,0.06379839999999604,1.3905869,0,0,0,313.42938,309.25912,478.42874,0,0,0,TRUE
3360,303.0845443,0.08454430000000457,1.4208418,0,0,0,14051.081,14942.69,12413.469,0,0,0,TRUE
3366,350.121525,0.12152500000001965,1.4248676,0,0,0,3286.325,4153.397,5743.199,0,0,0,TRUE
3367,121.0653825,0.06538249999999834,1.4231284,194.87476,111.431694,129.14105,6143.4604,6856.922,6330.183,147.1945,137.7387,88.34493,TRUE
3370,328.1395152,0.13951520000000528,1.422855,0,0,0,48205.297,51397.22,52566.05,0,0,0,TRUE
3371,138.0917417,0.09174170000000004,1.4434073,110.574005,130.43077,188.76587,2931.522,3106.6543,2951.6157,186.3915,193.67393,151.48654,TRUE
3373,282.1551904,0.15519039999998085,1.4248676,0,0,0,7725.929,8092.3604,7895.8657,0,0,0,TRUE
3396,331.0792689,0.07926889999998821,1.3845243,0,0,0,3486.2935,4554.5767,4061.9016,0,0,0,TRUE
3401,385.0900554,0.09005539999998291,1.446598,0,0,0,16315.65,16544.428,16041.947,0,0,0,TRUE
3406,167.0705857,0.07058570000000941,1.4538252,196.39368,193.11148,274.46167,21981.016,24189.52,20833.998,189.65027,123.598656,229.1337,TRUE
3408,364.160677,0.16067700000002105,1.4506397,0,0,0,32310.53,37464.31,32346.523,0,0,0,TRUE
3409,369.1161239,0.11612389999999095,1.4506468,0,0,0,53657.48,58052.375,52108.965,0,0,0,TRUE
3419,329.1232292,0.12322920000002568,1.4566988,0,0,0,1314.0865,1449.2034,1286.7319,0,0,0,TRUE
3427,289.0687287,0.0687287000000083,1.4607354,0,0,0,482.2484,569.8633,455.47565,0,0,0,TRUE
3428,191.0794491,0.07944910000000505,1.4607564,0,0,0,2047.791,1909.7869,1666.6862,0,0,0,TRUE
3458,407.1530317,0.15303169999998545,1.495464,0,0,0,5071.87,5600.2803,4385.0596,0,0,0,TRUE
3461,385.170771,0.170771000000002,1.4975153,0,0,0,1315.7684,2304.8691,2234.135,0,0,0,TRUE
3471,452.1770499,0.17704989999998588,1.5166057,0,0,0,4031.7563,4327.8022,4281.8354,0,0,0,TRUE
3472,457.1309842,0.13098420000000033,1.5167446,0,0,0,1678.8286,1850.4143,1673,0,0,0,TRUE
3482,158.0816925,0.08169250000000261,1.5342793,161.01846,105.18057,194.46555,39048.6,39308.277,37548.336,220.55554,182.28905,206.49263,TRUE
3486,204.1600548,0.1600548000000117,1.5540689,82.42458,39.7234,64.60974,9468.008,9809.658,8886.9,36.28047,41.42444,48.23834,TRUE
3488,436.2185603,0.21856029999997872,1.5395169,0,0,0,2785.9355,2733.473,2132.6558,0,0,0,TRUE
3489,441.1739298,0.17392979999999625,1.5395113,0,0,0,1376.7665,2523.4878,2011.042,0,0,0,TRUE
3491,399.1268262,0.12682619999998224,1.5436106,0,0,0,4942.1655,4947.196,5578.4116,0,0,0,TRUE
3492,415.1006977,0.10069770000001199,1.5436411,0,0,0,1194.4136,1375.7484,1160.7627,0,0,0,TRUE
3495,359.1334651,0.13346510000002354,1.5452976,0,0,0,824.66003,895.0803,807.8103,0,0,0,TRUE
3526,282.1552687,0.1552687000000219,1.5777217,0,0,0,2524.601,2423.0754,2276.487,0,0,0,TRUE
3531,287.1106383,0.11063830000000507,1.5794448,0,0,0,7894.4487,7863.485,6939.3706,0,0,0,TRUE
3533,443.1167182,0.11671819999997979,1.5794517,0,0,0,3900.253,3757.3936,3504.0542,0,0,0,TRUE
3541,421.1341871,0.13418710000001965,1.58564,0,0,0,1819.5256,2068.9622,1750.0013,0,0,0,TRUE
3580,220.1186501,0.11865009999999643,1.6154279,47.36778,64.3683,61.35148,15794.692,16028.127,14859.788,33.154594,68.70681,64.365074,TRUE
3585,305.1000176,0.10001760000000104,1.6122712,0,0,0,1216.5137,1523.6438,1259.0576,0,0,0,TRUE
3588,369.0586637,0.058663700000010977,1.6102363,0,0,0,309.417,265.19153,367.2432,0,0,0,TRUE
3592,353.0847805,0.08478050000002213,1.6143113,0,0,0,4228.6523,4018.029,3599.5796,0,0,0,TRUE
3593,289.1263435,0.1263435000000186,1.6143489,0,0,0,5677.415,5878.459,5476.8545,0,0,0,TRUE
3600,228.0270047,0.027004699999992,1.6184143,0,0,0,1130.5066,1497.4214,1186.9031,0,0,0,TRUE
3605,372.187144,0.18714399999998932,1.6204642,0,0,0,3270.5837,3230.1238,3158.4055,0,0,0,TRUE
3606,377.1419081,0.1419081000000233,1.6497636,0,0,0,820.51056,598.5842,470.99374,0,0,0,TRUE
3613,342.1529243,0.15292429999999513,1.6820412,0,0,0,6055.6694,5997.053,4440.569,0,0,0,TRUE
3614,234.1126421,0.11264209999998798,1.6323342,0,0,0,692.3036,408.00897,671.4626,0,0,0,TRUE
3620,287.0795232,0.07952319999998281,1.6323175,0,0,0,758.38306,702.776,866.41345,0,0,0,TRUE
3624,271.1055311,0.10553110000000743,1.6347328,0,0,0,4783.3505000000005,4850.3121,4433.6975999999995,0,0,0,TRUE
3632,355.1021212,0.10212119999999913,1.6384225,0,0,0,1480.4026,1730.2671,1553.8079,0,0,0,TRUE
3657,335.1451945,0.14519450000000234,1.6546737,0,0,0,2572.939,2705.5544,2422.0417,0,0,0,TRUE
3660,388.1242812,0.12428119999998444,1.6547127,0,0,0,9774.5088,10778.866,9965.436,0,0,0,TRUE
3662,441.1744465,0.17444649999998774,1.6547337,0,0,0,1696.2012,1820.4448,1199.8416,0,0,0,TRUE
3666,436.2184255,0.21842550000002348,1.6567574,0,0,0,1937.739,2418.1965,1812.3857,0,0,0,TRUE
3667,340.1006366,0.10063659999997299,1.658742,0,0,0,1545.6432,1507.4045,1201.3134,0,0,0,TRUE
3682,327.1054362,0.10543619999998555,1.6690044,0,0,0,1539.8589,1613.9065,1150.3264,0,0,0,TRUE
3698,320.1708999,0.1708998999999949,1.6793733,0,0,0,17125.662,16767.324,15505.379,0,0,0,TRUE
370,178.0590941,0.05909410000001003,0.49534574,59.383034,156.33215,81.93879,35923.117,35004.36,31753.264,192.9599,88.48416,94.00292,TRUE
3705,317.1003394,0.10033939999999575,1.6868134,0,0,0,1795.1475,2218.5283,2223.5615,0,0,0,TRUE
3707,301.1261845,0.12618450000002213,1.6888496,0,0,0,6052.403,6121.159,5783.714,0,0,0,TRUE
3725,377.1422752,0.14227519999997185,1.7059907,0,0,0,825.4991,844.11786,673.68713,0,0,0,TRUE
3726,299.0532259,0.053225899999972626,1.7059721,0,0,0,362.57578,467.4093,358.14355,0,0,0,TRUE
3728,278.1238927,0.12389269999999897,1.7101129,0,0,0,381.6258,209.23576,344.2734,0,0,0,TRUE
3752,359.1109106,0.11091060000001107,1.7346282,0,0,0,619.059,792.30945,640.4585,0,0,0,TRUE
3755,353.0641827,0.06418270000000348,1.7328614,0,0,0,685.8955,756.31116,663.4371,0,0,0,TRUE
3758,337.0897917,0.08979169999997794,1.7349739,0,0,0,3381.2307,3819.4055,3231.4949,0,0,0,TRUE
3759,332.1344421,0.13444210000000112,1.7367407,0,0,0,14842.365,16487.992,15135.985,0,0,0,TRUE
3764,284.170622,0.1706219999999803,1.7154851,0,0,0,803.82916,828.6616,483.62878,0,0,0,TRUE
3768,305.1001129,0.10011289999999917,1.7443018,0,0,0,835.8323,882.4291,509.77905,0,0,0,TRUE
3770,267.1445339,0.144533899999999,1.7463158,0,0,0,850.01074,779.9699,927.00305,0,0,0,TRUE
3793,261.0771221,0.07712209999999686,1.7570108,0,0,0,852.7618,1046.3263,1013.92566,0,0,0,TRUE
3839,342.1550802,0.15508019999998623,1.7888683,0,0,0,2686.35,2963.7034,2547.814,0,0,0,TRUE
3845,380.1111306,0.11113060000002406,1.7949649,0,0,0,7063.4375,6616.802,5798.9707,0,0,0,TRUE
3848,364.1371572,0.1371571999999901,1.7990066,0,0,0,12448.015,12649.057,11168.639,0,0,0,TRUE
3855,413.0850651,0.08506510000000844,1.8090857,0,0,0,2987.299,2824.25,2485.8074,0,0,0,TRUE
3859,397.1111057,0.11110569999999598,1.8111044,0,0,0,9726.316,10593.051,9845.365,0,0,0,TRUE
3867,249.0612538,0.06125380000000291,1.8151301,0,0,0,23779.21,28061.027,24500.146,0,0,0,TRUE
3877,237.087241,0.0872410000000059,1.8171481,0,0,0,12731.664,12753.395,13543.796,0,0,0,TRUE
3879,259.0694928,0.0694927999999777,1.8171481,0,0,0,1247.8217,1434.2823,840.08514,0,0,0,TRUE
3889,219.0766807,0.07668069999999716,1.819119,0,0,0,4955.35915,5269.6413,5016.4738,0,0,0,TRUE
3892,311.0315969,0.03159690000001092,1.8191181,0,0,0,4113.577,4590.9697,4437.0327,0,0,0,TRUE
3903,344.0070489,0.007048899999972491,1.821094,0,0,0,3081.2063,3650.6118,3591.7913,0,0,0,TRUE
3904,144.0812936,0.08129360000000929,1.8525321,28.12594,0,26.713451,39332.46,40122.438,38405.46,25.41307,33.879414,28.578405,TRUE
3905,146.060421,0.060420999999990954,1.8406173,84.95182,180.63765,129.47849,72095.92,76232.99,69887.42,152.66681,125.52889,191.29541,TRUE
3906,159.0919076,0.09190760000001319,1.8211308,0,0,0,41725.812,44327.1,41608.51,0,0,0,TRUE
3919,115.0520642,0.05206420000000378,1.7934341,122.04845,99.66334,227.04799,3749.0537,3724.6719,3583.2444,178.04062,233.07579,99.52002,TRUE
3920,118.0658832,0.06588320000000181,1.8110205,226.21283,443.36597,155.6792,33051.914,34425.875,32495.545,162.1294,278.22278,203.30045,TRUE
3921,132.0784853,0.0784853000000112,1.8196555,671.6118,618.21729,659.56625,24279.770399999998,27825.150999999998,24884.894,1741.8389,716.20884,651.45892,TRUE
3927,431.1688867,0.1688866999999732,1.8231064,0,0,0,1207.457,1533.4197,1361.8154,0,0,0,TRUE
3935,409.1874033,0.18740330000002814,1.8251247,0,0,0,16362.914,18994.03,14684.211,0,0,0,TRUE
3936,142.0631409,0.0631409000000076,1.816249,35.757675,24.253704,0,3210.7427,3183.4534,3125.073,24.540522,21.561054,22.843824,TRUE
3942,389.132681,0.13268099999999095,1.8271433,0,0,0,4856.097,5219.803,5656.967,0,0,0,TRUE
3945,301.1261024,0.1261023999999793,1.8291129,0,0,0,8528.769,7640.2163,6939.9688,0,0,0,TRUE
3946,329.12095420000003,0.12095420000002832,1.8291191,0,0,0,4232.792,3639.861,3826.899,0,0,0,TRUE
3948,317.1000608,0.10006079999999429,1.8311425,0,0,0,2876.2927,2405.7917,2615.053,0,0,0,TRUE
3951,345.0950683,0.0950682999999799,1.8331066,0,0,0,1716.0469,1914.7516,2408.232,0,0,0,TRUE
3952,581.1745528,0.17455280000001494,1.8310885,0,0,0,762.02795,1090.677,870.4292,0,0,0,TRUE
3954,259.0581174,0.05811740000001464,1.8331074,0,0,0,1390.7845,863.95245,1425.7786,0,0,0,TRUE
3955,369.0818645,0.08186449999999468,1.8350768,0,0,0,3760.283,3087.0242,4197.0273,0,0,0,TRUE
3957,559.1934087,0.19340869999996357,1.8350878,0,0,0,9835.592,11537.773,10380.014,0,0,0,TRUE
3959,303.1417594,0.1417594000000122,1.8351191,0,0,0,4031.0486,4017.272,3430.255,0,0,0,TRUE
3962,751.1458671,0.14586710000003222,1.8437594,0,0,0,686.45135,1144.159,728.6988,0,0,0,TRUE
3963,404.1191343,0.1191342999999847,1.8371004,0,0,0,3116.323,4083.396,3638.6387,0,0,0,TRUE
3964,305.0999741,0.09997409999999718,1.8371545,0,0,0,2426.7012,2684.6687,2318.6228,0,0,0,TRUE
3974,454.0195746,0.019574599999998554,1.8391241,0,0,0,3052.257,4156.6343,3943.5254,0,0,0,TRUE
3989,391.0427663,0.04276629999998249,1.841142,0,0,0,27891.8354,31220.551,29283.0214,0,0,0,TRUE
3993,386.1085435,0.10854349999999613,1.8411531,0,0,0,5108.97,5377.9204,6328.74,0,0,0,TRUE
4004,729.1653206,0.16532059999997273,1.8431658,0,0,0,5833.2302,8088.4487,6705.7552,0,0,0,TRUE
4020,397.0506927,0.05069270000001325,1.8478066,0,0,0,17634.9517,21326.7067,19376.867,0,0,0,TRUE
4034,439.158089,0.15808900000001813,1.8530498,0,0,0,2318.0088,2314.5938,1611.7628,0,0,0,TRUE
4051,431.0956105,0.09561050000002069,1.8578197,0,0,0,971.8153,696.0338,833.03937,0,0,0,TRUE
4088,385.1862199,0.18621990000002597,1.891138,0,0,0,5248.663,5843.58,4820.819,0,0,0,TRUE
4091,415.1214552,0.12145520000001397,1.8911489,0,0,0,1151.9347,1315.148,1175.6449,0,0,0,TRUE
4096,441.1530082,0.15300819999998794,1.8931726,0,0,0,11298.583,11437.164,10390.814,0,0,0,TRUE
4097,425.1787745,0.17877449999997452,1.8931746,0,0,0,27697.299,28381.873,25221.11,0,0,0,TRUE
4102,223.1332311,0.13323109999998906,1.9089205,248.90929,408.7489,212.77457,18104.568,18381.867,17368.244,380.9167,171.41257,160.45183,TRUE
4105,420.2234998,0.22349980000001324,1.8952093,0,0,0,21051.648,22280,20936.852,0,0,0,TRUE
4115,383.0746855,0.07468549999998686,1.9032856,0,0,0,1732.2534,1724.4961,1454.7185,0,0,0,TRUE
4163,214.1071665,0.10716650000000527,1.9200826,56.440815,50.83351,55.16935,1866.1515,1950.2598,2827.9087,54.61802,56.9621,54.945152,TRUE
4182,368.1322466,0.13224659999997357,1.9518129,0,0,0,699.8715,935.1883,626.8567,0,0,0,TRUE
4188,328.1396306,0.1396305999999754,1.9538817,0,0,0,2181.7224,2302.7476,2154.1687,0,0,0,TRUE
4196,256.0794868,0.07948679999998376,1.9559692,0,0,0,901.3315,1050.8667,977.00775,0,0,0,TRUE
4199,445.1837908,0.18379079999999703,1.9580199,0,0,0,900.6444,701.87036,826.0612,0,0,0,TRUE
4209,331.1163677,0.11636770000001206,1.9642318,0,0,0,544.60504,466.92432,489.07523,0,0,0,TRUE
4226,529.13287,0.13287000000002536,1.9700857,0,0,0,313.00446,338.2958,419.38705,0,0,0,TRUE
4243,327.1053899,0.10538989999997739,1.9804379,0,0,0,1132.5625,1212.3129,1080.9375,0,0,0,TRUE
4244,343.0797297,0.07972969999997304,1.9804505,0,0,0,489.53198,495.37195,499.48297,0,0,0,TRUE
4248,365.0847255,0.08472549999999046,1.9825073,0,0,0,4467.772,4719.582,4632.32,0,0,0,TRUE
4249,381.0585483,0.05854829999998401,1.9825101,0,0,0,677.7348,625.8617,678.57947,0,0,0,TRUE
4254,511.0858655,0.08586550000001125,1.984567,0,0,0,576.6616,567.91034,428.18585,0,0,0,TRUE
4259,495.1117615,0.11176150000000007,1.9866982,0,0,0,2590.7075,2793.6487,2523.6086,0,0,0,TRUE
4260,473.1296558,0.1296558000000232,1.9908663,0,0,0,540.53705,484.29587,454.9642,0,0,0,TRUE
4277,340.0800936,0.08009359999999788,2.0012023,0,0,0,294.75735,357.18756,193.39037,0,0,0,TRUE
4279,324.1058884,0.1058884000000262,2.0032983,0,0,0,1642.5613,1838.544,1571.9266,0,0,0,TRUE
4296,378.1765154,0.17651540000002797,2.0121102,0,0,0,19962.047,20788.574,19401.459,0,0,0,TRUE
4301,399.1058836,0.10588360000002695,2.0147574,0,0,0,10199.01,10678.7,10307.772,0,0,0,TRUE
4304,429.2109067,0.21090670000000955,1.9580199,0,0,0,2991.0437,4321.917,3564.4937,0,0,0,TRUE
4306,213.07476,0.07475999999999772,1.9941279,161.81433,109.628204,41.43193,2403.6138,2642.4348,2230.7415,186.94452,94.24525,206.13423,TRUE
4314,499.1215037,0.12150370000000521,2.0215375,0,0,0,674.89075,821.5719,686.7524,0,0,0,TRUE
4320,483.1480744,0.1480743999999845,2.023562,0,0,0,3418.5972,4273.691,3920.4834,0,0,0,TRUE
4323,568.2254699,0.22546990000000733,2.025601,0,0,0,2926.587,3130.052,2651.9006,0,0,0,TRUE
4327,572.235756,0.2357560000000376,2.0291574,0,0,0,5123.1406,5223.5723,4668.7534,0,0,0,TRUE
4328,573.1811321,0.18113210000001345,2.0256011,0,0,0,307.23416,422.6052,346.08786,0,0,0,TRUE
4331,291.0958357,0.09583570000000918,2.0297108,0,0,0,1123.4508,1395.8661,1759.8209,0,0,0,TRUE
4336,577.1909739,0.19097390000001724,2.0332372,0,0,0,2394.9785,2540.5605,1854.3977,0,0,0,TRUE
4339,348.2021971,0.20219709999997804,2.035847,0,0,0,3063.664,3631.919,5122.928,0,0,0,TRUE
4341,370.1842666,0.18426660000000084,2.0358803,0,0,0,290.85605,314.93915,424.28574,0,0,0,TRUE
4348,177.0550141,0.05501409999999396,2.0629992,23.805159,25.180119,0,3273.018,3372.29,3446.9136,27.136082,24.328749,30.19806,TRUE
4350,287.1370069,0.13700690000001714,2.0461664,0,0,0,7666.4546,6982.1577,7606.309,0,0,0,TRUE
4354,303.1109021,0.11090209999997569,2.048217,0,0,0,2434.1848,2506.2095,2418.521,0,0,0,TRUE
4368,513.1588889,0.15888889999996536,1.9783782,0,0,0,2468.3179,2838.5574,2989.8218,0,0,0,TRUE
4371,508.2035035,0.20350350000001072,1.9763197,0,0,0,3389.1528,3439.425,3519.2944,0,0,0,TRUE
4377,309.0970972,0.09709720000000743,2.0564804,0,0,0,982.0572,890.4371,731.942,0,0,0,TRUE
4381,425.1788385,0.17883849999998347,2.0585387,0,0,0,5032.1904,5333.9937,4818.8765,0,0,0,TRUE
4387,403.1969275,0.19692750000001524,2.060597,0,0,0,3287.9775,3623.6719,4390.922,0,0,0,TRUE
4388,441.1528351,0.15283510000000433,2.0606132,0,0,0,1098.9482,1322.4023,1228.249,0,0,0,TRUE
4400,553.2109037,0.21090370000001712,2.0626757,0,0,0,311.32782,392.4904,358.22147,0,0,0,TRUE
4404,548.2563445,0.2563444999999547,2.0647242,0,0,0,3758.9224,3852.9019,3257.5137,0,0,0,TRUE
4408,220.0585126,0.05851260000000025,2.0667865,0,0,0,3646.972,3765.2869,2851.607,0,0,0,TRUE
4416,336.1081614,0.10816139999997176,2.0729706,0,0,0,685.8189,793.38745,740.00507,0,0,0,TRUE
4423,386.2027492,0.20274920000002794,2.0750282,0,0,0,4298.727,4623.607,4202.4375,0,0,0,TRUE
4425,353.1355771,0.1355770999999777,2.075042,0,0,0,3529.367,3736.42,2514.9827,0,0,0,TRUE
4427,146.060488,0.060487999999992326,2.0766585,1379.4993,1295.1058,550.7645,10829.391,10230.313,11942.736,571.5985,783.12286,1303.823,TRUE
4438,379.1003542,0.1003542000000266,2.0853744,0,0,0,570.0983,751.81384,593.24457,0,0,0,TRUE
4444,287.0898093,0.08980930000001308,2.0895212,0,0,0,566.441,596.33215,483.9371,0,0,0,TRUE
4461,422.1428594,0.1428594000000203,2.1028032,0,0,0,2027.6464,1868.6174,1144.1963,0,0,0,TRUE
4474,590.2461385,0.24613850000002913,2.1157868,0,0,0,555.26984,557.637,559.4985,0,0,0,TRUE
4478,391.1479921,0.1479921000000104,2.1178465,0,0,0,749.9319,700.03217,516.0181,0,0,0,TRUE
4481,455.2258785,0.22587850000002163,2.1198769,0,0,0,1998.7678,1752.5737,1909.468,0,0,0,TRUE
4488,471.2000025,0.20000249999998232,2.1218948,0,0,0,435.83267,397.24094,371.89847,0,0,0,TRUE
4490,383.1107522,0.11075219999997898,2.1239297,0,0,0,1249.359,1237.3679,1184.1254,0,0,0,TRUE
4499,367.1365171,0.13651709999999184,2.125972,0,0,0,2989.12,2853.2795,2907.928,0,0,0,TRUE
4516,202.0842281,0.08422809999999004,2.1320858,0,0,0,1042.4204,1051.2905,1123.7609,0,0,0,TRUE
4542,339.1079315,0.10793150000000651,2.1422005,0,0,0,12443.431,12870.609,12846.038,0,0,0,TRUE
4547,361.0899691,0.0899691000000189,2.1442401,0,0,0,4077.6711,4908.6357,4446.2373,0,0,0,TRUE
4579,450.1978044,0.19780439999999544,2.158418,0,0,0,3879.0247,4466.879,3909.8918,0,0,0,TRUE
4584,412.1820435,0.18204350000002023,2.1603873,0,0,0,2783.28,2608.5413,2827.7305,0,0,0,TRUE
4585,417.1372202,0.13722020000000157,2.1604548,0,0,0,12808.464,13413.573,13500.255,0,0,0,TRUE
4593,471.1267755,0.12677550000000792,2.162424,0,0,0,1997.3387,1900.3473,1879.2812,0,0,0,TRUE
4602,391.1580741,0.15807410000002164,2.1643999,0,0,0,3464.1042,3808.0715,3260.3982,0,0,0,TRUE
4608,407.1318773,0.1318772999999851,2.1663802,0,0,0,1403.1498,1325.2429,1387.729,0,0,0,TRUE
4612,370.1139176,0.1139175999999793,2.166429,0,0,0,12650.661,12219.896,9942.294,0,0,0,TRUE
463,194.0328829,0.032882900000004156,0.46760657,0,0,0,5696.9316,6559.0303,7790.6846,0,0,0,TRUE
4644,809.1572095,0.15720950000002176,2.168393,0,0,0,1629.5336,1652.5634,1526.0344,0,0,0,TRUE
4652,857.1676671,0.16766710000001694,2.1684046,0,0,0,6217.7305,6158.1772,6806.6387,0,0,0,TRUE
4663,434.202813,0.20281299999999192,2.222279,0,0,0,544.4525,463.51956,622.83606,0,0,0,TRUE
4675,793.1817543,0.18175429999996595,2.170417,0,0,0,78296.5584,83665.84400000001,79495.886,0,0,0,TRUE
4686,498.2553864,0.25538640000002033,2.1704395,0,0,0,592.06116,508.2448,575.6056,0,0,0,TRUE
4693,343.1371314,0.13713139999998702,2.1724517,0,0,0,2809.103,2754.7944,4311.5264,0,0,0,TRUE
4694,359.1107905,0.11079050000000734,2.172454,0,0,0,2120.0325,1937.2649,1329.4813,0,0,0,TRUE
4696,441.1534573,0.15345730000001367,2.1724517,0,0,0,2193.9463,2244.4182,2203.0544,0,0,0,TRUE
4714,561.196072,0.19607199999995828,2.1744888000000002,0,0,0,873.0121,772.17456,739.2158,0,0,0,TRUE
4721,377.084821,0.08482099999997672,2.1765234,0,0,0,35040.996,37289.586,30881.45,0,0,0,TRUE
4740,381.0806997,0.08069970000002513,2.1856146,50.361046,56.938118,91.3394,1645.0292,1605.2527,1913.5471,124.256226,129.19292,87.03939,TRUE
4757,411.1044235,0.10442349999999578,2.1985366,0,0,0,1185.4586,1190.5789,1053.5112,0,0,0,TRUE
4763,395.1317771,0.13177710000002207,2.2025867,0,0,0,3094.1907,3049.063,2976.4434,0,0,0,TRUE
4765,390.1769021,0.1769021000000066,2.204615,0,0,0,1669.8566,1837.2455,1408.4274,0,0,0,TRUE
4768,595.20151,0.20150999999998476,2.1198645,0,0,0,1924.1963,1418.8325,1407.564,0,0,0,TRUE
4769,587.1963862,0.19638620000000628,2.2248914,0,0,0,1536.3098,1756.556,1701.4307,0,0,0,TRUE
4786,427.1011647,0.10116470000002664,2.2189484,0,0,0,2270.0864,2053.1582,1725.8864,0,0,0,TRUE
4792,406.171464,0.1714640000000145,2.2209804,0,0,0,12434.057,13259.66,11771.651,0,0,0,TRUE
4795,411.1275172,0.12751719999999978,2.222956,0,0,0,3780.4922,3718.5798,3295.833,0,0,0,TRUE
4814,397.0905291,0.09052910000002612,2.2290306,0,0,0,2315.6594,2281.0796,1989.3334,0,0,0,TRUE
4818,452.0038512,0.0038511999999855107,2.237109,0,0,0,2504.4644,3029.3457500000004,2899.78423,0,0,0,TRUE
4854,375.0691172,0.06911719999999377,2.2371256,0,0,0,2613.042,2725.9875,1980.6453,0,0,0,TRUE
4865,351.071517,0.07151699999997163,2.239149,0,0,0,5490.1973,5542.1632,4469.1099,0,0,0,TRUE
4868,439.1584146,0.15841460000001462,2.2391498,0,0,0,1827.2164,1807.6193,1518.7444,0,0,0,TRUE
4874,391.0643341,0.0643340999999964,2.2411735,0,0,0,2130.3785500000004,2247.66946,1704.0819299999998,0,0,0,TRUE
4880,395.0746772,0.07467719999999645,2.2431972,0,0,0,1281.9874,1181.5726,885.6994,0,0,0,TRUE
4884,379.1011276,0.10112759999998389,2.2472277,0,0,0,2310.8909,2194.2285,1858.9711,0,0,0,TRUE
4887,369.0816144,0.0816143999999781,2.2492402,0,0,0,7165.321599999999,7534.030699999999,6807.243,0,0,0,TRUE
4904,205.0977865,0.09778650000001221,2.2426121,60.244316,49.769962,31.73579,5099.632,3593.511,4171.9756,30.247932,33.71042,39.860367,TRUE
4910,144.0813479,0.08134789999999725,2.239747,47.643723,45.3836,27.067858,70140.85,71876.67,67998.14,39.046856,42.086624,29.887016,TRUE
4912,217.0975146,0.09751460000001089,2.253279,0,0,0,161264.77,165184.7,151741.92,0,0,0,TRUE
4924,189.1026552,0.10265519999998673,2.2552989,0,0,0,921.794,905.166,788.40265,0,0,0,TRUE
4938,188.0710767,0.07107669999999189,2.2279189,41.91154,91.05257,64.96021,3831.3086,5574.9307,5117.94,45.918648,51.026512,109.99108,TRUE
4943,474.2606242,0.2606241999999952,2.2573178,0,0,0,81289.6,83676.945,70562.484,0,0,0,TRUE
4955,425.1788665,0.17886650000002646,2.2613542,0,0,0,3615.4705,2344.9434,3291.8706,0,0,0,TRUE
4964,779.2020067,0.2020066999999699,2.2639716,0,0,0,1919.8407,1884.5436,1933.0194,0,0,0,TRUE
4968,403.1966911,0.19669110000000956,2.2665918,0,0,0,1026.178,1699.9265,1067.0305,0,0,0,TRUE
5021,367.1506559,0.15065590000000384,2.299504,0,0,0,58587.453,58990.723,53280.66,0,0,0,TRUE
5022,389.1325109,0.13251089999999976,2.2995088,0,0,0,7636.257,7228.99,6752.2266,0,0,0,TRUE
5031,709.2695118,0.26951180000003205,2.301522,0,0,0,577.9518,542.0037,587.55554,0,0,0,TRUE
5040,177.0550864,0.05508639999999332,2.2901065,29.4525,34.527115,44.02277,133473.28,134299.92,134214.58,26.162079,28.214369,44.66941,TRUE
5043,513.1375503,0.13755030000004353,2.3055637,0,0,0,1018.7753,1107.0674,1234.9917,0,0,0,TRUE
5046,704.3144728,0.3144727999999759,2.3075826,0,0,0,722.2696,640.1509,634.1765,0,0,0,TRUE
5053,407.0745513,0.07455129999999599,2.3075764,0,0,0,2684.4954,2860.5522,2873.9468,0,0,0,TRUE
506,444.8658645,0.8658644999999865,0.46580204,8719.382099999999,6043.61735,7961.0157,108328.03889,91180.76022000001,54033.90267,5184.47405,7978.65376,6341.5698999999995,TRUE
5064,619.165398,0.16539799999998195,2.311613,0,0,0,572.47076,522.734,493.69495,0,0,0,TRUE
5068,536.1985944,0.19859440000004724,2.309595,0,0,0,2425.1628,2690.3145,2108.7861,0,0,0,TRUE
5078,413.0825559,0.08255589999998847,2.311607,0,0,0,5222.10825,5307.97709,5408.38105,0,0,0,TRUE
5087,397.1474506,0.1474506000000133,2.3136249,0,0,0,1129.7236,1081.9773,1107.5125,0,0,0,TRUE
5114,471.1993791,0.19937909999998737,2.3257296,0,0,0,1160.0062,914.371,925.4608,0,0,0,TRUE
5117,451.1930761,0.19307609999998476,2.327747,0,0,0,3295.1824,3531.5967,3030.002,0,0,0,TRUE
5118,455.2254017,0.22540170000002036,2.3277657,0,0,0,2831.2905,3403.9375,2749.4666,0,0,0,TRUE
5123,472.1226474,0.12264740000000529,2.331791,0,0,0,457.24783,503.65982,450.09644,0,0,0,TRUE
5137,426.1166679,0.11666789999998173,2.337929,0,0,0,1419.1793,1470.7701,850.65173,0,0,0,TRUE
5147,795.1771292,0.17712919999996757,2.3419626,0,0,0,1269.5939,1597.3811,1420.5798,0,0,0,TRUE
5156,379.100497,0.10049700000001849,2.3440015,0,0,0,8019.4204,5265.526,7564.1465,0,0,0,TRUE
5163,779.2024368,0.20243679999998676,2.343975,0,0,0,15061.583,15349.733,14340.612,0,0,0,TRUE
5167,357.1179312,0.1179311999999868,2.346014,0,0,0,1519.9327,1563.3835,1264.3936,0,0,0,TRUE
5169,841.1723176,0.17231760000004215,2.3466237,0,0,0,919.31415,916.819,1002.2822,0,0,0,TRUE
5171,611.1628282,0.1628282000000354,2.3486624,0,0,0,2880.5996,2808.9712,2683.166,0,0,0,TRUE
5178,633.1451222,0.14512219999994613,2.3513021,0,0,0,1033.7775,1028.3352,936.07385,0,0,0,TRUE
5182,232.1913683,0.1913682999999935,2.3617234,44.71583,31.72311,29.332218,8473.616,8417.011,7232.9814,30.614212,40.801743,22.02838,TRUE
5207,422.2392445,0.23924449999998387,2.3763194,0,0,0,2796.681,2004.141,1791.0039,0,0,0,TRUE
5208,427.1956155,0.19561549999997396,2.3766785,0,0,0,1363.2616,1724.7245,1497.5327,0,0,0,TRUE
5213,567.2276563,0.22765630000003512,2.365384,0,0,0,1229.9727,945.9401,852.2748,0,0,0,TRUE
5224,420.1872265,0.1872265000000084,2.3868284,0,0,0,10450.728,10655.568,10631.377,0,0,0,TRUE
5228,374.1453253,0.14532530000002453,2.3889198,0,0,0,14617.389,14391.459,13166.22,0,0,0,TRUE
5237,457.1113715,0.11137150000001839,2.3952248,0,0,0,1548.1617,1518.1558,1415.1995,0,0,0,TRUE
5244,441.1385163,0.13851629999999204,2.3973272,0,0,0,4954.6606,4665.6606,4149.8584,0,0,0,TRUE
5252,809.212618,0.2126180000000204,2.3994026,0,0,0,332.07172,467.7315,477.15762,0,0,0,TRUE
5263,562.2725288,0.2725288000000319,2.4057145,0,0,0,13591.1455,13832.079,12610.578,0,0,0,TRUE
5273,154.0505376,0.05053760000001262,2.403589,104.64865,39.86287,57.205643,1435.3882,1208.4646,1130.1997,48.04612,41.673805,38.51377,TRUE
5274,504.219509,0.21950900000001639,2.4078095,0,0,0,2505.2205,2630.6602,2279.5505,0,0,0,TRUE
5280,509.1755146,0.17551459999998542,2.4099255,0,0,0,981.0797,930.3377,797.3112,0,0,0,TRUE
5296,340.0800303,0.0800302999999758,2.4141743,0,0,0,973.18427,851.5724,827.1668,0,0,0,TRUE
5312,430.2296419,0.22964189999999007,2.4243584,0,0,0,4486.885,4555.4067,2918.9104,0,0,0,TRUE
5316,435.1847344,0.18473440000002483,2.4249985,0,0,0,491.65067,430.4511,461.28925,0,0,0,TRUE
5324,365.0850111,0.08501109999997425,2.4340222,0,0,0,424.18823,594.6466,467.11285,0,0,0,TRUE
5327,301.116446,0.11644599999999627,2.4430299,0,0,0,712.37714,641.4955,720.4666,0,0,0,TRUE
5329,341.1582867,0.1582867000000192,2.4749908,33.040936,29.36779,72.93919,3014.7803,2977.1152,2637.1995,33.878075,29.060083,24.47201,TRUE
5346,293.1003746,0.1003746000000092,2.463641,32.177704,31.0115,25.125908,920.8364,1146.6462,1013.1134,20.65213,29.17578,54.720116,TRUE
5348,370.1142943,0.1142942999999832,2.449343,0,0,0,3946.0017,4005.1477,3486.7422,0,0,0,TRUE
5366,329.1576004,0.15760039999997844,2.462116,0,0,0,930.15204,944.5599,575.9718,0,0,0,TRUE
5368,572.2356278,0.23562779999997474,2.459607,0,0,0,12374.113,11622.665,10157.069,0,0,0,TRUE
5369,441.1159773,0.11597729999999729,2.4601333,0,0,0,962.2502,862.3605,748.9769,0,0,0,TRUE
5370,177.0550739,0.055073899999996456,2.4422472,29.278465,51.110126,25.25739,20551.164,22737.283,22593.924,22.581448,32.55628,41.4691,TRUE
5384,596.2566903,0.25669029999994564,2.4621735,0,0,0,6276.6304,7153.018,4771.0728,0,0,0,TRUE
5397,601.2114748,0.21147480000001906,2.4641998,0,0,0,428.5525,277.97144,407.03336,0,0,0,TRUE
5434,425.0851578,0.0851577999999904,2.4845417,0,0,0,1238.5292,1237.3376,1614.0586,0,0,0,TRUE
5439,391.1002349,0.10023489999997537,2.4886374,0,0,0,627.67834,606.4388,388.09732,0,0,0,TRUE
5446,369.1181169,0.11811690000001818,2.4906714,0,0,0,1449.9965,1317.7433,1278.8145,0,0,0,TRUE
5458,394.2080793,0.20807930000000852,2.4947805,0,0,0,1689.7269,1783.7532,1562.3779,0,0,0,TRUE
5459,575.1755707,0.1755706999999802,2.4947722,0,0,0,6978.7485,6741.1064,6495.327,0,0,0,TRUE
5461,404.1560032,0.15600319999998646,2.4947993999999998,0,0,0,2211.1868,2142.1685,1957.6624,0,0,0,TRUE
5463,462.1977045,0.19770449999998618,2.4968975,0,0,0,1372.6564,1045.2682,1061.263,0,0,0,TRUE
5466,467.153348,0.15334799999999404,2.498923,0,0,0,3119.525,3440.8083,2646.678,0,0,0,TRUE
5474,496.240135,0.2401350000000093,2.5051973,0,0,0,1134.432,1037.5854,966.37317,0,0,0,TRUE
5488,409.1843442,0.18434419999999818,2.5128207,285.7254,358.54102,300.11737,53171.15,56741.367,50759.016,379.74463,342.48364,258.20273,TRUE
5509,595.2012303,0.20123030000002018,2.5258799,0,0,0,602.5342,726.2714,691.02423,0,0,0,TRUE
5511,551.2710881,0.2710881000000427,2.525905,0,0,0,1709.3875,1784.2539,1739.5182,0,0,0,TRUE
5522,427.1730178,0.1730178000000251,2.5279703,0,0,0,3596.6587,3443.9321,2915.5576,0,0,0,TRUE
5526,579.2275749,0.227574900000036,2.5279787,0,0,0,5382.204,5629.6367,4981.805,0,0,0,TRUE
5529,568.2982162,0.2982161999999562,2.5300438,0,0,0,1041.8602,984.48956,826.0402,0,0,0,TRUE
5549,517.2268438,0.22684379999998328,2.5405266,0,0,0,574.86145,643.5236,496.9594,0,0,0,TRUE
5557,512.2713461,0.27134609999995973,2.5425932,0,0,0,3387.0535,3549.3728,3257.4526,0,0,0,TRUE
5572,395.0745207,0.07452069999999367,2.5509405,0,0,0,955.97046,1041.9521,1105.5024,0,0,0,TRUE
5573,379.1005019,0.10050189999998338,2.5509584,0,0,0,2986.8079,3405.7642,3152.2007,0,0,0,TRUE
5612,404.2285726,0.2285726000000068,2.5675743,0,0,0,10120.56,8975.699,8852.409,0,0,0,TRUE
5618,442.2292557,0.22925570000001017,2.569627,0,0,0,5198.082,5159.872,4665.0303,0,0,0,TRUE
5622,225.1491211,0.14912110000000212,2.564473,209.04816,468.62784,322.1458,12231.916,12113.152,11481.986,396.6537,135.47305,274.596,TRUE
5626,207.1383695,0.13836950000001025,2.5740647,135.37415,169.35439,166.05467,52103.637,51986.355,49604.832,161.46048,228.58437,383.26898,TRUE
5630,447.1851203,0.18512029999999413,2.5737333,0,0,0,790.66364,914.6736,680.2978,0,0,0,TRUE
5643,705.2384945,0.2384945000000016,2.5798438,0,0,0,1710.5183,1508.0485,1375.6154,0,0,0,TRUE
5657,579.2289552,0.22895519999997305,2.5860243,0,0,0,2523.1484,2596.324,2379.3264,0,0,0,TRUE
5661,469.1689688,0.16896880000001602,2.5880861,0,0,0,4525.5845,4480.0864,4173.747,0,0,0,TRUE
5667,464.2136563,0.2136563000000251,2.5922015,0,0,0,8530.98,9332.107,8320.629,0,0,0,TRUE
5675,219.113282,0.1132819999999981,2.5948684,0,0,0,4712.003,5157.911,5123.503,0,0,0,TRUE
5679,202.0866996,0.08669960000000287,2.5969312,0,0,0,4131.461,4462.2305,4611.994,0,0,0,TRUE
5680,257.0689193,0.06891930000000457,2.596942,0,0,0,2340.4822,2485.3274,2611.944,0,0,0,TRUE
5683,241.09513,0.0951300000000117,2.6019063,0,0,0,5929.362,6673.4243,6632.282,0,0,0,TRUE
5688,572.2357941,0.235794100000021,2.604016,0,0,0,2236.7927,2369.0522,1905.6295,0,0,0,TRUE
5689,577.1899103,0.18991029999995135,2.6040876,0,0,0,552.6904,525.8764,402.2246,0,0,0,TRUE
572,202.0705251,0.07052509999999756,0.5180021,40.331753,42.60334,45.50537,40880.26,40861.926,37395.297,48.17016,38.420273,38.797398,TRUE
5727,339.1424487,0.14244869999998855,2.6234064,38.42286,48.516495,52.376194,16064.062,16261.258,14574.351,56.945194,38.654762,36.146767,TRUE
5728,355.1166189,0.11661889999999175,2.6134236,29.78644,39.366096,26.284775,6423.088,6301.0044,5689.445,27.308086,32.58923,31.988789,TRUE
5732,317.1593425,0.15934249999997974,2.6294146,0,0,0,745.3658,734.57733,610.2959,0,0,0,TRUE
5738,136.0761805,0.07618049999999243,2.6490889,1091.4697,242.58482,409.45743,16654.055,17102.377,15842.284,946.8428,696.151,336.6933,TRUE
5754,405.1740589,0.17405889999997726,2.641826,0,0,0,1206.3962,1301.0656,1236.1344,0,0,0,TRUE
5763,469.132724,0.13272399999999607,2.643894,0,0,0,3121.837,3431.8572,2763.9841,0,0,0,TRUE
5776,367.1362566,0.13625660000002426,2.6459482,0,0,0,936.7359,996.9481,892.7646,0,0,0,TRUE
5778,485.1065988,0.10659879999997202,2.646014,0,0,0,564.76166,588.94904,454.4138,0,0,0,TRUE
5789,442.2291493,0.22914930000001732,2.6501215,0,0,0,14039.937,14702.871,13165.193,0,0,0,TRUE
5791,383.110737,0.11073699999997189,2.6781034,0,0,0,235.83702,205.37352,331.046,0,0,0,TRUE
5792,447.1844792,0.1844791999999984,2.6521785,0,0,0,2646.9998,2746.0894,2270.7742,0,0,0,TRUE
5795,519.1987365,0.19873649999999543,2.6522028,0,0,0,1987.078,1927.4115,1875.96,0,0,0,TRUE
5813,431.1111963,0.11119630000001735,2.6625726,0,0,0,4181.5444,4564.6504,4061.2217,0,0,0,TRUE
5821,415.1370321,0.137032099999999,2.6667163,0,0,0,11178.585,11274.615,10255.748,0,0,0,TRUE
584,532.8487907,0.848790699999995,0.469635,0,0,0,9458.453,8603.56,5499.1743,0,0,0,TRUE
585,546.8261822,0.8261821999999484,0.46492267,2890.11517,1838.3324,2359.7136,37459.81265,41255.59175,32020.154619999998,1423.3135,2449.88,1895.4363,TRUE
5874,177.0547878,0.05478780000001393,2.7037811,31.892538,27.556427,23.499033,39237.266,40130.367,28826.703,24.89626,22.66042,55.497627,TRUE
5875,413.0825998,0.08259980000002543,2.6958277,0,0,0,1752.6191,1327.1827,1003.7304,0,0,0,TRUE
588,614.8127825,0.8127825000000257,0.469635,0,0,0,29488.766,29171.453,21458.309,0,0,0,TRUE
5885,605.1767131,0.17671310000002904,2.6979225,0,0,0,969.00055,1274.5831,950.0246,0,0,0,TRUE
5887,589.20169,0.20168999999998505,2.700016,0,0,0,1368.0048,1470.2848,1240.9148,0,0,0,TRUE
5893,427.1729737,0.1729737,2.7042446,0,0,0,580.789,493.60767,343.9615,0,0,0,TRUE
5898,411.2006945,0.20069449999999733,2.7063468,0,0,0,2081.337,2414.7236,1780.2166,0,0,0,TRUE
5901,400.218907,0.21890700000000152,2.6879158,80.64112,80.469406,139.78491,6553.8296,6486.5483,7025.299,168.72946,187.0203,140.75633,TRUE
5940,383.1110094,0.11100940000000037,2.727124,0,0,0,305.8021,364.83865,342.9331,0,0,0,TRUE
5944,367.1356946,0.1356946000000221,2.7292984,0,0,0,1072.2968,1163.9049,1011.5658,0,0,0,TRUE
5969,266.1239976,0.1239975999999956,2.742769,0,0,0,5213.5444,5458.7573,4957.0825,0,0,0,TRUE
5977,271.0794898,0.07948979999997619,2.7470615,0,0,0,919.78064,752.04553,743.62537,0,0,0,TRUE
599,850.7212931,0.7212931000000253,0.469635,0,0,0,5273.327,5767.1846,4601.7065,0,0,0,TRUE
6005,450.2342637,0.23426369999998542,2.7661228,0,0,0,407.0178,328.882,577.05286,0,0,0,TRUE
6018,391.1005525,0.10055249999999205,2.6979218,0,0,0,4596.3813,5768.53,4023.7742,0,0,0,TRUE
602,310.9133524,0.913352400000008,0.46974272,4434.558,3859.746,4551.718,86326.52,76853.14,54359.633,2960.7646,5043.0024,4171.331,TRUE
6024,519.1991388,0.19913880000001427,2.7810154,0,0,0,1751.9971,1607.3832,1540.0457,0,0,0,TRUE
603,367.9644554,0.9644554000000198,0.469635,0,0,0,2196.4604,2694.8816,3350.1226,0,0,0,TRUE
6031,559.1911833,0.19118330000003425,2.785169,0,0,0,1521.216,1400.6796,1347.4772,0,0,0,TRUE
6038,606.2562159,0.25621590000002925,2.7934773,0,0,0,1176.4708,1346.7383,1132.3358,0,0,0,TRUE
6044,433.1477508,0.14775079999998297,2.7955885,0,0,0,4148.109,4207.483,4076.7181,0,0,0,TRUE
606,578.7722926,0.7722926000000143,0.47159895,0,0,0,3335.3286,5264.206,6185.9644,0,0,0,TRUE
6080,611.2122438,0.2122438000000102,2.8018148,0,0,0,1911.0321,1882.1458,1825.7448,0,0,0,TRUE
61,222.9305124,0.9305123999999978,0.40418237,231.63649199999998,178.84871,190.153852,2435.381,3408.7059,4032.7833,164.87052,142.76474100000001,155.469095,TRUE
6120,191.1436339,0.14363389999999754,2.8067782,30.810455,31.10574,64.379105,12278.264,12866.013,11827.225,26.026836,54.36186,31.53408,TRUE
6121,209.154168,0.15416799999999853,2.8248985,294.35114,839.9028,409.6663,31574.555,33453.043,29431.943,1184.6047,816.583,720.17535,TRUE
6126,427.17366,0.17365999999998394,2.810069,0,0,0,5798.8403,5690.0596,5295.751,0,0,0,TRUE
6128,406.2443959,0.24439589999997224,2.8121498,0,0,0,2728.3606,1897.8176,2584.1807,0,0,0,TRUE
6181,495.1849852,0.18498520000002827,2.8434517,0,0,0,4927.8857,4689.5044,4105.103,0,0,0,TRUE
6184,517.1676962,0.16769620000002305,2.8455608,0,0,0,842.06256,877.0611,688.4495,0,0,0,TRUE
6191,260.0898966,0.08989659999997457,2.848149,0,0,0,4791.9653,4536.22,2729.362,0,0,0,TRUE
6194,276.0638151,0.06381509999999935,2.8482475,0,0,0,1651.1372,1474.2292,1001.53735,0,0,0,TRUE
6199,202.0536752,0.05367519999998649,2.8535106,0,0,0,2513.8213,2436.342,1517.4843,0,0,0,TRUE
6208,304.0797605,0.07976050000002033,2.857714,0,0,0,419.92712,408.1522,401.246,0,0,0,TRUE
6211,547.2149661,0.21496609999996963,2.861265,0,0,0,871.85223,844.28217,617.1657,0,0,0,TRUE
6212,542.2607603,0.2607603000000154,2.861913,0,0,0,1759.946,1783.5901,1603.978,0,0,0,TRUE
6222,606.2564354,0.25643539999998666,2.8657503,0,0,0,1112.9049,1002.4238,921.0704,0,0,0,TRUE
6225,350.2180022,0.2180022000000008,2.8672178,0,0,0,6817.637,6817.5703,6493.5645,0,0,0,TRUE
624,242.9259617,0.9259616999999878,0.47041887,23537.713,18946.623,22792.38,467072.53,425519.72,325804.7,16020.973,23826.912,19379.816,TRUE
6244,412.2192001,0.2192001000000232,2.879879,0,0,0,8855.49,9347.403,8071.8857,0,0,0,TRUE
6249,417.1739434,0.17394339999998465,2.8820026,0,0,0,1973.0797,2196.8323,1814.6058,0,0,0,TRUE
6257,433.1480992,0.1480991999999901,2.8861847,0,0,0,632.01324,624.8839,501.04572,0,0,0,TRUE
6294,484.1378267,0.13782670000000508,2.894235,0,0,0,1615.3667,1467.8667,1452.9896,0,0,0,TRUE
6296,446.1822815,0.18228149999998777,2.8942573,0,0,0,1186.7775,1124.9968,948.9305,0,0,0,TRUE
6304,855.3313988,0.3313987999999881,2.8963482,0,0,0,15555.767,16069.178,14358.187,0,0,0,TRUE
6314,877.3135364,0.3135363999999754,2.8985035,0,0,0,1316.2758,1217.3412,962.04974,0,0,0,TRUE
6323,586.2152443,0.21524429999999484,2.9027574,0,0,0,342.92337,312.17435,466.0884,0,0,0,TRUE
6325,607.1442002,0.14420020000000022,2.9027574,0,0,0,237.49556,164.2447,185.65027,0,0,0,TRUE
6327,369.1176456,0.11764560000000301,2.9045238,0,0,0,2003.2708,1935.3995,1668.7125,0,0,0,TRUE
6331,339.1415825,0.1415825000000268,2.9192805,42.56954,35.061546,67.93896,6061.178,6191.359,4487.403,35.75912,78.36355,42.325836,TRUE
6338,391.1004775,0.10047750000001088,2.9083843,0,0,0,852.6107,775.2245,540.4052,0,0,0,TRUE
6347,158.060344,0.06034399999998641,2.9122553,0,0,0,410.26022,453.2439,423.52637,0,0,0,TRUE
6348,334.1874357,0.18743569999998044,2.9203064,31.133919,68.532486,32.448914,652.53595,589.24054,593.71985,27.234867,53.292397,32.41971,TRUE
6353,323.0902306,0.09023059999998395,2.9442358,36.494896,82.65585,112.91902,3070.5337,2603.24,2629.251,168.23459,69.08484,110.60437,TRUE
6355,425.1809296,0.18092960000001312,2.9164884,0,0,0,1147.629,1223.8367,1163.0364,0,0,0,TRUE
6398,427.1727602,0.17276020000002745,2.9462738,0,0,0,1618.0189,1712.1758,1461.9609,0,0,0,TRUE
6400,589.182758,0.18275800000003528,2.946273,0,0,0,1489.8799,1431.8253,1366.7766,0,0,0,TRUE
6406,573.2075735,0.20757349999996677,2.948291,0,0,0,3006.8599,2864.8335,2566.6382,0,0,0,TRUE
6411,350.2176012,0.21760119999999006,2.950309,0,0,0,944.28656,1163.9276,1063.2858,0,0,0,TRUE
6429,695.1151557,0.11515569999994568,2.9523222,0,0,0,5648.3105,5402.0146,5429.1987,0,0,0,TRUE
6437,381.0801232,0.08012320000000273,2.9694142,43.97149,33.72014,75.56047,1009.41406,883.96533,991.3649,48.63817,54.263893,67.37369,TRUE
6447,701.129769,0.12976900000001024,2.9543648,0,0,0,1788.1829,1530.682,1555.9691,0,0,0,TRUE
6448,1243.29954,0.29953999999997905,2.9543514,0,0,0,1878.1937,1720.8038,1655.4496,0,0,0,TRUE
6450,679.1381035,0.13810350000005656,2.95436,0,0,0,673.8187,446.4441,654.409,0,0,0,TRUE
6457,647.1018721,0.10187210000003688,2.9563892,0,0,0,11488.7373,11809.0218,10513.6875,0,0,0,TRUE
6475,631.1290679,0.12906789999999546,2.9584315,0,0,0,87329.12,86967.612,79951.9926,0,0,0,TRUE
6490,723.1116483,0.11164829999995618,2.960451,0,0,0,1204.2468,1340.0922,1114.5647,0,0,0,TRUE
6491,643.1511009,0.15110089999996035,2.9604628,0,0,0,1744.4084,1747.0012,1848.7091,0,0,0,TRUE
6496,285.1326626,0.1326626000000033,3.006894,220.9391,221.76628,131.95337,2564.8735,2653.7117,2525.8025,279.86368,123.26997,385.54727,TRUE
6513,498.1740235,0.17402349999997568,2.968589,0,0,0,6638.4062,6799.926,5740.787,0,0,0,TRUE
652,198.1238967,0.12389669999998887,0.48615366,52.83433,57.87082,60.666008,11075.227,11961.366,9720.839,51.81099,114.11362,44.813065,TRUE
6526,514.1487171,0.14871709999999894,2.979265,0,0,0,5523.2886,5337.73,4858.0454,0,0,0,TRUE
655,258.8975114,0.8975113999999849,0.5101002,315.93262,387.31772,842.83453,246509.05,259695.89,235379,416.77197,759.0927,526.5544,TRUE
6552,476.1920737,0.19207369999998036,2.9978447,0,0,0,2231.3794,2610.0676,2294.4504,0,0,0,TRUE
6585,427.1735955,0.17359549999997625,3.0170615,0,0,0,2253.5217,2097.6938,1779.5841,0,0,0,TRUE
6587,538.2298217,0.22982170000000224,3.0171454,0,0,0,2810.081,3073.5515,2721.7827,0,0,0,TRUE
6595,543.1847847,0.1847847000000229,3.0205593,0,0,0,1208.6772,1311.3087,1165.9369,0,0,0,TRUE
6604,523.22931,0.22931000000005497,3.0344284,0,0,0,171.55254,192.7608,114.41179,0,0,0,TRUE
661,480.8345857,0.834585699999991,0.47159895,0,0,0,14712.699,15265.968,12160.868,0,0,0,TRUE
6616,544.1577907,0.1577906999999641,3.0337543,0,0,0,261.9023,426.88348,388.05817,0,0,0,TRUE
662,496.8083499,0.8083498999999961,0.47159895,0,0,0,5734.4336,7299.028,7724.428,0,0,0,TRUE
6623,446.1816294,0.18162940000001981,3.036914,0,0,0,961.4422,790.4665,870.6573,0,0,0,TRUE
6629,468.1639004,0.16390039999998862,3.0390575,0,0,0,1285.4366,1383.5266,1198.3477,0,0,0,TRUE
6647,545.2003584,0.20035840000002736,3.047167,0,0,0,1159.5674,1047.4767,851.5963,0,0,0,TRUE
6648,540.2449697,0.244969699999956,3.047923,0,0,0,2655.0835,2675.1426,2104.2703,0,0,0,TRUE
666,782.7344054,0.7344054000000142,0.4716107,0,0,0,4648.511,6084.804,5808.6455,0,0,0,TRUE
6712,353.1583705,0.15837049999998953,3.0452042,59.122414,35.92215,32.895386,1779.1376,1832.8373,1449.4698,25.082415,27.009422,35.34599,TRUE
6715,917.3681423,0.368142300000045,3.0697758,0,0,0,570.2664,839.2316,588.2022,0,0,0,TRUE
6739,934.3919346,0.39193460000001323,3.0761087,0,0,0,337.96365,361.94846,262.43866,0,0,0,TRUE
6740,641.2240614,0.2240613999999823,3.0761964,0,0,0,2289.303,1972.5271,1937.4517,0,0,0,TRUE
6743,636.2676397,0.2676397000000179,3.0778768,0,0,0,721.5238,577.38104,625.4493,0,0,0,TRUE
6760,503.059056,0.05905599999999822,3.088536,0,0,0,637.83685,757.6344,700.39777,0,0,0,TRUE
6767,487.0857074,0.08570739999998978,3.0906506,0,0,0,9536.078,9781.094,9413.435,0,0,0,TRUE
678,580.7708667,0.770866700000056,0.47361842,0,0,0,1578.8129,1853.9,2176.4429,0,0,0,TRUE
6780,552.3027951,0.30279510000002574,3.106549,0,0,0,577.09106,527.7843,404.39334,0,0,0,TRUE
6786,535.2761749,0.2761749000000009,3.1023576,0,0,0,9861.118,10853.7,9634.769,0,0,0,TRUE
6793,557.2587558,0.2587558000000172,3.1044407,0,0,0,2463.6755,2512.1062,2270.6143,0,0,0,TRUE
682,106.951101,0.9511009999999942,0.47174066,2694.4585,1902.3717,2866.9243,64837.617,61809.05,52122.84,2278.8066,2766.2048,2521.9502,TRUE
6824,617.1502376,0.15023759999996855,3.117625,0,0,0,1369.6917,1525.7986,1376.6807,0,0,0,TRUE
6841,440.1922961,0.1922961000000214,3.1040294,0,0,0,722.8962,555.2058,564.498,0,0,0,TRUE
6843,519.198652,0.19865200000003824,3.128087,0,0,0,12252.24,12343.872,11680.242,0,0,0,TRUE
6859,589.1813607,0.18136070000002746,3.1319087,0,0,0,4650.379,4418.066,4195.303,0,0,0,TRUE
6861,422.1005542,0.10055419999997639,3.1320179,0,0,0,937.036,1004.471,869.86725,0,0,0,TRUE
6871,624.2867094,0.2867093999999497,3.1357234,0,0,0,4929.57,5303.8896,4785.338,0,0,0,TRUE
6876,384.1448806,0.1448806000000218,3.1378415,0,0,0,17665.492,23327.123,20069.479,0,0,0,TRUE
6880,855.330934,0.33093399999995654,3.1079137,0,0,0,1102.8674,1517.3757,981.1231,0,0,0,TRUE
6883,434.2030631,0.2030631000000085,3.1399448,0,0,0,2265.877,3083.5417,1797.4534,0,0,0,TRUE
6907,514.1481528,0.14815280000004805,3.151018,0,0,0,1477.5483,1436.7898,1402.598,0,0,0,TRUE
6910,498.174272,0.17427199999997356,3.1512477,0,0,0,3259.807,3270.3833,2825.8684,0,0,0,TRUE
694,360.8336324,0.833632399999999,0.47559413,0,0,0,1856.5037,2871.1982,2724.3113,0,0,0,TRUE
696,714.7471023,0.7471023000000514,0.47357464,0,0,0,4479.081,6090.205,6274.9927,0,0,0,TRUE
6984,473.2028042,0.20280420000000277,3.1781816,0,0,0,2234.5073,2427.9043,2298.4644,0,0,0,TRUE
6991,567.2069393,0.20693930000004457,3.184983,0,0,0,850.7978,995.0539,757.7531,0,0,0,TRUE
6997,562.2515313,0.25153130000001056,3.1870975,0,0,0,1676.9297,1871.913,1845.882,0,0,0,TRUE
700,108.9502285,0.9502284999999944,0.46265948,34.643005,29.592762,36.81038,4614.708,4170.765,4083.366,40.318462,82.79057,59.04771,TRUE
7013,425.1576645,0.15766450000000987,3.1919308,0,0,0,2536.6575,2623.201,2226.42,0,0,0,TRUE
7022,701.1042309,0.10423089999994772,3.1981232,0,0,0,330.24768,286.74213,288.00833,0,0,0,TRUE
7023,707.1183553,0.11835529999996197,3.2001972,0,0,0,226.59328,262.1894,186.83401,0,0,0,TRUE
7026,528.1855805,0.18558050000001458,3.1960738,0,0,0,1044.2191,949.88025,677.5797,0,0,0,TRUE
7032,682.4032534,0.4032534000000396,3.1960738,0,0,0,3131.2822,3305.3,3176.4097,0,0,0,TRUE
705,122.9250312,0.9250312000000065,0.48453605,111.29823,78.65481,48.805084,229664.6,255234.98,255296.56,38.818855,127.03032,124.58688,TRUE
7058,574.2508977,0.2508976999999959,3.253609,0,0,0,746.7678,1044.4778,685.6317,0,0,0,TRUE
7098,427.1482429,0.14824290000001383,3.3062594,0,0,0,1020.8536,1113.8113,819.4448,0,0,0,TRUE
7113,235.0736037,0.07360370000000671,3.2293499,0,0,0,553.6039,610.30884,589.58984,0,0,0,TRUE
7117,219.1003116,0.10031159999999772,3.2342951,88.04742,143.95844,259.72995,2967.9307,2646.552,2779.9697,97.942825,64.97374,167.65486,TRUE
7158,365.1718464,0.17184639999999263,3.2426255,0,0,0,8760.512,9597.81,8634.293,0,0,0,TRUE
7173,853.3641006,0.36410060000002886,3.2461472,0,0,0,516.9917,402.86127,367.81097,0,0,0,TRUE
7175,647.1602592,0.16025920000004135,3.2475615,0,0,0,1137.8905,1057.032,1001.2273,0,0,0,TRUE
7176,837.3898478,0.3898477999999841,3.2479124,0,0,0,1386.9852,1392.2565,1416.3203,0,0,0,TRUE
7187,612.2302915,0.2302915000000212,3.2496707,0,0,0,1406.7799,1632.0211,1348.6858,0,0,0,TRUE
7189,633.1603911,0.1603910999999698,3.2517946,0,0,0,602.8708,609.80493,580.28174,0,0,0,TRUE
7192,387.1538572,0.15385720000000447,3.243986,0,0,0,611.53,574.7696,454.22507,0,0,0,TRUE
7195,755.2775206,0.27752060000000256,3.2518375,0,0,0,230.1537,377.1958,258.06763,0,0,0,TRUE
7197,579.2068021,0.20680210000000443,3.2539465,0,0,0,555.68866,540.4275,522.2129,0,0,0,TRUE
7206,750.3203077,0.3203076999999439,3.2574701,0,0,0,2550.3792,2824.871,2727.8716,0,0,0,TRUE
721,630.7864099,0.7864098999999669,0.47357464,0,0,0,15443.925,16686.71,14283.682,0,0,0,TRUE
722,646.7603186,0.7603186000000051,0.47357464,0,0,0,4935.3677,6018.0815,6384.502,0,0,0,TRUE
7223,352.1164749,0.11647490000001426,3.2660685,0,0,0,1173.5939,1130.2737,1038.6992,0,0,0,TRUE
7230,274.048096,0.048095999999986816,3.270463,0,0,0,243.75392,336.07996,200.33067,0,0,0,TRUE
7267,603.1495933,0.14959329999999227,3.286684,0,0,0,817.8946,1010.01105,961.5074,0,0,0,TRUE
7273,587.1757237,0.17572370000004867,3.2884777,0,0,0,1478.5996,1712.0062,1486.7263,0,0,0,TRUE
7280,684.361002,0.36100199999998495,3.2927167,0,0,0,390.5144,534.02527,438.49954,0,0,0,TRUE
7304,601.1912321,0.19123209999997925,3.3044941,0,0,0,2462.9487,2593.5583,2391.129,0,0,0,TRUE
7305,617.1657239,0.16572389999998904,3.3046143,0,0,0,1763.573,2039.7063,1931.8126,0,0,0,TRUE
7370,543.1847427,0.18474270000001525,3.357504,0,0,0,1113.085,1285.9216,1105.4061,0,0,0,TRUE
7375,449.1089095,0.10890949999998156,3.3366916,0,0,0,4524.8784,4589.283,4228.6094,0,0,0,TRUE
7378,471.0910743,0.0910743000000025,3.3388145,0,0,0,3017.2832,3064.467,2830.0984,0,0,0,TRUE
7396,375.1561112,0.156111199999998,3.3501346,0,0,0,2231.1062,2139.8674,1952.9309,0,0,0,TRUE
7398,413.1119417,0.11194169999998849,3.348327,0,0,0,553.04645,488.82968,544.3143,0,0,0,TRUE
7406,701.337872,0.33787199999994755,3.3497963,0,0,0,2362.0254,2660.0518,2209.6365,0,0,0,TRUE
741,174.9384519,0.9384518999999898,0.47380993,3035.2537,3171.209,1427.9619,79174.55,77884.62,61949.473,2370.1992,3426.3828,3091.9924,TRUE
7436,582.1755557,0.17555570000001808,3.353696,0,0,0,355.10248,390.34183,395.23383,0,0,0,TRUE
7437,619.1811492,0.18114920000004986,3.3516037,0,0,0,661.51825,696.14655,647.1179,0,0,0,TRUE
7444,335.1609309,0.16093089999998256,3.3557987,0,0,0,6899.262,7679.957,6893.529,0,0,0,TRUE
7446,571.2927321,0.2927320999999665,3.3557913,0,0,0,907.3295,1098.9963,1308.3984,0,0,0,TRUE
7467,538.2295468,0.22954679999998007,3.359599,0,0,0,4240.6626,4581.7515,5579.9497,0,0,0,TRUE
7468,559.159911,0.1599109999999655,3.359599,0,0,0,223.72266,401.38217,283.09952,0,0,0,TRUE
7470,503.1920393,0.19203929999997627,3.3617373,0,0,0,880.18,963.3532,821.61847,0,0,0,TRUE
7492,387.107703,0.10770300000001498,3.3706677,0,0,0,445.694,390.8588,486.5302,0,0,0,TRUE
750,162.0764743,0.076474300000001,0.4973404,1294.021,1268.9606,934.3992,23548.666,25331.91,27463.207,615.23895,264.52954,497.41464,TRUE
7506,422.145323,0.14532300000001896,3.3741934,0,0,0,2257.9473,2300.6436,2084.946,0,0,0,TRUE
7511,532.3284168,0.3284168000000136,3.3759558,0,0,0,2309.3552,2253.0786,1647.342,0,0,0,TRUE
7512,554.3113234,0.31132339999999203,3.3965418,0,0,0,852.3262,874.47546,1105.1531,0,0,0,TRUE
752,266.1600908,0.16009079999997766,0.4755559,0,0,0,49004.176,49557.414,49148.344,0,0,0,TRUE
7563,479.1199873,0.11998729999999114,3.399232,0,0,0,930.2823,534.5974,683.4279,0,0,0,TRUE
758,342.1397742,0.13977419999997664,0.47758165,0,0,0,7421.1035,7534.9507,7146.8984,0,0,0,TRUE
7588,764.3155398,0.3155398000000105,3.4114485,0,0,0,1426.9431,1237.9448,1401.5492,0,0,0,TRUE
7608,821.3952554,0.39525539999999637,3.4214547,0,0,0,799.03705,768.7005,849.0528,0,0,0,TRUE
7651,910.3763111,0.3763110999999526,3.4356568,0,0,0,7517.1436,7562.8135,7094.5845,0,0,0,TRUE
7653,915.331299,0.3312989999999445,3.4361136,0,0,0,342.51013,517.4797,575.1004,0,0,0,TRUE
768,257.8628099,0.862809900000002,0.4795629,0,0,0,13172.055,15590.971,17241.957,0,0,0,TRUE
7687,509.2010505,0.20105050000000801,3.44538,0,0,0,1370.7045,1532.5728,1578.9396,0,0,0,TRUE
7691,525.1743946,0.17439460000002782,3.4472072,0,0,0,591.56396,683.1925,654.56067,0,0,0,TRUE
7712,699.3224516,0.32245160000002215,3.4563673,0,0,0,1053.2102,1191.5973,983.6224,0,0,0,TRUE
772,364.1217446,0.12174459999999954,0.48163366,0,0,0,5890.0713,6203.04,3649.2834,0,0,0,TRUE
7735,533.2216452,0.22164520000001176,3.4645135,0,0,0,2248.418,2239.4553,1768.8281,0,0,0,TRUE
7741,837.3879319,0.3879319000000123,3.4687397,0,0,0,621.6762,452.89743,412.02997,0,0,0,TRUE
7747,832.4347841,0.43478410000000167,3.4708588,0,0,0,4674.684,5207.012,4220.634,0,0,0,TRUE
7752,640.2636965,0.2636965000000373,3.4725387,0,0,0,2714.2263,2558.166,2357.4329,0,0,0,TRUE
7753,661.1930772,0.19307719999994788,3.4730346,0,0,0,406.2845,537.95337,515.6498,0,0,0,TRUE
7765,373.2224593,0.22245930000002545,3.4867344,0,0,0,4179.7876,4436.7534,3797.1016,0,0,0,TRUE
7768,816.4399601,0.4399601000000075,3.4235811,0,0,0,6429.0503,5034.649,5925.7905,0,0,0,TRUE
7769,211.1698675,0.16986750000000939,3.4695206,156.00313,177.83232,96.87803,12032.482,12284.971,11301.0625,138.6055,126.706215,351.74567,TRUE
7786,260.1261114,0.12611140000001342,3.4968178,0,0,0,8304.595,7837.57,7957.5674,0,0,0,TRUE
7790,967.4506005,0.45060049999995044,3.4988387,0,0,0,1298.6592,1291.7404,930.2175,0,0,0,TRUE
7797,214.1442508,0.1442508000000089,3.5021963,418.1361,123.37454,710.1987,28722.4,28396.67,26911.5,325.12857,486.6771,500.62262,TRUE
7798,219.1004623,0.10046230000000378,3.4670622,47.400284,83.05226,33.747177,63248.418,65590.04,62277.395,114.99587,35.84217,65.044266,TRUE
7822,764.3151794,0.31517940000003364,3.5733252,0,0,0,4426.608,3249.5237,4308.534,0,0,0,TRUE
783,180.9043515,0.90435149999999,0.48410183,109.54852,164.05386,205.65413,5789.17,7303.3057,6545.5156,166.43222,263.9084,383.1085,TRUE
7832,626.3459258,0.3459258000000318,3.5110276,0,0,0,23216.818,24476.508,25743.807,0,0,0,TRUE
7867,694.3670699,0.3670699000000468,3.4542444,0,0,0,5769.3936,6988.777,5268.8276,0,0,0,TRUE
7882,609.2369418,0.23694179999995413,3.535104,0,0,0,775.7034,1212.6812,1037.5746,0,0,0,TRUE
7883,586.2705735,0.27057349999995495,3.5391428,0,0,0,7152.386,7242.2485,6285.255,0,0,0,TRUE
7887,569.2434684,0.24346839999998338,3.5412242,0,0,0,13536.398,14891.096,12420.14,0,0,0,TRUE
7916,526.2579481,0.25794810000002144,3.5573597,0,0,0,1124.9468,1158.314,1265.9044,0,0,0,TRUE
7919,514.2873832,0.28738320000002204,3.5591338,0,0,0,622.1396,705.5676,636.8733,0,0,0,TRUE
7924,769.2698573,0.2698573000000124,3.561631,0,0,0,8873.813,8277.814,7149.81,0,0,0,TRUE
793,104.1077023,0.1077022999999997,0.50064415,6493.629,2820.1553,10553.437,10068085,10776250,10348523,4529.334,3549.3533,4142.386,TRUE
7939,785.2455548,0.24555480000003627,3.5655339,0,0,0,714.07275,792.89136,859.91266,0,0,0,TRUE
796,105.1109614,0.11096139999999366,0.5181578,89.839806,38.811157,67.91415,552718.2,584812.6,556766.5,47.513393,93.10275,79.12625,TRUE
7967,585.2385457,0.2385457000000315,3.5811338,0,0,0,2016.1195,2162.396,2145.6843,0,0,0,TRUE
7982,602.2657427,0.26574270000003253,3.5850527,0,0,0,9425.383,9134.208,8553.709,0,0,0,TRUE
7990,607.2211965,0.22119650000001911,3.5872343,0,0,0,921.1222,837.69617,778.8287,0,0,0,TRUE
8032,623.2341081,0.23410809999995763,3.5994756,0,0,0,789.56445,668.6942,714.57306,0,0,0,TRUE
8040,369.1170689,0.11706889999999248,3.6057608,0,0,0,1203.8267,1697.4454,1286.0482,0,0,0,TRUE
8048,983.4271721,0.42717210000000705,3.6043034,0,0,0,5125.564,4935.838,4871.266,0,0,0,TRUE
8049,967.452568,0.45256800000004205,3.6043055,0,0,0,16347.484,16863.738,15241.9,0,0,0,TRUE
8059,630.2738518,0.27385179999998854,3.6064007,0,0,0,1460.7749,1787.2635,1555.9832,0,0,0,TRUE
8068,596.2336423,0.23364230000004227,3.607872,0,0,0,785.2361,788.57947,825.36334,0,0,0,TRUE
8073,608.2907206,0.290720599999986,3.608534,0,0,0,31521.22,31105.49,27862.822,0,0,0,TRUE
8088,582.2390022,0.23900219999995898,3.6105921,0,0,0,362.81354,432.511,474.91724,0,0,0,TRUE
8094,583.2224636,0.22246359999996912,3.6120255,0,0,0,2585.6494,2608.2122,2487.3362,0,0,0,TRUE
810,164.008633,0.008633000000003221,0.49572334,0,0,0,4075.1863,4187.0493,4021.3599,0,0,0,TRUE
8100,600.2499152,0.2499152000000322,3.6137497,0,0,0,3236.7007,3052.8782,2900.444,0,0,0,TRUE
8126,335.1610883,0.16108830000001717,3.6237068,0,0,0,7625.301,7359.8174,7157.598,0,0,0,TRUE
8146,596.2732599,0.2732598999999709,3.6296883,0,0,0,4122.9453,4298.54,3922.721,0,0,0,TRUE
8152,525.3047411,0.3047411000000011,3.6331215,0,0,0,2542.8184,2375.1702,2031.6031,0,0,0,TRUE
8153,601.2302191,0.23021909999999934,3.6331437,0,0,0,5839.189,5367.3276,5178.6724,0,0,0,TRUE
8158,301.1191383,0.1191382999999746,3.6348515,0,0,0,741.17957,776.9843,647.0179,0,0,0,TRUE
8160,520.3503289,0.35032890000002226,3.6352785,0,0,0,1321.7583,1282.2657,1393.6492,0,0,0,TRUE
8165,302.1030669,0.10306689999998753,3.638671,0,0,0,741.2536,724.95074,694.0059,0,0,0,TRUE
8172,319.1300317,0.13003170000001774,3.640828,0,0,0,868.6878,935.35065,927.02295,0,0,0,TRUE
822,244.9230799,0.9230799000000047,0.4966404,441.37872,1375.3993,1740.3168,32783.89,28616.723,22598.568,1384.196,1530.6051,1218.3197,TRUE
8244,630.27385,0.27385000000003856,3.6707966,0,0,0,1337.7048,1388.031,1132.2979,0,0,0,TRUE
8248,652.2551441,0.2551441000000523,3.6495178,0,0,0,330.88898,300.8741,357.5699,0,0,0,TRUE
8264,588.2672426,0.2672426000000314,3.6771133,0,0,0,4254.567,3888.7747,4099.9736,0,0,0,TRUE
8266,609.1971627,0.19716270000003533,3.6771965,0,0,0,1452.1506,1530.9794,1382.9897,0,0,0,TRUE
828,365.1062661,0.10626610000002756,0.50351113,12090.918,9652.075,13608.308,3673709.2,3760503.2,3557110,9290.9,10002.959,10099.502,TRUE
8288,339.1077661,0.1077660999999921,3.6888905,0,0,0,23753.79,23712.422,19570.33,0,0,0,TRUE
8311,614.2783453,0.2783452999999554,3.7008708,0,0,0,2373.542,2376.2532,2461.831,0,0,0,TRUE
832,156.0772478,0.07724780000000919,0.5195639,2947.2346,1869.2299,4207.2183000000005,164138.48,168618.78,214202.23,4697.603,2822.9626,6099.8916,TRUE
8323,636.2606196,0.2606196000000409,3.7033958,0,0,0,444.02353,474.8615,564.6258,0,0,0,TRUE
8357,653.3569711,0.35697110000000976,3.7226074,0,0,0,765.31573,536.32,609.7382,0,0,0,TRUE
8365,675.3373203,0.3373202999999876,3.7246456,0,0,0,31634.693,28928.857,27736.494,0,0,0,TRUE
8367,635.3450663,0.34506629999998495,3.724631,0,0,0,996.5401,566.92017,824.1784,0,0,0,TRUE
8374,691.3111583,0.31115829999998823,3.7266693,0,0,0,6758.237,5626.0864,5992.063,0,0,0,TRUE
8393,531.2059894,0.2059894000000213,3.7307618,0,0,0,16412.201,15206.5625,14120.944,0,0,0,TRUE
84,179.9913123,0.9913123000000041,0.40147793,259.54855,163.84303,91.75159,3290.5364,3776.2373,4028.2202,199.35114,113.02356,198.06512,TRUE
8400,602.2650904,0.26509039999996276,3.7328074,0,0,0,15912.365,15332.802,14662.718,0,0,0,TRUE
8404,367.2111168,0.21111680000001343,3.7621357,88.229774,159.3612,65.0231,21570.176,18023.61,16658.447,144.6667,141.4658,95.09941,TRUE
8406,769.2488576,0.24885759999995116,3.73485,0,0,0,4401.3994,4540.6353,4047.5276,0,0,0,TRUE
8417,518.3332287,0.33322869999994964,3.7389257,0,0,0,781.0584,1228.6017,1464.6317,0,0,0,TRUE
842,165.9849755,0.9849754999999902,0.52845156,111.856,75.973495,43.578125,7276.3115,7827.1475,6407.2705,48.85269,77.64908,113.91235,TRUE
8422,383.1840331,0.18403310000002193,3.7368958,0,0,0,1823.8466,2071.385,1712.8887,0,0,0,TRUE
8426,791.2337833,0.23378330000002734,3.7368832,0,0,0,1828.9724,1676.2838,1685.1357,0,0,0,TRUE
8434,775.2573995,0.25739950000001954,3.7369013,0,0,0,5055.443,5527.8784,5164.0566,0,0,0,TRUE
8439,484.2765103,0.276510299999984,3.7389202,0,0,0,974.3605,857.7513,593.55975,0,0,0,TRUE
844,193.0013948,0.0013948000000141292,0.5467521,67.01158,138.93272,138.53159,53461.566,56371.09,49671.34,65.1976,88.13193,66.51188,TRUE
8456,407.1115106,0.11151059999997415,3.7429867,0,0,0,850.294,547.42444,797.1165,0,0,0,TRUE
8479,543.2369647,0.2369647000000441,3.7571714,0,0,0,1921.5254,1756.6757,1532.5984,0,0,0,TRUE
852,347.0351358,0.035135799999977735,0.51150197,0,0,0,3222.2803,3354.3987,2796.7156,0,0,0,TRUE
8535,487.2696169,0.2696169000000168,3.7793589,0,0,0,24880.139,25647.06,24155.695,0,0,0,TRUE
8536,504.2964634,0.29646339999999327,3.779359,0,0,0,10016.299,10091.465,9422.452,0,0,0,TRUE
8558,607.220128,0.22012800000004518,3.7814152,0,0,0,27654.1086,28905.264000000003,26823.3023,0,0,0,TRUE
8564,468.2756594,0.275659399999995,3.7855198,0,0,0,570.52997,713.8617,587.9561,0,0,0,TRUE
8570,549.2163012,0.21630119999997532,3.7834175,0,0,0,18131.902,16033.325,14624.357,0,0,0,TRUE
8571,623.1924025,0.1924024999999574,3.7834175,0,0,0,2529.1125,3880.787,3594.138,0,0,0,TRUE
8574,629.2023793,0.2023792999999614,3.7834656,0,0,0,12453.591,13794.16,13095.915,0,0,0,TRUE
8585,800.4449306,0.4449306000000206,3.7854679,0,0,0,101108.336,103100.484,95395.984,0,0,0,TRUE
8587,638.3924806,0.39248059999999896,3.7855082,0,0,0,1012.9708,1073.7423,976.8415,0,0,0,TRUE
859,203.053093,0.05309299999998984,0.5128053,20093.168,21065.533,34871.227,807518.1,666510.9,723223,31241.008,22005.426,31827.621,TRUE
8594,821.3762319,0.3762318999999934,3.7875102,0,0,0,22381.885,22001.865,21265.312,0,0,0,TRUE
8635,459.2233516,0.22335160000000087,3.8118622,0,0,0,12771.858,12657.731,11566.528,0,0,0,TRUE
8641,634.3608777,0.36087769999994634,3.8139107,0,0,0,1139.6697,1151.2397,1080.1062,0,0,0,TRUE
8656,843.3066098,0.30660980000004656,3.8181133,0,0,0,576.25775,680.04614,592.83594,0,0,0,TRUE
8657,617.338705,0.3387050000000045,3.8489845,0,0,0,1570.6528,2329.7563,1449.1567,0,0,0,TRUE
8659,838.3512721,0.3512720999999601,3.8201618,0,0,0,1149.759,1051.1254,971.0277,0,0,0,TRUE
8668,619.34972,0.34972000000004755,3.8222513,0,0,0,1022.61206,1005.899,987.8086,0,0,0,TRUE
8682,788.4811798,0.48117979999994986,3.8243368,0,0,0,2379.8494,2489.4692,2438.5444,0,0,0,TRUE
8686,675.3171568,0.31715680000002067,3.892814,0,0,0,1072.4115,1284.2399,1030.6279,0,0,0,TRUE
8723,511.2678727,0.2678726999999981,3.8461514,0,0,0,2131.3118,2241.9287,1912.6238,0,0,0,TRUE
8732,527.2408635,0.24086350000004586,3.8509986,0,0,0,2198.119,2091.698,1901.6925,0,0,0,TRUE
8733,489.2841459,0.2841458999999986,3.8537195,0,0,0,717.5485,726.2773,586.662,0,0,0,TRUE
8762,314.1392565,0.13925649999998768,3.871102,0,0,0,959.05457,1039.264,1046.8135,0,0,0,TRUE
8764,553.2438759,0.24387590000003456,3.8946888,0,0,0,236.8884,148.78389,219.52843,0,0,0,TRUE
8770,537.2682066,0.268206599999985,3.873207,0,0,0,1537.1931,1661.1958,1566.5186,0,0,0,TRUE
8771,336.1215914,0.1215913999999998,3.8732605,0,0,0,684.16425,631.57477,630.86896,0,0,0,TRUE
8777,602.2649967,0.2649966999999833,3.8753653,0,0,0,39326.715,40976.094,38939.973,0,0,0,TRUE
8780,588.2674053,0.26740529999995033,3.87753,0,0,0,1920.5752,2215.498,1820.6628,0,0,0,TRUE
8788,593.2238893,0.22388929999999618,3.8792527,0,0,0,542.3457,649.2713,557.773,0,0,0,TRUE
8804,604.3309618,0.33096179999995456,3.8834794,0,0,0,532.84827,425.1616,627.6586,0,0,0,TRUE
8808,588.3544073,0.35440730000004805,3.8856075,0,0,0,918.16644,913.6144,892.41943,0,0,0,TRUE
882,323.0943976,0.09439759999997932,0.51884407,0,0,0,6429.0615,6704.4624,4988.978,0,0,0,TRUE
8823,654.3874813,0.38748129999999037,3.8907335,0,0,0,10843.334,11447.301,10663.736,0,0,0,TRUE
8838,951.4575031,0.45750310000005356,3.8970928,0,0,0,936.53107,1039.1935,839.869,0,0,0,TRUE
8851,589.3226274,0.3226273999999876,3.9055557,0,0,0,366.546,360.13184,289.18607,0,0,0,TRUE
8853,946.5025867,0.5025867000000517,3.9056118,0,0,0,2103.7712,2175.8772,1953.6718,0,0,0,TRUE
8858,611.3056569,0.3056569000000309,3.9076958,0,0,0,488.78455,468.1904,416.54428,0,0,0,TRUE
8867,427.1273509,0.12735090000001037,3.9102154,0,0,0,2801.7847,2869.2546,2514.2761,0,0,0,TRUE
8872,532.1950686,0.19506860000001325,3.9122598,0,0,0,1765.1627,1657.629,1562.1392,0,0,0,TRUE
8875,322.0845941,0.08459410000000389,3.9143543,0,0,0,17706.68,15866.87,15357.786,0,0,0,TRUE
8883,306.1105674,0.11056739999997944,3.9164217,0,0,0,35384.227,34637.426,32889.16,0,0,0,TRUE
8884,510.2135293,0.2135293000000047,3.9164493,0,0,0,1122.3611,1118.4769,906.98456,0,0,0,TRUE
8906,419.1822385,0.18223849999998265,3.9317195,0,0,0,1676.7462,1836.1699,1662.257,0,0,0,TRUE
8909,441.1641793,0.1641793000000007,3.9295795,0,0,0,1682.4321,1546.6067,1472.4637,0,0,0,TRUE
8914,721.3388991,0.33889910000004875,3.9344177,0,0,0,12139.226,13837.476,13057.465,0,0,0,TRUE
8923,664.3928473,0.39284729999997126,3.9362247,0,0,0,761.4177,676.18774,523.52075,0,0,0,TRUE
8930,743.3199314,0.3199313999999731,3.9382594,0,0,0,469.7624,486.67252,358.15137,0,0,0,TRUE
8957,800.4452111,0.4452111000000514,3.948493,0,0,0,21512.775,22927.176,22571.914,0,0,0,TRUE
8964,555.1491982,0.14919820000000072,3.950557,0,0,0,3809.4663,3904.76,4254.4644,0,0,0,TRUE
8967,753.2555844,0.2555843999999752,3.9522514,0,0,0,1069.1396,1194.4929,1253.878,0,0,0,TRUE
8971,805.4000952,0.40009520000000975,3.9526026,0,0,0,9464.922,9365.004,9978.949,0,0,0,TRUE
8976,737.2827881,0.2827880999999479,3.9546206,0,0,0,11381.1063,12560.2932,11661.2929,0,0,0,TRUE
8977,759.2649745,0.2649744999999939,3.954621,0,0,0,2430.4365,2609.073,2432.949,0,0,0,TRUE
9030,373.1629208,0.16292079999999487,3.97345,0,0,0,3108.5662,3088.556,2767.3313,0,0,0,TRUE
9042,525.2474955,0.24749550000001364,3.9795237,0,0,0,2216.4878,2536.11,2084.5054,0,0,0,TRUE
9048,355.1277174,0.12771739999999454,3.9815528,0,0,0,3500.1943,3878.906,2816.266,0,0,0,TRUE
905,116.0346724,0.034672400000005155,0.52269834,0,0,0,38198.24,37382.582,33978.93,0,0,0,TRUE
9053,617.3410045,0.34100450000005367,3.9835682,0,0,0,1217.2698,1306.4098,1134.713,0,0,0,TRUE
9054,644.2757283,0.27572829999996884,3.983576,0,0,0,4195.05,4367.187,4343.426,0,0,0,TRUE
9055,541.2215951,0.22159509999994498,3.9836133,0,0,0,949.34235,867.77783,692.2136,0,0,0,TRUE
907,171.0168839,0.0168839000000105,0.5226982,0,0,0,51508.965,51999.91,51768.535,0,0,0,TRUE
9071,627.2493161,0.24931609999998727,3.9877226,0,0,0,2527.2908,2747.4863,2447.1838,0,0,0,TRUE
9107,672.283447,0.28344700000002376,4.000105,0,0,0,1590.5742,1477.3037,1473.0483,0,0,0,TRUE
9133,547.2012625,0.20126249999998436,4.010988,0,0,0,510.99347,834.13104,681.48206,0,0,0,TRUE
9136,605.2044858,0.20448580000004313,4.0164185,0,0,0,729.0241,735.262,733.4374,0,0,0,TRUE
9137,939.494261,0.49426100000005135,4.012733,0,0,0,1826.6935,2083.207,1990.9692,0,0,0,TRUE
9141,565.2121572,0.21215719999997873,4.014578,0,0,0,6090.2134,6887.6973,5973.1772,0,0,0,TRUE
9142,582.2385455,0.23854549999998653,4.0143075,0,0,0,621.29553,657.5618,435.06458,0,0,0,TRUE
9144,934.53913,0.5391300000000001,4.0168643,0,0,0,3759.311,3833.0178,3911.157,0,0,0,TRUE
9148,583.2221866,0.22218659999998636,4.0182858,0,0,0,5407.268,5949.7397,5052.1646,0,0,0,TRUE
9166,675.3183845,0.3183844999999792,4.032954,0,0,0,880.77203,953.4134,980.6777,0,0,0,TRUE
9168,659.3433102,0.343310200000019,4.03298,0,0,0,2738.5156,3165.107,2767.952,0,0,0,TRUE
9177,352.0951922,0.0951921999999854,4.0351,0,0,0,14485.511,12950.1045,12694.58,0,0,0,TRUE
9191,373.1631356,0.1631355999999755,4.0454736,0,0,0,1380.2843,1268.5796,1204.1366,0,0,0,TRUE
9195,470.291572,0.29157199999997374,4.0475407,0,0,0,2801.5984,2762.559,2665.711,0,0,0,TRUE
9208,591.2254209,0.22542090000001735,4.04751,0,0,0,8120.5034,9153.009,8285.23,0,0,0,TRUE
9215,613.207768,0.2077679999999873,4.049577,0,0,0,3766.08,3882.8533,3708.5469,0,0,0,TRUE
9217,607.2006993,0.20069929999999658,4.049593,0,0,0,451.12527,567.9112,518.4984,0,0,0,TRUE
9219,550.2483882,0.24838820000002215,4.0516605,0,0,0,5049.9614,5710.3667,5291.4775,0,0,0,TRUE
9227,541.2211439,0.2211439000000155,4.0574956,0,0,0,1703.1891,1483.6029,1436.717,0,0,0,TRUE
9233,525.247352,0.24735199999997803,4.0595665,0,0,0,4158.602,3932.2654000000002,3619.7751,0,0,0,TRUE
9235,503.264662,0.2646619999999871,4.0596504,0,0,0,1237.9156,1333.1299,1281.2593,0,0,0,TRUE
9238,485.2542235,0.25422350000002325,4.061665,0,0,0,2284.0867,2344.2827,1965.698,0,0,0,TRUE
9260,586.2709011,0.2709010999999464,4.074822,0,0,0,17960.84,20629.28,18000.016,0,0,0,TRUE
9306,678.3719407,0.3719406999999819,4.104059,0,0,0,5321.7334,6242.1123,5339.206,0,0,0,TRUE
9308,683.3271959,0.32719589999999243,4.1062675,0,0,0,1081.0739,1135.3387,906.4946,0,0,0,TRUE
931,152.0351261,0.035126100000013594,0.55669314,691.4255,218.25638,403.42834,33600.56,34777.895,28338.465,768.5993,756.6345,486.9864,TRUE
9338,435.2541858,0.2541858000000161,4.1263165,0,0,0,13363.189,15049.755,14020.975,0,0,0,TRUE
9341,357.1900951,0.19009510000000773,4.046714,25.571196,27.239895,0,5342.4604,5140.2964,5361.387,24.600887,18.151,35.27417,TRUE
9355,200.1085992,0.10859919999998624,4.1366124,0,0,0,341.96985,394.20526,350.52472,0,0,0,TRUE
9357,791.4198412,0.41984119999995073,4.1362343,0,0,0,313.24762,409.88483,311.6791,0,0,0,TRUE
9365,821.3761939,0.37619389999997566,4.1386304,0,0,0,6755.0874,7084.907,6880.661,0,0,0,TRUE
9376,638.393204,0.3932039999999688,4.1402535,0,0,0,572.3425,685.7903,689.68933,0,0,0,TRUE
9382,800.4450709,0.4450709000000188,4.1403008,0,0,0,171425.66,192120,175794.8,0,0,0,TRUE
939,280.0925202,0.09252020000002403,0.48817444,75.04874,62.57342,48.572166,443688,452335.62,414429.94,42.604115,36.388844,64.967545,TRUE
9405,563.2509165,0.25091650000001664,4.145152,0,0,0,560.55316,744.42596,597.7538,0,0,0,TRUE
9406,303.0997714,0.09977140000000873,4.1467605,0,0,0,368.3935,369.7581,476.0736,0,0,0,TRUE
9416,503.2466708,0.24667080000000396,4.1508465,0,0,0,497.41833,738.3391,654.5248,0,0,0,TRUE
9430,586.2348712,0.23487120000004325,4.155247,0,0,0,400.13782,376.33533,579.392,0,0,0,TRUE
9466,509.2521444,0.25214440000002014,4.1742,0,0,0,186311.95,203147.62,175297.06,0,0,0,TRUE
947,333.0692974,0.06929739999998219,0.52462536,0,0,0,5606.007,6787.438,6188.0083,0,0,0,TRUE
9485,1011.488023,0.4880229999999983,4.176274,0,0,0,2176.9531,2543.2217,1716.8802,0,0,0,TRUE
9495,525.2259814,0.2259814000000233,4.178313,0,0,0,80056.26,85710.34,77057.73,0,0,0,TRUE
9527,504.2959666,0.29596659999998565,4.1922503,0,0,0,9877.115,10484.779,8446.499,0,0,0,TRUE
9540,602.2649176,0.26491759999998976,4.205646,0,0,0,22370.47,25182.533,20238.2,0,0,0,TRUE
9549,607.2205967,0.22059669999998732,4.209145,0,0,0,2177.1648,2337.4434,1839.9297,0,0,0,TRUE
9558,343.2118605,0.21186050000000023,4.2058673,52.622902,37.628696,35.281494,692.78143,680.6397,461.00153,22.275393,30.637714,27.67491,TRUE
9657,554.2805323,0.2805323000000044,4.2746787,0,0,0,747.21405,733.1167,622.6578,0,0,0,TRUE
966,170.0433403,0.04334030000001121,0.5462454,183.24984,267.436844,264.33349,10298.0801,9845.868,7556.1371,129.48021,212.57485000000003,103.78758500000001,TRUE
9668,671.2853379,0.28533789999994497,4.27925,0,0,0,21153.096,21832.54,20189.512,0,0,0,TRUE
9671,655.3113538,0.31135380000000623,4.281297,0,0,0,55554.605,57287.355,50752.652,0,0,0,TRUE
9676,650.356188,0.35618799999997464,4.2833467,0,0,0,90593.13,96384.81,86861.29,0,0,0,TRUE
969,455.1165665,0.11656649999997626,0.5284796,0,0,0,55836.414,66370.39,65053.84,0,0,0,TRUE
9692,628.2813415,0.2813415000000532,4.2937965,0,0,0,4146.813,4831.297,4926.745,0,0,0,TRUE
9693,633.2374327,0.23743269999999939,4.2938104,0,0,0,1202.3618,1313.6986,1290.7566,0,0,0,TRUE
9698,611.2545695,0.25456950000000234,4.295527,0,0,0,6333.1436,7149.103,6471.735,0,0,0,TRUE
9703,659.3219323,0.32193229999995765,4.2989635,0,0,0,799.72784,855.9338,726.94977,0,0,0,TRUE
975,337.11086,0.1108600000000024,0.53237057,0,0,0,37106.508,30191.71,28965.402,0,0,0,TRUE
9750,591.2255374,0.22553740000000744,4.325458,0,0,0,2622.4802,2591.7998,2411.8545,0,0,0,TRUE
9752,613.2078975,0.20789749999994456,4.326557,0,0,0,1095.4386,1261.1138,1183.621,0,0,0,TRUE
9755,586.2701512,0.2701511999999866,4.327163,0,0,0,31169.4579,33796.7514,31763.722,0,0,0,TRUE
9770,607.1980724,0.19807240000000093,4.40834,0,0,0,14041.1803,14328.7124,12910.17447,0,0,0,TRUE
9782,513.2834161,0.283416099999954,4.345916,0,0,0,487.67172,425.34988,426.01453,0,0,0,TRUE
9800,523.2102334,0.2102333999999928,4.3503404,0,0,0,3738.7783,4018.221,3551.333,0,0,0,TRUE
9803,467.2438332,0.2438331999999832,4.352474,0,0,0,5855.2163,6508.1104,5602.071,0,0,0,TRUE
9847,439.2097063,0.20970629999999346,4.37933,0,0,0,342.57706,380.80844,247.73172,0,0,0,TRUE
9898,613.2075831,0.20758309999996527,4.3920517,0,0,0,38688.17,37274.62,38757.88,0,0,0,TRUE
9921,551.2323299,0.2323298999999679,4.421189,0,0,0,3996.775,2854.9958,2524.6719,0,0,0,TRUE
9941,895.9259455,0.9259455000000116,4.4021816,0,0,0,7362.545,8154.6518,7395.2333,0,0,0,TRUE
9943,689.2431405,0.24314049999998133,4.402214,0,0,0,3894.5015,3783.8013,4699.5957,0,0,0,TRUE
995,233.0633913,0.06339130000000637,0.53040737,0,0,0,157338.08,102006.8,151670.25,0,0,0,TRUE
9953,870.8862619,0.8862619000000223,4.412422,0,0,0,3026.2402,2787.5967,1792.2058,0,0,0,TRUE
9974,1079.502808,0.5028079999999591,4.404232,0,0,0,3244.9756,2680.5889,3488.501,0,0,0,TRUE
9978,1159.45793,0.45793000000003303,4.404234,0,0,0,3318.594,3253.331,3267.7002,0,0,0,TRUE
9999,648.2169766,0.21697659999995267,4.406282,0,0,0,14691.226,14193.6045,15906.105,0,0,0,TRUE
