"row ID","row m/z","row retention time","row ion mobility","row ion mobility unit","row CCS","correlation group ID","annotation network number","best ion","auto MS2 verify","identified by n=","partners","neutral M mass","Orbi_P_E2_EXBLANKA.mzML Peak area","Orbi_P_E2_EXBLANKB.mzML Peak area","Orbi_P_E2_EXBLANKC.mzML Peak area","Orbi_P_E2_WS03A.mzML Peak area","Orbi_P_E2_WS03B.mzML Peak area","Orbi_P_E2_WS03C.mzML Peak area","Orbi_P_E2_Wasteblank4.mzML Peak area","Orbi_P_E2_Wasteblank5.mzML Peak area","Orbi_P_E2_Wasteblank6.mzML Peak area","...23"
108,148.027747202038,0.3691534,"","","","31","0","[M+H]+","","2","135;108","147.02027",110.230865,127.83077,219.25595,5474.0723,5833.597,7037.8867,172.29855,152.28918,184.22408,""
181,169.046245473216,0.3699988,"","","","31","","","","","","",3400.032,6229.0063,1967.0215,31506.426,38140.88,38798.13,1345.9973,1262.1227,1630.8206,""
231,216.951263772789,0.371403,"","","","31","","","","","","",370.91034,296.43344,223.51938,9856.593,10224.851,12423.102,432.56042,554.69385,469.27423,""
43,234.961351029265,0.3725722,"","","","31","14","[2M+Na]+","","2","105;43","105.98808",128.71078,104.344284,391.5451,5915.659,7334.0117,7378.7886,219.20853,164.28043,100.49321,""
145,244.947524514771,0.37269926,"","","","31","","","","","","",5392.9536,4788.456,2039.008,46231.58,50213.715,55452.008,2226.013,5194.8535,7832.9863,""
189,217.989560019037,0.375543,"","","","31","23","[M+Na]+","","2","189;208","195.00015",45.37719,47.30465,57.072052,2277.1213,2736.8374,3098.1133,160.88268,96.4292,136.43341,""
187,142.035266103908,0.38185114,"","","","31","22","[M+H]+","","2","84;187","141.02778",26.185823,82.36227,36.29093,2450.0554,2919.9785,2723.9219,32.492455,29.46952,43.865498,""
132,146.030246116054,0.3821843,"","","","31","","","","","","",2120.7595,3948.752,1935.1873,36703.44,38957.61,42212.324,5816.237,1387.3805,4296.797,""
121,255.941734388312,0.38238192,"","","","31","11","[M+K]+","","2","192;121","216.97823",156.61841,214.42197,171.43184,4729.9688,5653.565,5424.2583,274.04895,412.787,330.22168,""
176,130.017296466389,0.38318232,"","","","31","0","[M+H-H2O]+","","2","176;135","147.02027",2893.2078,4055.7585,3601.0266,41001.145,47537.848,46656.605,2847.886,828.2108,3404.269,""
230,203.006958018923,0.3867404,"","","","31","16","[M+NH4]+","","2","230;118","184.97246",0,25.425852,0,1300.8503,1597.9355,1630.8749,54.18294,33.270706,42.99815,""
80,182.962967257818,0.38836986,"","","","31","15","[M+H-H2O]+","","2","209;80","199.96579",155.55397,95.780365,54.07303,1172.7279,1802.9645,2023.007,182.91266,316.73752,76.047806,""
89,249.926606440166,0.38873053,"","","","31","21","[M+Na]+","","2","94;89","226.93781",0,27.028816,0,1080.5038,1197.1056,1358.0294,0,0,31.321033,""
131,141.0061053001,0.389016,"","","","31","1","[M+NH4]+","","2","88;131","122.97292",48.081944,60.123413,30.390965,1524.0931,1879.9335,1930.5077,36.52008,32.062172,45.960903,""
246,258.978337937425,0.3916575,"","","","31","24","[2M-H+2Na]+","","2","183;246","107.00407",0,32.180946,0,1169.7838,1275.4313,1377.6602,31.683115,25.275608,0,""
135,165.053575114018,0.39310896,"","","","31","0","[M+NH4]+","","3","176;135;108","147.02027",26.550898,56.041084,20.477877,1163.752,1304.504,1377.4366,28.94653,21.442032,31.17192,""
139,218.984248642044,0.39526019,"","","","31","","","","","","",278.97952,100.60647,49.09931,11885.721,16571.613,18111.914,49.321404,93.872345,162.27475,""
233,257.938356306778,0.39537868,"","","","31","12","[M+K]+","","2","111;233","218.97671",0,68.595695,37.300407,1341.5491,2054.4475,2049.8367,0,0,29.558586,""
133,147.025572125738,0.39545515,"","","","31","25","[M+NH4]+","","2","133;159","128.99179",96.30885,119.69893,170.58008,3532.5361,4218.631,4233.4653,142.19034,201.18274,62.60927,""
111,219.985506690268,0.39646396,"","","","31","10","[M+Na]+","","3","81;84;111","196.99508",21.632526,26.120277,0,3320.022,4830.4414,4752.74,0,0,0,""
186,200.973053178416,0.3972162,"","","","31","15","[M+H]+","","2","209;186","199.96579",537.63916,622.3619,192.91238,4525.9546,6582.424,6651.971,545.80164,158.49539,374.93323,""
116,201.975602478443,0.39790046,"","","","31","19","[M+Na]+","","2","84;116","178.98521",140.42259,107.35209,71.29197,1045.981,1580.2145,1596.7878,137.76228,212.69695,66.632225,""
232,224.989946975529,0.4009664,"","","","31","7","[M+Na]+","","2","230;232","202.00021",31.774862,0,27.623062,1055.2548,1536.05,1866.3113,39.71694,28.675371,28.787405,""
84,179.991312280955,0.40147793,"","","","31","22","[M+K]+","","3","105;84;187","141.02778",259.54855,163.84303,91.75159,3290.5364,3776.2373,4028.2202,199.35114,113.02356,198.06512,""
61,222.930512358788,0.40418237,"","","","31","27","[2M+K]+","","2","61;154","91.98483",199.86163,178.84871,162.53079,1380.1262,1872.6559,2166.472,125.15358,114.08937,126.68169,""
226,132.014555760787,0.40647808,"","","","31","33","[M+NH4]+","","2","234;226","113.98149",0,0,19.023376,492.06747,676.18024,708.88025,0,0,0,""
237,290.94328685203,0.40716347,"","","","31","40","[M-H+2Na]+","","2","237;199","245.97345",0,34.435287,42.442726,610.8297,1107.1118,1292.137,34.806168,26.351673,54.62152,""
192,239.967096749174,0.4088852,"","","","31","11","[M+Na]+","","2","121;192","216.97823",122.24802,223.46442,119.13393,3977.0134,4463.4243,4573.743,55.218643,66.84254,59.097755,""
118,229.942950466222,0.40966293,"","","","31","16","[M-H+2Na]+","","2","230;118","184.97246",0,0,0,151.78798,887.90906,892.9336,0,0,0,""
94,209.934937640266,0.41283488,"","","","31","21","[M+H-H2O]+","","2","94;89","226.93781",0,0,0,98.050446,682.1779,426.2533,25.393364,0,0,""
109,202.970579072878,0.41369903,"","","","31","35","[M+H-H2O]+","","2","109;120","219.9733",0,0,0,718.18805,1529.5876,1564.4297,0,0,0,""
83,304.969503569292,0.4136989,"","","","31","28","[M-H+2Na]+","","2","83;196","259.99841",0,0,0,201.55249,752.9581,884.5679,0,0,0,""
144,243.997036814282,0.4157178,"","","","31","29","[M+H]+","","2","162;144","242.9892",0,0,0,8506.096,12606.284,12961.941,0,0,0,""
159,258.990938798484,0.415717,"","","","31","25","[2M+H]+","","2","133;159","128.99179",0,0,0,75.79466,458.7354,449.12946,0,0,0,""
151,267.013130593126,0.4157178,"","","","31","9","[2M+H]+","","2","177;151","133.00239",0,0,0,2723.7239,3970.5415,4269.1978,0,0,0,""
162,287.95980060414,0.4157178,"","","","31","29","[M-H+2Na]+","","2","162;144","242.9892",0,0,0,267.51688,801.09204,850.09436,0,0,0,""
183,125.038364753162,0.4177413,"","","","31","24","[M+NH4]+","","2","183;246","107.00407",0,0,0,383.08377,773.139,737.65936,0,0,0,""
191,220.981024334176,0.4177358,"","","","31","35","[M+H]+","","2","120;191","219.9733",0,0,0,2952.0037,4687.641,4438.8076,0,0,0,""
196,261.005747010481,0.4177358,"","","","31","28","[M+H]+","","2","83;196","259.99841",0,0,0,564.07983,830.8927,963.6001,0,0,0,""
160,263.981572111521,0.4177358,"","","","31","17","[M+Na]+","","2","160;141","240.99239",0,0,0,125.118866,336.33862,401.0488,0,0,0,""
197,265.015932630043,0.4177358,"","","","31","","","","","","",0,0,0,10123.854,14636.74,15814.007,0,0,0,""
225,117.990934553837,0.41974902,"","","","31","36","[M+H-H2O]+","","2","225;240","134.99438",0,0,0,651.444,886.1745,962.5361,0,0,0,""
167,240.953332780735,0.4197483,"","","","31","34","[M+NH4]+","","2","167;221","222.91965",0,0,0,480.50067,666.5208,824.61273,0,0,0,""
212,241.015025666753,0.4197483,"","","","31","18","[M+NH4]+","","2","212;141","222.98153",0,0,0,287.9682,373.6661,410.8645,0,0,0,""
221,245.909007562559,0.41976008,"","","","31","34","[M+Na]+","","2","167;221","222.91965",0,0,0,622.27893,775.3396,585.78656,0,0,0,""
240,292.978302789724,0.42177263,"","","","31","36","[2M+Na]+","","2","225;240","134.99438",0,0,0,219.93365,957.32916,1120.7932,0,0,0,""
105,124.023908896031,0.4225952,"","","","31","22","[M+H-H2O]+","","2","84;105","141.02778",22.622849,31.981846,0,838.3639,1257.3373,1233.388,23.982716,0,28.489962,""
234,266.927645898923,0.42925322,"","","","31","33","[2M+K]+","","2","234;226","113.98149",57.06646,40.08674,28.873066,1778.0198,2289.823,2304.0967,150.84363,60.50164,36.378616,""
193,242.00045848584,0.42936942,"","","","31","","","","","","",40.96984,156.0605,80.20308,31426.334,45636.75,49128.844,190.38234,95.31198,33.71557,""
120,242.961503921618,0.43038097,"","","","31","35","[M+Na]+","","3","109;120;191","219.9733",0,0,0,157.07758,536.5842,743.55554,0,0,0,""
208,196.007234466086,0.43150482,"","","","31","23","[M+H]+","","2","189;208","195.00015",0,24.728254,0,201.97794,961.9901,330.47263,33.395912,0,0,""
199,284.938540882874,0.4369203,"","","","31","40","[M+K]+","","3","237;199;276","245.97345",59.845184,233.51083,173.71143,4573.3223,5842.5093,5607.004,319.17645,144.6711,142.76582,""
658,192.911037046258,0.4428637,"","","","31","41","[M+K]+","","2","570;658","153.9475",27.453178,0,37.523033,9454.398,9755.414,10422.975,33.961235,35.89572,0,""
276,268.962058175031,0.44978973,"","","","31","40","[M+Na]+","","2","199;276","245.97345",1269.1515,896.41345,641.25305,7799.654,10229.612,11056.111,991.09705,1259.4729,381.1018,""
511,600.833975223218,0.4498976,"","","","31","65","[M+Na]+","","2","664;511","577.84694",33.937645,0,78.44682,6126.6543,5379.077,3260.9893,22.756504,296.07767,0,""
717,494.81124682781,0.45142445,"","","","31","217","[2M+Na]+","","2","708;717","235.91003",29.434803,0,0,20651.725,26062.617,27514.535,0,0,29.57887,""
295,180.08712321735,0.45477757,"","","","31","230","[M+H]+","","2","653;295","179.08015",74.998634,243.80447,498.91895,18111.771,18244.273,19142.053,260.82568,70.91548,319.6991,""
709,276.872366018437,0.45642006,"","","","31","69","[M+K]+","","2","656;709","237.90873",0,24.622429,0,20818.842,22296.398,25681.098,0,0,0,""
586,562.798556612583,0.4564467,"","","","31","56","[M+K]+","","2","585;586","523.83618",0,0,42.285007,15333.855,17722.83,18225.303,0,0,0,""
581,462.862538204186,0.45723867,"","","","31","85","[M+Na]+","","3","704;581;716","439.87079",35.05419,0,22.721062,105633.58,100305.914,72528.98,0,0,0,""
280,147.113673722089,0.46065807,"","","","31","57","[M+H]+","","2","285;280","146.10591",239.60135,329.08694,313.88538,5404.89,6357.0957,6448.5664,201.34633,116.927155,435.25165,""
700,108.95022845187,0.46265948,"","","","31","119","[M+Na]+","","2","700;651","85.96041",34.643005,29.592762,36.81038,4614.708,4170.765,4083.366,40.318462,82.79057,59.04771,""
285,169.094636395723,0.46295324,"","","","31","57","[M+Na]+","","2","285;280","146.10591",33.566498,61.56362,36.033123,1657.0724,1791.9248,2010.316,0,34.72277,75.26652,""
521,886.764497481558,0.46340913,"","","","31","159","[M+K]+","","2","562;521","847.80075",46.018616,0,0,7578.4434,6767.4526,2796.8828,0,0,0,""
467,902.731439434023,0.46384493,"","","","31","85","[2M+Na]+","","3","716;391;467","439.87079",0,39.310905,0,6379.4766,6313.865,3854.3901,0,0,0,""
570,176.93634757793,0.46429187,"","","","31","41","[M+Na]+","","2","570;658","153.9475",0,0,33.289307,6301.931,5281.3154,3388.829,0,0,79.75992,""
590,682.800457441453,0.4642905,"","","","31","114","[M+Na]+","","2","590;592","659.8109",0,0,0,22649.037,21188.748,14088.64,28.115921,0,0,""
585,546.826182197914,0.46492267,"","","","31","56","[M+Na]+","","2","585;586","523.83618",65.15177,0,0,37015.918,40999.11,31547.639,0,0,0,""
598,834.744831600005,0.46490902,"","","","31","125","[M+Na]+","","2","598;599","811.75687",0,0,0,10751.189,9979.741,6730.9043,0,0,31.878155,""
600,954.747217567194,0.46582747,"","","","31","132","[M+Na]+","","2","600;563","931.75884",0,0,0,5496.082,4335.929,2167.6106,59.865868,0,0,""
660,410.852054699236,0.46607012,"","","","31","175","[M+K]+","","3","660;576;595","371.8861",31.915009,0,69.1275,61335.742,67827.766,64009.633,0,76.73392,38.73562,""
574,312.911739583755,0.4671946,"","","","31","215","[M+Na]+","","2","574;575","289.92119",52.86402,74.82315,112.59932,6400.9536,6049.1787,4082.8245,0,62.590088,52.711998,""
704,918.709519528064,0.46724522,"","","","31","85","[2M+K]+","","2","581;704","439.87079",0,0,0,4389.1836,4442.4463,3845.4185,35.75412,0,0,""
523,938.776179553043,0.46734518,"","","","31","106","[M+Na]+","","2","523;600","915.78551",0,0,0,4002.535,2842.3074,858.2684,46.78748,0,0,""
463,194.032882901486,0.46760657,"","","","31","235","[M+K]+","","4","332;463;370;832","155.06989",0,0,0,5696.9316,6559.0303,7790.6846,0,0,0,""
674,512.785190014147,0.46786374,"","","","31","169","[M+K]+","","2","674;662","473.82058",0,0,0,1164.171,1346.3363,2477.1833,0,0,34.1614,""
507,650.853198107829,0.4690944,"","","","31","163","[M+Na]+","","2","589;507","627.86353",1578.3147,932.5048,1602.8649,17795.969,14361.66,5693.4644,662.55,1452.6934,692.82446,""
550,514.877018145791,0.46910965,"","","","31","174","[M+Na]+","","3","565;583;550","491.88686",3778.6594,2670.869,3417.3816,54895.434,42699.656,23012.549,2014.1398,3796.1165,2623.1729,""
603,367.96445543828,0.469635,"","","","31","210","[M+K]+","","2","426;603","329.00084",0,0,0,2196.4604,2694.8816,3350.1226,0,0,0,""
576,394.874697684887,0.469635,"","","","31","175","[M+Na]+","","3","660;576;666","371.8861",0,0,0,121099.64,119887.82,94452.65,0,0,0,""
582,464.861024465674,0.469635,"","","","31","179","[M+Na]+","","2","661;582","441.87162",0,0,0,17442.865,15752.854,11465.321,0,0,0,""
632,516.876121507551,0.469635,"","","","31","166","[M+Na]+","","2","584;632","493.88627",0,0,0,5117.472,3798.428,1864.8849,0,0,0,""
583,530.85007491373,0.469635,"","","","31","174","[M+K]+","","3","564;550;583","491.88686",0,0,0,59955.777,52468.55,34974.24,0,0,0,""
584,532.848790732332,0.469635,"","","","31","181","[M+Na]+","","2","665;584","509.85954",0,0,0,9458.453,8603.56,5499.1743,0,0,0,""
587,598.838097724507,0.469635,"","","","31","219","[2M+Na]+","","2","587;711","287.92357",0,0,0,40481.047,33536.54,19922.734,0,0,0,""
588,614.812782476121,0.469635,"","","","31","219","[2M+K]+","","2","602;588","287.92357",0,0,0,29488.766,29171.453,21458.309,0,0,0,""
608,632.784648715189,0.469635,"","","","31","200","[M+K]+","","2","664;608","593.82228",0,0,0,4139.953,5184.246,5072.5938,0,0,0,""
589,666.826246353537,0.469635,"","","","31","115","[M+Na]+","","2","590;589","643.83716",0,0,0,25701.094,22167.309,11504.159,0,0,0,""
513,668.825894153746,0.469635,"","","","31","168","[M+Na]+","","2","591;513","645.83628",0,0,0,4012.7358,2926.7615,1339.7388,0,0,0,""
591,684.799048584897,0.469635,"","","","31","180","[M+Na]+","","2","703;591","661.80894",0,0,0,4817.5674,4490.921,3499.3132,0,0,0,""
592,698.773719884707,0.469635,"","","","31","114","[M+K]+","","2","590;592","659.8109",0,0,0,11915.805,13919.78,11477.833,0,0,0,""
514,708.808329901268,0.469635,"","","","31","214","[M+Na]+","","2","514;486","685.81887",0,0,0,3097.9197,2614.6675,315.94708,0,0,0,""
594,750.787231544733,0.469635,"","","","31","199","[M+K]+","","2","594;593","711.82582",0,0,0,18341.416,16138.5,9277.329,0,0,0,""
597,818.775137497784,0.469635,"","","","31","126","[M+Na]+","","2","597;598","795.7838",0,0,0,12671.181,10734.453,6228.916,0,0,0,""
599,850.721293112935,0.469635,"","","","31","125","[M+K]+","","2","598;599","811.75687",0,0,0,5273.327,5767.1846,4601.7065,0,0,0,""
563,970.722836282564,0.469635,"","","","31","132","[M+K]+","","2","600;563","931.75884",0,0,0,4990.2285,5125.011,2138.8318,0,0,0,""
602,310.91335241207,0.46974272,"","","","31","219","[M+Na]+","","3","602;588;711","287.92357",4434.558,3859.746,4551.718,86326.52,76853.14,54359.633,2960.7646,5043.0024,4171.331,""
604,446.888794185387,0.46975523,"","","","31","","","","","","",7427.512,5379.434,6817.517,108218.69,90966.88,53799.01,4641.971,7194.9062,5636.315,""
564,1006.76229031433,0.4698158,"","","","31","174","[2M+Na]+","","2","564;583","491.88686",0,0,0,2746.6226,883.43567,164.04425,0,107.758835,0,""
624,242.92596173754,0.47041887,"","","","31","","","","","","",23537.713,18946.623,22792.38,467072.53,425519.72,325804.7,16020.973,23826.912,19379.816,""
626,378.901086653148,0.47041887,"","","","31","","","","","","",7994.9497,6129.3223,8489.726,134932,116777.05,76961.2,5139.5063,8630.302,6836.393,""
579,448.88771943488,0.47077665,"","","","31","178","[M+Na]+","","2","582;579","425.89818",159.31586,0,0,9388.623,7636.8867,5026.5957,57.917023,292.15067,79.711464,""
651,124.922960305316,0.47159895,"","","","31","119","[M+K]+","","2","700;651","85.96041",0,0,0,33699.21,37155.258,38157.89,0,0,0,""
653,218.042843087106,0.47159895,"","","","31","230","[M+K]+","","4","295;653;572;750","179.08015",0,0,0,52901.117,50337.508,50371.723,0,0,0,""
654,236.080084406874,0.47159895,"","","","31","223","[M+K]+","","3","652;371;654","197.11688",0,0,0,19929.906,19537.676,18338.25,0,0,0,""
656,260.897462338865,0.47159895,"","","","31","69","[M+Na]+","","2","656;709","237.90873",0,0,0,34536.96,34493.13,33569.734,0,0,0,""
668,208.884102192197,0.4716107,"","","","31","47","[M+K]+","","2","668;658","169.92138",0,0,0,2368.7183,3234.124,4563.4326,0,0,0,""
661,480.834585705382,0.47159895,"","","","31","189","[M+Na]+","","2","661;662","457.84528",0,0,0,14712.699,15265.968,12160.868,0,0,0,""
662,496.808349915814,0.47159895,"","","","31","189","[M+K]+","","2","661;662","457.84528",0,0,0,5734.4336,7299.028,7724.428,0,0,0,""
663,564.796430345369,0.47159895,"","","","31","193","[M+K]+","","2","665;663","525.83336",0,0,0,4686.325,5472.9336,5625.52,0,0,0,""
606,578.772292601658,0.47159895,"","","","31","70","[M+K]+","","2","606;586","539.80924",0,0,0,3335.3286,5264.206,6185.9644,0,0,0,""
695,472.817544047364,0.47161627,"","","","31","164","[M+K]+","","2","466;695","433.85326",0,0,0,2563.1533,4455.93,5104.1377,0,0,0,""
665,548.822671612406,0.4716107,"","","","31","193","[M+Na]+","","2","665;663","525.83336",0,0,0,9095.9795,9517.242,7463.7876,0,0,0,""
703,700.771198015986,0.47159895,"","","","31","180","[M+K]+","","2","703;591","661.80894",0,0,0,3896.33,4265.4053,3512.6797,0,0,0,""
565,1022.73555120705,0.4715698,"","","","31","174","[2M+K]+","","2","565;550","491.88686",0,0,0,2978.731,2464.3433,682.33014,0,0,0,""
560,752.786200448671,0.4716107,"","","","31","207","[M+K]+","","2","560;559","713.82252",0,0,0,3980.339,3670.685,2147.975,0,0,0,""
666,782.73440538394,0.4716107,"","","","31","175","[2M+K]+","","2","576;666","371.8861",0,0,0,4648.511,6084.804,5808.6455,0,0,0,""
682,106.951100968019,0.47174066,"","","","31","211","[M+Na]+","","3","682;705;707","83.96168",2694.4585,1902.3717,2866.9243,64837.617,61809.05,52122.84,2278.8066,2766.2048,2521.9502,""
494,718.840609618074,0.47174877,"","","","31","205","[M+Na]+","","2","494;593","695.8525",988.8416,340.6882,873.63763,10713.556,6863.24,2921.2842,260.77,1250.978,359.58826,""
595,766.758038802096,0.47290426,"","","","31","175","[2M+Na]+","","2","660;595","371.8861",0,93.28896,0,12373.569,12636.346,9389.295,0,0,0,""
706,190.912133170442,0.47357464,"","","","31","211","[2M+Na]+","","2","705;706","83.96168",0,0,0,67614.01,74072.17,74684.875,0,0,0,""
707,206.886137924926,0.47357464,"","","","31","211","[2M+K]+","","2","682;707","83.96168",0,0,0,14879.603,17716.625,20792.42,0,0,0,""
708,274.873440324649,0.47357464,"","","","31","217","[M+K]+","","3","655;708;717","235.91003",0,0,0,96319.195,107645.516,116041.13,0,0,0,""
670,292.84557297696,0.47357464,"","","","31","76","[M+K]+","","2","709;670","253.88278",0,0,0,2412.245,3181.298,4814.8105,0,0,0,""
713,344.859129290246,0.47357464,"","","","31","222","[M+K]+","","2","575;713","305.89489",0,0,0,8312.57,8334.354,9537.648,0,0,0,""
727,404.829967705011,0.47357464,"","","","31","185","[M+K]+","","2","727;657","365.86568",0,0,0,2182.5737,4145.654,2920.3484,0,0,0,""
716,478.836321630287,0.47357464,"","","","31","85","[M+K]+","","3","581;716;467","439.87079",0,0,0,61820.727,65949.484,56277.02,0,0,0,""
718,510.784192478385,0.47357464,"","","","31","217","[2M+K]+","","2","655;718","235.91003",0,0,0,4536.627,5934.5444,7354.0454,0,0,0,""
721,630.786409914296,0.47357464,"","","","31","202","[M+Na]+","","2","722;721","607.79718",0,0,0,15443.925,16686.71,14283.682,0,0,0,""
722,646.760318578916,0.47357464,"","","","31","202","[M+K]+","","2","722;721","607.79718",0,0,0,4935.3677,6018.0815,6384.502,0,0,0,""
679,648.75843101174,0.47357464,"","","","31","191","[M+K]+","","2","679;608","609.79535",0,0,0,1144.429,2144.3499,2416.302,0,0,0,""
696,714.747102327687,0.47357464,"","","","31","192","[M+K]+","","2","592;696","675.78422",0,0,0,4479.081,6090.205,6274.9927,0,0,0,""
680,716.744120144541,0.47357464,"","","","31","197","[M+K]+","","2","703;680","677.78147",0,0,0,1156.5884,1722.5405,2409.3774,0,0,0,""
678,580.770866662214,0.47361842,"","","","31","198","[M+K]+","","2","663;678","541.80746",0,0,0,1578.8129,1853.9,2176.4429,0,0,0,""
762,443.814782274072,0.47367254,"","","","31","216","[2M+NH4]+","","2","762;768","212.89106",0,0,0,1178.3903,2172.1526,3010.5317,0,0,0,""
741,174.938451880067,0.47380993,"","","","31","","","","","","",3035.2537,3171.209,1427.9619,79174.55,77884.62,61949.473,2370.1992,3426.3828,3091.9924,""
562,870.789377614042,0.47438344,"","","","31","159","[M+Na]+","","2","562;521","847.80075",0,50.327805,0,6833.024,4742.352,2111.0745,0,0,0,""
714,358.83654761447,0.4751253,"","","","31","212","[M+K]+","","2","714;712","319.87357",0,0,34.00107,7012.4824,8619.071,11198.926,0,0,34.649887,""
519,802.798611360262,0.47547117,"","","","31","203","[M+K]+","","2","519;725","763.83699",32.546265,0,0,10307.238,8211.827,3311.32,0,0,0,""
751,262.069036841574,0.4755559,"","","","31","218","[M+K]+","","2","770;751","223.10614",0,0,0,34048.008,35579.902,33241.75,0,0,0,""
752,266.160090766679,0.4755559,"","","","31","","","","","","",0,0,0,49004.176,49557.414,49148.344,0,0,0,""
694,360.833632391327,0.47559413,"","","","31","208","[M+K]+","","2","694;713","321.87019",0,0,0,1856.5037,2871.1982,2724.3113,0,0,0,""
593,734.816775717639,0.4756864,"","","","31","199","[M+Na]+","","2","594;593","711.82582",81.62717,0,0,17915.879,13932.242,6424.043,0,121.58739,0,""
712,342.862970683796,0.47674012,"","","","31","212","[M+Na]+","","2","714;712","319.87357",0,0,33.468864,35554.566,40591.7,43091.312,48.40165,52.87809,36.016037,""
664,616.812282235333,0.47695607,"","","","31","200","[M+Na]+","","2","664;608","593.82228",42.519318,0,0,7310.412,6736.8843,4577.1094,0,0,0,""
559,736.811213513588,0.4769773,"","","","31","207","[M+Na]+","","2","560;559","713.82252",0,0,0,2280.2615,2104.5818,926.0176,0,0,29.879314,""
577,396.872684507647,0.4774012,"","","","31","233","[M+K]+","","2","577;659","357.90835",0,0,0,18403.5,18160.467,14882.966,0,50.637733,0,""
764,196.878123094045,0.4775851,"","","","31","225","[M+K]+","","2","783;764","157.91505",0,0,0,1323.884,2396.1223,3769.9695,0,0,0,""
758,342.139774234219,0.47758165,"","","","31","221","[M+H]+","","1","772","341.13251",0,0,0,7421.1035,7534.9507,7146.8984,0,0,0,""
332,200.041144159422,0.478548,"","","","31","235","[M-H+2Na]+","","3","332;463;832","155.06989",0,118.80852,0,21663.76,20797.195,18239.576,0,34.75656,0,""
768,257.862809920878,0.4795629,"","","","31","216","[M-H+2Na]+","","2","762;768","212.89106",0,0,0,13172.055,15590.971,17241.957,0,0,0,""
767,336.840710757948,0.47999245,"","","","31","213","[M+K]+","","2","627;767","297.87728",0,0,0,5379.1455,5231.9976,8386.443,46.586517,49.861595,0,""
770,246.09562372092,0.48034188,"","","","31","218","[M+Na]+","","2","751;770","223.10614",0,0,0,15858.377,13480.865,14748.829,0,71.53369,0,""
371,220.106303594685,0.4814284,"","","","31","223","[M+Na]+","","3","652;371;654","197.11688",75.307816,91.16147,38.62521,2892.5862,2697.1038,754.34314,89.96423,118.86673,40.80903,""
426,351.989607764722,0.48155856,"","","","31","210","[M+Na]+","","2","426;603","329.00084",0,0,0,5143.2354,5641.3066,4334.4507,0,0,31.772398,""
772,364.121744575638,0.48163366,"","","","31","221","[M+Na]+","","2","758;772","341.13251",0,0,0,5890.0713,6203.04,3649.2834,0,0,0,""
486,724.781793216589,0.48294216,"","","","31","214","[M+K]+","","2","514;486","685.81887",0,47.54029,0,4525.6484,2497.9946,1351.5704,0,0,45.72715,""
783,180.904351478782,0.48410183,"","","","31","225","[M+Na]+","","2","783;764","157.91505",109.54852,164.05386,205.65413,5789.17,7303.3057,6545.5156,166.43222,263.9084,383.1085,""
705,122.92503119249,0.48453605,"","","","31","211","[M+K]+","","3","682;705;706","83.96168",111.29823,78.65481,48.805084,229664.6,255234.98,255296.56,38.818855,127.03032,124.58688,""
575,328.883017767603,0.48578387,"","","","31","215","[M+K]+","","2","574;575","289.92119",0,36.481735,0,11615.351,11493.09,9686.152,0,0,34.93048,""
652,198.123896738671,0.48615366,"","","","31","223","[M+H]+","","3","652;371;654","197.11688",52.83433,57.87082,60.666008,11075.227,11961.366,9720.839,51.81099,114.11362,44.813065,""
578,412.847042328702,0.48782694,"","","","31","234","[M+Na]+","","2","578;605","389.85692",0,0,88.63995,13600.585,15040.814,14096.297,0,0,0,""
939,280.092520194093,0.48817444,"","","","31","248","[M+Na]+","","3","965;879;939","257.1029",75.04874,62.57342,48.572166,443688,452335.62,414429.94,42.604115,36.388844,64.967545,""
605,428.81916820543,0.49081343,"","","","31","234","[M+K]+","","2","578;605","389.85692",0,0,36.009125,3881.9854,5123.627,5855.401,0,0,0,""
370,178.05909413265,0.49534574,"","","","31","235","[M+Na]+","","3","463;370;832","155.06989",59.383034,156.33215,81.93879,35923.117,35004.36,31753.264,192.9599,88.48416,94.00292,""
810,164.008632975548,0.49572334,"","","","31","231","[M-H+2Na]+","","2","810;805","119.03669",0,0,0,4075.1863,4187.0493,4021.3599,0,0,0,""
822,244.92307994187,0.4966404,"","","","31","229","[M+Na]+","","2","656;822","221.93408",441.37872,1375.3993,1740.3168,32783.89,28616.723,22598.568,1384.196,1530.6051,1218.3197,""
750,162.076474274996,0.4973404,"","","","31","230","[M+H-H2O]+","","3","653;572;750","179.08015",1294.021,1268.9606,934.3992,23548.666,25331.91,27463.207,615.23895,264.52954,497.41464,""
809,148.037391443881,0.49788496,"","","","31","237","[M+Na]+","","2","810;809","125.04682",30.78426,56.875687,0,9723.958,10062.162,6695.9263,0,43.182327,27.225224,""
659,380.896397233613,0.49823862,"","","","31","233","[M+Na]+","","2","577;659","357.90835",97.826004,442.35236,154.41559,11361.895,9206.607,6234.0747,464.50586,1451.7006,336.95282,""
1235,140.062107399154,0.49985346,"","","","31","","","","","","",24.86802,73.5634,132.47623,14487.715,13849.633,15586.328,116.19487,42.5542,94.4836,""
793,104.107702254771,0.50064415,"","","","31","","","","","","",6493.629,2820.1553,10553.437,10068085,10776250,10348523,4529.334,3549.3533,4142.386,""
1263,115.037836663396,0.50180024,"","","","31","252","[M+H-H2O]+","","2","1263;1175","132.0418",256.004,193.28825,143.92883,22960.219,24130.05,21256.305,339.76413,224.64471,186.67143,""
828,365.106266133627,0.50351113,"","","","31","292","[M+Na]+","","4","828;1254;1261;1177","342.11714",12090.918,9652.075,13608.308,3673709.2,3760503.2,3557110,9290.9,10002.959,10099.502,""
555,395.879770543842,0.504278,"","","","31","236","[M+K]+","","2","555;559","356.91381",0,0,0,6144.8335,5973.4106,4780.784,0,35.48039,47.46981,""
711,326.884063753371,0.5069476,"","","","31","219","[M+K]+","","3","587;602;711","287.92357",0,0,56.022686,82785.72,82716.71,71843.266,25.43947,0,52.913605,""
655,258.897511363661,0.5101002,"","","","31","217","[M+Na]+","","3","655;708;718","235.91003",315.93262,387.31772,842.83453,246509.05,259695.89,235379,416.77197,759.0927,526.5544,""
854,177.02490396061,0.51150197,"","","","31","254","[M+Na]+","","3","854;844;852","154.03664",0,0,0,87638.83,87544.664,67765.27,0,0,0,""
855,191.040499468472,0.51150197,"","","","31","241","[M+Na]+","","2","855;856","168.05132",0,0,0,87818.98,85235.77,67889.53,0,0,0,""
856,207.014510740169,0.51150197,"","","","31","242","[M+Na]+","","2","857;856","184.02526",0,0,0,49453.625,53715.348,45952.16,0,0,0,""
857,222.988385685502,0.51150197,"","","","31","242","[M+K]+","","2","857;856","184.02526",0,0,0,9086.365,11276.145,10720.901,0,0,0,""
852,347.035135774551,0.51150197,"","","","31","254","[2M+K]+","","2","854;852","154.03664",0,0,0,3222.2803,3354.3987,2796.7156,0,0,0,""
859,203.053092950042,0.5128053,"","","","31","243","[M+Na]+","","2","859;1005","180.06404",20093.168,21065.533,34871.227,807518.1,666510.9,723223,31241.008,22005.426,31827.621,""
871,345.075874981611,0.51640946,"","","","31","245","[M+Na]+","","2","882;871","322.08689",0,0,0,8696.397,7545.0903,4523.0903,0,0,0,""
1005,219.027365340391,0.5164382,"","","","31","243","[M+K]+","","2","859;1005","180.06404",452.0445,328.06845,301.96262,86353.28,84057.13,78561.31,157.7547,336.8605,184.66148,""
1109,176.012721603327,0.5165823,"","","","31","244","[M+K]+","","2","1109;1087","137.04852",0,33.391846,0,11277.972,15404.532,15825.152,45.99016,35.469467,38.37458,""
1087,160.036692837318,0.51788557,"","","","31","244","[M+Na]+","","2","1109;1087","137.04852",0,0,0,35552.19,39793.273,37807.867,0,0,57.059414,""
572,202.070525059447,0.5180021,"","","","31","230","[M+Na]+","","3","653;572;750","179.08015",40.331753,42.60334,45.50537,40880.26,40861.926,37395.297,48.17016,38.420273,38.797398,""
796,105.110961361459,0.5181578,"","","","31","","","","","","",89.839806,38.811157,67.91415,552718.2,584812.6,556766.5,47.513393,93.10275,79.12625,""
878,288.105538924349,0.51884407,"","","","31","247","[M+Na]+","","2","881;878","265.11676",0,0,0,19171.072,19965.023,17899.188,0,0,0,""
879,296.066286496373,0.51884407,"","","","31","248","[M+K]+","","2","939;879","257.1029",0,0,0,284303.25,316433.66,344750.44,0,0,0,""
881,304.080357902637,0.51884407,"","","","31","247","[M+K]+","","2","881;878","265.11676",0,0,0,10828.185,13405.402,12996.208,0,0,0,""
882,323.094397579015,0.51884407,"","","","31","245","[M+H]+","","2","882;871","322.08689",0,0,0,6429.0615,6704.4624,4988.978,0,0,0,""
832,156.077247803315,0.5195639,"","","","31","235","[M+H]+","","4","332;463;370;832","155.06989",2947.2346,1869.2299,4207.2183,164138.48,168618.78,214202.23,4697.603,2822.9626,6099.8916,""
933,169.058738263397,0.52062434,"","","","31","287","[M+NH4]+","","2","931;933","151.02638",65.414185,0,0,540114.5,527870.8,463449.44,36.120018,30.56205,39.773636,""
905,116.034672439772,0.52269834,"","","","31","284","[M+H]+","","2","905;906","115.02738",0,0,0,38198.24,37382.582,33978.93,0,0,0,""
907,171.016883903818,0.5226982,"","","","31","285","[M+K]+","","3","907;875;906","132.05422",0,0,0,51508.965,51999.91,51768.535,0,0,0,""
986,221.042920941214,0.5236387,"","","","31","258","[M+K]+","","2","691;986","182.07968",0,36.79606,0,16349.983,11117.737,11689.754,33.9368,553.0843,0,""
1188,367.111328337295,0.52435917,"","","","31","301","[M+Na]+","","3","1188;1276;1270","344.12186",0,36.342613,39.483543,108043.78,107632.01,101641.31,0,0,26.80243,""
1177,381.08020794465,0.52442914,"","","","31","292","[M+K]+","","6","1273;828;1254;1261;1251;1177","342.11714",183.03859,44.006874,71.64065,1006769.94,1075778.5,1051523.5,39.364838,67.5882,43.313694,""
921,214.059184760195,0.52462536,"","","","31","273","[M+K]+","","2","954;921","175.09631",0,0,0,4656.556,6157.3027,4187.9287,0,0,0,""
938,279.047808254217,0.52462536,"","","","31","259","[M+K]+","","2","997;938","240.08471",0,0,0,20212.352,22415.445,21633.908,0,0,0,""
922,290.065244193423,0.52462536,"","","","31","289","[M+K]+","","2","955;922","251.10207",0,0,0,4419.858,4275.4688,4010.733,0,0,0,""
941,293.083595061984,0.52462536,"","","","31","256","[M+Na]+","","2","941;918","270.09513",0,0,0,7901.283,9097.973,8001.687,0,0,0,""
918,309.05905085091,0.52462536,"","","","31","256","[M+K]+","","2","941;918","270.09513",0,0,0,3234.8628,3731.1624,3112.4863,0,0,0,""
947,333.069297431108,0.52462536,"","","","31","302","[2M+K]+","","2","947;966","147.05387",0,0,0,5606.007,6787.438,6188.0083,0,0,0,""
930,151.047207417577,0.5283018,"","","","31","290","[M+Na]+","","2","930;932","128.05796",0,35.270645,0,60815.176,64899.35,52782.023,0,0,0,""
842,165.984975476328,0.52845156,"","","","31","238","[M+K]+","","2","842;777","127.02341",111.856,75.973495,43.578125,7276.3115,7827.1475,6407.2705,48.85269,77.64908,113.91235,""
969,455.116566548647,0.5284796,"","","","31","267","[M+K]+","","2","1004;969","416.15354",0,0,0,55836.414,66370.39,65053.84,0,0,0,""
839,208.971938946906,0.52908534,"","","","31","283","[M+K]+","","2","844;839","170.01048",0,0,0,10410.607,11487.209,10902.157,39.00575,42.4507,0,""
691,205.068807354134,0.52970135,"","","","31","258","[M+Na]+","","2","691;986","182.07968",857.0414,662.49414,1273.5306,112496.6,83628.9,75630.63,770.4149,22884.58,628.5086,""
995,233.063391276506,0.53040737,"","","","31","263","[M+Na]+","","2","995;996","210.0739",0,0,0,157338.08,102006.8,151670.25,0,0,0,""
996,249.036785590403,0.53040737,"","","","31","263","[M+K]+","","2","995;996","210.0739",0,0,0,28016.904,28459.045,32708.361,0,0,0,""
997,263.073984000264,0.53040737,"","","","31","259","[M+Na]+","","2","997;938","240.08471",0,0,0,54283.145,59743.48,53808.637,0,0,0,""
999,304.100497284761,0.53040737,"","","","31","266","[M+Na]+","","2","999;976","281.1115",0,0,0,8563.098,8647.5205,8484.719,0,0,0,""
1000,331.111511771406,0.53040737,"","","","31","264","[M+Na]+","","2","1001;1000","308.1223",0,0,0,34788.08,33375.344,27829.926,0,0,0,""
1001,347.085473942676,0.53040737,"","","","31","264","[M+K]+","","2","1001;1000","308.1223",0,0,0,12339.973,12408.806,12078.671,0,0,0,""
1002,417.160949055942,0.53040737,"","","","31","267","[M+H]+","","2","1127;1002","416.15354",0,0,0,12787.101,12253.206,14352.6045,0,0,0,""
1004,439.142807130958,0.53040737,"","","","31","267","[M+Na]+","","3","1127;1004;969","416.15354",0,0,0,123886.48,134564.52,120922.06,0,0,0,""
965,258.110666529585,0.53177905,"","","","31","248","[M+H]+","","3","1075;965;939","257.1029",843.10266,237.8235,1095.539,931797.94,1007987.56,997458.8,144.31342,317.20923,215.01668,""
1017,543.134652168615,0.53233504,"","","","31","282","[M+K]+","","2","1048;1017","504.17071",0,0,0,8915.048,8191.46,8564.329,0,0,0,""
975,337.110859954572,0.53237057,"","","","31","276","[2M-H+2Na]+","","2","1024;975","146.06968",0,0,0,37106.508,30191.71,28965.402,0,0,0,""
976,563.23071442204,0.53237057,"","","","31","266","[2M+H]+","","2","999;976","281.1115",0,0,0,3050.2407,6082.9727,4587.5283,0,0,0,""
1048,527.159589877971,0.53400934,"","","","31","282","[M+Na]+","","3","1048;1179;1017","504.17071",33.926857,36.533913,34.26609,44927.883,46501.28,39862.797,0,0,0,""
968,132.055420188409,0.534208,"","","","31","307","[M+H]+","","2","1003;968","131.04792",0,28.990826,0,5260.039,5349.324,6847.991,0,0,0,""
1090,293.063591942726,0.53625244,"","","","31","286","[M+K]+","","2","1090;1158","254.10061",0,0,0,84436.22,101394.93,107089.91,0,0,0,""
1024,147.076795495729,0.5369775,"","","","31","276","[M+H]+","","2","1024;975","146.06968",151.56271,60.709244,443.82895,2769605.8,2836593.2,2585935.8,106.0584,266.28308,126.9948,""
1075,275.135584012891,0.53815246,"","","","31","248","[M+NH4]+","","2","1075;965","257.1029",0,0,0,7704.2764,1176.5605,2563.517,0,0,0,""
875,155.044237205496,0.5382028,"","","","31","285","[M+Na]+","","3","907;875;906","132.05422",30.658516,0,40.612854,236393.3,219906.11,196905.36,0,38.129734,32.407986,""
1127,434.187301106749,0.5381795,"","","","31","267","[M+NH4]+","","3","1004;1127;1002","416.15354",0,0,0,50056.785,56600.246,52610.082,0,0,0,""
1158,277.090003430987,0.5401073,"","","","31","286","[M+Na]+","","2","1090;1158","254.10061",0,0,0,171726.67,179280.83,181588.64,0,0,0,""
1159,309.12950392512,0.5401073,"","","","31","","","","","","",0,0,0,416809.88,424810,409413.7,0,0,0,""
1445,172.096155673904,0.54094344,"","","","31","315","[M+NH4]+","","2","1445;1571","154.0628",428.62375,1254.3955,345.3181,8966.875,9941.708,9423.185,1228.3672,1084.0875,478.5151,""
1175,282.118776175848,0.54203445,"","","","31","252","[2M+NH4]+","","2","1263;1175","132.0418",0,0,0,106208.22,114640.516,108034.414,0,0,0,""
925,171.06412676563,0.54302037,"","","","31","311","[M+Na]+","","2","1003;925","148.07458",89.87544,224.98996,180.68433,2573.5225,2297.693,1621.3701,53.2041,163.6407,66.98659,""
954,198.085807938296,0.5434491,"","","","31","273","[M+Na]+","","2","954;921","175.09631",19.079391,33.526222,29.37579,9415.565,12022.185,9996.014,29.999645,39.78795,35.127556,""
1164,159.07678125228,0.5437938,"","","","31","291","[M+H]+","","2","1164;1167","158.06957",433.05887,161.2096,421.09906,16332.609,21972.754,11639.515,348.30862,636.4955,235.54243,""
1106,120.066055314547,0.5438544,"","","","31","281","[M+NH4]+","","2","996;1106","102.03252",1342.704,432.3142,1783.5826,329287.2,349096.6,318192.1,765.5532,1594.5078,1546.4343,""
1039,183.074842630086,0.5438592,"","","","31","294","[M+Na]+","","2","1039;825","160.08544",1450.7532,0,28.315903,5725.0586,5992.6416,5112.7534,0,0,0,""
1189,475.177604846265,0.54396147,"","","","31","","","","","","",0,0,0,186855.28,209285.89,190405.14,0,0,0,""
1259,739.162225022367,0.54436344,"","","","31","293","[2M+H]+","","2","1259;1225","369.07609",0,0,0,11313.045,13949.671,15189.873,37.11746,0,0,""
1200,307.101594500253,0.54535353,"","","","31","297","[M+Na]+","","3","1200;1211;1223","284.11183",31.944384,0,0,155763.08,165274.08,156504.19,0,0,0,""
1167,176.103467550953,0.5458595,"","","","31","291","[M+NH4]+","","2","1164;1167","158.06957",99.99693,165.47066,375.4319,20962.84,20298.053,21288.84,123.25273,589.319,247.8991,""
1285,145.050485836658,0.5459968,"","","","31","310","[M+H]+","","2","1285;1248","144.04265",424.81555,302.98703,842.6126,593088.4,601196.94,583331.7,238.90817,88.835335,142.29945,""
1254,325.113712048166,0.54603124,"","","","31","292","[M+H-H2O]+","","5","828;1280;1254;1251;1177","342.11714",652.7366,543.43536,1013.9974,883554.8,922049.2,885387.9,296.75995,79.43854,285.5109,""
966,170.043340289647,0.5462454,"","","","31","302","[M+Na]+","","5","947;998;1355;956;966","147.05387",93.3744,42.446884,83.64916,7724.5576,7548.175,5934.767,76.27611,48.93415,36.800995,""
1293,117.06944970317,0.54638517,"","","","31","298","[M+H]+","","2","1293;1238","116.06076",97.25598,69.036606,130.81781,8686.268,6139.129,6698.501,124.10105,85.443344,58.10444,""
844,193.001394840042,0.5467521,"","","","31","254","[M+K]+","","2","854;844","154.03664",67.01158,138.93272,138.53159,53461.566,56371.09,49671.34,65.1976,88.13193,66.51188,""
1179,522.204095645132,0.5472871,"","","","31","282","[M+NH4]+","","2","1048;1179","504.17071",184.39136,0,66.59633,72694.7,86166.984,80948.78,0,0,0,""
1089,266.123955908061,0.5474986,"","","","31","","","","","","",0,0,0,211046.06,225462.95,219877.16,0,46.83696,0,""
956,277.103838515017,0.5476171,"","","","31","302","[2M+H-H2O]+","","2","966;956","147.05387",0,0,30.491505,16944.562,18905.305,18625.46,0,0,0,""
1223,285.118573104334,0.5478156,"","","","31","297","[M+H]+","","3","1200;1211;1223","284.11183",0,0,0,8392.737,10441.707,10525.413,0,0,0,""
1225,414.045866619188,0.5478156,"","","","31","293","[M-H+2Na]+","","2","1259;1225","369.07609",0,0,0,10640.569,11759.744,11798.027,0,0,0,""
1269,289.091987034662,0.5486832,"","","","31","310","[2M+H]+","","2","1269;1248","144.04265",41.67765,30.79501,36.507202,222201.89,245247.3,234486.03,0,0,0,""
825,143.081960260617,0.5491338,"","","","31","294","[M+H-H2O]+","","2","1039;825","160.08544",1050.9443,336.24725,666.5933,10572.758,8108.6733,11111.887,189.53975,829.0231,521.71747,""
1238,255.107906307079,0.54974276,"","","","31","303","[M+H]+","","2","1238;1239","254.10056",0,0,0,44518.094,49476.47,46131.246,0,0,0,""
1239,272.134315544393,0.54974276,"","","","31","303","[M+NH4]+","","2","1238;1239","254.10056",0,0,0,41129.562,46113.164,42854.047,0,0,0,""
1211,302.145634646263,0.5497427,"","","","31","297","[M+NH4]+","","3","1200;1211;1223","284.11183",0,0,0,28805.66,30333.383,15408.82,0,0,0,""
1221,139.057494425438,0.5509528,"","","","31","","","","","","",87.6062,208.13156,156.15424,410619.28,412392.56,392565.3,126.04351,150.45935,63.57099,""
1300,425.086419066611,0.55166984,"","","","31","312","[M+K]+","","2","1300;1324","386.12333",0,0,0,3406.3599,3967.202,5529.183,0,0,0,""
1213,198.097707692657,0.5517218,"","","","31","","","","","","",661.54865,640.03973,1003.6848,329680.03,307596.78,283609.38,721.03455,341.42697,274.51477,""
1174,166.052252715618,0.55232143,"","","","31","313","[M+K]+","","2","1047;1174","127.08842",36.35795,33.462242,86.82054,40789.723,39089.438,37741.703,49.77933,0,64.74112,""
1261,360.150818504366,0.55230343,"","","","31","292","[M+NH4]+","","5","1273;828;1261;1251;1177","342.11714",5284.485,5167.9736,7055.586,6243336,6578810.5,6352820,4663.8647,5061.6685,3054.0725,""
932,167.021089770377,0.55311275,"","","","31","290","[M+K]+","","2","930;932","128.05796",54.516678,239.45474,43.710724,6282.8677,7110.3477,6917.748,389.97614,288.48077,209.55261,""
906,133.06118437146,0.5534413,"","","","31","285","[M+H]+","","3","907;875;906","132.05422",111.003174,47.671036,159.3612,842016.94,880220.75,809966.06,0,58.28691,84.01631,""
1741,271.081223702889,0.5535969,"","","","31","310","[2M+H-H2O]+","","2","1741;1248","144.04265",0,0,0,22146.992,23163.387,23356.238,0,0,0,""
1270,327.117670149108,0.5535969,"","","","31","301","[M+H-H2O]+","","3","1188;1276;1270","344.12186",0,0,0,22715.77,20890.361,22637.06,0,0,0,""
1272,342.139699619361,0.5535969,"","","","31","305","[M+Na]+","","2","1211;1272","319.1497",0,0,0,53961.44,57046.074,52790.402,0,0,0,""
1280,702.267693401556,0.5535969,"","","","31","292","[2M+NH4]+","","3","1273;1280;1254","342.11714",0,0,0,15699.907,18661.047,19073.396,0,0,0,""
1265,142.12312997824,0.55472755,"","","","31","","","","","","",44.170677,41.792553,130.85033,60407.26,72684.31,68603.61,129.08652,62.08969,38.590485,""
1258,104.07137202995,0.5551544,"","","","31","","","","","","",1134.0496,1040.1165,2296.6404,257533.33,263764.47,232138.84,1822.6284,1820.3096,482.48285,""
1334,272.087204964647,0.55552477,"","","","31","318","[M-H+2Na]+","","2","1334;1331","227.11612",0,0,0,2364.2324,4626.671,11399.591,0,0,0,""
1252,345.129276534492,0.5555247,"","","","31","301","[M+H]+","","2","1276;1252","344.12186",0,0,0,6818.241,9017.12,7525.9937,0,0,0,""
931,152.035126050693,0.55669314,"","","","31","287","[M+H]+","","2","931;933","151.02638",691.4255,218.25638,403.42834,33600.56,34777.895,28338.465,768.5993,756.6345,486.9864,""
955,274.091268416014,0.55669975,"","","","31","289","[M+Na]+","","2","955;922","251.10207",186.02524,231.78247,118.64017,6689.6763,7013.492,6372.0117,143.67699,129.94351,68.001114,""
1345,175.109169484969,0.5572,"","","","31","","","","","","",344.03152,0,30.888197,38593.527,36549.176,35736.926,37.565292,52.310047,34.927856,""
1182,148.060758518074,0.5572169,"","","","31","","","","","","",1911.619,480.82703,2110.7996,311976.53,345849.78,298155.84,454.34644,621.4932,436.16876,""
1310,404.15702638691,0.55745107,"","","","31","312","[M+NH4]+","","2","1310;1324","386.12333",0,0,0,28796.12,26272.762,26011.602,0,0,0,""
1311,458.187264501822,0.55745107,"","","","31","","","","","","",0,0,0,191035.34,194641.98,185279.55,0,0,0,""
1257,127.039472592693,0.5582969,"","","","31","310","[M+H-H2O]+","","2","1257;1248","144.04265",132.91418,167.6788,624.1301,459246.9,466558.5,447866.34,215.5619,267.77814,177.63799,""
1324,409.112753115778,0.5593789,"","","","31","312","[M+Na]+","","3","1300;1310;1324","386.12333",0,0,0,28997.457,27501.766,23728.045,0,0,0,""
998,295.117168752287,0.55954367,"","","","31","302","[2M+H]+","","2","998;966","147.05387",179.49574,52.148514,0,91047.56,95847.3,97143.14,56.92417,0,63.651398,""
1432,237.034367572306,0.5596157,"","","","31","324","[M+Na]+","","2","1388;1432","214.04534",0,0,0,7035.212,1804.2079,1868.0028,0,0,0,""
934,185.031961125757,0.5596327,"","","","31","288","[M+K]+","","2","934;933","146.06916",0,0,38.344025,197405.33,201605.55,204011.44,43.473938,13.192415,0,""
1236,210.097655448067,0.5598839,"","","","31","317","[M+NH4]+","","2","1236;1340","192.06375",0,0,45.62876,33990.742,32537.65,31715.77,32.3245,0,0,""
1248,162.076486009523,0.5608644,"","","","31","310","[M+NH4]+","","5","1269;1257;1285;1741;1248","144.04265",2354.8064,2772.332,1591.2748,137925.55,141780.31,127839.42,2238.6167,264.52954,1397.9333,""
1224,138.05533497783,0.5612984,"","","","31","","","","","","",3408.83,4626.167,4293.038,5408610.5,5537192.5,5330411.5,641.4518,847.11633,286.69235,""
1264,116.071206337004,0.56172156,"","","","31","","","","","","",10601.09,17295.982,12332.646,2822176,2852950.5,2581267,10897.847,19404.725,14327.758,""
1287,180.087172669432,0.5617852,"","","","31","","","","","","",1555.6765,203.43034,765.56195,396929.8,392242.47,354864.5,204.30807,127.000595,229.28235,""
1338,336.096117763715,0.5632345,"","","","31","","","","","","",0,0,0,111785.016,118527.59,113900.43,0,0,0,""
1339,443.049210926403,0.56323373,"","","","31","322","[M+K]+","","2","1339;1325","404.08718",0,0,0,15730.75,18684.7,21066.893,0,0,0,""
1340,193.070941347551,0.56327605,"","","","31","317","[M+H]+","","2","1236;1340","192.06375",0,0,0,28217.922,25388.152,24154.217,0,0,0,""
1276,362.156206081097,0.56339186,"","","","31","301","[M+NH4]+","","4","1188;1276;1270;1252","344.12186",57.249096,0,30.72805,188777.69,201924.06,194593.14,29.149586,0,0,""
1251,707.224996462418,0.56492543,"","","","31","292","[2M+Na]+","","5","1273;1254;1261;1251;1177","342.11714",0,0,34.516357,133229.98,146851.97,130743.69,0,0,0,""
1260,163.06053738667,0.56526554,"","","","31","","","","","","",149.38858,136.76886,455.01868,314615.28,326771.5,312920.25,83.765656,49.202965,100.362785,""
1047,150.076967588708,0.56604654,"","","","31","313","[M+Na]+","","2","1174;1047","127.08842",2289.791,2365.9685,2778.9055,62359.97,70091.89,67792.586,3359.599,3119.871,1602.6974,""
1331,245.150008458168,0.56779873,"","","","31","318","[M+NH4]+","","2","1334;1331","227.11612",0,0,0,8953.217,8571.583,8052.2944,0,44.5843,0,""
1325,427.07753475141,0.56795657,"","","","31","322","[M+Na]+","","2","1339;1325","404.08718",32.68639,37.93606,93.75093,95106.36,96320.87,101521.83,31.58863,47.73438,35.055843,""
1003,149.081525848717,0.5692886,"","","","31","307","[M+NH4]+","","2","1003;968","131.04792",33.83708,102.218285,0,12810.011,10323.591,14092.749,0,54.058502,36.209194,""
1355,130.050361113934,0.56947875,"","","","31","302","[M+H-H2O]+","","2","1355;966","147.05387",4649.3657,4558.503,5377.1143,1738838,1834487.5,1664224,5003.281,5244.2427,5164.664,""
1273,343.124324462547,0.5703882,"","","","31","292","[M+H]+","","5","1273;1280;1261;1251;1177","342.11714",108.622925,33.168304,155.84274,361239.5,373597.56,372842,21.825893,44.86576,29.313862,""
1357,217.129753535493,0.57098514,"","","","31","","","","","","",0,0,0,201197.58,198760.78,204308.84,0,0,0,""
1359,278.123662161646,0.57098514,"","","","31","","","","","","",0,0,0,104187.805,107707.67,104089.695,0,0,0,""
1651,263.074148927968,0.5770831,"","","","31","328","[M+Na]+","","2","1709;1651","240.08486",0,0,0,14367.017,12348.4795,54281.26,0,0,0,""
1388,215.052806021564,0.57897615,"","","","31","324","[M+H]+","","2","1388;1432","214.04534",0,0,0,62458.3,57453.035,51756.824,0,0,0,""
1391,460.203015846311,0.57897615,"","","","31","","","","","","",0,0,0,175194.34,167366.6,160353.4,0,0,0,""
1419,218.009772508241,0.5807058,"","","","31","350","[M+K]+","","2","1549;1419","179.04831",0,0,44.29011,2231.961,2492.9194,2749.2441,0,18.54808,38.0022,""
1571,137.059975432728,0.58085924,"","","","31","315","[M+H-H2O]+","","2","1445;1571","154.0628",154.9554,304.01694,240.21939,5897.323,5474.6562,3661.5881,196.49088,425.46594,373.66315,""
1470,275.12363423132,0.58095384,"","","","31","330","[2M+Na]+","","2","1470;1409","126.06783",0,0,0,1417.3945,2607.0735,2861.3013,0,0,0,""
1471,286.150417720447,0.58095384,"","","","31","345","[M+NH4]+","","2","1577;1471","268.1164",0,0,0,5236.0215,11555.391,9897.233,0,0,0,""
1486,402.161309645585,0.58095384,"","","","31","326","[2M+NH4]+","","2","1486;1432","192.06348",0,0,0,5704.2734,5779.798,5814.726,0,0,0,""
1163,280.139712359818,0.5822217,"","","","31","334","[M+H]+","","2","1163;1461","279.13239",51.279675,0,0,291622.1,293063.62,294043.16,0,0,0,""
1373,299.134225494329,0.582881,"","","","31","344","[M+H]+","","1","1472","298.12685",0,0,0,2681.6423,5238.4224,5839.751,0,0,0,""
1442,123.043860421727,0.5829266,"","","","31","325","[M+Na]+","","3","1439;1442;1441","100.05361",517.9048,494.18628,227.04526,4777.393,4185.9785,4116.7144,392.8078,324.97327,406.82547,""
1452,219.097811975934,0.58292955,"","","","31","331","[M-H+2Na]+","","2","1452;1443","174.1264",0,0,0,47811.523,51715.945,49214.12,0,0,0,""
1454,225.097332383877,0.58292955,"","","","31","342","[M+H]+","","2","1454;1458","224.0902",0,0,0,4126.751,4970.9155,5405.9243,0,0,0,""
1457,239.112905174431,0.58292955,"","","","31","347","[M+H]+","","2","1508;1457","238.1058",0,0,0,14888.687,13891.19,15730.431,0,0,0,""
1458,247.079596443048,0.58292955,"","","","31","342","[M+Na]+","","3","1454;1458;1647","224.0902",0,0,0,27722.594,34455.223,32744.75,0,0,0,""
1461,302.121002733389,0.58292955,"","","","31","334","[M+Na]+","","3","1163;1461;1459","279.13239",0,0,0,9943.424,9441.449,11324.122,0,0,0,""
1409,144.10228101663,0.5835951,"","","","31","330","[M+NH4]+","","2","1470;1409","126.06783",473.36484,791.2421,1560.3108,75856.375,80901.95,78738.9,678.73016,161.10458,457.48416,""
1477,136.062157018484,0.5835974,"","","","31","","","","","","",4982.926,4519.593,6401.489,247458.5,236539.98,232625.8,5019.7485,4752.6387,4966.8936,""
1479,182.081806585047,0.5835974,"","","","31","341","[M+H-H2O]+","","2","1479;1842","199.08531",1654.1014,1723.8295,2286.1238,35791.03,33191.36,32386.654,2091.7935,2218.6672,2206.2673,""
1449,189.123458230445,0.5847916,"","","","31","319","[M+NH4]+","","2","1449;1445","171.08926",0,40.80386,170.68958,8319.541,8764.014,8764.993,41.907032,54.311234,76.43721,""
1472,316.160767516117,0.5848567,"","","","31","344","[M+NH4]+","","3","1580;1373;1472","298.12685",0,0,0,14526.268,16773.76,16411.168,0,0,0,""
1508,256.139895755531,0.58489895,"","","","31","347","[M+NH4]+","","3","1508;1597;1457","238.1058",0,0,0,20591.672,20592.148,20409.457,0,0,0,""
1709,279.047942818629,0.5855518,"","","","31","328","[M+K]+","","2","1709;1651","240.08486",0,0,0,2627.8818,3024.541,16545.283,0,0,0,""
1526,165.055059106071,0.58556896,"","","","31","337","[M+H]+","","2","1479;1526","164.04788",302.5918,399.45557,309.9268,7761.3906,6988.1333,6928.92,215.70895,393.43674,393.8463,""
1437,152.070926106908,0.5856289,"","","","31","329","[M+NH4]+","","2","1511;1437","134.0373",862.67645,585.0912,763.29443,8973.887,9764.906,11978.185,816.3479,685.60974,674.302,""
1459,262.129652874996,0.5865138,"","","","31","334","[M+H-H2O]+","","2","1461;1459","279.13239",211.41528,31.713696,118.36916,88150.13,86302.305,93262.84,81.4934,58.793633,57.793995,""
1547,319.099936467131,0.5868261,"","","","31","351","[M+Na]+","","2","1425;1547","296.11111",0,0,0,19176.889,21005.523,20552.986,0,0,0,""
1502,130.086734248874,0.58782727,"","","","31","332","[M+H-H2O]+","","2","1502;1514","147.09073",3445.9526,2336.0947,3884.23,135398.9,133292.56,130045.55,2198.9045,1790.2218,638.65283,""
1393,158.081697328363,0.5883386,"","","","31","339","[M+NH4]+","","2","1442;1393","140.04751",970.9357,114.415115,543.5045,13210.904,14169.474,13586.677,198.58043,394.7394,184.07037,""
1577,291.105220940916,0.58875316,"","","","31","345","[M+Na]+","","3","1577;1598;1471","268.1164",0,0,0,28819.342,29728.137,31090.152,0,0,0,""
1579,305.120696496431,0.58875316,"","","","31","349","[M+Na]+","","2","1579;1632","282.13229",0,0,0,12084.566,14872.972,14558.757,0,0,0,""
1580,321.115884205602,0.58875316,"","","","31","344","[M+Na]+","","3","1580;1581;1472","298.12685",0,0,0,52938.016,55598.832,54104.004,0,0,0,""
1581,337.08997846299,0.58875316,"","","","31","344","[M+K]+","","2","1580;1581","298.12685",0,0,0,10691.128,12738.449,13159.718,0,0,0,""
1842,217.119357192604,0.588935,"","","","31","341","[M+NH4]+","","2","1479;1842","199.08531",0,0,0,10939.52,12230.522,14046.2705,42.123154,0,30.754818,""
1509,274.092035468748,0.59050095,"","","","31","","","","","","",186.02524,231.78247,118.64017,105057.234,107380.02,108132.09,143.67699,129.94351,115.83174,""
1597,261.095015423466,0.5906803,"","","","31","347","[M+Na]+","","3","1508;1597;1624","238.1058",0,0,0,42125.258,40781.656,44153.242,0,0,0,""
1598,307.079751889727,0.59068024,"","","","31","345","[M+K]+","","2","1577;1598","268.1164",0,0,0,9014.703,9707.755,10204.732,0,0,0,""
1644,215.102885876574,0.5911365,"","","","31","327","[2M+Na]+","","2","1644;1440","96.0575",0,0,0,897.67035,3116.3015,3494.864,0,0,0,""
1622,211.069809880541,0.5926074,"","","","31","352","[M-H+2Na]+","","2","1664;1622","166.09931",0,0,0,11378.573,12503.811,11300.838,0,0,0,""
1624,277.068876176953,0.5926074,"","","","31","347","[M+K]+","","2","1597;1624","238.1058",0,0,0,15165.169,15126.247,16186.703,0,0,0,""
1647,263.053321199561,0.5929734,"","","","31","342","[M+K]+","","2","1458;1647","224.0902",0,0,0,2930.5825,4614.1826,9642.6045,0,0,0,""
1514,170.081454429282,0.5931554,"","","","31","332","[M+Na]+","","3","1502;1514;1410","147.09073",18.017857,57.24005,54.38229,1884.6868,5156.8047,6058.907,66.112495,49.998085,44.37278,""
1632,321.096262450784,0.5945352,"","","","31","349","[M+K]+","","2","1579;1632","282.13229",0,0,0,3904.0205,3558.185,4991.5166,0,0,0,""
1652,132.102371810473,0.59948754,"","","","31","","","","","","",7748.8286,7473.3213,7798.8057,157707.19,167491.23,161330.72,9333.513,8051.8823,9372.574,""
1664,184.133800821201,0.60258776,"","","","31","352","[M+NH4]+","","2","1664;1622","166.09931",0,64.16604,16.224846,5377.728,7409.4404,7830.507,46.63439,24.207134,27.425522,""
1425,314.14533356026,0.60410625,"","","","31","351","[M+NH4]+","","2","1425;1547","296.11111",0,0,24.745464,12608.56,10185.778,11993.026,0,0,0,""
1549,202.039214320585,0.60496455,"","","","31","350","[M+Na]+","","2","1549;1419","179.04831",0,42.06675,22.258575,3701.2927,4486.98,4352.733,0,18.944767,0,""
1802,178.995207041703,0.66144687,"","","","31","","","","","","",70.20563,40.029305,56.568623,105443.31,99146.305,108797.586,38.709396,51.953403,41.439785,""
2246,259.080191638636,0.7848243,"","","","53","364","[M+Na]+","","3","2235;2372;2246","236.09055",0,0,0,20891.248,20877.502,16275.018,0,25.492079,0,""
2170,240.10835447229,0.7864026,"","","","53","359","[M+Na]+","","2","2110;2170","217.11887",0,0,28.41766,3792.7144,3372.5962,3295.394,0,0,0,""
2229,189.08727274107,0.7875161,"","","","53","371","[M+NH4]+","","2","2154;2229","171.05281",22.277424,0,0,4396.059,4127.8438,3920.7415,0,0,0,""
2218,181.052128544087,0.7883985,"","","","53","369","[M+Na]+","","2","2218;2358","158.06062",0,0,0,1584.4912,1477.2483,1501.0835,26.563234,0,0,""
2164,215.139982830583,0.79092604,"","","","53","401","[M+NH4]+","","2","2164;2227","197.10592",0,0,25.352608,2040.0095,1972.2701,1969.0815,0,0,0,""
2065,242.12387397034,0.7913873,"","","","53","358","[M+NH4]+","","3","2066;2071;2065","224.09005",0,0,0,1515.8458,1830.3544,1270.7461,0,0,0,""
2066,263.053168081437,0.7913873,"","","","53","358","[M+K]+","","3","2066;2071;2065","224.09005",0,0,0,4425.9272,3894.2297,4209.323,0,0,0,""
2071,247.079312114898,0.7934055,"","","","53","358","[M+Na]+","","3","2066;2071;2065","224.09005",0,0,0,12391.998,12874.111,11916.893,0,0,0,""
2263,214.069804228048,0.7936983,"","","","53","377","[M+Na]+","","2","2225;2263","191.08027",0,0,0,517.7845,1080.3456,556.1593,0,25.659231,0,""
2190,142.049953751142,0.79451764,"","","","53","360","[M+H]+","","2","2190;2390","141.04294",23.75414,0,24.719048,992.44653,1228.6163,331.14615,0,0,0,""
2162,200.164718362132,0.79743385,"","","","53","417","[M+NH4]+","","2","2162;2282","182.13119",30.915527,43.260788,0,6327.6353,6497.981,6383.712,0,36.849243,28.769257,""
2367,206.10288733859,0.79962975,"","","","53","368","[M+H]+","","2","2320;2367","205.09586",43.756477,79.23563,78.40898,3288.4272,3836.3928,3905.0352,46.802162,40.742416,44.720512,""
2280,186.076149704975,0.80028397,"","","","53","419","[M+H-H2O]+","","2","2280;2237","203.08014",199.90504,260.53326,88.60486,2782.3909,3208.2722,2635.3704,37.785145,38.30992,47.39652,""
2148,102.055671217416,0.80058664,"","","","53","363","[M+H-H2O]+","","2","2190;2148","119.05985",532.399,548.0994,350.25153,9646.892,9976.366,9426.216,469.7211,325.12103,245.02068,""
2231,232.014084821113,0.80108786,"","","","53","374","[M+H]+","","2","2301;2231","231.00645",46.979176,102.69146,39.39702,10092.659,10069.269,8928.46,40.804916,45.761284,49.090797,""
2153,163.06058093675,0.8025064,"","","","53","380","[M+H]+","","2","2251;2153","162.0531",144.14914,81.63144,40.132908,13049.075,12534.624,12225.187,52.678062,51.88366,49.815964,""
2108,219.097872640396,0.8034692,"","","","53","372","[M-H+2Na]+","","2","2147;2108","174.12646",0,0,0,3175.4583,3620.058,2836.2375,0,0,0,""
2109,246.145194804435,0.8034692,"","","","53","428","[2M+NH4]+","","2","2109;2294","114.0562",0,0,0,2305.3772,2636.625,2312.7275,0,0,0,""
2110,256.081763083549,0.8034692,"","","","53","359","[M+K]+","","2","2110;2170","217.11887",0,0,0,10551.361,11623.629,10757.729,0,0,0,""
2112,269.124108235207,0.8034692,"","","","53","370","[M+H]+","","4","2118;2114;2112;2177","268.11639",0,0,0,1896.4138,1900.8615,1815.9299,0,0,0,""
2142,271.001218539368,0.8034692,"","","","53","389","[M+K]+","","2","2142;2209","232.03894",0,0,0,846.2456,976.7049,938.4691,0,0,0,""
2113,280.139439993456,0.8034692,"","","","53","391","[M+H]+","","3","2117;2144;2113","279.13229",0,0,0,53693.5,57443.66,57651.023,0,0,0,""
2134,282.119985836349,0.8034692,"","","","53","394","[2M+NH4]+","","2","2212;2134","132.04287",0,0,0,2190.7527,2287.8694,2614.196,0,0,0,""
2114,286.150096503109,0.8034692,"","","","53","370","[M+NH4]+","","4","2118;2114;2112;2177","268.11639",0,0,0,5095.2646,4817.2183,4704.357,0,0,0,""
2115,288.105642091295,0.8034692,"","","","53","378","[M+Na]+","","3","2115;2179;2173","265.11663",0,0,0,9793.673,10462.667,9751.291,0,0,0,""
2116,299.134215300157,0.8034692,"","","","53","367","[M+H]+","","3","2119;2121;2120","298.12702",0,0,0,1013.66174,946.8334,1152.3118,0,0,0,""
2117,302.121227810081,0.8034692,"","","","53","391","[M+Na]+","","4","2117;2144;2113;2111","279.13229",0,0,0,6128.3457,6859.3047,6720.6885,0,0,0,""
2118,307.07954336026,0.8034692,"","","","53","370","[M+K]+","","4","2114;2118;2112;2177","268.11639",0,0,0,10003.623,10105.628,10079.435,0,0,0,""
2102,314.144899851076,0.8034692,"","","","53","379","[M+NH4]+","","3","2102;2180;2183","296.11111",0,0,0,6049.515,7023.387,6326.1616,0,0,0,""
2119,316.160885656461,0.8034692,"","","","53","367","[M+NH4]+","","4","2119;2116;2121;2120","298.12702",0,0,0,3314.6,3768.8687,3152.6577,0,0,0,""
2120,321.115983525402,0.8034692,"","","","53","367","[M+Na]+","","4","2119;2116;2121;2120","298.12702",0,0,0,23969.445,25700.092,24604.283,0,0,0,""
2121,337.090481462102,0.8034692,"","","","53","367","[M+K]+","","4","2119;2116;2120;2121","298.12702",0,0,0,5038.815,4695.228,4415.1274,0,0,0,""
2165,219.136676014781,0.8040201,"","","","53","422","[M+NH4]+","","3","2165;2196;2097","201.10135",46.39927,41.097088,39.597702,1158.7207,1477.9974,1450.2606,22.193464,33.685173,25.925846,""
2097,184.097293381398,0.8048598,"","","","53","422","[M+H-H2O]+","","2","2165;2097","201.10135",38.99038,29.411528,28.741236,769.5283,779.699,621.4839,42.338135,35.81102,32.5596,""
2304,162.076556490838,0.8051644,"","","","53","373","[M+H]+","","2","2314;2304","161.06929",1904.904,1657.8167,1476.0292,13308.655,20606.098,15529.307,422.55856,1768.4912,567.35767,""
2314,184.058612777261,0.8052783,"","","","53","373","[M+Na]+","","3","2314;2308;2304","161.06929",380.91998,41.8591,0,5947.3154,5936.239,5213.1973,27.19984,0,0,""
2143,303.122684952097,0.80544496,"","","","53","388","[M+NH4]+","","2","2181;2143","285.08834",0,0,0,413.12503,209.14449,781.00885,0,0,0,""
2127,204.133411798663,0.8054893,"","","","53","395","[M+NH4]+","","2","2159;2127","186.10023",0,0,0,445.6639,325.56445,406.16342,0,0,0,""
2155,173.042392237058,0.8054936,"","","","53","402","[M+Na]+","","3","2212;2155;2092","150.05312",0,0,0,4271.485,4546.519,3703.065,0,0,0,""
2163,211.070060985524,0.80549353,"","","","53","399","[M+NH4]+","","2","2125;2163","193.03584",0,0,0,4461.1646,4284.8765,3931.0967,0,0,0,""
2132,229.975018121126,0.80549353,"","","","53","434","[M+H]+","","2","2132;2313","228.96702",0,0,0,11748.17,14139.387,17187.713,0,0,0,""
2172,260.161005861895,0.80549353,"","","","53","390","[M+H]+","","2","2172;2211","259.15409",0,0,0,2195.7625,2322.0337,2060.4326,0,0,0,""
2173,266.123899036352,0.80549353,"","","","53","378","[M+H]+","","3","2115;2179;2173","265.11663",0,0,0,5403.789,5283.392,3992.464,0,0,0,""
2175,274.092370217415,0.80549353,"","","","53","396","[M+H-H2O]+","","3","2250;2181;2175","291.09573",0,0,0,68733.37,75243.055,74243.086,0,0,0,""
2176,280.09146752757,0.80549353,"","","","53","404","[M+Na]+","","2","2245;2176","257.10278",0,0,0,2168.803,2647.3704,3212.1174,0,0,0,""
2211,282.143677827031,0.8054936,"","","","53","390","[M+Na]+","","2","2172;2211","259.15409",0,0,0,1215.7623,944.2415,1005.473,0,0,0,""
2177,291.105304327314,0.8054936,"","","","53","370","[M+Na]+","","4","2118;2114;2112;2177","268.11639",0,0,0,39488.645,41759.547,40400.535,0,0,0,""
2179,304.079992769883,0.80549353,"","","","53","378","[M+K]+","","3","2115;2179;2173","265.11663",0,0,0,2159.7498,1713.5829,1396.1853,0,0,0,""
2144,318.095444381841,0.8054936,"","","","53","391","[M+K]+","","4","2117;2144;2113;2111","279.13229",0,0,0,427.01544,577.7111,857.8614,0,0,0,""
2180,319.100247467549,0.8054936,"","","","53","379","[M+Na]+","","3","2102;2180;2183","296.11111",0,0,0,25451.012,27090.387,24964.09,0,0,0,""
2181,330.058972478671,0.8054936,"","","","53","396","[M+K]+","","3","2250;2181;2175","291.09573",0,0,0,7668.4136,7637.4194,7668.667,0,0,0,""
2183,335.074393158362,0.8054936,"","","","53","379","[M+K]+","","3","2102;2180;2183","296.11111",0,0,0,11372.349,11041.618,10899.338,0,0,0,""
2185,426.161162539261,0.8054936,"","","","53","408","[M+H]+","","1","2370","425.15377",0,0,0,2497.2104,2803.0237,2499.369,0,0,0,""
2199,126.055544909491,0.80621636,"","","","53","429","[M+NH4]+","","2","2199;2213","108.02177",477.47067,73.90953,359.7094,5963.9087,6646.6406,5884.041,206.61841,179.48503,108.66697,""
2126,201.123574106356,0.8063799,"","","","53","455","[M+NH4]+","","2","2126;2311","183.08993",0,0,0,574.8478,286.64047,714.572,0,39.02548,0,""
2159,187.108154406002,0.80673057,"","","","53","414","[M+NH4]+","","3","2159;2224;2309","169.07426",0,0,0,817.3398,810.0906,881.84717,0,0,36.684494,""
2201,136.062189048503,0.80686975,"","","","53","","","","","","",7297.754,7355.5483,6711.5625,209060.25,208680.66,186768.62,5862.693,6509.6953,6812.7627,""
2212,133.049846601369,0.8075059,"","","","53","394","[M+H]+","","3","2152;2134;2212","132.04287",0,0,0,601.4204,1327.2699,1159.9231,0,0,0,""
2140,226.045431376857,0.8075059,"","","","53","438","[M-H+2Na]+","","2","2384;2140","181.07404",0,0,0,943.41016,232.36682,844.35785,0,0,0,""
2125,194.042710844433,0.80751365,"","","","53","399","[M+H]+","","1","2163","193.03584",0,0,0,770.3555,752.4904,761.5427,0,0,0,""
2301,253.995301004569,0.80751365,"","","","53","374","[M+Na]+","","2","2231;2301","231.00645",0,0,0,627.1381,1298.5396,1207.5065,0,0,0,""
2235,254.123977986985,0.8075137,"","","","53","364","[M+NH4]+","","3","2235;2372;2246","236.09055",0,0,0,2962.0994,3203.1614,2800.3215,0,0,0,""
2237,226.070157249798,0.8075178,"","","","53","419","[M+Na]+","","3","2233;2280;2237","203.08014",0,0,0,5521.869,6388.934,5810.0454,0,0,0,""
2240,239.112833489698,0.8075178,"","","","53","411","[M+H]+","","5","2240;2326;2287;2325;2244","238.1056",0,0,0,18972.684,21685.273,20086.613,0,0,0,""
2241,241.117862419563,0.8075178,"","","","53","403","[M+H]+","","2","2241;2249","240.11059",0,0,0,1023.344,1246.5131,862.6818,0,0,0,""
2242,245.063687993608,0.8075178,"","","","53","362","[M+Na]+","","2","2242;2170","222.0745",0,0,0,1861.8723,1348.8556,1915.0598,0,0,0,""
2267,245.113015057883,0.8075178,"","","","53","409","[M+NH4]+","","2","2320;2267","227.07871",0,0,0,493.4486,654.52124,208.60938,0,0,0,""
2209,255.029031961068,0.8075178,"","","","53","389","[M+Na]+","","2","2142;2209","232.03894",0,0,0,1958.508,1195.888,2605.515,0,0,0,""
2244,256.139507702071,0.8075178,"","","","53","411","[M+NH4]+","","5","2240;2326;2287;2325;2244","238.1056",0,0,0,29630.643,31752.326,30199.385,0,0,0,""
2520,259.092881170292,0.8075178,"","","","53","442","[2M+H]+","","3","2221;2157;2520","129.04554",0,0,0,3995.766,5632.164,3622.5823,0,0,0,""
2249,263.099804994735,0.8075178,"","","","53","393","[M-H+2Na]+","","2","2165;2249","218.12902",0,0,0,2243.7456,3122.826,2755.8318,0,0,0,""
2284,312.129895418635,0.8075178,"","","","53","410","[M+NH4]+","","2","2284;2329","294.09569",0,0,0,1432.2871,1408.3373,1707.1674,0,0,0,""
2250,314.084935734908,0.8075178,"","","","53","396","[M+Na]+","","3","2250;2181;2175","291.09573",0,0,0,34472.11,35062.84,34611.883,0,0,0,""
2251,342.139612259005,0.8075178,"","","","53","380","[2M+NH4]+","","2","2251;2153","162.0531",0,0,0,1416.5475,1396.8966,1668.2656,0,0,0,""
2286,425.109232077686,0.8075178,"","","","53","397","[2M+Na]+","","2","2314;2286","201.06095",0,0,0,674.12634,739.3082,695.199,0,0,0,""
2236,213.087011752533,0.80787754,"","","","53","426","[M+NH4]+","","2","2232;2236","195.05248",37.14537,0,0,2521.7595,2418.5786,869.86285,0,0,0,""
2289,130.050390534097,0.80821925,"","","","53","442","[M+H]+","","3","2221;2157;2289","129.04554",5497.992,4928.037,7532.3457,343196.2,347289.47,343726.3,4498.909,5346.7964,4805.6577,""
2416,185.092548440668,0.80868137,"","","","53","406","[M+NH4]+","","2","2547;2416","167.05856",30.253883,0,0,350.79007,604.22363,505.5606,30.164944,0,0,""
2305,286.090422583243,0.8094873,"","","","53","418","[M+Na]+","","3","2322;2369;2305","263.10113",0,0,0,1618.503,1820.4384,1641.653,0,0,0,""
2312,290.135225434486,0.809526,"","","","53","430","[2M+NH4]+","","2","2312;2151","136.05166",0,0,0,1741.1884,2317.0422,1785.1191,0,0,0,""
2092,151.060340878106,0.8095408,"","","","53","402","[M+H]+","","2","2155;2092","150.05312",0,0,0,667.81964,847.7383,280.24536,0,0,0,""
2318,204.063839439744,0.80953795,"","","","53","438","[M+Na]+","","2","2318;2384","181.07404",0,0,0,4290.767,4574.843,3656.721,0,0,0,""
2320,228.085513540864,0.80953795,"","","","53","368","[M+Na]+","","3","2317;2320;2367","205.09586",0,0,0,1857.5103,2156.3987,2054.5667,0,0,0,""
2322,246.097484446745,0.80953795,"","","","53","418","[M+H-H2O]+","","2","2322;2305","263.10113",0,0,0,2613.847,2901.472,2287.6228,0,0,0,""
2325,261.094856459572,0.80953795,"","","","53","411","[M+Na]+","","4","2240;2326;2325;2244","238.1056",0,0,0,182931,193391.94,189381.4,0,0,0,""
2326,277.068806301385,0.80953795,"","","","53","411","[M+K]+","","4","2240;2326;2325;2244","238.1056",0,0,0,58603.72,62253.633,59669.508,0,0,0,""
2328,305.120991916076,0.80953795,"","","","53","441","[M+Na]+","","2","2426;2328","282.13191",0,0,0,58827.35,65007.848,62554.35,0,0,0,""
2329,317.084529551459,0.80953795,"","","","53","410","[M+Na]+","","2","2284;2329","294.09569",0,0,0,1505.6475,1389.04,1553.5251,0,0,0,""
2287,499.200113715059,0.80953795,"","","","53","411","[2M+Na]+","","3","2240;2287;2244","238.1056",0,0,0,1136.133,1165.2631,1170.1434,0,0,0,""
2111,262.129397503616,0.81003684,"","","","53","391","[M+H-H2O]+","","3","2117;2144;2111","279.13229",0,26.957975,35.86934,15741.004,16716.318,16207.186,0,26.907734,0,""
2245,258.110578179307,0.8101638,"","","","53","404","[M+H]+","","2","2245;2176","257.10278",231.03156,259.19592,421.88425,19997.912,19624.803,19523.39,524.4022,228.909,254.2719,""
2224,170.081416877249,0.810869,"","","","53","414","[M+H]+","","2","2159;2224","169.07426",90.63776,175.5939,41.42959,4814.521,5580.098,4384.5435,0,43.08425,34.55317,""
2309,152.071019756004,0.81146073,"","","","53","414","[M+H-H2O]+","","2","2159;2309","169.07426",396.5116,150.91643,122.11035,2871.3953,3672.9253,4234.0474,493.7845,378.6335,458.04938,""
2369,264.108683468175,0.8115074,"","","","53","418","[M+H]+","","2","2369;2305","263.10113",0,0,0,3187.7507,3471.1902,2654.634,0,0,0,""
2370,448.142864479132,0.8115074,"","","","53","408","[M+Na]+","","2","2185;2370","425.15377",0,0,0,3124.2625,2835.354,2844.4187,0,0,0,""
2372,275.05367836533,0.81155044,"","","","53","364","[M+K]+","","3","2235;2372;2246","236.09055",0,0,0,4690.5977,4777.402,4543.457,0,0,0,""
2310,165.054398596868,0.8124822,"","","","53","","","","","","",48.013535,0,34.436707,14862.07,14532.463,14161.986,51.6671,28.59251,31.942854,""
2157,174.01418852344,0.8129865,"","","","53","442","[M-H+2Na]+","","4","2157;2289;2283;2520","129.04554",36.1801,32.47172,39.97527,7240.913,7020.3516,7307.262,92.67481,0,0,""
2399,210.037338960758,0.8135199,"","","","53","431","[M-H+2Na]+","","2","2399;2394","165.06577",0,0,0,604.6817,352.6361,487.1323,0,0,0,""
2216,124.039886597904,0.81498253,"","","","53","360","[M+H-H2O]+","","2","2216;2390","141.04294",686.3779,876.40466,464.49927,30992.44,35422.297,30058.826,644.6066,152.42838,607.8385,""
2394,166.072633520677,0.81549007,"","","","53","431","[M+H]+","","2","2399;2394","165.06577",0,0,0,1148.2458,1463.4729,978.23944,0,0,0,""
2396,244.08093554967,0.8155367,"","","","53","448","[M+Na]+","","2","2233;2396","221.09116",0,0,0,365.72968,1231.297,1508.326,0,0,0,""
2384,182.08180627042,0.8156121,"","","","53","438","[M+H]+","","4","2352;2318;2384;2140","181.07404",539.1822,408.76328,603.9148,62918.44,67072.89,61919.57,548.0068,423.87506,191.20247,""
2217,136.076098978657,0.8160416,"","","","53","451","[M+NH4]+","","2","2217;2214","118.04225",933.83386,677.0478,1280.5225,18819.088,21741.16,19925.973,228.78384,206.88094,820.25616,""
2406,319.080548985586,0.8175032,"","","","53","445","[M+K]+","","2","2406;2410","280.11676",0,0,0,2427.3699,2348.2285,2529.4958,0,0,0,""
2232,196.059038804387,0.81753474,"","","","53","440","[M+Na]+","","2","2232;2225","173.0696",27.522226,32.086567,0,2686.8315,2649.8809,2613.0825,47.5339,33.835716,27.35019,""
2151,137.05989748709,0.8177403,"","","","53","433","[M+H-H2O]+","","2","2151;2124","154.0631",320.4269,339.75632,322.35,4700.8853,4343.5854,3682.8618,289.7306,199.55069,174.6234,""
2221,152.035211682628,0.8180854,"","","","53","442","[M+Na]+","","5","2221;2299;2289;2283;2520","129.04554",401.2226,155.08786,222.11426,14624.2705,14369.864,13296.584,826.5464,448.64374,198.5069,""
2410,303.105354049903,0.81952196,"","","","53","445","[M+Na]+","","2","2406;2410","280.11676",0,0,0,7454.449,7809.47,7188.0127,0,0,0,""
2414,212.090979103515,0.8199662,"","","","53","454","[M+Na]+","","2","2414;2389","189.10115",39.30466,0,0,580.2909,930.39935,243.13004,0,0,0,""
2213,109.029085817481,0.82010216,"","","","53","421","[M+H-H2O]+","","3","2372;2308;2213","126.03223",32.961266,36.619675,26.04359,2606.509,4136.019,2118.2102,0,28.614723,33.23039,""
2154,172.059448775026,0.8204707,"","","","53","371","[M+H]+","","2","2154;2229","171.05281",297.0655,374.86234,201.01067,4694.4146,4836.5205,4524.263,369.76715,105.40571,170.63536,""
2542,141.96415565609,0.8221887,"","","","53","","","","","","",0,0,0,224.42886,487.6169,95.58395,0,0,0,""
2282,227.102643590674,0.82257324,"","","","53","417","[M-H+2Na]+","","2","2162;2282","182.13119",0,29.375765,0,746.9262,779.2041,536.13654,0,0,0,""
2233,204.087316682781,0.823217,"","","","53","419","[M+H]+","","2","2233;2237","203.08014",43.774696,34.8406,39.07451,2514.5894,2351.4043,2579.7402,31.818668,45.727592,38.01554,""
2426,321.095202904043,0.8235666,"","","","53","441","[M+K]+","","2","2426;2328","282.13191",0,0,0,13979.604,14752.798,13290.248,0,0,0,""
2227,180.10239992312,0.82392305,"","","","53","401","[M+H-H2O]+","","2","2164;2227","197.10592",27.992073,44.18791,39.539703,871.0703,1160.0167,1688.1815,0,41.3825,0,""
2389,190.107817164212,0.82431984,"","","","53","454","[M+H]+","","2","2414;2389","189.10115",639.7813,528.5541,252.6429,6244.917,6483.2183,6694.0283,1215.0642,413.6945,258.07355,""
2214,119.049509528386,0.82447606,"","","","53","451","[M+H]+","","2","2217;2214","118.04225",34.827633,0,0,4552.4336,4743.7754,4394.5474,27.546238,34.607716,25.514149,""
2283,241.082234983324,0.82483995,"","","","53","442","[2M+H-H2O]+","","3","2221;2157;2283","129.04554",0,22.969501,0,630.2136,1061.9795,674.8843,0,0,0,""
2313,251.955507899693,0.82508314,"","","","53","434","[M+Na]+","","2","2132;2313","228.96702",0,27.040585,0,4784.166,4873.9355,4863.3096,0,0,0,""
2368,229.11898235909,0.8283405,"","","","53","428","[2M+H]+","","2","2368;2294","114.0562",31.664154,28.202297,0,1058.2372,1035.7113,889.0868,0,35.19365,40.09193,""
2448,216.054734154493,0.82962203,"","","","53","460","[M+H-H2O]+","","2","2501;2448","233.058",0,0,0,9514.431,10382.32,10174.185,0,0,0,""
2449,215.016137979874,0.82962275,"","","","53","456","[M+Na]+","","2","2645;2449","192.02713",0,0,0,8897.158,10898.168,7536.1416,0,0,0,""
2450,232.026827368894,0.82962275,"","","","53","462","[M+H]+","","2","2465;2450","231.01966",0,0,0,6325.3994,7419.37,6794.6455,0,0,0,""
2451,234.065289502664,0.82962275,"","","","53","460","[M+H]+","","2","2501;2451","233.058",0,0,0,10167.932,11183.791,10801.029,0,0,0,""
2452,267.05920827886,0.82962275,"","","","53","457","[M+Na]+","","2","2425;2452","244.06995",0,0,0,2781.4895,3181.1292,2887.396,0,0,0,""
2230,189.123663005368,0.8296774,"","","","53","453","[M+NH4]+","","2","2124;2230","171.0897",0,0,0,1268.7356,1409.2505,1205.9872,0,29.464775,0,""
2299,130.062835037187,0.83034223,"","","","53","442","[M+H]+","","2","2221;2299","129.04554",46.669243,28.17043,28.801205,1733.037,1233.7776,1540.6312,57.9664,39.74592,33.19301,""
2645,210.061162733513,0.83164006,"","","","53","456","[M+NH4]+","","2","2645;2449","192.02713",0,0,0,6289.5317,9699.877,4409.0327,0,0,0,""
2425,245.077181128835,0.8320949,"","","","53","457","[M+H]+","","2","2425;2452","244.06995",0,0,0,2146.121,2446.7024,2077.6316,27.743366,0,0,""
2352,407.116629403936,0.83216786,"","","","53","438","[2M-H+2Na]+","","2","2352;2384","181.07404",0,0,0,1616.9761,3230.3525,1607.0107,0,0,0,""
2215,123.043218221932,0.8342813,"","","","53","","","","","","",78.717186,158.84825,124.603035,8228.155,8310.31,7620.112,169.7277,165.86267,48.84713,""
2467,329.08439308853,0.83567077,"","","","53","459","[M+Na]+","","2","2468;2467","306.09553",0,0,0,10349.689,14221.461,10955.051,0,0,0,""
2468,345.059039329947,0.83567077,"","","","53","459","[M+K]+","","2","2468;2467","306.09553",0,0,0,8462.337,9398.498,6981.113,0,0,0,""
2470,231.084314406499,0.8365957,"","","","53","461","[M+Na]+","","3","2470;2471;2476","208.09512",0,0,0,14011.632,15009.503,14989.708,0,37.133083,0,""
2471,247.058542183301,0.8376832,"","","","53","461","[M+K]+","","3","2470;2476;2471","208.09512",0,0,0,2488.2637,2536.7031,2709.3606,0,0,0,""
2476,226.128714299711,0.83970124,"","","","53","461","[M+NH4]+","","3","2470;2471;2476","208.09512",0,0,0,1554.6119,1486.4579,1651.027,0,0,0,""
2487,176.066096788585,0.8442332,"","","","53","465","[M-H+2Na]+","","2","2438;2487","131.09555",0,0,0,19090.334,19741.146,19061.195,0,0,0,""
2488,249.028884052122,0.8442332,"","","","53","463","[M+H]+","","2","2488;2489","248.0222",0,0,0,5885.4917,6474.452,5966.501,0,0,0,""
2489,271.012000122185,0.8442332,"","","","53","463","[M+Na]+","","2","2488;2489","248.0222",0,0,0,4339.035,5150.7227,4499.6084,0,0,0,""
2465,254.008985249511,0.8483124,"","","","53","462","[M+Na]+","","2","2465;2450","231.01966",0,0,0,1086.2911,1035.7109,1902.5941,0,0,0,""
2501,256.047175785654,0.84836024,"","","","53","460","[M+Na]+","","3","2501;2451;2448","233.058",0,0,0,3038.888,3302.8403,3128.3264,0,0,0,""
2517,196.037291270972,0.8514974,"","","","53","466","[M+K]+","","3","2517;2524;2516","157.07459",46.186657,0,0,1428.2015,1416.3663,802.0143,0,0,0,""
2439,154.085825839945,0.8529883,"","","","53","465","[M+Na]+","","2","2438;2439","131.09555",38.908134,35.235573,33.69202,7507.8228,7394.236,6931.1445,38.71798,37.650063,30.719143,""
2536,103.054039349913,0.85697293,"","","","53","468","[M+H-H2O]+","","2","2536;2540","120.05779",31.754807,44.883698,32.210846,980.624,307.32224,1133.2754,97.136055,33.701134,66.193695,""
2540,138.091763143977,0.8575337,"","","","53","468","[M+NH4]+","","3","2536;2539;2540","120.05779",154.4063,127.5333,55.913185,4453.3374,5076.8794,4062.9436,199.44803,77.51868,89.047775,""
2516,158.081750584475,0.8585893,"","","","53","466","[M+H]+","","3","2517;2524;2516","157.07459",289.33212,245.66354,157.7648,8121.3647,9482.394,6983.6904,339.18805,129.23285,88.055786,""
2518,276.144535580267,0.8596284,"","","","53","467","[M+H-H2O]+","","3","2523;2518;2532","293.14798",0,0,0,7390.6006,10456.561,9087.193,0,0,0,""
2519,294.155033976271,0.8596284,"","","","53","467","[M+H]+","","3","2523;2519;2532","293.14798",0,0,0,38536.715,45290.32,44224.477,0,0,0,""
2523,332.111559236521,0.8596284,"","","","53","467","[M+K]+","","4","2523;2519;2518;2532","293.14798",0,0,0,570.1378,497.46912,624.0692,0,0,0,""
2554,192.040052944297,0.86090475,"","","","53","464","[M+K]+","","2","2487;2554","153.07689",0,0,0,2245.4404,2513.1106,1142.1215,0,0,0,""
2524,180.064372259882,0.8634544,"","","","53","466","[M+Na]+","","3","2517;2524;2516","157.07459",23.36118,0,0,13021.881,15017.091,11062.942,29.981522,0,37.104866,""
2532,316.137134496149,0.86365336,"","","","53","467","[M+Na]+","","4","2523;2519;2518;2532","293.14798",0,0,0,4556.4155,5386.0327,4863.696,0,0,0,""
2676,203.043067431381,0.87053037,"","","","","","","","","","",0,0,0,483.09418,205.23837,863.42017,0,0,0,""
2438,132.102378816853,0.87296814,"","","","53","465","[M+H]+","","3","2439;2438;2487","131.09555",3466.4048,1460.1443,2950.9255,1037333.94,1102495.5,989344.06,410.53064,1409.2577,4018.1296,""
2539,121.065369251522,0.87356436,"","","","53","468","[M+H]+","","2","2539;2540","120.05779",99.03741,111.95233,54.853943,17051.234,19736.416,17437.543,61.18318,96.55777,180.02094,""
2573,176.092231814337,0.8741196,"","","","53","469","[M+H]+","","2","2562;2573","175.08511",1279.3766,700.3152,265.00333,24678.117,31805.162,22438.234,635.2914,276.8817,485.28778,""
2564,275.11043931617,0.8796429,"","","","53","476","[M+Na]+","","4","2590;2564;2552;2580","252.12149",0,0,0,19980.07,23737.117,19846.932,0,0,0,""
2565,317.06414704623,0.8796429,"","","","53","470","[M+K]+","","2","2575;2565","278.10078",0,0,0,2346.4321,2643.9978,2597.1392,0,0,0,""
2566,407.11685295755,0.8796429,"","","","53","471","[M+Na]+","","3","2567;2566;2597","384.12747",0,0,0,4085.831,3970.5615,4103.828,0,0,0,""
2567,423.090422726199,0.8796429,"","","","53","471","[M+K]+","","2","2566;2567","384.12747",0,0,0,801.0073,930.61896,931.27686,0,0,0,""
2575,301.089796719948,0.8816609,"","","","53","470","[M+Na]+","","2","2575;2565","278.10078",0,0,0,4276.175,4847.8315,4519.355,0,0,0,""
2678,317.140087618174,0.88179845,"","","","53","477","[M+Na]+","","2","2691;2678","294.15108",0,0,0,371.33237,278.43573,543.67737,0,0,0,""
2576,243.074254073455,0.8836796,"","","","53","474","[M+Na]+","","3","2576;2591;2602","220.08509",0,0,0,1670.3824,1611.7698,1441.1187,0,0,0,""
2577,275.074308436081,0.883679,"","","","53","472","[M+Na]+","","2","2577;2579","252.08519",0,0,0,3342.5398,4292.2793,3200.0625,0,0,0,""
2578,289.06900747651,0.883679,"","","","53","473","[M+K]+","","2","2596;2578","250.10575",0,0,0,2411.9392,2850.0723,2260.37,0,0,0,""
2579,291.048457427052,0.883679,"","","","53","472","[M+K]+","","2","2577;2579","252.08519",0,0,0,1308.8523,1459.1902,1305.8574,0,0,0,""
2580,291.08445627066,0.883679,"","","","53","476","[M+K]+","","4","2590;2564;2552;2580","252.12149",0,0,0,6809.064,6674.37,6100.003,0,0,0,""
2562,198.074488448643,0.88429916,"","","","53","469","[M+Na]+","","2","2562;2573","175.08511",36.687572,0,0,8840.815,9897.3545,7812.4526,0,31.18768,0,""
2591,221.092426487778,0.8856978,"","","","53","474","[M+H]+","","2","2576;2591","220.08509",0,0,0,15249.439,16758.43,13206.076,0,0,0,""
2593,158.060366514651,0.88771015,"","","","53","475","[M+H]+","","2","2606;2593","157.05309",0,0,0,269.0177,409.21896,308.94553,0,0,0,""
2596,273.094867330287,0.88771516,"","","","53","473","[M+Na]+","","2","2596;2578","250.10575",0,0,0,5705.694,6571.1084,4918.1196,0,0,0,""
2597,402.161335640838,0.88771445,"","","","53","471","[M+NH4]+","","2","2566;2597","384.12747",0,0,0,5730.2026,7984.23,6013.113,0,0,0,""
2602,203.081795695133,0.88973325,"","","","53","474","[M+H-H2O]+","","2","2576;2602","220.08509",0,0,0,1450.0896,1661.7239,1115.4027,0,0,0,""
2606,175.086918482121,0.89174634,"","","","53","475","[M+NH4]+","","2","2606;2593","157.05309",0,0,0,2033.7333,2255.0652,1621.0272,0,0,0,""
2590,270.155345364385,0.89718646,"","","","53","476","[M+NH4]+","","4","2590;2564;2552;2580","252.12149",23.161808,0,0,1409.7454,1821.7234,1215.9753,0,29.179718,36.75109,""
2632,364.160603985625,0.90986586,"","","","53","478","[M+NH4]+","","3","2632;2633;2643","346.12685",0,0,0,2448.0723,2834.928,2342.4036,0,0,0,""
2633,369.116142279893,0.9098714,"","","","53","478","[M+Na]+","","3","2632;2633;2643","346.12685",0,0,0,3577.8508,4219.35,3842.8108,0,0,0,""
2552,253.129210129475,0.9111365,"","","","53","476","[M+H]+","","4","2590;2564;2552;2580","252.12149",0,52.47163,28.420025,1154.4119,1150.5726,1220.1116,23.900463,35.84355,0,""
2638,332.074726969695,0.911884,"","","","53","479","[M+K]+","","3","2638;2640;2639","293.11184",0,0,0,3728.0461,4341.2046,2905.16,0,0,0,""
2639,294.119782764863,0.9138971,"","","","53","479","[M+H]+","","2","2638;2640","293.11184",0,0,0,1321.7792,1610.7338,1083.4839,0,0,0,""
2640,316.100653882573,0.91390204,"","","","53","479","[M+Na]+","","3","2638;2639;2640","293.11184",0,0,0,9096.171,10498.906,7458.65,0,0,0,""
2643,385.089992758086,0.9159097,"","","","53","478","[M+K]+","","3","2632;2633;2643","346.12685",0,0,0,2015.9761,1337.9691,1514.4086,0,0,0,""
2746,202.180682814215,0.9274843,"","","","55","484","[2M+NH4]+","","2","2746;2762","92.07458",1013.5183,226.73099,315.4629,5684.093,6509.044,6603.888,101.964836,212.64053,196.97926,""
2691,277.147992026989,0.9331263,"","","","53","477","[M+H-H2O]+","","2","2691;2678","294.15108",0,0,0,922.15485,1171.2448,970.8975,0,0,0,""
2692,300.105797680683,0.9332048,"","","","53","480","[M+Na]+","","3","2693;2697;2692","277.11665",0,0,0,13619.565,15927.758,12747.151,0,0,0,""
2693,316.079919018926,0.9332048,"","","","53","480","[M+K]+","","2","2693;2692","277.11665",0,0,0,5075.5996,5134.492,4562.9585,0,0,0,""
2697,278.123888305291,0.9352103,"","","","53","480","[M+H]+","","2","2692;2697","277.11665",0,0,0,915.5527,991.0631,982.9701,0,0,0,""
2673,207.968313933407,0.9399661,"","","","53","482","[M+H]+","","1","2669","206.9604",29.730831,28.578228,26.58941,790.3038,1038.8191,904.5697,0,32.39417,67.24592,""
2669,229.948975301547,0.94386065,"","","","53","482","[M+Na]+","","2","2669;2673","206.9604",31.958698,0,41.602,1086.492,951.3355,705.2994,30.6515,34.413696,0,""
2700,229.154764651293,0.94988805,"","","","53","","","","","","",38.238155,0,0,31523.52,34862.785,29394.06,0,0,0,""
2651,123.0558362031,0.955957,"","","","53","","","","","","",564.39014,2716.0142,2827.591,246983.78,263945.2,235010.66,3476.7888,2986.4177,524.6998,""
2737,208.05830911726,0.96590966,"","","","55","485","[M+Na]+","","2","2736;2737","185.06917",0,0,0,3368.8042,3696.9587,3330.4924,0,0,0,""
2736,186.076530797764,0.96823514,"","","","55","485","[M+H]+","","2","2736;2737","185.06917",70.9611,56.362022,45.19609,21297.338,20119.654,19147.578,41.77059,84.06273,34.132683,""
2762,137.046887257266,0.9717252,"","","","55","484","[M-H+2Na]+","","2","2746;2762","92.07458",88.7743,43.54374,80.34499,15712.694,17289.62,15754.72,51.77001,98.71592,36.1268,""
2748,292.139444720696,0.97197837,"","","","55","486","[M+H]+","","2","2749;2748","291.13196",0,0,0,3937.184,4739.5654,3686.9849,0,0,0,""
2749,314.120970561754,0.9719923,"","","","55","486","[M+Na]+","","2","2749;2748","291.13196",0,0,0,2098.4854,2402.9417,1782.7188,0,0,0,""
2753,307.044362539663,0.9739964,"","","","55","487","[M+K]+","","3","2757;2764;2753","268.08116",0,0,0,6905.281,6926.0986,6723.4663,0,0,0,""
2757,291.07031403548,0.9780409,"","","","55","487","[M+Na]+","","3","2757;2764;2753","268.08116",0,0,0,9824.5,10674.948,8941.906,0,0,0,""
2764,269.088457140247,0.9820707,"","","","55","487","[M+H]+","","3","2757;2764;2753","268.08116",0,0,0,3531.1643,3968.7004,3473.5933,0,0,0,""
2787,284.09941750907,0.99418813,"","","","58","488","[M+H]+","","3","2790;2792;2787","283.09212",0,0,0,3914.9143,4187.2915,3861.616,0,0,0,""
2790,306.081400775338,0.99620134,"","","","58","488","[M+Na]+","","3","2790;2787;2792","283.09212",0,0,0,2085.016,2516.4055,1845.1312,0,0,0,""
2792,322.055185003411,0.99820274,"","","","58","488","[M+K]+","","3","2790;2787;2792","283.09212",0,0,0,952.11273,1097.8043,969.5084,0,0,0,""
2815,336.074295999519,1.0103563,"","","","58","489","[M+Na]+","","3","2815;2824;2820","313.08501",0,0,0,7892.195,8042.0938,7503.5713,0,0,0,""
2820,314.092181551329,1.0123757,"","","","58","489","[M+H]+","","3","2815;2824;2820","313.08501",0,0,0,33194.027,35014.727,30209.287,0,0,0,""
2814,284.13445033462,1.0150422,"","","","58","490","[M+NH4]+","","2","2819;2814","266.10138",0,0,0,3134.6165,3131.1672,3230.3809,0,0,0,""
2819,289.091359006436,1.0168543,"","","","58","490","[M+Na]+","","2","2819;2814","266.10138",69.14231,31.63859,0,4250.1606,4899.207,4176.192,0,0,0,""
2824,352.048190360149,1.0176588,"","","","58","489","[M+K]+","","3","2815;2824;2820","313.08501",0,0,0,2210.7244,2143.7942,2105.7173,0,0,0,""
2829,198.053224302454,1.0192102,"","","","58","492","[M+NH4]+","","2","2828;2829","180.01934",76.82127,188.91339,33.530437,1856.4537,1644.3203,981.2991,0,0,0,""
2879,291.084367925401,1.0544833,"","","","60","495","[M+K]+","","4","2862;2879;2893;2892","252.1215",0,0,0,36528.688,37545.12,34809.418,0,0,0,""
2888,144.065911029023,1.0546438,"","","","60","493","[M+H]+","","4","2871;2888;2884;2894","143.05863",347.89633,806.9208,685.47485,285984.84,285884,284752.78,448.46576,256.47177,225.86777,""
2884,166.047759828879,1.0565014,"","","","60","493","[M+Na]+","","3","2871;2888;2884","143.05863",0,0,0,10333.188,10987.513,10625.327,0,0,0,""
2893,275.110450621279,1.0585195,"","","","60","495","[M+Na]+","","4","2862;2879;2893;2892","252.1215",0,0,0,90045.19,94356.79,84430.6,0,0,0,""
2862,253.129167576995,1.0596385,"","","","60","495","[M+H]+","","4","2862;2879;2893;2892","252.1215",44.19306,101.62001,28.892208,15368.751,15556.936,13751.817,65.082306,35.84355,54.848553,""
2871,182.021770401214,1.0605375,"","","","60","493","[M+K]+","","3","2888;2871;2884","143.05863",0,0,0,168.51744,131.85262,357.64825,0,0,0,""
2894,188.029899658168,1.0605445,"","","","60","493","[M-H+2Na]+","","2","2888;2894","143.05863",0,0,0,2635.6658,3293.6252,821.2622,0,0,0,""
2897,346.113590723621,1.0605445,"","","","60","496","[M+H]+","","2","2906;2897","345.10648",0,0,0,12897.324,13548.9375,12478.752,0,0,0,""
2906,368.095855422021,1.0702688,"","","","60","496","[M+Na]+","","2","2906;2897","345.10648",0,0,0,1287.2598,1191.608,1164.4844,0,0,0,""
2921,395.09549291878,1.0786923,"","","","60","497","[M+Na]+","","3","2921;2925;2944","372.10619",0,0,0,3744.6423,3563.345,3909.5535,0,0,0,""
2925,355.102590924313,1.0819563,"","","","60","497","[M+H-H2O]+","","3","2921;2925;2944","372.10619",0,0,0,6899.0796,8339.334,8395.033,0,0,0,""
2892,270.155500890287,1.0887861,"","","","60","495","[M+NH4]+","","4","2862;2879;2893;2892","252.1215",67.3295,35.896767,39.510883,17504.482,19143.71,16725.432,51.711494,36.311264,39.48069,""
2946,399.126811738266,1.090625,"","","","60","498","[M+Na]+","","3","2946;2948;2938","376.13755",0,0,0,6377.5845,6542.706,4923.8955,0,0,0,""
2937,393.079861700601,1.0906632,"","","","60","499","[M+Na]+","","2","2937;2951","370.09058",0,0,0,3979.2974,3397.6177,4473.883,0,0,0,""
2938,415.100590697538,1.0906652,"","","","60","498","[M+K]+","","3","2946;2948;2938","376.13755",0,0,0,2261.9497,2834.0598,2133.3362,0,0,0,""
2944,390.140216800909,1.0947013,"","","","60","497","[M+NH4]+","","4","2921;2925;2942;2944","372.10619",0,0,0,6636.8228,11758.06,8431.495,0,0,0,""
2948,394.171456647237,1.0972062,"","","","60","498","[M+NH4]+","","3","2946;2948;2938","376.13755",0,0,0,6063.3374,6520.7246,8124.4023,0,0,0,""
2932,184.037447929927,1.099073,"","","","60","502","[M+K]+","","2","2963;2932","145.07459",73.55463,0,0,131.57886,282.35974,521.8098,0,0,0,""
2950,383.145419264116,1.0993439,"","","","60","500","[M+H]+","","2","2950;2952","382.13809",0,0,0,17815.295,18879.701,17921.736,0,0,0,""
2951,388.124329410245,1.0993439,"","","","60","499","[M+NH4]+","","2","2937;2951","370.09058",0,0,0,23318.896,26202.947,25942.77,0,0,0,""
2942,373.113474191283,1.1006298,"","","","60","497","[M+H]+","","1","2944","372.10619",0,0,0,399.05048,356.29364,368.98956,0,0,0,""
2952,405.127250612442,1.1012257,"","","","60","500","[M+Na]+","","2","2950;2952","382.13809",0,0,0,1679.385,2057.0093,1713.7975,0,0,0,""
2964,198.074645717588,1.1099144,"","","","59","501","[M+Na]+","","2","2964;2980","175.0852",0,0,0,1270.0018,1442.4467,1574.0922,0,0,0,""
2980,158.081684434776,1.112751,"","","","59","501","[M+H-H2O]+","","2","2964;2980","175.0852",126.36548,235.84662,156.36887,4771.184,4928.602,4958.497,173.7783,80.78344,197.24062,""
3000,273.094830475118,1.1439012,"","","","59","503","[M+Na]+","","2","3006;3000","250.10561",0,0,0,10126.446,11099.794,8870.426,0,0,0,""
3006,289.068762312902,1.1483139,"","","","59","503","[M+K]+","","2","3006;3000","250.10561",0,0,0,3587.9197,2814.4177,2497.753,0,0,0,""
3021,168.102624512316,1.1527388,"","","","61","504","[M+NH4]+","","2","3033;3021","150.06862",38.635258,41.349705,64.3247,9218.993,10207.842,10294.323,28.450466,41.37325,35.91587,""
3033,151.075711301847,1.1617979,"","","","61","504","[M+H]+","","2","3033;3021","150.06862",227.0343,497.03058,349.50092,27952.797,31176.65,29783.441,108.51012,129.18707,443.69815,""
3022,290.086406641697,1.1829454,"","","","61","507","[M+Na]+","","2","3039;3022","267.09725",0,33.14612,0,12793.5205,12523.898,13181.986,0,0,0,""
3075,287.110495307465,1.1981452,"","","","64","508","[M+Na]+","","3","3080;3075;3081","264.12132",0,0,0,50630.805,53244.293,48371.516,0,0,0,""
3080,282.155139258569,1.2001694,"","","","64","508","[M+NH4]+","","3","3080;3075;3081","264.12132",0,0,0,53325.023,58736.49,53583.92,0,0,0,""
3081,303.08451858188,1.2021903,"","","","64","508","[M+K]+","","3","3080;3075;3081","264.12132",0,0,0,22289.162,23518.535,21967.775,0,0,0,""
3039,268.10458964784,1.2171291,"","","","61","507","[M+H]+","","2","3039;3022","267.09725",696.02686,134.98785,177.29668,217723.3,234824.75,214004.53,56.438133,192.64905,163.76659,""
3118,195.080230337863,1.2229633,"","","","","","","","","","",35.14862,34.03283,33.939667,1339.1746,1536.7971,340.26288,31.071213,44.27131,38.793293,""
3173,184.133729550846,1.2669876,"","","","48","","","","","","",30.336857,31.175877,26.325958,43078.504,55596.434,47816.83,0,26.643915,26.990341,""
3167,230.1029339805,1.2894909,"","","","57","509","[M+H]+","","2","3163;3167","229.0959",50.838333,36.888515,35.77095,1113.2637,340.61673,490.94153,88.90768,0,0,""
3163,247.12996331079,1.308724,"","","","57","509","[M+NH4]+","","2","3163;3167","229.0959",0,0,0,8080.359,9167.724,8398.051,0,0,29.620544,""
3225,176.031482788214,1.3426102,"","","","69","511","[M+Na]+","","2","3225;3219","153.04267",27.42206,35.91834,28.2202,2829.3943,2953.5679,2636.346,0,0,25.711533,""
3219,154.050357638674,1.3472514,"","","","69","511","[M+H]+","","2","3225;3219","153.04267",40.53151,35.955406,40.823387,3297.5564,3259.5862,2962.2683,39.147343,39.20051,56.92354,""
3245,388.124301647813,1.360334,"","","","73","512","[M+NH4]+","","2","3245;3248","370.09044",0,0,0,27272.924,28987.684,26510.686,0,0,0,""
3248,393.079616033571,1.3623549,"","","","73","512","[M+Na]+","","2","3245;3248","370.09044",0,0,0,5390.427,5896.786,5035.226,0,0,0,""
3254,289.126256086297,1.3704133,"","","","73","522","[M+Na]+","","3","3254;3250;3377","266.13691",0,0,0,7738.7314,8042.22,7140.973,0,0,0,""
3250,305.100196536896,1.3704125,"","","","73","522","[M+K]+","","2","3254;3250","266.13691",0,0,0,1769.2948,960.458,307.62924,0,0,0,""
3259,102.046941506624,1.3744437,"","","","73","526","[M+H]+","","2","3259;3296","101.03889",0,0,0,2721.9656,2927.0098,2579.4453,0,0,0,""
3269,325.08992447184,1.3764563,"","","","73","523","[M+Na]+","","2","3325;3269","302.10067",0,0,0,1849.8539,1849.5809,975.5591,0,0,0,""
3291,342.115754783817,1.377029,"","","","73","514","[M+NH4]+","","2","3291;3269","324.08229",0,0,31.790365,2357.2065,2761.629,2021.1301,0,0,0,""
3283,204.042520566693,1.3784751,"","","","73","529","[M+K]+","","4","3283;3282;3297;3264","165.07998",0,0,0,1711.3862,1817.053,1612.1981,0,0,0,""
3284,272.020728708987,1.3784689,"","","","73","516","[M+Na]+","","3","3300;3284;3287","249.03118",0,0,0,5365.7,6508.7393,6248.394,0,0,0,""
3285,228.061395312516,1.3784748,"","","","73","524","[M+Na]+","","2","3282;3285","205.07279",0,0,0,1424.3016,1629.2825,1517.4644,0,0,0,""
3286,283.01405157454,1.3784751,"","","","73","515","[M+H]+","","2","3286;3288","282.00685",0,0,0,4750.1187,4789.634,4907.1147,0,0,0,""
3287,287.993503623105,1.3784751,"","","","73","516","[M+K]+","","3","3300;3284;3287","249.03118",0,0,0,2570.7153,2512.127,2417.827,0,0,0,""
3288,304.996137134287,1.3784751,"","","","73","515","[M+Na]+","","2","3286;3288","282.00685",0,0,0,4439.9497,4850.121,4604.176,0,0,0,""
3306,397.111200786406,1.3784752,"","","","73","525","[2M+Na]+","","3","3310;3306;3282","187.0617",0,0,0,707.53815,935.7922,228.77965,0,0,0,""
3300,250.038948432069,1.3804874,"","","","73","516","[M+H]+","","3","3284;3300;3287","249.03118",0,0,0,20922.455,23293.205,21402.744,0,0,0,""
3302,266.011280821484,1.3804874,"","","","73","518","[M+H]+","","2","3302;3287","265.00415",0,0,0,6286.349,6804.9663,6682.2505,0,0,0,""
3303,315.105371787508,1.3804874,"","","","73","521","[M+Na]+","","2","3396;3303","292.11613",0,0,0,7700.074,10300.485,8930.743,0,0,0,""
3278,131.050727683478,1.3812301,"","","","73","528","[M+H-H2O]+","","2","3278;3297","148.05334",0,39.484703,0,12344.639,13268.632,12338.224,23.332575,24.328716,28.839958,""
3310,226.024211056523,1.3825,"","","","73","525","[M+K]+","","4","3310;3306;3282;3264","187.0617",0,0,0,4771.624,5450.0527,4532.351,0,0,0,""
3322,251.13924104333,1.3845243,"","","","73","","","","","","",0,0,0,18318.543,19582.92,17682.004,0,0,0,""
3376,141.96435152734,1.3845354,"","","","","","","","","","",0,0,0,352.0567,99.847046,90.822266,0,0,0,""
3396,331.079268872102,1.3845243,"","","","73","521","[M+K]+","","2","3396;3303","292.11613",0,0,0,3486.2935,4554.5767,4061.9016,0,0,0,""
3325,341.06379837117,1.3905869,"","","","73","523","[M+K]+","","2","3269;3325","302.10067",0,0,0,313.42938,309.25912,478.42874,0,0,0,""
3334,121.085616628572,1.3914883,"","","","73","","","","","","",0,18.94244,0,83450.13,86738.6,78443.164,143.69658,329.18094,295.60745,""
3275,103.054330479397,1.3932004,"","","","73","530","[M+H]+","","2","3276;3275","102.04728",86.77401,29.628498,77.10665,100966.39,105422.88,97869.9,35.98909,52.49135,33.701385,""
3282,188.070117743281,1.3953288,"","","","73","525","[M+H]+","","4","3310;3306;3282;3264","187.0617",79.12114,38.239227,43.344227,21780.53,26413.682,25254.95,35.023613,59.034367,31.080624,""
3279,149.060148788646,1.3970603,"","","","73","528","[M+H]+","","2","3279;3297","148.05334",44.808395,91.43589,55.024025,13373.369,14115.86,14033.383,58.124733,86.498375,42.975517,""
3264,210.051138657718,1.4041014,"","","","73","529","[M-H+2Na]+","","3","3283;3297;3264","165.07998",126.97127,32.349792,0,26263.479,28986.404,27954.893,0,0,0,""
3296,119.071945237779,1.4068382,"","","","73","526","[M+NH4]+","","2","3259;3296","101.03889",22.108158,0,35.354862,1917.8651,1541.287,1549.237,0,0,0,""
3377,305.09981093561,1.4071938,"","","","73","522","[M+K]+","","2","3254;3377","266.13691",0,0,0,1100.8158,260.28976,389.3875,0,0,0,""
3297,166.08695160388,1.417766,"","","","73","529","[M+H]+","","4","3283;3282;3264;3297","165.07998",956.37616,2644.305,964.17114,1082119.6,1177191.9,1073659.5,1627.5948,1468.3412,1318.6228,""
3359,287.110491697715,1.4208418,"","","","73","531","[M+Na]+","","3","3360;3373;3359","264.12134",0,0,0,34256.875,34592.547,31635.89,0,0,0,""
3360,303.084544312359,1.4208418,"","","","73","531","[M+K]+","","3","3360;3359;3373","264.12134",0,0,0,14051.081,14942.69,12413.469,0,0,0,""
3276,120.081336382793,1.4223465,"","","","73","530","[M+NH4]+","","2","3276;3275","102.04728",585.8484,670.7263,368.52164,984946.56,1043892.9,958787.3,845.9145,415.21564,1294.6005,""
3369,310.12898392218,1.422855,"","","","73","532","[M+H-H2O]+","","2","3366;3369","327.13227",0,0,0,7970.049,7710.744,8053.855,0,0,0,""
3370,328.139515173834,1.422855,"","","","73","532","[M+H]+","","2","3366;3370","327.13227",0,0,0,48205.297,51397.22,52566.05,0,0,0,""
3367,121.065382527668,1.4231284,"","","","73","533","[M+H]+","","2","3367;3371","120.05801",194.87476,111.431694,129.14105,6143.4604,6856.922,6330.183,147.1945,137.7387,88.34493,""
3373,282.155190375089,1.4248676,"","","","73","531","[M+NH4]+","","3","3360;3359;3373","264.12134",0,0,0,7725.929,8092.3604,7895.8657,0,0,0,""
3366,350.121525024004,1.4248676,"","","","73","532","[M+Na]+","","3","3366;3369;3370","327.13227",0,0,0,3286.325,4153.397,5743.199,0,0,0,""
3371,138.091741696997,1.4434073,"","","","73","533","[M+NH4]+","","2","3367;3371","120.05801",110.574005,130.43077,188.76587,2931.522,3106.6543,2951.6157,186.3915,193.67393,151.48654,""
3401,385.090055352833,1.446598,"","","","73","535","[M+K]+","","3","3409;3408;3401","346.12679",0,0,0,16315.65,16544.428,16041.947,0,0,0,""
3408,364.160677048915,1.4506397,"","","","73","535","[M+NH4]+","","4","3409;3419;3408;3401","346.12679",0,0,0,32310.53,37464.31,32346.523,0,0,0,""
3409,369.116123861421,1.4506468,"","","","73","535","[M+Na]+","","3","3409;3408;3401","346.12679",0,0,0,53657.48,58052.375,52108.965,0,0,0,""
3406,167.070585746285,1.4538252,"","","","73","","","","","","",196.39368,193.11148,274.46167,21981.016,24189.52,20833.998,189.65027,123.598656,229.1337,""
3419,329.123229165781,1.4566988,"","","","73","535","[M+H-H2O]+","","2","3419;3408","346.12679",0,0,0,1314.0865,1449.2034,1286.7319,0,0,0,""
3427,289.068728668409,1.4607354,"","","","73","537","[M+K]+","","2","3430;3427","250.10581",0,0,0,482.2484,569.8633,455.47565,0,0,0,""
3428,191.079449086967,1.4607564,"","","","73","536","[M+Na]+","","2","3428;3435","168.08969",0,0,0,2047.791,1909.7869,1666.6862,0,0,0,""
3435,169.096422919782,1.4609225,"","","","73","536","[M+H]+","","2","3428;3435","168.08969",26.984762,24.846718,0,2693.7717,2319.1868,2359.074,26.670383,24.336754,0,""
3430,268.139879040657,1.4697168,"","","","73","537","[M+NH4]+","","2","3427;3430","250.10581",0,28.853058,0,584.54724,585.174,262.60764,0,0,0,""
3467,166.049123499579,1.4700359,"","","","83","538","[M+Na]+","","2","3466;3467","143.05927",0,21.121273,0,393.38315,704.71515,735.57806,24.101635,0,19.156885,""
3458,407.153031702525,1.495464,"","","","72","539","[M+Na]+","","2","3458;3461","384.16365",0,0,0,5071.87,5600.2803,4385.0596,0,0,0,""
3461,385.170770990748,1.4975153,"","","","72","539","[M+H]+","","2","3458;3461","384.16365",0,0,0,1315.7684,2304.8691,2234.135,0,0,0,""
3466,144.065906801586,1.5010221,"","","","83","538","[M+H]+","","2","3466;3467","143.05927",656.5432,1350.8801,209.34213,25665.127,23880.803,24273.68,151.41855,289.9499,126.18251,""
3468,473.106424915294,1.510476,"","","","83","540","[M+K]+","","3","3472;3468;3471","434.14275",0,0,0,227.38791,70.52033,492.28455,0,0,0,""
3471,452.177049859438,1.5166057,"","","","83","540","[M+NH4]+","","3","3468;3472;3471","434.14275",0,0,0,4031.7563,4327.8022,4281.8354,0,0,0,""
3472,457.130984166398,1.5167446,"","","","83","540","[M+Na]+","","3","3468;3472;3471","434.14275",0,0,0,1678.8286,1850.4143,1673,0,0,0,""
3482,158.081692486721,1.5342793,"","","","82","543","[M+H]+","","2","3498;3482","157.07466",161.01846,105.18057,194.46555,39048.6,39308.277,37548.336,220.55554,182.28905,206.49263,""
3489,441.173929779087,1.5395113,"","","","82","541","[M+Na]+","","2","3489;3488","418.18472",0,0,0,1376.7665,2523.4878,2011.042,0,0,0,""
3488,436.218560274316,1.5395169,"","","","82","541","[M+NH4]+","","2","3489;3488","418.18472",0,0,0,2785.9355,2733.473,2132.6558,0,0,0,""
3490,394.17150598077,1.5436106,"","","","82","542","[M+NH4]+","","4","3491;3492;3490;3495","376.1374",0,0,0,5930.013,6455.9624,6515.0225,0,0,0,""
3491,399.126826214866,1.5436106,"","","","82","542","[M+Na]+","","4","3491;3490;3492;3495","376.1374",0,0,0,4942.1655,4947.196,5578.4116,0,0,0,""
3492,415.100697653758,1.5436411,"","","","82","542","[M+K]+","","4","3491;3490;3492;3495","376.1374",0,0,0,1194.4136,1375.7484,1160.7627,0,0,0,""
3495,359.133465059622,1.5452976,"","","","82","542","[M+H-H2O]+","","4","3491;3490;3492;3495","376.1374",0,0,0,824.66003,895.0803,807.8103,0,0,0,""
3486,204.160054810681,1.5540689,"","","","82","","","","","","",82.42458,39.7234,64.60974,9468.008,9809.658,8886.9,36.28047,41.42444,48.23834,""
3498,180.064119537978,1.5735424,"","","","82","543","[M+Na]+","","2","3498;3482","157.07466",0,25.233908,0,4166.0522,4509.5225,4006.03,31.603987,21.555264,20.257322,""
3526,282.155268703385,1.5777217,"","","","83","545","[M+NH4]+","","2","3531;3526","264.12143",0,0,0,2524.601,2423.0754,2276.487,0,0,0,""
3531,287.110638318882,1.5794448,"","","","83","545","[M+Na]+","","2","3531;3526","264.12143",0,0,0,7894.4487,7863.485,6939.3706,0,0,0,""
3533,443.116718207247,1.5794517,"","","","83","546","[M+Na]+","","3","3541;3533;3542","420.12722",0,0,0,3900.253,3757.3936,3504.0542,0,0,0,""
3542,459.090397205748,1.579471,"","","","83","546","[M+K]+","","2","3533;3542","420.12722",0,0,0,352.34668,86.92616,233.2807,0,0,0,""
3541,421.134187109265,1.58564,"","","","83","546","[M+H]+","","2","3541;3533","420.12722",0,0,0,1819.5256,2068.9622,1750.0013,0,0,0,""
3567,242.100678073989,1.5954672,"","","","86","548","[M+Na]+","","2","3580;3567","219.11142",32.97974,0,0,3220.143,3513.5994,3310.9966,0,0,0,""
3588,369.058663671463,1.6102363,"","","","86","549","[M+K]+","","2","3588;3591","330.09556",0,0,0,309.417,265.19153,367.2432,0,0,0,""
3585,305.100017646775,1.6122712,"","","","86","550","[M+K]+","","2","3585;3593","266.13699",0,0,0,1216.5137,1523.6438,1259.0576,0,0,0,""
3591,348.129447784334,1.6143113,"","","","86","549","[M+NH4]+","","3","3588;3591;3592","330.09556",0,0,0,2862.2268,3111.2405,3048.6155,0,0,0,""
3592,353.084780479638,1.6143113,"","","","86","549","[M+Na]+","","2","3591;3592","330.09556",0,0,0,4228.6523,4018.029,3599.5796,0,0,0,""
3593,289.126343455185,1.6143489,"","","","86","550","[M+Na]+","","2","3585;3593","266.13699",0,0,0,5677.415,5878.459,5476.8545,0,0,0,""
3580,220.118650127908,1.6154279,"","","","86","548","[M+H]+","","2","3580;3567","219.11142",47.36778,64.3683,61.35148,15794.692,16028.127,14859.788,33.154594,68.70681,64.365074,""
3599,206.045141351303,1.6184143,"","","","86","553","[M+H]+","","2","3600;3599","205.03783",0,0,0,18052.883,20103.787,18355.064,0,0,0,""
3600,228.027004660574,1.6184143,"","","","86","553","[M+Na]+","","2","3600;3599","205.03783",0,0,0,1130.5066,1497.4214,1186.9031,0,0,0,""
3605,372.187143990532,1.6204642,"","","","86","556","[M+NH4]+","","2","3606;3605","354.15301",0,0,0,3270.5837,3230.1238,3158.4055,0,0,0,""
3620,287.079523234811,1.6323175,"","","","88","555","[M+K]+","","3","3620;3627;3624","248.11637",0,0,0,758.38306,702.776,866.41345,0,0,0,""
3614,234.112642133831,1.6323342,"","","","88","557","[M+H]+","","2","3614;3621","233.10566",0,0,0,692.3036,408.00897,671.4626,0,0,0,""
3622,273.121350381697,1.6326962,"","","","88","558","[M+Na]+","","2","3622;3621","250.13232",0,0,0,3365.096,3469.0571,3144.9602,0,0,0,""
3624,271.105531106866,1.6347328,"","","","88","555","[M+Na]+","","3","3620;3627;3624","248.11637",0,0,0,1418.2545,1381.255,1288.7374,0,0,0,""
3627,249.123721643036,1.6364044,"","","","88","555","[M+H]+","","3","3620;3627;3624","248.11637",0,0,0,10590.167,10003.125,9828.566,0,0,0,""
3632,355.102121226545,1.6384225,"","","","93","559","[M+H-H2O]+","","2","3653;3632","372.1059",0,0,0,1480.4026,1730.2671,1553.8079,0,0,0,""
3621,251.139783201241,1.6402826,"","","","88","558","[M+H]+","","2","3622;3621","250.13232",0,0,0,90367.86,93801.02,90290.24,0,0,24.995869,""
3606,377.141908104715,1.6497636,"","","","86","556","[M+Na]+","","2","3606;3605","354.15301",0,0,0,820.51056,598.5842,470.99374,0,0,0,""
3653,390.140219465805,1.6526891,"","","","93","559","[M+NH4]+","","2","3653;3632","372.1059",0,0,0,2762.3328,3286.8323,3067.3647,0,0,0,""
3657,335.145194525143,1.6546737,"","","","93","563","[M+NH4]+","","2","3657;3667","317.1114",0,0,0,2572.939,2705.5544,2422.0417,0,0,0,""
3660,388.124281241281,1.6547127,"","","","93","561","[M+NH4]+","","3","3660;3652;3661","370.09019",0,0,0,7012.176,7492.0337,6898.0713,0,0,0,""
3652,371.096945307602,1.6547337,"","","","93","561","[M+H]+","","3","3660;3661;3652","370.09019",0,0,0,247.35928,657.9464,592.7452,0,0,0,""
3661,393.079665112934,1.6547337,"","","","93","561","[M+Na]+","","3","3660;3652;3661","370.09019",0,0,0,1046.5643,926.31476,899.0981,0,0,0,""
3662,441.174446464002,1.6547337,"","","","93","562","[M+Na]+","","2","3662;3666","418.18492",0,0,0,1696.2012,1820.4448,1199.8416,0,0,0,""
3666,436.218425540925,1.6567574,"","","","93","562","[M+NH4]+","","2","3662;3666","418.18492",0,0,0,1937.739,2418.1965,1812.3857,0,0,0,""
3667,340.100636615544,1.658742,"","","","93","563","[M+Na]+","","2","3657;3667","317.1114",0,0,0,1545.6432,1507.4045,1201.3134,0,0,0,""
3679,305.123470431741,1.6648921,"","","","97","564","[M+H]+","","2","3682;3679","304.11621",0,0,0,957.1037,925.28864,365.1787,0,0,0,""
3682,327.105436193281,1.6690044,"","","","97","564","[M+Na]+","","2","3682;3679","304.11621",0,0,0,1539.8589,1613.9065,1150.3264,0,0,0,""
3699,358.128302980992,1.6701319,"","","","97","565","[M+K]+","","3","3698;3613;3699","319.16416",21.981606,0,0,1419.5117,1375.9681,1353.6284,0,0,0,""
3698,320.170899900922,1.6793733,"","","","97","565","[M+H]+","","3","3698;3613;3699","319.16416",0,0,0,17125.662,16767.324,15505.379,0,0,0,""
3613,342.152924311627,1.6820412,"","","","97","565","[M+Na]+","","3","3698;3699;3613","319.16416",0,0,0,6055.6694,5997.053,4440.569,0,0,0,""
3705,317.10033937522,1.6868134,"","","","97","566","[M+K]+","","2","3707;3705","278.13707",0,0,0,1795.1475,2218.5283,2223.5615,0,0,0,""
3707,301.126184521209,1.6888496,"","","","97","566","[M+Na]+","","2","3707;3705","278.13707",0,0,0,6052.403,6121.159,5783.714,0,0,0,""
3726,299.053225904457,1.7059721,"","","","91","569","[M+K]+","","2","3726;3723","260.09012",0,0,0,362.57578,467.4093,358.14355,0,0,0,""
3723,283.079441454121,1.7059907,"","","","91","569","[M+Na]+","","3","3728;3726;3723","260.09012",0,0,0,845.01025,831.98663,659.3524,0,0,0,""
3724,372.187161739753,1.7059907,"","","","91","568","[M+NH4]+","","2","3725;3724","354.1532",0,0,0,3180.0347,3161.4158,2966.5154,0,0,0,""
3725,377.142275233256,1.7059907,"","","","91","568","[M+Na]+","","2","3725;3724","354.1532",0,0,0,825.4991,844.11786,673.68713,0,0,0,""
3728,278.12389267505,1.7101129,"","","","91","569","[M+NH4]+","","2","3728;3723","260.09012",0,0,0,381.6258,209.23576,344.2734,0,0,0,""
3764,284.1706220142,1.7154851,"","","","84","572","[M+NH4]+","","2","3764;3770","266.13705",0,0,0,803.82916,828.6616,483.62878,0,0,0,""
3744,338.181337753826,1.728744,"","","","99","570","[M+NH4]+","","2","3752;3744","320.14763",0,0,0,180.1387,360.57437,510.32236,0,0,0,""
3755,353.064182733124,1.7328614,"","","","99","571","[M+K]+","","3","3759;3755;3758","314.10074",0,0,0,685.8955,756.31116,663.4371,0,0,0,""
3752,359.110910576409,1.7346282,"","","","99","570","[M+K]+","","2","3752;3744","320.14763",0,0,0,619.059,792.30945,640.4585,0,0,0,""
3758,337.0897917018,1.7349739,"","","","99","571","[M+Na]+","","3","3755;3759;3758","314.10074",0,0,0,3381.2307,3819.4055,3231.4949,0,0,0,""
3759,332.134442086302,1.7367407,"","","","99","571","[M+NH4]+","","3","3755;3759;3758","314.10074",0,0,0,14842.365,16487.992,15135.985,0,0,0,""
3767,289.126406620291,1.7443018,"","","","84","572","[M+Na]+","","3","3768;3767;3770","266.13705",0,0,0,3973.4724,3976.375,3575.1199,0,0,0,""
3768,305.100112920435,1.7443018,"","","","84","572","[M+K]+","","2","3768;3767","266.13705",0,0,0,835.8323,882.4291,509.77905,0,0,0,""
3770,267.144533904617,1.7463158,"","","","84","572","[M+H]+","","2","3764;3767","266.13705",0,0,0,850.01074,779.9699,927.00305,0,0,0,""
3793,261.07712210455,1.7570108,"","","","95","575","[M+Na]+","","2","3793;3778","238.08633",0,0,0,852.7618,1046.3263,1013.92566,0,0,0,""
3778,239.092040555742,1.7612299,"","","","95","575","[M+H]+","","2","3793;3778","238.08633",86.42226,41.94203,33.524963,8919.68,9682.384,8867.626,130.60301,41.302704,45.940624,""
3839,342.155080181676,1.7888683,"","","","108","580","[M+H]+","","3","3839;3845;3848","341.14791",0,0,0,2686.35,2963.7034,2547.814,0,0,0,""
3919,115.052064172891,1.7934341,"","","","108","583","[M+H]+","","2","3919;3921","114.04473",122.04845,99.66334,227.04799,3749.0537,3724.6719,3583.2444,178.04062,233.07579,99.52002,""
3845,380.111130570128,1.7949649,"","","","108","580","[M+K]+","","3","3839;3845;3848","341.14791",0,0,0,7063.4375,6616.802,5798.9707,0,0,0,""
3848,364.13715723495,1.7990066,"","","","108","580","[M+Na]+","","3","3839;3845;3848","341.14791",0,0,0,12448.015,12649.057,11168.639,0,0,0,""
3925,205.119516456193,1.8020554,"","","","108","586","[M+Na]+","","2","3925;3911","182.12756",35.86518,0,25.811909,6726.274,8023.6953,6579.8926,0,34.223488,0,""
3855,413.085065108311,1.8090857,"","","","108","585","[M+K]+","","2","3859;3855","374.1219",0,0,0,2987.299,2824.25,2485.8074,0,0,0,""
3885,205.112356040757,1.809625,"","","","108","586","[M+Na]+","","2","3885;3911","182.12756",0,0,40.025032,6739.5347,5643.7305,6585.645,41.276867,0,26.581974,""
3920,118.065883205395,1.8110205,"","","","108","","","","","","",226.21283,443.36597,155.6792,33051.914,34425.875,32495.545,162.1294,278.22278,203.30045,""
3859,397.111105732861,1.8111044,"","","","108","585","[M+Na]+","","2","3859;3855","374.1219",0,0,0,9726.316,10593.051,9845.365,0,0,0,""
3867,249.061253820142,1.8151301,"","","","108","599","[M-H+2Na]+","","2","3867;4015","204.09016",0,0,0,23779.21,28061.027,24500.146,0,0,0,""
3936,142.063140903962,1.816249,"","","","108","589","[M+H]+","","2","3906;3936","141.05697",35.757675,24.253704,0,3210.7427,3183.4534,3125.073,24.540522,21.561054,22.843824,""
3877,237.087241002235,1.8171481,"","","","108","587","[M+H]+","","2","3877;3879","236.08007",0,0,0,12731.664,12753.395,13543.796,0,0,0,""
3879,259.06949278538,1.8171481,"","","","108","587","[M+Na]+","","3","3889;3877;3879","236.08007",0,0,0,1247.8217,1434.2823,840.08514,0,0,0,""
3889,219.076680676629,1.819119,"","","","108","587","[M+H-H2O]+","","2","3889;3879","236.08007",0,0,0,889.30835,1309.1428,1136.4368,0,0,0,""
3891,289.049821166203,1.8191181,"","","","108","591","[2M+H]+","","2","3928;3891","144.02115",0,0,0,16695.3,19321.018,18334.63,0,0,0,""
3892,311.031596938313,1.8191181,"","","","108","591","[2M+Na]+","","2","3928;3892","144.02115",0,0,0,4113.577,4590.9697,4437.0327,0,0,0,""
3921,132.078485316499,1.8196555,"","","","108","583","[M+NH4]+","","2","3919;3921","114.04473",450.2392,361.36255,122.58645,23149.672,24709.014,21844.893,365.4237,269.88007,189.7174,""
3901,300.043234876943,1.821094,"","","","108","592","[M+H]+","","2","3901;3903","299.03592",0,0,0,1579.6885,1938.459,1800.407,0,0,0,""
3903,344.00704886008,1.821094,"","","","108","592","[M-H+2Na]+","","2","3901;3903","299.03592",0,0,0,3081.2063,3650.6118,3591.7913,0,0,0,""
3906,159.091907629544,1.8211308,"","","","108","589","[M+NH4]+","","2","3906;3936","141.05697",0,0,0,41725.812,44327.1,41608.51,0,0,0,""
3911,221.092410403272,1.8211364,"","","","108","586","[M+K]+","","3","3925;3885;3911","182.12756",0,0,0,4066.0508,3960.4985,3880.037,0,0,0,""
3880,304.014068621968,1.821137,"","","","108","593","[M+H-H2O]+","","2","3880;3903","321.01759",0,0,0,1592.932,2184.5168,325.57538,0,0,0,""
3928,162.054801581933,1.822478,"","","","108","591","[M+NH4]+","","3","3891;3928;3892","144.02115",0,0,0,432.59686,1872.0077,1111.6735,0,25.459839,0,""
3927,431.168886688561,1.8231064,"","","","108","599","[2M+Na]+","","3","3927;4015;3939","204.09016",0,0,0,1207.457,1533.4197,1361.8154,0,0,0,""
3935,409.18740331193,1.8251247,"","","","108","599","[2M+H]+","","3","3935;3939;3910","204.09016",0,0,0,16362.914,18994.03,14684.211,0,0,0,""
3939,243.053343706865,1.8271433,"","","","108","599","[M+K]+","","5","3927;4015;3935;3939;3910","204.09016",0,0,0,60486.1,61349.04,53757.316,0,0,0,""
3942,389.132680954903,1.8271433,"","","","108","602","[M+Na]+","","2","3956;3942","366.14334",0,0,0,4856.097,5219.803,5656.967,0,0,0,""
3945,301.126102394868,1.8291129,"","","","108","600","[M+Na]+","","2","3948;3945","278.13689",0,0,0,8528.769,7640.2163,6939.9688,0,0,0,""
3946,329.120954191954,1.8291191,"","","","108","601","[M+Na]+","","2","3946;3951","306.13182",0,0,0,4232.792,3639.861,3826.899,0,0,0,""
3952,581.174552843915,1.8310885,"","","","108","603","[M+Na]+","","2","3957;3952","558.18573",0,0,0,762.02795,1090.677,870.4292,0,0,0,""
3948,317.100060835729,1.8311425,"","","","108","600","[M+K]+","","2","3945;3948","278.13689",0,0,0,2876.2927,2405.7917,2615.053,0,0,0,""
3910,227.079424805019,1.832607,"","","","108","599","[M+Na]+","","4","4015;3935;3939;3910","204.09016",0,32.352142,27.39822,150236.12,168651.17,154419.97,0,0,0,""
3954,259.058117381306,1.8331074,"","","","108","615","[M+K]+","","2","3954;3978","220.09522",0,0,0,1390.7845,863.95245,1425.7786,0,0,0,""
3951,345.095068293613,1.8331066,"","","","108","601","[M+K]+","","2","3946;3951","306.13182",0,0,0,1716.0469,1914.7516,2408.232,0,0,0,""
3955,369.081864546345,1.8350768,"","","","108","606","[M+H]+","","2","3993;4021","368.07491",0,0,0,3760.283,3087.0242,4197.0273,0,0,0,""
3956,367.150498720445,1.8350878,"","","","108","602","[M+H]+","","2","3956;3942","366.14334",0,0,0,35935.84,39733.074,39082.31,0,0,0,""
3957,559.193408718133,1.8350878,"","","","108","603","[M+H]+","","2","3952;3957","558.18573",0,0,0,9835.592,11537.773,10380.014,0,0,0,""
3959,303.14175943341,1.8351191,"","","","108","597","[2M+K]+","","2","3959;3967","132.08977",0,0,0,4031.0486,4017.272,3430.255,0,0,0,""
3968,335.075375042316,1.8371059,"","","","108","609","[M+Na]+","","2","3968;4014","312.0856",0,0,0,1493.0087,2860.8948,2530.7205,0,0,0,""
3963,404.119134299955,1.8371004,"","","","108","604","[M+NH4]+","","2","3955;3963","386.08523",0,0,0,3116.323,4083.396,3638.6387,0,0,0,""
3964,305.099974064668,1.8371545,"","","","108","607","[M+K]+","","2","3944;3964","266.13681",0,0,0,2426.7012,2684.6687,2318.6228,0,0,0,""
3973,372.130403726368,1.8391185,"","","","108","608","[M+NH4]+","","6","3988;3990;3985;3973;3994;4001","354.09576",0,0,0,6934.098,7306.814,6722.568,0,0,0,""
3974,454.019574562352,1.8391241,"","","","108","610","[M+H]+","","2","3974;4010","453.01228",0,0,0,3052.257,4156.6343,3943.5254,0,0,0,""
3905,146.060421014119,1.8406173,"","","","108","","","","","","",84.95182,180.63765,129.47849,72095.92,76232.99,69887.42,152.66681,125.52889,191.29541,""
3985,355.102664259725,1.841142,"","","","108","608","[M+H]+","","6","3988;3990;3985;3973;3994;4001","354.09576",0,0,0,318493.6,372903.34,350113.22,0,0,0,""
3986,370.113653726722,1.841142,"","","","108","612","[M+NH4]+","","5","4020;3987;3989;4147;3986","352.07972",0,0,0,61973.812,72999.75,69609.44,0,0,0,""
3987,375.069051564862,1.841142,"","","","108","612","[M+Na]+","","4","3987;3989;4147;3986","352.07972",0,0,0,31571.102,37225.668,35231.902,0,0,0,""
3988,377.08474180483,1.841142,"","","","108","608","[M+Na]+","","4","3990;3985;3988;3973","354.09576",0,0,0,116703.04,138922.1,128136.15,0,0,0,""
3989,391.042766272861,1.841142,"","","","108","612","[M+K]+","","4","3987;3989;4147;3986","352.07972",0,0,0,9601.185,10327.615,10111.039,0,0,0,""
3990,393.058735228143,1.841142,"","","","108","608","[M+K]+","","6","3988;3985;3990;3973;3994;4001","354.09576",0,0,0,15727.707,17823.582,16463.979,0,0,0,""
3993,386.108543478261,1.8411531,"","","","108","606","[M+NH4]+","","3","3993;3955;4021","368.07491",0,0,0,5108.97,5377.9204,6328.74,0,0,0,""
3994,731.180765489843,1.841142,"","","","108","608","[2M+Na]+","","4","3990;3985;3973;3994","354.09576",0,0,0,3118.375,4763.8354,3641.1292,0,0,0,""
3944,289.126029522431,1.843087,"","","","108","607","[M+Na]+","","2","3944;3964","266.13681",34.27023,0,0,7214.4385,6607.956,6054.719,0,0,0,""
4147,353.087052166238,1.8431658,"","","","108","612","[M+H]+","","5","4020;3987;3989;4147;3986","352.07972",0,0,0,24825.287,26836.932,27115.275,0,0,0,""
4001,399.066881388098,1.8431658,"","","","108","608","[M-H+2Na]+","","4","3990;3985;3973;4001","354.09576",0,0,0,11307.376,13921.694,12906.554,0,0,0,""
4004,729.165320644538,1.8431658,"","","","108","616","[M+H]+","","2","3962;4004","728.15735",0,0,0,2714.8552,3324.6133,3064.626,0,0,0,""
4021,391.064635988352,1.843758,"","","","108","606","[M+Na]+","","3","3993;3955;4021","368.07491",0,0,0,2562.9434,3069.354,2708.0034,0,0,0,""
3962,751.145867062905,1.8437594,"","","","108","616","[M+Na]+","","2","3962;4004","728.15735",0,0,0,686.45135,1144.159,728.6988,0,0,0,""
3983,163.039368726899,1.8442923,"","","","108","","","","","","",0,0,0,420315.16,485624.94,465955.06,20.054955,28.398613,0,""
4010,476.001481009768,1.8451892,"","","","108","610","[M+Na]+","","2","3974;4010","453.01228",0,0,0,1076.6462,1995.6913,2227.7908,0,0,0,""
4014,330.118858461789,1.8457829,"","","","108","609","[M+NH4]+","","2","3968;4014","312.0856",0,0,0,1647.8892,3045.8179,2057.8223,0,0,0,""
4020,397.050692668798,1.8478066,"","","","108","612","[M-H+2Na]+","","3","4020;4147;3986","352.07972",0,0,0,6327.5757,7405.0127,6470.313,0,0,0,""
4046,265.156125336504,1.8478973,"","","","108","","","","","","",0,0,0,13644.812,13712.098,12976.469,0,30.726542,0,""
3904,144.08129358526,1.8525321,"","","","108","","","","","","",28.12594,0,26.713451,39332.46,40122.438,38405.46,25.41307,33.879414,28.578405,""
4033,417.175586300153,1.8530498,"","","","108","622","[M+H]+","","2","4034;4033","416.16859",0,0,0,2581.627,2217.3232,2134.3064,0,0,0,""
4034,439.158089008577,1.8530498,"","","","108","622","[M+Na]+","","2","4034;4033","416.16859",0,0,0,2318.0088,2314.5938,1611.7628,0,0,0,""
3978,243.084700174407,1.8537856,"","","","108","615","[M+Na]+","","2","3954;3978","220.09522",679.5115,321.93893,171.96396,5299.0317,6396.0303,5080.5776,498.4828,1058.6101,129.15483,""
3930,205.083529211863,1.8539685,"","","","108","624","[M+NH4]+","","2","3930;3933","187.04863",82.72669,34.885796,72.88668,6782.308,4804.187,6154.0767,117.003845,64.187515,65.25795,""
3933,188.054835159342,1.8558944,"","","","108","624","[M+H]+","","1","3930","187.04863",0,0,29.08321,8543.092,8302.221,8135.161,29.388306,0,0,""
4015,205.097855879661,1.8572038,"","","","108","599","[M+H]+","","5","3867;3927;4015;3939;3910","204.09016",828.2506,720.8988,168.41998,1069181.2,1143232.8,1014545.06,133.97203,504.932,252.72237,""
4051,431.095610498268,1.8578197,"","","","108","626","[M+K]+","","3","4051;4104;4091","392.13236",0,0,0,971.8153,696.0338,833.03937,0,0,0,""
4029,188.070989213567,1.8681338,"","","","108","","","","","","",144.6176,256.30005,1033.6606,1352512,1429850.6,1320921.6,808.88837,374.71738,283.8168,""
4088,385.186219940525,1.891138,"","","","108","628","[M+H-H2O]+","","4","4097;4096;4105;4088","402.18965",0,0,0,5248.663,5843.58,4820.819,0,0,0,""
4091,415.121455158913,1.8911489,"","","","108","626","[M+Na]+","","3","4051;4104;4091","392.13236",0,0,0,1151.9347,1315.148,1175.6449,0,0,0,""
4096,441.153008193833,1.8931726,"","","","108","628","[M+K]+","","5","4097;4103;4096;4088;4105","402.18965",0,0,0,11298.583,11437.164,10390.814,0,0,0,""
4097,425.17877445095,1.8931746,"","","","108","628","[M+Na]+","","5","4097;4103;4096;4088;4105","402.18965",0,0,0,27697.299,28381.873,25221.11,0,0,0,""
4103,403.196947602127,1.8952093,"","","","108","628","[M+H]+","","4","4097;4103;4096;4105","402.18965",0,0,0,4821.0503,5218.7505,4580.189,0,0,0,""
4104,410.166212499021,1.8952093,"","","","108","626","[M+NH4]+","","3","4051;4104;4091","392.13236",0,0,0,4857.1997,5859.6533,5479.7183,0,0,0,""
4105,420.22349984497,1.8952093,"","","","108","628","[M+NH4]+","","5","4097;4103;4096;4088;4105","402.18965",0,0,0,21051.648,22280,20936.852,0,0,0,""
4114,367.100469653559,1.9032856,"","","","108","629","[M+Na]+","","2","4114;4115","344.11139",0,0,0,6123.5684,6612.3936,5779.0205,0,0,0,""
4115,383.074685496925,1.9032856,"","","","108","629","[M+K]+","","2","4114;4115","344.11139",0,0,0,1732.2534,1724.4961,1454.7185,0,0,0,""
4102,223.133231104214,1.9089205,"","","","108","","","","","","",248.90929,408.7489,212.77457,18104.568,18381.867,17368.244,380.9167,171.41257,160.45183,""
4163,214.107166472971,1.9200826,"","","","114","632","[M+H]+","","2","4176;4163","213.10048",56.440815,50.83351,55.16935,1866.1515,1950.2598,2827.9087,54.61802,56.9621,54.945152,""
4195,234.097689340625,1.9410032,"","","","114","637","[M+H]+","","2","4195;4196","233.09034",0,0,33.924805,6206.2812,6044.763,6115.0693,0,0,0,""
4216,158.081680118671,1.9419253,"","","","114","636","[M+H]+","","2","4214;4216","157.07491",97.306625,378.04236,318.38022,10909.864,8936.707,7964.058,87.775986,279.01035,131.10965,""
4214,180.064635511458,1.9487917,"","","","114","636","[M+Na]+","","2","4214;4216","157.07491",28.724392,0,0,366.19717,442.92975,328.381,0,0,0,""
4180,236.053256823855,1.9518129,"","","","114","639","[M+Na]+","","2","4173;4180","213.06369",0,0,0,807.102,827.5659,809.6988,0,0,0,""
4182,368.132246585737,1.9518129,"","","","114","638","[M+Na]+","","2","4182;4188","345.14297",0,0,0,699.8715,935.1883,626.8567,0,0,0,""
4188,328.13963057297,1.9538817,"","","","114","638","[M+H-H2O]+","","2","4182;4188","345.14297",0,0,0,2181.7224,2302.7476,2154.1687,0,0,0,""
4173,214.070624533272,1.9554081,"","","","114","639","[M+H]+","","2","4173;4180","213.06369",0,0,25.952648,271.22778,613.0519,456.4788,0,31.018484,0,""
4196,256.079486848069,1.9559692,"","","","114","637","[M+Na]+","","2","4195;4196","233.09034",0,0,0,901.3315,1050.8667,977.00775,0,0,0,""
4304,429.210906728909,1.9580199,"","","","114","640","[M+Na]+","","2","4199;4304","406.22116",0,0,0,2991.0437,4321.917,3564.4937,0,0,0,""
4199,445.183790764512,1.9580199,"","","","114","640","[M+K]+","","2","4199;4304","406.22116",0,0,0,900.6444,701.87036,826.0612,0,0,0,""
4176,236.090292493927,1.9640595,"","","","114","632","[M+Na]+","","2","4176;4163","213.10048",23.737396,0,0,325.03882,77.58017,348.02975,0,0,0,""
4208,315.14178176768,1.9642318,"","","","114","641","[M+Na]+","","2","4209;4208","292.15289",0,0,0,1355.3116,1540.2329,1366.6781,0,0,0,""
4209,331.116367688666,1.9642318,"","","","114","641","[M+K]+","","2","4209;4208","292.15289",0,0,0,544.60504,466.92432,489.07523,0,0,0,""
4262,449.192768737576,1.9696747,"","","","121","648","[M+Na]+","","2","4283;4262","426.20225",0,0,0,382.00195,478.523,84.13757,0,0,0,""
4226,529.132870023339,1.9700857,"","","","114","643","[M+K]+","","3","4371;4226;4368","490.16969",0,0,0,313.00446,338.2958,419.38705,0,0,0,""
4149,186.149343126881,1.9701352,"","","","114","633","[M+H]+","","2","4149;4152","185.14319",27.968613,32.472973,24.020306,15352.125,15897.316,15689.974,71.51352,55.43483,0,""
4371,508.203503489809,1.9763197,"","","","114","643","[M+NH4]+","","3","4371;4226;4368","490.16969",0,0,0,3389.1528,3439.425,3519.2944,0,0,0,""
4368,513.158888895196,1.9783782,"","","","114","643","[M+Na]+","","3","4371;4226;4368","490.16969",0,0,0,2468.3179,2838.5574,2989.8218,0,0,0,""
4243,327.105389855684,1.9804379,"","","","115","644","[M+Na]+","","2","4244;4243","304.11637",0,0,0,1132.5625,1212.3129,1080.9375,0,0,0,""
4246,339.085942335722,1.9804505,"","","","115","646","[M+K]+","","2","4247;4246","300.12177",0,0,0,750.41583,634.809,495.0839,0,0,0,""
4244,343.079729735095,1.9804505,"","","","115","644","[M+K]+","","2","4244;4243","304.11637",0,0,0,489.53198,495.37195,499.48297,0,0,0,""
4257,360.129897223653,1.9805083,"","","","115","645","[M+NH4]+","","3","4249;4257;4248","342.09566",0,33.07979,36.10013,527.6427,622.93195,619.2968,0,39.255302,0,""
4247,318.155232258837,1.9825073,"","","","115","646","[M+NH4]+","","3","4247;4256;4246","300.12177",0,0,0,3048.7046,3180.1885,2767.9998,0,0,0,""
4248,365.084725463287,1.9825073,"","","","115","645","[M+Na]+","","3","4249;4257;4248","342.09566",0,0,0,4467.772,4719.582,4632.32,0,0,0,""
4249,381.058548274384,1.9825101,"","","","115","645","[M+K]+","","3","4249;4257;4248","342.09566",0,0,0,677.7348,625.8617,678.57947,0,0,0,""
4256,323.110348888322,1.984567,"","","","115","646","[M+Na]+","","2","4247;4256","300.12177",0,0,0,1554.8215,1534.0178,1262.7603,0,0,0,""
4254,511.085865531038,1.984567,"","","","115","647","[M+K]+","","2","4254;4259","472.12254",0,0,0,576.6616,567.91034,428.18585,0,0,0,""
4259,495.111761516788,1.9866982,"","","","115","647","[M+Na]+","","3","4254;4260;4259","472.12254",0,0,0,2590.7075,2793.6487,2523.6086,0,0,0,""
4260,473.129655844316,1.9908663,"","","","115","647","[M+H]+","","2","4260;4259","472.12254",0,0,0,540.53705,484.29587,454.9642,0,0,0,""
4306,213.074760023384,1.9941279,"","","","121","650","[M+H-H2O]+","","3","4318;4320;4306","230.07898",161.81433,109.628204,41.43193,2403.6138,2642.4348,2230.7415,186.94452,94.24525,206.13423,""
4277,340.080093561709,2.0012023,"","","","121","649","[M+K]+","","2","4278;4277","301.11683",0,0,0,294.75735,357.18756,193.39037,0,0,0,""
4278,302.124159415369,2.0032983,"","","","121","649","[M+H]+","","3","4277;4278;4279","301.11683",0,0,0,2944.088,2941.4756,2827.7427,0,0,0,""
4279,324.105888369189,2.0032983,"","","","121","649","[M+Na]+","","2","4278;4279","301.11683",0,0,0,1642.5613,1838.544,1571.9266,0,0,0,""
4283,427.208217357483,2.005945,"","","","121","648","[M+H]+","","2","4283;4262","426.20225",0,0,0,929.824,1043.6704,493.88293,0,0,0,""
4299,181.085865838117,2.0060053,"","","","121","","","","","","",1075.8224,222.37985,524.4423,21887.354,23043.555,20726.213,488.50467,173.25961,124.05392,""
4296,378.176515367364,2.0121102,"","","","121","651","[M+NH4]+","","3","4296;4300;4301","360.14268",0,0,0,19962.047,20788.574,19401.459,0,0,0,""
4300,383.131833008001,2.0147574,"","","","121","651","[M+Na]+","","3","4296;4300;4301","360.14268",0,0,0,23767.758,23772.336,21583.213,0,0,0,""
4301,399.105883613431,2.0147574,"","","","121","651","[M+K]+","","3","4296;4300;4301","360.14268",0,0,0,10199.01,10678.7,10307.772,0,0,0,""
4315,486.158743937026,2.0215375,"","","","121","653","[M+Na]+","","2","4319;4315","463.16977",0,0,0,624.7532,631.2189,648.8852,0,0,0,""
4314,499.121503738456,2.0215375,"","","","121","654","[M+K]+","","3","4318;4320;4314","460.15871",0,0,0,674.89075,821.5719,686.7524,0,0,0,""
4317,339.107873198643,2.023562,"","","","121","","","","","","",0,0,0,15751.993,18313.693,19304.42,0,0,0,""
4318,478.192757874494,2.023562,"","","","121","654","[M+NH4]+","","3","4318;4320;4314","460.15871",0,0,0,3181.6597,3557.0989,3757.6443,0,0,0,""
4319,481.203830117805,2.023562,"","","","121","653","[M+NH4]+","","2","4319;4315","463.16977",0,0,0,2874.058,3217.4258,3089.076,0,0,0,""
4320,483.148074368004,2.023562,"","","","121","654","[M+Na]+","","3","4318;4320;4314","460.15871",0,0,0,3418.5972,4273.691,3920.4834,0,0,0,""
4323,568.225469893671,2.025601,"","","","121","656","[M+NH4]+","","2","4323;4328","550.19178",0,0,0,2926.587,3130.052,2651.9006,0,0,0,""
4328,573.181132130501,2.0256011,"","","","121","656","[M+Na]+","","2","4323;4328","550.19178",0,0,0,307.23416,422.6052,346.08786,0,0,0,""
4329,307.069485401282,2.027653,"","","","121","659","[M+K]+","","3","4329;4334;4331","268.10631",0,0,0,504.50443,464.7981,946.996,0,0,0,""
4327,572.235756026581,2.0291574,"","","","121","657","[M+NH4]+","","2","4336;4327","554.20184",0,0,0,5123.1406,5223.5723,4668.7534,0,0,0,""
4331,291.095835663534,2.0297108,"","","","121","659","[M+Na]+","","3","4329;4334;4331","268.10631",0,0,0,1123.4508,1395.8661,1759.8209,0,0,0,""
4336,577.1909738963,2.0332372,"","","","121","657","[M+Na]+","","2","4336;4327","554.20184",0,0,0,2394.9785,2540.5605,1854.3977,0,0,0,""
4339,348.202197103161,2.035847,"","","","121","660","[M+H]+","","2","4339;4341","347.19498",0,0,0,3063.664,3631.919,5122.928,0,0,0,""
4341,370.184266580233,2.0358803,"","","","121","660","[M+Na]+","","2","4339;4341","347.19498",0,0,0,290.85605,314.93915,424.28574,0,0,0,""
4326,212.091068338186,2.0439506,"","","","121","662","[M+NH4]+","","2","4348;4326","194.05777",53.60511,0,0,449.91083,144.2311,187.76173,0,0,0,""
4350,287.137006942736,2.0461664,"","","","121","663","[M+Na]+","","3","4350;4349;4354","264.14772",0,0,0,7666.4546,6982.1577,7606.309,0,0,0,""
4354,303.110902101165,2.048217,"","","","121","663","[M+K]+","","3","4350;4349;4354","264.14772",0,0,0,2434.1848,2506.2095,2418.521,0,0,0,""
4334,251.102696287535,2.0487418,"","","","121","659","[M+H-H2O]+","","3","4329;4334;4331","268.10631",26.758148,0,0,868.6871,922.95044,1278.5212,0,34.5423,0,""
4377,309.097097217992,2.0564804,"","","","124","665","[M+H-H2O]+","","2","4391;4377","326.10046",0,0,0,982.0572,890.4371,731.942,0,0,0,""
4379,374.145402625856,2.0580106,"","","","121","671","[M+NH4]+","","2","4438;4379","356.11136",0,0,0,682.7587,322.54413,581.3699,0,0,0,""
4381,425.178838466663,2.0585387,"","","","124","664","[M+Na]+","","3","4381;4388;4387","402.18965",0,0,0,5032.1904,5333.9937,4818.8765,0,0,0,""
4387,403.196927536004,2.060597,"","","","124","664","[M+H]+","","3","4381;4388;4387","402.18965",0,0,0,3287.9775,3623.6719,4390.922,0,0,0,""
4388,441.152835087361,2.0606132,"","","","124","664","[M+K]+","","3","4381;4388;4387","402.18965",0,0,0,1098.9482,1322.4023,1228.249,0,0,0,""
4399,236.03233434787,2.0626714,"","","","124","669","[M+K]+","","3","4408;4407;4399","197.06913",0,0,0,583.03906,404.56146,230.57643,0,0,0,""
4400,553.210903683574,2.0626757,"","","","124","666","[M+Na]+","","2","4400;4404","530.2221",0,0,0,311.32782,392.4904,358.22147,0,0,0,""
4437,161.08156241981,2.062994,"","","","121","675","[M+Na]+","","2","4437;4439","138.09103",97.235756,22.736454,0,1640.9751,1593.6669,1223.5974,22.045938,21.461742,19.146671,""
4348,177.055014147517,2.0629992,"","","","121","662","[M+H-H2O]+","","2","4348;4326","194.05777",23.805159,25.180119,0,3273.018,3372.29,3446.9136,27.136082,24.328749,30.19806,""
4404,548.256344505045,2.0647242,"","","","124","666","[M+NH4]+","","2","4400;4404","530.2221",0,0,0,3758.9224,3852.9019,3257.5137,0,0,0,""
4408,220.058512592124,2.0667865,"","","","124","669","[M+Na]+","","3","4408;4407;4399","197.06913",0,0,0,3646.972,3765.2869,2851.607,0,0,0,""
4349,265.154892636828,2.0673501,"","","","121","663","[M+H]+","","3","4350;4349;4354","264.14772",123.46271,0,0,43262.61,43107.902,45593.527,0,0,0,""
4391,349.089742586367,2.0687122,"","","","124","665","[M+Na]+","","2","4391;4377","326.10046",0,0,25.13675,222.48102,263.72238,164.49408,0,0,0,""
4414,391.158158784313,2.068847,"","","","124","672","[M+Na]+","","2","4423;4414","368.16893",0,0,0,885.2461,910.18286,342.7254,0,0,0,""
4416,336.108161363806,2.0729706,"","","","124","674","[M+H]+","","1","4425","335.10132",0,0,0,685.8189,793.38745,740.00507,0,0,0,""
4423,386.202749225326,2.0750282,"","","","124","672","[M+NH4]+","","2","4414;4423","368.16893",0,0,0,4298.727,4623.607,4202.4375,0,0,0,""
4425,353.135577111886,2.075042,"","","","124","674","[M+NH4]+","","2","4416;4425","335.10132",0,0,0,3529.367,3736.42,2514.9827,0,0,0,""
4427,146.060487956377,2.0766585,"","","","124","","","","","","",1379.4993,1295.1058,550.7645,10829.391,10230.313,11942.736,571.5985,783.12286,1303.823,""
4407,198.076183998923,2.080694,"","","","124","669","[M+H]+","","3","4408;4399;4407","197.06913",0,0,27.422533,9142.408,8827.225,6922.3784,0,21.964233,23.413765,""
4438,379.100354165669,2.0853744,"","","","121","671","[M+Na]+","","2","4438;4379","356.11136",0,0,0,570.0983,751.81384,593.24457,0,0,0,""
4444,287.089809320132,2.0895212,"","","","121","677","[M+K]+","","2","4443;4444","248.12721",0,0,0,566.441,596.33215,483.9371,0,0,0,""
4434,310.18650651665,2.0897639,"","","","121","676","[M+NH4]+","","2","4434;4439","292.15303",0,0,0,83.74913,366.61096,295.83167,0,0,0,""
4439,315.142603559493,2.098749,"","","","121","676","[M+Na]+","","2","4434;4439","292.15303",0,0,0,1448.974,1770.6702,1380.7815,30.502754,0,0,""
4443,271.116996492936,2.1010072,"","","","121","677","[M+Na]+","","2","4443;4444","248.12721",136.06741,34.796535,33.350468,2092.0835,2143.3315,1723.8315,33.760582,67.71153,31.550877,""
4461,422.142859428159,2.1028032,"","","","111","679","[M+Na]+","","2","4464;4461","399.15372",0,0,0,2027.6464,1868.6174,1144.1963,0,0,0,""
4464,438.116955627814,2.1054623,"","","","111","679","[M+K]+","","2","4464;4461","399.15372",0,0,0,599.5131,584.0304,320.44846,0,0,0,""
4473,369.166994978002,2.1157868,"","","","124","680","[M+H]+","","2","4473;4478","368.15925",0,0,0,8377.866,8364.103,7943.1235,0,0,0,""
4474,590.246138468838,2.1157868,"","","","124","681","[M+NH4]+","","2","4474;4768","572.2123",0,0,0,555.26984,557.637,559.4985,0,0,0,""
4478,391.147992127142,2.1178465,"","","","124","680","[M+Na]+","","2","4473;4478","368.15925",0,0,0,749.9319,700.03217,516.0181,0,0,0,""
4481,455.225878474068,2.1198769,"","","","124","682","[M+Na]+","","2","4481;4488","432.23675",0,0,0,1998.7678,1752.5737,1909.468,0,0,0,""
4768,595.201509973061,2.1198645,"","","","124","681","[M+Na]+","","2","4474;4768","572.2123",0,0,0,1924.1963,1418.8325,1407.564,0,0,0,""
4498,295.129662967224,2.1217084,"","","","124","683","[M+H]+","","2","4498;4513","294.12236",0,0,0,12364.59,12265.784,11897.902,0,26.10167,0,""
4488,471.200002521653,2.1218948,"","","","124","682","[M+K]+","","2","4481;4488","432.23675",0,0,0,435.83267,397.24094,371.89847,0,0,0,""
4490,383.110752225374,2.1239297,"","","","124","684","[M+K]+","","2","4499;4490","344.14745",0,0,0,1249.359,1237.3679,1184.1254,0,0,0,""
4479,180.102061133149,2.1250458,"","","","124","687","[M+H]+","","2","4479;4516","179.0949",2167.1772,1078.8236,724.82513,16805.414,17719.117,17279.791,262.42227,93.27844,61.324047,""
4513,317.1115545446,2.125972,"","","","124","683","[M+Na]+","","2","4498;4513","294.12236",0,0,0,684.11505,654.71313,675.957,0,0,0,""
4499,367.13651713581,2.125972,"","","","124","684","[M+Na]+","","2","4499;4490","344.14745",0,0,0,2989.12,2853.2795,2907.928,0,0,0,""
4521,103.054414940341,2.12965,"","","","124","688","[M+H]+","","2","4521;4504","102.04733",119.32897,53.262585,26.170862,987.8461,990.68713,930.16,47.617493,25.320053,29.10233,""
4516,202.084228127379,2.1320858,"","","","124","687","[M+Na]+","","2","4479;4516","179.0949",0,0,0,1042.4204,1051.2905,1123.7609,0,0,0,""
4504,120.081334582868,2.1370485,"","","","124","688","[M+NH4]+","","2","4521;4504","102.04733",255.14626,717.081,607.7766,11074.703,13765.444,12198.934,275.67255,332.4069,206.95375,""
4542,339.107931529331,2.1422005,"","","","126","691","[M+H]+","","2","4542;4547","338.1007",0,0,0,12443.431,12870.609,12846.038,0,0,0,""
4547,361.08996914443,2.1442401,"","","","126","691","[M+Na]+","","2","4542;4547","338.1007",0,0,0,4077.6711,4908.6357,4446.2373,0,0,0,""
4655,879.150068425069,2.1456747,"","","","126","694","[M+Na]+","","2","4655;4652","856.16062",0,0,0,1621.4006,1735.3339,1514.4552,24.985218,0,0,""
4578,433.111547937675,2.158418,"","","","126","695","[M+K]+","","3","4584;4578;4585","394.1482",0,0,0,2132.8564,2439.6697,2212.079,0,0,0,""
4579,450.19780439115,2.158418,"","","","126","696","[M+NH4]+","","3","4579;4592;4593","432.16412",0,0,0,3879.0247,4466.879,3909.8918,0,0,0,""
4653,771.199624121212,2.1597927,"","","","126","700","[M+H]+","","4","4644;4675;4653;4647","770.19289",0,0,0,2397.9006,2408.8682,2203.3772,0,23.900562,0,""
4583,353.087175194462,2.1603873,"","","","126","708","[M+H]+","","4","4750;4612;4672;4583","352.0798",0,0,0,6675.448,7633.41,5964.868,0,0,0,""
4584,412.182043480144,2.1603873,"","","","126","695","[M+NH4]+","","3","4584;4578;4585","394.1482",0,0,0,2783.28,2608.5413,2827.7305,0,0,0,""
4585,417.13722019194,2.1604548,"","","","126","695","[M+Na]+","","3","4584;4578;4585","394.1482",0,0,0,12808.464,13413.573,13500.255,0,0,0,""
4590,386.202399290443,2.162424,"","","","126","697","[M+NH4]+","","3","4602;4608;4590","368.16872",0,0,0,6456.112,6611.464,5988.622,0,0,0,""
4592,455.153965501597,2.162424,"","","","126","696","[M+Na]+","","3","4579;4592;4593","432.16412",0,0,0,3318.717,3434.8274,3288.387,0,0,0,""
4593,471.126775519006,2.162424,"","","","126","696","[M+K]+","","3","4579;4592;4593","432.16412",0,0,0,1997.3387,1900.3473,1879.2812,0,0,0,""
4601,340.136900130957,2.1643999,"","","","126","702","[M+Na]+","","2","4640;4601","317.14792",0,0,0,808.97424,1008.9826,954.00037,0,0,0,""
4602,391.158074134309,2.1643999,"","","","126","697","[M+Na]+","","3","4602;4608;4590","368.16872",0,0,0,3464.1042,3808.0715,3260.3982,0,0,0,""
4727,360.129852042739,2.164531,"","","","126","704","[M+NH4]+","","2","4709;4727","342.09576",0,0,28.76966,12874.894,14206.782,11892.656,0,0,0,""
4608,407.131877301663,2.1663802,"","","","126","697","[M+K]+","","3","4602;4608;4590","368.16872",0,0,0,1403.1498,1325.2429,1387.729,0,0,0,""
4612,370.113917599217,2.166429,"","","","126","708","[M+NH4]+","","4","4750;4612;4672;4583","352.0798",0,0,0,12650.661,12219.896,9942.294,0,0,0,""
4605,367.100307727896,2.168393,"","","","126","706","[M+Na]+","","2","4681;4605","344.11051",0,0,0,641.94824,685.40015,609.5415,0,0,0,""
4639,303.050177681386,2.1684046,"","","","126","","","","","","",0,0,0,24044.121,24670.564,25901.531,0,0,0,""
4644,809.157209498151,2.168393,"","","","126","700","[M+K]+","","4","4644;4675;4653;4647","770.19289",0,0,0,1629.5336,1652.5634,1526.0344,0,0,0,""
4645,773.21526604102,2.1684046,"","","","126","712","[M+H]+","","4","4645;4648;4650;4615","772.20787",0,0,0,430082.28,442573.88,433817.25,0,0,0,""
4647,788.226432556242,2.1684046,"","","","126","700","[M+NH4]+","","4","4644;4675;4653;4647","770.19289",0,0,0,19762.832,19142.623,18697.74,0,0,0,""
4648,795.197026699467,2.1684046,"","","","126","712","[M+Na]+","","3","4645;4648;4650","772.20787",0,0,0,73115.2,78009.164,74307.75,0,0,0,""
4652,857.167667131414,2.1684046,"","","","126","694","[M+H]+","","2","4655;4652","856.16062",0,0,0,6217.7305,6158.1772,6806.6387,0,0,0,""
4680,317.121504397473,2.169163,"","","","126","716","[M+Na]+","","2","4680;4666","294.13202",0,0,0,3293.0537,3467.75,2914.3508,0,25.55185,0,""
4671,503.210535110585,2.170417,"","","","126","707","[M+Na]+","","2","4671;4686","480.22144",0,0,0,1763.4354,1728.7188,1347.9132,0,0,0,""
4672,375.069335000728,2.1704395,"","","","126","708","[M+Na]+","","3","4612;4672;4583","352.0798",0,0,0,2918.75,3139.4414,2632.3928,0,0,0,""
4686,498.255386430449,2.1704395,"","","","126","707","[M+NH4]+","","2","4671;4686","480.22144",0,0,0,592.06116,508.2448,575.6056,0,0,0,""
4675,793.181754282604,2.170417,"","","","126","700","[M+Na]+","","4","4644;4675;4653;4647","770.19289",0,0,0,5181.3584,5656.68,5188.136,0,0,0,""
4640,318.155424836382,2.1722145,"","","","126","702","[M+H]+","","2","4640;4601","317.14792",35.118057,0,0,2713.6619,2929.4011,2870.9958,0,0,23.20539,""
4693,343.137131392478,2.1724517,"","","","126","715","[M+Na]+","","3","4693;4566;4694","320.14745",0,0,0,2809.103,2754.7944,4311.5264,0,0,0,""
4694,359.110790503744,2.172454,"","","","126","715","[M+K]+","","3","4693;4566;4694","320.14745",0,0,0,2120.0325,1937.2649,1329.4813,0,0,0,""
4681,383.073096533716,2.1724517,"","","","126","706","[M+K]+","","2","4681;4605","344.11051",0,0,0,882.50616,186.55057,502.68948,0,0,0,""
4696,441.153457298002,2.1724517,"","","","126","709","[M+K]+","","2","4696;4712","402.18992",0,0,0,2193.9463,2244.4182,2203.0544,0,0,0,""
4709,365.084715667512,2.1744888,"","","","126","704","[M+Na]+","","2","4709;4727","342.09576",0,0,0,2411.8586,2238.9915,2069.8804,0,0,0,""
4710,372.129892848571,2.1744888,"","","","126","711","[M+NH4]+","","4","4721;4710;4719;4711","354.09558",0,0,0,1714.208,1682.1619,1645.9512,0,0,0,""
4711,393.058379239475,2.1744888,"","","","126","711","[M+K]+","","2","4710;4711","354.09558",0,0,0,3248.7397,3774.3474,3041.7444,0,0,0,""
4712,425.178760180499,2.1744888,"","","","126","709","[M+Na]+","","2","4696;4712","402.18992",0,0,0,6900.117,6770.14,5938.1895,0,0,0,""
4713,556.240053165599,2.1744888,"","","","126","710","[M+NH4]+","","2","4714;4713","538.20654",0,0,0,1013.56134,938.18176,758.64526,0,0,0,""
4714,561.196072000594,2.1744888,"","","","126","710","[M+Na]+","","2","4714;4713","538.20654",0,0,0,873.0121,772.17456,739.2158,0,0,0,""
4650,811.174410203914,2.176042,"","","","126","712","[M+K]+","","4","4645;4648;4650;4615","772.20787",0,0,0,8734.345,9398.849,8879.28,0,0,28.428585,""
4719,355.102683778818,2.1765234,"","","","126","711","[M+H]+","","3","4721;4710;4719","354.09558",0,0,0,117667.03,123278.11,104095.016,0,0,0,""
4721,377.084820968367,2.1765234,"","","","126","711","[M+Na]+","","3","4721;4710;4719","354.09558",0,0,0,35040.996,37289.586,30881.45,0,0,0,""
4740,381.080699672684,2.1856146,"","","","126","714","[M+K]+","","2","4740;4610","342.11736",50.361046,56.938118,91.3394,1645.0292,1605.2527,1913.5471,124.256226,129.19292,87.03939,""
4726,163.039540953805,2.186311,"","","","126","","","","","","",25.230556,30.782482,26.351192,32861.062,79340.19,34943.14,0,0,0,""
4615,817.175592494098,2.1893115,"","","","126","712","[M-H+2Na]+","","3","4645;4650;4615","772.20787",46.592678,0,23.641037,3887.6162,3373.2512,3867.26,0,0,0,""
4691,147.044248152837,2.1897018,"","","","126","","","","","","",0,20.310783,0,19937.846,22400.424,22089.764,0,25.819141,22.162727,""
4750,391.042238799715,2.1913853,"","","","126","708","[M+K]+","","3","4750;4612;4583","352.0798",0,0,0,342.06915,565.9533,82.447685,0,0,0,""
4757,411.104423464409,2.1985366,"","","","126","717","[M+K]+","","2","4757;4763","372.1423",0,0,0,1185.4586,1190.5789,1053.5112,0,0,0,""
4666,312.165568979533,2.2013047,"","","","126","716","[M+NH4]+","","2","4680;4666","294.13202",0,41.634247,0,6396.4097,6293.3335,5810.3174,0,22.92297,0,""
4763,395.131777120191,2.2025867,"","","","126","717","[M+Na]+","","3","4757;4765;4763","372.1423",0,0,0,3094.1907,3049.063,2976.4434,0,0,0,""
4566,338.180613874237,2.204369,"","","","126","715","[M+NH4]+","","3","4693;4566;4694","320.14745",0,37.495872,0,292.10382,747.22577,316.011,45.317234,14.561027,13.839087,""
4765,390.176902071993,2.204615,"","","","126","717","[M+NH4]+","","2","4765;4763","372.1423",0,0,0,1669.8566,1837.2455,1408.4274,0,0,0,""
4786,427.101164714923,2.2189484,"","","","126","719","[M+K]+","","3","4786;4792;4795","388.13798",0,0,0,2270.0864,2053.1582,1725.8864,0,0,0,""
4792,406.171463998393,2.2209804,"","","","126","719","[M+NH4]+","","3","4786;4792;4795","388.13798",0,0,0,12434.057,13259.66,11771.651,0,0,0,""
4663,434.202813036715,2.222279,"","","","126","722","[M+NH4]+","","2","4663;4868","416.16909",0,0,0,544.4525,463.51956,622.83606,0,0,0,""
4795,411.127517223279,2.222956,"","","","126","719","[M+Na]+","","3","4786;4792;4795","388.13798",0,0,0,3780.4922,3718.5798,3295.833,0,0,0,""
4769,587.196386249517,2.2248914,"","","","126","736","[M+Na]+","","2","4971;4769","564.20706",0,0,0,1536.3098,1756.556,1701.4307,0,0,0,""
4938,188.071076700783,2.2279189,"","","","126","724","[M+H]+","","2","4938;4904","187.06388",41.91154,91.05257,64.96021,3831.3086,5574.9307,5117.94,45.918648,51.026512,109.99108,""
4813,381.116065546057,2.2290306,"","","","126","720","[M+Na]+","","2","4814;4813","358.12711",0,0,0,6881.2544,6736.907,5894.5005,0,0,0,""
4814,397.090529113672,2.2290306,"","","","126","720","[M+K]+","","2","4814;4813","358.12711",0,0,0,2315.6594,2281.0796,1989.3334,0,0,0,""
4823,454.019728615639,2.2330666,"","","","126","723","[M+H]+","","2","4861;4823","453.01252",0,0,0,1937.6438,2339.213,2491.665,0,0,0,""
4861,476.001806386206,2.2330673,"","","","126","723","[M+Na]+","","2","4861;4823","453.01252",0,0,0,920.37195,506.52875,741.4056,0,0,0,""
4872,473.986350390581,2.235091,"","","","126","726","[M+Na]+","","2","4872;4818","450.99685",0,0,0,412.62857,171.39453,160.41556,0,0,0,""
4746,397.051309767028,2.2351015,"","","","126","728","[M-H+2Na]+","","2","4746;4866","352.0799",0,0,0,3305.1064,2858.7642,1748.6632,0,0,0,""
4818,452.003851160823,2.237109,"","","","126","726","[M+H]+","","1","4872","450.99685",0,0,0,566.8206,690.13275,408.11923,0,0,0,""
4848,344.13446362968,2.2371256,"","","","126","729","[M+NH4]+","","4","4851;4853;4850;4848","326.10083",0,0,0,203916.31,213630.86,192746.81,0,0,0,""
4850,349.089823564749,2.2371256,"","","","126","729","[M+Na]+","","3","4851;4850;4848","326.10083",0,0,0,38407.176,39410.96,34271.707,0,0,0,""
4851,365.064232941244,2.2371256,"","","","126","729","[M+K]+","","4","4851;4853;4850;4848","326.10083",0,0,0,15858.183,15392.525,11888.765,0,0,0,""
4853,371.072165101795,2.2371256,"","","","126","729","[M-H+2Na]+","","3","4851;4853;4848","326.10083",0,0,0,1937.9576,2220.0261,2298.2048,0,0,0,""
4854,375.069117211723,2.2371256,"","","","126","728","[M+Na]+","","2","4854;4866","352.0799",0,0,0,2613.042,2725.9875,1980.6453,0,0,0,""
4865,351.071517008741,2.239149,"","","","126","732","[M+H-H2O]+","","3","4865;4878;4874","368.07476",0,0,0,1671.6003,1840.7784,1584.5399,0,0,0,""
4866,353.08693386583,2.2391498,"","","","126","728","[M+H]+","","3","4746;4854;4866","352.0799",0,0,0,3818.597,3701.3848,2884.57,0,0,0,""
4868,439.15841463431,2.2391498,"","","","126","722","[M+Na]+","","2","4663;4868","416.16909",0,0,0,1827.2164,1807.6193,1518.7444,0,0,0,""
4910,144.081347930456,2.239747,"","","","126","","","","","","",47.643723,45.3836,27.067858,70140.85,71876.67,67998.14,39.046856,42.086624,29.887016,""
4874,391.06433409613,2.2411735,"","","","126","732","[M+Na]+","","3","4865;4878;4874","368.07476",0,0,0,1589.0005,1584.0137,1300.9005,0,0,0,""
4904,205.097786483403,2.2426121,"","","","126","724","[M+NH4]+","","2","4938;4904","187.06388",60.244316,49.769962,31.73579,5099.632,3593.511,4171.9756,30.247932,33.71042,39.860367,""
4877,339.10777310157,2.2431915,"","","","126","733","[M+H-H2O]+","","2","4880;4877","356.1115",0,0,0,15357.852,16244.613,8230.628,0,0,0,""
4878,386.108594296854,2.2431972,"","","","126","732","[M+NH4]+","","4","4865;4887;4878;4874","368.07476",0,0,0,9172.07,8720.292,7844.795,0,0,0,""
4880,395.074677246198,2.2431972,"","","","126","733","[M+K]+","","3","4884;4880;4877","356.1115",0,0,0,1281.9874,1181.5726,885.6994,0,0,0,""
4882,369.166729780508,2.2452152,"","","","126","734","[M+H]+","","2","4879;4882","368.15916",0,0,0,6134.731,6503.686,5767,0,0,0,""
4879,391.148088881055,2.2452152,"","","","126","734","[M+Na]+","","2","4879;4882","368.15916",0,0,0,541.37805,663.65576,403.18143,0,0,0,""
4884,379.10112758043,2.2472277,"","","","126","733","[M+Na]+","","2","4884;4880","356.1115",0,0,0,2310.8909,2194.2285,1858.9711,0,0,0,""
4887,369.081614419303,2.2492402,"","","","126","732","[M+H]+","","2","4887;4878","368.07476",0,0,0,1030.5906,1030.3447,1040.243,0,0,0,""
4843,135.044370352382,2.2515724,"","","","126","745","[M+H]+","","2","4843;4980","134.03718",197.85384,44.525738,47.968964,3674.6272,5559.165,4750.7246,91.14459,165.4267,196.81924,""
4957,757.221223838658,2.2522185,"","","","126","743","[M+H]+","","2","4957;4964","756.21337",0,24.526901,0,9412.279,9481.308,8939.698,0,0,0,""
4912,217.097514595991,2.253279,"","","","126","739","[M+H]+","","2","4939;4912","216.09022",0,0,0,161264.77,165184.7,151741.92,0,0,0,""
4921,171.091975173204,2.2552989,"","","","126","","","","","","",0,0,0,52691.57,50180.19,48878.33,0,0,0,""
4922,172.076012813564,2.2552989,"","","","126","740","[M+H]+","","2","4924;4922","171.06878",0,0,0,2426.9102,2407.4617,2264.825,0,0,0,""
4924,189.102655186364,2.2552989,"","","","126","740","[M+NH4]+","","2","4924;4922","171.06878",0,0,0,921.794,905.166,788.40265,0,0,0,""
4939,261.061353802942,2.2573178,"","","","126","739","[M-H+2Na]+","","2","4939;4912","216.09022",0,0,0,2049.3333,2019.6144,2256.8813,0,0,0,""
4943,474.260624164535,2.2573178,"","","","126","","","","","","",0,0,0,81289.6,83676.945,70562.484,0,0,0,""
4821,163.039525503539,2.2593699,"","","","126","","","","","","",0,30.782482,25.994505,82093.34,119687.29,64080.56,0,0,24.256615,""
4955,425.178866462405,2.2613542,"","","","126","746","[M+Na]+","","2","4968;4955","402.18953",0,0,0,3615.4705,2344.9434,3291.8706,0,0,0,""
4964,779.202006726135,2.2639716,"","","","126","743","[M+Na]+","","2","4957;4964","756.21337",0,0,0,1919.8407,1884.5436,1933.0194,0,0,0,""
4968,403.196691096882,2.2665918,"","","","126","746","[M+H]+","","2","4968;4955","402.18953",0,0,0,1026.178,1699.9265,1067.0305,0,0,0,""
4971,582.24091016784,2.2665942,"","","","126","736","[M+NH4]+","","3","4971;4769;4972","564.20706",0,0,0,23412.379,24094.008,11986.734,0,0,0,""
4972,587.19614609616,2.2665942,"","","","126","736","[M+Na]+","","2","4971;4972","564.20706",0,0,0,1803.2107,1826.576,3042.078,0,0,0,""
5040,177.055086353918,2.2901065,"","","","142","","","","","","",29.4525,34.527115,44.02277,133473.28,134299.92,134214.58,26.162079,28.214369,44.66941,""
5014,405.105658610653,2.2934372,"","","","142","749","[M+K]+","","4","5022;5015;5014;5021","366.14342",0,0,0,655.5266,774.6981,366.69455,0,0,0,""
5015,411.115684450554,2.295456,"","","","142","749","[M-H+2Na]+","","2","5015;5014","366.14342",0,0,0,749.8138,144.7178,611.1305,0,0,0,""
5018,272.089767255191,2.297485,"","","","142","752","[M+K]+","","3","5034;5018;5027","233.12709",0,0,0,1040.9232,809.6555,469.5464,0,0,0,""
5027,234.134433400439,2.2990549,"","","","142","752","[M+H]+","","3","5034;5018;5027","233.12709",151.08522,75.75116,197.6779,3843.5134,3537.948,1872.1261,124.60417,133.84378,118.414894,""
5020,335.12417953344,2.299504,"","","","142","","","","","","",0,0,0,16838.477,17164.383,15842.287,0,0,0,""
5021,367.150655857869,2.299504,"","","","142","749","[M+H]+","","3","5022;5014;5021","366.14342",0,0,0,58587.453,58990.723,53280.66,0,0,0,""
5022,389.132510851801,2.2995088,"","","","142","749","[M+Na]+","","3","5022;5014;5021","366.14342",0,0,0,7636.257,7228.99,6752.2266,0,0,0,""
5030,497.163664649367,2.301522,"","","","142","754","[M+Na]+","","2","5030;5043","474.17442",0,0,0,8201.906,7761.584,6538.1226,0,0,0,""
5031,709.269511845701,2.301522,"","","","142","755","[M+Na]+","","2","5046;5031","686.28047",0,0,0,577.9518,542.0037,587.55554,0,0,0,""
5042,369.118509763055,2.3055637,"","","","142","759","[M+H]+","","4","5053;5042;5078;5052","368.11131",0,0,0,78166.98,80700.12,79067.56,0,0,0,""
5043,513.137550297164,2.3055637,"","","","142","754","[M+K]+","","2","5030;5043","474.17442",0,0,0,1018.7753,1107.0674,1234.9917,0,0,0,""
5052,391.100445360387,2.3075764,"","","","142","759","[M+Na]+","","3","5053;5042;5052","368.11131",0,0,0,25639.621,27439.154,26797.16,0,0,0,""
5053,407.074551312625,2.3075764,"","","","142","759","[M+K]+","","4","5053;5042;5078;5052","368.11131",0,0,0,2684.4954,2860.5522,2873.9468,0,0,0,""
5054,349.089851008048,2.3075826,"","","","142","758","[M+Na]+","","2","5054;5055","326.10079",0,0,0,25542.465,27755.734,29432.615,0,0,0,""
5055,365.064102581251,2.3075826,"","","","142","758","[M+K]+","","2","5054;5055","326.10079",0,0,0,9562.495,10105.959,10136.717,0,0,0,""
5056,375.16532564161,2.3075826,"","","","142","763","[M+H]+","","3","5100;5087;5056","374.15769",0,0,0,2659.1099,2838.5684,2563.0518,0,0,0,""
5066,541.153777364916,2.3075826,"","","","142","760","[M+Na]+","","2","5068;5066","518.16467",0,0,0,562.6018,505.21808,594.62,0,0,0,""
5059,597.18289071887,2.3075826,"","","","142","762","[M+H]+","","2","5064;5059","596.1759",0,0,0,3445.2847,3572.0815,3460.6763,0,0,0,""
5046,704.314472808266,2.3075826,"","","","142","755","[M+NH4]+","","2","5031;5046","686.28047",0,0,0,722.2696,640.1509,634.1765,0,0,0,""
5034,256.116721456182,2.308328,"","","","142","752","[M+Na]+","","3","5034;5018;5027","233.12709",0,0,0,3967.9858,3304.1926,1731.4838,26.553596,0,0,""
5100,413.119946552689,2.3095944,"","","","142","763","[M+K]+","","2","5100;5056","374.15769",0,0,0,274.56085,80.89109,284.49435,0,0,0,""
5068,536.198594431955,2.309595,"","","","142","760","[M+NH4]+","","2","5068;5066","518.16467",0,0,0,2425.1628,2690.3145,2108.7861,0,0,0,""
5078,413.082555913111,2.311607,"","","","142","759","[M-H+2Na]+","","3","5053;5042;5078","368.11131",0,0,0,4947.5474,5227.086,5123.8867,0,0,0,""
5064,619.165398046421,2.311613,"","","","142","762","[M+Na]+","","2","5064;5059","596.1759",0,0,0,572.47076,522.734,493.69495,0,0,0,""
5087,397.147450597151,2.3136249,"","","","142","763","[M+Na]+","","2","5087;5056","374.15769",0,0,0,1129.7236,1081.9773,1107.5125,0,0,0,""
5114,471.19937905912,2.3257296,"","","","142","767","[M+K]+","","2","5118;5114","432.2362",0,0,0,1160.0062,914.371,925.4608,0,0,0,""
5117,451.193076115546,2.327747,"","","","142","768","[M+NH4]+","","2","5117;5126","433.15922",0,0,0,3295.1824,3531.5967,3030.002,0,0,0,""
5118,455.2254016525,2.3277657,"","","","142","767","[M+Na]+","","2","5118;5114","432.2362",0,0,0,2831.2905,3403.9375,2749.4666,0,0,0,""
5126,456.14814812509,2.331791,"","","","142","768","[M+Na]+","","3","5117;5123;5126","433.15922",0,0,0,1686.841,1940.0679,1579.7644,0,0,0,""
5123,472.122647395165,2.331791,"","","","142","768","[M+K]+","","2","5123;5126","433.15922",0,0,0,457.24783,503.65982,450.09644,0,0,0,""
5135,388.161237986555,2.337929,"","","","142","769","[M+H]+","","3","5137;5136;5135","387.15366",0,0,0,2063.2068,2274.127,1600.4376,0,0,0,""
5136,410.142737604792,2.337929,"","","","142","769","[M+Na]+","","3","5137;5136;5135","387.15366",0,0,0,1679.069,1845.843,1129.6125,0,0,0,""
5137,426.116667886749,2.337929,"","","","142","769","[M+K]+","","3","5137;5136;5135","387.15366",0,0,0,1419.1793,1470.7701,850.65173,0,0,0,""
5144,339.107788864423,2.3419626,"","","","142","771","[M+H-H2O]+","","2","5145;5144","356.11111",0,0,0,7156.037,6905.2686,12896.661,0,0,0,""
5145,395.074567175457,2.3419626,"","","","142","771","[M+K]+","","4","5167;5145;5144;5156","356.11111",0,0,0,2078.8804,2196.9119,1990.7483,0,0,0,""
5147,795.177129179893,2.3419626,"","","","142","772","[M+K]+","","4","5162;5172;5147;5163","756.21405",0,0,0,1269.5939,1597.3811,1420.5798,0,0,0,""
5159,562.272394231634,2.343975,"","","","142","779","[M+NH4]+","","2","5159;5213","544.23857",0,0,0,7341.6206,7651.733,7373.884,0,0,0,""
5156,379.100496955269,2.3440015,"","","","142","771","[M+Na]+","","2","5145;5156","356.11111",0,0,0,8019.4204,5265.526,7564.1465,0,0,0,""
5162,757.220685187566,2.343975,"","","","142","772","[M+H]+","","4","5162;5172;5147;5163","756.21405",0,0,0,68956.49,71309.99,69849.59,0,0,0,""
5163,779.20243682804,2.343975,"","","","142","772","[M+Na]+","","3","5162;5147;5163","756.21405",0,0,0,15061.583,15349.733,14340.612,0,0,0,""
5167,357.117931180587,2.346014,"","","","142","771","[M+H]+","","2","5167;5145","356.11111",0,0,0,1519.9327,1563.3835,1264.3936,0,0,0,""
5169,841.172317578956,2.3466237,"","","","142","776","[M+H]+","","2","5169;5170","840.16675",0,0,0,919.31415,916.819,1002.2822,0,0,0,""
5172,801.186779182009,2.3483202,"","","","142","772","[M-H+2Na]+","","3","5162;5172;5147","756.21405",0,0,24.64469,889.61176,941.1627,814.3722,0,0,0,""
5171,611.162828242184,2.3486624,"","","","142","775","[M+H]+","","2","5178;5171","610.15573",0,0,0,2880.5996,2808.9712,2683.166,0,0,0,""
5178,633.145122189154,2.3513021,"","","","142","775","[M+Na]+","","2","5178;5171","610.15573",0,0,0,1033.7775,1028.3352,936.07385,0,0,0,""
5218,193.04987257058,2.3537958,"","","","142","778","[M+H-H2O]+","","2","5219;5218","210.05325",0,0,0,818.456,830.616,297.60892,0,0,0,""
5182,232.191368260377,2.3617234,"","","","142","","","","","","",44.71583,31.72311,29.332218,8473.616,8417.011,7232.9814,30.614212,40.801743,22.02838,""
5170,863.157683661038,2.3645055,"","","","142","776","[M+Na]+","","2","5169;5170","840.16675",0,0,27.286219,349.52216,156.07336,271.52362,0,0,0,""
5213,567.227656266916,2.365384,"","","","142","779","[M+Na]+","","3","5263;5159;5213","544.23857",0,0,0,1229.9727,945.9401,852.2748,0,0,0,""
5207,422.239244501254,2.3763194,"","","","122","780","[M+NH4]+","","2","5208;5207","404.20591",0,0,0,2796.681,2004.141,1791.0039,0,0,0,""
5208,427.195615504111,2.3766785,"","","","122","780","[M+Na]+","","2","5208;5207","404.20591",0,0,0,1363.2616,1724.7245,1497.5327,0,0,0,""
5219,233.042562747644,2.3787825,"","","","142","778","[M+Na]+","","2","5219;5218","210.05325",0,0,0,1002.35095,762.5611,131.94408,0,0,0,""
5224,420.187226469499,2.3868284,"","","","142","","","","","","",0,0,0,10450.728,10655.568,10631.377,0,0,0,""
5228,374.14532529838,2.3889198,"","","","142","","","","","","",0,0,0,14617.389,14391.459,13166.22,0,0,0,""
5236,436.182326254416,2.3952248,"","","","142","782","[M+NH4]+","","3","5244;5236;5237","418.14867",0,0,0,11173.311,11076.89,10306.313,0,0,0,""
5237,457.111371478643,2.3952248,"","","","142","782","[M+K]+","","3","5236;5244;5237","418.14867",0,0,0,1548.1617,1518.1558,1415.1995,0,0,0,""
5244,441.138516250761,2.3973272,"","","","142","782","[M+Na]+","","3","5236;5244;5237","418.14867",0,0,0,4954.6606,4665.6606,4149.8584,0,0,0,""
5252,809.212617984675,2.3994026,"","","","142","789","[M+Na]+","","2","5252;5254","786.22347",0,0,0,332.07172,467.7315,477.15762,0,0,0,""
5273,154.050537644652,2.403589,"","","","142","788","[M+H]+","","2","5276;5273","153.04313",104.64865,39.86287,57.205643,1435.3882,1208.4646,1130.1997,48.04612,41.673805,38.51377,""
5263,562.272528765566,2.4057145,"","","","142","779","[M+NH4]+","","2","5263;5213","544.23857",0,0,0,13591.1455,13832.079,12610.578,0,0,0,""
5274,504.219508951716,2.4078095,"","","","142","790","[M+NH4]+","","3","5280;5279;5274","486.18596",0,0,0,2505.2205,2630.6602,2279.5505,0,0,0,""
5279,487.193166607607,2.4099255,"","","","142","790","[M+H]+","","3","5280;5279;5274","486.18596",0,0,0,3106.5427,3259.1433,2848.1487,0,0,0,""
5280,509.175514615972,2.4099255,"","","","142","790","[M+Na]+","","3","5280;5279;5274","486.18596",0,0,0,981.0797,930.3377,797.3112,0,0,0,""
5276,176.032210068368,2.4120138,"","","","142","788","[M+Na]+","","2","5276;5273","153.04313",0,0,0,339.1464,113.47635,250.81566,0,0,0,""
5293,302.1242790631,2.4141743,"","","","142","792","[M+H]+","","4","5296;5293;5294;5295","301.11674",0,0,0,2157.5408,2282.5205,2085.696,0,0,0,""
5295,324.105974236464,2.4141743,"","","","142","792","[M+Na]+","","4","5296;5293;5294;5295","301.11674",0,0,0,3185.4346,3321.9885,2765.0632,0,0,0,""
5296,340.080030290451,2.4141743,"","","","142","792","[M+K]+","","4","5296;5293;5294;5295","301.11674",0,0,0,973.18427,851.5724,827.1668,0,0,0,""
5254,787.230824101034,2.4181805,"","","","142","789","[M+H]+","","2","5252;5254","786.22347",0,0,0,3135.8499,3208.522,2986.1152,26.174679,0,0,""
5312,430.229641894776,2.4243584,"","","","142","794","[M+NH4]+","","2","5316;5312","412.19567",0,0,0,4486.885,4555.4067,2918.9104,0,0,0,""
5328,279.134894618737,2.4249651,"","","","142","795","[M+H]+","","2","5328;5327","278.12742",0,0,0,1408.6859,1267.7246,1220.8407,24.4184,0,0,""
5316,435.184734436434,2.4249985,"","","","142","794","[M+Na]+","","2","5316;5312","412.19567",0,0,0,491.65067,430.4511,461.28925,0,0,0,""
5294,319.150149923992,2.4263086,"","","","142","792","[M+NH4]+","","4","5296;5293;5294;5295","301.11674",0,0,0,1772.0316,1859.3032,1641.6577,0,0,26.954472,""
5321,360.129396165775,2.4340222,"","","","142","796","[M+NH4]+","","2","5324;5321","342.09568",0,0,0,2587.327,2635.325,2461.539,0,0,0,""
5324,365.085011112705,2.4340222,"","","","142","796","[M+Na]+","","2","5324;5321","342.09568",0,0,0,424.18823,594.6466,467.11285,0,0,0,""
5372,195.064849342357,2.4417114,"","","","142","","","","","","",129.38084,93.86163,210.63368,12835.217,15216.373,16531.54,279.99286,127.947174,85.91333,""
5361,577.191066820637,2.4419186,"","","","142","800","[M+Na]+","","2","5368;5361","554.20183",0,0,19.241909,2531.934,2637.7607,2379.885,0,0,0,""
5370,177.05507393487,2.4422472,"","","","142","798","[M+H]+","","2","5371;5370","176.04772",29.278465,51.110126,25.25739,20551.164,22737.283,22593.924,22.581448,32.55628,41.4691,""
5327,301.116446013035,2.4430299,"","","","142","795","[M+Na]+","","2","5328;5327","278.12742",0,0,0,712.37714,641.4955,720.4666,0,0,0,""
5371,194.081470802373,2.4477482,"","","","142","798","[M+NH4]+","","2","5371;5370","176.04772",0,24.84637,0,962.3195,984.9743,863.36224,0,0,0,""
5348,370.11429434666,2.449343,"","","","142","801","[M-H+2Na]+","","2","5333;5348","325.14214",0,0,0,3946.0017,4005.1477,3486.7422,0,0,0,""
5240,345.13297233415,2.4523997,"","","","142","804","[M+K]+","","2","5366;5240","306.1691",0,26.048574,0,1170.0326,1310.3356,1015.48926,0,0,0,""
5333,343.174967917798,2.458759,"","","","142","801","[M+NH4]+","","2","5333;5348","325.14214",32.339104,0,28.507702,2180.1028,2485.2156,2077.8462,0,0,0,""
5368,572.23562775133,2.459607,"","","","142","800","[M+NH4]+","","2","5368;5361","554.20183",0,0,0,12374.113,11622.665,10157.069,0,0,0,""
5375,379.100534305484,2.4601333,"","","","142","808","[M+Na]+","","3","5376;5374;5375","356.11155",0,0,0,42567.508,52531.06,47601.492,0,0,0,""
5376,395.074619720873,2.4601333,"","","","142","808","[M+K]+","","3","5376;5374;5375","356.11155",0,0,0,12664.264,13147.292,14103.668,0,0,0,""
5377,420.18713679016,2.4601333,"","","","142","805","[M+NH4]+","","2","5369;5377","402.15307",0,0,0,11221.479,10778.967,9910.629,0,0,0,""
5369,441.115977250639,2.4601333,"","","","142","805","[M+K]+","","2","5377;5369","402.15307",0,0,0,962.2502,862.3605,748.9769,0,0,0,""
5341,309.07448080787,2.4608378,"","","","142","809","[M+K]+","","3","5356;5341;5346","270.11122",0,25.803757,27.21904,1110.8765,1035.878,925.807,20.758307,0,22.907166,""
5366,329.15760043647,2.462116,"","","","142","804","[M+Na]+","","2","5366;5240","306.1691",0,0,0,930.15204,944.5599,575.9718,0,0,0,""
5381,359.170192987103,2.4621594,"","","","142","810","[M+H]+","","3","5363;5382;5381","358.16306",0,0,0,2601.2449,2938.8918,2663.7463,0,0,0,""
5382,397.126296391505,2.4621735,"","","","142","810","[M+K]+","","4","5363;5391;5382;5381","358.16306",0,0,0,396.83554,543.3496,496.65308,0,0,0,""
5384,596.256690342854,2.4621735,"","","","142","807","[M+NH4]+","","2","5397;5384","578.22256",0,0,0,6276.6304,7153.018,4771.0728,0,0,0,""
5421,186.149421497901,2.4625416,"","","","142","","","","","","",447.29858,34.91118,35.854614,101507.664,101520.836,94898.86,26.630478,30.572523,22.488846,""
5330,357.132262261198,2.4625595,"","","","142","812","[M+K]+","","2","5330;5329","318.16909",27.649185,0,0,945.8312,881.8073,722.8911,21.678917,0,0,""
5420,168.13886073518,2.4626362,"","","","142","","","","","","",165.61972,21.988762,0,13689.11,13491.275,12956.939,18.754913,27.73443,38.899067,""
5346,293.100374630762,2.463641,"","","","142","809","[M+Na]+","","3","5356;5341;5346","270.11122",32.177704,31.0115,25.125908,920.8364,1146.6462,1013.1134,20.65213,29.17578,54.720116,""
5363,381.151960053661,2.4641998,"","","","142","810","[M+Na]+","","3","5363;5382;5381","358.16306",0,0,0,520.5711,534.71094,309.8491,0,0,0,""
5397,601.211474772643,2.4641998,"","","","142","807","[M+Na]+","","2","5384;5397","578.22256",0,0,0,428.5525,277.97144,407.03336,0,0,0,""
5356,288.145008728949,2.4679983,"","","","142","809","[M+NH4]+","","3","5356;5341;5346","270.11122",91.12707,37.918175,35.831955,1076.5452,940.42914,1061.8005,39.29467,121.09211,44.562607,""
5374,374.145682142121,2.4717152,"","","","142","808","[M+NH4]+","","3","5376;5374;5375","356.11155",0,0,0,2503.6514,3090.0703,3270.3313,0,27.697342,0,""
5391,376.197272208315,2.4723203,"","","","142","810","[M+NH4]+","","2","5391;5382","358.16306",0,0,0,320.45795,247.82593,152.20544,0,0,0,""
5329,341.158286671096,2.4749908,"","","","142","812","[M+Na]+","","2","5330;5329","318.16909",33.040936,29.36779,72.93919,3014.7803,2977.1152,2637.1995,33.878075,29.060083,24.47201,""
5378,553.195782634414,2.4758472,"","","","142","815","[M+H]+","","2","5378;5459","552.18743",0,0,0,2892.9714,441.62674,1930.8107,0,0,0,""
5415,429.210584700735,2.4784312,"","","","142","817","[M+Na]+","","2","5418;5415","406.2212",0,0,0,1772.4497,1855.7756,762.3934,0,0,0,""
5433,409.111137509529,2.4845417,"","","","142","814","[M+Na]+","","2","5433;5434","386.12196",0,0,0,6525.777,7160.121,7615.2373,0,0,0,""
5434,425.085157815944,2.4845417,"","","","142","814","[M+K]+","","2","5433;5434","386.12196",0,0,0,1238.5292,1237.3376,1614.0586,0,0,0,""
5439,391.100234920911,2.4886374,"","","","142","816","[M+Na]+","","2","5446;5439","368.11093",0,0,0,627.67834,606.4388,388.09732,0,0,0,""
5446,369.118116928954,2.4906714,"","","","142","819","[M+H-H2O]+","","2","5461;5446","386.12179",0,0,0,1449.9965,1317.7433,1278.8145,0,0,0,""
5457,399.163273512333,2.4947722,"","","","142","820","[M+Na]+","","2","5458;5457","376.17416",0,0,0,605.7545,747.50854,619.56067,0,0,0,""
5458,394.208079324184,2.4947805,"","","","142","820","[M+NH4]+","","2","5458;5457","376.17416",0,0,0,1689.7269,1783.7532,1562.3779,0,0,0,""
5459,575.175570687046,2.4947722,"","","","142","815","[M+Na]+","","2","5378;5459","552.18743",0,0,0,6978.7485,6741.1064,6495.327,0,0,0,""
5461,404.156003186534,2.4947994,"","","","142","819","[M+NH4]+","","2","5461;5446","386.12179",0,0,0,2211.1868,2142.1685,1957.6624,0,0,0,""
5463,462.19770452978,2.4968975,"","","","142","822","[M+NH4]+","","2","5466;5463","444.16401",0,0,0,1372.6564,1045.2682,1061.263,0,0,0,""
5466,467.15334797547,2.498923,"","","","142","822","[M+Na]+","","2","5466;5463","444.16401",0,0,0,3119.525,3440.8083,2646.678,0,0,0,""
5418,424.254858570542,2.50192,"","","","142","817","[M+NH4]+","","2","5418;5415","406.2212",0,0,0,352.97678,404.58093,171.99716,0,0,0,""
5474,496.240135017595,2.5051973,"","","","142","823","[M+NH4]+","","2","5471;5474","478.20608",0,0,0,1134.432,1037.5854,966.37317,0,0,0,""
5471,501.195069856023,2.5073159,"","","","142","823","[M+Na]+","","2","5471;5474","478.20608",0,0,0,214.94308,496.7018,258.3865,0,0,0,""
5488,409.184344244891,2.5128207,"","","","142","835","[M+Na]+","","2","5612;5488","386.19471",285.7254,358.54102,300.11737,53171.15,56741.367,50759.016,379.74463,342.48364,258.20273,""
5509,595.20123030618,2.5258799,"","","","142","825","[M+K]+","","3","5525;5526;5509","556.23837",0,0,0,602.5342,726.2714,691.02423,0,0,0,""
5511,551.271088117541,2.525905,"","","","142","826","[M+H]+","","2","5511;5529","550.2641",0,0,0,1709.3875,1784.2539,1739.5182,0,0,0,""
5522,427.173017766651,2.5279703,"","","","142","828","[M+K]+","","3","5523;5522;5684","388.21017",0,0,0,3596.6587,3443.9321,2915.5576,0,0,0,""
5523,406.244160119544,2.5279787,"","","","142","828","[M+NH4]+","","3","5522;5523;5684","388.21017",0,0,0,5618.5615,6047.5283,5310.4746,0,0,0,""
5524,485.143251609285,2.5279787,"","","","142","827","[M+K]+","","2","5528;5524","446.17995",0,0,0,818.6011,648.22955,630.1579,0,0,0,""
5525,574.272499212966,2.5279787,"","","","142","825","[M+NH4]+","","3","5525;5526;5509","556.23837",0,0,0,49728.375,50093.67,48724.57,0,0,0,""
5526,579.227574933628,2.5279787,"","","","142","825","[M+Na]+","","3","5525;5526;5509","556.23837",0,0,0,5382.204,5629.6367,4981.805,0,0,0,""
5528,464.21363619184,2.5300438,"","","","142","827","[M+NH4]+","","2","5528;5524","446.17995",0,0,0,3592.825,3715.5498,3134.7393,0,0,0,""
5529,568.298216243154,2.5300438,"","","","142","826","[M+NH4]+","","2","5511;5529","550.2641",0,0,0,1041.8602,984.48956,826.0402,0,0,0,""
5549,517.226843848811,2.5405266,"","","","142","829","[M+Na]+","","2","5549;5557","494.23757",0,0,0,574.86145,643.5236,496.9594,0,0,0,""
5555,234.074151783187,2.5425932,"","","","142","832","[M+Na]+","","3","5560;5555;5554","211.08462",0,0,0,836.80664,889.35736,819.9583,0,0,0,""
5557,512.271346119405,2.5425932,"","","","142","829","[M+NH4]+","","2","5549;5557","494.23757",0,0,0,3387.0535,3549.3728,3257.4526,0,0,0,""
5605,189.130295807054,2.5440853,"","","","142","","","","","","",39.329575,0,0,17470.814,18230.389,17279.95,35.730354,31.185982,17.85424,""
5684,411.199537403883,2.5466263,"","","","142","828","[M+Na]+","","3","5522;5523;5684","388.21017",0,0,0,10594.218,10418.16,9454.711,0,27.521526,0,""
5554,212.091468444799,2.5478733,"","","","142","832","[M+H]+","","2","5555;5554","211.08462",30.85252,0,0,617.0589,772.3759,790.7055,26.768608,0,0,""
5572,395.074520704559,2.5509405,"","","","142","833","[M+K]+","","2","5573;5572","356.11149",0,0,0,955.97046,1041.9521,1105.5024,0,0,0,""
5573,379.100501902358,2.5509584,"","","","142","833","[M+Na]+","","3","5572;5573;5579","356.11149",0,0,0,2986.8079,3405.7642,3152.2007,0,0,0,""
5579,374.145643687384,2.5590408,"","","","142","833","[M+NH4]+","","2","5573;5579","356.11149",0,0,0,2061.6296,2273.9858,2342.8828,0,27.697342,26.816536,""
5622,225.149121115041,2.564473,"","","","142","","","","","","",209.04816,468.62784,322.1458,12231.916,12113.152,11481.986,396.6537,135.47305,274.596,""
5612,404.22857262473,2.5675743,"","","","142","835","[M+NH4]+","","4","5627;5488;5629;5612","386.19471",0,0,0,10120.56,8975.699,8852.409,0,0,0,""
5618,442.229255747685,2.569627,"","","","142","838","[M+NH4]+","","2","5618;5630","424.19567",0,0,0,5198.082,5159.872,4665.0303,0,0,0,""
5560,194.081431535712,2.5703704,"","","","142","832","[M+H-H2O]+","","2","5560;5555","211.08462",0,0,27.707653,2689.7817,3096.1145,2928.1963,25.57697,0,0,""
5627,369.19124872578,2.5737333,"","","","142","835","[M+H-H2O]+","","3","5627;5612;5629","386.19471",0,0,0,2743.0222,2536.0283,2218.5146,0,0,0,""
5629,425.157822499506,2.5737333,"","","","142","835","[M+K]+","","4","5628;5627;5612;5629","386.19471",0,0,0,21761.63,23617.51,20716.877,0,0,0,""
5630,447.185120325902,2.5737333,"","","","142","838","[M+Na]+","","2","5618;5630","424.19567",0,0,0,790.66364,914.6736,680.2978,0,0,0,""
5626,207.138369526915,2.5740647,"","","","142","","","","","","",135.37415,169.35439,166.05467,52103.637,51986.355,49604.832,161.46048,228.58437,383.26898,""
5628,387.20176008693,2.5788863,"","","","142","835","[M+H]+","","2","5628;5629","386.19471",0,0,0,21782.66,23008.135,20667.41,0,20.970835,19.12112,""
5642,700.283862960186,2.5798438,"","","","142","839","[M+NH4]+","","3","5650;5642;5643","682.2494",0,0,0,3784.6196,3685.6396,3206.3467,0,0,0,""
5643,705.238494532618,2.5798438,"","","","142","839","[M+Na]+","","2","5642;5643","682.2494",0,0,0,1710.5183,1508.0485,1375.6154,0,0,0,""
5650,721.212040308449,2.5798624,"","","","142","839","[M+K]+","","2","5650;5642","682.2494",0,0,0,523.7442,373.31912,282.61185,0,0,0,""
5655,485.142829287061,2.5860243,"","","","142","841","[M+K]+","","3","5667;5661;5655","446.17975",0,0,0,1272.5977,1157.42,1113.8373,0,0,0,""
5656,574.272700614509,2.5860243,"","","","142","840","[M+NH4]+","","2","5657;5656","556.23931",0,0,0,24716.084,25941.012,23312.625,0,0,0,""
5657,579.228955183827,2.5860243,"","","","142","840","[M+Na]+","","2","5657;5656","556.23931",0,0,0,2523.1484,2596.324,2379.3264,0,0,0,""
5661,469.16896883795,2.5880861,"","","","142","841","[M+Na]+","","3","5667;5661;5655","446.17975",0,0,0,4525.5845,4480.0864,4173.747,0,0,0,""
5667,464.213656262213,2.5922015,"","","","142","841","[M+NH4]+","","3","5667;5661;5655","446.17975",0,0,0,8530.98,9332.107,8320.629,0,0,0,""
5675,219.113281969295,2.5948684,"","","","142","845","[M+H]+","","3","5680;5675;5683","218.10589",0,0,0,4712.003,5157.911,5123.503,0,0,0,""
5679,202.086699619001,2.5969312,"","","","142","843","[M+H]+","","2","5675;5679","201.07944",0,0,0,4131.461,4462.2305,4611.994,0,0,0,""
5680,257.0689193074,2.596942,"","","","142","845","[M+K]+","","3","5680;5675;5683","218.10589",0,0,0,2340.4822,2485.3274,2611.944,0,0,0,""
5683,241.095129954505,2.6019063,"","","","142","845","[M+Na]+","","3","5680;5675;5683","218.10589",0,0,0,5929.362,6673.4243,6632.282,0,0,0,""
5688,572.235794149487,2.604016,"","","","142","847","[M+NH4]+","","2","5689;5688","554.20133",0,0,0,2236.7927,2369.0522,1905.6295,0,0,0,""
5689,577.189910290619,2.6040876,"","","","142","847","[M+Na]+","","2","5689;5688","554.20133",0,0,0,552.6904,525.8764,402.2246,0,0,0,""
5728,355.116618927108,2.6134236,"","","","147","850","[M+K]+","","4","5726;5732;5727;5728","316.15374",29.78644,39.366096,26.284775,6423.088,6301.0044,5689.445,27.308086,32.58923,31.988789,""
5727,339.142448660568,2.6234064,"","","","147","850","[M+Na]+","","4","5726;5732;5727;5728","316.15374",38.42286,48.516495,52.376194,16064.062,16261.258,14574.351,56.945194,38.654762,36.146767,""
5732,317.15934252373,2.6294146,"","","","147","850","[M+H]+","","3","5726;5727;5728","316.15374",0,0,0,745.3658,734.57733,610.2959,0,0,0,""
5752,250.069018812574,2.641826,"","","","142","853","[M+Na]+","","3","5758;5775;5752","227.0797",0,0,0,3735.7456,3788.51,2815.6067,0,0,0,""
5754,405.174058877602,2.641826,"","","","142","861","[M+Na]+","","2","5754;5901","382.18496",0,0,0,1206.3962,1301.0656,1236.1344,0,0,0,""
5760,376.197260045314,2.643894,"","","","142","857","[M+NH4]+","","4","5760;5761;5762;5759","358.16318",0,0,0,1390.9718,1275.8513,1204.3118,0,0,0,""
5761,381.151962259748,2.643894,"","","","142","857","[M+Na]+","","4","5760;5761;5762;5759","358.16318",0,0,0,4978.8413,4989.944,4370.649,0,0,0,""
5769,464.177760084433,2.643894,"","","","142","852","[M+NH4]+","","3","5778;5769;5763","446.14363",0,0,0,2418.3813,2834.785,2647.5354,0,0,0,""
5763,469.132723978419,2.643894,"","","","142","852","[M+Na]+","","3","5778;5769;5763","446.14363",0,0,0,3121.837,3431.8572,2763.9841,0,0,0,""
5775,266.042760278007,2.6459482,"","","","142","853","[M+K]+","","3","5758;5775;5752","227.0797",0,0,0,599.9859,554.2,523.3841,0,0,0,""
5776,367.136256621248,2.6459482,"","","","142","860","[M+Na]+","","2","5776;5794","344.14751",0,0,0,936.7359,996.9481,892.7646,0,0,0,""
5778,485.106598759097,2.646014,"","","","142","852","[M+K]+","","3","5778;5769;5763","446.14363",0,0,0,564.76166,588.94904,454.4138,0,0,0,""
5738,136.076180535077,2.6490889,"","","","142","","","","","","",1091.4697,242.58482,409.45743,16654.055,17102.377,15842.284,946.8428,696.151,336.6933,""
5794,362.181725357313,2.6500685,"","","","142","860","[M+NH4]+","","3","5776;5791;5794","344.14751",0,27.414288,0,541.4872,750.4803,735.97644,0,0,0,""
5789,442.229149262542,2.6501215,"","","","142","855","[M+NH4]+","","2","5792;5789","424.19529",0,0,0,14039.937,14702.871,13165.193,0,0,0,""
5792,447.184479219421,2.6521785,"","","","142","855","[M+Na]+","","2","5792;5789","424.19529",0,0,0,2646.9998,2746.0894,2270.7742,0,0,0,""
5795,519.198736454985,2.6522028,"","","","142","858","[M+H-H2O]+","","2","5783;5795","536.20206",0,0,0,1987.078,1927.4115,1875.96,0,0,0,""
5783,559.191319362168,2.6542618,"","","","142","858","[M+Na]+","","2","5783;5795","536.20206",0,0,0,328.06113,430.28955,193.66344,0,0,0,""
5758,228.08696488986,2.6548347,"","","","142","853","[M+H]+","","3","5758;5775;5752","227.0797",0,0,0,8480.139,8544.2705,6252.207,0,23.585331,0,""
5759,359.16946442781,2.6586788,"","","","142","857","[M+H]+","","4","5760;5761;5762;5759","358.16318",0,0,29.084503,7350.018,8159.796,7596.764,0,0,0,""
5762,397.127502647783,2.6591978,"","","","142","857","[M+K]+","","4","5760;5761;5762;5759","358.16318",0,0,0,2517.0403,2612.66,2474.644,0,21.653042,0,""
5813,431.111196268711,2.6625726,"","","","142","862","[M+K]+","","4","5813;5820;5821;5823","392.14847",0,0,0,4181.5444,4564.6504,4061.2217,0,0,0,""
5726,334.190007222313,2.6628458,"","","","147","850","[M+NH4]+","","4","5726;5732;5727;5728","316.15374",67.684555,0,34.501835,2179.8228,2709.5518,2347.0767,26.69159,28.12619,36.378906,""
5820,410.182624011038,2.6667163,"","","","142","862","[M+NH4]+","","4","5813;5820;5821;5823","392.14847",0,0,0,4119.5054,3719.7012,3413.874,0,0,0,""
5821,415.137032122708,2.6667163,"","","","142","862","[M+Na]+","","4","5813;5820;5821;5823","392.14847",0,0,0,11178.585,11274.615,10255.748,0,0,0,""
5823,375.145940458567,2.6717472,"","","","142","862","[M+H-H2O]+","","4","5813;5820;5821;5823","392.14847",0,22.301422,0,4205.9453,4064.396,3607.1777,0,0,0,""
5791,383.110737026693,2.6781034,"","","","142","860","[M+K]+","","2","5794;5791","344.14751",0,0,0,235.83702,205.37352,331.046,0,0,0,""
5901,400.218906986993,2.6879158,"","","","142","861","[M+NH4]+","","2","5754;5901","382.18496",80.64112,80.469406,139.78491,6553.8296,6486.5483,7025.299,168.72946,187.0203,140.75633,""
5875,413.082599770287,2.6958277,"","","","142","868","[M-H+2Na]+","","2","5875;5881","368.11133",0,0,0,1752.6191,1327.1827,1003.7304,0,0,0,""
5881,369.118488061035,2.6979218,"","","","142","868","[M+H]+","","3","5875;6018;5881","368.11133",0,0,0,19097.994,19636.06,14045.323,0,0,0,""
6018,391.100552516979,2.6979218,"","","","142","868","[M+Na]+","","2","6018;5881","368.11133",0,0,0,4596.3813,5768.53,4023.7742,0,0,0,""
5885,605.176713136249,2.6979225,"","","","142","870","[M+K]+","","2","5887;5885","566.21301",0,0,0,969.00055,1274.5831,950.0246,0,0,0,""
5887,589.201690042057,2.700016,"","","","142","870","[M+Na]+","","2","5887;5885","566.21301",0,0,0,1368.0048,1470.2848,1240.9148,0,0,0,""
5874,177.054787822011,2.7037811,"","","","142","","","","","","",31.892538,27.556427,23.499033,39237.266,40130.367,28826.703,24.89626,22.66042,55.497627,""
5892,406.244347652072,2.7042363,"","","","158","871","[M+NH4]+","","3","5898;5892;5893","388.21061",0,0,0,1682.5967,2811.0608,1329.0468,0,0,0,""
5893,427.172973662113,2.7042446,"","","","158","871","[M+K]+","","3","5898;5892;5893","388.21061",0,0,0,580.789,493.60767,343.9615,0,0,0,""
5900,124.076443445912,2.7048616,"","","","158","","","","","","",368.81604,174.47432,126.18743,24710.877,24862.8,20868.45,140.92188,382.1671,431.01993,""
5898,411.200694523474,2.7063468,"","","","158","871","[M+Na]+","","3","5898;5892;5893","388.21061",0,0,0,2081.337,2414.7236,1780.2166,0,0,0,""
5947,362.181930005515,2.7163892,"","","","161","876","[M+NH4]+","","2","5947;5944","344.14748",0,27.414288,0,415.32224,447.91278,725.7513,0,0,18.951803,""
5940,383.111009386242,2.727124,"","","","161","876","[M+K]+","","2","5940;5944","344.14748",0,0,0,305.8021,364.83865,342.9331,0,0,0,""
5944,367.135694634084,2.7292984,"","","","161","876","[M+Na]+","","3","5940;5947;5944","344.14748",0,0,0,1072.2968,1163.9049,1011.5658,0,0,0,""
5968,231.08593236744,2.7412508,"","","","161","878","[M+H-H2O]+","","3","5968;5969;5977","248.08989",28.381744,31.284113,22.964565,1712.195,2147.68,1773.6586,31.75553,30.46239,30.17743,""
5969,266.123997643383,2.742769,"","","","161","878","[M+NH4]+","","3","5968;5969;5977","248.08989",0,0,0,5213.5444,5458.7573,4957.0825,0,0,0,""
5977,271.079489772973,2.7470615,"","","","161","878","[M+Na]+","","3","5968;5969;5977","248.08989",0,0,0,919.78064,752.04553,743.62537,0,0,0,""
6005,450.234263706521,2.7661228,"","","","173","879","[M+NH4]+","","2","6007;6005","432.20111",0,0,0,407.0178,328.882,577.05286,0,0,0,""
6025,409.183569420201,2.7770808,"","","","173","888","[M+Na]+","","2","6217;6025","386.19472",89.41615,0,0,10576.066,9804.304,9285.221,24.715755,0,0,""
6024,519.199138790517,2.7810154,"","","","173","881","[M+H-H2O]+","","2","6031;6024","536.2021",0,0,0,1751.9971,1607.3832,1540.0457,0,0,0,""
6030,537.209189083885,2.785169,"","","","173","881","[M+H]+","","2","6031;6030","536.2021",0,0,0,8086.5063,8312.437,7284.3257,0,0,0,""
6031,559.191183270124,2.785169,"","","","173","881","[M+Na]+","","3","6031;6024;6030","536.2021",0,0,0,1521.216,1400.6796,1347.4772,0,0,0,""
6091,126.091931333019,2.7928586,"","","","173","","","","","","",108.734726,138.77522,137.8223,14466.173,14968.279,13465.748,38.52823,203.11057,47.162125,""
6038,606.256215874059,2.7934773,"","","","173","885","[M+NH4]+","","2","6080;6038","588.22271",0,0,0,1176.4708,1346.7383,1132.3358,0,0,0,""
6007,455.190996498058,2.7955801,"","","","173","879","[M+Na]+","","2","6007;6005","432.20111",0,0,0,1732.259,230.45992,370.7986,0,0,0,""
6042,412.219626446348,2.7955885,"","","","173","884","[M+NH4]+","","3","6042;6043;6044","394.18501",0,0,0,23359.764,24200.324,22730.87,0,0,0,""
6043,417.173859553224,2.7955885,"","","","173","884","[M+Na]+","","3","6042;6043;6044","394.18501",0,0,0,3640.1853,3820.8154,3538.6597,0,0,0,""
6044,433.147750753724,2.7955885,"","","","173","884","[M+K]+","","3","6042;6043;6044","394.18501",0,0,0,1463.0282,1484.8783,1457.5304,0,0,0,""
6217,425.158164246857,2.7965832,"","","","173","888","[M+K]+","","3","6217;6025;6163","386.19472",0,0,0,4221.8213,5353.826,3811.2437,0,22.878826,0,""
6070,434.203129632149,2.7997334,"","","","173","886","[M+Na]+","","2","6042;6070","411.21313",0,0,0,2685.0808,2722.6047,2619.1877,0,0,0,""
6080,611.212243758533,2.8018148,"","","","173","885","[M+Na]+","","2","6080;6038","588.22271",0,0,0,1911.0321,1882.1458,1825.7448,0,0,0,""
6120,191.14363390191,2.8067782,"","","","173","","","","","","",30.810455,31.10574,64.379105,12278.264,12866.013,11827.225,26.026836,54.36186,31.53408,""
6124,389.217691242955,2.810069,"","","","173","891","[M+H]+","","4","6128;6126;6125;6124","388.21069",0,0,0,13758.202,15115.146,12934.817,0,0,0,""
6126,427.173660011779,2.810069,"","","","173","891","[M+K]+","","4","6128;6126;6125;6124","388.21069",0,0,0,5798.8403,5690.0596,5295.751,0,0,0,""
6128,406.244395874417,2.8121498,"","","","173","891","[M+NH4]+","","4","6128;6126;6125;6124","388.21069",0,0,0,2728.3606,1897.8176,2584.1807,0,0,0,""
6121,209.154168019102,2.8248985,"","","","173","","","","","","",294.35114,839.9028,409.6663,31574.555,33453.043,29431.943,1184.6047,816.583,720.17535,""
6163,387.202064955665,2.834358,"","","","173","888","[M+H]+","","2","6217;6163","386.19472",0,0,0,1720.4053,2793.0142,1487.5818,0,0,0,""
6125,411.200499073093,2.8428035,"","","","173","891","[M+Na]+","","4","6128;6126;6125;6124","388.21069",0,26.723078,26.128689,18711.207,19041.365,16618.799,0,0,0,""
6179,455.192183509876,2.8434517,"","","","173","893","[M+H-H2O]+","","4","6184;6179;6180;6181","472.19576",0,0,0,1908.3694,1945.1923,1790.682,0,0,0,""
6180,490.22946764874,2.8434517,"","","","173","893","[M+NH4]+","","5","6184;6179;6180;6182;6181","472.19576",0,0,0,21842.158,21441.625,19725.047,0,0,0,""
6181,495.184985151524,2.8434517,"","","","173","893","[M+Na]+","","4","6179;6180;6182;6181","472.19576",0,0,0,4927.8857,4689.5044,4105.103,0,0,0,""
6182,473.202671953215,2.8455608,"","","","173","893","[M+H]+","","4","6184;6180;6182;6181","472.19576",0,0,0,5858.4634,5616.955,5161.7646,0,0,0,""
6184,517.167696177615,2.8455608,"","","","173","893","[M-H+2Na]+","","4","6184;6179;6180;6182","472.19576",0,0,0,842.06256,877.0611,688.4495,0,0,0,""
6206,409.184854938798,2.846054,"","","","173","899","[M+Na]+","","2","6322;6206","386.19501",89.41615,0,25.866674,4059.2114,3936.3306,3468.081,21.17042,0,0,""
6191,260.089896561991,2.848149,"","","","173","895","[M+Na]+","","3","6193;6191;6194","237.10061",0,0,0,4791.9653,4536.22,2729.362,0,0,0,""
6194,276.063815097284,2.8482475,"","","","173","895","[M+K]+","","3","6193;6191;6194","237.10061",0,0,0,1651.1372,1474.2292,1001.53735,0,0,0,""
6202,224.035540889139,2.8509223,"","","","173","896","[M+Na]+","","2","6199;6202","201.04636",0,0,0,307.54874,253.31009,105.314606,0,0,0,""
6199,202.053675197384,2.8535106,"","","","173","896","[M+H]+","","2","6199;6202","201.04636",0,0,0,2513.8213,2436.342,1517.4843,0,0,0,""
6193,238.107780925976,2.8558838,"","","","173","895","[M+H]+","","3","6193;6191;6194","237.10061",108.34999,21.287317,0,10543.611,9599.157,6309.338,17.166704,0,0,""
6208,304.079760453766,2.857714,"","","","173","898","[M+Na]+","","2","6205;6208","281.09077",0,0,0,419.92712,408.1522,401.246,0,0,0,""
6211,547.214966077252,2.861265,"","","","173","897","[M+Na]+","","2","6211;6212","524.22634",0,0,0,871.85223,844.28217,617.1657,0,0,0,""
6212,542.260760321907,2.861913,"","","","173","897","[M+NH4]+","","2","6211;6212","524.22634",0,0,0,1759.946,1783.5901,1603.978,0,0,0,""
6222,606.256435394681,2.8657503,"","","","173","910","[M+NH4]+","","2","6215;6222","588.21902",0,0,0,1112.9049,1002.4238,921.0704,0,0,0,""
6225,350.218002160349,2.8672178,"","","","173","902","[M+NH4]+","","3","6232;6225;6226","332.18435",0,0,0,6817.637,6817.5703,6493.5645,0,0,0,""
6227,258.074316356242,2.8675725,"","","","173","901","[M+Na]+","","3","6233;6231;6227","235.08486",0,0,0,1216.0181,1007.5121,584.2786,0,0,0,""
6231,274.048090894932,2.8693218,"","","","173","901","[M+K]+","","3","6233;6231;6227","235.08486",0,0,0,622.9168,588.995,266.51093,0,0,0,""
6205,282.09827277368,2.869479,"","","","173","898","[M+H]+","","2","6205;6208","281.09077",21.631603,0,0,4773.8667,4580.6157,4303.6606,0,0,0,""
6233,236.091820885607,2.8696222,"","","","173","901","[M+H]+","","3","6233;6231;6227","235.08486",0,0,0,732.4726,852.0215,546.59894,17.423914,0,0,""
6310,366.212242135769,2.871689,"","","","173","905","[M+NH4]+","","2","6310;6311","348.1789",0,0,0,833.93866,823.9663,762.2868,22.421478,0,24.72419,""
6226,355.173708405123,2.8730247,"","","","173","902","[M+Na]+","","3","6232;6225;6226","332.18435",32.66478,0,0,6520.423,7006.741,6605.3945,0,23.34301,0,""
6232,371.147537905589,2.8731344,"","","","173","902","[M+K]+","","3","6232;6225;6226","332.18435",0,25.139688,0,3457.216,3613.5488,3512.4475,0,0,0,""
6244,412.219200089666,2.879879,"","","","173","904","[M+NH4]+","","3","6244;6249;6257","394.18501",0,0,0,8855.49,9347.403,8071.8857,0,0,0,""
6249,417.173943392538,2.8820026,"","","","173","904","[M+Na]+","","2","6244;6249","394.18501",0,0,0,1973.0797,2196.8323,1814.6058,0,0,0,""
6322,425.157541717989,2.884996,"","","","173","899","[M+K]+","","2","6322;6206","386.19501",0,0,0,985.9438,180.2787,632.39307,0,22.878826,0,""
6257,433.148099218736,2.8861847,"","","","173","904","[M+K]+","","2","6244;6257","394.18501",0,0,0,632.01324,624.8839,501.04572,0,0,0,""
6335,175.087173446307,2.8876932,"","","","173","913","[M+H]+","","3","6337;6335;6336","174.07967",0,0,0,4896.1475,4801.868,4602.662,0,17.527374,0,""
6337,213.042462917737,2.8915794,"","","","173","913","[M+K]+","","3","6337;6335;6336","174.07967",0,0,0,1082.9651,1009.67645,859.03357,17.727013,0,0,""
6294,484.13782669509,2.894235,"","","","173","912","[M+K]+","","3","6296;6294;6312","445.17477",0,0,0,1615.3667,1467.8667,1452.9896,0,0,0,""
6296,446.182281456153,2.8942573,"","","","173","912","[M+H]+","","3","6296;6294;6312","445.17477",0,0,0,1186.7775,1124.9968,948.9305,0,0,0,""
6385,355.116400572658,2.8947716,"","","","173","920","[M+K]+","","3","6385;6331;6348","316.15307",0,30.622818,28.05809,1238.0295,891.75433,1381.9192,34.603485,25.14806,42.964977,""
6304,855.33139883474,2.8963482,"","","","173","914","[M+H]+","","3","6313;6304;6314","854.32436",0,0,0,15555.767,16069.178,14358.187,0,0,0,""
6311,387.142541721841,2.8985035,"","","","173","905","[M+K]+","","2","6310;6311","348.1789",0,0,0,1102.4497,1374.1748,1152.4596,0,0,0,""
6312,468.1638539651,2.8985035,"","","","173","912","[M+Na]+","","3","6296;6294;6312","445.17477",0,0,0,1682.3319,1662.8855,1457.133,0,0,0,""
6313,872.358475402833,2.8985035,"","","","173","914","[M+NH4]+","","3","6313;6304;6314","854.32436",0,0,0,3888.1946,4128.598,3532.6125,0,0,0,""
6314,877.313536357913,2.8985035,"","","","173","914","[M+Na]+","","3","6313;6304;6314","854.32436",0,0,0,1316.2758,1217.3412,962.04974,0,0,0,""
6323,586.215244279247,2.9027574,"","","","173","916","[M+NH4]+","","2","6325;6323","568.18123",0,0,0,342.92337,312.17435,466.0884,0,0,0,""
6325,607.144200182308,2.9027574,"","","","173","916","[M+K]+","","2","6323;6325","568.18123",0,0,0,237.49556,164.2447,185.65027,0,0,0,""
6327,369.117645570099,2.9045238,"","","","173","918","[M+H]+","","2","6327;6338","368.11081",0,0,0,2003.2708,1935.3995,1668.7125,0,0,0,""
6336,197.069030037778,2.9083843,"","","","173","913","[M+Na]+","","3","6337;6335;6336","174.07967",0,0,0,2099.4375,2027.4579,1980.7866,0,0,0,""
6338,391.100477519585,2.9083843,"","","","173","918","[M+Na]+","","2","6327;6338","368.11081",0,0,0,852.6107,775.2245,540.4052,0,0,0,""
6347,158.060343950642,2.9122553,"","","","173","915","[M+H]+","","2","6347;6335","157.05321",0,0,0,410.26022,453.2439,423.52637,0,0,0,""
6354,420.223956323743,2.9141657,"","","","173","922","[M+NH4]+","","2","6354;6355","402.19092",0,0,0,6956.2646,7353.2085,6887.9062,23.863543,0,0,""
6355,425.180929617314,2.9164884,"","","","173","922","[M+Na]+","","2","6354;6355","402.19092",0,0,0,1147.629,1223.8367,1163.0364,0,0,0,""
6331,339.141582458145,2.9192805,"","","","173","920","[M+Na]+","","3","6385;6331;6348","316.15307",42.56954,35.061546,67.93896,6061.178,6191.359,4487.403,35.75912,78.36355,42.325836,""
6348,334.187435739451,2.9203064,"","","","173","920","[M+NH4]+","","3","6385;6331;6348","316.15307",31.133919,68.532486,32.448914,652.53595,589.24054,593.71985,27.234867,53.292397,32.41971,""
6215,611.204651695908,2.9210348,"","","","173","910","[M+Na]+","","2","6215;6222","588.21902",0,0,0,1273.4749,2296.084,861.599,0,0,0,""
6405,411.200633721516,2.9257367,"","","","173","926","[M+Na]+","","2","6398;6405","388.21051",0,26.723078,26.128689,4852.709,4710.909,4364.0073,0,0,0,""
6472,371.147676943977,2.9399664,"","","","173","928","[M+K]+","","3","6411;6438;6472","332.18436",0,25.139688,0,2016.0377,2109.816,1756.7206,0,0,0,""
6438,355.174002980723,2.9429007,"","","","173","928","[M+Na]+","","3","6411;6438;6472","332.18436",32.66478,0,0,4232.6606,4129.078,3759.9717,0,25.700623,0,""
6353,323.090230645873,2.9442358,"","","","173","927","[M+K]+","","2","6343;6353","284.12694",36.494896,82.65585,112.91902,3070.5337,2603.24,2629.251,168.23459,69.08484,110.60437,""
6398,427.172760217594,2.9462738,"","","","173","926","[M+K]+","","2","6398;6405","388.21051",0,0,0,1618.0189,1712.1758,1461.9609,0,0,0,""
6400,589.182757972419,2.946273,"","","","173","929","[M+K]+","","2","6406;6400","550.21898",0,0,0,1489.8799,1431.8253,1366.7766,0,0,0,""
6406,573.20757354787,2.948291,"","","","173","929","[M+Na]+","","2","6406;6400","550.21898",0,0,0,3006.8599,2864.8335,2566.6382,0,0,0,""
6411,350.217601188367,2.950309,"","","","173","928","[M+NH4]+","","3","6411;6438;6472","332.18436",0,0,0,944.28656,1163.9276,1063.2858,0,0,0,""
6423,303.049681352577,2.9523222,"","","","173","","","","","","",0,0,0,39854.637,39880.06,38446.44,0,0,0,""
6427,655.126833840161,2.9523222,"","","","173","932","[M-H+2Na]+","","3","6440;6427;6442","610.1555",0,0,0,3254.0415,3434.3137,3106.775,0,0,0,""
6428,665.134346085348,2.9523222,"","","","173","934","[M+Na]+","","3","6491;6484;6428","642.14497",0,0,0,1311.4703,1096.6189,1041.3662,0,0,0,""
6429,695.115155679374,2.9523222,"","","","173","931","[M+H]+","","2","6429;6445","694.10746",0,0,0,5648.3105,5402.0146,5429.1987,0,0,0,""
6440,611.163069085612,2.9543514,"","","","173","932","[M+H]+","","5","6427;6448;6440;6442;6441","610.1555",0,0,0,471102.56,467453.34,447067.78,0,0,0,""
6441,633.144846930312,2.9543514,"","","","173","932","[M+Na]+","","3","6440;6442;6441","610.1555",0,0,0,79635,78910.62,73072.164,0,0,0,""
6442,649.118391565538,2.9543514,"","","","173","932","[M+K]+","","5","6440;6427;6448;6442;6441","610.1555",0,0,0,8191.594,8413.044,7610.8745,0,0,0,""
6482,609.146983695033,2.95436,"","","","173","935","[M+H]+","","3","6475;6474;6457","608.13958",0,0,0,613.64325,281.0783,637.0563,0,0,0,""
6445,717.096258647273,2.9543514,"","","","173","931","[M+Na]+","","2","6429;6445","694.10746",0,0,0,1840.0608,1858.4554,1672.4028,0,0,0,""
6450,679.138103532833,2.95436,"","","","173","933","[M+H]+","","2","6445;6450","678.13196",0,0,0,673.8187,446.4441,654.409,0,0,0,""
6447,701.129768983712,2.9543648,"","","","173","936","[M+H]+","","2","6447;6490","700.12246",0,0,0,1788.1829,1530.682,1555.9691,0,0,0,""
6448,1243.29953950148,2.9543514,"","","","173","932","[2M+Na]+","","3","6440;6448;6442","610.1555",0,0,0,1878.1937,1720.8038,1655.4496,0,0,0,""
6454,301.034622066233,2.956394,"","","","173","","","","","","",0,0,0,17495.467,17105.04,16567.629,0,0,0,""
6455,465.103696786068,2.9563892,"","","","173","","","","","","",0,0,0,15181.484,14896.467,14294.627,0,0,0,""
6457,647.101872140938,2.9563892,"","","","173","935","[M+K]+","","4","6475;6474;6457;6482","608.13958",0,0,0,3297.1433,3395.9778,2902.813,0,0,0,""
6484,660.179779840593,2.9564025,"","","","173","934","[M+NH4]+","","2","6484;6428","642.14497",0,0,0,634.1416,311.81317,451.56775,0,0,0,""
6474,626.173888938035,2.9584315,"","","","173","935","[M+NH4]+","","4","6475;6474;6457;6482","608.13958",0,0,0,19933.373,18990.887,18027.6,0,0,0,""
6475,631.129067850075,2.9584315,"","","","173","935","[M+Na]+","","4","6475;6474;6457;6482","608.13958",0,0,0,7694.12,8056.992,6879.8286,0,0,0,""
6490,723.111648282479,2.960451,"","","","173","936","[M+Na]+","","2","6447;6490","700.12246",0,0,0,1204.2468,1340.0922,1114.5647,0,0,0,""
6491,643.151100903564,2.9604628,"","","","173","934","[M+H]+","","2","6491;6428","642.14497",0,0,0,1744.4084,1747.0012,1848.7091,0,0,0,""
6513,498.174023511453,2.968589,"","","","173","942","[M+Na]+","","3","6513;6552;6526","475.18505",0,0,0,6638.4062,6799.926,5740.787,0,0,0,""
6437,381.080123191113,2.9694142,"","","","173","940","[M+K]+","","2","6437;6479","342.11696",43.97149,33.72014,75.56047,1009.41406,883.96533,991.3649,48.63817,54.263893,67.37369,""
6526,514.148717145022,2.979265,"","","","173","942","[M+K]+","","2","6513;6526","475.18505",0,0,0,5523.2886,5337.73,4858.0454,0,0,0,""
6552,476.192073693461,2.9978447,"","","","173","942","[M+H]+","","2","6513;6552","475.18505",0,0,0,2231.3794,2610.0676,2294.4504,0,0,0,""
6496,285.132662606143,3.006894,"","","","173","945","[M+Na]+","","2","6510;6496","262.14289",220.9391,221.76628,131.95337,2564.8735,2653.7117,2525.8025,279.86368,123.26997,385.54727,""
6510,301.105690712022,3.0092409,"","","","173","945","[M+K]+","","3","6499;6510;6496","262.14289",0,0,0,794.73785,680.81757,433.30734,40.828564,18.736582,18.581547,""
6585,427.173595458306,3.0170615,"","","","176","948","[M+K]+","","4","6583;6586;6585;6594","388.21099",0,0,0,2253.5217,2097.6938,1779.5841,0,0,0,""
6586,389.217691393163,3.0171454,"","","","176","948","[M+H]+","","3","6583;6586;6585","388.21099",0,0,0,2209.8503,2419.1223,2016.9862,0,0,0,""
6587,538.22982173078,3.0171454,"","","","176","947","[M+NH4]+","","3","6595;6588;6587","520.19615",0,0,0,2810.081,3073.5515,2721.7827,0,0,0,""
6595,543.184784670262,3.0205593,"","","","176","947","[M+Na]+","","3","6595;6588;6587","520.19615",0,0,0,1208.6772,1311.3087,1165.9369,0,0,0,""
6594,371.208680842162,3.023577,"","","","176","948","[M+H-H2O]+","","3","6583;6585;6594","388.21099",0,0,0,136.421,380.71262,329.61902,0,27.753353,0,""
6588,559.160047030706,3.0244362,"","","","176","947","[M+K]+","","3","6595;6588;6587","520.19615",0,0,0,409.0292,415.50266,172.45068,0,0,0,""
6583,411.200353421645,3.0276256,"","","","176","948","[M+Na]+","","4","6583;6586;6585;6594","388.21099",0,27.319849,0,5559.391,5807.473,5568.6973,0,0,0,""
6609,395.131929811192,3.032285,"","","","188","949","[M+Na]+","","3","6614;6617;6609","372.14288",0,0,0,1453.3419,1246.5519,572.6466,0,0,0,""
6616,544.157790666412,3.0337543,"","","","188","950","[M+K]+","","2","6616;6604","505.19506",0,0,0,261.9023,426.88348,388.05817,0,0,0,""
6617,390.176715469403,3.034028,"","","","188","949","[M+NH4]+","","3","6614;6617;6609","372.14288",0,0,0,1862.7823,1452.1553,748.4767,0,0,0,""
6620,484.138192426751,3.034028,"","","","188","951","[M+K]+","","3","6629;6620;6623","445.17469",0,0,0,201.50958,640.13214,437.70993,0,0,0,""
6604,523.229309990661,3.0344284,"","","","188","950","[M+NH4]+","","2","6616;6604","505.19506",0,0,0,171.55254,192.7608,114.41179,0,0,0,""
6614,411.10619956982,3.0354974,"","","","188","949","[M+K]+","","3","6614;6617;6609","372.14288",0,0,0,1708.2701,1510.7026,546.09924,0,0,0,""
6623,446.181629393039,3.036914,"","","","188","951","[M+H]+","","3","6629;6620;6623","445.17469",0,0,0,961.4422,790.4665,870.6573,0,0,0,""
6629,468.163900368051,3.0390575,"","","","188","951","[M+Na]+","","3","6629;6620;6623","445.17469",0,0,0,1285.4366,1383.5266,1198.3477,0,0,0,""
6650,561.173997342038,3.0450075,"","","","188","952","[M+K]+","","3","6648;6650;6647","522.21104",0,0,0,108.65115,258.9733,36.931953,0,0,0,""
6712,353.158370532325,3.0452042,"","","","188","955","[M+Na]+","","2","6712;6708","330.17009",59.122414,35.92215,32.895386,1779.1376,1832.8373,1449.4698,25.082415,27.009422,35.34599,""
6647,545.200358429679,3.047167,"","","","188","952","[M+Na]+","","3","6648;6650;6647","522.21104",0,0,0,1159.5674,1047.4767,851.5963,0,0,0,""
6648,540.244969657794,3.047923,"","","","188","952","[M+NH4]+","","3","6648;6650;6647","522.21104",0,0,0,2655.0835,2675.1426,2104.2703,0,0,0,""
6670,440.192271300988,3.0578015,"","","","188","956","[M+NH4]+","","4","6678;6698;6670;6691","422.15853",0,0,0,1102.3435,1068.0681,559.2437,0,0,0,""
6678,445.147693468219,3.059912,"","","","188","956","[M+Na]+","","4","6678;6698;6670;6691","422.15853",0,0,0,6879.227,6583.4927,3318.1226,0,0,0,""
6708,348.204841572705,3.061109,"","","","188","955","[M+NH4]+","","2","6712;6708","330.17009",88.48697,30.433758,71.7065,633.7967,773.78613,849.2628,27.658272,47.9907,25.874964,""
6698,461.121646061156,3.062093,"","","","188","956","[M+K]+","","4","6678;6698;6670;6691","422.15853",0,0,0,1917.0973,1695.399,760.7265,0,0,0,""
6730,230.079430002749,3.067643,"","","","188","963","[M+Na]+","","2","6722;6730","207.09064",0,0,0,126.06232,304.18875,291.1882,0,0,0,""
6715,917.368142332544,3.0697758,"","","","188","960","[M+H]+","","2","6739;6715","916.35949",0,0,0,570.2664,839.2316,588.2022,0,0,0,""
6691,405.155407016657,3.0721185,"","","","188","956","[M+H-H2O]+","","4","6678;6698;6670;6691","422.15853",0,0,0,182.3284,229.0562,32.859085,0,0,0,""
6739,934.391934601656,3.0761087,"","","","188","960","[M+NH4]+","","2","6739;6715","916.35949",0,0,0,337.96365,361.94846,262.43866,0,0,0,""
6740,641.224061413309,3.0761964,"","","","188","961","[M+Na]+","","2","6743;6740","618.23433",0,0,0,2289.303,1972.5271,1937.4517,0,0,0,""
6743,636.267639681585,3.0778768,"","","","188","961","[M+NH4]+","","2","6743;6740","618.23433",0,0,0,721.5238,577.38104,625.4493,0,0,0,""
6760,503.059056047673,3.088536,"","","","188","965","[M+K]+","","3","6766;6760;6767","464.09631",0,0,0,637.83685,757.6344,700.39777,0,0,0,""
6766,465.103811283891,3.0906506,"","","","188","965","[M+H]+","","3","6766;6760;6767","464.09631",0,0,0,26680.502,28004.174,26886.072,0,0,0,""
6767,487.085707401597,3.0906506,"","","","188","965","[M+Na]+","","3","6766;6760;6767","464.09631",0,0,0,9536.078,9781.094,9413.435,0,0,0,""
6763,253.048221884773,3.0912724,"","","","188","962","[M+K]+","","3","6763;6759;6773","214.08447",0,0,0,591.0216,597.16675,285.1512,0,0,30.945103,""
6874,406.244310718258,3.097426,"","","","188","971","[M+NH4]+","","2","6881;6874","388.21079",0,0,0,3064.9958,3795.3828,996.854,0,0,18.459658,""
6759,237.074289432212,3.098611,"","","","188","962","[M+Na]+","","3","6763;6759;6773","214.08447",0,31.320906,25.722393,1326.6171,1467.121,834.1703,17.82113,0,15.495932,""
6789,463.158169967209,3.1002522,"","","","188","967","[M+Na]+","","2","6789;6794","440.16887",0,0,0,639.7476,837.67676,338.37207,0,0,0,""
6794,479.131951816199,3.1023576,"","","","188","967","[M+K]+","","2","6789;6794","440.16887",0,0,0,265.6974,245.57996,288.31696,0,0,0,""
6786,535.27617489875,3.1023576,"","","","188","970","[M+H]+","","2","6793;6786","534.26914",0,0,0,9861.118,10853.7,9634.769,0,0,0,""
6841,440.192296112243,3.1040294,"","","","188","973","[M+NH4]+","","3","6840;6852;6841","422.15849",0,0,0,722.8962,555.2058,564.498,0,0,0,""
6793,557.258755762268,3.1044407,"","","","188","970","[M+Na]+","","3","6793;6780;6786","534.26914",0,0,0,2463.6755,2512.1062,2270.6143,0,0,0,""
6722,208.098342813699,3.1056442,"","","","188","963","[M+H]+","","2","6722;6730","207.09064",55.367405,0,28.923183,2214.7805,2485.3057,2439.4658,0,0,0,""
6780,552.302795057596,3.106549,"","","","188","970","[M+NH4]+","","2","6793;6780","534.26914",0,0,0,577.09106,527.7843,404.39334,0,0,0,""
6880,855.330934026547,3.1079137,"","","","188","976","[2M+Na]+","","2","6880;6883","416.17005",0,0,0,1102.8674,1517.3757,981.1231,0,0,0,""
6693,646.26877313922,3.1110623,"","","","188","975","[M+Na]+","","2","6693;6871","623.27949",0,0,0,112.3823,303.86945,194.67276,0,0,0,""
6823,595.167479527811,3.117625,"","","","188","972","[M+H]+","","2","6823;6824","594.16061",0,0,0,6670.539,6706.049,6264.004,0,0,0,""
6824,617.150237592358,3.117625,"","","","188","972","[M+Na]+","","2","6823;6824","594.16061",0,0,0,1369.6917,1525.7986,1376.6807,0,0,0,""
6816,406.126999014757,3.123132,"","","","188","978","[M+Na]+","","2","6816;6876","383.13759",0,0,0,1365.586,609.6153,1460.2351,0,0,0,""
6881,411.200305878079,3.1233685,"","","","188","971","[M+Na]+","","2","6881;6874","388.21079",0,27.319849,22.390713,2591.944,3005.5417,2052.5583,0,0,0,""
6840,445.147839637842,3.1259773,"","","","188","973","[M+Na]+","","3","6840;6852;6841","422.15849",0,0,0,3814.7688,3459.3528,1801.7792,0,0,0,""
6843,519.198651972995,3.128087,"","","","188","","","","","","",0,0,0,12252.24,12343.872,11680.242,0,0,0,""
6852,461.121524958796,3.130212,"","","","188","973","[M+K]+","","3","6840;6852;6841","422.15849",0,0,0,878.7291,794.2256,407.66254,0,0,0,""
6855,476.191490144644,3.1307137,"","","","188","980","[M+H]+","","3","6910;6907;6855","475.18475",0,0,0,2441.566,4219.299,882.0324,0,0,0,""
6858,573.206255338769,3.1319087,"","","","188","979","[M+Na]+","","2","6858;6859","550.21762",0,0,0,8624.095,8391.78,8290.54,0,0,0,""
6859,589.181360734378,3.1319087,"","","","188","979","[M+K]+","","2","6858;6859","550.21762",0,0,0,4650.379,4418.066,4195.303,0,0,0,""
6861,422.100554241243,3.1320179,"","","","188","978","[M+K]+","","2","6876;6861","383.13759",0,0,0,937.036,1004.471,869.86725,0,0,0,""
6871,624.286709440676,3.1357234,"","","","188","975","[M+H]+","","2","6693;6871","623.27949",0,0,0,4929.57,5303.8896,4785.338,0,0,0,""
6876,384.144880601003,3.1378415,"","","","188","978","[M+H]+","","3","6816;6876;6861","383.13759",0,0,0,17665.492,23327.123,20069.479,0,0,0,""
6883,434.203063109398,3.1399448,"","","","188","976","[M+NH4]+","","2","6880;6883","416.17005",0,0,0,2265.877,3083.5417,1797.4534,0,0,0,""
6899,379.079759695245,3.1474216,"","","","188","982","[M+K]+","","3","6896;6899;6901","340.11645",0,0,0,3299.1287,2663.3423,1149.581,0,0,0,""
6896,358.150300796727,3.147752,"","","","188","982","[M+NH4]+","","3","6896;6899;6901","340.11645",0,0,0,1785.8347,1436.5776,815.83984,0,0,0,""
6901,363.105481460663,3.1478148,"","","","188","982","[M+Na]+","","3","6896;6899;6901","340.11645",0,0,0,1784.0682,1457.0471,553.02966,0,0,0,""
6907,514.148152756877,3.151018,"","","","188","980","[M+K]+","","3","6910;6907;6855","475.18475",0,0,0,1477.5483,1436.7898,1402.598,0,0,0,""
6910,498.174271982162,3.1512477,"","","","188","980","[M+Na]+","","3","6910;6907;6855","475.18475",0,0,0,3259.807,3270.3833,2825.8684,0,0,0,""
6986,490.229766868888,3.163466,"","","","188","990","[M+NH4]+","","2","6986;6984","472.19574",0,24.040646,0,999.0757,1091.7511,860.8541,0,0,0,""
7002,409.185257050289,3.170946,"","","","188","992","[M+Na]+","","2","7002;7013","386.19527",0,21.068754,0,7747.3525,10019.448,8364.334,20.990353,31.867981,17.20366,""
6984,473.202804226971,3.1781816,"","","","188","990","[M+H]+","","2","6986;6984","472.19574",0,0,0,2234.5073,2427.9043,2298.4644,0,0,0,""
6991,567.206939339834,3.184983,"","","","188","993","[M+Na]+","","2","6991;6997","544.21771",0,0,0,850.7978,995.0539,757.7531,0,0,0,""
6997,562.251531300956,3.1870975,"","","","188","993","[M+NH4]+","","2","6991;6997","544.21771",0,0,0,1676.9297,1871.913,1845.882,0,0,0,""
7013,425.157664503473,3.1919308,"","","","188","992","[M+K]+","","2","7002;7013","386.19527",0,0,0,2536.6575,2623.201,2226.42,0,0,0,""
7021,287.054919455622,3.1960738,"","","","188","","","","","","",0,0,0,8407.546,8661.312,8733.222,0,0,0,""
7025,506.203375212319,3.1960738,"","","","188","998","[M+H]+","","2","7026;7027","505.1962",0,0,0,747.48975,915.6461,845.08984,0,0,0,""
7026,528.185580502934,3.1960738,"","","","188","998","[M+Na]+","","3","7026;7025;7027","505.1962",0,0,0,1044.2191,949.88025,677.5797,0,0,0,""
7027,544.159283402671,3.1960738,"","","","188","998","[M+K]+","","3","7026;7025;7027","505.1962",0,0,0,337.418,399.83286,387.7813,0,0,0,""
7028,595.16764890451,3.1960738,"","","","188","999","[M+H]+","","3","7031;7030;7028","594.16053",0,0,0,86727.25,89565.56,90155.75,0,0,0,""
7030,617.149972909782,3.1960738,"","","","188","999","[M+Na]+","","3","7031;7028;7030","594.16053",0,0,0,16290.242,16312.111,15483.215,0,0,0,""
7031,633.123633635092,3.1960738,"","","","188","999","[M+K]+","","3","7031;7030;7028","594.16053",0,0,0,1408.0923,1489.549,1244.4985,0,0,0,""
7017,679.1202218708,3.1960738,"","","","188","1000","[M+H]+","","2","7017;7022","678.11398",0,0,0,800.31635,857.0567,848.75757,0,0,0,""
7032,682.403253388591,3.1960738,"","","","188","1001","[M+NH4]+","","2","7034;7032","664.36947",0,0,0,3131.2822,3305.3,3176.4097,0,0,0,""
7018,685.136713956978,3.1981232,"","","","188","1004","[M+H]+","","2","7018;7023","684.12929",0,0,0,788.4948,601.98663,485.94467,0,0,0,""
7022,701.104230929262,3.1981232,"","","","188","1000","[M+Na]+","","2","7017;7022","678.11398",0,0,0,330.24768,286.74213,288.00833,0,0,0,""
7034,687.358730249628,3.198148,"","","","188","1001","[M+Na]+","","2","7032;7034","664.36947",0,0,0,798.4648,834.20276,749.7786,0,0,0,""
7023,707.118355278415,3.2001972,"","","","188","1004","[M+Na]+","","2","7018;7023","684.12929",0,0,0,226.59328,262.1894,186.83401,0,0,0,""
7113,235.073603698267,3.2293499,"","","","210","1008","[M+K]+","","3","7113;7089;7117","196.11068",0,0,0,553.6039,610.30884,589.58984,0,0,0,""
7117,219.100311562217,3.2342951,"","","","210","1008","[M+Na]+","","3","7113;7089;7117","196.11068",88.04742,143.95844,259.72995,2967.9307,2646.552,2779.9697,97.942825,64.97374,167.65486,""
7158,365.171846411221,3.2426255,"","","","210","1011","[M+H]+","","2","7192;7158","364.1646",0,0,0,8760.512,9597.81,8634.293,0,0,0,""
7192,387.153857225247,3.243986,"","","","210","1011","[M+Na]+","","2","7192;7158","364.1646",0,0,0,611.53,574.7696,454.22507,0,0,0,""
7170,815.408454863242,3.2461472,"","","","210","1012","[M+H]+","","4","7170;7173;7171;7176","814.40095",0,0,0,1645.1954,1638.5054,1524.3391,0,0,0,""
7171,832.434886997848,3.2461472,"","","","210","1012","[M+NH4]+","","4","7170;7173;7171;7176","814.40095",0,0,0,7676.271,7955.3916,7567.398,0,0,0,""
7173,853.364100626483,3.2461472,"","","","210","1012","[M+K]+","","4","7170;7173;7171;7176","814.40095",0,0,0,516.9917,402.86127,367.81097,0,0,0,""
7174,625.17888834045,3.2475615,"","","","210","1013","[M+H]+","","2","7175;7174","624.17133",0,0,0,6744.701,7029.911,6380.4756,0,0,0,""
7175,647.160259153252,3.2475615,"","","","210","1013","[M+Na]+","","2","7175;7174","624.17133",0,0,0,1137.8905,1057.032,1001.2273,0,0,0,""
7176,837.389847819295,3.2479124,"","","","210","1012","[M+Na]+","","4","7170;7173;7171;7176","814.40095",0,0,0,1386.9852,1392.2565,1416.3203,0,0,0,""
7187,612.230291493175,3.2496707,"","","","210","1015","[M+NH4]+","","2","7187;7189","594.19763",0,0,0,1406.7799,1632.0211,1348.6858,0,0,0,""
7189,633.160391113993,3.2517946,"","","","210","1015","[M+K]+","","3","7194;7187;7189","594.19763",0,0,0,602.8708,609.80493,580.28174,0,0,0,""
7194,617.188414035937,3.2518375,"","","","210","1015","[M+Na]+","","2","7194;7189","594.19763",0,0,0,1706.6198,1670.6256,1595.0995,0,0,0,""
7195,755.277520638579,3.2518375,"","","","210","1018","[M+Na]+","","2","7195;7206","732.28739",0,0,0,230.1537,377.1958,258.06763,0,0,0,""
7058,574.250897650464,3.253609,"","","","210","1017","[M+NH4]+","","2","7058;7197","556.21733",0,0,0,746.7678,1044.4778,685.6317,0,0,0,""
7197,579.206802136689,3.2539465,"","","","210","1017","[M+Na]+","","2","7058;7197","556.21733",0,0,0,555.68866,540.4275,522.2129,0,0,0,""
7206,750.320307703564,3.2574701,"","","","210","1018","[M+NH4]+","","2","7195;7206","732.28739",0,0,0,2550.3792,2824.871,2727.8716,0,0,0,""
7223,352.116474870069,3.2660685,"","","","210","1021","[M+Na]+","","2","7221;7223","329.12736",0,0,0,1173.5939,1130.2737,1038.6992,0,0,0,""
7229,236.092050792047,3.2701032,"","","","210","1020","[M+H]+","","3","7232;7230;7229","235.08495",0,0,0,537.5599,560.6481,171.35245,0,0,0,""
7230,274.048096027367,3.270463,"","","","210","1020","[M+K]+","","2","7230;7229","235.08495",0,0,0,243.75392,336.07996,200.33067,0,0,0,""
7232,258.074349050162,3.2729714,"","","","210","1020","[M+Na]+","","2","7232;7229","235.08495",0,0,0,992.96936,1023.5106,463.80145,0,0,0,""
7226,405.166546537745,3.280054,"","","","210","1027","[M+H]+","","1","7302","404.15922",0,0,0,220.95523,557.7796,339.45407,0,0,0,""
7260,409.16292709098,3.2860043,"","","","210","1025","[M+K]+","","3","7268;7260;7265","370.20064",0,0,0,1144.6217,1212.2303,865.2719,21.655348,30.160273,0,""
7266,582.220012228928,3.286684,"","","","210","1024","[M+NH4]+","","3","7273;7267;7266","564.18638",0,0,0,2442.6348,2604.0698,2538.3909,0,0,0,""
7267,603.14959326537,3.286684,"","","","210","1024","[M+K]+","","3","7273;7267;7266","564.18638",0,0,0,817.8946,1010.01105,961.5074,0,0,0,""
7265,393.189426028346,3.2873628,"","","","210","1025","[M+Na]+","","3","7260;7268;7265","370.20064",0,22.61185,0,3567.573,3602.3667,3126.4346,25.91863,27.354012,22.254549,""
7273,587.175723692374,3.2884777,"","","","210","1024","[M+Na]+","","3","7273;7267;7266","564.18638",0,0,0,1478.5996,1712.0062,1486.7263,0,0,0,""
7280,684.361002011992,3.2927167,"","","","210","1026","[M+NH4]+","","2","7282;7280","666.32779",0,0,0,390.5144,534.02527,438.49954,0,0,0,""
7282,649.325104649169,3.2959833,"","","","210","1026","[M+H-H2O]+","","2","7282;7280","666.32779",0,0,0,345.8045,317.52347,91.53723,0,0,0,""
7302,443.122529263328,3.3044941,"","","","210","1027","[M+K]+","","3","7302;7226;7098","404.15922",0,0,0,713.175,713.27783,734.5493,0,0,0,""
7303,596.235825941973,3.3044941,"","","","210","1029","[M+NH4]+","","3","7303;7304;7305","578.20219",0,0,0,4066.0586,4617.94,3919.0144,0,0,0,""
7304,601.191232052974,3.3044941,"","","","210","1029","[M+Na]+","","3","7303;7304;7305","578.20219",0,0,0,2462.9487,2593.5583,2391.129,0,0,0,""
7305,617.165723940605,3.3046143,"","","","210","1029","[M+K]+","","3","7303;7304;7305","578.20219",0,0,0,1763.573,2039.7063,1931.8126,0,0,0,""
7098,427.148242936067,3.3062594,"","","","210","1027","[M+Na]+","","2","7302;7098","404.15922",0,0,0,1020.8536,1113.8113,819.4448,0,0,0,""
7268,371.209216676027,3.3072004,"","","","210","1025","[M+H]+","","3","7260;7268;7265","370.20064",39.623642,0,0,3153.7273,3439.0657,2895.7437,0,0,0,""
7393,696.383233811889,3.3232894,"","","","210","1035","[M+NH4]+","","3","7406;7391;7393","678.3494",25.799416,0,0,8701.452,9289.736,8277.295,0,0,26.004759,""
7375,449.108909544505,3.3366916,"","","","210","1033","[M+H]+","","2","7375;7378","448.10174",0,0,0,4524.8784,4589.283,4228.6094,0,0,0,""
7378,471.091074325399,3.3388145,"","","","210","1033","[M+Na]+","","2","7375;7378","448.10174",0,0,0,3017.2832,3064.467,2830.0984,0,0,0,""
7445,409.18501147,3.3388462,"","","","210","1044","[M+Na]+","","2","7463;7445","386.19523",0,29.543493,26.066998,3197.7168,2649.3276,2437.3267,0,29.019566,29.089008,""
7243,1124.55118014426,3.3438742,"","","","210","1040","[M+NH4]+","","2","7243;7429","1106.51875",37.26368,25.700062,0,6690.5254,7262.39,6855.493,20.94553,0,0,""
7391,679.357419907863,3.344506,"","","","210","1035","[M+H]+","","1","7393","678.3494",0,0,0,430.1555,123.82864,196.45868,0,0,0,""
7398,413.111941706813,3.348327,"","","","210","1037","[M+K]+","","3","7396;7398;7405","374.14886",0,0,0,553.04645,488.82968,544.3143,0,0,0,""
7405,397.138173839281,3.3497963,"","","","210","1037","[M+Na]+","","3","7396;7398;7405","374.14886",0,0,0,1491.296,1393.0638,1256.7513,0,0,0,""
7406,701.337871994571,3.3497963,"","","","210","1035","[M+Na]+","","2","7406;7393","678.3494",0,0,0,2362.0254,2660.0518,2209.6365,0,0,0,""
7396,375.156111204324,3.3501346,"","","","210","1037","[M+H]+","","3","7396;7398;7405","374.14886",0,0,0,2231.1062,2139.8674,1952.9309,0,0,0,""
7425,566.201543786262,3.3516037,"","","","210","1042","[M+Na]+","","2","7425;7436","543.21236",0,0,0,2206.991,2197.7908,2148.3872,0,0,0,""
7426,598.250364108554,3.3516037,"","","","210","1041","[M+NH4]+","","3","7427;7437;7426","580.21728",0,0,0,2081.7888,2460.6902,2300.5293,0,0,0,""
7427,603.206521450141,3.3516037,"","","","210","1041","[M+Na]+","","3","7437;7427;7426","580.21728",0,0,0,2456.4714,2414.7664,2165.4575,0,0,0,""
7437,619.18114922103,3.3516037,"","","","210","1041","[M+K]+","","3","7427;7437;7426","580.21728",0,0,0,661.51825,696.14655,647.1179,0,0,0,""
7436,582.175555710092,3.353696,"","","","210","1042","[M+K]+","","2","7425;7436","543.21236",0,0,0,355.10248,390.34183,395.23383,0,0,0,""
7444,335.160930873879,3.3557987,"","","","210","","","","","","",0,0,0,6899.262,7679.957,6893.529,0,0,0,""
7446,571.292732141417,3.3557913,"","","","210","1043","[M+NH4]+","","2","7446;7429","553.25949",0,0,0,907.3295,1098.9963,1308.3984,0,0,0,""
7370,543.184742745372,3.357504,"","","","210","1045","[M+Na]+","","4","7370;7470;7468;7467","520.19583",0,0,0,1113.085,1285.9216,1105.4061,0,0,0,""
7429,1129.5093624678,3.3586588,"","","","210","1040","[M+Na]+","","2","7243;7429","1106.51875",0,0,0,1259.112,1029.6279,1021.72205,28.215193,0,0,""
7467,538.229546754033,3.359599,"","","","210","1045","[M+NH4]+","","4","7370;7470;7468;7467","520.19583",0,0,0,4240.6626,4581.7515,5579.9497,0,0,0,""
7468,559.159910969574,3.359599,"","","","210","1045","[M+K]+","","4","7370;7470;7468;7467","520.19583",0,0,0,223.72266,401.38217,283.09952,0,0,0,""
7470,503.192039328252,3.3617373,"","","","210","1045","[M+H-H2O]+","","4","7370;7470;7468;7467","520.19583",0,0,0,880.18,963.3532,821.61847,0,0,0,""
7492,387.107702999412,3.3706677,"","","","210","1051","[M+H-H2O]+","","2","7492;7506","404.11125",0,0,0,445.694,390.8588,486.5302,0,0,0,""
7506,422.145322971803,3.3741934,"","","","210","1051","[M+NH4]+","","2","7492;7506","404.11125",0,0,0,2257.9473,2300.6436,2084.946,0,0,0,""
7511,532.32841675539,3.3759558,"","","","210","1053","[M+H]+","","2","7511;7512","531.32162",0,0,0,2309.3552,2253.0786,1647.342,0,0,0,""
7463,425.157815009443,3.377901,"","","","210","1044","[M+K]+","","2","7463;7445","386.19523",0,20.377975,0,349.51633,568.60706,316.98138,0,0,0,""
7548,371.148555257342,3.3824315,"","","","210","1054","[M+K]+","","2","7548;7553","332.1851",0,0,0,193.11432,228.17549,127.21143,0,0,24.322496,""
7512,554.311323355077,3.3965418,"","","","210","1053","[M+Na]+","","2","7511;7512","531.32162",0,0,0,852.3262,874.47546,1105.1531,0,0,0,""
7557,501.101314988287,3.3974721,"","","","210","1055","[M+Na]+","","2","7563;7557","478.1124",0,0,0,543.82135,309.34778,129.38298,0,0,0,""
7553,355.174019071043,3.3977075,"","","","210","1054","[M+Na]+","","2","7548;7553","332.1851",0,26.689636,0,2169.2288,2893.9893,1717.5526,20.65358,20.290552,28.8386,""
7562,371.208504198654,3.3986866,"","","","210","1059","[M+H]+","","3","7568;7565;7562","370.20027",0,18.897232,0,1036.4735,1491.8103,911.7414,0,0,0,""
7563,479.119987300749,3.399232,"","","","210","1055","[M+H]+","","2","7563;7557","478.1124",0,0,0,930.2823,534.5974,683.4279,0,0,0,""
7568,393.189601647835,3.4093022,"","","","210","1059","[M+Na]+","","3","7568;7565;7562","370.20027",32.138325,22.61185,80.46394,3189.0332,3015.9949,2891.5396,28.924894,27.354012,33.289486,""
7588,764.31553976767,3.4114485,"","","","197","1063","[M+NH4]+","","2","7594;7588","746.28105",0,0,0,1426.9431,1237.9448,1401.5492,0,0,0,""
7616,404.229113955435,3.4160848,"","","","234","1064","[M+NH4]+","","2","7606;7616","386.19524",39.111504,22.704964,0,2214.2224,2266.4875,1683.6273,0,19.335373,25.31046,""
7607,783.310210453122,3.4214547,"","","","234","1066","[2M+H]+","","2","7606;7607","391.15147",0,0,0,1170.8375,1235.2273,939.7234,0,0,0,""
7608,821.39525543213,3.4214547,"","","","234","1062","[M+Na]+","","2","7608;7768","798.40609",0,0,0,799.03705,768.7005,849.0528,0,0,0,""
7768,816.439960054093,3.4235811,"","","","234","1062","[M+NH4]+","","2","7608;7768","798.40609",0,0,0,6429.0503,5034.649,5925.7905,0,0,0,""
7595,425.157522532255,3.4289556,"","","","234","1064","[M+K]+","","2","7606;7595","386.19524",0,0,0,350.03613,685.5698,316.98138,25.16836,0,0,""
7565,409.162359803322,3.4342499,"","","","210","1059","[M+K]+","","3","7568;7565;7562","370.20027",0,0,0,1538.1068,2223.4868,1944.6255,45.227562,0,0,""
7651,910.376311099458,3.4356568,"","","","234","1067","[M+NH4]+","","2","7651;7653","892.34228",0,0,0,7517.1436,7562.8135,7094.5845,0,0,0,""
7653,915.331298971897,3.4361136,"","","","234","1067","[M+Na]+","","2","7651;7653","892.34228",0,0,0,342.51013,517.4797,575.1004,0,0,0,""
7606,409.185293043699,3.4384058,"","","","234","1064","[M+Na]+","","3","7606;7616;7595","386.19524",0,29.543493,36.90573,3494.138,2499.8152,2348.6929,0,22.37078,19.500748,""
7594,769.269594626015,3.4428456,"","","","197","1063","[M+Na]+","","2","7594;7588","746.28105",0,0,0,343.60883,682.8826,388.50757,0,0,0,""
7687,509.201050534194,3.44538,"","","","234","1068","[M+Na]+","","2","7687;7691","486.21153",0,0,0,1370.7045,1532.5728,1578.9396,0,0,0,""
7690,196.097844645509,3.4472072,"","","","234","1069","[M+H]+","","2","7696;7690","195.09038",0,0,0,2534.9731,2415.484,1764.264,0,0,0,""
7691,525.174394612622,3.4472072,"","","","234","1068","[M+K]+","","2","7687;7691","486.21153",0,0,0,591.56396,683.1925,654.56067,0,0,0,""
7696,218.079406191808,3.4489262,"","","","234","1069","[M+Na]+","","2","7696;7690","195.09038",0,0,0,87.344345,256.9755,103.33022,0,0,0,""
7867,694.367069854514,3.4542444,"","","","234","1071","[M+NH4]+","","2","7867;7712","676.33324",0,0,0,5769.3936,6988.777,5268.8276,0,0,0,""
7779,135.117334162336,3.456027,"","","","234","","","","","","",3384.358,2246.2996,537.6086,20835.123,21547.19,19894.32,1328.0984,1336.9729,546.2483,""
7712,699.322451588484,3.4563673,"","","","234","1071","[M+Na]+","","2","7867;7712","676.33324",0,0,0,1053.2102,1191.5973,983.6224,0,0,0,""
7735,533.221645170951,3.4645135,"","","","234","1074","[M+H]+","","2","7735;7737","532.21463",0,0,0,2248.418,2239.4553,1768.8281,0,0,0,""
7737,550.248712287045,3.4645135,"","","","234","1074","[M+NH4]+","","2","7735;7737","532.21463",0,0,0,212.92749,398.8692,152.71025,0,0,0,""
7798,219.100462331058,3.4670622,"","","","234","1079","[M+Na]+","","6","7798;7794;7699;7797;7785;7795","196.1106",47.400284,83.05226,33.747177,63248.418,65590.04,62277.395,114.99587,35.84217,65.044266,""
7741,837.387931934248,3.4687397,"","","","234","1075","[M+Na]+","","2","7741;7747","814.39984",0,0,0,621.6762,452.89743,412.02997,0,0,0,""
7769,211.169867536109,3.4695206,"","","","234","","","","","","",156.00313,177.83232,96.87803,12032.482,12284.971,11301.0625,138.6055,126.706215,351.74567,""
7747,832.434784078057,3.4708588,"","","","234","1075","[M+NH4]+","","2","7741;7747","814.39984",0,0,0,4674.684,5207.012,4220.634,0,0,0,""
7752,640.263696549672,3.4725387,"","","","234","1076","[M+NH4]+","","2","7753;7752","622.2299",0,0,0,2714.2263,2558.166,2357.4329,0,0,0,""
7753,661.193077196907,3.4730346,"","","","234","1076","[M+K]+","","2","7753;7752","622.2299",0,0,0,406.2845,537.95337,515.6498,0,0,0,""
7799,228.159907543177,3.4768672,"","","","234","","","","","","",951.07446,209.45583,179.0927,19666.309,19176.4,17904.773,193.89265,83.14386,166.18935,""
7794,179.107266610621,3.485491,"","","","234","1079","[M+H-H2O]+","","3","7798;7794;7785","196.1106",469.38297,400.43488,1353.9747,73695.6,76737.32,71089.97,547.90045,379.65103,596.3737,""
7765,373.222459275038,3.4867344,"","","","234","1081","[M+H]+","","3","7770;7772;7765","372.21551",0,0,0,4179.7876,4436.7534,3797.1016,0,0,0,""
7795,197.11774206544,3.4902167,"","","","234","1079","[M+H]+","","3","7798;7785;7795","196.1106",391.50693,1030.8535,1821.4349,905767.8,913886.56,834987.9,637.0369,1029.0413,550.6426,""
7785,235.07348252838,3.4968178,"","","","234","1079","[M+K]+","","5","7798;7794;7797;7785;7795","196.1106",0,0,0,15123.583,15131.806,14614.903,0,0,0,""
7786,260.126111398147,3.4968178,"","","","234","1083","[M+Na]+","","2","7824;7786","237.13678",0,0,0,8304.595,7837.57,7957.5674,0,0,0,""
7790,967.450600520718,3.4988387,"","","","234","1082","[M+Na]+","","2","7790;7807","944.46401",0,0,0,1298.6592,1291.7404,930.2175,0,0,0,""
7797,214.144250827649,3.5021963,"","","","234","1079","[M+NH4]+","","3","7798;7797;7785","196.1106",418.1361,123.37454,710.1987,28722.4,28396.67,26911.5,325.12857,486.6771,500.62262,""
7772,411.178171113743,3.5065517,"","","","234","1081","[M+K]+","","3","7770;7772;7765","372.21551",0,0,0,5834.309,5327.8486,4501.5757,0,21.264969,0,""
7770,395.205537095431,3.510286,"","","","234","1081","[M+Na]+","","3","7772;7770;7765","372.21551",27.115978,52.371376,44.718372,12275.454,11843.604,10570.266,150.74742,33.779625,67.30126,""
7832,626.345925772185,3.5110276,"","","","215","","","","","","",0,0,0,23216.818,24476.508,25743.807,0,0,0,""
7807,962.500468574002,3.5183098,"","","","234","1082","[M+NH4]+","","2","7790;7807","944.46401",0,0,0,6300.3965,7062.7666,6066.169,20.269253,0,0,""
7928,519.243071740162,3.531327,"","","","234","1091","[M+Na]+","","2","7928;7919","496.25371",0,0,0,277.8384,73.41757,85.49941,0,0,0,""
7876,146.060533227606,3.5319016,"","","","234","","","","","","",114.98988,338.11688,116.210434,18144.057,17174.203,16120.971,467.2369,1104.5345,200.88141,""
7882,609.23694177494,3.535104,"","","","234","1088","[M+Na]+","","2","7882;7887","586.24724",0,0,0,775.7034,1212.6812,1037.5746,0,0,0,""
7883,586.270573536781,3.5391428,"","","","234","1089","[M+NH4]+","","2","7883;7887","568.23647",0,0,0,7152.386,7242.2485,6285.255,0,0,0,""
7887,569.243468378177,3.5412242,"","","","234","1089","[M+H]+","","2","7883;7887","568.23647",0,0,0,13536.398,14891.096,12420.14,0,0,0,""
7890,273.085147370469,3.543293,"","","","234","1092","[M+Na]+","","3","7889;7891;7890","250.09623",0,0,0,2134.1118,1571.8384,868.13715,0,0,0,""
7891,289.059003819737,3.543293,"","","","234","1092","[M+K]+","","3","7889;7891;7890","250.09623",0,0,0,776.36346,628.4268,317.0983,0,0,0,""
7889,251.104191248805,3.5500069,"","","","234","1092","[M+H]+","","3","7889;7891;7890","250.09623",24.581108,0,0,1861.03,1547.4141,921.4115,0,21.975176,22.68523,""
7916,526.257948139775,3.5573597,"","","","234","1093","[M+K]+","","2","7917;7916","487.29465",0,0,0,1124.9468,1158.314,1265.9044,0,0,0,""
7917,510.283734701275,3.5591338,"","","","234","1093","[M+Na]+","","2","7917;7916","487.29465",0,0,0,2237.7695,2055.8481,2246.9912,0,0,0,""
7919,514.287383164672,3.5591338,"","","","234","1091","[M+NH4]+","","2","7928;7919","496.25371",0,0,0,622.1396,705.5676,636.8733,0,0,0,""
7924,769.269857345298,3.561631,"","","","234","1094","[M+Na]+","","3","7822;7939;7924","746.28146",0,0,0,8873.813,8277.814,7149.81,0,0,0,""
7939,785.245554755438,3.5655339,"","","","234","1094","[M+K]+","","2","7939;7924","746.28146",0,0,0,714.07275,792.89136,859.91266,0,0,0,""
7822,764.315179363841,3.5733252,"","","","234","1094","[M+NH4]+","","2","7822;7924","746.28146",0,0,0,4426.608,3249.5237,4308.534,0,0,0,""
8051,639.208761278526,3.5774841,"","","","234","1097","[M+K]+","","2","8045;8051","600.24487",0,0,0,277.77197,303.25717,86.08089,0,0,0,""
7967,585.238545677187,3.5811338,"","","","234","1096","[M+H]+","","2","7982;7967","584.23172",0,0,0,2016.1195,2162.396,2145.6843,0,0,0,""
8044,495.221624877391,3.5817285,"","","","234","1098","[M+Na]+","","4","8048;8044;8062;8037","472.23205",0,0,0,2117.9229,1948.124,1859.8889,0,0,29.256607,""
7982,602.265742745901,3.5850527,"","","","234","1096","[M+NH4]+","","3","7982;7967;7990","584.23172",0,0,0,9425.383,9134.208,8553.709,0,0,0,""
7990,607.221196509265,3.5872343,"","","","234","1096","[M+Na]+","","2","7982;7990","584.23172",0,0,0,921.1222,837.69617,778.8287,0,0,0,""
8037,490.264524775843,3.5910835,"","","","234","1098","[M+NH4]+","","4","8049;8048;8044;8037","472.23205",0,23.58271,0,1643.4485,1462.6135,1567.612,0,0,0,""
8062,962.500703608942,3.5974631,"","","","234","1098","[2M+NH4]+","","2","8044;8062","472.23205",0,0,0,50150.625,48678.516,45692.598,20.269253,0,0,""
8032,623.234108051354,3.5994756,"","","","234","1097","[M+Na]+","","2","8045;8032","600.24487",0,0,0,789.56445,668.6942,714.57306,0,0,0,""
8045,618.277939504454,3.6043034,"","","","234","1097","[M+NH4]+","","3","8045;8051;8032","600.24487",0,0,0,839.54126,1030.3357,928.2012,0,0,0,""
8048,983.427172084266,3.6043034,"","","","234","1098","[2M+K]+","","3","8048;8044;8037","472.23205",0,0,0,5125.564,4935.838,4871.266,0,0,0,""
8049,967.452567955208,3.6043055,"","","","234","1098","[2M+Na]+","","2","8049;8037","472.23205",0,0,0,16347.484,16863.738,15241.9,0,0,0,""
8040,369.117068882339,3.6057608,"","","","234","1101","[2M+H-H2O]+","","2","8040;8031","193.06065",0,0,0,1203.8267,1697.4454,1286.0482,0,0,0,""
8059,630.273851756237,3.6064007,"","","","234","1109","[M+Na]+","","2","8059;8073","607.28402",0,0,0,1460.7749,1787.2635,1555.9832,0,0,0,""
8068,596.233642288876,3.607872,"","","","234","1105","[M+NH4]+","","2","8072;8068","578.19972",0,0,0,785.2361,788.57947,825.36334,0,0,0,""
8072,601.188830375346,3.608534,"","","","234","1105","[M+Na]+","","2","8072;8068","578.19972",0,0,0,575.59784,748.98694,578.53436,0,0,0,""
8073,608.29072059731,3.608534,"","","","234","1109","[M+H]+","","3","8248;8059;8073","607.28402",0,0,0,31521.22,31105.49,27862.822,0,0,0,""
8087,565.212079030656,3.6105921,"","","","234","1108","[M+H-H2O]+","","2","8087;8100","582.21555",0,0,0,1768.4805,1779.2241,1626.7954,0,0,0,""
8088,582.239002221493,3.6105921,"","","","234","1106","[M+NH4]+","","2","8087;8088","564.20499",0,0,0,362.81354,432.511,474.91724,0,0,0,""
8094,583.222463607548,3.6120255,"","","","234","1108","[M+H]+","","2","8100;8094","582.21555",0,0,0,2585.6494,2608.2122,2487.3362,0,0,0,""
8100,600.249915178244,3.6137497,"","","","234","1108","[M+NH4]+","","3","8087;8100;8094","582.21555",0,0,0,3236.7007,3052.8782,2900.444,0,0,0,""
8126,335.16108832078,3.6237068,"","","","234","","","","","","",0,0,0,7625.301,7359.8174,7157.598,0,0,0,""
8146,596.273259941737,3.6296883,"","","","234","1110","[M+NH4]+","","2","8146;8153","578.24022",0,0,0,4122.9453,4298.54,3922.721,0,0,0,""
8152,525.304741106725,3.6331215,"","","","234","1111","[M+Na]+","","2","8152;8160","502.31601",0,0,0,2542.8184,2375.1702,2031.6031,0,0,0,""
8153,601.230219062213,3.6331437,"","","","234","1110","[M+Na]+","","2","8146;8153","578.24022",0,0,0,5839.189,5367.3276,5178.6724,0,0,0,""
8158,301.119138284128,3.6348515,"","","","234","1112","[M+H]+","","2","8156;8158","300.11258",0,0,0,741.17957,776.9843,647.0179,0,0,0,""
8160,520.350328856005,3.6352785,"","","","234","1111","[M+NH4]+","","2","8152;8160","502.31601",0,0,0,1321.7583,1282.2657,1393.6492,0,0,0,""
8165,302.103066922829,3.638671,"","","","234","1114","[M+H]+","","2","8165;8172","301.096",0,0,0,741.2536,724.95074,694.0059,0,0,0,""
8156,645.197754165076,3.6387208,"","","","234","1112","[2M-H+2Na]+","","2","8156;8158","300.11258",0,0,0,204.1067,207.99933,88.68683,0,0,0,""
8172,319.130031662406,3.640828,"","","","234","1114","[M+NH4]+","","2","8165;8172","301.096",0,0,0,868.6878,935.35065,927.02295,0,0,0,""
8248,652.255144090737,3.6495178,"","","","234","1115","[M+Na]+","","3","8248;8059;8244","629.26636",0,0,0,330.88898,300.8741,357.5699,0,0,0,""
8242,608.290747812548,3.6707966,"","","","234","1118","[M+H]+","","2","8244;8242","607.28405",0,0,0,26639.27,25594.15,23362.69,0,0,0,""
8244,630.273850024958,3.6707966,"","","","234","1115","[M+H]+","","2","8248;8244","629.26636",0,0,0,1337.7048,1388.031,1132.2979,0,0,0,""
8264,588.267242590542,3.6771133,"","","","234","1120","[M+NH4]+","","3","8264;8265;8266","570.23415",0,0,0,4254.567,3888.7747,4099.9736,0,0,0,""
8265,593.224252427293,3.6771965,"","","","234","1120","[M+Na]+","","3","8264;8265;8266","570.23415",0,0,0,3740.2205,3492.4695,3322.4165,0,0,0,""
8266,609.197162730432,3.6771965,"","","","234","1120","[M+K]+","","3","8264;8265;8266","570.23415",0,0,0,1452.1506,1530.9794,1382.9897,0,0,0,""
8288,339.107766075108,3.6888905,"","","","234","","","","","","",0,0,0,23753.79,23712.422,19570.33,0,0,0,""
8310,592.295905520885,3.7008708,"","","","236","1128","[M+H]+","","3","8311;8323;8310","591.28907",0,0,0,41378.04,38051.258,40332.715,0,0,0,""
8311,614.278345329473,3.7008708,"","","","236","1128","[M+Na]+","","2","8311;8310","591.28907",0,0,0,2373.542,2376.2532,2461.831,0,0,0,""
8323,636.260619615498,3.7033958,"","","","236","1128","[M-H+2Na]+","","2","8323;8310","591.28907",0,0,0,444.02353,474.8615,564.6258,0,0,0,""
8373,473.28962739362,3.710682,"","","","234","","","","","","",34.108276,0,0,8301.273,7598.839,6791.784,0,0,0,""
8357,653.35697109721,3.7226074,"","","","234","1133","[M+H]+","","1","8363","652.34849",0,0,0,765.31573,536.32,609.7382,0,0,0,""
8367,635.345066321262,3.724631,"","","","234","1133","[M+H-H2O]+","","4","8363;8367;8374;8365","652.34849",0,0,0,996.5401,566.92017,824.1784,0,0,0,""
8363,670.382117927038,3.7246456,"","","","234","1133","[M+NH4]+","","5","8363;8367;8374;8357;8365","652.34849",0,0,0,72042.21,67469.48,62764.77,0,0,0,""
8365,675.337320258921,3.7246456,"","","","234","1133","[M+Na]+","","4","8363;8367;8374;8365","652.34849",0,0,0,31634.693,28928.857,27736.494,0,0,0,""
8374,691.311158304296,3.7266693,"","","","234","1133","[M+K]+","","4","8363;8367;8374;8365","652.34849",0,0,0,6758.237,5626.0864,5992.063,0,0,0,""
8393,531.205989413712,3.7307618,"","","","234","","","","","","",0,0,0,16412.201,15206.5625,14120.944,0,0,0,""
8400,602.265090376393,3.7328074,"","","","234","","","","","","",0,0,0,15912.365,15332.802,14662.718,0,0,0,""
8406,769.24885758487,3.73485,"","","","234","1141","[2M+H]+","","2","8406;8456","384.12154",0,0,0,4401.3994,4540.6353,4047.5276,0,0,0,""
8462,399.123995984661,3.7368796,"","","","234","1137","[M+Na]+","","2","8462;8433","376.13505",0,0,0,207.04343,416.5066,632.1679,0,0,0,""
8422,383.184033087781,3.7368958,"","","","234","1145","[M+K]+","","2","8422;8404","344.22115",0,0,0,1823.8466,2071.385,1712.8887,0,0,0,""
8426,791.233783348964,3.7368832,"","","","234","1138","[M+K]+","","3","8426;8433;8434","752.26982",0,0,0,1828.9724,1676.2838,1685.1357,0,0,0,""
8427,668.366454800214,3.7369013,"","","","234","","","","","","",0,0,0,20506.365,19983.992,18389.283,0,0,0,""
8429,748.322968362885,3.7369013,"","","","234","1140","[M+NH4]+","","2","8433;8429","730.28893",0,0,0,312098,308976.2,285588.72,0,0,0,""
8433,753.277939843505,3.7369013,"","","","234","1138","[M+H]+","","2","8426;8433","752.26982",0,0,0,21858.424,22164.148,20708.305,0,0,0,""
8434,775.257399492369,3.7369013,"","","","234","1138","[M+Na]+","","2","8426;8434","752.26982",0,0,0,5055.443,5527.8784,5164.0566,0,0,0,""
8439,484.276510275755,3.7389202,"","","","234","1142","[M+NH4]+","","2","8445;8439","466.24283",0,0,0,974.3605,857.7513,593.55975,0,0,0,""
8417,518.333228694026,3.7389257,"","","","234","1143","[M+NH4]+","","2","8446;8417","500.2992",0,0,0,781.0584,1228.6017,1464.6317,0,0,0,""
8458,362.254611703147,3.7394278,"","","","234","1145","[M+NH4]+","","3","8404;8438;8458","344.22115",1811.9803,2400.692,378.1577,12782.029,12535.75,11564.768,359.75647,360.51868,942.7595,""
8445,489.232188275035,3.7409623,"","","","234","1142","[M+Na]+","","2","8439;8445","466.24283",0,0,0,3512.209,1854.1401,1690.0966,0,0,0,""
8438,327.217736135175,3.7428784,"","","","234","1145","[M+H-H2O]+","","2","8438;8458","344.22115",0,48.363464,0,1948.2545,2138.828,1995.2264,32.74639,23.638706,27.23048,""
8456,407.111510646617,3.7429867,"","","","234","1141","[M+Na]+","","2","8406;8456","384.12154",0,0,0,850.294,547.42444,797.1165,0,0,0,""
8446,523.288210197032,3.743064,"","","","234","1143","[M+Na]+","","2","8446;8417","500.2992",0,0,0,1745.004,1606.4652,1735.1404,27.701687,0,0,""
8597,391.173665073959,3.7466931,"","","","234","1135","[M+Na]+","","2","8408;8597","368.18393",0,0,0,576.8725,225.33588,253.37827,0,0,19.116829,""
8478,527.262409922431,3.7571714,"","","","219","1147","[M+Na]+","","2","8479;8478","504.2735",0,0,0,7646.6904,7676.0576,7001.171,0,0,0,""
8479,543.236964706155,3.7571714,"","","","219","1147","[M+K]+","","2","8479;8478","504.2735",0,0,0,1921.5254,1756.6757,1532.5984,0,0,0,""
8583,621.371711902751,3.7595658,"","","","234","1150","[M+H]+","","2","8587;8583","620.36155",0,24.451591,27.339233,7206.925,7615.658,7427.92,52.492622,29.680653,0,""
8404,367.211116762982,3.7621357,"","","","234","1145","[M+Na]+","","3","8422;8404;8458","344.22115",88.229774,159.3612,65.0231,21570.176,18023.61,16658.447,144.6667,141.4658,95.09941,""
8550,385.147602110246,3.7685647,"","","","234","1151","[M+Na]+","","2","8569;8550","362.1581",0,0,26.294857,1411.4624,1436.8523,1511.7926,0,0,26.588192,""
8535,487.269616880359,3.7793589,"","","","234","1153","[M+H]+","","3","8535;8536;8562","486.26225",0,0,0,24880.139,25647.06,24155.695,0,0,0,""
8536,504.296463401175,3.779359,"","","","234","1153","[M+NH4]+","","4","8535;8536;8552;8562","486.26225",0,0,0,10016.299,10091.465,9422.452,0,0,0,""
8537,609.223684005534,3.7793589,"","","","234","1152","[M+Na]+","","2","8557;8537","586.23358",0,0,0,1792.3036,2336.313,1451.6653,0,0,0,""
8551,451.248820047757,3.7814152,"","","","234","1159","[M+H]+","","2","8551;8564","450.24169",0,0,0,25429.68,26020.086,23882.328,0,0,0,""
8552,469.259442127761,3.7814152,"","","","234","1153","[M+H-H2O]+","","3","8536;8552;8562","486.26225",0,0,0,29265.252,29705.223,28012.574,0,0,0,""
8562,509.250509726448,3.7814152,"","","","234","1153","[M+Na]+","","4","8535;8536;8552;8562","486.26225",0,0,0,994.00793,740.89984,950.6461,0,0,0,""
8553,567.227600531706,3.7814152,"","","","234","1157","[M+H-H2O]+","","4","8571;8553;8558;8574","584.23029",0,0,0,234466.08,242118.84,224247.36,0,0,0,""
8554,584.254244893613,3.7814152,"","","","234","1162","[M+H]+","","1","8590","583.2466",0,0,0,111516.97,111440.66,105172.42,0,0,0,""
8555,585.236452774836,3.7814152,"","","","234","1157","[M+H]+","","3","8571;8558;8555","584.23029",0,0,0,102465.36,106194.09,97449.266,0,0,0,""
8556,586.240975070385,3.7814152,"","","","234","","","","","","",0,0,0,36642.637,37761.473,35071.914,0,0,0,""
8557,587.23997661934,3.7814152,"","","","234","1152","[M+H]+","","2","8557;8537","586.23358",0,0,0,10931.214,11203.971,10721.819,0,0,0,""
8558,607.220127991424,3.7814152,"","","","234","1157","[M+Na]+","","4","8571;8553;8555;8558","584.23029",0,0,0,25861.805,26568.951,25371.637,0,0,0,""
8570,549.216301222925,3.7834175,"","","","234","1163","[M+H]+","","2","8570;8582","548.20951",0,0,0,18131.902,16033.325,14624.357,0,0,0,""
8571,623.192402521543,3.7834175,"","","","234","1157","[M+K]+","","5","8571;8553;8555;8558;8574","584.23029",0,0,0,2529.1125,3880.787,3594.138,0,0,0,""
8574,629.202379272958,3.7834656,"","","","234","1157","[M-H+2Na]+","","3","8571;8553;8574","584.23029",0,0,0,12453.591,13794.16,13095.915,0,0,0,""
8584,783.418199405388,3.7854679,"","","","234","1165","[M+H]+","","4","8585;8594;8584;8593","782.41148",0,0,0,28771.576,29991.125,27144.79,0,0,0,""
8585,800.444930570283,3.7854679,"","","","234","1165","[M+NH4]+","","4","8584;8594;8585;8593","782.41148",0,0,0,101108.336,103100.484,95395.984,0,0,0,""
8564,468.27565940857,3.7855198,"","","","234","1159","[M+NH4]+","","2","8551;8564","450.24169",0,0,0,570.52997,713.8617,587.9561,0,0,0,""
8587,638.392480589358,3.7855082,"","","","234","1150","[M+NH4]+","","2","8587;8583","620.36155",0,0,0,1012.9708,1073.7423,976.8415,0,0,0,""
8582,566.243817718409,3.7863913,"","","","234","1163","[M+NH4]+","","2","8570;8582","548.20951",0,0,0,1270.2524,1079.401,1031.1447,0,18.868938,0,""
8532,283.116436275499,3.786694,"","","","234","1160","[M+Na]+","","2","8532;8530","260.12702",47.15349,40.060043,95.80598,2573.3965,2727.5989,1669.3939,167.76306,87.26654,206.66362,""
8590,601.280052147411,3.787522,"","","","234","1162","[M+NH4]+","","2","8590;8554","583.2466",0,0,0,871.8147,714.9047,346.82324,0,0,0,""
8593,805.400048983606,3.7875102,"","","","234","1165","[M+Na]+","","4","8584;8585;8594;8593","782.41148",0,0,0,90410.59,89474.305,81581.3,0,0,0,""
8594,821.376231922159,3.7875102,"","","","234","1165","[M+K]+","","4","8584;8585;8594;8593","782.41148",0,0,0,22381.885,22001.865,21265.312,0,0,0,""
8635,459.223351600466,3.8118622,"","","","253","1168","[M+H]+","","3","8635;8633;8639","458.21682",0,0,0,12771.858,12657.731,11566.528,0,0,0,""
8639,476.250290955842,3.8139107,"","","","253","1168","[M+NH4]+","","3","8635;8633;8639","458.21682",0,0,0,733.0661,720.9506,651.8834,0,0,0,""
8641,634.36087770281,3.8139107,"","","","253","1178","[M+NH4]+","","2","8657;8641","616.32924",0,0,0,1139.6697,1151.2397,1080.1062,0,0,0,""
8731,506.312578470771,3.8149288,"","","","253","1179","[M+NH4]+","","3","8731;8723;8732","488.278",0,90.34213,71.07739,2407.0132,2534.3262,1986.3914,0,0,0,""
8654,659.341173640319,3.8181133,"","","","253","1170","[M+Na]+","","2","8668;8654","636.35248",0,0,0,1864.4048,2158.8408,1692.0812,0,0,0,""
8655,793.435791901269,3.8181133,"","","","253","1172","[M+Na]+","","2","8655;8682","770.44697",0,0,0,556.64526,840.75464,593.2096,0,0,0,""
8656,843.306609778442,3.8181133,"","","","253","1169","[M+Na]+","","2","8659;8656","820.31742",0,0,0,576.25775,680.04614,592.83594,0,0,0,""
8659,838.351272109606,3.8201618,"","","","253","1169","[M+NH4]+","","2","8659;8656","820.31742",0,0,0,1149.759,1051.1254,971.0277,0,0,0,""
8668,619.349720046369,3.8222513,"","","","253","1170","[M+H-H2O]+","","2","8668;8654","636.35248",0,0,0,1022.61206,1005.899,987.8086,0,0,0,""
8682,788.481179794872,3.8243368,"","","","253","1172","[M+NH4]+","","2","8655;8682","770.44697",0,0,0,2379.8494,2489.4692,2438.5444,0,0,0,""
8633,481.207122709241,3.830895,"","","","253","1168","[M+Na]+","","3","8635;8633;8639","458.21682",0,0,0,1324.9297,1372.5033,1155.1161,0,28.021845,0,""
8723,511.267872721843,3.8461514,"","","","253","1179","[M+Na]+","","3","8731;8723;8732","488.278",0,0,0,2131.3118,2241.9287,1912.6238,0,0,0,""
8657,617.338704952262,3.8489845,"","","","253","1178","[M+H]+","","2","8657;8641","616.32924",0,0,0,1570.6528,2329.7563,1449.1567,0,0,0,""
8732,527.240863495747,3.8509986,"","","","253","1179","[M+K]+","","4","8733;8731;8723;8732","488.278",0,0,0,2198.119,2091.698,1901.6925,0,0,0,""
8733,489.284145879982,3.8537195,"","","","253","1179","[M+H]+","","2","8733;8732","488.278",0,0,0,717.5485,726.2773,586.662,0,0,0,""
8762,314.139256467729,3.871102,"","","","265","1184","[M+H]+","","2","8762;8771","313.13218",0,0,0,959.05457,1039.264,1046.8135,0,0,0,""
8769,532.31275014143,3.873207,"","","","265","1189","[M+NH4]+","","3","8769;8764;8770","514.27954",0,0,0,3417.2578,3622.5464,3263.8145,0,0,0,""
8770,537.268206584374,3.873207,"","","","265","1189","[M+Na]+","","3","8769;8764;8770","514.27954",0,0,0,1537.1931,1661.1958,1566.5186,0,0,0,""
8771,336.121591427478,3.8732605,"","","","265","1184","[M+Na]+","","2","8762;8771","313.13218",0,0,0,684.16425,631.57477,630.86896,0,0,0,""
8778,614.279093072213,3.8735898,"","","","265","1186","[M+Na]+","","2","8778;8802","591.28916",0,0,0,74.90102,634.6179,1800.7067,0,0,0,""
8777,602.264996667237,3.8753653,"","","","265","","","","","","",0,0,0,39326.715,40976.094,38939.973,0,0,0,""
8780,588.267405320829,3.87753,"","","","265","1187","[M+NH4]+","","2","8788;8780","570.23413",0,0,0,1920.5752,2215.498,1820.6628,0,0,0,""
8788,593.223889270824,3.8792527,"","","","265","1187","[M+Na]+","","2","8788;8780","570.23413",0,0,0,542.3457,649.2713,557.773,0,0,0,""
8802,592.295728150321,3.8814342,"","","","265","1186","[M+H]+","","2","8778;8802","591.28916",0,0,0,7067.5615,9951.4375,24744.465,0,0,0,""
8804,604.330961842497,3.8834794,"","","","265","1190","[M+K]+","","2","8804;8808","565.3665",0,0,0,532.84827,425.1616,627.6586,0,0,0,""
8808,588.354407348643,3.8856075,"","","","265","1190","[M+Na]+","","2","8804;8808","565.3665",0,0,0,918.16644,913.6144,892.41943,0,0,0,""
8820,439.285197244128,3.8907335,"","","","265","","","","","","",0,0,0,10703.428,10753.684,9684.381,0,0,0,""
8823,654.387481307729,3.8907335,"","","","265","1191","[M+NH4]+","","3","8829;8686;8823","636.35374",0,0,0,10843.334,11447.301,10663.736,0,0,0,""
8829,659.342792203774,3.892814,"","","","265","1191","[M+Na]+","","3","8829;8686;8823","636.35374",0,0,0,4822.4243,5028.9893,4746.902,0,0,0,""
8686,675.31715675271,3.892814,"","","","265","1191","[M+K]+","","3","8829;8686;8823","636.35374",0,0,0,1072.4115,1284.2399,1030.6279,0,0,0,""
8764,553.243875949307,3.8946888,"","","","265","1189","[M+K]+","","3","8769;8764;8770","514.27954",0,0,0,236.8884,148.78389,219.52843,0,0,0,""
8838,951.457503108202,3.8970928,"","","","265","1193","[M+Na]+","","2","8838;8853","928.46852",0,0,0,936.53107,1039.1935,839.869,0,0,0,""
8851,589.322627381717,3.9055557,"","","","265","1194","[M+H]+","","2","8851;8859","588.31605",0,0,0,366.546,360.13184,289.18607,0,0,0,""
8853,946.502586677261,3.9056118,"","","","265","1193","[M+NH4]+","","2","8838;8853","928.46852",0,0,0,2103.7712,2175.8772,1953.6718,0,0,0,""
8859,606.350190363899,3.9076958,"","","","265","1194","[M+NH4]+","","3","8851;8858;8859","588.31605",0,0,0,2369.0054,2726.1365,2233.419,0,0,0,""
8858,611.305656855505,3.9076958,"","","","265","1194","[M+Na]+","","2","8858;8859","588.31605",0,0,0,488.78455,468.1904,416.54428,0,0,0,""
8865,389.171572735983,3.9102154,"","","","265","1195","[M+H]+","","3","8867;8866;8865","388.16428",0,0,0,8682.143,8688.206,7895.4453,0,0,0,""
8866,411.153575235653,3.9102154,"","","","265","1195","[M+Na]+","","3","8867;8866;8865","388.16428",0,0,0,7626.961,7673.7646,7042.4014,0,0,0,""
8867,427.127350870257,3.9102154,"","","","265","1195","[M+K]+","","3","8866;8867;8865","388.16428",0,0,0,2801.7847,2869.2546,2514.2761,0,0,0,""
8872,532.195068614826,3.9122598,"","","","265","1196","[M+Na]+","","2","8884;8872","509.20605",0,0,0,1765.1627,1657.629,1562.1392,0,0,0,""
8875,322.084594073167,3.9143543,"","","","265","1197","[M+K]+","","3","8875;8882;8883","283.12137",0,0,0,17706.68,15866.87,15357.786,0,0,0,""
8882,284.128610868141,3.9164217,"","","","265","1197","[M+H]+","","3","8875;8882;8883","283.12137",0,0,0,48518.17,47910.695,44292.527,0,0,0,""
8883,306.110567435392,3.9164217,"","","","265","1197","[M+Na]+","","3","8875;8882;8883","283.12137",0,0,0,35384.227,34637.426,32889.16,0,0,0,""
8884,510.213529331299,3.9164493,"","","","265","1196","[M+H]+","","2","8884;8872","509.20605",0,0,0,1122.3611,1118.4769,906.98456,0,0,0,""
8909,441.164179279772,3.9295795,"","","","266","1199","[M+Na]+","","2","8906;8909","418.17496",0,0,0,1682.4321,1546.6067,1472.4637,0,0,0,""
8906,419.182238456286,3.9317195,"","","","266","1199","[M+H]+","","2","8909;8906","418.17496",0,0,0,1676.7462,1836.1699,1662.257,0,0,0,""
8914,721.338899144074,3.9344177,"","","","266","1201","[M+H]+","","2","8914;8930","720.33117",0,0,0,12139.226,13837.476,13057.465,0,0,0,""
8923,664.392847303679,3.9362247,"","","","266","1211","[M+NH4]+","","2","8918;8923","646.35941",0,0,0,761.4177,676.18774,523.52075,0,0,0,""
8930,743.319931431619,3.9382594,"","","","266","1201","[M+Na]+","","2","8914;8930","720.33117",0,0,0,469.7624,486.67252,358.15137,0,0,0,""
8932,467.190201413051,3.9403393,"","","","266","1207","[M+Na]+","","2","8932;8937","444.2012",0,0,0,2505.542,2430.8274,866.8503,0,0,0,""
8953,765.407448317324,3.9444096,"","","","266","1203","[M+H-H2O]+","","3","8971;8953;8957","782.411",0,0,0,263.11157,714.34937,150.51717,0,0,0,""
8956,339.107850977061,3.948493,"","","","266","","","","","","",0,0,0,24430.361,27994.027,27446.47,0,0,0,""
8957,800.445211102522,3.948493,"","","","266","1203","[M+NH4]+","","3","8971;8953;8957","782.411",0,0,0,21512.775,22927.176,22571.914,0,0,0,""
8964,555.149198240103,3.950557,"","","","266","1205","[M+Na]+","","2","8969;8964","532.16004",0,0,0,3809.4663,3904.76,4254.4644,0,0,0,""
8967,753.255584440055,3.9522514,"","","","266","1206","[M+K]+","","4","8976;8973;8977;8967","714.29358",0,0,0,1069.1396,1194.4929,1253.878,0,0,0,""
8969,571.123267470533,3.9526026,"","","","266","1205","[M+K]+","","2","8969;8964","532.16004",0,0,0,861.85626,845.1555,1010.5843,0,0,0,""
8971,805.400095210092,3.9526026,"","","","266","1203","[M+Na]+","","3","8971;8953;8957","782.411",0,0,0,9464.922,9365.004,9978.949,0,0,0,""
8973,732.328320088629,3.9546206,"","","","266","1206","[M+NH4]+","","4","8976;8977;8973;8967","714.29358",0,0,0,124940.82,136524.69,133023.56,0,0,0,""
8974,734.331393459879,3.9546206,"","","","266","1209","[M+NH4]+","","2","8966;8974","716.29769",0,0,0,16842.6,18599.803,18119.066,0,0,0,""
8976,737.282788096263,3.9546206,"","","","266","1206","[M+Na]+","","3","8976;8973;8967","714.29358",0,0,0,10161.719,11103.571,10404.529,0,0,0,""
8966,739.287020729257,3.954621,"","","","266","1209","[M+Na]+","","2","8966;8974","716.29769",0,0,0,1219.3873,1456.7222,1256.7639,0,0,0,""
8977,759.26497451373,3.954621,"","","","266","1206","[M-H+2Na]+","","3","8973;8977;8967","714.29358",0,0,0,2430.4365,2609.073,2432.949,0,0,0,""
8933,323.185549027413,3.9592836,"","","","266","1204","[M+H-H2O]+","","2","8933;8952","340.18949",60.24006,186.3012,242.6328,1656.3673,1805.9955,1823.8643,190.84128,168.98602,69.78232,""
9013,228.123052083648,3.960142,"","","","266","1213","[M+NH4]+","","3","9013;9009;9012","210.0897",756.07635,662.1799,288.73328,2558.293,4497.0923,8217.381,299.22122,441.5951,163.00584,""
9001,105.034173692867,3.9607396,"","","","266","","","","","","",1305.8816,1388.9652,1249.4435,5616.9585,11813.863,23820.014,206.24155,400.2343,328.38977,""
9005,149.060221785073,3.9631217,"","","","266","","","","","","",10055.647,11265.73,10178.652,51987.99,101841.78,206058.64,5638.354,4961.2734,4958.608,""
9009,211.096986066135,3.9641778,"","","","266","1213","[M+H]+","","4","9013;9009;9014;9012","210.0897",5515.6235,5882.319,5060.7964,24375.375,47011.832,92873.484,3179.8787,3354.0374,3282.7458,""
9012,233.079145607312,3.9644728,"","","","266","1213","[M+Na]+","","4","9013;9009;9014;9012","210.0897",20451.924,23252.732,20461.918,76785.195,144578.16,291185.62,11192.884,10741.074,11682.908,""
8937,462.23523565259,3.9683542,"","","","266","1207","[M+NH4]+","","2","8932;8937","444.2012",0,0,0,666.1073,741.22345,328.2839,0,16.732424,0,""
9114,694.270486609763,3.9701102,"","","","272","1223","[M-H+2Na]+","","2","9106;9114","649.29514",0,0,0,98.0109,401.04648,130.96681,0,0,0,""
9028,352.233858369752,3.97345,"","","","266","1220","[M+NH4]+","","3","9030;9028;9029","334.20022",0,0,0,1298.1047,1390.6284,1115.0618,0,0,0,""
9030,373.162920801155,3.97345,"","","","266","1220","[M+K]+","","3","9030;9028;9029","334.20022",0,0,0,3108.5662,3088.556,2767.3313,0,0,0,""
9047,301.120040299174,3.9772396,"","","","272","","","","","","",0,0,0,20348.629,20927.23,18105.498,0,0,21.966793,""
9040,333.145141468611,3.9795237,"","","","272","1217","[M+H]+","","2","9048;9040","332.13818",0,0,0,21922.633,21795.578,19872.213,0,0,0,""
9042,525.247495489032,3.9795237,"","","","272","1218","[M+Na]+","","2","9042;9055","502.25836",0,0,0,2216.4878,2536.11,2084.5054,0,0,0,""
9048,355.127717438519,3.9815528,"","","","272","1217","[M+Na]+","","2","9048;9040","332.13818",0,0,0,3500.1943,3878.906,2816.266,0,0,0,""
8918,669.349014873905,3.9834597,"","","","266","1211","[M+Na]+","","2","8918;8923","646.35941",0,0,0,248.1408,274.26468,108.24892,0,0,0,""
9053,617.341004464032,3.9835682,"","","","272","1219","[M+NH4]+","","2","9054;9053","599.30587",0,0,0,1217.2698,1306.4098,1134.713,0,0,0,""
9054,644.27572834213,3.983576,"","","","272","1219","[M-H+2Na]+","","2","9054;9053","599.30587",0,0,0,4195.05,4367.187,4343.426,0,0,0,""
9055,541.221595116267,3.9836133,"","","","272","1218","[M+K]+","","2","9042;9055","502.25836",0,0,0,949.34235,867.77783,692.2136,0,0,0,""
9071,627.249316098225,3.9877226,"","","","272","1221","[M+H]+","","2","9054;9071","626.24197",0,0,0,2527.2908,2747.4863,2447.1838,0,0,0,""
9107,672.283447020674,4.000105,"","","","272","1223","[M+Na]+","","2","9106;9107","649.29514",0,0,0,1590.5742,1477.3037,1473.0483,0,0,0,""
9106,650.29914820485,4.0088477,"","","","272","1223","[M+H]+","","3","9106;9114;9107","649.29514",0,0,0,22210.51,21949.03,21368.234,0,0,19.40411,""
9029,357.190075086781,4.0089793,"","","","266","1220","[M+Na]+","","3","9030;9028;9029","334.20022",28.611872,23.501505,0,13470.729,14119.612,12927.218,24.600887,18.151,35.27417,""
9133,547.201262538697,4.010988,"","","","272","1226","[M+H-H2O]+","","2","9133;9142","564.20464",0,0,0,510.99347,834.13104,681.48206,0,0,0,""
9137,939.494260978297,4.012733,"","","","272","1227","[M+Na]+","","3","9144;9137;9146","916.50528",0,0,0,1826.6935,2083.207,1990.9692,0,0,0,""
9142,582.238545484263,4.0143075,"","","","272","1226","[M+NH4]+","","2","9133;9142","564.20464",0,0,0,621.29553,657.5618,435.06458,0,0,0,""
9141,565.212157234473,4.014578,"","","","272","1228","[M+H-H2O]+","","2","9141;9136","582.21521",0,0,0,6090.2134,6887.6973,5973.1772,0,0,0,""
9136,605.204485816909,4.0164185,"","","","272","1228","[M+Na]+","","3","9141;9136;9148","582.21521",0,0,0,729.0241,735.262,733.4374,0,0,0,""
9146,917.512780288872,4.0168643,"","","","272","1227","[M+H]+","","3","9144;9137;9146","916.50528",0,0,0,494.92917,597.8524,490.759,0,0,0,""
9144,934.53912998106,4.0168643,"","","","272","1227","[M+NH4]+","","3","9144;9137;9146","916.50528",0,0,0,3759.311,3833.0178,3911.157,0,0,0,""
9218,452.279346778446,4.018084,"","","","277","1232","[M+NH4]+","","2","9218;9212","434.24619",0,0,0,1001.3786,1079.8234,925.6733,0,26.278324,28.4044,""
9148,583.222186612658,4.0182858,"","","","272","1228","[M+H]+","","2","9136;9148","582.21521",0,0,0,5407.268,5949.7397,5052.1646,0,0,0,""
9086,297.110869946555,4.027352,"","","","272","1233","[M+Na]+","","2","9087;9086","274.12118",69.79178,55.20128,93.117226,2089.677,2697.884,268.1598,38.824924,52.210266,89.96654,""
9176,336.12315915322,4.0295033,"","","","270","1230","[M+Na]+","","3","9177;9176;9175","313.13257",0,0,22.81385,36643.043,34530.707,33993.336,31.195713,16.022432,0,""
9157,649.254047781675,4.0309286,"","","","270","1230","[2M+Na]+","","3","9177;9157;9175","313.13257",0,0,0,312.12216,237.9123,158.75522,0,0,0,""
9166,675.318384509054,4.032954,"","","","270","1231","[M+K]+","","3","9167;9168;9166","636.35434",0,0,0,880.77203,953.4134,980.6777,0,0,0,""
9167,654.387534080302,4.03298,"","","","270","1231","[M+NH4]+","","3","9167;9168;9166","636.35434",0,0,0,7653.9565,7907.576,7422.1035,0,0,0,""
9168,659.343310181662,4.03298,"","","","270","1231","[M+Na]+","","3","9167;9168;9166","636.35434",0,0,0,2738.5156,3165.107,2767.952,0,0,0,""
9175,314.139184009829,4.0351,"","","","270","1230","[M+H]+","","4","9177;9157;9176;9175","313.13257",0,0,0,51837.88,47779.914,46058.23,0,0,0,""
9177,352.095192177136,4.0351,"","","","270","1230","[M+K]+","","4","9177;9157;9176;9175","313.13257",0,0,0,14485.511,12950.1045,12694.58,0,0,0,""
9087,313.083860541591,4.0429316,"","","","272","1233","[M+K]+","","2","9087;9086","274.12118",0,0,0,452.11594,645.8385,34.771374,28.048918,0,0,""
9191,373.163135554446,4.0454736,"","","","277","1234","[M+K]+","","3","9341;9200;9191","334.20027",0,0,0,1380.2843,1268.5796,1204.1366,0,0,0,""
9341,357.190095117817,4.046714,"","","","277","1234","[M+Na]+","","3","9341;9200;9191","334.20027",25.571196,27.239895,0,5342.4604,5140.2964,5361.387,24.600887,18.151,35.27417,""
9200,352.233776784599,4.04751,"","","","277","1234","[M+NH4]+","","3","9341;9200;9191","334.20027",0,0,0,544.0246,677.73956,602.5002,0,0,0,""
9202,453.264364381279,4.04751,"","","","277","1236","[M+H]+","","2","9195;9202","452.25742",0,0,0,15335.263,16753.076,15682.937,0,0,0,""
9203,551.231813098637,4.04751,"","","","277","1238","[M+H-H2O]+","","4","9217;9203;9208;9215","568.23636",0,0,0,36093.973,39468.707,37035.4,0,0,0,""
9205,568.259881706921,4.04751,"","","","277","","","","","","",0,0,0,17522.516,19523.877,17340.754,0,0,0,""
9208,591.225420894653,4.04751,"","","","277","1238","[M+Na]+","","2","9203;9208","568.23636",0,0,0,8120.5034,9153.009,8285.23,0,0,0,""
9195,470.291572041369,4.0475407,"","","","277","1236","[M+NH4]+","","3","9195;9202;9212","452.25742",0,0,0,2801.5984,2762.559,2665.711,0,0,0,""
9212,435.254137952172,4.049577,"","","","277","1236","[M+H-H2O]+","","2","9195;9212","452.25742",0,0,0,15921.377,17979.07,17195.219,0,0,0,""
9214,533.221666372715,4.049577,"","","","277","1239","[M+H]+","","2","9214;9219","532.21448",0,0,0,14488.41,15885.073,15980.295,0,0,0,""
9215,613.207768033196,4.049577,"","","","277","1238","[M-H+2Na]+","","2","9203;9215","568.23636",0,0,0,3766.08,3882.8533,3708.5469,0,0,0,""
9217,607.200699297356,4.049593,"","","","277","1238","[M+K]+","","2","9217;9203","568.23636",0,0,0,451.12527,567.9112,518.4984,0,0,0,""
9219,550.24838817336,4.0516605,"","","","277","1239","[M+NH4]+","","2","9214;9219","532.21448",0,0,0,5049.9614,5710.3667,5291.4775,0,0,0,""
9227,541.221143866525,4.0574956,"","","","277","1241","[M+K]+","","4","9235;9227;9238;9233","502.25775",0,0,0,1703.1891,1483.6029,1436.717,0,0,0,""
9233,525.247352034076,4.0595665,"","","","277","1241","[M+Na]+","","4","9235;9227;9238;9233","502.25775",0,0,0,4158.602,3932.2654,3619.7751,0,0,0,""
9235,503.264662027782,4.0596504,"","","","277","1241","[M+H]+","","3","9235;9227;9233","502.25775",0,0,0,1237.9156,1333.1299,1281.2593,0,0,0,""
9238,485.254223482747,4.061665,"","","","277","1241","[M+H-H2O]+","","3","9227;9238;9233","502.25775",0,0,0,2284.0867,2344.2827,1965.698,0,0,0,""
9260,586.270901074612,4.074822,"","","","277","","","","","","",0,0,0,17960.84,20629.28,18000.016,0,0,0,""
9315,686.433436695878,4.0951176,"","","","289","1244","[M+NH4]+","","2","9315;9325","668.40135",0,0,0,83.13225,93.814926,463.62604,0,0,16.799126,""
9288,221.154235976327,4.096482,"","","","289","","","","","","",432.67908,1988.612,181.88696,859.14374,33731.164,848.8254,591.303,331.13593,501.94153,""
9284,335.18437614503,4.099755,"","","","289","1245","[M+Na]+","","2","9284;9289","312.19539",116.63893,258.39044,262.6368,1645.5663,152351.95,251.40945,157.84134,94.481384,63.011547,""
9325,669.410366129142,4.103617,"","","","289","1244","[M+H]+","","1","9315","668.40135",0,0,0,74.615364,197.93953,162.86057,0,0,0,""
9306,678.371940697457,4.104059,"","","","289","1246","[M+NH4]+","","2","9308;9306","660.33805",0,0,0,5321.7334,6242.1123,5339.206,0,0,0,""
9308,683.327195893607,4.1062675,"","","","289","1246","[M+Na]+","","2","9308;9306","660.33805",0,0,0,1081.0739,1135.3387,906.4946,0,0,0,""
9289,351.158781063338,4.108211,"","","","289","1245","[M+K]+","","2","9284;9289","312.19539",21.311432,25.213444,56.75555,37.315773,11342.283,34.20505,36.652153,65.23871,33.544304,""
9389,621.368196757229,4.1209025,"","","","289","1247","[M+H]+","","2","9376;9389","620.36015",19.765528,0,0,3632.5269,4393.1045,3588.374,0,0,0,""
9338,435.254185773769,4.1263165,"","","","289","1248","[M+H]+","","2","9336;9338","434.24599",0,0,0,13363.189,15049.755,14020.975,0,0,0,""
9357,791.419841194563,4.1362343,"","","","289","1255","[2M+Na]+","","2","9397;9357","384.21495",0,0,0,313.24762,409.88483,311.6791,0,0,0,""
9355,200.108599211919,4.1366124,"","","","289","1249","[M+NH4]+","","2","9355;9354","182.07334",0,0,0,341.96985,394.20526,350.52472,0,0,0,""
9354,165.068624337969,4.138259,"","","","289","1249","[M+H-H2O]+","","2","9355;9354","182.07334",0,25.081032,0,314.14026,430.057,544.03143,0,18.944258,0,""
9362,601.206478797289,4.1386304,"","","","289","1254","[M+K]+","","2","9362;9239","562.24329",0,0,0,701.38245,727.1604,774.75116,0,0,0,""
9363,783.418218889042,4.1386304,"","","","289","1250","[M+H]+","","4","9382;9363;9364;9365","782.41149",0,0,0,3574.8923,3864.285,3393.7852,0,0,0,""
9364,805.399931799611,4.1386304,"","","","289","1250","[M+Na]+","","4","9382;9363;9364;9365","782.41149",0,0,0,35433.93,37667.43,34779.867,0,0,0,""
9365,821.376193865044,4.1386304,"","","","289","1250","[M+K]+","","4","9382;9363;9364;9365","782.41149",0,0,0,6755.0874,7084.907,6880.661,0,0,0,""
9409,581.282055392899,4.1398396,"","","","289","1256","[M+NH4]+","","2","9409;9430","563.24694",0,0,0,172.32549,326.09915,308.9953,0,0,0,""
9376,638.393204016615,4.1402535,"","","","289","1247","[M+NH4]+","","2","9376;9389","620.36015",0,0,0,572.3425,685.7903,689.68933,0,0,0,""
9377,344.149930877145,4.1403008,"","","","289","1253","[M+H]+","","3","9377;9378;9379","343.14267",0,0,0,13408.956,12999.424,11527.624,0,0,0,""
9378,366.131857348847,4.1403008,"","","","289","1253","[M+Na]+","","3","9377;9378;9379","343.14267",0,0,0,10438.797,9984.761,9434.302,0,0,0,""
9379,382.105868654767,4.1403008,"","","","289","1253","[M+K]+","","3","9377;9378;9379","343.14267",0,0,0,3805.4607,3578.2166,3531.1345,0,0,0,""
9239,580.276726934723,4.1403008,"","","","289","1254","[M+NH4]+","","3","9362;9405;9239","562.24329",0,0,0,897.2178,1006.06866,1006.64764,0,0,0,""
9382,800.445070892179,4.1403008,"","","","289","1250","[M+NH4]+","","4","9382;9363;9364;9365","782.41149",0,0,0,171425.66,192120,175794.8,0,0,0,""
9405,563.250916472507,4.145152,"","","","289","1254","[M+H]+","","2","9405;9239","562.24329",0,0,0,560.55316,744.42596,597.7538,0,0,0,""
9336,452.278893313966,4.14641,"","","","289","1248","[M+NH4]+","","2","9336;9338","434.24599",27.191818,0,0,1703.0985,1723.2526,1588.1925,0,0,0,""
9406,303.099771448615,4.1467605,"","","","284","1259","[M+K]+","","3","9436;9406;9407","264.13601",0,0,0,368.3935,369.7581,476.0736,0,0,0,""
9408,559.214179469229,4.1487794,"","","","284","1257","[M+K]+","","4","9408;9418;9416;9425","520.25059",0,0,0,225.28226,385.70737,672.8086,0,0,0,""
9416,503.246670802632,4.1508465,"","","","284","1257","[M+H-H2O]+","","2","9408;9416","520.25059",0,0,0,497.41833,738.3391,654.5248,0,0,0,""
9418,543.23987711576,4.151276,"","","","284","1257","[M+Na]+","","3","9408;9418;9425","520.25059",0,0,0,1163.5372,1637.8174,2348.224,0,0,0,""
9425,521.258000090155,4.1532955,"","","","284","1257","[M+H]+","","3","9408;9418;9425","520.25059",0,0,0,1348.4673,2100.2896,3893.8718,0,0,0,""
9430,586.234871178679,4.155247,"","","","289","1256","[M+Na]+","","2","9409;9430","563.24694",0,0,0,400.13782,376.33533,579.392,0,0,0,""
9407,287.126055818673,4.1639905,"","","","284","1259","[M+Na]+","","5","9429;9436;9406;9407;9413","264.13601",24.67197,20.494967,32.432713,2459.5994,2801.7068,2472.0151,23.69043,17.563757,0,""
9466,509.252144411852,4.1742,"","","","289","1261","[M+Na]+","","5","9480;9479;9495;9466;9485","486.26263",0,0,0,186311.95,203147.62,175297.06,0,0,0,""
9478,451.248913918112,4.176274,"","","","289","","","","","","",0,0,0,13147.828,14194.605,11524.717,0,0,0,""
9479,469.259512160418,4.176274,"","","","289","1261","[M+H-H2O]+","","5","9479;9484;9495;9466;9485","486.26263",0,0,0,194634.81,206322.9,173510.56,0,0,0,""
9480,487.269304321874,4.176274,"","","","289","1261","[M+H]+","","5","9480;9484;9495;9466;9485","486.26263",0,0,0,13579.554,14004.339,12257.731,0,0,0,""
9484,995.514727634396,4.176274,"","","","289","1261","[2M+Na]+","","4","9480;9479;9484;9495","486.26263",0,0,0,10599.882,11737.212,9335.948,0,0,0,""
9485,1011.4880227899,4.176274,"","","","289","1261","[2M+K]+","","4","9480;9479;9466;9485","486.26263",0,0,0,2176.9531,2543.2217,1716.8802,0,0,0,""
9493,486.286025049476,4.178313,"","","","289","","","","","","",0,0,0,42497.844,44870.348,40782.383,0,0,0,""
9495,525.225981382702,4.178313,"","","","289","1261","[M+K]+","","5","9480;9479;9484;9495;9466","486.26263",0,0,0,80056.26,85710.34,77057.73,0,0,0,""
9527,504.295966628461,4.1922503,"","","","289","","","","","","",0,0,0,9877.115,10484.779,8446.499,0,0,0,""
9565,365.195137313791,4.1940002,"","","","289","1266","[M+Na]+","","2","9558;9565","342.20536",147.77644,152.741,200.74707,3412.1099,3688.8108,4024.9326,50.533,197.46875,43.248814,""
9413,247.132657146566,4.195859,"","","","284","1259","[M+H-H2O]+","","3","9436;9407;9413","264.13601",34.128674,57.053146,68.202385,5502.2856,6029.351,5456.4165,127.63785,75.76457,22.20708,""
9540,602.264917632403,4.205646,"","","","289","1268","[M+NH4]+","","2","9549;9540","584.23124",0,0,0,22370.47,25182.533,20238.2,0,0,0,""
9558,343.211860498723,4.2058673,"","","","289","1266","[M+H]+","","3","9557;9558;9565","342.20536",52.622902,37.628696,35.281494,692.78143,680.6397,461.00153,22.275393,30.637714,27.67491,""
9549,607.22059674721,4.209145,"","","","289","1268","[M+Na]+","","2","9549;9540","584.23124",0,0,0,2177.1648,2337.4434,1839.9297,0,0,0,""
9648,443.111242301317,4.268341,"","","","276","1275","[M+K]+","","2","9648;9655","404.14812",0,0,0,2872.248,2463.186,1006.95105,0,0,0,""
9655,427.137378131542,4.272992,"","","","276","1275","[M+Na]+","","2","9648;9655","404.14812",0,0,0,17317.686,14639.539,6510.0605,0,0,0,""
9656,537.253306901329,4.2746787,"","","","297","1276","[M+H]+","","2","9656;9657","536.24637",0,0,0,1657.6805,1815.2213,1767.6865,0,0,0,""
9657,554.280532320747,4.2746787,"","","","297","1276","[M+NH4]+","","2","9656;9657","536.24637",0,0,0,747.21405,733.1167,622.6578,0,0,0,""
9666,471.274900475347,4.27925,"","","","297","","","","","","",0,0,0,15418.788,16633.195,14823.3125,0,0,0,""
9668,671.285337889091,4.27925,"","","","297","1277","[M+K]+","","3","9676;9671;9668","632.32223",0,0,0,21153.096,21832.54,20189.512,0,0,0,""
9671,655.311353838499,4.281297,"","","","297","1277","[M+Na]+","","3","9676;9668;9671","632.32223",0,0,0,55554.605,57287.355,50752.652,0,0,0,""
9676,650.35618800226,4.2833467,"","","","297","1277","[M+NH4]+","","3","9676;9668;9671","632.32223",0,0,0,90593.13,96384.81,86861.29,0,0,0,""
9724,541.276012676086,4.2887807,"","","","299","1282","[M+Na]+","","3","9726;9717;9724","518.28854",0,0,0,12260.421,11090.226,5449.1016,21.759007,0,0,""
9692,628.281341534851,4.2937965,"","","","299","1280","[M+NH4]+","","4","9697;9698;9692;9693","610.24746",0,0,0,4146.813,4831.297,4926.745,0,0,0,""
9693,633.237432716284,4.2938104,"","","","299","1280","[M+Na]+","","4","9697;9698;9692;9693","610.24746",0,0,0,1202.3618,1313.6986,1290.7566,0,0,0,""
9697,593.243535510854,4.295527,"","","","299","1280","[M+H-H2O]+","","3","9697;9692;9693","610.24746",0,0,0,1766.283,1829.9304,1838.4777,0,0,0,""
9698,611.254569503287,4.295527,"","","","299","1280","[M+H]+","","3","9698;9692;9693","610.24746",0,0,0,6333.1436,7149.103,6471.735,0,0,0,""
9702,643.347934828894,4.2989635,"","","","299","1281","[M+Na]+","","2","9702;9703","620.35875",0,0,0,2312.2554,2247.6833,2140.3726,0,0,0,""
9703,659.32193231919,4.2989635,"","","","299","1281","[M+K]+","","2","9702;9703","620.35875",0,0,0,799.72784,855.9338,726.94977,0,0,0,""
9716,483.275227216827,4.3048844,"","","","299","1283","[M+H-H2O]+","","2","9720;9716","500.27808",0,0,0,854.72565,550.93207,134.819,0,0,0,""
9717,501.285689871546,4.3048844,"","","","299","1282","[M+H-H2O]+","","3","9726;9717;9724","518.28854",0,0,0,10544.779,9255.821,4075.0913,0,0,0,""
9720,518.311130431784,4.306971,"","","","299","1283","[M+NH4]+","","3","9720;9716;9717","500.27808",0,0,0,4163.442,3749.6333,1682.3492,0,0,0,""
9726,557.253012887972,4.3090825,"","","","299","1282","[M+K]+","","3","9726;9717;9724","518.28854",0,0,0,5259.7583,4618.7085,2194.136,0,0,0,""
9750,591.225537439634,4.325458,"","","","303","1287","[M+Na]+","","3","9754;9755;9750","568.23637",0,0,0,2622.4802,2591.7998,2411.8545,0,0,0,""
9752,613.207897496961,4.326557,"","","","303","1287","[M-H+2Na]+","","3","9754;9755;9752","568.23637",0,0,0,1095.4386,1261.1138,1183.621,0,0,0,""
9754,569.243354325405,4.327163,"","","","303","1287","[M+H]+","","4","9754;9755;9752;9750","568.23637",0,0,0,14557.429,15587.679,15160.987,0,0,0,""
9755,586.27015121606,4.327163,"","","","303","1287","[M+NH4]+","","4","9754;9755;9752;9750","568.23637",0,0,0,28414.098,30881.758,28831.605,0,0,0,""
9756,588.273114836617,4.327163,"","","","303","1288","[M+NH4]+","","2","9756;9761","570.23901",0,0,0,2755.3599,2914.9934,2932.117,0,0,0,""
9761,571.246000200093,4.328435,"","","","303","1288","[M+H]+","","2","9756;9761","570.23901",0,0,0,1311.039,1459.8955,1308.5533,0,0,0,""
9782,513.283416132364,4.345916,"","","","302","1290","[M+Na]+","","2","9792;9782","490.29414",0,0,0,487.67172,425.34988,426.01453,0,0,0,""
9792,508.327896278811,4.347601,"","","","302","1290","[M+NH4]+","","2","9792;9782","490.29414",0,0,0,1006.7129,1015.9173,858.8941,0,0,0,""
9688,485.254280259123,4.3503404,"","","","302","1291","[M+H]+","","3","9800;9799;9688","484.24709",0,0,0,2755.996,3140.1567,3079.2307,0,0,0,""
9798,492.177549636748,4.3503404,"","","","302","","","","","","",0,0,0,11465.09,13131.729,12117.293,0,0,0,""
9799,507.236383388239,4.3503404,"","","","302","1291","[M+Na]+","","4","9800;9803;9799;9688","484.24709",0,0,0,9151.774,10007.427,8663.822,0,0,0,""
9800,523.210233423123,4.3503404,"","","","302","1291","[M+K]+","","4","9800;9803;9799;9688","484.24709",0,0,0,3738.7783,4018.221,3551.333,0,0,0,""
9803,467.243833210114,4.352474,"","","","302","1291","[M+H-H2O]+","","3","9800;9799;9803","484.24709",0,0,0,5855.2163,6508.1104,5602.071,0,0,0,""
9847,439.209706331651,4.37933,"","","","315","1299","[M+K]+","","2","9847;9854","400.24749",0,0,0,342.57706,380.80844,247.73172,0,0,0,""
9856,687.336519280533,4.381413,"","","","315","1296","[M+Na]+","","2","9856;9883","664.34791",0,0,0,4678.922,4080.627,2150.277,0,0,0,""
9920,1158.50795594069,4.3853407,"","","","315","1307","[2M+NH4]+","","2","9920;9968","570.23791",0,0,0,462.01395,797.7945,447.8676,18.542435,0,32.932613,""
9883,682.382335079925,4.388004,"","","","315","1296","[M+NH4]+","","2","9856;9883","664.34791",0,0,0,8164.423,7221.0117,3094.328,0,0,0,""
9976,1171.53360332836,4.3895545,"","","","315","1303","[2M+K]+","","2","10024;9976","566.28477",0,0,0,6496.7803,7378.602,6191.068,0,25.279026,0,""
10006,887.917295868689,4.3905697,"","","","315","1305","[M+NH4]+","","2","10006;9953","869.88123",0,0,0,14351.165,15523.486,14387.732,26.620153,0,0,""
9898,613.207583050375,4.3920517,"","","","315","1315","[M-H+2Na]+","","4","9898;9970;9770;9966","568.23543",0,0,0,38688.17,37274.62,38757.88,0,0,0,""
9890,343.211966129466,4.3927507,"","","","315","1302","[M+H]+","","2","9890;9882","342.20529",30.468708,0,67.983955,1207.4819,1550.54,1128.3572,37.80552,23.958565,18.521381,""
9977,1173.52823342563,4.393042,"","","","315","1301","[M+H]+","","2","9977;10074","1172.52493",0,0,22.785534,1968.3098,2240.528,2297.3867,0,0,0,""
10109,281.1372581295,4.400613,"","","","315","1320","[M+Na]+","","2","10109;10090","258.14765",356.16986,275.87573,435.6693,5191.0967,5336.3066,4369.9863,148.25787,434.30582,243.87267,""
10074,1190.56272549412,4.4012976,"","","","315","1301","[M+NH4]+","","2","9977;10074","1172.52493",0,0,0,1163.6537,650.4869,1009.30817,0,24.33108,23.865955,""
9882,365.195107766296,4.401775,"","","","315","1302","[M+Na]+","","2","9890;9882","342.20529",763.90393,311.66205,117.31981,4301.845,4911.8643,3867.5032,319.7917,105.2852,377.37357,""
9937,881.878875460843,4.4021816,"","","","315","1311","[M+H]+","","2","10061;9937","880.86984",0,0,0,1970.1804,2180.373,2231.5808,0,0,0,""
9941,895.925945540392,4.4021816,"","","","315","1312","[M+NH4]+","","2","9941;10004","877.89225",0,0,0,3418.191,3805.6655,3478.279,0,0,0,""
10010,594.226176135094,4.402214,"","","","315","1316","[M+Na]+","","2","9969;10010","571.23811",0,0,0,673.049,341.92102,340.4248,0,0,0,""
9943,689.243140549959,4.402214,"","","","315","1322","[M+Na]+","","2","9943;9981","666.25242",0,0,0,3894.5015,3783.8013,4699.5957,0,0,0,""
10095,441.29997388463,4.4023447,"","","","315","","","","","","",35.33944,24.143627,23.862682,17970.045,18414.463,18670.658,21.175997,23.2213,23.376732,""
9854,423.23764544712,4.4032707,"","","","315","1299","[M+Na]+","","2","9847;9854","400.24749",40.3507,25.670876,0,3430.2217,5838.16,3167.1497,23.28688,21.684593,27.752872,""
9963,471.273922308459,4.404232,"","","","315","1321","[M+H-H2O]+","","2","9963;9965","488.27693",0,0,0,4332.944,4318.244,4497.762,0,0,0,""
9965,506.312208657722,4.404232,"","","","315","1321","[M+NH4]+","","4","9963;10082;9998;9965","488.27693",0,0,0,16253.407,18616.996,17424.645,0,0,0,""
9966,569.243040816719,4.404232,"","","","315","1315","[M+H]+","","7","9898;9978;9971;9970;9770;10008;9966","568.23543",0,0,0,1469151.9,1503656.6,1475426.9,0,0,0,""
9968,571.245029997374,4.404232,"","","","315","1307","[M+H]+","","5","10025;9982;9920;9968;9997","570.23791",0,0,0,138775.84,141488,139521.3,0,0,0,""
9969,572.245815361392,4.404232,"","","","315","1316","[M+H]+","","4","10010;9969;9985;10024","571.23811",0,0,0,30265.744,31172.828,30241.344,0,0,0,""
9970,586.269555655449,4.404232,"","","","315","1315","[M+NH4]+","","8","9898;9978;9971;10007;9970;9770;9921;9966","568.23543",0,0,0,252559.16,265128.78,248706.4,0,0,0,""
9971,591.224975065761,4.404232,"","","","315","1315","[M+Na]+","","7","9971;9970;10007;9770;9921;10008;9966","568.23543",0,0,0,60171.715,57439.297,58011.562,0,0,0,""
9972,896.430441497919,4.404232,"","","","315","1317","[M+NH4]+","","2","10070;9972","878.39548",0,0,0,3944.354,4348.9863,3916.9543,0,0,0,""
10060,664.188697798082,4.404264,"","","","315","1314","[M+K]+","","2","10060;9999","625.22665",0,0,0,2328.583,609.1931,2039.4774,0,0,0,""
9974,1079.50280789792,4.404232,"","","","315","1327","[M+Na]+","","3","9975;9974;9973","1056.51206",0,0,0,3244.9756,2680.5889,3488.501,0,0,0,""
9978,1159.45792973361,4.404234,"","","","315","1315","[2M+Na]+","","4","9978;9970;9770;9966","568.23543",0,0,0,3318.594,3253.331,3267.7002,0,0,0,""
9973,1057.51824007673,4.404651,"","","","315","1327","[M+H]+","","3","9975;9974;9973","1056.51206",0,0,0,9890.236,9767.605,10485.434,0,29.033619,0,""
9997,588.273240294966,4.406277,"","","","315","1307","[M+NH4]+","","3","10025;9968;9997","570.23791",0,0,0,21883.014,25595.363,23532.902,0,0,0,""
9998,489.285049548751,4.40629,"","","","315","1321","[M+H]+","","4","10082;9998;10080;9965","488.27693",0,0,0,64235.066,67615.64,67947.14,0,0,0,""
9999,648.216976613497,4.406282,"","","","315","1314","[M+Na]+","","2","10060;9999","625.22665",0,0,0,14691.226,14193.6045,15906.105,0,0,0,""
10072,884.352418424938,4.406282,"","","","315","1323","[M+H]+","","1","10022","883.34611",0,0,0,748.4571,490.3944,381.3567,0,0,0,""
10061,898.901912939927,4.406282,"","","","315","1311","[M+NH4]+","","2","10061;9937","880.86984",0,0,0,1846.5564,1802.2902,1525.0527,0,0,0,""
10003,870.387982006442,4.4062867,"","","","315","1319","[M+H]+","","2","10003;10005","869.37989",0,0,0,3579.3179,2919.3452,3203.8982,0,0,0,""
10004,878.899659080353,4.40629,"","","","315","1312","[M+H]+","","2","9941;10004","877.89225",0,0,0,14096.276,15452.578,13341.166,0,0,0,""
10005,887.412890828068,4.40629,"","","","315","1319","[M+NH4]+","","2","10003;10005","869.37989",0,0,0,14935.377,15427.08,13963.306,0,0,0,""
10007,1137.47712954242,4.40629,"","","","315","1315","[2M+H]+","","4","9971;9970;10007;9770","568.23543",0,0,0,7500.2324,7868.8867,7696.141,0,0,0,""
10008,1154.50453712207,4.40629,"","","","315","1315","[2M+NH4]+","","5","9971;9770;9921;10008;9966","568.23543",0,0,0,26608.432,27175.205,26090.352,0,0,0,""
10082,527.238172699516,4.406767,"","","","315","1321","[M+K]+","","4","9998;10082;10080;9965","488.27693",0,27.545166,0,1898.234,1709.175,1755.29,0,0,0,""
10024,589.273544640421,4.408335,"","","","315","1316","[M+NH4]+","","2","9969;10024","571.23811",0,0,0,4891.709,5413.6357,4993.005,0,0,0,""
10025,593.228150560125,4.408335,"","","","315","1307","[M+Na]+","","3","10025;9968;9997","570.23791",0,0,0,5173.1167,5064.259,5206.554,0,0,0,""
9982,609.199543085311,4.408335,"","","","315","1307","[M+K]+","","2","9982;9968","570.23791",0,0,0,1810.7933,1680.7454,717.41547,0,0,0,""
9770,607.198072380098,4.40834,"","","","315","1315","[M+K]+","","9","9898;9978;9971;9970;10007;9770;9921;10008;9966","568.23543",0,0,0,12230.387,12647.967,12192.759,0,0,0,""
10022,901.380903732681,4.408337,"","","","315","1323","[M+NH4]+","","2","10072;10022","883.34611",0,0,0,2273.8315,1710.8158,1973.0924,0,0,0,""
10070,879.401616210107,4.4083405,"","","","315","1317","[M+H]+","","2","10070;9972","878.39548",0,0,0,13991.587,14178.835,13490.164,0,0,0,""
9951,321.145954438138,4.4084187,"","","","315","1328","[M+Na]+","","2","9951;10058","298.1561",84.49414,51.873497,57.613068,3311.4666,4897.764,5335.447,123.82488,37.628494,51.930176,""
9985,1181.43760165686,4.408335,"","","","315","1316","[2M+K]+","","2","9969;9985","571.23811",0,0,0,1972.1008,2328.4563,373.44058,0,0,0,""
10064,297.131987479196,4.4091372,"","","","315","1329","[M+Na]+","","2","10064;10104","274.14266",76.35242,108.79402,72.87605,3099.0972,3776.9377,3737.3005,144.6792,211.44821,59.354904,""
9981,705.214083959997,4.412393,"","","","315","1322","[M+K]+","","2","9943;9981","666.25242",0,0,0,850.5321,528.5627,277.66132,0,0,0,""
9953,870.88626187554,4.412422,"","","","315","1305","[M+H]+","","2","10006;9953","869.88123",0,0,0,3026.2402,2787.5967,1792.2058,0,0,0,""
10079,459.311131890848,4.4144673,"","","","315","","","","","","",0,0,0,63359.254,64001.742,64220.42,0,0,0,""
10080,511.265471203424,4.4144683,"","","","315","1321","[M+Na]+","","3","10082;9998;10080","488.27693",0,0,0,4575.6904,4321.3,4389.2764,0,0,0,""
10096,603.354084586813,4.416525,"","","","315","1331","[M+H-H2O]+","","3","10116;10096;10106","620.35814",0,0,0,3212.559,3238.2295,2753.5564,0,0,0,""
10097,621.365408828208,4.416525,"","","","315","1331","[M+H]+","","4","10121;10116;10106;10097","620.35814",0,0,0,59241.08,61655.41,59808.477,0,0,0,""
10106,638.392171407001,4.4185615,"","","","315","1331","[M+NH4]+","","5","10121;10116;10096;10106;10097","620.35814",0,0,0,49691.84,51295.418,49407.656,0,0,0,""
9975,1074.54544527911,4.4186,"","","","315","1327","[M+NH4]+","","3","9975;9974;9973","1056.51206",31.929478,0,0,6185.1914,6393.3823,5634.965,0,0,0,""
9921,551.232329874355,4.421189,"","","","315","1315","[M+H-H2O]+","","5","9971;9970;9770;9921;10008","568.23543",0,0,0,3996.775,2854.9958,2524.6719,0,0,0,""
10116,643.347317416508,4.4226317,"","","","315","1331","[M+Na]+","","5","10121;10116;10096;10106;10097","620.35814",0,0,0,51934.047,51601.266,53119.387,0,0,0,""
10121,659.321928598288,4.424661,"","","","315","1331","[M+K]+","","4","10121;10116;10106;10097","620.35814",0,0,0,8936.434,8909.06,9155.87,0,0,0,""
10165,499.215292977001,4.4398518,"","","","315","1334","[M+H-H2O]+","","2","10165;10162","516.21942",0,0,0,168.15677,926.929,891.16223,0,0,0,""
10150,451.248622997812,4.442446,"","","","315","1335","[M+H-H2O]+","","2","10156;10150","468.25205",0,0,0,8676.631,9371.024,7797.4556,0,0,0,""
10162,534.254281595855,4.442465,"","","","315","1334","[M+NH4]+","","3","10165;10160;10162","516.21942",0,0,0,343.15588,641.3631,429.49933,0,0,0,""
10156,486.286011026999,4.4444833,"","","","315","1335","[M+NH4]+","","2","10156;10150","468.25205",0,0,0,2733.472,2740.0732,2140.509,0,0,0,""
10160,517.226491342689,4.4465027,"","","","315","1334","[M+H]+","","2","10160;10162","516.21942",0,0,0,9164.425,9528.048,9210.01,0,0,0,""
10159,509.251159627118,4.4493475,"","","","315","","","","","","",0,0,0,20293.178,22605.64,18617.164,20.41636,0,0,""
10229,816.43991602551,4.482149,"","","","334","1341","[M+NH4]+","","2","10230;10229","798.40589",0,0,0,18958.582,21876.115,19763.89,0,0,0,""
10230,821.394902112864,4.482149,"","","","334","1341","[M+Na]+","","2","10230;10229","798.40589",0,0,0,2295.8206,2239.7544,2338.0818,0,0,0,""
10262,533.322901741987,4.4829407,"","","","334","1342","[M+NH4]+","","2","10262;10267","515.28951",0,25.506592,0,989.64343,961.0522,1020.93536,21.795734,0,0,""
10249,489.285364010732,4.493976,"","","","334","1343","[M+H]+","","4","10259;10251;10250;10249","488.27832",0,0,0,18228.992,20352.285,19085.229,0,0,0,""
10250,511.267634559229,4.493976,"","","","334","1343","[M+Na]+","","4","10259;10251;10250;10249","488.27832",0,0,0,22513.11,26310.924,23173.21,0,0,0,""
10251,527.241971425995,4.493976,"","","","334","1343","[M+K]+","","4","10259;10251;10250;10249","488.27832",0,0,0,10229.344,11585.882,10718.227,0,0,0,""
10248,611.192899423007,4.4948893,"","","","334","1344","[M-H+2Na]+","","3","10248;10257;10258","566.22122",0,0,0,746.1221,742.7622,742.2489,21.88417,0,0,""
10257,567.227678917713,4.496076,"","","","334","1344","[M+H]+","","4","10248;10257;10258;10265","566.22122",0,0,0,12779.656,14156.757,12942.327,0,0,0,""
10258,584.254448713204,4.496076,"","","","334","1344","[M+NH4]+","","4","10248;10257;10258;10265","566.22122",0,0,0,11357.751,12646.873,11372.836,0,0,0,""
10259,506.311781923947,4.4961114,"","","","334","1343","[M+NH4]+","","4","10259;10251;10250;10249","488.27832",0,0,0,14509.783,16030.785,14439.014,0,0,0,""
10265,589.211332955439,4.498176,"","","","334","1344","[M+Na]+","","3","10257;10258;10265","566.22122",0,0,0,1381.8423,1485.7,547.16364,0,0,0,""
10267,538.279151212022,4.5002694,"","","","334","1342","[M+Na]+","","2","10262;10267","515.28951",0,0,0,729.2151,1143.0714,1076.1661,0,0,0,""
10344,509.250786872316,4.5221863,"","","","334","1351","[M+Na]+","","3","10240;10339;10344","486.26229",0,0,0,11415.343,13750.673,11815.554,20.41636,0,0,""
10314,539.260918390209,4.5233603,"","","","321","1350","[M+Na]+","","2","10313;10314","516.27251",0,0,0,557.33484,542.115,125.09993,0,0,0,""
10313,499.270031238111,4.523899,"","","","321","1350","[M+H-H2O]+","","2","10314;10313","516.27251",0,0,0,327.63657,314.20187,75.635155,0,0,0,""
10240,525.225710016022,4.5246863,"","","","334","1351","[M+K]+","","2","10240;10344","486.26229",0,0,0,15337.566,6852.0073,15093.964,0,0,0,""
10338,604.280657906302,4.5393825,"","","","334","1353","[M+NH4]+","","2","10337;10338","586.24724",0,0,0,9138.065,10738.12,9559.958,0,0,0,""
10337,609.236866335415,4.5393825,"","","","334","1353","[M+Na]+","","2","10337;10338","586.24724",0,0,0,736.37427,1148.658,1070.7412,0,0,0,""
10339,504.29655808543,4.541521,"","","","334","1351","[M+NH4]+","","2","10339;10344","486.26229",0,0,0,38457.74,43572.855,38014.516,0,0,0,""
10352,784.449885913453,4.5478415,"","","","334","1354","[M+NH4]+","","2","10353;10352","766.41599",0,0,0,3493.9292,3912.5652,3787.6968,0,0,0,""
10353,789.405135515267,4.549951,"","","","334","1354","[M+Na]+","","2","10353;10352","766.41599",0,0,0,1803.3715,2210.1301,2230.649,0,0,0,""
10354,535.237402149951,4.5516458,"","","","334","1355","[M+H-H2O]+","","3","10355;10358;10354","552.24108",0,0,0,33389.73,65372.938,33515.574,0,0,0,""
10355,597.21243217638,4.5516458,"","","","334","1355","[M-H+2Na]+","","2","10355;10354","552.24108",0,0,0,2060.259,2203.4316,2222.348,0,0,0,""
10358,575.230492325198,4.552078,"","","","334","1355","[M+Na]+","","2","10358;10354","552.24108",0,0,0,3104.192,3426.785,2904.434,0,0,0,""
10361,437.269387816423,4.553717,"","","","334","1359","[M+H]+","","2","10361;10356","436.26217",0,0,0,3954.9595,4335.6787,3871.6602,0,0,0,""
10362,492.202990122603,4.553717,"","","","334","1357","[M+H]+","","2","10365;10362","491.19571",0,0,0,853.0783,697.65845,786.088,0,0,0,""
10365,514.184914374333,4.553717,"","","","334","1357","[M+Na]+","","2","10365;10362","491.19571",0,0,0,449.95184,467.30304,416.6669,0,0,0,""
10356,454.296044034323,4.554149,"","","","334","1359","[M+NH4]+","","2","10361;10356","436.26217",0,0,0,1276.6167,1228.7933,541.51483,0,0,0,""
10367,552.263846162305,4.555844,"","","","334","1358","[M+NH4]+","","2","10367;10354","534.23007",0,0,0,16498.168,18496.41,17167.96,0,0,0,""
10381,643.348276994452,4.5596013,"","","","334","1361","[M+Na]+","","3","10384;10390;10381","620.35879",0,0,0,1640.6215,2089.523,2188.029,0,0,0,""
10384,603.354919566499,4.5600524,"","","","334","1361","[M+H-H2O]+","","2","10384;10381","620.35879",0,0,0,662.73303,730.0443,724.80817,0,0,0,""
10390,659.322252692181,4.5634694,"","","","334","1361","[M+K]+","","2","10390;10381","620.35879",0,0,0,150.65764,404.7509,596.2393,0,0,0,""
10402,491.240616160723,4.5672984,"","","","334","1363","[M+Na]+","","2","10416;10402","468.25148",0,0,0,1163.7264,1444.5385,1205.7308,0,0,0,""
10416,507.214729213222,4.5746465,"","","","334","1363","[M+K]+","","2","10416;10402","468.25148",0,0,0,323.81058,156.20288,336.83072,0,0,0,""
10417,511.267366037111,4.5785146,"","","","334","1366","[M+Na]+","","3","10419;10422;10417","488.27904",0,0,0,7301.9673,7367.398,6497.157,0,0,0,""
10422,527.241850027174,4.5810666,"","","","334","1366","[M+K]+","","3","10419;10422;10417","488.27904",0,0,0,3700.2375,3810.167,3388.6196,0,0,0,""
10432,634.307238119088,4.586351,"","","","312","1367","[M+H]+","","2","10435;10432","633.2998",0,0,0,1942.6611,2194.8503,1984.9861,0,0,0,""
10435,651.333462723421,4.588467,"","","","312","1367","[M+NH4]+","","2","10435;10432","633.2998",0,0,0,3937.8572,4743.7637,4059.2568,0,0,0,""
10419,489.287548213752,4.5936136,"","","","334","1366","[M+H]+","","3","10419;10422;10417","488.27904",0,0,27.16204,6186.758,6619.729,5771.1304,0,0,0,""
10521,597.212450550511,4.612053,"","","","334","1369","[M+Na]+","","2","10521;10524","574.22329",0,0,0,2319.5376,1597.2142,2311.2976,0,0,0,""
10484,593.241225944358,4.6215634,"","","","334","1368","[M+Na]+","","2","10484;10490","570.25207",0,0,0,765.65735,771.6658,646.07404,0,0,0,""
10490,588.285955646953,4.6232996,"","","","334","1368","[M+NH4]+","","2","10484;10490","570.25207",0,0,0,9144.841,10965.294,10176.537,0,0,0,""
10491,606.330329380297,4.6232996,"","","","334","1371","[M+H]+","","3","10495;10475;10491","605.32249",0,0,0,2209.5842,2525.9902,3345.0137,0,0,0,""
10495,628.313510677308,4.625468,"","","","334","1371","[M+Na]+","","2","10495;10491","605.32249",0,0,0,778.6445,953.7441,1133.2461,0,0,0,""
10518,555.251819567904,4.6442533,"","","","334","1374","[M+H]+","","2","10531;10518","554.24476",0,0,0,2103.4402,3052.7732,2251.153,0,0,0,""
10523,553.247496289383,4.646406,"","","","334","1373","[M+H]+","","2","10524;10523","552.24142",0,0,0,23286.324,25900.998,23634.416,0,0,0,""
10524,575.230625270262,4.646406,"","","","334","1373","[M+Na]+","","3","10527;10524;10523","552.24142",0,0,0,5089.831,5460.5317,5058.7485,0,0,0,""
10475,644.28327403482,4.647883,"","","","334","1371","[M+K]+","","2","10475;10491","605.32249",0,0,0,255.52519,492.10684,2958.062,0,0,0,""
10527,570.276461181646,4.648482,"","","","334","1373","[M+NH4]+","","2","10527;10524","552.24142",0,0,0,26964.072,29319.611,27898.174,0,0,0,""
10531,572.27880853005,4.650589,"","","","334","1374","[M+NH4]+","","2","10531;10518","554.24476",0,0,0,2552.284,2893.5696,2526.9102,0,0,0,""
10532,607.221192221472,4.650589,"","","","334","1376","[M+Na]+","","3","10532;10547;10548","584.23165",0,0,0,1328.269,1454.1648,1226.9893,0,0,0,""
10525,556.251741094435,4.652715,"","","","334","1378","[M+H]+","","2","10553;10525","555.24362",0,0,0,126.5533,265.96237,250.65773,0,0,0,""
10536,584.254728383644,4.652715,"","","","334","","","","","","",0,0,0,11583.081,11858.074,13134.651,0,0,0,""
10544,629.203311799917,4.6548057,"","","","334","1376","[M-H+2Na]+","","3","10544;10547;10548","584.23165",0,0,0,2053.5774,2227.4934,2131.857,0,0,0,""
10547,567.228072966824,4.6548696,"","","","334","1376","[M+H-H2O]+","","4","10544;10532;10548;10547","584.23165",0,0,0,13558.271,14788.457,13459.901,0,0,0,""
10548,602.264920066965,4.6548696,"","","","334","1376","[M+NH4]+","","4","10544;10532;10547;10548","584.23165",0,0,0,17739.799,19069.887,18542.521,0,0,0,""
10556,568.22952131511,4.65696,"","","","334","1382","[M+H]+","","2","10617;10556","567.22305",0,0,0,3355.274,3666.7603,3451.5945,0,0,0,""
10553,573.276600817086,4.659057,"","","","334","1378","[M+NH4]+","","2","10553;10525","555.24362",0,0,0,49.667526,411.8209,430.72977,0,0,0,""
10638,351.216215426888,4.685611,"","","","334","1387","[M+Na]+","","3","10637;10638;10646","328.22649",622.8902,167.35292,83.742325,37582.066,41944.164,36385,115.60382,174.96313,199.40323,""
10645,293.211828729258,4.691053,"","","","334","","","","","","",722.2793,53.450554,46.601227,19263.764,20990.404,19739.72,52.82895,39.041645,39.80658,""
10600,346.259741472156,4.692992,"","","","334","1387","[M+NH4]+","","3","10620;10600;10637","328.22649",16081.046,117.87423,143.19847,78590.72,86761.16,78475.72,34.805183,59.535294,33.89686,""
10610,644.276611427442,4.6974616,"","","","334","1386","[M+NH4]+","","2","10610;10611","626.24263",0,0,0,3937.2783,4289.7666,3898.8757,0,0,0,""
10611,627.249743548024,4.6975093,"","","","334","1386","[M+H]+","","2","10610;10611","626.24263",0,0,0,6820.9233,8078.0103,7286.7993,0,0,0,""
10722,487.266735186925,4.6977916,"","","","334","","","","","","",0,0,29.142786,16429.607,18033.723,16408.139,0,0,0,""
10617,585.257675239891,4.7008033,"","","","334","1382","[M+NH4]+","","2","10617;10556","567.22305",0,0,0,341.12396,435.73328,3069.6802,0,0,0,""
10623,796.413645872258,4.7036905,"","","","334","1388","[M+NH4]+","","2","10630;10623","778.37952",0,0,0,6590.816,8104.0825,6979.975,0,0,0,""
10630,801.368440854797,4.706146,"","","","334","1388","[M+Na]+","","2","10623;10630","778.37952",0,0,0,1553.4382,1261.3933,1253.8123,0,0,0,""
10620,373.198481598294,4.707013,"","","","334","1387","[M-H+2Na]+","","3","10620;10600;10637","328.22649",0,0,26.579178,2026.3932,538.4246,1773.1439,0,0,0,""
10637,311.222374437292,4.710852,"","","","334","1387","[M+H-H2O]+","","4","10620;10600;10637;10638","328.22649",380.34442,110.04794,168.3765,6160.144,6623.561,6243.983,197.36917,113.17566,68.21858,""
10646,367.18972460632,4.7122607,"","","","334","1387","[M+K]+","","2","10638;10646","328.22649",0,0,0,2248.5732,2692.4116,1886.2015,0,0,0,""
10673,586.269954604752,4.7142906,"","","","334","1392","[M+NH4]+","","4","10687;10679;10682;10673","568.23553",0,0,0,398287.6,442528.7,415788.78,0,0,0,""
10674,607.197002773407,4.714291,"","","","334","1392","[M+K]+","","3","10679;10674;10680","568.23553",0,0,0,3273.8699,3560.442,3543.0215,0,0,0,""
10719,843.346283640123,4.7142835,"","","","334","1398","[M+Na]+","","2","10730;10719","820.35577",0,0,0,354.65002,819.3659,188.46173,0,0,0,""
10679,551.231757039194,4.716276,"","","","334","1392","[M+H-H2O]+","","5","10687;10674;10679;10682;10673","568.23553",0,0,0,19589.953,21944.098,20502.6,0,0,0,""
10680,569.24258741378,4.716276,"","","","334","1392","[M+H]+","","3","10674;10682;10680","568.23553",0,0,0,16397.361,11375.805,16181.357,0,0,0,""
10682,613.207705769,4.716276,"","","","334","1392","[M-H+2Na]+","","4","10679;10680;10682;10673","568.23553",0,0,0,7881.7007,7984.6685,7401.296,0,0,0,""
10687,591.225508089234,4.7163215,"","","","334","1392","[M+Na]+","","3","10687;10679;10673","568.23553",0,0,0,26510.518,29395.168,27749.516,0,0,0,""
10699,469.259564739151,4.718307,"","","","334","1400","[M+H-H2O]+","","5","10699;10726;10665;10724;10721","486.2631",0,0,0,46754.855,52318.3,49415.168,0,0,0,""
10701,509.253848865969,4.718307,"","","","334","1400","[M+Na]+","","3","10701;10665;10721","486.2631",0,0,0,32730.318,36685.9,32131.473,0,0,0,""
10702,515.211174672695,4.718307,"","","","334","","","","","","",0,0,0,13689.574,15671.981,14986.383,0,0,0,""
10708,573.21534877089,4.7183547,"","","","334","1402","[M+H]+","","2","10727;10708","572.20778",0,0,0,1772.0435,2004.1343,1892.9376,0,0,0,""
10634,593.228568801459,4.718355,"","","","334","1404","[M+Na]+","","2","10634;10662","570.24176",0,0,0,2411.0615,2111.223,2388.8105,0,0,0,""
10665,1011.48921577933,4.71835,"","","","334","1400","[2M+K]+","","3","10699;10701;10665","486.2631",0,0,0,372.34717,752.568,305.98953,0,0,0,""
10720,433.238335973945,4.7203355,"","","","334","","","","","","",0,0,0,14638.366,17679.137,15213.443,0,0,0,""
10721,525.22596912298,4.7203307,"","","","334","1400","[M+K]+","","5","10699;10726;10701;10724;10721","486.2631",0,0,0,13995.346,15580.989,13980.732,0,0,0,""
10723,486.285935794075,4.7203403,"","","","334","","","","","","",0,0,0,11702.583,12668.032,11337.65,0,0,0,""
10724,504.296390719015,4.7203403,"","","","334","1400","[M+NH4]+","","4","10699;10726;10724;10721","486.2631",0,0,0,11958.416,13298.025,11759.458,0,0,0,""
10726,995.514589855898,4.7203403,"","","","334","1400","[2M+Na]+","","4","10699;10726;10724;10721","486.2631",0,0,0,2213.4067,2963.106,2095.9663,0,0,0,""
10727,595.196706168157,4.720383,"","","","334","1402","[M+Na]+","","2","10727;10708","572.20778",0,0,0,859.23,1147.2523,1114.1023,0,0,0,""
10730,821.361758447073,4.722364,"","","","334","1398","[M+H]+","","2","10730;10719","820.35577",0,0,0,2077.163,2271.367,1359.4174,0,0,0,""
10770,453.262789209321,4.7310038,"","","","345","1405","[M+H]+","","2","10771;10770","452.25652",78.575905,0,0,35434.727,37706.008,33987.65,0,0,0,""
10662,588.277982230488,4.735148,"","","","334","1404","[M+NH4]+","","2","10634;10662","570.24176",0,0,0,38406.65,39752.645,5380,0,0,0,""
10771,470.291340474819,4.7386155,"","","","345","1405","[M+NH4]+","","2","10771;10770","452.25652",0,0,0,8288.391,8672.283,7599.169,18.951275,0,0,""
10764,493.256991014075,4.7507057,"","","","345","1406","[M+Na]+","","2","10764;10770","470.26693",0,0,0,39623.95,43159.836,36173.227,0,0,0,""
10772,509.227804895012,4.7527404,"","","","345","","","","","","",0,0,0,9074.808,9188.476,8782.529,0,0,0,""
10789,609.216221034227,4.7594395,"","","","345","1409","[M+K]+","","5","10798;10795;10802;10793;10789","570.2519",0,0,0,685.7359,743.91064,785.8024,0,0,0,""
10792,517.226721198512,4.7615085,"","","","345","1411","[M+H]+","","2","10803;10792","516.2199",0,0,0,16628.783,18203.664,18021.338,0,0,0,""
10793,553.248010276441,4.7615085,"","","","345","1409","[M+H-H2O]+","","5","10798;10795;10802;10789;10793","570.2519",0,0,0,25587.11,28092.262,27475.646,0,0,0,""
10781,556.25185285752,4.7615085,"","","","345","1410","[M+H-H2O]+","","2","10804;10781","573.25377",0,0,0,319.31964,433.8053,138.68848,0,0,0,""
10802,588.285318871248,4.763552,"","","","345","1409","[M+NH4]+","","5","10798;10795;10802;10789;10793","570.2519",0,0,0,38144.156,48843.92,39277.723,0,0,0,""
10798,593.241051734111,4.763552,"","","","345","1409","[M+Na]+","","4","10798;10802;10789;10793","570.2519",0,0,0,4235.357,5046.248,4813.85,0,0,0,""
10795,615.222948380175,4.763552,"","","","345","1409","[M-H+2Na]+","","4","10795;10802;10789;10793","570.2519",0,0,0,2013.4545,2340.4255,2349.609,0,0,0,""
10800,499.216156742788,4.7635674,"","","","345","1411","[M+H-H2O]+","","2","10803;10800","516.2199",0,0,0,1305.2935,1434.8981,1326.0328,0,0,0,""
10803,534.254639344674,4.7635674,"","","","345","1411","[M+NH4]+","","3","10803;10792;10800","516.2199",0,0,0,1039.6765,1273.1816,1195.2438,0,0,0,""
10804,591.286221912317,4.7635674,"","","","345","1410","[M+NH4]+","","2","10804;10781","573.25377",0,0,0,814.474,687.1534,683.3499,0,0,0,""
10825,549.216676949444,4.7814236,"","","","342","1414","[M+H]+","","2","10825;10826","548.20952",0,0,0,11780.204,13754.421,13625.229,0,0,0,""
10826,566.243855500404,4.781441,"","","","342","1414","[M+NH4]+","","3","10825;10829;10826","548.20952",0,0,0,1433.4,1726.692,1629.3053,0,0,0,""
10827,607.221381842341,4.783207,"","","","342","1417","[M+H]+","","2","10840;10827","606.21405",0,0,0,1013.44366,1254.4989,1005.6825,0,0,0,""
10829,531.205832475749,4.783506,"","","","342","1414","[M+H-H2O]+","","2","10829;10826","548.20952",0,0,0,743.77454,982.0302,772.0734,0,0,0,""
10832,584.255180815541,4.78527,"","","","342","1416","[M+NH4]+","","3","10825;10838;10832","566.22033",0,0,0,8865.407,10786.378,8412.529,0,0,0,""
10838,567.226946429869,4.788793,"","","","342","1416","[M+H]+","","2","10838;10832","566.22033",0,0,0,4315.548,4777.9766,4548.4473,0,0,0,""
10840,629.203216879171,4.7891583,"","","","342","1417","[M+Na]+","","2","10840;10827","606.21405",0,0,0,976.2051,1144.1641,1047.0582,0,0,0,""
10841,595.259446680184,4.789169,"","","","342","1420","[M+H]+","","3","10844;10850;10841","594.25295",0,0,0,2727.1997,3243.0728,3196.5876,0,0,0,""
10844,612.286158241215,4.790952,"","","","342","1420","[M+NH4]+","","3","10844;10850;10841","594.25295",0,0,0,3968.9055,4368.895,4217.881,0,0,0,""
10850,617.243559858279,4.81139,"","","","342","1420","[M+Na]+","","3","10844;10850;10841","594.25295",0,0,0,521.15265,200.38992,552.7809,0,0,0,""
11080,1185.52069079224,4.8355246,"","","","357","1430","[M+Na]+","","2","11103;11080","1162.52272",0,21.670776,0,1483.7097,1464.6682,1452.671,25.612026,25.930103,0,""
10931,675.315638426961,4.837469,"","","","357","1429","[M+K]+","","2","10931;10935","636.35351",0,0,0,751.97314,1963.3402,2040.8151,0,0,0,""
10935,659.342900386582,4.841546,"","","","357","1429","[M+Na]+","","3","10931;10935;10946","636.35351",0,0,0,12683.213,14665.616,14201.929,0,0,0,""
10946,654.387195646206,4.8461685,"","","","357","1429","[M+NH4]+","","3","10935;10964;10946","636.35351",0,0,0,108490.52,121591.89,112513.555,0,0,0,""
10951,488.301499250508,4.84823,"","","","357","","","","","","",0,0,0,20621.158,23695.783,20194.291,0,0,0,""
10964,619.351212506879,4.8514867,"","","","357","1429","[M+H-H2O]+","","2","10964;10946","636.35351",0,0,0,2131.1804,2356.111,2164.5532,0,0,0,""
10982,1137.48201364977,4.853539,"","","","357","1443","[2M+H]+","","3","11018;10982;11048","568.23561",0,0,0,1408.5626,1668.4932,817.7252,0,0,0,""
11087,889.890783886493,4.855007,"","","","357","1433","[M+NH4]+","","2","11052;11087","871.85683",0,0,0,2691.5964,3434.993,568.5718,20.031555,0,0,""
11103,1180.54778611653,4.8554015,"","","","357","1430","[M+NH4]+","","2","11103;11080","1162.52272",0,0,0,1230.8623,2649.5132,1753.3247,22.79049,23.455978,0,""
10984,245.132842788556,4.8555713,"","","","357","1431","[M+H]+","","2","10984;11020","244.12478",0,0,0,911.3007,2952.0005,2572.0579,0,0,0,""
10988,607.198842515242,4.8555713,"","","","357","1443","[M+K]+","","7","10995;11018;11137;11054;11046;11048;10988","568.23561",0,0,0,23641.93,25287.943,22725.127,0,0,0,""
10990,588.271983970303,4.8556004,"","","","357","1432","[M+NH4]+","","2","10990;11021","570.23798",0,0,0,188947.39,200822.9,179362.88,0,0,0,""
10991,589.27284484746,4.855602,"","","","357","1442","[M+NH4]+","","3","10991;11162;11016","571.23832",0,0,0,41481.965,44473.55,42253.36,0,0,0,""
10992,593.224560716185,4.855602,"","","","357","1434","[M+Na]+","","2","11038;10992","570.23538",0,0,0,11263.492,13038.891,11472.139,0,0,0,""
11016,554.23497287663,4.857619,"","","","357","1442","[M+H-H2O]+","","2","10991;11016","571.23832",0,0,0,16444.12,19450.379,18188.396,0,0,0,""
11017,515.210892383817,4.857624,"","","","357","1435","[M+H]+","","2","11019;11017","514.20359",0,0,0,456348.22,529004.6,482789.1,0,0,0,""
11018,591.225075527608,4.857619,"","","","357","1443","[M+Na]+","","6","11018;10982;11054;11046;10988;11048","568.23561",0,0,0,126481.45,141622.02,128056.24,0,0,0,""
11019,532.237742166334,4.8576255,"","","","357","1435","[M+NH4]+","","3","11019;11017;11023","514.20359",0,0,0,17999.94,21340.98,19020.592,0,0,0,""
11020,533.21915877048,4.8576255,"","","","357","1431","[2M-H+2Na]+","","2","10984;11020","244.12478",0,0,0,24210.986,28963.61,24923.773,0,0,0,""
11021,553.23451885245,4.8576255,"","","","357","1432","[M+H-H2O]+","","2","10990;11021","570.23798",0,0,0,77308.36,90543.234,80913.03,0,0,0,""
11023,497.199943815079,4.8576546,"","","","357","1435","[M+H-H2O]+","","2","11019;11023","514.20359",0,0,0,74833.43,88037.11,79055.97,0,0,0,""
11058,862.377145342246,4.8576255,"","","","357","1439","[M+H]+","","2","11058;10960","861.36999",0,0,0,5615.5986,6190.6006,5269.0996,0,0,0,""
11024,861.871934846586,4.8576546,"","","","357","1438","[M+H]+","","2","11072;11024","860.86449",0,0,0,5547.4272,6065.626,5434.993,0,0,0,""
11025,870.888681742728,4.8576546,"","","","357","","","","","","",0,0,0,42677.34,48418.918,40890.887,0,0,0,""
11056,673.266627841418,4.859038,"","","","357","1449","[2M+K]+","","2","11166;11056","317.1517",0,0,0,1440.4418,2609.9443,844.3895,0,0,0,""
11129,620.384247753422,4.85939,"","","","357","1447","[M+NH4]+","","2","11129;11132","602.3491",0,0,22.581768,5544.0205,5930.469,5675.0483,0,0,0,""
11038,609.198567309387,4.8596497,"","","","357","1434","[M+K]+","","2","11038;10992","570.23538",0,0,0,3131.0676,3669.9797,3258.9768,0,0,0,""
11040,361.11045204832,4.8596783,"","","","357","","","","","","",0,0,0,55704.383,64404.617,61627.41,0,0,0,""
11042,568.259210463188,4.859663,"","","","357","","","","","","",0,0,0,183735.39,205378.12,190179.25,0,0,0,""
11044,550.247802321891,4.8596783,"","","","357","1436","[M+NH4]+","","2","11017;11044","532.21408",0,0,0,4154.772,3983.8625,4080.3499,0,0,0,""
11046,551.231919368178,4.8596783,"","","","357","1443","[M+H-H2O]+","","7","10995;11018;11137;11054;11046;10988;11048","568.23561",0,0,0,853354.94,979187.2,887599.44,0,0,0,""
11048,586.269638220147,4.8596783,"","","","357","1443","[M+NH4]+","","7","10995;11018;11137;10982;11046;10988;11048","568.23561",0,0,0,1910023.8,2043868,1841929.8,0,0,0,""
11051,870.386500590246,4.8596783,"","","","357","","","","","","",0,0,0,42575.426,51391.316,41871.77,0,0,0,""
11052,872.863981747567,4.8596783,"","","","357","1433","[M+H]+","","2","11052;11087","871.85683",0,0,0,11861.58,13826.731,11776.564,0,0,0,""
11054,1154.50430322282,4.8596783,"","","","357","1443","[2M+NH4]+","","4","11018;11054;11046;10988","568.23561",0,0,0,58885.223,69545.66,59541.42,0,0,0,""
11067,417.243059286448,4.8616967,"","","","357","","","","","","",0,0,0,49323.465,55673.25,50088.98,0,0,0,""
11070,881.371587942183,4.8616867,"","","","357","1445","[M+NH4]+","","2","11094;11070","863.33936",0,0,0,5497.7754,6680.5244,5803.953,0,0,0,""
11072,883.853542262191,4.861711,"","","","357","1438","[M+Na]+","","2","11072;11024","860.86449",0,0,0,5041.331,5659.4224,4746.5654,0,0,0,""
10960,884.35932337268,4.862053,"","","","357","1439","[M+Na]+","","2","11058;10960","861.36999",0,0,0,3520.406,4280.37,2528.251,0,0,25.91059,""
11107,886.331404933307,4.863749,"","","","357","1446","[M+H]+","","2","11094;11107","885.32351",0,0,0,3343.2922,899.8793,3762.6084,0,0,0,""
11094,908.312112294163,4.865786,"","","","357","1445","[M-H+2Na]+","","2","11094;11070","863.33936",0,0,0,2722.3796,1042.4655,1331.8845,0,0,0,""
11110,453.263871955894,4.867782,"","","","357","","","","","","",0,0,0,23422.613,25485.23,23167.592,0,0,0,""
11148,452.279349311428,4.871665,"","","","357","1454","[M+NH4]+","","2","11128;11148","434.24609",36.244892,29.48899,33.661232,349.51657,1834.1707,965.81885,0,26.237074,0,""
11128,435.253933135104,4.871877,"","","","357","1454","[M+H]+","","2","11128;11148","434.24609",0,0,0,53690.87,64446.215,55780.008,0,0,0,""
11132,603.355046502213,4.8718743,"","","","357","1455","[M+H-H2O]+","","2","11154;11132","620.35839",0,0,0,1798.395,1639.7257,598.3385,0,0,0,""
11162,594.226882028914,4.871902,"","","","357","1442","[M+Na]+","","2","10991;11162","571.23832",0,0,0,1031.7065,878.04956,281.31427,0,0,0,""
11116,351.216252397653,4.873534,"","","","357","1440","[M+Na]+","","2","11065;11116","328.22638",375.0962,507.69162,208.10806,12981.524,13816.377,12565.988,494.63068,387.81418,480.0866,""
11137,613.207326582883,4.8739166,"","","","357","1443","[M-H+2Na]+","","4","11137;11046;10988;11048","568.23561",0,0,0,31013.975,33492.363,32390.412,0,0,0,""
10995,1159.45626978637,4.874677,"","","","357","1443","[2M+Na]+","","4","10995;11046;10988;11048","568.23561",0,28.558186,0,8196.728,9562.366,8594.187,0,0,0,""
11154,638.392258835822,4.875965,"","","","357","1455","[M+NH4]+","","3","11159;11154;11132","620.35839",0,0,0,31280.701,36755.45,35401.293,0,0,0,""
11159,643.347618391864,4.8780046,"","","","357","1455","[M+Na]+","","2","11159;11154","620.35839",0,0,0,3592.8054,4408.265,4218.2812,0,0,0,""
11175,493.256281336559,4.888106,"","","","357","1456","[M+Na]+","","2","11185;11175","470.26648",0,0,0,21401.932,24744.9,22695.555,0,0,0,""
11185,509.229051679442,4.896267,"","","","357","1456","[M+K]+","","2","11185;11175","470.26648",0,0,0,3596.2478,4723.7,6302.491,0,0,0,""
11263,339.17857121056,4.9082084,"","","","333","1462","[M+Na]+","","3","11262;11263;11269","316.18975",806.23566,115.93638,93.78544,5925.482,4538.689,1601.7747,40.17576,47.98471,64.06859,""
11220,504.296617394776,4.9144573,"","","","358","1460","[M+NH4]+","","2","11220;11206","486.26295",0,0,0,10434.747,11699.266,10640.267,0,0,0,""
11233,261.110552668849,4.9229136,"","","","358","","","","","","",1570.6464,1837.2065,1601.4673,11705.774,11903.905,19752.77,679.95996,620.94543,189.11682,""
11246,511.267453592134,4.9266315,"","","","357","1461","[M+Na]+","","3","11246;11257;11256","488.27763",0,0,0,6270.335,6822.0938,5807.8867,0,0,0,""
11256,527.242159135811,4.928706,"","","","357","1461","[M+K]+","","3","11246;11257;11256","488.27763",0,0,0,1970.919,2204.9177,2140.8354,0,0,0,""
11262,355.153648719064,4.9333286,"","","","333","1462","[M+K]+","","3","11262;11263;11269","316.18975",0,47.52442,25.260849,840.2348,635.6786,216.67511,25.26368,28.129078,34.42285,""
11206,525.22627180677,4.939553,"","","","358","1460","[M+K]+","","2","11220;11206","486.26295",0,0,0,1339.5104,1290.9004,1231.0269,0,0,0,""
11257,506.309488186037,4.9426527,"","","","357","1461","[M+NH4]+","","3","11246;11257;11256","488.27763",0,0,0,6914.0093,8357.613,7096.4956,22.31012,0,0,""
11364,615.210103107186,4.954371,"","","","374","1474","[M-H+2Na]+","","2","11336;11364","570.23974",0,0,0,607.7849,1418.9015,1191.5032,0,0,0,""
11269,317.196667162894,4.9594126,"","","","333","1462","[M+H]+","","3","11262;11263;11269","316.18975",0,0,0,1662.7786,1344.7876,391.09955,21.316822,0,0,""
11298,784.449580719625,4.9649863,"","","","349","1466","[M+NH4]+","","2","11300;11298","766.41612",0,0,0,3253.045,4162.4053,3400.9214,0,0,0,""
11300,789.40569323299,4.967076,"","","","349","1466","[M+Na]+","","2","11300;11298","766.41612",0,0,0,759.51636,826.0293,762.7673,0,0,0,""
11363,1188.55631957307,4.9738307,"","","","374","1468","[2M+NH4]+","","2","11353;11363","585.26198",0,0,0,1303.9856,1472.1266,1406.0276,0,26.438847,0,""
11334,453.264285766786,4.9834332,"","","","374","1476","[M+H-H2O]+","","2","11352;11334","470.26797",0,0,0,23851.324,27803.863,25726.076,0,0,0,""
11335,533.221553766688,4.9834332,"","","","374","","","","","","",0,0,0,24259.729,42149.504,23830.246,0,0,0,""
11336,553.235074963597,4.9834332,"","","","374","1474","[M+H-H2O]+","","3","11323;11364;11336","570.23974",0,0,0,15292.814,16693.342,16024.121,0,0,0,""
11337,607.199348917418,4.9834332,"","","","374","1473","[M+K]+","","4","11359;11337;11355;11361","568.23609",0,0,0,2525.56,3103.5476,2849.598,0,0,0,""
11339,698.183702001061,4.983432,"","","","374","1471","[M+Na]+","","2","11340;11339","675.19401",0,0,0,1470.4473,1432.732,1530.7137,0,0,0,""
11340,714.156697750654,4.9834332,"","","","374","1471","[M+K]+","","2","11340;11339","675.19401",0,0,0,340.74326,267.04697,489.00586,0,0,0,""
11346,348.275462396285,4.984076,"","","","374","1482","[M+NH4]+","","2","11332;11346","330.24182",3190.5422,1409.5138,1537.624,20084.75,21263.473,19356.395,992.75006,1266.559,1315.5969,""
11352,488.301692749028,4.985456,"","","","374","1476","[M+NH4]+","","3","11352;11356;11334","470.26797",0,0,0,11237.737,12845.807,11422.7295,0,0,0,""
11353,568.25942118251,4.985456,"","","","374","1468","[M+H-H2O]+","","2","11353;11363","585.26198",0,0,0,57676.914,63251.453,59124.707,0,0,0,""
11355,613.207799785203,4.9854574,"","","","374","1473","[M-H+2Na]+","","3","11359;11337;11355","568.23609",0,0,0,15959.403,17192.889,16242.551,0,0,0,""
11359,551.232018505563,4.9854736,"","","","374","1473","[M+H-H2O]+","","4","11359;11337;11355;11361","568.23609",0,0,0,162611.25,187516.92,171318.97,0,0,0,""
11360,554.235611495011,4.9854736,"","","","374","1475","[M+H-H2O]+","","2","11328;11360","571.23882",0,0,0,3231.271,3436.2458,3447.5684,0,0,0,""
11328,589.272564084094,4.9854703,"","","","374","1475","[M+NH4]+","","2","11328;11360","571.23882",0,0,0,2242.6172,1928.3491,1916.2897,0,0,0,""
11361,591.225420460226,4.9854736,"","","","374","1473","[M+Na]+","","3","11359;11337;11361","568.23609",0,0,0,19634.574,21633.816,20881.594,0,0,0,""
11356,471.275729786064,4.9882264,"","","","374","1476","[M+H]+","","2","11352;11356","470.26797",28.103563,0,0,24317.902,27684.812,25355.86,0,0,0,""
11391,490.31379146473,4.993603,"","","","374","1487","[M+NH4]+","","2","11442;11391","472.28066",0,0,0,1018.5605,249.9196,1197.7538,0,0,0,""
11407,487.269003206348,5.003822,"","","","367","1486","[M+H]+","","2","11411;11407","486.26259",0,0,0,1008.63617,963.6547,711.27893,0,0,0,""
11408,630.296289955124,5.003828,"","","","367","1484","[M+NH4]+","","2","11408;11409","612.2615",0,0,0,3656.1301,3853.1687,3484.7957,0,0,0,""
11411,525.226485176758,5.005854,"","","","367","1486","[M+K]+","","3","11428;11411;11407","486.26259",0,0,0,2978.5715,3482.5303,2630.2422,0,0,0,""
11332,353.23121153742,5.006258,"","","","374","1482","[M+Na]+","","2","11332;11346","330.24182",1522.2118,551.42554,261.72308,5846.003,6476.4395,5699.6,124.41518,188.33644,189.74553,""
11417,628.280595005202,5.0078835,"","","","367","1485","[M+NH4]+","","2","11417;11418","610.24691",0,0,0,1662.563,2035.3774,1766.276,0,0,0,""
11418,611.254321723786,5.007923,"","","","367","1485","[M+H]+","","2","11417;11418","610.24691",0,0,0,3419.2764,3595.6047,3040.3196,0,0,0,""
11409,613.26781153826,5.007925,"","","","367","1484","[M+H]+","","2","11408;11409","612.2615",0,0,0,926.31506,1924.1686,2060.3274,0,0,0,""
11428,504.296539930948,5.0171967,"","","","367","1486","[M+NH4]+","","2","11428;11411","486.26259",0,0,0,10294.663,11862.79,9542.9,0,0,0,""
11323,593.231121982316,5.0185676,"","","","374","1474","[M+Na]+","","2","11323;11336","570.23974",0,0,38.976128,1684.5968,1920.8071,1441.6425,0,47.407936,80.37955,""
11491,435.254065781714,5.025478,"","","","374","","","","","","",0,0,0,12144.108,17476.523,12752.078,0,0,0,""
11464,293.211806288547,5.029705,"","","","374","","","","","","",195.44923,102.24333,46.35403,26037.604,29062.508,25011.752,33.1259,53.290184,42.718964,""
11460,373.197192077931,5.0364738,"","","","374","1494","[M-H+2Na]+","","4","11465;11447;11460;11461","328.22644",0,0,0,2212.1726,1876.6572,2358.8396,0,0,0,""
11465,311.222495519414,5.0382185,"","","","374","1494","[M+H-H2O]+","","5","11465;11447;11460;11466;11461","328.22644",112.71867,108.998344,74.46626,7540.479,9604.403,8607.779,128.47919,133.0725,96.96561,""
11442,495.270561757027,5.0402865,"","","","374","1487","[M+Na]+","","2","11442;11391","472.28066",0,0,0,559.0505,812.53564,427.66608,0,0,0,""
11459,275.201359945503,5.041502,"","","","374","1493","[2M+Na]+","","2","11455;11459","126.10563",145.64609,0,23.596539,9319.986,10357.799,9502.173,0,23.367874,0,""
11457,173.117860442768,5.050671,"","","","374","1492","[M+H]+","","2","11452;11457","172.1105",402.6714,70.34425,174.24594,12096.201,13180.56,11351.523,187.10698,162.66808,71.69704,""
11466,351.216205888803,5.052236,"","","","374","1494","[M+Na]+","","4","11465;11447;11466;11461","328.22644",1215.1427,658.16614,476.39603,40551.242,43518.004,39102.797,369.36887,585.6589,291.11035,""
11452,190.144314907405,5.052385,"","","","374","1492","[M+NH4]+","","3","11452;11457;11456","172.1105",0,21.014214,44.89469,452.44833,518.4403,356.30746,33.844437,31.32883,0,""
11534,549.213028858927,5.058835,"","","","376","1499","[M+H-H2O]+","","2","11534;11536","566.21934",0,0,24.065247,2587.3806,2639.6177,2635.0952,0,0,59.660946,""
11521,621.365999882561,5.0611806,"","","","374","1497","[M+H]+","","2","11526;11521","620.35829",0,0,0,536.53516,493.76752,501.46768,0,0,0,""
11526,643.347065160878,5.0715795,"","","","374","1497","[M+Na]+","","2","11526;11521","620.35829",0,0,0,206.00328,158.35718,134.31548,0,0,0,""
11532,589.210221578399,5.0736156,"","","","376","1499","[M+Na]+","","2","11532;11536","566.21934",0,0,0,1375.7737,1457.7627,1386.7626,0,0,0,""
11525,611.193454678942,5.07365,"","","","376","1500","[M+Na]+","","2","11525;11532","588.20359",0,0,0,455.05923,235.71262,209.90588,0,0,0,""
11536,584.254532486745,5.0761867,"","","","376","1499","[M+NH4]+","","3","11534;11532;11536","566.21934",0,0,0,19846.422,22125.895,20548.87,0,0,0,""
11561,199.075112145981,5.079542,"","","","374","","","","","","",25.0277,26.716782,21.840725,29869.586,30860.033,4883.947,19.846336,20.586424,21.984993,""
11515,256.154828907662,5.0802593,"","","","376","1504","[M+NH4]+","","4","11515;11548;11531;11537","238.12121",503.60828,161.5692,86.00103,2455.1396,2204.2095,5013.866,57.870056,93.96342,92.62735,""
11548,261.110588233211,5.081309,"","","","376","1504","[M+Na]+","","4","11515;11548;11531;11537","238.12121",8555.8,8321.119,7224.2725,83382.34,81408.61,191994.95,3537.9075,3542.6838,3551.214,""
11461,367.190447475182,5.0872006,"","","","374","1494","[M+K]+","","5","11465;11447;11460;11466;11461","328.22644",354.8196,37.900116,346.51398,2742.86,3081.0442,2644.7666,146.98584,350.24554,44.17009,""
11531,277.084213510066,5.0943985,"","","","376","1504","[M+K]+","","4","11515;11548;11531;11537","238.12121",997.1956,923.1894,675.3865,7857.7456,7811.3154,18532.941,109.96622,267.51294,197.50336,""
11628,437.267740847585,5.1163464,"","","","387","","","","","","",219.28468,0,0,11159.6875,11814.733,11105.006,0,0,0,""
11584,546.307316776686,5.1163793,"","","","387","1506","[M+NH4]+","","3","11599;11581;11584","528.27315",0,0,0,3790.1204,3650.1526,3435.7,0,0,0,""
11581,529.280672879681,5.1188765,"","","","387","1506","[M+H]+","","3","11599;11581;11584","528.27315",32.50261,0,0,1768.1455,1952.2483,2035.1696,23.03989,0,0,""
11607,491.320028228627,5.12037,"","","","387","1509","[M+NH4]+","","2","11614;11607","473.2868",81.880226,0,0,1703.5818,1326.5808,1412.7544,0,0,0,""
11599,567.23571036499,5.1226153,"","","","387","1506","[M+K]+","","3","11599;11581;11584","528.27315",0,0,0,1407.1426,1742.2158,1387.9666,0,0,0,""
11542,163.07590060484,5.1271152,"","","","376","","","","","","",13426.613,4171.1343,8697.416,42205.016,40170.098,94958.56,1218.5583,1326.973,1071.7474,""
11614,496.276621959344,5.128782,"","","","387","1509","[M+Na]+","","2","11614;11607","473.2868",0,0,0,1002.4918,1203.3517,1024.3018,0,0,0,""
11616,636.365914548253,5.130861,"","","","387","1511","[M+NH4]+","","2","11616;11633","618.33123",0,0,0,17145.96,18354.783,16450.963,0,0,0,""
11621,599.324226482478,5.133343,"","","","387","1513","[M+H-H2O]+","","4","11629;11621;11632;11631","616.32734",0,0,0,1558.269,1677.5662,1357.4197,0,0,0,""
11629,634.361186683209,5.1353664,"","","","387","1513","[M+NH4]+","","4","11629;11621;11632;11631","616.32734",0,0,0,167682.58,180181.22,165126.1,0,0,0,""
11631,639.316461405096,5.1353664,"","","","387","1513","[M+Na]+","","4","11629;11621;11632;11631","616.32734",0,0,0,33951.957,37181.805,30520.383,0,0,0,""
11632,655.290411800579,5.1353664,"","","","387","1513","[M+K]+","","4","11629;11621;11632;11631","616.32734",0,0,0,8618.151,9636.033,7518.0044,0,0,0,""
11633,657.293524420649,5.1353664,"","","","387","1511","[M+K]+","","2","11616;11633","618.33123",0,0,0,1214.298,1244.5449,1165.6812,0,0,0,""
11696,105.03415395316,5.1478353,"","","","391","","","","","","",3076.3394,2410.8086,2157.295,15359.63,12544.334,20114.1,301.40692,141.3771,201.45781,""
11662,517.226649656349,5.1479497,"","","","387","","","","","","",0,0,0,14253.519,15823.843,15603.1875,0,0,0,""
11751,506.318348140338,5.184754,"","","","391","1518","[M+NH4]+","","2","11751;11761","488.28143",0,33.423405,95.53844,8051.152,8777.633,7502.1753,51.711124,33.902695,54.85281,""
11753,767.423589137256,5.2003345,"","","","391","1520","[M+H]+","","4","11753;11764;11772;11773","766.4159",0,0,0,2486.4595,2813.8516,2913.9812,0,0,0,""
11761,511.267546271516,5.2023735,"","","","391","1518","[M+Na]+","","2","11751;11761","488.28143",0,0,0,2193.1296,2373.576,1625.0704,0,0,0,""
11762,570.275165223488,5.2023735,"","","","391","","","","","","",0,0,0,42514.652,48138.66,45926.703,0,0,0,""
11764,784.449915353468,5.2023735,"","","","391","1520","[M+NH4]+","","4","11753;11772;11764;11773","766.4159",0,0,0,117396.71,129171.69,125041.65,0,0,0,""
11772,789.404974602908,5.2044163,"","","","391","1520","[M+Na]+","","4","11753;11764;11772;11773","766.4159",0,0,0,15610.225,17379.34,15961.949,0,0,0,""
11773,805.378607924084,5.2044163,"","","","391","1520","[M+K]+","","4","11753;11764;11772;11773","766.4159",0,0,0,2823.1545,3213.8694,2878.3708,0,0,0,""
11776,289.237686571203,5.206431,"","","","391","1521","[M+H]+","","2","11769;11776","288.23133",0,0,0,2593.1685,2389.4624,2507.2915,0,0,0,""
11767,271.227673738886,5.2098994,"","","","391","1521","[M+H-H2O]+","","2","11769;11767","288.23133",199.05577,242.82237,72.21146,3664.4685,3724.482,3930.8198,133.77869,99.04113,168.35304,""
11785,509.253142523395,5.2105064,"","","","391","","","","","","",0,0,0,7755.4976,8225.651,6965.8975,0,0,0,""
11786,549.216458862239,5.2105103,"","","","391","1522","[M+H-H2O]+","","2","11786;11809","566.22011",0,0,0,6129.379,6747.5103,6381.252,0,0,0,""
11854,452.278458544668,5.212587,"","","","395","1525","[M+NH4]+","","3","11853;11867;11854","434.24576",0,46.577065,0,25262.19,30375.617,25126.092,0,52.720898,60.161903,""
11769,311.221845623933,5.2143903,"","","","391","1521","[M+Na]+","","3","11769;11776;11767","288.23133",284.28677,139.39653,133.06943,4784.8276,4552.3438,3145.5552,58.1239,139.38223,200.6036,""
11807,504.296119485669,5.216577,"","","","391","","","","","","",0,0,0,11036.216,12490.623,11365.064,0,0,0,""
11808,507.214993417077,5.216577,"","","","391","1524","[M+K]+","","4","11813;11808;11821;11814","468.25197",0,0,0,4479.874,5173.3506,5084.2104,0,0,0,""
11809,584.254303994417,5.216577,"","","","391","1522","[M+NH4]+","","2","11786;11809","566.22011",0,0,0,9544.335,10712.149,10647.575,0,0,0,""
11813,469.259515750146,5.218613,"","","","391","1524","[M+H]+","","4","11813;11808;11821;11814","468.25197",0,0,0,5195.204,5779.7114,5223.9814,0,0,0,""
11814,491.24103224723,5.218613,"","","","391","1524","[M+Na]+","","4","11813;11808;11821;11814","468.25197",0,0,0,8415.528,9949.071,9058.926,0,0,0,""
11821,486.285823412559,5.222693,"","","","391","1524","[M+NH4]+","","4","11813;11808;11821;11814","468.25197",0,0,0,4199.8833,5272.661,4567.503,0,0,0,""
11868,471.203453910626,5.246911,"","","","395","1527","[M+H]+","","2","11868;11869","470.19431",0,24.899136,0,11239.937,11164.391,9262.229,0,0,28.892754,""
11842,611.254157422829,5.2471275,"","","","395","1526","[M+H]+","","3","11842;11849;11847","610.2468",0,0,0,22689.053,25544.44,22153.238,0,0,0,""
11847,633.235798353927,5.247162,"","","","395","1526","[M+Na]+","","3","11842;11849;11847","610.2468",0,0,0,2101.6985,3050,1310.8923,0,0,0,""
11849,628.280754686747,5.251239,"","","","395","1526","[M+NH4]+","","3","11842;11849;11847","610.2468",0,0,0,25877.078,29765.941,27132.92,0,0,0,""
11853,435.253629365764,5.255357,"","","","395","1525","[M+H]+","","2","11853;11854","434.24576",0,0,0,119620.34,128491.84,111477.805,0,0,0,""
11869,488.227910814083,5.2581744,"","","","395","1527","[M+NH4]+","","3","11868;11891;11869","470.19431",64.21532,208.16046,154.05138,4523.353,4993.7046,4433.3027,181.51776,157.1909,241.80833,""
11867,417.242993168865,5.259417,"","","","395","1525","[M+H-H2O]+","","2","11867;11854","434.24576",0,0,0,4710.5703,5389.682,4633.6836,0,0,0,""
11843,405.227028999229,5.2595563,"","","","395","1536","[M+Na]+","","2","11862;11843","382.23688",0,0,0,1137.5192,1171.3655,787.6263,27.791317,27.696135,24.475483,""
11889,471.274863748598,5.2620616,"","","","395","1534","[M+H]+","","7","11890;11892;11909;11894;11900;11889;11901","470.26753",0,0,0,1543777.2,1692850.1,1450792,0,0,0,""
11890,488.301308359153,5.2620616,"","","","395","1534","[M+NH4]+","","7","11899;11890;11892;11894;11900;11889;11901","470.26753",0,0,0,739879.6,813169.1,693328.56,0,0,0,""
11891,493.181874630919,5.262061,"","","","395","1527","[M+Na]+","","2","11869;11891","470.19431",0,0,0,4607.2417,4954.915,4604.2505,0,0,0,""
11892,493.256577136969,5.2620616,"","","","395","1534","[M+Na]+","","7","11899;11890;11892;11909;11894;11889;11901","470.26753",0,0,0,874566.75,915343.9,859819.6,0,0,0,""
11893,502.316876713931,5.2620616,"","","","395","","","","","","",0,0,0,70161.59,74378.98,61687.062,0,0,0,""
11894,509.230458480647,5.2620616,"","","","395","1534","[M+K]+","","7","11899;11890;11892;11909;11894;11900;11889","470.26753",0,0,0,468416.2,512654.84,469937.62,0,0,0,""
11896,516.332803136186,5.2620616,"","","","395","","","","","","",0,0,0,39925.004,38800.035,34661.227,0,0,0,""
11897,561.244923581901,5.2620616,"","","","395","1532","[M+Na]+","","2","11897;11898","538.25552",0,0,0,10273.84,11667.677,9614.944,0,0,0,""
11898,577.218500611731,5.2620616,"","","","395","1532","[M+K]+","","2","11897;11898","538.25552",0,0,0,1595.2648,1504.5514,1724.0759,0,0,0,""
11900,963.524199536626,5.2620616,"","","","395","1534","[2M+Na]+","","4","11890;11894;11889;11900","470.26753",0,0,0,164911.7,191371.1,150915.27,0,0,0,""
11901,979.500774749194,5.2620616,"","","","395","1534","[2M+K]+","","4","11890;11892;11889;11901","470.26753",0,0,0,14064.419,16049.04,12300.891,0,0,0,""
11909,958.567876025834,5.264087,"","","","395","1534","[2M+NH4]+","","4","11892;11894;11909;11889","470.26753",0,0,0,4882.187,5596.7344,3650.3733,0,0,0,""
11912,531.307054578385,5.264708,"","","","395","","","","","","",0,0,0,42239.363,46224.55,38215.29,0,0,0,""
11899,941.541670960735,5.2715106,"","","","395","1534","[2M+H]+","","4","11899;11890;11892;11894","470.26753",0,0,0,3929.6978,4206.1274,2811.801,0,0,24.052242,""
11862,365.232666721258,5.2748423,"","","","395","1536","[M+H-H2O]+","","2","11862;11843","382.23688",47.231766,33.79051,73.69579,787.9391,1192.5662,1158.7059,42.481056,35.52128,37.97689,""
11887,299.16355681964,5.279938,"","","","395","","","","","","",421.8113,460.8585,578.5573,13389.099,13763.264,11675.371,265.8349,196.97221,416.5614,""
11945,469.259468021221,5.287588,"","","","391","1540","[M+H]+","","2","11945;11951","468.25208",0,0,0,7998.653,12061.143,10496.219,0,0,0,""
11951,486.285788152832,5.2896037,"","","","391","1540","[M+NH4]+","","2","11945;11951","468.25208",0,0,0,3654.9436,2996.9355,2525.1138,0,0,0,""
11985,525.225721107654,5.311652,"","","","383","1546","[M+K]+","","2","11976;11985","486.26336",0,0,0,4064.7168,4665.6733,4328.4385,0,0,0,""
11995,242.115575638961,5.3177133,"","","","401","1548","[M+Na]+","","2","11988;11995","219.12602",0,0,0,1113.8992,993.19794,965.23535,0,0,0,""
11998,505.26334439402,5.3197446,"","","","401","1547","[M+H]+","","4","12006;12019;11998;12007","504.25604",0,0,0,3078.6506,3268.8306,3361.4958,0,0,0,""
12006,522.289348747227,5.321764,"","","","401","1547","[M+NH4]+","","4","12006;12019;11998;12007","504.25604",0,0,0,1889.2323,2057.548,2090.1526,0,0,0,""
12007,527.245667695172,5.3217697,"","","","401","1547","[M+Na]+","","4","12006;12019;11998;12007","504.25604",0,0,0,5768.2007,5666.068,6079.994,0,0,0,""
12012,575.230445717916,5.323789,"","","","401","1549","[M+Na]+","","3","12022;12020;12012","552.24107",0,0,0,21617.855,23051.402,21349.576,0,0,0,""
12018,436.285697045307,5.3258023,"","","","401","1552","[M+NH4]+","","2","12039;12018","418.25173",0,0,0,1635.6921,1618.0543,1451.2374,0,0,0,""
12019,543.219273362432,5.325826,"","","","401","1547","[M+K]+","","4","12006;12019;11998;12007","504.25604",0,0,0,2219.5315,2116.064,2587.5654,0,0,0,""
12020,591.204072841803,5.325826,"","","","401","1549","[M+K]+","","4","12041;12022;12012;12020","552.24107",0,0,0,3766.942,4154.996,4008.3762,0,0,0,""
12022,570.274967958748,5.325838,"","","","401","1549","[M+NH4]+","","4","12041;12022;12012;12020","552.24107",0,0,0,265846.5,293731.53,264650.5,0,0,0,""
12024,639.316108284638,5.325838,"","","","401","1555","[M+Na]+","","3","12034;12023;12024","616.32846",0,0,0,5133.371,5850.573,4997.2407,0,0,0,""
11988,220.13295099598,5.327482,"","","","401","1548","[M+H]+","","2","11988;11995","219.12602",397.46283,81.38405,151.57422,17666.164,18670.29,18417.172,99.21185,80.56088,51.70856,""
12009,577.233854183741,5.3278255,"","","","401","1553","[M+Na]+","","2","12032;12009","554.24432",0,0,0,1799.3103,2118.6182,1905.031,0,0,0,""
12029,534.253574944176,5.327851,"","","","401","1554","[M+NH4]+","","3","12029;12049;12030","516.21928",0,0,0,11675.993,13377.258,12529.989,0,0,0,""
12030,517.226609147793,5.327856,"","","","401","1554","[M+H]+","","2","12029;12030","516.21928",0,0,0,147423.44,166331.88,151719.89,0,0,0,""
12032,572.277820813805,5.327851,"","","","401","1553","[M+NH4]+","","2","12032;12009","554.24432",0,0,0,26637.027,28227.04,24974.229,0,0,0,""
12034,655.291073514589,5.327856,"","","","401","1555","[M+K]+","","3","12034;12023;12024","616.32846",0,0,0,1090.8492,1260.4916,1029.91,0,0,0,""
12039,419.258864988031,5.3298693,"","","","401","1552","[M+H]+","","2","12039;12018","418.25173",0,0,0,48157.55,53274.406,48097.23,0,0,0,""
12041,597.212159859212,5.329864,"","","","401","1549","[M-H+2Na]+","","3","12041;12022;12020","552.24107",0,0,0,9062.205,10358.98,9293.816,0,0,0,""
11976,504.297977577631,5.3325086,"","","","383","1546","[M+NH4]+","","2","11976;11985","486.26336",0,0,0,19864.852,4390.042,4191.4893,0,0,0,""
12049,499.215457774374,5.3339114,"","","","401","1554","[M+H-H2O]+","","2","12029;12049","516.21928",0,0,0,4005.811,4637.6113,4209.8213,0,0,0,""
12065,435.253990426123,5.341984,"","","","","","","","","","",0,0,0,12127.408,14054.929,12265.962,0,0,0,""
12023,634.364397267001,5.3466296,"","","","401","1555","[M+NH4]+","","3","12034;12024;12023","616.32846",77.29425,0,0,33488.01,37274.496,34104.043,0,0,0,""
12075,491.240921612534,5.3506947,"","","","393","1558","[M+Na]+","","2","12075;12079","468.25183",0,0,0,4822.9346,5789.5186,4775.42,0,0,0,""
12079,486.28578094495,5.354689,"","","","393","1558","[M+NH4]+","","2","12075;12079","468.25183",0,0,0,2803.137,3091.1091,3061.5317,0,0,0,""
12104,710.398244124386,5.37088,"","","","404","1562","[M+NH4]+","","2","12119;12104","692.36401",0,0,0,2951.3281,3267.2297,3202.6077,0,0,0,""
12136,503.300633522907,5.376795,"","","","414","1566","[M+H]+","","5","12130;12136;12143;12137;12138","502.29499",0,0,0,66126.04,55560.023,26890.863,31.002155,0,0,""
12119,715.35280806404,5.3769574,"","","","404","1562","[M+Na]+","","2","12104;12119","692.36401",0,0,0,1507.5387,1726.5046,2099.957,0,0,0,""
12130,1027.57801406194,5.38068,"","","","414","1566","[2M+Na]+","","4","12130;12136;12143;12137","502.29499",0,0,0,1251.42,932.19336,0,0,0,0,""
12131,505.305259196805,5.38101,"","","","414","1567","[M+H]+","","2","12131;12144","504.29704",0,0,0,4883.969,4308.4814,2200.8965,0,0,0,""
12138,525.28338897213,5.383023,"","","","414","1566","[M+Na]+","","4","12136;12143;12137;12138","502.29499",0,0,0,96543.94,81186.875,40835.047,0,0,0,""
12143,541.257321383687,5.3850417,"","","","414","1566","[M+K]+","","5","12130;12136;12143;12137;12138","502.29499",0,0,0,49099.26,39673.84,20951.562,0,0,0,""
12144,543.259257366115,5.3850417,"","","","414","1567","[M+K]+","","2","12131;12144","504.29704",0,0,0,5540.357,4366.6597,2339.639,0,0,0,""
12137,520.332677587143,5.389532,"","","","414","1566","[M+NH4]+","","5","12130;12136;12143;12138;12137","502.29499",101.56076,110.44333,98.479836,61506.875,51257.816,24976.662,267.30035,271.38303,157.71504,""
12154,459.311097848572,5.391085,"","","","414","1570","[M+H]+","","2","12154;12157","458.30405",0,0,0,2552.574,2648.509,2757.8335,0,0,0,""
12157,481.29348622679,5.393103,"","","","414","1570","[M+Na]+","","2","12154;12157","458.30405",0,0,0,1220.9304,1250.029,1382.6956,0,0,0,""
12185,369.204441543989,5.409262,"","","","414","1575","[M+K]+","","3","12199;12185;12194","330.24214",0,0,0,897.0935,869.36957,688.09564,0,0,0,""
12226,198.149452054988,5.4187007,"","","","414","1579","[M+NH4]+","","4","12230;12221;12231;12226","180.1158",397.9546,162.79077,85.462715,5344.636,5261.1445,5271.341,149.13976,48.34468,52.640907,""
12287,552.265800104602,5.4189105,"","","","414","1581","[M+NH4]+","","2","12285;12287","534.23084",78.3989,36.607735,161.62128,2523.9868,2660.455,2735.3433,75.19188,147.2941,114.478714,""
12222,373.176919616385,5.4213786,"","","","414","1578","[M+H]+","","2","12222;12237","372.16986",0,0,0,1686.0918,1859.5048,1818.827,0,0,0,""
12237,395.159285919001,5.423407,"","","","414","1578","[M+Na]+","","2","12222;12237","372.16986",0,0,0,698.27094,480.29507,710.35455,0,0,0,""
12199,313.237889111348,5.4236355,"","","","414","1575","[M+H-H2O]+","","4","12204;12185;12199;12194","330.24214",217.681,55.40058,129.43536,2784.1575,2831.4136,2507.3306,227.88661,113.598595,61.857018,""
12204,375.215389260909,5.423684,"","","","414","1575","[M-H+2Na]+","","2","12204;12199","330.24214",62.80789,37.111107,47.180992,635.83844,753.7124,475.578,42.560722,0,32.916702,""
12230,181.122848831325,5.4259205,"","","","414","1579","[M+H]+","","3","12230;12226;12231","180.1158",5487.802,5875.8267,5309.168,269139.6,270849.6,247271,6185.3525,3446.0718,4995.288,""
12244,471.274443684304,5.4347095,"","","","414","1583","[M+H]+","","2","12244;12261","470.26742",0,0,0,11493.534,12745.085,12629.892,0,0,0,""
12254,488.301548580887,5.437338,"","","","414","1583","[M+NH4]+","","2","12254;12261","470.26742",0,0,0,11965.931,12698.26,11750.016,0,0,0,""
12261,509.230705546154,5.4413695,"","","","414","1583","[M+K]+","","4","12244;12277;12254;12261","470.26742",0,0,0,12618.552,11890.804,11686.045,0,0,0,""
12270,469.259929010808,5.445406,"","","","414","1585","[M+H]+","","3","12276;12270;12272","468.25195",0,0,0,3741.824,4246.4346,3913.8643,0,0,0,""
12271,486.285846452785,5.4454117,"","","","414","1585","[M+NH4]+","","3","12276;12271;12272","468.25195",0,0,0,12375.817,10283.325,9542.694,0,0,0,""
12272,491.240936324788,5.4454117,"","","","414","1585","[M+Na]+","","4","12276;12271;12270;12272","468.25195",0,0,0,6942.5557,6946.5566,5636.9585,0,0,0,""
12276,507.214569567908,5.4474297,"","","","414","1585","[M+K]+","","4","12276;12271;12270;12272","468.25195",0,0,0,4212.386,4611.0566,3921.2864,0,0,0,""
12277,493.25703804492,5.4474354,"","","","414","1583","[M+Na]+","","3","12284;12277;12261","470.26742",0,0,0,17172.098,20194.898,17247.77,0,0,0,""
12231,203.105710012379,5.4482703,"","","","414","1579","[M+Na]+","","4","12230;12221;12226;12231","180.1158",32.602688,0,47.696243,1293.3455,1427.9965,1606.0729,38.126488,23.051357,0,""
12284,453.263548862969,5.4494534,"","","","414","1583","[M+H-H2O]+","","2","12284;12277","470.26742",0,0,0,18935.115,20774.672,18514.266,0,0,0,""
12285,535.23697755861,5.4494476,"","","","414","1581","[M+H]+","","2","12287;12285","534.23084",0,0,0,4721.7656,4395.5977,3738.6282,0,0,0,""
12294,452.279870835646,5.451523,"","","","412","1587","[M+NH4]+","","2","12294;12293","434.2464",0,0,0,5983.597,6071.2373,5044.862,0,37.902046,0,""
12293,435.254018876201,5.457563,"","","","412","1587","[M+H]+","","2","12294;12293","434.2464",0,0,0,15712.914,17836.96,15558.3,0,0,0,""
12307,292.175907935096,5.4767995,"","","","412","1591","[M+NH4]+","","3","12307;12339;12315","274.14226",51.159756,88.43357,44.809914,751.67474,223.26846,8812.897,52.18772,45.42061,115.11604,""
12315,313.104519571386,5.4910474,"","","","412","1591","[M+K]+","","3","12307;12339;12315","274.14226",40.614742,0,37.283386,36.016342,28.811054,904.8324,0,31.401403,29.5504,""
12462,355.188957036259,5.520905,"","","","421","1609","[M-H+2Na]+","","2","12462;12499","310.21635",0,0,35.113235,634.7787,1800.7561,1382.902,42.70111,32.729603,32.823093,""
12473,612.286324340716,5.5455394,"","","","420","1607","[M+NH4]+","","3","12491;12483;12473","594.25199",0,0,0,8064.736,8806.668,8846.921,0,0,0,""
12489,577.248290303595,5.545545,"","","","420","1607","[M+H-H2O]+","","2","12489;12491","594.25199",0,0,0,553.4424,394.79355,293.51178,0,0,0,""
12483,595.259053297915,5.5495973,"","","","420","1607","[M+H]+","","3","12491;12473;12483","594.25199",0,0,0,12476.853,14592.381,13082.521,0,0,0,""
12491,617.241330297581,5.5516095,"","","","420","1607","[M+Na]+","","4","12489;12491;12483;12473","594.25199",0,0,0,938.3329,1215.0381,1064.2997,0,0,0,""
12482,333.20554606874,5.5615106,"","","","421","1609","[M+Na]+","","2","12482;12499","310.21635",73.82309,92.16885,108.05249,3236.9126,3816.0618,3603.6052,54.84677,115.97201,55.074642,""
12499,293.211643810977,5.563032,"","","","421","1609","[M+H-H2O]+","","3","12482;12462;12499","310.21635",3775.1838,183.93541,183.30397,7998.803,8730.741,7917.898,141.15161,72.25026,49.172447,""
12511,470.291094079123,5.567772,"","","","422","","","","","","",0,0,0,21094.252,22242.523,19664.246,0,0,0,""
12512,502.317019572072,5.567772,"","","","422","1614","[M+K]+","","2","12518;12512","463.35398",0,0,0,22590.72,22440.379,19054.592,0,0,0,""
12514,963.524881499315,5.567772,"","","","422","1617","[2M+Na]+","","4","12529;12527;12514;12525","470.26779",0,0,0,8191.579,8346.18,6378.644,0,0,0,""
12525,453.264249923461,5.569801,"","","","422","1617","[M+H-H2O]+","","6","12529;12547;12527;12514;12528;12525","470.26779",0,0,0,309373.97,333321,290335.8,0,0,0,""
12527,488.301581543239,5.569801,"","","","422","1617","[M+NH4]+","","6","12529;12547;12527;12514;12528;12525","470.26779",0,0,0,130320.8,140891.58,122709.31,0,0,0,""
12518,486.343308224317,5.5698013,"","","","422","1614","[M+Na]+","","2","12518;12512","463.35398",0,0,0,1175.0328,1047.0796,764.52844,0,0,0,""
12528,493.256898349323,5.569801,"","","","422","1617","[M+Na]+","","5","12529;12547;12527;12528;12525","470.26779",0,0,0,211678.89,229380.34,199747.2,0,0,0,""
12529,509.231004999109,5.569801,"","","","422","1617","[M+K]+","","5","12529;12527;12514;12528;12525","470.26779",0,0,0,98676.664,104708.61,94371.19,0,0,0,""
12547,979.499296877063,5.5718236,"","","","422","1617","[2M+K]+","","4","12547;12527;12528;12525","470.26779",0,0,0,1955.1753,2289.6987,1459.1886,0,0,0,""
12696,622.397935359788,5.6444554,"","","","425","1635","[M+NH4]+","","3","12697;12696;12710","604.36357",0,0,0,9570.661,10699.965,10310.571,0,0,0,""
12697,627.352933389654,5.6444554,"","","","425","1635","[M+Na]+","","3","12697;12696;12710","604.36357",0,0,0,2430.806,2712.5159,2529.0852,0,0,0,""
12698,556.2958928087,5.6444907,"","","","425","","","","","","",0,0,0,21545.691,22483.549,21551.572,0,0,0,""
12710,605.3701719321,5.6464868,"","","","425","1635","[M+H]+","","3","12697;12696;12710","604.36357",0,0,0,1009.0626,1151.6919,1025.3762,0,0,0,""
12733,331.190393923034,5.6593227,"","","","425","1640","[M+Na]+","","4","12732;12734;12699;12733","308.19981",51.35781,32.739334,43.49083,11457.513,11799.059,10599.947,29.486298,27.042286,40.86968,""
12747,529.280956627817,5.673101,"","","","425","1639","[M+H]+","","3","12748;12755;12747","528.27388",0,0,0,12259.017,13828.713,13242.416,0,0,0,""
12748,546.307427991055,5.673101,"","","","425","1639","[M+NH4]+","","3","12748;12749;12747","528.27388",0,0,0,4994.688,5414.4517,5138.9565,0,0,0,""
12749,511.269506284434,5.6731057,"","","","425","1639","[M+H-H2O]+","","2","12748;12749","528.27388",0,0,0,1207.3734,1325.518,1131.2994,0,0,0,""
12699,291.195736916238,5.6742344,"","","","425","1640","[M+H-H2O]+","","3","12734;12699;12733","308.19981",1861.3402,85.39173,152.57034,57257.836,61941.04,55975.258,191.99397,95.16626,123.604965,""
12755,551.264663581254,5.6751714,"","","","425","1639","[M+Na]+","","2","12755;12747","528.27388",0,0,0,1027.1802,1276.5786,1333.7396,0,0,0,""
12835,520.333176423267,5.6827283,"","","","425","1647","[M+NH4]+","","4","12836;12835;12840;12842","502.29541",207.57428,127.32843,86.09331,8734.725,7433.9526,4165.3047,164.5543,117.77401,313.4604,""
12734,347.162993005903,5.684492,"","","","425","1640","[M+K]+","","4","12732;12699;12734;12733","308.19981",0,0,38.056717,1332.4847,1550.4365,1420.0117,0,0,0,""
12773,538.284539473316,5.6868763,"","","","425","1642","[M+NH4]+","","3","12773;12779;12780","520.25079",0,0,0,5571.4697,5836.7036,5703.1836,0,0,0,""
12779,503.247526617237,5.6889634,"","","","425","1642","[M+H-H2O]+","","2","12773;12779","520.25079",0,0,0,2274.0254,2298.2344,2174.87,0,0,0,""
12780,521.258101867392,5.6889634,"","","","425","1642","[M+H]+","","2","12773;12780","520.25079",0,0,0,22204.51,23704.596,22863.191,0,0,0,""
12732,309.206486666539,5.6945767,"","","","425","1640","[M+H]+","","3","12732;12734;12733","308.19981",642.51013,256.49478,290.5532,35065.215,36761.223,34677.855,1036.0067,374.0791,443.94177,""
12811,525.226189243992,5.7054462,"","","","425","1646","[M+K]+","","3","12813;12811;12814","486.26274",0,0,0,1369.3224,1303.5417,1302.1619,0,0,0,""
12813,469.259253331524,5.7054667,"","","","425","1646","[M+H-H2O]+","","3","12813;12811;12814","486.26274",0,0,0,8679.846,8678.592,8752.912,0,0,0,""
12814,504.296459404572,5.7054667,"","","","425","1646","[M+NH4]+","","3","12813;12811;12814","486.26274",0,0,0,19731.654,21866.936,21446.371,0,0,0,""
12823,451.248955482291,5.7075267,"","","","425","","","","","","",0,0,0,14553.539,14916.201,14247.065,0,0,0,""
12836,541.257224069998,5.715748,"","","","425","1647","[M+K]+","","4","12836;12835;12840;12842","502.29541",0,0,0,5770.951,4794.1533,2451.9846,0,0,0,""
12840,485.290662441517,5.7178473,"","","","425","1647","[M+H-H2O]+","","4","12836;12835;12842;12840","502.29541",0,0,0,15870.119,13127.376,6984.786,0,0,0,""
12842,525.283483087722,5.7178473,"","","","425","1647","[M+Na]+","","4","12836;12835;12840;12842","502.29541",0,0,0,13007.371,10727.067,5179.05,0,0,0,""
12859,773.41041783861,5.732403,"","","","429","1654","[M+Na]+","","2","12859;12860","750.42141",0,0,0,584.108,660.5452,702.0221,0,0,0,""
12860,768.455442309862,5.7344937,"","","","429","1654","[M+NH4]+","","2","12859;12860","750.42141",0,0,0,2892.5906,2807.5864,2906.6523,0,0,0,""
12899,331.190035590299,5.735719,"","","","429","1655","[M+Na]+","","2","12899;12893","308.20007",0,35.80397,32.711502,9626.506,10167.052,9030.323,29.486298,27.042286,37.869602,""
12868,486.287035919109,5.740143,"","","","426","1660","[M+NH4]+","","2","12868;12909","468.25217",0,0,0,17722.217,18532.658,15805.748,0,0,0,""
12893,291.196042131248,5.7417746,"","","","429","1655","[M+H-H2O]+","","2","12899;12893","308.20007",420.80115,55.299175,77.05655,54814.543,58257.78,53642.47,173.94995,49.604897,123.604965,""
12990,513.306517142518,5.7562485,"","","","439","1667","[M+H-H2O]+","","2","12990;12974","530.31022",0,0,0,3683.126,4193.885,3791.0344,0,33.363987,0,""
12909,507.214247446195,5.756575,"","","","426","1660","[M+K]+","","3","12868;12911;12909","468.25217",0,0,0,2851.4883,3554.5693,3184.635,0,0,0,""
12910,470.291306862215,5.7586226,"","","","426","1663","[M+NH4]+","","2","12910;12913","452.25736",0,0,0,3263.5571,4070.6516,3646.968,0,0,0,""
12911,491.241411391608,5.7586226,"","","","426","1660","[M+Na]+","","2","12911;12909","468.25217",0,0,0,7375.1504,8086.603,7063.8936,0,0,0,""
12913,435.253951406137,5.760647,"","","","426","1664","[M+H]+","","2","12926;12913","434.24635",0,0,0,23140.812,25032.502,21688.727,0,0,0,""
12926,452.27984077727,5.7652836,"","","","426","1664","[M+NH4]+","","2","12926;12913","434.24635",0,0,0,1847.5233,2477.4775,1750.2112,0,0,0,""
13019,530.331462017868,5.771385,"","","","439","1665","[M+NH4]+","","2","12990;13019","512.29844",0,0,31.894493,1134.9214,827.9675,657.0739,0,0,0,""
12948,453.263668760864,5.7725487,"","","","439","1668","[M+H-H2O]+","","6","12975;12965;12970;12948;12968;12958","470.26732",0,0,0,8258.457,9003.077,8031.041,0,0,0,""
12950,502.316843722689,5.7725487,"","","","439","","","","","","",0,0,0,12363.953,12855.461,12046.701,0,0,0,""
12963,471.272981442594,5.7745624,"","","","439","1668","[M+H]+","","3","12975;12963;12958","470.26732",0,0,0,4550.723,5368.923,4625.922,0,0,0,""
12965,488.301594150715,5.7745624,"","","","439","1668","[M+NH4]+","","6","12975;12965;12970;12948;12968;12958","470.26732",0,0,0,337894.4,367941.6,336281.28,0,0,0,""
12968,493.256960282646,5.7745624,"","","","439","1668","[M+Na]+","","5","12965;12970;12948;12968;12958","470.26732",0,0,0,59975.812,67853.305,58516.438,0,0,0,""
12970,509.230899104318,5.7745624,"","","","439","1668","[M+K]+","","5","12975;12965;12970;12948;12968","470.26732",0,0,0,55148.94,59160.523,54882.137,0,0,0,""
12974,553.299117802203,5.7745624,"","","","439","1667","[M+Na]+","","3","12990;12992;12974","530.31022",0,0,0,3569.8696,3769.2249,3209.7761,0,0,0,""
12975,963.524207949758,5.7745624,"","","","439","1668","[2M+Na]+","","5","12975;12965;12970;12948;12963","470.26732",0,0,0,1047.1328,1281.154,931.36475,0,0,0,""
12958,979.498746308929,5.776591,"","","","439","1668","[2M+K]+","","5","12965;12948;12963;12968;12958","470.26732",0,0,0,656.7635,791.8856,517.87317,0,0,0,""
12992,548.344783248673,5.7786145,"","","","439","1667","[M+NH4]+","","2","12992;12974","530.31022",0,0,0,1816.7384,2204.3022,1787.4243,0,0,0,""
13014,570.275222973686,5.7887177,"","","","419","1675","[M+NH4]+","","2","13023;13014","552.24199",0,0,0,15485.42,16724.344,15666.942,0,0,0,""
13023,553.249858480713,5.7947793,"","","","419","1675","[M+H]+","","2","13023;13014","552.24199",0,0,0,1382.866,1480.0967,1266.1707,0,0,0,""
13083,553.29922292587,5.8374467,"","","","439","1688","[M+Na]+","","3","13084;13083;13090","530.31073",0,0,0,3116.492,3525.0269,2962.3403,0,0,0,""
13084,513.307438292342,5.837465,"","","","439","1688","[M+H-H2O]+","","3","13084;13083;13090","530.31073",0,0,0,3533.4392,3696.5696,3533.886,0,0,0,""
13103,584.254481579497,5.8442283,"","","","439","1689","[M+NH4]+","","2","13107;13103","566.22065",0,0,0,9749.685,9762.636,11001.097,0,0,0,""
13107,589.209858902724,5.8462906,"","","","439","1689","[M+Na]+","","2","13107;13103","566.22065",0,0,0,795.8812,781.8221,718.19525,0,0,0,""
13090,548.34526770588,5.8581877,"","","","439","1688","[M+NH4]+","","3","13084;13083;13090","530.31073",0,0,0,2163.2556,2148.769,2114.1423,0,0,33.66055,""
13218,277.180034025885,5.9132867,"","","","463","","","","","","",138.47462,249.40666,272.17795,8669.894,9993.44,8653.533,123.14876,87.889854,165.88867,""
13312,434.274306095987,5.915686,"","","","463","1716","[M+NH4]+","","3","13349;13381;13312","416.23722",0,39.320587,76.240585,4854.4707,6440.8037,5669.735,73.75368,39.40887,132.77411,""
13210,335.183996461081,5.9174213,"","","","463","1709","[M+Na]+","","3","13209;13210;13217","312.19382",70.34711,104.93978,85.63449,2969.436,3129.3801,2815.5508,178.57576,100.40152,88.541565,""
13260,570.275234770856,5.9278584,"","","","463","1710","[M+NH4]+","","3","13260;13267;13259","552.24144",0,0,0,10500.896,11461.296,11793.488,0,0,0,""
13209,295.190592297019,5.929709,"","","","463","1709","[M+H-H2O]+","","3","13200;13210;13209","312.19382",499.49792,224.15753,509.31024,5521.8667,5437.4546,5806.5825,386.9124,368.29474,512.28973,""
13267,553.247935320791,5.92993,"","","","463","1710","[M+H]+","","3","13260;13267;13259","552.24144",0,0,0,12285.868,13668.159,13104.066,0,0,0,""
13259,597.213408260327,5.931898,"","","","463","1710","[M-H+2Na]+","","3","13260;13267;13259","552.24144",0,0,0,319.36508,1369.0488,1035.7089,0,0,0,""
13379,281.153831065203,5.9326954,"","","","463","","","","","","",602.59717,870.0802,231.09464,28954.725,32181.11,27510.854,368.71997,400.82748,692.0957,""
13193,261.147228003669,5.9341884,"","","","448","1708","[M+Na]+","","3","13192;13191;13193","238.15734",53.988407,48.08097,132.23264,1443.2402,1578.9323,1447.3025,47.21994,77.38889,48.654907,""
13315,578.233845921281,5.9596305,"","","","463","1725","[M+Na]+","","2","13405;13315","555.2456",0,0,0,9277.747,8968.978,7450.242,0,0,0,""
13323,961.576034525089,5.959639,"","","","463","1721","[M+NH4]+","","2","13375;13323","943.54047",0,0,0,4187.06,6033.784,5036.6387,0,0,0,""
13347,509.230825220413,5.9616814,"","","","463","1723","[M+K]+","","7","13383;13347;13362;13361;13351;13355;13360","470.26745",0,0,0,177235.95,202461.75,185129.7,0,0,0,""
13349,417.24291502302,5.9616914,"","","","463","1716","[M+H]+","","2","13349;13312","416.23722",0,0,0,708056.9,824292.6,735035.7,0,0,0,""
13374,472.276733491254,5.9616895,"","","","463","1720","[M+H]+","","2","13365;13374","471.26941",0,0,0,4839.158,6940.0435,2964.543,0,0,0,""
13351,453.264124610179,5.9616914,"","","","463","1723","[M+H-H2O]+","","7","13347;13383;13362;13361;13364;13351;13355","470.26745",0,0,0,872023.75,1006049.3,909965.1,0,0,0,""
13352,531.307435027605,5.9616838,"","","","463","","","","","","",0,0,0,30343.906,36090.98,36513.168,0,0,0,""
13355,493.25650697676,5.9616914,"","","","463","1723","[M+Na]+","","7","13347;13383;13361;13364;13351;13360;13355","470.26745",0,0,0,501320.56,566489.2,520408.25,0,0,0,""
13369,577.219965838163,5.9616838,"","","","463","1724","[M+K]+","","2","13369;13385","538.25645",0,0,0,1842.2969,1479.6869,2510.8418,0,0,0,""
13295,496.265008253103,5.961716,"","","","463","1730","[M+Na]+","","2","13295;13398","473.27576",0,0,0,3632.844,2490.488,1797.6075,0,0,0,""
13360,941.540891697612,5.9616914,"","","","463","1723","[2M+H]+","","4","13347;13383;13355;13360","470.26745",0,0,0,6429.146,9437.151,6501.771,0,0,0,""
13361,958.568919541895,5.9616914,"","","","463","1723","[2M+NH4]+","","4","13347;13361;13351;13355","470.26745",0,0,0,95330.92,126301.92,93144.484,0,0,0,""
13362,963.524288355277,5.9616914,"","","","463","1723","[2M+Na]+","","4","13347;13383;13362;13351","470.26745",0,0,0,187801.86,232112.33,188290.06,0,0,0,""
13364,979.498687575449,5.9616914,"","","","463","1723","[2M+K]+","","4","13383;13364;13351;13355","470.26745",0,0,0,48607.137,59597.305,50283.332,0,0,0,""
13365,981.501874754135,5.9616914,"","","","463","1720","[2M+K]+","","2","13365;13374","471.26941",0,0,0,12811.314,14671.537,13357.841,0,0,0,""
13381,399.232255544407,5.9637427,"","","","463","1716","[M+H-H2O]+","","2","13381;13312","416.23722",0,0,0,86956.086,101427.695,90837.016,0,0,0,""
13383,488.301396350791,5.9637427,"","","","463","1723","[M+NH4]+","","7","13347;13383;13362;13364;13351;13355;13360","470.26745",0,0,0,2473445.8,2864695,2598466,0,0,0,""
13385,561.245314115721,5.963745,"","","","463","1724","[M+Na]+","","2","13369;13385","538.25645",0,0,0,15361.012,17400.496,13857.343,0,0,0,""
13386,728.391396698974,5.9637427,"","","","463","1727","[M+Na]+","","2","13403;13386","705.40143",0,0,0,20265.836,24535.61,21205.967,0,0,0,""
13375,982.501880573197,5.9637427,"","","","463","1721","[M+K]+","","2","13375;13323","943.54047",0,0,0,4119.7314,4820.495,4665.0776,0,0,0,""
13388,1433.79151043708,5.9637427,"","","","463","1727","[2M+Na]+","","2","13403;13388","705.40143",0,0,0,16285.092,20393.14,16575.54,0,0,0,""
13397,470.290996226166,5.965795,"","","","463","","","","","","",0,0,0,140805.36,152657.52,134968.17,0,0,0,""
13399,502.316814132787,5.965795,"","","","463","","","","","","",0,0,0,124069.89,138544.05,125993.37,0,0,0,""
13405,594.209738110958,5.9678535,"","","","463","1725","[M+K]+","","2","13405;13315","555.2456",0,0,0,1849.9365,3033.7185,1261.7224,0,0,0,""
13344,263.143765979948,5.971151,"","","","463","","","","","","",165.8852,59.431015,166.21162,220244.47,259991.55,228501.53,82.19702,89.74002,98.086494,""
13348,516.332813523287,5.9754643,"","","","463","","","","","","",0,0,0,78215.84,83151.48,83593.55,85.34541,104.15436,0,""
13403,723.434792452299,5.9787188,"","","","463","1727","[M+NH4]+","","3","13403;13388;13386","705.40143",96.45531,0,0,4230.924,5204.097,4241.868,0,0,0,""
13441,874.474881613007,5.9840837,"","","","428","1733","[M+NH4]+","","2","13441;13444","856.44093",0,0,0,5125.638,4636.4087,4982.0444,0,0,0,""
13398,491.309546595962,5.984244,"","","","463","1730","[M+NH4]+","","2","13295;13398","473.27576",0,37.94084,0,19391.574,22614.2,19905.414,0,0,0,""
13444,879.430707456208,5.9861183,"","","","428","1733","[M+Na]+","","3","13445;13441;13444","856.44093",0,0,0,10531.951,9628.83,10753.933,0,0,0,""
13445,895.403394315332,5.9861183,"","","","428","1733","[M+K]+","","2","13445;13444","856.44093",0,0,0,6123.0806,5602.4307,4478.989,0,0,0,""
13382,435.250294334198,5.9913096,"","","","463","","","","","","",197.3559,0,71.29303,99610.96,114330.16,99680.6,49.968903,0,60.82128,""
13597,486.285649415893,6.0247087,"","","","455","1745","[M+NH4]+","","2","13597;13598","468.25203",360.976,371.88016,504.5312,28331.854,31269.795,28666.514,340.2428,470.1981,260.38434,""
13598,451.248954469841,6.0751305,"","","","455","1745","[M+H-H2O]+","","2","13597;13598","468.25203",0,0,0,2710.2666,2770.4614,2617.8953,0,0,0,""
13631,345.147363124445,6.095927,"","","","463","1757","[M+K]+","","5","13630;13660;13636;13629;13631","306.18417",0,0,0,807.82446,919.0657,854.6948,0,0,0,""
13630,307.190291790913,6.1089983,"","","","463","1757","[M+H]+","","3","13630;13636;13631","306.18417",113.778275,458.8756,537.7116,24120.793,25748.15,22901.951,880.25714,599.5694,492.4219,""
13636,324.21841070931,6.1137295,"","","","463","1757","[M+NH4]+","","5","13630;13660;13636;13629;13631","306.18417",882.3763,31.43858,38.163536,2557.4512,2588.124,2335.6357,0,0,0,""
13682,595.196762775351,6.116995,"","","","474","1766","[M-H+2Na]+","","3","13716;13732;13682","550.22548",0,0,0,4352.018,4255.0127,3802.174,0,0,0,""
13711,365.23152131244,6.117962,"","","","474","1764","[M+Na]+","","2","13735;13711","342.24202",53.23658,37.919395,32.486958,2405.9453,3119.0984,1666.3265,35.338715,43.02664,44.393166,""
13705,931.533409222845,6.1210427,"","","","474","1765","[2M+Na]+","","3","13712;13700;13705","454.27267",0,0,0,393.26138,472.17737,419.90836,0,0,0,""
13700,437.269466804051,6.1230664,"","","","474","1765","[M+H-H2O]+","","4","13712;13700;13713;13705","454.27267",0,0,0,82686.05,90936.12,75353.94,0,0,0,""
13629,289.179851290846,6.123905,"","","","463","1757","[M+H-H2O]+","","4","13660;13636;13629;13631","306.18417",47.723003,39.5063,36.35678,12802.634,13538.137,11506.281,50.272343,35.022125,36.741604,""
13712,472.306804692093,6.1250954,"","","","474","1765","[M+NH4]+","","4","13712;13700;13713;13705","454.27267",0,0,0,82370.41,90900.02,76585.484,0,0,0,""
13713,477.262080586852,6.1250954,"","","","474","1765","[M+Na]+","","3","13712;13700;13713","454.27267",0,0,0,44069.21,48670.83,40521.848,0,0,0,""
13716,551.232217325408,6.125097,"","","","474","1766","[M+H]+","","4","13716;13732;13682;13718","550.22548",0,0,0,18500.205,21947.451,19804.26,0,0,0,""
13717,570.262151305101,6.1250954,"","","","474","1767","[M+NH4]+","","2","13717;13731","552.22772",0,0,0,4300.028,5911.1206,4851.944,0,0,0,""
13718,573.214925340501,6.125097,"","","","474","1766","[M+Na]+","","3","13716;13732;13718","550.22548",0,0,0,4604.4434,5269.7124,4310.5366,0,0,0,""
13728,419.258855229877,6.127125,"","","","474","1769","[M+H]+","","2","13745;13728","418.25176",0,0,0,52563.984,58080.516,48713.41,0,0,0,""
13731,553.234392059625,6.127119,"","","","474","1767","[M+H]+","","2","13717;13731","552.22772",0,0,0,1298.7395,1621.3014,1639.2295,0,0,0,""
13732,568.259487189867,6.127125,"","","","474","1766","[M+NH4]+","","4","13716;13732;13682;13718","550.22548",0,0,0,63677.32,73471.09,66420.234,0,0,0,""
13735,381.204885612869,6.129149,"","","","474","1764","[M+K]+","","2","13735;13711","342.24202",0,0,0,427.52597,411.37912,182.98068,0,0,0,""
13730,493.236787491049,6.1320925,"","","","474","","","","","","",0,0,0,15937.695,18344.61,15833.515,0,26.638227,0,""
13745,436.285773435916,6.1332073,"","","","474","1769","[M+NH4]+","","2","13745;13728","418.25176",0,0,0,505.22205,743.8044,791.8145,0,0,0,""
13747,360.252823280543,6.1352158,"","","","474","1774","[M+Na]+","","2","13744;13747","337.26299",0,0,0,3172.2214,3522.0105,3287.0325,0,0,0,""
13751,530.312236200552,6.137238,"","","","477","1771","[M+NH4]+","","2","13751;13752","512.27851",0,0,0,1136.1156,1521.5286,1247.8463,0,0,0,""
13752,513.285884978414,6.137245,"","","","477","1771","[M+H]+","","2","13751;13752","512.27851",0,0,0,2783.1328,3168.7673,2737.9424,0,0,0,""
13762,321.166829026437,6.1469398,"","","","463","1773","[M+Na]+","","2","13771;13762","298.17843",136.83699,48.297474,54.783882,3224.383,3097.2148,755.9355,48.223183,61.17966,60.060776,""
13744,320.259087367398,6.157751,"","","","474","1774","[M+H-H2O]+","","2","13744;13747","337.26299",391.48148,0,0,4031.0635,5768.467,4405.4277,0,0,0,""
13856,306.191973571109,6.1701317,"","","","461","1785","[M+NH4]+","","4","13857;13858;13856;13855","288.15809",156.345,45.532185,52.93042,151.67024,230.60051,5818.531,52.878914,117.90444,339.83963,""
13900,275.203220994902,6.1758432,"","","","468","","","","","","",986.53827,138.41592,96.25886,11157.624,14002.469,12174.298,78.21474,174.70558,65.1176,""
13858,327.121226219575,6.190937,"","","","461","1785","[M+K]+","","4","13857;13858;13856;13855","288.15809",0,39.450714,36.090195,51.486244,94.88323,2101.9587,37.093853,33.40738,31.85362,""
13891,320.259169203593,6.1965904,"","","","468","1792","[M+H-H2O]+","","3","13883;13891;13896","337.26282",391.48148,0,0,6254.925,11154.979,5411.01,0,0,0,""
13855,289.164646050354,6.2016034,"","","","461","1785","[M+H]+","","4","13857;13858;13856;13855","288.15809",0,25.135664,28.2686,24.9968,28.266874,1278.0852,31.418846,0,28.131172,""
13896,360.252675290792,6.2078996,"","","","468","1792","[M+Na]+","","3","13883;13891;13896","337.26282",0,0,0,3929.406,4609.563,3732.698,0,0,0,""
13883,376.225688136609,6.215273,"","","","468","1792","[M+K]+","","3","13883;13891;13896","337.26282",49.07508,0,0,979.2973,1370.6077,560.52057,0,0,0,""
13919,437.269749236185,6.2217193,"","","","477","1793","[M+H]+","","2","13919;13920","436.26232",0,0,0,11280.684,11940.011,10627.617,0,0,0,""
13920,454.295983704564,6.2221184,"","","","477","1793","[M+NH4]+","","2","13919;13920","436.26232",0,0,0,2194.5007,2113.0796,1446.0012,0,0,0,""
13921,477.262167167054,6.2225585,"","","","477","1794","[M+Na]+","","2","13919;13921","454.27299",0,0,0,8915.934,9724.947,7957.1973,0,0,0,""
13982,335.221775563998,6.231371,"","","","482","1796","[M+Na]+","","2","13983;13982","312.23175",166.45288,273.67532,205.76253,5302.766,5612.8887,4809.8384,214.54425,169.84094,228.69067,""
13983,313.238212759151,6.2422915,"","","","482","1796","[M+H]+","","2","13983;13982","312.23175",172.98177,112.21275,168.44098,3130.9668,3138.3599,3144.1216,150.06032,200.83322,168.10771,""
14099,329.174839785675,6.252852,"","","","482","1804","[M+Na]+","","2","14109;14099","306.18418",0,78.027435,29.565195,698.6098,719.3844,487.26392,23.379646,99.18449,37.963417,""
14060,549.226001873369,6.2905655,"","","","476","1808","[M+K]+","","3","14060;14078;14079","510.26303",0,0,0,1434.1217,1622.6578,1090.2793,0,0,0,""
14077,451.248806102246,6.294722,"","","","476","1811","[M+H]+","","2","14077;14082","450.24148",0,0,0,8887.568,10135.506,8813.826,0,0,0,""
14078,528.296999237836,6.294722,"","","","476","1808","[M+NH4]+","","3","14060;14078;14079","510.26303",0,0,0,3789.6897,4011.055,3483.477,0,0,0,""
14079,533.2522904417,6.294722,"","","","476","1808","[M+Na]+","","3","14060;14078;14079","510.26303",0,0,0,3550.6096,3984.4814,3310.6465,0,0,0,""
14082,468.275262891291,6.2967925,"","","","476","1811","[M+NH4]+","","2","14077;14082","450.24148",0,0,0,1142.4816,1339.9216,1132.457,0,0,0,""
14092,495.275199827148,6.3013597,"","","","482","1817","[M+H-H2O]+","","3","14093;14092;14094","512.27873",0,0,0,12824.681,14297.734,11384.677,0,0,0,""
14093,535.267896718302,6.3013597,"","","","482","1817","[M+Na]+","","4","14093;14091;14092;14094","512.27873",0,0,0,29398.2,32903.67,27179.008,0,0,0,""
14094,551.24200988827,6.3013597,"","","","482","1817","[M+K]+","","3","14093;14092;14094","512.27873",0,0,0,12561.958,14333.073,11519.663,0,0,0,""
14091,513.286084664531,6.3226295,"","","","482","1817","[M+H]+","","3","14093;14204;14091","512.27873",0,0,0,21072.129,23338.52,23023.818,0,0,0,""
14204,530.312587811362,6.3571944,"","","","482","1817","[M+NH4]+","","3","14204;14091;14210","512.27873",0,0,0,38554.38,41096.96,35202.434,0,0,0,""
14210,513.28607768353,6.359249,"","","","482","1817","[M+H]+","","2","14204;14210","512.27873",0,0,0,25969.846,24789.188,41813.754,0,0,0,""
14219,477.262116552462,6.3633957,"","","","482","1828","[M+Na]+","","4","14233;14223;14224;14219","454.27256",0,0,0,6268.8687,6916.724,5612.378,0,0,0,""
14223,437.269352346459,6.365442,"","","","482","1828","[M+H-H2O]+","","4","14233;14224;14223;14219","454.27256",0,0,0,14698.104,15197.418,11482.645,0,0,0,""
14224,493.234738660074,6.365448,"","","","482","1828","[M+K]+","","3","14223;14224;14219","454.27256",0,0,0,1357.6323,1614.1772,1252.3899,0,0,0,""
14233,472.306927068563,6.3695602,"","","","482","1828","[M+NH4]+","","3","14233;14223;14219","454.27256",0,0,0,8849.467,9678.262,8505.481,0,0,0,""
14252,856.456012271825,6.386116,"","","","452","1832","[M+NH4]+","","2","14250;14252","838.42184",0,0,0,3136.1345,3712.0098,3278.3975,0,0,0,""
14250,861.410705749728,6.387851,"","","","452","1832","[M+Na]+","","2","14250;14252","838.42184",0,0,0,501.56787,712.30634,590.21423,0,0,0,""
14258,435.254137615754,6.389582,"","","","475","1833","[M+H]+","","2","14267;14258","434.24668",0,0,0,13155.934,15045.675,12034.518,0,0,0,""
14267,452.280319050498,6.3896337,"","","","475","1833","[M+NH4]+","","2","14267;14258","434.24668",0,0,0,1220.1067,1600.5532,316.81815,0,0,0,""
14368,249.185429338219,6.4543095,"","","","486","1844","[M+H-H2O]+","","2","14368;14361","266.18877",124.328415,562.0478,336.44574,5389.127,5958.4478,5343.0093,183.93437,348.99536,289.59872,""
14449,437.29220816373,6.4549685,"","","","506","1855","[M+H]+","","2","14449;14447","436.28406",0,0,0,667.59595,421.41098,462.73233,0,0,24.100525,""
14433,477.262090294283,6.4687505,"","","","506","1856","[M+Na]+","","2","14440;14433","454.27298",0,0,0,20300.473,20526.621,17601.688,0,0,0,""
14438,419.25896286273,6.4707932,"","","","506","1857","[M+H]+","","2","14439;14438","418.25179",0,0,0,70700.98,71527.914,62472.562,0,0,0,""
14439,436.285716635032,6.4707932,"","","","506","1857","[M+NH4]+","","2","14439;14438","418.25179",0,0,0,3905.2468,3514.6155,2676.8984,0,0,0,""
14440,472.306906659514,6.4707932,"","","","506","1856","[M+NH4]+","","2","14440;14433","454.27298",0,0,0,57055.188,56247.277,48219.617,0,0,0,""
14447,475.24635268946,6.4744306,"","","","506","1858","[M+Na]+","","2","14457;14447","452.25726",0,0,0,1882.831,1829.9894,1332.0883,0,0,0,""
14457,470.291216212237,6.478161,"","","","506","1858","[M+NH4]+","","2","14457;14447","452.25726",0,0,0,7249.2856,7023.9927,6022.3066,0,0,0,""
14557,406.226086419306,6.5279727,"","","","506","1868","[M+NH4]+","","3","14535;14557;14534","388.19094",0,0,0,509.33994,368.7869,354.26904,0,0,0,""
14536,404.221714187389,6.529502,"","","","506","1866","[M+NH4]+","","5","14541;14532;14536;14537;14542","386.18742",4008.2175,2603.7034,2700.7869,25778.92,15658.649,12652.301,35.198082,0,0,""
14542,387.194842485197,6.5297656,"","","","506","1866","[M+H]+","","5","14541;14532;14536;14537;14542","386.18742",12434.267,8275.04,8398.668,78548.34,49555.562,39831.51,353.59546,238.04765,359.1481,""
14532,795.361264635407,6.530195,"","","","506","1866","[2M+Na]+","","4","14532;14536;14537;14542","386.18742",0,0,0,412.55472,41.963737,0,0,0,0,""
14537,425.150894533748,6.530719,"","","","506","1866","[M+K]+","","5","14541;14532;14536;14537;14542","386.18742",4618.443,5411.309,5098.932,47414.84,30520.469,25051.938,102.3075,90.12065,0,""
14541,409.177088836403,6.5309744,"","","","506","1866","[M+Na]+","","4","14541;14536;14537;14542","386.18742",6934.691,5313.8936,5554.3584,57020.086,35752.168,28484.09,107.16019,154.29527,49.2062,""
14535,389.19684057003,6.5341187,"","","","506","1868","[M+H]+","","3","14535;14557;14534","388.19094",194.7021,106.89334,84.79681,2313.098,1434.6691,1313.2458,70.82309,56.178528,33.9076,""
14561,535.267596429799,6.5380993,"","","","506","1870","[M+Na]+","","3","14573;14561;14578","512.27872",0,0,0,1116.2642,1217.3488,1118.4796,0,0,0,""
14573,495.275239364808,6.542175,"","","","506","1870","[M+H-H2O]+","","2","14573;14561","512.27872",0,0,0,700.44904,438.2521,509.12634,0,0,0,""
14578,513.286533580261,6.544173,"","","","506","1870","[M+H]+","","2","14561;14578","512.27872",0,0,0,1838.6182,1696.0712,1467.7205,0,0,0,""
14534,411.180196418982,6.5449047,"","","","506","1868","[M+Na]+","","3","14535;14557;14534","388.19094",69.40701,296.02368,80.152725,1813.0125,1345.7494,833.8094,145.06744,37.20848,40.72084,""
14676,694.40457888873,6.564204,"","","","472","1878","[M+NH4]+","","2","14676;14677","676.37008",208.03778,0,0,5429.6226,6051.0967,4858.3164,0,0,0,""
14670,236.223453867558,6.566774,"","","","506","1877","[M+NH4]+","","2","14670;14603","218.18929",0,26.912819,33.25104,0,0,578.54364,0,0,0,""
14677,699.358623786815,6.5798125,"","","","472","1878","[M+Na]+","","2","14676;14677","676.37008",0,0,0,1481.0444,1822.8604,1558.6365,0,0,0,""
14735,504.319715999125,6.5832396,"","","","506","1888","[M+NH4]+","","3","14744;14732;14735","486.28467",72.536545,71.16941,37.047863,4510.4053,4969.2886,4605.678,39.68173,74.17406,97.47971,""
14731,362.268764145941,6.594098,"","","","481","1884","[M+Na]+","","2","14731;14723","339.27862",231.4454,0,0,1430.5275,1385.1199,950.63214,0,0,0,""
14732,525.247353479752,6.61173,"","","","506","1888","[M+K]+","","3","14744;14732;14735","486.28467",0,0,0,269.92676,527.0855,300.67975,0,0,0,""
14744,509.273125572187,6.615524,"","","","506","1888","[M+Na]+","","3","14744;14732;14735","486.28467",0,0,0,2171.505,2220.7097,2242.2173,0,0,0,""
14817,265.160047537984,6.6369267,"","","","506","1900","[M+K]+","","2","14829;14817","226.19654",0,26.246252,0,17019.787,17379.21,15475.972,0,0,0,""
14807,436.285854095848,6.645965,"","","","506","1902","[M+NH4]+","","2","14833;14807","418.25177",0,0,0,5672.8574,4769.4893,4418.6406,0,0,0,""
14833,419.258784827705,6.652029,"","","","506","1902","[M+H]+","","2","14833;14807","418.25177",0,0,0,180623.19,179197.33,159144.66,0,0,0,""
14834,472.306737987624,6.652029,"","","","506","","","","","","",0,0,0,226503.22,221618.94,193811.23,0,0,0,""
14835,486.322074854548,6.6520295,"","","","506","","","","","","",0,0,0,19090.256,15019.713,14489.528,0,0,0,""
14942,435.250847837191,6.670195,"","","","506","1907","[M+H-H2O]+","","3","14943;14942;14935","452.25617",2016.6466,865.2737,542.9315,31852.47,30962.35,25152.875,0,0,0,""
14904,477.261984169819,6.6702423,"","","","506","1906","[M+Na]+","","2","14917;14904","454.2728",0,0,0,101594.91,99160.58,86119.16,0,0,0,""
14917,493.236000925961,6.6755033,"","","","506","1906","[M+K]+","","2","14917;14904","454.2728",0,0,0,40977.535,40624.94,35079.977,0,0,0,""
14934,453.264175171402,6.68362,"","","","506","1907","[M+H]+","","3","14943;14935;14934","452.25617",0,0,0,13931.025,13904.354,11572.516,0,0,0,""
14935,475.246375893891,6.68362,"","","","506","1907","[M+Na]+","","4","14942;14943;14935;14934","452.25617",0,0,0,32115.22,30774.703,26018.096,0,0,0,""
14999,351.253696886611,6.685032,"","","","506","1917","[M+H-H2O]+","","3","14970;15102;14999","368.2575",0,0,0,7501.3403,8062.005,10887.3125,57.5344,37.346066,0,""
14941,417.24314851034,6.6862655,"","","","506","","","","","","",0,0,0,26986.559,28281.88,23237.896,0,0,0,""
14943,491.219662253933,6.6862655,"","","","506","1907","[M+K]+","","4","14942;14943;14935;14934","452.25617",0,0,0,12108.105,11930.195,9414.468,0,0,0,""
14947,454.295883961922,6.688289,"","","","506","1916","[M+NH4]+","","2","14948;14947","436.26364",0,0,0,27449.557,23234.16,22283.818,0,0,0,""
14970,391.247179056099,6.7151427,"","","","506","1917","[M+Na]+","","4","14970;14990;15102;14999","368.2575",0,36.088413,41.554573,15742.205,15692.987,14361.54,38.272366,46.34881,45.505184,""
15102,407.220848402216,6.722778,"","","","506","1917","[M+K]+","","4","14970;14990;15102;14999","368.2575",0,0,0,2237.6936,2867.1138,4288.884,0,0,0,""
14990,386.291167144865,6.7326713,"","","","506","1917","[M+NH4]+","","3","14970;14990;15102","368.2575",0,26.591402,0,107.91785,710.9851,370.68558,0,0,42.738014,""
14948,437.272503636144,6.7356095,"","","","506","1916","[M+H]+","","2","14948;14947","436.26364",685.7775,665.489,291.09412,102400.445,107846.36,89183.32,401.30804,614.1708,623.306,""
15016,279.195501186125,6.738343,"","","","496","1926","[M+H-H2O]+","","2","15053;15016","296.19934",438.1718,218.39091,123.3595,8828.506,8203.698,7206.251,382.7862,132.80177,333.11133,""
15062,699.358373381373,6.743767,"","","","506","1925","[M+Na]+","","3","15072;15064;15062","676.36919",0,0,0,13554.658,13513.1045,11549.598,0,0,0,""
15064,715.332237695623,6.744188,"","","","506","1925","[M+K]+","","3","15072;15064;15062","676.36919",0,0,0,1313.4427,1237.6326,1029.7997,0,0,0,""
15072,694.403159402821,6.745807,"","","","506","1925","[M+NH4]+","","3","15072;15064;15062","676.36919",0,0,0,35163.855,39309.617,32288.432,0,0,0,""
14972,470.297604850505,6.746442,"","","","","","","","","","",474.9386,699.5029,830.9173,29341.41,29199.87,25712.904,688.25836,737.5245,306.1292,""
15148,493.235429698596,6.7724223,"","","","506","1931","[M+K]+","","3","15156;15157;15148","454.27257",0,0,0,46772.984,43894.47,39012.85,0,0,0,""
15155,455.279849499918,6.7744565,"","","","506","1931","[M+H]+","","3","15155;15156;15157","454.27257",0,0,0,15505.02,17148.037,13498.667,0,0,0,""
15156,472.306766493304,6.7744565,"","","","506","1931","[M+NH4]+","","4","15155;15156;15157;15148","454.27257",0,0,0,109767.48,105475.06,92806.47,0,0,0,""
15157,477.261703910504,6.7744565,"","","","506","1931","[M+Na]+","","4","15155;15156;15157;15148","454.27257",0,0,0,34883.156,33884.19,29366.6,0,0,0,""
15275,540.307108104599,6.836118,"","","","483","1944","[M+Na]+","","2","15283;15275","517.31803",0,0,0,1122.0084,1359.0325,1087.3818,0,0,0,""
15283,518.325449798072,6.8415985,"","","","483","1944","[M+H]+","","2","15283;15275","517.31803",0,0,0,25043.42,25666.123,23480.57,0,0,0,""
15359,345.20621169985,6.8737273,"","","","532","1951","[M+Na]+","","3","15359;15360;15347","322.21568",79.90708,287.13245,56.701023,2551.0413,2224.5784,1106.2008,67.74058,91.12704,136.66814,""
15347,361.179188620311,6.8948464,"","","","532","1951","[M+K]+","","3","15359;15360;15347","322.21568",52.7212,32.04124,36.21988,756.5503,644.1348,284.80124,37.97198,38.928116,30.742878,""
15546,443.316637281598,6.9566503,"","","","491","1968","[M+H]+","","2","15546;15547","442.30928",0,0,0,3269.4185,3243.18,3079.2305,0,0,0,""
15547,460.343016677627,6.9566536,"","","","491","1968","[M+NH4]+","","2","15546;15547","442.30928",0,0,0,650.576,629.018,459.85223,0,0,0,""
15561,451.248853438271,6.9647713,"","","","516","1970","[M+H-H2O]+","","4","15583;15562;15561;15576","468.2524",0,0,0,2206.1648,2100.9382,1884.4008,0,0,0,""
15562,507.215630406202,6.9647713,"","","","516","1970","[M+K]+","","5","15583;15562;15561;15565;15576","468.2524",0,0,0,5112.09,4545.331,4103.197,0,0,0,""
15565,469.259817814051,6.966795,"","","","516","1970","[M+H]+","","4","15583;15562;15565;15576","468.2524",0,0,0,4228.0605,3813.4321,3903.5625,0,0,0,""
15576,491.24194138549,6.9688725,"","","","516","1970","[M+Na]+","","5","15583;15562;15561;15565;15576","468.2524",0,0,0,8934.825,7939.8574,7651.75,0,0,0,""
15580,455.279783299799,6.970902,"","","","516","1974","[M+H]+","","4","15580;15585;15581;15582","454.27253",0,0,0,12016.728,12441.29,11135.848,0,0,0,""
15581,472.306643807188,6.970902,"","","","516","1974","[M+NH4]+","","4","15580;15585;15581;15582","454.27253",0,0,0,22947.709,22183.93,18889.602,0,0,0,""
15582,493.235800584941,6.970902,"","","","516","1974","[M+K]+","","4","15580;15585;15581;15582","454.27253",0,0,0,14369.376,13138.793,12298.105,0,0,0,""
15583,486.285960259208,6.9709034,"","","","516","1970","[M+NH4]+","","5","15583;15562;15561;15565;15576","468.2524",0,0,0,6432.8022,6112.614,6184.161,0,0,0,""
15585,477.261380080057,6.9729323,"","","","516","1974","[M+Na]+","","4","15580;15585;15581;15582","454.27253",0,0,0,25050.297,22815.55,21422.23,0,0,0,""
15646,327.217377929514,6.979442,"","","","532","1977","[M+H]+","","2","15643;15646","326.21012",527.0258,41.237263,44.803047,3558.0298,2989.6802,2799.1223,52.185387,99.986984,75.75189,""
15636,620.366495561637,7.0028343,"","","","532","1978","[M+NH4]+","","2","15636;15637","602.33283",0,0,0,6874.618,6749.1484,6678.2217,0,0,0,""
15637,625.32220793111,7.0028343,"","","","532","1978","[M+Na]+","","2","15636;15637","602.33283",0,0,0,1576.7621,1683.4653,1653.1055,0,0,0,""
15643,349.199362327138,7.009378,"","","","532","1977","[M+Na]+","","2","15643;15646","326.21012",492.02963,179.76799,69.52045,3751.4016,3103.242,3614.7927,82.75172,86.24515,152.81421,""
15732,470.294469646317,7.0139327,"","","","532","1987","[M+NH4]+","","4","15731;15740;15733;15732","452.2578",0,0,0,75647.41,71305.08,64667.02,26.682507,29.585835,0,""
15688,651.222625123367,7.0228677,"","","","532","1985","[2M+Na]+","","4","15701;15703;15707;15688","314.11634",0,0,0,374.06677,1267.7935,1002.3452,0,0,0,""
15731,453.264124356265,7.032999,"","","","532","1987","[M+H]+","","4","15740;15731;15733;15732","452.2578",0,0,0,15044.387,14448.888,13694.224,0,0,0,""
15733,491.219776949923,7.032999,"","","","532","1987","[M+K]+","","4","15731;15740;15733;15732","452.2578",0,0,0,25700.154,23328.191,21062.482,0,0,0,""
15740,475.246296359859,7.0350327,"","","","532","1987","[M+Na]+","","4","15731;15740;15733;15732","452.2578",0,0,0,46827.766,43231.344,39669.07,0,0,0,""
15807,455.279860298551,7.0695853,"","","","509","1995","[M+H]+","","2","15805;15807","454.27217",0,0,0,3064.566,2113.846,2319.156,0,0,0,""
15805,472.305573418749,7.073713,"","","","509","1995","[M+NH4]+","","2","15805;15807","454.27217",0,0,0,20455.34,17503.316,18154.984,0,0,0,""
15847,509.288718372218,7.0862336,"","","","510","2000","[M+Na]+","","2","15858;15847","486.29936",0,0,0,1067.4521,681.79626,381.49084,0,0,0,""
15858,504.332873841627,7.088308,"","","","510","2000","[M+NH4]+","","3","15858;15847;15859","486.29936",0,0,0,1259.882,1123.6266,490.6591,0,0,0,""
15859,525.262700135336,7.088308,"","","","510","2000","[M+K]+","","2","15858;15859","486.29936",0,0,0,724.0968,559.03723,89.00965,0,0,0,""
15911,470.295387682396,7.115841,"","","","520","2008","[M+NH4]+","","2","15911;15912","452.2586",70.32626,0,0,8121.485,7820.6895,7917.121,27.2477,42.814987,0,""
15897,641.296506155449,7.121225,"","","","520","2009","[M+K]+","","3","15916;15903;15897","602.33299",0,0,0,747.85095,271.28702,443.52148,0,0,0,""
15903,625.321967247029,7.121273,"","","","520","2009","[M+Na]+","","3","15916;15903;15897","602.33299",0,0,0,6129.0176,6303.7427,5740.1006,0,0,0,""
15912,491.21879682552,7.1234183,"","","","520","2008","[M+K]+","","2","15911;15912","452.2586",0,0,0,2144.2568,1971.1714,1667.1013,0,0,0,""
15916,620.36669737697,7.1254716,"","","","520","2009","[M+NH4]+","","3","15916;15903;15897","602.33299",0,0,0,17311.629,17940.713,17011.588,0,0,0,""
16068,507.272902839065,7.16757,"","","","517","2029","[M+Na]+","","3","16055;16068;16074","484.28364",0,0,0,2474.4397,1716.9025,762.011,0,0,0,""
16055,523.246641173623,7.167623,"","","","517","2029","[M+K]+","","3","16055;16068;16074","484.28364",0,0,0,1292.4934,1148.9507,129.65198,0,0,0,""
16074,502.317578195314,7.1700935,"","","","517","2029","[M+NH4]+","","3","16055;16068;16074","484.28364",0,0,0,4003.3008,3259.7727,1493.4193,0,0,0,""
16086,353.269818129218,7.186977,"","","","532","2035","[M+H-H2O]+","","3","16039;16086;16150","370.27365",0,45.460228,0,2803.2073,2608.024,2455.034,32.866753,32.53641,48.698006,""
16118,277.179620756142,7.190407,"","","","532","2041","[M+H-H2O]+","","2","16118;16121","294.18373",168.76295,400.18292,505.33075,13535.717,13535.705,11570.0625,231.06842,878.92804,385.16815,""
16150,393.263655814478,7.194916,"","","","532","2035","[M+Na]+","","3","16039;16086;16150","370.27365",0,91.67512,69.81176,4339.1,4423.57,4541.9,48.93223,55.01844,41.523537,""
16122,491.243402797388,7.199497,"","","","532","2046","[M+Na]+","","2","16122;16125","468.25137",0,0,0,2975.3198,2835.1145,2935.9744,0,0,0,""
16181,514.321543214503,7.2004447,"","","","532","2038","[M+NH4]+","","4","16178;16181;16169;16170","496.28466",0,43.94232,0,8579.361,7838.63,7146.65,0,36.901554,0,""
16126,696.418907345104,7.203549,"","","","532","2037","[M+NH4]+","","2","16133;16126","678.38517",0,0,0,3982.963,4038.6345,3229.6929,0,0,0,""
16039,409.236559058361,7.2075944,"","","","532","2035","[M+K]+","","3","16039;16086;16150","370.27365",0,0,0,297.7499,514.0838,260.50876,0,0,0,""
16133,701.374481941506,7.2075925,"","","","532","2037","[M+Na]+","","2","16133;16126","678.38517",0,0,0,1648.7234,1573.0735,1412.0935,0,0,0,""
16193,407.181897177879,7.2086835,"","","","532","2039","[M+Na]+","","2","16177;16193","384.19158",0,0,0,5353.702,5374.6694,4847.4995,44.654762,44.171005,45.152267,""
16169,497.290753497426,7.2156672,"","","","532","2038","[M+H]+","","4","16178;16181;16169;16170","496.28466",0,0,0,7450.4546,6876.978,6239.0356,0,0,0,""
16170,535.246951198834,7.2156672,"","","","532","2038","[M+K]+","","4","16178;16181;16169;16170","496.28466",0,0,0,8493.499,7722.757,6571.45,0,0,0,""
16177,423.15363894436,7.2176986,"","","","532","2039","[M+K]+","","2","16193;16177","384.19158",0,0,0,1064.0969,1013.98016,999.8616,0,0,0,""
16178,519.272878950452,7.21769,"","","","532","2038","[M+Na]+","","4","16178;16181;16169;16170","496.28466",0,0,0,15314.035,14298.171,12713.246,0,0,0,""
16203,424.16933027802,7.2237763,"","","","532","2050","[M+Na]+","","3","16203;16319;16210","401.18004",0,0,0,2808.2397,2722.4731,2548.6047,0,0,0,""
16216,655.39439879636,7.223767,"","","","532","2048","[2M+Na]+","","2","16216;16215","316.20369",0,0,0,293.73013,370.67682,115.57028,0,0,0,""
16210,440.143160828002,7.2257857,"","","","532","2050","[M+K]+","","2","16203;16210","401.18004",0,0,0,745.0802,287.8157,453.5372,0,0,0,""
16215,355.165857261462,7.2278214,"","","","532","2048","[M+K]+","","4","16216;16191;16220;16215","316.20369",0,0,0,2427.398,2055.9824,2225.3718,0,0,0,""
16220,317.211282587564,7.240511,"","","","532","2048","[M+H]+","","3","16191;16220;16215","316.20369",127.57727,99.32823,57.988556,8699.683,8780.364,7570.018,43.932243,48.359016,45.933067,""
16121,317.173777500874,7.2410283,"","","","532","2041","[M+Na]+","","2","16118;16121","294.18373",0,0,52.99446,3445.6821,3460.0913,2947.279,42.502563,38.501614,104.16838,""
16191,339.194697574289,7.2428365,"","","","532","2048","[M+Na]+","","3","16191;16220;16215","316.20369",0,51.070683,68.20985,15100.516,14483.727,13317.405,51.42424,42.514496,104.398895,""
16125,507.211717454925,7.2542257,"","","","532","2046","[M+K]+","","2","16122;16125","468.25137",179.48988,0,145.46411,2740.5955,2500.9885,2370.4592,111.05702,292.39566,0,""
16319,440.143153174794,7.2787375,"","","","532","2050","[M+K]+","","2","16203;16319","401.18004",0,0,0,413.37717,406.12067,654.05975,0,0,0,""
16336,553.278334537699,7.29038,"","","","522","2060","[M+K]+","","3","16336;16337;16325","514.31564",0,0,0,768.2153,706.1804,657.9168,0,0,0,""
16337,537.304727059497,7.290418,"","","","522","2060","[M+Na]+","","3","16336;16337;16325","514.31564",0,0,0,2618.5593,2777.7173,2301.1365,0,0,0,""
16364,407.182536553101,7.2907043,"","","","532","2061","[M+Na]+","","2","16364;16359","384.1917",0,37.453358,0,3216.297,3102.9685,2900.85,39.423615,31.855476,41.92051,""
16325,532.350056648388,7.295868,"","","","522","2060","[M+NH4]+","","3","16336;16337;16325","514.31564",0,0,0,3376.4993,3402.1943,2813.872,0,34.89953,0,""
16359,423.153246522929,7.297156,"","","","532","2061","[M+K]+","","2","16364;16359","384.1917",0,0,0,540.12695,457.23016,475.78976,0,0,0,""
16388,333.182925890468,7.302143,"","","","532","2074","[M+K]+","","4","16482;16374;16508;16388","294.22103",0,0,0,776.7939,612.89545,669.8333,0,0,0,""
16430,520.337585940076,7.3066993,"","","","525","2066","[M+H]+","","2","16420;16430","519.33214",213.28531,174.22382,85.30631,15591.854,15205.257,14982.934,90.43053,63.162956,135.29231,""
16417,475.246570237427,7.3086753,"","","","532","2069","[M+Na]+","","2","16417;16415","452.25698",0,0,0,1017.47266,929.99005,369.82312,0,0,0,""
16420,542.323183243002,7.3140283,"","","","525","2066","[M+Na]+","","2","16420;16430","519.33214",0,0,0,806.77576,837.0865,352.9066,0,0,0,""
16415,491.219759450001,7.3180966,"","","","532","2069","[M+K]+","","2","16417;16415","452.25698",0,0,0,367.801,186.83858,335.4068,0,0,0,""
16374,339.194444963356,7.3402667,"","","","532","2074","[M-H+2Na]+","","3","16374;16508;16388","294.22103",0,136.68092,68.20985,9408.002,9757.37,8286.836,213.0645,273.18823,54.3372,""
16508,277.216871390455,7.3418407,"","","","532","2074","[M+H-H2O]+","","4","16482;16374;16508;16388","294.22103",20125.986,1820.7059,3647.284,66232.875,67957.06,62054.39,218.05661,63.362984,211.85124,""
16639,617.272503231672,7.3946495,"","","","550","2091","[M+Na]+","","4","16641;16640;16639;16646","594.28304",0,0,0,2315.6562,2446.9316,2127.577,0,0,0,""
16640,612.317383076403,7.3959966,"","","","550","2091","[M+NH4]+","","4","16641;16640;16639;16646","594.28304",0,0,0,2563.3752,2606.2378,2305.0098,0,0,0,""
16641,577.279065131279,7.396066,"","","","550","2091","[M+H-H2O]+","","3","16641;16640;16639","594.28304",0,0,0,2633.9514,3127.083,2599.3047,0,0,0,""
16646,595.29025178431,7.3981915,"","","","550","2091","[M+H]+","","3","16640;16639;16646","594.28304",0,0,0,5337.331,4946.1978,4852.7144,0,0,0,""
16664,442.296309348791,7.4023976,"","","","550","2093","[M+NH4]+","","2","16656;16664","424.26241",0,0,0,1459.0793,1121.9485,1275.482,0,0,0,""
16655,463.225496314366,7.4023976,"","","","550","2093","[M+K]+","","2","16655;16656","424.26241",0,0,0,244.87436,590.3658,461.13675,0,0,0,""
16656,447.251613355988,7.4041038,"","","","550","2093","[M+Na]+","","3","16655;16656;16664","424.26241",0,0,0,1088.1418,985.3321,1010.3385,0,0,0,""
16692,532.349409515765,7.434278,"","","","555","2097","[M+NH4]+","","4","16693;16702;16692;16700","514.31542",0,0,0,25241.502,27682.617,24441.453,0,0,0,""
16693,537.304704148371,7.434278,"","","","555","2097","[M+Na]+","","4","16693;16702;16692;16700","514.31542",0,0,0,17240.42,17067.438,15865.725,0,0,0,""
16702,553.278509588791,7.436306,"","","","555","2097","[M+K]+","","4","16693;16702;16692;16700","514.31542",0,0,0,4140.8647,4413.385,4042.7869,0,0,0,""
16700,515.322524747671,7.436498,"","","","555","2097","[M+H]+","","4","16693;16702;16692;16700","514.31542",0,0,0,802.99005,733.2244,356.03992,0,0,0,""
16829,275.201599329866,7.467358,"","","","559","2104","[M+H-H2O]+","","3","16833;17003;16829","292.20513",179.09947,34.185234,54.788277,6703.7036,6733.1353,5924.3003,33.517822,51.716953,26.653336,""
16830,293.211292106838,7.4771304,"","","","559","2104","[M+H]+","","3","16833;17003;16830","292.20513",122.45439,155.3477,117.59143,21076.494,20551.67,17977.621,134.25778,453.40497,427.36023,""
16833,331.168003514884,7.4888473,"","","","559","2104","[M+K]+","","4","16833;17003;16829;16830","292.20513",0,0,0,1010.72375,954.44055,826.4572,0,0,0,""
16876,672.418994210614,7.522166,"","","","549","2117","[M+NH4]+","","2","16877;16876","654.38494",0,0,0,4791.6523,5282.3257,4492.747,0,0,0,""
16877,677.373920275837,7.522166,"","","","549","2117","[M+Na]+","","2","16877;16876","654.38494",0,0,0,2201.586,2113.3008,1872.208,0,0,0,""
17009,514.319454622943,7.53864,"","","","568","2132","[M+NH4]+","","4","17008;17007;17009;17012","496.28404",0,0,0,5736.4395,5644.7715,4737.4614,0,33.55854,0,""
17007,479.280206225929,7.5568023,"","","","568","2132","[M+H-H2O]+","","3","17008;17007;17009","496.28404",0,0,0,2912.362,2834.0447,2373.106,0,0,0,""
17008,519.272724577428,7.5568023,"","","","568","2132","[M+Na]+","","4","17008;17007;17009;17012","496.28404",0,0,0,1179.2476,1093.3461,922.6798,0,0,0,""
17012,497.290784162757,7.558851,"","","","568","2132","[M+H]+","","3","17008;17009;17012","496.28404",0,0,0,21408.146,20475.713,17813.287,0,0,0,""
17002,293.211087854365,7.570766,"","","","568","","","","","","",220.76022,296.15228,117.59143,21047.68,21978.924,18044.873,134.25778,305.1462,310.86545,""
17113,627.337968289385,7.6149974,"","","","565","2149","[M+Na]+","","2","17113;17115","604.34876",0,0,0,1397.4796,1405.3502,1433.666,0,0,0,""
17115,622.382591084028,7.616751,"","","","565","2149","[M+NH4]+","","2","17113;17115","604.34876",0,0,0,3710.151,3524.071,2966.2554,0,0,0,""
17191,518.323096012463,7.6475663,"","","","534","2158","[M+Na]+","","2","17188;17191","495.33538",0,0,0,2730.3254,2698.5225,2444.3306,0,0,0,""
17188,496.344165665079,7.658764,"","","","534","2158","[M+H]+","","2","17188;17191","495.33538",0,0,51.436844,41158.703,41250.68,37883.367,23.262653,0,39.82658,""
17335,459.251309305853,7.7170396,"","","","583","2165","[M+Na]+","","3","17337;17328;17335","436.26116",0,0,0,3058.9543,2575.1653,2559.9631,0,0,0,""
17328,475.224249300182,7.7170463,"","","","583","2165","[M+K]+","","2","17328;17335","436.26116",0,0,0,894.6387,487.65137,399.0514,0,0,0,""
17337,419.257013629893,7.728488,"","","","583","2165","[M+H-H2O]+","","2","17337;17335","436.26116",45.67285,0,0,4654.429,4588.5107,4449.631,0,0,0,""
17384,421.274283761878,7.741467,"","","","547","2170","[M+H-H2O]+","","2","17392;17384","438.27742",0,0,0,3843.4773,4222.3867,4152.3906,0,0,0,""
17392,461.266489596916,7.746863,"","","","547","2170","[M+Na]+","","2","17392;17384","438.27742",0,0,0,1267.199,1307.0686,1136.8082,0,0,0,""
17490,598.381570328174,7.81755,"","","","586","2176","[M+NH4]+","","2","17491;17490","580.34747",0,0,0,2552.1074,2761.11,2437.6536,0,0,0,""
17491,603.336410525833,7.8175607,"","","","586","2176","[M+Na]+","","2","17491;17490","580.34747",0,0,0,1028.8196,904.42224,1082.2712,0,0,0,""
17557,596.31198114816,7.850969,"","","","572","2183","[M+NH4]+","","3","17574;17557;17577","578.27812",0,0,0,16802.605,16558.105,15864.321,0,0,0,""
17577,623.249629538122,7.8546567,"","","","572","2183","[M-H+2Na]+","","2","17557;17577","578.27812",0,0,0,2038.3099,2829.5017,2722.7622,0,0,0,""
17574,601.266938597931,7.8592477,"","","","572","2183","[M+Na]+","","2","17574;17557","578.27812",0,0,0,3449.6252,3705.0945,3235.7822,0,0,0,""
17706,277.216485983319,7.942362,"","","","590","2200","[M+H-H2O]+","","3","17706;17705;17707","294.22041",142.94077,128.51732,280.19,10047.363,8467.852,7774.371,294.86688,154.99237,57.964275,""
17715,454.296013024116,7.9451528,"","","","569","2197","[M+NH4]+","","2","17721;17715","436.26216",0,0,0,2167.8857,2151.9778,1732.5378,0,0,0,""
17721,459.251342036198,7.947186,"","","","569","2197","[M+Na]+","","2","17721;17715","436.26216",0,0,0,1117.7465,1116.7592,974.903,0,0,0,""
17736,534.36495455906,7.959582,"","","","617","2201","[M+NH4]+","","2","17736;17741","516.33116",0,0,0,2284.0918,2096.3618,1979.25,0,0,0,""
17702,295.227439080368,7.9636745,"","","","590","2200","[M+H]+","","3","17705;17707;17702","294.22041",1293.1234,411.6574,1062.61,23457.998,24508.65,22314.186,1736.201,1131.2189,1669.1434,""
17741,539.32041159437,7.963658,"","","","617","2201","[M+Na]+","","2","17736;17741","516.33116",0,0,0,1764.4355,1916.8737,1846.8529,0,0,0,""
17707,333.183978591663,7.9677277,"","","","590","2200","[M+K]+","","4","17706;17705;17707;17702","294.22041",61.74591,0,0,886.5994,838.5889,782.1836,0,0,210.65999,""
17758,603.336752805357,7.9717736,"","","","617","2204","[M+Na]+","","2","17758;17759","580.34762",0,0,0,3899.7302,3884.1533,3511.1929,0,0,0,""
17759,598.381520678342,7.9718003,"","","","617","2204","[M+NH4]+","","2","17758;17759","580.34762",0,0,0,7097.2725,6750.932,6613.4707,0,0,0,""
17705,317.210090410171,7.972155,"","","","590","2200","[M+Na]+","","4","17706;17705;17707;17702","294.22041",1388.1742,88.2168,55.582466,7708.3145,7788.795,7106.1396,1209.8846,273.90134,109.29682,""
17910,322.274759370678,8.021015,"","","","617","2215","[M+H]+","","3","17910;17911;17885","321.26749",8261.386,157.18976,170.27432,21303.078,21721.598,19922.445,0,0,0,""
17885,360.229999658952,8.0520735,"","","","617","2215","[M+K]+","","3","17910;17911;17885","321.26749",126.51706,0,0,870.0945,956.6727,851.4035,0,0,0,""
17860,277.216405244806,8.052493,"","","","617","2218","[M+H-H2O]+","","3","17861;17860;17866","294.22025",144.75314,319.47214,239.79617,9305.398,10254.47,9653.512,185.44543,193.88574,109.38045,""
17865,295.227277134837,8.063875,"","","","617","2218","[M+H]+","","3","17861;17866;17865","294.22025",849.68677,457.98688,1602.0425,26595.203,25765.965,22204.498,973.98254,1131.2189,476.297,""
18105,295.227390959389,8.129548,"","","","578","","","","","","",849.68677,1272.1698,1920.1416,14845.933,14940.763,13072.713,982.919,1203.2396,939.5653,""
18130,421.274665325937,8.141468,"","","","617","2235","[M+H-H2O]+","","4","18131;18132;18130;18140","438.27801",0,0,0,4006.1497,3972.798,3395.7466,0,0,0,""
18131,456.311777105797,8.14148,"","","","617","2235","[M+NH4]+","","4","18131;18130;18132;18140","438.27801",0,0,0,29825.11,28955.979,24805.994,0,0,0,""
18132,477.241796962298,8.14148,"","","","617","2235","[M+K]+","","4","18131;18130;18132;18140","438.27801",0,0,0,7793.799,6965.0317,5705.6274,0,0,0,""
18140,461.266693262894,8.143498,"","","","617","2235","[M+Na]+","","4","18131;18130;18132;18140","438.27801",0,0,0,6300.077,6040.717,4836.881,0,0,0,""
18426,467.30611479629,8.257479,"","","","617","2252","[2M+Na]+","","2","18426;18432","222.16015",0,0,40.87422,784.6684,1005.0981,43.685406,0,57.27613,0,""
18432,261.124211541497,8.264775,"","","","617","2252","[M+K]+","","3","18438;18426;18432","222.16015",0,0,0,724.1081,900.6729,0,29.988972,0,0,""
18443,337.160967634826,8.28925,"","","","617","2256","[M+K]+","","2","18444;18443","298.19714",62.753098,105.35041,51.020454,1205.6545,1251.256,365.56937,65.380486,51.250916,67.0193,""
18438,245.150165371639,8.293584,"","","","617","2252","[M+Na]+","","2","18438;18432","222.16015",67.42004,352.08472,168.33315,8261.496,9121.704,1373.5061,38.731762,103.08884,42.959393,""
18444,321.185687636755,8.294482,"","","","617","2256","[M+Na]+","","2","18444;18443","298.19714",141.29668,62.457058,88.493706,2348.3284,2243.0957,771.1266,76.42804,165.29321,92.260704,""
18508,454.292979383266,8.303396,"","","","617","2259","[M+NH4]+","","2","18508;18515","436.26056",0,0,44.10608,6244.3843,6179.107,4580.054,0,0,114.22169,""
18515,459.251176455926,8.304817,"","","","617","2259","[M+Na]+","","2","18508;18515","436.26056",0,0,0,1013.3685,1031.4504,870.43384,0,0,0,""
18626,510.365294506624,8.355075,"","","","595","2270","[M+NH4]+","","2","18631;18626","492.33128",0,0,0,2408.9875,2591.6526,2225.9124,0,0,0,""
18631,515.320299086419,8.361145,"","","","595","2270","[M+Na]+","","2","18631;18626","492.33128",0,0,0,1897.5919,2311.95,1896.8469,0,0,0,""
18826,459.251224532374,8.455902,"","","","601","2282","[M+Na]+","","2","18849;18826","436.26196",0,0,0,549.48865,811.1181,292.8814,0,0,0,""
18849,454.295737239075,8.459941,"","","","601","2282","[M+NH4]+","","2","18849;18826","436.26196",0,0,0,2413.5383,2856.978,2423.4739,0,0,0,""
20370,339.174667965444,9.19442,"","","","711","2391","[M+K]+","","3","20385;20370;20373","300.20991",57.45695,54.395237,50.57869,1634.1252,1303.5284,1232.695,50.990246,0,0,""
20373,623.403893770392,9.206748,"","","","711","2391","[2M+Na]+","","2","20370;20373","300.20991",0,0,0,628.30566,586.35864,334.71237,0,0,0,""
20385,323.200114629971,9.213481,"","","","711","2391","[M+Na]+","","2","20385;20370","300.20991",90.62717,105.04261,46.794693,8984.521,8201.618,5888.502,56.834213,96.20316,156.21916,""
20422,437.269067554339,9.2206335,"","","","661","2393","[M+H]+","","2","20430;20422","436.26177",0,0,0,3352.2478,3667.3787,3157.1992,0,0,0,""
20430,459.250968901184,9.222646,"","","","661","2393","[M+Na]+","","2","20430;20422","436.26177",0,0,0,1109.7312,1071.4464,747.40137,0,0,0,""
20828,259.206070888982,9.45042,"","","","","","","","","","",0,0,0,11778.031,13399.651,12002.124,0,0,0,""
21209,970.61145817279,9.67807,"","","","714","2425","[M+NH4]+","","2","21209;21225","952.57713",0,0,0,4420.2197,5908.902,5711.5894,0,0,0,""
21225,975.565847724058,9.688789,"","","","714","2425","[M+Na]+","","2","21209;21225","952.57713",0,0,0,6039.3506,8743.075,7734.794,0,0,0,""
21327,609.27299985326,9.724719,"","","","765","2431","[M+H]+","","2","21327;21328","608.26564",0,0,0,14965.091,21120.922,17975.135,0,0,0,""
21328,631.254778350077,9.724719,"","","","765","2431","[M+Na]+","","2","21327;21328","608.26564",0,0,0,1768.2269,2596.7234,2063.1814,0,0,0,""
21419,506.53040690834,9.729941,"","","","765","","","","","","",0,0,0,851.2567,952623.9,540.41943,0,0,0,""
21379,1295.58638448255,9.748616,"","","","768","2437","[2M+Na]+","","4","21395;21397;21379;21400","636.30005",0,55.88586,95.54924,1531.0984,1277.6918,391.28186,0,0,0,""
21393,977.938339655947,9.749026,"","","","768","2436","[M+Na]+","","2","21387;21393","954.94863",75.173805,0,0,1476.2988,1075.2875,429.9437,0,0,0,""
21391,972.480653902993,9.749187,"","","","768","2434","[M+NH4]+","","2","21391;21389","954.44724",0,0,0,1129.765,883.00146,193.48419,0,0,0,""
21389,977.436858561224,9.749187,"","","","768","2434","[M+Na]+","","2","21391;21389","954.44724",0,0,0,1080.0117,1157.4613,422.5272,0,0,0,""
21390,1290.63007793711,9.751004,"","","","768","2437","[2M+NH4]+","","4","21390;21394;21397;21400","636.30005",52.72513,0,73.29569,1615.0707,1532.7201,541.5061,0,0,0,""
21387,972.98196147497,9.751235,"","","","768","2436","[M+NH4]+","","2","21393;21387","954.94863",0,0,0,1339.3005,981.92615,315.81577,0,0,0,""
21486,625.267847842661,9.799146,"","","","723","2439","[M+H]+","","2","21487;21486","624.26057",0,0,0,9563.846,12754.537,11691.871,0,0,0,""
21487,647.249787766753,9.799146,"","","","723","2439","[M+Na]+","","2","21487;21486","624.26057",0,0,0,984.2116,1217.2585,1058.1852,0,0,0,""
21731,631.254926690877,9.926128,"","","","769","2449","[M+Na]+","","2","21732;21731","608.26557",0,0,0,3472.5378,4553.0664,4598.0435,0,0,0,""
21735,287.238807231494,9.926572,"","","","769","","","","","","",0,37.748714,41.55536,18564.547,6447.2993,6281.027,37.40449,41.366364,0,""
21732,609.2727113368,9.928165,"","","","769","2449","[M+H]+","","2","21732;21731","608.26557",0,0,0,18628.98,26337.602,26524.871,0,0,0,""
22107,593.277221962811,10.132686,"","","","833","2462","[M+H]+","","3","22119;22112;22107","592.27051",0,0,0,183780.02,238772.89,262861.62,0,0,0,""
22112,615.260125255519,10.134698,"","","","833","2462","[M+Na]+","","3","22119;22112;22107","592.27051",0,0,0,16055.852,20446.965,20569.219,0,0,0,""
22119,631.233825074165,10.1347,"","","","833","2462","[M+K]+","","3","22119;22112;22107","592.27051",0,0,0,1043.0902,1665.3779,1628.7974,0,0,0,""
22311,639.283718581109,10.195186,"","","","833","2474","[M+H]+","","2","22319;22311","638.27638",0,0,0,8410.981,8694.808,4748.891,0,0,0,""
22319,661.265538636641,10.1992445,"","","","833","2474","[M+Na]+","","2","22319;22311","638.27638",0,0,0,1424.3243,1203.4362,565.1165,0,0,0,""
22656,615.260064866393,10.422439,"","","","850","2476","[M+Na]+","","2","22656;22661","592.27036",0,0,0,1974.3516,3144.0754,1667.226,0,0,0,""
22661,593.277154204924,10.424472,"","","","850","2476","[M+H]+","","2","22656;22661","592.27036",0,0,0,45900.918,70505.22,42049.176,0,0,0,""
22886,535.271075897238,10.5855665,"","","","816","","","","","","",0,0,0,14672.638,16218.588,10806.65,0,0,0,""
22948,142.092032041832,10.646086,"","","","","","","","","","",47.00738,38.781563,75.91958,81.87045,943.07947,728.3531,47.414062,78.79277,37.710274,""
23430,560.502040565328,10.959753,"","","","892","2495","[M+Na]+","","2","23379;23430","537.5135",0,0,0,140.69678,0,2575.9875,0,0,0,""
23379,520.510892916266,10.966848,"","","","892","2495","[M+H-H2O]+","","2","23379;23430","537.5135",0,0,38.718056,4714.2017,197.5654,12374.127,0,0,0,""
24617,506.528799110139,11.597652,"","","","950","","","","","","",0,0,22.481594,260304.55,63845.055,1289.1897,0,0,0,""
