id_number,mz,rtime,Orbi_P_E2_EXBLANKA.mzML,Orbi_P_E2_EXBLANKB.mzML,Orbi_P_E2_EXBLANKC.mzML,Orbi_P_E2_WS03A.mzML,Orbi_P_E2_WS03B.mzML,Orbi_P_E2_WS03C.mzML,Orbi_P_E2_Wasteblank4.mzML,Orbi_P_E2_Wasteblank5.mzML,Orbi_P_E2_Wasteblank6.mzML
108,148.0277472,0.3691534,110.230865,127.83077,219.25595,5474.0723,5833.597,7037.8867,172.29855,152.28918,184.22408
181,169.0462455,0.3699988,3400.032,6229.0063,1967.0215,31506.426,38140.88,38798.13,1345.9973,1262.1227,1630.8206
175,128.0197664,0.37076914,17418.414,26704.809,29211.16,267577.8,312650.94,323791.56,41054.87,27175.4,42434.453
231,216.9512638,0.371403,370.91034,296.43344,223.51938,9856.593,10224.851,12423.102,432.56042,554.69385,469.27423
43,234.961351,0.3725722,128.71078,104.344284,391.5451,5915.659,7334.0117,7378.7886,219.20853,164.28043,100.49321
145,244.9475245,0.37269926,5392.9536,4788.456,2039.008,46231.58,50213.715,55452.008,2226.013,5194.8535,7832.9863
177,151.0356683,0.3744,28015.578,20706.838,22543.459,190050.97,229867.56,240569.98,33817.605,29538.95,34148.465
189,217.98956,0.375543,45.37719,47.30465,57.072052,2277.1213,2736.8374,3098.1133,160.88268,96.4292,136.43341
88,228.9438439,0.37643084,278.93732,540.5362,292.76794,1131.7482,884.66364,1329.3082,188.68875,131.35287,259.60394
171,110.0093424,0.378511,15984.709,31382.598,25341.404,169657.78,218672.05,214844.44,17891.328,25794.738,18257.154
141,223.989142,0.37904006,410.46674,483.6227,862.33936,5132.0195,7158.9575,7330.055,963.1919,379.54843,1108.955
55,130.9763146,0.37932807,2106.2178,2125.4692,1087.829,567.1645,357.06604,233.95834,1164.8687,736.57916,307.27203
187,142.0352661,0.38185114,26.185823,82.36227,36.29093,2450.0554,2919.9785,2723.9219,32.492455,29.46952,43.865498
132,146.0302461,0.3821843,2120.7595,3948.752,1935.1873,36703.44,38957.61,42212.324,5816.237,1387.3805,4296.797
121,255.9417344,0.38238192,156.61841,214.42197,171.43184,4729.9688,5653.565,5424.2583,274.04895,412.787,330.22168
176,130.0172965,0.38318232,2893.2078,4055.7585,3601.0266,41001.145,47537.848,46656.605,2847.886,828.2108,3404.269
230,203.006958,0.3867404,0,25.425852,0,1300.8503,1597.9355,1630.8749,54.18294,33.270706,42.99815
81,198.0016203,0.38814163,494.10413,548.8398,435.68958,1640.8641,1538.3168,2477.9749,313.84805,426.8331,381.9427
80,182.9629673,0.38836986,155.55397,95.780365,54.07303,1172.7279,1802.9645,2023.007,182.91266,316.73752,76.047806
89,249.9266064,0.38873053,0,27.028816,0,1080.5038,1197.1056,1358.0294,0,0,31.321033
131,141.0061053,0.389016,48.081944,60.123413,30.390965,1524.0931,1879.9335,1930.5077,36.52008,32.062172,45.960903
246,258.9783379,0.3916575,0,32.180946,0,1169.7838,1275.4313,1377.6602,31.683115,25.275608,0
135,165.0535751,0.39310896,26.550898,56.041084,20.477877,1163.752,1304.504,1377.4366,28.94653,21.442032,31.17192
139,218.9842486,0.39526019,278.97952,100.60647,49.09931,11885.721,16571.613,18111.914,49.321404,93.872345,162.27475
233,257.9383563,0.39537868,0,68.595695,37.300407,1341.5491,2054.4475,2049.8367,0,0,29.558586
133,147.0255721,0.39545515,96.30885,119.69893,170.58008,3532.5361,4218.631,4233.4653,142.19034,201.18274,62.60927
111,219.9855067,0.39646396,21.632526,26.120277,0,3320.022,4830.4414,4752.74,0,0,0
186,200.9730532,0.3972162,537.63916,622.3619,192.91238,4525.9546,6582.424,6651.971,545.80164,158.49539,374.93323
116,201.9756025,0.39790046,140.42259,107.35209,71.29197,1045.981,1580.2145,1596.7878,137.76228,212.69695,66.632225
232,224.989947,0.4009664,31.774862,0,27.623062,1055.2548,1536.05,1866.3113,39.71694,28.675371,28.787405
84,179.9913123,0.40147793,259.54855,163.84303,91.75159,3290.5364,3776.2373,4028.2202,199.35114,113.02356,198.06512
61,222.9305124,0.40418237,199.86163,178.84871,162.53079,1380.1262,1872.6559,2166.472,125.15358,114.08937,126.68169
226,132.0145558,0.40647808,0,0,19.023376,492.06747,676.18024,708.88025,0,0,0
237,290.9432869,0.40716347,0,34.435287,42.442726,610.8297,1107.1118,1292.137,34.806168,26.351673,54.62152
209,217.9991471,0.4072289,199.90544,152.84929,589.20447,730.9363,804.53107,586.6421,480.6991,597.5678,341.45645
192,239.9670967,0.4088852,122.24802,223.46442,119.13393,3977.0134,4463.4243,4573.743,55.218643,66.84254,59.097755
118,229.9429505,0.40966293,0,0,0,151.78798,887.90906,892.9336,0,0,0
94,209.9349376,0.41283488,0,0,0,98.050446,682.1779,426.2533,25.393364,0,0
109,202.9705791,0.41369903,0,0,0,718.18805,1529.5876,1564.4297,0,0,0
83,304.9695036,0.4136989,0,0,0,201.55249,752.9581,884.5679,0,0,0
144,243.9970368,0.4157178,0,0,0,8506.096,12606.284,12961.941,0,0,0
159,258.9909388,0.415717,0,0,0,75.79466,458.7354,449.12946,0,0,0
151,267.0131306,0.4157178,0,0,0,2723.7239,3970.5415,4269.1978,0,0,0
162,287.9598006,0.4157178,0,0,0,267.51688,801.09204,850.09436,0,0,0
183,125.0383648,0.4177413,0,0,0,383.08377,773.139,737.65936,0,0,0
191,220.9810243,0.4177358,0,0,0,2952.0037,4687.641,4438.8076,0,0,0
196,261.005747,0.4177358,0,0,0,564.07983,830.8927,963.6001,0,0,0
160,263.9815721,0.4177358,0,0,0,125.118866,336.33862,401.0488,0,0,0
197,265.0159326,0.4177358,0,0,0,10123.854,14636.74,15814.007,0,0,0
225,117.9909346,0.41974902,0,0,0,651.444,886.1745,962.5361,0,0,0
167,240.9533328,0.4197483,0,0,0,480.50067,666.5208,824.61273,0,0,0
212,241.0150257,0.4197483,0,0,0,287.9682,373.6661,410.8645,0,0,0
221,245.9090076,0.41976008,0,0,0,622.27893,775.3396,585.78656,0,0,0
240,292.9783028,0.42177263,0,0,0,219.93365,957.32916,1120.7932,0,0,0
105,124.0239089,0.4225952,22.622849,31.981846,0,838.3639,1257.3373,1233.388,23.982716,0,28.489962
154,110.0198153,0.42271486,217.43326,104.7733,329.5956,239.77795,212.12727,975.8142,212.67458,252.68964,428.68735
107,141.0537463,0.42902568,172.57126,83.444565,175.82661,1529.8817,1765.7571,1875.2959,152.70395,229.23317,307.23514
234,266.9276459,0.42925322,57.06646,40.08674,28.873066,1778.0198,2289.823,2304.0967,150.84363,60.50164,36.378616
193,242.0004585,0.42936942,40.96984,156.0605,80.20308,31426.334,45636.75,49128.844,190.38234,95.31198,33.71557
120,242.9615039,0.43038097,0,0,0,157.07758,536.5842,743.55554,0,0,0
208,196.0072345,0.43150482,0,24.728254,0,201.97794,961.9901,330.47263,33.395912,0,0
199,284.9385409,0.4369203,59.845184,233.51083,173.71143,4573.3223,5842.5093,5607.004,319.17645,144.6711,142.76582
658,192.911037,0.4428637,27.453178,0,37.523033,9454.398,9755.414,10422.975,33.961235,35.89572,0
622,284.9107891,0.4462101,1103.5204,1231.8685,1671.0056,48.810646,0,42.099167,1463.4457,1632.5673,1351.6637
273,247.8961932,0.44919416,2910.9468,2544.6072,2815.6084,216.06752,263.62582,209.78519,2120.7083,2343.458,2383.9922
395,251.9145243,0.4495291,528.2514,582.6786,382.79364,92.90885,123.72596,238.77551,1311.4524,506.07156,425.8012
468,300.9076352,0.449765,3498.9507,2631.6458,3241.923,269.60474,918.94025,697.7581,2048.5476,3085.963,3014.1326
276,268.9620582,0.44978973,1269.1515,896.41345,641.25305,7799.654,10229.612,11056.111,991.09705,1259.4729,381.1018
511,600.8339752,0.4498976,33.937645,0,78.44682,6126.6543,5379.077,3260.9893,22.756504,296.07767,0
540,289.9078882,0.44998354,675.0084,852.50275,945.66675,53.87182,109.0642,78.90291,869.8109,932.3092,512.3304
717,494.8112468,0.45142445,29.434803,0,0,20651.725,26062.617,27514.535,0,0,29.57887
645,232.9195069,0.45178926,3516.1643,3090.0264,4067.876,475.22937,928.90564,585.2076,2761.7295,3420.5793,3093.8792
435,142.9910797,0.45194212,1888.1145,931.0189,1832.5491,424.52417,804.5277,765.102,1545.8923,1545.012,986.92444
388,311.9301078,0.4524757,1402.6711,2608.2068,2935.9944,69.61452,0,28.860527,2319.8474,2616.637,2474.757
295,180.0871232,0.45477757,74.998634,243.80447,498.91895,18111.771,18244.273,19142.053,260.82568,70.91548,319.6991
307,362.8848572,0.45603192,2559.4207,1793.4098,2514.9456,49.69249,66.2175,68.828125,1191.4119,1408.7007,1368.9591
709,276.872366,0.45642006,0,24.622429,0,20818.842,22296.398,25681.098,0,0,0
586,562.7985566,0.4564467,0,0,42.285007,15333.855,17722.83,18225.303,0,0,0
581,462.8625382,0.45723867,35.05419,0,22.721062,105633.58,100305.914,72528.98,0,0,0
745,368.8920626,0.45762497,1634.3715,1117.2098,287.97424,113.71333,43.136414,50.92576,733.60986,1600.4667,1263.3082
238,161.0174538,0.45784485,87.2602,90.50097,143.7444,270.70123,840.92944,873.9084,191.32053,108.41112,143.42451
643,404.9172398,0.45805922,1666.4982,1366.1125,2044.3309,0,301.8717,105.19685,1232.4115,1994.7118,1514.8057
612,436.8802847,0.45906124,2333.9612,1625.2772,2257.2783,0,65.68045,45.3565,1387.2234,2256.7449,1626.8325
280,147.1136737,0.46065807,239.60135,329.08694,313.88538,5404.89,6357.0957,6448.5664,201.34633,116.927155,435.25165
492,349.891125,0.46159533,561.4346,1196.5118,1344.8547,167.96704,296.24124,99.87503,1228.9218,1120.5505,1453.7216
373,322.8880581,0.46178,2643.1917,2372.6255,3040.9763,517.785,487.75287,118.62636,1775.6849,3014.1826,2107.6533
343,200.9526697,0.46179995,2985.401,2368.647,2726.0063,273.87427,146.30289,163.8706,775.40204,3013.0347,2375.751
302,340.9327108,0.46180874,6402.9614,5870.11,6671.225,4994.193,5751.4194,3608.051,4938.613,6081.446,5518.167
328,333.8952829,0.46246037,21097.047,18035.889,19939.545,5697.7954,4567.27,2359.1018,14289.97,18795.074,16292.865
305,288.9221208,0.4624673,77731.88,69362.09,78612.42,35324.67,34440.527,28134.174,59716.68,70740.77,65657.05
700,108.9502285,0.46265948,34.643005,29.592762,36.81038,4614.708,4170.765,4083.366,40.318462,82.79057,59.04771
285,169.0946364,0.46295324,33.566498,61.56362,36.033123,1657.0724,1791.9248,2010.316,0,34.72277,75.26652
521,886.7644975,0.46340913,46.018616,0,0,7578.4434,6767.4526,2796.8828,0,0,0
535,615.8288798,0.46376663,2502.396,1470.9147,2698.0723,352.6787,41.172424,66.77452,1214.9962,2021.3364,1496.0748
412,472.9028415,0.4637858,6180.306,4518.897,6182.922,269.7421,130.04144,76.945465,3687.6418,5741.799,4358.8594
422,696.8481408,0.4637717,5290.859,3217.6665,4897.2417,524.9031,443.69315,81.27232,2600.7393,4284.6396,2939.161
347,265.9076082,0.46383652,9658.112,8693.216,10292.461,1837.012,1670.6565,1556.8586,8399.781,9336.1875,8405.868
467,902.7314394,0.46384493,0,39.310905,0,6379.4766,6313.865,3854.3901,0,0,0
570,176.9363476,0.46429187,0,0,33.289307,6301.931,5281.3154,3388.829,0,0,79.75992
554,354.8960414,0.46430662,1809.6031,1395.3453,2081.2363,65.66096,87.722916,0,710.8074,1747.3033,1760.689
480,254.8997313,0.46432957,2389.0874,1935.9706,2194.0789,159.06958,88.0605,0,1606.5771,2221.1284,1883.3287
590,682.8004574,0.4642905,0,0,0,22649.037,21188.748,14088.64,28.115921,0,0
636,362.8909823,0.4644227,964.1843,1764.805,616.75586,0,55.710686,0,1191.4119,636.7633,393.21155
477,479.8535725,0.464434,7491.4873,5561.593,7103.2485,1055.2001,491.3997,137.03188,4691.44,6891.6694,5282.106
376,469.8703781,0.46443847,2011.53,1283.0803,1936.729,0,63.850883,0,1313.114,1601.718,1392.6761
299,164.9304347,0.46448326,18982.766,18442.672,18640.584,6118.779,5525.68,2662.3787,15430.192,18075.016,16773.717
400,376.8786463,0.46446595,1218.4766,1002.8451,673.6766,179.7057,162.08981,155.99625,824.8717,587.8755,376.68057
342,356.909486,0.4644687,33678.582,27549.51,33281.434,15667.902,15098.617,12093.765,23915.031,30201.494,26388.201
345,308.8904334,0.46448672,2354.1624,2974.6697,3254.123,1287.3405,765.02423,1255.6532,1146.3071,1154.8113,2821.8062
433,293.902872,0.46452257,4754.037,4839.386,4912.874,574.8769,921.5537,562.9222,3809.8623,4639.1333,4040.4656
403,304.9419808,0.46455505,1625.5563,1216.4467,1891.7499,0,69.26558,98.05996,1060.2649,1369.9043,1325.8268
585,546.8261822,0.46492267,65.15177,0,0,37015.918,40999.11,31547.639,0,0,0
598,834.7448316,0.46490902,0,0,0,10751.189,9979.741,6730.9043,0,0,31.878155
413,474.9412754,0.46506992,4478.221,3046.9136,4145.205,175.88045,260.0144,0,2443.778,3709.2876,3108.513
411,451.860058,0.46510088,5342.3857,3630.7168,5224.812,338.67758,475.61334,128.71457,3082.92,4191.115,3523.5198
534,544.8958885,0.4651085,2344.788,1477.683,1941.0237,512.3401,556.6453,260.65356,1319.2087,1941.1255,1541.5283
357,492.884708,0.46511915,17379.688,12149.278,16828.969,5059.6733,4923.842,3248.5144,10207.21,14608.243,12466.3955
414,482.9295361,0.46512958,5410.484,1622.0425,4823.4717,65.582695,178.90413,122.48789,1474.4321,3414.7295,1987.6947
374,476.9083429,0.46513095,3553.5352,2479.1035,3924.4219,1568.4061,1430.6267,533.5442,1958.8744,2959.8364,2574.1436
354,361.8906107,0.46514553,22863.377,19400.479,21989.234,5217.173,5299.23,2459.641,16783.332,20938,19037.299
427,429.8780096,0.46514136,3996.7786,3418.2476,3960.8962,627.4699,131.23318,143.3227,3010.999,3879.0488,3252.8604
377,537.8583527,0.46530065,2098.6245,1373.8242,2407.3606,0,106.128235,0,1423.1567,1871.0734,1604.0878
404,226.9303925,0.46575943,8961.5,5228.5806,8285.93,1486.7069,985.0824,172.50333,4078.7773,6965.94,5347.396
384,510.8580636,0.46576527,2368.5447,1462.7173,1902.9276,954.6221,978.1638,419.75436,1327.151,1608.6703,1298.5483
360,488.8743989,0.4657699,4927.69,3746.4285,5286.494,432.6344,1347.6497,694.3767,3256.1191,4144.529,3662.6807
406,352.8990257,0.46578673,6823.1406,5668.711,6373.53,1281.209,1003.23474,1000.864,4523.3384,6033.0464,5798.618
383,140.0685527,0.46581453,42326.434,31762.984,42116.117,16538.852,16740.309,13113.954,27838.195,36886.406,31211.963
419,628.8611862,0.46577194,7555.4985,4493.3535,7109.111,1289.5913,821.3858,707.76184,3709.6853,6515.8726,4840.471
503,560.8728919,0.46578673,10730.642,7385.6875,10243.887,2231.5273,2514.3645,1784.8948,5657.128,8747.492,7280.949
1058,383.8721708,0.46580622,4972.661,4149.6675,6150.342,621.66785,567.0952,227.26053,3232.9277,5636.4097,4596.9785
416,519.8478844,0.46579283,4543.8384,2957.8025,4171.417,194.73912,138.56036,0,2598.5315,3506.4478,3099.6792
506,444.8658645,0.46580204,1291.8701,664.18335,1143.4987,109.34889,213.88022,234.89267,542.50305,783.74756,705.2549
425,770.8531801,0.4657738,45204.168,17111.225,36867.645,1802.3037,575.49133,211.26741,12546.909,30233.7,20044.43
496,374.9248872,0.4658241,500.13202,147.989,947.04926,0,0,0,520.40894,596.49884,342.7737
375,379.9182293,0.46583965,4648.5044,3460.986,4572.7397,0,0,0,2812.37,4190.6655,3384.7544
352,686.8931551,0.46582127,2049.2485,485.23947,1710.5621,0,0,0,122.844986,1171.8655,594.3633
600,954.7472176,0.46582747,0,0,0,5496.082,4335.929,2167.6106,59.865868,0,0
379,872.8354274,0.4658428,5226.213,1400.8854,3653.017,0,0,0,1392.2343,2920.6265,1810.3562
660,410.8520547,0.46607012,31.915009,0,69.1275,61335.742,67827.766,64009.633,0,76.73392,38.73562
387,294.9395399,0.46643052,132741.08,82357.74,126410.4,34577.125,26395.99,15420.09,65673.46,104771.586,80897.21
402,158.9640225,0.46644485,290875.78,200599.55,279754.5,135356.56,116534.516,131659.31,162999.69,248564.27,189249.22
415,420.8863821,0.46642378,7769.2075,5676.4014,6942.8154,659.37646,625.27826,331.2819,4732.516,6419.004,5853.8994
390,498.9022966,0.46643052,169429.39,82864.16,155012.5,26167.28,19102.193,8697.181,65067.32,122797.37,87131.63
444,364.9314236,0.46644485,7140.7983,3736.5999,6301.213,1154.2097,722.0823,339.6917,3225.6748,5750.3423,4186.959
391,440.8704681,0.46644485,9744.452,8185.238,10072.705,14243.332,14904.675,11551.687,6294.5557,8541.476,7985.427
474,547.8400858,0.46644625,2824.9634,1838.3324,2359.7136,443.89465,256.48175,472.51562,1423.3135,2449.88,1895.4363
543,612.8846363,0.46644047,1678.7734,966.5379,1314.1317,283.5576,252.58864,137.41573,500.69965,1064.5513,1006.0723
429,497.8652122,0.4664712,5169.704,4089.3975,5202.62,188.72104,409.83038,333.49042,3572.4473,4633.5107,4240.7104
618,306.9374307,0.46658373,2282.703,1885.543,2404.052,200.59981,99.44101,0,1798.9758,2127.675,2212.8557
553,828.8109816,0.46654543,714.56055,704.30426,1215.6176,132.3135,78.874374,0,659.73865,1406.3181,463.00772
448,838.8408681,0.4665496,34401.348,11434.433,28016.57,912.3224,244.1188,0,8879.209,21240.764,13069.593
580,680.8712083,0.4665712,534.70984,529.276,711.00793,73.702866,67.54008,0,455.8228,856.4634,696.9361
424,736.8608255,0.4668275,10182.235,3219.8208,8480.346,0,0,0,2328.1072,5695.497,3744.3274
436,226.9520161,0.4670872,1206835.4,785944.6,1167853.2,361825.56,295702.16,182655.27,610167.9,1023498.56,799358.44
437,362.9269603,0.4670872,330429.06,181853.66,304578.66,68179.55,53530.496,28423.693,144628.75,256673.89,186151.62
438,430.9147238,0.4670872,309940.7,162441.34,277229.06,55513.242,39116.637,20187.662,125804.61,229966.28,166640.64
683,168.9669363,0.46712583,3435.9482,2801.4807,3250.5017,410.41766,247.30685,285.1402,2084.6787,3236.708,2472.0034
440,566.8907888,0.4670872,122268.28,55710.438,107032.07,15979.671,10188.589,2726.8162,41333.496,85287.805,58304.477
386,275.8916075,0.46711916,49698.664,46931.94,48631.797,21430.703,13066.885,12509.824,39839.996,46870.344,44657.812
607,343.8795611,0.46712077,3772.5796,2849.3345,3171.059,703.41797,430.99265,510.6798,2479.694,3289.6382,2888.2124
385,624.8500907,0.46709278,2700.5496,2080.4238,2879.6367,1566.3866,295.482,233.46759,1653.6901,2375.2795,2020.6722
442,372.8828467,0.46711963,11204.559,8913.717,10777.828,17893.76,17286.607,16262.646,8110.4014,9909.369,9215.282
466,456.8413425,0.4671136,3296.8684,2218.3574,2778.5977,10041.766,10755.675,9652.08,1854.5143,2576.1946,2345.9307
547,655.8254558,0.46710172,1805.7124,942.16534,1426.1693,97.88135,213.31491,104.947075,487.4787,1284.1738,791.6841
394,442.8699555,0.4671402,3947.6594,2357.2961,3781.131,895.19904,1250.9362,1577.432,2302.1196,3481.1624,2563.509
306,132.987576,0.46718562,1134.4832,977.48956,255.2175,141.55124,179.2924,41.19953,729.7234,351.37466,1244.1971
574,312.9117396,0.4671946,52.86402,74.82315,112.59932,6400.9536,6049.1787,4082.8245,0,62.590088,52.711998
447,278.9657334,0.46727744,3005.0325,997.9857,2403.1946,387.3509,293.93076,0,969.36847,1667.2567,1156.5256
704,918.7095195,0.46724522,0,0,0,4389.1836,4442.4463,3845.4185,35.75412,0,0
483,414.9410865,0.46731782,8534.442,2500.1045,8143.5537,638.7649,432.01855,0,2903.442,5384.6353,3238.58
523,938.7761796,0.46734518,0,0,0,4002.535,2842.3074,858.2684,46.78748,0,0
463,194.0328829,0.46760657,0,0,0,5696.9316,6559.0303,7790.6846,0,0,0
445,556.8626283,0.4677275,3442.6458,2523.7725,3520.638,971.6136,1045.7477,279.80728,2177.6558,3363.4045,2797.1853
505,306.8949582,0.46775872,8932.844,7517.8135,8392.857,3332.2283,6308.102,5638.4995,6503.736,8763.095,8155.6587
459,411.867563,0.46775457,11091.032,8806.406,10671.927,1030.6343,894.0528,490.51505,7257.232,10100.733,8526.178
454,634.878794,0.46776336,84924.61,34849.836,72754.07,7752.2876,4185.8174,1501.2694,26333.15,56766.77,37317.938
469,304.8953138,0.46780506,25403.564,22736.727,25669.477,39163.055,41503.934,38892.55,19913.578,23536.795,21479.271
470,508.8581465,0.46779668,6169.207,3946.3638,5712.2275,9956.011,8438.018,5652.115,3810.4165,5215.829,3921.8071
456,576.8461923,0.46780384,3467.2063,2652.4963,3488.336,5362.1895,4366.748,3180.3545,2029.0006,3002.1072,2311.763
476,225.9152069,0.4678423,98644.18,94249.086,94791.914,41255.605,40806.918,35246.797,82015.695,89373.555,86641.32
457,644.8340461,0.4678092,2118.2979,1338.8855,2182.531,2665.3638,2522.0012,1461.1102,1399.7478,2200.1194,1716.6366
381,744.852144,0.46782267,3168.2031,1694.8782,2522.4287,0,0,0,994.5716,2335.781,1586.3561
674,512.78519,0.46786374,0,0,0,1164.171,1346.3363,2477.1833,0,0,34.1614
500,812.8394917,0.4678518,1812.6965,1180.882,1716.0798,0,0,0,360.16287,1622.6189,1246.1328
417,587.8377379,0.46804208,2290.7405,1596.9912,2408.279,110.10933,276.3897,0,1619.6587,2115.9392,1660.9626
420,633.8404273,0.46804336,2425.725,1801.5029,2160.8535,290.49542,125.83484,0,1235.6045,1924.263,1647.6658
619,565.85243,0.4680689,3178.2385,2082.2332,2852.591,115.29965,199.05179,0,1608.5669,2515.149,2112.03
491,550.9168902,0.4680707,4062.8464,741.6366,3619.5825,174.555,0,0,841.0451,2613.8213,1157.0579
657,388.8537594,0.46841872,4393.866,3144.5771,4049.734,9783.83,11010.284,10806.503,2617.3696,3765.6638,2951.435
616,336.9277911,0.46843678,4960.2563,3505.075,4936.633,283.3418,324.37512,81.23725,3273.233,4152.8477,3704.9463
504,374.8824556,0.46843815,4323.247,3183.4343,3423.1843,1254.4336,2891.428,1284.6493,2475.6475,3732.8384,2882.1826
567,578.8464551,0.46842256,1342.9849,489.83017,976.50726,400.1602,429.98572,336.886,746.0386,1017.4062,886.68384
731,321.898571,0.4684673,4363.222,4410.1777,4281.22,320.0159,161.90445,313.00415,3477.7458,4120.0806,3789.6401
644,220.9350894,0.46848515,68588.01,68976.76,71458.38,27003.838,15045.293,23223.846,56838.02,63447.973,60037.832
451,760.82317,0.4687366,1847.4229,1097.011,1765.0144,229.61557,185.95737,0,860.5687,1587.1194,1041.8411
308,376.9429953,0.46881676,993.9215,384.0183,690.2665,0,0,0,268.50278,533.7447,312.7005
528,226.9823211,0.46885005,643.9522,366.39465,1727.5543,0,0,0,1278.2014,1496.1536,1425.1547
311,738.8427688,0.4688519,990.3276,178.03333,424.721,0,0,0,75.07588,134.1695,191.45819
364,196.9616722,0.46908352,8493.468,7896.7563,8152.251,1585.5256,1083.56,1050.4703,6853.9536,7500.404,7165.664
336,236.9075886,0.46912867,10488.883,11512.598,10332.5,9313.48,3400.689,11200.802,9142.784,10265.456,10023.343
446,702.8661104,0.4690844,65944.75,26496.72,56958,4697.468,2140.0793,837.4655,18715.123,42791.117,27719.408
507,650.8531981,0.4690944,1578.3147,932.5048,1602.8649,17795.969,14361.66,5693.4644,662.55,1452.6934,692.82446
550,514.8770181,0.46910965,3778.6594,2670.869,3417.3816,54895.434,42699.656,23012.549,2014.1398,3796.1165,2623.1729
603,367.9644554,0.469635,0,0,0,2196.4604,2694.8816,3350.1226,0,0,0
576,394.8746977,0.469635,0,0,0,121099.64,119887.82,94452.65,0,0,0
582,464.8610245,0.469635,0,0,0,17442.865,15752.854,11465.321,0,0,0
632,516.8761215,0.469635,0,0,0,5117.472,3798.428,1864.8849,0,0,0
583,530.8500749,0.469635,0,0,0,59955.777,52468.55,34974.24,0,0,0
584,532.8487907,0.469635,0,0,0,9458.453,8603.56,5499.1743,0,0,0
587,598.8380977,0.469635,0,0,0,40481.047,33536.54,19922.734,0,0,0
588,614.8127825,0.469635,0,0,0,29488.766,29171.453,21458.309,0,0,0
608,632.7846487,0.469635,0,0,0,4139.953,5184.246,5072.5938,0,0,0
589,666.8262464,0.469635,0,0,0,25701.094,22167.309,11504.159,0,0,0
513,668.8258942,0.469635,0,0,0,4012.7358,2926.7615,1339.7388,0,0,0
591,684.7990486,0.469635,0,0,0,4817.5674,4490.921,3499.3132,0,0,0
592,698.7737199,0.469635,0,0,0,11915.805,13919.78,11477.833,0,0,0
514,708.8083299,0.469635,0,0,0,3097.9197,2614.6675,315.94708,0,0,0
594,750.7872315,0.469635,0,0,0,18341.416,16138.5,9277.329,0,0,0
597,818.7751375,0.469635,0,0,0,12671.181,10734.453,6228.916,0,0,0
599,850.7212931,0.469635,0,0,0,5273.327,5767.1846,4601.7065,0,0,0
563,970.7228363,0.469635,0,0,0,4990.2285,5125.011,2138.8318,0,0,0
602,310.9133524,0.46974272,4434.558,3859.746,4551.718,86326.52,76853.14,54359.633,2960.7646,5043.0024,4171.331
723,457.8724421,0.46972954,4659.119,3855.2913,4153.942,234.06175,208.81381,140.29913,2952.697,4224.61,3902.4243
604,446.8887942,0.46975523,7427.512,5379.434,6817.517,108218.69,90966.88,53799.01,4641.971,7194.9062,5636.315
617,608.8774144,0.46975398,5088.95,2700.3284,4431.524,266.84445,0,0,2013.1433,3480.48,3245.808
453,253.9100567,0.46980846,19597.107,17374.34,17297.805,7142.6387,7022.3896,2257.6255,14329.517,18489.969,15868.827
621,389.8853009,0.46981642,1254.541,1421.6306,1650.6237,0,0,0,1167.0211,2095.3083,1186.0781
520,754.8797749,0.46978447,1479.9901,165.9096,822.10986,0,0,0,85.02922,885.0557,385.44403
614,525.8607469,0.46981296,1244.8081,1175.6616,1194.7449,0,0,0,774.0798,1037.0304,748.9673
502,618.906869,0.46981397,2692.7769,473.9454,2350.9773,0,0,0,440.10968,1041.4083,768.4026
564,1006.76229,0.4698158,0,0,0,2746.6226,883.43567,164.04425,0,107.758835,0
624,242.9259617,0.47041887,23537.713,18946.623,22792.38,467072.53,425519.72,325804.7,16020.973,23826.912,19379.816
626,378.9010867,0.47041887,7994.9497,6129.3223,8489.726,134932,116777.05,76961.2,5139.5063,8630.302,6836.393
439,524.8293478,0.47043812,2205.339,1361.9625,2117.2954,8362.714,6146.26,5127.315,1465.5406,1860.2794,1554.3706
579,448.8877194,0.47077665,159.31586,0,0,9388.623,7636.8867,5026.5957,57.917023,292.15067,79.711464
647,422.8840418,0.47080627,2138.911,1524.6001,2034.6088,0,0,0,1371.6353,2033.9333,1523.2167
601,210.9783038,0.4710641,10533.592,4770.113,10935.036,2911.0527,394.97275,611.2958,4696.8364,7358.225,5698.111
610,292.9150842,0.47105947,1641.6991,1323.6187,1820.8988,192.647,233.75542,162.33122,1189.2291,1385.3805,1450.5541
548,592.816912,0.4710946,1582.5527,821.00037,1032.6519,4631.229,4904.496,2492.8074,874.72754,884.7856,840.1607
651,124.9229603,0.47159895,0,0,0,33699.21,37155.258,38157.89,0,0,0
653,218.0428431,0.47159895,0,0,0,52901.117,50337.508,50371.723,0,0,0
654,236.0800844,0.47159895,0,0,0,19929.906,19537.676,18338.25,0,0,0
656,260.8974623,0.47159895,0,0,0,34536.96,34493.13,33569.734,0,0,0
668,208.8841022,0.4716107,0,0,0,2368.7183,3234.124,4563.4326,0,0,0
661,480.8345857,0.47159895,0,0,0,14712.699,15265.968,12160.868,0,0,0
662,496.8083499,0.47159895,0,0,0,5734.4336,7299.028,7724.428,0,0,0
663,564.7964303,0.47159895,0,0,0,4686.325,5472.9336,5625.52,0,0,0
606,578.7722926,0.47159895,0,0,0,3335.3286,5264.206,6185.9644,0,0,0
695,472.817544,0.47161627,0,0,0,2563.1533,4455.93,5104.1377,0,0,0
665,548.8226716,0.4716107,0,0,0,9095.9795,9517.242,7463.7876,0,0,0
703,700.771198,0.47159895,0,0,0,3896.33,4265.4053,3512.6797,0,0,0
565,1022.735551,0.4715698,0,0,0,2978.731,2464.3433,682.33014,0,0,0
560,752.7862004,0.4716107,0,0,0,3980.339,3670.685,2147.975,0,0,0
666,782.7344054,0.4716107,0,0,0,4648.511,6084.804,5808.6455,0,0,0
682,106.951101,0.47174066,2694.4585,1902.3717,2866.9243,64837.617,61809.05,52122.84,2278.8066,2766.2048,2521.9502
494,718.8406096,0.47174877,988.8416,340.6882,873.63763,10713.556,6863.24,2921.2842,260.77,1250.978,359.58826
725,786.827746,0.47176683,666.0263,330.40167,415.64108,7476.5034,3803.0134,1708.4943,205.7137,665.1176,514.3208
481,346.9528311,0.47181106,6219.0083,2238.3179,5762.5215,234.3198,194.03987,0,2151.7307,3875.02,2764.6436
698,142.9485165,0.4718939,10193.652,11472.369,10713.325,1958.595,2114.1309,698.37646,9195.705,10821.443,10845.043
516,602.869995,0.47186637,1215.7046,162.21425,132.69525,0,0,0,244.68427,187.43384,295.09082
627,320.8662164,0.47241205,5980.074,4328.6055,5880.621,20149.6,22221.852,24131.766,4254.9116,5253.5317,4230.1978
595,766.7580388,0.47290426,0,93.28896,0,12373.569,12636.346,9389.295,0,0,0
706,190.9121332,0.47357464,0,0,0,67614.01,74072.17,74684.875,0,0,0
707,206.8861379,0.47357464,0,0,0,14879.603,17716.625,20792.42,0,0,0
708,274.8734403,0.47357464,0,0,0,96319.195,107645.516,116041.13,0,0,0
670,292.845573,0.47357464,0,0,0,2412.245,3181.298,4814.8105,0,0,0
713,344.8591293,0.47357464,0,0,0,8312.57,8334.354,9537.648,0,0,0
727,404.8299677,0.47357464,0,0,0,2182.5737,4145.654,2920.3484,0,0,0
716,478.8363216,0.47357464,0,0,0,61820.727,65949.484,56277.02,0,0,0
718,510.7841925,0.47357464,0,0,0,4536.627,5934.5444,7354.0454,0,0,0
721,630.7864099,0.47357464,0,0,0,15443.925,16686.71,14283.682,0,0,0
722,646.7603186,0.47357464,0,0,0,4935.3677,6018.0815,6384.502,0,0,0
679,648.758431,0.47357464,0,0,0,1144.429,2144.3499,2416.302,0,0,0
696,714.7471023,0.47357464,0,0,0,4479.081,6090.205,6274.9927,0,0,0
680,716.7441201,0.47357464,0,0,0,1156.5884,1722.5405,2409.3774,0,0,0
678,580.7708667,0.47361842,0,0,0,1578.8129,1853.9,2176.4429,0,0,0
762,443.8147823,0.47367254,0,0,0,1178.3903,2172.1526,3010.5317,0,0,0
741,174.9384519,0.47380993,3035.2537,3171.209,1427.9619,79174.55,77884.62,61949.473,2370.1992,3426.3828,3091.9924
562,870.7893776,0.47438344,0,50.327805,0,6833.024,4742.352,2111.0745,0,0,0
714,358.8365476,0.4751253,0,0,34.00107,7012.4824,8619.071,11198.926,0,0,34.649887
519,802.7986114,0.47547117,32.546265,0,0,10307.238,8211.827,3311.32,0,0,0
751,262.0690368,0.4755559,0,0,0,34048.008,35579.902,33241.75,0,0,0
752,266.1600908,0.4755559,0,0,0,49004.176,49557.414,49148.344,0,0,0
694,360.8336324,0.47559413,0,0,0,1856.5037,2871.1982,2724.3113,0,0,0
593,734.8167757,0.4756864,81.62717,0,0,17915.879,13932.242,6424.043,0,121.58739,0
805,137.0697395,0.47651222,500.13385,375.86642,259.7297,1728.9315,3667.0923,3628.7031,682.4927,382.79678,365.45065
712,342.8629707,0.47674012,0,0,33.468864,35554.566,40591.7,43091.312,48.40165,52.87809,36.016037
398,352.9835029,0.4768556,111.60701,201.25723,143.00525,0,0,0,517.9455,165.19292,95.875946
664,616.8122822,0.47695607,42.519318,0,0,7310.412,6736.8843,4577.1094,0,0,0
559,736.8112135,0.4769773,0,0,0,2280.2615,2104.5818,926.0176,0,0,29.879314
577,396.8726845,0.4774012,0,0,0,18403.5,18160.467,14882.966,0,50.637733,0
764,196.8781231,0.4775851,0,0,0,1323.884,2396.1223,3769.9695,0,0,0
758,342.1397742,0.47758165,0,0,0,7421.1035,7534.9507,7146.8984,0,0,0
766,227.955263,0.47804832,44672.605,30411.121,39878.395,14323.9795,10396.621,5870.2637,3998.267,34244.37,26932.373
332,200.0411442,0.478548,0,118.80852,0,21663.76,20797.195,18239.576,0,34.75656,0
788,150.112875,0.47928396,39712.977,38027.438,37147.46,18914.36,19881.555,8526.434,31061.225,17668.088,32373.828
768,257.8628099,0.4795629,0,0,0,13172.055,15590.971,17241.957,0,0,0
767,336.8407108,0.47999245,0,0,0,5379.1455,5231.9976,8386.443,46.586517,49.861595,0
770,246.0956237,0.48034188,0,0,0,15858.377,13480.865,14748.829,0,71.53369,0
777,150.0142228,0.4811507,3034.9536,2881.2466,3312.1133,15823.34,15623.415,11167.637,2063.7341,2736.2327,2608.2366
371,220.1063036,0.4814284,75.307816,91.16147,38.62521,2892.5862,2697.1038,754.34314,89.96423,118.86673,40.80903
426,351.9896078,0.48155856,0,0,0,5143.2354,5641.3066,4334.4507,0,0,31.772398
772,364.1217446,0.48163366,0,0,0,5890.0713,6203.04,3649.2834,0,0,0
486,724.7817932,0.48294216,0,47.54029,0,4525.6484,2497.9946,1351.5704,0,0,45.72715
783,180.9043515,0.48410183,109.54852,164.05386,205.65413,5789.17,7303.3057,6545.5156,166.43222,263.9084,383.1085
705,122.9250312,0.48453605,111.29823,78.65481,48.805084,229664.6,255234.98,255296.56,38.818855,127.03032,124.58688
779,106.0868418,0.4845502,18026.152,30941.318,10316.132,569.31647,784.2954,1770.8805,2395.7952,1879.9276,2719.4485
575,328.8830178,0.48578387,0,36.481735,0,11615.351,11493.09,9686.152,0,0,34.93048
652,198.1238967,0.48615366,52.83433,57.87082,60.666008,11075.227,11961.366,9720.839,51.81099,114.11362,44.813065
578,412.8470423,0.48782694,0,0,88.63995,13600.585,15040.814,14096.297,0,0,0
939,280.0925202,0.48817444,75.04874,62.57342,48.572166,443688,452335.62,414429.94,42.604115,36.388844,64.967545
791,152.9475027,0.48857328,55094.242,41620.5,46384.28,18455.803,8370.318,16893.74,41381.285,39380.04,41572.35
756,128.0694972,0.48947987,5642.6646,7967.6963,2548.3486,1797.4087,1387.1116,203.26561,189.94751,115.687164,294.62375
605,428.8191682,0.49081343,0,0,36.009125,3881.9854,5123.627,5855.401,0,0,0
370,178.0590941,0.49534574,59.383034,156.33215,81.93879,35923.117,35004.36,31753.264,192.9599,88.48416,94.00292
810,164.008633,0.49572334,0,0,0,4075.1863,4187.0493,4021.3599,0,0,0
822,244.9230799,0.4966404,441.37872,1375.3993,1740.3168,32783.89,28616.723,22598.568,1384.196,1530.6051,1218.3197
750,162.0764743,0.4973404,1294.021,1268.9606,934.3992,23548.666,25331.91,27463.207,615.23895,264.52954,497.41464
809,148.0373914,0.49788496,30.78426,56.875687,0,9723.958,10062.162,6695.9263,0,43.182327,27.225224
659,380.8963972,0.49823862,97.826004,442.35236,154.41559,11361.895,9206.607,6234.0747,464.50586,1451.7006,336.95282
1235,140.0621074,0.49985346,24.86802,73.5634,132.47623,14487.715,13849.633,15586.328,116.19487,42.5542,94.4836
793,104.1077023,0.50064415,6493.629,2820.1553,10553.437,10068085,10776250,10348523,4529.334,3549.3533,4142.386
950,353.872277,0.5007423,4860.355,4944.138,6025.6235,279.2788,123.462494,190.39925,5932.7266,5569.7744,4684.7593
1263,115.0378367,0.50180024,256.004,193.28825,143.92883,22960.219,24130.05,21256.305,339.76413,224.64471,186.67143
828,365.1062661,0.50351113,12090.918,9652.075,13608.308,3673709.2,3760503.2,3557110,9290.9,10002.959,10099.502
509,144.0644554,0.5037717,25323.977,23093.154,29584.988,68076.94,73326.734,73246.98,696.14233,821.4914,729.0772
555,395.8797705,0.504278,0,0,0,6144.8335,5973.4106,4780.784,0,35.48039,47.46981
711,326.8840638,0.5069476,0,0,56.022686,82785.72,82716.71,71843.266,25.43947,0,52.913605
1088,262.921014,0.5075048,469.77844,1029.7377,1598.1577,210.66162,278.00085,303.24454,1428.9452,2750.6187,1548.2026
891,176.9802235,0.5080509,83.875626,226.25423,84.70752,0,147.7858,118.93323,159.57013,585.0792,305.94476
655,258.8975114,0.5101002,315.93262,387.31772,842.83453,246509.05,259695.89,235379,416.77197,759.0927,526.5544
854,177.024904,0.51150197,0,0,0,87638.83,87544.664,67765.27,0,0,0
855,191.0404995,0.51150197,0,0,0,87818.98,85235.77,67889.53,0,0,0
856,207.0145107,0.51150197,0,0,0,49453.625,53715.348,45952.16,0,0,0
857,222.9883857,0.51150197,0,0,0,9086.365,11276.145,10720.901,0,0,0
852,347.0351358,0.51150197,0,0,0,3222.2803,3354.3987,2796.7156,0,0,0
1036,369.8465963,0.5121502,195.7439,519.4394,383.5334,303.10248,276.82587,382.69708,312.8629,265.65942,129.47012
859,203.053093,0.5128053,20093.168,21065.533,34871.227,807518.1,666510.9,723223,31241.008,22005.426,31827.621
1067,280.9324216,0.5131888,1296.3026,2411.2603,4239.398,52.532555,0,38.08943,4524.0474,6864.4253,4971.8296
871,345.075875,0.51640946,0,0,0,8696.397,7545.0903,4523.0903,0,0,0
1005,219.0273653,0.5164382,452.0445,328.06845,301.96262,86353.28,84057.13,78561.31,157.7547,336.8605,184.66148
1109,176.0127216,0.5165823,0,33.391846,0,11277.972,15404.532,15825.152,45.99016,35.469467,38.37458
1087,160.0366928,0.51788557,0,0,0,35552.19,39793.273,37807.867,0,0,57.059414
572,202.0705251,0.5180021,40.331753,42.60334,45.50537,40880.26,40861.926,37395.297,48.17016,38.420273,38.797398
796,105.1109614,0.5181578,89.839806,38.811157,67.91415,552718.2,584812.6,556766.5,47.513393,93.10275,79.12625
878,288.1055389,0.51884407,0,0,0,19171.072,19965.023,17899.188,0,0,0
879,296.0662865,0.51884407,0,0,0,284303.25,316433.66,344750.44,0,0,0
881,304.0803579,0.51884407,0,0,0,10828.185,13405.402,12996.208,0,0,0
882,323.0943976,0.51884407,0,0,0,6429.0615,6704.4624,4988.978,0,0,0
832,156.0772478,0.5195639,2947.2346,1869.2299,4207.2183,164138.48,168618.78,214202.23,4697.603,2822.9626,6099.8916
933,169.0587383,0.52062434,65.414185,0,0,540114.5,527870.8,463449.44,36.120018,30.56205,39.773636
1030,364.90053,0.52124965,0,94.449715,366.58072,0,0,0,119.39778,555.2373,229.56587
905,116.0346724,0.52269834,0,0,0,38198.24,37382.582,33978.93,0,0,0
907,171.0168839,0.5226982,0,0,0,51508.965,51999.91,51768.535,0,0,0
949,235.9049806,0.52279633,8896.771,10908.589,12365.391,989.97864,267.05777,290.90857,12124.723,13319.587,12366.436
986,221.0429209,0.5236387,0,36.79606,0,16349.983,11117.737,11689.754,33.9368,553.0843,0
1188,367.1113283,0.52435917,0,36.342613,39.483543,108043.78,107632.01,101641.31,0,0,26.80243
1177,381.0802079,0.52442914,183.03859,44.006874,71.64065,1006769.94,1075778.5,1051523.5,39.364838,67.5882,43.313694
921,214.0591848,0.52462536,0,0,0,4656.556,6157.3027,4187.9287,0,0,0
938,279.0478083,0.52462536,0,0,0,20212.352,22415.445,21633.908,0,0,0
922,290.0652442,0.52462536,0,0,0,4419.858,4275.4688,4010.733,0,0,0
941,293.0835951,0.52462536,0,0,0,7901.283,9097.973,8001.687,0,0,0
918,309.0590509,0.52462536,0,0,0,3234.8628,3731.1624,3112.4863,0,0,0
947,333.0692974,0.52462536,0,0,0,5606.007,6787.438,6188.0083,0,0,0
1134,202.9542663,0.525137,2085.6365,3200.3545,3993.0447,222.89508,48.932373,294.45767,3875.9497,4851.908,4231.361
1108,329.8573114,0.52601415,113.27578,225.53555,453.0432,84.677704,0,0,754.8303,807.03674,597.30084
930,151.0472074,0.5283018,0,35.270645,0,60815.176,64899.35,52782.023,0,0,0
842,165.9849755,0.52845156,111.856,75.973495,43.578125,7276.3115,7827.1475,6407.2705,48.85269,77.64908,113.91235
969,455.1165665,0.5284796,0,0,0,55836.414,66370.39,65053.84,0,0,0
839,208.9719389,0.52908534,0,0,0,10410.607,11487.209,10902.157,39.00575,42.4507,0
691,205.0688074,0.52970135,857.0414,662.49414,1273.5306,112496.6,83628.9,75630.63,770.4149,22884.58,628.5086
1142,443.8450348,0.5300227,90.132866,50.543396,82.30032,0,0,0,222.75064,450.4991,198.69403
1010,313.882787,0.5301543,5441.141,8969.545,14429.494,270.8424,334.22983,0,12621.347,18012.168,13931.228
971,403.8560877,0.5303619,117.13088,287.0059,573.26025,0,0,0,380.33566,692.3772,358.60953
995,233.0633913,0.53040737,0,0,0,157338.08,102006.8,151670.25,0,0,0
996,249.0367856,0.53040737,0,0,0,28016.904,28459.045,32708.361,0,0,0
997,263.073984,0.53040737,0,0,0,54283.145,59743.48,53808.637,0,0,0
999,304.1004973,0.53040737,0,0,0,8563.098,8647.5205,8484.719,0,0,0
1000,331.1115118,0.53040737,0,0,0,34788.08,33375.344,27829.926,0,0,0
1001,347.0854739,0.53040737,0,0,0,12339.973,12408.806,12078.671,0,0,0
1002,417.1609491,0.53040737,0,0,0,12787.101,12253.206,14352.6045,0,0,0
1004,439.1428071,0.53040737,0,0,0,123886.48,134564.52,120922.06,0,0,0
965,258.1106665,0.53177905,843.10266,237.8235,1095.539,931797.94,1007987.56,997458.8,144.31342,317.20923,215.01668
1017,543.1346522,0.53233504,0,0,0,8915.048,8191.46,8564.329,0,0,0
975,337.11086,0.53237057,0,0,0,37106.508,30191.71,28965.402,0,0,0
976,563.2307144,0.53237057,0,0,0,3050.2407,6082.9727,4587.5283,0,0,0
1065,254.9499136,0.5331116,4039.4153,5815.61,7869.9,428.59998,1185.6849,387.13077,7519.0596,8872.536,7682.4478
1068,354.9101477,0.53335315,594.0417,809.1888,1605.5034,0,0,241.52666,1259.6117,1996.9315,1458.5068
1072,302.9147017,0.5334081,111.11299,167.88112,524.2571,0,0,0,328.84326,565.5012,518.8959
1078,326.9148863,0.5334081,736.2301,1029.2133,2230.6323,0,0,0,1761.9059,2779.0276,1941.3806
1038,381.8730132,0.5334084,2286.5725,3374.0913,6220.425,0,0,0,5021.2637,8403.666,5633.997
1081,303.9488832,0.53378916,428.41217,784.9504,1746.5216,266.86334,0,0,1581.2285,2841.8103,2013.7872
1048,527.1595899,0.53400934,33.926857,36.533913,34.26609,44927.883,46501.28,39862.797,0,0,0
968,132.0554202,0.534208,0,28.990826,0,5260.039,5349.324,6847.991,0,0,0
1085,404.892239,0.5344088,762.5766,1622.4852,3608.6726,0,0,0,2835.6794,5996.6626,3619.5767
1050,208.944286,0.53443235,19583.797,29510.695,38252.164,16724.7,13827.77,10477.267,37123.375,45100.637,40002.145
1099,286.9217824,0.5346749,1322.072,2414.5823,4557.456,290.1047,309.2265,0,4246.62,7144.2563,5033.072
1100,304.9322452,0.5350868,4311.592,8346.29,14063.059,1359.5637,1555.374,845.04626,13451.13,21472.67,15173.947
1059,235.963762,0.53512496,40.798576,146.96376,406.40356,88.044785,78.759186,0,487.47095,733.6437,348.9896
1080,230.9498008,0.53542715,387.55444,1084.8616,1600.101,0,0,0,1572.1938,1652.373,1569.7999
1117,213.9232933,0.53543246,2993.145,4425.9497,5596.638,684.2388,793.8111,0,5796.798,7096.6914,5853.9067
1060,405.8920821,0.53542715,78.778946,225.67169,704.13934,0,0,0,437.53568,1162.2405,800.81464
1090,293.0635919,0.53625244,0,0,0,84436.22,101394.93,107089.91,0,0,0
1132,185.9283123,0.53643,3863.1143,6044.9375,7788.4683,1887.6577,507.18045,439.02124,7665.4297,10134.859,8517.235
1102,245.8949633,0.5364383,48.07923,160.61551,467.0975,0,0,0,380.27048,787.72644,474.5017
1024,147.0767955,0.5369775,151.56271,60.709244,443.82895,2769605.8,2836593.2,2585935.8,106.0584,266.28308,126.9948
1169,232.9680091,0.53740597,0,172.60652,206.1608,0,0,0,257.13895,366.0355,209.43156
1075,275.135584,0.53815246,0,0,0,7704.2764,1176.5605,2563.517,0,0,0
875,155.0442372,0.5382028,30.658516,0,40.612854,236393.3,219906.11,196905.36,0,38.129734,32.407986
1127,434.1873011,0.5381795,0,0,0,50056.785,56600.246,52610.082,0,0,0
1146,225.97098,0.539464,1122.1273,1384.672,1991.4037,0,0,0,2096.7256,2285.0938,2215.3284
1158,277.0900034,0.5401073,0,0,0,171726.67,179280.83,181588.64,0,0,0
1159,309.1295039,0.5401073,0,0,0,416809.88,424810,409413.7,0,0,0
1149,195.9127032,0.5404738,465.67706,918.5171,687.2192,0,0,0,1046.6306,1138.445,1126.2047
1445,172.0961557,0.54094344,428.62375,1254.3955,345.3181,8966.875,9941.708,9423.185,1228.3672,1084.0875,478.5151
1175,282.1187762,0.54203445,0,0,0,106208.22,114640.516,108034.414,0,0,0
925,171.0641268,0.54302037,89.87544,224.98996,180.68433,2573.5225,2297.693,1621.3701,53.2041,163.6407,66.98659
954,198.0858079,0.5434491,19.079391,33.526222,29.37579,9415.565,12022.185,9996.014,29.999645,39.78795,35.127556
1183,118.1231753,0.5437105,17971.783,15809.123,18410.227,34691.336,36763.594,36735.33,18145.883,16954.54,16464.012
1164,159.0767813,0.5437938,433.05887,161.2096,421.09906,16332.609,21972.754,11639.515,348.30862,636.4955,235.54243
1106,120.0660553,0.5438544,1342.704,432.3142,1783.5826,329287.2,349096.6,318192.1,765.5532,1594.5078,1546.4343
1039,183.0748426,0.5438592,1450.7532,0,28.315903,5725.0586,5992.6416,5112.7534,0,0,0
1189,475.1776048,0.54396147,0,0,0,186855.28,209285.89,190405.14,0,0,0
1259,739.162225,0.54436344,0,0,0,11313.045,13949.671,15189.873,37.11746,0,0
1200,307.1015945,0.54535353,31.944384,0,0,155763.08,165274.08,156504.19,0,0,0
1167,176.1034676,0.5458595,99.99693,165.47066,375.4319,20962.84,20298.053,21288.84,123.25273,589.319,247.8991
1285,145.0504858,0.5459968,424.81555,302.98703,842.6126,593088.4,601196.94,583331.7,238.90817,88.835335,142.29945
1254,325.113712,0.54603124,652.7366,543.43536,1013.9974,883554.8,922049.2,885387.9,296.75995,79.43854,285.5109
966,170.0433403,0.5462454,93.3744,42.446884,83.64916,7724.5576,7548.175,5934.767,76.27611,48.93415,36.800995
1293,117.0694497,0.54638517,97.25598,69.036606,130.81781,8686.268,6139.129,6698.501,124.10105,85.443344,58.10444
844,193.0013948,0.5467521,67.01158,138.93272,138.53159,53461.566,56371.09,49671.34,65.1976,88.13193,66.51188
1179,522.2040956,0.5472871,184.39136,0,66.59633,72694.7,86166.984,80948.78,0,0,0
1089,266.1239559,0.5474986,0,0,0,211046.06,225462.95,219877.16,0,46.83696,0
956,277.1038385,0.5476171,0,0,30.491505,16944.562,18905.305,18625.46,0,0,0
1223,285.1185731,0.5478156,0,0,0,8392.737,10441.707,10525.413,0,0,0
1225,414.0458666,0.5478156,0,0,0,10640.569,11759.744,11798.027,0,0,0
1230,352.9123699,0.5485386,214.26913,378.1873,880.636,0,0,0,904.6064,1376.4437,910.96985
1232,330.9290692,0.54855305,80.88977,255.71141,305.72104,0,0,0,631.6335,1249.2561,750.7605
1269,289.091987,0.5486832,41.67765,30.79501,36.507202,222201.89,245247.3,234486.03,0,0,0
825,143.0819603,0.5491338,1050.9443,336.24725,666.5933,10572.758,8108.6733,11111.887,189.53975,829.0231,521.71747
1238,255.1079063,0.54974276,0,0,0,44518.094,49476.47,46131.246,0,0,0
1239,272.1343155,0.54974276,0,0,0,41129.562,46113.164,42854.047,0,0,0
1211,302.1456346,0.5497427,0,0,0,28805.66,30333.383,15408.82,0,0,0
1288,262.9093822,0.5505491,332.56055,372.18628,564.5208,0,0,0,657.49506,937.0382,673.0194
1221,139.0574944,0.5509528,87.6062,208.13156,156.15424,410619.28,412392.56,392565.3,126.04351,150.45935,63.57099
1300,425.0864191,0.55166984,0,0,0,3406.3599,3967.202,5529.183,0,0,0
1213,198.0977077,0.5517218,661.54865,640.03973,1003.6848,329680.03,307596.78,283609.38,721.03455,341.42697,274.51477
1174,166.0522527,0.55232143,36.35795,33.462242,86.82054,40789.723,39089.438,37741.703,49.77933,0,64.74112
1261,360.1508185,0.55230343,5284.485,5167.9736,7055.586,6243336,6578810.5,6352820,4663.8647,5061.6685,3054.0725
932,167.0210898,0.55311275,54.516678,239.45474,43.710724,6282.8677,7110.3477,6917.748,389.97614,288.48077,209.55261
849,179.1271129,0.55317235,16249.486,14018.74,14773.799,4262.879,5566.4155,6062.673,14141.3955,15000.786,13749.012
906,133.0611844,0.5534413,111.003174,47.671036,159.3612,842016.94,880220.75,809966.06,0,58.28691,84.01631
1741,271.0812237,0.5535969,0,0,0,22146.992,23163.387,23356.238,0,0,0
1270,327.1176701,0.5535969,0,0,0,22715.77,20890.361,22637.06,0,0,0
1272,342.1396996,0.5535969,0,0,0,53961.44,57046.074,52790.402,0,0,0
1280,702.2676934,0.5535969,0,0,0,15699.907,18661.047,19073.396,0,0,0
1265,142.12313,0.55472755,44.170677,41.792553,130.85033,60407.26,72684.31,68603.61,129.08652,62.08969,38.590485
1258,104.071372,0.5551544,1134.0496,1040.1165,2296.6404,257533.33,263764.47,232138.84,1822.6284,1820.3096,482.48285
1441,118.0868552,0.5553187,999630.25,977889.3,1011274.9,1867023.9,1882470.5,1829258.5,992282.9,954169,957951.8
1334,272.087205,0.55552477,0,0,0,2364.2324,4626.671,11399.591,0,0,0
1252,345.1292765,0.5555247,0,0,0,6818.241,9017.12,7525.9937,0,0,0
1286,246.9361102,0.55565774,207.1432,267.89786,290.47314,0,0,0,251.76863,348.30893,284.27066
931,152.0351261,0.55669314,691.4255,218.25638,403.42834,33600.56,34777.895,28338.465,768.5993,756.6345,486.9864
955,274.0912684,0.55669975,186.02524,231.78247,118.64017,6689.6763,7013.492,6372.0117,143.67699,129.94351,68.001114
1345,175.1091695,0.5572,344.03152,0,30.888197,38593.527,36549.176,35736.926,37.565292,52.310047,34.927856
1182,148.0607585,0.5572169,1911.619,480.82703,2110.7996,311976.53,345849.78,298155.84,454.34644,621.4932,436.16876
1310,404.1570264,0.55745107,0,0,0,28796.12,26272.762,26011.602,0,0,0
1311,458.1872645,0.55745107,0,0,0,191035.34,194641.98,185279.55,0,0,0
1257,127.0394726,0.5582969,132.91418,167.6788,624.1301,459246.9,466558.5,447866.34,215.5619,267.77814,177.63799
1008,218.9375821,0.55868167,808.9721,1172.7499,3582.8533,156.31372,362.69672,92.90906,2462.301,5247.622,3092.8306
1324,409.1127531,0.5593789,0,0,0,28997.457,27501.766,23728.045,0,0,0
998,295.1171688,0.55954367,179.49574,52.148514,0,91047.56,95847.3,97143.14,56.92417,0,63.651398
1432,237.0343676,0.5596157,0,0,0,7035.212,1804.2079,1868.0028,0,0,0
934,185.0319611,0.5596327,0,0,38.344025,197405.33,201605.55,204011.44,43.473938,13.192415,0
1236,210.0976554,0.5598839,0,0,45.62876,33990.742,32537.65,31715.77,32.3245,0,0
1248,162.076486,0.5608644,2354.8064,2772.332,1591.2748,137925.55,141780.31,127839.42,2238.6167,264.52954,1397.9333
1224,138.055335,0.5612984,3408.83,4626.167,4293.038,5408610.5,5537192.5,5330411.5,641.4518,847.11633,286.69235
1264,116.0712063,0.56172156,10601.09,17295.982,12332.646,2822176,2852950.5,2581267,10897.847,19404.725,14327.758
1287,180.0871727,0.5617852,1555.6765,203.43034,765.56195,396929.8,392242.47,354864.5,204.30807,127.000595,229.28235
1440,114.0919887,0.563134,1951.8776,3132.9602,2514.3635,8877.359,7223.5566,8406.755,2800.084,1196.223,1065.917
1338,336.0961178,0.5632345,0,0,0,111785.016,118527.59,113900.43,0,0,0
1339,443.0492109,0.56323373,0,0,0,15730.75,18684.7,21066.893,0,0,0
1340,193.0709413,0.56327605,0,0,0,28217.922,25388.152,24154.217,0,0,0
1276,362.1562061,0.56339186,57.249096,0,30.72805,188777.69,201924.06,194593.14,29.149586,0,0
1251,707.2249965,0.56492543,0,0,34.516357,133229.98,146851.97,130743.69,0,0,0
1260,163.0605374,0.56526554,149.38858,136.76886,455.01868,314615.28,326771.5,312920.25,83.765656,49.202965,100.362785
1047,150.0769676,0.56604654,2289.791,2365.9685,2778.9055,62359.97,70091.89,67792.586,3359.599,3119.871,1602.6974
1331,245.1500085,0.56779873,0,0,0,8953.217,8571.583,8052.2944,0,44.5843,0
1325,427.0775348,0.56795657,32.68639,37.93606,93.75093,95106.36,96320.87,101521.83,31.58863,47.73438,35.055843
1003,149.0815258,0.5692886,33.83708,102.218285,0,12810.011,10323.591,14092.749,0,54.058502,36.209194
1355,130.0503611,0.56947875,4649.3657,4558.503,5377.1143,1738838,1834487.5,1664224,5003.281,5244.2427,5164.664
1410,148.0971967,0.5695162,3190.9712,4835.895,4620.2715,14173.223,22910.668,21389.918,8111.4395,7363.895,2466.9504
1273,343.1243245,0.5703882,108.622925,33.168304,155.84274,361239.5,373597.56,372842,21.825893,44.86576,29.313862
1357,217.1297535,0.57098514,0,0,0,201197.58,198760.78,204308.84,0,0,0
1359,278.1236622,0.57098514,0,0,0,104187.805,107707.67,104089.695,0,0,0
1439,101.0604212,0.5714669,675.64056,738.9942,883.78296,6573.8706,8658.8545,7206.3555,1075.5403,158.92162,1723.0519
1651,263.0741489,0.5770831,0,0,0,14367.017,12348.4795,54281.26,0,0,0
1511,135.0447735,0.5784146,748.74805,774.83496,851.6982,545.53564,353.74872,288.75085,757.1006,809.1734,757.94653
1388,215.052806,0.57897615,0,0,0,62458.3,57453.035,51756.824,0,0,0
1391,460.2030158,0.57897615,0,0,0,175194.34,167366.6,160353.4,0,0,0
1419,218.0097725,0.5807058,0,0,44.29011,2231.961,2492.9194,2749.2441,0,18.54808,38.0022
1571,137.0599754,0.58085924,154.9554,304.01694,240.21939,5897.323,5474.6562,3661.5881,196.49088,425.46594,373.66315
1470,275.1236342,0.58095384,0,0,0,1417.3945,2607.0735,2861.3013,0,0,0
1471,286.1504177,0.58095384,0,0,0,5236.0215,11555.391,9897.233,0,0,0
1486,402.1613096,0.58095384,0,0,0,5704.2734,5779.798,5814.726,0,0,0
1163,280.1397124,0.5822217,51.279675,0,0,291622.1,293063.62,294043.16,0,0,0
1430,152.0569693,0.5822537,3159.4944,2992.5044,3109.3193,7247.611,7521.2334,6624.492,3847.2014,4284.413,3956.7964
1495,145.0975688,0.5824107,19807.295,1967.3585,2100.814,396.3811,763.10675,358.89185,51.67844,0,133.08597
1373,299.1342255,0.582881,0,0,0,2681.6423,5238.4224,5839.751,0,0,0
1475,102.1284292,0.5829247,31086.166,29607.443,19219.852,34982.617,36526.63,42103,31576.805,17944.213,17814.938
1442,123.0438604,0.5829266,517.9048,494.18628,227.04526,4777.393,4185.9785,4116.7144,392.8078,324.97327,406.82547
1443,192.159978,0.5829247,7555.0405,9491.777,5512.911,13086.388,13081.89,13221.779,5636.3022,699.31445,1746.495
1452,219.097812,0.58292955,0,0,0,47811.523,51715.945,49214.12,0,0,0
1454,225.0973324,0.58292955,0,0,0,4126.751,4970.9155,5405.9243,0,0,0
1457,239.1129052,0.58292955,0,0,0,14888.687,13891.19,15730.431,0,0,0
1458,247.0795964,0.58292955,0,0,0,27722.594,34455.223,32744.75,0,0,0
1461,302.1210027,0.58292955,0,0,0,9943.424,9441.449,11324.122,0,0,0
1409,144.102281,0.5835951,473.36484,791.2421,1560.3108,75856.375,80901.95,78738.9,678.73016,161.10458,457.48416
1476,121.0401735,0.5835974,40846.81,36882.453,40374.062,33935.62,33504.746,35401.2,36833.457,36542.734,35569.824
1477,136.062157,0.5835974,4982.926,4519.593,6401.489,247458.5,236539.98,232625.8,5019.7485,4752.6387,4966.8936
1478,139.0507501,0.5835974,34577.957,33316.066,36750.21,39385.562,43134.035,30451.273,33001.473,32429.822,31822.453
1479,182.0818066,0.5835974,1654.1014,1723.8295,2286.1238,35791.03,33191.36,32386.654,2091.7935,2218.6672,2206.2673
1480,194.1181216,0.5835974,45880.934,42767.504,43305.27,42645.305,43145.863,46841.99,42601.41,43566.746,43618.008
1438,202.1806734,0.5835974,164464,9787.222,11322.057,6438.151,6382.83,6608.4663,1134.1156,166.7059,565.17883
1449,189.1234582,0.5847916,0,40.80386,170.68958,8319.541,8764.014,8764.993,41.907032,54.311234,76.43721
1472,316.1607675,0.5848567,0,0,0,14526.268,16773.76,16411.168,0,0,0
1508,256.1398958,0.58489895,0,0,0,20591.672,20592.148,20409.457,0,0,0
1510,128.0711373,0.58494,20081.715,2861.1135,2309.7659,13587.569,14352.616,12187.155,1137.691,1136.7234,759.01715
1709,279.0479428,0.5855518,0,0,0,2627.8818,3024.541,16545.283,0,0,0
1526,165.0550591,0.58556896,302.5918,399.45557,309.9268,7761.3906,6988.1333,6928.92,215.70895,393.43674,393.8463
1520,178.123124,0.585568,138708.06,128980.04,133806.8,137935.75,138270.06,147864.53,125760.5,128992.39,126240.234
1437,152.0709261,0.5856289,862.67645,585.0912,763.29443,8973.887,9764.906,11978.185,816.3479,685.60974,674.302
1519,167.0811934,0.58622545,12464.422,1148.9485,1018.61865,277.2089,1334.0599,1219.7239,82.41062,152.03946,100.11846
1459,262.1296529,0.5865138,211.41528,31.713696,118.36916,88150.13,86302.305,93262.84,81.4934,58.793633,57.793995
1547,319.0999365,0.5868261,0,0,0,19176.889,21005.523,20552.986,0,0,0
1502,130.0867342,0.58782727,3445.9526,2336.0947,3884.23,135398.9,133292.56,130045.55,2198.9045,1790.2218,638.65283
1393,158.0816973,0.5883386,970.9357,114.415115,543.5045,13210.904,14169.474,13586.677,198.58043,394.7394,184.07037
1577,291.1052209,0.58875316,0,0,0,28819.342,29728.137,31090.152,0,0,0
1579,305.1206965,0.58875316,0,0,0,12084.566,14872.972,14558.757,0,0,0
1580,321.1158842,0.58875316,0,0,0,52938.016,55598.832,54104.004,0,0,0
1581,337.0899785,0.58875316,0,0,0,10691.128,12738.449,13159.718,0,0,0
1842,217.1193572,0.588935,0,0,0,10939.52,12230.522,14046.2705,42.123154,0,30.754818
1594,128.9512693,0.5902122,69115.15,64959.633,70112.266,584208.06,520607.5,523889.62,66608.445,412278,66676.305
1590,162.9930513,0.5902123,15006.388,15004.932,14423.616,7451.9536,7728.0957,8899.4,21938.506,14325.222,13840.734
1509,274.0920355,0.59050095,186.02524,231.78247,118.64017,105057.234,107380.02,108132.09,143.67699,129.94351,115.83174
1597,261.0950154,0.5906803,0,0,0,42125.258,40781.656,44153.242,0,0,0
1598,307.0797519,0.59068024,0,0,0,9014.703,9707.755,10204.732,0,0,0
1604,186.0091096,0.5908859,13614.217,13530.478,13632.836,7775.946,8670.794,10086.42,76108.91,12625.731,12280.539
1644,215.1028859,0.5911365,0,0,0,897.67035,3116.3015,3494.864,0,0,0
1611,172.97754,0.5915285,72254.38,70536.65,71855.57,311753.1,46960.832,56887.33,69710.45,71775.734,70431.555
1614,169.9778136,0.59175646,7066.852,6531.999,6723.617,104285.51,76117.69,74791.41,5830.2314,29906.523,6140.6694
1606,190.9879657,0.59230644,19099.102,18727.572,19748.312,9413.844,8564.867,11873.673,19266.309,18074.342,18933.822
1622,211.0698099,0.5926074,0,0,0,11378.573,12503.811,11300.838,0,0,0
1624,277.0688762,0.5926074,0,0,0,15165.169,15126.247,16186.703,0,0,0
1647,263.0533212,0.5929734,0,0,0,2930.5825,4614.1826,9642.6045,0,0,0
1514,170.0814544,0.5931554,18.017857,57.24005,54.38229,1884.6868,5156.8047,6058.907,66.112495,49.998085,44.37278
1632,321.0962625,0.5945352,0,0,0,3904.0205,3558.185,4991.5166,0,0,0
1652,132.1023718,0.59948754,7748.8286,7473.3213,7798.8057,157707.19,167491.23,161330.72,9333.513,8051.8823,9372.574
1664,184.1338008,0.60258776,0,64.16604,16.224846,5377.728,7409.4404,7830.507,46.63439,24.207134,27.425522
1425,314.1453336,0.60410625,0,0,24.745464,12608.56,10185.778,11993.026,0,0,0
1549,202.0392143,0.60496455,0,42.06675,22.258575,3701.2927,4486.98,4352.733,0,18.944767,0
1711,172.9571795,0.60680425,2507.6301,1901.4655,2046.9457,574.7754,1138.777,1190.6842,467.62268,817.99506,1132.1378
1680,177.0086825,0.60701776,38185.402,40561.1,39624.9,23146.578,27405.68,28088.307,38269.36,36693.543,38422.457
1603,146.9617633,0.6111289,10628.445,10211.535,9638.096,14605.381,14159.523,11252.36,62835.707,68858.37,63490.5
1700,156.984383,0.6186745,737.1358,391.4289,496.71497,167.86548,330.4905,223.5539,186.27167,164.37321,97.987335
1802,178.995207,0.66144687,70.20563,40.029305,56.568623,105443.31,99146.305,108797.586,38.709396,51.953403,41.439785
1861,164.9209775,0.6779282,16677.178,20971.812,22891.652,6242.8843,6700.8604,5335.4644,9985.981,7741.3984,12110.25
1865,284.8706196,0.6880567,607.737,430.20633,842.7811,0,50.86415,0,50.776794,36.10807,0
1879,142.9390533,0.68868536,14894.625,17655.654,18279.951,8287.679,9747.399,7142.0703,4114.6084,8174.236,7724.645
1851,306.8529885,0.69524246,94.12842,61.998665,238.64455,0,0,0,0,35.56491,0
1977,186.009144,0.7395386,63841.24,68550.01,67118.49,54679.273,62731.953,65988.695,50276.125,65702.42,66392.98
1983,162.9930464,0.7422121,83156.71,88421.766,89995.35,64361.184,73584.78,71277.66,99856.09,83347.64,99892.555
1989,146.9617704,0.7439439,52120.62,58901.234,50627.395,83912.69,84839.15,86817.54,14012.554,32408.273,38698.918
2025,144.9766147,0.7490729,459.02847,129.8563,105.79796,79.80246,85.119705,0,178.3381,200.03705,176.35135
2001,190.9879971,0.7500823,92305.445,97619.805,92921.984,80581.19,85164.21,85948.65,93837.37,91135.96,92569.18
2011,172.9775516,0.7570504,330021.78,348374.94,344358.56,190293.47,283146.62,287658.2,337156.25,328883.56,335524.16
2024,128.9512768,0.7611316,314738.62,336131.34,360013.03,313025.2,313495.44,315434.47,353258.4,254467.36,339173.7
2390,159.0767779,0.7772948,103.74893,84.65564,51.979897,514.2415,731.0378,964.42816,121.817215,71.60848,50.84082
2246,259.0801916,0.7848243,0,0,0,20891.248,20877.502,16275.018,0,25.492079,0
2170,240.1083545,0.7864026,0,0,28.41766,3792.7144,3372.5962,3295.394,0,0,0
2229,189.0872727,0.7875161,22.277424,0,0,4396.059,4127.8438,3920.7415,0,0,0
2218,181.0521285,0.7883985,0,0,0,1584.4912,1477.2483,1501.0835,26.563234,0,0
2164,215.1399828,0.79092604,0,0,25.352608,2040.0095,1972.2701,1969.0815,0,0,0
2065,242.123874,0.7913873,0,0,0,1515.8458,1830.3544,1270.7461,0,0,0
2066,263.0531681,0.7913873,0,0,0,4425.9272,3894.2297,4209.323,0,0,0
2071,247.0793121,0.7934055,0,0,0,12391.998,12874.111,11916.893,0,0,0
2263,214.0698042,0.7936983,0,0,0,517.7845,1080.3456,556.1593,0,25.659231,0
2190,142.0499538,0.79451764,23.75414,0,24.719048,992.44653,1228.6163,331.14615,0,0,0
2139,141.0662398,0.79510105,181.12964,67.5647,116.214874,668.15466,451.32297,1263.0563,128.25565,194.01886,97.20172
2162,200.1647184,0.79743385,30.915527,43.260788,0,6327.6353,6497.981,6383.712,0,36.849243,28.769257
2367,206.1028873,0.79962975,43.756477,79.23563,78.40898,3288.4272,3836.3928,3905.0352,46.802162,40.742416,44.720512
2277,145.0989462,0.8002522,20245.422,1913.8038,2189.1826,979.42267,1089.7501,914.7051,34.575962,63.91837,41.596497
2280,186.0761497,0.80028397,199.90504,260.53326,88.60486,2782.3909,3208.2722,2635.3704,37.785145,38.30992,47.39652
2403,148.0972338,0.8005005,1640.9238,5016.8633,2859.7642,3911.6362,4058.6377,4681.9614,4088.5618,2497.176,5182.008
2148,102.0556712,0.80058664,532.399,548.0994,350.25153,9646.892,9976.366,9426.216,469.7211,325.12103,245.02068
2357,130.0980016,0.8007033,175.04475,54.084408,45.82062,654.1114,820.35266,456.26172,97.60328,83.831055,90.44056
2231,232.0140848,0.80108786,46.979176,102.69146,39.39702,10092.659,10069.269,8928.46,40.804916,45.761284,49.090797
2317,188.0923856,0.8015908,676.8004,1537.833,3507.3794,9260.021,10528.721,7357.878,957.73267,1424.7642,243.02579
2308,144.0659022,0.8022337,2049.1516,1159.7839,523.97656,5655.239,6184.287,5217.0483,630.416,645.9878,628.1081
2153,163.0605809,0.8025064,144.14914,81.63144,40.132908,13049.075,12534.624,12225.187,52.678062,51.88366,49.815964
2108,219.0978726,0.8034692,0,0,0,3175.4583,3620.058,2836.2375,0,0,0
2109,246.1451948,0.8034692,0,0,0,2305.3772,2636.625,2312.7275,0,0,0
2110,256.0817631,0.8034692,0,0,0,10551.361,11623.629,10757.729,0,0,0
2112,269.1241082,0.8034692,0,0,0,1896.4138,1900.8615,1815.9299,0,0,0
2142,271.0012185,0.8034692,0,0,0,846.2456,976.7049,938.4691,0,0,0
2113,280.13944,0.8034692,0,0,0,53693.5,57443.66,57651.023,0,0,0
2134,282.1199858,0.8034692,0,0,0,2190.7527,2287.8694,2614.196,0,0,0
2114,286.1500965,0.8034692,0,0,0,5095.2646,4817.2183,4704.357,0,0,0
2115,288.1056421,0.8034692,0,0,0,9793.673,10462.667,9751.291,0,0,0
2116,299.1342153,0.8034692,0,0,0,1013.66174,946.8334,1152.3118,0,0,0
2117,302.1212278,0.8034692,0,0,0,6128.3457,6859.3047,6720.6885,0,0,0
2118,307.0795434,0.8034692,0,0,0,10003.623,10105.628,10079.435,0,0,0
2102,314.1448999,0.8034692,0,0,0,6049.515,7023.387,6326.1616,0,0,0
2119,316.1608857,0.8034692,0,0,0,3314.6,3768.8687,3152.6577,0,0,0
2120,321.1159835,0.8034692,0,0,0,23969.445,25700.092,24604.283,0,0,0
2121,337.0904815,0.8034692,0,0,0,5038.815,4695.228,4415.1274,0,0,0
2165,219.136676,0.8040201,46.39927,41.097088,39.597702,1158.7207,1477.9974,1450.2606,22.193464,33.685173,25.925846
2138,152.0569526,0.8048571,1473.9897,1673.3158,1556.5735,4353.715,4742.064,4475.327,1670.7856,1265.5659,1477.1478
2097,184.0972934,0.8048598,38.99038,29.411528,28.741236,769.5283,779.699,621.4839,42.338135,35.81102,32.5596
2147,192.1600232,0.8048608,1021.8886,1348.6683,858.91797,2241.607,2096.9006,1858.9707,771.5777,36.47085,260.73325
2304,162.0765565,0.8051644,1904.904,1657.8167,1476.0292,13308.655,20606.098,15529.307,422.55856,1768.4912,567.35767
2314,184.0586128,0.8052783,380.91998,41.8591,0,5947.3154,5936.239,5213.1973,27.19984,0,0
2189,228.0982631,0.805391,252.33276,273.1619,136.8734,1035.6783,952.8361,1055.5007,274.35248,198.08508,269.39465
2143,303.122685,0.80544496,0,0,0,413.12503,209.14449,781.00885,0,0,0
2127,204.1334118,0.8054893,0,0,0,445.6639,325.56445,406.16342,0,0,0
2155,173.0423922,0.8054936,0,0,0,4271.485,4546.519,3703.065,0,0,0
2163,211.070061,0.80549353,0,0,0,4461.1646,4284.8765,3931.0967,0,0,0
2132,229.9750181,0.80549353,0,0,0,11748.17,14139.387,17187.713,0,0,0
2172,260.1610059,0.80549353,0,0,0,2195.7625,2322.0337,2060.4326,0,0,0
2173,266.123899,0.80549353,0,0,0,5403.789,5283.392,3992.464,0,0,0
2175,274.0923702,0.80549353,0,0,0,68733.37,75243.055,74243.086,0,0,0
2176,280.0914675,0.80549353,0,0,0,2168.803,2647.3704,3212.1174,0,0,0
2211,282.1436778,0.8054936,0,0,0,1215.7623,944.2415,1005.473,0,0,0
2177,291.1053043,0.8054936,0,0,0,39488.645,41759.547,40400.535,0,0,0
2179,304.0799928,0.80549353,0,0,0,2159.7498,1713.5829,1396.1853,0,0,0
2144,318.0954444,0.8054936,0,0,0,427.01544,577.7111,857.8614,0,0,0
2180,319.1002475,0.8054936,0,0,0,25451.012,27090.387,24964.09,0,0,0
2181,330.0589725,0.8054936,0,0,0,7668.4136,7637.4194,7668.667,0,0,0
2183,335.0743932,0.8054936,0,0,0,11372.349,11041.618,10899.338,0,0,0
2185,426.1611625,0.8054936,0,0,0,2497.2104,2803.0237,2499.369,0,0,0
2199,126.0555449,0.80621636,477.47067,73.90953,359.7094,5963.9087,6646.6406,5884.041,206.61841,179.48503,108.66697
2126,201.1235741,0.8063799,0,0,0,574.8478,286.64047,714.572,0,39.02548,0
2159,187.1081544,0.80673057,0,0,0,817.3398,810.0906,881.84717,0,0,36.684494
2152,150.0767875,0.8067343,4505.2905,5520.6733,4887.95,10053.851,9782.3545,11659.521,1002.85645,2236.7017,1939.6173
2201,136.062189,0.80686975,7297.754,7355.5483,6711.5625,209060.25,208680.66,186768.62,5862.693,6509.6953,6812.7627
2212,133.0498466,0.8075059,0,0,0,601.4204,1327.2699,1159.9231,0,0,0
2140,226.0454314,0.8075059,0,0,0,943.41016,232.36682,844.35785,0,0,0
2125,194.0427108,0.80751365,0,0,0,770.3555,752.4904,761.5427,0,0,0
2301,253.995301,0.80751365,0,0,0,627.1381,1298.5396,1207.5065,0,0,0
2235,254.123978,0.8075137,0,0,0,2962.0994,3203.1614,2800.3215,0,0,0
2237,226.0701572,0.8075178,0,0,0,5521.869,6388.934,5810.0454,0,0,0
2240,239.1128335,0.8075178,0,0,0,18972.684,21685.273,20086.613,0,0,0
2241,241.1178624,0.8075178,0,0,0,1023.344,1246.5131,862.6818,0,0,0
2242,245.063688,0.8075178,0,0,0,1861.8723,1348.8556,1915.0598,0,0,0
2267,245.1130151,0.8075178,0,0,0,493.4486,654.52124,208.60938,0,0,0
2209,255.029032,0.8075178,0,0,0,1958.508,1195.888,2605.515,0,0,0
2244,256.1395077,0.8075178,0,0,0,29630.643,31752.326,30199.385,0,0,0
2520,259.0928812,0.8075178,0,0,0,3995.766,5632.164,3622.5823,0,0,0
2249,263.099805,0.8075178,0,0,0,2243.7456,3122.826,2755.8318,0,0,0
2284,312.1298954,0.8075178,0,0,0,1432.2871,1408.3373,1707.1674,0,0,0
2250,314.0849357,0.8075178,0,0,0,34472.11,35062.84,34611.883,0,0,0
2251,342.1396123,0.8075178,0,0,0,1416.5475,1396.8966,1668.2656,0,0,0
2252,107.0709589,0.80754447,2227.128,1194.6881,854.94794,1277.7981,1575.4532,951.88544,1122.6431,985.44666,877.52203
2286,425.1092321,0.8075178,0,0,0,674.12634,739.3082,695.199,0,0,0
2294,137.0462655,0.8075468,166.56519,147.80873,967.1674,1884.4718,1986.3643,1753.6302,229.37129,410.8731,254.87865
2236,213.0870118,0.80787754,37.14537,0,0,2521.7595,2418.5786,869.86285,0,0,0
2098,124.0971069,0.8082179,2433.961,1542.367,1197.2672,789.68994,559.63464,515.1947,1579.5032,1371.5209,1218.3896
2289,130.0503905,0.80821925,5497.992,4928.037,7532.3457,343196.2,347289.47,343726.3,4498.909,5346.7964,4805.6577
2275,139.0506232,0.8082193,42234.96,57101.176,43442.39,44482.582,63233.586,47849.76,52785.32,39367.895,40141.21
2547,168.0656757,0.8082184,236.52715,209.56578,311.16098,1742.0354,2240.111,1745.0652,162.46179,224.06866,252.31184
2193,202.1806816,0.8082205,86609.37,4834.6143,5681.5244,2238.6077,2668.9534,3250.4468,806.4694,121.31682,289.58984
2416,185.0925484,0.80868137,30.253883,0,0,350.79007,604.22363,505.5606,30.164944,0,0
2288,174.0392761,0.8088721,544.89557,583.6814,518.3109,808.6989,307.0866,1270.5322,710.15826,500.25974,501.46265
2305,286.0904226,0.8094873,0,0,0,1618.503,1820.4384,1641.653,0,0,0
2312,290.1352254,0.809526,0,0,0,1741.1884,2317.0422,1785.1191,0,0,0
2092,151.0603409,0.8095408,0,0,0,667.81964,847.7383,280.24536,0,0,0
2318,204.0638394,0.80953795,0,0,0,4290.767,4574.843,3656.721,0,0,0
2320,228.0855135,0.80953795,0,0,0,1857.5103,2156.3987,2054.5667,0,0,0
2322,246.0974844,0.80953795,0,0,0,2613.847,2901.472,2287.6228,0,0,0
2325,261.0948565,0.80953795,0,0,0,182931,193391.94,189381.4,0,0,0
2326,277.0688063,0.80953795,0,0,0,58603.72,62253.633,59669.508,0,0,0
2328,305.1209919,0.80953795,0,0,0,58827.35,65007.848,62554.35,0,0,0
2329,317.0845296,0.80953795,0,0,0,1505.6475,1389.04,1553.5251,0,0,0
2354,129.0527666,0.8095596,7933.612,4421.116,4163.268,472.70984,658.59406,1107.0693,4265.0557,4383.541,3500.7473
2355,193.0025305,0.8095543,433.96594,717.9688,608.2796,62.60106,79.69393,346.93808,601.82,641.85144,170.72325
2287,499.2001137,0.80953795,0,0,0,1136.133,1165.2631,1170.1434,0,0,0
2111,262.1293975,0.81003684,0,26.957975,35.86934,15741.004,16716.318,16207.186,0,26.907734,0
2245,258.1105782,0.8101638,231.03156,259.19592,421.88425,19997.912,19624.803,19523.39,524.4022,228.909,254.2719
2356,128.0711232,0.81023437,20298.209,2643.9875,2975.462,5113.462,5766.113,4884.588,395.40448,536.98114,595.98584
2331,121.0399653,0.8102376,36424.66,18090.203,20004.188,17441.656,18096.719,39535.723,29748.16,33794.08,29078.002
2343,225.1336923,0.8102351,2295.82,2256.5583,2261.2656,2958.813,3292.9736,2531.9055,2623.8352,2324.0237,2635.1418
2492,214.9855893,0.81023693,768.36584,865.3578,980.55743,996.3655,2541.7598,1125.5702,875.8502,959.84436,1010.1641
2293,145.0267949,0.81058735,424.06552,73.24553,108.426506,0,0,0,250.95578,115.110275,159.78986
2224,170.0814169,0.810869,90.63776,175.5939,41.42959,4814.521,5580.098,4384.5435,0,43.08425,34.55317
2309,152.0710198,0.81146073,396.5116,150.91643,122.11035,2871.3953,3672.9253,4234.0474,493.7845,378.6335,458.04938
2369,264.1086835,0.8115074,0,0,0,3187.7507,3471.1902,2654.634,0,0,0
2370,448.1428645,0.8115074,0,0,0,3124.2625,2835.354,2844.4187,0,0,0
2372,275.0536784,0.81155044,0,0,0,4690.5977,4777.402,4543.457,0,0,0
2100,183.0527036,0.811651,2515.8284,47.191093,194.2211,86.77754,0,0,0,0,0
2124,172.0968318,0.81184644,236.48033,472.20993,396.06253,2419.569,4431.8105,2007.4926,261.274,120.30021,391.82883
2310,165.0543986,0.8124822,48.013535,0,34.436707,14862.07,14532.463,14161.986,51.6671,28.59251,31.942854
2157,174.0141885,0.8129865,36.1801,32.47172,39.97527,7240.913,7020.3516,7307.262,92.67481,0,0
2399,210.037339,0.8135199,0,0,0,604.6817,352.6361,487.1323,0,0,0
2216,124.0398866,0.81498253,686.3779,876.40466,464.49927,30992.44,35422.297,30058.826,644.6066,152.42838,607.8385
2394,166.0726335,0.81549007,0,0,0,1148.2458,1463.4729,978.23944,0,0,0
2396,244.0809355,0.8155367,0,0,0,365.72968,1231.297,1508.326,0,0,0
2225,174.0766569,0.81556773,2445.0862,1467.8606,1669.584,7760.786,9054.331,7875.3394,880.41547,1327.6348,1586.646
2384,182.0818063,0.8156121,539.1822,408.76328,603.9148,62918.44,67072.89,61919.57,548.0068,423.87506,191.20247
2217,136.076099,0.8160416,933.83386,677.0478,1280.5225,18819.088,21741.16,19925.973,228.78384,206.88094,820.25616
2194,167.0811527,0.81637025,14368.325,1349.648,1194.5066,599.28577,399.55008,540.6328,44.24052,57.24334,71.20527
2406,319.080549,0.8175032,0,0,0,2427.3699,2348.2285,2529.4958,0,0,0
2232,196.0590388,0.81753474,27.522226,32.086567,0,2686.8315,2649.8809,2613.0825,47.5339,33.835716,27.35019
2151,137.0598975,0.8177403,320.4269,339.75632,322.35,4700.8853,4343.5854,3682.8618,289.7306,199.55069,174.6234
2221,152.0352117,0.8180854,401.2226,155.08786,222.11426,14624.2705,14369.864,13296.584,826.5464,448.64374,198.5069
2358,141.0550431,0.8193971,85.4948,195.77267,354.94284,186.393,522.8171,549.33435,157.27275,431.49457,299.04294
2410,303.105354,0.81952196,0,0,0,7454.449,7809.47,7188.0127,0,0,0
2414,212.0909791,0.8199662,39.30466,0,0,580.2909,930.39935,243.13004,0,0,0
2213,109.0290858,0.82010216,32.961266,36.619675,26.04359,2606.509,4136.019,2118.2102,0,28.614723,33.23039
2154,172.0594488,0.8204707,297.0655,374.86234,201.01067,4694.4146,4836.5205,4524.263,369.76715,105.40571,170.63536
2542,141.9641557,0.8221887,0,0,0,224.42886,487.6169,95.58395,0,0,0
2282,227.1026436,0.82257324,0,29.375765,0,746.9262,779.2041,536.13654,0,0,0
2233,204.0873167,0.823217,43.774696,34.8406,39.07451,2514.5894,2351.4043,2579.7402,31.818668,45.727592,38.01554
2426,321.0952029,0.8235666,0,0,0,13979.604,14752.798,13290.248,0,0,0
2227,180.1023999,0.82392305,27.992073,44.18791,39.539703,871.0703,1160.0167,1688.1815,0,41.3825,0
2389,190.1078172,0.82431984,639.7813,528.5541,252.6429,6244.917,6483.2183,6694.0283,1215.0642,413.6945,258.07355
2214,119.0495095,0.82447606,34.827633,0,0,4552.4336,4743.7754,4394.5474,27.546238,34.607716,25.514149
2283,241.082235,0.82483995,0,22.969501,0,630.2136,1061.9795,674.8843,0,0,0
2313,251.9555079,0.82508314,0,27.040585,0,4784.166,4873.9355,4863.3096,0,0,0
2196,202.1078909,0.8251001,2249.881,2922.4883,1360.9238,6294.3633,9599.403,6055.4976,7057.0225,3688.229,680.50165
2368,229.1189824,0.8283405,31.664154,28.202297,0,1058.2372,1035.7113,889.0868,0,35.19365,40.09193
2448,216.0547342,0.82962203,0,0,0,9514.431,10382.32,10174.185,0,0,0
2449,215.016138,0.82962275,0,0,0,8897.158,10898.168,7536.1416,0,0,0
2450,232.0268274,0.82962275,0,0,0,6325.3994,7419.37,6794.6455,0,0,0
2451,234.0652895,0.82962275,0,0,0,10167.932,11183.791,10801.029,0,0,0
2452,267.0592083,0.82962275,0,0,0,2781.4895,3181.1292,2887.396,0,0,0
2230,189.123663,0.8296774,0,0,0,1268.7356,1409.2505,1205.9872,0,29.464775,0
2299,130.062835,0.83034223,46.669243,28.17043,28.801205,1733.037,1233.7776,1540.6312,57.9664,39.74592,33.19301
2645,210.0611627,0.83164006,0,0,0,6289.5317,9699.877,4409.0327,0,0,0
2425,245.0771811,0.8320949,0,0,0,2146.121,2446.7024,2077.6316,27.743366,0,0
2352,407.1166294,0.83216786,0,0,0,1616.9761,3230.3525,1607.0107,0,0,0
2215,123.0432182,0.8342813,78.717186,158.84825,124.603035,8228.155,8310.31,7620.112,169.7277,165.86267,48.84713
2467,329.0843931,0.83567077,0,0,0,10349.689,14221.461,10955.051,0,0,0
2468,345.0590393,0.83567077,0,0,0,8462.337,9398.498,6981.113,0,0,0
2470,231.0843144,0.8365957,0,0,0,14011.632,15009.503,14989.708,0,37.133083,0
2471,247.0585422,0.8376832,0,0,0,2488.2637,2536.7031,2709.3606,0,0,0
2311,166.0868107,0.83963275,259.947,385.33856,476.2732,2644.6655,3336.4116,2465.9956,725.3746,327.0649,223.84796
2476,226.1287143,0.83970124,0,0,0,1554.6119,1486.4579,1651.027,0,0,0
2487,176.0660968,0.8442332,0,0,0,19090.334,19741.146,19061.195,0,0,0
2488,249.0288841,0.8442332,0,0,0,5885.4917,6474.452,5966.501,0,0,0
2489,271.0120001,0.8442332,0,0,0,4339.035,5150.7227,4499.6084,0,0,0
2465,254.0089852,0.8483124,0,0,0,1086.2911,1035.7109,1902.5941,0,0,0
2501,256.0471758,0.84836024,0,0,0,3038.888,3302.8403,3128.3264,0,0,0
2517,196.0372913,0.8514974,46.186657,0,0,1428.2015,1416.3663,802.0143,0,0,0
2439,154.0858258,0.8529883,38.908134,35.235573,33.69202,7507.8228,7394.236,6931.1445,38.71798,37.650063,30.719143
2536,103.0540393,0.85697293,31.754807,44.883698,32.210846,980.624,307.32224,1133.2754,97.136055,33.701134,66.193695
2540,138.0917631,0.8575337,154.4063,127.5333,55.913185,4453.3374,5076.8794,4062.9436,199.44803,77.51868,89.047775
2516,158.0817506,0.8585893,289.33212,245.66354,157.7648,8121.3647,9482.394,6983.6904,339.18805,129.23285,88.055786
2518,276.1445356,0.8596284,0,0,0,7390.6006,10456.561,9087.193,0,0,0
2519,294.155034,0.8596284,0,0,0,38536.715,45290.32,44224.477,0,0,0
2523,332.1115592,0.8596284,0,0,0,570.1378,497.46912,624.0692,0,0,0
2554,192.0400529,0.86090475,0,0,0,2245.4404,2513.1106,1142.1215,0,0,0
2524,180.0643723,0.8634544,23.36118,0,0,13021.881,15017.091,11062.942,29.981522,0,37.104866
2532,316.1371345,0.86365336,0,0,0,4556.4155,5386.0327,4863.696,0,0,0
2676,203.0430674,0.87053037,0,0,0,483.09418,205.23837,863.42017,0,0,0
2438,132.1023788,0.87296814,3466.4048,1460.1443,2950.9255,1037333.94,1102495.5,989344.06,410.53064,1409.2577,4018.1296
2539,121.0653693,0.87356436,99.03741,111.95233,54.853943,17051.234,19736.416,17437.543,61.18318,96.55777,180.02094
2573,176.0922318,0.8741196,1279.3766,700.3152,265.00333,24678.117,31805.162,22438.234,635.2914,276.8817,485.28778
2537,146.0763664,0.8746546,50.111145,46.113434,51.09349,152.035,183.02277,324.21594,39.91588,41.52179,30.616837
2564,275.1104393,0.8796429,0,0,0,19980.07,23737.117,19846.932,0,0,0
2565,317.064147,0.8796429,0,0,0,2346.4321,2643.9978,2597.1392,0,0,0
2566,407.116853,0.8796429,0,0,0,4085.831,3970.5615,4103.828,0,0,0
2567,423.0904227,0.8796429,0,0,0,801.0073,930.61896,931.27686,0,0,0
2575,301.0897967,0.8816609,0,0,0,4276.175,4847.8315,4519.355,0,0,0
2678,317.1400876,0.88179845,0,0,0,371.33237,278.43573,543.67737,0,0,0
2576,243.0742541,0.8836796,0,0,0,1670.3824,1611.7698,1441.1187,0,0,0
2577,275.0743084,0.883679,0,0,0,3342.5398,4292.2793,3200.0625,0,0,0
2578,289.0690075,0.883679,0,0,0,2411.9392,2850.0723,2260.37,0,0,0
2579,291.0484574,0.883679,0,0,0,1308.8523,1459.1902,1305.8574,0,0,0
2580,291.0844563,0.883679,0,0,0,6809.064,6674.37,6100.003,0,0,0
2562,198.0744884,0.88429916,36.687572,0,0,8840.815,9897.3545,7812.4526,0,31.18768,0
2591,221.0924265,0.8856978,0,0,0,15249.439,16758.43,13206.076,0,0,0
2593,158.0603665,0.88771015,0,0,0,269.0177,409.21896,308.94553,0,0,0
2596,273.0948673,0.88771516,0,0,0,5705.694,6571.1084,4918.1196,0,0,0
2597,402.1613356,0.88771445,0,0,0,5730.2026,7984.23,6013.113,0,0,0
2602,203.0817957,0.88973325,0,0,0,1450.0896,1661.7239,1115.4027,0,0,0
2606,175.0869185,0.89174634,0,0,0,2033.7333,2255.0652,1621.0272,0,0,0
2590,270.1553454,0.89718646,23.161808,0,0,1409.7454,1821.7234,1215.9753,0,29.179718,36.75109
2632,364.160604,0.90986586,0,0,0,2448.0723,2834.928,2342.4036,0,0,0
2633,369.1161423,0.9098714,0,0,0,3577.8508,4219.35,3842.8108,0,0,0
2552,253.1292101,0.9111365,0,52.47163,28.420025,1154.4119,1150.5726,1220.1116,23.900463,35.84355,0
2638,332.074727,0.911884,0,0,0,3728.0461,4341.2046,2905.16,0,0,0
2639,294.1197828,0.9138971,0,0,0,1321.7792,1610.7338,1083.4839,0,0,0
2640,316.1006539,0.91390204,0,0,0,9096.171,10498.906,7458.65,0,0,0
2643,385.0899928,0.9159097,0,0,0,2015.9761,1337.9691,1514.4086,0,0,0
2687,162.9963747,0.9165377,475.7085,171.00064,155.96837,4211.14,4274.447,4079.7258,1090.7319,739.937,674.91003
2746,202.1806828,0.9274843,1013.5183,226.73099,315.4629,5684.093,6509.044,6603.888,101.964836,212.64053,196.97926
2691,277.147992,0.9331263,0,0,0,922.15485,1171.2448,970.8975,0,0,0
2692,300.1057977,0.9332048,0,0,0,13619.565,15927.758,12747.151,0,0,0
2693,316.079919,0.9332048,0,0,0,5075.5996,5134.492,4562.9585,0,0,0
2697,278.1238883,0.9352103,0,0,0,915.5527,991.0631,982.9701,0,0,0
2673,207.9683139,0.9399661,29.730831,28.578228,26.58941,790.3038,1038.8191,904.5697,0,32.39417,67.24592
2669,229.9489753,0.94386065,31.958698,0,41.602,1086.492,951.3355,705.2994,30.6515,34.413696,0
2700,229.1547647,0.94988805,38.238155,0,0,31523.52,34862.785,29394.06,0,0,0
2651,123.0558362,0.955957,564.39014,2716.0142,2827.591,246983.78,263945.2,235010.66,3476.7888,2986.4177,524.6998
2737,208.0583091,0.96590966,0,0,0,3368.8042,3696.9587,3330.4924,0,0,0
2807,176.96209,0.96781164,31.824665,31.110043,36.68723,49.262123,65.37082,486.2213,37.160233,0,0
2736,186.0765308,0.96823514,70.9611,56.362022,45.19609,21297.338,20119.654,19147.578,41.77059,84.06273,34.132683
2699,178.974749,0.9685075,202.59744,191.03897,205.91133,152.87167,159.06924,261.8174,67.75077,131.27852,70.51012
2762,137.0468873,0.9717252,88.7743,43.54374,80.34499,15712.694,17289.62,15754.72,51.77001,98.71592,36.1268
2748,292.1394447,0.97197837,0,0,0,3937.184,4739.5654,3686.9849,0,0,0
2749,314.1209706,0.9719923,0,0,0,2098.4854,2402.9417,1782.7188,0,0,0
2753,307.0443625,0.9739964,0,0,0,6905.281,6926.0986,6723.4663,0,0,0
2757,291.070314,0.9780409,0,0,0,9824.5,10674.948,8941.906,0,0,0
2764,269.0884571,0.9820707,0,0,0,3531.1643,3968.7004,3473.5933,0,0,0
2787,284.0994175,0.99418813,0,0,0,3914.9143,4187.2915,3861.616,0,0,0
2790,306.0814008,0.99620134,0,0,0,2085.016,2516.4055,1845.1312,0,0,0
2792,322.055185,0.99820274,0,0,0,952.11273,1097.8043,969.5084,0,0,0
2815,336.074296,1.0103563,0,0,0,7892.195,8042.0938,7503.5713,0,0,0
2820,314.0921816,1.0123757,0,0,0,33194.027,35014.727,30209.287,0,0,0
2814,284.1344503,1.0150422,0,0,0,3134.6165,3131.1672,3230.3809,0,0,0
2819,289.091359,1.0168543,69.14231,31.63859,0,4250.1606,4899.207,4176.192,0,0,0
2824,352.0481904,1.0176588,0,0,0,2210.7244,2143.7942,2105.7173,0,0,0
2828,181.0265451,1.0190903,1530.4008,2060.0056,1077.7584,6852.2974,5583.0767,3850.543,0,0,0
2829,198.0532243,1.0192102,76.82127,188.91339,33.530437,1856.4537,1644.3203,981.2991,0,0,0
2879,291.0843679,1.0544833,0,0,0,36528.688,37545.12,34809.418,0,0,0
2888,144.065911,1.0546438,347.89633,806.9208,685.47485,285984.84,285884,284752.78,448.46576,256.47177,225.86777
2847,202.1079152,1.0547223,1006.0032,7434.9053,885.3979,17927.113,22410.71,16054.735,2979.5977,2788.175,1547.1056
2884,166.0477598,1.0565014,0,0,0,10333.188,10987.513,10625.327,0,0,0
2893,275.1104506,1.0585195,0,0,0,90045.19,94356.79,84430.6,0,0,0
2862,253.1291676,1.0596385,44.19306,101.62001,28.892208,15368.751,15556.936,13751.817,65.082306,35.84355,54.848553
2871,182.0217704,1.0605375,0,0,0,168.51744,131.85262,357.64825,0,0,0
2894,188.0298997,1.0605445,0,0,0,2635.6658,3293.6252,821.2622,0,0,0
2897,346.1135907,1.0605445,0,0,0,12897.324,13548.9375,12478.752,0,0,0
2864,148.9872645,1.0610197,194.10359,74.68986,204.03905,73.47569,78.60297,236.13707,203.36082,70.98767,231.72559
2906,368.0958554,1.0702688,0,0,0,1287.2598,1191.608,1164.4844,0,0,0
2921,395.0954929,1.0786923,0,0,0,3744.6423,3563.345,3909.5535,0,0,0
2925,355.1025909,1.0819563,0,0,0,6899.0796,8339.334,8395.033,0,0,0
2892,270.1555009,1.0887861,67.3295,35.896767,39.510883,17504.482,19143.71,16725.432,51.711494,36.311264,39.48069
2946,399.1268117,1.090625,0,0,0,6377.5845,6542.706,4923.8955,0,0,0
2937,393.0798617,1.0906632,0,0,0,3979.2974,3397.6177,4473.883,0,0,0
2938,415.1005907,1.0906652,0,0,0,2261.9497,2834.0598,2133.3362,0,0,0
2944,390.1402168,1.0947013,0,0,0,6636.8228,11758.06,8431.495,0,0,0
2948,394.1714566,1.0972062,0,0,0,6063.3374,6520.7246,8124.4023,0,0,0
2932,184.0374479,1.099073,73.55463,0,0,131.57886,282.35974,521.8098,0,0,0
2950,383.1454193,1.0993439,0,0,0,17815.295,18879.701,17921.736,0,0,0
2951,388.1243294,1.0993439,0,0,0,23318.896,26202.947,25942.77,0,0,0
2942,373.1134742,1.1006298,0,0,0,399.05048,356.29364,368.98956,0,0,0
2952,405.1272506,1.1012257,0,0,0,1679.385,2057.0093,1713.7975,0,0,0
2964,198.0746457,1.1099144,0,0,0,1270.0018,1442.4467,1574.0922,0,0,0
2980,158.0816844,1.112751,126.36548,235.84662,156.36887,4771.184,4928.602,4958.497,173.7783,80.78344,197.24062
2963,168.0641112,1.1279622,5248.947,152.28543,153.65805,8481.67,8882.844,7888.819,48.04615,36.26969,116.792206
3000,273.0948305,1.1439012,0,0,0,10126.446,11099.794,8870.426,0,0,0
3006,289.0687623,1.1483139,0,0,0,3587.9197,2814.4177,2497.753,0,0,0
3021,168.1026245,1.1527388,38.635258,41.349705,64.3247,9218.993,10207.842,10294.323,28.450466,41.37325,35.91587
3023,151.0969115,1.161796,15237.455,14351.631,12277.945,13734.677,12761.359,14913.938,9992.835,9755.778,10057.007
3033,151.0757113,1.1617979,227.0343,497.03058,349.50092,27952.797,31176.65,29783.441,108.51012,129.18707,443.69815
3015,168.1235246,1.1633182,5341.003,4518.5215,3028.6277,3129.4854,3143.9985,4983.1772,2275.348,1455.9265,1924.6604
3061,128.0711503,1.1717211,10382.43,2312.9138,1590.4164,972.74255,1551.5226,1187.9612,301.4149,222.58719,178.26172
3062,111.0447159,1.181097,6346.324,340.08356,547.4837,2278.341,264.9414,389.07504,387.0309,675.57874,942.4111
3022,290.0864066,1.1829454,0,33.14612,0,12793.5205,12523.898,13181.986,0,0,0
3075,287.1104953,1.1981452,0,0,0,50630.805,53244.293,48371.516,0,0,0
3080,282.1551393,1.2001694,0,0,0,53325.023,58736.49,53583.92,0,0,0
3081,303.0845186,1.2021903,0,0,0,22289.162,23518.535,21967.775,0,0,0
3028,136.0621386,1.2057222,5755.0283,4901.2715,3965.9734,23966.49,27628.59,27894.861,6049.375,1059.9019,2668.7737
3039,268.1045896,1.2171291,696.02686,134.98785,177.29668,217723.3,234824.75,214004.53,56.438133,192.64905,163.76659
3118,195.0802303,1.2229633,35.14862,34.03283,33.939667,1339.1746,1536.7971,340.26288,31.071213,44.27131,38.793293
3119,116.0712414,1.2447875,15262.237,17164.54,11262.492,56789.258,76796.41,85325.18,19208.018,1833.7737,18889.652
3173,184.1337296,1.2669876,30.336857,31.175877,26.325958,43078.504,55596.434,47816.83,0,26.643915,26.990341
3167,230.102934,1.2894909,50.838333,36.888515,35.77095,1113.2637,340.61673,490.94153,88.90768,0,0
3163,247.1299633,1.308724,0,0,0,8080.359,9167.724,8398.051,0,0,29.620544
3210,172.096537,1.342369,28413.992,43286.164,34529.15,441.50983,297.44604,1285.3984,208.55557,671.92267,467.87885
3225,176.0314828,1.3426102,27.42206,35.91834,28.2202,2829.3943,2953.5679,2636.346,0,0,25.711533
3219,154.0503576,1.3472514,40.53151,35.955406,40.823387,3297.5564,3259.5862,2962.2683,39.147343,39.20051,56.92354
3245,388.1243016,1.360334,0,0,0,27272.924,28987.684,26510.686,0,0,0
3248,393.079616,1.3623549,0,0,0,5390.427,5896.786,5035.226,0,0,0
3254,289.1262561,1.3704133,0,0,0,7738.7314,8042.22,7140.973,0,0,0
3250,305.1001965,1.3704125,0,0,0,1769.2948,960.458,307.62924,0,0,0
3259,102.0469415,1.3744437,0,0,0,2721.9656,2927.0098,2579.4453,0,0,0
3269,325.0899245,1.3764563,0,0,0,1849.8539,1849.5809,975.5591,0,0,0
3291,342.1157548,1.377029,0,0,31.790365,2357.2065,2761.629,2021.1301,0,0,0
3251,152.0571026,1.3779598,491.4953,508.6441,815.40967,1432.4382,856.58496,4528.294,501.10507,1506.6093,3408.2056
3283,204.0425206,1.3784751,0,0,0,1711.3862,1817.053,1612.1981,0,0,0
3284,272.0207287,1.3784689,0,0,0,5365.7,6508.7393,6248.394,0,0,0
3285,228.0613953,1.3784748,0,0,0,1424.3016,1629.2825,1517.4644,0,0,0
3286,283.0140516,1.3784751,0,0,0,4750.1187,4789.634,4907.1147,0,0,0
3287,287.9935036,1.3784751,0,0,0,2570.7153,2512.127,2417.827,0,0,0
3288,304.9961371,1.3784751,0,0,0,4439.9497,4850.121,4604.176,0,0,0
3306,397.1112008,1.3784752,0,0,0,707.53815,935.7922,228.77965,0,0,0
3300,250.0389484,1.3804874,0,0,0,20922.455,23293.205,21402.744,0,0,0
3302,266.0112808,1.3804874,0,0,0,6286.349,6804.9663,6682.2505,0,0,0
3303,315.1053718,1.3804874,0,0,0,7700.074,10300.485,8930.743,0,0,0
3278,131.0507277,1.3812301,0,39.484703,0,12344.639,13268.632,12338.224,23.332575,24.328716,28.839958
3310,226.0242111,1.3825,0,0,0,4771.624,5450.0527,4532.351,0,0,0
3322,251.139241,1.3845243,0,0,0,18318.543,19582.92,17682.004,0,0,0
3376,141.9643515,1.3845354,0,0,0,352.0567,99.847046,90.822266,0,0,0
3396,331.0792689,1.3845243,0,0,0,3486.2935,4554.5767,4061.9016,0,0,0
3325,341.0637984,1.3905869,0,0,0,313.42938,309.25912,478.42874,0,0,0
3334,121.0856166,1.3914883,0,18.94244,0,83450.13,86738.6,78443.164,143.69658,329.18094,295.60745
3275,103.0543305,1.3932004,86.77401,29.628498,77.10665,100966.39,105422.88,97869.9,35.98909,52.49135,33.701385
3282,188.0701177,1.3953288,79.12114,38.239227,43.344227,21780.53,26413.682,25254.95,35.023613,59.034367,31.080624
3279,149.0601488,1.3970603,44.808395,91.43589,55.024025,13373.369,14115.86,14033.383,58.124733,86.498375,42.975517
3264,210.0511387,1.4041014,126.97127,32.349792,0,26263.479,28986.404,27954.893,0,0,0
3296,119.0719452,1.4068382,22.108158,0,35.354862,1917.8651,1541.287,1549.237,0,0,0
3377,305.0998109,1.4071938,0,0,0,1100.8158,260.28976,389.3875,0,0,0
3297,166.0869516,1.417766,956.37616,2644.305,964.17114,1082119.6,1177191.9,1073659.5,1627.5948,1468.3412,1318.6228
3359,287.1104917,1.4208418,0,0,0,34256.875,34592.547,31635.89,0,0,0
3360,303.0845443,1.4208418,0,0,0,14051.081,14942.69,12413.469,0,0,0
3276,120.0813364,1.4223465,585.8484,670.7263,368.52164,984946.56,1043892.9,958787.3,845.9145,415.21564,1294.6005
3369,310.1289839,1.422855,0,0,0,7970.049,7710.744,8053.855,0,0,0
3370,328.1395152,1.422855,0,0,0,48205.297,51397.22,52566.05,0,0,0
3367,121.0653825,1.4231284,194.87476,111.431694,129.14105,6143.4604,6856.922,6330.183,147.1945,137.7387,88.34493
3373,282.1551904,1.4248676,0,0,0,7725.929,8092.3604,7895.8657,0,0,0
3366,350.121525,1.4248676,0,0,0,3286.325,4153.397,5743.199,0,0,0
3387,178.1231594,1.4300033,104910.41,279977.88,103818.38,288144.44,104028.82,280328.25,274996.5,103242.05,267473.72
3371,138.0917417,1.4434073,110.574005,130.43077,188.76587,2931.522,3106.6543,2951.6157,186.3915,193.67393,151.48654
3401,385.0900554,1.446598,0,0,0,16315.65,16544.428,16041.947,0,0,0
3393,209.0485747,1.4469846,3832.342,756.682,2216.841,0,0,0,0,0,0
3408,364.160677,1.4506397,0,0,0,32310.53,37464.31,32346.523,0,0,0
3409,369.1161239,1.4506468,0,0,0,53657.48,58052.375,52108.965,0,0,0
3390,231.0306148,1.4510971,672.6851,59.819035,159.29613,0,0,0,0,0,0
3406,167.0705857,1.4538252,196.39368,193.11148,274.46167,21981.016,24189.52,20833.998,189.65027,123.598656,229.1337
3419,329.1232292,1.4566988,0,0,0,1314.0865,1449.2034,1286.7319,0,0,0
3427,289.0687287,1.4607354,0,0,0,482.2484,569.8633,455.47565,0,0,0
3428,191.0794491,1.4607564,0,0,0,2047.791,1909.7869,1666.6862,0,0,0
3435,169.0964229,1.4609225,26.984762,24.846718,0,2693.7717,2319.1868,2359.074,26.670383,24.336754,0
3430,268.139879,1.4697168,0,28.853058,0,584.54724,585.174,262.60764,0,0,0
3467,166.0491235,1.4700359,0,21.121273,0,393.38315,704.71515,735.57806,24.101635,0,19.156885
3458,407.1530317,1.495464,0,0,0,5071.87,5600.2803,4385.0596,0,0,0
3461,385.170771,1.4975153,0,0,0,1315.7684,2304.8691,2234.135,0,0,0
3466,144.0659068,1.5010221,656.5432,1350.8801,209.34213,25665.127,23880.803,24273.68,151.41855,289.9499,126.18251
3468,473.1064249,1.510476,0,0,0,227.38791,70.52033,492.28455,0,0,0
3471,452.1770499,1.5166057,0,0,0,4031.7563,4327.8022,4281.8354,0,0,0
3472,457.1309842,1.5167446,0,0,0,1678.8286,1850.4143,1673,0,0,0
3482,158.0816925,1.5342793,161.01846,105.18057,194.46555,39048.6,39308.277,37548.336,220.55554,182.28905,206.49263
3489,441.1739298,1.5395113,0,0,0,1376.7665,2523.4878,2011.042,0,0,0
3488,436.2185603,1.5395169,0,0,0,2785.9355,2733.473,2132.6558,0,0,0
3490,394.171506,1.5436106,0,0,0,5930.013,6455.9624,6515.0225,0,0,0
3491,399.1268262,1.5436106,0,0,0,4942.1655,4947.196,5578.4116,0,0,0
3492,415.1006977,1.5436411,0,0,0,1194.4136,1375.7484,1160.7627,0,0,0
3495,359.1334651,1.5452976,0,0,0,824.66003,895.0803,807.8103,0,0,0
3486,204.1600548,1.5540689,82.42458,39.7234,64.60974,9468.008,9809.658,8886.9,36.28047,41.42444,48.23834
3507,209.1025814,1.5715495,2559.83,691.9994,1529.0145,7614.5713,4136.672,4049.662,239.78696,529.1907,792.21924
3506,226.1291048,1.5729654,870.1949,210.80913,485.16278,2489.7966,1202.4796,1294.6759,97.863884,97.242714,56.820904
3498,180.0641195,1.5735424,0,25.233908,0,4166.0522,4509.5225,4006.03,31.603987,21.555264,20.257322
3519,231.0846887,1.5759057,2408.6658,1426.4264,1987.3317,7283.348,3956.588,3850.8865,1182.4565,753.4302,1327.0273
3526,282.1552687,1.5777217,0,0,0,2524.601,2423.0754,2276.487,0,0,0
3531,287.1106383,1.5794448,0,0,0,7894.4487,7863.485,6939.3706,0,0,0
3533,443.1167182,1.5794517,0,0,0,3900.253,3757.3936,3504.0542,0,0,0
3542,459.0903972,1.579471,0,0,0,352.34668,86.92616,233.2807,0,0,0
3541,421.1341871,1.58564,0,0,0,1819.5256,2068.9622,1750.0013,0,0,0
3575,211.0840664,1.5891886,439.2058,0,0,0,27.149761,35.87889,0,0,28.716759
3548,212.149793,1.5946867,4039.6658,6165.73,4334.9326,3182.256,3207.1372,3904.88,2732.6265,3051.839,3352.3833
3556,195.1231843,1.5953796,34038.598,50815.4,44259.41,28595.623,25825.412,32980.797,38328.004,34359.508,38921.99
3567,242.1006781,1.5954672,32.97974,0,0,3220.143,3513.5994,3310.9966,0,0,0
3601,176.9801608,1.6023796,62.553,29.826698,0,60.980423,55.90657,343.88696,53.81697,55.24433,33.13346
3588,369.0586637,1.6102363,0,0,0,309.417,265.19153,367.2432,0,0,0
3576,226.1063771,1.612032,2533.3484,43.79117,43.128483,35.943447,32.47719,35.72106,0,0,0
3585,305.1000176,1.6122712,0,0,0,1216.5137,1523.6438,1259.0576,0,0,0
3591,348.1294478,1.6143113,0,0,0,2862.2268,3111.2405,3048.6155,0,0,0
3592,353.0847805,1.6143113,0,0,0,4228.6523,4018.029,3599.5796,0,0,0
3593,289.1263435,1.6143489,0,0,0,5677.415,5878.459,5476.8545,0,0,0
3580,220.1186501,1.6154279,47.36778,64.3683,61.35148,15794.692,16028.127,14859.788,33.154594,68.70681,64.365074
3599,206.0451414,1.6184143,0,0,0,18052.883,20103.787,18355.064,0,0,0
3600,228.0270047,1.6184143,0,0,0,1130.5066,1497.4214,1186.9031,0,0,0
3605,372.187144,1.6204642,0,0,0,3270.5837,3230.1238,3158.4055,0,0,0
3574,195.1134208,1.6259706,982.70624,58.02603,211.71104,55.417595,319.49557,56.89682,77.61102,85.85868,36.38379
3561,204.1236523,1.6305503,2945.0051,424.4072,1104.5548,1259.4772,1363.9868,1239.002,514.95215,665.33246,472.88632
3620,287.0795232,1.6323175,0,0,0,758.38306,702.776,866.41345,0,0,0
3614,234.1126421,1.6323342,0,0,0,692.3036,408.00897,671.4626,0,0,0
3622,273.1213504,1.6326962,0,0,0,3365.096,3469.0571,3144.9602,0,0,0
3572,173.1286524,1.6342888,1782.6704,32.365845,34.056076,27.687538,36.056824,61.87728,0,0,0
3624,271.1055311,1.6347328,0,0,0,1418.2545,1381.255,1288.7374,0,0,0
3627,249.1237216,1.6364044,0,0,0,10590.167,10003.125,9828.566,0,0,0
3632,355.1021212,1.6384225,0,0,0,1480.4026,1730.2671,1553.8079,0,0,0
3621,251.1397832,1.6402826,0,0,0,90367.86,93801.02,90290.24,0,0,24.995869
3635,157.084643,1.6426653,6836.8516,6582.97,5388.292,2656.021,2220.7627,6987.813,6912.917,4509.995,4346.853
3689,186.1130517,1.6463631,6840.369,7558.1245,3949.8867,522.01697,301.6437,520.6647,487.5692,471.39908,719.2345
3606,377.1419081,1.6497636,0,0,0,820.51056,598.5842,470.99374,0,0,0
3653,390.1402195,1.6526891,0,0,0,2762.3328,3286.8323,3067.3647,0,0,0
3657,335.1451945,1.6546737,0,0,0,2572.939,2705.5544,2422.0417,0,0,0
3660,388.1242812,1.6547127,0,0,0,7012.176,7492.0337,6898.0713,0,0,0
3652,371.0969453,1.6547337,0,0,0,247.35928,657.9464,592.7452,0,0,0
3661,393.0796651,1.6547337,0,0,0,1046.5643,926.31476,899.0981,0,0,0
3662,441.1744465,1.6547337,0,0,0,1696.2012,1820.4448,1199.8416,0,0,0
3666,436.2184255,1.6567574,0,0,0,1937.739,2418.1965,1812.3857,0,0,0
3667,340.1006366,1.658742,0,0,0,1545.6432,1507.4045,1201.3134,0,0,0
3535,152.1286015,1.6643476,1027.4486,1228.3701,1084.1395,777.6912,599.79846,1019.9719,195.53278,443.76276,203.97903
3679,305.1234704,1.6648921,0,0,0,957.1037,925.28864,365.1787,0,0,0
3682,327.1054362,1.6690044,0,0,0,1539.8589,1613.9065,1150.3264,0,0,0
3703,182.0813227,1.6690886,9435.167,566.7975,1667.6992,1793.877,1883.0803,1638.7087,293.00717,481.86438,207.98111
3699,358.128303,1.6701319,21.981606,0,0,1419.5117,1375.9681,1353.6284,0,0,0
3690,302.1969918,1.6758586,15998.615,4792.245,5114.2773,152.60356,180.11351,56.88883,38.683647,44.481773,35.254936
3698,320.1708999,1.6793733,0,0,0,17125.662,16767.324,15505.379,0,0,0
3613,342.1529243,1.6820412,0,0,0,6055.6694,5997.053,4440.569,0,0,0
3705,317.1003394,1.6868134,0,0,0,1795.1475,2218.5283,2223.5615,0,0,0
3707,301.1261845,1.6888496,0,0,0,6052.403,6121.159,5783.714,0,0,0
3735,142.0867003,1.6948466,20702.283,2565.574,2999.1018,1686.1104,1802.3163,1642.894,274.0143,462.821,280.90167
3726,299.0532259,1.7059721,0,0,0,362.57578,467.4093,358.14355,0,0,0
3723,283.0794415,1.7059907,0,0,0,845.01025,831.98663,659.3524,0,0,0
3724,372.1871617,1.7059907,0,0,0,3180.0347,3161.4158,2966.5154,0,0,0
3725,377.1422752,1.7059907,0,0,0,825.4991,844.11786,673.68713,0,0,0
3728,278.1238927,1.7101129,0,0,0,381.6258,209.23576,344.2734,0,0,0
3733,198.0535767,1.7149142,708.4462,0,0,0,0,0,0,24.020233,0
3737,160.0972792,1.7150161,10048.733,1749.7958,1757.5098,1180.0267,1600.3177,738.0703,320.793,405.62106,1051.3896
3764,284.170622,1.7154851,0,0,0,803.82916,828.6616,483.62878,0,0,0
3801,166.0869399,1.7177355,29538.678,1339.0769,433.0611,2720.4521,4506.2354,2452.4795,819.6192,246.89258,630.9957
3744,338.1813378,1.728744,0,0,0,180.1387,360.57437,510.32236,0,0,0
3731,125.0603571,1.7295141,13288.4375,2408.1772,1156.1661,739.8917,740.6915,1425.0173,285.3923,3870.7664,892.8109
3755,353.0641827,1.7328614,0,0,0,685.8955,756.31116,663.4371,0,0,0
3752,359.1109106,1.7346282,0,0,0,619.059,792.30945,640.4585,0,0,0
3758,337.0897917,1.7349739,0,0,0,3381.2307,3819.4055,3231.4949,0,0,0
3759,332.1344421,1.7367407,0,0,0,14842.365,16487.992,15135.985,0,0,0
3767,289.1264066,1.7443018,0,0,0,3973.4724,3976.375,3575.1199,0,0,0
3768,305.1001129,1.7443018,0,0,0,835.8323,882.4291,509.77905,0,0,0
3770,267.1445339,1.7463158,0,0,0,850.01074,779.9699,927.00305,0,0,0
3781,117.0916714,1.7496214,1661.4645,1831.7028,1492.8177,1132.3673,982.6766,1495.3115,138.61746,790.0141,602.5429
3780,157.0841502,1.7528133,18314.713,21325.658,16760.182,7603.8433,9093.469,12251.2,15679.697,7820.193,10115.861
3784,135.1020891,1.7542075,7198.541,7313.658,6492.783,6491.8647,3633.4045,5100.2437,3890.679,3477.2554,2638.8354
3775,184.0968449,1.7543781,7754.744,177.37807,111.71092,231.20822,304.02002,51.75026,48.36979,26.506401,56.364655
3791,152.1286302,1.7561377,2750.3745,3550.7676,3342.8188,1513.4293,1253.1228,2161.7488,1193.8158,1283.9841,1595.227
3823,182.0584397,1.7566237,8281.719,33.56547,58.34288,0,0,25.51939,0,0,0
3793,261.0771221,1.7570108,0,0,0,852.7618,1046.3263,1013.92566,0,0,0
3785,173.0581012,1.7574244,503.52368,646.84314,559.2198,243.14088,67.84944,407.9814,175.26945,123.66832,106.599625
3778,239.0920406,1.7612299,86.42226,41.94203,33.524963,8919.68,9682.384,8867.626,130.60301,41.302704,45.940624
3783,231.1702081,1.7613264,12624.317,1588.1237,1641.8623,1189.3923,1318.8003,1183.5507,38.001762,0,33.929535
3788,184.0740134,1.7659439,3172.0693,281.89365,220.4561,29.394672,34.717476,35.890812,0,20.323101,0
3824,253.1532504,1.7716398,3500.2642,228.13173,342.32892,0,0,0,0,0,0
3825,269.1266079,1.7751093,728.3529,0,41.377,0,0,0,0,0,0
3800,127.0761363,1.7819903,14920.618,549.8043,774.78625,1715.7573,1033.3683,597.52893,889.021,1243.331,347.97247
3786,128.1074818,1.7834123,6513.9346,1310.955,998.04395,258.16772,117.17203,494.0833,95.69179,264.80655,138.35034
3833,226.1062822,1.7854927,4676.083,27.495472,31.648342,43.04418,0,0,0,0,0
3837,242.0797047,1.7874364,483.7786,0,0,0,0,0,0,0,0
3798,168.101676,1.788465,17706.16,1348.0018,1621.0021,100.2899,89.165985,57.321518,67.53207,35.922215,77.469894
3839,342.1550802,1.7888683,0,0,0,2686.35,2963.7034,2547.814,0,0,0
3919,115.0520642,1.7934341,122.04845,99.66334,227.04799,3749.0537,3724.6719,3583.2444,178.04062,233.07579,99.52002
3832,186.1130973,1.7948295,4870.1235,327.47675,1325.1401,289.76392,406.86182,583.97174,1073.1417,477.45813,766.90784
3845,380.1111306,1.7949649,0,0,0,7063.4375,6616.802,5798.9707,0,0,0
3848,364.1371572,1.7990066,0,0,0,12448.015,12649.057,11168.639,0,0,0
3794,144.102288,1.7992496,53334.902,5403.3184,7733.7515,284.63007,236.80504,892.60803,610.1774,523.57465,312.7615
3925,205.1195165,1.8020554,35.86518,0,25.811909,6726.274,8023.6953,6579.8926,0,34.223488,0
3855,413.0850651,1.8090857,0,0,0,2987.299,2824.25,2485.8074,0,0,0
3885,205.112356,1.809625,0,0,40.025032,6739.5347,5643.7305,6585.645,41.276867,0,26.581974
3920,118.0658832,1.8110205,226.21283,443.36597,155.6792,33051.914,34425.875,32495.545,162.1294,278.22278,203.30045
3859,397.1111057,1.8111044,0,0,0,9726.316,10593.051,9845.365,0,0,0
3844,146.1179097,1.8130594,20372.594,1826.9056,1861.0835,13479.126,13767.276,13173.973,48.53179,49.19559,81.67615
3867,249.0612538,1.8151301,0,0,0,23779.21,28061.027,24500.146,0,0,0
3936,142.0631409,1.816249,35.757675,24.253704,0,3210.7427,3183.4534,3125.073,24.540522,21.561054,22.843824
3967,133.0975225,1.8165915,221.3726,256.85474,536.9798,1130.0984,3116.137,3040.001,1376.4152,446.32877,461.74152
3877,237.087241,1.8171481,0,0,0,12731.664,12753.395,13543.796,0,0,0
3879,259.0694928,1.8171481,0,0,0,1247.8217,1434.2823,840.08514,0,0,0
3889,219.0766807,1.819119,0,0,0,889.30835,1309.1428,1136.4368,0,0,0
3891,289.0498212,1.8191181,0,0,0,16695.3,19321.018,18334.63,0,0,0
3892,311.0315969,1.8191181,0,0,0,4113.577,4590.9697,4437.0327,0,0,0
3921,132.0784853,1.8196555,450.2392,361.36255,122.58645,23149.672,24709.014,21844.893,365.4237,269.88007,189.7174
3901,300.0432349,1.821094,0,0,0,1579.6885,1938.459,1800.407,0,0,0
3903,344.0070489,1.821094,0,0,0,3081.2063,3650.6118,3591.7913,0,0,0
3906,159.0919076,1.8211308,0,0,0,41725.812,44327.1,41608.51,0,0,0
3911,221.0924104,1.8211364,0,0,0,4066.0508,3960.4985,3880.037,0,0,0
3880,304.0140686,1.821137,0,0,0,1592.932,2184.5168,325.57538,0,0,0
3836,204.1237606,1.8224441,10518.942,769.20135,524.70874,555.81256,928.0499,402.6262,1812.2242,1072.9799,717.49414
3928,162.0548016,1.822478,0,0,0,432.59686,1872.0077,1111.6735,0,25.459839,0
3927,431.1688867,1.8231064,0,0,0,1207.457,1533.4197,1361.8154,0,0,0
3929,226.0846375,1.8243967,8788.756,0,0,0,0,0,0,0,0
3935,409.1874033,1.8251247,0,0,0,16362.914,18994.03,14684.211,0,0,0
3939,243.0533437,1.8271433,0,0,0,60486.1,61349.04,53757.316,0,0,0
3942,389.132681,1.8271433,0,0,0,4856.097,5219.803,5656.967,0,0,0
3945,301.1261024,1.8291129,0,0,0,8528.769,7640.2163,6939.9688,0,0,0
3946,329.1209542,1.8291191,0,0,0,4232.792,3639.861,3826.899,0,0,0
3860,210.1126362,1.830523,15400.383,140.17612,110.91925,77.02341,155.74727,89.113266,169.67126,136.45152,75.92352
3952,581.1745528,1.8310885,0,0,0,762.02795,1090.677,870.4292,0,0,0
3948,317.1000608,1.8311425,0,0,0,2876.2927,2405.7917,2615.053,0,0,0
3910,227.0794248,1.832607,0,32.352142,27.39822,150236.12,168651.17,154419.97,0,0,0
3954,259.0581174,1.8331074,0,0,0,1390.7845,863.95245,1425.7786,0,0,0
3951,345.0950683,1.8331066,0,0,0,1716.0469,1914.7516,2408.232,0,0,0
3955,369.0818645,1.8350768,0,0,0,3760.283,3087.0242,4197.0273,0,0,0
3956,367.1504987,1.8350878,0,0,0,35935.84,39733.074,39082.31,0,0,0
3957,559.1934087,1.8350878,0,0,0,9835.592,11537.773,10380.014,0,0,0
3959,303.1417594,1.8351191,0,0,0,4031.0486,4017.272,3430.255,0,0,0
3968,335.075375,1.8371059,0,0,0,1493.0087,2860.8948,2530.7205,0,0,0
3963,404.1191343,1.8371004,0,0,0,3116.323,4083.396,3638.6387,0,0,0
3964,305.0999741,1.8371545,0,0,0,2426.7012,2684.6687,2318.6228,0,0,0
3973,372.1304037,1.8391185,0,0,0,6934.098,7306.814,6722.568,0,0,0
3974,454.0195746,1.8391241,0,0,0,3052.257,4156.6343,3943.5254,0,0,0
3905,146.060421,1.8406173,84.95182,180.63765,129.47849,72095.92,76232.99,69887.42,152.66681,125.52889,191.29541
3985,355.1026643,1.841142,0,0,0,318493.6,372903.34,350113.22,0,0,0
3986,370.1136537,1.841142,0,0,0,61973.812,72999.75,69609.44,0,0,0
3987,375.0690516,1.841142,0,0,0,31571.102,37225.668,35231.902,0,0,0
3988,377.0847418,1.841142,0,0,0,116703.04,138922.1,128136.15,0,0,0
3989,391.0427663,1.841142,0,0,0,9601.185,10327.615,10111.039,0,0,0
3990,393.0587352,1.841142,0,0,0,15727.707,17823.582,16463.979,0,0,0
3993,386.1085435,1.8411531,0,0,0,5108.97,5377.9204,6328.74,0,0,0
3994,731.1807655,1.841142,0,0,0,3118.375,4763.8354,3641.1292,0,0,0
3944,289.1260295,1.843087,34.27023,0,0,7214.4385,6607.956,6054.719,0,0,0
4147,353.0870522,1.8431658,0,0,0,24825.287,26836.932,27115.275,0,0,0
4001,399.0668814,1.8431658,0,0,0,11307.376,13921.694,12906.554,0,0,0
4004,729.1653206,1.8431658,0,0,0,2714.8552,3324.6133,3064.626,0,0,0
4021,391.064636,1.843758,0,0,0,2562.9434,3069.354,2708.0034,0,0,0
3962,751.1458671,1.8437594,0,0,0,686.45135,1144.159,728.6988,0,0,0
3983,163.0393687,1.8442923,0,0,0,420315.16,485624.94,465955.06,20.054955,28.398613,0
4007,230.1406123,1.8444947,639999.5,622346.5,629438.7,758852.4,741971.25,746608.1,589204.2,605682.75,613158.56
4010,476.001481,1.8451892,0,0,0,1076.6462,1995.6913,2227.7908,0,0,0
4014,330.1188585,1.8457829,0,0,0,1647.8892,3045.8179,2057.8223,0,0,0
4020,397.0506927,1.8478066,0,0,0,6327.5757,7405.0127,6470.313,0,0,0
4046,265.1561253,1.8478973,0,0,0,13644.812,13712.098,12976.469,0,30.726542,0
4008,224.0901994,1.8483988,1313.5222,29.798134,35.58029,1062.0817,409.55563,269.31827,24.135437,28.933996,35.99793
4025,202.1078291,1.8507235,17250.45,2730.8147,1454.0845,7428.3447,4114.2466,2414.679,7498.179,4766.191,2864.5474
3904,144.0812936,1.8525321,28.12594,0,26.713451,39332.46,40122.438,38405.46,25.41307,33.879414,28.578405
4033,417.1755863,1.8530498,0,0,0,2581.627,2217.3232,2134.3064,0,0,0
4034,439.158089,1.8530498,0,0,0,2318.0088,2314.5938,1611.7628,0,0,0
3978,243.0847002,1.8537856,679.5115,321.93893,171.96396,5299.0317,6396.0303,5080.5776,498.4828,1058.6101,129.15483
3930,205.0835292,1.8539685,82.72669,34.885796,72.88668,6782.308,4804.187,6154.0767,117.003845,64.187515,65.25795
3933,188.0548352,1.8558944,0,0,29.08321,8543.092,8302.221,8135.161,29.388306,0,0
4024,185.0811154,1.8569745,1286.05,156.91525,142.97464,312.46185,98.39896,256.73962,214.1803,90.85551,281.69836
4015,205.0978559,1.8572038,828.2506,720.8988,168.41998,1069181.2,1143232.8,1014545.06,133.97203,504.932,252.72237
4051,431.0956105,1.8578197,0,0,0,971.8153,696.0338,833.03937,0,0,0
4029,188.0709892,1.8681338,144.6176,256.30005,1033.6606,1352512,1429850.6,1320921.6,808.88837,374.71738,283.8168
4068,270.1555099,1.8792672,8862.214,5635.4556,8320.141,9000.062,5982.913,5868.082,4550.54,6220.147,6164.7974
4074,253.1289529,1.8812665,10619.846,8083.5186,7765.758,10338.955,7121.6123,7538.762,6308.062,6896.961,6722.1445
4062,275.1108645,1.8813013,940.0664,140.46292,451.17947,2103.764,997.40344,742.3161,199.28767,227.54259,359.29886
4088,385.1862199,1.891138,0,0,0,5248.663,5843.58,4820.819,0,0,0
4091,415.1214552,1.8911489,0,0,0,1151.9347,1315.148,1175.6449,0,0,0
4093,239.1495161,1.8921078,42170.58,60724.21,29168.266,56573.23,37707.03,51168.047,27979.434,26704.777,25403.494
4096,441.1530082,1.8931726,0,0,0,11298.583,11437.164,10390.814,0,0,0
4097,425.1787745,1.8931746,0,0,0,27697.299,28381.873,25221.11,0,0,0
4098,256.1760987,1.894204,15160.239,15449.457,11355.503,14755.119,11282.594,13400.499,14584.377,14258.446,9523.573
4103,403.1969476,1.8952093,0,0,0,4821.0503,5218.7505,4580.189,0,0,0
4104,410.1662125,1.8952093,0,0,0,4857.1997,5859.6533,5479.7183,0,0,0
4105,420.2234998,1.8952093,0,0,0,21051.648,22280,20936.852,0,0,0
4114,367.1004697,1.9032856,0,0,0,6123.5684,6612.3936,5779.0205,0,0,0
4115,383.0746855,1.9032856,0,0,0,1732.2534,1724.4961,1454.7185,0,0,0
4102,223.1332311,1.9089205,248.90929,408.7489,212.77457,18104.568,18381.867,17368.244,380.9167,171.41257,160.45183
4152,208.1335321,1.9149903,443.8763,366.59354,276.64728,2781.4292,2020.997,2979.5127,435.37576,283.5102,451.97073
4129,190.1443291,1.9193807,560.78094,62.544365,76.46197,99.80369,53.258053,101.34714,110.55073,39.219147,56.78071
4163,214.1071665,1.9200826,56.440815,50.83351,55.16935,1866.1515,1950.2598,2827.9087,54.61802,56.9621,54.945152
4202,260.1500411,1.9207492,3111.2883,524.9126,300.39297,1148.6838,866.06433,1286.4918,187.04224,248.52322,101.44853
4160,204.1237101,1.9210496,21607.205,3042.546,3106.2285,429.04507,522.3329,1154.3481,516.0954,2092.2886,942.64105
4130,212.1280367,1.9281247,1267.1927,33.61779,34.792603,42.578526,72.13223,68.27316,0,34.506233,27.920946
4155,226.1054228,1.9389127,7699.363,75.59337,44.912445,0,0,0,0,0,0
4195,234.0976893,1.9410032,0,0,33.924805,6206.2812,6044.763,6115.0693,0,0,0
4216,158.0816801,1.9419253,97.306625,378.04236,318.38022,10909.864,8936.707,7964.058,87.775986,279.01035,131.10965
4162,152.128645,1.9446542,931.76697,1005.96594,713.8506,505.45767,441.5031,627.8671,1071.2145,1024.2706,1332.7432
4167,135.1020694,1.9460356,16881.555,15625.0205,11489.926,10247.981,10999.823,9929.031,18057.217,21057.758,21320.457
4214,180.0646355,1.9487917,28.724392,0,0,366.19717,442.92975,328.381,0,0,0
4180,236.0532568,1.9518129,0,0,0,807.102,827.5659,809.6988,0,0,0
4182,368.1322466,1.9518129,0,0,0,699.8715,935.1883,626.8567,0,0,0
4188,328.1396306,1.9538817,0,0,0,2181.7224,2302.7476,2154.1687,0,0,0
4173,214.0706245,1.9554081,0,0,25.952648,271.22778,613.0519,456.4788,0,31.018484,0
4196,256.0794868,1.9559692,0,0,0,901.3315,1050.8667,977.00775,0,0,0
4304,429.2109067,1.9580199,0,0,0,2991.0437,4321.917,3564.4937,0,0,0
4199,445.1837908,1.9580199,0,0,0,900.6444,701.87036,826.0612,0,0,0
4176,236.0902925,1.9640595,23.737396,0,0,325.03882,77.58017,348.02975,0,0,0
4208,315.1417818,1.9642318,0,0,0,1355.3116,1540.2329,1366.6781,0,0,0
4209,331.1163677,1.9642318,0,0,0,544.60504,466.92432,489.07523,0,0,0
4194,300.1445239,1.9659036,272.63297,0,34.24462,46.983063,62.01787,30.193874,0,0,0
4262,449.1927687,1.9696747,0,0,0,382.00195,478.523,84.13757,0,0,0
4226,529.13287,1.9700857,0,0,0,313.00446,338.2958,419.38705,0,0,0
4149,186.1493431,1.9701352,27.968613,32.472973,24.020306,15352.125,15897.316,15689.974,71.51352,55.43483,0
4232,314.1815495,1.9727947,8644.701,9445.5,7928.236,7737.725,8092.152,9559.316,8320.662,8599.644,9991.394
4234,297.1552507,1.9755617,1910.225,1676.9686,1580.3633,2085.0657,1956.8842,1882.6667,1571.6824,1481.3622,1786.8201
4371,508.2035035,1.9763197,0,0,0,3389.1528,3439.425,3519.2944,0,0,0
4368,513.1588889,1.9783782,0,0,0,2468.3179,2838.5574,2989.8218,0,0,0
4243,327.1053899,1.9804379,0,0,0,1132.5625,1212.3129,1080.9375,0,0,0
4246,339.0859423,1.9804505,0,0,0,750.41583,634.809,495.0839,0,0,0
4244,343.0797297,1.9804505,0,0,0,489.53198,495.37195,499.48297,0,0,0
4257,360.1298972,1.9805083,0,33.07979,36.10013,527.6427,622.93195,619.2968,0,39.255302,0
4247,318.1552323,1.9825073,0,0,0,3048.7046,3180.1885,2767.9998,0,0,0
4248,365.0847255,1.9825073,0,0,0,4467.772,4719.582,4632.32,0,0,0
4249,381.0585483,1.9825101,0,0,0,677.7348,625.8617,678.57947,0,0,0
4256,323.1103489,1.984567,0,0,0,1554.8215,1534.0178,1262.7603,0,0,0
4254,511.0858655,1.984567,0,0,0,576.6616,567.91034,428.18585,0,0,0
4259,495.1117615,1.9866982,0,0,0,2590.7075,2793.6487,2523.6086,0,0,0
4260,473.1296558,1.9908663,0,0,0,540.53705,484.29587,454.9642,0,0,0
4306,213.07476,1.9941279,161.81433,109.628204,41.43193,2403.6138,2642.4348,2230.7415,186.94452,94.24525,206.13423
4277,340.0800936,2.0012023,0,0,0,294.75735,357.18756,193.39037,0,0,0
4294,258.1108474,2.0015793,2302.5002,267.1499,521.647,574.851,438.245,403.12512,279.9462,390.5944,203.25186
4278,302.1241594,2.0032983,0,0,0,2944.088,2941.4756,2827.7427,0,0,0
4279,324.1058884,2.0032983,0,0,0,1642.5613,1838.544,1571.9266,0,0,0
4283,427.2082174,2.005945,0,0,0,929.824,1043.6704,493.88293,0,0,0
4299,181.0858658,2.0060053,1075.8224,222.37985,524.4423,21887.354,23043.555,20726.213,488.50467,173.25961,124.05392
4289,226.0846359,2.0106442,13443.726,392.4374,546.0101,0,0,0,0,0,0
4296,378.1765154,2.0121102,0,0,0,19962.047,20788.574,19401.459,0,0,0
4300,383.131833,2.0147574,0,0,0,23767.758,23772.336,21583.213,0,0,0
4301,399.1058836,2.0147574,0,0,0,10199.01,10678.7,10307.772,0,0,0
4315,486.1587439,2.0215375,0,0,0,624.7532,631.2189,648.8852,0,0,0
4314,499.1215037,2.0215375,0,0,0,674.89075,821.5719,686.7524,0,0,0
4317,339.1078732,2.023562,0,0,0,15751.993,18313.693,19304.42,0,0,0
4318,478.1927579,2.023562,0,0,0,3181.6597,3557.0989,3757.6443,0,0,0
4319,481.2038301,2.023562,0,0,0,2874.058,3217.4258,3089.076,0,0,0
4320,483.1480744,2.023562,0,0,0,3418.5972,4273.691,3920.4834,0,0,0
4323,568.2254699,2.025601,0,0,0,2926.587,3130.052,2651.9006,0,0,0
4328,573.1811321,2.0256011,0,0,0,307.23416,422.6052,346.08786,0,0,0
4312,188.1286951,2.026379,17696.707,1340.2305,2520.3298,3412.68,2656.8315,1932.9353,1322.0452,1411.819,1349.0476
4358,143.0706789,2.0267766,1818.8352,803.70795,462.35962,869.7159,860.7301,996.1809,587.99786,338.10626,159.55978
4329,307.0694854,2.027653,0,0,0,504.50443,464.7981,946.996,0,0,0
4327,572.235756,2.0291574,0,0,0,5123.1406,5223.5723,4668.7534,0,0,0
4331,291.0958357,2.0297108,0,0,0,1123.4508,1395.8661,1759.8209,0,0,0
4293,242.138821,2.0308695,5072.3257,53.155983,169.23367,101.59156,47.36574,54.631416,126.856804,58.097168,72.40233
4336,577.1909739,2.0332372,0,0,0,2394.9785,2540.5605,1854.3977,0,0,0
4297,210.1122877,2.033646,32243.291,984.3064,1591.1672,656.88556,865.63745,554.9528,166.65404,97.26213,127.45715
4339,348.2021971,2.035847,0,0,0,3063.664,3631.919,5122.928,0,0,0
4341,370.1842666,2.0358803,0,0,0,290.85605,314.93915,424.28574,0,0,0
4351,160.0972848,2.0396054,9354.721,1940.6572,2097.283,3001.403,3544.5845,2736.4585,657.0595,721.98083,397.95306
4326,212.0910683,2.0439506,53.60511,0,0,449.91083,144.2311,187.76173,0,0,0
4350,287.1370069,2.0461664,0,0,0,7666.4546,6982.1577,7606.309,0,0,0
4376,208.096192,2.0467362,1451.0876,32.183647,0,63.319057,32.124985,37.983627,0,21.319983,28.344872
4354,303.1109021,2.048217,0,0,0,2434.1848,2506.2095,2418.521,0,0,0
4334,251.1026963,2.0487418,26.758148,0,0,868.6871,922.95044,1278.5212,0,34.5423,0
4374,111.0447274,2.049166,3268.0234,681.6866,1105.4431,1069.1241,908.4847,697.08466,488.47552,357.49042,920.3358
4413,300.1444257,2.0506961,511.74075,0,34.24462,0,29.190975,41.113174,0,0,0
4382,128.0711933,2.0526803,4988.6655,956.938,905.0946,605.9015,159.32094,219.54945,242.60066,249.68907,182.98195
4377,309.0970972,2.0564804,0,0,0,982.0572,890.4371,731.942,0,0,0
4379,374.1454026,2.0580106,0,0,0,682.7587,322.54413,581.3699,0,0,0
4381,425.1788385,2.0585387,0,0,0,5032.1904,5333.9937,4818.8765,0,0,0
4387,403.1969275,2.060597,0,0,0,3287.9775,3623.6719,4390.922,0,0,0
4388,441.1528351,2.0606132,0,0,0,1098.9482,1322.4023,1228.249,0,0,0
4399,236.0323343,2.0626714,0,0,0,583.03906,404.56146,230.57643,0,0,0
4400,553.2109037,2.0626757,0,0,0,311.32782,392.4904,358.22147,0,0,0
4437,161.0815624,2.062994,97.235756,22.736454,0,1640.9751,1593.6669,1223.5974,22.045938,21.461742,19.146671
4348,177.0550141,2.0629992,23.805159,25.180119,0,3273.018,3372.29,3446.9136,27.136082,24.328749,30.19806
4404,548.2563445,2.0647242,0,0,0,3758.9224,3852.9019,3257.5137,0,0,0
4398,186.1130863,2.065895,7351.259,849.9802,392.43964,819.5409,440.1844,334.43005,822.02325,508.2056,273.77625
4408,220.0585126,2.0667865,0,0,0,3646.972,3765.2869,2851.607,0,0,0
4349,265.1548926,2.0673501,123.46271,0,0,43262.61,43107.902,45593.527,0,0,0
4391,349.0897426,2.0687122,0,0,25.13675,222.48102,263.72238,164.49408,0,0,0
4414,391.1581588,2.068847,0,0,0,885.2461,910.18286,342.7254,0,0,0
4416,336.1081614,2.0729706,0,0,0,685.8189,793.38745,740.00507,0,0,0
4423,386.2027492,2.0750282,0,0,0,4298.727,4623.607,4202.4375,0,0,0
4425,353.1355771,2.075042,0,0,0,3529.367,3736.42,2514.9827,0,0,0
4427,146.060488,2.0766585,1379.4993,1295.1058,550.7645,10829.391,10230.313,11942.736,571.5985,783.12286,1303.823
4407,198.076184,2.080694,0,0,27.422533,9142.408,8827.225,6922.3784,0,21.964233,23.413765
4468,209.1278145,2.0821204,7258.223,586.16797,773.40076,111.50411,31.917055,75.383224,0,18.735401,29.146204
4421,260.1500813,2.0845544,5953.0586,655.58844,354.10965,615.5301,381.17206,127.64664,210.80869,147.0607,181.83545
4438,379.1003542,2.0853744,0,0,0,570.0983,751.81384,593.24457,0,0,0
4444,287.0898093,2.0895212,0,0,0,566.441,596.33215,483.9371,0,0,0
4434,310.1865065,2.0897639,0,0,0,83.74913,366.61096,295.83167,0,0,0
4375,182.0812691,2.0931854,3634.2764,539.61017,226.9553,678.04626,1015.7961,1277.8982,169.51326,154.01904,63.375877
4397,168.1027311,2.0986214,1169.3795,80.42461,101.71956,89.38211,318.08197,140.40482,91.74461,109.172005,116.43521
4439,315.1426036,2.098749,0,0,0,1448.974,1770.6702,1380.7815,30.502754,0,0
4443,271.1169965,2.1010072,136.06741,34.796535,33.350468,2092.0835,2143.3315,1723.8315,33.760582,67.71153,31.550877
4461,422.1428594,2.1028032,0,0,0,2027.6464,1868.6174,1144.1963,0,0,0
4457,225.0999326,2.1037173,2681.3442,44.64648,328.89896,37.99996,137.22227,51.588173,42.48809,15.092953,0
4464,438.1169556,2.1054623,0,0,0,599.5131,584.0304,320.44846,0,0,0
4467,187.1446174,2.1075182,7736.81,610.7825,718.3217,25.398045,0,0,0,0,0
4471,200.0689979,2.1123283,2509.1414,0,0,0,0,0,0,0,0
4473,369.166995,2.1157868,0,0,0,8377.866,8364.103,7943.1235,0,0,0
4474,590.2461385,2.1157868,0,0,0,555.26984,557.637,559.4985,0,0,0
4478,391.1479921,2.1178465,0,0,0,749.9319,700.03217,516.0181,0,0,0
4481,455.2258785,2.1198769,0,0,0,1998.7678,1752.5737,1909.468,0,0,0
4768,595.20151,2.1198645,0,0,0,1924.1963,1418.8325,1407.564,0,0,0
4498,295.129663,2.1217084,0,0,0,12364.59,12265.784,11897.902,0,26.10167,0
4488,471.2000025,2.1218948,0,0,0,435.83267,397.24094,371.89847,0,0,0
4490,383.1107522,2.1239297,0,0,0,1249.359,1237.3679,1184.1254,0,0,0
4479,180.1020611,2.1250458,2167.1772,1078.8236,724.82513,16805.414,17719.117,17279.791,262.42227,93.27844,61.324047
4497,300.2024738,2.1254706,74522.85,66763.45,64704.934,74944.8,67272.01,70468.99,62502.598,60753.27,61654.4
4513,317.1115545,2.125972,0,0,0,684.11505,654.71313,675.957,0,0,0
4499,367.1365171,2.125972,0,0,0,2989.12,2853.2795,2907.928,0,0,0
4502,314.1816341,2.1268163,11809.191,7995.1504,10274.212,12775.705,9615.48,9629.638,8284.53,8419.155,6887.1104
4503,283.1759599,2.1268373,35135.566,31331.316,28754.04,35438.086,32229.006,34661.617,29092.875,27918.26,28612.334
4549,259.1663133,2.1280563,17215.88,2111.8655,1974.2632,212.06863,220.4412,374.52185,28.013443,38.476883,21.56845
4506,297.1552686,2.1289134,2628.9595,1985.7577,2205.9634,2118.068,1719.7749,2281.8196,2141.2942,2102.4067,1811.5702
4521,103.0544149,2.12965,119.32897,53.262585,26.170862,987.8461,990.68713,930.16,47.617493,25.320053,29.10233
4510,114.0919997,2.1309445,48786.88,51632.645,46513.984,131109.42,143908.7,116970.58,52800.2,51241.688,52870.156
4516,202.0842281,2.1320858,0,0,0,1042.4204,1051.2905,1123.7609,0,0,0
4520,140.1074177,2.1343205,323014.12,302506.53,318106.72,352914.75,299427.9,334325.5,287007.4,326404.25,325858.97
4465,162.1129118,2.1347566,11104.589,1163.3097,1343.0927,722.0898,877.8586,975.351,526.03186,2412.677,681.9908
4524,254.1485028,2.1349268,87.11832,4708.7886,3015.9563,0,137.58743,38.703224,0,0,0
4525,270.1222454,2.1349728,0,2462.7983,1450.8735,0,0,0,0,0,0
4504,120.0813346,2.1370485,255.14626,717.081,607.7766,11074.703,13765.444,12198.934,275.67255,332.4069,206.95375
4538,223.0642202,2.1419315,16597.406,24368.537,18628.365,0,0,0,0,0,0
4540,261.0203991,2.1419315,1074.6478,1812.1124,1236.8545,0,0,0,0,0,0
4542,339.1079315,2.1422005,0,0,0,12443.431,12870.609,12846.038,0,0,0
4547,361.0899691,2.1442401,0,0,0,4077.6711,4908.6357,4446.2373,0,0,0
4655,879.1500684,2.1456747,0,0,0,1621.4006,1735.3339,1514.4552,24.985218,0,0
4523,214.1539568,2.1492152,91.7171,2640.0383,1606.9043,47.147728,0,0,35.75683,26.47744,23.90742
4626,210.1126204,2.1500955,4021.1018,202.64343,62.73672,779.3966,875.4259,564.87,261.2658,116.25226,127.45715
4561,300.1214646,2.1519053,4995.759,32.53753,72.035934,0,0,0,0,0,0
4534,245.0456207,2.154477,2733.829,4115.925,3276.7393,36.786163,42.873882,62.767525,0,0,0
4560,270.1331098,2.1560588,987.07135,31.525124,49.517807,52.702747,65.66081,45.99111,27.8932,30.018452,0
4554,284.1486974,2.1560938,19151.098,280.96368,1043.9744,39.724937,36.352417,0,0,24.241425,0
4578,433.1115479,2.158418,0,0,0,2132.8564,2439.6697,2212.079,0,0,0
4579,450.1978044,2.158418,0,0,0,3879.0247,4466.879,3909.8918,0,0,0
4633,258.11085,2.1587682,3237.766,213.20724,502.91547,727.9471,166.1026,381.75162,392.51028,392.4191,531.6799
4573,184.0971042,2.159821,6189.919,34.9423,34.249977,2417.4014,2819.634,2152.855,39.291744,86.228424,28.136599
4653,771.1996241,2.1597927,0,0,0,2397.9006,2408.8682,2203.3772,0,23.900562,0
4583,353.0871752,2.1603873,0,0,0,6675.448,7633.41,5964.868,0,0,0
4584,412.1820435,2.1603873,0,0,0,2783.28,2608.5413,2827.7305,0,0,0
4585,417.1372202,2.1604548,0,0,0,12808.464,13413.573,13500.255,0,0,0
4590,386.2023993,2.162424,0,0,0,6456.112,6611.464,5988.622,0,0,0
4592,455.1539655,2.162424,0,0,0,3318.717,3434.8274,3288.387,0,0,0
4593,471.1267755,2.162424,0,0,0,1997.3387,1900.3473,1879.2812,0,0,0
4601,340.1369001,2.1643999,0,0,0,808.97424,1008.9826,954.00037,0,0,0
4602,391.1580741,2.1643999,0,0,0,3464.1042,3808.0715,3260.3982,0,0,0
4727,360.129852,2.164531,0,0,28.76966,12874.894,14206.782,11892.656,0,0,0
4608,407.1318773,2.1663802,0,0,0,1403.1498,1325.2429,1387.729,0,0,0
4612,370.1139176,2.166429,0,0,0,12650.661,12219.896,9942.294,0,0,0
4629,226.084796,2.1681595,2467.222,0,0,0,0,0,0,0,0
4605,367.1003077,2.168393,0,0,0,641.94824,685.40015,609.5415,0,0,0
4639,303.0501777,2.1684046,0,0,0,24044.121,24670.564,25901.531,0,0,0
4644,809.1572095,2.168393,0,0,0,1629.5336,1652.5634,1526.0344,0,0,0
4645,773.215266,2.1684046,0,0,0,430082.28,442573.88,433817.25,0,0,0
4647,788.2264326,2.1684046,0,0,0,19762.832,19142.623,18697.74,0,0,0
4648,795.1970267,2.1684046,0,0,0,73115.2,78009.164,74307.75,0,0,0
4652,857.1676671,2.1684046,0,0,0,6217.7305,6158.1772,6806.6387,0,0,0
4680,317.1215044,2.169163,0,0,0,3293.0537,3467.75,2914.3508,0,25.55185,0
4671,503.2105351,2.170417,0,0,0,1763.4354,1728.7188,1347.9132,0,0,0
4672,375.069335,2.1704395,0,0,0,2918.75,3139.4414,2632.3928,0,0,0
4686,498.2553864,2.1704395,0,0,0,592.06116,508.2448,575.6056,0,0,0
4675,793.1817543,2.170417,0,0,0,5181.3584,5656.68,5188.136,0,0,0
4640,318.1554248,2.1722145,35.118057,0,0,2713.6619,2929.4011,2870.9958,0,0,23.20539
4610,365.1064025,2.1722555,406.41217,1374.906,3119.3142,8358.351,8859.452,9102.743,2831.1824,1865.5455,1239.4388
4693,343.1371314,2.1724517,0,0,0,2809.103,2754.7944,4311.5264,0,0,0
4694,359.1107905,2.172454,0,0,0,2120.0325,1937.2649,1329.4813,0,0,0
4681,383.0730965,2.1724517,0,0,0,882.50616,186.55057,502.68948,0,0,0
4696,441.1534573,2.1724517,0,0,0,2193.9463,2244.4182,2203.0544,0,0,0
4709,365.0847157,2.1744888,0,0,0,2411.8586,2238.9915,2069.8804,0,0,0
4710,372.1298928,2.1744888,0,0,0,1714.208,1682.1619,1645.9512,0,0,0
4711,393.0583792,2.1744888,0,0,0,3248.7397,3774.3474,3041.7444,0,0,0
4712,425.1787602,2.1744888,0,0,0,6900.117,6770.14,5938.1895,0,0,0
4713,556.2400532,2.1744888,0,0,0,1013.56134,938.18176,758.64526,0,0,0
4714,561.196072,2.1744888,0,0,0,873.0121,772.17456,739.2158,0,0,0
4650,811.1744102,2.176042,0,0,0,8734.345,9398.849,8879.28,0,0,28.428585
4719,355.1026838,2.1765234,0,0,0,117667.03,123278.11,104095.016,0,0,0
4721,377.084821,2.1765234,0,0,0,35040.996,37289.586,30881.45,0,0,0
4630,242.1389025,2.18061,14302.769,316.60703,534.0554,63.758392,70.50754,158.6717,111.645645,94.86116,89.90999
4571,248.150264,2.1808565,6283.266,458.28436,380.51257,63.26256,167.27869,79.79489,41.25376,35.053318,138.22913
4628,188.1286628,2.181431,4557.598,575.8839,2818.4463,5489.617,2126.9004,3098.6553,700.2119,1681.3628,1003.24146
4740,381.0806997,2.1856146,50.361046,56.938118,91.3394,1645.0292,1605.2527,1913.5471,124.256226,129.19292,87.03939
4726,163.039541,2.186311,25.230556,30.782482,26.351192,32861.062,79340.19,34943.14,0,0,0
4735,227.1759897,2.1889124,16127.664,4573.873,3134.9949,1452.7755,2355.1375,1828.5778,599.6785,296.63324,1141.5824
4615,817.1755925,2.1893115,46.592678,0,23.641037,3887.6162,3373.2512,3867.26,0,0,0
4691,147.0442482,2.1897018,0,20.310783,0,19937.846,22400.424,22089.764,0,25.819141,22.162727
4750,391.0422388,2.1913853,0,0,0,342.06915,565.9533,82.447685,0,0,0
4757,411.1044235,2.1985366,0,0,0,1185.4586,1190.5789,1053.5112,0,0,0
4666,312.165569,2.2013047,0,41.634247,0,6396.4097,6293.3335,5810.3174,0,22.92297,0
4763,395.1317771,2.2025867,0,0,0,3094.1907,3049.063,2976.4434,0,0,0
4566,338.1806139,2.204369,0,37.495872,0,292.10382,747.22577,316.011,45.317234,14.561027,13.839087
4765,390.1769021,2.204615,0,0,0,1669.8566,1837.2455,1408.4274,0,0,0
4668,175.1185016,2.2049098,8748.296,361.62692,482.11304,1132.955,1339.3989,1181.855,238.40442,485.02808,417.51993
4743,213.0738854,2.2059612,874.7049,275.9118,142.26524,746.75543,858.4386,672.4769,46.54453,106.21031,153.38942
4786,427.1011647,2.2189484,0,0,0,2270.0864,2053.1582,1725.8864,0,0,0
4790,302.1376492,2.2197971,654.0019,0,0,0,0,0,0,0,0
4792,406.171464,2.2209804,0,0,0,12434.057,13259.66,11771.651,0,0,0
4663,434.202813,2.222279,0,0,0,544.4525,463.51956,622.83606,0,0,0
4795,411.1275172,2.222956,0,0,0,3780.4922,3718.5798,3295.833,0,0,0
4769,587.1963862,2.2248914,0,0,0,1536.3098,1756.556,1701.4307,0,0,0
4938,188.0710767,2.2279189,41.91154,91.05257,64.96021,3831.3086,5574.9307,5117.94,45.918648,51.026512,109.99108
4813,381.1160655,2.2290306,0,0,0,6881.2544,6736.907,5894.5005,0,0,0
4814,397.0905291,2.2290306,0,0,0,2315.6594,2281.0796,1989.3334,0,0,0
4932,110.097087,2.2301328,19752.596,1262.1238,1285.0232,35.98073,32.4106,25.668922,23.949223,41.891983,22.756317
4919,128.1074759,2.2310562,45103.68,2957.3108,3381.2922,130.93538,519.21216,300.2992,197.09093,336.5749,204.37563
4823,454.0197286,2.2330666,0,0,0,1937.6438,2339.213,2491.665,0,0,0
4861,476.0018064,2.2330673,0,0,0,920.37195,506.52875,741.4056,0,0,0
4908,139.0757464,2.2338068,41138.715,5002.618,4416.069,3664.2695,2328.439,6131.609,5232.5044,4335.1646,2580.0862
4872,473.9863504,2.235091,0,0,0,412.62857,171.39453,160.41556,0,0,0
4746,397.0513098,2.2351015,0,0,0,3305.1064,2858.7642,1748.6632,0,0,0
4818,452.0038512,2.237109,0,0,0,566.8206,690.13275,408.11923,0,0,0
4848,344.1344636,2.2371256,0,0,0,203916.31,213630.86,192746.81,0,0,0
4850,349.0898236,2.2371256,0,0,0,38407.176,39410.96,34271.707,0,0,0
4851,365.0642329,2.2371256,0,0,0,15858.183,15392.525,11888.765,0,0,0
4853,371.0721651,2.2371256,0,0,0,1937.9576,2220.0261,2298.2048,0,0,0
4854,375.0691172,2.2371256,0,0,0,2613.042,2725.9875,1980.6453,0,0,0
4865,351.071517,2.239149,0,0,0,1671.6003,1840.7784,1584.5399,0,0,0
4866,353.0869339,2.2391498,0,0,0,3818.597,3701.3848,2884.57,0,0,0
4868,439.1584146,2.2391498,0,0,0,1827.2164,1807.6193,1518.7444,0,0,0
4920,174.1130521,2.2397177,129080.04,11776.896,12854.281,2256.8828,7016.0063,7263.9297,3553.2925,2086.344,6225.4624
4910,144.0813479,2.239747,47.643723,45.3836,27.067858,70140.85,71876.67,67998.14,39.046856,42.086624,29.887016
4789,286.1651782,2.24084,2856.3477,43.04523,114.14434,49.784233,40.13522,44.79346,48.11492,71.4322,27.462399
4874,391.0643341,2.2411735,0,0,0,1589.0005,1584.0137,1300.9005,0,0,0
4904,205.0977865,2.2426121,60.244316,49.769962,31.73579,5099.632,3593.511,4171.9756,30.247932,33.71042,39.860367
4877,339.1077731,2.2431915,0,0,0,15357.852,16244.613,8230.628,0,0,0
4878,386.1085943,2.2431972,0,0,0,9172.07,8720.292,7844.795,0,0,0
4880,395.0746772,2.2431972,0,0,0,1281.9874,1181.5726,885.6994,0,0,0
4793,156.1024336,2.2433152,159735.67,13737.38,13404.479,4658.5625,6467.252,3753.4375,2306.418,695.5501,205.10501
4882,369.1667298,2.2452152,0,0,0,6134.731,6503.686,5767,0,0,0
4879,391.1480889,2.2452152,0,0,0,541.37805,663.65576,403.18143,0,0,0
4884,379.1011276,2.2472277,0,0,0,2310.8909,2194.2285,1858.9711,0,0,0
4887,369.0816144,2.2492402,0,0,0,1030.5906,1030.3447,1040.243,0,0,0
4889,103.0542833,2.2506473,1507.1842,79.58137,112.52479,59.91404,183.72975,120.07132,26.472519,32.238846,77.12927
4843,135.0443704,2.2515724,197.85384,44.525738,47.968964,3674.6272,5559.165,4750.7246,91.14459,165.4267,196.81924
4957,757.2212238,2.2522185,0,24.526901,0,9412.279,9481.308,8939.698,0,0,0
4909,212.068958,2.252619,8549.369,445.43094,470.60193,0,0,0,0,0,0
4898,218.0770841,2.252619,2846.9912,62.55893,119.92175,0,0,0,0,0,0
4912,217.0975146,2.253279,0,0,0,161264.77,165184.7,151741.92,0,0,0
4921,171.0919752,2.2552989,0,0,0,52691.57,50180.19,48878.33,0,0,0
4922,172.0760128,2.2552989,0,0,0,2426.9102,2407.4617,2264.825,0,0,0
4924,189.1026552,2.2552989,0,0,0,921.794,905.166,788.40265,0,0,0
4892,138.0917426,2.255946,5729.2837,1051.4896,764.36395,695.90875,305.60724,422.71365,172.61282,181.61026,198.05006
4939,261.0613538,2.2573178,0,0,0,2049.3333,2019.6144,2256.8813,0,0,0
4943,474.2606242,2.2573178,0,0,0,81289.6,83676.945,70562.484,0,0,0
4946,130.1595389,2.2587411,446985.88,447525.7,406391.78,460564.94,418382,447893.6,418106.8,422603.25,426460.47
4821,163.0395255,2.2593699,0,30.782482,25.994505,82093.34,119687.29,64080.56,0,0,24.256615
4955,425.1788665,2.2613542,0,0,0,3615.4705,2344.9434,3291.8706,0,0,0
4964,779.2020067,2.2639716,0,0,0,1919.8407,1884.5436,1933.0194,0,0,0
4965,338.1619304,2.264307,28487.389,27505.406,26102.63,33037.47,32617.469,33332.484,25606.896,26623.902,26833.754
4968,403.1966911,2.2665918,0,0,0,1026.178,1699.9265,1067.0305,0,0,0
4971,582.2409102,2.2665942,0,0,0,23412.379,24094.008,11986.734,0,0,0
4972,587.1961461,2.2665942,0,0,0,1803.2107,1826.576,3042.078,0,0,0
4980,152.0710896,2.2669737,235.85492,201.4151,214.51312,1580.0288,1415.264,764.2331,172.90494,297.72525,233.79185
4982,141.9535278,2.268902,123.575966,46.60701,125.25737,240.31235,178.51366,313.43634,44.48416,194.73897,82.71181
4825,270.1919971,2.2772803,563.8702,319.06973,280.42737,55.687183,169.64302,213.6057,215.30911,208.71826,266.9052
4933,196.0927931,2.280498,90738.81,5451.014,5776.905,2064.5356,2396.273,2061.0305,1013.33563,624.4351,574.06104
5099,198.0880199,2.2834492,13963.998,2245.5867,2451.4856,47.474537,68.32326,0,0,0,0
5005,371.2662813,2.2846634,40661.984,4094.6646,4075.4343,1084.5885,980.5934,1049.2479,31.13848,33.704086,109.14733
5096,125.0966551,2.2895188,14005.288,2432.8628,2381.7354,844.4147,999.7567,930.93896,1102.0918,1745.93,2832.1787
5040,177.0550864,2.2901065,29.4525,34.527115,44.02277,133473.28,134299.92,134214.58,26.162079,28.214369,44.66941
5010,393.2471498,2.2904541,5544.745,434.43405,516.6746,0,33.420788,37.215065,0,0,0
5014,405.1056586,2.2934372,0,0,0,655.5266,774.6981,366.69455,0,0,0
5015,411.1156845,2.295456,0,0,0,749.8138,144.7178,611.1305,0,0,0
5018,272.0897673,2.297485,0,0,0,1040.9232,809.6555,469.5464,0,0,0
4893,157.0979433,2.297634,614.5268,24.476677,57.18421,30.305054,49.219116,32.0353,25.517002,22.798063,26.467426
5027,234.1344334,2.2990549,151.08522,75.75116,197.6779,3843.5134,3537.948,1872.1261,124.60417,133.84378,118.414894
5020,335.1241795,2.299504,0,0,0,16838.477,17164.383,15842.287,0,0,0
5021,367.1506559,2.299504,0,0,0,58587.453,58990.723,53280.66,0,0,0
5022,389.1325109,2.2995088,0,0,0,7636.257,7228.99,6752.2266,0,0,0
5030,497.1636646,2.301522,0,0,0,8201.906,7761.584,6538.1226,0,0,0
5031,709.2695118,2.301522,0,0,0,577.9518,542.0037,587.55554,0,0,0
5042,369.1185098,2.3055637,0,0,0,78166.98,80700.12,79067.56,0,0,0
5043,513.1375503,2.3055637,0,0,0,1018.7753,1107.0674,1234.9917,0,0,0
5151,260.1499027,2.3059278,18520.08,880.7849,1055.4913,161.8804,107.13422,170.92523,205.31993,292.008,192.87836
5052,391.1004454,2.3075764,0,0,0,25639.621,27439.154,26797.16,0,0,0
5053,407.0745513,2.3075764,0,0,0,2684.4954,2860.5522,2873.9468,0,0,0
5054,349.089851,2.3075826,0,0,0,25542.465,27755.734,29432.615,0,0,0
5055,365.0641026,2.3075826,0,0,0,9562.495,10105.959,10136.717,0,0,0
5056,375.1653256,2.3075826,0,0,0,2659.1099,2838.5684,2563.0518,0,0,0
5066,541.1537774,2.3075826,0,0,0,562.6018,505.21808,594.62,0,0,0
5059,597.1828907,2.3075826,0,0,0,3445.2847,3572.0815,3460.6763,0,0,0
5046,704.3144728,2.3075826,0,0,0,722.2696,640.1509,634.1765,0,0,0
5097,142.1231343,2.3080254,33731.4,4704.5366,5512.4683,1409.0046,907.65204,426.5808,300.08133,310.12756,466.96646
5034,256.1167215,2.308328,0,0,0,3967.9858,3304.1926,1731.4838,26.553596,0,0
5100,413.1199466,2.3095944,0,0,0,274.56085,80.89109,284.49435,0,0,0
5068,536.1985944,2.309595,0,0,0,2425.1628,2690.3145,2108.7861,0,0,0
5093,182.1164068,2.3098946,88993.336,11608.439,12031.644,398.77554,91.14601,126.65991,59.948967,86.190575,62.51879
5078,413.0825559,2.311607,0,0,0,4947.5474,5227.086,5123.8867,0,0,0
5064,619.165398,2.311613,0,0,0,572.47076,522.734,493.69495,0,0,0
5098,160.1336856,2.3118873,91694.31,10805.128,11808.343,108.85122,355.16403,218.38332,58.7537,100.3811,148.15584
5084,327.2020592,2.312667,9868.284,8816.413,8693.93,10163.82,9311.302,9274.701,8526.515,8206.535,8663.586
5085,344.2287852,2.3133378,96144.47,81978.086,79846,91027.67,85978.39,89406.85,77644.69,77819.61,79028.41
5087,397.1474506,2.3136249,0,0,0,1129.7236,1081.9773,1107.5125,0,0,0
5150,254.1390095,2.3162718,9721.671,67.92285,662.9689,61.66296,70.30698,108.10915,245.94818,69.68367,52.09478
5113,253.1652694,2.3251584,2903.993,6684.7646,6727.375,7037.796,5032.3364,7014.4316,6205.0225,5970.642,6533.758
5114,471.1993791,2.3257296,0,0,0,1160.0062,914.371,925.4608,0,0,0
5153,282.1323448,2.326582,2680.9922,0,31.59412,34.43525,0,0,0,0,0
5117,451.1930761,2.327747,0,0,0,3295.1824,3531.5967,3030.002,0,0,0
5118,455.2254017,2.3277657,0,0,0,2831.2905,3403.9375,2749.4666,0,0,0
5149,232.1550782,2.331511,6029.6416,701.60925,634.77625,476.5915,981.43823,271.12573,164.24803,131.1625,426.2286
5126,456.1481481,2.331791,0,0,0,1686.841,1940.0679,1579.7644,0,0,0
5123,472.1226474,2.331791,0,0,0,457.24783,503.65982,450.09644,0,0,0
5154,286.1651665,2.3348675,4644.661,163.7905,125.084785,43.820744,82.913284,105.222595,36.38156,71.4322,32.073597
5135,388.161238,2.337929,0,0,0,2063.2068,2274.127,1600.4376,0,0,0
5136,410.1427376,2.337929,0,0,0,1679.069,1845.843,1129.6125,0,0,0
5137,426.1166679,2.337929,0,0,0,1419.1793,1470.7701,850.65173,0,0,0
5144,339.1077889,2.3419626,0,0,0,7156.037,6905.2686,12896.661,0,0,0
5145,395.0745672,2.3419626,0,0,0,2078.8804,2196.9119,1990.7483,0,0,0
5147,795.1771292,2.3419626,0,0,0,1269.5939,1597.3811,1420.5798,0,0,0
5159,562.2723942,2.343975,0,0,0,7341.6206,7651.733,7373.884,0,0,0
5156,379.100497,2.3440015,0,0,0,8019.4204,5265.526,7564.1465,0,0,0
5162,757.2206852,2.343975,0,0,0,68956.49,71309.99,69849.59,0,0,0
5163,779.2024368,2.343975,0,0,0,15061.583,15349.733,14340.612,0,0,0
5167,357.1179312,2.346014,0,0,0,1519.9327,1563.3835,1264.3936,0,0,0
5169,841.1723176,2.3466237,0,0,0,919.31415,916.819,1002.2822,0,0,0
5172,801.1867792,2.3483202,0,0,24.64469,889.61176,941.1627,814.3722,0,0,0
5171,611.1628282,2.3486624,0,0,0,2880.5996,2808.9712,2683.166,0,0,0
5168,195.0882743,2.3505604,79269.984,63650.234,57028.523,46241.8,45351.21,45593.703,38976.785,38638.72,37243.613
5176,302.1374142,2.3506992,983.6506,0,0,0,0,0,0,0,0
5178,633.1451222,2.3513021,0,0,0,1033.7775,1028.3352,936.07385,0,0,0
5218,193.0498726,2.3537958,0,0,0,818.456,830.616,297.60892,0,0,0
5182,232.1913683,2.3617234,44.71583,31.72311,29.332218,8473.616,8417.011,7232.9814,30.614212,40.801743,22.02838
5194,275.1473079,2.3641922,27304.936,29356.85,27836.045,32827.668,32870.53,33894.633,29399.254,27756.318,27842.29
5170,863.1576837,2.3645055,0,0,27.286219,349.52216,156.07336,271.52362,0,0,0
5213,567.2276563,2.365384,0,0,0,1229.9727,945.9401,852.2748,0,0,0
5248,141.0914422,2.3741174,71239.93,3938.4182,5638.6875,2513.6514,1441.6768,2862.3176,1294.6089,3189.5515,723.12244
5262,244.155633,2.374925,26638.516,2887.5981,5739.49,3253.7466,3413.845,3374.3093,2413.3672,1985.6339,2694.976
5207,422.2392445,2.3763194,0,0,0,2796.681,2004.141,1791.0039,0,0,0
5208,427.1956155,2.3766785,0,0,0,1363.2616,1724.7245,1497.5327,0,0,0
5219,233.0425627,2.3787825,0,0,0,1002.35095,762.5611,131.94408,0,0,0
5224,420.1872265,2.3868284,0,0,0,10450.728,10655.568,10631.377,0,0,0
5215,198.1122549,2.3879688,57333.54,1727.4487,2091.8208,105.796814,76.5262,74.93373,30.670244,34.388462,52.64504
5228,374.1453253,2.3889198,0,0,0,14617.389,14391.459,13166.22,0,0,0
5270,284.1486653,2.3922918,5602.358,101.82289,268.169,30.782291,0,39.320366,0,22.916023,28.990402
5238,196.0718138,2.3949528,55779.21,1947.3488,1818.4155,36.398727,147.76215,29.669392,0,0,0
5236,436.1823263,2.3952248,0,0,0,11173.311,11076.89,10306.313,0,0,0
5237,457.1113715,2.3952248,0,0,0,1548.1617,1518.1558,1415.1995,0,0,0
5244,441.1385163,2.3973272,0,0,0,4954.6606,4665.6606,4149.8584,0,0,0
5286,177.091497,2.3989491,2061.1235,250.06468,58.62711,223.16493,135.68512,102.73479,57.43921,216.6854,42.291557
5252,809.212618,2.3994026,0,0,0,332.07172,467.7315,477.15762,0,0,0
5265,212.1285029,2.4002657,3826.2126,85.1123,117.248184,75.55272,53.174667,46.583714,68.31032,36.162,44.229347
5235,158.1180718,2.40245,397631.88,16116.581,17996.924,492.85123,628.15674,589.1224,438.47122,272.65585,513.815
5273,154.0505376,2.403589,104.64865,39.86287,57.205643,1435.3882,1208.4646,1130.1997,48.04612,41.673805,38.51377
5263,562.2725288,2.4057145,0,0,0,13591.1455,13832.079,12610.578,0,0,0
5269,268.0950898,2.405797,963.1802,0,0,0,0,0,0,0,0
5271,300.1217371,2.405797,748.4236,0,0,0,0,0,0,0,0
5268,252.122199,2.406994,3178.9526,74.305855,26.711647,48.354008,161.16302,108.29183,0,0,0
5274,504.219509,2.4078095,0,0,0,2505.2205,2630.6602,2279.5505,0,0,0
5279,487.1931666,2.4099255,0,0,0,3106.5427,3259.1433,2848.1487,0,0,0
5280,509.1755146,2.4099255,0,0,0,981.0797,930.3377,797.3112,0,0,0
5364,218.1393618,2.410891,102576.18,25207.127,25206.885,1592.3129,2673.778,2241.4895,1551.6858,4677.695,5163.027
5277,238.1065461,2.411007,6246.709,175.02246,333.60617,42.763836,49.496,36.136246,0,20.613176,33.02829
5289,260.0879046,2.4119303,745.3816,0,0,0,0,0,0,0,0
5276,176.0322101,2.4120138,0,0,0,339.1464,113.47635,250.81566,0,0,0
5290,262.1657657,2.4120224,1230.7017,370.62875,222.51285,125.566696,384.9997,79.61783,139.69543,248.94855,115.69302
5293,302.1242791,2.4141743,0,0,0,2157.5408,2282.5205,2085.696,0,0,0
5295,324.1059742,2.4141743,0,0,0,3185.4346,3321.9885,2765.0632,0,0,0
5296,340.0800303,2.4141743,0,0,0,973.18427,851.5724,827.1668,0,0,0
5254,787.2308241,2.4181805,0,0,0,3135.8499,3208.522,2986.1152,26.174679,0,0
5275,180.1016629,2.420698,199672.31,6600.2524,7201.101,3622.9607,3680.7556,3579.4187,76.50487,47.28183,103.05202
5312,430.2296419,2.4243584,0,0,0,4486.885,4555.4067,2918.9104,0,0,0
5328,279.1348946,2.4249651,0,0,0,1408.6859,1267.7246,1220.8407,24.4184,0,0
5316,435.1847344,2.4249985,0,0,0,491.65067,430.4511,461.28925,0,0,0
5294,319.1501499,2.4263086,0,0,0,1772.0316,1859.3032,1641.6577,0,0,26.954472
5317,330.2046449,2.4293118,12366.56,12046.381,11626.703,13158.7705,13405.662,13263.637,11577.212,12132.088,12766.029
5321,360.1293962,2.4340222,0,0,0,2587.327,2635.325,2461.539,0,0,0
5324,365.0850111,2.4340222,0,0,0,424.18823,594.6466,467.11285,0,0,0
5387,243.1227105,2.4355085,1180.2267,179.36427,82.10559,250.14941,252.76996,322.93463,373.56915,148.26807,111.43179
5372,195.0648493,2.4417114,129.38084,93.86163,210.63368,12835.217,15216.373,16531.54,279.99286,127.947174,85.91333
5361,577.1910668,2.4419186,0,0,19.241909,2531.934,2637.7607,2379.885,0,0,0
5370,177.0550739,2.4422472,29.278465,51.110126,25.25739,20551.164,22737.283,22593.924,22.581448,32.55628,41.4691
5327,301.116446,2.4430299,0,0,0,712.37714,641.4955,720.4666,0,0,0
5313,216.1235698,2.4445274,29807.932,2798.6296,2697.3203,5064.6733,5360.9473,4431.8174,1105.5234,791.57623,992.47156
5371,194.0814708,2.4477482,0,24.84637,0,962.3195,984.9743,863.36224,0,0,0
5348,370.1142943,2.449343,0,0,0,3946.0017,4005.1477,3486.7422,0,0,0
5240,345.1329723,2.4523997,0,26.048574,0,1170.0326,1310.3356,1015.48926,0,0,0
5365,240.1224359,2.4538255,33129.32,1979.635,2140.3472,66.6759,47.28939,55.92762,26.721033,26.235111,70.82344
5355,149.1177183,2.4542568,9798.064,10544.758,4025.5508,990.50494,835.8655,1079.6693,2695.537,3101.5122,3277.479
5351,256.0952493,2.4548054,6923.3794,42.79117,58.761147,0,0,0,0,0,0
5403,284.1267789,2.4549205,7608.021,94.55762,69.34366,0,0,0,0,0,0
5417,268.1537191,2.4568315,17760.127,893.96326,1738.7153,27.562946,0,0,0,0,37.536892
5358,262.1043786,2.458574,1199.581,28.461065,28.749866,0,0,0,0,0,0
5333,343.1749679,2.458759,32.339104,0,28.507702,2180.1028,2485.2156,2077.8462,0,0,0
5368,572.2356278,2.459607,0,0,0,12374.113,11622.665,10157.069,0,0,0
5375,379.1005343,2.4601333,0,0,0,42567.508,52531.06,47601.492,0,0,0
5376,395.0746197,2.4601333,0,0,0,12664.264,13147.292,14103.668,0,0,0
5377,420.1871368,2.4601333,0,0,0,11221.479,10778.967,9910.629,0,0,0
5369,441.1159773,2.4601333,0,0,0,962.2502,862.3605,748.9769,0,0,0
5341,309.0744808,2.4608378,0,25.803757,27.21904,1110.8765,1035.878,925.807,20.758307,0,22.907166
5366,329.1576004,2.462116,0,0,0,930.15204,944.5599,575.9718,0,0,0
5381,359.170193,2.4621594,0,0,0,2601.2449,2938.8918,2663.7463,0,0,0
5382,397.1262964,2.4621735,0,0,0,396.83554,543.3496,496.65308,0,0,0
5384,596.2566903,2.4621735,0,0,0,6276.6304,7153.018,4771.0728,0,0,0
5421,186.1494215,2.4625416,447.29858,34.91118,35.854614,101507.664,101520.836,94898.86,26.630478,30.572523,22.488846
5330,357.1322623,2.4625595,27.649185,0,0,945.8312,881.8073,722.8911,21.678917,0,0
5420,168.1388607,2.4626362,165.61972,21.988762,0,13689.11,13491.275,12956.939,18.754913,27.73443,38.899067
5346,293.1003746,2.463641,32.177704,31.0115,25.125908,920.8364,1146.6462,1013.1134,20.65213,29.17578,54.720116
5363,381.1519601,2.4641998,0,0,0,520.5711,534.71094,309.8491,0,0,0
5397,601.2114748,2.4641998,0,0,0,428.5525,277.97144,407.03336,0,0,0
5356,288.1450087,2.4679983,91.12707,37.918175,35.831955,1076.5452,940.42914,1061.8005,39.29467,121.09211,44.562607
5402,282.1319922,2.4682972,2316.868,0,0,0,0,0,0,0,0
5374,374.1456821,2.4717152,0,0,0,2503.6514,3090.0703,3270.3313,0,27.697342,0
5391,376.1972722,2.4723203,0,0,0,320.45795,247.82593,152.20544,0,0,0
5329,341.1582867,2.4749908,33.040936,29.36779,72.93919,3014.7803,2977.1152,2637.1995,33.878075,29.060083,24.47201
5378,553.1957826,2.4758472,0,0,0,2892.9714,441.62674,1930.8107,0,0,0
5354,166.1444095,2.476847,1091.9977,608.8086,27.689907,0,0,20.550266,24.069653,22.092064,23.012321
5415,429.2105847,2.4784312,0,0,0,1772.4497,1855.7756,762.3934,0,0,0
5427,388.2551081,2.4815407,92372.92,86879.77,81843.625,90811.33,85178.82,87948.98,81619.12,80038.445,81062.945
5433,409.1111375,2.4845417,0,0,0,6525.777,7160.121,7615.2373,0,0,0
5434,425.0851578,2.4845417,0,0,0,1238.5292,1237.3376,1614.0586,0,0,0
5400,260.1500447,2.4869561,16089.22,434.42383,680.0721,475.97037,512.4319,186.31746,62.807217,251.54666,89.27554
5439,391.1002349,2.4886374,0,0,0,627.67834,606.4388,388.09732,0,0,0
5453,216.1600522,2.4902,3752.4468,404.17432,584.31335,277.94208,268.68304,353.99973,216.84561,264.66357,344.92667
5446,369.1181169,2.4906714,0,0,0,1449.9965,1317.7433,1278.8145,0,0,0
5457,399.1632735,2.4947722,0,0,0,605.7545,747.50854,619.56067,0,0,0
5458,394.2080793,2.4947805,0,0,0,1689.7269,1783.7532,1562.3779,0,0,0
5459,575.1755707,2.4947722,0,0,0,6978.7485,6741.1064,6495.327,0,0,0
5461,404.1560032,2.4947994,0,0,0,2211.1868,2142.1685,1957.6624,0,0,0
5463,462.1977045,2.4968975,0,0,0,1372.6564,1045.2682,1061.263,0,0,0
5437,272.1270556,2.4970722,3710.3884,43.732124,60.10873,0,0,0,0,0,0
5464,402.2345381,2.4975297,16077.995,13327.888,13689.191,15740.23,13856.617,14836.791,14028.711,13668.441,14033.34
5466,467.153348,2.498923,0,0,0,3119.525,3440.8083,2646.678,0,0,0
5455,256.1543456,2.49972,11846.4795,294.1051,515.3226,96.48429,77.11879,50.758896,62.902744,57.98137,64.16604
5418,424.2548586,2.50192,0,0,0,352.97678,404.58093,171.99716,0,0,0
5535,187.0750683,2.5029066,806.2775,34.256996,0,0,0,0,0,0,0
5474,496.240135,2.5051973,0,0,0,1134.432,1037.5854,966.37317,0,0,0
5471,501.1950699,2.5073159,0,0,0,214.94308,496.7018,258.3865,0,0,0
5488,409.1843442,2.5128207,285.7254,358.54102,300.11737,53171.15,56741.367,50759.016,379.74463,342.48364,258.20273
5509,595.2012303,2.5258799,0,0,0,602.5342,726.2714,691.02423,0,0,0
5511,551.2710881,2.525905,0,0,0,1709.3875,1784.2539,1739.5182,0,0,0
5522,427.1730178,2.5279703,0,0,0,3596.6587,3443.9321,2915.5576,0,0,0
5523,406.2441601,2.5279787,0,0,0,5618.5615,6047.5283,5310.4746,0,0,0
5524,485.1432516,2.5279787,0,0,0,818.6011,648.22955,630.1579,0,0,0
5525,574.2724992,2.5279787,0,0,0,49728.375,50093.67,48724.57,0,0,0
5526,579.2275749,2.5279787,0,0,0,5382.204,5629.6367,4981.805,0,0,0
5514,280.1162899,2.530037,4344.9463,0,30.269447,26.199558,0,0,0,0,0
5528,464.2136362,2.5300438,0,0,0,3592.825,3715.5498,3134.7393,0,0,0
5529,568.2982162,2.5300438,0,0,0,1041.8602,984.48956,826.0402,0,0,0
5536,296.0904264,2.5326831,442.4489,0,0,0,0,0,0,0,0
5589,167.107226,2.533319,9156.497,2326.9473,2594.0952,4100.77,6063.4434,3878.8254,5788.174,3603.8826,1968.953
5512,222.11297,2.5360785,49672.55,6063.8667,9143.357,3384.8525,11330.307,12447.8955,2724.969,11445.59,5224.4766
5513,258.1344477,2.536204,27021.668,465.5531,345.78088,266.89648,156.29306,78.86576,123.448975,174.42381,219.67598
5575,252.1222584,2.53714,542.87933,0,32.326115,32.21629,0,0,0,0,22.691036
5549,517.2268438,2.5405266,0,0,0,574.86145,643.5236,496.9594,0,0,0
5555,234.0741518,2.5425932,0,0,0,836.80664,889.35736,819.9583,0,0,0
5557,512.2713461,2.5425932,0,0,0,3387.0535,3549.3728,3257.4526,0,0,0
5605,189.1302958,2.5440853,39.329575,0,0,17470.814,18230.389,17279.95,35.730354,31.185982,17.85424
5684,411.1995374,2.5466263,0,0,0,10594.218,10418.16,9454.711,0,27.521526,0
5554,212.0914684,2.5478733,30.85252,0,0,617.0589,772.3759,790.7055,26.768608,0,0
5572,395.0745207,2.5509405,0,0,0,955.97046,1041.9521,1105.5024,0,0,0
5573,379.1005019,2.5509584,0,0,0,2986.8079,3405.7642,3152.2007,0,0,0
5579,374.1456437,2.5590408,0,0,0,2061.6296,2273.9858,2342.8828,0,27.697342,26.816536
5600,240.1004157,2.5597277,39928.098,871.3143,1131.8444,0,0,0,0,0,0
5622,225.1491211,2.564473,209.04816,468.62784,322.1458,12231.916,12113.152,11481.986,396.6537,135.47305,274.596
5612,404.2285726,2.5675743,0,0,0,10120.56,8975.699,8852.409,0,0,0
5590,184.1338449,2.5690138,2645.867,88.1497,238.44379,133.10883,287.5757,276.39832,93.81673,73.66231,49.55304
5591,185.117781,2.5690622,19977.621,1641.2295,2238.0784,940.09,2471.7112,3340.1836,1111.418,1435.868,737.6915
5618,442.2292557,2.569627,0,0,0,5198.082,5159.872,4665.0303,0,0,0
5560,194.0814315,2.5703704,0,0,27.707653,2689.7817,3096.1145,2928.1963,25.57697,0,0
5602,202.1443685,2.5716946,66331.56,2832.7407,3616.5369,2007.1016,2871.885,5600.4917,1137.904,1513.1005,2208.5981
5627,369.1912487,2.5737333,0,0,0,2743.0222,2536.0283,2218.5146,0,0,0
5629,425.1578225,2.5737333,0,0,0,21761.63,23617.51,20716.877,0,0,0
5630,447.1851203,2.5737333,0,0,0,790.66364,914.6736,680.2978,0,0,0
5626,207.1383695,2.5740647,135.37415,169.35439,166.05467,52103.637,51986.355,49604.832,161.46048,228.58437,383.26898
5593,224.1284582,2.5782418,137421.73,11373.702,15523.859,19317.236,18470.498,18450.74,13184.292,18056.512,15979.787
5628,387.2017601,2.5788863,0,0,0,21782.66,23008.135,20667.41,0,20.970835,19.12112
5515,302.1017707,2.5792751,440.87112,0,0,44.794266,36.56037,26.246296,0,0,0
5642,700.283863,2.5798438,0,0,0,3784.6196,3685.6396,3206.3467,0,0,0
5643,705.2384945,2.5798438,0,0,0,1710.5183,1508.0485,1375.6154,0,0,0
5650,721.2120403,2.5798624,0,0,0,523.7442,373.31912,282.61185,0,0,0
5672,280.0943414,2.5803416,849.76886,26.298798,0,31.050825,0,0,0,0,0
5704,168.1027666,2.5817935,2489.6912,90.545265,122.06784,82.53467,207.96902,270.42233,91.639885,97.96427,58.424126
5655,485.1428293,2.5860243,0,0,0,1272.5977,1157.42,1113.8373,0,0,0
5656,574.2727006,2.5860243,0,0,0,24716.084,25941.012,23312.625,0,0,0
5657,579.2289552,2.5860243,0,0,0,2523.1484,2596.324,2379.3264,0,0,0
5592,212.1283651,2.586071,5141.619,209.65675,140.37814,61.412052,54.299232,87.97832,75.9397,33.858696,71.43959
5661,469.1689688,2.5880861,0,0,0,4525.5845,4480.0864,4173.747,0,0,0
5693,125.0604344,2.5891657,2276.9956,1672.408,1713.7527,1587.9983,1711.993,1930.5112,1778.4633,479.603,656.97076
5696,186.1131292,2.590888,1968.6993,968.786,478.76276,523.35394,1061.7706,1318.7745,504.00745,268.15762,913.5665
5667,464.2136563,2.5922015,0,0,0,8530.98,9332.107,8320.629,0,0,0
5675,219.113282,2.5948684,0,0,0,4712.003,5157.911,5123.503,0,0,0
5679,202.0866996,2.5969312,0,0,0,4131.461,4462.2305,4611.994,0,0,0
5680,257.0689193,2.596942,0,0,0,2340.4822,2485.3274,2611.944,0,0,0
5683,241.09513,2.6019063,0,0,0,5929.362,6673.4243,6632.282,0,0,0
5688,572.2357941,2.604016,0,0,0,2236.7927,2369.0522,1905.6295,0,0,0
5689,577.1899103,2.6040876,0,0,0,552.6904,525.8764,402.2246,0,0,0
5694,142.0867171,2.6069956,2325.1084,287.31287,400.82507,226.33415,245.84132,430.00684,137.50406,182.23277,118.63795
5697,264.1216366,2.6079266,705.6988,0,0,0,0,0,0,0,0
5728,355.1166189,2.6134236,29.78644,39.366096,26.284775,6423.088,6301.0044,5689.445,27.308086,32.58923,31.988789
5705,208.0979686,2.6167674,1116.0316,56.556286,0,46.84094,43.674057,0,0,0,35.771126
5744,240.1226289,2.619985,4372.716,41.85679,73.433624,38.733757,29.276888,33.881798,26.721033,52.789764,27.21738
5727,339.1424487,2.6234064,38.42286,48.516495,52.376194,16064.062,16261.258,14574.351,56.945194,38.654762,36.146767
5724,372.2503265,2.6240907,31379.865,3393.542,3601.5957,733.8709,814.305,722.8866,0,0,0
5722,394.2322896,2.6270394,2554.5823,64.66489,232.57863,39.983055,0,0,0,0,0
5768,202.1443572,2.6278884,15589.473,2580.0686,3126.3567,1524.7031,810.4361,3182.716,1775.0184,760.7244,945.175
5732,317.1593425,2.6294146,0,0,0,745.3658,734.57733,610.2959,0,0,0
5734,415.2552151,2.634676,860.9124,818.6791,870.9786,878.7357,994.3353,986.1113,938.146,885.7808,900.2155
5736,432.2817176,2.6348493,80954.45,77214.92,72133.13,78789.25,76156.87,78518.43,73097.31,71921.195,72544.695
5804,212.1282719,2.637914,2997.7227,140.24846,117.94461,235.75519,54.299232,128.0795,31.542082,33.858696,93.34967
5745,256.0953163,2.6391494,893.2891,0,0,0,0,0,0,0,0
5773,272.1266671,2.64061,3334.8958,0,28.323376,0,0,0,0,0,0
5752,250.0690188,2.641826,0,0,0,3735.7456,3788.51,2815.6067,0,0,0
5754,405.1740589,2.641826,0,0,0,1206.3962,1301.0656,1236.1344,0,0,0
5760,376.19726,2.643894,0,0,0,1390.9718,1275.8513,1204.3118,0,0,0
5761,381.1519623,2.643894,0,0,0,4978.8413,4989.944,4370.649,0,0,0
5769,464.1777601,2.643894,0,0,0,2418.3813,2834.785,2647.5354,0,0,0
5763,469.132724,2.643894,0,0,0,3121.837,3431.8572,2763.9841,0,0,0
5775,266.0427603,2.6459482,0,0,0,599.9859,554.2,523.3841,0,0,0
5776,367.1362566,2.6459482,0,0,0,936.7359,996.9481,892.7646,0,0,0
5778,485.1065988,2.646014,0,0,0,564.76166,588.94904,454.4138,0,0,0
5770,216.1600866,2.6464376,3076.9382,582.56555,189.7686,497.07526,268.68304,721.6588,471.4019,649.4813,376.64743
5738,136.0761805,2.6490889,1091.4697,242.58482,409.45743,16654.055,17102.377,15842.284,946.8428,696.151,336.6933
5794,362.1817254,2.6500685,0,27.414288,0,541.4872,750.4803,735.97644,0,0,0
5789,442.2291493,2.6501215,0,0,0,14039.937,14702.871,13165.193,0,0,0
5792,447.1844792,2.6521785,0,0,0,2646.9998,2746.0894,2270.7742,0,0,0
5795,519.1987365,2.6522028,0,0,0,1987.078,1927.4115,1875.96,0,0,0
5815,200.1286422,2.6526256,8119.3384,981.3206,312.32617,429.85834,287.53995,347.04712,454.7358,540.8459,427.84213
5783,559.1913194,2.6542618,0,0,0,328.06113,430.28955,193.66344,0,0,0
5758,228.0869649,2.6548347,0,0,0,8480.139,8544.2705,6252.207,0,23.585331,0
5801,446.2609979,2.65624,10281.716,9377.28,9113.228,10762.046,10181.087,10804.653,9027.502,9382.262,9298.743
5759,359.1694644,2.6586788,0,0,29.084503,7350.018,8159.796,7596.764,0,0,0
5762,397.1275026,2.6591978,0,0,0,2517.0403,2612.66,2474.644,0,21.653042,0
5816,222.112963,2.661683,13245.295,11800.761,1205.1534,12198.199,2054.6519,12158.455,10518.119,10809.368,2314.6316
5812,334.2232691,2.6623125,54790.39,60307.758,58888.953,61443.18,60737.445,62808.094,58202.293,64684.465,59214.727
5813,431.1111963,2.6625726,0,0,0,4181.5444,4564.6504,4061.2217,0,0,0
5726,334.1900072,2.6628458,67.684555,0,34.501835,2179.8228,2709.5518,2347.0767,26.69159,28.12619,36.378906
5772,256.1542943,2.6660144,11972.77,524.8284,642.3508,157.72525,117.74255,240.01187,111.47798,67.98983,57.84072
5820,410.182624,2.6667163,0,0,0,4119.5054,3719.7012,3413.874,0,0,0
5821,415.1370321,2.6667163,0,0,0,11178.585,11274.615,10255.748,0,0,0
5825,238.0847692,2.6704686,8871.593,0,0,0,0,0,0,0,0
5823,375.1459405,2.6717472,0,22.301422,0,4205.9453,4064.396,3607.1777,0,0,0
5817,252.1216616,2.6722703,938.20465,0,32.023598,21.742928,27.884022,28.301594,0,0,0
5791,383.110737,2.6781034,0,0,0,235.83702,205.37352,331.046,0,0,0
5850,198.1121687,2.6809778,24523.018,425.52258,531.2362,2246.386,2543.5186,1954.6837,77.05948,29.608711,27.608215
5851,277.0152491,2.6870415,713.4448,568.03394,470.5184,0,0,0,0,0,0
5901,400.218907,2.6879158,80.64112,80.469406,139.78491,6553.8296,6486.5483,7025.299,168.72946,187.0203,140.75633
5854,261.0412099,2.6893215,800.7858,811.5702,637.24194,0,0,0,0,0,0
5858,220.6602812,2.6901014,309.9043,0,0,0,0,0,0,0,0
5865,256.0854429,2.6914842,810.0739,721.55835,707.5654,0,0,0,0,0,0
5919,196.0710507,2.693085,1277.86,0,0,46.08029,39.043182,0,0,0,0
5877,457.3391876,2.694698,3538.3333,218.7681,327.29385,32.425163,36.073563,49.821957,0,0,0
5875,413.0825998,2.6958277,0,0,0,1752.6191,1327.1827,1003.7304,0,0,0
5925,250.1061084,2.6960495,699.32404,0,0,28.212448,36.32354,28.220106,0,0,0
5881,369.1184881,2.6979218,0,0,0,19097.994,19636.06,14045.323,0,0,0
6018,391.1005525,2.6979218,0,0,0,4596.3813,5768.53,4023.7742,0,0,0
5885,605.1767131,2.6979225,0,0,0,969.00055,1274.5831,950.0246,0,0,0
5887,589.20169,2.700016,0,0,0,1368.0048,1470.2848,1240.9148,0,0,0
5827,270.1109451,2.7020757,5736.653,0,33.400284,0,0,0,0,0,0
5874,177.0547878,2.7037811,31.892538,27.556427,23.499033,39237.266,40130.367,28826.703,24.89626,22.66042,55.497627
5892,406.2443477,2.7042363,0,0,0,1682.5967,2811.0608,1329.0468,0,0,0
5893,427.1729737,2.7042446,0,0,0,580.789,493.60767,343.9615,0,0,0
5918,182.118313,2.7046175,2366.581,119.697876,80.4421,136.15256,215.35995,49.989693,46.567673,115.16815,113.06754
5900,124.0764434,2.7048616,368.81604,174.47432,126.18743,24710.877,24862.8,20868.45,140.92188,382.1671,431.01993
5922,214.0813576,2.7053332,4311.5537,0,26.725336,76.87514,253.37236,232.26094,24.603088,25.905693,50.31391
5898,411.2006945,2.7063468,0,0,0,2081.337,2414.7236,1780.2166,0,0,0
5932,176.1287404,2.7101824,27073.256,889.91693,805.1035,66.417694,209.12007,58.914024,90.30913,47.84715,74.96099
5947,362.18193,2.7163892,0,27.414288,0,415.32224,447.91278,725.7513,0,0,18.951803
5924,228.1226559,2.7255108,3523.7764,376.98578,403.55185,425.3719,242.7212,351.83386,116.8147,166.64977,286.29858
5917,180.1021125,2.7262146,2930.1858,35.714127,124.77336,130.4317,194.44748,179.6114,85.96011,75.81413,71.09298
5940,383.1110094,2.727124,0,0,0,305.8021,364.83865,342.9331,0,0,0
5944,367.1356946,2.7292984,0,0,0,1072.2968,1163.9049,1011.5658,0,0,0
5934,193.0855744,2.7344427,843.97174,192.32951,88.79268,105.38819,209.99146,90.9899,99.29465,140.9917,42.25541
5826,254.1376147,2.739049,13976.099,506.01056,818.7122,476.77478,625.9739,280.91864,125.90799,170.95834,179.80865
5968,231.0859324,2.7412508,28.381744,31.284113,22.964565,1712.195,2147.68,1773.6586,31.75553,30.46239,30.17743
5969,266.1239976,2.742769,0,0,0,5213.5444,5458.7573,4957.0825,0,0,0
5973,232.1550887,2.74607,21249.59,4821.874,4366.3335,4941.762,4301.7314,4215.682,2743.9592,3372.2927,3307.1846
5977,271.0794898,2.7470615,0,0,0,919.78064,752.04553,743.62537,0,0,0
6066,375.2524463,2.76158,2612.407,0,0,0,0,0,26.856716,0,0
6005,450.2342637,2.7661228,0,0,0,407.0178,328.882,577.05286,0,0,0
6006,476.3080736,2.7696822,60368.113,57928.516,58250.703,57024.973,59153.223,60839.234,55711.332,56768.367,58371.234
6057,240.1228294,2.776654,3317.196,138.98923,40.980305,40.574974,38.356697,32.419434,29.952957,23.926277,21.86604
6025,409.1835694,2.7770808,89.41615,0,0,10576.066,9804.304,9285.221,24.715755,0,0
6024,519.1991388,2.7810154,0,0,0,1751.9971,1607.3832,1540.0457,0,0,0
6030,537.2091891,2.785169,0,0,0,8086.5063,8312.437,7284.3257,0,0,0
6031,559.1911833,2.785169,0,0,0,1521.216,1400.6796,1347.4772,0,0,0
6101,125.0966719,2.7906988,70894.26,11142.602,13223.447,6075.8027,5706.651,2494.2942,4092.5442,2807.3164,4907.8994
6091,126.0919313,2.7928586,108.734726,138.77522,137.8223,14466.173,14968.279,13465.748,38.52823,203.11057,47.162125
6038,606.2562159,2.7934773,0,0,0,1176.4708,1346.7383,1132.3358,0,0,0
6007,455.1909965,2.7955801,0,0,0,1732.259,230.45992,370.7986,0,0,0
6042,412.2196264,2.7955885,0,0,0,23359.764,24200.324,22730.87,0,0,0
6043,417.1738596,2.7955885,0,0,0,3640.1853,3820.8154,3538.6597,0,0,0
6044,433.1477508,2.7955885,0,0,0,1463.0282,1484.8783,1457.5304,0,0,0
6046,210.1108856,2.7961016,405050.9,52560.535,61328.9,7926.6987,7974.5005,8171.606,4581.288,4915.533,4981.395
6100,107.0862425,2.7962825,42209.58,7226.853,8186.3574,4647.846,3426.1562,3647.1052,2670.257,1982.2285,3104.6257
6217,425.1581642,2.7965832,0,0,0,4221.8213,5353.826,3811.2437,0,22.878826,0
6047,124.1127274,2.797011,165393.16,21298.459,24861.215,2512.5637,2586.741,1530.6808,1882.7905,1842.8458,1912.2576
6105,226.0845837,2.7973897,43508.387,5378.2974,6515.688,512.28296,541.88947,168.51144,122.39354,87.29462,36.6625
6058,256.0953017,2.7986953,2325.7114,0,0,0,0,0,0,0,0
6069,170.1181106,2.7990882,746137.4,104132.2,118997.516,14170.662,13405.917,14353.074,10296.5625,11014.566,10931.076
6070,434.2031296,2.7997334,0,0,0,2685.0808,2722.6047,2619.1877,0,0,0
6107,135.0809216,2.8006058,33062.94,5187.584,6370.6865,2038.1287,2615.6882,3372.352,473.0235,573.4857,507.1259
6076,142.1231902,2.8016346,240574.61,32023.512,37894.51,4232.0664,4441.6045,4230.79,3139.822,3233.4124,2922.5176
6080,611.2122438,2.8018148,0,0,0,1911.0321,1882.1458,1825.7448,0,0,0
6082,232.0924754,2.801891,10902.624,1278.1156,1689.8854,24.413269,21.632938,32.25554,0,0,0
6061,283.0748758,2.802868,966.5112,36.99937,169.08011,0,0,0,0,0,0
6067,397.2318161,2.803167,6478.82,0,48.125153,0,0,0,0,0,0
6089,188.128705,2.803275,489386.9,76396.46,82420.016,16414.69,15769.098,14379.3955,15815.886,14201.069,15327.865
6102,153.0914771,2.8048449,60557.02,14987.021,16661.277,6886.2964,10484.689,11585.158,1408.6158,3866.2727,3656.2327
6110,152.1075145,2.8060112,26374.055,3464.6218,3942.733,292.13638,185.38339,488.08133,141.97084,121.89799,205.17296
6120,191.1436339,2.8067782,30.810455,31.10574,64.379105,12278.264,12866.013,11827.225,26.026836,54.36186,31.53408
6124,389.2176912,2.810069,0,0,0,13758.202,15115.146,12934.817,0,0,0
6126,427.17366,2.810069,0,0,0,5798.8403,5690.0596,5295.751,0,0,0
6103,171.1149289,2.8108635,2803.003,317.85583,462.8005,55.301083,121.82482,25.560658,24.999622,24.827038,47.74888
6128,406.2443959,2.8121498,0,0,0,2728.3606,1897.8176,2584.1807,0,0,0
6178,189.1306749,2.8150668,46900.246,6137.895,7370.7246,14923.706,14798.01,13404.678,556.6027,123.00288,119.35333
6054,188.145253,2.8239899,2762.0789,144.72333,216.40427,20.68085,0,0,0,16.638666,0
6121,209.154168,2.8248985,294.35114,839.9028,409.6663,31574.555,33453.043,29431.943,1184.6047,816.583,720.17535
6163,387.202065,2.834358,0,0,0,1720.4053,2793.0142,1487.5818,0,0,0
6125,411.2004991,2.8428035,0,26.723078,26.128689,18711.207,19041.365,16618.799,0,0,0
6179,455.1921835,2.8434517,0,0,0,1908.3694,1945.1923,1790.682,0,0,0
6180,490.2294676,2.8434517,0,0,0,21842.158,21441.625,19725.047,0,0,0
6181,495.1849852,2.8434517,0,0,0,4927.8857,4689.5044,4105.103,0,0,0
6072,267.1006002,2.8453536,3951.1812,782.463,751.2834,264.24878,202.97208,318.49057,66.028915,215.09677,110.65428
6182,473.202672,2.8455608,0,0,0,5858.4634,5616.955,5161.7646,0,0,0
6184,517.1676962,2.8455608,0,0,0,842.06256,877.0611,688.4495,0,0,0
6206,409.1848549,2.846054,89.41615,0,25.866674,4059.2114,3936.3306,3468.081,21.17042,0,0
6191,260.0898966,2.848149,0,0,0,4791.9653,4536.22,2729.362,0,0,0
6194,276.0638151,2.8482475,0,0,0,1651.1372,1474.2292,1001.53735,0,0,0
6202,224.0355409,2.8509223,0,0,0,307.54874,253.31009,105.314606,0,0,0
6199,202.0536752,2.8535106,0,0,0,2513.8213,2436.342,1517.4843,0,0,0
6193,238.1077809,2.8558838,108.34999,21.287317,0,10543.611,9599.157,6309.338,17.166704,0,0
6208,304.0797605,2.857714,0,0,0,419.92712,408.1522,401.246,0,0,0
6211,547.2149661,2.861265,0,0,0,871.85223,844.28217,617.1657,0,0,0
6212,542.2607603,2.861913,0,0,0,1759.946,1783.5901,1603.978,0,0,0
6213,266.1605618,2.8622377,1533.2598,1580.0155,1653.2401,1600.5227,1681.1693,1620.9001,1375.1927,1302.5347,1660.013
6222,606.2564354,2.8657503,0,0,0,1112.9049,1002.4238,921.0704,0,0,0
6225,350.2180022,2.8672178,0,0,0,6817.637,6817.5703,6493.5645,0,0,0
6227,258.0743164,2.8675725,0,0,0,1216.0181,1007.5121,584.2786,0,0,0
6231,274.0480909,2.8693218,0,0,0,622.9168,588.995,266.51093,0,0,0
6205,282.0982728,2.869479,21.631603,0,0,4773.8667,4580.6157,4303.6606,0,0,0
6233,236.0918209,2.8696222,0,0,0,732.4726,852.0215,546.59894,17.423914,0,0
6310,366.2122421,2.871689,0,0,0,833.93866,823.9663,762.2868,22.421478,0,24.72419
6226,355.1737084,2.8730247,32.66478,0,0,6520.423,7006.741,6605.3945,0,23.34301,0
6232,371.1475379,2.8731344,0,25.139688,0,3457.216,3613.5488,3512.4475,0,0,0
6237,156.1388954,2.8743074,4576.484,543.2117,325.1844,116.99106,65.179855,101.87681,50.097458,68.57271,47.15363
6410,271.116339,2.8748736,2567.5537,2165.442,2066.2927,2901.0247,2496.0405,1552.9902,2236.8718,2037.4432,2028.286
6241,196.1332985,2.8794887,14081.863,1384.0836,1613.411,574.86127,333.1664,160.87314,283.58893,214.80061,215.49536
6245,212.1054819,2.879609,2155.7625,166.67691,215.35419,0,0,0,0,0,0
6244,412.2192001,2.879879,0,0,0,8855.49,9347.403,8071.8857,0,0,0
6249,417.1739434,2.8820026,0,0,0,1973.0797,2196.8323,1814.6058,0,0,0
6322,425.1575417,2.884996,0,0,0,985.9438,180.2787,632.39307,0,22.878826,0
6287,258.170767,2.8855276,22052.928,2772.714,2902.846,465.20444,214.89717,401.43103,459.0531,221.13799,214.61562
6270,290.7079713,2.885889,748.65875,33.18366,38.428963,0,0,0,0,0,0
6257,433.1480992,2.8861847,0,0,0,632.01324,624.8839,501.04572,0,0,0
6240,174.1494849,2.8869028,11233.129,1162.8268,1690.4141,353.60327,490.02695,219.22267,291.82385,61.817375,116.066795
6335,175.0871734,2.8876932,0,0,0,4896.1475,4801.868,4602.662,0,17.527374,0
6274,619.4174713,2.8879592,757.24347,35.64114,29.43031,0,0,0,0,0,0
6276,597.4354067,2.88856,3356.0278,554.2189,625.689,0,26.942726,40.401886,0,0,0
6275,191.1070822,2.889526,6737.7334,673.25604,655.514,94.96838,274.39563,90.453186,203.46169,201.91035,90.63963
6284,520.3345489,2.8907514,44764.035,40574.777,42413.742,43279.473,42643.438,44138.69,39500.77,41150.816,40635.375
6337,213.0424629,2.8915794,0,0,0,1082.9651,1009.67645,859.03357,17.727013,0,0
6294,484.1378267,2.894235,0,0,0,1615.3667,1467.8667,1452.9896,0,0,0
6296,446.1822815,2.8942573,0,0,0,1186.7775,1124.9968,948.9305,0,0,0
6385,355.1164006,2.8947716,0,30.622818,28.05809,1238.0295,891.75433,1381.9192,34.603485,25.14806,42.964977
6290,299.2216762,2.8948817,21204.12,3386.2275,3473.1716,828.1215,570.16034,992.33057,240.70178,154.32077,274.63403
6304,855.3313988,2.8963482,0,0,0,15555.767,16069.178,14358.187,0,0,0
6311,387.1425417,2.8985035,0,0,0,1102.4497,1374.1748,1152.4596,0,0,0
6312,468.163854,2.8985035,0,0,0,1682.3319,1662.8855,1457.133,0,0,0
6313,872.3584754,2.8985035,0,0,0,3888.1946,4128.598,3532.6125,0,0,0
6314,877.3135364,2.8985035,0,0,0,1316.2758,1217.3412,962.04974,0,0,0
6271,298.1651407,2.9022925,4634.7314,104.64376,103.94023,51.993145,35.10459,42.126022,29.385277,27.201366,24.87035
6323,586.2152443,2.9027574,0,0,0,342.92337,312.17435,466.0884,0,0,0
6325,607.1442002,2.9027574,0,0,0,237.49556,164.2447,185.65027,0,0,0
6327,369.1176456,2.9045238,0,0,0,2003.2708,1935.3995,1668.7125,0,0,0
6336,197.06903,2.9083843,0,0,0,2099.4375,2027.4579,1980.7866,0,0,0
6338,391.1004775,2.9083843,0,0,0,852.6107,775.2245,540.4052,0,0,0
6352,470.371703,2.909171,183.30745,87.793915,61.192085,120.57696,125.57127,294.16913,195.41875,76.4928,198.14099
6342,453.3449517,2.909879,2386.6343,2354.0815,2161.5605,2324.816,2224.503,2326.4949,2517.9175,2145.5312,2336.8042
6282,208.1338921,2.910519,7761.268,430.8102,697.2796,135.34659,136.05048,117.0524,94.693954,131.31151,104.01313
6344,349.2656648,2.9106076,17048.764,2138.3506,2255.6658,1765.1453,2098.7195,1481.8762,0,0,0
6262,173.0978625,2.9107907,1438.3813,28.530302,31.931522,25.771366,0,0,0,31.906803,47.505898
6259,244.1550377,2.912028,26891.182,2367.7063,1819.2482,1033.5728,470.55365,227.57741,655.33264,856.0003,245.89026
6347,158.060344,2.9122553,0,0,0,410.26022,453.2439,423.52637,0,0,0
6354,420.2239563,2.9141657,0,0,0,6956.2646,7353.2085,6887.9062,23.863543,0,0
6355,425.1809296,2.9164884,0,0,0,1147.629,1223.8367,1163.0364,0,0,0
6331,339.1415825,2.9192805,42.56954,35.061546,67.93896,6061.178,6191.359,4487.403,35.75912,78.36355,42.325836
6348,334.1874357,2.9203064,31.133919,68.532486,32.448914,652.53595,589.24054,593.71985,27.234867,53.292397,32.41971
6289,226.1441914,2.920609,22427.117,1105.9337,1126.2104,42.2382,53.44256,89.75485,34.110302,55.46238,24.433182
6215,611.2046517,2.9210348,0,0,0,1273.4749,2296.084,861.599,0,0,0
6366,507.3173993,2.9234452,490.8077,0,0,0,0,0,0,0,0
6477,209.0793474,2.9241269,478.37955,173.1083,361.61008,1276.42,1347.6921,185.72797,169.80173,254.45795,144.04703
6405,411.2006337,2.9257367,0,26.723078,26.128689,4852.709,4710.909,4364.0073,0,0,0
6368,485.335478,2.927305,6114.0444,564.59894,541.5524,62.25093,81.41768,63.799553,0,19.747412,0
6578,266.1377168,2.9284604,19356.303,886.517,1154.7838,56.633034,44.485626,49.710075,29.733234,0,0
6372,243.1714083,2.9289045,700.9776,60.148895,0,0,0,0,0,0,22.702929
6343,302.1606367,2.929343,732.1043,101.562126,166.74161,1937.9155,2316.867,2141.3533,169.44194,229.32234,406.61124
6291,209.1172275,2.9328642,3371.263,605.5515,468.5427,1594.1167,1920.3649,1128.6959,548.54675,1652.6802,1275.6359
6472,371.1476769,2.9399664,0,25.139688,0,2016.0377,2109.816,1756.7206,0,0,0
6438,355.174003,2.9429007,32.66478,0,0,4232.6606,4129.078,3759.9717,0,25.700623,0
6353,323.0902306,2.9442358,36.494896,82.65585,112.91902,3070.5337,2603.24,2629.251,168.23459,69.08484,110.60437
6398,427.1727602,2.9462738,0,0,0,1618.0189,1712.1758,1461.9609,0,0,0
6400,589.182758,2.946273,0,0,0,1489.8799,1431.8253,1366.7766,0,0,0
6406,573.2075735,2.948291,0,0,0,3006.8599,2864.8335,2566.6382,0,0,0
6411,350.2176012,2.950309,0,0,0,944.28656,1163.9276,1063.2858,0,0,0
6423,303.0496814,2.9523222,0,0,0,39854.637,39880.06,38446.44,0,0,0
6427,655.1268338,2.9523222,0,0,0,3254.0415,3434.3137,3106.775,0,0,0
6428,665.1343461,2.9523222,0,0,0,1311.4703,1096.6189,1041.3662,0,0,0
6429,695.1151557,2.9523222,0,0,0,5648.3105,5402.0146,5429.1987,0,0,0
6440,611.1630691,2.9543514,0,0,0,471102.56,467453.34,447067.78,0,0,0
6441,633.1448469,2.9543514,0,0,0,79635,78910.62,73072.164,0,0,0
6442,649.1183916,2.9543514,0,0,0,8191.594,8413.044,7610.8745,0,0,0
6482,609.1469837,2.95436,0,0,0,613.64325,281.0783,637.0563,0,0,0
6445,717.0962586,2.9543514,0,0,0,1840.0608,1858.4554,1672.4028,0,0,0
6450,679.1381035,2.95436,0,0,0,673.8187,446.4441,654.409,0,0,0
6447,701.129769,2.9543648,0,0,0,1788.1829,1530.682,1555.9691,0,0,0
6448,1243.29954,2.9543514,0,0,0,1878.1937,1720.8038,1655.4496,0,0,0
6454,301.0346221,2.956394,0,0,0,17495.467,17105.04,16567.629,0,0,0
6455,465.1036968,2.9563892,0,0,0,15181.484,14896.467,14294.627,0,0,0
6457,647.1018721,2.9563892,0,0,0,3297.1433,3395.9778,2902.813,0,0,0
6484,660.1797798,2.9564025,0,0,0,634.1416,311.81317,451.56775,0,0,0
6537,252.1222651,2.9568598,9190.64,499.7439,478.5709,0,37.188644,29.05405,0,20.745419,0
6474,626.1738889,2.9584315,0,0,0,19933.373,18990.887,18027.6,0,0,0
6475,631.1290679,2.9584315,0,0,0,7694.12,8056.992,6879.8286,0,0,0
6485,319.1162094,2.9591897,794.7974,1099.5026,1057.5454,1232.7832,1678.9868,1355.1294,996.18884,994.1361,950.0409
6490,723.1116483,2.960451,0,0,0,1204.2468,1340.0922,1114.5647,0,0,0
6491,643.1511009,2.9604628,0,0,0,1744.4084,1747.0012,1848.7091,0,0,0
6527,166.1234432,2.9605596,972.99817,95.462845,127.903404,121.95003,141.52771,130.3593,150.71,36.31432,43.126724
6492,303.1423099,2.9608698,29162.191,30755.164,30170.459,34753.9,35453.07,34251.832,29561.87,32060.504,29321.281
6497,263.1498058,2.9627368,4065.0728,4500.478,4256.0815,5335.727,5235.0522,5073.6396,4046.316,4129.9346,4333.6714
6493,395.2171295,2.9633133,1113.3201,60.2452,85.228966,0,43.6754,0,0,0,0
6513,498.1740235,2.968589,0,0,0,6638.4062,6799.926,5740.787,0,0,0
6437,381.0801232,2.9694142,43.97149,33.72014,75.56047,1009.41406,883.96533,991.3649,48.63817,54.263893,67.37369
6508,373.2338857,2.97171,14035.075,1834.0223,1731.7415,119.78548,398.05536,230.27402,0,25.069557,0
6499,280.1765113,2.9730065,0,37.521812,64.12483,78.085556,425.4027,259.73135,40.789513,72.04211,36.374924
6569,149.0965418,2.9758239,5670.6074,758.77765,1003.28217,3292.7253,2953.9458,3111.324,350.8949,339.72873,578.1658
6540,167.1072459,2.9777777,8236.68,6203.647,7181.984,9274.236,4098.4287,8549.063,1572.2072,911.5581,1922.7183
6479,365.1061793,2.9787886,773.91974,5586.7783,2017.9536,5413.519,8306.951,5083.6104,3745.4468,3383.68,329.06543
6526,514.1487171,2.979265,0,0,0,5523.2886,5337.73,4858.0454,0,0,0
6541,268.0952419,2.985639,1205.1815,0,0,0,0,0,0,0,0
6576,191.1071944,2.992981,4146.183,232.28728,326.2001,142.12006,66.25853,159.53334,90.45549,69.55632,86.61638
6552,476.1920737,2.9978447,0,0,0,2231.3794,2610.0676,2294.4504,0,0,0
6409,564.361483,2.999755,31935.725,28832.424,28394.326,29104.256,30549.906,31682.396,27896.871,27407.455,28016.598
6530,184.133872,3.0043707,4315.0034,349.91733,181.19203,138.60405,435.69952,192.68713,90.21352,166.5605,153.11017
6524,274.1045854,3.0055952,1079.8959,0,0,0,0,0,0,0,27.329193
6496,285.1326626,3.006894,220.9391,221.76628,131.95337,2564.8735,2653.7117,2525.8025,279.86368,123.26997,385.54727
6510,301.1056907,3.0092409,0,0,0,794.73785,680.81757,433.30734,40.828564,18.736582,18.581547
6577,208.1338909,3.0118403,4630.0747,171.77406,135.06223,135.34659,136.05048,117.0524,172.74948,150.08968,183.20424
6585,427.1735955,3.0170615,0,0,0,2253.5217,2097.6938,1779.5841,0,0,0
6586,389.2176914,3.0171454,0,0,0,2209.8503,2419.1223,2016.9862,0,0,0
6587,538.2298217,3.0171454,0,0,0,2810.081,3073.5515,2721.7827,0,0,0
6595,543.1847847,3.0205593,0,0,0,1208.6772,1311.3087,1165.9369,0,0,0
6594,371.2086808,3.023577,0,0,0,136.421,380.71262,329.61902,0,27.753353,0
6588,559.160047,3.0244362,0,0,0,409.0292,415.50266,172.45068,0,0,0
6583,411.2003534,3.0276256,0,27.319849,0,5559.391,5807.473,5568.6973,0,0,0
6571,228.0999273,3.0287745,37402.754,1045.6287,2283.3826,55.498154,139.19284,101.62197,34.252575,58.85975,21.89841
6609,395.1319298,3.032285,0,0,0,1453.3419,1246.5519,572.6466,0,0,0
6616,544.1577907,3.0337543,0,0,0,261.9023,426.88348,388.05817,0,0,0
6617,390.1767155,3.034028,0,0,0,1862.7823,1452.1553,748.4767,0,0,0
6620,484.1381924,3.034028,0,0,0,201.50958,640.13214,437.70993,0,0,0
6604,523.22931,3.0344284,0,0,0,171.55254,192.7608,114.41179,0,0,0
6614,411.1061996,3.0354974,0,0,0,1708.2701,1510.7026,546.09924,0,0,0
6623,446.1816294,3.036914,0,0,0,961.4422,790.4665,870.6573,0,0,0
6629,468.1639004,3.0390575,0,0,0,1285.4366,1383.5266,1198.3477,0,0,0
6702,137.0965691,3.040771,68052.56,9154.861,10084.043,768.9055,1317.1394,3384.8723,989.07983,445.38177,487.8711
6643,210.0897612,3.0440829,362477.84,44415.336,49109.895,3484.149,4419.593,4140.694,2448.614,2339.4268,2404.86
6710,194.1173665,3.0448115,1455673.2,161330.9,170413.16,36673.176,47693.715,48335.883,37960.645,39730.426,39771.887
6650,561.1739973,3.0450075,0,0,0,108.65115,258.9733,36.931953,0,0,0
6712,353.1583705,3.0452042,59.122414,35.92215,32.895386,1779.1376,1832.8373,1449.4698,25.082415,27.009422,35.34599
6647,545.2003584,3.047167,0,0,0,1159.5674,1047.4767,851.5963,0,0,0
6648,540.2449697,3.047923,0,0,0,2655.0835,2675.1426,2104.2703,0,0,0
6773,197.0799996,3.0498533,80.982285,229.0216,207.56386,1226.4913,1115.3658,695.9153,360.74908,186.12029,235.60077
6653,172.1337714,3.051308,2514780.5,204691.8,230297.23,30477.637,40190.414,37700.156,17200.766,17123.309,15465.472
6717,109.1018844,3.0514908,783783.8,81512.95,88272.195,9104.117,29973.404,10422.104,4613.9106,4092.9067,3375.6145
6713,173.1178098,3.0564647,121387.5,13654.166,14290.621,1184.4377,775.7152,963.9331,204.19144,399.14243,120.5513
6670,440.1922713,3.0578015,0,0,0,1102.3435,1068.0681,559.2437,0,0,0
6678,445.1476935,3.059912,0,0,0,6879.227,6583.4927,3318.1226,0,0,0
6689,212.1267603,3.0603426,303658.2,28096.633,31237.904,5151.6074,6963.3877,6839.299,1863.0287,435.13138,161.56248
6708,348.2048416,3.061109,88.48697,30.433758,71.7065,633.7967,773.78613,849.2628,27.658272,47.9907,25.874964
6603,226.1440618,3.0615647,15979.262,1082.3226,742.973,89.93954,193.77115,81.49271,39.03674,71.58745,59.78813
6698,461.1216461,3.062093,0,0,0,1917.0973,1695.399,760.7265,0,0,0
6732,155.1071225,3.0666156,347729.06,30949.066,35261.562,3990.4468,1973.927,8356.673,1203.1227,500.0558,2884.582
6730,230.07943,3.067643,0,0,0,126.06232,304.18875,291.1882,0,0,0
6724,156.110497,3.068017,32964.207,369.19934,279.3325,54.963226,65.14879,66.14929,46.36421,51.51374,23.596676
6661,194.1345995,3.068718,6935.6616,30.291422,0,0,0,0,0,0,0
6725,475.3272771,3.069407,3692.2644,83.625244,143.26578,0,22.48705,40.992405,0,0,0
6715,917.3681423,3.0697758,0,0,0,570.2664,839.2316,588.2022,0,0,0
6691,405.155407,3.0721185,0,0,0,182.3284,229.0562,32.859085,0,0,0
6731,470.3714628,3.0726728,19699.754,1454.1892,1508.498,414.87003,481.9268,350.20062,0,0,0
6733,453.344976,3.0732565,258051.23,21252.943,21904.104,7603.0405,8603.534,8037.4766,663.2249,565.2527,585.50793
6705,172.152242,3.0751364,17006.73,632.4442,616.31714,192.72498,453.3098,229.91756,318.75836,264.4359,370.0709
6741,227.17593,3.075183,22827.229,1927.2689,2148.9573,1085.2559,1098.2413,579.65564,159.28433,247.69336,133.46692
6739,934.3919346,3.0761087,0,0,0,337.96365,361.94846,262.43866,0,0,0
6740,641.2240614,3.0761964,0,0,0,2289.303,1972.5271,1937.4517,0,0,0
6743,636.2676397,3.0778768,0,0,0,721.5238,577.38104,625.4493,0,0,0
6755,271.094933,3.0870008,152.1336,5028.63,5125.28,6687.546,7364.117,6931.2734,5752.6113,5274.859,5606.1216
6803,238.1429521,3.0876791,16670.812,99.5778,548.27216,75.90588,170.8009,50.520638,28.041279,35.726673,81.842545
6760,503.059056,3.088536,0,0,0,637.83685,757.6344,700.39777,0,0,0
6766,465.1038113,3.0906506,0,0,0,26680.502,28004.174,26886.072,0,0,0
6767,487.0857074,3.0906506,0,0,0,9536.078,9781.094,9413.435,0,0,0
6807,216.160113,3.0908918,8625.367,766.2809,845.7794,581.8877,879.28296,851.1144,409.1012,186.77518,481.22705
6763,253.0482219,3.0912724,0,0,0,591.0216,597.16675,285.1512,0,0,30.945103
6771,255.1214522,3.091833,10002.854,9929.541,10130.874,19391.604,19430.764,18613.736,9749.64,10148.384,10453.79
6776,348.2390528,3.095359,20508.232,20682.555,20298.012,20859.812,20690.729,21243.89,18498.436,19280.219,20999.21
6874,406.2443107,3.097426,0,0,0,3064.9958,3795.3828,996.854,0,0,18.459658
6735,228.1002113,3.098381,49631.504,5468.1436,6214.982,120.545494,229.46223,404.96216,68.434326,34.856323,44.115795
6759,237.0742894,3.098611,0,31.320906,25.722393,1326.6171,1467.121,834.1703,17.82113,0,15.495932
6941,270.1111247,3.1000366,1878.2805,139.78343,136.93268,0,0,0,0,0,0
6782,608.3877333,3.1002223,20804.348,17805.6,18220.41,18648.555,18768.086,19478.229,17673.014,16737.057,17619.773
6789,463.15817,3.1002522,0,0,0,639.7476,837.67676,338.37207,0,0,0
6784,313.2106003,3.1021116,2062.266,1371.7086,1483.4235,1497.4052,1346.7793,1351.1082,1339.7361,1223.3304,1160.6279
6794,479.1319518,3.1023576,0,0,0,265.6974,245.57996,288.31696,0,0,0
6786,535.2761749,3.1023576,0,0,0,9861.118,10853.7,9634.769,0,0,0
6841,440.1922961,3.1040294,0,0,0,722.8962,555.2058,564.498,0,0,0
6793,557.2587558,3.1044407,0,0,0,2463.6755,2512.1062,2270.6143,0,0,0
6722,208.0983428,3.1056442,55.367405,0,28.923183,2214.7805,2485.3057,2439.4658,0,0,0
6835,296.1844657,3.1061096,442.34177,132.49661,160.52814,358.2416,81.43385,256.5076,265.98685,141.56383,114.99045
6780,552.3027951,3.106549,0,0,0,577.09106,527.7843,404.39334,0,0,0
6880,855.330934,3.1079137,0,0,0,1102.8674,1517.3757,981.1231,0,0,0
6915,238.0848306,3.1082983,1263.3767,23.536661,0,0,0,0,0,0,0
6808,254.1164115,3.1102657,6642.5767,25.38377,0,0,0,0,0,0,0
6693,646.2687731,3.1110623,0,0,0,112.3823,303.86945,194.67276,0,0,0
6864,172.0010217,3.1139972,69.49442,116.07772,185.54736,54.604156,20.059357,14.829821,33.851448,109.56282,43.169617
6823,595.1674795,3.117625,0,0,0,6670.539,6706.049,6264.004,0,0,0
6824,617.1502376,3.117625,0,0,0,1369.6917,1525.7986,1376.6807,0,0,0
6816,406.126999,3.123132,0,0,0,1365.586,609.6153,1460.2351,0,0,0
6881,411.2003059,3.1233685,0,27.319849,22.390713,2591.944,3005.5417,2052.5583,0,0,0
6850,169.1341359,3.1251023,3361.958,2001.0101,2024.187,0,16.06741,60.937828,18.067799,22.302103,0
6840,445.1478396,3.1259773,0,0,0,3814.7688,3459.3528,1801.7792,0,0,0
6843,519.198652,3.128087,0,0,0,12252.24,12343.872,11680.242,0,0,0
6852,461.121525,3.130212,0,0,0,878.7291,794.2256,407.66254,0,0,0
6855,476.1914901,3.1307137,0,0,0,2441.566,4219.299,882.0324,0,0,0
6858,573.2062553,3.1319087,0,0,0,8624.095,8391.78,8290.54,0,0,0
6859,589.1813607,3.1319087,0,0,0,4650.379,4418.066,4195.303,0,0,0
6861,422.1005542,3.1320179,0,0,0,937.036,1004.471,869.86725,0,0,0
6862,191.1161225,3.1322315,880.78625,564.0092,641.1607,0,0,0,0,0,0
6938,193.122943,3.135226,3462.6194,183.43027,324.45203,305.3277,908.6339,606.6031,793.1182,363.80573,610.2024
6871,624.2867094,3.1357234,0,0,0,4929.57,5303.8896,4785.338,0,0,0
6876,384.1448806,3.1378415,0,0,0,17665.492,23327.123,20069.479,0,0,0
6883,434.2030631,3.1399448,0,0,0,2265.877,3083.5417,1797.4534,0,0,0
6888,206.1179679,3.141912,1876.4326,722.3772,1130.5634,1472.7908,1459.513,1149.266,1082.2529,1087.5358,1122.7639
6940,232.1551037,3.1430738,3934.5513,335.3049,1020.4768,457.99033,651.4309,645.6313,359.79816,300.01526,185.36922
6935,165.0916591,3.1452935,3299.175,451.0605,1814.9421,871.37805,1890.1676,1489.9867,2010.4164,1316.4995,1535.5669
6967,250.1430734,3.1464872,14977.67,334.122,294.1878,31.535295,35.02662,21.314789,17.939552,0,28.00132
6899,379.0797597,3.1474216,0,0,0,3299.1287,2663.3423,1149.581,0,0,0
6896,358.1503008,3.147752,0,0,0,1785.8347,1436.5776,815.83984,0,0,0
6901,363.1054815,3.1478148,0,0,0,1784.0682,1457.0471,553.02966,0,0,0
6921,299.7132067,3.1493149,7924.6914,1071.5059,1214.2275,59.633152,97.9086,62.899734,0,0,0
6907,514.1481528,3.151018,0,0,0,1477.5483,1436.7898,1402.598,0,0,0
6910,498.174272,3.1512477,0,0,0,3259.807,3270.3833,2825.8684,0,0,0
6920,598.4200324,3.1522503,10162.01,1329.554,1552.7559,174.26118,161.46548,73.228645,0,0,0
6919,620.4031315,3.1542723,1364.3513,105.79817,61.75523,0,24.742432,0,0,0,0
6916,244.1550939,3.156876,5226.002,1921.3008,1227.1067,912.3338,310.84326,581.2326,562.52496,344.64233,498.65808
6905,171.9860412,3.1571884,87.72875,92.33029,144.65424,51.042778,57.386806,23.596588,569.4605,262.2864,133.41342
6939,222.0898052,3.1582348,308.53247,0,0,0,0,0,0,0,0
6926,200.128727,3.1588175,11696.084,1184.3087,1035.7792,552.33734,459.62354,515.3588,304.90198,372.74634,247.64304
6937,184.133853,3.160248,3079.1538,249.06055,117.84499,258.28125,522.955,300.8332,351.72244,388.21555,218.00099
6949,154.1232059,3.1613207,16870.607,1060.9487,898.53577,188.6523,185.49986,222.74239,223.05022,150.15108,51.98385
6986,490.2297669,3.163466,0,24.040646,0,999.0757,1091.7511,860.8541,0,0,0
6948,182.1183107,3.1645136,21827.746,1145.304,1006.3878,132.15361,61.45816,109.981964,106.49484,34.293922,58.415245
6914,226.1442603,3.166225,5897.31,853.53064,1046.9464,106.65497,183.49037,53.469154,103.721596,92.73847,108.43514
6913,222.1128883,3.1670008,13155.065,12545.938,10426.591,6063.4785,2168.2166,11968.106,10555.4375,10782.955,9553.375
6961,210.1491876,3.1695578,5683.592,185.28645,149.87526,30.700226,36.08863,28.42284,17.529377,25.029205,25.095058
6963,266.1157959,3.1697142,3859.0176,25.833174,48.544163,0,0,0,0,0,0
7002,409.1852571,3.170946,0,21.068754,0,7747.3525,10019.448,8364.334,20.990353,31.867981,17.20366
6936,166.1234011,3.171787,678.3999,75.10655,38.863434,109.2975,225.04355,130.14084,162.85687,131.41194,92.685585
7072,328.1556626,3.1726165,450.70566,0,0,33.352448,0,0,0,0,0
6979,408.2477735,3.1766891,290.64487,0,0,0,0,0,0,0,0
6984,473.2028042,3.1781816,0,0,0,2234.5073,2427.9043,2298.4644,0,0,0
7046,196.1339205,3.1832843,9917.808,306.96313,209.44391,132.27957,131.03148,324.65613,187.12286,113.40329,127.78192
6993,359.2552749,3.1849473,1196.839,337.06735,359.28848,0,0,0,0,0,0
6917,266.138236,3.1849594,1329.2834,66.753006,34.718235,25.779186,30.847805,23.380558,18.515385,0,0
6991,567.2069393,3.184983,0,0,0,850.7978,995.0539,757.7531,0,0,0
7000,386.2658523,3.1860723,8001.4937,1180.1056,1280.1893,293.05893,94.069,125.88611,0,0,0
6997,562.2515313,3.1870975,0,0,0,1676.9297,1871.913,1845.882,0,0,0
7250,381.2375761,3.1893265,574.11224,118.38899,98.284195,0,0,0,0,0,0
7006,284.1267189,3.1910102,6724.863,0,0,0,0,0,0,0,0
7007,652.4147309,3.1911325,8947.432,7908.925,8025.7866,8610.441,8696.739,9222.294,7941.7725,7719.0483,7545.083
7009,335.2234481,3.191493,13577.118,12195.538,12677.78,12911.857,11729.8955,12867.65,11480.924,11635.689,12000.062
7013,425.1576645,3.1919308,0,0,0,2536.6575,2623.201,2226.42,0,0,0
7021,287.0549195,3.1960738,0,0,0,8407.546,8661.312,8733.222,0,0,0
7025,506.2033752,3.1960738,0,0,0,747.48975,915.6461,845.08984,0,0,0
7026,528.1855805,3.1960738,0,0,0,1044.2191,949.88025,677.5797,0,0,0
7027,544.1592834,3.1960738,0,0,0,337.418,399.83286,387.7813,0,0,0
7028,595.1676489,3.1960738,0,0,0,86727.25,89565.56,90155.75,0,0,0
7030,617.1499729,3.1960738,0,0,0,16290.242,16312.111,15483.215,0,0,0
7031,633.1236336,3.1960738,0,0,0,1408.0923,1489.549,1244.4985,0,0,0
7017,679.1202219,3.1960738,0,0,0,800.31635,857.0567,848.75757,0,0,0
7032,682.4032534,3.1960738,0,0,0,3131.2822,3305.3,3176.4097,0,0,0
7018,685.136714,3.1981232,0,0,0,788.4948,601.98663,485.94467,0,0,0
7022,701.1042309,3.1981232,0,0,0,330.24768,286.74213,288.00833,0,0,0
7034,687.3587302,3.198148,0,0,0,798.4648,834.20276,749.7786,0,0,0
7023,707.1183553,3.2001972,0,0,0,226.59328,262.1894,186.83401,0,0,0
7089,197.1177701,3.2015467,7059.9863,1508.5737,1787.1906,11149.563,11866.284,11603.253,733.47864,1307.903,1683.6526
6987,268.1530251,3.2051444,16358.354,32.205597,37.30489,51.149837,41.130463,70.9149,35.37623,21.929615,34.521637
7078,210.1118638,3.205158,20117.623,2280.2493,2753.8503,424.61896,291.9379,209.05951,167.80246,143.13922,95.65782
7047,214.1442499,3.209285,31699.63,605.7093,381.31155,1101.0923,601.1593,708.5011,380.72134,379.1207,436.35883
7070,296.1268224,3.2099018,736.4536,0,0,0,0,0,0,0,0
7080,156.1025628,3.212291,11908.104,1345.0803,1687.7515,149.4006,253.127,464.66357,104.72789,178.49883,131.95056
7079,236.1277109,3.21313,41259.72,311.2347,497.64062,31.156494,67.728,65.03365,26.447132,29.223522,23.739029
7050,252.0997698,3.2137566,21977.223,58.631676,34.51026,0,0,0,0,0,0
7091,188.1287313,3.2146556,38248.3,12199.829,6896.561,4988.9126,5817.6577,4950.8003,2763.3892,942.9407,4964.4453
7179,264.1223884,3.221814,4009.6062,24.589762,28.186905,38.25878,23.361195,17.66666,0,0,0
7075,226.0843139,3.2226725,5739.4844,460.59216,658.4272,20.981993,0,0,0,0,0
7071,312.1800744,3.223969,2678.8088,34.392418,78.79722,0,0,23.837852,21.875626,0,0
7113,235.0736037,3.2293499,0,0,0,553.6039,610.30884,589.58984,0,0,0
7117,219.1003116,3.2342951,88.04742,143.95844,259.72995,2967.9307,2646.552,2779.9697,97.942825,64.97374,167.65486
7125,245.1391597,3.2345335,6729.436,5963.5386,5564.4536,5550.426,5358.5366,5962.8276,5341.95,5526.1616,5682.3687
7135,280.1764588,3.2352543,381.53363,959.51044,1085.2588,905.8941,934.247,870.8294,818.2016,1186.0532,683.29694
7133,285.1321193,3.2356148,3363.032,2391.37,2437.787,3242.9941,3502.1067,3286.3433,2379.0671,2133.7517,2420.2798
7052,280.1531088,3.2359872,1827.9457,0,0,0,26.08551,0,0,0,0
7141,301.1057562,3.2365592,70.19658,70.0964,148.44421,429.90195,172.77458,158.20386,179.76395,74.76215,36.81984
7137,263.1497566,3.2371755,769.12604,685.47144,596.37836,644.29175,481.01437,796.96094,617.3669,665.92065,573.53503
7146,412.3056131,3.2414937,12417.74,2436.061,2710.8206,511.82657,406.1718,429.559,30.500492,0,72.069626
7158,365.1718464,3.2426255,0,0,0,8760.512,9597.81,8634.293,0,0,0
7192,387.1538572,3.243986,0,0,0,611.53,574.7696,454.22507,0,0,0
7170,815.4084549,3.2461472,0,0,0,1645.1954,1638.5054,1524.3391,0,0,0
7171,832.434887,3.2461472,0,0,0,7676.271,7955.3916,7567.398,0,0,0
7173,853.3641006,3.2461472,0,0,0,516.9917,402.86127,367.81097,0,0,0
7068,282.132709,3.246451,654.13416,0,0,0,0,25.036587,0,0,0
7174,625.1788883,3.2475615,0,0,0,6744.701,7029.911,6380.4756,0,0,0
7175,647.1602592,3.2475615,0,0,0,1137.8905,1057.032,1001.2273,0,0,0
7176,837.3898478,3.2479124,0,0,0,1386.9852,1392.2565,1416.3203,0,0,0
7187,612.2302915,3.2496707,0,0,0,1406.7799,1632.0211,1348.6858,0,0,0
7189,633.1603911,3.2517946,0,0,0,602.8708,609.80493,580.28174,0,0,0
7194,617.188414,3.2518375,0,0,0,1706.6198,1670.6256,1595.0995,0,0,0
7195,755.2775206,3.2518375,0,0,0,230.1537,377.1958,258.06763,0,0,0
7207,171.9859321,3.253548,60.181267,131.8703,460.29214,170.13315,57.386806,39.971275,173.66348,110.73988,1081.4547
7058,574.2508977,3.253609,0,0,0,746.7678,1044.4778,685.6317,0,0,0
7197,579.2068021,3.2539465,0,0,0,555.68866,540.4275,522.2129,0,0,0
7067,260.1500537,3.255669,3296.3489,458.80154,310.9634,877.79913,953.7163,901.17285,695.8324,800.2822,182.44208
7206,750.3203077,3.2574701,0,0,0,2550.3792,2824.871,2727.8716,0,0,0
7225,265.1656074,3.2659097,2552.6243,3493.8906,3814.673,3446.07,4066.3457,1798.3691,3739.0208,3960.975,3655.8894
7223,352.1164749,3.2660685,0,0,0,1173.5939,1130.2737,1038.6992,0,0,0
7213,242.1387893,3.268052,26542.113,1153.5032,1481.9972,512.3983,758.7091,229.34796,281.72858,265.11584,149.55899
7229,236.0920508,3.2701032,0,0,0,537.5599,560.6481,171.35245,0,0,0
7181,280.094044,3.2703388,569.14905,0,0,0,21.189407,20.169071,0,0,0
7230,274.048096,3.270463,0,0,0,243.75392,336.07996,200.33067,0,0,0
7232,258.0743491,3.2729714,0,0,0,992.96936,1023.5106,463.80145,0,0,0
7252,287.1479167,3.2730799,2391.1792,2598.8315,2625.6292,2494.4106,786.6832,344.02414,2329.3772,2496.507,2643.5671
7239,357.236725,3.2762697,19649.162,19159.43,19170.14,18168.262,18021.453,17274.826,17710.11,18668.334,17893.977
7240,696.4408118,3.2762697,4150.4966,3839.164,3750.326,3997.145,3828.5986,4039.5718,3517.8757,3644.7227,3354.0793
7221,312.1241784,3.2770946,410.6236,0,0,796.19794,716.11206,481.533,17.082512,0,0
7245,251.1860683,3.2774394,39470.008,38401.65,38051.984,37448.562,36294.832,37209.535,35547.28,36467.51,34712.74
7251,340.2111441,3.2779403,246.29489,75.792885,131.33145,108.45083,210.00636,142.5716,263.8895,256.41714,63.063168
7226,405.1665465,3.280054,0,0,0,220.95523,557.7796,339.45407,0,0,0
7259,273.1681115,3.2845948,3443.5828,3637.0588,3637.2512,3253.2417,3564.3867,3546.87,3367.1182,3480.416,3234.509
7260,409.1629271,3.2860043,0,0,0,1144.6217,1212.2303,865.2719,21.655348,30.160273,0
7266,582.2200122,3.286684,0,0,0,2442.6348,2604.0698,2538.3909,0,0,0
7267,603.1495933,3.286684,0,0,0,817.8946,1010.01105,961.5074,0,0,0
7299,282.1691015,3.2873363,26193.986,1400.7489,2376.2688,22.07832,29.438528,0,0,0,0
7265,393.189426,3.2873628,0,22.61185,0,3567.573,3602.3667,3126.4346,25.91863,27.354012,22.254549
7273,587.1757237,3.2884777,0,0,0,1478.5996,1712.0062,1486.7263,0,0,0
7280,684.361002,3.2927167,0,0,0,390.5144,534.02527,438.49954,0,0,0
7282,649.3251046,3.2959833,0,0,0,345.8045,317.52347,91.53723,0,0,0
7366,228.1000509,3.298071,1424.9226,0,0,24.187296,0,0,0,28.663845,0
7302,443.1225293,3.3044941,0,0,0,713.175,713.27783,734.5493,0,0,0
7303,596.2358259,3.3044941,0,0,0,4066.0586,4617.94,3919.0144,0,0,0
7304,601.1912321,3.3044941,0,0,0,2462.9487,2593.5583,2391.129,0,0,0
7305,617.1657239,3.3046143,0,0,0,1763.573,2039.7063,1931.8126,0,0,0
7098,427.1482429,3.3062594,0,0,0,1020.8536,1113.8113,819.4448,0,0,0
7268,371.2092167,3.3072004,39.623642,0,0,3153.7273,3439.0657,2895.7437,0,0,0
7285,298.1412132,3.3148034,12348.839,107.059525,1169.0657,0,22.255756,0,0,0,0
7350,356.2554253,3.3193533,10406.307,1272.1453,1374.0385,33.570026,97.750534,177.5203,27.37865,74.74371,25.382723
7320,210.1491435,3.322479,18281.516,1119.5686,2012.5132,36.652092,28.59295,43.680935,0,68.94537,23.14186
7393,696.3832338,3.3232894,25.799416,0,0,8701.452,9289.736,8277.295,0,0,26.004759
7354,253.1302994,3.32665,1098.8578,191.09325,207.92686,57.302456,42.32388,35.613277,31.761566,66.960556,45.083107
7361,237.1589669,3.327884,4156.281,621.82477,565.0017,22.946812,29.25138,0,0,0,0
7355,215.1764842,3.329116,35199.742,5510.6895,5595.062,1227.3727,949.4182,1153.1902,19.830437,18.421753,27.457445
7365,212.1279354,3.3294654,3859.1304,276.5022,56.310944,126.27284,222.7695,264.7532,75.5086,63.92234,48.731422
7353,190.1444116,3.3301854,2925.2373,62.264374,56.66734,77.56486,79.72412,26.209843,45.145447,28.498116,27.118515
7375,449.1089095,3.3366916,0,0,0,4524.8784,4589.283,4228.6094,0,0,0
7378,471.0910743,3.3388145,0,0,0,3017.2832,3064.467,2830.0984,0,0,0
7445,409.1850115,3.3388462,0,29.543493,26.066998,3197.7168,2649.3276,2437.3267,0,29.019566,29.089008
7359,198.149455,3.3420498,13804.472,2290.885,2521.8862,460.36435,498.09357,529.82104,51.15872,26.888435,32.628334
7243,1124.55118,3.3438742,37.26368,25.700062,0,6690.5254,7262.39,6855.493,20.94553,0,0
7391,679.3574199,3.344506,0,0,0,430.1555,123.82864,196.45868,0,0,0
7398,413.1119417,3.348327,0,0,0,553.04645,488.82968,544.3143,0,0,0
7401,293.0793735,3.348653,2637.0112,2855.5996,2724.3594,2327.9124,1621.963,2365.031,2803.66,2873.328,2679.462
7412,139.1123052,3.3491278,8374.14,1076.0295,1759.3896,828.5891,951.55286,760.55066,3146.9114,881.116,642.64844
7399,202.1443997,3.3491266,45215.8,9585.196,8650.502,5820.87,6749.7437,8316.084,5357.351,12997.19,14623.208
7416,240.1003908,3.3495662,3938.5562,212.19739,208.47133,0,0,0,0,0,0
7405,397.1381738,3.3497963,0,0,0,1491.296,1393.0638,1256.7513,0,0,0
7406,701.337872,3.3497963,0,0,0,2362.0254,2660.0518,2209.6365,0,0,0
7407,184.1338979,3.3499465,102533.9,9409.046,8549.818,3122.839,3495.032,3074.353,2552.6875,2713.8672,1974.2802
7396,375.1561112,3.3501346,0,0,0,2231.1062,2139.8674,1952.9309,0,0,0
7431,156.1389418,3.3506489,17438.346,1625.3352,1873.492,211.04172,193.3952,390.68375,283.05328,315.34155,126.97938
7422,138.1282946,3.3512068,13136.308,1206.6018,1376.539,344.41232,326.053,74.193375,194.68639,181.86636,299.77182
7425,566.2015438,3.3516037,0,0,0,2206.991,2197.7908,2148.3872,0,0,0
7426,598.2503641,3.3516037,0,0,0,2081.7888,2460.6902,2300.5293,0,0,0
7427,603.2065215,3.3516037,0,0,0,2456.4714,2414.7664,2165.4575,0,0,0
7437,619.1811492,3.3516037,0,0,0,661.51825,696.14655,647.1179,0,0,0
7430,277.105547,3.351975,7764.0728,7600.376,7312.9165,8635.525,8558.421,8524.066,7419.6562,7191.0347,7520.0576
7436,582.1755557,3.353696,0,0,0,355.10248,390.34183,395.23383,0,0,0
7434,329.2460822,3.3540778,979.078,886.39484,1318.5779,78.37966,24.298178,28.854023,30.016,0,0
7439,379.2499801,3.354357,18865.244,17602.701,17403.715,17246.824,17298.021,18259.334,16930.068,17331.684,16251.58
7415,224.1284302,3.355459,32957.93,17221.404,15844.495,16623.752,15790.41,11744.856,12433.031,19179.273,17780.344
7444,335.1609309,3.3557987,0,0,0,6899.262,7679.957,6893.529,0,0,0
7446,571.2927321,3.3557913,0,0,0,907.3295,1098.9963,1308.3984,0,0,0
7447,367.2005827,3.3560474,96.10575,175.39513,451.06747,0,0,0,0,0,0
7370,543.1847427,3.357504,0,0,0,1113.085,1285.9216,1105.4061,0,0,0
7429,1129.509362,3.3586588,0,0,0,1259.112,1029.6279,1021.72205,28.215193,0,0
7467,538.2295468,3.359599,0,0,0,4240.6626,4581.7515,5579.9497,0,0,0
7468,559.159911,3.359599,0,0,0,223.72266,401.38217,283.09952,0,0,0
7470,503.1920393,3.3617373,0,0,0,880.18,963.3532,821.61847,0,0,0
7479,307.1149131,3.3630364,154.28104,210.65111,357.0514,546.1263,536.85077,703.07635,167.94478,95.2152,316.82413
7481,285.1319036,3.3652391,5136.6064,4378.5327,4622.172,7774.7153,7694.1025,7669.666,4535.897,4480.72,4287.806
7484,245.1391475,3.3666608,11236.576,11092.711,12201.178,11489.06,11982.3545,11978.735,11733.616,10490.99,11028.452
7485,280.1763708,3.3672369,4455.208,4436.361,4386.49,4567.695,4448.6484,4442.5737,4260.068,4228.0596,4179.069
7486,263.149874,3.3673377,1945.5695,1784.5446,2140.4675,2297.817,1935.5895,2299.012,1738.0417,1832.6073,1865.2476
7499,208.1329895,3.3688483,7949.247,1584.8367,1823.4656,143.74136,215.81319,417.01382,141.14734,141.008,52.407135
7509,186.1494796,3.3694618,18541.95,3057.346,3011.0168,1087.1166,534.9672,995.5444,288.12207,402.23804,152.60533
7492,387.107703,3.3706677,0,0,0,445.694,390.8588,486.5302,0,0,0
7506,422.145323,3.3741934,0,0,0,2257.9473,2300.6436,2084.946,0,0,0
7511,532.3284168,3.3759558,0,0,0,2309.3552,2253.0786,1647.342,0,0,0
7463,425.157815,3.377901,0,20.377975,0,349.51633,568.60706,316.98138,0,0,0
7507,224.1055972,3.3782933,2593.405,366.48126,521.5629,0,0,0,0,0,0
7548,371.1485553,3.3824315,0,0,0,193.11432,228.17549,127.21143,0,0,24.322496
7584,268.1536629,3.3824527,3249.0657,38.749832,261.3389,67.7182,27.83908,0,0,0,21.925613
7453,351.2267345,3.385937,922.88696,963.13074,1524.0712,0,0,0,0,0,0
7590,266.1375596,3.3895788,1057.1599,28.747839,68.54568,39.164547,33.660755,26.816051,0,0,0
7598,172.0011901,3.3937242,106.34307,142.67404,112.75407,36.546307,29.211323,15.09487,119.31244,416.85617,152.2615
7528,222.0893052,3.3964875,4990.1587,183.67204,52.794907,20.292423,19.22499,0,0,0,0
7512,554.3113234,3.3965418,0,0,0,852.3262,874.47546,1105.1531,0,0,0
7557,501.101315,3.3974721,0,0,0,543.82135,309.34778,129.38298,0,0,0
7553,355.1740191,3.3977075,0,26.689636,0,2169.2288,2893.9893,1717.5526,20.65358,20.290552,28.8386
7558,312.2389654,3.3981862,2748.4158,2667.416,2939.6067,2796.4875,2699.5725,2499.7961,2614.842,2723.7512,2613.925
7562,371.2085042,3.3986866,0,18.897232,0,1036.4735,1491.8103,911.7414,0,0,0
7563,479.1199873,3.399232,0,0,0,930.2823,534.5974,683.4279,0,0,0
7417,246.110409,3.400358,769.69055,32.130356,33.50831,20.253645,44.375458,24.038307,20.620667,26.230616,0
7540,206.1172727,3.4059503,17213.406,1003.7221,571.69324,97.04016,53.09897,44.624268,112.41283,61.945267,90.56297
7568,393.1896016,3.4093022,32.138325,22.61185,80.46394,3189.0332,3015.9949,2891.5396,28.924894,27.354012,33.289486
7583,284.126917,3.410951,728.53467,29.265144,28.404514,0,0,0,0,0,0
7588,764.3155398,3.4114485,0,0,0,1426.9431,1237.9448,1401.5492,0,0,0
7589,295.2124473,3.4122336,7592.6416,7324.9634,7271.106,7505.376,7386.889,8047.282,7333.3774,7398.116,7267.0474
7591,282.1109896,3.4127145,432.8703,0,0,0,0,0,0,0,0
7652,171.985882,3.4133394,150.23213,147.67249,158.8481,63.68631,65.588715,44.532368,122.94078,170.13246,94.42476
7616,404.229114,3.4160848,39.111504,22.704964,0,2214.2224,2266.4875,1683.6273,0,19.335373,25.31046
7596,621.3867234,3.4173324,3776.395,549.2957,631.3473,28.008068,100.02402,36.68691,0,0,0
7593,616.4318837,3.4176133,1056.1279,45.587486,59.81098,0,0,0,0,0,0
7600,637.3587966,3.4190164,269.97437,0,0,0,0,0,0,0,0
7605,599.4039966,3.4212894,31148.47,4797.475,5173.463,975.5925,907.7715,846.2999,0,0,0
7607,783.3102105,3.4214547,0,0,0,1170.8375,1235.2273,939.7234,0,0,0
7608,821.3952554,3.4214547,0,0,0,799.03705,768.7005,849.0528,0,0,0
7768,816.4399601,3.4235811,0,0,0,6429.0503,5034.649,5925.7905,0,0,0
7625,401.2632775,3.4276266,14575.222,14626.777,14592.033,14772.055,13577.948,15636.37,13849.642,13652.219,14008.671
7624,277.1289757,3.4279032,921.8666,842.1527,816.3196,805.7505,795.03625,856.6138,720.3192,706.6272,791.369
7626,299.1110622,3.428831,432.71765,404.21686,473.93234,1099.0946,1258.9745,1045.5596,412.45206,512.564,589.2962
7595,425.1575225,3.4289556,0,0,0,350.03613,685.5698,316.98138,25.16836,0,0
7633,294.1555167,3.4297168,1500.5167,1860.1283,1602.79,1933.5857,1656.7296,1664.2467,1607.214,1633.5472,1682.7006
7582,246.1707155,3.4337893,4750.33,3302.2788,2891.6035,3450.3113,1074.168,3612.2546,4805.188,1093.3092,2404.2454
7565,409.1623598,3.4342499,0,0,0,1538.1068,2223.4868,1944.6255,45.227562,0,0
7651,910.3763111,3.4356568,0,0,0,7517.1436,7562.8135,7094.5845,0,0,0
7653,915.331299,3.4361136,0,0,0,342.51013,517.4797,575.1004,0,0,0
7676,188.1651303,3.437541,12057.28,1751.3088,2327.872,568.3297,245.49133,523.40686,294.72885,517.17126,646.92975
7606,409.185293,3.4384058,0,29.543493,36.90573,3494.138,2499.8152,2348.6929,0,22.37078,19.500748
7671,210.1475438,3.4397647,12999.675,1573.6312,1895.4805,617.75543,622.8095,534.73615,429.66245,426.8783,344.74854
7594,769.2695946,3.4428456,0,0,0,343.60883,682.8826,388.50757,0,0,0
7687,509.2010505,3.44538,0,0,0,1370.7045,1532.5728,1578.9396,0,0,0
7690,196.0978446,3.4472072,0,0,0,2534.9731,2415.484,1764.264,0,0,0
7691,525.1743946,3.4472072,0,0,0,591.56396,683.1925,654.56067,0,0,0
7696,218.0794062,3.4489262,0,0,0,87.344345,256.9755,103.33022,0,0,0
7699,393.2284793,3.451146,524.10175,354.4241,129.28491,435.1902,664.22687,507.79868,291.97714,282.067,172.21648
7581,244.1550425,3.4542868,2375.9053,785.77216,1168.1621,1205.0741,1421.3411,1635.0648,665.95844,964.6487,1524.859
7867,694.3670699,3.4542444,0,0,0,5769.3936,6988.777,5268.8276,0,0,0
7779,135.1173342,3.456027,3384.358,2246.2996,537.6086,20835.123,21547.19,19894.32,1328.0984,1336.9729,546.2483
7725,348.2581705,3.4561272,19825.531,212.62183,975.8594,28.12344,42.5705,95.082855,0,0,0
7712,699.3224516,3.4563673,0,0,0,1053.2102,1191.5973,983.6224,0,0,0
7714,351.2270332,3.456773,2076.6746,813.9344,1043.4376,0,0,0,0,0,0
7702,434.7783116,3.4590592,587.50183,31.944225,31.53777,0,25.454908,0,0,0,0
7724,412.7977308,3.4609005,19165.156,4133.2104,3906.2637,506.68903,591.8322,509.63486,25.426298,50.3894,20.776697
7713,329.2460592,3.4612072,2226.0488,958.96436,1075.7963,29.611816,38.025146,0,0,0,0
7735,533.2216452,3.4645135,0,0,0,2248.418,2239.4553,1768.8281,0,0,0
7737,550.2487123,3.4645135,0,0,0,212.92749,398.8692,152.71025,0,0,0
7728,367.2002259,3.4648807,698.8844,105.46758,170.88179,0,0,0,0,0,0
7798,219.1004623,3.4670622,47.400284,83.05226,33.747177,63248.418,65590.04,62277.395,114.99587,35.84217,65.044266
7675,226.1202769,3.467298,2822.9246,98.00346,296.92407,0,0,0,0,0,19.8568
7741,837.3879319,3.4687397,0,0,0,621.6762,452.89743,412.02997,0,0,0
7769,211.1698675,3.4695206,156.00313,177.83232,96.87803,12032.482,12284.971,11301.0625,138.6055,126.706215,351.74567
7747,832.4347841,3.4708588,0,0,0,4674.684,5207.012,4220.634,0,0,0
7752,640.2636965,3.4725387,0,0,0,2714.2263,2558.166,2357.4329,0,0,0
7753,661.1930772,3.4730346,0,0,0,406.2845,537.95337,515.6498,0,0,0
7756,367.1509179,3.4764354,5200.552,6585.573,5523.9873,7096.739,8289.167,7014.0444,6789.5938,6167.9297,6799.831
7799,228.1599075,3.4768672,951.07446,209.45583,179.0927,19666.309,19176.4,17904.773,193.89265,83.14386,166.18935
7759,345.1690384,3.4794204,680.7523,786.24457,825.2241,844.5999,909.9092,465.23773,703.76404,680.4239,734.8246
7755,246.1707216,3.4828131,10084.738,4967.3843,2891.6035,1150.7494,1074.168,3832.1445,4905.9683,4899.922,928.9458
7794,179.1072666,3.485491,469.38297,400.43488,1353.9747,73695.6,76737.32,71089.97,547.90045,379.65103,596.3737
7765,373.2224593,3.4867344,0,0,0,4179.7876,4436.7534,3797.1016,0,0,0
7795,197.1177421,3.4902167,391.50693,1030.8535,1821.4349,905767.8,913886.56,834987.9,637.0369,1029.0413,550.6426
7781,423.2761633,3.4959269,12337.246,12176.798,13001.645,13183.264,11964.615,13265.703,11885.562,11538.101,10904.323
7785,235.0734825,3.4968178,0,0,0,15123.583,15131.806,14614.903,0,0,0
7786,260.1261114,3.4968178,0,0,0,8304.595,7837.57,7957.5674,0,0,0
7790,967.4506005,3.4988387,0,0,0,1298.6592,1291.7404,930.2175,0,0,0
7803,362.2548712,3.4994497,6245.639,11323.013,11225.745,13046.304,12894.0205,12072.194,11234.278,11164.985,11142.359
7797,214.1442508,3.5021963,418.1361,123.37454,710.1987,28722.4,28396.67,26911.5,325.12857,486.6771,500.62262
7853,363.2589086,3.5053396,10124.604,3850.2634,2874.3745,2593.7815,1765.1906,2177.843,2075.5723,2056.86,1438.0656
7772,411.1781711,3.5065517,0,0,0,5834.309,5327.8486,4501.5757,0,21.264969,0
7770,395.2055371,3.510286,27.115978,52.371376,44.718372,12275.454,11843.604,10570.266,150.74742,33.779625,67.30126
7831,701.4960056,3.5108912,176690.25,7019.5254,7023.2104,2564.2344,2811.1096,2167.2808,0,0,0
7832,626.3459258,3.5110276,0,0,0,23216.818,24476.508,25743.807,0,0,0
7826,340.2604935,3.511117,7390033.5,677092.75,700975.7,262018.02,284705.16,226742.34,38.29946,33.252922,0
7833,717.4713698,3.5117886,13343.953,477.46072,190.1768,72.56792,69.786064,0,0,0,0
7839,679.5141734,3.512201,2732681.8,217520.44,209690.19,79658.22,92240.01,74772.06,0,0,0
7840,696.5408985,3.512201,71310.31,5491.129,4954.814,1430.3547,2199.3923,1747.5016,0,0,0
7841,351.2510453,3.5132105,241223.25,22812.08,22984.936,8145.601,8149.5195,6503.933,0,0,0
7837,359.2353739,3.514517,30776.11,3318.5713,3326.7808,979.718,395.63077,805.8074,0,0,0
7807,962.5004686,3.5183098,0,0,0,6300.3965,7062.7666,6066.169,20.269253,0,0
7861,277.1053608,3.523148,889.36255,6179.228,6250.926,9179.987,8149.8047,7846.6187,6304.6616,6208.746,6007.64
7760,395.2501215,3.523641,580.6799,325.77213,333.8704,0,0,26.884266,0,23.280071,0
7824,238.1439515,3.5238,177.28546,418.60632,1110.0004,1870.1995,1913.6892,2132.7258,57.754528,61.306435,23.049831
7868,218.212134,3.5286822,31192.617,29733.545,30574.752,32883.402,33128.086,33253.09,29835.363,30630.44,30277.992
7928,519.2430717,3.531327,0,0,0,277.8384,73.41757,85.49941,0,0,0
7876,146.0605332,3.5319016,114.98988,338.11688,116.210434,18144.057,17174.203,16120.971,467.2369,1104.5345,200.88141
7874,373.2706818,3.5321445,676.997,759.8628,728.83453,0,0,0,0,0,0
7882,609.2369418,3.535104,0,0,0,775.7034,1212.6812,1037.5746,0,0,0
7866,293.0793733,3.5353966,391.74075,2527.4294,2294.5361,245.63474,404.34485,231.26108,2339.014,2061.9678,2189.5999
7883,586.2705735,3.5391428,0,0,0,7152.386,7242.2485,6285.255,0,0,0
7854,362.2376201,3.5396144,7007.5117,0,0,20.39964,14.930429,0,11.654106,0,15.4011545
7887,569.2434684,3.5412242,0,0,0,13536.398,14891.096,12420.14,0,0,0
7890,273.0851474,3.543293,0,0,0,2134.1118,1571.8384,868.13715,0,0,0
7891,289.0590038,3.543293,0,0,0,776.36346,628.4268,317.0983,0,0,0
7896,163.1333596,3.5447333,32911.527,37236.773,33201.023,31154.012,29475.21,27209.293,36813.81,33595.97,32755.234
7900,180.1599498,3.5450218,858.5681,4110.466,3486.5889,3278.145,3141.6633,2758.9878,3685.7253,3553.1907,3745.9053
7889,251.1041912,3.5500069,24.581108,0,0,1861.03,1547.4141,921.4115,0,21.975176,22.68523
7916,526.2579481,3.5573597,0,0,0,1124.9468,1158.314,1265.9044,0,0,0
7917,510.2837347,3.5591338,0,0,0,2237.7695,2055.8481,2246.9912,0,0,0
7919,514.2873832,3.5591338,0,0,0,622.1396,705.5676,636.8733,0,0,0
7923,445.2897417,3.560875,9979.269,8873.53,9278.622,9145.2295,8854.3125,9332.179,8059.181,8503.31,8540.892
7924,769.2698573,3.561631,0,0,0,8873.813,8277.814,7149.81,0,0,0
7925,264.1006366,3.5617683,1670.6078,0,0,0,0,0,0,0,0
7939,785.2455548,3.5655339,0,0,0,714.07275,792.89136,859.91266,0,0,0
7822,764.3151794,3.5733252,0,0,0,4426.608,3249.5237,4308.534,0,0,0
8051,639.2087613,3.5774841,0,0,0,277.77197,303.25717,86.08089,0,0,0
7967,585.2385457,3.5811338,0,0,0,2016.1195,2162.396,2145.6843,0,0,0
8044,495.2216249,3.5817285,0,0,0,2117.9229,1948.124,1859.8889,0,0,29.256607
7982,602.2657427,3.5850527,0,0,0,9425.383,9134.208,8553.709,0,0,0
7990,607.2211965,3.5872343,0,0,0,921.1222,837.69617,778.8287,0,0,0
8037,490.2645248,3.5910835,0,23.58271,0,1643.4485,1462.6135,1567.612,0,0,0
7938,226.1437959,3.59439,13442.385,238.3047,652.90955,262.27335,189.10394,71.13952,44.921352,62.262276,136.61641
8015,233.0768272,3.5957575,2821.6165,2737.1077,2617.901,2317.2627,2530.6072,2570.6165,2673.066,2837.0774,2521.2078
8019,255.0588418,3.596233,2362.5723,2152.9678,2156.3948,1694.9271,1793.1498,1550.0383,1925.5973,2180.0051,2055.2166
8062,962.5007036,3.5974631,0,0,0,50150.625,48678.516,45692.598,20.269253,0,0
8031,211.0949429,3.5987272,1886.1543,2015.1986,1926.4132,6104.749,5913.988,6127.5713,1941.147,1967.094,1848.9694
8032,623.2341081,3.5994756,0,0,0,789.56445,668.6942,714.57306,0,0,0
8092,339.1419813,3.6022785,377.8185,11111.981,9178.144,17857.486,15801.868,16687.922,10436.447,10834.824,11124.098
8045,618.2779395,3.6043034,0,0,0,839.54126,1030.3357,928.2012,0,0,0
8048,983.4271721,3.6043034,0,0,0,5125.564,4935.838,4871.266,0,0,0
8049,967.452568,3.6043055,0,0,0,16347.484,16863.738,15241.9,0,0,0
8063,384.2370183,3.6046324,2233.6082,608.4573,510.2289,655.0747,999.1795,744.28534,106.851135,308.27148,549.18
8040,369.1170689,3.6057608,0,0,0,1203.8267,1697.4454,1286.0482,0,0,0
8059,630.2738518,3.6064007,0,0,0,1460.7749,1787.2635,1555.9832,0,0,0
8068,596.2336423,3.607872,0,0,0,785.2361,788.57947,825.36334,0,0,0
8069,362.2547514,3.6080792,10182.925,7104.342,6678.1284,9407.255,9367.789,8857.498,6384.6865,6598.997,6591.797
8072,601.1888304,3.608534,0,0,0,575.59784,748.98694,578.53436,0,0,0
8073,608.2907206,3.608534,0,0,0,31521.22,31105.49,27862.822,0,0,0
8087,565.212079,3.6105921,0,0,0,1768.4805,1779.2241,1626.7954,0,0,0
8088,582.2390022,3.6105921,0,0,0,362.81354,432.511,474.91724,0,0,0
8094,583.2224636,3.6120255,0,0,0,2585.6494,2608.2122,2487.3362,0,0,0
8100,600.2499152,3.6137497,0,0,0,3236.7007,3052.8782,2900.444,0,0,0
8081,355.1164685,3.6153896,628.9005,11244.579,10287.344,8086.5015,8101.3774,2980.0867,11255.464,10118.416,10198.571
8122,334.187085,3.6172855,2040.5443,8375.86,5094.1934,10650.492,8637.901,11098.127,8142.926,7988.7,7780.8237
8117,467.3030517,3.6194165,7249.793,6595.0557,6954.321,7783.6465,6255.7256,6873.703,6228.5967,5757.8164,6440.701
8126,335.1610883,3.6237068,0,0,0,7625.301,7359.8174,7157.598,0,0,0
8024,198.149486,3.6261363,10080.224,654.7635,492.9959,54.473564,244.14502,123.74562,244.47253,57.04521,78.21574
8146,596.2732599,3.6296883,0,0,0,4122.9453,4298.54,3922.721,0,0,0
8152,525.3047411,3.6331215,0,0,0,2542.8184,2375.1702,2031.6031,0,0,0
8153,601.2302191,3.6331437,0,0,0,5839.189,5367.3276,5178.6724,0,0,0
8158,301.1191383,3.6348515,0,0,0,741.17957,776.9843,647.0179,0,0,0
8160,520.3503289,3.6352785,0,0,0,1321.7583,1282.2657,1393.6492,0,0,0
8177,252.1571372,3.6362457,15123.525,189.676,1036.5238,31.027525,33.195953,104.667244,52.008133,23.063875,25.578623
8165,302.1030669,3.638671,0,0,0,741.2536,724.95074,694.0059,0,0,0
8156,645.1977542,3.6387208,0,0,0,204.1067,207.99933,88.68683,0,0,0
8282,168.1388735,3.6397028,29757.418,2268.512,2281.2473,676.801,460.36478,246.32463,198.03433,234.39868,885.8036
8218,165.1276352,3.6397078,2392.1912,259.7411,155.07655,419.19827,350.8199,178.94847,184.03476,219.59908,541.8744
8172,319.1300317,3.640828,0,0,0,868.6878,935.35065,927.02295,0,0,0
8197,230.1757265,3.6421099,13509.444,753.38654,617.6598,420.4834,494.83655,744.4612,124.663445,86.94243,378.00143
8180,381.2374562,3.6444178,594.8428,526.8804,447.0052,0,0,0,0,0,0
8183,341.2446865,3.6458647,5935.384,6004.3403,4736.473,33.649757,104.26857,44.344803,25.48547,51.09028,112.144905
8248,652.2551441,3.6495178,0,0,0,330.88898,300.8741,357.5699,0,0,0
8349,258.1707303,3.6543808,3287.235,1159.5455,267.3069,512.2766,947.5853,947.9322,902.74445,1153.3252,813.1989
8222,238.1210238,3.664751,3730.3098,129.60126,256.68085,0,0,0,0,0,0
8232,222.148571,3.666728,13949.317,1122.612,1064.7561,365.6042,135.55977,51.874718,109.69227,61.96501,46.419136
8273,236.1265333,3.6674843,14653.794,696.98804,553.00903,33.51288,53.65988,41.92977,0,28.635319,24.541956
8242,608.2907478,3.6707966,0,0,0,26639.27,25594.15,23362.69,0,0,0
8244,630.27385,3.6707966,0,0,0,1337.7048,1388.031,1132.2979,0,0,0
8284,214.1443183,3.671558,18220.002,1280.2505,1268.8984,316.13727,270.68182,276.25665,232.05666,201.25212,84.85147
8255,133.0999009,3.6759157,10203.983,1013.0976,1460.7244,1571.0051,300.12152,298.02606,468.5149,668.69714,193.3136
8264,588.2672426,3.6771133,0,0,0,4254.567,3888.7747,4099.9736,0,0,0
8265,593.2242524,3.6771965,0,0,0,3740.2205,3492.4695,3322.4165,0,0,0
8266,609.1971627,3.6771965,0,0,0,1452.1506,1530.9794,1382.9897,0,0,0
8277,252.1002023,3.682908,1904.1406,0,0,0,0,0,0,0,0
8285,413.2897638,3.6842186,70463.336,15524.872,15432.542,2406.9038,2430.107,1978.4274,0,0,0
8224,182.154671,3.685409,16567.045,1306.5955,1736.4763,45.88891,169.16779,58.885117,20.953903,23.49527,37.378067
8333,381.2179161,3.6887395,1302.1836,2549.2502,4532.8745,0,0,0,29.244198,0,0
8288,339.1077661,3.6888905,0,0,0,23753.79,23712.422,19570.33,0,0,0
8256,151.1123102,3.689804,10904.716,477.03625,452.85275,280.71246,709.6041,643.727,160.75409,516.4467,899.81946
8295,309.2161991,3.6905077,358.1041,496.41574,497.07285,1727.7589,1536.2067,1711.0166,587.33325,599.3531,654.53253
8300,325.1890606,3.6908934,193.72903,430.11777,379.5284,616.176,439.578,480.87234,418.61734,195.7725,335.9539
8299,287.233736,3.6915195,5447.0566,5649.8965,5684.5977,7152.857,6851.7295,6888.3086,5521.6406,5454.9395,5760.7207
8350,280.1522992,3.6923287,4111.012,35.91583,74.02552,0,0,33.8374,0,0,25.072863
8201,291.1445312,3.6960592,1063.1765,913.60834,714.1837,1340.9167,1189.2506,232.49419,1007.52,978.5567,649.3707
8307,331.1372288,3.6966848,8834.747,8683.646,9118.949,10284.578,8789.66,9374.135,8685.5625,8434.327,8625.015
8310,592.2959055,3.7008708,0,0,0,41378.04,38051.258,40332.715,0,0,0
8311,614.2783453,3.7008708,0,0,0,2373.542,2376.2532,2461.831,0,0,0
8323,636.2606196,3.7033958,0,0,0,444.02353,474.8615,564.6258,0,0,0
8370,298.165282,3.7062073,1199.8577,31.925493,26.517464,56.2928,52.81237,70.48534,62.915314,26.685722,35.214718
8324,343.2603687,3.7075784,4501.7383,7349.6924,10643.624,0,0,0,0,0,0
8325,365.2424614,3.7075784,3332.188,7004.9653,10462.121,0,0,0,0,0,0
8217,147.1173214,3.7083511,2143.377,473.95258,247.4646,735.89825,826.5632,202.53578,416.45404,279.75238,515.1398
8373,473.2896274,3.710682,34.108276,0,0,8301.273,7598.839,6791.784,0,0,0
8276,150.1281808,3.7120018,580.5294,30.406261,22.354988,65.533,40.797028,43.16111,40.473454,23.652668,25.230204
8566,326.1816718,3.714296,350.28482,501.72507,449.3033,749.3494,444.5877,748.62634,582.5249,421.79742,468.3979
8351,296.1268076,3.718973,1483.5919,0,0,0,0,0,0,0,0
8352,314.1377062,3.718973,502.44785,0,0,0,0,0,0,0,0
8283,196.1339002,3.7208033,25586.97,1353.9698,1622.5162,181.5012,165.10269,162.69995,277.18726,324.9603,220.40483
8357,653.3569711,3.7226074,0,0,0,765.31573,536.32,609.7382,0,0,0
8408,369.1906863,3.7226415,40.215775,21.717354,30.277098,479.5009,237.8983,82.2938,26.701923,22.667927,26.030533
8367,635.3450663,3.724631,0,0,0,996.5401,566.92017,824.1784,0,0,0
8363,670.3821179,3.7246456,0,0,0,72042.21,67469.48,62764.77,0,0,0
8365,675.3373203,3.7246456,0,0,0,31634.693,28928.857,27736.494,0,0,0
8371,303.1222335,3.725118,487.37183,24.605135,45.751488,54.039307,94.21147,101.45184,24.784916,22.705545,47.635284
8374,691.3111583,3.7266693,0,0,0,6758.237,5626.0864,5992.063,0,0,0
8437,186.1494898,3.7290115,181611.42,11921.355,15458.241,1064.1945,367.04752,602.3944,244.26657,185.90768,333.53375
8567,347.1112394,3.729497,123.4609,391.34647,390.499,877.2941,325.867,362.52133,505.90247,463.9948,673.134
8393,531.2059894,3.7307618,0,0,0,16412.201,15206.5625,14120.944,0,0,0
8396,226.1434093,3.732642,15864.575,89.52391,155.66994,102.074066,73.921585,105.06236,216.32121,99.86838,49.825657
8400,602.2650904,3.7328074,0,0,0,15912.365,15332.802,14662.718,0,0,0
8406,769.2488576,3.73485,0,0,0,4401.3994,4540.6353,4047.5276,0,0,0
8462,399.123996,3.7368796,0,0,0,207.04343,416.5066,632.1679,0,0,0
8422,383.1840331,3.7368958,0,0,0,1823.8466,2071.385,1712.8887,0,0,0
8426,791.2337833,3.7368832,0,0,0,1828.9724,1676.2838,1685.1357,0,0,0
8427,668.3664548,3.7369013,0,0,0,20506.365,19983.992,18389.283,0,0,0
8429,748.3229684,3.7369013,0,0,0,312098,308976.2,285588.72,0,0,0
8433,753.2779398,3.7369013,0,0,0,21858.424,22164.148,20708.305,0,0,0
8434,775.2573995,3.7369013,0,0,0,5055.443,5527.8784,5164.0566,0,0,0
8439,484.2765103,3.7389202,0,0,0,974.3605,857.7513,593.55975,0,0,0
8417,518.3332287,3.7389257,0,0,0,781.0584,1228.6017,1464.6317,0,0,0
8458,362.2546117,3.7394278,1811.9803,2400.692,378.1577,12782.029,12535.75,11564.768,359.75647,360.51868,942.7595
8519,297.2205654,3.7408679,1140.5452,255.84393,682.32745,141.031,128.38684,222.57741,0,0,0
8445,489.2321883,3.7409623,0,0,0,3512.209,1854.1401,1690.0966,0,0,0
8438,327.2177361,3.7428784,0,48.363464,0,1948.2545,2138.828,1995.2264,32.74639,23.638706,27.23048
8456,407.1115106,3.7429867,0,0,0,850.294,547.42444,797.1165,0,0,0
8446,523.2882102,3.743064,0,0,0,1745.004,1606.4652,1735.1404,27.701687,0,0
8480,319.1959941,3.7441263,326.97998,356.0984,457.6702,59.964634,47.6055,35.533897,17.649868,18.012543,29.210732
8597,391.1736651,3.7466931,0,0,0,576.8725,225.33588,253.37827,0,0,19.116829
8478,527.2624099,3.7571714,0,0,0,7646.6904,7676.0576,7001.171,0,0,0
8479,543.2369647,3.7571714,0,0,0,1921.5254,1756.6757,1532.5984,0,0,0
8495,302.565759,3.757926,13096.992,3839.494,4549.74,181.59381,98.94052,150.34436,0,0,0
8583,621.3717119,3.7595658,0,24.451591,27.339233,7206.925,7615.658,7427.92,52.492622,29.680653,0
8493,464.3355994,3.7609682,93631.79,26900.547,27700.328,2825.8833,2365.23,2330.9954,0,0,0
8497,475.3272109,3.7609682,20148.035,4991.3076,4868.219,235.69781,303.97864,321.31293,0,0,0
8490,461.8573772,3.7612813,8648.6455,2660.2773,2535.246,131.19557,48.69542,130.04012,0,0,0
8492,453.3447199,3.7613695,2587016,823687.4,824916.25,94641.67,93804.94,79714.29,0,29.210388,0
8404,367.2111168,3.7621357,88.229774,159.3612,65.0231,21570.176,18023.61,16658.447,144.6667,141.4658,95.09941
8508,472.3173211,3.7621672,16761.05,5200.8433,4861.3203,339.6786,188.61554,252.44211,160.98053,168.65408,60.028408
8521,224.1055788,3.763949,40995.19,2338.584,2951.5737,0,0,0,0,0,16.47685
8550,385.1476021,3.7685647,0,0,26.294857,1411.4624,1436.8523,1511.7926,0,0,26.588192
8612,266.1152929,3.768924,1891.0676,0,0,0,0,0,15.472824,0,0
8483,905.6816516,3.7767873,4919.9004,1632.7247,1513.6204,64.89865,0,0,35.477005,0,0
8533,331.1371435,3.779341,5624.7773,5943.8955,5840.4717,5242.387,5048.2397,5121.4897,5813.869,5042.3867,5554.6577
8535,487.2696169,3.7793589,0,0,0,24880.139,25647.06,24155.695,0,0,0
8536,504.2964634,3.779359,0,0,0,10016.299,10091.465,9422.452,0,0,0
8537,609.223684,3.7793589,0,0,0,1792.3036,2336.313,1451.6653,0,0,0
8530,278.16064,3.781124,155.86911,317.27,162.39592,668.6156,523.2342,401.79138,215.24348,282.68802,308.76468
8569,380.1916419,3.781364,103.83994,299.6746,346.41254,802.7465,638.89703,660.92236,415.62473,298.64505,435.12314
8551,451.24882,3.7814152,0,0,0,25429.68,26020.086,23882.328,0,0,0
8552,469.2594421,3.7814152,0,0,0,29265.252,29705.223,28012.574,0,0,0
8562,509.2505097,3.7814152,0,0,0,994.00793,740.89984,950.6461,0,0,0
8553,567.2276005,3.7814152,0,0,0,234466.08,242118.84,224247.36,0,0,0
8554,584.2542449,3.7814152,0,0,0,111516.97,111440.66,105172.42,0,0,0
8555,585.2364528,3.7814152,0,0,0,102465.36,106194.09,97449.266,0,0,0
8556,586.2409751,3.7814152,0,0,0,36642.637,37761.473,35071.914,0,0,0
8557,587.2399766,3.7814152,0,0,0,10931.214,11203.971,10721.819,0,0,0
8558,607.220128,3.7814152,0,0,0,25861.805,26568.951,25371.637,0,0,0
8568,207.1595888,3.7830586,3382.4368,3064.4165,3292.6787,3324.3083,3105.6865,3456.384,2760.8271,2496.7888,2718.707
8570,549.2163012,3.7834175,0,0,0,18131.902,16033.325,14624.357,0,0,0
8571,623.1924025,3.7834175,0,0,0,2529.1125,3880.787,3594.138,0,0,0
8574,629.2023793,3.7834656,0,0,0,12453.591,13794.16,13095.915,0,0,0
8575,224.1862033,3.7838266,726.8379,1301.6276,1252.6805,1100.9899,1110.7715,1100.3969,1129.4729,1059.3969,1054.1005
8584,783.4181994,3.7854679,0,0,0,28771.576,29991.125,27144.79,0,0,0
8585,800.4449306,3.7854679,0,0,0,101108.336,103100.484,95395.984,0,0,0
8564,468.2756594,3.7855198,0,0,0,570.52997,713.8617,587.9561,0,0,0
8587,638.3924806,3.7855082,0,0,0,1012.9708,1073.7423,976.8415,0,0,0
8582,566.2438177,3.7863913,0,0,0,1270.2524,1079.401,1031.1447,0,18.868938,0
8532,283.1164363,3.786694,47.15349,40.060043,95.80598,2573.3965,2727.5989,1669.3939,167.76306,87.26654,206.66362
8613,250.142062,3.7874494,6731.04,181.18394,235.2421,761.6308,716.7874,275.36157,34.857998,41.950096,55.394417
8590,601.2800521,3.787522,0,0,0,871.8147,714.9047,346.82324,0,0,0
8593,805.400049,3.7875102,0,0,0,90410.59,89474.305,81581.3,0,0,0
8594,821.3762319,3.7875102,0,0,0,22381.885,22001.865,21265.312,0,0,0
8663,125.0966353,3.787652,12190.43,3079.279,2893.005,592.888,1459.8833,1240.0347,1181.8833,753.9323,290.79764
8610,183.0787205,3.7972167,43798.242,39086.523,44669.75,40231.766,40049.203,40426.703,40691.17,40693.953,41253.99
8614,228.1599633,3.799076,10263.209,3120.4504,2570.5288,3535.5864,3503.7524,3446.2578,2125.0364,2767.758,2859.0498
8737,299.2363792,3.80272,2624.278,0,0,0,43.423813,46.167786,0,0,0
8649,203.1455924,3.803752,15173.167,2828.4211,3020.2542,55.47869,60.689278,60.865574,24.62516,39.36387,122.95114
8652,135.0809286,3.8068144,4823.7764,1587.9895,1298.4445,752.39844,383.56207,776.31256,290.42087,322.2442,374.3363
8673,142.1232233,3.808731,27320.893,5490.3037,5655.285,212.28622,336.58655,558.7287,186.22672,135.28795,205.24333
8647,153.091484,3.8105328,9517.029,6930.3057,4164.5557,7618.459,2277.1692,2126.734,5002.559,2135.358,6933.712
8470,208.1289157,3.8112733,125056.664,8066.522,2597.9724,2144.7546,2574.3442,1797.7125,1875.6658,2000.4612,1904.2471
8635,459.2233516,3.8118622,0,0,0,12771.858,12657.731,11566.528,0,0,0
8689,258.1708129,3.8125606,10735.766,1622.8877,1254.0895,264.00354,239.54182,318.57443,240.4478,694.6971,362.12622
8639,476.250291,3.8139107,0,0,0,733.0661,720.9506,651.8834,0,0,0
8641,634.3608777,3.8139107,0,0,0,1139.6697,1151.2397,1080.1062,0,0,0
8674,170.1181087,3.8139958,66941.57,12302.195,12006.005,271.4757,456.7831,582.6193,488.8506,330.1654,194.13824
8731,506.3125785,3.8149288,0,90.34213,71.07739,2407.0132,2534.3262,1986.3914,0,0,0
8654,659.3411736,3.8181133,0,0,0,1864.4048,2158.8408,1692.0812,0,0,0
8655,793.4357919,3.8181133,0,0,0,556.64526,840.75464,593.2096,0,0,0
8656,843.3066098,3.8181133,0,0,0,576.25775,680.04614,592.83594,0,0,0
8650,204.1498443,3.818877,1278.8318,172.2315,172.31355,0,0,0,0,0,0
8659,838.3512721,3.8201618,0,0,0,1149.759,1051.1254,971.0277,0,0,0
8661,240.1004388,3.8209832,35317.938,6742.8887,6892.092,0,0,0,0,0,0
8668,619.34972,3.8222513,0,0,0,1022.61206,1005.899,987.8086,0,0,0
8682,788.4811798,3.8243368,0,0,0,2379.8494,2489.4692,2438.5444,0,0,0
8672,124.1127166,3.8248444,16667.021,3129.6897,3100.8271,36.71553,41.50016,43.619812,23.820196,25.757936,33.36541
8675,202.1443847,3.8278017,149003.17,29665.412,31864.91,5971.828,1520.4603,5978.518,6808.49,1575.0337,4687.504
8676,224.1281509,3.827805,114300.13,29033.709,31627.002,12870.295,14811.554,8542.77,15958.655,13889.521,19019.111
8691,296.1264795,3.828331,2603.5076,61.378265,0,0,0,0,0,0,0
8633,481.2071227,3.830895,0,0,0,1324.9297,1372.5033,1155.1161,0,28.021845,0
8660,152.1075793,3.8347502,3653.8042,269.49527,685.286,88.10119,127.10722,31.109415,31.172222,104.59425,64.92844
8690,280.1525837,3.8348458,4331.669,41.307236,26.767551,0,0,0,0,0,0
8666,107.0862619,3.8363185,8871.409,4370.453,4727.197,3398.1165,4289.255,4315.784,2522.4468,4774.5913,3170.061
8678,226.1324718,3.8380551,917.2624,128.56497,111.48706,25.004383,0,0,0,0,0
8709,185.1178299,3.8409076,10940.808,10681.374,12513.3,11446.649,18193.162,15750.311,9927.56,9944.922,11958.611
8714,223.0738331,3.8419292,565.80585,849.25366,649.77014,1551.6976,1705.8297,1258.3687,571.78314,580.36725,268.9963
8716,207.0999688,3.8429554,8999.244,9974.704,9806.438,22321.05,22794.176,23115.742,8761.788,9052.11,9183.449
8719,167.1072587,3.8447065,21476.465,20746.312,20309.791,34022.28,21154.379,21347.244,20294.137,22405.045,17097.639
8723,511.2678727,3.8461514,0,0,0,2131.3118,2241.9287,1912.6238,0,0,0
8657,617.338705,3.8489845,0,0,0,1570.6528,2329.7563,1449.1567,0,0,0
8732,527.2408635,3.8509986,0,0,0,2198.119,2091.698,1901.6925,0,0,0
8726,196.1339195,3.851243,7015.891,643.803,377.14468,238.2992,728.42664,162.69995,169.2504,175.35007,130.36787
8733,489.2841459,3.8537195,0,0,0,717.5485,726.2773,586.662,0,0,0
8738,321.2163215,3.8556254,1696.6781,0,0,0,0,0,0,0,0
8727,214.1442737,3.8557003,7571.478,763.6201,643.11053,234.06618,163.82297,974.51807,105.268234,149.21413,274.34695
8741,526.3740792,3.8584073,31630.922,10395.304,10846.118,1181.4658,1089.8684,1117.1953,0,0,0
8749,441.3450156,3.860698,14374.831,1468.6161,1547.3373,202.57507,378.07162,373.54095,0,0,0
8745,212.6630988,3.8611267,892.20654,41.626503,0,0,0,0,0,0,0
8762,314.1392565,3.871102,0,0,0,959.05457,1039.264,1046.8135,0,0,0
8757,236.1265489,3.8719018,4557.918,298.16132,269.53238,138.20006,50.10317,133.85004,0,17.02076,24.95536
8767,331.2100183,3.8731182,2252.4888,1948.5018,2037.5884,2175.625,2607.6426,2196.3452,1956.9592,1727.9203,1811.7567
8768,326.2546134,3.8731952,17903.938,16299.136,16442.38,14457.725,14376.137,14763.38,13660.374,13678.784,14164.743
8769,532.3127501,3.873207,0,0,0,3417.2578,3622.5464,3263.8145,0,0,0
8770,537.2682066,3.873207,0,0,0,1537.1931,1661.1958,1566.5186,0,0,0
8771,336.1215914,3.8732605,0,0,0,684.16425,631.57477,630.86896,0,0,0
8778,614.2790931,3.8735898,0,0,0,74.90102,634.6179,1800.7067,0,0,0
8777,602.2649967,3.8753653,0,0,0,39326.715,40976.094,38939.973,0,0,0
8779,309.2280315,3.877436,42995.02,40200.348,41068.48,41278.934,40126.85,42020.89,38735.316,36291.066,38652.457
8780,588.2674053,3.87753,0,0,0,1920.5752,2215.498,1820.6628,0,0,0
8787,152.1438983,3.8786044,12498.774,2078.8115,2642.3633,1090.4547,1160.2832,1237.3043,980.5022,934.8789,853.6075
8792,170.1545525,3.879085,15610.763,2591.2036,3061.9321,1372.518,1450.4559,1404.9476,1121.8811,1187.5828,680.4364
8728,252.0999595,3.879106,504.4238,0,0,0,33.770298,0,0,0,0
8788,593.2238893,3.8792527,0,0,0,542.3457,649.2713,557.773,0,0,0
8789,198.1495109,3.8793204,107201.164,19189.654,21521.498,11335.355,12244.96,12085.227,10018.306,10376.8125,10657.24
8790,238.1421402,3.8793204,35436.355,6794.0596,7420.981,5193.2764,5380.9785,4870.4917,2821.887,2835.3196,3041.8408
8791,216.1601405,3.8799143,60273.363,14179.648,13337.507,8983.004,7944.732,9806.428,6152.187,7347.8057,6100.16
8793,254.1160257,3.8806446,4983.8315,843.1161,973.24225,376.5994,373.60043,437.10284,297.8007,299.3817,168.83745
8802,592.2957282,3.8814342,0,0,0,7067.5615,9951.4375,24744.465,0,0,0
8804,604.3309618,3.8834794,0,0,0,532.84827,425.1616,627.6586,0,0,0
8808,588.3544073,3.8856075,0,0,0,918.16644,913.6144,892.41943,0,0,0
8892,259.1547423,3.8863401,740.59534,315.61475,244.31836,1016.35126,1581.4968,955.9515,113.40176,122.13455,452.1085
8820,439.2851972,3.8907335,0,0,0,10703.428,10753.684,9684.381,0,0,0
8823,654.3874813,3.8907335,0,0,0,10843.334,11447.301,10663.736,0,0,0
8829,659.3427922,3.892814,0,0,0,4822.4243,5028.9893,4746.902,0,0,0
8686,675.3171568,3.892814,0,0,0,1072.4115,1284.2399,1030.6279,0,0,0
8764,553.2438759,3.8946888,0,0,0,236.8884,148.78389,219.52843,0,0,0
8838,951.4575031,3.8970928,0,0,0,936.53107,1039.1935,839.869,0,0,0
8894,299.148199,3.90016,351.75546,593.6144,101.99832,2359.8447,2148.8577,2267.7468,261.752,588.20935,191.01648
8851,589.3226274,3.9055557,0,0,0,366.546,360.13184,289.18607,0,0,0
8853,946.5025867,3.9056118,0,0,0,2103.7712,2175.8772,1953.6718,0,0,0
8859,606.3501904,3.9076958,0,0,0,2369.0054,2726.1365,2233.419,0,0,0
8858,611.3056569,3.9076958,0,0,0,488.78455,468.1904,416.54428,0,0,0
8865,389.1715727,3.9102154,0,0,0,8682.143,8688.206,7895.4453,0,0,0
8866,411.1535752,3.9102154,0,0,0,7626.961,7673.7646,7042.4014,0,0,0
8867,427.1273509,3.9102154,0,0,0,2801.7847,2869.2546,2514.2761,0,0,0
8869,204.1601373,3.9121501,4784.1997,158.36533,138.20937,105.17906,122.5857,93.74807,116.31866,54.072803,44.56215
8872,532.1950686,3.9122598,0,0,0,1765.1627,1657.629,1562.1392,0,0,0
8874,226.1437718,3.9143076,6993.401,387.076,369.51578,314.557,248.45615,388.69812,119.8397,153.41292,172.09651
8875,322.0845941,3.9143543,0,0,0,17706.68,15866.87,15357.786,0,0,0
8896,294.1921841,3.9159694,43.638863,41.104668,42.428608,471.13242,224.1336,84.56755,90.44214,77.05968,32.00935
8882,284.1286109,3.9164217,0,0,0,48518.17,47910.695,44292.527,0,0,0
8883,306.1105674,3.9164217,0,0,0,35384.227,34637.426,32889.16,0,0,0
8884,510.2135293,3.9164493,0,0,0,1122.3611,1118.4769,906.98456,0,0,0
8945,254.1752312,3.9243927,1330.316,0,0,37.46411,36.113754,36.63571,17.709148,0,24.71254
8909,441.1641793,3.9295795,0,0,0,1682.4321,1546.6067,1472.4637,0,0,0
8906,419.1822385,3.9317195,0,0,0,1676.7462,1836.1699,1662.257,0,0,0
8910,566.4300094,3.932973,102602.305,68165.39,69129.09,4678.109,5253.8022,4232.2524,0,0,0
8914,721.3388991,3.9344177,0,0,0,12139.226,13837.476,13057.465,0,0,0
8871,242.1158572,3.935064,2358.2993,25.255754,0,0,33.682564,0,0,25.864336,0
8923,664.3928473,3.9362247,0,0,0,761.4177,676.18774,523.52075,0,0,0
8952,363.1793611,3.9381168,64.64312,43.00207,45.968796,232.27716,349.4367,122.104866,61.207863,33.400864,43.726322
8930,743.3199314,3.9382594,0,0,0,469.7624,486.67252,358.15137,0,0,0
8928,296.1272125,3.9396117,1561.4949,93.63698,38.57857,0,0,0,0,0,0
8932,467.1902014,3.9403393,0,0,0,2505.542,2430.8274,866.8503,0,0,0
8946,294.1690558,3.9443002,805.91974,0,0,0,0,0,0,0,0
8953,765.4074483,3.9444096,0,0,0,263.11157,714.34937,150.51717,0,0,0
8944,280.15235,3.9459183,3169.812,268.778,218.90073,0,0,0,0,0,0
8956,339.107851,3.948493,0,0,0,24430.361,27994.027,27446.47,0,0,0
8957,800.4452111,3.948493,0,0,0,21512.775,22927.176,22571.914,0,0,0
8964,555.1491982,3.950557,0,0,0,3809.4663,3904.76,4254.4644,0,0,0
8967,753.2555844,3.9522514,0,0,0,1069.1396,1194.4929,1253.878,0,0,0
8969,571.1232675,3.9526026,0,0,0,861.85626,845.1555,1010.5843,0,0,0
8971,805.4000952,3.9526026,0,0,0,9464.922,9365.004,9978.949,0,0,0
8973,732.3283201,3.9546206,0,0,0,124940.82,136524.69,133023.56,0,0,0
8974,734.3313935,3.9546206,0,0,0,16842.6,18599.803,18119.066,0,0,0
8976,737.2827881,3.9546206,0,0,0,10161.719,11103.571,10404.529,0,0,0
8966,739.2870207,3.954621,0,0,0,1219.3873,1456.7222,1256.7639,0,0,0
8977,759.2649745,3.954621,0,0,0,2430.4365,2609.073,2432.949,0,0,0
8988,325.2466562,3.955989,9026.77,4321.314,4054.8752,0,26.166859,87.710594,26.91726,0,0
8927,258.1707771,3.9567337,6768.0186,1636.9937,1823.5233,502.93494,393.57568,480.60162,275.31024,319.80115,548.3267
8933,323.185549,3.9592836,60.24006,186.3012,242.6328,1656.3673,1805.9955,1823.8643,190.84128,168.98602,69.78232
9013,228.1230521,3.960142,756.07635,662.1799,288.73328,2558.293,4497.0923,8217.381,299.22122,441.5951,163.00584
9001,105.0341737,3.9607396,1305.8816,1388.9652,1249.4435,5616.9585,11813.863,23820.014,206.24155,400.2343,328.38977
8995,245.1155349,3.9616902,815.0697,1053.0161,1295.4879,1470.2482,1390.9923,1098.4226,1151.7767,1240.9812,1215.2853
9003,365.2426219,3.962643,5539.863,3932.3567,3470.7454,0,0,0,0,0,0
9010,261.0895117,3.9631042,643.1426,583.19946,787.2163,274.10944,144.60556,95.503716,766.33905,700.923,568.69385
9005,149.0602218,3.9631217,10055.647,11265.73,10178.652,51987.99,101841.78,206058.64,5638.354,4961.2734,4958.608
9009,211.0969861,3.9641778,5515.6235,5882.319,5060.7964,24375.375,47011.832,92873.484,3179.8787,3354.0374,3282.7458
9012,233.0791456,3.9644728,20451.924,23252.732,20461.918,76785.195,144578.16,291185.62,11192.884,10741.074,11682.908
9014,249.0531098,3.9654987,1781.6296,2171.4026,1768.172,6403.77,11136.14,23863.146,842.22754,817.82574,901.86896
9109,198.1495146,3.9661512,76445.86,7570.785,4808.8496,657.39154,1356.4634,1284.6313,413.16144,526.604,638.06165
9006,118.0658809,3.9673495,2479.8745,1706.0164,1939.401,5901.4614,4941.2573,9707.639,1250.9531,291.0547,674.4264
8937,462.2352357,3.9683542,0,0,0,666.1073,741.22345,328.2839,0,16.732424,0
9114,694.2704866,3.9701102,0,0,0,98.0109,401.04648,130.96681,0,0,0
9060,240.1593698,3.970604,766.2275,247.17757,133.74867,49.559,85.592995,120.35815,51.995,35.50984,92.43353
9028,352.2338584,3.97345,0,0,0,1298.1047,1390.6284,1115.0618,0,0,0
9030,373.1629208,3.97345,0,0,0,3108.5662,3088.556,2767.3313,0,0,0
9026,238.1211582,3.9756267,1175.6609,115.779396,118.07088,0,0,0,0,0,0
9047,301.1200403,3.9772396,0,0,0,20348.629,20927.23,18105.498,0,0,21.966793
9031,200.1650943,3.9773762,5845.6304,915.0114,883.8601,130.868,179.9235,286.70316,141.30304,276.84833,130.96507
9040,333.1451415,3.9795237,0,0,0,21922.633,21795.578,19872.213,0,0,0
9042,525.2474955,3.9795237,0,0,0,2216.4878,2536.11,2084.5054,0,0,0
9025,222.1480884,3.980216,2971.3472,779.35956,237.30075,204.51067,207.07133,94.820435,182.18362,56.443886,185.95148
9048,355.1277174,3.9815528,0,0,0,3500.1943,3878.906,2816.266,0,0,0
8918,669.3490149,3.9834597,0,0,0,248.1408,274.26468,108.24892,0,0,0
9053,617.3410045,3.9835682,0,0,0,1217.2698,1306.4098,1134.713,0,0,0
9054,644.2757283,3.983576,0,0,0,4195.05,4367.187,4343.426,0,0,0
9055,541.2215951,3.9836133,0,0,0,949.34235,867.77783,692.2136,0,0,0
9094,181.1228527,3.9842978,18053.02,4183.5576,3191.395,3163.1482,6562.1016,4810.083,3186.6282,294.6554,3381.2273
9071,627.2493161,3.9877226,0,0,0,2527.2908,2747.4863,2447.1838,0,0,0
9159,244.1549975,3.9938326,3212.962,860.4518,760.01874,1223.4015,1016.5321,1309.3467,631.15125,294.94412,984.9727
9088,246.2071007,3.9978704,905.7122,998.858,1108.7017,1244.2415,1248.5507,1122.685,836.35046,935.42487,940.5783
9103,251.1627112,3.9992895,20684.85,21954.55,21305.488,27707.777,26235.975,28811.447,21246.291,20538.111,21935.615
9104,267.1364108,3.9992895,5609.105,5977.5254,5380.2607,4037.6433,3848.2532,4435.5005,5911.8374,5495.828,5837.698
9110,236.1049242,3.999703,15476.926,1266.5936,705.1273,0,28.757835,0,0,0,0
9105,211.1699197,3.9999814,12582.499,12428.757,12603.044,16912.016,16144.47,17264.568,12356.005,12224.382,12542.854
9107,672.283447,4.000105,0,0,0,1590.5742,1477.3037,1473.0483,0,0,0
9096,135.1173903,4.001669,15618.601,3204.226,2863.605,2612.8325,1897.4169,2132.327,1193.546,968.0913,1320.1177
9179,266.1376748,4.0027585,1941.7861,31.22639,0,46.58068,35.095146,93.28117,0,0,24.429375
9106,650.2991482,4.0088477,0,0,0,22210.51,21949.03,21368.234,0,0,19.40411
9029,357.1900751,4.0089793,28.611872,23.501505,0,13470.729,14119.612,12927.218,24.600887,18.151,35.27417
9111,220.1323538,4.0096326,46306.35,4056.9033,2238.466,210.30084,262.16135,70.464035,147.0055,72.06714,105.81881
9133,547.2012625,4.010988,0,0,0,510.99347,834.13104,681.48206,0,0,0
9137,939.494261,4.012733,0,0,0,1826.6935,2083.207,1990.9692,0,0,0
9150,466.2729568,4.013992,32.666245,756.6106,554.22107,0,0,0,0,0,0
9142,582.2385455,4.0143075,0,0,0,621.29553,657.5618,435.06458,0,0,0
9141,565.2121572,4.014578,0,0,0,6090.2134,6887.6973,5973.1772,0,0,0
9136,605.2044858,4.0164185,0,0,0,729.0241,735.262,733.4374,0,0,0
9146,917.5127803,4.0168643,0,0,0,494.92917,597.8524,490.759,0,0,0
9144,934.53913,4.0168643,0,0,0,3759.311,3833.0178,3911.157,0,0,0
9218,452.2793468,4.018084,0,0,0,1001.3786,1079.8234,925.6733,0,26.278324,28.4044
9148,583.2221866,4.0182858,0,0,0,5407.268,5949.7397,5052.1646,0,0,0
9086,297.1108699,4.027352,69.79178,55.20128,93.117226,2089.677,2697.884,268.1598,38.824924,52.210266,89.96654
9151,450.2951646,4.0291266,0,2766.9724,2319.8987,0,0,0,0,0,32.310493
9176,336.1231592,4.0295033,0,0,22.81385,36643.043,34530.707,33993.336,31.195713,16.022432,0
9157,649.2540478,4.0309286,0,0,0,312.12216,237.9123,158.75522,0,0,0
9166,675.3183845,4.032954,0,0,0,880.77203,953.4134,980.6777,0,0,0
9167,654.3875341,4.03298,0,0,0,7653.9565,7907.576,7422.1035,0,0,0
9168,659.3433102,4.03298,0,0,0,2738.5156,3165.107,2767.952,0,0,0
9171,428.3135363,4.0335193,703.40656,4728.7515,3791.1597,0,0,0,0,0,0
9175,314.139184,4.0351,0,0,0,51837.88,47779.914,46058.23,0,0,0
9177,352.0951922,4.0351,0,0,0,14485.511,12950.1045,12694.58,0,0,0
9180,282.1112055,4.0355253,963.94556,0,0,0,0,0,0,0,0
9087,313.0838605,4.0429316,0,0,0,452.11594,645.8385,34.771374,28.048918,0,0
9191,373.1631356,4.0454736,0,0,0,1380.2843,1268.5796,1204.1366,0,0,0
9341,357.1900951,4.046714,25.571196,27.239895,0,5342.4604,5140.2964,5361.387,24.600887,18.151,35.27417
9200,352.2337768,4.04751,0,0,0,544.0246,677.73956,602.5002,0,0,0
9202,453.2643644,4.04751,0,0,0,15335.263,16753.076,15682.937,0,0,0
9203,551.2318131,4.04751,0,0,0,36093.973,39468.707,37035.4,0,0,0
9205,568.2598817,4.04751,0,0,0,17522.516,19523.877,17340.754,0,0,0
9208,591.2254209,4.04751,0,0,0,8120.5034,9153.009,8285.23,0,0,0
9195,470.291572,4.0475407,0,0,0,2801.5984,2762.559,2665.711,0,0,0
9212,435.254138,4.049577,0,0,0,15921.377,17979.07,17195.219,0,0,0
9214,533.2216664,4.049577,0,0,0,14488.41,15885.073,15980.295,0,0,0
9215,613.207768,4.049577,0,0,0,3766.08,3882.8533,3708.5469,0,0,0
9217,607.2006993,4.049593,0,0,0,451.12527,567.9112,518.4984,0,0,0
9219,550.2483882,4.0516605,0,0,0,5049.9614,5710.3667,5291.4775,0,0,0
9231,237.1105006,4.055482,2190.6326,1293.3938,1221.7937,2731.4402,3050.7197,4154.7705,2074.6316,600.79236,1537.8146
9227,541.2211439,4.0574956,0,0,0,1703.1891,1483.6029,1436.717,0,0,0
9229,343.174001,4.059515,356.93686,347.74222,334.72583,1068.1383,668.4978,804.387,185.7309,181.80452,160.83282
9233,525.247352,4.0595665,0,0,0,4158.602,3932.2654,3619.7751,0,0,0
9235,503.264662,4.0596504,0,0,0,1237.9156,1333.1299,1281.2593,0,0,0
9230,338.2181362,4.0601583,269.75858,470.95132,410.4256,1246.7961,938.3395,823.53375,273.06937,170.72206,469.14606
9236,215.1285424,4.060807,2957.6113,2958.651,2718.083,3618.2744,3363.981,3302.7236,2572.285,2864.936,2797.519
9238,485.2542235,4.061665,0,0,0,2284.0867,2344.2827,1965.698,0,0,0
9260,586.2709011,4.074822,0,0,0,17960.84,20629.28,18000.016,0,0,0
9285,243.207504,4.090273,638.8854,535.1913,530.8128,486.20428,458.31573,600.04974,469.7034,470.37903,411.68878
9280,265.1900538,4.0910892,254.90446,164.82796,84.09663,294.89267,318.65805,200.21426,46.86514,140.4589,80.38083
9293,679.5143485,4.09403,13113.345,1015.5546,1137.7552,87.80949,119.67298,49.349117,0,0,0
9315,686.4334367,4.0951176,0,0,0,83.13225,93.814926,463.62604,0,0,16.799126
9288,221.154236,4.096482,432.67908,1988.612,181.88696,859.14374,33731.164,848.8254,591.303,331.13593,501.94153
9284,335.1843761,4.099755,116.63893,258.39044,262.6368,1645.5663,152351.95,251.40945,157.84134,94.481384,63.011547
9301,334.2604047,4.1033325,10888.023,1594.2528,1654.6123,90.33599,272.03244,291.9149,19.301853,0,22.645006
9325,669.4103661,4.103617,0,0,0,74.615364,197.93953,162.86057,0,0,0
9306,678.3719407,4.104059,0,0,0,5321.7334,6242.1123,5339.206,0,0,0
9308,683.3271959,4.1062675,0,0,0,1081.0739,1135.3387,906.4946,0,0,0
9289,351.1587811,4.108211,21.311432,25.213444,56.75555,37.315773,11342.283,34.20505,36.652153,65.23871,33.544304
9278,258.1707158,4.119565,14617.306,2384.2522,1583.5374,1273.9575,417.9373,2572.6008,2209.422,1429.5101,590.6752
9389,621.3681968,4.1209025,19.765528,0,0,3632.5269,4393.1045,3588.374,0,0,0
9338,435.2541858,4.1263165,0,0,0,13363.189,15049.755,14020.975,0,0,0
9357,791.4198412,4.1362343,0,0,0,313.24762,409.88483,311.6791,0,0,0
9355,200.1085992,4.1366124,0,0,0,341.96985,394.20526,350.52472,0,0,0
9354,165.0686243,4.138259,0,25.081032,0,314.14026,430.057,544.03143,0,18.944258,0
9362,601.2064788,4.1386304,0,0,0,701.38245,727.1604,774.75116,0,0,0
9363,783.4182189,4.1386304,0,0,0,3574.8923,3864.285,3393.7852,0,0,0
9364,805.3999318,4.1386304,0,0,0,35433.93,37667.43,34779.867,0,0,0
9365,821.3761939,4.1386304,0,0,0,6755.0874,7084.907,6880.661,0,0,0
9409,581.2820554,4.1398396,0,0,0,172.32549,326.09915,308.9953,0,0,0
9376,638.393204,4.1402535,0,0,0,572.3425,685.7903,689.68933,0,0,0
9377,344.1499309,4.1403008,0,0,0,13408.956,12999.424,11527.624,0,0,0
9378,366.1318573,4.1403008,0,0,0,10438.797,9984.761,9434.302,0,0,0
9379,382.1058687,4.1403008,0,0,0,3805.4607,3578.2166,3531.1345,0,0,0
9239,580.2767269,4.1403008,0,0,0,897.2178,1006.06866,1006.64764,0,0,0
9382,800.4450709,4.1403008,0,0,0,171425.66,192120,175794.8,0,0,0
9405,563.2509165,4.145152,0,0,0,560.55316,744.42596,597.7538,0,0,0
9336,452.2788933,4.14641,27.191818,0,0,1703.0985,1723.2526,1588.1925,0,0,0
9406,303.0997714,4.1467605,0,0,0,368.3935,369.7581,476.0736,0,0,0
9408,559.2141795,4.1487794,0,0,0,225.28226,385.70737,672.8086,0,0,0
9414,349.1892941,4.1504946,1140.896,784.6845,977.05585,0,0,0,0,0,0
9416,503.2466708,4.1508465,0,0,0,497.41833,738.3391,654.5248,0,0,0
9418,543.2398771,4.151276,0,0,0,1163.5372,1637.8174,2348.224,0,0,0
9422,311.235866,4.151353,5398.1914,3428.4534,4358.6157,57.01045,29.950464,45.284344,22.920906,19.495754,21.70739
9397,367.2112898,4.1529303,1170.2639,331.39618,294.2567,1883.2479,1963.3826,1699.1565,73.531845,167.04482,94.057785
9425,521.2580001,4.1532955,0,0,0,1348.4673,2100.2896,3893.8718,0,0,0
9430,586.2348712,4.155247,0,0,0,400.13782,376.33533,579.392,0,0,0
9436,282.1687668,4.158235,1773.0884,473.84894,465.47867,1276.4003,1211.0459,1478.0225,484.99762,474.70575,458.20157
9407,287.1260558,4.1639905,24.67197,20.494967,32.432713,2459.5994,2801.7068,2472.0151,23.69043,17.563757,0
9428,333.2147304,4.1682515,2803.1865,2115.0686,2640.3657,0,0,0,25.976004,0,0
9466,509.2521444,4.1742,0,0,0,186311.95,203147.62,175297.06,0,0,0
9420,210.1492596,4.175113,5307.9834,960.4281,1473.5822,40.634407,48.03026,63.945694,19.227722,20.566612,45.37622
9450,250.1424479,4.176104,3114.319,503.88663,1174.6167,70.096115,75.73987,36.986824,15.417549,24.05738,22.954811
9478,451.2489139,4.176274,0,0,0,13147.828,14194.605,11524.717,0,0,0
9479,469.2595122,4.176274,0,0,0,194634.81,206322.9,173510.56,0,0,0
9480,487.2693043,4.176274,0,0,0,13579.554,14004.339,12257.731,0,0,0
9484,995.5147276,4.176274,0,0,0,10599.882,11737.212,9335.948,0,0,0
9485,1011.488023,4.176274,0,0,0,2176.9531,2543.2217,1716.8802,0,0,0
9493,486.286025,4.178313,0,0,0,42497.844,44870.348,40782.383,0,0,0
9495,525.2259814,4.178313,0,0,0,80056.26,85710.34,77057.73,0,0,0
9553,236.1278003,4.1836805,2183.1692,97.12295,145.62877,106.44769,76.48832,36.334908,21.888428,24.265654,19.569275
9506,282.2057986,4.185092,1220.5632,0,25.771591,0,0,0,0,0,0
9527,504.2959666,4.1922503,0,0,0,9877.115,10484.779,8446.499,0,0,0
9565,365.1951373,4.1940002,147.77644,152.741,200.74707,3412.1099,3688.8108,4024.9326,50.533,197.46875,43.248814
9413,247.1326571,4.195859,34.128674,57.053146,68.202385,5502.2856,6029.351,5456.4165,127.63785,75.76457,22.20708
9561,311.2351126,4.1964517,5011.4062,3641.8486,5025.0415,0,0,45.284344,22.920906,19.495754,21.70739
9520,260.2231215,4.199633,357.58206,31.744137,21.918766,30.042614,38.72223,42.70946,26.933727,25.86454,21.73494
9557,360.2393954,4.200515,648.1948,58.348194,45.46449,1126.5026,1391.1841,962.0436,29.057285,28.60941,34.861046
9540,602.2649176,4.205646,0,0,0,22370.47,25182.533,20238.2,0,0,0
9429,265.1429929,4.2057114,370.24036,315.2298,298.90338,2385.2961,3191.0725,4339.8184,695.13477,762.0551,394.30057
9558,343.2118605,4.2058673,52.622902,37.628696,35.281494,692.78143,680.6397,461.00153,22.275393,30.637714,27.67491
9549,607.2205967,4.209145,0,0,0,2177.1648,2337.4434,1839.9297,0,0,0
9612,210.14922,4.214486,11820.376,735.8558,808.53424,81.74814,48.03026,63.945694,21.025558,20.566612,19.957865
9563,349.1889818,4.2162404,1187.3643,777.97656,1121.8986,0,0,0,0,0,0
9568,252.1004,4.218215,590.18567,0,0,0,0,0,0,0,0
9594,194.1259726,4.2189693,463.47382,279.47855,94.668396,110.00316,224.26645,219.0517,65.163315,120.4269,122.33619
9580,278.1738662,4.221742,5316.875,28.896114,31.114521,0,0,0,0,0,0
9538,175.1123348,4.227639,1836.1597,226.66716,127.65059,911.2878,1071.5059,844.6375,21.610096,34.6241,55.77375
9562,333.2138041,4.2287188,2688.7234,2304.535,3275.0825,0,0,0,25.976004,20.157345,0
9629,313.2518553,4.230478,5310.6157,91.46689,102.726074,310.4852,292.68365,196.07335,0,0,0
9581,294.1475815,4.2311482,2852.021,0,0,0,0,0,0,0,0
9589,218.1394278,4.2328286,5100.3203,6762.011,6472.296,6842.006,7247.277,6180.2646,7529.6064,6192.095,8760.547
9600,201.1128099,4.237622,3059.6895,3699.901,3928.5017,3768.2659,2386.4893,3593.3577,3766.0088,3853.9985,3417.3508
9606,248.1052549,4.2432656,1934.1973,0,54.279636,0,0,0,0,0,0
9707,260.1864452,4.264674,2863.4973,1363.5084,1469.668,582.0146,774.6595,1443.1555,1145.749,903.3121,1192.2604
9648,443.1112423,4.268341,0,0,0,2872.248,2463.186,1006.95105,0,0,0
9630,335.227122,4.2692184,2575.5708,98.375114,106.66852,36.084816,0,0,43.190895,38.517593,0
9605,232.1301224,4.26934,6832.285,309.2337,299.7833,0,0,31.628292,0,21.64721,21.403912
9626,285.1701471,4.2699356,8304.47,246.2049,611.5237,531.9047,497.99408,278.67807,369.80777,46.506535,241.52585
9655,427.1373781,4.272992,0,0,0,17317.686,14639.539,6510.0605,0,0,0
9656,537.2533069,4.2746787,0,0,0,1657.6805,1815.2213,1767.6865,0,0,0
9657,554.2805323,4.2746787,0,0,0,747.21405,733.1167,622.6578,0,0,0
9666,471.2749005,4.27925,0,0,0,15418.788,16633.195,14823.3125,0,0,0
9668,671.2853379,4.27925,0,0,0,21153.096,21832.54,20189.512,0,0,0
9671,655.3113538,4.281297,0,0,0,55554.605,57287.355,50752.652,0,0,0
9676,650.356188,4.2833467,0,0,0,90593.13,96384.81,86861.29,0,0,0
9628,302.1971473,4.283906,15006.39,908.325,1093.2727,413.81903,334.7448,1036.7389,267.07275,381.2639,367.29037
9678,292.1533102,4.285294,380.17667,0,0,0,0,0,0,0,0
9724,541.2760127,4.2887807,0,0,0,12260.421,11090.226,5449.1016,21.759007,0,0
9692,628.2813415,4.2937965,0,0,0,4146.813,4831.297,4926.745,0,0,0
9693,633.2374327,4.2938104,0,0,0,1202.3618,1313.6986,1290.7566,0,0,0
9663,270.1701269,4.29418,1496.2534,272.5523,663.57544,106.84758,259.30075,67.66833,88.416145,63.85859,42.6726
9697,593.2435355,4.295527,0,0,0,1766.283,1829.9304,1838.4777,0,0,0
9698,611.2545695,4.295527,0,0,0,6333.1436,7149.103,6471.735,0,0,0
9702,643.3479348,4.2989635,0,0,0,2312.2554,2247.6833,2140.3726,0,0,0
9703,659.3219323,4.2989635,0,0,0,799.72784,855.9338,726.94977,0,0,0
9709,282.1685112,4.3021374,838.2372,202.43082,298.47833,514.82806,656.95447,735.36237,347.84036,50.330013,245.18478
9715,242.1753735,4.303226,2313.273,1633.4792,1496.6833,1577.8126,1585.9214,1582.9141,1190.8296,1134.9487,1174.5137
9716,483.2752272,4.3048844,0,0,0,854.72565,550.93207,134.819,0,0,0
9717,501.2856899,4.3048844,0,0,0,10544.779,9255.821,4075.0913,0,0,0
9720,518.3111304,4.306971,0,0,0,4163.442,3749.6333,1682.3492,0,0,0
9840,264.1579715,4.308883,1953.6329,448.15344,454.05075,587.68304,690.9773,695.9336,495.51926,407.82724,521.3636
9726,557.2530129,4.3090825,0,0,0,5259.7583,4618.7085,2194.136,0,0,0
9751,344.2460082,4.3104672,2510.581,332.40857,769.62134,41.60663,40.661003,38.600983,21.090763,21.608501,19.855522
9746,209.1160632,4.324154,19693.998,19797.582,18261.104,23425.43,22429.244,22968.629,18705.332,19416.793,18612.541
9749,187.133684,4.3254666,1546.0839,1693.8173,1718.9742,2704.779,2063.9326,2359.142,1677.2719,1913.5323,1870.5964
9750,591.2255374,4.325458,0,0,0,2622.4802,2591.7998,2411.8545,0,0,0
9752,613.2078975,4.326557,0,0,0,1095.4386,1261.1138,1183.621,0,0,0
9754,569.2433543,4.327163,0,0,0,14557.429,15587.679,15160.987,0,0,0
9755,586.2701512,4.327163,0,0,0,28414.098,30881.758,28831.605,0,0,0
9756,588.2731148,4.327163,0,0,0,2755.3599,2914.9934,2932.117,0,0,0
9761,571.2460002,4.328435,0,0,0,1311.039,1459.8955,1308.5533,0,0,0
9773,330.2652055,4.341821,25051.018,1501.8107,916.93335,96.786415,67.38031,71.54118,29.341938,26.617945,73.35786
9782,513.2834161,4.345916,0,0,0,487.67172,425.34988,426.01453,0,0,0
9792,508.3278963,4.347601,0,0,0,1006.7129,1015.9173,858.8941,0,0,0
9738,366.2263525,4.3501763,7620.4033,69.51872,445.57138,77.91739,0,48.89798,0,0,0
9688,485.2542803,4.3503404,0,0,0,2755.996,3140.1567,3079.2307,0,0,0
9798,492.1775496,4.3503404,0,0,0,11465.09,13131.729,12117.293,0,0,0
9799,507.2363834,4.3503404,0,0,0,9151.774,10007.427,8663.822,0,0,0
9800,523.2102334,4.3503404,0,0,0,3738.7783,4018.221,3551.333,0,0,0
9803,467.2438332,4.352474,0,0,0,5855.2163,6508.1104,5602.071,0,0,0
9815,270.1700218,4.356301,2573.2698,316.21887,779.6862,106.84758,70.656815,78.96445,37.907116,63.85859,42.6726
9816,286.1426274,4.3573265,593.1214,0,238.41508,0,0,0,0,0,0
9658,238.1210922,4.3574314,54641.28,2330.3818,2810.8652,233.37735,833.34015,1036.3162,1339.7313,772.0983,656.7141
9849,302.2333918,4.3600764,4412.034,182.248,297.16516,150.18019,51.707153,39.177635,69.344574,25.007744,32.969875
9820,336.1584765,4.3613105,2515.9307,0,0,0,0,0,0,0,0
9831,320.1856014,4.3702073,6023.9272,35.48181,28.345009,0,0,0,0,0,0
9834,368.2183899,4.375264,36378.434,4407.5054,4933.993,0,97.92117,37.072174,0,0,0
9811,370.2230473,4.377123,3559.132,125.58347,135.1666,111.10869,58.3785,99.75856,23.974009,23.372444,21.813667
9847,439.2097063,4.37933,0,0,0,342.57706,380.80844,247.73172,0,0,0
9856,687.3365193,4.381413,0,0,0,4678.922,4080.627,2150.277,0,0,0
9825,352.2470352,4.3824716,126571.164,12024.903,10702.225,125.45385,174.14423,50.699287,0,0,0
9872,329.1963682,4.384293,2139.805,35.72573,44.622574,48.970894,42.13013,74.63321,25.48321,26.441854,18.009075
9920,1158.507956,4.3853407,0,0,0,462.01395,797.7945,447.8676,18.542435,0,32.932613
9873,268.1316368,4.386269,1750.4836,408.21945,338.271,863.6533,803.2157,803.0561,198.08191,195.04535,108.05513
10103,222.1473501,4.386331,150300.55,28768.396,33556.418,7529.7217,9539.2705,13130.822,9071.122,9697.383,9029.692
9877,252.1576499,4.3866763,12724.273,4425.6455,4580.468,11522.503,12628.385,12464.692,2638.2666,2966.1433,2948.6526
9878,200.1651265,4.3866916,208611.9,38340.418,44961.12,17050.82,19683.602,18972.098,13326.23,13724.445,11919.361
9879,212.1650864,4.3872104,79807.23,17818.846,20178.96,16192.674,18083.752,17963.023,10708.648,11234.471,11027.132
9883,682.3823351,4.388004,0,0,0,8164.423,7221.0117,3094.328,0,0,0
9830,298.201979,4.388287,5331.33,42.783424,134.3148,95.99733,80.97131,42.985107,22.99755,19.565807,26.291462
9884,230.1757016,4.3885565,23052.902,9005.348,9232.216,9942.992,11144.862,11033.268,6733.149,5672.025,6647.05
9976,1171.533603,4.3895545,0,0,0,6496.7803,7378.602,6191.068,0,25.279026,0
9871,324.2172669,4.389939,14527.759,195.25772,74.04408,32.351433,38.01382,0,21.78606,0,0
10006,887.9172959,4.3905697,0,0,0,14351.165,15523.486,14387.732,26.620153,0,0
9914,186.1495466,4.3920565,6608.8623,22434.28,21584.662,24052.242,23724.182,25253.156,23244.828,23715.463,24002.412
9898,613.2075831,4.3920517,0,0,0,38688.17,37274.62,38757.88,0,0,0
9890,343.2119661,4.3927507,30.468708,0,67.983955,1207.4819,1550.54,1128.3572,37.80552,23.958565,18.521381
9977,1173.528233,4.393042,0,0,22.785534,1968.3098,2240.528,2297.3867,0,0,0
10109,281.1372581,4.400613,356.16986,275.87573,435.6693,5191.0967,5336.3066,4369.9863,148.25787,434.30582,243.87267
10074,1190.562725,4.4012976,0,0,0,1163.6537,650.4869,1009.30817,0,24.33108,23.865955
10087,216.1600842,4.4015074,16351.399,5330.222,11205.965,402.06372,782.0051,1123.5673,1661.6821,2464.3364,2177.9656
9882,365.1951078,4.401775,763.90393,311.66205,117.31981,4301.845,4911.8643,3867.5032,319.7917,105.2852,377.37357
9900,346.2235308,4.401837,19443.066,1002.6108,1073.2147,743.23364,1396.9414,847.56696,378.3445,294.75104,241.29535
9937,881.8788755,4.4021816,0,0,0,1970.1804,2180.373,2231.5808,0,0,0
9941,895.9259455,4.4021816,0,0,0,3418.191,3805.6655,3478.279,0,0,0
10010,594.2261761,4.402214,0,0,0,673.049,341.92102,340.4248,0,0,0
9943,689.2431405,4.402214,0,0,0,3894.5015,3783.8013,4699.5957,0,0,0
10095,441.2999739,4.4023447,35.33944,24.143627,23.862682,17970.045,18414.463,18670.658,21.175997,23.2213,23.376732
9947,399.1792758,4.4024434,3957.386,4894.4585,5193.155,5849.0083,5269.781,7103.0806,5068.0273,5532.0146,5328.639
9854,423.2376454,4.4032707,40.3507,25.670876,0,3430.2217,5838.16,3167.1497,23.28688,21.684593,27.752872
9963,471.2739223,4.404232,0,0,0,4332.944,4318.244,4497.762,0,0,0
9965,506.3122087,4.404232,0,0,0,16253.407,18616.996,17424.645,0,0,0
9966,569.2430408,4.404232,0,0,0,1469151.9,1503656.6,1475426.9,0,0,0
9968,571.24503,4.404232,0,0,0,138775.84,141488,139521.3,0,0,0
9969,572.2458154,4.404232,0,0,0,30265.744,31172.828,30241.344,0,0,0
9970,586.2695557,4.404232,0,0,0,252559.16,265128.78,248706.4,0,0,0
9971,591.2249751,4.404232,0,0,0,60171.715,57439.297,58011.562,0,0,0
9972,896.4304415,4.404232,0,0,0,3944.354,4348.9863,3916.9543,0,0,0
10060,664.1886978,4.404264,0,0,0,2328.583,609.1931,2039.4774,0,0,0
9974,1079.502808,4.404232,0,0,0,3244.9756,2680.5889,3488.501,0,0,0
9978,1159.45793,4.404234,0,0,0,3318.594,3253.331,3267.7002,0,0,0
9979,394.2238628,4.4044476,9167.374,8912.666,7920.0796,16660.506,16157.565,17374.504,7933.386,8820.279,8218.957
10019,415.1529618,4.4044847,2492.4753,3529.3525,3534.9138,700.41626,467.03775,1498.2745,3938.162,3926.9092,3821.1348
9973,1057.51824,4.404651,0,0,0,9890.236,9767.605,10485.434,0,29.033619,0
9990,169.1228469,4.4055257,30173.318,39183.258,36214.676,42943.164,41525.137,41791.24,36800.6,37967.234,40199.39
9997,588.2732403,4.406277,0,0,0,21883.014,25595.363,23532.902,0,0,0
9998,489.2850495,4.40629,0,0,0,64235.066,67615.64,67947.14,0,0,0
9999,648.2169766,4.406282,0,0,0,14691.226,14193.6045,15906.105,0,0,0
10072,884.3524184,4.406282,0,0,0,748.4571,490.3944,381.3567,0,0,0
10061,898.9019129,4.406282,0,0,0,1846.5564,1802.2902,1525.0527,0,0,0
10003,870.387982,4.4062867,0,0,0,3579.3179,2919.3452,3203.8982,0,0,0
10004,878.8996591,4.40629,0,0,0,14096.276,15452.578,13341.166,0,0,0
10005,887.4128908,4.40629,0,0,0,14935.377,15427.08,13963.306,0,0,0
10007,1137.47713,4.40629,0,0,0,7500.2324,7868.8867,7696.141,0,0,0
10008,1154.504537,4.40629,0,0,0,26608.432,27175.205,26090.352,0,0,0
10082,527.2381727,4.406767,0,27.545166,0,1898.234,1709.175,1755.29,0,0,0
10274,310.2231226,4.4069977,2450.73,3438.5728,3385.149,3505.698,3769.316,3555.6501,3252.5974,3493.839,3405.7024
10024,589.2735446,4.408335,0,0,0,4891.709,5413.6357,4993.005,0,0,0
10025,593.2281506,4.408335,0,0,0,5173.1167,5064.259,5206.554,0,0,0
9982,609.1995431,4.408335,0,0,0,1810.7933,1680.7454,717.41547,0,0,0
9770,607.1980724,4.40834,0,0,0,12230.387,12647.967,12192.759,0,0,0
10022,901.3809037,4.408337,0,0,0,2273.8315,1710.8158,1973.0924,0,0,0
10070,879.4016162,4.4083405,0,0,0,13991.587,14178.835,13490.164,0,0,0
9951,321.1459544,4.4084187,84.49414,51.873497,57.613068,3311.4666,4897.764,5335.447,123.82488,37.628494,51.930176
9985,1181.437602,4.408335,0,0,0,1972.1008,2328.4563,373.44058,0,0,0
10033,293.1965953,4.408957,6179.859,6385.2495,6315.5693,6806.1587,6104.7437,7722.6562,6444.3574,5883.82,5912.133
10064,297.1319875,4.4091372,76.35242,108.79402,72.87605,3099.0972,3776.9377,3737.3005,144.6792,211.44821,59.354904
9850,340.1926508,4.409215,3007.9468,20.06221,0,0,29.690378,0,29.452644,0,0
10058,299.1627365,4.41105,4222.069,4574.9453,4957.0864,17834.271,20950.416,21072.34,4274.2656,4407.3096,4080.597
9981,705.214084,4.412393,0,0,0,850.5321,528.5627,277.66132,0,0,0
9953,870.8862619,4.412422,0,0,0,3026.2402,2787.5967,1792.2058,0,0,0
10090,241.14397,4.4125485,1042.9855,1823.8364,2009.4296,4823.0327,2597.223,2439.9736,1739.6256,703.1745,620.58264
10079,459.3111319,4.4144673,0,0,0,63359.254,64001.742,64220.42,0,0,0
10080,511.2654712,4.4144683,0,0,0,4575.6904,4321.3,4389.2764,0,0,0
10083,151.11197,4.4145975,31097.111,37816.535,41134.605,41749.516,45269.33,45941.6,35967.723,38867.22,37192.125
10096,603.3540846,4.416525,0,0,0,3212.559,3238.2295,2753.5564,0,0,0
10097,621.3654088,4.416525,0,0,0,59241.08,61655.41,59808.477,0,0,0
10106,638.3921714,4.4185615,0,0,0,49691.84,51295.418,49407.656,0,0,0
9975,1074.545445,4.4186,31.929478,0,0,6185.1914,6393.3823,5634.965,0,0,0
10107,254.1161093,4.4188104,3275.7805,428.5389,667.7548,0,0,0,0,0,0
9921,551.2323299,4.421189,0,0,0,3996.775,2854.9958,2524.6719,0,0,0
10104,292.1763644,4.4214497,96.18299,194.75317,291.0371,952.06323,434.44592,1193.8094,267.62363,257.6488,140.24051
10116,643.3473174,4.4226317,0,0,0,51934.047,51601.266,53119.387,0,0,0
10121,659.3219286,4.424661,0,0,0,8936.434,8909.06,9155.87,0,0,0
10153,324.1958896,4.424701,15821.867,929.72516,904.0397,0,28.941883,0,0,0,0
10155,308.2212893,4.4273553,41136.746,2560.9446,2454.7166,0,0,38.110596,0,0,0
10088,238.142351,4.4280148,10349.863,1548.5167,2637.7441,166.84848,613.16504,85.4716,49.32347,40.43453,85.759766
9810,354.2499949,4.4305134,2527.4207,147.99472,116.41841,69.664246,71.18302,0,214.07932,106.5976,132.08244
10165,499.215293,4.4398518,0,0,0,168.15677,926.929,891.16223,0,0,0
10150,451.248623,4.442446,0,0,0,8676.631,9371.024,7797.4556,0,0,0
10162,534.2542816,4.442465,0,0,0,343.15588,641.3631,429.49933,0,0,0
10140,234.1476839,4.4438787,1286.2327,31.360935,114.277405,32.485657,98.05003,34.334816,23.843975,0,32.87427
10154,250.2173813,4.44438,12758.464,512.20044,614.2727,0,0,0,0,0,0
10156,486.286011,4.4444833,0,0,0,2733.472,2740.0732,2140.509,0,0,0
10160,517.2264913,4.4465027,0,0,0,9164.425,9528.048,9210.01,0,0,0
10168,268.2279411,4.4479694,47190.01,2543.376,2412.691,0,0,0,0,0,0
10172,384.296654,4.449168,25780.303,25515.922,27426.66,24671.06,27653.203,27440.871,25502.613,23992.584,25005.193
10159,509.2511596,4.4493475,0,0,0,20293.178,22605.64,18617.164,20.41636,0,0
10175,367.2698265,4.4506006,5018.596,6016.726,5632.025,5126.228,5953.961,5204.4634,5565.287,4531.2163,4814.6963
10139,233.1906844,4.4515696,1773.487,31.480703,44.285946,0,0,0,0,0,0
10186,393.2752997,4.4524274,80.50853,214.17865,1177.243,0,0,0,0,0,0
10185,371.2918148,4.456036,893.7392,907.9686,1538.2488,0,0,0,0,0,0
10141,250.1209701,4.462937,378.74542,24.674877,29.57544,0,0,0,0,0,0
10229,816.439916,4.482149,0,0,0,18958.582,21876.115,19763.89,0,0,0
10230,821.3949021,4.482149,0,0,0,2295.8206,2239.7544,2338.0818,0,0,0
10262,533.3229017,4.4829407,0,25.506592,0,989.64343,961.0522,1020.93536,21.795734,0,0
10249,489.285364,4.493976,0,0,0,18228.992,20352.285,19085.229,0,0,0
10250,511.2676346,4.493976,0,0,0,22513.11,26310.924,23173.21,0,0,0
10251,527.2419714,4.493976,0,0,0,10229.344,11585.882,10718.227,0,0,0
10248,611.1928994,4.4948893,0,0,0,746.1221,742.7622,742.2489,21.88417,0,0
10237,390.2509308,4.495909,16440.252,723.0334,599.0574,227.40527,192.60423,237.61641,19.080975,0,32.46497
10257,567.2276789,4.496076,0,0,0,12779.656,14156.757,12942.327,0,0,0
10258,584.2544487,4.496076,0,0,0,11357.751,12646.873,11372.836,0,0,0
10259,506.3117819,4.4961114,0,0,0,14509.783,16030.785,14439.014,0,0,0
10265,589.211333,4.498176,0,0,0,1381.8423,1485.7,547.16364,0,0,0
10267,538.2791512,4.5002694,0,0,0,729.2151,1143.0714,1076.1661,0,0,0
10289,298.2021886,4.502509,5051.1025,152.65138,253.30675,42.214996,80.97131,72.01062,22.99755,21.826588,20.744015
10285,198.1858746,4.504396,5440.832,3039.9644,4238.905,5859.4575,4019.1655,4566.8335,3406.6846,2833.683,3107.651
10275,216.1965458,4.505788,10359.326,9722.183,9545.951,7497.4404,8188.197,7906.077,7480.6567,7259.17,6778.658
10276,370.2598378,4.50663,1871.2822,29.202263,0,0,0,0,27.971071,0,0
10282,238.1784974,4.5084777,7249.459,6654.4717,6365.102,7261.9463,7799.3687,7908.994,5739.9155,5320.7017,5034.578
10283,254.1522215,4.509306,1693.7854,1629.577,1531.4568,885.05054,907.21484,921.97644,1332.3384,1283.5474,1367.7864
10430,269.1155004,4.510509,955.34436,1253.7109,1205.9834,878.43756,1012.56177,1052.2751,1184.9677,1708.4806,1218.784
10288,348.2755759,4.51124,2928.0957,0,0,0,0,0,0,0,0
10295,247.1329804,4.515437,840.3008,1167.8386,1033.7472,1263.859,1207.7563,1401.7369,1049.9055,1067.3818,905.8409
10344,509.2507869,4.5221863,0,0,0,11415.343,13750.673,11815.554,20.41636,0,0
10314,539.2609184,4.5233603,0,0,0,557.33484,542.115,125.09993,0,0,0
10313,499.2700312,4.523899,0,0,0,327.63657,314.20187,75.635155,0,0,0
10240,525.22571,4.5246863,0,0,0,15337.566,6852.0073,15093.964,0,0,0
10328,250.1434168,4.5282993,1084.3286,24.141195,28.610195,38.857834,44.557396,32.65953,31.280537,23.743813,25.376602
10320,266.1162431,4.530927,895.4056,0,0,0,0,0,0,0,0
10322,320.1845162,4.530927,3903.7769,0,0,0,0,0,0,0,0
10329,336.1587581,4.5361395,1937.5819,0,0,0,0,0,0,0,0
10338,604.2806579,4.5393825,0,0,0,9138.065,10738.12,9559.958,0,0,0
10337,609.2368663,4.5393825,0,0,0,736.37427,1148.658,1070.7412,0,0,0
10339,504.2965581,4.541521,0,0,0,38457.74,43572.855,38014.516,0,0,0
10340,246.243518,4.5418854,94083.07,93488.46,98402.55,88281.086,95790.24,99520.125,90412.13,87714.74,91559.37
10352,784.4498859,4.5478415,0,0,0,3493.9292,3912.5652,3787.6968,0,0,0
10353,789.4051355,4.549951,0,0,0,1803.3715,2210.1301,2230.649,0,0,0
10354,535.2374021,4.5516458,0,0,0,33389.73,65372.938,33515.574,0,0,0
10355,597.2124322,4.5516458,0,0,0,2060.259,2203.4316,2222.348,0,0,0
10358,575.2304923,4.552078,0,0,0,3104.192,3426.785,2904.434,0,0,0
10361,437.2693878,4.553717,0,0,0,3954.9595,4335.6787,3871.6602,0,0,0
10362,492.2029901,4.553717,0,0,0,853.0783,697.65845,786.088,0,0,0
10365,514.1849144,4.553717,0,0,0,449.95184,467.30304,416.6669,0,0,0
10356,454.296044,4.554149,0,0,0,1276.6167,1228.7933,541.51483,0,0,0
10367,552.2638462,4.555844,0,0,0,16498.168,18496.41,17167.96,0,0,0
10383,363.204251,4.558435,6924.3447,8647.081,12043.773,0,25.705982,0,28.05148,0,32.17833
10381,643.348277,4.5596013,0,0,0,1640.6215,2089.523,2188.029,0,0,0
10379,325.2496989,4.56006,31289.139,35616.78,50266.51,723.0519,1058.4741,1177.2208,644.31934,600.57513,745.32825
10384,603.3549196,4.5600524,0,0,0,662.73303,730.0443,724.80817,0,0,0
10386,347.2314157,4.560095,19873.129,23944.592,33191.61,629.7466,866.5414,906.76025,408.39316,373.2674,397.535
10392,282.2070721,4.5618105,3237.8083,23.892448,28.314304,0,0,27.04632,0,0,0
10390,659.3222527,4.5634694,0,0,0,150.65764,404.7509,596.2393,0,0,0
10401,268.2278868,4.565905,27374.125,1247.4724,1262.9266,0,0,0,0,0,0
10393,300.2177338,4.5672755,3981.354,136.2617,160.74478,67.96658,379.5669,381.38522,131.01341,105.155174,98.93831
10402,491.2406162,4.5672984,0,0,0,1163.7264,1444.5385,1205.7308,0,0,0
10426,212.1651326,4.5685477,12920.868,3844.4648,4145.041,1153.2013,1384.4918,666.69885,300.8162,545.1498,729.1244
10395,324.1985524,4.5737085,9589.778,380.5759,134.72769,33.374004,30.905285,28.762432,0,0,0
10412,434.2763169,4.5740285,14347.722,431.1583,395.02277,149.54846,292.89825,103.81162,0,0,0
10388,308.2225094,4.574187,32135.803,1704.3113,2179.0918,22.955143,30.236328,26.42616,0,0,0
10416,507.2147292,4.5746465,0,0,0,323.81058,156.20288,336.83072,0,0,0
10417,511.267366,4.5785146,0,0,0,7301.9673,7367.398,6497.157,0,0,0
10404,322.2009695,4.579447,5783.2656,31.0038,52.160774,0,0,0,0,0,0
10422,527.24185,4.5810666,0,0,0,3700.2375,3810.167,3388.6196,0,0,0
10425,250.12049,4.5828786,1843.7976,464.51,224.73158,0,0,22.3045,0,22.217802,0
10432,634.3072381,4.586351,0,0,0,1942.6611,2194.8503,1984.9861,0,0,0
10435,651.3334627,4.588467,0,0,0,3937.8572,4743.7637,4059.2568,0,0,0
10427,234.1470828,4.5898457,5861.235,1569.262,1318.6473,211.46483,318.77655,256.04926,89.597824,23.866034,73.925415
10419,489.2875482,4.5936136,0,0,27.16204,6186.758,6619.729,5771.1304,0,0,0
10521,597.2124506,4.612053,0,0,0,2319.5376,1597.2142,2311.2976,0,0,0
10489,322.2008136,4.619611,4817.0127,31.0038,26.3642,0,0,0,0,0,0
10588,264.1585958,4.6207557,1619.9889,26.598804,33.61602,19.972885,0,25.931904,23.78767,0,0
10484,593.2412259,4.6215634,0,0,0,765.65735,771.6658,646.07404,0,0,0
10490,588.2859556,4.6232996,0,0,0,9144.841,10965.294,10176.537,0,0,0
10491,606.3303294,4.6232996,0,0,0,2209.5842,2525.9902,3345.0137,0,0,0
10495,628.3135107,4.625468,0,0,0,778.6445,953.7441,1133.2461,0,0,0
10605,368.2422573,4.636192,49455.83,88.66141,199.57182,0,0,0,0,0,0
10487,300.2178751,4.644046,4002.909,160.98373,130.05365,82.43594,81.24565,63.284256,49.634693,105.155174,98.93831
10518,555.2518196,4.6442533,0,0,0,2103.4402,3052.7732,2251.153,0,0,0
10523,553.2474963,4.646406,0,0,0,23286.324,25900.998,23634.416,0,0,0
10524,575.2306253,4.646406,0,0,0,5089.831,5460.5317,5058.7485,0,0,0
10475,644.283274,4.647883,0,0,0,255.52519,492.10684,2958.062,0,0,0
10527,570.2764612,4.648482,0,0,0,26964.072,29319.611,27898.174,0,0,0
10535,478.3024996,4.64858,10976.496,337.08102,303.90384,96.15493,119.06728,164.99185,0,0,0
10531,572.2788085,4.650589,0,0,0,2552.284,2893.5696,2526.9102,0,0,0
10532,607.2211922,4.650589,0,0,0,1328.269,1454.1648,1226.9893,0,0,0
10525,556.2517411,4.652715,0,0,0,126.5533,265.96237,250.65773,0,0,0
10536,584.2547284,4.652715,0,0,0,11583.081,11858.074,13134.651,0,0,0
10544,629.2033118,4.6548057,0,0,0,2053.5774,2227.4934,2131.857,0,0,0
10547,567.228073,4.6548696,0,0,0,13558.271,14788.457,13459.901,0,0,0
10548,602.2649201,4.6548696,0,0,0,17739.799,19069.887,18542.521,0,0,0
10556,568.2295213,4.65696,0,0,0,3355.274,3666.7603,3451.5945,0,0,0
10553,573.2766008,4.659057,0,0,0,49.667526,411.8209,430.72977,0,0,0
10568,340.2137452,4.6600866,5739.019,32.649643,34.078766,33.84805,0,40.945755,29.962349,0,26.247902
10566,316.2129604,4.6704936,1533.581,136.73041,170.633,460.36145,359.32172,154.82074,179.97598,277.78247,180.81189
10587,224.1649266,4.671429,3010.317,32.207603,130.39708,0,0,26.224636,0,17.31382,0
10562,299.1854851,4.6720624,1154.1417,109.75763,219.46977,66.222595,59.771553,386.36676,65.63222,252.36148,160.92244
10602,366.2265445,4.6727085,27221.479,1411.7235,1652.048,39.74308,61.457764,85.65179,29.941444,23.159508,28.08886
10576,362.1950819,4.677384,4273.553,0,0,0,0,0,0,0,0
10590,378.1710124,4.678193,1455.6122,0,20.71008,0,0,0,0,0,0
10579,354.1767142,4.681058,654.7847,781.7296,975.73486,598.92993,946.8605,716.5293,624.39087,773.6558,675.0174
10477,359.1321094,4.6815677,2326.0342,2761.6384,2327.9397,2629.0818,2577.1094,2796.5532,2817.2666,2198.4695,2787.352
10584,309.0898321,4.6821756,1207.8418,1373.8374,1589.285,1082.7432,1231.3226,1251.887,1504.1278,1557.5106,1542.1816
10593,253.1227625,4.683502,2516.9858,2646.9836,2411.217,2289.9536,2417.4546,2191.6357,2142.0808,2033.2467,2069.6426
10599,293.1156212,4.685025,2526.4417,2682.107,2484.0908,3973.953,4646.962,5316.814,2656.6328,2847.4175,2485.3318
10638,351.2162154,4.685611,622.8902,167.35292,83.742325,37582.066,41944.164,36385,115.60382,174.96313,199.40323
10606,384.2162348,4.6868916,16821.332,0,29.349157,0,0,0,0,0,0
10652,370.2598696,4.690156,2597.2937,28.365559,24.52639,24.798943,43.10962,36.812836,0,20.620869,0
10645,293.2118287,4.691053,722.2793,53.450554,46.601227,19263.764,20990.404,19739.72,52.82895,39.041645,39.80658
10600,346.2597415,4.692992,16081.046,117.87423,143.19847,78590.72,86761.16,78475.72,34.805183,59.535294,33.89686
10628,382.2004656,4.694653,10432.134,200.36703,228.89813,0,0,0,0,0,0
10610,644.2766114,4.6974616,0,0,0,3937.2783,4289.7666,3898.8757,0,0,0
10611,627.2497435,4.6975093,0,0,0,6820.9233,8078.0103,7286.7993,0,0,0
10722,487.2667352,4.6977916,0,0,29.142786,16429.607,18033.723,16408.139,0,0,0
10617,585.2576752,4.7008033,0,0,0,341.12396,435.73328,3069.6802,0,0,0
10623,796.4136459,4.7036905,0,0,0,6590.816,8104.0825,6979.975,0,0,0
10630,801.3684409,4.706146,0,0,0,1553.4382,1261.3933,1253.8123,0,0,0
10620,373.1984816,4.707013,0,0,26.579178,2026.3932,538.4246,1773.1439,0,0,0
10688,194.1086863,4.707199,61.553818,77.40411,43.92621,351.83298,463.69943,236.03355,89.90062,93.22552,88.67611
10647,252.1963901,4.7076826,2738.2922,0,25.79237,0,0,0,0,0,0
10637,311.2223744,4.710852,380.34442,110.04794,168.3765,6160.144,6623.561,6243.983,197.36917,113.17566,68.21858
10643,315.2652112,4.7118735,9976.174,9285.005,9489.841,10791.054,10970.805,11186.595,9588.048,9290.387,9682.975
10646,367.1897246,4.7122607,0,0,0,2248.5732,2692.4116,1886.2015,0,0,0
10654,353.2205091,4.7125063,420.2818,648.6808,628.9606,1057.3755,1175.1816,640.2102,765.47534,701.7486,654.01605
10649,308.1635341,4.7128963,2384.7576,0,56.132843,0,0,0,0,0,0
10656,337.2473647,4.713086,1151.7141,1423.8375,1405.7079,3310.2585,3255.8132,3530.2703,1300.6104,1402.5712,1247.8568
10667,522.3294891,4.7139363,9058.759,276.1891,232.67027,0,0,0,0,0,0
10673,586.2699546,4.7142906,0,0,0,398287.6,442528.7,415788.78,0,0,0
10674,607.1970028,4.714291,0,0,0,3273.8699,3560.442,3543.0215,0,0,0
10719,843.3462836,4.7142835,0,0,0,354.65002,819.3659,188.46173,0,0,0
10679,551.231757,4.716276,0,0,0,19589.953,21944.098,20502.6,0,0,0
10680,569.2425874,4.716276,0,0,0,16397.361,11375.805,16181.357,0,0,0
10682,613.2077058,4.716276,0,0,0,7881.7007,7984.6685,7401.296,0,0,0
10687,591.2255081,4.7163215,0,0,0,26510.518,29395.168,27749.516,0,0,0
10692,281.1004491,4.71699,581.70166,658.1156,710.9824,1419.2493,1451.7114,1604.7362,680.2714,545.6772,670.4533
10694,259.1184446,4.717652,1136.4884,996.53516,1065.0817,958.56824,834.3876,883.86035,1106.6682,1279.6409,1066.0463
10690,311.1473741,4.7182155,384.6105,758.5046,1268.277,1211.635,1992.8673,1732.0942,1191.1561,780.60504,842.9007
10699,469.2595647,4.718307,0,0,0,46754.855,52318.3,49415.168,0,0,0
10701,509.2538489,4.718307,0,0,0,32730.318,36685.9,32131.473,0,0,0
10702,515.2111747,4.718307,0,0,0,13689.574,15671.981,14986.383,0,0,0
10708,573.2153488,4.7183547,0,0,0,1772.0435,2004.1343,1892.9376,0,0,0
10634,593.2285688,4.718355,0,0,0,2411.0615,2111.223,2388.8105,0,0,0
10665,1011.489216,4.71835,0,0,0,372.34717,752.568,305.98953,0,0,0
10648,292.1896851,4.7193356,4899.4937,69.432594,103.57862,0,0,0,0,0,0
10716,306.1918541,4.7197056,916.4033,2614.737,2038.3137,2222.5247,2382.9727,2762.1948,2142.6514,2417.085,2227.5479
10720,433.238336,4.7203355,0,0,0,14638.366,17679.137,15213.443,0,0,0
10721,525.2259691,4.7203307,0,0,0,13995.346,15580.989,13980.732,0,0,0
10723,486.2859358,4.7203403,0,0,0,11702.583,12668.032,11337.65,0,0,0
10724,504.2963907,4.7203403,0,0,0,11958.416,13298.025,11759.458,0,0,0
10726,995.5145899,4.7203403,0,0,0,2213.4067,2963.106,2095.9663,0,0,0
10727,595.1967062,4.720383,0,0,0,859.23,1147.2523,1114.1023,0,0,0
10730,821.3617584,4.722364,0,0,0,2077.163,2271.367,1359.4174,0,0,0
10738,289.1653794,4.7239733,1287.6323,1356.1909,123.542244,1200.5725,1411.2094,1161.3588,1299.9121,1268.099,560.3079
10650,348.2757982,4.7245283,3694.6929,20.776974,0,0,0,0,0,0,0
10770,453.2627892,4.7310038,78.575905,0,0,35434.727,37706.008,33987.65,0,0,0
10662,588.2779822,4.735148,0,0,0,38406.65,39752.645,5380,0,0,0
10771,470.2913405,4.7386155,0,0,0,8288.391,8672.283,7599.169,18.951275,0,0
10764,493.256991,4.7507057,0,0,0,39623.95,43159.836,36173.227,0,0,0
10772,509.2278049,4.7527404,0,0,0,9074.808,9188.476,8782.529,0,0,0
10789,609.216221,4.7594395,0,0,0,685.7359,743.91064,785.8024,0,0,0
10792,517.2267212,4.7615085,0,0,0,16628.783,18203.664,18021.338,0,0,0
10793,553.2480103,4.7615085,0,0,0,25587.11,28092.262,27475.646,0,0,0
10781,556.2518529,4.7615085,0,0,0,319.31964,433.8053,138.68848,0,0,0
10817,250.1432542,4.7621922,2983.0508,205.04416,210.14189,41.769295,18.86784,27.422096,22.96867,27.838215,24.784634
10802,588.2853189,4.763552,0,0,0,38144.156,48843.92,39277.723,0,0,0
10798,593.2410517,4.763552,0,0,0,4235.357,5046.248,4813.85,0,0,0
10795,615.2229484,4.763552,0,0,0,2013.4545,2340.4255,2349.609,0,0,0
10800,499.2161567,4.7635674,0,0,0,1305.2935,1434.8981,1326.0328,0,0,0
10803,534.2546393,4.7635674,0,0,0,1039.6765,1273.1816,1195.2438,0,0,0
10804,591.2862219,4.7635674,0,0,0,814.474,687.1534,683.3499,0,0,0
10863,250.2174745,4.7706747,11008.531,0,22.565908,0,0,0,0,0,0
10808,266.1164277,4.7735214,1492.0724,0,26.203575,0,0,0,0,0,0
10847,322.2020917,4.7741537,16427.87,76.80745,43.16385,0,30.805408,0,0,16.161524,0
10860,324.2183667,4.778464,44498.074,405.15384,466.2195,0,44.76545,0,26.087254,0,0
10825,549.2166769,4.7814236,0,0,0,11780.204,13754.421,13625.229,0,0,0
10826,566.2438555,4.781441,0,0,0,1433.4,1726.692,1629.3053,0,0,0
10827,607.2213818,4.783207,0,0,0,1013.44366,1254.4989,1005.6825,0,0,0
10829,531.2058325,4.783506,0,0,0,743.77454,982.0302,772.0734,0,0,0
10832,584.2551808,4.78527,0,0,0,8865.407,10786.378,8412.529,0,0,0
10838,567.2269464,4.788793,0,0,0,4315.548,4777.9766,4548.4473,0,0,0
10840,629.2032169,4.7891583,0,0,0,976.2051,1144.1641,1047.0582,0,0,0
10841,595.2594467,4.789169,0,0,0,2727.1997,3243.0728,3196.5876,0,0,0
10844,612.2861582,4.790952,0,0,0,3968.9055,4368.895,4217.881,0,0,0
10830,384.238788,4.7962155,6860.9277,529.54694,479.21964,76.89007,142.18549,66.49307,41.47204,118.33566,77.44525
10855,400.2110402,4.7966003,2395.4424,0,0,0,0,0,0,0,0
10862,233.1903756,4.7989116,1099.4537,0,0,20.439972,0,19.918922,0,0,0
10878,340.1917048,4.803881,6948.9243,25.177277,24.266596,0,0,0,28.876457,0,0
10895,246.1474897,4.8086724,3232.1453,37.01745,136.64458,0,0,17.220213,0,0,0
10881,277.12918,4.809281,2427.4727,2352.8606,2434.2112,2200.172,2141.069,2537.8376,2179.0876,2128.4062,2355.1382
10883,299.1111416,4.809984,2601.6353,2546.2961,2891.4937,2703.3633,2598.5525,2664.0125,2397.647,2709.1094,2543.6948
10886,294.1556517,4.8107405,569.5716,758.27655,464.94397,540.1555,779.75867,644.8792,611.4009,603.06866,427.81787
10884,315.0849044,4.811304,688.2924,739.67206,781.5118,471.68515,327.31714,564.18805,432.97125,709.00336,670.0143
10850,617.2435599,4.81139,0,0,0,521.15265,200.38992,552.7809,0,0,0
10914,478.3664478,4.8156624,27.396658,550.20636,612.3923,0,0,0,0,0,0
10894,206.1545766,4.817987,816.1838,48.314095,53.141438,49.5922,40.035347,48.402634,28.270172,27.426916,21.948149
10927,364.2108281,4.8192854,18139.492,23.313599,0,0,0,0,0,0,0
10889,224.1650341,4.819621,5028.112,110.90979,238.74225,0,0,0,0,0,0
10900,279.0400993,4.8197346,558.68066,689.3678,571.5874,1368.1461,1117.8597,702.2196,0,0,0
10902,274.0844528,4.820724,1876.902,2115.853,1714.3116,4657.2705,3419.6597,2320.6377,22.287071,0,0
10903,257.0580386,4.8218093,2093.909,2313.4639,2143.0994,4982.76,4262.8994,2837.6614,32.140663,0,24.608282
10848,338.1781146,4.822613,6602.4297,0,0,0,0,0,32.063408,0,0
10911,518.3589815,4.827867,0,354.23724,393.34848,0,0,0,0,0,0
11093,322.1822651,4.829859,3513.7886,0,22.623226,0,0,0,0,0,0
10916,262.1209522,4.8302045,833.7262,0,0,0,0,0,0,0,0
11080,1185.520691,4.8355246,0,21.670776,0,1483.7097,1464.6682,1452.671,25.612026,25.930103,0
10931,675.3156384,4.837469,0,0,0,751.97314,1963.3402,2040.8151,0,0,0
10924,267.1366132,4.8380494,2990.6213,3379.6494,3482.226,579.1769,855.13293,132.70459,3383.9556,3341.9106,3546.3918
10935,659.3429004,4.841546,0,0,0,12683.213,14665.616,14201.929,0,0,0
10922,251.1628077,4.842926,26671.188,27060.506,29766.049,14104.458,13173.152,13964.586,30362.982,26623.781,27002.816
10946,654.3871956,4.8461685,0,0,0,108490.52,121591.89,112513.555,0,0,0
11065,346.2595557,4.846286,7209.7236,34.766792,67.681656,8775.329,10108.572,7915.966,36.17208,29.31427,35.183598
10951,488.3014993,4.84823,0,0,0,20621.158,23695.783,20194.291,0,0,0
10964,619.3512125,4.8514867,0,0,0,2131.1804,2356.111,2164.5532,0,0,0
10982,1137.482014,4.853539,0,0,0,1408.5626,1668.4932,817.7252,0,0,0
11087,889.8907839,4.855007,0,0,0,2691.5964,3434.993,568.5718,20.031555,0,0
11103,1180.547786,4.8554015,0,0,0,1230.8623,2649.5132,1753.3247,22.79049,23.455978,0
10984,245.1328428,4.8555713,0,0,0,911.3007,2952.0005,2572.0579,0,0,0
10988,607.1988425,4.8555713,0,0,0,23641.93,25287.943,22725.127,0,0,0
10990,588.271984,4.8556004,0,0,0,188947.39,200822.9,179362.88,0,0,0
10991,589.2728448,4.855602,0,0,0,41481.965,44473.55,42253.36,0,0,0
10992,593.2245607,4.855602,0,0,0,11263.492,13038.891,11472.139,0,0,0
11016,554.2349729,4.857619,0,0,0,16444.12,19450.379,18188.396,0,0,0
11017,515.2108924,4.857624,0,0,0,456348.22,529004.6,482789.1,0,0,0
11018,591.2250755,4.857619,0,0,0,126481.45,141622.02,128056.24,0,0,0
11019,532.2377422,4.8576255,0,0,0,17999.94,21340.98,19020.592,0,0,0
11020,533.2191588,4.8576255,0,0,0,24210.986,28963.61,24923.773,0,0,0
11021,553.2345189,4.8576255,0,0,0,77308.36,90543.234,80913.03,0,0,0
11023,497.1999438,4.8576546,0,0,0,74833.43,88037.11,79055.97,0,0,0
11058,862.3771453,4.8576255,0,0,0,5615.5986,6190.6006,5269.0996,0,0,0
11024,861.8719348,4.8576546,0,0,0,5547.4272,6065.626,5434.993,0,0,0
11025,870.8886817,4.8576546,0,0,0,42677.34,48418.918,40890.887,0,0,0
11092,306.2065565,4.8577323,9460.545,41.94181,52.083824,0,0,0,0,0,0
10934,342.2287951,4.859041,17187.883,298.51205,485.9668,90.458694,147.74355,70.60631,81.68538,26.36956,25.067768
11056,673.2666278,4.859038,0,0,0,1440.4418,2609.9443,844.3895,0,0,0
11129,620.3842478,4.85939,0,0,22.581768,5544.0205,5930.469,5675.0483,0,0,0
11038,609.1985673,4.8596497,0,0,0,3131.0676,3669.9797,3258.9768,0,0,0
11040,361.110452,4.8596783,0,0,0,55704.383,64404.617,61627.41,0,0,0
11042,568.2592105,4.859663,0,0,0,183735.39,205378.12,190179.25,0,0,0
11044,550.2478023,4.8596783,0,0,0,4154.772,3983.8625,4080.3499,0,0,0
11046,551.2319194,4.8596783,0,0,0,853354.94,979187.2,887599.44,0,0,0
11048,586.2696382,4.8596783,0,0,0,1910023.8,2043868,1841929.8,0,0,0
11051,870.3865006,4.8596783,0,0,0,42575.426,51391.316,41871.77,0,0,0
11052,872.8639817,4.8596783,0,0,0,11861.58,13826.731,11776.564,0,0,0
11054,1154.504303,4.8596783,0,0,0,58885.223,69545.66,59541.42,0,0,0
11067,417.2430593,4.8616967,0,0,0,49323.465,55673.25,50088.98,0,0,0
11070,881.3715879,4.8616867,0,0,0,5497.7754,6680.5244,5803.953,0,0,0
11072,883.8535423,4.861711,0,0,0,5041.331,5659.4224,4746.5654,0,0,0
10960,884.3593234,4.862053,0,0,0,3520.406,4280.37,2528.251,0,0,25.91059
11107,886.3314049,4.863749,0,0,0,3343.2922,899.8793,3762.6084,0,0,0
10843,388.2339204,4.864723,1653.5098,1883.7345,2195.6946,3229.3523,1562.7784,2622.6995,1622.3438,1560.6196,1797.969
11094,908.3121123,4.865786,0,0,0,2722.3796,1042.4655,1331.8845,0,0,0
11110,453.263872,4.867782,0,0,0,23422.613,25485.23,23167.592,0,0,0
11111,163.1485569,4.869172,1946.5515,2040.1108,2188.5652,2620.6577,3264.7104,2866.0417,1775.7284,2092.9492,2029.5
11115,244.1914343,4.86973,103545.06,100195.2,100640.414,124883.77,128377.21,125916.19,84628.18,85336.88,85894.555
11118,198.1858656,4.870393,7955.2847,10254.609,9414.818,10766.22,15291.71,14278.537,8156.4575,8384.127,8852.621
11120,180.175245,4.870966,5418.962,4841.474,5223.4907,6653.374,7329.6636,7242.051,4376.027,4535.5205,4567.3916
11121,226.1807679,4.870965,143819.19,139314.83,143062.64,174951.08,193336.4,196984.45,118092.87,118421.52,119734.88
11126,181.1591919,4.8712063,1637.1708,1843.9862,1543.8944,1441.7299,1509.4742,2112.0225,1321.2682,1374.1654,1384.3754
11148,452.2793493,4.871665,36.244892,29.48899,33.661232,349.51657,1834.1707,965.81885,0,26.237074,0
11127,266.1733806,4.871758,49470.535,42804.855,43948.17,97077.14,107580.67,106533.47,35866.31,37434.55,37446.23
11128,435.2539331,4.871877,0,0,0,53690.87,64446.215,55780.008,0,0,0
11132,603.3550465,4.8718743,0,0,0,1798.395,1639.7257,598.3385,0,0,0
11162,594.226882,4.871902,0,0,0,1031.7065,878.04956,281.31427,0,0,0
11131,282.1470821,4.8730106,6512.4336,5859.556,6269.8936,10364.716,11115.56,11268.456,5101.972,4944.8745,5256.162
11116,351.2162524,4.873534,375.0962,507.69162,208.10806,12981.524,13816.377,12565.988,494.63068,387.81418,480.0866
11137,613.2073266,4.8739166,0,0,0,31013.975,33492.363,32390.412,0,0,0
10995,1159.45627,4.874677,0,28.558186,0,8196.728,9562.366,8594.187,0,0,0
11191,338.1781989,4.8758097,3694.3213,0,0,0,0,0,32.063408,0,0
11154,638.3922588,4.875965,0,0,0,31280.701,36755.45,35401.293,0,0,0
10979,393.1895116,4.876912,261.72235,78.28409,242.38742,951.09674,1931.9878,2179.1323,259.79916,142.9316,228.51918
11159,643.3476184,4.8780046,0,0,0,3592.8054,4408.265,4218.2812,0,0,0
11133,230.1756682,4.879941,10095.038,3496.5476,4647.974,3970.5398,2941.1008,4291.159,3798.9592,1985.8652,3962.2537
11166,335.1854819,4.880841,2608.7275,2493.802,2037.8595,2997.145,3524.4336,4077.7058,2217.461,2318.5352,2328.203
11175,493.2562813,4.888106,0,0,0,21401.932,24744.9,22695.555,0,0,0
11185,509.2290517,4.896267,0,0,0,3596.2478,4723.7,6302.491,0,0,0
11189,282.2074661,4.9036303,3492.5999,64.00203,0,0,0,0,0,0,0
11200,300.2177802,4.9057603,3440.2307,37.66275,95.46933,96.411606,86.78494,140.50198,128.95007,81.893875,101.935844
11263,339.1785712,4.9082084,806.23566,115.93638,93.78544,5925.482,4538.689,1601.7747,40.17576,47.98471,64.06859
11197,251.1052512,4.9083896,162.33636,443.66867,336.37527,65.56899,86.1006,38.3367,283.51758,521.43756,79.444176
11190,322.2015544,4.908954,7657.3223,26.266443,55.475582,0,0,29.719528,0,0,0
11220,504.2966174,4.9144573,0,0,0,10434.747,11699.266,10640.267,0,0,0
11233,261.1105527,4.9229136,1570.6464,1837.2065,1601.4673,11705.774,11903.905,19752.77,679.95996,620.94543,189.11682
11242,259.0949273,4.924047,2929.5903,3180.3071,3551.1694,3084.718,3078.9985,3601.965,3089.4993,3049.5903,3071.574
11244,275.0687703,4.9258127,799.9583,999.2229,958.9626,209.06494,159.96844,414.916,1069.4691,1103.9967,856.707
11246,511.2674536,4.9266315,0,0,0,6270.335,6822.0938,5807.8867,0,0,0
11224,163.0758901,4.927526,1402.9829,2275.9675,704.6239,7300.5483,7078.9194,12711.457,703.7039,360.2646,358.0905
11286,361.2448871,4.9277544,2049.013,1318.6898,1906.3129,0,0,0,29.197453,0,21.017601
11256,527.2421591,4.928706,0,0,0,1970.919,2204.9177,2140.8354,0,0,0
11261,219.1022407,4.930222,1564.8463,1298.573,1451.7142,1522.9703,1034.2311,1001.2147,1432.1028,1293.4941,1307.2388
11252,322.23644,4.930694,3717.0022,143.1612,74.46309,0,0,0,0,0,0
11251,282.2436306,4.930795,4917.6606,178.27913,193.95905,0,0,0,0,0,0
11262,355.1536487,4.9333286,0,47.52442,25.260849,840.2348,635.6786,216.67511,25.26368,28.129078,34.42285
11268,379.3063779,4.937643,6655.9976,6210.3706,6493.419,5960.307,6482.424,6565.664,5950.329,6244.1914,6790.5293
11271,396.3331975,4.9394946,694.72064,691.319,623.2474,651.9321,500.77692,725.2914,833.77783,608.4416,283.6336
11206,525.2262718,4.939553,0,0,0,1339.5104,1290.9004,1231.0269,0,0,0
11257,506.3094882,4.9426527,0,0,0,6914.0093,8357.613,7096.4956,22.31012,0,0
11280,339.2657575,4.948676,2130.884,1838.0325,2634.551,0,0,0,0,0,0
11364,615.2101031,4.954371,0,0,0,607.7849,1418.9015,1191.5032,0,0,0
11269,317.1966672,4.9594126,0,0,0,1662.7786,1344.7876,391.09955,21.316822,0,0
11298,784.4495807,4.9649863,0,0,0,3253.045,4162.4053,3400.9214,0,0,0
11300,789.4056932,4.967076,0,0,0,759.51636,826.0293,762.7673,0,0,0
11238,338.2113485,4.970387,1243.4044,22.328295,24.661207,47.76706,39.172874,50.073204,0,0,0
11316,238.1797413,4.9731536,23885.184,1099.8501,1100.4296,90.1763,50.917866,50.104248,32.10497,50.29899,26.084606
11363,1188.55632,4.9738307,0,0,0,1303.9856,1472.1266,1406.0276,0,26.438847,0
11313,294.1474514,4.9746675,3180.0847,0,0,0,0,0,0,0,0
11415,322.2031783,4.976137,2959.817,0,0,0,0,29.719528,0,0,0
11334,453.2642858,4.9834332,0,0,0,23851.324,27803.863,25726.076,0,0,0
11335,533.2215538,4.9834332,0,0,0,24259.729,42149.504,23830.246,0,0,0
11336,553.235075,4.9834332,0,0,0,15292.814,16693.342,16024.121,0,0,0
11337,607.1993489,4.9834332,0,0,0,2525.56,3103.5476,2849.598,0,0,0
11339,698.183702,4.983432,0,0,0,1470.4473,1432.732,1530.7137,0,0,0
11340,714.1566978,4.9834332,0,0,0,340.74326,267.04697,489.00586,0,0,0
11346,348.2754624,4.984076,3190.5422,1409.5138,1537.624,20084.75,21263.473,19356.395,992.75006,1266.559,1315.5969
11320,256.1902473,4.9841843,8470.046,486.98398,215.92155,71.68675,60.982716,77.738075,39.432335,58.967014,102.73052
11347,236.1628205,4.984932,49732.668,16414.41,16871.531,9421.011,9897.69,9526.338,9910.592,9301.415,8923.091
11352,488.3016927,4.985456,0,0,0,11237.737,12845.807,11422.7295,0,0,0
11353,568.2594212,4.985456,0,0,0,57676.914,63251.453,59124.707,0,0,0
11355,613.2077998,4.9854574,0,0,0,15959.403,17192.889,16242.551,0,0,0
11359,551.2320185,4.9854736,0,0,0,162611.25,187516.92,171318.97,0,0,0
11360,554.2356115,4.9854736,0,0,0,3231.271,3436.2458,3447.5684,0,0,0
11328,589.2725641,4.9854703,0,0,0,2242.6172,1928.3491,1916.2897,0,0,0
11361,591.2254205,4.9854736,0,0,0,19634.574,21633.816,20881.594,0,0,0
11356,471.2757298,4.9882264,28.103563,0,0,24317.902,27684.812,25355.86,0,0,0
11387,214.1807256,4.992814,67980.54,23441.46,24168.943,15400.177,16736.13,16277.232,13385.976,12972.568,13153.304
11390,254.1734434,4.99334,8753.891,3672.6255,4261.548,5015.198,5340.9927,5350.1235,3589.9316,3555.8774,3902.1711
11391,490.3137915,4.993603,0,0,0,1018.5605,249.9196,1197.7538,0,0,0
11394,232.191473,4.9945927,5833.7324,4616.6206,4920.728,5172.0933,5161.034,5227.4287,4507.4136,4817.7373,4767.7
11404,284.2226678,4.9954104,2573.0903,22.63219,36.73403,0,0,0,0,0,0
11396,270.1470601,4.9960985,1705.1532,1315.6353,1549.739,1067.0824,1131.4752,1242.938,1372.2083,1272.5822,1228.0349
11398,322.1792329,4.996486,1154.262,0,0,0,0,0,0,0,0
11312,278.1738112,4.999783,8477.673,74.55554,194.75757,0,0,0,0,0,0
11395,252.1357392,5.003097,15640.577,4018.7068,4351.2964,122.36772,277.9813,256.81152,1853.6079,2178.8464,1775.6489
11407,487.2690032,5.003822,0,0,0,1008.63617,963.6547,711.27893,0,0,0
11408,630.29629,5.003828,0,0,0,3656.1301,3853.1687,3484.7957,0,0,0
11411,525.2264852,5.005854,0,0,0,2978.5715,3482.5303,2630.2422,0,0,0
11440,366.2275566,5.006248,15353.834,320.3824,614.8125,36.069214,29.196129,0,0,0,26.21005
11332,353.2312115,5.006258,1522.2118,551.42554,261.72308,5846.003,6476.4395,5699.6,124.41518,188.33644,189.74553
11431,268.1327643,5.0071216,3865.401,729.13873,1736.1608,525.5853,607.2846,474.26334,0,0,0
11416,338.1752888,5.007759,910.5688,0,0,0,0,0,0,0,0
11417,628.280595,5.0078835,0,0,0,1662.563,2035.3774,1766.276,0,0,0
11418,611.2543217,5.007923,0,0,0,3419.2764,3595.6047,3040.3196,0,0,0
11409,613.2678115,5.007925,0,0,0,926.31506,1924.1686,2060.3274,0,0,0
11343,252.1572289,5.01012,10178.647,2676.9067,4206.615,0,43.33239,54.76033,0,40.72068,23.678553
11497,340.2891462,5.011524,448.28046,0,0,0,41.175407,0,0,0,0
11426,230.212156,5.0167875,1131.2656,592.55927,598.6485,305.93723,476.83307,326.32642,143.20009,275.63065,211.08194
11428,504.2965399,5.0171967,0,0,0,10294.663,11862.79,9542.9,0,0,0
11323,593.231122,5.0185676,0,0,38.976128,1684.5968,1920.8071,1441.6425,0,47.407936,80.37955
11491,435.2540658,5.025478,0,0,0,12144.108,17476.523,12752.078,0,0,0
11423,252.1953382,5.0255985,615.2666,103.08346,99.174324,107.25807,121.648636,55.661377,31.877478,132.0505,19.983337
11464,293.2118063,5.029705,195.44923,102.24333,46.35403,26037.604,29062.508,25011.752,33.1259,53.290184,42.718964
11460,373.1971921,5.0364738,0,0,0,2212.1726,1876.6572,2358.8396,0,0,0
11465,311.2224955,5.0382185,112.71867,108.998344,74.46626,7540.479,9604.403,8607.779,128.47919,133.0725,96.96561
11456,155.1071472,5.040091,1542.316,1408.5613,812.73956,7705.108,10511.186,7448.9717,787.1182,718.24567,1036.0608
11442,495.2705618,5.0402865,0,0,0,559.0505,812.53564,427.66608,0,0,0
11459,275.2013599,5.041502,145.64609,0,23.596539,9319.986,10357.799,9502.173,0,23.367874,0
11500,230.1757102,5.0438843,15733.923,4662.8115,7436.9507,7953.5376,8872.814,6355.9097,5536.6553,4897.7573,6566.911
11447,346.2599428,5.046446,4370.541,55.55105,39.406357,6125.843,6739.4834,5443.1094,69.851685,52.54653,32.385532
11517,286.2384404,5.0465837,4828.9478,97.30037,499.4458,186.82443,191.49197,145.66278,54.428673,45.378365,139.8877
11457,173.1178604,5.050671,402.6714,70.34425,174.24594,12096.201,13180.56,11351.523,187.10698,162.66808,71.69704
11466,351.2162059,5.052236,1215.1427,658.16614,476.39603,40551.242,43518.004,39102.797,369.36887,585.6589,291.11035
11452,190.1443149,5.052385,0,21.014214,44.89469,452.44833,518.4403,356.30746,33.844437,31.32883,0
11498,380.2790302,5.053055,2239.0667,0,0,0,0,0,0,0,0
11514,351.2368625,5.0572815,4627.4224,1084.0642,873.5894,124.22449,113.60218,177.55206,769.62695,828.46783,715.7151
11534,549.2130289,5.058835,0,0,24.065247,2587.3806,2639.6177,2635.0952,0,0,59.660946
11455,109.1019071,5.060252,2344.8264,2218.0906,2730.9495,12573.06,13970.462,11871.172,5686.04,822.00244,4241.614
11521,621.3659999,5.0611806,0,0,0,536.53516,493.76752,501.46768,0,0,0
11530,469.111683,5.0669055,702.49347,0,0,149.95416,149.11644,43.648056,0,0,0
11524,368.2654093,5.0696263,7661.653,7752.0137,7824.909,7076.5195,8003.698,7174.1245,6874.192,7003.8135,7540.8604
11526,643.3470652,5.0715795,0,0,0,206.00328,158.35718,134.31548,0,0,0
11529,464.1570792,5.071811,396.8513,0,0,0,0,0,0,0,0
11532,589.2102216,5.0736156,0,0,0,1375.7737,1457.7627,1386.7626,0,0,0
11525,611.1934547,5.07365,0,0,0,455.05923,235.71262,209.90588,0,0,0
11636,226.1807806,5.0759764,18119.217,8321.702,9212.272,5621.4116,10953,6219.3335,6392.2275,5590.84,1459.3772
11536,584.2545325,5.0761867,0,0,0,19846.422,22125.895,20548.87,0,0,0
11519,324.1947672,5.076383,2092.7427,25.976313,22.323196,0,0,0,0,0,0
11450,382.1984913,5.076605,6109.4307,54.33351,35.17595,36.01045,0,0,0,0,0
11561,199.0751121,5.079542,25.0277,26.716782,21.840725,29869.586,30860.033,4883.947,19.846336,20.586424,21.984993
11515,256.1548289,5.0802593,503.60828,161.5692,86.00103,2455.1396,2204.2095,5013.866,57.870056,93.96342,92.62735
11548,261.1105882,5.081309,8555.8,8321.119,7224.2725,83382.34,81408.61,191994.95,3537.9075,3542.6838,3551.214
11496,294.1470129,5.0838943,1086.8942,0,0,0,0,30.31474,0,0,22.508083
11501,256.1902758,5.0843472,2523.0393,62.59708,197.27097,38.56349,60.982716,68.36059,40.204437,65.89593,59.029804
11552,427.1741648,5.0853953,3046.207,3957.2256,4049.8936,6657.0293,6928.345,6649.198,4032.4805,3849.599,4216.7593
11554,443.1481917,5.0867777,3623.2004,4744.5186,4898.5073,6001.7095,5784.5376,6464.599,5102.82,4939.516,5247.2275
11555,422.2186255,5.0868177,11640.088,12429.451,11777.32,11235.303,11822.394,12328.709,11040.596,11227.527,11941.592
11461,367.1904475,5.0872006,354.8196,37.900116,346.51398,2742.86,3081.0442,2644.7666,146.98584,350.24554,44.17009
11474,344.2458731,5.093025,15315.874,126.08379,226.0605,185.60794,156.04231,44.914932,25.675472,24.03682,30.879185
11531,277.0842135,5.0943985,997.1956,923.1894,675.3865,7857.7456,7811.3154,18532.941,109.96622,267.51294,197.50336
11606,356.1887642,5.1085587,2917.239,0,0,0,39.368484,0,23.194387,0,0
11628,437.2677408,5.1163464,219.28468,0,0,11159.6875,11814.733,11105.006,0,0,0
11537,239.1286776,5.116409,2927.1238,2969.785,11210.213,22992.31,21931.88,49653.508,786.0322,1911.5568,1470.8268
11584,546.3073168,5.1163793,0,0,0,3790.1204,3650.1526,3435.7,0,0,0
11581,529.2806729,5.1188765,32.50261,0,0,1768.1455,1952.2483,2035.1696,23.03989,0,0
11589,338.1754054,5.119688,1529.0228,0,0,0,0,0,0,0,0
11573,322.2029507,5.1201386,3386.2866,22.145481,0,0,0,32.621014,0,0,0
11607,491.3200282,5.12037,81.880226,0,0,1703.5818,1326.5808,1412.7544,0,0,0
11599,567.2357104,5.1226153,0,0,0,1407.1426,1742.2158,1387.9666,0,0,0
11602,264.1943842,5.1245494,17654.418,1502.6332,1429.4908,0,0,0,0,0,0
11603,224.201703,5.1245556,13510.572,1046.6844,1114.9779,0,0,0,0,0,0
11654,248.1617641,5.1261344,5147.9536,167.49576,37.032875,0,51.6484,0,0,0,0
11542,163.0759006,5.1271152,13426.613,4171.1343,8697.416,42205.016,40170.098,94958.56,1218.5583,1326.973,1071.7474
11614,496.276622,5.128782,0,0,0,1002.4918,1203.3517,1024.3018,0,0,0
11590,340.2140338,5.1302347,5903.6523,27.443167,30.320314,31.087538,32.963676,36.056313,20.979563,0,19.624191
11578,300.2178871,5.1307197,2759.6213,163.60739,369.5295,127.56497,162.86182,301.31778,327.2764,113.92464,249.95782
11616,636.3659145,5.130861,0,0,0,17145.96,18354.783,16450.963,0,0,0
11588,207.1749302,5.133356,1863.587,186.22752,369.71628,57.983948,103.39708,142.0009,39.003593,79.91219,178.68143
11621,599.3242265,5.133343,0,0,0,1558.269,1677.5662,1357.4197,0,0,0
11629,634.3611867,5.1353664,0,0,0,167682.58,180181.22,165126.1,0,0,0
11631,639.3164614,5.1353664,0,0,0,33951.957,37181.805,30520.383,0,0,0
11632,655.2904118,5.1353664,0,0,0,8618.151,9636.033,7518.0044,0,0,0
11633,657.2935244,5.1353664,0,0,0,1214.298,1244.5449,1165.6812,0,0,0
11655,264.1365422,5.147108,1647.8877,131.35715,22.368256,0,0,0,0,0,0
11696,105.034154,5.1478353,3076.3394,2410.8086,2157.295,15359.63,12544.334,20114.1,301.40692,141.3771,201.45781
11662,517.2266497,5.1479497,0,0,0,14253.519,15823.843,15603.1875,0,0,0
11596,280.1651111,5.148719,6357.0493,574.7626,450.28128,0,36.114365,0,25.513462,25.986446,24.15131
11605,354.2639982,5.1512656,2758.588,739.8909,808.82886,0,0,37.591854,0,0,0
11604,189.1644139,5.1539416,916.9775,34.843422,46.88523,49.953354,74.37854,57.889668,75.050255,26.205156,46.2856
11609,332.2807163,5.153965,3439.632,719.8644,213.99547,0,0,0,0,0,0
11722,322.2037723,5.1586714,5267.43,22.145481,0,0,35.53735,32.621014,0,0,0
11695,163.0758899,5.1668816,19583.61,14728.792,13759.408,87138.9,70056.05,118231.91,2675.8635,2364.7727,2101.6868
11710,256.1548417,5.168497,1193.2675,1075.8704,957.893,6073.5967,4829.894,7749.79,192.64534,180.91687,175.58952
11705,261.1105441,5.1692796,57652.61,46907.86,41707.902,233395.78,198005.27,317017.94,8253.803,7374.0166,7100.114
11706,239.1286158,5.1693687,24249.262,18353.906,19305.568,101431.79,80212.266,132901.67,3607.5215,5666.453,6749.6733
11719,277.0833707,5.176291,7237.187,6280.9062,5509.705,311.2121,17069.945,36254.15,1111.7397,1290.9562,1027.6859
11721,300.2179546,5.1767673,7867.3916,250.64696,369.5295,127.56497,71.01872,161.71774,327.2764,178.32536,44.402836
11751,506.3183481,5.184754,0,33.423405,95.53844,8051.152,8777.633,7502.1753,51.711124,33.902695,54.85281
11727,338.1753757,5.1875253,2406.56,0,0,0,0,0,0,0,0
11739,370.2380199,5.196429,3970.6514,72.56403,172.97806,0,0,0,0,0,0
11745,354.263461,5.1981883,15849.86,878.03107,941.27515,0,0,0,0,0,0
11747,332.2807645,5.198569,15496.996,881.5933,1092.6448,0,0,0,0,0,0
11753,767.4235891,5.2003345,0,0,0,2486.4595,2813.8516,2913.9812,0,0,0
11738,330.2647418,5.201973,26880.465,295.95682,673.30493,48.336018,55.768333,39.935474,33.854492,38.188667,32.178337
11761,511.2675463,5.2023735,0,0,0,2193.1296,2373.576,1625.0704,0,0,0
11762,570.2751652,5.2023735,0,0,0,42514.652,48138.66,45926.703,0,0,0
11764,784.4499154,5.2023735,0,0,0,117396.71,129171.69,125041.65,0,0,0
11772,789.4049746,5.2044163,0,0,0,15610.225,17379.34,15961.949,0,0,0
11773,805.3786079,5.2044163,0,0,0,2823.1545,3213.8694,2878.3708,0,0,0
11776,289.2376866,5.206431,0,0,0,2593.1685,2389.4624,2507.2915,0,0,0
11767,271.2276737,5.2098994,199.05577,242.82237,72.21146,3664.4685,3724.482,3930.8198,133.77869,99.04113,168.35304
11785,509.2531425,5.2105064,0,0,0,7755.4976,8225.651,6965.8975,0,0,0
11786,549.2164589,5.2105103,0,0,0,6129.379,6747.5103,6381.252,0,0,0
11854,452.2784585,5.212587,0,46.577065,0,25262.19,30375.617,25126.092,0,52.720898,60.161903
11769,311.2218456,5.2143903,284.28677,139.39653,133.06943,4784.8276,4552.3438,3145.5552,58.1239,139.38223,200.6036
11807,504.2961195,5.216577,0,0,0,11036.216,12490.623,11365.064,0,0,0
11808,507.2149934,5.216577,0,0,0,4479.874,5173.3506,5084.2104,0,0,0
11809,584.254304,5.216577,0,0,0,9544.335,10712.149,10647.575,0,0,0
11813,469.2595158,5.218613,0,0,0,5195.204,5779.7114,5223.9814,0,0,0
11814,491.2410322,5.218613,0,0,0,8415.528,9949.071,9058.926,0,0,0
11821,486.2858234,5.222693,0,0,0,4199.8833,5272.661,4567.503,0,0,0
11873,322.2031816,5.2278557,3770.7566,0,0,0,35.53735,0,0,0,0
11846,366.2276541,5.2303915,13881.024,408.47162,473.6089,0,0,34.55459,0,0,31.18869
11868,471.2034539,5.246911,0,24.899136,0,11239.937,11164.391,9262.229,0,0,28.892754
11842,611.2541574,5.2471275,0,0,0,22689.053,25544.44,22153.238,0,0,0
11847,633.2357984,5.247162,0,0,0,2101.6985,3050,1310.8923,0,0,0
11931,387.2603925,5.247624,304.2718,401.0324,366.11542,0,0,0,0,0,0
11849,628.2807547,5.251239,0,0,0,25877.078,29765.941,27132.92,0,0,0
11878,288.253823,5.2540007,11459.658,1004.39343,1038.4083,32.32428,33.8299,0,140.39038,166.24272,214.41037
11853,435.2536294,5.255357,0,0,0,119620.34,128491.84,111477.805,0,0,0
11869,488.2279108,5.2581744,64.21532,208.16046,154.05138,4523.353,4993.7046,4433.3027,181.51776,157.1909,241.80833
11867,417.2429932,5.259417,0,0,0,4710.5703,5389.682,4633.6836,0,0,0
11843,405.227029,5.2595563,0,0,0,1137.5192,1171.3655,787.6263,27.791317,27.696135,24.475483
11905,310.2360086,5.261209,22363.574,1934.8953,1992.6527,0,0,32.974564,35.3377,126.20272,59.3867
11889,471.2748637,5.2620616,0,0,0,1543777.2,1692850.1,1450792,0,0,0
11890,488.3013084,5.2620616,0,0,0,739879.6,813169.1,693328.56,0,0,0
11891,493.1818746,5.262061,0,0,0,4607.2417,4954.915,4604.2505,0,0,0
11892,493.2565771,5.2620616,0,0,0,874566.75,915343.9,859819.6,0,0,0
11893,502.3168767,5.2620616,0,0,0,70161.59,74378.98,61687.062,0,0,0
11894,509.2304585,5.2620616,0,0,0,468416.2,512654.84,469937.62,0,0,0
11896,516.3328031,5.2620616,0,0,0,39925.004,38800.035,34661.227,0,0,0
11897,561.2449236,5.2620616,0,0,0,10273.84,11667.677,9614.944,0,0,0
11898,577.2185006,5.2620616,0,0,0,1595.2648,1504.5514,1724.0759,0,0,0
11900,963.5241995,5.2620616,0,0,0,164911.7,191371.1,150915.27,0,0,0
11901,979.5007747,5.2620616,0,0,0,14064.419,16049.04,12300.891,0,0,0
11904,270.2434168,5.2629457,9890.975,438.37915,541.543,0,0,0,0,0,0
11909,958.567876,5.264087,0,0,0,4882.187,5596.7344,3650.3733,0,0,0
11912,531.3070546,5.264708,0,0,0,42239.363,46224.55,38215.29,0,0,0
11856,189.1643674,5.269443,2568.7947,38.28627,138.60664,59.200714,0,128.1257,96.29828,27.041765,42.263466
11922,207.1750056,5.2697678,4676.177,409.45248,418.49146,72.97365,128.932,60.37992,142.85646,90.44571,95.634865
11899,941.541671,5.2715106,0,0,0,3929.6978,4206.1274,2811.801,0,0,24.052242
11936,280.164804,5.271967,12889.758,745.4429,813.5045,33.567543,60.586445,136.2438,31.157051,29.86694,24.15131
11919,300.2178828,5.27218,5652.8066,250.64696,309.71356,77.97032,71.01872,161.71774,56.8157,278.52707,102.76958
11960,326.2342426,5.273679,23082.354,3043.5105,3853.5247,71.45403,196.92528,68.61662,62.777447,23.371134,108.827156
11926,338.1753617,5.273836,1925.0527,0,0,0,0,0,0,0,0
11862,365.2326667,5.2748423,47.231766,33.79051,73.69579,787.9391,1192.5662,1158.7059,42.481056,35.52128,37.97689
11929,224.2016841,5.2763686,35779.3,2601.9226,2841.2688,0,0,0,0,0,0
11930,365.2809113,5.2763686,102.647194,620.95386,651.6773,0,0,0,0,0,0
11932,264.1943199,5.2799067,37683.54,3044.8105,3186.0386,0,0,0,0,0,0
11887,299.1635568,5.279938,421.8113,460.8585,578.5573,13389.099,13763.264,11675.371,265.8349,196.97221,416.5614
11838,344.2458077,5.2858787,7710.0615,665.14844,717.3027,953.1999,1134.7144,1665.8588,71.43533,94.66384,172.62363
11944,353.2811146,5.287477,1030.3,1375.6082,2019.4093,0,0,0,0,0,0
11945,469.259468,5.287588,0,0,0,7998.653,12061.143,10496.219,0,0,0
11939,375.2630231,5.28868,654.79486,861.2998,1255.6105,0,0,0,0,26.712933,0
11951,486.2857882,5.2896037,0,0,0,3654.9436,2996.9355,2525.1138,0,0,0
11954,348.2754453,5.292065,2128.619,0,0,0,0,0,0,0,0
11942,298.2658224,5.2960253,3479.3887,0,29.198685,0,0,0,0,0,0
11961,233.1520145,5.2960477,1401.7275,1511.0431,1463.4896,1867.4453,2039.1108,2211.8447,1265.9634,1388.6831,1273.7439
11962,193.1593695,5.296741,2747.8826,2772.863,3568.9077,5135.5244,5137.9995,5321.2837,2539.9207,2957.276,2760.3918
11955,370.2602474,5.311177,2596.3257,31.582764,31.290304,36.23478,48.523186,0,24.640038,0,38.60691
11985,525.2257211,5.311652,0,0,0,4064.7168,4665.6733,4328.4385,0,0,0
11949,364.1917696,5.3165073,8073.4053,380.51422,221.72456,0,0,485.96072,0,0,0
11995,242.1155756,5.3177133,0,0,0,1113.8992,993.19794,965.23535,0,0,0
11998,505.2633444,5.3197446,0,0,0,3078.6506,3268.8306,3361.4958,0,0,0
12006,522.2893487,5.321764,0,0,0,1889.2323,2057.548,2090.1526,0,0,0
12007,527.2456677,5.3217697,0,0,0,5768.2007,5666.068,6079.994,0,0,0
11989,308.2217515,5.322973,27236.934,1974.0101,1379.5272,40.79222,0,0,0,0,0
12012,575.2304457,5.323789,0,0,0,21617.855,23051.402,21349.576,0,0,0
12018,436.285697,5.3258023,0,0,0,1635.6921,1618.0543,1451.2374,0,0,0
12019,543.2192734,5.325826,0,0,0,2219.5315,2116.064,2587.5654,0,0,0
12020,591.2040728,5.325826,0,0,0,3766.942,4154.996,4008.3762,0,0,0
12022,570.274968,5.325838,0,0,0,265846.5,293731.53,264650.5,0,0,0
12024,639.3161083,5.325838,0,0,0,5133.371,5850.573,4997.2407,0,0,0
11988,220.132951,5.327482,397.46283,81.38405,151.57422,17666.164,18670.29,18417.172,99.21185,80.56088,51.70856
12009,577.2338542,5.3278255,0,0,0,1799.3103,2118.6182,1905.031,0,0,0
12029,534.2535749,5.327851,0,0,0,11675.993,13377.258,12529.989,0,0,0
12030,517.2266091,5.327856,0,0,0,147423.44,166331.88,151719.89,0,0,0
12032,572.2778208,5.327851,0,0,0,26637.027,28227.04,24974.229,0,0,0
12034,655.2910735,5.327856,0,0,0,1090.8492,1260.4916,1029.91,0,0,0
12039,419.258865,5.3298693,0,0,0,48157.55,53274.406,48097.23,0,0,0
12041,597.2121599,5.329864,0,0,0,9062.205,10358.98,9293.816,0,0,0
11953,348.2196706,5.331565,21501.27,1095.8643,1452.5801,0,55.668526,95.56445,37.88543,38.296844,44.33194
11976,504.2979776,5.3325086,0,0,0,19864.852,4390.042,4191.4893,0,0,0
12049,499.2154578,5.3339114,0,0,0,4005.811,4637.6113,4209.8213,0,0,0
12056,320.1868587,5.335712,4090.791,0,0,36.582634,0,0,0,0,0
12063,322.2000063,5.3406005,2706.0505,0,0,0,0,0,0,0,0
12065,435.2539904,5.341984,0,0,0,12127.408,14054.929,12265.962,0,0,0
11966,338.2572031,5.342144,2864.5593,0,40.567368,0,0,0,0,0,0
12053,298.201689,5.346137,6282.7354,41.471172,92.4562,112.50217,148.81816,59.504803,32.347046,22.68779,25.461266
12170,336.2491595,5.3462734,247149.53,16558.666,30723.846,74.72603,36.69556,63.54299,102.859055,74.22404,111.34522
12023,634.3643973,5.3466296,77.29425,0,0,33488.01,37274.496,34104.043,0,0,0
12072,240.1962877,5.349748,13541.129,2540.782,2330.5906,1411.6401,1281.7815,1488.7802,1106.5365,1172.5786,1170.8317
12075,491.2409216,5.3506947,0,0,0,4822.9346,5789.5186,4775.42,0,0,0
12079,486.2857809,5.354689,0,0,0,2803.137,3091.1091,3061.5317,0,0,0
12057,330.2647282,5.3561068,51524.45,1433.45,1662.6298,689.0309,394.81573,631.20374,33.854492,38.188667,38.121456
12078,370.2371461,5.357345,4344.7227,169.5051,93.7826,0,0,0,0,0,0
12084,332.2801198,5.3587804,28845.4,2031.2887,2360.7007,0,0,0,33.572067,31.324642,0
12085,354.2632724,5.359363,21729.291,1549.1345,2016.1191,0,0,0,0,0,0
12124,375.2633057,5.359664,433.40857,1213.6135,1603.1813,0,0,0,0,26.712933,0
12054,300.2177375,5.360342,3575.816,237.27307,153.17784,77.97032,126.57148,161.71774,58.970245,56.935303,105.846405
12104,710.3982441,5.37088,0,0,0,2951.3281,3267.2297,3202.6077,0,0,0
12106,207.1749424,5.3722496,1102.3125,263.8453,125.21082,72.97365,121.016335,136.46796,133.67438,30.414104,84.590706
12111,353.2811475,5.374268,709.8932,1633.0212,2344.565,0,0,0,0,0,0
12113,192.138854,5.3743467,238487.88,231883.84,249833.17,249149,249399.34,234943.89,239886.72,234372.28,247205
12136,503.3006335,5.376795,0,0,0,66126.04,55560.023,26890.863,31.002155,0,0
12119,715.3528081,5.3769574,0,0,0,1507.5387,1726.5046,2099.957,0,0,0
12121,214.1204801,5.3770723,470.6497,663.045,579.3497,660.4698,666.2766,470.68515,646.2348,607.7469,782.8179
12127,278.15246,5.3787446,1070.7805,0,0,0,0,0,0,0,0
12162,352.2234084,5.3790827,79912.66,5709.5728,6727.402,39.555344,50.897507,0,0,0,0
12102,348.1983251,5.3791785,9814.213,579.1683,651.11725,40.047165,76.00144,0,37.94969,0,0
12097,292.2277593,5.379234,34106.367,1920.0996,2286.6558,67.569145,0,37.576492,0,33.569016,0
12130,1027.578014,5.38068,0,0,0,1251.42,932.19336,0,0,0,0
12131,505.3052592,5.38101,0,0,0,4883.969,4308.4814,2200.8965,0,0,0
12173,296.2582117,5.381781,412349.16,23647.186,26119.502,55.86044,103.46101,113.24773,0,0,38.88243
12138,525.283389,5.383023,0,0,0,96543.94,81186.875,40835.047,0,0,0
12143,541.2573214,5.3850417,0,0,0,49099.26,39673.84,20951.562,0,0,0
12144,543.2592574,5.3850417,0,0,0,5540.357,4366.6597,2339.639,0,0,0
12105,224.201271,5.387694,4721.9126,248.2617,296.4175,31.425446,0,41.938133,0,0,0
12137,520.3326776,5.389532,101.56076,110.44333,98.479836,61506.875,51257.816,24976.662,267.30035,271.38303,157.71504
12154,459.3110978,5.391085,0,0,0,2552.574,2648.509,2757.8335,0,0,0
12177,286.2384794,5.3912573,14485.868,359.4981,594.6147,192.62036,140.08603,139.314,97.314224,131.54332,132.39511
12165,279.232684,5.3930826,21137.008,842.3789,1131.48,142.77713,84.59801,61.008034,46.53067,65.626945,111.60986
12157,481.2934862,5.393103,0,0,0,1220.9304,1250.029,1382.6956,0,0,0
12163,278.2487112,5.396231,102704.71,5893.7183,6219.8438,0,0,0,0,0,0
12164,219.1598197,5.396748,1847.6815,1792.86,1911.4839,1677.582,1713.3102,2328.8223,1944.2493,1825.6033,1712.4026
12103,332.2231208,5.397291,24811.645,1937.6276,2504.0605,343.9028,152.25664,180.33693,41.548294,40.355026,48.156002
12167,241.142108,5.3974333,16984.146,19668.537,22634.799,19457.275,17020.412,22403.701,20319.998,19092.338,17227.145
12169,257.115618,5.398108,905.574,1351.2517,1414.0978,1024.5248,1482.5074,1299.6254,1734.5564,1496.5182,1527.2037
12171,261.2222653,5.398256,8396.091,218.21861,348.07874,0,0,0,0,0,0
12200,288.2541152,5.4089127,10953.271,782.9593,890.21674,47.77996,49.559944,57.169907,72.36587,32.89837,35.083076
12185,369.2044415,5.409262,0,0,0,897.0935,869.36957,688.09564,0,0,0
12186,274.2747735,5.410223,433244.72,420512.3,425270,454516.72,439231.78,454149.38,443193.3,429206.84,438540.44
12126,262.1789717,5.4106374,3974.9424,142.73047,153.37106,0,0,0,0,0,0
12195,326.2126903,5.4123826,3318.2642,218.28609,138.15105,0,0,0,0,0,0
12194,353.2311015,5.412454,18164.14,542.58685,967.3814,11663.591,12133.271,10995.602,130.02145,71.48869,95.1737
12229,308.2212,5.413999,47416.69,2799.9106,3097.3765,40.79222,0,0,0,32.98117,0
12210,310.2375408,5.4154615,31177.537,2315.3003,2623.8354,48.499176,48.68433,0,0,0,0
12077,309.1469315,5.4169655,175285.34,268648.7,271076.9,276406.75,310520.06,330402.4,284941.84,284663.16,271018.8
12212,269.1542402,5.4176373,13156.615,18825.053,19222.152,19400.34,21261.584,20010.592,13832.869,12631.076,19902.756
12086,325.1214138,5.417638,4549.338,11153.827,10699.093,8113.7305,8444.773,8999.623,11403.046,10763.775,11232.614
12221,163.1122081,5.4177084,401.49988,446.94452,384.2993,3253.2915,2965.8325,3505.5947,310.33496,427.4239,333.62006
12226,198.1494521,5.4187007,397.9546,162.79077,85.462715,5344.636,5261.1445,5271.341,149.13976,48.34468,52.640907
12287,552.2658001,5.4189105,78.3989,36.607735,161.62128,2523.9868,2660.455,2735.3433,75.19188,147.2941,114.478714
12218,343.260453,5.421132,1319.9491,0,0,0,0,0,0,0,0
12222,373.1769196,5.4213786,0,0,0,1686.0918,1859.5048,1818.827,0,0,0
12223,348.2748186,5.421767,6757.1636,0,0,1689.0745,1786.0707,1791.0725,0,0,0
12246,326.2341197,5.4232693,73994.91,1953.596,2362.139,84.4033,46.043434,75.14506,37.90963,0,35.077652
12237,395.1592859,5.423407,0,0,0,698.27094,480.29507,710.35455,0,0,0
12199,313.2378891,5.4236355,217.681,55.40058,129.43536,2784.1575,2831.4136,2507.3306,227.88661,113.598595,61.857018
12204,375.2153893,5.423684,62.80789,37.111107,47.180992,635.83844,753.7124,475.578,42.560722,0,32.916702
12230,181.1228488,5.4259205,5487.802,5875.8267,5309.168,269139.6,270849.6,247271,6185.3525,3446.0718,4995.288
12243,364.1919385,5.433009,32507.37,956.51184,1000.07056,0,34.145203,219.36703,0,0,0
12244,471.2744437,5.4347095,0,0,0,11493.534,12745.085,12629.892,0,0,0
12252,362.1949112,5.4350653,878.8265,0,0,0,0,0,0,0,0
12236,348.2198648,5.435573,75785.99,2256.0276,2437.422,150.03047,64.80256,95.56445,67.15059,96.46104,61.783775
12328,240.1963397,5.435807,24314.127,1732.906,1677.9908,109.68181,69.145226,65.59828,45.957184,61.87735,53.239517
12254,488.3015486,5.437338,0,0,0,11965.931,12698.26,11750.016,0,0,0
12255,301.2857869,5.4407387,163265.6,151904.42,160318.45,164461.55,167647.88,188890.03,156606.58,147283.72,160321.2
12251,340.2136109,5.440876,3728.4268,29.925478,0,38.067604,51.463993,56.26619,0,0,40.64604
12242,338.1799468,5.4412,3980.371,0,0,0,53.14337,65.77965,89.90663,50.849266,96.41997
12261,509.2307055,5.4413695,0,0,0,12618.552,11890.804,11686.045,0,0,0
12263,352.2470697,5.4424996,207430.95,4845.699,5316.8657,0,0,0,0,0,0
12345,332.2228701,5.4428163,24846.883,1345.3154,1614.3744,343.9028,126.51227,180.33693,41.548294,40.355026,43.415123
12257,330.2647319,5.445049,84596.59,2481.1318,2446.3955,836.1086,394.81573,752.16046,75.506836,40.919834,38.121456
12270,469.259929,5.445406,0,0,0,3741.824,4246.4346,3913.8643,0,0,0
12271,486.2858465,5.4454117,0,0,0,12375.817,10283.325,9542.694,0,0,0
12272,491.2409363,5.4454117,0,0,0,6942.5557,6946.5566,5636.9585,0,0,0
12249,368.2213243,5.4465556,62988.36,977.18256,1159.6155,0,0,0,0,0,0
12276,507.2145696,5.4474297,0,0,0,4212.386,4611.0566,3921.2864,0,0,0
12277,493.257038,5.4474354,0,0,0,17172.098,20194.898,17247.77,0,0,0
12231,203.10571,5.4482703,32.602688,0,47.696243,1293.3455,1427.9965,1606.0729,38.126488,23.051357,0
12284,453.2635489,5.4494534,0,0,0,18935.115,20774.672,18514.266,0,0,0
12285,535.2369776,5.4494476,0,0,0,4721.7656,4395.5977,3738.6282,0,0,0
12294,452.2798708,5.451523,0,0,0,5983.597,6071.2373,5044.862,0,37.902046,0
12339,297.1325403,5.453028,62.065365,122.478905,113.854744,228.61333,56.541862,2062.1216,88.29192,39.69635,63.920334
12293,435.2540189,5.457563,0,0,0,15712.914,17836.96,15558.3,0,0,0
12241,322.2009444,5.4636784,6815.017,0,0,0,0,0,0,0,30.161001
12318,370.2379018,5.4650435,1297.4327,37.540863,37.784424,0,0,0,0,0,0
12275,370.2597369,5.465974,5620.416,0,36.768883,48.83378,40.641502,52.784515,0,46.234364,36.394203
12317,355.1320035,5.4709373,2364.5557,3522.5464,4013.8474,3852.2932,3684.3804,4101.9565,3986.9075,3450.7234,4007.359
12370,348.1984079,5.474629,10761.637,194.92812,554.5549,0,76.00144,31.059458,37.94969,0,0
12361,320.1860911,5.475917,5019.5513,0,0,0,0,38.2936,0,0,0
12324,332.2807017,5.47629,10253.325,705.98444,759.26337,0,0,0,0,32.21695,0
12335,262.1787941,5.4764676,9991.8955,641.1923,153.37106,0,0,0,0,0,0
12307,292.1759079,5.4767995,51.159756,88.43357,44.809914,751.67474,223.26846,8812.897,52.18772,45.42061,115.11604
12327,339.1580961,5.4771824,819.3172,16035.878,17944.17,22330.666,18624.164,14104.141,13787.789,17440.115,17623.451
12309,336.2151718,5.480845,5085.368,48.52085,33.153095,0,0,0,0,0,0
12331,378.2289364,5.481901,1590.6415,1054.0476,1169.3557,1042.8993,1165.4764,1199.5696,934.8931,891.95575,1081.23
12296,314.2335024,5.4833055,5576.5005,153.21715,169.09961,61.112293,94.373344,50.45153,40.018005,34.04519,34.165718
12260,386.2351765,5.4866796,677.4344,0,0,0,0,0,0,28.478027,0
12334,278.1520075,5.487133,2765.5706,0,28.749096,0,0,0,0,0,0
12342,383.1841824,5.488074,952.9598,945.3853,1269.331,1597.0872,1451.936,1588.5878,1209.3475,1178.5812,1036.1777
12346,290.2697534,5.489463,39210.562,33838.473,36931,35004.223,34491.24,34064.016,32338.412,32679.629,33862.027
12315,313.1045196,5.4910474,40.614742,0,37.283386,36.016342,28.811054,904.8324,0,31.401403,29.5504
12349,263.1861341,5.491483,6785.2905,6758.721,6416.7,7204.953,7553.13,7316.0713,6809.9644,6815.9976,6671.003
12350,280.2127034,5.491495,8980.88,9189.486,9360.348,8327.318,9926.358,7894.369,8946.598,8468.299,8282.731
12353,157.122837,5.492175,14232.363,12899.173,13530.718,13623.1875,15075.27,14826.983,13506.038,12827.157,12893.997
12360,298.202215,5.493204,4867.756,37.528397,43.37047,45.21391,43.26355,33.236,41.214523,44.581997,39.41321
12357,285.1683949,5.4942393,5798.433,5150.556,6114.5254,5242.816,5075.44,5723.51,5838.417,5707.5376,5627.914
12358,177.1643929,5.4949117,17538.75,16175.021,16734.4,17683.057,18045.406,19100.672,15014.257,15544.189,15966.398
12362,195.1749927,5.4962883,10476.091,9553.993,9782.108,10976.1875,10775.607,11331.602,9262.799,9270.487,9506.7705
12359,251.1415271,5.4969325,272.4593,1316.4348,1288.9695,999.24274,1040.7406,1105.1771,1356.1383,1590.4319,1356.266
12363,235.1683937,5.497652,7575.5586,8261.553,8381.212,30317.713,33355.332,30748.693,8722.514,8665.706,8884.674
12323,354.2633715,5.497806,7157.309,373.4146,484.1172,0,0,0,0,0,0
12389,324.197199,5.50026,7012.901,42.781345,57.99628,0,0,37.07073,0,0,34.807407
12435,296.2586039,5.5080676,555467.75,25229.693,29144.55,0,27.183666,37.663055,0,30.107784,0
12462,355.188957,5.520905,0,0,35.113235,634.7787,1800.7561,1382.902,42.70111,32.729603,32.823093
12399,268.2278437,5.5212665,10603.905,463.76392,466.76947,0,0,0,0,0,0
12396,333.1106507,5.5225883,5675.181,7319.219,7721.7065,7470.6685,6879.8633,7382.7773,7112.1406,7358.586,8116.727
12398,349.0848185,5.52328,1173.0736,1570.4327,1586.669,1135.007,1332.7338,1354.5701,1516.6965,1535.3972,1665.9541
12438,244.1914135,5.523465,11660.251,7332.82,8207.749,2945.1863,5705.5015,5880.5825,4126.076,2675.0315,3242.2876
12402,311.1285397,5.5234632,2304.152,2230.1448,2261.5999,2160.1284,2392.0923,2720.0247,2010.4462,2228.669,2085.5303
12469,332.2806465,5.5251555,9736.577,601.2813,639.7552,0,0,0,0,32.21695,0
12415,243.2104689,5.52544,2012.1332,0,25.253227,0,0,0,0,0,0
12421,303.2650963,5.5278153,370.67462,0,0,0,0,0,0,0,0
12436,336.2516406,5.5281143,377626.2,19888.123,23271.035,0,33.382984,0,0,0,0
12439,266.1739095,5.5312247,4390.178,863.98566,1686.5248,203.66585,724.464,123.62979,457.3841,335.4878,397.58548
12429,261.222199,5.53145,16332.427,544.7569,337.89328,0,0,0,0,0,0
12437,352.2260268,5.53145,127012.73,8122.493,9498.796,0,0,0,0,0,0
12444,278.2487659,5.533509,124403.75,7260.991,8514.331,0,0,0,0,0,0
12452,649.515781,5.5338883,2016.8279,0,0,0,0,0,0,0,0
12449,370.2375918,5.535689,1024.9951,37.540863,0,0,0,0,0,0,0
12426,282.1464915,5.5366864,620.8987,192.63608,361.94452,50.555344,0,0,0,0,33.198208
12582,348.219993,5.536945,33140.348,927.76,941.5901,96.6499,118.8284,48.919464,37.25402,75.29422,74.612465
12463,354.2632747,5.539589,6421.438,373.4146,553.186,0,0,0,0,0,0
12366,371.244776,5.5446873,90.42288,100.66145,101.72959,99.9525,61.266434,196.02562,52.936478,124.81312,62.75636
12473,612.2863243,5.5455394,0,0,0,8064.736,8806.668,8846.921,0,0,0
12489,577.2482903,5.545545,0,0,0,553.4424,394.79355,293.51178,0,0,0
12480,249.147307,5.546624,1639.345,1772.0901,2040.2905,2294.192,2173.993,2144.2368,2067.5513,2129.064,2129.6575
12400,308.2178774,5.549152,56602.996,1075.2456,923.6067,93.78528,233.41473,242.92545,545.0543,698.7151,681.4367
12483,595.2590533,5.5495973,0,0,0,12476.853,14592.381,13082.521,0,0,0
12486,227.1649658,5.550015,7497.414,6967.3193,7275.68,7765.2646,9426.598,9060.559,7705.854,7323.0293,7462.0513
12491,617.2413303,5.5516095,0,0,0,938.3329,1215.0381,1064.2997,0,0,0
12494,268.1890733,5.5571485,13035.402,11043.44,11439.949,11684.11,12360.944,12226.441,10196.283,10130.262,10121.789
12482,333.2055461,5.5615106,73.82309,92.16885,108.05249,3236.9126,3816.0618,3603.6052,54.84677,115.97201,55.074642
12577,364.1909085,5.562588,12237.829,366.3532,233.08797,0,34.145203,0,0,0,0
12499,293.2116438,5.563032,3775.1838,183.93541,183.30397,7998.803,8730.741,7917.898,141.15161,72.25026,49.172447
12507,321.1470216,5.56692,37051.09,41161.758,43134.2,40842.355,41656.465,41133.887,41824.723,42329.438,42262.26
12509,337.1213123,5.5675945,2542.0894,3920.3062,3884.383,2820.1377,3223.4666,3451.3862,3980.45,5045.9644,4212.351
12511,470.2910941,5.567772,0,0,0,21094.252,22242.523,19664.246,0,0,0
12512,502.3170196,5.567772,0,0,0,22590.72,22440.379,19054.592,0,0,0
12514,963.5248815,5.567772,0,0,0,8191.579,8346.18,6378.644,0,0,0
12530,281.1539848,5.5696163,1705.4441,1516.0406,1594.5555,8294.601,8281.882,8254.298,1796.2396,1277.988,1803.8322
12525,453.2642499,5.569801,0,0,0,309373.97,333321,290335.8,0,0,0
12527,488.3015815,5.569801,0,0,0,130320.8,140891.58,122709.31,0,0,0
12518,486.3433082,5.5698013,0,0,0,1175.0328,1047.0796,764.52844,0,0,0
12528,493.2568983,5.569801,0,0,0,211678.89,229380.34,199747.2,0,0,0
12529,509.231005,5.569801,0,0,0,98676.664,104708.61,94371.19,0,0,0
12537,172.170101,5.570281,73103.71,60271.28,71491.96,62670.23,78719.67,75626.93,72246.914,70750.17,75193.76
12544,211.1699077,5.5716333,19928.922,15711.153,16192.907,17275.566,16182.038,17292.941,15385.544,16134.122,15818.733
12539,365.1715865,5.571628,3908.83,4173.082,4294.336,6469.595,7019.8096,6308.9243,4076.1406,3922.526,3977.4976
12545,343.1892325,5.5716314,23832.045,21192.455,23596.094,25664.197,26785.863,27596.32,22255.094,22224.34,21289.902
12547,979.4992969,5.5718236,0,0,0,1955.1753,2289.6987,1459.1886,0,0,0
12548,381.1452944,5.572303,1543.2438,2099.31,2070.6987,2202.799,1647.7095,2535.0146,2022.6962,2261.0896,2140.6372
12552,193.1593087,5.5729947,19691.031,17384.662,17662.648,19553.516,21111.898,19653.344,16978.014,16227.897,16671.182
12559,324.2388549,5.576349,17798.162,16209.216,17991.184,18425.213,19512.445,19362.035,17695.268,18345.713,18318.344
12586,294.243748,5.576683,104857.57,7131.42,2518.2642,0,0,0,0,0,0
12562,158.1544635,5.577023,256961.39,261940.88,250144.67,260765.78,276698.25,274773.47,266628.88,257210.38,275644.84
12563,307.2121907,5.5770197,7594.5146,6534.516,6742.2324,6919.7676,7802.7837,7370.174,6864.843,6295.515,6668.0244
12625,336.2160509,5.5779486,5582.6357,0,33.153095,0,0,0,0,0,0
12568,228.1964986,5.581064,297762.62,261088.05,272011.06,265822.97,278873.38,276777.84,249091.44,248151.45,248415.8
12572,266.1524588,5.5824184,58856.773,67940.91,69948.625,55246.586,60984.2,60996.715,67555.63,67690.69,67868.16
12585,326.2337475,5.584164,54176.027,1272.2906,1218.1786,43.72091,37.777756,53.896763,37.90963,0,0
12633,340.2137835,5.584526,1284.7378,58.49429,36.897728,59.820656,0,42.42871,0,0,0
12599,310.2374157,5.585447,62900.734,334.4767,421.24728,35.589737,62.756577,50.862686,0,0,0
12587,250.1784499,5.5864673,171794.58,163477.64,177106.56,178925.98,198893.33,193127.98,163544.4,170287.6,162415.45
12598,294.1476329,5.59453,1340.6012,0,0,0,0,0,0,0,0
12664,332.2804299,5.5948405,4070.3865,406.97626,466.54034,39.282997,0,0,0,0,0
12607,307.131533,5.6013956,5117.081,4132.0967,6411.3823,3609.174,8901.118,7568.0933,4943.1006,7007.314,6799.9487
12640,314.2334394,5.601568,4987.9834,55.911266,153.00839,61.112293,51.167233,96.99878,92.59997,100.83763,41.4802
12608,350.2312265,5.6021895,118159.875,1765.2103,2157.4902,0,0,0,0,0,0
12623,278.1737855,5.6044064,2262.9844,44.137733,0,0,0,0,0,0,0
12434,366.2054902,5.6083503,39118.19,700.4839,691.95514,0,0,0,0,0,0
12619,328.249134,5.610685,88321.09,1415.5581,1971.691,506.0375,501.30707,457.5301,90.73097,38.92875,50.1344
12634,362.1952314,5.61453,843.5557,0,0,0,0,0,0,0,0
12594,334.2392659,5.61639,98895.52,6366.7305,6450.2007,35.148148,38.70953,24.374092,0,0,0
12635,323.1060575,5.620376,165.94257,813.8666,518.1628,289.02356,180.69012,287.2263,1091.632,616.4994,302.89075
12666,354.2642427,5.620789,2534.2734,236.2273,390.65524,278.17163,283.51254,127.75314,0,0,0
12657,365.278535,5.632316,23172.414,24884.36,26426.553,33692.887,31710.613,33387.062,25990.68,25645.402,26261.86
12658,381.2523541,5.632316,8287.114,12114.419,12481.371,11737.35,12809.843,13097.401,13323.563,12802.829,13035.397
12668,343.2965002,5.632989,194132.25,168926.84,182727.47,192263.22,195679.36,203726.84,186000.56,174868.1,180402.7
12670,240.232739,5.63366,14973.66,14408.223,15958.957,16669.453,17843.754,19502.816,15130.735,15845.965,14379.18
12663,330.2647987,5.636057,22281.244,995.4148,1181.1982,62.142403,98.86729,58.12359,33.031143,49.71615,36.174377
12682,296.1632987,5.638753,4462.1997,0,0,0,0,0,0,0,0
12684,339.1790184,5.639737,3314.9504,3008.2722,3402.717,3728.2004,3924.8657,3514.138,2995.3806,3039.9573,2990.5918
12681,280.1905019,5.640032,9048.508,0,33.478313,0,0,28.150272,0,29.458065,0
12686,299.1860425,5.6411095,3480.9727,3168.6814,3258.8767,3481.1348,3207.2554,3847.543,3472.27,3377.5186,3210.6013
12687,317.1967031,5.641781,6765.701,6283.2383,6598.55,5661.6304,6032.87,6180.2754,6481.131,6582.0435,6095.2573
12676,361.1599548,5.643778,263.6302,254.00923,119.390335,439.56223,315.66168,335.4971,420.20544,531.421,202.67346
12696,622.3979354,5.6444554,0,0,0,9570.661,10699.965,10310.571,0,0,0
12697,627.3529334,5.6444554,0,0,0,2430.806,2712.5159,2529.0852,0,0,0
12698,556.2958928,5.6444907,0,0,0,21545.691,22483.549,21551.572,0,0,0
12710,605.3701719,5.6464868,0,0,0,1009.0626,1151.6919,1025.3762,0,0,0
12624,312.2545294,5.652501,47952.926,979.0552,1273.5916,0,0,32.17233,0,0,0
12651,352.2487319,5.654609,101089.586,1882.001,1667.6918,0,36.874817,0,22.386478,0,0
12756,328.2489578,5.658406,68533.31,2176.582,2324.9377,116.32883,108.32172,78.970726,90.73097,38.92875,50.1344
12733,331.1903939,5.6593227,51.35781,32.739334,43.49083,11457.513,11799.059,10599.947,29.486298,27.042286,40.86968
12723,348.2187786,5.6684723,20697.771,801.05096,849.4911,0,0,40.13151,27.449642,25.715221,0
12794,334.2392174,5.669541,194389.77,9576.758,10760.157,35.148148,38.70953,24.374092,0,0,0
12739,350.2313839,5.6711087,67841.5,1855.5762,2502.4448,0,0,0,0,0,0
12747,529.2809566,5.673101,0,0,0,12259.017,13828.713,13242.416,0,0,0
12748,546.307428,5.673101,0,0,0,4994.688,5414.4517,5138.9565,0,0,0
12749,511.2695063,5.6731057,0,0,0,1207.3734,1325.518,1131.2994,0,0,0
12699,291.1957369,5.6742344,1861.3402,85.39173,152.57034,57257.836,61941.04,55975.258,191.99397,95.16626,123.604965
12755,551.2646636,5.6751714,0,0,0,1027.1802,1276.5786,1333.7396,0,0,0
12757,366.205557,5.675289,25823.545,836.59436,1006.46967,0,0,0,0,0,0
12791,330.2647272,5.6753597,16448.812,995.4148,1160.8765,62.142403,98.86729,58.12359,48.011497,32.403603,36.174377
12665,347.2955386,5.681124,1249.5388,0,38.798187,0,0,71.27128,42.677643,0,0
12835,520.3331764,5.6827283,207.57428,127.32843,86.09331,8734.725,7433.9526,4165.3047,164.5543,117.77401,313.4604
12766,240.1964056,5.6837597,16101.015,1823.376,1757.8988,794.7099,821.65594,981.5192,587.95984,715.9669,179.1536
12734,347.162993,5.684492,0,0,38.056717,1332.4847,1550.4365,1420.0117,0,0,0
12610,262.1787353,5.686034,7132.9653,867.2068,832.99603,298.58234,492.6651,227.72389,221.83185,293.60358,243.16742
12773,538.2845395,5.6868763,0,0,0,5571.4697,5836.7036,5703.1836,0,0,0
12779,503.2475266,5.6889634,0,0,0,2274.0254,2298.2344,2174.87,0,0,0
12780,521.2581019,5.6889634,0,0,0,22204.51,23704.596,22863.191,0,0,0
12732,309.2064867,5.6945767,642.51013,256.49478,290.5532,35065.215,36761.223,34677.855,1036.0067,374.0791,443.94177
12788,350.2102329,5.6949077,65004.86,4039.496,4532.069,0,0,0,0,0,0
12793,312.2547892,5.6967044,52269.6,2296.2207,1979.677,44.903473,0,32.17233,0,0,0
12790,278.1497772,5.698037,1889.9016,24.847136,25.83936,0,0,0,0,21.126892,35.44258
12782,368.2427202,5.7011046,35542.18,103.81289,77.29595,0,0,52.4633,0,0,0
12771,384.2191405,5.701803,15141.718,32.244896,29.435352,30.205608,0,0,0,0,0
12745,304.2854472,5.7023315,435761.47,8736.521,10296.474,9493.099,1494.3286,1938.0361,1092.8365,350.97903,2161.401
12811,525.2261892,5.7054462,0,0,0,1369.3224,1303.5417,1302.1619,0,0,0
12813,469.2592533,5.7054667,0,0,0,8679.846,8678.592,8752.912,0,0,0
12814,504.2964594,5.7054667,0,0,0,19731.654,21866.936,21446.371,0,0,0
12823,451.2489555,5.7075267,0,0,0,14553.539,14916.201,14247.065,0,0,0
12831,337.1214928,5.713554,1177.1503,1684.6515,2593.4692,1543.8699,1636.2117,1564.0991,1794.6042,1845.8375,2684.9614
12832,321.1471557,5.7136903,25013.957,24578.158,27174.691,30630.281,30160.283,32293.12,27147.635,27857.342,28071.56
12836,541.2572241,5.715748,0,0,0,5770.951,4794.1533,2451.9846,0,0,0
12820,342.2098674,5.716729,2950.3594,27.6,0,65.29953,39.271927,0,0,0,0
12856,352.2495644,5.7170844,216242.78,781.93677,1211.4281,0,36.874817,36.93074,22.386478,0,0
12840,485.2906624,5.7178473,0,0,0,15870.119,13127.376,6984.786,0,0,0
12842,525.2834831,5.7178473,0,0,0,13007.371,10727.067,5179.05,0,0,0
12803,370.2591509,5.7220945,4946.7275,38.321583,0,53.47209,106.71612,64.02084,33.016388,0,55.275414
12944,368.2209374,5.7230763,108887.3,267.79886,63.29872,0,0,0,0,0,0
12800,304.2493525,5.7260847,8918.064,0,30.880894,0,0,0,34.92376,0,24.832075
12919,294.243389,5.7267222,146754.55,3099.9324,2888.0981,0,0,37.32739,0,25.99398,0
12891,284.2227048,5.728355,19183.518,1195.9597,1172.1438,0,0,37.173836,53.792038,33.575073,33.66436
12849,266.2111628,5.7303753,6761.0435,289.5734,96.36988,0,0,0,0,0,0
12792,348.2753203,5.73096,6946.475,78.48597,79.09814,0,95.6938,0,31.291733,26.613443,46.343548
12922,302.2705612,5.731085,2585.089,110.34284,422.45798,46.471146,88.31088,100.5927,40.983482,103.25581,41.112526
12859,773.4104178,5.732403,0,0,0,584.108,660.5452,702.0221,0,0,0
12860,768.4554423,5.7344937,0,0,0,2892.5906,2807.5864,2906.6523,0,0,0
12899,331.1900356,5.735719,0,35.80397,32.711502,9626.506,10167.052,9030.323,29.486298,27.042286,37.869602
12868,486.2870359,5.740143,0,0,0,17722.217,18532.658,15805.748,0,0,0
12893,291.1960421,5.7417746,420.80115,55.299175,77.05655,54814.543,58257.78,53642.47,173.94995,49.604897,123.604965
12871,265.1209051,5.7423153,1569.879,2174.1511,2398.9146,2760.3499,2555.3652,2805.4724,2501.4219,2206.6978,2353.7012
12881,249.1472632,5.7447414,2366.536,2794.1245,3478.2192,4550.1963,4613.1265,4317.246,3339.9226,3448.965,3768.244
12879,237.1280123,5.7448263,2977.1067,3197.5303,3780.0286,3439.774,3480.8667,4191.973,4031.1182,3241.3564,3453.7085
12878,293.0947828,5.7449474,641.55096,1205.5292,1211.4353,471.01843,888.4313,870.6158,1439.242,1478.2745,1588.5853
13042,277.1205193,5.746783,1916.1704,2794.112,3001.5984,3062.669,2711.8281,3829.4998,3144.5093,2754.5693,2728.995
12890,255.1385696,5.747484,6505.978,7871.1523,6728.5312,6240.4473,7520.6567,7923.9946,6797.2856,6249.368,7624.168
12884,322.1803903,5.7482557,6751.07,307.86234,500.68616,0,48.552628,0,0,0,29.473217
12915,250.142991,5.7494793,5485.065,27.841394,0,0,0,0,27.145878,0,0
12918,278.2488379,5.750075,158955.86,751.9341,602.43884,0,0,0,0,0,0
12901,255.1593783,5.750678,3383.1118,3780.655,3838.1245,4489.232,4722.811,3833.3843,3528.219,3238.3394,3631.3716
12903,272.1858293,5.7512608,2916.0078,2101.4407,2362.468,2680.1206,2313.977,2783.9932,2128.883,1932.667,1951.3868
12920,347.2964909,5.752537,3754.479,28.399082,38.798187,0,32.96855,50.773422,23.004583,0,0
12923,276.2331577,5.753591,60139.676,829.3457,1935.533,0,0,0,0,0,0
12990,513.3065171,5.7562485,0,0,0,3683.126,4193.885,3791.0344,0,33.363987,0
12909,507.2142474,5.756575,0,0,0,2851.4883,3554.5693,3184.635,0,0,0
12910,470.2913069,5.7586226,0,0,0,3263.5571,4070.6516,3646.968,0,0,0
12911,491.2414114,5.7586226,0,0,0,7375.1504,8086.603,7063.8936,0,0,0
12913,435.2539514,5.760647,0,0,0,23140.812,25032.502,21688.727,0,0,0
12917,266.1156571,5.76158,2504.0166,0,0,0,0,0,0,0,0
12897,306.207151,5.763908,17348.953,875.3628,896.37537,0,0,44.775944,21.374805,0,0
12926,452.2798408,5.7652836,0,0,0,1847.5233,2477.4775,1750.2112,0,0,0
13019,530.331462,5.771385,0,0,31.894493,1134.9214,827.9675,657.0739,0,0,0
12948,453.2636688,5.7725487,0,0,0,8258.457,9003.077,8031.041,0,0,0
12950,502.3168437,5.7725487,0,0,0,12363.953,12855.461,12046.701,0,0,0
12963,471.2729814,5.7745624,0,0,0,4550.723,5368.923,4625.922,0,0,0
12965,488.3015942,5.7745624,0,0,0,337894.4,367941.6,336281.28,0,0,0
12968,493.2569603,5.7745624,0,0,0,59975.812,67853.305,58516.438,0,0,0
12970,509.2308991,5.7745624,0,0,0,55148.94,59160.523,54882.137,0,0,0
12974,553.2991178,5.7745624,0,0,0,3569.8696,3769.2249,3209.7761,0,0,0
12975,963.5242079,5.7745624,0,0,0,1047.1328,1281.154,931.36475,0,0,0
12958,979.4987463,5.776591,0,0,0,656.7635,791.8856,517.87317,0,0,0
12992,548.3447832,5.7786145,0,0,0,1816.7384,2204.3022,1787.4243,0,0,0
12998,324.2545704,5.7788477,2714.7207,30.79599,0,0,0,0,0,0,0
12997,196.1341042,5.7808857,5642.5327,115.298874,54.95609,70.23718,166.1088,79.202286,173.43118,56.621735,135.40549
12996,411.1790184,5.7810464,6777.9277,5874.464,6818.1284,7565.452,7664.911,8196.644,7020.166,6524.396,6680.5195
13000,427.1532885,5.7816234,727.89215,1155.4725,1168.9847,1123.811,1441.3798,1214.8519,1107.8595,1317.3971,1063.2512
13017,409.1421824,5.7829623,46.972626,266.52826,375.10413,70.770615,339.08392,258.825,200.4259,341.80884,232.40408
13006,393.1684844,5.783683,685.2901,1007.62366,939.67694,1155.689,1072.13,1156.965,1104.18,1005.4631,1050.5398
13018,310.2363759,5.7848024,48047.81,1414.8436,1586.0067,0,43.56864,25.790434,23.77605,25.287298,28.899632
12848,304.2854806,5.784855,378327.3,13174.843,34167.984,6110.77,8059.1196,7030.6543,4066.9263,3319.8486,3917.424
13008,451.1655579,5.7865477,1664.3774,0,72.461494,674.3244,729.7361,380.44345,0,0,0
12916,261.222366,5.787383,12325.077,135.63336,153.33932,0,34.337845,0,0,0,0
13016,468.1920722,5.788194,1504.3876,26.114845,0,622.16425,376.01263,195.83795,0,0,0
13014,570.275223,5.7887177,0,0,0,15485.42,16724.344,15666.942,0,0,0
13015,350.231374,5.78907,103297.73,2798.493,3303.0654,0,0,0,0,0,0
13020,366.2056311,5.7929425,40816.86,1303.7644,1338.5696,0,0,0,0,0,0
13099,240.1961543,5.793291,2421.9907,79.98501,383.93427,140.43144,70.9293,88.78938,60.659264,68.17975,69.90021
13035,368.2430695,5.794102,17360.344,152.8178,43.006348,0,0,52.4633,0,0,0
12942,348.2751506,5.794621,1984.7961,78.48597,79.09814,40.179222,95.6938,34.372215,94.3876,27.957462,59.571938
13023,553.2498585,5.7947793,0,0,0,1382.866,1480.0967,1266.1707,0,0,0
12921,370.2596672,5.7962713,1426.7625,50.96563,0,241.20256,106.71612,189.94153,32.523125,29.402103,29.152943
13111,262.1785972,5.8008804,793.9979,0,27.27529,0,0,32.669674,0,0,0
13128,179.1072457,5.8036604,7142.0786,2192.4497,1229.0847,704.66504,280.23474,1336.0454,821.763,346.99225,254.15765
13003,312.2544765,5.8068047,110506.2,3150.4536,3289.4758,44.903473,39.293514,32.715363,0,0,0
13050,471.1431833,5.813204,1023.8205,2892.5112,1658.3992,1973.2871,1798.522,1971.6189,1727.9861,1609.4178,1745.0673
13051,450.2136406,5.814486,3545.919,6039.4136,3286.1484,3185.3342,3203.2944,3646.923,3437.81,3250.1726,3243.7407
13052,254.2120396,5.8151374,5386.517,3668.3179,4094.0015,3566.9382,3688.735,3687.3188,3117.0107,3223.3513,3215.949
13053,294.2047915,5.8151374,1312.0823,1255.5807,1446.5017,1206.9323,1158.2396,1277.2117,1064.038,1164.4441,979.8392
13054,272.2226864,5.815691,6704.3535,5353.817,5388.329,5085.4766,4726.6797,5232.582,4344.2607,4882.8223,4572.896
13010,293.211709,5.817499,5762.2974,388.9751,214.57623,533.22327,1345.3263,494.27893,87.71992,67.75168,181.95317
13059,338.1745106,5.817905,3286.7942,0,0,0,0,0,0,0,0
13060,455.1692585,5.822678,615.49225,790.669,768.47943,716.49243,305.99957,1098.0298,699.50854,863.6904,620.8783
13048,384.2161842,5.8235903,6967.707,0,32.386757,0,0,0,0,0,0
13025,328.249272,5.8269835,73169.12,2443.2104,2187.8225,437.0857,361.4526,293.6474,69.20682,67.31835,34.835197
13072,367.1320279,5.8318796,2686.1228,4129.1157,4603.2593,3945.1472,4432.375,4575.3555,4697.1025,4560.3325,4749.8784
13083,553.2992229,5.8374467,0,0,0,3116.492,3525.0269,2962.3403,0,0,0
13084,513.3074383,5.837465,0,0,0,3533.4392,3696.5696,3533.886,0,0,0
13085,351.1579722,5.837697,17424.648,19459.83,20457.873,24113.928,25440.613,26028.227,21108.822,20523.498,20208.646
13093,281.1542953,5.8409824,5029.5415,5776.1895,4962.177,6871.874,6835.9946,6868.5073,3974.6743,3935.912,3963.5503
13094,321.14708,5.8409915,96698.75,99103.85,112321.33,116359.09,119299.09,123503.28,105886.26,107396.84,107996.38
13096,337.1213368,5.841543,7539.802,9782.742,10979.349,8976.5625,9507.882,10786.754,9890.581,8624.184,10729.861
13120,366.2296505,5.8416314,9377.219,82.391815,47.598953,108.34563,61.338165,55.28557,0,33.02602,0
13152,366.2055083,5.843092,30701.04,782.3862,1131.5101,0,0,0,0,0,0
13103,584.2544816,5.8442283,0,0,0,9749.685,9762.636,11001.097,0,0,0
13058,322.2035716,5.8452497,5393.988,0,0,34.445835,29.689512,38.99552,0,0,26.56982
13107,589.2098589,5.8462906,0,0,0,795.8812,781.8221,718.19525,0,0,0
13119,240.1605397,5.848759,5409.4834,0,32.540955,0,0,0,0,0,0
13109,233.1754297,5.8500032,789.1298,748.6257,845.8623,1084.4574,878.83887,898.8876,940.6688,807.94336,788.9962
13114,255.1581126,5.8508425,7179.76,7157.881,8187.29,8488.515,7876.24,8934.136,8487.8545,8026.3584,7254.1177
13100,252.196253,5.8520665,2267.6606,47.352585,114.84173,0,28.439758,0,0,0,0
13112,274.1791342,5.852581,706.5297,28.633139,41.60922,0,0,0,0,0,0
13130,223.1328966,5.852794,2211.0598,587.59985,263.91208,323.5,373.0304,400.63577,479.14075,504.2221,548.3249
13115,271.1315692,5.8527966,340.39243,615.5996,659.30347,665.4794,580.4202,584.40466,573.95734,562.0669,548.52783
13090,548.3452677,5.8581877,0,0,0,2163.2556,2148.769,2114.1423,0,0,33.66055
13132,252.1002668,5.8621864,2955.2017,0,0,0,0,0,0,0,0
13159,471.1431909,5.862515,1018.8465,1621.559,1465.3,1304.6754,1291.7366,1449.9515,1386.7717,1353.5408,1383.4589
13147,350.2313323,5.866139,76531.945,2112.6492,1863.777,0,0,0,0,0,0
13148,352.2516448,5.8668823,123942.81,1518.2252,1449.4419,387.69806,511.1954,299.0919,193.20409,221.20918,136.3408
13153,368.2214097,5.8696256,42714.594,396.39462,495.2834,0,0,0,0,0,0
13158,450.2136128,5.869822,2467.1897,3562.787,2616.9387,2478.3289,2657.916,2665.163,2348.2466,2342.8381,2458.376
13155,455.1689433,5.872961,591.9444,763.1787,1001.1861,1059.0143,778.2037,933.01074,993.1292,665.17566,865.74
13157,330.264839,5.8785863,14962.113,831.4408,1582.9875,145.54071,52.840767,53.781395,65.52482,34.533234,62.2456
13131,236.1270884,5.879024,5792.514,29.114101,22.887608,33.793373,0,0,0,0,22.823275
13121,382.1992017,5.882126,5390.119,28.288212,0,0,0,0,0,0,0
13212,312.2542442,5.8841386,133023.31,3865.5984,4103.43,65.69126,39.293514,32.715363,0,0,0
13194,334.2384645,5.887573,151301.28,4429.811,8797.454,0,0,0,27.654026,0,0
13252,330.2060288,5.891953,5202.9385,191.73393,100.00078,226.51012,98.24104,144.21228,168.24617,48.027493,37.474274
13221,427.1526561,5.8921337,53.964638,158.91711,299.07483,169.53644,490.23898,428.07617,208.32669,211.17464,253.37999
13134,293.2116576,5.8942432,2992.1182,117.48123,214.57623,1892.38,676.6607,490.56567,145.81924,67.75168,195.39545
13144,328.2490945,5.8964972,71685.81,1567.9949,2035.3135,1097.4957,551.22107,819.46643,102.21028,67.31835,82.96236
13200,330.2283495,5.897998,2747.7168,99.26523,101.727936,554.1442,303.94092,1102.7107,95.0975,141.08525,123.03856
13211,353.1735009,5.899495,20758.582,19247.207,20953.6,21129.094,21940.223,20720.613,21213.83,20960.275,21203.908
13213,411.1790815,5.899684,1808.5928,2075.2148,2142.8994,2538.3186,2587.2925,2278.9043,1921.7579,2121.2761,2135.5315
13216,350.2102783,5.9016643,59211.38,2210.8677,2124.9512,0,0,0,0,0,0
13174,242.2114809,5.9017677,14063.104,990.21747,1089.3489,34.828075,80.09258,72.44002,21.12784,83.60487,35.77191
13188,264.1941805,5.902234,10566.023,597.7466,820.3835,17.612331,33.217854,0,0,27.299978,25.128525
13220,390.2132979,5.902836,2374.2922,2350.2542,2640.0227,2059.7297,2463.8735,2442.4077,2295.0557,2151.6497,2429.9875
13224,395.1677561,5.904122,1603.5385,1402.9985,1670.8558,1709.1362,1864.956,1854.1503,1539.9222,1619.7067,1526.6113
13234,279.2521415,5.9042215,19020.334,24.171164,0,0,0,0,0,0,0
13190,224.201758,5.9050927,7226.6743,357.99457,333.4794,0,27.548992,27.502563,0,0,31.325851
13192,239.1644502,5.905137,1133.9357,1534.4094,732.9708,6255.3823,3781.4536,3982.4238,883.7732,825.73047,791.2487
13229,411.1428574,5.9074497,250.68594,326.29578,153.45505,246.9003,343.13672,205.03238,438.86652,426.34622,409.9631
13233,262.225491,5.910624,766.592,0,0,0,0,0,0,0,0
13236,299.1842351,5.9126797,3692.694,3191.7358,3581.4866,2820.9275,3271.327,3457.4077,3411.8079,3395.3267,3056.107
13237,277.2018072,5.912697,4685.1514,4167.999,5090.405,4257.3335,4527.875,4938.911,4660.6914,4496.0947,4562.4644
13239,294.2283656,5.913271,5175.2915,5555.949,5992.7354,5619.228,5631.667,6037.1416,5984.4067,6481.54,5774.6914
13218,277.180034,5.9132867,138.47462,249.40666,272.17795,8669.894,9993.44,8653.533,123.14876,87.889854,165.88867
13312,434.2743061,5.915686,0,39.320587,76.240585,4854.4707,6440.8037,5669.735,73.75368,39.40887,132.77411
13245,315.1580866,5.9161987,301.56146,221.98083,378.5491,335.4106,431.18576,555.22577,260.42938,411.26178,168.37415
13191,221.1535454,5.916486,1954.0221,1132.0248,751.33734,5224.2065,4745.071,4508.507,968.8906,1429.9891,1283.6495
13254,346.1834268,5.9167414,2227.4844,52.84494,33.24906,0,27.644823,41.252197,0,0,0
13210,335.1839965,5.9174213,70.34711,104.93978,85.63449,2969.436,3129.3801,2815.5508,178.57576,100.40152,88.541565
13175,294.2428992,5.9206953,85590.27,3287.9666,4005.3286,63.24047,51.24945,88.30837,38.128036,36.22933,37.20917
13253,338.2106116,5.9227424,1426.8364,0,0,0,0,0,0,0,0
13180,280.1648592,5.9232707,4181.1104,99.23285,114.19891,42.367992,0,0,33.702072,28.962456,31.640728
13256,199.1699109,5.924585,7962.5425,6932.2886,7973.5503,8060.269,6062.0117,7786.0825,6689.645,6644.734,8018.8125
13303,222.1487684,5.925209,2763.408,149.23135,131.31708,241.4956,53.911976,46.66897,74.95979,65.53308,81.55229
13257,230.2485295,5.9254255,424717.84,377744.2,403506.53,390952.84,435801.4,431122.84,379932.9,352693.75,380279.38
13273,231.2519909,5.9263105,24750.225,29884.527,34633.38,26547.668,24934.96,65134.555,31453.055,19512.416,29772.715
13260,570.2752348,5.9278584,0,0,0,10500.896,11461.296,11793.488,0,0,0
13261,308.2229019,5.9281144,15068.144,944.18085,888.2001,0,0,0,0,0,0
13264,324.2533328,5.928797,2847.5337,0,0,0,0,0,0,0,0
13209,295.1905923,5.929709,499.49792,224.15753,509.31024,5521.8667,5437.4546,5806.5825,386.9124,368.29474,512.28973
13267,553.2479353,5.92993,0,0,0,12285.868,13668.159,13104.066,0,0,0
13251,322.2367443,5.930221,4782.242,47.492672,90.77054,0,0,0,0,0,0
13279,302.270773,5.9315066,2843.4507,215.19473,89.22591,40.109207,28.009365,0,31.44143,30.850443,0
13259,597.2134083,5.931898,0,0,0,319.36508,1369.0488,1035.7089,0,0,0
13379,281.1538311,5.9326954,602.59717,870.0802,231.09464,28954.725,32181.11,27510.854,368.71997,400.82748,692.0957
13193,261.147228,5.9341884,53.988407,48.08097,132.23264,1443.2402,1578.9323,1447.3025,47.21994,77.38889,48.654907
13270,355.2464402,5.935155,1286.7734,1188.3257,1229.2524,1020.65717,1120.4327,1110.7797,1079.7836,1094.6431,1061.7838
13271,333.2641361,5.9366555,1102.5344,1035.7894,1268.7633,1025.2839,1145.5186,1143.9673,977.06085,1090.9843,1239.4498
13268,216.1964048,5.937006,159.35242,961.82477,1227.8445,595.2728,700.0958,442.83316,1028.1244,613.14246,406.87277
13246,300.2540166,5.9375954,3927.4866,188.39023,182.63431,141.89227,101.98366,72.65674,87.68396,126.36159,89.50473
13283,352.226193,5.9395943,33349.914,777.15985,1773.234,0,0,0,0,0,0
13281,336.2520246,5.940506,125222.484,4455.922,5909.3022,0,0,0,0,0,0
13480,260.1864416,5.940791,2408.6016,2634.9094,5933.2197,3674.4836,2037.0327,2829.6833,4803.227,3078.1484,2697.8418
13301,187.1122527,5.9465055,733.4386,71.81459,61.680756,120.8577,94.31315,150.06207,52.497044,101.708275,98.28466
13217,313.1993553,5.9471445,170.54578,205.5362,174.0181,2002.5,1914.4918,1798.4723,230.86453,203.73383,356.67657
13429,224.2018992,5.947216,8040.9893,260.3198,383.24603,0,27.548992,0,0,0,31.325851
13288,240.1603478,5.9488344,5040.52,0,0,0,0,0,0,0,0
13330,306.2079539,5.9570856,10786.777,53.656067,57.559437,0,0,50.882782,0,36.97206,0
13450,294.2428322,5.9574747,155809.44,3982.1377,4171.5034,63.24047,51.24945,88.30837,38.128036,36.22933,37.20917
13315,578.2338459,5.9596305,0,0,0,9277.747,8968.978,7450.242,0,0,0
13323,961.5760345,5.959639,0,0,0,4187.06,6033.784,5036.6387,0,0,0
13347,509.2308252,5.9616814,0,0,0,177235.95,202461.75,185129.7,0,0,0
13349,417.242915,5.9616914,0,0,0,708056.9,824292.6,735035.7,0,0,0
13374,472.2767335,5.9616895,0,0,0,4839.158,6940.0435,2964.543,0,0,0
13351,453.2641246,5.9616914,0,0,0,872023.75,1006049.3,909965.1,0,0,0
13352,531.307435,5.9616838,0,0,0,30343.906,36090.98,36513.168,0,0,0
13355,493.256507,5.9616914,0,0,0,501320.56,566489.2,520408.25,0,0,0
13369,577.2199658,5.9616838,0,0,0,1842.2969,1479.6869,2510.8418,0,0,0
13295,496.2650083,5.961716,0,0,0,3632.844,2490.488,1797.6075,0,0,0
13360,941.5408917,5.9616914,0,0,0,6429.146,9437.151,6501.771,0,0,0
13361,958.5689195,5.9616914,0,0,0,95330.92,126301.92,93144.484,0,0,0
13362,963.5242884,5.9616914,0,0,0,187801.86,232112.33,188290.06,0,0,0
13364,979.4986876,5.9616914,0,0,0,48607.137,59597.305,50283.332,0,0,0
13365,981.5018748,5.9616914,0,0,0,12811.314,14671.537,13357.841,0,0,0
13331,322.179908,5.9622154,2350.5583,35.63745,42.723045,0,43.284912,0,0,24.13039,0
13381,399.2322555,5.9637427,0,0,0,86956.086,101427.695,90837.016,0,0,0
13383,488.3013964,5.9637427,0,0,0,2473445.8,2864695,2598466,0,0,0
13385,561.2453141,5.963745,0,0,0,15361.012,17400.496,13857.343,0,0,0
13386,728.3913967,5.9637427,0,0,0,20265.836,24535.61,21205.967,0,0,0
13375,982.5018806,5.9637427,0,0,0,4119.7314,4820.495,4665.0776,0,0,0
13388,1433.79151,5.9637427,0,0,0,16285.092,20393.14,16575.54,0,0,0
13397,470.2909962,5.965795,0,0,0,140805.36,152657.52,134968.17,0,0,0
13399,502.3168141,5.965795,0,0,0,124069.89,138544.05,125993.37,0,0,0
13405,594.2097381,5.9678535,0,0,0,1849.9365,3033.7185,1261.7224,0,0,0
13287,205.1228472,5.9698515,1651.7993,87.2991,132.13298,237.16629,289.22644,101.93736,77.94181,105.033226,67.87285
13344,263.143766,5.971151,165.8852,59.431015,166.21162,220244.47,259991.55,228501.53,82.19702,89.74002,98.086494
13426,350.2311956,5.9717536,99027.336,2512.364,3386.1902,0,0,0,0,0,0
13427,366.2055542,5.9717536,41128.934,1114.5055,1336.079,0,0,0,0,0,0
13430,345.2758549,5.9731216,6521.585,0,0,0,0,0,0,0,0
13348,516.3328135,5.9754643,0,0,0,78215.84,83151.48,83593.55,85.34541,104.15436,0
13403,723.4347925,5.9787188,96.45531,0,0,4230.924,5204.097,4241.868,0,0,0
13503,243.1597568,5.9804964,2825.5264,4466.537,3466.567,1696.7621,1700.3315,1187.978,2056.7551,633.06946,1566.8683
13441,874.4748816,5.9840837,0,0,0,5125.638,4636.4087,4982.0444,0,0,0
13398,491.3095466,5.984244,0,37.94084,0,19391.574,22614.2,19905.414,0,0,0
13444,879.4307075,5.9861183,0,0,0,10531.951,9628.83,10753.933,0,0,0
13445,895.4033943,5.9861183,0,0,0,6123.0806,5602.4307,4478.989,0,0,0
13382,435.2502943,5.9913096,197.3559,0,71.29303,99610.96,114330.16,99680.6,49.968903,0,60.82128
13329,284.2223688,5.99249,9886.265,158.63235,295.85727,87.656334,40.869705,0,53.902992,0,23.409882
13510,167.0060735,5.9942365,421.83917,0,505.1253,219.34668,255.28943,292.23688,1267.9908,513.84314,279.28156
13408,280.1648733,5.995533,4120.4277,99.23285,114.19891,50.153965,0,0,43.686012,28.962456,36.43551
13461,310.2373816,5.9960766,57332.633,2508.408,910.10455,0,0,0,0,0,20.690355
13428,207.1748759,5.997568,2098.186,157.89098,183.79431,313.50592,119.87628,204.94713,132.97505,115.87076,73.50515
13454,121.0647252,5.9997706,30374.48,23259.033,30551.316,31072.91,25692.33,27260.678,28800.814,31399.445,24943.53
13455,267.1232239,5.9997706,46068.117,37711.45,48622.17,47672.03,38984.617,45939.664,46790.945,50416.742,41245.23
13478,387.1290878,5.9997706,4294.5337,3684.1943,5127.585,761.4912,1117.4729,3893.8489,5082.291,4824.296,4371.284
13460,404.1527243,5.9997706,6985.2534,6010.7046,7776.2017,6592.1294,5299.0947,5251.993,7236.428,7861.2046,6559.601
13498,409.1409397,5.9997845,925.13226,2393.0632,2453.9834,192.41537,435.34943,304.03497,2460.8232,1826.9834,1321.0281
13462,105.0700233,6.0004497,62389.527,52683.332,68742.44,67682.99,56889.723,63927.312,64944.336,69102.87,55634.24
13463,387.1810552,6.0004497,769967.75,633471,834455.8,795334,678524.8,769410.06,786705.2,833571.7,685367.5
13464,404.2077546,6.0004497,1012983.8,847303.7,1075099.6,1015502.1,858622,961510.9,1049683.2,1096216,916516.5
13465,418.2232201,6.0004487,102544.17,68831.36,104108.9,108311.01,92390.766,98804.37,87910.59,106475.01,74574.78
13466,409.1629738,6.0004497,207377.72,177307.83,227335.5,202303.31,177147.44,203951.7,226346.78,227830.2,192869.81
13479,790.3818903,6.0004487,3302.6235,2756.9792,4075.2776,2989.101,2068.1238,2534.3647,3892.6838,4082.2603,3221.9246
13419,264.1938457,6.000986,10916.023,896.825,1023.5498,105.63969,91.13985,66.08828,0,34.32421,25.128525
13472,369.1704242,6.001124,7548.068,6451.074,8828.013,8340.612,7497.073,7611.0347,8241.938,8597.403,6741.849
13474,432.2391823,6.0011206,82357.05,66363.68,86729.43,84447.44,68470.664,80604.86,78902.34,82258.23,67447.44
13475,425.1369202,6.0011277,360070.1,311122.78,399650.2,313885.97,278086.97,321396.38,393841.56,403461.1,337089.62
13483,404.1366992,6.002468,1275.0393,1798.4797,473.23712,437.20642,346.83243,834.0967,2380.5874,2542.9265,1082.1691
13486,811.3114503,6.00247,8465.871,7148.155,9215.964,6450.029,4635.7573,5924.072,9755.801,9831.947,8408.177
13491,426.1145071,6.003138,484.8261,483.26306,1083.9745,613.8987,468.0173,241.94398,955.2858,662.3749,876.96533
13504,425.1136122,6.003146,2259.8525,2776.1233,3899.7803,829.126,706.2282,318.1698,1847.7434,3272.2617,2783.797
13489,795.3371955,6.003146,1731.6486,1097.3096,2085.4424,1717.6656,1218.4817,1457.8408,2356.901,2022.7219,1759.7773
13449,118.0933689,6.0040417,6542.232,10167.256,8768.66,6352.245,2842.0703,5588.067,4874.5366,1897.2119,9926.247
13433,328.2489167,6.004472,68103.89,1383.5669,1079.6696,381.09308,551.22107,615.108,133.11232,121.66693,141.83621
13418,242.2115975,6.006268,18190.355,1667.698,1142.4814,119.229065,91.23292,92.0867,21.12784,115.397064,227.21736
13597,486.2856494,6.0247087,360.976,371.88016,504.5312,28331.854,31269.795,28666.514,340.2428,470.1981,260.38434
13526,384.2162166,6.0294614,16123.162,0,0,0,0,0,0,0,0
13524,276.2329987,6.0301156,20666.73,357.37915,390.6163,0,0,0,0,0,0
13576,366.2054022,6.0335827,23589.379,654.88055,883.5694,0,0,0,0,0,0
13569,295.227265,6.036394,4529.1104,576.0907,379.094,233.10681,1312.8721,1059.1744,386.16125,194.05737,353.6152
13581,346.1835973,6.039001,1963.9855,52.84494,0,0,0,0,0,0,29.653568
13537,287.0867339,6.0432143,1248.7574,1371.3279,1553.6635,1243.2832,1727.7317,1394.3524,1733.1849,1582.9114,1262.8531
13536,265.1047134,6.043889,73621.336,62718,67820.94,68587.43,71036.95,66580.54,65758.08,54536.285,63941.99
13534,139.9940668,6.044462,290.52765,131.43958,90.63281,58.248646,42.212982,38.656303,281.7764,210.58089,162.805
13422,334.2374755,6.0503507,114800.48,5184.76,6672.325,0,0,0,0,0,0
13553,245.0791739,6.0534024,2193.1855,2440.731,2153.0044,2090.9116,2336.9558,2653.5818,2753.3406,2447.9236,2566.782
13554,223.0968462,6.0534196,4259.091,4304.904,4142.0444,4054.402,3874.9526,4052.8298,3747.4897,4208.1655,3926.34
13525,368.2445543,6.057751,39002.656,112.76295,43.489426,34.82348,39.84749,35.999542,28.238815,0,33.95039
13565,312.2541291,6.0586033,73498.79,2869.2861,3096.135,0,0,0,0,0,0
13593,240.2327078,6.059365,7818.401,712.69507,344.71417,233.63455,189.04895,396.17825,188.40594,138.65228,93.656845
13608,350.2312518,6.0623956,60874.254,1642.4965,618.6824,0,0,0,0,0,0
13578,280.2258318,6.0648947,3087.4521,0,120.95441,0,0,0,0,0,0
13625,284.2226285,6.0679727,153052.55,7557.814,3200.837,87.656334,34.17151,0,53.902992,0,48.502304
13587,338.2679292,6.0688815,22775.7,1395.1898,1816.9384,0,0,0,0,0,0
13580,330.2054615,6.0717654,5030.082,115.81875,100.00078,41.749016,52.15862,119.866165,33.061348,43.011505,35.020397
13548,350.2108776,6.073581,47599.69,2948.5334,3478.5903,33.04452,0,35.67711,0,0,0
13598,451.2489545,6.0751305,0,0,0,2710.2666,2770.4614,2617.8953,0,0,0
13558,357.3125714,6.0754175,2333.7905,28.250105,41.278996,0,0,34.975494,0,0,0
13555,210.1493117,6.075922,3795.6997,39.044823,41.780136,0,31.81665,0,0,0,0
13582,354.2439252,6.0844293,4602.378,207.00372,120.251526,0,0,0,0,33.036995,0
13612,322.1771997,6.0875974,27191.16,1472.4221,1522.6182,89.68838,0,0,0,0,0
13692,184.1339028,6.0894012,16652.896,110.49408,217.40529,166.90515,177.26654,327.00015,106.18973,45.0191,64.45107
13620,301.2492702,6.0901346,791.24884,0,0,0,0,0,0,0,0
13676,165.0915734,6.093889,5269.873,1453.7296,322.63882,589.82086,614.95325,857.07007,191.18883,567.6718,809.41064
13631,345.1473631,6.095927,0,0,0,807.82446,919.0657,854.6948,0,0,0
13650,382.2361047,6.0981565,3781.3481,0,63.852943,0,0,0,0,0,0
13637,366.2629109,6.098641,19252.857,1414.1213,2409.9624,0,0,0,0,0,0
13627,266.2118692,6.0989656,38187.633,1100.0497,1247.128,0,0,0,0,27.997795,0
13596,316.2855124,6.103604,20117.777,1506.1177,1679.2042,37.898567,38.052868,0,30.541485,0,36.817364
13675,149.0965671,6.1083703,5698.4805,484.2599,345.6686,435.00275,608.30164,835.97015,332.9608,197.48083,432.0289
13638,339.1577114,6.1084447,5086.016,2897.2913,3204.2039,1094.1769,777.05316,896.29266,215.39034,398.28784,189.65329
13630,307.1902918,6.1089983,113.778275,458.8756,537.7116,24120.793,25748.15,22901.951,880.25714,599.5694,492.4219
13727,308.1969158,6.1114745,105588.75,13116.411,14621.534,4583.913,4834.721,4172.552,0,0,0
13677,200.1285985,6.1127133,7649.8506,87.46603,236.86847,313.76392,404.5342,358.42017,235.8664,76.22564,273.77197
13636,324.2184107,6.1137295,882.3763,31.43858,38.163536,2557.4512,2588.124,2335.6357,0,0,0
13679,384.2161192,6.114353,19012.674,0,0,0,0,0,0,0,0
13660,329.175112,6.1144986,1311.669,2401.8645,2313.6348,7265.303,6304.743,5704.3726,1181.0052,2227.4382,821.2684
13726,252.2326297,6.1160583,289221.53,25159.13,25983.312,0,0,27.02908,0,0,0
13682,595.1967628,6.116995,0,0,0,4352.018,4255.0127,3802.174,0,0,0
13639,355.1317755,6.1170936,739.9573,569.11755,483.52078,74.21695,34.812218,44.2212,29.962189,0,28.837772
13711,365.2315213,6.117962,53.23658,37.919395,32.486958,2405.9453,3119.0984,1666.3265,35.338715,43.02664,44.393166
13695,561.4621938,6.1203904,2237.155,0,0,0,0,0,0,0,0
13705,931.5334092,6.1210427,0,0,0,393.26138,472.17737,419.90836,0,0,0
13662,182.1183293,6.1219573,1699.75,43.617195,70.48617,56.086445,105.33185,70.380714,75.576744,40.659576,87.73547
13719,310.1995831,6.122342,6069.346,616.9246,579.5674,0,0,42.85897,25.1592,0,0
13700,437.2694668,6.1230664,0,0,0,82686.05,90936.12,75353.94,0,0,0
13729,294.2289093,6.1236324,2734.4207,1155.2068,1867.7734,341.94946,902.57684,1022.2523,1435.675,1051.2897,1031.2001
13629,289.1798513,6.123905,47.723003,39.5063,36.35678,12802.634,13538.137,11506.281,50.272343,35.022125,36.741604
13712,472.3068047,6.1250954,0,0,0,82370.41,90900.02,76585.484,0,0,0
13713,477.2620806,6.1250954,0,0,0,44069.21,48670.83,40521.848,0,0,0
13716,551.2322173,6.125097,0,0,0,18500.205,21947.451,19804.26,0,0,0
13717,570.2621513,6.1250954,0,0,0,4300.028,5911.1206,4851.944,0,0,0
13718,573.2149253,6.125097,0,0,0,4604.4434,5269.7124,4310.5366,0,0,0
13720,170.1545042,6.126341,70278.96,70318.76,80261.89,64983.727,66495.26,70249.81,70126.9,67143.15,67537.07
13728,419.2588552,6.127125,0,0,0,52563.984,58080.516,48713.41,0,0,0
13731,553.2343921,6.127119,0,0,0,1298.7395,1621.3014,1639.2295,0,0,0
13732,568.2594872,6.127125,0,0,0,63677.32,73471.09,66420.234,0,0,0
13694,368.244506,6.128113,49723.473,112.76295,92.65924,34.82348,51.176186,82.63179,28.238815,36.236572,33.675465
13735,381.2048856,6.129149,0,0,0,427.52597,411.37912,182.98068,0,0,0
13648,348.2194946,6.129199,13568.75,295.90005,322.54633,37.83851,36.47252,45.798355,0,0,34.165123
13739,292.2259494,6.129613,322883.9,30224.047,35330.633,0,45.79539,58.702362,0,0,0
13708,314.2699012,6.13037,65315.465,3608.8083,4159.1484,285.29108,190.17538,136.93738,64.64063,432.60104,138.88416
13730,493.2367875,6.1320925,0,0,0,15937.695,18344.61,15833.515,0,26.638227,0
13745,436.2857734,6.1332073,0,0,0,505.22205,743.8044,791.8145,0,0,0
13770,299.1850058,6.134268,436.6275,490.66403,625.69055,987.33685,2221.2717,1781.9264,371.39948,521.32007,735.0378
13747,360.2528233,6.1352158,0,0,0,3172.2214,3522.0105,3287.0325,0,0,0
13748,424.3280952,6.1358643,2468.6328,2741.8604,2940.5364,3065.483,2875.5227,3034.8357,2863.906,2493.5032,2221.7573
13738,235.2062373,6.1370573,24101.848,1873.36,2335.601,35.276115,32.31898,46.786392,23.182775,33.97134,30.483004
13750,407.3015125,6.1370416,1504.4512,1416.8013,1761.1473,1925.8877,1949.8689,2026.8124,1773.859,1657.8489,1399.3971
13751,530.3122362,6.137238,0,0,0,1136.1156,1521.5286,1247.8463,0,0,0
13752,513.285885,6.137245,0,0,0,2783.1328,3168.7673,2737.9424,0,0,0
13767,337.1425109,6.1372814,133.41678,217.21992,96.51405,1793.2458,1589.7488,346.54095,324.10248,368.1806,122.21541
13812,207.1384475,6.141461,2233.367,251.45065,351.85138,785.3172,260.19006,1391.935,384.08084,184.49805,291.37506
13831,222.0890326,6.1446166,1663.2578,0,0,0,0,29.448566,0,0,0
13818,387.1812263,6.146661,1577.5565,5385.81,7904.2603,7052.933,3234.4182,6506.721,6119.2456,6678.867,4658.788
13762,321.166829,6.1469398,136.83699,48.297474,54.783882,3224.383,3097.2148,755.9355,48.223183,61.17966,60.060776
13768,241.1805029,6.1482434,7208.6426,7323.114,14050.6,8994.715,9153.009,13219.327,14053.137,10553.092,4749.1826
13777,263.1628721,6.1501937,1505.4502,1107.1526,2345.2395,2586.3718,2240.5728,1768.5273,2182.6965,1623.9443,2359.875
13776,301.2493199,6.1506968,5868.2197,0,0,0,0,0,0,0,0
13884,266.211828,6.153486,82070.68,1662.4758,1592.9027,0,0,0,0,0,0
13781,306.2044644,6.153486,176634.92,5515.1343,8481.166,0,0,0,0,0,0
13782,322.1788419,6.153486,45681.723,2688.1172,1645.763,0,0,0,0,0,0
13649,364.1898745,6.157202,6469.2246,131.24931,38.612946,0,0,0,0,0,0
13744,320.2590874,6.157751,391.48148,0,0,4031.0635,5768.467,4405.4277,0,0,0
13771,316.2128608,6.1608715,138.19038,318.46716,254.38295,3265.1309,2436.2988,1299.6708,169.60895,373.75232,464.56088
13811,409.1633457,6.1678333,3343.9111,4345.593,4907.8755,5007.7256,4375.3027,4739.517,4198.057,4132.8433,3824.3782
13813,425.1372476,6.1691947,3611.992,4735.8237,6167.464,5598.813,4842.9023,5326.957,5338.448,5348.9326,4867.707
13856,306.1919736,6.1701317,156.345,45.532185,52.93042,151.67024,230.60051,5818.531,52.878914,117.90444,339.83963
13847,206.1178916,6.1710777,5445.808,105.75808,76.51055,81.631035,57.462795,92.9743,116.42485,36.301445,96.479546
13826,277.1207005,6.1726847,169.28967,560.4686,495.68994,362.9319,505.94208,695.4667,696.7876,508.1169,483.94162
13822,219.1174875,6.1737366,47529.758,47967.004,51073.42,50185.88,54249.906,54364.574,46859.656,47150.17,47532.977
13825,237.128065,6.1743,89607.46,93785.65,101739.31,93702.32,96705.79,97312.625,93639.96,94765.65,95947.336
13900,275.203221,6.1758432,986.53827,138.41592,96.25886,11157.624,14002.469,12174.298,78.21474,174.70558,65.1176
13842,254.154693,6.177332,1108.0723,1247.9697,1137.398,1366.2849,1474.6039,1335.9108,1130.2906,1216.8406,1030.648
13832,224.1646752,6.1773915,8906.112,42.10772,0,0,31.543514,0,0,0,0
13802,354.2443397,6.181106,4151.346,207.00372,156.67917,0,0,31.065239,0,32.651516,0
13840,449.150466,6.183559,261.29224,77.68881,260.2262,575.9009,437.07785,144.40582,0,0,0
13857,311.1479887,6.184316,88.87231,281.1679,323.27737,60.31404,551.8567,3789.9177,98.719635,132.75055,221.34566
13833,326.233821,6.1850457,34030,414.83997,402.55585,55.9494,57.38422,49.482845,0,25.293287,40.34906
13785,284.2225943,6.1869426,56910.71,2838.8965,5244.6943,86.29625,165.70242,118.80787,38.6746,172.29959,98.56359
13851,466.1767193,6.186929,2387.6567,1982.3414,2351.704,2619.055,2556.1667,1543.2098,0,0,28.431221
13809,338.2684107,6.188922,23435.885,1318.2992,1773.1807,0,0,0,0,21.724552,0
13858,327.1212262,6.190937,0,39.450714,36.090195,51.486244,94.88323,2101.9587,37.093853,33.40738,31.85362
13814,316.2857796,6.191842,21285.67,1448.2114,1523.7363,47.54251,89.29858,54.431293,71.55602,125.713264,46.60572
13867,380.2558135,6.1920524,1607.6215,0,38.42285,0,0,0,0,0,0
13841,348.2197541,6.192371,16546.951,410.62042,355.31424,0,58.70161,32.895676,44.837685,0,34.165123
13861,324.2907564,6.1956215,18407.637,290.5692,403.39572,0,0,0,0,0,0
13891,320.2591692,6.1965904,391.48148,0,0,6254.925,11154.979,5411.01,0,0,0
13872,305.2096212,6.197647,21343.746,20988.059,26274.846,26152.492,30092.422,28455.459,23494.908,24108.389,21842.307
13876,265.2169251,6.199118,8055.602,5811.0503,6481.2593,7548.4214,7310.4595,7610.1206,5273.0713,6506.8657,5719.6016
13866,364.2836192,6.200102,10081.922,55.36283,77.151215,0,0,0,0,0,0
13886,381.3125936,6.2001214,247.39606,785.3128,1247.3561,0,0,0,0,0,0
13880,321.1840799,6.20036,2200.7295,4099.8613,4474.417,5118.1104,4946.64,4214.822,4642.3223,4369.058,4166.1025
13855,289.1646461,6.2016034,0,25.135664,28.2686,24.9968,28.266874,1278.0852,31.418846,0,28.131172
13834,364.1901413,6.2043724,7295.715,64.20552,38.612946,0,0,0,0,0,0
13904,210.1490862,6.2048993,13223.197,111.0509,110.58138,35.57599,33.931038,0,22.996748,0,0
13914,193.1229978,6.205507,8142.798,1173.5106,862.8054,417.33887,694.1955,472.01706,1040.3423,1031.226,523.90485
13896,360.2526753,6.2078996,0,0,0,3929.406,4609.563,3732.698,0,0,0
13889,403.2930032,6.2079387,228.20798,571.9267,1059.5385,0,0,31.536957,0,0,0
13883,376.2256881,6.215273,49.07508,0,0,979.2973,1370.6077,560.52057,0,0,0
13916,329.3171517,6.2193484,36547.945,36074.438,37945.332,45543.812,46320.85,46998.934,36552.4,38839.8,34223.047
13919,437.2697492,6.2217193,0,0,0,11280.684,11940.011,10627.617,0,0,0
13920,454.2959837,6.2221184,0,0,0,2194.5007,2113.0796,1446.0012,0,0,0
13921,477.2621672,6.2225585,0,0,0,8915.934,9724.947,7957.1973,0,0,0
13929,291.136584,6.23006,115.8974,113.5276,165.70035,303.03418,254.85992,73.82935,46.265095,41.357834,74.01351
13936,269.15422,6.2303543,3619.0366,5957.5015,5720.5957,6526.946,7055.5947,7132.579,5104.2725,5604.4893,5699.2554
13935,286.1810368,6.2310734,292.783,439.7021,469.62268,464.51297,536.0976,285.93314,202.12729,447.83746,445.66284
13940,493.3266903,6.2313113,3153.905,0,0,0,0,0,0,0,0
13941,509.3009275,6.2313113,556.1472,0,0,0,0,0,0,0,0
13982,335.2217756,6.231371,166.45288,273.67532,205.76253,5302.766,5612.8887,4809.8384,214.54425,169.84094,228.69067
13987,277.2166592,6.2362676,7602.0303,143.50092,324.4402,3130.4404,1900.5266,1752.5442,64.863785,47.3415,52.55043
13983,313.2382128,6.2422915,172.98177,112.21275,168.44098,3130.9668,3138.3599,3144.1216,150.06032,200.83322,168.10771
13961,322.1789539,6.243119,8142.37,860.7568,1055.3955,0,0,0,0,0,0
13971,350.231291,6.245767,174277.42,4629.702,3895.7937,0,0,0,0,0,0
14081,284.2225932,6.247957,12414.749,590.5751,748.242,86.29625,165.70242,118.80787,38.6746,172.29959,98.56359
13975,366.2628958,6.249495,19801.033,1319.0022,3464.3674,0,0,0,0,0,0
13996,314.2698909,6.2505183,36954.688,3387.2368,2441.7344,285.29108,190.17538,150.10382,74.26743,207.54224,197.29877
14004,235.2061824,6.25062,20099.385,1625.551,1961.8165,135.07681,156.78485,38.14885,23.182775,33.515553,0
14099,329.1748398,6.252852,0,78.027435,29.565195,698.6098,719.3844,487.26392,23.379646,99.18449,37.963417
13992,561.4631254,6.2555866,1311.8685,0,0,0,0,0,0,0,0
13965,328.2492154,6.2603936,232451.14,6608.7017,7070.454,3326.775,4039.838,3772.205,207.56177,78.79158,63.314835
13939,382.2374706,6.260961,3847.7874,45.342278,93.8629,0,0,0,0,0,0
13951,471.3432277,6.2631087,4954.873,0,38.147938,0,0,36.698124,0,0,0
13957,366.2039072,6.2631707,79641.61,2117.079,1589.0327,30.263372,0,0,0,0,0
14068,354.244168,6.266644,51855.484,4600.041,5630.064,0,27.652271,31.065239,29.10167,32.651516,0
14017,364.1898823,6.2668357,19778.996,64.20552,238.49843,0,0,0,0,0,0
14016,343.2613952,6.2695513,2691.4414,0,0,0,0,0,0,0,0
14012,326.2342375,6.2733245,45907.945,932.58185,867.834,105.975235,57.38422,76.86361,0,29.926826,40.34906
14018,348.2199489,6.274243,51068.492,1075.1327,870.9735,45.901474,58.70161,36.529778,44.837685,0,34.696903
14043,320.2227786,6.278612,2314.1968,32.97912,0,0,0,0,0,0,0
13988,294.2435864,6.278699,67918.445,3073.9973,3897.6736,34.081543,0,0,0,0,0
13979,312.190016,6.2796674,1568.6234,373.80804,439.6839,497.23206,243.89821,402.62805,368.5284,310.75595,470.43506
13978,296.2211572,6.284332,3623.2947,0,46.472176,0,0,0,22.989628,0,0
14009,308.1969762,6.285143,71872.28,9039.9375,9451.564,348.74252,234.25172,123.41839,0,0,0
14065,298.2749689,6.288156,105971.05,6365.8315,7489.516,38.500908,100.71153,32.029648,0,31.117802,30.999485
14107,338.2126847,6.2901783,2518.813,34.182728,376.28867,0,0,34.72433,0,0,0
14060,549.2260019,6.2905655,0,0,0,1434.1217,1622.6578,1090.2793,0,0,0
14067,338.267655,6.29249,215143.92,16140.084,18830.285,325.84708,178.8952,575.42914,190.59642,137.9879,112.25306
14077,451.2488061,6.294722,0,0,0,8887.568,10135.506,8813.826,0,0,0
14078,528.2969992,6.294722,0,0,0,3789.6897,4011.055,3483.477,0,0,0
14079,533.2522904,6.294722,0,0,0,3550.6096,3984.4814,3310.6465,0,0,0
14073,316.2857207,6.295835,171571.3,11018.314,12922.527,523.86456,634.4255,388.6808,335.52853,207.90804,348.41043
14058,415.2121866,6.295829,3416.5972,3049.8398,3504.9072,1601.8611,2008.8405,1641.9237,1721.2393,1660.3181,1576.4277
14082,468.2752629,6.2967925,0,0,0,1142.4816,1339.9216,1132.457,0,0,0
14005,252.2327771,6.2974725,231059.9,19293.244,20426.63,334.22275,371.04187,504.2627,0,0,0
14109,289.1794434,6.298813,72.57419,115.701706,45.371887,874.38135,244.68423,402.70523,63.79883,145.91748,60.68235
14072,453.1687093,6.2999997,1874.95,1556.6083,1928.72,1099.7559,1281.9453,1094.6033,1005.36694,643.8229,934.7075
14088,266.2120911,6.300115,15083.104,600.5942,607.3256,0,0,0,0,0,0
14092,495.2751998,6.3013597,0,0,0,12824.681,14297.734,11384.677,0,0,0
14093,535.2678967,6.3013597,0,0,0,29398.2,32903.67,27179.008,0,0,0
14094,551.2420099,6.3013597,0,0,0,12561.958,14333.073,11519.663,0,0,0
14007,292.2255256,6.30147,239544.94,21039.104,25632.201,669.2504,826.66943,411.80283,0,0,0
14101,322.2364923,6.3038774,9865.8545,622.3284,1485.1823,0,0,0,0,0,0
14165,352.2288446,6.3059287,41800.59,2831.0552,3227.8306,62.453655,0,0,38.0551,0,0
14215,284.2224654,6.3078237,4593.448,547.34717,458.55182,0,39.8257,44.41446,0,31.17603,33.989357
14098,300.254205,6.3100886,14848.456,959.2636,2544.45,338.19724,179.34204,458.8721,337.9838,237.00844,290.23535
14040,298.2391304,6.310449,3743.5405,80.01746,181.18933,28.033321,0,29.753263,24.039043,0,0
14071,332.281309,6.3158655,9035.902,33.287758,0,0,0,0,0,0,0
14216,306.2050247,6.3208694,4984.193,766.76965,691.2432,0,0,0,0,0,0
14161,308.1969799,6.321585,136598.64,16017.969,18775.502,348.74252,234.25172,123.41839,0,0,0
14091,513.2860847,6.3226295,0,0,0,21072.129,23338.52,23023.818,0,0,0
14228,322.1793981,6.323233,2451.8489,284.27362,169.4653,0,0,0,0,0,0
14097,306.2066173,6.323345,20569.844,753.5351,669.9545,0,49.188717,0,0,0,0
14160,328.2492575,6.3259006,99509.31,2978.0073,2652.5457,5457.4844,5615.0327,5763.4995,45.760513,78.79158,57.318703
14144,561.462614,6.3301363,5406.8506,0,0,0,0,0,0,0,0
14168,294.2292248,6.3313794,2744.6028,753.5955,1021.2019,34.188473,106.996864,43.371605,71.172806,84.78093,44.085808
14152,310.1986547,6.333681,8978.229,910.231,1050.8889,0,0,36.62194,0,0,0
14151,252.2327764,6.3343887,517701.6,41500.383,45310.516,371.85184,371.04187,555.69495,0,0,0
14163,292.2254996,6.33828,465642.9,42100.137,48375.754,748.6925,882.5829,724.462,0,0,0
14175,217.1959038,6.338596,13815.575,1112.8102,1115.352,60.314346,0,39.334343,0,0,0
14153,336.2528452,6.340847,112925.77,5467.738,5888.614,48.001553,52.514957,32.598854,0,0,0
14150,235.2065881,6.342322,44574.176,3711.8672,4000.0686,135.07681,173.17215,56.86192,23.349499,23.954609,26.776669
14195,366.2038813,6.3485203,28974.217,661.17487,680.9888,30.263372,0,0,0,0,0
14199,235.076075,6.355887,5421.091,4714.145,4822.188,4936.954,4890.788,5214.526,4387.405,4646.3506,4512.925
14204,530.3125878,6.3571944,0,0,0,38554.38,41096.96,35202.434,0,0,0
14197,350.2314338,6.3573956,71127.84,1372.8418,519.31946,0,0,0,0,0,0
14184,319.0588707,6.3579817,150.40782,119.2261,99.83501,75.1456,229.67236,115.93498,142.15283,165.169,238.26292
14203,257.058021,6.359171,454.85452,391.3575,725.24243,756.05347,1057.9946,951.89026,914.15216,725.1671,694.32715
14210,513.2860777,6.359249,0,0,0,25969.846,24789.188,41813.754,0,0,0
14211,297.0768587,6.359926,16151.777,13298.154,16708.064,13619.78,13668.718,13092.807,14296.34,14545.357,13846.939
14219,477.2621166,6.3633957,0,0,0,6268.8687,6916.724,5612.378,0,0,0
14162,314.2698852,6.364047,103619.82,5217.096,5325.367,575.38666,260.88107,166.15646,133.46191,104.70497,76.75784
14223,437.2693523,6.365442,0,0,0,14698.104,15197.418,11482.645,0,0,0
14224,493.2347387,6.365448,0,0,0,1357.6323,1614.1772,1252.3899,0,0,0
14194,344.2460061,6.3668113,24817.756,1110.0364,1130.9762,71.893196,121.494026,54.355247,173.0314,41.80506,53.633755
14229,370.2373849,6.3683133,2365.7402,0,0,0,0,0,0,0,0
14233,472.3069271,6.3695602,0,0,0,8849.467,9678.262,8505.481,0,0,0
14299,300.2541802,6.3718433,15590.733,1462.5414,2893.1487,338.19724,375.46863,458.8721,385.19565,616.0958,400.63156
14173,331.2961248,6.3783407,2526.167,0,39.735973,0,0,0,0,0,0
14245,398.2315777,6.3804054,2237.572,0,0,0,0,0,0,0,0
14132,471.3423051,6.380632,2239.4414,84.58605,63.605423,63.103294,109.18153,119.23099,41.637215,98.23967,77.856895
14347,217.1957989,6.3837667,3798.258,458.04297,133.73921,0,0,0,0,0,0
14243,382.2584804,6.3850694,4096.3447,99.82326,33.169838,0,0,0,0,0,0
14251,523.4214023,6.3860083,1794.1283,1260.8046,1538.93,1579.6869,1737.5562,1895.0731,1235.6986,1478.5214,1358.2065
14252,856.4560123,6.386116,0,0,0,3136.1345,3712.0098,3278.3975,0,0,0
14254,540.4489159,6.3866878,4004.5132,3368.593,3201.6716,3215.4192,3208.2947,3215.8896,3351.017,3663.3508,2827.0957
14250,861.4107057,6.387851,0,0,0,501.56787,712.30634,590.21423,0,0,0
14258,435.2541376,6.389582,0,0,0,13155.934,15045.675,12034.518,0,0,0
14267,452.2803191,6.3896337,0,0,0,1220.1067,1600.5532,316.81815,0,0,0
14265,537.3518864,6.3925157,537.637,0,0,0,0,0,0,0,0
14274,343.2607406,6.3985863,2816.5227,0,0,0,0,0,0,0,0
14401,350.2313482,6.4003463,84523.71,284.95438,519.31946,0,0,0,0,0,0
14359,308.1974405,6.401521,26043.188,2664.901,2862.8691,69.70537,138.17975,29.791426,0,0,0
14355,252.2327807,6.4016976,134682.73,8665.899,9299.879,161.18123,53.064697,32.94056,0,0,0
14279,364.1899371,6.4043384,25991.03,732.3281,233.25052,0,0,0,0,0,0
14369,292.2258601,6.4045987,162658.62,8443.734,9217.978,32.1251,242.64415,324.1629,0,0,0
14276,348.2203508,6.4048824,64513.38,1482.9341,1171.3324,48.367382,40.011135,42.981537,37.97246,35.537437,34.696903
14217,354.2641704,6.4093504,14886.846,41.833946,36.059532,0,42.233643,0,0,0,0
14283,326.2345114,6.40961,99491.7,2703.4023,1834.0415,105.975235,34.6941,119.90739,30.225098,31.706074,23.45388
14277,316.2262997,6.4124203,6284.615,1073.8536,726.73987,1785.0051,1724.6351,1456.5393,0,0,0
14297,338.2104469,6.413569,5841.094,76.61548,761.3588,0,0,0,0,0,0
14311,322.2365795,6.4155917,21557.486,1381.8462,3074.4436,0,0,0,0,0,0
14315,493.3265036,6.416755,2506.8313,0,0,0,0,0,0,0,0
14317,509.3013819,6.416755,737.663,0,0,0,0,0,0,0,0
14264,515.3689621,6.4188385,1253.8328,28.28591,118.98687,87.73601,32.727436,63.0383,26.330013,0,0
14361,289.1780306,6.426502,72.57419,34.375847,68.91532,791.0966,554.28467,797.13525,59.984524,105.05242,124.7533
14332,425.1372939,6.426947,19750.805,20828.34,22353.77,23444.66,20101.94,22162.166,21936.836,23419.973,19755.223
14337,409.1633727,6.4276366,21429.217,20225.58,22095.13,24737.086,21418.998,23364.068,21229.682,22383.877,19256.822
14354,235.2064491,6.4279027,9500.121,987.5988,872.8336,75.65279,112.00603,56.86192,28.45224,0,29.64825
14196,267.1234354,6.4281306,16198.861,13296.637,14518.894,13112.635,11132.767,12753.498,12929.79,13905.499,12093.897
14341,387.1812052,6.428497,8292.117,6776.725,7218.9766,6370.7715,5663.8643,5859.3364,6308.3975,7266.2188,6430.794
14314,471.342069,6.4311714,4037.4346,59.51555,52.356995,63.103294,61.350285,119.23099,106.93805,98.23967,77.856895
14412,366.2051612,6.431719,53554.508,381.62387,208.4857,0,0,0,0,0,0
14395,314.2698719,6.432126,209681.28,11394.354,11405.855,351.58606,325.53162,166.15646,133.46191,173.27806,146.10251
14394,354.2439993,6.435899,39257.027,6266.899,6637.1597,0,0,34.7743,0,0,28.881432
14351,364.2475636,6.437019,14857.537,389.7258,808.2816,0,0,0,0,0,0
14426,310.2377207,6.439279,31067.621,2815.4646,1877.5726,33.05983,127.91978,0,0,0,25.51535
14381,316.248812,6.4400625,1005.65765,88.31126,161.95847,199.34587,332.4281,61.021893,153.82602,83.38873,85.470184
14367,370.2369259,6.4428825,2580.635,0,0,0,0,0,0,0,0
14327,342.2652098,6.4435816,11994.36,512.8279,821.39294,500.32513,418.08023,510.0742,41.68847,42.801247,63.22615
14393,298.2751214,6.4470716,85185.53,8676.762,9487.38,132.31573,96.24663,141.32155,0,0,24.129143
14409,352.2277897,6.448727,80892.7,5927.798,6298.355,0,0,0,24.66358,0,0
14382,317.2889262,6.4488754,32920.062,3676.647,3702.7227,43.923065,39.458767,0,0,0,0
14390,316.285702,6.4507713,181230.83,18892.557,20333.008,1126.3239,857.4629,1032.5438,415.94794,634.609,634.673
14396,338.2675203,6.451675,169226.52,21095.686,22806.762,250.73978,742.0139,582.625,201.19888,60.215473,164.53548
14487,276.2328733,6.4523907,15056.981,3272.438,3507.1106,4440.9175,2752.0466,4046.634,0,0,0
14368,249.1854293,6.4543095,124.328415,562.0478,336.44574,5389.127,5958.4478,5343.0093,183.93437,348.99536,289.59872
14449,437.2922082,6.4549685,0,0,0,667.59595,421.41098,462.73233,0,0,24.100525
14380,299.27833,6.456038,15742.582,1375.9292,1774.5668,0,0,0,0,0,0
14383,339.2712966,6.456193,33785.26,4144.1987,4078.3171,0,38.69177,0,0,0,0
14358,332.316036,6.4577284,86669.35,182.17432,651.68756,0,68.23736,0,0,0,0
14328,380.2210724,6.459265,3516.733,78.80803,91.742874,0,0,0,0,0,0
14404,356.2437779,6.460799,3528.8604,630.9159,450.39526,155.06544,68.4741,56.625954,72.064445,81.56691,83.66285
14414,345.2760577,6.4610825,6687.8145,0,0,0,0,0,0,0,0
14478,236.1053188,6.4612126,13653.189,167.559,37.391464,33.044613,36.04767,0,35.574627,38.739,0
14419,418.2812264,6.462951,5806.656,6753.107,6946.9385,7680.559,7117.535,7927.2524,6478.2847,6668.727,6723.1934
14420,423.2367369,6.464,4049.7556,6630.398,7384.1797,9476.661,10184.847,9727.333,6857.078,6882.4863,7026.013
14571,316.2263661,6.4657097,11875.561,1669.4833,984.08997,1132.478,1178.8317,1152.2324,0,0,0
14434,439.2105736,6.467,241.72478,3869.5122,3306.93,5455.422,5893.5923,5325.6387,4380.411,4175.0977,1942.9811
14433,477.2620903,6.4687505,0,0,0,20300.473,20526.621,17601.688,0,0,0
14438,419.2589629,6.4707932,0,0,0,70700.98,71527.914,62472.562,0,0,0
14439,436.2857166,6.4707932,0,0,0,3905.2468,3514.6155,2676.8984,0,0,0
14440,472.3069067,6.4707932,0,0,0,57055.188,56247.277,48219.617,0,0,0
14491,133.1017253,6.4733105,8397.977,470.5636,477.49146,372.7844,922.76654,639.4514,667.3764,172.77037,406.91647
14447,475.2463527,6.4744306,0,0,0,1882.831,1829.9894,1332.0883,0,0,0
14448,374.3275965,6.4745564,52096.72,43357.062,43432.74,53590.746,48057.17,47907.453,38026.57,46102.46,42133.26
14457,470.2912162,6.478161,0,0,0,7249.2856,7023.9927,6022.3066,0,0,0
14476,168.1389306,6.478814,2461.5986,390.57254,150.95674,60.453724,201.62448,89.48228,134.73578,140.60617,125.4026
14417,336.2518262,6.4819083,244897.47,14451.252,15417.759,42.527813,44.791008,0,0,0,27.639725
14364,332.2797983,6.484776,7479.993,36.776306,31.580257,35.606068,0,0,0,0,0
14479,286.2384437,6.485084,5098.4507,592.87537,558.7192,217.605,209.20541,349.97388,478.2242,202.66083,178.50826
14524,378.2264226,6.4937973,1404.665,39.319103,0,0,39.10462,0,0,0,0
14474,306.1837752,6.493962,37977.453,2441.6003,1962.6449,0,0,0,0,0,0
14503,344.2457029,6.4949512,21323.654,777.07916,717.5583,71.893196,133.74947,52.688248,160.94904,126.94346,50.229263
14490,123.1174787,6.4976125,20655.287,583.7543,687.3004,927.7257,1395.6438,282.88187,382.68774,462.57135,423.1315
14499,593.4524668,6.503578,1934.1366,0,0,0,0,0,0,0,0
14492,151.1124378,6.503736,12610.044,248.44618,471.17578,701.75104,841.9889,474.0228,158.99863,484.54736,705.4327
14477,220.1321915,6.5129833,42810.08,531.04425,193.65424,187.57166,75.366394,376.81757,133.32726,235.10233,118.01501
14473,290.2105624,6.515947,111914.74,7186.494,5834.713,27.572536,0,31.796303,0,0,0
14494,186.1495054,6.5169907,274159.38,2386.9294,1619.37,292.89227,316.24747,126.673904,148.01675,97.77923,96.2979
14482,382.2577971,6.518814,10322.27,57.926174,63.010094,0,0,0,0,0,0
14527,398.2309379,6.525631,5647.2505,33.77164,0,0,0,0,0,0,0
14557,406.2260864,6.5279727,0,0,0,509.33994,368.7869,354.26904,0,0,0
14580,367.2099606,6.5285,4147.596,692.1972,675.8639,772.73737,1263.3871,1333.768,763.3292,533.439,616.59143
14469,251.2010601,6.529379,21877.803,1500.6415,1475.3701,1047.7563,980.92444,538.6413,427.67856,163.74811,381.39856
14536,404.2217142,6.529502,4008.2175,2603.7034,2700.7869,25778.92,15658.649,12652.301,35.198082,0,0
14542,387.1948425,6.5297656,12434.267,8275.04,8398.668,78548.34,49555.562,39831.51,353.59546,238.04765,359.1481
14532,795.3612646,6.530195,0,0,0,412.55472,41.963737,0,0,0,0
14537,425.1508945,6.530719,4618.443,5411.309,5098.932,47414.84,30520.469,25051.938,102.3075,90.12065,0
14541,409.1770888,6.5309744,6934.691,5313.8936,5554.3584,57020.086,35752.168,28484.09,107.16019,154.29527,49.2062
14553,362.2544661,6.5330563,533.7558,1170.4891,1460.6864,1350.2981,740.118,1380.2135,1257.7877,1555.0166,1249.1016
14535,389.1968406,6.5341187,194.7021,106.89334,84.79681,2313.098,1434.6691,1313.2458,70.82309,56.178528,33.9076
14540,356.2441746,6.535047,2008.7102,514.7635,295.2599,155.06544,76.97855,100.61576,72.064445,97.20623,46.36724
14629,343.2657859,6.5356336,9305.232,55.28533,97.68733,30.79856,0,0,0,0,0
14558,345.2284984,6.5357227,1765.068,2286.832,2523.219,2459.998,2255.8765,1993.8492,2262.982,2247.9722,2095.0444
14556,324.2554881,6.536917,3748.5125,36.052204,40.58048,0,0,0,0,0,0
14561,535.2675964,6.5380993,0,0,0,1116.2642,1217.3488,1118.4796,0,0,0
14525,380.2210256,6.540398,16510.084,191.969,224.87262,0,0,0,0,0,0
14565,393.309867,6.5414753,6749.0835,7486.256,7433.61,8712.851,8434.555,8164.632,7250.3843,7828.131,7551.07
14566,371.3279958,6.5414777,62541.27,56672.836,54465.438,62354.625,58085.793,60406.21,53059.566,53928.895,50720.242
14568,141.0914579,6.5415406,7744.208,300.5623,403.92853,741.44495,271.74368,1100.6385,1411.698,289.37607,632.2399
14573,495.2752394,6.542175,0,0,0,700.44904,438.2521,509.12634,0,0,0
14575,409.2837447,6.5428004,1730.231,3420.6143,3528.3052,3322.2236,3328.921,3444.0505,3614.878,3816.6687,3931.6726
14593,342.2651269,6.5430837,58636.8,2277.475,2737.271,172.72775,162.42903,232.2788,33.092865,107.158875,87.27464
14472,268.2277954,6.543767,292274.47,15344.134,10715.787,227.91037,126.94,57.814377,0,26.594175,0
14578,513.2865336,6.544173,0,0,0,1838.6182,1696.0712,1467.7205,0,0,0
14534,411.1801964,6.5449047,69.40701,296.02368,80.152725,1813.0125,1345.7494,833.8094,145.06744,37.20848,40.72084
14587,322.2368218,6.545548,4501.1553,203.28886,662.284,0,0,0,0,0,0
14569,158.1180915,6.548594,30162.902,225.2468,241.44705,385.2111,252.15211,484.73535,351.68,202.52396,184.00241
14607,418.2433461,6.5496426,5037.894,4609.0005,4297.788,5114.592,2596.6282,4815.7373,3892.058,4157.348,4352.5327
14582,338.2110065,6.5506926,1055.6132,0,33.66664,0,0,0,0,0,0
14594,364.2471976,6.55144,58219.2,1709.4092,2102.8372,0,0,0,0,0,0
14611,423.2001648,6.557579,1904.0734,2030.1818,1937.7255,2013.0454,1837.4244,1973.1432,1770.3741,1970.6776,1802.7056
14708,354.244734,6.5579243,1320.7682,35.010597,126.82934,0,0,0,0,31.694118,0
14705,338.2684541,6.5584054,8412.911,304.7378,514.1787,0,0,0,0,33.014847,0
14650,306.2065836,6.5584335,5106.0527,32.226044,119.106445,0,24.914,0,0,21.899208,0
14603,219.1962303,6.5625243,88.67606,218.81433,228.18513,221.08447,66.225716,1617.5616,70.128006,144.88947,38.3732
14649,286.238524,6.5631695,5459.263,592.87537,353.46997,312.7853,669.34454,637.22925,153.59161,202.66083,322.9525
14676,694.4045789,6.564204,208.03778,0,0,5429.6226,6051.0967,4858.3164,0,0,0
14627,301.2493295,6.5658784,1752.6646,0,0,0,0,0,0,0,0
14631,593.4525594,6.5658784,2271.43,0,0,0,0,0,0,0,0
14670,236.2234539,6.566774,0,26.912819,33.25104,0,0,578.54364,0,0,0
14621,154.1231606,6.567643,3409.3528,149.20938,66.34062,132.197,152.58754,210.1314,135.67807,119.56211,125.322754
14723,322.274414,6.568419,1760.8473,37.559074,40.833153,2385.18,2171.5703,1938.6086,24.320696,0,0
14687,332.3161314,6.568604,84959.93,722.09576,511.95087,0,68.23736,0,0,0,0
14581,300.2542107,6.5691733,3761.8484,429.26923,724.99054,136.08177,92.389725,212.85251,169.20383,483.2741,150.64268
14647,235.2061677,6.5701246,15686.458,110.8195,96.53998,42.05536,29.129684,25.783566,25.54952,55.748207,28.953156
14664,348.2190532,6.571055,74112.67,1663.9008,1135.9695,272.74902,58.31127,192.37965,176.32777,166.00755,308.2164
14658,633.4483075,6.5719347,1392.0071,0,0,0,0,0,0,0,0
14667,364.1897991,6.5746274,27658.957,643.464,513.71857,0,0,0,0,0,0
14675,359.1056733,6.5774775,102.91495,934.94794,891.98846,1083.7688,1050.691,1092.7773,926.3398,991.9966,930.16205
14678,338.1778118,6.579534,356.21988,465.93796,563.7574,768.88403,630.46625,729.83765,638.33185,721.6383,625.7667
14677,699.3586238,6.5798125,0,0,0,1481.0444,1822.8604,1558.6365,0,0,0
14696,336.2509556,6.5803995,198459.14,11507.521,11725.424,0,0,0,0,0,27.639725
14735,504.319716,6.5832396,72.536545,71.16941,37.047863,4510.4053,4969.2886,4605.678,39.68173,74.17406,97.47971
14626,284.2228727,6.583561,5931.467,62.598167,214.3829,30.91312,0,26.93309,0,0,0
14666,308.2206643,6.5855412,618851.94,6131.138,2529.9338,394.15765,545.34076,273.6714,0,0,0
14731,362.2687641,6.594098,231.4454,0,0,1430.5275,1385.1199,950.63214,0,0,0
14672,137.0965681,6.5948453,6018.6494,319.73904,640.25385,805.9801,511.3924,895.60236,280.31586,368.48163,766.0145
14695,499.1381741,6.5958543,615.2035,1681.0653,1522.2443,1864.0836,2040.1682,2147.242,2041.7716,1762.6979,2015.237
14702,296.2593668,6.5961366,106108.63,6289.978,7235.906,0,0,0,0,0,0
14697,352.2260688,6.5961366,61999.13,4554.9575,4752.3223,0,0,0,0,0,0
14644,172.1337723,6.597404,123271.42,2384.019,713.0282,440.83994,288.70203,519.7711,236.21335,284.09744,165.02516
14714,478.2088346,6.5977235,2499.6763,2510.279,2684.3425,2390.2964,2965.4114,2738.8743,2668.335,2673.483,2879.2095
14704,332.280489,6.602164,67455.95,299.0624,87.31088,0,29.951458,0,24.515648,0,0
14798,348.1972361,6.603836,25080.16,677.7473,408.3871,45.667297,0,31.357876,0,0,0
14873,324.1946375,6.6102595,276503.8,3147.1833,670.97076,130.49495,143.2124,51.463955,0,0,0
14809,252.2327333,6.611566,157720.84,2147.632,3348.0457,163.98431,165.9674,133.38025,0,0,0
14671,109.1018724,6.611765,44175.496,1051.6366,2419.1077,3568.0562,488.93732,1126.0144,1465.7029,1904.2772,1752.6237
14732,525.2473535,6.61173,0,0,0,269.92676,527.0855,300.67975,0,0,0
14601,322.1812472,6.613125,2726.1914,51.509804,25.283033,0,47.87706,0,24.146214,0,78.28223
14744,509.2731256,6.615524,0,0,0,2171.505,2220.7097,2242.2173,0,0,0
14746,557.4312489,6.616197,864.1925,0,0,0,0,0,0,0,0
14683,354.2654209,6.617718,83946.836,863.5657,343.94067,42.099922,38.956406,0,34.39917,37.70414,44.69147
14715,326.2341188,6.6192265,84873.2,1536.1791,1116.471,1053.1854,690.69244,891.6299,44.56829,37.31476,31.711014
14718,314.2699249,6.6210256,176602.08,9104.579,9178.503,490.4242,248.87308,158.7318,48.090023,73.809555,129.35754
14755,306.1838866,6.6213155,79001.89,6119.224,4633.8306,0,0,0,0,0,0
14760,298.238661,6.6228647,9374.597,263.0822,408.82144,41.817097,43.407303,0,41.519775,28.491293,0
14712,370.2360858,6.6238823,26281.922,30.042675,32.19647,0,0,0,0,0,0
14736,268.2278609,6.6252484,660298,33207.285,26543.428,273.69598,126.94,57.814377,27.574066,30.448635,0
14768,323.1627578,6.6257644,163464.17,183394.5,178851.9,189669.64,185646.86,178381.55,171565.92,196241.67,177512.5
14779,485.3601575,6.6283555,6926.798,0,0,0,0,0,0,0,0
14780,507.342269,6.6283555,2910.2546,0,0,0,0,0,0,0,0
14787,266.2486302,6.6339087,43854.117,3617.1194,4038.3237,0,0,0,0,0,0
14788,306.2413086,6.6339087,42782.55,3952.123,4458.436,0,0,0,0,0,0
14789,322.2152896,6.6339087,13456.905,1503.3698,1492.7777,0,0,0,0,0,0
14867,397.2004688,6.6352863,1184.5485,719.9417,651.6769,73.49561,69.57158,61.052845,72.69798,49.889557,40.12819
14762,320.222739,6.635418,9356.04,321.6883,296.1488,0,25.313046,0,0,0,0
14817,265.1600475,6.6369267,0,26.246252,0,17019.787,17379.21,15475.972,0,0,0
14754,290.2103215,6.6372495,238855.33,14942.504,11694.376,43.833336,37.554794,31.796303,0,0,0
14769,251.2009337,6.6388392,45215.89,3578.4602,2985.365,331.34982,581.0486,846.7276,303.917,163.74811,330.33234
14703,330.2647136,6.6409116,17014.482,595.5178,246.96527,597.8147,1140.7976,651.96375,134.36145,332.72858,184.2078
14726,347.2927175,6.6438565,1134.5896,0,0,0,0,49.844013,0,0,0
14777,280.227311,6.6444182,3606.6953,150.9108,59.153744,0,0,22.549826,0,0,0
14807,436.2858541,6.645965,0,0,0,5672.8574,4769.4893,4418.6406,0,0,0
14824,304.3006866,6.648691,32250.732,25618.906,25100.877,30339.488,25947.396,27234.828,24653.682,24052.137,27491.084
14793,258.2799436,6.649387,106829.2,34837.89,33954.145,38803.297,80422.56,96447.71,31570.941,34793.55,85325.45
14842,222.0881372,6.649747,2915.1855,0,37.793644,0,0,0,0,0,0
14833,419.2587848,6.652029,0,0,0,180623.19,179197.33,159144.66,0,0,0
14834,472.306738,6.652029,0,0,0,226503.22,221618.94,193811.23,0,0,0
14835,486.3220749,6.6520295,0,0,0,19090.256,15019.713,14489.528,0,0,0
14850,278.2098473,6.6527452,11888.143,5830.824,5116.064,4604.3613,3708.4744,4252.046,3014.3252,3503.2388,3507.7046
14851,415.2126587,6.6527596,289340.56,141001.44,142934.44,30252.324,31525.818,27453.059,20863.242,22704.633,20556.904
14852,432.2394291,6.6527596,431368.22,213163.95,212801.88,45823.77,42575.04,40015.355,33832.57,38980.62,35560.496
15039,446.2551188,6.6527596,39763.188,18956.777,16599.73,4549.0312,3788.8293,3470.5134,1707.8236,2534.3662,2173.7378
14854,453.1686769,6.652763,142991.95,77261.56,74715.71,13832.637,15989.03,12162.202,11263.064,12145.122,12215.542
14855,437.1948311,6.6527796,87509.945,47135.418,44913.645,10089.744,6977.6606,5780.5713,7066.559,7009.118,6366.6343
14829,249.1854019,6.6530366,246.51344,156.36678,139.73196,1402.3256,439.2224,1040.0425,103.627205,223.32077,258.8
14861,256.2275123,6.6541176,29248.559,11325.395,11450.393,8554.122,8115.472,6924.215,6941.88,7022.352,6446.221
14862,460.2705341,6.654143,35480.746,17745.67,17314.18,3380.7317,3391.8396,2505.278,1536.2244,1909.4823,1889.4656
14900,332.2227613,6.6572547,61465.734,2794.42,2031.7114,54.59384,30.788507,36.276154,0,0,31.26088
14942,435.2508478,6.670195,2016.6466,865.2737,542.9315,31852.47,30962.35,25152.875,0,0,0
14904,477.2619842,6.6702423,0,0,0,101594.91,99160.58,86119.16,0,0,0
14917,493.2360009,6.6755033,0,0,0,40977.535,40624.94,35079.977,0,0,0
14931,359.2915009,6.6829886,2715.6736,0,0,0,0,0,0,0,0
14934,453.2641752,6.68362,0,0,0,13931.025,13904.354,11572.516,0,0,0
14935,475.2463759,6.68362,0,0,0,32115.22,30774.703,26018.096,0,0,0
14999,351.2536969,6.685032,0,0,0,7501.3403,8062.005,10887.3125,57.5344,37.346066,0
14940,288.2540198,6.6860075,6900.627,3829.4907,7598.247,8005.456,5257.593,4523.736,4731.135,4031.4688,4985.402
14839,206.1179785,6.686085,11605.098,37.335365,31.968979,90.98863,35.56394,40.041313,28.876247,35.45341,34.906734
14941,417.2431485,6.6862655,0,0,0,26986.559,28281.88,23237.896,0,0,0
14943,491.2196623,6.6862655,0,0,0,12108.105,11930.195,9414.468,0,0,0
14952,270.2430988,6.686479,13773.153,1610.6077,1390.8816,253.12074,126.39406,89.01492,0,0,0
14946,310.2366033,6.687277,55678.363,4657.225,6515.4243,5372.0366,3315.1138,2728.0564,2560.3987,2216.064,3108.0125
14947,454.295884,6.688289,0,0,0,27449.557,23234.16,22283.818,0,0,0
14949,362.2685545,6.688566,1406.3315,0,0,1337.4465,1013.2522,1214.4529,0,0,0
14951,322.2747326,6.6885824,3936.4492,0,0,2791.6807,2379.8933,2062.344,0,0,0
14938,292.2267831,6.6904063,94507.484,5230.0537,7655.068,62.745865,70.08606,41.62671,0,0,0
14957,380.2215154,6.6907763,22374.395,220.37344,253.25174,0,0,0,0,0,0
14979,194.1180666,6.6918607,28161.072,39195.51,15526.612,40494.184,38882.207,26502.049,35839.707,39558.82,37772.66
14964,326.2106986,6.695429,87.05046,158.41293,783.1902,268.32404,84.28921,299.35236,410.85013,203.55717,501.01065
14961,324.2554031,6.697025,5519.794,332.49393,258.7676,0,0,0,0,0,0
14974,336.2518749,6.6987114,82217.695,6242.607,4316.5405,0,0,0,0,0,0
14988,364.2470944,6.702807,67574.43,2204.7515,2875.7046,0,0,0,0,0,0
14968,370.237505,6.70664,23474.137,34.475235,40.00861,0,0,0,0,0,0
14976,314.2697825,6.706929,92346.6,4350.1255,4166.141,301.66724,292.62088,158.7318,98.30165,227.75049,129.6594
14965,210.0899946,6.7108045,7281.603,26.50991,34.092487,0,0,0,0,0,0
15002,348.2178718,6.712452,14251.691,1606.1407,1416.7314,1843.168,1701.7068,1580.3582,1463.01,1580.7047,1566.4508
15007,507.342922,6.713332,4933.729,0,0,0,0,0,0,0,0
15008,523.3164465,6.713332,1735.5533,0,0,0,0,0,0,0,0
14970,391.2471791,6.7151427,0,36.088413,41.554573,15742.205,15692.987,14361.54,38.272366,46.34881,45.505184
15164,278.2096918,6.7164326,1391.9404,65.851685,247.22012,94.1679,85.06739,97.10133,100.744545,117.86331,508.60535
14971,342.2650128,6.7205067,50779.62,2268.0725,2518.5742,575.2931,224.4738,243.85541,43.694744,76.817444,67.79653
14989,354.2657314,6.7212777,73361.51,952.98755,781.30853,57.813446,71.61486,56.429756,34.39917,39.157867,42.56131
15006,485.3590415,6.7214017,7096.254,0,0,0,0,0,0,26.274872,0
15102,407.2208484,6.722778,0,0,0,2237.6936,2867.1138,4288.884,0,0,0
15015,254.2485054,6.726381,24776.484,2125.6055,2206.9348,185.87866,55.585793,43.6724,0,0,0
15059,320.2215864,6.7280936,8248.491,321.6883,68.90347,0,0,0,0,0,0
15191,256.2275376,6.728516,3973.1748,364.1801,253.80728,255.62251,194.72572,440.64084,321.42987,350.6431,405.99356
15063,290.2102812,6.729059,48798.41,3680.1897,3399.0544,43.833336,52.090557,0,35.440887,0,0
14990,386.2911671,6.7326713,0,26.591402,0,107.91785,710.9851,370.68558,0,0,42.738014
15037,369.147578,6.7340484,9551.111,11245.077,11299.289,10941.171,10433.426,10605.948,10987.614,12099.465,12204.554
14948,437.2725036,6.7356095,685.7775,665.489,291.09412,102400.445,107846.36,89183.32,401.30804,614.1708,623.306
15033,233.1906784,6.7372384,1839.2502,49.925766,40.56496,68.00639,36.438805,60.041237,0,0,0
15016,279.1955012,6.738343,438.1718,218.39091,123.3595,8828.506,8203.698,7206.251,382.7862,132.80177,333.11133
15044,353.1733708,6.7384233,107428.81,102108.73,103772.36,111135.625,100916.53,99586.055,98507.25,109599.13,105700.49
15051,326.2342661,6.7407794,9835.417,124.9261,58.993835,1127.806,1121.0773,921.5225,44.56829,37.31476,43.583237
15062,699.3583734,6.743767,0,0,0,13554.658,13513.1045,11549.598,0,0,0
15064,715.3322377,6.744188,0,0,0,1313.4427,1237.6326,1029.7997,0,0,0
15086,298.2396201,6.7447166,7205.906,181.85825,300.38486,71.413,33.06851,25.987078,37.665054,20.765675,58.09306
15075,268.227604,6.745155,115755.13,8408.5625,7008.195,79.67534,194.08022,312.44385,145.57164,53.12716,69.77237
15071,313.1802319,6.745441,6140.944,4795.2163,4843.781,5380.691,5082.63,5520.551,5037.546,4969.092,5197.3066
15072,694.4031594,6.745807,0,0,0,35163.855,39309.617,32288.432,0,0,0
15073,306.1837191,6.745872,20328.045,1363.2367,968.13934,0,0,0,0,0,0
14972,470.2976049,6.746442,474.9386,699.5029,830.9173,29341.41,29199.87,25712.904,688.25836,737.5245,306.1292
15183,343.2637651,6.7485085,3700.4297,0,0,0,35.738655,0,0,0,0
15053,319.1890986,6.7530212,201.05016,380.31976,687.0219,3125.4314,3002.1636,2589.8245,356.8208,583.8567,515.1511
15046,332.2804702,6.755305,78974.336,1270.4132,1326.3651,393.7994,803.68164,1523.4395,303.96204,551.75476,507.6104
15103,409.1632253,6.7576513,11392.211,10905.452,12427.521,15949.935,10993.832,12296.9,11897.365,13431.516,10902.134
14985,387.1810611,6.758322,6827.6133,5707.5874,6506.6494,6231.01,4293.0234,4469.263,6307.197,6448.124,5387.495
15109,404.2079196,6.760304,3176.8096,2833.6487,3003.2964,2943.077,2097.9604,2260.944,3147.1223,3098.6482,2607.9604
15110,425.137164,6.7605076,9405.535,10884.332,12446.889,15636.082,11124.506,11739.484,12128.976,13087.319,10651.99
15114,535.3368463,6.763399,16723.912,14841.262,14435.146,16345.112,15382.474,14768.31,14227.684,14674.48,13997.604
15120,295.1699971,6.7649517,17055.602,16024.314,15294.25,16821.404,15690.046,15729.517,15546.262,15786.3955,15630.165
15121,513.323794,6.764948,18903.893,16229.126,16518.777,19007.432,18672.977,16307.071,16651.59,16533.574,16091.625
15213,310.2122947,6.765462,2089.8599,223.70917,56.480392,0,27.98254,63.351257,28.702438,0,26.931698
15126,129.0703919,6.7662973,23956.377,22934.203,22386.264,24048.102,22821.947,22890.203,21603.861,23214.686,21810.03
15128,335.1626134,6.7662973,140566.2,139004.92,132150.9,146778.05,133826.11,130973.164,133292.64,142946.39,138371.1
15134,351.1368693,6.7678022,9971.356,10379.368,10374.394,10077.702,9315.967,9407.475,9880.583,10569.972,10186.462
15144,491.3104117,6.7702303,17144.463,17608.758,15707.37,19033.336,18857.236,17443.88,15815.694,16315.774,17183.031
15219,254.2484809,6.7705064,20431.29,1748.0808,1769.7382,107.661964,55.585793,43.6724,0,0,0
15148,493.2354297,6.7724223,0,0,0,46772.984,43894.47,39012.85,0,0,0
15163,249.2220254,6.7731676,2720.3767,355.04532,466.86945,45.70051,42.457893,39.28031,28.221767,25.662743,25.36377
15149,469.2973517,6.773808,16931.074,15011.386,15961.526,18559.176,17730.443,16395.123,16209.198,15320.831,15761.67
15155,455.2798495,6.7744565,0,0,0,15505.02,17148.037,13498.667,0,0,0
15156,472.3067665,6.7744565,0,0,0,109767.48,105475.06,92806.47,0,0,0
15157,477.2617039,6.7744565,0,0,0,34883.156,33884.19,29366.6,0,0,0
15277,320.2216847,6.7799506,4471.9194,144.0939,68.90347,0,0,0,0,0,0
15276,298.2393946,6.780961,2178.2844,181.85825,288.62393,0,0,25.987078,37.665054,0,0
15176,266.2486898,6.7812443,41909.117,3385.5789,3855.8909,0,0,0,0,0,0
15184,364.1906387,6.7888527,6126.78,32.909145,0,0,0,0,0,0,0
15174,322.2170646,6.7920594,13587.858,1854.4766,1097.0435,47.853973,0,0,0,0,0
15208,312.254313,6.792743,161236.92,13013.004,12381.811,36.322464,51.07462,38.573868,0,0,0
15201,258.2799446,6.7949514,46492.777,90367.875,92736.08,110957.43,41380.22,41299.492,91747.21,97314.836,41815.215
15205,350.2104067,6.797423,60245.312,5788.4766,5253.2124,0,0,0,0,0,0
15177,306.2416764,6.7986746,40895.547,3316.6348,3958.3435,0,35.104088,0,0,0,0
15209,334.2363152,6.7994475,134851.66,10576.292,10473.992,0,0,0,0,0,0
15211,365.1734999,6.799667,26629.574,25893.252,23810.502,26727.541,23457.197,23629.03,23978.922,24867.543,24662.236
15217,499.37558,6.7999864,3059.3174,0,0,0,0,0,0,0,0
15218,381.147748,6.801028,3104.0815,2617.864,2505.1472,2511.0908,2618.1855,2744.387,2805.931,2620.4165,2750.2434
15229,345.2758477,6.8060575,1367.8198,0,0,0,0,0,0,0,0
15233,521.3587618,6.8060575,1661.2538,0,0,0,0,0,0,0,0
15272,268.2276938,6.806786,259090,13355.882,10599.96,79.67534,49.382137,50.9502,39.77944,42.57187,69.77237
15287,231.2136551,6.808771,1782.6881,37.76974,0,0,35.84292,0,0,0,33.249935
15230,366.2023275,6.8117003,12122.9375,41.00642,36.655926,0,0,0,0,0,0
15248,557.4287329,6.8242326,416.71448,0,0,0,0,0,0,0,0
15292,415.2126547,6.830272,8999.581,5051.53,6293.867,2211.0547,8081.1294,4314.5127,4208.8926,4467.194,2841.5386
15267,507.3432338,6.830272,2709.8037,0,0,0,0,0,0,0,0
15269,290.2100439,6.8318615,113023.805,6214.2095,4851.744,0,0,0,0,0,0
15270,306.1837043,6.8318615,40627.598,2231.2737,1625.6952,0,0,0,0,0,0
15275,540.3071081,6.836118,0,0,0,1122.0084,1359.0325,1087.3818,0,0,0
15278,485.3601195,6.8363285,4057.0212,0,0,0,0,0,0,0,0
15282,244.2278489,6.8408546,37684.23,32044.965,31001.611,35554.53,30790.246,31555.96,27802.35,33507.37,33001.08
15283,518.3254498,6.8415985,0,0,0,25043.42,25666.123,23480.57,0,0,0
15284,266.2097738,6.8431497,2390.1743,3047.7026,2629.2234,3249.305,3072.5957,3160.515,2832.3276,2677.5552,2910.8694
15295,304.3006943,6.8462844,42498.883,41323.47,43084.24,54435.395,29225.672,41369,43341.504,54329.082,43291.062
15296,266.2487064,6.8478503,82622.46,6674.2373,6718.9985,0,0,0,0,0,0
15298,453.1686898,6.8488755,6086.652,4720.7095,4987.1685,5408.3306,4704.1235,5818.649,4713.221,4499.7407,5019.944
15306,437.1947167,6.8513827,5218.8643,3284.432,4087.4902,4082.0366,3177.4956,3018.169,3265.1172,4135.494,6545.019
15309,306.2416069,6.8537593,73922.17,6689.104,7060.236,0,35.104088,0,0,0,0
15315,322.2155313,6.859753,22873.09,3551.8452,2507.299,0,0,0,0,0,0
15329,310.2360959,6.8608127,53017.207,953.2429,948.0735,52.471004,70.527985,37.35766,99.62492,38.181587,22.41373
15328,300.2541495,6.871103,1793.7764,299.61963,140.44696,327.7178,357.65912,874.9301,327.8368,162.56653,196.36443
15359,345.2062117,6.8737273,79.90708,287.13245,56.701023,2551.0413,2224.5784,1106.2008,67.74058,91.12704,136.66814
15338,332.2059186,6.8807187,2390.1155,34.62687,62.95261,64.94588,34.279366,61.612705,0,28.10501,0
15357,320.2449059,6.882983,2464.9382,541.29193,435.90027,39.701103,0,40.568283,25.75877,43.687843,85.58631
15384,350.2314274,6.8861966,58894.04,429.6448,51.079185,0,0,0,0,0,0
15350,280.2545006,6.886294,2803.505,162.9826,320.04187,0,0,0,0,0,0
15366,613.4939853,6.8865576,1238.0966,0,0,0,0,0,0,0,0
15337,316.2280831,6.8910246,6431.163,215.84296,71.82465,0,0,0,0,28.475517,0
15373,318.2421891,6.891151,366789.78,55091.086,66530.445,3214.9827,3096.1772,2702.0837,0,0,0
15383,345.2759981,6.8926115,995.00183,0,0,0,0,0,0,0,0
15347,361.1791886,6.8948464,52.7212,32.04124,36.21988,756.5503,644.1348,284.80124,37.97198,38.928116,30.742878
15353,380.2213092,6.8960648,5149.386,0,28.184147,0,0,0,0,0,0
15414,364.2477949,6.897347,14893.914,48.341736,111.02862,0,0,0,0,0,0
15360,323.2212941,6.8996024,4366.917,501.82816,300.47055,2516.1672,2435.8853,1171.4838,185.2164,152.74745,274.29562
15392,366.2034357,6.900982,40389.895,239.34009,39.018196,0,0,0,0,0,0
15450,336.2533495,6.903366,105086.55,5782.5894,6562.4053,61.527603,60.231556,53.514374,30.721966,26.875298,0
15377,334.2172733,6.9033732,168577.64,27342.777,20937.5,259.8389,399.35538,857.7619,0,0,0
15380,275.2025029,6.9078035,5054.467,45.414352,117.24533,595.39496,913.7234,582.3575,54.140015,25.571548,40.827324
15447,270.243267,6.9088826,67715.086,3187.6287,3422.9214,553.3964,369.83438,344.7078,0,54.896286,0
15425,331.2967135,6.9108305,1834.7875,0,0,0,0,0,0,0,0
15413,342.2654739,6.91357,8902.558,86.032585,346.1737,266.5559,120.9274,59.763504,109.25277,65.81447,208.44292
15421,292.226226,6.9192486,112311.35,3292.946,2344.4807,163.08957,60.575172,118.42482,0,0,0
15424,253.2168646,6.919682,2587.0366,466.9568,113.716095,349.47614,140.61147,152.44208,553.1334,407.8652,394.51807
15451,352.2260291,6.9229064,26372.182,1879.8339,1751.9838,0,0,0,0,0,0
15462,158.1544633,6.9249396,33380.168,37369.094,30201.055,42293.145,29454.816,29810.41,29298.03,26537.857,32786.438
15406,254.2487364,6.927483,15579.11,1163.1847,1176.13,0,31.45441,0,0,0,0
15496,261.2220754,6.9293456,28287.158,1760.9873,3423.8806,51.956093,32.324497,32.155457,0,0,0
15553,249.2219439,6.9334803,2613.9294,76.07818,42.869698,0,24.254192,23.95373,26.074482,30.679142,0
15528,295.2757548,6.934896,1958.1505,34.907722,36.124077,0,0,0,0,0,0
15446,314.2697119,6.938713,105609.15,6932.948,6627.09,474.72882,341.64682,181.1246,243.33415,152.99744,575.8315
15456,352.3226889,6.9406605,3473.46,30.9228,96.5675,0,0,0,0,34.808327,0
15478,325.180535,6.9411044,516.1347,1039.43,789.42896,947.4167,960.17395,734.1668,576.27527,837.6541,727.8699
15466,392.3146996,6.9414897,1957.1486,34.067017,0,0,0,0,0,0,0
15647,365.1734961,6.9437923,30270.113,84104.03,28233.27,32217.127,28095.72,28392.477,29088.34,30462.105,30134.457
15494,351.1368811,6.9443436,13438.937,8859.605,9934.622,9114.078,14199.693,8588.13,8646.525,9212.989,8776.738
15497,129.0704003,6.9450183,32993.758,54589.336,29269.768,57470.3,28584.7,28878.525,29062.936,30778.53,29994.752
15499,335.1626111,6.9450183,140691.27,155314.62,131878.66,155703.11,128648.4,140949.33,133203.61,145635.75,141307.1
15500,278.2485537,6.945084,273603.88,32877.543,32820.027,4394.789,4432.791,4047.9531,0,0,0
15484,147.0806641,6.945696,870.1315,1259.3071,1233.2557,2136.404,1815.98,1279.3087,1192.6509,1006.9359,879.3946
15510,295.1700372,6.9462466,22268.516,20625.535,21950.645,35130.062,21126.906,21510.72,33312.035,33135.844,33425.363
15602,432.2394562,6.9464035,11985.8,7612.157,6392.8374,2428.4766,1260.7043,1518.2294,2005.342,1654.4585,2957.2065
15486,336.1660131,6.9469,31001.893,36096.652,36840.24,34892.992,40255.207,34580.773,40832.207,45047.33,37905.77
15459,308.1949561,6.9472165,7774.323,445.3525,406.54974,81.14105,89.17409,67.7917,82.018036,99.82634,114.19975
15524,281.0817735,6.948266,8594.903,10702.228,8936.919,9790.682,7526.8896,8640.333,8926.566,9501.6455,9259.56
15532,613.4943768,6.948989,828.7606,0,0,0,0,0,0,0,0
15546,443.3166373,6.9566503,0,0,0,3269.4185,3243.18,3079.2305,0,0,0
15547,460.3430167,6.9566536,0,0,0,650.576,629.018,459.85223,0,0,0
15622,236.1051989,6.9591827,3279.208,45.669662,27.548016,0,0,45.072,0,37.25521,27.712042
15557,507.3424517,6.961116,3596.7915,0,0,0,0,0,0,0,0
15621,220.1322241,6.9612575,12313.874,155.40816,69.8963,194.9526,74.668915,208.1133,59.28398,171.06186,83.4707
15561,451.2488534,6.9647713,0,0,0,2206.1648,2100.9382,1884.4008,0,0,0
15562,507.2156304,6.9647713,0,0,0,5112.09,4545.331,4103.197,0,0,0
15604,415.2127302,6.9652414,14722.635,10527.15,8421.705,2002.0237,495.3868,3417.0408,784.4531,2375.3613,2552.709
15784,266.2486922,6.96677,29632.75,1785.2086,2001.8802,0,0,0,0,0,0
15565,469.2598178,6.966795,0,0,0,4228.0605,3813.4321,3903.5625,0,0,0
15573,485.3601337,6.9671745,5328.7124,0,0,0,0,0,0,0,0
15574,306.2415326,6.9688225,19905.297,1530.4766,1480.5173,0,0,0,0,0,0
15576,491.2419414,6.9688725,0,0,0,8934.825,7939.8574,7651.75,0,0,0
15580,455.2797833,6.970902,0,0,0,12016.728,12441.29,11135.848,0,0,0
15581,472.3066438,6.970902,0,0,0,22947.709,22183.93,18889.602,0,0,0
15582,493.2358006,6.970902,0,0,0,14369.376,13138.793,12298.105,0,0,0
15583,486.2859603,6.9709034,0,0,0,6432.8022,6112.614,6184.161,0,0,0
15585,477.2613801,6.9729323,0,0,0,25050.297,22815.55,21422.23,0,0,0
15597,290.21022,6.97797,27624.275,1204.0863,933.63464,0,0,0,0,0,0
15646,327.2173779,6.979442,527.0258,41.237263,44.803047,3558.0298,2989.6802,2799.1223,52.185387,99.986984,75.75189
15591,306.1837849,6.9795017,9473.808,210.90627,141.41907,0,0,0,0,0,0
15603,268.2278074,6.979737,81246.664,3415.4507,3110.2598,38.07583,33.81832,33.38513,0,0,0
15620,198.1494469,6.9822683,5085.5605,117.95035,288.8713,75.8177,103.035034,66.45493,118.35531,97.23141,45.844376
15610,453.168764,6.985279,13510.841,11602.34,9761.939,1344.4075,2228.59,1778.6553,2288.9026,3174.211,1716.3446
15809,437.1946789,6.9864883,11024.306,7660.0083,6539.972,1854.9626,2198.3723,470.7696,447.00763,1107.5737,773.4601
15588,251.2011009,6.99557,4383.1504,965.76276,226.63391,1120.4044,929.935,1083.5009,572.37555,1612.7559,560.5614
15745,288.2539826,6.9964128,1864.6571,56.80771,126.355995,98.24504,100.619125,53.807594,42.808384,53.18517,89.105415
15579,350.2086428,6.9975586,113453.56,3946.2434,4291.903,102.618866,39.300804,52.74155,0,0,0
15618,298.2752218,6.998225,73555.336,8316.974,6063.198,48.274387,0,0,0,0,0
15636,620.3664956,7.0028343,0,0,0,6874.618,6749.1484,6678.2217,0,0,0
15637,625.3222079,7.0028343,0,0,0,1576.7621,1683.4653,1653.1055,0,0,0
15594,334.2373273,7.005647,303343.6,11941.831,10851.829,128.29565,83.40367,49.086746,0,0,0
15628,312.254135,7.0060477,221290.45,12476.065,11381.154,36.972145,36.683784,89.88736,0,0,0
15652,336.2272056,7.0076823,95886.14,13408.17,13916.237,32.2659,42.55674,0,35.130882,0,29.704048
15643,349.1993623,7.009378,492.02963,179.76799,69.52045,3751.4016,3103.242,3614.7927,82.75172,86.24515,152.81421
15648,281.2678032,7.0134664,71007.6,6458.143,4807.885,0,0,0,0,0,0
15658,280.2638893,7.0135,356705.84,32880.55,35564.996,43.28645,49.863182,62.970642,0,0,0
15732,470.2944696,7.0139327,0,0,0,75647.41,71305.08,64667.02,26.682507,29.585835,0
15666,320.2049389,7.0182877,6303.51,46.136,152.99367,79.92564,62.75193,92.833244,33.498974,0,0
15752,253.2168993,7.0192432,10659.629,1057.2573,1146.5884,304.68994,468.65488,152.44208,432.65204,213.4592,438.9689
15673,374.197509,7.022196,3912.149,2943.555,3021.965,2921.3274,2144.4363,2549.7705,2709.0437,2779.0608,2812.277
15674,119.0496597,7.0228696,14883.587,11386.827,11851.866,11728.759,9845.847,11554.621,10994.585,11457.022,10718.573
15676,395.1267396,7.022868,25460.44,30152.895,30672.572,30780.133,22403.59,27543.072,30268.475,31881.08,29453.266
15688,651.2226251,7.0228677,0,0,0,374.06677,1267.7935,1002.3452,0,0,0
15684,379.1526384,7.0235457,21046.402,19969.695,21585.89,21473.652,17486.111,20267.467,19747.9,21264.451,19186.668
15680,265.2168664,7.023617,5505.1304,240.65894,467.38052,1136.7878,283.6397,427.37296,523.72906,460.44788,378.3796
15687,237.1127357,7.0242186,31169.129,22555.725,23822.771,24180.87,18729.414,22193.17,22223.057,23304.5,21173.09
15619,186.1494216,7.024799,55481.918,428.09702,84.485565,67.92316,52.64398,72.010956,143.29141,55.263603,57.213158
15694,357.1702424,7.024896,7628.8667,6137.8555,6072.36,6229.1113,5226.0386,5701.186,5968.542,5836.105,5473.53
15701,332.1502155,7.026245,25575.291,16955.6,16924.668,79314.84,128393.57,115826.8,14800.177,16451.676,17771.148
15703,315.1234276,7.026912,24197.404,17658.494,15492.344,77994.055,127074.07,115863.37,14453.894,13892.266,12683.397
15704,337.1053983,7.026912,69752.83,62827.06,55685.543,263337.03,374782.03,340913.06,44522.78,61471.348,55135.87
15707,353.0794363,7.027589,12997.607,11385.042,9904.5205,51619.39,79540.79,72311.516,10100.217,9895.249,9577.963
15710,105.0339744,7.0282645,6133.6904,5640.349,4711.3784,13782.223,20561.111,21783.271,4103.574,5037.507,4866.473
15711,149.060182,7.028265,59301.062,49756.38,36636.242,191482.12,302130.66,283041.94,37834.96,33549.28,40120.176
15712,282.2435496,7.0288405,69600.09,2583.0576,1811.3672,0,0,0,0,0,0
15654,320.2576302,7.0288925,337240.06,37687.633,38170.133,30.46819,64.58664,0,0,0,0
15723,561.4625795,7.0296035,1035.6117,0,0,0,0,0,0,0,0
15738,308.198126,7.0303497,73453.664,5338.3164,4420.2705,0,75.4151,0,0,0,0
15706,304.2259277,7.030834,19433.354,724.86194,360.5716,0,0,0,0,0,0
15715,271.2274971,7.032137,9670.783,526.7428,451.70068,156.83017,181.9276,122.42884,147.69724,182.45358,208.07133
15722,521.3586086,7.032871,21772.531,259.7041,40.49084,0,0,0,0,0,0
15731,453.2641244,7.032999,0,0,0,15044.387,14448.888,13694.224,0,0,0
15733,491.2197769,7.032999,0,0,0,25700.154,23328.191,21062.482,0,0,0
15683,537.3328646,7.033028,6660.9824,41.0155,0,0,0,0,0,0,0
15740,475.2462964,7.0350327,0,0,0,46827.766,43231.344,39669.07,0,0,0
15653,263.2380444,7.035444,23846.904,2492.613,2417.99,53.81241,26.98438,25.709742,0,0,0
15728,499.3752974,7.0369067,35071.785,610.8293,481.74567,0,0,0,0,0,0
15756,270.2434372,7.0543394,263525.12,14184.11,13398.609,249.01668,75.08076,195.1867,0,35.618423,0
15773,338.210112,7.06285,26800.39,56.072823,0,0,0,0,0,0,0
15830,195.1379471,7.0653696,13862.317,2180.0007,921.11115,2079.5845,702.8758,7657.1484,1546.6166,550.6875,673.37695
15751,252.2327264,7.065818,177319.47,8358.812,8381.838,0,30.890726,33.01382,0,0,0
15829,177.1281041,7.0664096,5198.4585,135.71098,270.4821,540.8726,470.9694,235.02147,130.21082,170.09761,127.69042
15807,455.2798603,7.0695853,0,0,0,3064.566,2113.846,2319.156,0,0,0
15780,334.2187606,7.069781,25852.193,5538.315,5020.863,786.70325,692.3057,1523.7294,0,0,0
15757,292.2254327,7.070303,197204.22,12367.496,11647.889,102.44278,190.21077,52.337776,0,0,0
15831,212.1649719,7.0705833,66628.22,764.09717,224.13922,235.03323,320.48248,505.17627,117.164215,119.178665,162.20415
15760,366.2994623,7.0707383,2878.4705,40.856552,184.86378,0,0,0,38.11647,42.559853,0
15850,207.138344,7.0718284,1131.8177,259.14185,211.49731,199.11261,580.5566,673.4942,327.68857,495.26514,639.7594
15805,472.3055734,7.073713,0,0,0,20455.34,17503.316,18154.984,0,0,0
15878,332.2030677,7.0769553,62572.9,5351.362,4568.1387,87.37401,85.22186,105.88532,51.13034,0,34.71958
15852,216.1340159,7.0779595,586.75525,0,33.13067,28.482311,0,0,0,0,0
15791,322.2372171,7.0779676,59000.805,471.74515,59.224678,0,48.11571,33.67372,0,0,0
15826,278.2485519,7.0789275,622572.94,31420.99,30116.512,1645.358,568.3473,1639.0139,0,0,0
15821,315.2537402,7.0822105,1598.5181,1731.603,1766.684,2136.4236,1639.2651,1930.2743,1751.1301,1657.8306,1798.8513
15823,359.2185811,7.083254,402.06985,682.90924,666.1277,808.7987,715.45245,710.5248,593.23157,626.1428,664.30884
15835,262.1209629,7.0842304,6089.88,0,0,0,0,0,0,0,0
15838,332.2804452,7.0847263,9413.98,10752.363,11123.379,11942.82,8500.719,10309.108,9436.502,9326.672,10359.434
15891,279.2513032,7.0860214,122152.984,5234.576,4912.3853,48.050575,55.402504,36.863472,0,0,0
15847,509.2887184,7.0862336,0,0,0,1067.4521,681.79626,381.49084,0,0,0
15858,504.3328738,7.088308,0,0,0,1259.882,1123.6266,490.6591,0,0,0
15859,525.2627001,7.088308,0,0,0,724.0968,559.03723,89.00965,0,0,0
15834,246.1467779,7.0886283,32608.043,137.6214,35.623695,0,0,0,0,0,0
15855,276.2327496,7.0892234,133985.52,1916.3491,336.3422,71.40488,39.190857,58.39998,0,0,0
15837,353.2109335,7.0901647,2097.6526,1107.0886,995.00555,1019.0109,989.3821,865.5012,1055.574,1115.9741,1038.308
15812,318.2424145,7.092364,91033.5,15536.911,15193.632,272.7079,246.18161,110.81766,0,0,0
15851,211.1798952,7.093963,9895.213,42.64721,0,57.378433,0,0,0,0,0
15865,344.3171776,7.0996585,4191.552,418.45538,529.9901,994.40094,881.6615,1473.484,1293.962,1145.6516,1187.0459
15869,219.1750909,7.1023517,622.11755,975.33417,1731.063,2505.0244,2413.1829,2301.1355,1652.6592,1069.7001,2567.0828
15848,337.2353873,7.102746,118916.016,21875.84,27302.387,9648.189,6831.5674,9136.042,7575.7256,7131.674,7313.3013
15820,261.2219955,7.1118817,33094.074,1575.8123,1253.7102,49.512238,34.439102,51.796608,40.403515,22.88638,24.304781
15902,308.1967014,7.112072,31612.736,3158.9255,3252.5718,0,0,0,371.60077,177.37851,0
15884,259.1676603,7.1135044,288.7596,1004.6931,1611.535,4168.666,2592.5686,2545.1614,1693.471,1307.4037,1680.3654
15879,316.226227,7.115095,216837.69,17368.906,15466.998,50.54541,113.60413,112.622375,0,0,0
15911,470.2953877,7.115841,70.32626,0,0,8121.485,7820.6895,7917.121,27.2477,42.814987,0
15899,354.2859615,7.11881,21808.605,19907.836,20376.06,21290.611,16991.945,20443.03,17606.227,17455.268,20711.799
15853,224.1648453,7.120828,871.21356,0,0,0,0,0,0,0,31.284842
15897,641.2965062,7.121225,0,0,0,747.85095,271.28702,443.52148,0,0,0
15903,625.3219672,7.121273,0,0,0,6129.0176,6303.7427,5740.1006,0,0,0
15912,491.2187968,7.1234183,0,0,0,2144.2568,1971.1714,1667.1013,0,0,0
15894,382.2576273,7.1239834,7653.8057,103.749794,105.42183,0,0,0,0,0,26.674767
15916,620.3666974,7.1254716,0,0,0,17311.629,17940.713,17011.588,0,0,0
15914,292.2255568,7.1276546,94151.66,10053.778,7696.291,102.44278,190.21077,55.83712,0,0,0
15918,252.2329324,7.128118,169595.16,8799.406,7785.483,29.943636,30.890726,33.737957,0,0,0
16076,338.2067353,7.1297073,6507.1177,41.80749,0,0,0,0,33.580994,0,0
15930,334.2373258,7.1318116,1201700.9,38092.98,33675.426,1393.2126,985.97534,175.8866,0,0,0
15945,591.5110868,7.1345325,4101.2275,0,0,0,0,0,0,0,0
15909,342.2653179,7.134918,2914.1624,252.5808,94.60286,168.34305,277.6022,168.50664,59.376972,57.448925,61.73262
15995,350.2100333,7.1372886,390481.47,16971.463,12723.754,547.44446,293.13916,400.6266,0,0,0
15954,258.2435433,7.139778,32621.115,38910.82,32379.748,34716.008,32723.21,34715.42,31001.848,32167.914,32705.809
15970,595.5431101,7.140618,16270.464,0,0,0,0,0,0,0,0
15972,645.4843658,7.140618,6202.7007,0,0,0,0,0,0,0,0
15981,245.2299845,7.140696,40383.95,3487.4607,3499.9038,45.11626,47.74882,40.66371,38.258934,255.89684,45.839294
15947,631.5072167,7.140777,23842.084,62.610947,0,0,0,0,0,0,0
16067,270.243201,7.1422563,157957.83,9817.783,8724.726,249.01668,327.86707,394.95096,27.455364,34.93425,0
15978,280.2249498,7.142383,4534.4697,2214.6982,2239.4087,3407.3938,3135.054,3414.0925,2971.0635,3106.3682,2968.448
15979,294.2434745,7.142489,1047654.4,50626.586,46163.492,2550.343,2204.6733,2116.039,0,0,0
16021,411.1580668,7.1425247,93.28283,1454.3749,369.78326,1341.458,873.2871,871.34265,1207.8132,1218.2881,973.1493
15975,280.2963579,7.142878,19876.654,1338.0842,1017.87885,0,0,0,0,0,0
15982,343.3325955,7.142877,88681.37,9392.048,9227.014,0,0,0,0,0,0
15984,280.2641178,7.1434617,3055356.8,271715.1,275636.2,1920.7499,2354.8591,2167.3503,0,0,0
15989,320.257007,7.144514,2172632.5,324729.62,325499.34,2682.6572,2982.8284,2475.0884,0,0,0
16003,320.2872736,7.144907,8037.364,1084.9431,636.5587,0,0,0,0,0,0
15996,617.5260365,7.144907,82059.12,3193.2256,3295.423,0,0,0,0,0,0
15907,259.2074674,7.145655,9916.849,0,28.816755,287.0816,248.69495,445.658,0,0,27.637413
16002,521.3585469,7.1467075,9986.435,0,0,0,0,0,0,0,0
15942,210.1857523,7.147142,5711.4326,224.103,232.40576,0,33.359375,0,0,22.09653,0
16015,253.1228151,7.148869,455.74606,2333.7166,1968.6869,2170.285,1914.2535,2280.3008,1956.7681,2137.808,1815.369
16011,395.1842155,7.1495504,5573.9014,9562.845,10634.699,9294.97,8088.924,9552.873,7867.704,9122.325,8941.916
16025,293.1177394,7.1497965,217.93643,1169.777,1065.3401,1214.5525,1281.4126,1342.9529,1349.99,1131.2944,1232.3102
16026,347.1627481,7.151736,4161.3975,6584.001,5602.0195,6413.992,5817.5405,6178.9434,5954.245,6126.172,5911.757
15939,175.1487622,7.1525617,3200.3206,509.5627,345.3075,145.60931,242.64351,258.14233,118.76359,252.78558,79.8928
15994,329.3172207,7.152827,76050.82,9319.6875,8596.351,215.58295,96.83171,426.51328,207.44424,270.27362,246.871
16031,499.3755155,7.15598,19976.938,50.9143,0,0,0,0,0,0,0
16047,282.2436465,7.156685,104056.57,6091.8735,4693.078,36.35638,0,0,0,0,0
15990,336.228509,7.159256,531322.94,112914,114008.53,526.3411,751.953,265.99203,0,40.600914,32.395584
16075,322.2391857,7.160723,19853.168,78.03546,44.191963,36.12909,48.11571,31.875778,0,36.615417,0
16061,304.2257749,7.1651464,36301.047,2269.8826,1134.2053,0,0,0,0,0,0
16024,307.1700754,7.1664157,901.7488,2353.6792,2172.1963,2150.1086,1957.3851,2109.9043,2217.0486,2114.671,2397.5425
16065,129.0703999,7.1665106,26322.389,25641.139,23925.336,26463.46,23563.48,23882.48,23821.441,23800.08,24054.025
16068,507.2729028,7.16757,0,0,0,2474.4397,1716.9025,762.011,0,0,0
16055,523.2466412,7.167623,0,0,0,1292.4934,1148.9507,129.65198,0,0,0
16071,381.1474439,7.1678314,2415.3936,5692.836,6075.9727,6424.3813,5448.716,6875.365,6763.237,6612.216,7323.4077
15992,263.237552,7.1682224,191644.9,16466.615,17367.732,72.18484,86.88214,40.08703,0,0,0
15973,277.216797,7.168506,70712.17,2662.98,1914.2794,63871.08,63655.91,53383.152,82.67839,49.134953,45.538902
16074,502.3175782,7.1700935,0,0,0,4003.3008,3259.7727,1493.4193,0,0,0
16081,295.1699768,7.173197,9362.998,9266.631,8713.264,8824.084,9011.945,9909.068,8718.437,7955.8145,8319.123
16082,402.3589766,7.1741495,195771.28,178601.25,164982.05,194173.14,172889.86,189691.84,155051.88,169273.84,163274.92
16083,335.1627322,7.174821,49942.74,66163.41,60874.51,88302.8,71394.23,67026.1,87054.26,88047.48,65463.023
16092,351.1368946,7.1766086,887.77844,2821.7424,2305.893,2033.9276,2067.9736,2010.9666,2760.9153,3377.534,3785.6445
16156,350.2100469,7.176712,330253.5,24840.205,23843.602,370.08832,293.13916,193.65742,0,0,0
16022,363.1365097,7.178121,207.68236,577.6146,819.89026,677.5505,607.8933,674.6042,595.43286,468.4692,743.6516
16095,365.1735433,7.1791973,30572.715,41261.348,47982.586,47450.098,43865.17,51358.727,46664.293,45756.508,47804.75
15967,343.2967199,7.182895,63751.62,2273.4373,2180.5852,426.9427,247.60226,1056.554,287.21582,340.38547,503.81198
16155,334.2379051,7.184802,1052672.2,57870.12,54271.29,339.44934,553.96814,175.8866,0,0,28.840168
16086,353.2698181,7.186977,0,45.460228,0,2803.2073,2608.024,2455.034,32.866753,32.53641,48.698006
16001,265.2168661,7.189379,7473.406,376.24347,297.3647,673.9394,305.26343,720.2392,717.36163,166.69656,414.32425
16105,395.1268782,7.1895523,560.28894,1505.9551,1516.7665,2233.1594,1970.7423,1940.2056,1749.1904,2036.0273,1632.7466
16118,277.1796208,7.190407,168.76295,400.18292,505.33075,13535.717,13535.705,11570.0625,231.06842,878.92804,385.16815
16109,379.1527078,7.1922584,2094.8894,2391.7834,2182.5195,3961.3074,3003.5913,3363.3828,2602.1616,2712.816,2455.758
15993,312.2545901,7.1938314,710118.06,32849.043,31232.902,244.33801,300.23734,109.795265,24.752996,34.69408,0
16150,393.2636558,7.194916,0,91.67512,69.81176,4339.1,4423.57,4541.9,48.93223,55.01844,41.523537
16122,491.2434028,7.199497,0,0,0,2975.3198,2835.1145,2935.9744,0,0,0
16181,514.3215432,7.2004447,0,43.94232,0,8579.361,7838.63,7146.65,0,36.901554,0
16126,696.4189073,7.203549,0,0,0,3982.963,4038.6345,3229.6929,0,0,0
16039,409.2365591,7.2075944,0,0,0,297.7499,514.0838,260.50876,0,0,0
16133,701.3744819,7.2075925,0,0,0,1648.7234,1573.0735,1412.0935,0,0,0
16152,170.1181385,7.207972,48749.973,2766.571,2598.9353,224.57454,69.37854,165.27962,124.00225,236.86179,158.67654
16135,285.2067864,7.2085876,38095.277,29611.73,29105.117,38769.91,30247.908,36728.797,30293.113,29767.15,32432.752
16193,407.1818972,7.2086835,0,0,0,5353.702,5374.6694,4847.4995,44.654762,44.171005,45.152267
16146,645.4846042,7.2091346,12614.097,0,0,0,0,0,0,0,0
16298,278.2488198,7.2107625,98339.36,553.61676,674.1459,0,0,0,0,0,0
16140,142.1231905,7.211319,13637.539,970.75726,869.52057,352.3536,785.7121,288.5291,368.01746,89.24011,139.12183
16154,329.2807785,7.2134223,46489.85,4141.2627,3280.3965,0,0,0,0,0,0
16385,219.1961497,7.2135816,2103.0332,2505.8904,2150.149,2636.4998,2276.3,3266.0334,1998.9072,1846.6986,2020.1624
16166,350.2675687,7.215447,10748.115,936.9867,1818.6506,0,0,0,0,0,0
16169,497.2907535,7.2156672,0,0,0,7450.4546,6876.978,6239.0356,0,0,0
16170,535.2469512,7.2156672,0,0,0,8493.499,7722.757,6571.45,0,0,0
16172,236.2227322,7.2167215,367.70984,1376.4716,856.2876,1324.5656,1187.6857,1573.7776,999.74744,1040.8485,765.3247
16287,276.2327725,7.2168884,20865.543,189.04663,82.33575,0,0,0,0,0,0
16177,423.1536389,7.2176986,0,0,0,1064.0969,1013.98016,999.8616,0,0,0
16178,519.272879,7.21769,0,0,0,15314.035,14298.171,12713.246,0,0,0
16206,255.1954859,7.2207913,1968.9443,4388.1694,2535.7778,3895.3127,5191.4775,4074.353,3437.6057,4293.6763,4495.918
16196,233.2117742,7.2221603,2816.9666,2167.8584,2104.132,2445.9255,2426.1475,2557.6765,2182.8708,2185.2412,2396.4604
16197,250.2384132,7.2228174,667.5661,703.933,673.724,684.07654,642.1934,905.73486,515.57697,652.02374,637.24786
16200,302.2334458,7.2235107,90351.27,81195.91,76196.81,89417.96,85189.52,88220.586,79988.836,80080.25,75759.26
16202,307.1888163,7.223686,45354.26,63151.523,55284.98,72022.71,55564.58,60149.945,59400.16,62722.867,57988.293
16203,424.1693303,7.2237763,0,0,0,2808.2397,2722.4731,2548.6047,0,0,0
16216,655.3943988,7.223767,0,0,0,293.73013,370.67682,115.57028,0,0,0
16210,440.1431608,7.2257857,0,0,0,745.0802,287.8157,453.5372,0,0,0
16160,125.0965231,7.22613,5525.871,322.71625,422.91528,412.676,299.15674,520.9713,306.8591,150.6339,529.6774
16165,328.2854837,7.2271,13196.443,1873.3035,2369.6736,201.27274,100.11301,279.2945,45.525497,75.90999,67.68978
16215,355.1658573,7.2278214,0,0,0,2427.398,2055.9824,2225.3718,0,0,0
16149,343.2966664,7.229372,31463.193,4262.893,2323.3105,337.3001,599.61554,180.8208,287.21582,340.38547,503.81198
16207,277.2167104,7.2296925,61940.668,3929.8801,2481.5415,84183.26,81280.04,74691.29,82.67839,44.993805,75.320305
16153,312.2543783,7.2297287,981788.2,48167.344,46415.6,244.33801,387.71054,242.95421,25.358482,34.69408,0
16232,281.1542816,7.232578,12113.577,12407.648,11848.701,13285.457,11725.678,11977.58,11454.443,11390.274,11750.07
16246,321.1473835,7.2339444,2113.611,5265.245,4645.8267,5607.2866,6470.4146,6372.542,5855.3833,5359.5435,5794.728
16220,317.2112826,7.240511,127.57727,99.32823,57.988556,8699.683,8780.364,7570.018,43.932243,48.359016,45.933067
16121,317.1737775,7.2410283,0,0,52.99446,3445.6821,3460.0913,2947.279,42.502563,38.501614,104.16838
16191,339.1946976,7.2428365,0,51.070683,68.20985,15100.516,14483.727,13317.405,51.42424,42.514496,104.398895
16270,200.2015026,7.2464046,10843.33,9040.064,9308.346,4592.7554,4675.6846,3018.922,776.37866,809.40643,1722.6173
16267,294.244975,7.247713,815183.75,47078.883,43842.016,2143.7898,2577.3906,1174.024,40.54004,33.245754,0
16266,398.2310229,7.2478523,9679.675,134.86635,49.46322,0,0,0,0,0,0
16273,357.3121569,7.250128,44863.617,675.5698,1577.9106,0,0,0,0,0,0
16278,347.1628234,7.253163,14530.635,17743.025,15840.86,16721.014,14627.665,16135.074,15781.703,17196.213,16187.21
16257,382.2576592,7.2536054,15412.301,348.93094,75.59198,0,0,0,0,0,0
16125,507.2117175,7.2542257,179.48988,0,145.46411,2740.5955,2500.9885,2370.4592,111.05702,292.39566,0
16238,307.1699641,7.254403,4624.7925,4017.837,2431.7402,1947.6816,4801.0737,5026.299,4055.3672,4161.1533,6148.4043
16284,277.2381355,7.255628,18681.7,10954.997,10104.808,7097.017,8499.795,9171.342,9236.768,10476.343,9657.107
16290,316.2271821,7.2567163,121748.64,12484.8,10926.782,43.85383,40.66522,103.374016,0,0,0
16291,294.2642757,7.25743,3564.3918,8873.662,8134.383,8415.291,10251.297,9632.954,10426.73,8547.539,8866.736
16346,337.235715,7.258833,81356.59,20100.54,18170.305,638.077,803.14703,610.72797,547.65076,954.3024,833.036
16264,366.299403,7.259408,1949.5538,91.78063,88.55913,26.349417,29.607662,0,0,0,0
16296,183.1386351,7.2595496,5477.4067,284.04755,561.5469,657.16077,382.27908,508.89716,580.4035,396.45233,468.65906
16292,499.3756584,7.2596765,28840.973,643.0952,552.6202,0,0,0,0,0,0
16256,342.2652539,7.261953,6113.672,279.1682,123.77249,267.90353,116.89462,168.50664,91.56004,69.034386,121.52508
16302,537.3314292,7.263687,3085.5632,0,0,0,0,0,0,0,0
16279,332.2021411,7.265583,36009.86,4474.911,3927.3713,0,34.10942,40.08667,0,0,0
16338,328.2854595,7.2670593,18840.352,2024.2772,3318.733,201.27274,184.16295,279.2945,225.83398,75.90999,80.455986
16306,344.3171952,7.2701273,2985.2444,339.6703,606.99255,1377.8398,1257.184,1334.134,213.35167,238.58694,1208.2172
16301,521.3584074,7.2706094,15011.598,296.30814,164.43692,0,0,0,0,0,0
16281,363.1369934,7.2739096,620.0906,385.0998,1886.0403,1590.0239,1404.3496,1690.3452,1695.9618,1919.0868,2080.9585
16315,591.5114792,7.275795,1675.3445,0,0,0,0,0,0,0,0
16319,440.1431532,7.2787375,0,0,0,413.37717,406.12067,654.05975,0,0,0
16297,200.1649639,7.2811303,39579.26,604.526,168.31586,61.384674,38.131783,44.122513,37.47206,66.56952,63.019814
16316,631.5029208,7.2825127,10135.466,46.416096,0,0,0,0,0,0,0
16334,350.267854,7.288774,17540.383,1752.5748,3123.642,0,0,0,0,0,0
16336,553.2783345,7.29038,0,0,0,768.2153,706.1804,657.9168,0,0,0
16337,537.3047271,7.290418,0,0,0,2618.5593,2777.7173,2301.1365,0,0,0
16364,407.1825366,7.2907043,0,37.453358,0,3216.297,3102.9685,2900.85,39.423615,31.855476,41.92051
16350,595.5434032,7.2940326,8748.237,0,0,0,0,0,0,0,0
16354,402.3590018,7.2950983,257912.5,237757.36,234255.75,255614.97,230118.02,240416.06,227917.55,215908.97,232401.38
16325,532.3500566,7.295868,0,0,0,3376.4993,3402.1943,2813.872,0,34.89953,0
16436,197.1542318,7.2960563,14219.072,1038.318,326.61804,573.2267,1654.0032,464.12292,687.5862,282.57114,799.0178
16358,617.5264869,7.2969036,60782.17,1478.2633,1888.6848,0,0,0,0,0,0
16359,423.1532465,7.297156,0,0,0,540.12695,457.23016,475.78976,0,0,0
16424,186.1494472,7.298111,71946.45,781.0643,1481.3994,53.24744,127.18628,48.073032,58.764984,59.330456,51.22593
16493,294.2450433,7.298463,369827.84,28546.494,28772.982,359.11752,446.57642,798.28467,40.54004,33.245754,0
16351,336.2283644,7.3006,405791.22,77018.484,81233.86,189.46907,1097.9963,1097.642,29.442936,25.22606,32.395584
16388,333.1829259,7.302143,0,0,0,776.7939,612.89545,669.8333,0,0,0
16378,245.2296588,7.303488,34065.293,3180.5679,2511.3533,58.792397,48.557182,109.74771,26.784264,69.35194,67.863525
16430,520.3375859,7.3066993,213.28531,174.22382,85.30631,15591.854,15205.257,14982.934,90.43053,63.162956,135.29231
16644,506.2039466,7.306922,5025.052,4393.3096,4822.9243,6089.302,5584.551,5724.676,4767.1846,5343.6904,5164.217
16417,475.2465702,7.3086753,0,0,0,1017.47266,929.99005,369.82312,0,0,0
16403,527.1331864,7.3087006,1801.6249,3799.7422,4042.707,7998.4863,7637.51,7507.3164,6010.987,5503.682,5623.118
16410,169.1228378,7.3091636,6480.1123,441.60007,297.87137,543.3697,604.5386,393.5042,326.0986,553.07086,1049.6927
16406,511.159368,7.31062,313.67203,1137.9341,1239.9473,2143.5435,1940.8009,1969.1323,1347.8285,950.7137,1154.6904
16420,542.3231832,7.3140283,0,0,0,806.77576,837.0865,352.9066,0,0,0
16415,491.2197595,7.3180966,0,0,0,367.801,186.83858,335.4068,0,0,0
16437,248.1618594,7.324193,12093.913,0,0,0,0,0,0,0,0
16442,377.1735876,7.324663,2286.4287,4195.3076,4502.633,5588.846,6282.104,5409.3066,3709.0667,4107.384,7092.6875
16443,252.2329359,7.3248997,16177.928,461.94266,350.33334,0,0,0,0,0,0
16352,320.256927,7.3260593,1677831.5,217657.72,224151.05,7323.8823,1798.5087,5661.6514,0,0,0
16486,203.1800374,7.326763,1705.5835,56.793518,39.673405,47.593704,55.85332,27.376131,28.778595,26.925121,0
16438,264.1367894,7.3279963,3357.8545,40.305256,0,0,0,0,0,0,0
16460,214.1805693,7.3295918,167825.25,2703.2935,638.6651,396.98325,51.601845,98.20146,71.72881,44.101223,79.17178
16453,235.2063801,7.330295,3591.2935,59.095158,47.337,35.78523,37.020462,34.812553,37.442444,31.573776,40.46203
16503,316.226883,7.3315554,96446.15,11286.846,11099.665,43.85383,45.74312,0,0,0,0
16462,307.1698838,7.332879,4534.862,5073.727,9590.358,10165.904,4922.3057,5091.9756,4999.2637,5112.705,5068.969
16468,347.1627791,7.3346233,12542.439,16493.91,15680.527,15705.287,15141.608,15337.041,15810.314,14317.606,16359.475
16477,270.2431447,7.335559,41321.16,2807.7805,2301.9385,255.86264,315.88916,402.3988,25.608551,53.01866,0
16381,343.3325376,7.3361053,81667.195,6843.045,6537.93,62.60943,36.23008,0,0,0,0
16475,363.137002,7.3361588,620.0906,3285.7676,1139.9305,1701.3369,1491.4193,2018.0834,1826.4951,1676.772,1472.6492
16482,317.2101345,7.3399963,303.13953,2880.363,2193.564,11300.233,10915.157,10397.933,2789.3286,2894.6536,3642.1147
16374,339.194445,7.3402667,0,136.68092,68.20985,9408.002,9757.37,8286.836,213.0645,273.18823,54.3372
16487,238.2171365,7.340899,20731.752,68.640884,151.9236,0,0,0,0,0,0
16508,277.2168714,7.3418407,20125.986,1820.7059,3647.284,66232.875,67957.06,62054.39,218.05661,63.362984,211.85124
16562,334.2375595,7.3437166,224268.45,11007.372,10200.345,0,0,0,0,0,28.840168
16507,332.2009545,7.345853,23784.85,3662.6384,3859.5493,0,0,40.08667,0,0,0
16457,339.2152583,7.3518887,116.17518,67.92843,117.17045,621.49335,314.3453,206.64627,211.05537,295.18933,286.16833
16516,337.2353984,7.35219,127589.72,29273.074,16735.406,987.9877,504.23254,872.7807,417.53333,227.92471,220.21274
16505,332.3320421,7.352282,39759.246,36105.28,31499.887,36251.797,36330.977,34092.88,32096.082,29630.713,33020.582
16616,228.1959065,7.3524237,135477.67,1754.015,1369.4417,2220.3997,739.3059,2012.9513,1474.1104,4547.2876,3499.5332
16528,245.2296774,7.352806,72671.07,8005.6313,5973.441,58.792397,48.557182,68.127045,34.042866,79.61377,67.863525
16499,312.2543794,7.3567843,159162.22,7741.3696,7123.51,215.27231,76.8631,50.03456,30.985828,36.07092,27.673399
16541,139.0757772,7.357299,4257.9395,1019.5508,1536.4971,957.6462,1552.3661,335.12958,816.20245,370.8888,523.7373
16529,329.3171998,7.357606,203386.69,15792.848,15346.493,517.42303,213.48598,430.43414,159.5559,186.13916,138.5004
16534,263.2375533,7.3607345,343834.2,37899.348,41074.69,375.4887,513.2731,383.78613,0,0,0
16539,617.5260688,7.361922,130179.37,4316.4756,4887.0923,0,0,0,0,0,0
16543,156.1025149,7.362369,10674.18,261.39392,305.26834,111.14315,159.42368,49.977596,55.92356,52.81247,156.6294
16557,595.5427766,7.36242,15488.886,0,0,0,0,0,0,0,0
16531,280.2640438,7.3658347,5421851,415165.34,452028.6,10280.373,10319.492,8931.947,0,0,24.09579
16563,139.9832197,7.366189,276.06232,121.779724,436.98267,139.90256,114.29483,56.86802,41.323082,44.717262,50.610367
16565,350.2103278,7.3679957,52580.766,4501.6406,4305.3237,0,0,0,0,0,0
16659,264.1367362,7.3683004,3369.733,40.305256,0,0,0,0,0,0,0
16584,282.2438127,7.3700194,46401.566,1837.38,1417.8269,0,0,0,0,0,0
16556,577.5330166,7.371604,22985.443,44.004936,0,0,0,0,0,0,0
16538,343.3325468,7.372699,149735.22,14252.485,15332.891,62.60943,36.23008,0,0,0,0
16603,105.0704743,7.374511,16436.764,3249.7168,4871.744,1526.8688,444.4158,509.96234,1864.5615,1413.2761,1004.06665
16582,336.229034,7.3750935,637916.6,130778.38,132551.66,3731.5715,2521.263,2881.9346,0,25.22606,28.73802
16593,320.2568854,7.3751054,2852625.2,404867.8,417323.1,12707.382,10514.141,10138.289,0,0,0
16598,350.2677121,7.3781095,107724.98,9959.92,18392.287,0,0,0,0,0,0
16439,337.2543994,7.3785458,42698.29,966.8567,523.68787,0,36.91437,0,0,0,0
16602,366.2416865,7.3801284,18665.977,2508.023,4742.989,0,0,0,0,0,0
16617,262.1787531,7.3866725,4499.9463,0,0,0,0,0,0,0,0
16624,447.1165852,7.3889785,0,234.32098,265.73038,378.57495,313.034,474.14294,454.9547,460.22223,410.33777
16625,445.1193965,7.3903866,0,424.96887,874.5033,1214.1826,1302.1257,1272.2144,1519.63,1434.4968,1353.9006
16637,386.1972636,7.393446,4095.324,2875.9478,3163.4453,2602.6582,2400.617,654.3193,3289.6917,3558.4717,3321.3315
16623,431.1395663,7.3939767,89.959564,1642.3027,1637.2048,2285.03,1883.8938,2203.519,2948.1233,1981.4067,1902.359
16639,617.2725032,7.3946495,0,0,0,2315.6562,2446.9316,2127.577,0,0,0
16640,612.3173831,7.3959966,0,0,0,2563.3752,2606.2378,2305.0098,0,0,0
16641,577.2790651,7.396066,0,0,0,2633.9514,3127.083,2599.3047,0,0,0
16642,336.2514449,7.3966317,215699.81,11124.73,10644.532,854.13,646.72314,681.0669,0,0,0
16646,595.2902518,7.3981915,0,0,0,5337.331,4946.1978,4852.7144,0,0,0
16647,248.1616538,7.3987308,11491.033,0,0,0,0,0,0,0,0
16650,214.1805187,7.399789,180743.95,2848.192,969.22,396.98325,51.601845,98.20146,109.949875,121.26893,58.069412
16626,429.1454769,7.40024,1255.9359,4832.716,4865.539,5806.04,5983.261,6049.0034,5595.1997,5587.5776,5755.461
16577,295.2273781,7.400686,6863.573,1190.8154,1217.6808,708.829,1105.2927,1344.293,320.6479,1142.3254,970.08795
16597,328.2856609,7.4020824,130796.25,11398.792,18630.498,105.15593,184.16295,91.03171,124.33587,291.11194,90.348885
16664,442.2963093,7.4023976,0,0,0,1459.0793,1121.9485,1275.482,0,0,0
16655,463.2254963,7.4023976,0,0,0,244.87436,590.3658,461.13675,0,0,0
16656,447.2516134,7.4041038,0,0,0,1088.1418,985.3321,1010.3385,0,0,0
16666,369.1699489,7.404635,471.6906,886.18604,835.1803,637.8608,719.93097,416.65756,914.3194,1162.9922,875.0817
16526,352.2274849,7.409645,76522.125,2580.094,535.8523,173.00441,54.746582,110.330376,0,0,0
16660,499.375854,7.410401,17790.035,155.57083,285.00598,0,0,0,0,0,0
16547,265.2168448,7.410723,3636.0415,660.43805,393.78436,610.8792,393.87143,488.16663,285.97256,840.0742,321.52698
16669,521.3586095,7.418207,7914.1665,108.79661,59.9637,0,0,0,0,0,0
16635,200.1650407,7.42562,153348.38,2165.8503,787.8441,329.9351,330.07535,325.33572,55.31749,48.551025,113.62065
16711,307.1697859,7.428689,1576.1464,4070.7341,3661.63,3988.8616,3641.6597,1328.9746,4014.5818,3307.523,3799.6516
16734,165.1280833,7.4291143,10590.336,331.28287,117.802444,364.9226,206.09023,217.70526,149.20117,122.39328,197.56305
16828,617.5257698,7.429203,5907.1587,808.0348,671.87006,0,0,0,0,0,0
16692,532.3494095,7.434278,0,0,0,25241.502,27682.617,24441.453,0,0,0
16693,537.3047041,7.434278,0,0,0,17240.42,17067.438,15865.725,0,0,0
16721,234.1474753,7.4346585,14522.551,284.79422,44.98767,0,36.89686,31.808483,0,21.858303,20.298512
16702,553.2785096,7.436306,0,0,0,4140.8647,4413.385,4042.7869,0,0,0
16700,515.3225247,7.436498,0,0,0,802.99005,733.2244,356.03992,0,0,0
16722,250.1194328,7.4385495,2722.4104,86.3237,32.02742,28.547714,28.443657,23.70325,0,102.334694,0
16715,347.1629737,7.43979,7538.2373,9419.803,9092.405,13404.988,11201.347,10469.421,11741.849,13662.163,12185.214
16746,428.3748446,7.45814,86322.45,72216.195,127415.95,139323.53,129709.414,136914.53,123416.63,125611.984,73781.84
16735,183.1386489,7.4596004,17554.021,522.38574,1397.8344,609.8042,521.671,1586.7377,719.5752,319.75314,631.8105
16782,198.1494407,7.4641047,36684.543,548.99084,252.56027,117.05613,58.470367,112.5158,82.423874,106.95024,74.428635
16829,275.2015993,7.467358,179.09947,34.185234,54.788277,6703.7036,6733.1353,5924.3003,33.517822,51.716953,26.653336
16778,133.101723,7.4692645,78925.17,1635.8569,647.60645,544.2533,680.58014,1115.9521,177.77979,988.3449,604.888
16822,320.2572144,7.4695315,462412.6,72866.336,73288.87,209.80803,377.8136,3491.8274,0,0,0
16704,296.2590831,7.469563,1721609.8,75135.016,72160.91,3346.134,3311.4585,2693.7334,0,0,0
17003,315.1959849,7.4698157,202.91556,812.64935,944.8782,6982.2524,7175.6523,6162.257,871.9649,981.4953,286.55817
16787,609.5239356,7.4732723,5600.4814,0,0,0,0,0,0,0,0
16788,627.5338179,7.4732723,8935.577,0,0,0,0,0,0,0,0
16789,649.5158725,7.4732723,67630.86,0,0,0,0,0,0,0,0
16837,336.2293674,7.4737363,99902.77,23784.764,24190.508,57.752785,537.78766,571.4518,26.477772,0,28.73802
16830,293.2112921,7.4771304,122.45439,155.3477,117.59143,21076.494,20551.67,17977.621,134.25778,453.40497,427.36023
16798,220.1319549,7.478339,177697.31,8846.061,3320.0059,363.81412,168.55835,235.3262,169.90213,112.89642,223.50359
16808,185.165541,7.4793744,10283.124,0,0,0,0,0,0,0,0
16813,593.5271683,7.4793744,10731.338,0,0,0,0,0,0,0,0
16814,611.5379381,7.4793744,2923.9426,0,0,0,0,0,0,0,0
16816,633.5199437,7.485282,55038.54,0,44.445312,0,0,0,0,0,0
16780,151.1126984,7.485522,116626.055,1151.4667,191.91467,784.7715,759.0638,489.07837,545.63684,199.1163,435.0465
16783,270.2433029,7.4855475,13609.426,195.78207,74.128365,37.611965,39.68264,36.820953,30.182562,35.1631,26.802845
16794,169.1227879,7.4882636,301495.28,2639.4753,1593.9852,355.44247,360.71423,256.31018,261.26996,519.9353,689.4066
16833,331.1680035,7.4888473,0,0,0,1010.72375,954.44055,826.4572,0,0,0
16797,186.1494651,7.4891453,3032511.8,36773.74,12944.022,560.51294,884.211,707.0647,66.34452,76.495926,68.98589
16960,156.1388712,7.491176,27604.738,139.9761,329.44043,132.7178,481.95697,142.01231,221.64801,99.34755,252.20724
16769,236.1047289,7.494604,24615.025,3306.5535,474.14832,43.979687,0,0,24.292751,0,33.378525
16847,350.2676159,7.49531,171604.9,16159.457,31012.982,0,0,0,0,0,0
16763,314.2697026,7.4954715,63748.227,842.5957,351.78802,287.2226,332.02832,313.5536,221.74341,452.28928,224.38913
16806,181.1228605,7.4969373,10351.621,866.411,820.46375,4286.893,1004.21716,2864.5159,894.2855,2070.2544,635.174
16842,366.243377,7.500735,31607.096,4527.053,8549.508,0,0,0,0,33.64537,0
16804,168.1388735,7.501395,17723.035,277.39404,115.84222,113.92624,134.737,115.89149,47.744247,58.440094,170.91743
16793,123.1174716,7.503313,318376.1,5901.233,2489.2769,1359.3971,1100.3591,1319.9502,577.00494,897.89813,455.5685
16758,336.251664,7.5063667,1856360.9,33286.938,17032.137,337.76462,5345.8276,4949.0815,0,0,0
16920,245.2298175,7.5081277,20798.98,1011.13666,1157.4861,37.949966,45.84884,34.876823,32.788036,34.250996,50.143776
16776,109.1018711,7.509514,29462.146,4564.2695,2268.5886,2250.2976,2333.9521,2125.0208,1629.6445,1004.9556,600.1128
16867,399.1347553,7.5114465,223.08215,4138.929,4396.0693,5308.1094,4648.9126,5185.11,4466.221,4225.221,4630.7285
16868,415.1084936,7.513096,0,318.3061,423.74384,650.48517,614.13196,298.75635,942.8714,417.36115,798.67804
16957,153.1278629,7.5144863,4027.6694,382.4817,217.33838,643.9131,369.11755,347.79086,267.23856,236.49844,447.11536
16773,187.1338863,7.5148706,88644.95,1936.0748,256.42563,96.58116,62.921852,65.9579,79.92815,54.719604,56.47728
16914,139.1122559,7.515844,6685.106,365.67062,850.52423,291.2523,606.01465,752.7649,192.73859,472.57135,167.01576
16876,672.4189942,7.522166,0,0,0,4791.6523,5282.3257,4492.747,0,0,0
16877,677.3739203,7.522166,0,0,0,2201.586,2113.3008,1872.208,0,0,0
16991,171.1497315,7.524871,14442.945,11126.633,17531.818,27141.01,26515.225,21605.48,15898.111,10712.115,16807.416
16819,345.3121189,7.526135,116906.59,3248.259,2208.9717,282.32968,251.14583,216.15314,0,0,0
16864,263.2376929,7.5263457,183998.11,6470.406,6095.952,198.03128,112.625,45.51573,0,0,24.160664
16846,328.2856918,7.528156,166709.84,12354.721,24239.691,247.74187,208.12103,304.6529,63.858253,66.65599,90.348885
16907,359.3286431,7.52975,170127.36,4894.8438,2307.8892,370.00128,395.95554,278.84268,21.731464,0,0
16888,280.2642029,7.5300636,2933805.2,102530.266,98072.56,3744.8916,3449.4558,3329.013,0,0,0
16949,296.2278922,7.532098,29144.705,669.3012,265.59164,27.786083,0,32.65588,0,29.649382,30.530304
16906,609.5233427,7.5336537,17843.352,0,0,0,0,0,0,0,0
16921,261.2224333,7.534607,27092.36,271.70386,107.93855,749.8192,278.1009,624.671,0,0,28.773323
16784,337.2550127,7.5355606,373136.56,9021.493,3359.5198,1379.6741,1095.0721,1008.65063,0,0,0
17009,514.3194546,7.53864,0,0,0,5736.4395,5644.7715,4737.4614,0,33.55854,0
16935,445.1191513,7.5391574,1938.1357,14669.254,15032.452,16276.805,15355.602,15472.896,16213.665,16441.39,16521.371
16930,591.5117226,7.5397997,6870.9146,0,0,0,0,0,0,0,0
16933,649.5158237,7.5397997,81006.48,0,0,0,0,0,0,0,0
16942,447.1164549,7.5398307,153.94385,5683.138,5582.991,5547.022,5424.1104,5812.176,5534.0376,5739.376,5945.0435
16934,158.1180785,7.5414557,334219.22,3997.9502,1553.6207,400.82306,179.73682,381.93042,255.92354,317.61526,173.96121
16969,352.2274282,7.542004,815554.9,24896.1,9474.225,4096.6265,3457.2117,3534.1833,26.770948,39.638573,0
16938,431.1423188,7.5420194,12165.801,27216.127,26555.877,28382.729,27800.518,28300.096,26647.564,26182.826,28021.598
16939,429.1453506,7.542027,40678.656,87206.87,85547.69,91922.516,86989.73,94625.96,83617.09,83983.25,84965.71
16947,341.3173964,7.5430007,68568.88,2535.1013,2080.7266,0,0,0,0,0,0
16885,142.1232056,7.543698,18257.264,196.82816,602.62506,193.72803,206.5798,312.7059,145.35251,305.57764,178.83995
16932,631.5057846,7.5436745,89966.28,160.30106,0,0,0,0,0,0,0
16965,314.2696674,7.543769,78373.22,1147.4402,351.78802,236.79767,332.02832,203.39511,177.89241,452.28928,224.38913
16970,424.1897441,7.5442452,446.61282,2594.2163,2443.4568,1940.5889,1100.6273,2611.462,2342.597,2451.7278,2397.1074
16931,613.4952274,7.545013,41387.43,137.84497,119.24657,0,0,0,0,0,0
16952,117.0705489,7.5455728,23811.979,20927.734,20889.643,19217.97,19693.293,20999.09,26460,21389.414,19589.191
16968,627.5336984,7.545856,35918.527,0,0,0,0,0,0,0,0
16897,141.0914479,7.5471473,52689.445,784.81244,385.18344,326.23703,469.9201,293.04572,925.32776,362.27518,233.9136
16971,413.2312346,7.5474753,15184.706,11923.915,12792.945,13759.749,12977.489,11667.0205,11585.244,12310.328,12133.76
16900,170.1545008,7.5480566,17588.133,580.32336,195.69603,330.67853,330.2063,312.93506,339.6493,177.95897,486.5821
16979,435.2131494,7.5488095,1832.1582,6096.7344,6146.804,7374.413,6957.717,7406.5513,6181.515,5927.3403,6511.0405
16982,115.0759589,7.549635,18291.963,16975.51,16303.109,16735.113,14935.6875,16221.427,16078.025,16213.927,16118.1045
16966,331.2970396,7.549722,32844.195,80.87871,0,0,0,0,0,0,0
16980,451.1876213,7.5500436,236.03735,2692.4924,2451.2185,2720.541,2630.0706,2497.3042,2361.717,2455.5046,2533.819
16959,155.1071206,7.5529766,131671.06,2077.9724,545.03064,858.5316,531.8095,981.35565,256.72516,428.20883,166.00175
16962,296.2591123,7.5551763,5940553.5,226134.1,194412.12,2880.334,3356.3477,2973.514,0,25.790384,29.894701
16903,336.2837152,7.5557384,10756.384,40.53074,0,0,0,0,0,0,0
16927,336.218495,7.556096,21427.34,1201.136,839.5668,0,31.200281,0,0,36.695274,0
17007,479.2802062,7.5568023,0,0,0,2912.362,2834.0447,2373.106,0,0,0
17008,519.2727246,7.5568023,0,0,0,1179.2476,1093.3461,922.6798,0,0,0
16895,125.096425,7.5588207,6642.517,582.7435,281.25336,374.78815,238.04605,418.7567,484.32315,169.96663,178.48126
17012,497.2907842,7.558851,0,0,0,21408.146,20475.713,17813.287,0,0,0
16977,336.2511838,7.5602794,2173902.2,51289.52,19742.98,8014.0723,7061.1587,6634.783,0,0,30.799362
16989,123.0811055,7.562693,17352.053,1385.9475,1118.8981,1400.1277,6794.6953,4778.9956,2127.331,1965.1643,5917.5947
17168,345.3120271,7.5628076,179925.53,5288.6177,448.2377,243.58618,298.487,279.81833,0,0,0
16984,172.1337868,7.566307,925101.44,11070.617,10666.399,2410.37,2603.9336,2339.213,115.5397,289.6288,214.8295
16992,268.2643159,7.566907,3996.5872,0,31.900278,0,0,0,0,0,0
17005,109.1018584,7.568829,282559.25,4410.791,2464.2422,2250.2976,2657.9944,2125.0208,1136.0986,3647.1313,901.78644
17002,293.2110879,7.570766,220.76022,296.15228,117.59143,21047.68,21978.924,18044.873,134.25778,305.1462,310.86545
17153,154.1231734,7.572748,15594.012,107.46528,106.104706,351.61417,200.81969,111.08294,122.60999,158.76637,217.46461
16946,334.2172793,7.573292,361978.53,39144.402,31758.84,361.74838,173.50978,158.2443,0,0,0
17057,135.0808835,7.573629,4592.899,1058.062,1940.4045,1263.1036,436.4887,594.0603,225.09409,384.35645,208.64087
16892,278.2486094,7.574665,183955.05,5222.213,3776.7688,109.57005,31.770016,81.99927,0,0,0
17150,137.0965915,7.577669,25390.062,3556.1826,1630.491,2069.858,738.9871,2612.3552,2186.962,2110.4001,581.41113
16944,279.2326703,7.5782285,253725.12,12018.368,10574.22,1711.1063,1589.4072,1085.7074,354.52634,450.864,294.88083
17060,324.2171192,7.580483,7315.0527,1465.2258,4611.8164,36.276886,97.7163,97.27419,0,0,27.798761
17040,165.0916153,7.5829086,13824.275,13012.421,12445.123,12681.694,13704.201,13562.343,11964.066,12246.648,12665.08
17043,238.1806703,7.584113,6815.9033,7251.3857,7098.648,7328.0635,7285.2075,7244.487,7224.826,7412.937,7321.5884
17044,221.1542697,7.5841446,15893.625,16622.643,19300.168,16423.598,17457.73,16889.72,15772.701,15809.098,15683.053
17046,266.2486834,7.5846863,25883.6,1068.9669,1111.7933,0,0,0,0,0,0
17048,243.1361943,7.5848103,4520.9536,7415.944,7285.637,8187.7607,7724.2236,7757.077,7821.1763,7671.963,7814.5674
17049,259.1100077,7.5854764,606.0361,1730.5087,1882.9717,1790.9159,1977.5808,1646.6418,1841.0782,1946.0897,1887.0079
17152,142.1594485,7.586128,44126.273,479.10605,42.225773,19.567944,24.458464,32.957203,0,0,0
16945,318.2420808,7.5864224,1492149.4,102205.17,85062.7,1020.01154,869.74084,885.39954,0,0,0
16926,319.2447035,7.5874577,293157.38,18153.92,13734.043,191.3306,147.09735,135.79285,0,0,0
17059,322.2153821,7.5886855,8344.377,760.60406,719.034,0,0,0,0,0,0
17058,170.1181356,7.589765,20012.969,1650.6948,3675.6995,101.36301,147.09119,165.30168,98.41284,269.4668,188.32294
17165,631.5058793,7.592839,68563.05,133.96167,0,0,0,0,0,0,0
17154,155.1071003,7.5963345,75788.836,1075.39,702.9678,858.5316,398.34088,668.2419,509.58502,402.21033,166.00175
17082,327.0789426,7.5996594,16821.637,17996.463,18789.979,22200.008,19004.646,20364.06,18785.184,17704.818,19370.77
17084,349.0610508,7.6012554,493.70294,1547.5619,1350.6915,1877.4736,1629.5132,1881.1504,1458.6886,1467.8846,1493.6425
17085,344.1056801,7.6016183,948.8813,1373.2113,1568.2292,1425.6617,1294.6318,1218.3337,1397.5111,1251.9379,1309.8082
17050,306.2413656,7.604523,30759.39,2245.325,2256.5173,32.993084,36.86988,73.95378,0,0,0
16963,251.2376382,7.605887,10213.96,291.3502,248.64676,0,0,0,0,0,0
17096,267.172694,7.606457,45800.594,35163.39,38965.41,44143.312,40062.145,42113.773,33756.184,33717.57,35032.504
17097,289.154673,7.6069007,971.3751,1453.9286,1303.922,1461.1982,1566.6838,1602.2124,1356.102,1224.4762,1201.9391
17045,284.2592241,7.6073613,58600.574,2940.695,2865.4436,80.50194,26.26638,38.437355,0,0,0
17125,347.1267266,7.613238,770.6436,1254.1072,1147.115,36.273514,0,0,31.061478,29.541374,30.750755
17113,627.3379683,7.6149974,0,0,0,1397.4796,1405.3502,1433.666,0,0,0
17173,172.1337958,7.6165905,510308.94,7036.482,3224.4343,3361.0234,2565.824,2330.6096,115.5397,289.6288,214.8295
17115,622.3825911,7.616751,0,0,0,3710.151,3524.071,2966.2554,0,0,0
17072,340.193013,7.621798,4619.1406,1421.7504,4728.194,45.062508,46.097137,158.44553,66.314926,41.6802,0
17126,363.1006118,7.6229057,230.86697,641.53986,633.0433,0,0,0,0,0,0
17158,245.230247,7.6272635,13775.755,44.504883,93.88019,37.347466,30.121414,36.775215,32.788036,29.950752,31.97565
17114,226.2171878,7.6279325,42004.406,5257.6406,5180.884,1618.4259,1740.623,1406.7551,0,0,29.542301
17178,352.2267494,7.632182,458774.75,10253.124,4000.7969,4161.5435,3348.1323,2713.6855,0,32.20143,0
17137,278.248569,7.636416,128308.3,4036.0383,3890.287,164.8671,273.92236,311.65344,0,0,0
17145,366.2418526,7.636679,7968.6035,626.5514,2162.9304,0,0,0,0,0,0
17163,609.5230531,7.6381288,8448.234,0,0,0,0,0,0,0,0
17164,627.5337632,7.6381288,6263.516,0,0,0,0,0,0,0,0
17203,263.237585,7.638207,64497.22,808.7006,267.26978,42.68856,144.04881,44.218323,0,0,33.14129
17166,350.267586,7.6382585,36609.312,2855.0718,6199.743,0,0,0,0,0,0
17174,336.2511395,7.639282,1179150.9,20991.86,8760.49,8479.025,6950.708,6623.9224,0,0,30.799362
17170,222.0893472,7.641399,6984.1016,529.18945,123.45068,235.29198,47.767944,79.46797,0,0,23.895203
17190,359.3278273,7.642639,84740.97,508.00717,353.96442,382.39896,323.9079,247.07556,0,0,0
17149,121.1017235,7.6427307,7188.55,702.80096,1169.7074,601.48425,2009.7217,941.2472,1456.1858,433.1483,615.8291
17177,280.2641796,7.64287,1035639.9,14398.117,10666.528,3529.502,2835.7903,2766.9104,0,0,0
17187,649.5164112,7.6441994,22088.598,0,0,0,0,0,0,0,0
17127,191.1799467,7.647182,266.83206,245.91522,121.37288,96.577576,243.7859,69.53267,171.20618,103.82505,41.891495
17226,141.0914623,7.647253,39774.836,392.76892,319.19583,326.23703,469.9201,729.15814,261.6024,446.86722,491.1628
17191,518.323096,7.6475663,0,0,0,2730.3254,2698.5225,2444.3306,0,0,0
17169,206.1168775,7.6490197,60288.95,1922.2124,741.3999,868.1616,810.5448,492.27667,48.016834,36.01172,70.249146
17207,284.3319512,7.6531124,368456.78,433849.5,440248.7,447370.06,437731.9,390300.1,425029.12,450144.94,440299.78
17212,399.1346733,7.654142,19949.375,33085.29,30915.18,31697.22,31949.03,33722.047,32627.537,33355.355,33815.16
17167,328.2856037,7.6561947,24328.111,2554.8872,4684.386,729.2926,562.79,305.57504,63.858253,66.65599,221.43822
17249,306.2415807,7.6579394,18333.8,1409.5077,1750.2031,32.993084,36.86988,73.95378,30.347958,0,0
17188,496.3441657,7.658764,0,0,51.436844,41158.703,41250.68,37883.367,23.262653,0,39.82658
17184,184.1339503,7.6592965,10625.186,99.30773,125.59946,201.9801,264.82928,319.20523,55.905037,109.24457,192.27754
17155,156.1388758,7.6605325,13299.842,319.73145,344.17017,362.66495,188.38824,334.36465,170.54472,207.57059,226.1466
17245,158.1180693,7.6615295,262245.78,3438.697,1283.7109,892.11566,525.9945,763.6561,309.99252,368.89926,549.18
17283,334.2173297,7.6641583,653427.1,70541.69,59476.68,616.9445,173.50978,440.59515,0,0,0
17248,284.2597024,7.664292,37118.32,1658.5055,1715.1611,80.50194,26.26638,38.437355,0,26.588737,22.079977
17161,314.2697906,7.6643133,25435.176,982.993,351.78802,1572.3225,907.18787,967.8111,808.8795,959.1339,375.9778
17224,415.1085105,7.6692233,66.0262,1517.8367,1433.052,1646.2983,1392.2003,1540.3191,1610.1858,1835.0706,1736.1677
17230,296.2591281,7.669916,6235093,343566.7,283329.06,9639.847,9473.71,8120.2866,52.821526,43.05592,34.543217
17282,327.3018897,7.6752324,111042.03,6682.0713,5165.177,35.00358,0,0,0,0,0
17175,318.2420863,7.6783786,2188673.8,179080.48,148611.7,2026.3174,4017.2646,3161.823,0,0,0
17273,591.5116678,7.68641,12907.319,0,0,0,0,0,0,0,0
17275,629.4682083,7.68641,3112.603,0,0,0,0,0,0,0,0
17274,615.5029986,7.686805,11649.399,62.45607,0,0,0,0,0,0,0
17277,613.4948472,7.6886315,115738.9,708.0726,500.97235,0,0,0,0,0,0
17285,341.317784,7.691514,124870.6,7136.0063,5293.452,0,36.85283,0,0,0,0
17261,335.2200837,7.6933103,129863.86,11418.973,9453.278,896.5998,1677.5369,516.38904,531.19794,178.79161,1023.0465
17247,266.2486083,7.6983986,32716.414,1367.5845,1248.6147,0,0,0,0,30.794416,29.538103
17270,280.2364515,7.699677,46683.45,1815.8479,1762.2949,4547.861,4435.687,4137.0767,0,0,29.633316
17296,279.2326621,7.7010846,247350.69,15465.971,12705.962,29023.096,27131.047,24740.574,515.4855,506.62323,715.12805
17323,263.199857,7.7060113,180.83174,2178.2092,1954.8411,3187.8936,2640.1492,3001.4756,1723.4293,1654.063,1821.2811
17377,340.1937882,7.70664,5160.3174,858.94806,3297.5303,45.062508,66.04587,41.084545,66.314926,41.6802,46.18062
17326,241.2167607,7.712896,5446.0312,5261.5435,6171.3955,6505.9834,7143.685,6982.616,5975.5034,6062.509,5912.3286
17335,459.2513093,7.7170396,0,0,0,3058.9543,2575.1653,2559.9631,0,0,0
17328,475.2242493,7.7170463,0,0,0,894.6387,487.65137,399.0514,0,0,0
17345,579.3065551,7.7255106,466.03235,855.8618,771.8733,979.70123,964.5502,975.5725,1029.9419,818.5718,779.48047
17348,703.2765576,7.7265363,947.41205,1557.5189,1602.3303,2651.2644,2465.2385,2627.128,1736.2091,1739.5114,1776.5138
17350,698.3214978,7.7275715,5234.8687,5938.7017,5815.489,5907.4185,6155.1357,6077.0537,5611.4375,5261.195,5858.761
17354,719.2508141,7.7275796,300.64502,2071.1953,1978.9089,3177.2698,3056.6494,2845.7378,2352.7568,2247.6636,2538.8315
17337,419.2570136,7.728488,45.67285,0,0,4654.429,4588.5107,4449.631,0,0,0
17356,574.3512992,7.73007,4232.9014,3945.4104,4598.6597,3970.2168,4134.306,4312.516,4002.4268,4756.6006,3522.4482
17298,319.226124,7.7411804,726.98474,356.17398,308.5656,2317.7595,1762.5575,1265.9349,914.0666,276.2373,219.93002
17384,421.2742838,7.741467,0,0,0,3843.4773,4222.3867,4152.3906,0,0,0
17386,237.1280186,7.7437134,18327.666,17631.72,16926.186,18468.623,17865.504,18845.645,17056.887,16795.787,16894.012
17392,461.2664896,7.746863,0,0,0,1267.199,1307.0686,1136.8082,0,0,0
17382,324.2174131,7.750055,4199.521,618.5587,2746.8464,64.88455,65.32716,32.08845,0,0,27.825212
17420,322.2726817,7.765274,43671.367,3500.252,3493.378,359.93317,597.23004,352.4116,0,0,0
17423,300.2905879,7.7704587,17279.871,1414.8406,1583.0261,493.74664,358.7004,94.074356,81.13722,124.31958,76.16474
17418,282.2800278,7.777422,72104.055,5826.0376,6851.182,923.0399,1080.3173,863.80664,33.6391,41.14724,27.859703
17559,338.245723,7.7810893,9763.573,790.20197,795.85944,31.995178,31.311712,29.112856,0,0,0
17496,318.2420238,7.7859535,525902.4,39947.3,31455.885,46.24711,137.80112,0,0,0,0
17495,296.2592074,7.78953,1161719.5,71423.734,56709.992,80.07662,488.91864,368.6917,21.799717,34.441757,29.354834
17452,334.2723939,7.791092,9343.69,379.08563,340.54602,0,0,0,0,0,0
17463,393.1110277,7.799261,1321.7378,1799.1322,1559.5492,2010.6455,1370.6339,1739.1198,1783.4318,1999.1799,1816.3513
17464,377.1369661,7.7999215,1469.2932,1288.8875,1521.9824,1738.9166,1648.3344,1687.8518,1404.4608,1583.1626,1414.1938
17466,372.1822875,7.8006234,3810.2393,3238.1428,3526.0493,3267.687,2738.1785,3051.5786,3515.3572,3422.7317,3193.8357
17494,279.2325981,7.8072205,28912.102,2495.4604,2479.666,783.11487,1561.5726,846.32544,356.67346,283.8625,648.14264
17537,338.2681739,7.80775,7180.4517,43.158463,113.819565,112.69968,52.86247,81.693924,94.02547,29.911644,24.787642
17569,350.248307,7.8127003,2681.346,42.143333,32.669617,0,0,0,0,0,26.900213
17497,334.2177109,7.815262,187605.48,16052.155,12168.333,0,85.938354,98.163025,0,0,0
17536,306.2414459,7.8159547,2903.7273,64.13964,74.44678,0,0,0,0,0,0
17487,327.3019888,7.817259,23347.748,1402.9064,1097.7783,0,0,0,0,0,0
17488,341.3175181,7.817259,27682.824,1371.1115,1252.1411,0,0,0,0,0,0
17489,233.2272068,7.8172784,15010.418,726.3526,555.5486,0,0,0,0,0,0
17490,598.3815703,7.81755,0,0,0,2552.1074,2761.11,2437.6536,0,0,0
17491,603.3364105,7.8175607,0,0,0,1028.8196,904.42224,1082.2712,0,0,0
17503,163.0758474,7.8241663,4093.2742,2128.6506,2760.71,8288.443,10322.506,10494.6,1180.1177,1597.1562,2096.5732
17508,381.1110041,7.824852,1120.1635,697.57477,645.79846,3407.5762,3985.656,3973.1038,318.9383,461.25488,351.3153
17509,360.1816889,7.8250065,515.56635,284.01706,159.0221,2017.0847,2418.924,2280.5574,112.52778,199.82101,196.8469
17514,365.1370825,7.826754,5115.1045,3672.885,3583.944,16029.336,19957.715,19554.86,2299.3955,2258.374,1181.0487
17517,311.1649829,7.8270316,42311.965,36899.207,48901.336,38341.676,46925.387,40529.12,41251.996,46968.355,35899.434
17527,328.1924071,7.8284283,760.66376,302.35846,1024.2168,928.9708,845.362,1119.1549,918.8504,1255.8759,938.3689
17513,343.1550936,7.8286686,2208.4468,1349.8228,880.0682,4502.839,5614.713,5919.553,731.004,776.9986,631.45
17519,333.1472957,7.8286734,4213.8916,5060.4033,6594.4766,8829.349,7942.1187,7333.4634,6299.7905,6849.069,5157.6533
17520,349.1212766,7.828791,2248.662,4512.854,4390.9375,5074.7417,5373.352,4704.0015,4768.8135,3603.5303,4265.6113
17526,354.2421618,7.832529,1826.8888,0,0,0,0,0,0,0,0
17532,430.3904572,7.8360553,207679.2,178651.2,182713.28,204604.98,201650.14,205468.34,179177.31,182180.94,189761.78
17542,269.2105392,7.839487,13424.826,11212.743,11316.593,12198.429,10873.62,27381.207,9604.936,13700.406,11856.071
17568,282.2800155,7.8400626,81020.336,5778.03,5557.4727,800.07544,764.7055,796.2985,33.6391,41.14724,27.859703
17534,285.183723,7.840099,515.7712,536.26135,707.06,621.83734,684.9019,2636.9695,792.59717,696.73773,570.4852
17563,300.2905589,7.840272,14782.621,1255.5494,1108.069,254.27101,218.39896,186.73279,81.13722,82.61236,87.775894
17545,247.2274448,7.840833,10365.22,8018.3525,8041.9863,8250.08,7976.089,28549.057,8022.1123,7707.7563,7141.789
17546,264.2541158,7.840976,3595.9343,3020.089,3033.5498,3160.043,2948.2607,11228.85,3301.3833,3076.0334,2675.304
17575,322.2728839,7.844444,40702.29,2970.2695,3118.6917,247.3839,366.63846,255.16187,0,0,0
17551,284.2590448,7.847978,8566.455,163.76851,194.08662,0,34.64913,37.392937,35.25824,0,0
17567,298.2754969,7.848247,25766.533,2912.834,3485.6084,616.3703,804.01514,831.6257,24.856783,35.843933,0
17638,296.2591735,7.850768,2434945.5,123230.23,101055.8,100.63635,379.3145,368.6917,0,0,29.354834
17557,596.3119811,7.850969,0,0,0,16802.605,16558.105,15864.321,0,0,0
17614,167.0056186,7.851572,371.64127,218.26724,554.6145,98.069534,96.17137,33.67468,258.6443,363.6926,223.0075
17481,613.4951979,7.852705,14576.838,0,52.36036,0,0,0,0,0,0
17577,623.2496295,7.8546567,0,0,0,2038.3099,2829.5017,2722.7622,0,0,0
17570,362.2678641,7.8585787,9294.562,0,0,0,0,0,0,0,0
17572,378.2414804,7.8585787,2040.5979,0,0,0,0,0,0,0,0
17574,601.2669386,7.8592477,0,0,0,3449.6252,3705.0945,3235.7822,0,0,0
17628,279.232611,7.8608713,99916.516,5825.0957,4891.966,783.11487,1462.7557,1440.5165,356.67346,283.8625,578.3677
17579,308.2803624,7.86135,29632.803,19611.113,18285.857,18667.355,16859.807,28299.56,18960.31,17858.434,18332.965
17582,291.2537323,7.8627167,25730.123,16199.802,16296.148,15776.09,15126.032,22477.275,14019.781,14809.945,14728.951
17573,313.2371468,7.863279,1988.9338,2226.0076,2077.3606,2572.6772,1397.0194,2523.645,3123.8848,1933.3933,1327.9125
17591,263.1993916,7.870055,1072.4928,4782.933,5093.406,5022.887,4041.5305,6355.7314,3776.4143,4133.9224,3529.024
17593,241.2167304,7.871825,14751.153,19091.36,31843.49,20967.484,14681.718,34969.742,12842.862,23526.166,24010.975
17623,297.2611149,7.879582,482917.84,24513.76,19239.152,27.526222,28.585373,0,29.314938,0,0
17602,440.3595452,7.8805094,23551.662,12103.781,14454.154,12359.714,10837.123,12190.182,11405.271,11274.0205,11164.455
17605,352.3066723,7.88256,28857.318,16918.824,17746.559,16404.404,15338.077,17077.752,15455.449,16265.098,15597.421
17448,335.2796978,7.883239,10614.146,5163.023,5582.3604,5091.7227,4628.094,5142.4766,4670.361,4760.812,4746.326
17611,396.3332262,7.8839135,28495.885,17017.291,18218.812,16737.514,14192.324,16618.111,15111.896,16095.095,14445.65
17565,320.2573737,7.8840623,27670.072,1554.218,3182.9062,249.43137,283.68256,163.82803,0,0,0
17622,169.1228092,7.886506,18148.309,2210.056,1561.2825,633.7741,882.1744,528.8738,355.61493,527.7761,332.05566
17613,379.3056755,7.8866086,2907.3113,1354.4861,1358.8276,1956.6508,800.24207,482.94666,1847.7574,1594.539,1368.5966
17619,377.207746,7.887316,1525.0677,1622.631,1540.2046,2153.7742,1807.6315,1967.1608,1684.8824,1529.9567,1615.701
17621,397.1998462,7.888672,10225.857,10162.165,10030.441,9671.831,8976.281,9800.331,9867.598,9878.075,9681.721
17624,591.5119241,7.8889747,3196.347,0,0,0,0,0,0,0,0
17627,327.3018555,7.889183,39524.117,1992.5825,1541.6205,0,0,0,0,0,0
17629,355.2255799,7.8893433,20030.07,18476.895,18088.027,19076.926,18919.328,18557.982,17162.93,16698.188,17014.598
17630,392.2447126,7.8893433,1130.4673,1013.94666,1043.7323,1148.3534,1085.4039,990.9046,990.562,1172.2706,1003.4989
17625,613.4951893,7.8900404,42423.047,0,52.36036,0,0,0,0,0,0
17639,318.2414457,7.8912225,1025854.1,66774.79,54888.117,0,0,0,0,0,0
17641,341.3174932,7.8912225,50174.965,2397.7524,1814.0432,0,0,0,0,0,0
17640,334.2177356,7.898445,324207.9,24083.824,19257.4,0,85.938354,80.638,0,0,0
17752,291.2691745,7.9094453,819.1299,0,22.559475,0,0,43.53927,0,0,91.10819
17632,413.1740534,7.9324484,821.34174,508.7484,584.2059,587.8998,783.99695,459.7924,516.6914,1043.9792,661.4105
17761,308.2958989,7.9416456,23051.877,2060.1318,2253.9656,0,0,0,51.791557,0,20.808235
17706,277.216486,7.942362,142.94077,128.51732,280.19,10047.363,8467.852,7774.371,294.86688,154.99237,57.964275
17715,454.296013,7.9451528,0,0,0,2167.8857,2151.9778,1732.5378,0,0,0
17729,210.1492313,7.945205,2912.4736,209.72678,740.55347,25.89796,35.645767,37.229774,40.880417,0,0
17721,459.251342,7.947186,0,0,0,1117.7465,1116.7592,974.903,0,0,0
17732,294.2418131,7.9488506,651.9947,877.91724,709.0209,719.25793,870.3554,883.9563,733.00037,617.78937,708.24524
17731,272.2591043,7.9564953,11918.453,14450.97,16935.117,15996.661,12970.439,15771.228,14528.337,15602.682,13255.477
17725,250.1424088,7.9594703,1206.0587,82.55303,338.6427,0,43.818913,0,0,0,0
17736,534.3649546,7.959582,0,0,0,2284.0918,2096.3618,1979.25,0,0,0
17702,295.2274391,7.9636745,1293.1234,411.6574,1062.61,23457.998,24508.65,22314.186,1736.201,1131.2189,1669.1434
17741,539.3204116,7.963658,0,0,0,1764.4355,1916.8737,1846.8529,0,0,0
17750,653.4091057,7.9674277,17713.486,16475.207,17109.234,19052.328,17393.61,18212.814,15638.292,16157.411,15869.283
17707,333.1839786,7.9677277,61.74591,0,0,886.5994,838.5889,782.1836,0,0,210.65999
17751,413.174102,7.968073,821.34174,950.77527,990.5845,915.9158,953.60535,863.7708,680.63696,1175.1814,873.0731
17756,397.1998706,7.9708133,9481.711,10705.985,9850.423,10392.798,10640.587,9911.997,9633.892,10122.944,10431.59
17757,392.2445566,7.971478,286.40247,702.887,778.36884,705.5105,639.22327,730.33905,681.2427,538.991,781.67706
17758,603.3367528,7.9717736,0,0,0,3899.7302,3884.1533,3511.1929,0,0,0
17759,598.3815207,7.9718003,0,0,0,7097.2725,6750.932,6613.4707,0,0,0
17705,317.2100904,7.972155,1388.1742,88.2168,55.582466,7708.3145,7788.795,7106.1396,1209.8846,273.90134,109.29682
17760,348.2890242,7.972673,29232.773,2791.633,3114.5894,0,0,0,0,0,0
17768,378.2430898,7.974099,5104.9253,40.076653,0,0,0,0,0,0,0
17754,362.2684345,7.9801607,16991.557,48.41059,0,0,0,0,0,0,0
17762,364.2673831,7.9811044,8013.9556,993.74274,874.5529,95.703125,137.1475,77.2243,52.677376,53.014977,160.74884
17789,184.1700624,7.983546,13525.91,700.09015,744.92706,0,31.690678,31.126287,0,0,0
17972,631.395919,7.9842877,30011.03,29547.291,28338.1,31355.176,30869.047,31610.904,26188.727,26818.387,27735.994
17787,339.3022924,7.984507,20760.553,462.15683,508.64917,0,0,0,0,0,0
17788,435.2129359,7.986314,843.8092,1122.5553,883.9724,1384.8345,1343.752,891.5892,1052.9263,1198.7042,852.2719
17790,413.2311305,7.98767,6713.1055,6846.045,5622.1973,6722.8853,5662.935,7470.617,6465.0137,7738.6606,7756.7065
17826,338.269921,7.988864,3864.8726,59.586716,0,40.723465,30.56963,49.979576,0,0,0
17825,316.2854011,7.9961314,1097.6412,32.65987,47.58217,67.05434,36.19422,61.245323,75.84521,35.48921,0
17753,340.2866277,8.000706,21396.871,241.84088,446.1462,270.21936,652.573,273.23663,0,0,57.14781
17809,609.3827005,8.000983,45745.582,44214.58,42714.973,46755.5,47296.19,47596.605,39071.02,40990.586,41496.23
17812,475.3516852,8.004807,18575.168,885.6098,183.86803,0,0,0,0,0,0
17870,366.2050898,8.005996,1495.5881,233.87808,1496.3721,0,0,0,0,0,0
17816,491.3265905,8.00607,2418.4236,0,0,0,0,0,0,0,0
17827,354.2424557,8.012125,1187.5316,0,0,0,0,0,0,0,0
17815,453.3704522,8.016147,9537.701,190.05627,53.986183,0,0,0,0,0,0
17836,587.3687653,8.018278,57307.57,53509.86,54723.51,63064.69,60747.91,58700.02,50662.7,52508.91,53384.484
17828,381.1109255,8.019912,7135.1523,5327.9624,11283.927,14610.777,33475.582,31534.984,3470.5583,4296.4536,3845.63
17843,350.2674216,8.020038,19486.678,0,0,0,0,0,0,0,0
17844,366.2418116,8.020038,3346.7373,0,0,0,0,0,0,0,0
17985,365.1369934,8.020103,37636.473,28128.426,57289.094,145242.97,182076.58,174958.7,38528.266,45127.074,42072.324
17910,322.2747594,8.021015,8261.386,157.18976,170.27432,21303.078,21721.598,19922.445,0,0,0
17897,296.258659,8.025998,542510.94,36319.56,29676.436,43.325584,35.44349,57.01622,0,0,0
17854,430.3903802,8.026987,284595.75,273659.53,249535.77,306977.3,280804.25,286572.22,227974.6,249713.72,250176.4
17864,312.2540073,8.032186,7163.2617,3169.3262,3397.3945,3653.4077,3126.3408,3857.259,2712.17,3013.2568,2985.6255
18097,363.2203053,8.032379,29172.51,10991.547,9461.48,3646.0176,2778.5188,3583.9377,2339.8633,2389.9666,2539.9565
17855,385.202094,8.033059,4812.8315,1868.3604,1464.3309,180.09993,321.35474,290.2714,193.19145,237.45288,115.60426
17866,317.2098404,8.036436,4721.028,6368.3057,6578.173,11479.324,11362.149,11894.117,6130.3755,5616.1562,6559.378
17867,565.3556514,8.036438,66006.21,67605.12,62583.246,70539.336,66297.08,67945.94,54785.074,63105.848,59272.29
17773,167.1436486,8.038738,1203.851,58.828537,77.60553,87.4931,81.42824,160.5854,71.957085,73.52504,153.12292
17882,350.2319303,8.040273,3678.533,435.24014,1354.646,0,0,0,0,62.338066,0
17876,319.2447432,8.040346,47163.848,3534.3542,2607.7148,50.142677,0,0,0,0,0
17829,360.1815498,8.041019,12766.723,11734.42,18480.066,24827.887,32020.479,30623.703,5429.704,6783.5425,10951.333
17861,333.1838869,8.041163,198.50882,616.401,431.11386,1328.902,1275.8145,1503.3108,242.69579,599.38324,546.2616
17892,613.4939598,8.044381,3022.1965,0,0,0,0,0,0,0,0
17898,318.2415229,8.045124,240402,17510.85,13947.578,0,0,0,0,0,0
17901,356.2804049,8.0459,37366.6,49413.496,36711.35,43233.297,45941.855,48106.78,41173.305,47271.797,40201.227
17902,361.2361552,8.0459,3565.1555,3619.8035,3456.6777,4460.848,4250.125,4112.097,3026.3696,3359.6118,3998.065
17886,377.2097207,8.047239,139.06714,225.77771,391.16656,874.6212,594.5424,410.84308,398.94495,126.23814,428.72253
17915,311.1271052,8.0499525,45881.18,46711.957,42227.043,48125.293,45146.207,48164.832,41517.66,44633.7,42673.2
17911,344.2573505,8.050447,6072.65,0,66.799805,4683.6494,4765.142,4432.489,0,0,0
17918,543.3418028,8.050632,72924.46,60120.227,60725.51,71963.266,71787.02,71725.19,58698.285,61800.41,64344.492
17906,334.2192209,8.051867,73976.76,6808.5903,4465.609,123.33065,61.747635,125.284195,80.77858,69.061066,0
17896,343.1548056,8.052025,28686.303,39014.51,35759.062,40301.67,104413.64,49096.98,24733.604,24427.344,23097.357
17885,360.2299997,8.0520735,126.51706,0,0,870.0945,956.6727,851.4035,0,0,0
17860,277.2164052,8.052493,144.75314,319.47214,239.79617,9305.398,10254.47,9653.512,185.44543,193.88574,109.38045
17986,163.0757727,8.053371,73474.44,31950.578,52389.66,61862.793,84039.2,153370.62,33702.156,32946.27,33034.77
17928,327.1010948,8.053996,8012.974,8629.728,9170.556,8729.485,7677.8784,8086.341,8317.981,8424.691,8822.146
17929,361.2952451,8.054008,9293.31,9816.332,8686.566,9864.112,9982.895,8079.583,7358.776,8483.703,9106.03
17931,378.3223359,8.054687,204746.55,237857.9,240295.14,241425.69,210094.73,257380.64,176063.88,214992.3,189401.1
17934,421.233546,8.055358,110719.41,106179.555,122837.97,133365.2,126740.375,138263.64,105909.38,115313.22,105264.35
17935,437.2080941,8.055361,29511.879,36404.465,39761.79,40904.953,36099.637,41082.863,36328.723,34167.125,34583.934
17938,399.251702,8.056033,1113325.5,920448.75,1016830.2,913935.1,879115.7,933171.75,924079.8,967770.94,959582.1
17865,295.2272771,8.063875,849.68677,457.98688,1602.0425,26595.203,25765.965,22204.498,973.98254,1131.2189,476.297
17966,184.1701599,8.066059,34532.168,1455.3951,1593.6306,29.381222,41.742912,31.126287,0,0,0
17996,364.2674552,8.066103,6841.118,719.686,488.45474,95.703125,58.409035,77.2243,67.31395,54.913662,160.74884
17977,521.3288539,8.069508,65997.05,61772.883,60154.273,64082.15,65500.766,64615.848,57152.555,59648.895,59591.16
17988,373.2726054,8.074226,8069.3394,10890.982,10519.29,14572.098,13027.638,16764.75,9809.175,10415.741,11010.948
17994,308.2955954,8.075469,28807.654,2298.202,2804.2617,0,0,0,0,0,0
17997,360.1815666,8.076244,18157.451,21790.68,21376.775,28210.7,34193.76,31124.744,9367.029,14647.18,16087.589
17963,167.1436297,8.07666,2431.8577,163.38773,77.60553,87.4931,81.42824,132.25107,71.957085,73.52504,69.19609
17995,333.2798408,8.076922,524.4421,1673.8997,1580.1841,1964.6895,1782.8105,2954.8992,2218.6682,1216.0498,1881.6445
17991,348.2887966,8.077498,29066.916,1470.6052,3006.4883,0,0,0,0,0,0
18056,389.246072,8.081651,215.89499,335.9038,526.84045,685.4265,657.1449,1106.7524,361.40594,560.9583,448.3651
18006,250.1418413,8.087921,2230.7961,393.02344,1326.3345,55.937183,48.62043,62.46493,0,0,0
18003,499.3153886,8.08839,48302.21,50078.62,51444.336,54462.69,55397.49,49651.94,47649.082,48159.406,50205.42
18015,315.2340478,8.090642,270.04156,1973.9579,1800.2673,54.57007,55.92292,51.605213,41.97991,32.147583,43.47187
17993,291.2692877,8.099207,1462.8738,57.101234,53.088615,0,0,0,47.819824,0,0
18059,245.2287018,8.102452,33634.76,1385.6069,1422.5139,35.778183,0,0,0,0,53.55528
18080,170.1544557,8.1024885,19329.184,1902.0688,299.5485,196.12393,156.41719,104.2507,149.99748,136.7344,103.587166
18069,299.2587251,8.105906,46242.02,3178.3943,3550.6853,208.75638,203.85242,90.78339,80.63024,68.634995,58.661682
18024,477.3021924,8.106992,29479.562,27724.332,29465.49,17922.205,15654.28,18822.086,20754.95,15733.717,17193.129
18047,299.2779002,8.108963,660218.7,26177.44,26314.844,57.435257,159.08908,87.86371,0,0,0
18051,595.5431106,8.112427,16499.35,0,0,0,0,0,0,0,0
18020,210.1491963,8.1130705,1108.7178,192.72029,734.804,0,0,68.726776,50.966347,41.77996,0
18054,397.1998087,8.113738,11538.398,14105.043,14252.716,14856.284,13392.329,14007.193,14322.6455,12887.59,13854.997
18099,329.3172555,8.114406,114139.766,6829.94,7273.741,157.10611,141.73338,351.4617,178.98839,227.90942,77.06197
18057,392.2446181,8.11509,5428.8726,4431.693,5399.6084,5059.565,5302.919,5312.3784,4531.6465,4725.16,4785.7295
18061,343.3329085,8.115544,152638.19,7542.6475,7620.395,0,0,0,0,0,0
17862,320.2569041,8.11736,2001920.8,145762.6,146781,1849.6588,2175.1846,1909.558,0,0,0
18067,280.2641178,8.117365,1836590,90908.54,92383.07,659.9831,869.4499,740.1182,0,0,0
18014,275.2378121,8.118037,3169.7383,4946.3296,4944.384,165.00458,52.9227,39.091343,0,35.710365,0
18071,413.1737771,8.118458,714.8759,493.66226,1122.6432,1126.0143,1076.5885,1053.0927,1145.491,603.0149,1111.5819
18094,339.3019301,8.119601,164191.6,7380.6807,6750.8564,0,0,0,0,0,0
18098,617.5257347,8.121619,83723.53,688.4808,709.2648,0,0,0,0,0,0
18058,172.1336958,8.122322,89014.42,5105.038,4568.001,178.67719,219.62277,156.02151,142.63388,226.56667,110.99019
18073,109.101822,8.122883,34959,4224.3276,2347.0247,1923.1438,1327.9628,3931.8005,676.8151,1143.3533,493.638
18068,156.138819,8.127662,112941.09,5901.8447,5986.6562,116.22392,474.34158,528.4768,204.78506,374.22232,176.42361
18093,281.2484329,8.129225,64675.207,4053.985,5462.881,281.1017,113.74948,310.77188,337.0019,299.64548,86.70225
18102,298.2748655,8.129402,3288161,169248.14,169391.23,2830.1958,3060.3616,4853.864,44.044716,0,37.61956
18105,295.227391,8.129548,849.68677,1272.1698,1920.1416,14845.933,14940.763,13072.713,982.919,1203.2396,939.5653
18159,333.2798618,8.138918,524.4421,1373.9463,1942.2202,1728.962,1796.1741,2489.757,1511.774,1829.9519,1557.8544
18130,421.2746653,8.141468,0,0,0,4006.1497,3972.798,3395.7466,0,0,0
18131,456.3117771,8.14148,0,0,0,29825.11,28955.979,24805.994,0,0,0
18132,477.241797,8.14148,0,0,0,7793.799,6965.0317,5705.6274,0,0,0
18140,461.2666933,8.143498,0,0,0,6300.077,6040.717,4836.881,0,0,0
18154,373.2725194,8.15084,4866.0293,5898.6514,6382.178,8610.352,8708.849,8437.285,6828.289,6166.4863,6182.68
18267,362.2546588,8.152454,639.0613,615.17615,808.64166,349.11487,2255.1648,4348.357,621.16437,532.33435,702.89044
18161,362.2341817,8.154041,139.53378,332.35614,263.9961,282.96063,404.95096,421.84198,238.08551,650.3079,169.91382
18158,367.1891668,8.154381,53287.316,58677.426,60301.14,56635.82,55047.188,60134.797,58095.82,56936.777,60840.05
18163,383.163418,8.157775,986.30164,1679.4028,1777.4904,1660.7262,1706.0276,1886.6898,1889.4971,1769.9913,1990.431
18101,336.2267485,8.159778,588775.3,52723.152,52857.035,677.9523,527.17847,684.3599,678.112,288.5965,574.4158
18255,156.1388289,8.166124,99935.18,6532.428,5858.647,116.22392,309.902,242.9816,204.78506,374.22232,176.42361
18176,308.2955891,8.176126,61211.95,3663.7483,5506.9395,0,0,0,0,0,0
18100,263.2377952,8.177907,151799.47,6809.771,6782.7915,49.293304,45.999474,42.638905,35.664726,0,52.513252
18173,348.2891712,8.180403,59943.844,9783.9795,7861.968,0,0,0,42.33931,0,0
18182,344.186791,8.181972,17037.43,14294.539,20058.656,27511.727,25709.945,26246.406,18933.086,16833.906,21786.02
18231,172.1337432,8.182585,47632.28,4359.0073,4209.389,387.6999,219.62277,156.02151,110.06088,156.2052,110.99019
18186,313.1064025,8.18285,581.3566,797.83203,1127.971,1565.9486,1765.322,1337.1683,1349.458,864.52,1297.6713
18185,647.2644184,8.182844,677.79663,1758.8096,1977.0714,2103.2793,1858.0391,2322.9937,2102.5698,2135.2844,2138.9016
18183,335.1261949,8.183048,187575.53,234496.08,229933.7,256161.69,250535.1,243215.31,198934.02,179953.45,232498.84
18184,351.10019,8.183048,186451.23,254178.3,298423.94,213002.33,205125.22,316136.9,263849,246936.67,337100.66
18187,149.0237964,8.183722,138730.06,137169.81,133778.23,136879.52,134472.44,154431.11,130198.27,124792.99,132644.97
18188,313.1441884,8.183722,375248.06,372843.2,375110.34,385207.2,372956.5,401938.66,320388.9,346159.2,387945.7
18190,330.1712797,8.184193,6020.4976,5368.534,5590.9014,4581.4194,5743.567,5601.601,4838.7217,5363.958,5423.6016
18192,205.0865391,8.184395,31154.174,30041.88,31550.305,30382.055,29829.354,33998.46,29901.533,29301.543,30495.797
18193,353.0981057,8.184394,13811.269,20756.457,17035.143,15302.492,14921.064,17666.674,20726.182,17930.223,23488.287
18194,358.2023362,8.1846,25217.602,27243.65,29453.225,32960.84,31752.955,30132.01,29925.732,28378.379,27133.535
18235,298.274967,8.184834,1568788.1,89223.94,86503.836,1721.3685,1633.1294,2856.6604,44.044716,71.59438,37.61956
18273,139.9937131,8.195179,169.21959,223.4545,181.72751,56.093483,56.799713,46.106197,290.4201,318.8591,719.21857
18253,329.3173294,8.202098,73193.56,4688.1455,4654.842,282.6103,141.73338,351.4617,298.9278,133.28021,155.17319
18236,280.264147,8.202697,1551111.9,87690.836,89298.94,1278.1204,1392.834,1315.0083,0,0,0
18244,595.5435552,8.203269,7102.4956,0,0,0,0,0,0,0,0
18248,343.3329438,8.20362,99538.19,5563.1978,5455.5366,0,0,0,0,0,0
18250,320.2568188,8.204719,1242393,89514.734,90701.74,1337.2312,1604.299,1582.5881,0,0,0
18252,245.2272431,8.205632,25858.514,1331.428,1179.4973,0,0,0,0,0,0
18254,339.3022623,8.205627,81897.13,3531.049,3589.2493,0,0,0,0,0,0
18268,383.1834277,8.208352,149.7785,141.67789,60.707222,104.69112,66.93009,493.9413,58.252316,40.873688,87.401
18288,336.2262359,8.209046,380630.25,32032.354,32095.723,677.9523,1093.7666,1179.8613,752.0971,751.30304,574.4158
18272,364.2848707,8.209139,78457.35,1195.0262,0,1173.1792,562.40485,1171.6215,0,0,0
18264,425.1733474,8.210388,366.7536,1801.5582,1650.4591,1935.2683,1570.3394,1766.1462,1613.0883,1687.2332,1812.2344
18263,404.2443085,8.210392,13072.41,11515.619,11126.029,12021.573,11309.998,11911.37,9996.358,11028.377,11618.614
18265,409.1997414,8.211739,14155.226,14121.505,15347.938,14194.406,14253.121,14640.349,12641.183,13824.052,14460.7705
18283,351.1946555,8.216448,646.983,5579.4893,4390.7944,8649.566,4591.4844,8909.923,7111.9053,4386.2246,7478.302
18274,313.2378102,8.216456,5702.3013,8960.211,6802.8096,8917.472,8929.919,9637.754,6389.7065,8625.541,10147.116
18280,330.264849,8.217137,10034.77,28620.318,25111.295,33381.254,25994.043,29073.555,27824.627,25498.22,29461.734
18281,335.2197346,8.218475,9167.144,17848.85,17255.855,22026.363,19489.807,22585.502,16947.373,18389.707,19012.121
18296,184.9945831,8.2245455,200.5846,100.248505,203.80994,66.70387,84.11081,43.593193,287.91357,419.54788,225.69621
18151,117.0705054,8.229246,27355.45,25911.654,26689.547,14730.176,26685.477,26937.238,12789.4795,25266.582,25052.443
18295,179.1072176,8.229244,7855.975,11809.045,7114.5913,12611.059,11140.005,6325.4126,10215.418,10816.054,5851.5576
18291,214.1806243,8.229455,31058.982,481.08435,141.70825,84.417534,68.44949,68.38987,52.560196,47.215576,73.30339
18299,161.0965336,8.23059,16442.924,16340.243,16169.829,16771.906,16960.693,16570.682,15031.741,15570.952,15709.2705
18313,395.1632909,8.232605,1443.0554,3108.4883,2915.948,3173.6208,2668.39,2762.523,2815.5115,2644.899,3074.7258
18311,374.2338962,8.233965,17696.63,16125.57,16862.395,17054.088,15799.612,16052.04,15281.513,15980.28,15758.077
18317,379.1890561,8.235312,25423.832,24873.951,26174.783,22691.266,22383.04,24405.34,23740.367,24639.76,24725.58
18326,129.0703746,8.238004,26188.416,25692.27,26049.143,28130.83,26014.863,28061.896,23023.127,22980.926,25858.402
18308,197.1542437,8.239589,2880.6572,259.1634,917.6549,698.5672,691.48956,1023.6388,648.27747,153.81784,395.1365
18365,269.248185,8.24337,1188.5403,3004.0264,3417.438,3949.9336,2619.4758,2479.4507,2157.888,835.23596,2130.4102
18348,286.2747596,8.248111,12002.199,13683.576,13573.471,15555.413,15011.9375,14114.895,11152.285,12164.099,13386.679
18349,308.2564777,8.248788,598.712,762.13336,949.7241,1096.4504,991.41284,1244.4615,778.4249,775.2392,648.8479
18426,467.3061148,8.257479,0,0,40.87422,784.6684,1005.0981,43.685406,0,57.27613,0
18476,378.3023655,8.259871,1773.9156,38.06137,136.41534,35.52927,46.92447,0,0,56.24504,0
18432,261.1242115,8.264775,0,0,0,724.1081,900.6729,0,29.988972,0,0
18439,315.1960055,8.28215,2128.927,2194.2498,1733.5681,1857.3152,2824.3877,2114.0967,2139.7854,1455.8878,1868.6018
18472,359.1064548,8.288108,8026.1895,3120.0332,1369.4963,15704.797,7927.4673,7398.127,5796.07,2621.7334,15051.179
18475,356.3156291,8.288737,2467.8118,202.39914,137.9523,72.10065,104.43831,117.39673,57.11223,48.8794,59.831352
18443,337.1609676,8.28925,62.753098,105.35041,51.020454,1205.6545,1251.256,365.56937,65.380486,51.250916,67.0193
18465,343.1324931,8.289991,76890.81,19272.506,33403,84380.055,73214.21,75458.09,32996.9,33540.867,78504.336
18438,245.1501654,8.293584,67.42004,352.08472,168.33315,8261.496,9121.704,1373.5061,38.731762,103.08884,42.959393
18444,321.1856876,8.294482,141.29668,62.457058,88.493706,2348.3284,2243.0957,771.1266,76.42804,165.29321,92.260704
18489,214.1805802,8.295594,15437.667,481.08435,272.0061,52.426376,68.44949,123.10965,52.560196,47.215576,73.30339
18499,324.2565381,8.298715,436.25208,476.48648,352.09375,52.02637,0,48.915558,0,28.460312,0
18521,329.2109887,8.300255,213.38147,533.64465,205.36761,54.698246,74.77374,107.460915,43.436142,84.925514,46.42994
18450,298.1675427,8.301588,44.13624,38.70409,53.586548,331.32568,458.20596,91.01324,32.174934,36.067932,51.731995
18508,454.2929794,8.303396,0,0,44.10608,6244.3843,6179.107,4580.054,0,0,114.22169
18512,404.2444371,8.304217,19013.727,20238.35,19554.084,20868.057,21263.145,19811.088,18051.352,17453.045,19207.064
18515,459.2511765,8.304817,0,0,0,1013.3685,1031.4504,870.43384,0,0,0
18516,361.2219716,8.304891,3399.3486,3225.6865,2745.745,4467.3965,4761.536,3815.9119,2840.5786,2511.2563,2907.929
18517,383.2048752,8.304891,9572.516,9088.533,9421.828,12902.884,13121.404,12793.034,8417.754,9154.185,9204.591
18518,378.2501,8.305562,1989.303,1947.8982,2012.3821,2938.7705,3351.5176,2570.375,2137.7688,2051.1035,2005.8931
18519,399.1798593,8.306243,1592.4163,2029.5662,1868.6187,2480.4084,2461.757,2240.3977,1649.3403,1925.4352,1972.3954
18523,409.1998272,8.308255,19892.775,21139.2,19793.143,16123.514,15260.175,19291.223,19149.111,19522.723,24009.342
18670,364.2844742,8.308744,31450.902,154.52087,0,114.61744,112.02555,42.48806,0,0,0
18524,425.1735634,8.308934,2459.5215,2413.239,2365.873,2177.9695,2041.363,2400.0994,2553.1604,2534.8457,2379.4834
18488,200.1649752,8.30987,13244.353,101.34993,144.02274,76.0506,154.19598,53.975815,45.247314,45.536972,50.31409
18533,221.154187,8.315659,4471.167,3691.0945,3483.396,4540.405,3962.4648,3539.1653,3849.2312,4102.718,4351.215
18534,238.1806062,8.315659,1528.7981,1303.4584,1285.7612,1369.5226,1201.42,1537.2806,1198.5632,1342.4174,1191.963
18540,243.1360143,8.317006,2135.764,1918.9373,1775.3434,1840.3684,2056.2651,2152.3992,2099.762,1977.5057,1987.9703
18552,149.0238227,8.324409,136326.28,185236.89,179583.17,240788,215608.06,193450.9,145254.02,180534.58,183703.69
18553,279.159744,8.324409,91123.414,89332.63,85833.6,80984.28,93104.08,87798.44,74080.805,74015.09,84058.586
18556,301.1418209,8.325079,64412.766,60612.793,60666.496,67254.02,60593.105,57483.707,61838.875,52121.18,64524.926
18557,317.1158225,8.325078,14331.892,17454.121,19647.316,16728.871,16683.836,16972.98,15551.28,18599.19,17978.314
18561,205.0866076,8.325752,25650.057,24484.219,30146.236,32015.328,35730.887,29891.916,23330.193,21329.166,21151.99
18571,390.1135992,8.327101,1186.0353,1036.9108,1106.1105,1339.6229,1055.4971,1195.4294,911.6526,1074.0767,807.8225
18566,505.3411391,8.328966,8726.111,54.358875,0,0,0,0,0,0,0
18576,412.0962528,8.329119,1148.5452,1210.3948,1021.93756,1191.6879,1034.7744,1264.1462,1022.98926,945.81866,931.8847
18579,389.1129244,8.329788,3721.2532,3441.5461,3277.6567,4701.977,4434.2646,4098.2603,3329.5796,3223.0396,3390.9512
18582,411.0947499,8.33046,3508.8672,3757.043,3513.9778,4012.0427,3590.3376,3837.7932,3472.973,3651.6858,3680.2278
18592,489.3661256,8.330929,61007.797,3094.3516,1633.4108,0,0,43.975304,0,0,0
18584,427.0692084,8.331142,1648.5643,2072.554,1753.8954,1712.3002,1805.6288,1727.3186,1887.008,1718.8174,1858.5807
18583,406.1393936,8.332486,697.5732,414.56754,621.7698,878.6808,607.3663,558.81354,541.82074,489.85544,317.0643
18500,467.3859485,8.336829,45843.355,726.0053,1128.6667,0,0,0,0,0,0
18608,374.2340568,8.341915,20843.822,24292.547,20136.387,22187.014,20515.074,20132.146,19942.102,19714.18,25014.064
18654,348.2888079,8.34208,7518.507,315.31412,105.50398,0,0,0,0,0,0
18616,395.1635119,8.347028,5157.6006,5859.21,5915.6323,6460.162,5722.227,5935.4414,5610.11,4581.746,5943.3633
18623,357.2069565,8.350331,1810.64,1798.4249,2321.1147,2591.008,2832.6401,1821.6084,1563.129,1640.2289,1872.0078
18626,510.3652945,8.355075,0,0,0,2408.9875,2591.6526,2225.9124,0,0,0
18630,379.1890743,8.359881,52886.188,55757.906,55457.184,55822.58,54146.258,53917.934,51981.367,55506.926,57662.03
18631,515.3202991,8.361145,0,0,0,1897.5919,2311.95,1896.8469,0,0,0
18644,228.2328492,8.367298,163745.56,18408.852,19811.59,5140.517,5830.34,5122.787,240.14816,269.9566,369.49057
18653,308.2959504,8.372982,14885.84,317.24646,353.1589,0,0,0,0,0,0
18667,161.0965436,8.376054,45270.89,44054.914,44699.414,49499.145,45614.742,47659.676,41055.188,43065.29,46146.29
18676,129.0703905,8.378071,111300.81,111688.71,113432.04,118921.28,119306.51,119311.66,104000.55,109406.65,114577.6
18687,263.143771,8.380092,27250.24,26731.787,27902.188,28574.967,27518.52,27329.377,25010.672,25298.258,25289.55
18689,349.1784364,8.380092,59478.85,60292.18,61643.363,63073.777,59484.45,62535.12,58290.38,61128.453,64266.53
18691,295.1700292,8.380766,73225.35,72916.13,73346.586,76234.875,70710.53,75743.13,70168.42,71328.41,72004.35
18694,365.1540195,8.381439,2320.6304,2887.3867,2827.3613,2849.1067,2925.4014,2827.535,2658.3977,2794.1204,3018.4958
18699,344.2253077,8.382114,6788.243,4378.9297,4542.565,6006.705,4527.481,9212.7705,4192.419,6421.1924,4504.746
18702,332.2579778,8.382804,6742.3916,0,0,0,0,0,0,0,0
18711,378.2865314,8.388174,8041.6274,8850.736,8064.0723,9244.646,8379.8545,8931.923,7347.3403,7842.9556,8549.128
18712,327.1967038,8.388369,9093.896,9084.895,8939.861,9220.781,9202.952,9471.231,9086.863,8937.852,393.98474
18742,497.3914772,8.390732,4632.173,71.54353,57.8178,48.307487,0,44.747726,36.863262,0,0
18720,383.2408996,8.392895,4448.857,5412.904,4726.528,5111.3413,5890.3447,4990.719,4431.5693,5079.5376,5231.5005
18724,586.4558012,8.394907,19553.12,2297.1326,2872.2153,3025.6072,2524.6355,2362.651,1584.8508,2039.4155,1971.8239
18725,324.290697,8.395209,54324.11,1402.0054,1529.8007,0,0,0,0,0,0
18739,252.1963836,8.39748,2938.7273,186.28664,212.5509,49.63932,79.52276,57.519295,0,43.792088,0
18713,310.2751994,8.39941,13772.218,144.27866,43.954815,0,0,41.818443,0,0,0
18738,250.1200875,8.403587,1701.064,39.32676,60.1736,0,48.00477,0,0,38.074837,39.78528
18745,359.1240817,8.40703,1668.3677,1823.6165,1793.566,1789.1033,1919.5254,1573.0575,1455.4629,2262.2014,1970.438
18749,343.151093,8.408373,17097.031,14231.203,14436.969,15727.273,13755.561,14201.601,14519.9375,15398.215,16091.216
18750,321.1673477,8.40838,157564.81,170521.48,170714.05,168807.75,173953.38,184334.39,156895.52,167121.45,180262.56
18755,542.4284426,8.411077,25564.283,5204.449,5067.963,5303.4414,4909.7437,4141.434,3738.5798,4093.6638,4781.483
18758,274.17848,8.411513,5537.0938,697.0115,840.214,368.49945,533.2564,241.32094,0,0,0
18763,519.3783088,8.413148,2526.7715,0,0,0,0,0,0,0,0
18731,200.1650579,8.418105,15255.645,765.05334,1817.6652,76.0506,187.62125,64.02154,60.859688,35.313824,61.669327
18737,234.1475088,8.418673,6609.3247,427.3808,505.13382,269.82147,152.36017,131.98958,43.195724,42.396378,43.231037
18783,368.218411,8.425913,2831.5664,259.505,1918.0785,56.827568,0,42.71836,0,0,0
18788,498.4014658,8.430141,33779.703,9849.123,9364.607,8311.758,8919.212,6948.4937,6754.1763,7665.5713,8360.852
18782,352.2483683,8.4311075,8643.385,841.683,2535.542,0,46.102444,59.747753,0,41.164837,0
18669,261.2431758,8.441044,14022.485,14802.716,12333.627,16284.144,12625.023,14906.919,14253.052,11368.055,14233.411
18813,299.1995399,8.44219,672.78436,429.62656,888.6789,1080.655,892.2829,1023.75995,470.78998,952.3924,918.35785
19005,278.2697464,8.4423895,5757.834,5853.9556,5791.778,6625.6807,6594.1953,5537.815,5883.898,5485.4497,5764.1177
18811,283.2256624,8.443065,19196.477,16622.715,17297.201,17861.232,16618.62,18937.143,14253.091,15048.794,12630.379
18814,454.3751982,8.445564,41296.19,11557.925,11780.486,12532.415,12005.206,11647.689,8013.1704,11359.577,11635.762
18820,305.2693833,8.448452,49808.887,27075.486,23579.19,25137.812,25203.035,28214.154,24396.43,24245.146,26922.059
18821,322.2960506,8.449803,67007.195,42381.496,43664.363,41482.91,40203.5,37273.844,34192.37,44201.188,37239.746
18828,327.2521775,8.452489,5229.1226,2905.0105,2929.4646,2723.6802,3064.0566,2887.3535,3411.9746,2658.4275,3357.6265
18826,459.2512245,8.455902,0,0,0,549.48865,811.1181,292.8814,0,0,0
18834,410.3488853,8.456533,50469.508,16052.815,19499.877,15990.47,15352.608,15405.116,13494.115,14579.715,14706.38
18798,371.2786544,8.458553,1074.4398,56.465767,254.64001,239.14622,72.47651,65.73691,68.25249,134.33502,131.29277
18853,312.2909986,8.4597845,9428.782,334.08792,180.64278,32.77705,38.3488,38.858917,0,0,0
18846,349.2955493,8.4599,20235.758,6844.2275,6845.73,7271.8345,6420.8496,7503.071,6702.938,5929.5986,6615.1025
18849,454.2957372,8.459941,0,0,0,2413.5383,2856.978,2423.4739,0,0,0
18850,366.322418,8.46192,68509.305,27724.947,29427.863,29996.572,27813.76,31601.018,25253.281,27774.184,25717.55
18867,519.3778781,8.475602,1162.0978,0,0,0,0,0,0,0,0
18876,380.2576375,8.481706,1934.3593,0,0,0,0,0,0,0,0
18891,346.2736615,8.48795,55551.363,1356.2839,927.7442,0,0,0,0,0,0
18889,362.2525602,8.488681,14013.521,370.11285,99.13815,82.86998,118.2074,77.6214,0,67.524124,0
18890,497.3921029,8.491057,1618.4694,71.54353,57.15489,0,0,44.747726,0,0,47.044846
18896,364.2835768,8.493816,6011.939,0,0,0,0,0,0,0,0
18897,324.290075,8.494039,66726.055,3145.4646,2690.079,0,0,0,0,0,0
18904,353.1393667,8.498047,27136.64,29564.2,28591.24,29196.604,32235.803,29938.434,25812.605,29089.871,29849.676
18914,375.1215472,8.500164,2347.8025,2274.9976,1853.2225,2093.6335,1880.7233,2354.8113,2071.414,2143.141,2024.7188
18946,316.2036088,8.504297,2482.9602,58.013588,92.157364,0,40.316902,0,0,0,0
18894,307.2643033,8.505718,1522.514,37.048462,42.881294,133.22612,55.585236,58.80394,39.76178,65.477844,42.33747
18859,334.2730352,8.506165,5912.296,123.48561,61.19181,0,0,0,0,0,0
18920,278.2486497,8.506465,39836.56,5497.801,5255.9194,2386.2087,3004.8716,2490.3198,0,0,0
18945,300.2315913,8.513061,2661.196,253.9655,63.131035,0,0,26.587536,0,0,0
18951,666.5548505,8.521572,74785.57,84313.02,76827.23,81998.55,90130.39,81651.18,76081.08,78973.914,79245.19
18953,651.3644482,8.5231695,1311.0513,1608.7081,1016.9376,1598.2988,1610.1265,1401.8943,1309.0475,1167.7463,1158.4769
18954,646.4094481,8.523824,10154.5,10916.205,9667.672,11167.121,10613.731,10214.578,10101.122,9719.748,13988.08
18936,261.2217975,8.524266,1746.9962,66.033516,373.1575,95.67333,90.76253,41.97211,0,0,0
18962,361.1785188,8.525853,5205.799,5463.947,5581.484,5429.798,4968.337,5681.4673,4972.985,4933.776,5807.014
18943,629.3853258,8.527293,350.80893,115.64758,133.6441,514.1701,316.95642,142.35173,182.43295,68.66163,304.2888
18971,356.223435,8.52857,6102.873,6042.996,6134.4766,6174.1113,5878.327,5961.5845,5920.225,5782.187,5705.564
18972,307.1701885,8.528578,22768.475,22278.543,22286.03,24114.543,22912.08,24921.863,21389.533,22637.936,22464.506
18981,339.196731,8.53278,2098.6392,2196.024,2291.1365,2203.2148,2236.5088,2308.549,2051.497,2111.6472,2175.4907
19013,320.2256174,8.5338745,3326.8606,0,0,38.329098,0,39.100014,45.960793,32.209232,0
19135,274.1785905,8.537535,1276.0956,176.10501,188.16469,54.986702,183.41367,92.23074,0,0,0
19122,234.1857813,8.537589,1598.4003,244.73175,393.2076,86.589264,117.29344,101.21789,0,0,0
19058,370.2207488,8.543389,4736.788,804.17444,2375.7852,0,0,0,44.079308,0,0
19049,188.1287315,8.54501,9004.647,2193.1997,4228.205,756.5721,642.4734,1551.4104,591.87006,162.30936,265.37814
19042,298.274701,8.547355,9278.406,321.3841,283.41107,0,42.208862,40.95453,33.03828,39.185677,0
19001,364.1897721,8.550235,6060.7896,58.149227,150.073,0,0,0,0,0,0
19052,354.250314,8.550251,2501.9097,118.29271,1004.632,47.697456,40.68825,0,38.751064,0,37.57161
19012,298.2387647,8.5518875,5027.4062,93.60426,35.84444,0,0,0,0,0,0
19023,129.0703926,8.554311,41209.79,39944.438,38834.234,45416.656,41036.297,44313.305,39282.992,39817.562,40088.18
19014,348.1988211,8.55626,6871.0376,39.596855,194.13278,46.44971,35.382683,36.848778,0,0,32.404427
19043,312.2907667,8.559914,5579.5034,159.74655,198.03354,0,0,0,0,0,0
19039,141.1276029,8.56126,742.775,69.95231,263.06534,28.17989,40.83554,0,24.409788,32.076614,45.66079
19068,135.0808904,8.562115,22338.877,4457.9355,10043.305,631.5863,1101.244,1549.0264,464.75586,355.6866,405.612
19056,152.1074025,8.562458,7037.5894,978.7682,2910.9294,67.57122,54.541283,133.81694,64.45193,61.579254,57.43398
19054,170.1181016,8.563602,63431.734,10474.353,26390.398,1681.6691,2176.7214,2129.5132,707.189,497.3874,892.5945
19032,348.2173178,8.563719,12011.363,529.9776,276.75845,0,39.710438,0,0,0,0
19048,142.1232045,8.564668,6041.113,1717.2661,3287.1274,428.73788,236.33176,496.73874,169.25505,367.9411,281.68872
19064,375.3243243,8.564978,15387.152,2417.1125,6922.7705,202.95659,327.01956,365.40076,46.112686,42.896442,37.07371
19071,352.2471617,8.56564,93401.32,17315.668,47443.914,2588.2563,3244.1758,3088.2632,495.85916,537.2896,634.70013
19066,368.2210992,8.566895,65357.55,13359.368,35721.355,1855.783,2370.4817,2085.4958,579.416,357.154,346.93918
19070,347.2929672,8.569955,3264.1423,421.72296,1505.8859,0,91.32411,39.766544,0,0,39.547592
19081,312.2547298,8.571883,4656.728,230.13503,1681.5844,116.2948,170.34256,38.057,42.2731,75.20998,84.908195
19087,349.1786959,8.573672,14987.104,18523.398,19959.057,19548.893,17573.635,18098.258,19242.207,16723.875,19292.24
19063,172.1337602,8.57411,47087.06,6460.165,16833.021,1592.6472,813.4679,2174.595,222.59363,186.89343,201.49858
19057,153.091483,8.57445,25494.299,4471.413,11641.301,713.15576,2620.1567,1928.8038,649.30896,1445.8195,1057.7151
19075,681.5004879,8.58062,1139.7313,0,130.97432,35.342926,0,0,0,0,0
19047,125.096455,8.589748,9488.171,2551.6357,4288.0215,366.9841,167.67825,646.54553,212.95935,225.29375,521.2529
19050,210.1122215,8.591906,3246.6628,406.28152,1754.7589,254.24782,80.84857,271.09998,140.94083,187.11761,93.81725
19115,364.2840842,8.592577,1842.3207,0,0,0,0,0,0,0,0
19019,332.2250419,8.593495,18837.293,512.97687,333.9608,333.19946,396.85303,84.508575,197.06674,34.304573,76.21299
19060,155.1071111,8.594859,3802.3503,1386.2435,2806.8071,671.2209,468.0496,243.60312,202.08899,508.90872,121.6024
19144,346.2739466,8.599921,13924.916,309.96606,65.54303,2197.3625,2269.0933,2244.6309,0,0,0
19123,380.257525,8.600423,610.4196,0,0,0,0,0,0,0,0
19137,184.9945391,8.605062,155.50948,177.4811,175.35007,33.433098,45.125683,47.302963,130.36871,201.43991,281.3266
19127,324.2905116,8.608912,24019.633,1815.031,1373.59,15861.06,17089.17,15062.437,40.004536,39.802567,47.792744
19190,334.2732879,8.609404,7307.877,61.328194,131.82852,0,0,0,0,0,0
19150,473.3730945,8.620154,1790.4158,327.14435,544.6602,0,0,0,0,0,0
19162,295.1889075,8.620747,14680.802,16606.805,18442.293,17199.576,16764.959,18064.814,18274.045,17046.994,14631.171
19155,433.3802673,8.62144,3135.1013,729.4329,926.85095,0,0,0,0,0,0
19164,273.2067846,8.622114,10101.684,9512.517,7366.7397,9338.061,8935.1,9436.429,6923.2544,8391.601,9269.791
19170,290.2334432,8.62729,1105.5798,1141.978,1035.0643,1273.7546,1019.55994,1099.9128,975.1608,1117.3323,1288.8552
19204,139.9941116,8.640952,317.1142,125.9729,184.54646,44.54577,35.868988,58.257595,278.81396,386.97073,626.0123
19110,331.2257199,8.641013,3823.825,6531.2197,4932.358,5112.364,4605.1514,10684.405,6884.44,6364.899,7623.988
19189,312.2905958,8.643464,8458.874,76.25061,198.03354,0,0,0,0,0,0
19265,194.1177277,8.644237,84539.37,42529.785,43818.72,26741.389,32522.969,33368.098,13116.053,30264.625,31536.777
19209,361.1787176,8.64541,2423.205,2481.7715,2426.836,2542.6533,2393.961,2548.332,2695.377,2827.4377,2409.396
19210,356.2235644,8.645444,3240.6465,3313.438,3278.2927,3242.112,3464.5642,3695.2031,3012.5117,3438.9138,3283.5303
19212,307.1701943,8.646116,12753.494,11880.859,11361.578,12178.83,12345.955,11718.026,11249.795,11045.885,11659.353
19217,339.1967056,8.647463,1251.227,1123.9303,981.8593,2746.2007,1242.2721,1541.2996,1227.6147,1156.0505,1121.9865
19219,502.3755416,8.648129,20657.113,28316.277,29890.533,31934.238,28728.924,29335.469,17905.164,33579.977,26570.578
19268,354.175972,8.653664,844.6121,115.58397,73.05553,57.24769,0,44.505363,36.591675,46.53289,39.96038
19251,276.230988,8.656235,2636.378,714.8308,627.9409,39.85839,0,181.45798,0,0,0
19200,321.1851554,8.658476,264.3629,278.3136,316.02777,354.8281,164.5214,175.73248,97.73836,182.63257,331.40567
19241,370.2968131,8.660322,31085.914,31755.586,31942.54,20540.357,27388.938,28517.691,26603.543,31099.867,30398.303
19246,458.3491507,8.660984,22041.957,20760.988,20752.586,30696.219,31577.96,24611.355,31073.486,23775.18,31202.398
19266,271.275191,8.661402,1538.2987,86.47484,45.06923,0,0,0,0,35.08999,0
19249,326.2706367,8.661665,1803.7463,1741.7844,1619.6362,1716.7268,1759.1952,1719.4801,1558.5447,1577.376,1652.5184
19250,414.3227397,8.661661,20830.406,30131.248,22232.42,20554.492,20095.818,34515.97,20315.596,31587.69,20316.73
19254,507.4908171,8.662926,62130.11,1924.6354,1936.8546,114.762634,190.63983,45.017147,0,0,0
19247,508.4947483,8.664241,21781.385,531.90546,662.26117,0,34.165806,0,0,0,0
19260,397.2964231,8.664349,1314.4033,824.3742,1147.1881,1499.1332,1731.356,1873.108,1355.7659,1557.8855,1468.0632
19255,254.2486044,8.6657915,653736.06,67299.9,69255.69,19828.729,20409.945,19184.729,0,26.051693,27.690304
19277,386.2341243,8.673142,5320.0864,4964.8506,4744.1606,5832.1284,5234.8984,4910.1357,4897.1133,5188.16,5606.1875
19286,391.1891278,8.679005,1369.0437,1831.3229,1570.8899,2044.1428,1768.9006,1997.8402,1977.9502,2137.9316,2187.3398
19391,350.2518492,8.680682,1155.487,0,0,44.46505,0,0,0,30.972301,0
19258,367.1531229,8.682507,33471.57,2575.0605,530.56177,122.71592,120.87559,80.00365,152.4613,45.824585,106.5108
19233,383.1281834,8.685629,5418.9136,45.31859,0,0,0,0,0,0,0
19352,153.0914868,8.687818,10442.772,2550.4026,4655.754,402.26398,1288.6144,453.01764,649.30896,349.00305,1342.7891
19421,324.2908798,8.689634,20353.008,1277.8815,625.2261,344.38782,358.978,282.2872,34.84046,0,44.919075
19294,172.1337567,8.690745,125992.664,24182.748,35735.64,7503.2197,8303.375,7205.3745,1084.3168,1203.1045,425.0442
19245,338.2006492,8.694013,1931.9075,225.63715,75.956726,59.729332,66.39474,46.19416,39.685722,53.16696,38.0138
19392,362.2412342,8.694729,1875.8801,175.23474,120.287,100.45737,99.55911,170.59818,256.15875,163.43001,112.53843
19412,346.2737164,8.699496,11239.558,228.9483,117.36975,0,928.33984,0,0,0,0
19389,312.2910594,8.699586,4018.7778,76.25061,198.03354,32.46317,0,0,0,0,0
19353,164.1072459,8.701588,362.75327,113.13919,179.89336,94.19865,98.42655,86.74637,48.89014,141.2947,528.28754
19380,155.107089,8.702671,19436.104,1482.7379,5647.069,1358.9915,562.1502,889.6653,140.89078,383.53052,185.8009
19383,135.0808698,8.704403,9619.367,2506.9792,4196.865,488.25726,267.11908,508.6405,200.68756,95.379105,249.21765
19446,149.0297367,8.704872,90.898315,64.95732,69.97092,60.230656,108.80664,165.8785,56.05744,70.659805,22.435314
19423,166.0864921,8.706176,2072.9048,118.7932,94.03828,88.50125,156.06226,102.23672,74.729034,352.98853,250.36243
19347,415.245993,8.708734,638.99506,368.36755,801.106,1294.5712,1048.3162,1167.7227,939.26935,280.6692,1184.0835
19397,275.143886,8.70984,4523.5645,4521.283,4611.632,5202.6973,4545.1636,5757.776,3796.5725,4724.605,4417.77
19466,625.5187792,8.710458,32241.188,67.56055,153.40305,0,0,0,0,0,0
19568,339.1966346,8.711373,1414.6216,1399.232,1356.9255,1071.1862,1624.307,1713.1813,1439.6019,1515.6223,1743.3354
19360,399.2729731,8.711521,1831.0896,3310.9893,2867.4656,2880.7166,3039.3762,2779.7795,2667.566,2529.4258,2992.701
19348,152.1074402,8.71302,2627.5176,157.47437,912.5115,238.69551,228.0052,58.934067,50.369118,63.288826,57.43398
19385,375.3234342,8.713036,9959.617,1125.4679,4311.247,85.975044,401.70947,369.70923,53.758606,41.012646,51.73394
19438,647.5000339,8.714166,29352.975,71.23187,251.66876,0,0,0,0,0,0
19374,394.3178821,8.714752,7915.5874,9048.972,8991.1,9046.205,8791.678,8241.005,8587.134,8544.655,8074.6055
19362,347.2927046,8.715328,2808.0596,466.31604,1452.1631,86.70584,34.60267,33.17045,0,0,0
19371,142.1231499,8.715735,7084.719,1745.6566,3622.8413,218.4146,284.29584,750.49994,372.05225,691.8099,123.69924
19381,210.1119749,8.717005,1987.8746,128.00488,1492.7181,100.4987,113.64279,180.418,195.20135,235.60161,217.74257
19378,368.2210348,8.717356,26412.21,7381.6636,18196.342,1994.5549,2312.9329,1809.489,667.95624,529.7681,320.88898
19557,356.2235918,8.718034,3875.5767,3666.0786,4403.865,3680.809,2617.8398,3722.9382,3734.789,3869.7556,3417.1719
19400,352.2471913,8.718562,42341.184,8848.003,22297.904,2646.9172,3066.3765,2493.5635,964.13184,937.74896,994.20935
19339,274.9212188,8.719053,276.16858,145.71445,214.38364,220.67834,142.98296,113.73039,222.69366,105.668846,205.2442
19402,361.1788286,8.719399,3596.662,3478.1436,4398.7466,4125.3115,3913.839,4006.4937,3535.5488,3935.8489,4265.786
19377,170.1181065,8.720211,23547.057,5000.155,8694.259,1820.505,1075.1127,867.74176,360.34494,804.4529,130.83449
19384,188.1287089,8.722602,22279.81,3541.64,9724.127,2098.1865,956.16174,1800.4355,511.62738,360.92316,848.9953
19427,334.27295,8.730904,8382.585,81.65599,376.445,0,0,0,0,0,0
19451,296.9032622,8.7407675,177.17006,396.635,759.7014,582.4835,127.57674,219.19882,254.86243,196.8209,135.10603
19472,242.248448,8.744509,60955.324,6318.2944,6050.531,1705.102,1561.6731,982.88495,35.83726,37.19655,41.344765
19488,348.2902949,8.747405,843.27014,42.818535,92.66802,0,0,0,0,0,0
19463,390.2994087,8.74775,1513.6421,0,0,0,0,0,0,0,0
19422,144.1023107,8.750962,3398.8066,394.95117,646.89624,195.84076,505.5261,155.41551,97.06971,139.45828,237.53813
19483,463.3440483,8.754528,24221.488,5082.089,5399.9395,5573.7354,5432.435,5108.7686,4689.349,4313.063,4382.004
19477,368.3167333,8.762873,3212.186,82.50231,118.3046,38.57598,40.307327,38.50936,40.300133,0,0
19516,441.3305629,8.777513,18914.494,4986.5537,5244.9067,5376.3955,5085.0938,6296.9863,4813.13,4598.5225,4260.4487
19617,346.2735724,8.781786,9742.062,186.22433,0,0,0,0,0,0,0
19544,379.2298708,8.785242,3111.8494,348.32578,179.62848,85.64362,0,0,29.871315,0,0
19536,415.1908675,8.787469,10952.192,3051.888,1864.3433,0,0,0,0,0,0
19530,417.1902412,8.787479,1040.0459,164.71506,51.380093,0,0,0,0,0,0
19540,377.2347942,8.788301,92822.31,23564.986,14982.766,1449.6324,1324.0635,355.12735,46.73414,39.348583,89.1165
19550,401.2162831,8.789502,2112.904,383.76083,69.39132,0,0,0,0,0,0
19535,399.2198957,8.79023,51300.516,12877.913,8427.873,329.21848,542.1783,201.60947,129.06517,101.96117,72.95312
19548,600.4707583,8.793623,18938.82,20949.916,18867.098,21512.283,20585.055,21439.525,18979.96,19399.46,18272.684
19500,326.3064042,8.800642,1549.3014,0,99.739204,0,35.983017,59.735123,59.138874,0,0
19626,334.2728091,8.80433,5966.581,225.47063,152.96046,0,0,0,0,0,0
19591,556.4441255,8.814056,34655.33,36760.156,36086.52,38751.61,34558.992,36340.93,32936.85,32818.332,32617.58
19622,324.2906509,8.830614,16722.15,790.6323,633.9112,64.30373,43.432655,86.64729,69.287384,0,0
19624,512.4173461,8.833632,48443.156,56059.09,51783.234,56490.992,51960.56,51299.75,50414.6,49393.656,50746.68
19595,683.9285257,8.842102,17494.012,8187.743,17540.15,18859.842,18278.006,18270.314,8141.8594,10453.867,16254.485
19644,468.3909299,8.848751,62077.133,68161.03,66442.44,69741.86,64508.168,63106.25,61069.277,63609.21,60522.598
19628,362.2410182,8.852654,2097.6213,0,0,98.786865,0,0,0,0,77.696365
19652,509.3572657,8.853517,14280.455,150.68387,143.24829,118.75421,65.03418,106.67967,0,0,0
19656,376.3205238,8.854101,13064.824,1192.2655,1079.7949,0,48.125847,0,0,0,0
19650,683.4268579,8.854548,22774.648,23002.404,21541.262,24615.69,22139.291,23776.008,21336.908,21408.064,21798.37
19627,350.247251,8.858717,657.5386,0,0,38.92492,0,0,29.680893,0,0
19670,424.3643846,8.863768,69029.6,80276.97,74329.25,79668.016,73060.11,74941.06,70175.48,72312.27,70629.24
19674,336.3115308,8.865114,30552.514,33171.016,30091.748,32710.062,30757.871,29560.695,29134.342,28582.242,29719.684
19677,661.4139804,8.865871,31233.766,33214.72,30883.84,34490.47,33934.586,32982.68,29229.285,30308.732,30110.785
19687,319.2850594,8.871886,6126.4956,6847.8633,7286.679,6163.1562,7666.936,7418.833,6281.954,7400.997,7444.6924
19696,308.2592261,8.875254,2411.2947,2291.4302,2727.1597,4120.095,2930.6875,3640.1814,2295.5942,1823.5247,2439.5024
19701,329.190422,8.875257,755.1981,1789.281,1123.5999,1568.622,1521.7394,1760.2577,2038.7065,1661.4158,1819.6454
19703,313.215092,8.876622,4270.099,5715.051,5472.3735,6125.874,5641.283,7965.812,5865.505,5862.3477,4642.705
19704,380.3381415,8.877959,57349.625,67858.414,61043.29,68293.41,63253.785,62186.688,59558.297,60770.227,61618.387
19680,336.3311429,8.880086,5396.462,195.67047,79.87477,86.206726,299.59738,202.21649,0,49.942078,65.49514
19702,363.3112279,8.885624,10870.833,9560.757,9833.975,9153.406,9657.505,10148.748,8883.443,8895.4,7255.795
19717,639.4008397,8.887297,39626.84,42633.695,39763.12,44582.812,42635.83,41175.297,38842.883,38029.203,36846.51
19739,487.3440702,8.898781,16183.52,367.40704,243.80116,72.40404,147.92581,361.37222,0,0,0
19746,242.2485634,8.901601,19534.613,2258.4211,1848.9001,364.0158,475.498,342.43286,32.309708,0,0
19765,617.3876391,8.914156,43211.543,46838.2,43096.05,49078.984,46145.598,45288.902,41181.43,43367.59,40596.336
19779,600.4708008,8.925986,31641.328,18763.395,18499.94,16558.84,19844.623,13800.427,12212.271,14900.649,13450.762
19803,184.8812593,8.935231,53.56492,53.18564,159.39868,113.8797,68.49911,123.04837,58.29309,50.61949,152.83842
19802,395.2416374,8.942377,1582.3605,2140.9375,1800.1261,2109.583,1690.082,2133.719,2059.6274,1952.605,1550.8837
19808,390.2858145,8.945258,5213.0625,5610.5693,4826.403,5465.401,4412.7476,4798.377,3866.482,3538.9644,4783.2124
19811,595.3738998,8.9459505,46108.414,50400.734,46703.066,49314.473,47380.84,46634.395,43195.11,43891.08,43257.64
19807,465.3310934,8.949837,16914.44,272.91275,504.43466,79.007416,216.4272,83.151215,0,0,0
19821,556.4440016,8.950477,45618.152,28940.873,18674.752,38108.98,29700.44,20379.33,27527.555,21361.406,29924.436
19830,403.2335625,8.954735,15120.2705,13881.073,12264.376,14883.283,13588.122,14656.252,12110.716,13481.193,11582.942
19833,425.2156253,8.955414,23913.422,25835.27,22421.072,27515.834,25562.393,24659.225,19796.84,21829.783,20696.377
19836,441.189739,8.956081,3623.3123,5277.095,4152.476,5992.4614,5060.7515,5552.4487,4520.163,5236.2847,5068.6016
19899,348.2897409,8.968302,32050.758,1189.5933,1186.5448,46.39406,44.21521,0,0,0,0
19855,573.3606453,8.969628,44886.195,47299.992,44119.54,50418.48,45912.32,45526.27,42003.895,44997.082,40447.535
19857,512.4172991,8.970776,77036.05,39121.605,36674.05,59763.23,43263.473,49456.78,33992.766,49393.434,36797.324
19906,195.1378559,8.9718895,16867.697,5278.506,4601.3125,3506.7427,3219.9888,2662.7126,1002.9742,1157.8895,575.067
19907,326.306356,8.977847,41744.25,1843.5891,1487.165,40.118206,87.96861,46.280037,34.58905,0,0
19880,177.1279274,8.979868,4020.9067,949.4896,1118.2137,360.48688,874.2419,329.7657,171.8403,157.67517,64.75162
19893,263.2372516,8.982015,28239.213,3881.8262,3833.7502,1757.4968,1734.6593,1201.4988,32.802673,35.02954,0
19886,297.291558,8.983748,2651.9336,81.711426,134.02225,0,0,0,0,0,0
19888,318.2201379,8.984332,3442.5962,725.66895,964.27875,115.9662,163.40443,43.611877,0,0,0
19867,172.1240635,8.985125,352.7642,0,0,0,62.95646,0,0,0,0
19895,302.2469001,8.985336,11487.343,2244.418,2249.4268,307.76062,787.30273,524.79395,0,0,0
19890,280.2641256,8.985343,375783.44,56696.51,51875.3,20569.438,22696.457,17568.254,0,0,0
19896,212.1650399,8.9866905,82406.305,19346.033,17968.066,7455.0195,9111.36,7402.5254,162.81197,105.5962,309.9869
19914,284.126598,8.98808,1132.5117,101.09213,167.75404,0,53.94569,40.15848,0,0,0
19912,244.0950976,8.989388,858.6844,223.62193,228.28299,117.44307,41.354397,43.20057,0,0,0
19917,352.322575,8.990694,1045.5082,0,0,0,0,0,0,0,0
19928,468.3908693,8.991265,90905.92,71172.12,71558.414,72532.84,48450.5,71907.52,72335.15,67785.125,43058.316
19933,359.1260699,8.993973,1355.9504,2186.4878,1911.5474,1891.3855,1933.5168,2009.3428,1657.7916,1934.6354,1856.1187
19931,551.3470537,8.993969,39644.902,42279.34,40402.07,43510.37,39591.87,43562.05,37594.508,39306.35,38250.402
20075,184.1701592,8.994028,3057.372,56.181747,97.33263,39.0878,59.59855,0,40.499367,0,31.720137
19902,234.1471195,8.995031,61989.266,16238.17,15746.727,6604.2056,7578.903,6074.1377,47.39097,44.127815,0
19936,337.1446159,8.996672,32252.438,33695.273,32240.418,31294.838,27889.855,35260.418,29611.363,29430.65,31542.37
19941,529.3338288,8.997266,27045.207,28414.783,28975.633,32528.193,32118.531,29222.285,25562.186,27205.143,28539.506
19898,268.1529277,8.997496,9021.082,2347.9678,2144.6821,1201.6255,1137.01,769.97864,0,47.019814,36.321884
19903,149.132897,8.999976,8949.328,2454.7695,2557.274,1613.0841,1200.5763,1126.9332,234.45729,103.89163,336.0374
19887,327.290034,9.00264,431.92654,0,46.453667,0,38.726383,40.296085,0,0,0
19891,250.1195451,9.00269,8031.4497,2649.3787,2462.2947,964.2932,1074.1061,1101.401,114.631744,56.75541,90.88487
19909,228.1223362,9.00285,7650.665,2442.343,2342.4463,1016.8777,1571.0746,762.21326,97.45828,108.33625,87.084015
19937,408.2856463,9.0042095,1181.6172,0,0,0,0,0,0,0,50.65756
19963,424.3643633,9.006052,40214.34,90465.09,70141.305,114852,86226.18,88820.77,76814.54,81270.76,81964.484
19875,308.2956576,9.006642,15056.124,315.4883,556.3208,0,0,0,0,0,0
19968,297.2412871,9.008352,29037.879,31894.607,25248.5,27245.96,23289.799,37585.844,26238.586,24204.38,27579.553
19969,292.2853221,9.00836,11920.385,10512.86,9781.839,10244.407,10069.051,12408.665,9142.282,9396.027,10112.316
19866,167.1436082,9.008559,1788.3319,561.96735,156.72145,363.5629,340.9722,100.38958,88.48711,45.154083,68.89951
19797,275.2588356,9.008831,27734.41,20961.812,20975.582,18468.094,19046.8,21586.217,17160.79,20813.58,18379.541
19982,313.2152532,9.009232,332.53116,1468.9532,1690.3068,2808.1936,2309.8337,2035.876,1895.2439,2337.0398,1377.838
19976,304.2491569,9.009906,1992.4707,2277.019,2209.188,4545.2393,3770.0286,2600.3762,1845.5847,2144.8044,2282.6807
19977,309.2053905,9.011256,1266.6735,2104.8855,1812.582,2892.4211,3509.85,2685.2239,3142.1118,3326.8215,2279.5796
19966,385.2944223,9.011858,3043.7344,603.5759,1336.821,1443.2577,480.72485,1371.1346,990.9868,841.4043,1048.0751
19964,376.3202379,9.012162,22116.445,1785.1844,2260.0967,1160.2788,1094.2017,874.5458,107.26093,0,43.235428
19828,380.338127,9.015169,45249.668,102749.96,77986.14,114118,91348.52,96874.14,89032.71,102260.16,74572.055
19987,319.2850408,9.01524,53831.996,41891.223,37242.367,46298.402,37803.363,40221.684,34547.2,39397.527,35239.535
19988,407.3377615,9.015243,1413.8857,1184.2864,1413.3507,1577.8184,1813.7926,1705.5,1345.1604,1159.309,1315.6547
19990,363.3111282,9.015847,21325.398,16078.336,13652.793,18582.932,18264.19,17093.422,14948.61,15162.5,14381.866
19991,341.2676944,9.016117,9240.224,8596.465,6230.853,5632.7964,7302.0986,4176.29,6451.889,4578.4644,6932.815
19992,336.3115051,9.016121,88374.195,86656.97,72494.69,78238.64,91757.72,83966.22,90966.41,78337.6,76257.17
19918,364.2619056,9.016744,5250.3677,207.9628,61.77385,0,0,0,0,0,0
19889,559.5197934,9.020497,30796.363,10040.594,9670.074,1215.588,2352.505,940.7946,4169.0034,1685.9226,3494.9292
19950,162.9139905,9.021704,119.55542,46.96386,24.957401,315.94586,80.285416,148.27826,32.514652,27.012976,36.157013
19843,276.1942885,9.027348,2679.726,102.66334,692.4866,172.33708,50.048244,151.77011,0,0,0
20029,489.2284827,9.029542,38123.598,41262.14,39652.863,45965.96,35147.254,41694.082,38598.387,40045.188,38115.17
20031,506.2554066,9.029542,54389.953,58019.125,55221.723,61298.984,46367.797,55445.64,53468.867,54715.277,52581.316
20033,511.2106109,9.029545,1178.5518,1338.6481,1099.9052,1410.5835,856.4563,1215.9496,1092.6896,1186.1586,1034.0259
20034,527.1846588,9.030211,1191.9867,1472.6776,1290.4849,1767.4858,1147.7855,749.5619,1426.112,1387.3667,1300.5686
20102,310.2021197,9.0308,6704.4688,367.15875,591.1782,66.55771,55.92756,56.42139,46.415134,47.379623,68.9238
20110,507.2588598,9.03986,17012.688,18811.768,613.60693,20550.611,15772.43,18059.352,16981.115,17898.242,16904.264
20052,306.1835873,9.041071,1184.0328,0,0,0,0,0,0,0,0
19849,254.2117955,9.041522,2225.267,898.77606,646.6795,125.94409,148.41696,168.70105,0,0,0
19920,392.3146187,9.044154,7499.1553,0,0,36.444984,250.45572,0,0,0,0
20058,290.2099613,9.045871,7463.8057,607.57074,705.60266,45.73093,75.79442,98.74257,0,0,0
19848,236.2016139,9.051245,6366.253,491.82132,284.237,0,0,45.67518,0,0,0
20064,292.1679416,9.052386,2689.119,49.571823,51.956337,0,0,0,0,0,0
20063,270.2065424,9.052613,1531.7837,74.02727,84.48905,49.095848,48.235077,41.295906,55.022022,39.804016,48.44171
20095,326.3063252,9.053527,29361.363,1704.9653,1257.3154,0,87.96861,46.280037,67.66788,70.626274,0
20083,436.3277013,9.054504,21573.064,24353.389,25586.225,23683.072,21333.113,23988.385,20722.385,20173.836,20658.877
20086,308.2957185,9.056429,21041.021,619.81116,570.65137,0,0,0,0,0,0
20208,250.1187525,9.059055,1930.4781,203.36778,341.3104,60.210663,68.97513,256.9938,114.631744,56.75541,90.88487
20087,348.288659,9.060488,33902.52,1412.2891,757.1469,0,0,0,0,0,0
20079,364.2604794,9.063192,5476.4336,207.9628,61.77385,0,0,0,0,40.00436,0
19916,336.3312081,9.064159,9753.15,75.856476,365.34494,67.61641,199.15236,74.127396,59.649597,56.816536,50.77807
20099,276.1943513,9.07018,16836.91,2075.664,1966.678,516.7392,472.91327,89.590576,0,0,0
20170,458.3495291,9.070817,19423.355,1373.6445,1443.1653,2248.663,3624.7314,1472.8417,1567.7213,398.04797,1934.9766
20135,240.1959721,9.076515,4112.116,538.2012,125.098366,46.39196,80.66292,58.205105,0,0,0
20120,222.1857101,9.077148,2239.8857,110.64592,54.571648,0,44.14089,0,0,0,0
20126,278.15244,9.077484,516.3518,0,0,0,0,0,0,0,0
20124,264.1360912,9.082941,888.24194,46.03269,0,0,0,0,0,0,0
20111,262.1785672,9.085289,6327.232,450.425,538.50433,65.71147,61.026497,141.4494,0,0,0
20122,248.1614109,9.085959,6656.9883,290.72424,0,0,0,0,0,0,0
20108,254.2118479,9.090812,16482.764,2145.1135,1913.2206,156.13344,229.37434,296.05783,29.88621,37.12172,34.010727
20155,433.3538075,9.090946,18626.428,18309.361,14967.248,17466.797,20393.102,15861.145,16919.416,17365.309,16175.599
20121,226.1806425,9.091087,11220.432,2441.3047,1843.3215,374.61578,4331.25,1232.8218,1557.6007,2034.5162,1210.7468
20165,280.2641268,9.091259,188894.98,12977.845,14747.603,4750.683,5101.323,5187.1543,0,0,0
20159,450.3801802,9.091618,513871.7,588638,498393.03,503517.44,580221.7,625217.06,505910.6,540574.4,526156.94
20163,455.3358075,9.093319,3530.4202,2193.0852,2186.5125,2244.0356,1425.949,1549.1141,1744.7429,1871.3246,1798.9545
20178,373.1220067,9.098846,28583.486,31214.572,31078.365,33023.297,51862.938,52664.723,30727.994,31457.033,38913.65
20285,236.2018946,9.103085,1784.3135,100.14652,116.91816,0,0,0,0,0,0
20217,234.1471682,9.103468,13191.896,2796.8823,1999.1373,616.9702,922.86334,393.63617,47.39097,39.691704,34.978245
20194,604.4156873,9.10612,10487.248,76.19414,71.32262,0,64.39017,0,0,0,0
20222,357.1478434,9.113099,126208.46,249577.75,224689.31,237876.22,253450.52,258937.8,230289.89,148425.3,241123.92
20220,363.2517677,9.114142,4114.2817,4352.5024,4386.9536,5415.344,5161.1367,4065.7014,2376.1343,4661.279,5089.946
20225,358.2960753,9.115037,6942.205,7839.9116,6323.777,9963.107,4753.9414,5814.6055,6207.675,6744.3286,6987.401
20231,470.351585,9.118082,16451.156,6880.3403,7275.522,5945.197,6588.5566,6247.825,5706.1123,6044.2104,6016.7427
20206,212.1649953,9.120243,16986.488,3377.1228,2838.638,1453.0825,1773.9761,1249.6293,105.39401,137.16626,270.0657
20308,310.2015358,9.121461,2109.9468,116.68988,369.25433,49.4065,96.321945,91.850266,33.16468,0,29.99479
20311,276.1945842,9.12626,5388.005,709.49347,541.91235,69.98414,98.704704,89.590576,0,37.285954,0
20212,352.3263765,9.13123,2924.0867,0,39.59876,0,43.20809,0,0,0,35.03556
20316,254.2118599,9.131368,5756.5215,564.35834,919.4761,156.13344,57.892128,101.27441,29.88621,37.12172,34.010727
20286,251.2375347,9.1337805,1045.4388,42.887596,51.578648,43.865723,0,37.29641,31.17783,0,41.16443
20271,582.4051037,9.149141,15825.851,112.78843,98.76941,0,59.05854,110.455956,0,0,0
20190,392.3158941,9.152911,15385.735,123.31143,0,98.08918,303.7666,208.93243,0,0,0
20287,270.2061577,9.161006,703.9472,74.02727,48.37831,43.505016,59.100616,32.28106,38.13573,39.804016,35.22345
20292,736.5237861,9.168916,11124.228,81.74655,55.84161,59.461487,97.20488,64.139465,0,0,0
20299,268.2641289,9.173528,84553.87,7796.7417,7752.3384,2193.8928,2402.7563,1934.8256,0,25.754604,0
20329,414.3228303,9.175485,20502.342,751.3394,1990.5477,3142.4314,1251.1763,1890.615,871.67487,2403.6812,356.82214
20336,560.3902394,9.191641,20810.94,295.66553,212.01308,96.791306,251.93604,198.88933,0,0,0
20370,339.174668,9.19442,57.45695,54.395237,50.57869,1634.1252,1303.5284,1232.695,50.990246,0,0
20433,491.3672386,9.206344,2795.2507,958.7316,951.9515,49.304756,60.18171,0,0,31.558495,0
20373,623.4038938,9.206748,0,0,0,628.30566,586.35864,334.71237,0,0,0
20385,323.2001146,9.213481,90.62717,105.04261,46.794693,8984.521,8201.618,5888.502,56.834213,96.20316,156.21916
20414,475.3870965,9.218006,20932.977,8573.925,8790.818,0,0,47.765953,0,0,0
20422,437.2690676,9.2206335,0,0,0,3352.2478,3667.3787,3157.1992,0,0,0
20426,435.3959906,9.221159,29399.428,9541.895,11324.905,0,0,0,0,0,0
20430,459.2509689,9.222646,0,0,0,1109.7312,1071.4464,747.40137,0,0,0
20424,692.4988303,9.224532,14152.089,72.897095,95.9233,72.74574,297.50012,208.62337,0,0,0
20436,718.4667741,9.225769,14817.294,16553.088,14440.71,17082.695,14925.24,17569.383,14224.844,15518.856,14901.049
20377,348.2895238,9.231721,2027.2983,57.033596,0,50.69335,0,0,0,0,49.19442
20459,538.3778109,9.238491,27178.035,180.03206,423.89874,123.68135,477.01505,74.27358,0,0,0
20470,390.2851025,9.246374,2021.0024,1306.4777,509.65717,585.32404,138.16167,969.89386,388.6554,1257.4132,362.42313
20481,363.17343,9.247345,2341.5583,2454.7158,2555.521,2731.975,2535.5264,2306.9368,2445.4302,2118.2715,2518.8455
20488,385.1551179,9.2484455,911.21985,1166.1138,1015.74457,1007.2475,1371.7234,1019.11035,988.8324,1102.1581,885.6385
20375,308.2953754,9.252911,1455.2623,0,0,0,0,37.35983,0,0,0
20450,395.2415629,9.254828,685.0071,182.67535,188.29637,119.36542,105.50661,276.7814,125.65844,57.234596,70.49689
20557,370.2972363,9.268641,11784.651,759.90466,781.4917,503.37656,946.8075,1394.1544,989.2313,947.01587,424.5378
20534,516.364288,9.280353,34122.6,770.5493,776.2349,316.7626,518.3624,175.90656,0,0,0
20550,536.4176902,9.288528,15554.957,15437.06,18254.92,20182.545,19225.377,20212.682,19025.5,14409.984,19544.99
20547,648.4711759,9.291526,18231.39,195.1352,253.20236,405.9509,470.66656,185.4311,0,0,0
20581,256.2640036,9.291601,17146.564,1669.2477,1768.3556,311.17642,293.52155,69.53878,92.18104,101.90108,47.688362
20560,431.1878748,9.298498,685.34424,0,0,0,0,51.383057,0,0,0
20498,411.2729455,9.300119,1011.71844,1460.0688,3884.8867,3189.3625,3252.5217,2391.9954,1987.0535,1736.6343,3662.2317
20558,410.257594,9.30041,1196.6526,55.63513,150.4274,48.53203,0,61.79518,54.307983,0,0
20598,406.3174333,9.31344,5687.9883,5660.3477,5809.5347,6123.237,6343.062,5774.6426,5789.9927,5803.9634,5316.041
20559,415.2129841,9.313523,3866.6887,1493.5425,2258.7795,547.93945,2842.5842,520.55554,871.75415,689.08,4186.586
20605,614.4869128,9.323605,47677.504,36174.832,37500.055,43790.977,37485.977,49362.336,33918.79,30198.326,34054.31
20630,487.1119329,9.331729,255.54352,535.81915,121.13623,624.3578,596.07385,351.2746,506.66992,271.29077,347.1963
20616,445.1213529,9.332395,910.8253,1167.3643,726.7577,1276.9753,1127.6895,1058.3533,753.82416,1030.8676,974.16797
20620,464.132699,9.333065,1721.2905,1841.9944,1764.269,2123.5674,1944.4756,2124.0215,1714.8274,1548.8848,1727.9873
20613,465.1302971,9.333081,1077.4436,1036.0762,992.61725,1147.8984,1330.841,1086.193,951.7567,888.88983,1227.1718
20624,480.1586915,9.33374,4359.1836,4388.7593,4345.2017,4657.124,4643.0713,4677.464,4180.2095,4014.4517,4277.8765
20618,486.1146967,9.333747,664.44635,914.8405,778.4221,691.4942,783.8023,900.65466,670.1936,627.8535,766.89197
20625,482.1569974,9.333762,1024.2399,925.19244,1017.2617,1051.4108,1163.6791,1228.6465,863.4328,833.98846,1117.1201
20626,463.1316363,9.333767,4150.7095,4536.2466,4548.5693,4691.0957,5239.703,5186.877,4183.269,3974.694,4390.1987
20622,481.159093,9.333767,1697.4738,1479.2042,1751.009,1964.7902,1834.4259,1964.5732,1536.5068,1729.6709,1669.897
20617,494.3513846,9.334004,41291.88,824.33026,982.16113,440.6815,475.517,605.48895,0,0,0
20628,485.1142875,9.334442,1994.8792,2028.1498,1966.0353,1985.8611,2309.8298,2130.2366,2140.9695,1924.8071,2183.1138
20631,501.087877,9.33579,1091.9569,1173.7101,1137.9432,1159.4492,856.767,1090.3792,1143.4789,1010.9657,1150.4835
20650,570.4598948,9.349669,71314.77,77108.37,75211.33,73121.32,60094.633,85729.6,51182.297,66685.38,57490.062
20658,385.1115206,9.353829,3369.398,3703.6016,3620.7395,3950.3013,3829.8696,3939.506,3477.5374,3179.1033,3879.1326
20659,407.0937018,9.355177,676.8292,861.6698,719.4661,925.2022,698.3469,901.0257,631.99194,761.7293,888.5513
20662,604.4441291,9.356076,25649.557,527.6699,264.0244,511.60373,421.85684,301.03223,0,0,0
20686,526.4329403,9.369334,104831.43,95347.33,112773.27,87486.23,120571.375,117529.53,99059.15,76223.64,123891.5
20687,311.2566677,9.370816,15002.779,16810.77,19389.367,22310.344,18507.78,20452.479,22303.123,15778.998,18095.39
20690,151.0968786,9.373389,32661.611,31658.844,44437.34,39271.977,33507.914,38004.832,38396.9,29598.281,41189.875
20707,472.3372664,9.38545,46772.37,1294.2274,1091.7338,625.034,635.11676,298.92923,61.318626,42.705204,0
20719,482.4064598,9.388894,166761.62,129614.13,133070.8,154029.89,133436.17,132429.12,156688.58,140180.31,183273.3
20724,355.2830498,9.390261,8372.898,8703.659,9452.271,8094.5215,9365.298,9943.832,7738.3516,8124.6396,9093.201
20729,443.3358356,9.394299,3960.3545,3753.0474,2839.6729,2410.4268,2949.276,2755.9585,3153.3691,2770.7183,3638.5464
20732,289.2743583,9.395647,5772.9214,5499.959,4794.156,7326.917,5265.6255,5791.007,5880.3364,5462.1763,5413.5996
20738,399.3085223,9.3994,3361.595,3535.115,3514.3247,3116.1797,3152.3987,3806.2668,3194.806,2941.4365,3563.57
20742,306.3009524,9.401727,6890.737,7111.326,6638.2705,6763.0034,6705.4736,7343.883,6613.1797,6704.6104,6956.8516
20749,438.3801572,9.404419,204716.28,194360.77,162198.23,181327.6,167249.69,223154.55,196258.64,139572.23,172783.05
20756,256.2640798,9.408459,337089.66,26381.508,26326.65,6370.187,6969.114,5814.772,112.04095,454.88803,167.61475
20764,162.9141704,9.408697,103.62506,0,40.729187,65.71629,102.50214,490.81128,45.48913,33.03447,56.286514
20761,377.3270073,9.412357,15542.245,19819.418,28305.28,18248.629,20385.42,22208.047,20546.592,17359.219,23348.066
20762,511.5215648,9.412896,29126.33,827.4067,488.1333,0,0,0,0,0,0
20763,394.3538064,9.413711,189319.48,224628.58,213179.86,197492.38,162482,233125.92,216017.03,174929.8,274566.3
20771,297.2915004,9.414926,9965.412,217.36906,261.81537,0,0,0,0,0,0
20767,333.3006575,9.41506,21182.318,27034.875,30760.209,19753.621,28011.305,27804.367,19646.254,17686.314,21858.676
20769,350.3273245,9.41696,109424.9,141186.9,119582.35,125000.266,97321.1,124271.81,118314.24,88995.84,121954.055
20786,560.4178288,9.420643,36743.1,454.45316,441.4082,679.42633,947.28076,742.9262,0,0,0
20811,178.1157893,9.427202,93.27212,80.00119,87.906456,37.16584,94.05113,54.949493,80.857956,79.459366,237.32104
20799,172.115902,9.433153,13448.51,18696.67,14477.913,17379.799,18757.97,18592.67,18998.125,13079.247,20894.832
20800,353.1214249,9.433151,17377.775,22082.402,27906.582,18780.506,26526.998,23695.68,24462.047,19955.277,22203.932
20814,402.3225257,9.442046,3725.0664,5029.3496,4162.3286,4589.74,4587.6714,4664.368,5271.411,3728.3594,4554.285
20815,407.2784723,9.442047,2935.2092,4082.4136,3667.5244,4045.2427,3614.6091,3951.8875,3446.9697,2852.7202,3209.5093
20828,259.2060709,9.45042,0,0,0,11778.031,13399.651,12002.124,0,0,0
20964,350.3273294,9.474329,45992.26,39842.883,21794.984,45215.83,54508.348,55720.98,53786.402,43263.176,53893.652
20868,450.3261049,9.47442,38053.426,365.81702,862.65625,830.41327,648.36755,696.6429,364.42773,232.56564,540.98254
20869,184.8976746,9.476858,179.8893,292.4351,112.16122,29.506523,35.596237,33.773083,152.29852,168.23146,61.00715
20873,838.5913493,9.4843645,12439.065,125.25835,0,105.97226,101.38299,47.39938,0,0,0
20884,422.2911886,9.49241,2742.3757,4359.2227,3604.0054,4641.0728,4192.7803,5462.874,4134.586,4112.177,4331.2974
20872,428.3113571,9.492967,8968.765,59.34955,41.913025,32.259266,47.644714,44.24292,0,0,0
20885,405.264445,9.4936285,1801.8241,2230.9062,2233.1833,3077.774,2481.1562,4139.552,1904.3899,1354.4047,3107.0195
20886,427.2468322,9.49363,4352.792,5429.38,5500.7324,6367.8237,6783.354,6962.163,6374.7495,4397.722,6842.7866
20889,633.4397702,9.494077,15205.374,201.11522,126.914444,53.75415,62.97434,61.50425,0,0,0
20890,516.3913346,9.495261,46267.184,854.097,722.15857,902.2893,1368.069,966.5879,0,35.650967,0
20905,367.2415571,9.503911,642.2947,995.65607,688.7212,547.58484,323.4182,270.90997,769.0847,409.42307,207.64343
20898,345.2581736,9.504388,5343.12,6506.7485,6561.128,6204.447,7362.336,6428.44,6186.9336,5098.1655,5919.5815
20945,794.5636276,9.540229,16588.842,281.7781,66.53543,51.436882,200.77014,60.391663,0,0,0
20968,611.426291,9.548352,22443.648,463.55392,73.41766,127.55863,157.5634,133.12616,0,0,0
20979,333.3006459,9.554668,63976.395,12595.722,19905.021,13710.889,13231.126,15116.303,13531.963,8997.29,13521.792
21023,589.4127192,9.582433,32428.828,594.1656,314.78128,114.85002,251.9097,585.7416,0,0,0
21020,472.3652059,9.588875,62794.883,1005.18945,798.5926,1104.8221,1846.042,1232.995,48.318253,0,0
21039,238.1208454,9.591077,1380.6571,405.54486,390.1187,0,0,0,0,0,0
21059,200.1650946,9.593868,35077.26,7339.8267,6680.7227,2077.8347,2849.7397,2230.3428,277.7706,140.7504,107.70822
21065,464.43196,9.601708,33528.492,45144.305,39906.145,40026.477,47393.086,46340.523,41764.727,34187.773,42336.93
21042,236.1627404,9.601826,8437.1,2026.2365,1644.3905,486.17648,590.1592,669.81305,41.60711,40.99612,58.60541
21030,183.1385064,9.602612,3444.4417,959.05,842.581,167.09293,416.32898,998.4682,199.76779,168.02599,99.33359
21048,750.5375803,9.603997,21551.578,78.30801,276.812,185.50906,192.85606,174.73125,0,0,0
21055,222.1476917,9.608448,21574.387,5549.5103,4896.2075,1476.151,1904.6959,1360.7281,111.69385,45.084,214.84798
21052,214.1805851,9.614189,16139.13,3499.4363,2991.3853,1024.7751,1092.8904,997.4281,118.10208,170.04655,66.985275
21098,403.380858,9.620911,4576.369,5847.647,5779.5215,5231.468,4098.548,6115.3896,5745.9463,3963.5012,5489.105
21123,135.0807962,9.625874,2047.0519,2258.9546,2197.1238,859.0836,1777.6963,1475.0428,275.22464,260.74866,433.97955
21125,567.3998721,9.628915,43554.48,1190.5432,765.0961,519.4407,997.311,449.3708,0,0,0
21117,563.5530454,9.6299095,342502.72,31321.365,25448.287,4327.922,5504.069,4271.4707,0,0,0
21118,420.4057558,9.630439,44806.465,63865.08,61843.785,42962.125,47680.3,56163.37,48557.85,43421.97,59266.508
21121,350.2680497,9.631336,7364.7046,391.84363,485.2191,0,84.31314,0,0,0,0
21134,244.095242,9.631916,1724.6434,833.3685,857.99255,475.2077,379.1111,524.5157,0,0,0
21136,376.3793843,9.632995,8265.644,10244.901,10251.708,9264.675,10063.798,10895.212,10697.319,9529.884,9698.659
21251,323.3061648,9.633625,12387.067,874.6792,1121.7239,0,140.35664,94.88077,0,0,0
21138,170.1180561,9.634511,9469.023,5794.007,5076.5244,2335.758,2793.4194,2634.206,252.36388,103.08616,116.09401
21150,155.1070401,9.640559,20270.31,11131.398,9621.075,4241.545,4661.1694,3817.3188,530.21246,220.59808,166.20067
21133,282.2796271,9.640573,2056196.1,295817.88,278184.3,68003.07,69162.44,64696.688,78.96709,119.93697,104.48677
21158,359.3528418,9.642694,1152.5276,4724.2163,4127.9507,4658.637,5079.459,5110.4766,4681.171,4568.317,4950.711
21124,328.2851877,9.645952,5302.7827,526.8867,853.6047,393.57892,360.7144,380.9985,319.4231,173.6951,219.09103
21154,299.3064253,9.646016,8683.349,1060.7316,1024.8418,45.141376,114.21778,0,31.309145,0,34.512325
21132,265.2532898,9.646301,24135.025,3184.0952,2621.9204,684.86975,591.7059,588.6155,0,38.260582,0
21131,228.1221034,9.646499,16449.035,8553.029,7821.3296,4136.5923,4545.382,4091.8398,98.45684,93.17328,343.20892
21151,194.1167324,9.64888,88175.19,67710.2,63661.957,20400.58,28092.922,22456.564,20051.41,5186.377,18409.703
21176,706.5120697,9.649192,27788.008,341.4956,204.18237,336.70477,347.45163,598.14124,0,0,0
21169,427.3045236,9.649388,378.20996,2119.2095,1531.1235,1483.3021,2518.6096,1808.7731,2666.1265,1984.0847,2272.184
21152,210.089164,9.650635,3755.4768,3272.6072,3260.908,1162.2474,1451.3074,1326.4335,27.924057,0,37.836643
21145,172.1336737,9.653194,152689.45,82246.516,76436.35,24093.91,32986.703,26065.242,194.75002,250.02188,549.91064
21147,109.1018099,9.653248,44118.547,26023.762,23911.719,7871.612,10399.589,8380.255,488.19592,312.93402,924.49536
21174,402.3225357,9.653239,4570.6094,4153.529,6780.4023,3289.5283,4302.026,4319.287,2854.2747,3240.9695,5892.6265
21079,422.349585,9.655251,2737.3618,8320.38,7866.5796,3628.5315,5372.6353,7555.186,3967.1812,3822.0278,7187.7627
21205,433.2901533,9.66718,1001.72266,64.069214,0,45.01471,0,66.47496,49.544395,35.78636,0
21200,545.3861583,9.672574,63433.055,1900.9032,1881.8058,1233.7378,910.57916,1135.4224,0,0,0
21183,407.2783931,9.673794,1288.4393,4296.4067,3663.0007,1588.0673,2896.8018,4523.2324,2076.5913,1978.4609,2265.4631
21209,970.6114582,9.67807,0,0,0,4420.2197,5908.902,5711.5894,0,0,0
21225,975.5658477,9.688789,0,0,0,6039.3506,8743.075,7734.794,0,0,0
21196,419.3166642,9.692157,30326.018,39789.453,37420.215,84075.336,93536.54,9933.059,5293.506,10039.937,3386.6394
21244,256.227454,9.69458,5226.611,563.6423,893.2355,91.10423,320.90363,229.99681,65.458755,0,55.942642
21208,428.3388258,9.696941,71821.57,1111.0756,1263.1989,1676.419,2297.6433,2376.2737,147.07874,82.59642,110.02475
21318,264.1940388,9.70537,2829.8767,353.5825,234.45126,38.49565,0,0,0,0,32.438084
21290,222.1476752,9.705723,32758.273,6234.6196,5580.514,1193.7573,1491.5372,1477.1407,111.69385,83.094215,214.84798
21276,214.1805851,9.707758,18643.111,3678.9124,3214.9854,791.89935,1291.6418,1014.9133,146.25769,149.37206,66.985275
21295,200.165026,9.711122,47364.523,8008.4565,7264.5254,1501.2083,2531.45,2263.1655,77.3508,100.69745,181.54117
21299,272.1272519,9.711801,552.68866,0,58.758877,0,0,0,0,0,0
21309,256.1541704,9.712222,6280.462,1831.9059,1762.5612,207.90866,893.97614,343.0163,102.404625,54.27807,117.51289
21300,278.2098499,9.718049,2283.5256,109.53032,90.135994,0,0,0,0,0,0
21308,523.3733226,9.721394,90327.31,2389.3171,2355.221,949.64557,2422.0186,1511.4307,0,0,0
21301,165.1271053,9.721538,2890.315,597.92615,445.50934,104.175095,167.86179,91.11566,151.56427,47.129345,104.7755
21284,238.1209486,9.722065,1768.0411,182.49333,72.99075,0,0,0,0,0,0
21316,242.2117318,9.722362,7520.565,970.5556,861.3668,96.80813,67.41482,118.01663,0,0,0
21327,609.2729999,9.724719,0,0,0,14965.091,21120.922,17975.135,0,0,0
21328,631.2547784,9.724719,0,0,0,1768.2269,2596.7234,2063.1814,0,0,0
21329,662.4869675,9.72745,34518.836,245.29395,307.2937,606.5389,334.05975,82.71271,0,0,0
21340,422.2911774,9.7284775,3518.8892,3415.672,5422.967,3273.4517,5014.642,3686.0967,2487.6924,2116.2363,2471.6929
21341,427.2468299,9.729004,2888.6858,3694.624,3598.4844,2120.0955,3891.8137,3132.4915,4113.5747,3194.8457,3786.3774
21419,506.5304069,9.729941,0,0,0,851.2567,952623.9,540.41943,0,0,0
21283,228.1963222,9.733323,12590.202,2873.5745,10401.811,2515.8894,2753.294,6353.136,2034.6676,5756.68,3701.0464
21352,186.149371,9.74197,19737.87,3202.4043,2762.194,891.6689,819.0084,901.4449,40.62355,38.400513,99.33082
21317,208.1284912,9.745189,16196.006,4911.1484,4913.8154,641.5052,2955.0132,1847.7582,1404.4163,1782.6451,4436.275
21379,1295.586384,9.748616,0,55.88586,95.54924,1531.0984,1277.6918,391.28186,0,0,0
21393,977.9383397,9.749026,75.173805,0,0,1476.2988,1075.2875,429.9437,0,0,0
21391,972.4806539,9.749187,0,0,0,1129.765,883.00146,193.48419,0,0,0
21389,977.4368586,9.749187,0,0,0,1080.0117,1157.4613,422.5272,0,0,0
21395,654.3348799,9.750796,60647.703,63928.72,63759.83,191583.05,195982.52,143844.81,7505.1333,4638.983,5073.0205
21390,1290.630078,9.751004,52.72513,0,73.29569,1615.0707,1532.7201,541.5061,0,0,0
21387,972.9819615,9.751235,0,0,0,1339.3005,981.92615,315.81577,0,0,0
21401,668.3501874,9.751473,2318.1519,3951.1975,4305.2627,14855.096,13336.779,11369.447,290.22922,156.62238,135.00189
21402,682.3658876,9.752016,8856.201,12673.277,12180.816,34245.395,34998.33,26594.137,1275.3807,835.0635,768.2429
21400,675.2641041,9.752146,1505.1299,2505.2742,2387.0947,7394.977,7476.6543,5696.172,186.78212,39.846992,52.876102
21394,659.2899644,9.752205,9772.474,10433.688,10010.269,29401.861,30916.248,23068.48,1035.1461,520.50494,537.46466
21397,637.3081346,9.752885,9379.042,10017.626,10510.593,31255.842,32971.152,24036.2,977.81647,586.83356,630.07
21420,270.2797642,9.759027,41378.133,14553.554,14459.589,10308.931,10969.052,12226.721,14130.904,11254.206,12570.747
21434,501.3590513,9.764459,110721.25,2913.7124,3068.3655,1568.3352,3300.724,2192.8396,0,0,0
21409,194.1178028,9.776318,30690.705,20256.26,25587.81,13603.255,9071.146,21693.816,6796.163,11997.375,4923.891
21468,384.3130397,9.789624,48563.434,573.9511,427.1792,711.9366,1043.5935,219.66905,0,0,0
21518,427.2469668,9.791409,2504.9014,7179.096,2818.2368,1096.5629,2390.953,2885.587,2342.9595,1943.6793,2921.1006
21525,422.2912908,9.7922325,427.38855,2322.6191,1801.6398,1786.4131,1874.9283,1107.2285,1770.7769,1358.5646,2060.4653
21480,618.4601652,9.792691,40898.266,515.7357,86.3868,148.75745,1004.0562,234.5329,0,0,0
21486,625.2678478,9.799146,0,0,0,9563.846,12754.537,11691.871,0,0,0
21487,647.2497878,9.799146,0,0,0,984.2116,1217.2585,1058.1852,0,0,0
21489,315.2536223,9.80032,2519.6318,2178.5754,2383.9185,2312.332,2267.491,2602.8682,2356.7004,2319.8916,1955.0786
21501,332.2802281,9.801548,536.473,937.4932,378.09113,248.23315,1036.9567,439.13635,1059.1946,996.44196,1075.6201
21535,216.8374008,9.8028345,227.54872,334.5813,127.25606,332.75064,188.03392,82.89234,103.04518,187.31909,439.4692
21497,337.2360092,9.806957,1689.6532,3707.0134,3895.539,3578.3667,4239.639,4024.9858,4127.1826,3577.166,4023.0088
21477,367.2829317,9.811831,1597.1643,163.85873,231.35196,319.58383,211.75372,222.7476,728.2837,255.31769,528.2412
21511,479.343379,9.816197,134282.33,3954.9897,3150.866,2529.436,4058.3232,3158.3384,57.092064,56.643135,120.29982
21541,262.1788739,9.821377,1426.6146,45.446472,61.762974,46.742622,0,0,0,0,0
21540,240.1958813,9.829185,1930.7175,106.358536,166.66075,44.81492,64.663086,0,0,0,0
21572,403.3059777,9.842236,5750.4336,5776.5884,6949.1006,5521.9688,6417.5493,7968.157,5984.312,5319.841,7055.8555
21574,420.3333886,9.842907,182550.73,193984.55,198465.03,168925.86,212927.6,274909.56,188786.64,164179.4,231527.69
21575,425.2884975,9.842907,54459.152,54051.15,60299.016,47355.402,56865.21,61048.445,57076.344,52480.008,81183.44
21576,441.2628036,9.842907,7178.7134,6877.0474,7888.566,6748.6343,7657.104,8603.211,7125.6167,6659.319,8985.232
21553,194.8553446,9.84687,251.70718,261.73355,711.2618,117.91637,377.4647,187.25912,271.68622,310.86282,388.4663
21588,452.395658,9.848044,87689.36,84590.8,92819.89,76535.45,98127.37,102126.29,87135.98,75609.2,96150.5
21596,369.2988396,9.850914,7756.857,8438.588,8942.963,7460.8,8349.033,9019.181,8072.314,7218.055,8572.78
21611,540.4486252,9.860012,48276.43,47463.543,48983.664,41384.64,53202.875,51763.887,46792.63,37631.35,49982.64
21621,457.3307847,9.863355,130666.81,2507.204,2766.2644,1685.8806,2725.1155,2062.2139,0,0,0
21616,896.633362,9.864803,15274.945,53.475815,87.04966,103.09961,0,144.51283,0,0,0
21630,574.4329541,9.86843,51484.688,96.17642,130.70023,857.0696,1633.9645,736.97455,0,0,0
21656,625.5168352,9.873756,7000.566,47.15013,0,0,0,0,0,0,0
21643,496.4219786,9.878275,69211.05,65070.914,69211.984,57458.953,74359.875,75156.9,64393.984,54557.51,70293.46
21652,408.3693971,9.881011,170763.7,95544.83,107197.15,84914.05,115131.7,115576.71,99628.33,85697.42,110791.49
21549,413.3249365,9.883262,898.9415,1060.1288,3770.3394,879.3364,1347.618,616.3908,651.90186,1459.0575,647.5373
21657,647.5003621,9.886088,17107.904,0,0,0,0,0,0,0,0
21551,391.3422989,9.896818,10826.959,9013.186,10706.716,8699.469,12606.816,12986.24,9159.98,4976.483,10286.81
21686,347.3162998,9.901695,4044.7473,9500.72,11788.995,10424.073,10650.221,11624.473,10813.325,9623.063,6473.936
21688,364.3428714,9.902217,67521.9,71309.66,74542.734,58440.176,75639.94,79227.89,71621.766,61411.383,78536.555
21700,640.4490622,9.911093,14409.526,95.89781,96.23889,0,64.89723,70.56641,0,0,0
21751,323.258238,9.912318,1836.0079,112.91862,133.5872,65.753914,109.80885,215.10368,116.39844,111.097206,74.94702
21705,435.3150517,9.912832,26705.635,522.7206,558.7817,75.86148,491.79425,230.8678,87.632965,68.26102,101.99321
21707,852.6064279,9.915814,30873.998,487.551,782.79193,365.76422,858.3854,508.0472,0,0,0
21731,631.2549267,9.926128,0,0,0,3472.5378,4553.0664,4598.0435,0,0,0
21735,287.2388072,9.926572,0,37.748714,41.55536,18564.547,6447.2993,6281.027,37.40449,41.366364,0
21732,609.2727113,9.928165,0,0,0,18628.98,26337.602,26524.871,0,0,0
21742,340.2863977,9.937571,4593.075,0,57.938164,43.576965,46.57186,0,0,0,54.98989
21757,530.4069827,9.953778,62097.85,527.5599,430.19693,940.71954,1945.9818,600.39,0,0,0
21763,618.4338904,9.954807,28874.635,286.33694,451.2219,183.54285,519.0435,471.29843,0,0,0
21781,808.5801024,9.966941,41011.887,782.8457,844.34283,320.41296,845.33167,634.5917,0,0,0
21766,144.9759723,9.975764,287.98322,575.17456,1637.1938,60.31974,119.57156,58.256054,167.66295,166.21844,395.14383
21817,522.4380182,9.988704,517297.1,389741.53,473188.66,343936.62,428094.16,664597.44,507387.97,410975.4,477228.16
21823,527.3964341,9.989373,2905.0386,2180.3113,3741.5793,3213.1335,3195.7217,4923.0796,3605.165,3874.1118,3079.3374
21825,540.4486074,9.990053,35168.94,28861.193,44696.98,18752.668,28641.469,49915.316,31948.967,29659.55,47859.227
21833,505.4140079,9.99275,5540.513,4165.108,5303.1123,3633.1177,6302.9175,7653.5156,5080.104,4589.613,5892.9653
21839,596.4215055,9.995873,42515.594,538.90704,603.94183,240.37411,691.1445,345.21014,0,0,0
21862,496.4219418,10.011373,37483.61,41898.12,41452.516,42998.97,43201.03,78263.73,47039.44,41243.38,44411.62
21864,431.1843761,10.014451,969.6418,1052.5461,902.30756,857.2033,1254.2067,1732.6442,1084.3864,807.9877,1195.4569
21865,409.2023595,10.014457,5818.444,5297.1626,5392.4106,5922.3433,7133.738,9099.42,6227.7666,5405.6855,6844.358
21867,377.2301279,10.015135,59139.504,53373.062,66683.04,58534.547,71096.69,85463.54,62753.99,56938.105,60484.523
21868,399.2122149,10.015331,6543.042,6001.771,8217.919,6269.0845,7721.5986,9874.28,7815.6157,7285.891,7776.253
21879,415.1861466,10.019139,873.14734,550.02155,760.89026,458.48523,655.54596,1216.5685,734.2687,627.7433,523.4059
21917,244.1913013,10.025592,5923.403,6672.5576,8886.959,8104.4834,9900.351,11533.5205,8372.92,7249.3774,8044.9243
21910,173.1330535,10.026272,2234.3328,2724.3665,3357.6782,3350.6567,3823.9653,4393.161,2787.4983,3020.8052,3424.9065
21918,191.1435264,10.026944,3635.3555,3180.57,3863.8914,2951.138,3966.609,5092.0156,3758.6753,3304.5854,3876.3613
21919,209.154154,10.026946,7436.7266,8054.6123,9644.3545,6353.2114,10169.276,13518.759,8519.481,7772.0728,9066.567
21920,452.3956165,10.026943,42965.242,40839.523,62449.918,63411.312,54079.906,98339.66,41175.89,31459.156,55345.19
21921,424.2833939,10.026946,6649.313,5863.896,6456.8843,5499.0645,6551.127,8248.126,6322.8877,5843.4214,6981.698
21939,408.3692886,10.027415,25574.926,50878.395,80483.336,73325.02,58715.867,101212.6,59827.668,43766.305,72142.27
21923,208.1701475,10.027615,4960.3975,4533.706,5068.184,4430.8853,5876.2266,6902.042,4676.2036,4312.751,4914.1743
21924,226.1806864,10.027619,35915.4,30725.303,37138.832,33606.527,40062.26,48944.023,34500.348,31703.107,36572.24
21926,408.3098151,10.028294,26711.686,22219.205,26547.107,22886.29,28827.523,34186.52,26082.205,23072.287,27228.982
21932,163.1485173,10.028964,1676.6919,1332.748,1932.7643,1346.1064,2259.8506,3000.7559,1490.3326,1627.5736,2053.6282
21931,391.3422862,10.02944,26083.045,6371.3955,7275.9067,5313.127,5363.9277,9937.119,5553.4624,3998.922,7752.395
21936,198.185764,10.030317,3129.9492,1140.1327,3950.3015,2661.8337,4518.636,5021.6816,2915.3345,2721.6868,3707.4292
21947,434.3586313,10.033067,2968.9111,769.63696,163.21349,68.724976,0,0,0,0,0
21930,413.3252029,10.033489,7356.0283,874.43713,885.45044,1160.5526,558.5453,1135.3584,1118.4375,462.05646,1521.6836
21937,320.3167118,10.033699,3317.0156,3665.3098,3887.4436,3039.2668,4404.012,4635.256,2988.4958,4460.887,3651.8513
21940,325.2724522,10.034375,8925.095,4086.1445,9997.147,7476.537,4989.062,12615.158,4047.4111,7697.6436,4112.049
21941,364.342889,10.034382,41565.1,41830.332,63002.4,59787.004,62931.05,89382.5,53663.633,32142.732,72784.07
22050,303.2901577,10.035055,4678.498,2268.5513,2593.3716,1860.3928,4253.4775,2786.0322,1884.3271,2234.796,2389.7617
21946,347.3161951,10.035731,12955.979,9694.959,12125.795,8493.477,14511.27,23713.502,11691.407,11288.268,11523.077
21951,369.2990378,10.036406,6065.0312,4762.7896,6887.5845,5795.639,6746.1743,8052,5798.435,5356.6484,7998.0635
21913,764.5580209,10.040433,47702.21,521.6215,1012.19507,779.9994,1088.1935,1126.6394,61.269234,43.02452,0
21783,486.3812074,10.042224,45553.816,122.93856,549.79895,793.8574,1408.2527,1023.3133,0,0,0
21965,574.406456,10.043241,60754.16,895.3345,1264.9501,730.39215,1301.7393,1420.2059,0,0,0
21964,412.3791213,10.051906,10391.67,3817.042,2877.542,464.04535,1190.6674,1047.7351,55.717407,54.804585,65.770065
22026,720.5289244,10.077229,51160.7,682.83234,388.72415,1035.7979,1484.1349,554.9576,0,0,0
22037,552.3935556,10.102806,76542.32,1215.268,1707.28,775.91113,1598.9266,1645.1146,0,0,40.67
22107,593.277222,10.132686,0,0,0,183780.02,238772.89,262861.62,0,0,0
22112,615.2601253,10.134698,0,0,0,16055.852,20446.965,20569.219,0,0,0
22119,631.2338251,10.1347,0,0,0,1043.0902,1665.3779,1628.7974,0,0,0
22123,530.3801302,10.140676,92727.99,1696.7393,2197.0645,1463.5928,2105.7854,1920.0269,0,0,0
22128,676.5024425,10.145533,59034.63,845.78613,1240.6687,993.93207,1704.3998,1715.5018,0,0,0
22133,442.3540728,10.14838,41646.664,152.73456,434.98053,921.9467,1073.1051,872.22406,0,0,0
22151,250.1783359,10.160429,2945.9695,4022.4502,5120.5986,2876.989,2502.7646,4855.2656,3028.825,3603.7175,3449.2278
22164,424.2834572,10.163121,5757.559,5277.1704,6740.646,4435.4575,5407.8184,5853.2974,6697.096,6029.838,5023.217
22185,198.1857765,10.164478,3669.9038,2743.3901,4296.107,4822.686,5648.448,5733.9883,3715.9568,4174.998,3694.4556
22177,208.1701869,10.165821,5495.6436,4953.6235,5767.882,6414.119,6514.4814,6435.0884,5330.674,6029.9277,5131.3955
22178,228.1964141,10.165819,38916.504,46922.035,57936.027,49388.785,67142.63,64245.543,42332.3,49392.027,50286.945
22179,244.1913582,10.165822,32415.904,32269.492,35869.438,31080.59,31590.111,41036.258,31586.05,25115.729,30812.213
22180,408.3097876,10.165821,25018.293,34966.387,28637.836,32530.691,34712.504,38429.703,27397.865,28156.926,30461.717
22183,191.1435455,10.166495,3086.5183,3359.6406,4914.434,3399.4844,5727.571,5539.6255,3634.9497,3738.5027,4647.654
22192,173.1330674,10.167172,2648.9124,2815.0635,3447.6978,3972.3076,4236.9517,5348.1523,3344.643,3746.3167,3316.607
22190,211.1698002,10.167171,1885.1598,3062.9204,1813.8962,2506.2168,1753.4047,3353.9536,2947.666,1949.8534,2850.4175
22181,193.1592799,10.167172,2278.131,2299.6445,3086.4678,3157.826,2547.2805,3308.924,1924.0148,2389.1824,2797.9822
22186,226.1807061,10.167172,37570.09,46105.582,43361.098,38096.605,43457.508,61344.23,39067.727,55232.844,52376.105
22187,181.1591987,10.167181,1959.201,1620.5602,1837.4369,1799.6492,2342.2808,2581.0027,1646.4553,1600.771,1523.6387
22188,163.1485195,10.167846,2166.2793,2578.5896,3262.8489,2494.2979,3238.3938,3147.666,2198.6667,2131.447,2649.1409
22189,209.1541872,10.167848,9245.262,8865.768,11216.027,9690.781,12817.507,13670.433,11416.849,9314.271,10870.33
22195,266.1731439,10.168528,3423.1267,3390.005,3571.7446,4267.5146,5155.4126,5398.4805,3480.1196,3284.2058,3351.814
22131,447.3133991,10.169651,975.1908,0,51.26623,0,41.025337,59.59876,0,49.722145,50.686462
22301,508.3691,10.180282,108418.414,1682.8279,3292.0305,2289.849,2624.6743,2111.3972,0,115.894806,45.821075
22262,579.4360965,10.180589,865.9486,635.4384,849.4583,850.85333,635.9908,761.33264,664.5598,491.17773,671.5264
22249,317.1861519,10.182135,751.9353,321.46338,524.4772,592.4171,308.97873,459.71643,480.85843,570.80634,431.5108
22260,301.2124017,10.1821375,12732.846,9899.274,11498.3,11605.157,12901.744,12022.37,10808.188,10583.26,10747.296
22290,371.163639,10.186992,85161.77,69143.055,98063.016,63668.746,130793.31,123334.125,86717.25,75236.12,53737.574
22311,639.2837186,10.195186,0,0,0,8410.981,8694.808,4748.891,0,0,0
22319,661.2655386,10.1992445,0,0,0,1424.3243,1203.4362,565.1165,0,0,0
22288,387.13785,10.205266,9514.334,3995.253,1713.6235,2409.62,3569.3066,16605.848,851.02625,2319.8142,10060.009
22330,632.4773566,10.21111,69693.53,628.8863,877.73645,1183.6652,1857.6792,1188.086,0,0,0
22369,486.3540403,10.237498,128285.98,2150.501,2336.3801,2003.422,3947.3657,2523.1172,0,0,0
22444,588.4492876,10.282937,81108.34,835.314,1068.9862,1736.4807,3120.6943,1601.5311,0,0,0
22455,172.1158943,10.287683,21478.87,18813.486,22297.934,20299.938,28295.316,24946.803,19799.518,20271.025,21093.953
22465,464.3393561,10.292046,114229.43,973.74744,1708.0203,1114.8492,2689.2446,1463.3743,0,0,0
22449,398.3284736,10.294015,26998.51,285.0471,317.04398,570.12976,1233.8895,680.57965,44.275215,47.115585,35.83364
22524,146.9866474,10.298879,87.55583,61.24035,140.20186,134.3866,449.95908,607.0548,57.01532,64.47841,61.433205
22539,195.1142424,10.317101,41.303757,40.19979,94.95822,147.74968,350.03012,861.917,99.40858,160.61996,41.858673
22531,442.3318676,10.328075,23431.246,159.1387,156.93253,165.81839,192.64949,125.3846,45.85415,49.392555,34.34532
22535,406.3539263,10.338988,2022.9768,1662.5101,2451.7659,1739.9027,3107.9026,2084.5344,2062.9482,1783.139,1594.6543
22545,411.3094525,10.342652,1168.7773,884.47687,1535.9926,956.0537,1652.0135,935.4168,1003.1364,1025.5148,978.10205
22536,866.6222855,10.346691,21295.334,53.419876,130.08461,293.2303,493.5654,51.016235,0,0,0
22574,544.4227936,10.358563,86040.836,309.93848,918.85925,1488.0714,3816.794,1312.8096,0,0,0
22576,284.2962099,10.362815,18081.967,2237.1975,2881.5088,880.4231,1312.6156,1167.0472,259.5722,547.87067,194.97583
22583,625.4418402,10.364374,14579.314,71.79753,76.702995,56.482212,305.27228,0,0,0,0
22631,822.5966414,10.401062,24076.258,124.85101,57.72206,229.42761,432.08984,48.517235,0,0,0
22600,142.0930387,10.410486,41.288536,48.712852,80.51926,298.65454,501.66873,314.56845,32.273468,48.623146,27.032764
22642,603.4282647,10.412717,25679.29,39.44763,146.66273,89.12403,285.28156,307.9728,0,0,0
22656,615.2600649,10.422439,0,0,0,1974.3516,3144.0754,1667.226,0,0,0
22661,593.2771542,10.424472,0,0,0,45900.918,70505.22,42049.176,0,0,0
22668,393.2072315,10.425803,19488.873,18021.492,18196.172,17754.414,25347.418,18326.916,19244.37,19494.941,14928.318
22673,415.1891225,10.42667,564.7418,779.989,994.15454,751.6386,1189.0847,689.3632,946.1945,423.23184,733.1818
22682,500.3960185,10.439859,88001.55,702.8674,859.15625,1433.3038,3377.9749,1030.4283,0,0,0
22582,581.4156115,10.454736,27425.416,126.247406,211.64398,185.09412,294.10825,115.01845,0,0,0
22721,778.5711811,10.454726,27641.764,180.71663,225.4303,221.2178,634.08405,116.76911,0,0,0
22718,627.534043,10.462578,1483.9624,0,0,0,0,0,0,0,0
22719,649.5158176,10.462578,2658.005,0,0,0,0,0,0,0,0
22646,487.2323939,10.477085,5835.297,3469.7402,7161.2437,5956.5405,7751.3193,692.79724,6391.6323,5894.8745,5489.558
22770,460.2965299,10.496666,10411.102,9308.318,13013.488,11922.331,15595.676,11382.619,11038.377,9357.134,9175.382
22773,465.2505788,10.498048,8582.272,7346.308,8993.123,9208.023,11590.314,8735.039,8465.941,8294.355,7266.2686
22781,559.4025091,10.501716,42917.484,222.97147,862.8155,642.7035,814.388,218.92108,0,0,0
22800,633.5166194,10.509021,3711.4358,42.425983,52.49555,54.104298,0,0,37.848965,0,0
22799,611.538759,10.518014,2222.0361,0,0,0,0,0,0,0,0
22807,734.5436182,10.5261755,30993.807,455.62476,198.21922,519.14014,225.25937,348.1168,0,0,0
22815,422.3849281,10.527307,13361.65,12917.591,16313.816,11476.822,14682.533,14308.443,13538.037,13851.583,8341.081
22816,339.2888316,10.527576,1695.5671,1698.4231,2256.1277,3008.3398,2479.796,2166.4917,1547.7324,1808.692,2006.0262
22814,405.3583566,10.528493,922.6009,922.43207,1068.0999,279.62747,1287.9305,982.43567,974.66815,899.0732,679.011
22823,378.3585149,10.5315,16851.965,15143.747,17056.45,21684.451,24862.982,16786.49,16942.16,16340.403,17201.213
22825,317.3057624,10.532701,1127.5607,1104.417,1186.5939,1438.2047,1054.9735,1152.7793,1073.776,1230.6288,858.054
22831,361.3317669,10.538079,5810.5615,4461.3604,5390.6494,5389.4155,6382.823,5081.9863,5412.7534,5010.199,4350.541
22824,456.37019,10.540565,59724.402,679.1424,534.8066,1234.5176,1766.719,799.8262,92.540054,27.926891,0
22849,537.3916178,10.548052,52351.117,762.71893,1342.5281,1395.698,1652.2175,934.7473,89.07994,64.77646,56.58258
22856,142.0918018,10.566786,47.00738,63.7416,59.61956,291.0023,159.86841,417.2506,47.414062,78.79277,41.154694
22886,535.2710759,10.5855665,0,0,0,14672.638,16218.588,10806.65,0,0,0
22960,456.3703522,10.586604,16126.768,412.3828,179.73634,89.93248,203.65753,428.7075,0,33.73749,0
22885,690.5176148,10.586899,33480.77,271.3627,466.22946,553.6361,255.98494,541.3778,0,0,0
22906,284.2957138,10.602968,33311.656,36168.574,36448.066,37544.56,38639.004,28636.562,36713.01,33273.582,26045.717
22917,515.3753213,10.60721,57112.766,887.59125,924.2907,678.0156,966.9859,868.48175,0,0,0
22925,531.2588442,10.611854,2876.095,3109.9011,3310.341,3539.521,3924.927,3153.9167,3151.4128,2881.9055,2772.265
22943,195.114256,10.613759,85.808136,140.81476,290.04315,257.52026,203.19696,155.719,74.79885,40.365635,49.820107
22932,504.321756,10.6156845,7658.911,7519.689,9385.618,9196.865,10121.077,8043.3936,7687.8413,6481.2935,6818.169
22950,601.4413218,10.629162,13058.982,12030.83,14340.627,13917.018,14752.575,11594.203,13777.998,11713.601,11951.8545
22924,146.9749739,10.635502,46.462967,40.664246,100.31359,364.34808,252.90755,122.802986,55.46618,42.49862,28.333553
22967,495.330817,10.641162,5467.888,4293.653,4681.2593,3902.981,4408.496,4030.5803,4566.5156,4287.584,3857.987
22948,142.092032,10.646086,47.00738,38.781563,75.91958,81.87045,943.07947,728.3531,47.414062,78.79277,37.710274
22975,412.3434063,10.651213,37648.594,412.33295,507.38147,137.21796,753.9475,538.1695,0,0,0
22981,395.3165113,10.652485,645.81116,58.446945,52.56779,46.27394,43.30262,84.83534,74.77295,26.262346,41.486904
22985,579.4287071,10.653187,21090.387,18697.816,22451.432,21058.12,22554.318,18642.816,20163.896,20190.324,18977.7
23002,490.3757061,10.653696,3669.9414,1901.2874,1962.5944,445.7271,2778.484,1139.7427,953.6963,2152.0972,1649.7163
22983,646.4902781,10.655288,38080.664,224.35541,293.45624,433.82562,696.2484,268.88144,0,0,0
22991,493.3580528,10.664074,62031.6,1092.2948,532.45056,943.8042,1338.7552,605.35266,69.69054,57.440536,50.602783
23019,557.415175,10.680974,28972.057,25709.242,30756.88,29177.523,29778.633,23667.91,28539.285,28103.688,23905.047
23047,535.4018152,10.701773,36111.547,32950.984,40141.332,37624.188,37546.3,32300.594,35230.484,35369.863,31520.078
23082,607.4206754,10.720434,327.06305,0,0,0,0,0,0,0,41.53593
23067,471.3489445,10.726048,49883.43,792.8219,252.06232,842.10974,994.1607,711.8249,35.585392,0,0
23092,513.3885412,10.732064,38769.195,35814.316,42426.098,39445.734,37726.09,32059.047,39264.305,38435.734,32843.355
23088,602.4654455,10.732094,41888.56,131.10292,317.20947,842.932,930.82434,586.35205,0,0,0
23114,409.1841358,10.755627,37795.574,36593.863,37390.016,29540.35,31450.62,29776.213,31401.496,36609.957,30938.285
23115,172.1158056,10.755737,14840.453,16777.441,17926.365,16179.729,15392.611,13635.282,21962.553,22446.197,15560.242
23122,491.3753311,10.758966,41979.824,38369.66,42107.816,42719.04,39748.613,32170.852,36081.707,40968.938,34594.01
23162,469.3623577,10.787517,30879.285,25364.254,28680.793,30439.195,26441.014,24715.898,26997.955,28250.604,26126.283
23201,368.3171344,10.793527,4396.5625,0,36.646812,0,31.38341,42.009666,0,0,0
23203,558.438517,10.813205,44467.492,76.940895,177.13615,431.0842,639.54785,224.09631,0,0,0
23205,610.4376904,10.822102,10805.453,41.10892,45.71454,42.825718,37.27762,0,0,0,0
23204,563.3977984,10.823901,658.9344,32.394547,0,41.786575,0,0,0,0,0
23200,351.2903637,10.842157,877.88763,31.168919,79.706,48.884346,29.207333,41.92787,30.806395,43.329742,0
23277,544.4371013,10.870708,34669.137,33266.3,36135.582,34480.62,28064.941,28156.78,34175.016,33194.617,30058.441
23262,588.4206454,10.872662,16257.546,50.662247,46.739212,48.803932,284.783,57.527397,0,0,0
23327,514.4141922,10.915866,36732.383,168.21434,248.4642,312.57553,934.2172,343.89658,34.13104,0,0
23333,566.4101579,10.917393,19474.033,75.84212,131.21582,57.25923,110.58845,26.782082,0,0,0
23354,693.4579426,10.927004,2673.4124,2319.5366,3078.135,3407.1665,2522.1562,2663.1245,2934.6838,2787.4531,2329.0994
23359,688.5026922,10.930306,1436.2744,1583.7318,2424.6812,2150.077,1713.3206,1716.417,2010.1238,1895.1674,1746.8253
23388,594.4962921,10.940986,197952.73,196460.48,218296.02,250292.36,166267.42,196665.78,225632.08,210985.44,213137.08
23392,599.4526694,10.944271,1033.5999,1214.7716,1672.7091,1207.5667,1118.6304,179.67758,1705.2014,919.1651,972.5599
23416,544.3965552,10.954069,21623.771,222.626,218.15164,105.80486,114.1783,290.88315,58.55094,73.87175,51.445526
23430,560.5020406,10.959753,0,0,0,140.69678,0,2575.9875,0,0,0
23379,520.5108929,10.966848,0,0,38.718056,4714.2017,197.5654,12374.127,0,0,0
23496,522.3816603,11.018251,22681.242,54.29435,90.80003,90.45103,136.48376,245.89708,0,0,43.67359
23495,470.3873857,11.023419,30392.42,188.66023,233.94951,530.3016,416.15683,305.91574,0,0,31.400723
23551,738.6118011,11.057309,48487.32,50744.01,54708.17,64209.086,52860.457,53170.004,59000.89,70235.09,60370.133
23615,500.3712429,11.067306,21538.984,60.379013,127.7709,113.70564,72.34175,42.39439,0,34.977867,0
23597,465.2504755,11.071238,3078.5725,2709.8398,2073.7344,2105.5547,1304.8235,1957.6873,2046.2352,3542.8787,1813.643
23603,460.2969062,11.072187,4106.0254,2558.8323,2053.1782,3451.8965,1687.3151,2159.1248,2893.8953,3080.1155,3117.762
23607,507.3676725,11.072628,1900.1672,1692.0903,1972.9633,1984.3086,1558.4941,2061.101,1813.2584,1606.5079,1904.9064
23608,502.411844,11.07288,2143.6633,2722.7095,3536.3416,4169.566,2083.1716,2138.9062,2433.4377,3278.2258,3452.6262
23611,487.2326051,11.074597,1144.9934,1444.7848,1179.8033,1283.4666,994.44965,1156.8087,1443.7227,1346.4417,1339.0328
23689,195.1148054,11.094623,107.04844,142.89415,53.93241,260.1498,113.97704,202.72044,53.11341,43.142662,53.822933
23690,660.5057568,11.1008215,14457.635,338.8464,192.60007,341.26364,302.53348,277.4363,99.66451,42.948677,105.24063
23575,474.3798632,11.139911,8758.09,9188.341,10121.855,6236.6045,7912.116,7628.0376,9255.004,9130.293,8151.4473
23813,478.3547408,11.146098,16528.875,520.5868,236.41904,135.68504,162.54736,314.48096,46.67076,64.27991,32.479057
23667,479.3354358,11.147287,894.22986,1118.7936,689.68054,1239.8052,1178.2064,932.58,1911.9541,1878.7438,1319.4728
23805,426.361762,11.150842,13727.484,83.55992,76.88107,80.38307,158.17804,67.335335,0,39.122368,41.29957
23841,616.4801798,11.17197,15336.349,68.972786,32.029385,142.17249,105.015884,47.485443,33.116608,0,33.36462
23928,479.3353663,11.195738,1089.4424,732.66504,284.45966,1078.5648,765.2229,932.17365,883.56134,1026.1625,893.3521
23931,474.3798748,11.227535,5622.065,5562.777,5833.039,5103.54,4211.1367,4766.2817,5155.7734,5391.806,5657.7007
23989,391.2440302,11.253503,667.2983,760.69275,301.26813,40.660843,32.56503,142.63428,1126.292,369.92947,916.7628
24001,572.4534195,11.266194,15981.113,0,56.021652,104.51506,133.67685,32.157837,0,45.354218,35.1181
23972,149.0236437,11.267186,120206.055,122215.57,136033.31,127342.9,113966.766,109336.87,125798.2,123906.84,121836.81
23973,413.2672085,11.267198,42806.78,42786.758,43011.516,39005.902,38507.41,36157.684,39858.547,41677.6,41353.46
23974,803.5456485,11.267859,1222.1367,1571.0123,1313.0908,1093.3586,1264.8617,956.40173,1198.5593,1480.0485,1450.6052
23975,391.2852018,11.267927,544806.75,517345.3,596173.06,524793.2,492045.53,501355,536717.2,541701.3,524524.2
23976,429.2413797,11.267929,7983.226,8356.466,8489.694,7640.8477,7585.967,7002.1777,8077.3394,8101.352,7531.1265
23986,431.2418388,11.269091,308.06552,181.54437,100.94459,377.0978,432.60504,122.39088,473.5364,482.67148,96.17143
23984,279.1596149,11.269275,11202.916,11869.591,13916.452,11307.223,10372.48,9325.775,11317.15,12074.906,10483.721
24010,146.9749619,11.278504,33.086235,30.800272,36.020523,184.26578,44.63024,97.47722,38.29915,35.70316,89.19007
24011,409.2728756,11.291448,1246.4646,1174.7358,976.9816,915.27637,1044.8862,1005.5877,828.8019,1132.4438,1168.7552
24013,388.3431535,11.29204,21586.549,23437.213,24048.047,21920.008,21820.197,21630.035,16724.287,20565.477,18330.945
24014,371.3165383,11.292114,60737.77,65795.25,66595.96,66957.73,63128.477,64931.266,63611.184,65342.812,63463.914
24160,565.569052,11.398444,222431.19,212888.84,207896,37424.58,12409.074,66369.11,19258.432,30290.314,297290.7
24273,473.3187369,11.436067,6186.0176,1616.8217,2087.0908,2152.7007,1332.0547,1532.3083,1933.2573,2027.398,1635.1257
24277,490.3455763,11.437858,2139.9668,613.3152,685.5652,728.59863,349.92935,477.39264,623.52576,658.4584,565.6325
24373,565.5690342,11.460751,44473.438,48478.96,75966.734,126723.95,81415.67,11816.622,8138.627,32033.037,51176.812
24347,569.3656304,11.484828,557.2497,3228.0898,435.46786,298.3566,1507.9226,1858.087,766.09424,548.8551,500.38434
24352,553.392146,11.486413,9182.901,31621.455,12733.544,14899.14,15148.577,18451.453,9601.226,9333.519,8979.546
24359,531.4094041,11.487842,53904.35,178716.08,72294.35,92502.6,89655.09,116911.45,55696.03,56541.406,53717.234
24365,533.4109584,11.4886875,3924.2676,14441.541,5205.039,6645.9404,6925.9473,8875.574,3798.7495,3754.8413,3724.9941
24374,555.3949914,11.490607,128.69402,2601.9202,308.35043,1076.1459,1096.6611,1425.8036,198.97473,476.80402,500.87384
24404,515.4145698,11.513292,5735.0776,5059.1895,5487.394,5801.545,4479.906,6958.8374,5728.451,5572.608,5276.517
24412,537.396011,11.516575,8726.671,7806.731,7046.0176,7862.888,4965.825,9079.503,8400.251,8148.5396,8071.4863
24532,142.0979453,11.571167,93992.51,89846.9,576408.3,487915.1,56046.742,414541.7,92792.88,524091.44,472366.38
24617,506.5287991,11.597652,0,0,22.481594,260304.55,63845.055,1289.1897,0,0,0
24605,663.4562814,11.599378,13670.557,4672.783,9900.04,15044.773,5814.045,14153.827,143.75674,65.37535,16811.71
24609,680.4829692,11.608158,16230.818,12602.083,8312.622,18515.586,7152.8027,14279.712,211.67136,266.26266,16081.661
24616,447.347958,11.621626,9642.599,9552.904,8554.035,9682.945,6014.915,8782.667,8031.6294,8606.012,8634.531
24629,144.9824632,11.634135,143460.19,387618.22,423754.53,85692.445,123712.05,114970.61,1303217.8,295909.44,198072.02
24643,217.105098,11.640176,41862.09,43833.227,45716.8,42990.125,43333.484,39744.445,40582.63,41898.484,39817.73
24636,226.951916,11.640176,183828.72,173310.19,174934.84,203485.75,174545.19,171210.78,147164.52,189199.38,169413.75
24631,115.0871829,11.640819,137000.69,140960.19,153410.14,131185.2,102848.51,15644.855,3558.4766,9723.527,23407.213
24645,242.9259924,11.640819,38790.652,38826.113,38532.633,39813.508,42628.855,33552.074,32915.594,40586.04,36560.438
24778,269.1490155,11.640819,5495.676,5605.9224,4139.7363,5315.375,4255.7686,4785.956,6153.076,2097.8296,5145.4946
24658,130.1593768,11.64146,130575.66,131078.28,140763.66,139822.1,125889.1,118121.1,120927.555,127757.49,122787.25
24676,124.0778709,11.641461,51442.543,47334.668,50214.508,50566.297,43494.63,45718.85,46395.47,49280.266,45304.043
24659,144.1135251,11.64146,49065.406,49158.4,51351.855,52187.062,48702.88,40707.816,48769.66,48565.336,51486.19
24660,166.1097621,11.64146,25733.605,28691.785,26522.94,32252.906,23651.559,25087.97,21853.484,26786.025,26218.084
24666,247.117674,11.64146,12582.104,11311.412,11043.498,17832.432,12839.248,12148.523,13080.583,4351.9097,12762.301
24675,261.1823505,11.64146,16060.569,15391.066,18944.953,17483.615,16088.964,17065.684,15808.614,18011.055,16509.525
24663,289.1780357,11.64146,7547.1035,5816.1396,8023.902,7352.96,8167.4453,7287.681,7078.0254,7085.9434,3120.5664
24805,371.230635,11.64146,4554.4204,5540.1685,5607.4624,5051.2417,5920.0894,4816.9155,2801.5232,3739.413,5019.9487
24635,247.1325297,11.642086,8862.18,9016.098,17729.617,4606.303,6602.725,17853.832,7818.4976,12344.549,1731.405
24669,140.0684207,11.642103,54975.66,49039.758,55319.043,58578.234,52324.61,51016.715,43302,53457.73,48669.703
24724,179.129177,11.642103,6904.6416,11823.807,13590.227,13635.866,13407.906,10070.704,11954.323,10689.776,8880.855
24816,192.1237936,11.642102,2329.4446,2380.7244,3071.1963,5067.0693,3789.247,6663.942,4537.8037,3339.2593,2251.1052
24670,206.1403754,11.642103,125352.08,117711.98,128891.87,149044,128452.875,127491.484,114405.03,123638.234,115546.58
24671,247.1670188,11.642103,9272574,9123849,9510683,10295452,8830691,8875417,8514040,9224970,8774440
24745,101.0716059,11.642745,1030075.9,591117.44,626971.3,1032195.94,528219.7,476908.8,577553.5,1015914.94,591397.56
24680,102.1283572,11.642747,393707.16,397564.97,420775.7,431797.34,365696.28,340293.56,370102.3,391364.97,386425.12
24701,124.0967144,11.642745,29811.172,33062.273,38716.023,35272.215,27054.287,27043.977,36301.453,30802.326,40460.016
24682,118.1231481,11.642747,629679.1,599526.9,629882.3,669077.25,576044.25,553205,589528,598842.9,593259.2
24683,124.0873736,11.642747,6190325.5,5865035,6129289.5,6593472,5823511.5,5665659.5,5485040,5862764,5671427.5
24703,162.102898,11.643389,12284.281,10590.053,10777.769,13538.086,12700.808,8969.091,10418.062,12577.068,11743.412
24691,173.078822,11.643388,13385.451,13452.252,14302.197,17553.984,15413.852,12846.063,14857.003,10114.972,14656.363
24699,164.1285347,11.64339,173666.16,119636.64,211982.83,236427.05,197914.12,157597.16,141147.5,222715.28,220267.55
24694,165.1138582,11.64339,1197018.5,1144241.2,1187687.2,1271919.1,1121222.4,1132077.9,1072604,1138448,1122602.1
24696,295.1670732,11.64339,16898.896,15058.083,13552.268,19869.396,16828.74,15292.145,7722.3804,14952.463,14599.29
24697,129.1027464,11.644032,10057.939,8490.295,7755.305,9625.598,10016.469,7834.938,6505.244,10867.532,10020.648
24705,150.1030695,11.644031,8760.451,10566.705,12346.108,12496.348,13743.919,10387.549,9239.36,9877.561,11183.23
24746,277.1049939,11.644031,2054.5156,5509.532,2573.3962,5866.2437,3945.8013,3451.098,4637.081,5422.423,2685.84
24709,330.204058,11.644032,48141.676,42915.445,47058.992,50633.164,49290.72,46669.184,42248.03,50266.734,45142.734
24773,107.0608328,11.644672,17946.156,40681.234,45888.152,45902.023,39432.855,42941.684,38369.46,39275.14,38784.863
24717,127.0870818,11.644674,41479.258,40060.01,41453,45261.992,40371.754,39700.2,39761.02,36826.117,39799.617
24793,139.0980757,11.644673,2684.7021,7150.3975,6498.007,2497.3574,2807.64,5160.7925,2338.2358,5638.3545,6372.635
24718,130.0978507,11.644674,57425.723,55082.094,57360.812,60982.145,55205.27,54266.246,54034.03,55357.99,53022.695
24723,151.0979225,11.644672,27760.91,25218.55,24502.879,27975.797,24154.447,14076.778,21201.207,24754.736,25042.014
24719,148.0871217,11.644673,67055.24,67235.58,63960.484,72594.4,63279.473,65438.367,53841.547,67738.1,61503.133
25058,177.1138983,11.644674,7209.8833,8318.209,5022.415,6533.1025,11276.174,8118.7783,10320.786,6237.711,7711.285
24714,207.1244282,11.644674,56888.246,50125.31,56191.566,60695.94,53298.87,54139.48,50175.883,54917.617,81441.484
24792,233.0793034,11.644674,7222.4746,5801.4443,6381.5557,6572.551,6643.3086,7540.3584,5666.8506,6904.514,8627.492
24736,118.0868117,11.645316,1949341.4,2166123.2,2285679.5,1164205.4,1110189,1066337.9,2274503.2,1086306.6,1047397.94
24729,110.0606434,11.645317,23577.322,20443.33,20180.129,21645.309,20153.854,20640.018,19834.068,20634.332,16908.613
24776,166.0979168,11.645317,140938.86,122748.17,240753.92,141593.1,122056.47,137333.69,129468.484,130229.234,133847.25
24730,213.1138565,11.645315,60011.62,61486.223,59002.11,68530.43,56229.22,62490.08,55351.83,58978,59859.945
24731,271.1670697,11.645315,69711.7,72045.33,71628.625,77432.016,74925.57,72558.25,61281.492,72275.03,67564.98
24733,340.9337605,11.645315,10890.681,11982.55,12252.704,12480.672,11720.593,10639.451,12297.316,9764.583,15014.476
24735,424.8970417,11.645315,30035.705,29275.234,30295.713,32953.887,33900.22,34823.664,28581.568,31183.26,30135.637
24748,109.076658,11.645958,35516.434,29525.28,30411.31,34358.5,31107.105,29097.697,28570.398,31392.375,31031.035
24749,110.0718379,11.645958,288907.62,283259.12,279727.47,307652.22,259211.2,266101.6,263077.78,275927.7,266618.03
24753,151.0869922,11.645958,24736.03,22115.34,21480.408,26444.836,24039.602,23060.965,20780.557,21752.72,21273.455
24754,156.0424886,11.645958,33825.727,31863.203,35903.492,39454.37,36344.906,35069.562,26110.148,31226.69,34670.324
24760,223.1190906,11.645958,12261.625,15162.95,13275.523,16771.09,10643.255,13928.285,13366.742,4789.355,14228.312
24761,225.1350658,11.645958,62330.55,64051.176,57234.26,77015.29,67749.31,71192.93,58545.438,59924.527,59332.777
24763,230.1404862,11.645958,4557782.5,4364150.5,4525845.5,4923643.5,4191509.5,4332819,4079533.5,4416823,4285064
25033,230.1641517,11.645958,29199.615,30224.588,29068.457,33790.812,27410.023,28078.05,26527.668,29685.832,28687.215
24766,244.1562944,11.645958,35166.848,31948.186,39205.473,39010.31,36388.094,36004.668,33149.695,37768.91,33403.39
24673,235.1192913,11.64596,4884.5786,4576.824,1835.7134,5791.725,3788.0762,5154.22,1466.6658,3423.9453,4209.3984
24767,272.1509378,11.645958,71887.66,64215.406,65223.03,73866.22,69624.37,64434.055,62270.223,66777.336,60500.87
24769,288.922109,11.645958,178185.45,168203.17,169290.48,160811.12,169607.92,187678.92,153453.52,159853.95,152398.92
24770,304.8957564,11.645958,42919.168,43630.227,45099.723,44621.14,43880.074,47505.883,39538.996,40140.45,42052.133
24771,306.8950656,11.645958,48604.242,56397.51,50849.734,50347.39,51907.92,53390.652,51583.582,50455.5,48964.59
24772,313.1777438,11.645958,40053.812,36006.074,43076.94,48752.01,41258.977,41717.332,37857.508,38673.867,35831.215
24774,356.909678,11.645958,52119.594,52988.45,50549.207,55747.996,58042.27,47773.742,45408.08,46781.414,52831.992
25072,372.8837438,11.645958,13127.727,12621.235,15100.694,14147.713,13743.548,13298.051,13671.843,13631.042,11002.37
24796,440.8712937,11.645958,6510.867,8510.68,8217.401,6461.123,8136.909,8865.026,7404.2417,9022.645,7284.1426
24782,113.0714297,11.646601,31735.482,29024.736,32065.725,33753.51,31128.348,26048.26,29419.682,31231.637,32509.523
24783,139.0505819,11.646601,192866.39,186877.9,201230.03,200833.45,189618.75,192223.9,185868.67,189451.64,184956.62
24784,149.0826486,11.646601,21191.234,17899.568,17708.828,19955.469,21625.154,18762.139,16953.338,18830.717,18722.797
24983,167.0819694,11.646601,19498.74,16231.901,18108.215,20042.812,18871.479,8257.548,2798.7205,6293.122,9410.263
24785,175.0982459,11.646601,14913.466,15010.147,13428.771,18519.459,15401.608,17525.893,14050.329,15541.449,16025.756
24742,173.0676581,11.646603,4095.058,3975.4187,4981.02,5425.7695,8355.524,8112.133,3590.9287,6566.152,5543.4136
24832,204.9577976,11.646603,4736.8887,1937.294,3437.6787,2437.5288,5658.4375,4821.0835,5844.0938,4214.9873,5008.9033
24794,220.9349942,11.6472435,164420.7,173178.97,173536.11,155445.25,165691.36,168928.81,161397.25,154619.23,158438.55
24795,238.9076468,11.6472435,35260.445,37672.707,35848.426,33578.465,36925.492,38490.14,33857.414,36561,33791.086
24803,121.0401779,11.647885,225796.56,214848.19,224908.05,232042.17,210849.69,224397.64,208044.86,217369.94,215880.34
24836,256.1761086,11.647885,7286.633,4402.826,10029.018,3632.984,3077.1077,9469.212,5027.885,4924.6455,6998.531
24861,300.2024054,11.647885,22791.504,25875.48,24506.582,6923.6543,29592.27,28530.637,22830.922,7225.1006,23773.834
24808,402.9035464,11.647885,10728.498,13962.256,11754.023,9395.595,13806.703,12974.783,12070.323,12567.096,9970.121
24812,184.1085138,11.648527,52449.72,49695.773,55737.074,64402.89,47785.51,54085.953,47646.61,50766.19,53693.05
24846,201.1137815,11.648527,2654.367,1506.255,2649.911,5373.165,4101.4634,1665.1182,2793.0547,2177.2593,4330.384
24837,278.1400263,11.648533,10557.05,6488.9873,5795.2334,1940.8092,7406.7964,5826.1147,5785.3564,2372.8735,6805.587
24815,322.8693167,11.648538,10183.639,9147.824,12999.145,10646.416,7569.541,8563.186,7195.3623,8769.634,1457.7228
25059,122.0719049,11.649171,11930.946,11048.574,8748.32,12770.993,11138.911,8297.222,5425.1006,3721.074,6401.1504
24739,254.8818999,11.649171,1977.4199,1252.5464,1736.6833,1044.0635,6288.924,4463.0864,920.0508,4555.6157,1759.7642
24842,134.0717253,11.649189,2177.5337,8306.705,1736.5349,8816.933,3650.9138,7801.6895,6461.1196,4088.7449,3646.6318
24841,239.1494899,11.649812,43359.336,31136.812,35341.633,40254.703,39493.87,35428.473,30404.295,29625.914,28934.67
25030,166.0869469,11.650078,11891.059,2856.9946,2034.0421,6119.63,3008.2825,12275.779,1253.8208,2203.226,5455.8003
24834,150.1128687,11.650455,30252.555,32498.676,45168.09,28071.416,44395.53,39790.668,96509.125,28978.152,38865.08
24826,236.9085604,11.650455,7752.976,7462.6445,10570.736,6299.144,7075.48,10599.71,9528.248,5489.7974,6398.4834
24781,254.1401625,11.650456,2157.562,6195.0776,5984.4517,5227.5537,3029.9768,3628.6863,2170.424,4390.7285,3569.3433
24829,418.8801276,11.650455,28974.846,34363.176,29625.588,29160.377,33678.23,36190.164,29312.086,33173.277,31101.455
24821,125.0714058,11.651098,261219.53,391728.94,421933.22,253516.2,414915.5,406329.84,197842.14,232165.5,397083.9
24838,193.9740613,11.651741,139663.78,144777.52,141978.89,128516.73,143619.62,131633.94,139541.34,137211.84,133355.7
24856,283.1757388,11.651745,4139.911,8729.722,11664.106,7147.2734,15607.223,2332.895,4063.7568,12479.188,4684.9062
24839,334.914373,11.651741,27444.719,32858.41,31807.924,28703.584,29709.441,32394.758,31475.275,30331.465,28381.193
25054,206.0908143,11.652077,5654.5303,2301.9478,3196.6145,6576.89,5008.0273,5240.089,4255.178,2371.8076,2264.1543
24845,207.0178558,11.652384,28756.348,36051.477,32324.88,26833.27,36715.457,32619.834,40312.96,32242.137,33294.184
24852,111.0208242,11.653026,254515.3,298418.25,267008.16,190696.02,251923.33,251583.73,301204.22,240361.2,258824.97
24853,152.9474424,11.653026,122036.46,129648.23,128459.11,127498.99,131714.77,141197.94,129530.06,130242.75,117244.445
24864,112.0184959,11.653668,110923.85,129998.94,124327.29,85763.305,103590.51,113778.16,144536.11,108174.76,112207.2
24865,152.0364548,11.653667,31868.26,28673.484,29725.21,21138.082,28515.736,27645.7,27893.965,24331.12,24088.436
24866,151.0356199,11.653668,266640.94,277349.3,271443.97,264749.53,266867.3,272973.34,265664.53,255403.84,254547.08
24880,167.9868662,11.653667,6937.534,14758.935,9548.218,5041.228,10121.929,8407.651,11440.308,8982.427,9556.1
24854,192.0622128,11.653667,6648.406,9263.895,6247.9775,6633.6826,10444.0625,2253.009,9354.359,3915.3057,5604.9126
24887,152.0709903,11.653685,3583.4604,2046.2861,13358.352,3493.3652,14618.406,9433.387,1183.1777,7693.827,4767.9717
24882,154.0052086,11.656239,14006.129,12073.724,7257.5146,23144.49,22419.275,23397.234,8333.491,11726.476,7513.1562
25129,298.9660583,11.656238,13371.415,16427.926,15321.969,13362.73,16163.736,15643.681,17085.707,12042.481,14811.841
24901,112.9790415,11.65688,28210.482,29496.436,13377.8545,42403.832,40234.31,45154.426,14792.307,26695.773,27144.969
24893,115.964643,11.65688,45301.75,76336.03,59203.297,47332.504,78406.21,57067.453,58727.51,65889.54,70798.836
24890,129.9794734,11.65688,17387.164,19185.525,14699.791,18303.492,20212.447,19784.697,15668.553,17127.041,10821.33
24932,138.0666345,11.657009,10931.04,9599.1455,2975.445,3879.5603,10085.735,5465.969,2046.6354,1366.1582,3652.5186
24904,125.9866854,11.657523,1070027.2,1130468.1,1102599.5,1103185.2,1128008.6,1087518.9,1098333.5,1051289.8,1067490.5
24905,139.9882263,11.657523,973486.44,1031161.9,1029338.75,953348,980656.1,987860.5,982301.56,950868.4,920316.56
24906,141.9836847,11.657523,404654.47,421733.03,418311.56,384702.5,402197.62,410894.12,406563.8,389707.38,384198.1
24907,143.9971481,11.657523,119835.86,145328.19,133251.55,171023.44,182110.98,167953.55,140133.81,143337.14,136007.81
24908,167.0132009,11.657523,997878.75,1021744.7,1023940.25,962473.2,994252.25,972196.75,971858.9,962790.94,961268.56
24909,185.0237882,11.657523,123270.58,125744.336,95848.945,123957.55,129389.56,125833.336,124914.305,114317.195,121524.59
24952,202.9965439,11.657523,5922.199,6840.674,23938.004,5066.2324,21629.139,28084.613,17618.812,25336.89,21249.287
24911,255.9445504,11.657523,102857.37,112604.44,110431.81,96219.12,104488.28,105825.11,104497.09,104854.77,99393.05
24912,273.9173669,11.657523,90545.85,97256.08,89779.83,81241.71,85995.62,91524.2,92536.18,86199.98,81011.23
24913,282.9054761,11.657523,56852.504,62646.074,65447.48,57653.555,56346.23,56447.81,57423.88,55077.703,57323.316
24916,300.9160844,11.657523,25825.814,30046.049,29920.428,28440.473,25281.572,28745.918,31468.758,29998.758,27135.715
24941,156.990985,11.658164,25278,26155.074,28358.344,26205.117,13192.595,34438.605,28771.605,23093.912,26432.23
24921,143.9592645,11.658166,163574.69,189451.17,200021.44,169520.92,189220.75,145413.1,112320.19,169603.45,171322.44
24922,184.9859661,11.658164,883504.3,961305.8,979631.8,911899.06,967167.2,938827.56,946862.94,893296.4,914601.44
24924,314.9439383,11.658164,74632.63,78315.5,84788.53,75124.94,80349.91,77851.05,80443.05,73776.28,68445.69
24933,171.0059983,11.658808,23113.846,14951.077,24029.299,15372.457,22666.725,12426.957,21116.166,4788.393,22617.46
24934,181.0148189,11.658807,59704.81,64186.598,62129.605,62269.914,60782.727,61768.93,63547.3,62727.07,55199.05
24935,186.9814118,11.658807,353244.16,378936.12,381721.5,352540.47,380675.97,374110.94,375578.56,352506.44,352610.44
24937,336.1936998,11.658807,114463.34,114834.21,106034.89,125683.05,125662.01,124966.06,95101.84,107395.086,107072.76
24946,100.9574104,11.659468,66792.734,54892.992,54770.215,53765.164,63967.5,65633.79,69458.8,69907.39,52378.17
24963,118.9679199,11.660091,26690.592,37264.465,35694.04,6980.199,69668.984,68843.53,34811.707,24416.123,31451.271
24960,188.9788794,11.660734,46010.938,50911.484,52846.082,32320.85,45187.188,40928.957,38947.43,34536.01,42256.793
24962,161.9699135,11.660763,33109.066,33712.465,45940.047,10359.865,36501.23,46081.883,38581.246,6654.831,29072.66
24961,145.9546927,11.661376,39478.29,69137.28,68515.484,42032.93,52468.527,63072.7,66515.39,44753.81,43938.496
24975,142.9917489,11.66271,30684.793,34498.14,31011.727,29708.81,38791.164,41595.445,26848.049,27222.059,42438.203
25019,145.9806775,11.671044,7909.5825,11274.073,12426.686,10507.96,14307.633,15940.867,2976.0215,5542.9863,10469.198
25116,172.9568875,11.737114,57014.6,67015.21,63567.97,59098.914,51940.312,52484.55,59156.062,52094.77,61180.805
25151,184.003268,11.749775,2630.356,2444.692,2456.8738,2738.0166,2197.625,2426.6267,2181.3967,2516.9326,2138.123
25146,142.9767223,11.756511,1830.1956,1833.9635,1581.0227,1596.5051,1832.6753,1730.9624,1640.6205,1747.6079,1679.9916
25152,199.9758577,11.759836,22298.896,19369.72,24482.66,20410.8,21101.73,23176.127,22811.012,21670.262,22368.674
25154,158.9491822,11.76067,1404.896,1996.1678,1630.6768,1122.9138,1212.9026,1386.052,1715.7427,1507.4797,1051.8137
25178,138.9956745,11.774227,82798.09,86735.54,89746.64,67021.87,64003.285,65176.785,87824.82,82919.7,81825.61
25182,143.1546776,11.775162,4194.9688,3274.2053,3064.6343,3627.31,3474.2793,2703.1282,4219.1284,3538.2507,3370.337
25191,126.1282269,11.778127,7679.969,9482.124,7572.3135,9228.601,9605.653,8630.699,9581.295,8588.485,9507.095
25205,160.1812044,11.783356,95097.4,100760.69,87869.695,87356.51,82316.83,93951.836,90256.23,90834.336,94324.73
25229,209.9465041,11.79328,83859.32,82757.7,79322.98,64937.19,70545.516,73278.78,19937.52,74465.9,76440.85
25234,327.8820923,11.797989,16253.682,18893.451,19418.23,12929.498,15013.759,15300.486,18682.496,18501.797,2244.2378
25235,154.9905869,11.798107,241592.88,253631.16,267403.75,222047.88,231071.69,236611.8,256576.95,245302.06,256915.55
25251,146.0815316,11.803956,1059771.9,989702.94,1049094.9,1175342.9,862849.9,831113.1,1130525.5,1020919.75,1022252.6
25252,182.9856491,11.804147,2590916.2,2640090.2,2950549.5,2413212.2,2483908.8,2837729,2728914.8,2513786,2765085.2
25254,180.9902653,11.804819,144752.36,163160.94,157180.36,136495.69,155529.78,144768.1,167267.38,161833.94,162880.05
25265,144.9825251,11.805345,939614.25,947292.7,256421.94,1095951.2,1070473.5,1029534.8,616090.4,1047606.9,1037369.94
25270,146.9806775,11.812877,457329.97,443716.72,382519.94,513547.25,499644.75,481062.72,453301.78,461591.97,491374.62
25279,328.9160611,11.815554,76879.15,83266.58,81548.06,63817.21,63820.12,64929.613,83718.42,75890.91,78176.64
25284,103.9561983,11.81686,226129.95,239214.38,243441.17,212811.17,203006.89,199616.11,243005.4,236806.8,235152.17
25289,105.9543732,11.818902,105705.33,101054.36,102271.85,93513.47,97152.54,86631.9,102477.164,104567.945,99896.64
25301,121.9667013,11.822231,185028,186106.28,187283.9,173467.78,167937.28,161240.94,184031.53,183033.67,183376
25311,287.889181,11.828954,113896.46,121412.8,141700.52,96661.11,124073.25,106855.625,129603.914,101001.98,130581.75
25312,200.9962811,11.829593,135580.95,140909.08,144774.83,118236.96,117485.48,118059.35,138431.69,121390.945,140647.73
25315,123.9648728,11.830272,87986.086,86047.734,90389.75,79732.15,81365.69,75349.95,86929.51,87130.39,89456.37
25347,165.9833575,11.830842,17092.102,3968.004,13550.593,19835.348,6346.2856,25247.857,15271.778,5039.4883,2576.6465
25323,286.8553903,11.833813,30083.135,30266.084,31989.273,24613.102,29138.068,25873.787,32028.691,20910.033,30766.818
25328,305.8999701,11.83599,87436.7,91906.914,100447.4,80156.74,85724.99,84152.09,85830.26,86554.164,86292.49
25331,139.9636292,11.837965,102793.14,132085.23,124800.98,101742.11,118434.375,140139.12,108530.64,130159.59,110416.55
25343,246.8625423,11.842223,18569.678,20627.025,22812.092,15019.9,17394.469,17720.105,21165.229,15741.415,19998.123
25348,141.9589959,11.844023,2415363.5,2375010.8,2864600,1856207.4,2326886.2,2897946.5,2451939.8,2231412.2,2971753.5
25359,113.9642569,11.850957,713148.75,755436,768294.6,794751.94,969417.7,752475.7,683950,608457.4,795917.7
25403,248.901152,11.87323,52917.81,64657.59,79936.42,62185.043,83084.86,65334.723,76708.87,74624.81,62634.77
25422,159.969582,11.8788185,1215817.2,1444608.5,1058877.4,1133523,1327338.2,1193869.9,1398100.5,1283678.1,1294554
25425,140.951637,11.879638,119483.266,114739.95,101282.34,125135.29,140251.2,123395.44,85073.484,112737.38,112274.52
25476,131.9746351,11.900454,167748.84,171034,157561.78,136715.83,161546.5,142956.12,172198.7,152666.4,165570.92
25528,172.0010371,11.947393,88.761246,115.85568,284.62543,58.37671,35.88719,26.42043,394.43912,98.19116,201.86914
25641,167.0058696,12.026807,543.96643,255.03595,90.699936,23.751385,167.18289,60.424046,76.79006,180.92099,131.81107
25699,153.9331798,12.053085,77.8636,335.58472,394.55664,253.13864,317.60806,554.3935,335.47726,181.93124,232.26996
25655,131.9511144,12.074983,187.75092,99.82683,256.037,346.73328,235.2627,94.29092,84.67273,149.41989,518.9599
25731,276.8974075,12.121236,433621.25,377032,492527.75,438702.9,458837.84,451356.6,382576.94,352273.34,410766.34
25821,130.9568241,12.236724,1640.7856,972.41534,697.78125,1881.3525,8798.927,1020.6315,1612.9823,544.5551,895.9071
25906,303.8839312,12.264877,168142.16,26413.082,207281.44,35145.535,16594.82,45856.426,6379.678,55272.945,168120.23
26059,303.8839234,12.317318,40207.996,51132.133,45441.758,13536.406,51846.285,57260.79,172972.6,54113.934,54791.098
26039,130.9572214,12.334163,586.32086,4170.5205,3713.672,3699.5332,1089.8741,1911.7313,1690.8779,2673.5254,721.28705
26156,130.9568353,12.403466,955.92316,627.77124,691.41235,1762.4805,2662.364,978.5748,4057.0645,2673.5254,721.28705
26263,408.7883889,12.441027,444.35977,492.62878,166.97203,145.04456,104.54082,251.8449,163.47147,272.27176,420.98483
26256,392.8159901,12.450195,3550.5212,556.4395,207.39331,1406.7274,354.67456,1142.7013,828.7237,491.6731,166.83478
26349,130.9571564,12.513203,1075.3578,2775.0273,1508.4357,3203.0498,349.45654,2128.2983,935.7407,1113.0986,4893.116
26520,178.1310311,12.692631,70.32915,316.18552,182.92418,147.13243,148.09862,178.58633,182.22617,118.24628,66.830765
26603,130.9767451,12.70456,1617.5875,1645.2627,1246.76,613.5891,3206.5193,280.12335,1766.596,1265.7217,403.68677
26605,130.9569983,12.728297,377.5277,4667.5483,624.7426,1585.23,1167.1033,670.8977,3203.5276,3381.5525,1832.8138
