"","peak_id","Feature","mz","ret","int","group_id","family_id","adducts","connected_to","keep_rep","status"
"2572","2555","21390","1,290.6301","9.751","423.9","158","158_1_F1","2M+NH4; M+NH4","[21379]; [21379]","true","keep_rep"
"2573","2553","21379","1,295.5864","9.749","372.4","158","158_1_F1","2M+Na; M+Na","[21390]; [21390]","false","filtered"
"2570","1546","8393","531.2060","3.731","5,082.2","157","157_1_F1","M+H","[8537]","true","keep_rep"
"2571","1571","8537","609.2237","3.779","620.0","157","157_1_F1","M+DMSO+H","[8393]","false","filtered"
"2567","1815","9973","1,057.5182","4.405","3,352.5","156","156_1_F1","2M+ACN+H; 2M+H; M+2H; M+3H; M+ACN+H; M+H; M+Na","[9974]; [9974, 9975]; [9974]; [9974]; [9974]; [9974, 9975]; [9974]","true","keep_rep"
"2568","1840","9975","1,074.5454","4.419","2,027.3","156","156_1_F1","2M+NH4; M+NH4","[9973, 9974]; [9973, 9974]","false","filtered"
"2569","1813","9974","1,079.5028","4.404","1,046.0","156","156_1_F1","2M+ACN+Na; 2M+Na; M+2Na; M+2Na-H; M+3Na; M+ACN+Na; M+Na","[9973]; [9973, 9975]; [9973]; [9973]; [9973]; [9973]; [9973, 9975]","false","filtered"
"2565","2554","21393","977.9383","9.749","339.6","155","155_1_F1","2M+Na; M+Na","[21387]; [21387]","true","keep_rep"
"2566","2556","21387","972.9820","9.751","293.0","155","155_1_F1","2M+NH4; M+NH4","[21393]; [21393]","false","filtered"
"2563","2549","21225","975.5658","9.689","2,501.9","154","154_1_F1","2M+Na; M+Na","[21209]; [21209]","true","keep_rep"
"2564","2548","21209","970.6115","9.678","1,782.3","154","154_1_F1","2M+NH4; M+NH4","[21225]; [21225]","false","filtered"
"2561","1486","7807","962.5005","3.518","2,161.1","153","153_1_F1","2M+NH4; M+NH4","[7790]; [7790]","true","keep_rep"
"2562","1481","7790","967.4506","3.499","391.2","153","153_1_F1","2M+Na; M+Na","[7807]; [7807]","false","filtered"
"2555","1793","10006","887.9173","4.391","4,921.0","152","152_1_F1","M+2H; M+H+NH4; M+H+Na","[10061, 9972]; [10022]; [10061]","true","keep_rep"
"2556","1811","9972","896.4304","4.404","1,356.7","152","152_1_F1","2M+NH4; M+H+NH4; M+NH4","[10022]; [10006, 10061]; [10022]","false","filtered"
"2557","1800","9937","881.8789","4.402","709.1","152","152_1_F1","2M+H; M+H; M+H+NH4","[10061]; [10061]; [10072]","false","filtered"
"2558","1830","10022","901.3809","4.408","662.0","152","152_1_F1","2M+NH4; 2M+Na; M+2Na; M+H+Na; M+NH4; M+Na","[10072]; [9972]; [10006]; [10061]; [10072]; [9972]","false","filtered"
"2559","1820","10061","898.9019","4.406","574.9","152","152_1_F1","2M+NH4; M+2Na; M+H+NH4; M+H+Na; M+NH4","[9937]; [10006]; [10022]; [10006, 9972]; [9937]","false","filtered"
"2560","1819","10072","884.3524","4.406","180.0","152","152_1_F1","2M+H; M+H; M+H+Na","[10022]; [10022]; [9937]","false","filtered"
"2552","1681","9144","934.5391","4.017","1,278.2","151","151_1_F1","2M+NH4; M+NH4","[9137, 9146]; [9137, 9146]","true","keep_rep"
"2553","1676","9137","939.4943","4.013","655.7","151","151_1_F1","2M+ACN+Na; 2M+Na; M+2Na; M+2Na-H; M+3Na; M+ACN+Na; M+Na","[9146]; [9144, 9146]; [9146]; [9146]; [9146]; [9146]; [9144, 9146]","false","filtered"
"2554","1680","9146","917.5128","4.017","175.9","151","151_1_F1","2M+ACN+H; 2M+H; M+2H; M+3H; M+ACN+H; M+H; M+Na","[9137]; [9137, 9144]; [9137]; [9137]; [9137]; [9137, 9144]; [9137]","false","filtered"
"2550","1937","10730","821.3618","4.722","634.2","150","150_1_F1","2M+ACN+H; 2M+H; M+2H; M+3H; M+ACN+H; M+H; M+Na","[10719]; [10719]; [10719]; [10719]; [10719]; [10719]; [10719]","true","keep_rep"
"2551","1920","10719","843.3463","4.714","151.4","150","150_1_F1","2M+ACN+Na; 2M+Na; M+2Na; M+2Na-H; M+3Na; M+ACN+Na; M+Na","[10730]; [10730]; [10730]; [10730]; [10730]; [10730]; [10730]","false","filtered"
"2548","1913","10623","796.4136","4.704","2,408.3","149","149_1_F1","2M+NH4; M+NH4","[10630]; [10630]","true","keep_rep"
"2549","1914","10630","801.3684","4.706","452.1","149","149_1_F1","2M+Na; M+Na","[10623]; [10623]","false","filtered"
"2544","1386","7171","832.4349","3.246","2,577.7","148","148_1_F1","2M+NH4; M+NH4","[7170, 7173, 7176]; [7170, 7173, 7176]","true","keep_rep"
"2545","1385","7170","815.4085","3.246","534.2","148","148_1_F1","2M+ACN+H; 2M+H; M+2H; M+3H; M+ACN+H; M+H; M+K; M+Na","[7176]; [7171, 7173, 7176]; [7176]; [7176]; [7176]; [7171, 7173, 7176]; [7173]; [7176]","false","filtered"
"2546","1390","7176","837.3898","3.248","466.2","148","148_1_F1","2M+ACN+Na; 2M+Na; M+2Na; M+2Na-H; M+3Na; M+ACN+Na; M+Na","[7170]; [7170, 7171, 7173]; [7170]; [7170]; [7170]; [7170]; [7170, 7171, 7173]","false","filtered"
"2547","1387","7173","853.3641","3.246","143.1","148","148_1_F1","2M+K; M+2K-H; M+K","[7170, 7171, 7176]; [7170]; [7170, 7171, 7176]","false","filtered"
"2542","1600","8682","788.4812","3.824","812.0","147","147_1_F1","2M+NH4; M+NH4","[8655]; [8655]","true","keep_rep"
"2543","1596","8655","793.4358","3.818","221.2","147","147_1_F1","2M+Na; M+Na","[8682]; [8682]","false","filtered"
"2540","2021","11298","784.4496","4.965","1,201.8","146","146_1_F1","2M+NH4; M+NH4","[11300]; [11300]","true","keep_rep"
"2541","2022","11300","789.4057","4.967","260.9","146","146_1_F1","2M+Na; M+Na","[11298]; [11298]","false","filtered"
"2538","1869","10352","784.4499","4.548","1,243.8","145","145_1_F1","2M+NH4; M+NH4","[10353]; [10353]","true","keep_rep"
"2539","1870","10353","789.4051","4.550","693.8","145","145_1_F1","2M+Na; M+Na","[10352]; [10352]","false","filtered"
"2533","1732","9382","800.4451","4.140","59,926.7","144","144_1_F1","2M+NH4; M+NH4","[9363, 9364, 9365]; [9363, 9364, 9365]","true","keep_rep"
"2534","1725","9364","805.3999","4.139","11,986.8","144","144_1_F1","2M+ACN+Na; 2M+Na; M+2Na; M+2Na-H; M+3Na; M+ACN+Na; M+Na","[9363]; [9363, 9365, 9382]; [9363]; [9363]; [9363]; [9363]; [9363, 9365, 9382]","false","filtered"
"2535","1743","9478","451.2489","4.176","4,318.6","144","144_1_F1","M+DMSO+H","[9363]","false","filtered"
"2536","1726","9365","821.3762","4.139","2,302.3","144","144_1_F1","2M+K; M+2K-H; M+K","[9363, 9364, 9382]; [9363]; [9363, 9364, 9382]","false","filtered"
"2537","1724","9363","783.4182","4.139","1,203.7","144","144_1_F1","2M+ACN+H; 2M+H; 2M+K; M+2H; M+3H; M+ACN+H; M+H; M+K; M+Na","[9364]; [9364, 9365, 9382]; [9478]; [9364]; [9364]; [9364]; [9364, 9365, 9382]; [9365]; [9364]","false","filtered"
"2529","2087","11764","784.4499","5.202","41,290.0","143","143_1_F1","2M+NH4; M+NH4","[11753, 11772, 11773]; [11753, 11772, 11773]","true","keep_rep"
"2530","2088","11772","789.4050","5.204","5,439.1","143","143_1_F1","2M+ACN+Na; 2M+Na; M+2Na; M+2Na-H; M+3Na; M+ACN+Na; M+Na","[11753]; [11753, 11764, 11773]; [11753]; [11753]; [11753]; [11753]; [11753, 11764, 11773]","false","filtered"
"2531","2089","11773","805.3786","5.204","990.6","143","143_1_F1","2M+K; M+2K-H; M+K","[11753, 11764, 11772]; [11753]; [11753, 11764, 11772]","false","filtered"
"2532","2084","11753","767.4236","5.200","912.7","143","143_1_F1","2M+ACN+H; 2M+H; M+2H; M+3H; M+ACN+H; M+H; M+K; M+Na","[11772]; [11764, 11772, 11773]; [11772]; [11772]; [11772]; [11764, 11772, 11773]; [11773]; [11772]","false","filtered"
"2526","2372","14676","694.4046","6.564","1,838.6","142","142_1_F1","2M+NH4; M+CH3OH+H; M+NH4","[14677]; [14670]; [14677]","true","keep_rep"
"2527","2374","14677","699.3586","6.580","540.3","142","142_1_F1","2M+Na; M+Na","[14676]; [14676]","false","filtered"
"2528","2373","14670","236.2235","6.567","71.0","142","","M+H+2Na","[14676]","false","kept (no corr-family)"
"2523","2400","15072","694.4032","6.746","11,862.4","141","141_1_F1","2M+NH4; M+NH4","[15062, 15064]; [15062, 15064]","true","keep_rep"
"2524","2398","15062","699.3584","6.744","4,290.8","141","141_1_F1","2M+Na; M+Na","[15064, 15072]; [15064, 15072]","false","filtered"
"2525","2399","15064","715.3322","6.744","397.9","141","141_1_F1","2M+K; M+K","[15062, 15072]; [15062, 15072]","false","filtered"
"2521","2028","11339","698.1837","4.983","492.7","140","140_1_F1","2M+Na; M+Na","[11340]; [11340]","true","keep_rep"
"2522","2029","11340","714.1567","4.983","121.9","140","140_1_F1","2M+K; M+K","[11339]; [11339]","false","filtered"
"2519","1994","11067","417.2431","4.862","17,231.7","139","139_1_F1","M+IsoProp+Na+H","[11116]","true","keep_rep"
"2520","2004","11116","351.2163","4.874","4,646.4","139","139_1_F1","M+NH4","[11067]","false","filtered"
"2517","1376","7032","682.4033","3.196","1,068.1","138","138_1_F1","2M+NH4; M+NH4","[7034]; [7034]","true","keep_rep"
"2518","1379","7034","687.3587","3.198","264.7","138","138_1_F1","2M+Na; M+Na","[7032]; [7032]","false","filtered"
"2515","1715","9306","678.3719","4.104","1,878.1","137","137_1_F1","2M+NH4; M+NH4","[9308]; [9308]","true","keep_rep"
"2516","1716","9308","683.3272","4.106","347.0","137","137_1_F1","2M+Na; M+Na","[9306]; [9306]","false","filtered"
"2513","2491","16876","672.4190","7.522","1,618.5","136","136_1_F1","2M+NH4; M+NH4","[16877]; [16877]","true","keep_rep"
"2514","2492","16877","677.3739","7.522","687.5","136","136_1_F1","2M+Na; M+Na","[16876]; [16876]","false","filtered"
"2510","1688","9167","654.3875","4.033","2,553.7","135","135_1_F1","2M+NH4; M+NH4","[9166, 9168]; [9166, 9168]","true","keep_rep"
"2511","1689","9168","659.3433","4.033","963.5","135","135_1_F1","2M+Na; M+Na","[9166, 9167]; [9166, 9167]","false","filtered"
"2512","1687","9166","675.3184","4.033","312.8","135","135_1_F1","2M+K; M+K","[9167, 9168]; [9167, 9168]","false","filtered"
"2508","1473","7752","640.2637","3.473","847.8","134","134_1_F1","2M+NH4; M+NH4","[7753]; [7753]","true","keep_rep"
"2509","1474","7753","661.1931","3.473","162.2","134","134_1_F1","2M+K; M+K","[7752]; [7752]","false","filtered"
"2506","1769","9702","643.3479","4.299","744.5","133","133_1_F1","2M+Na; M+Na","[9703]; [9703]","true","keep_rep"
"2507","1770","9703","659.3219","4.299","264.7","133","133_1_F1","2M+K; M+K","[9702]; [9702]","false","filtered"
"2504","1326","6740","641.2241","3.076","688.8","132","132_1_F1","2M+Na; M+Na","[6743]; [6743]","true","keep_rep"
"2505","1327","6743","636.2676","3.078","213.8","132","132_1_F1","2M+NH4; M+NH4","[6740]; [6740]","false","filtered"
"2499","2077","11629","634.3612","5.135","56,998.9","131","131_1_F1","2M+NH4; M+NH4","[11631, 11632]; [11631, 11632]","true","keep_rep"
"2500","2078","11631","639.3165","5.135","11,294.9","131","131_1_F1","2M+Na; M+ACN+Na; M+Na","[11629, 11632]; [11616]; [11629, 11632]","false","filtered"
"2501","2075","11616","636.3659","5.131","5,772.4","131","131_1_F1","2M+NH4; M+IsoProp+H; M+NH4","[11633]; [11631]; [11633]","false","filtered"
"2502","2079","11632","655.2904","5.135","2,863.6","131","131_1_F1","2M+K; M+K","[11629, 11631]; [11629, 11631]","false","filtered"
"2503","2080","11633","657.2935","5.135","402.7","131","131_1_F1","2M+K; M+K","[11616]; [11616]","false","filtered"
"2497","2499","17115","622.3826","7.617","1,133.4","130","130_1_F1","2M+NH4; M+NH4","[17113]; [17113]","true","keep_rep"
"2498","2498","17113","627.3380","7.615","470.7","130","130_1_F1","2M+Na; M+Na","[17115]; [17115]","false","filtered"
"2491","1966","10946","654.3872","4.846","38,066.2","129","129_1_F1","2M+NH4; M+NH4","[10931, 10935]; [10931, 10935]","true","keep_rep"
"2492","1965","10935","659.3429","4.842","4,616.8","129","129_1_F1","2M+Na; M+K; M+Na","[10931, 10946]; [11129]; [10931, 10946]","false","filtered"
"2493","1984","11129","620.3842","4.859","1,908.0","129","129_1_F1","2M+NH4; M+; M+NH4","[11132]; [10935]; [11132]","false","filtered"
"2494","1964","10931","675.3156","4.837","528.5","129","129_1_F1","2M+K; M+2ACN+H; M+K","[10935, 10946]; [11080]; [10935, 10946]","false","filtered"
"2495","1963","11080","1,185.5207","4.836","497.1","129","129_1_F1","2M+H","[10931]","false","filtered"
"2496","2002","11132","603.3550","4.872","448.5","129","129_1_F1","2M+H; M+H","[11129]; [11129]","false","filtered"
"2489","2422","15636","620.3665","7.003","2,255.8","128","128_1_F1","2M+NH4; M+NH4","[15637]; [15637]","true","keep_rep"
"2490","2423","15637","625.3222","7.003","545.9","128","128_1_F1","2M+Na; M+Na","[15636]; [15636]","false","filtered"
"2486","2439","15916","620.3667","7.125","5,807.1","127","127_1_F1","2M+NH4; M+NH4","[15897, 15903]; [15897, 15903]","true","keep_rep"
"2487","2437","15903","625.3220","7.121","2,019.2","127","127_1_F1","2M+Na; M+Na","[15897, 15916]; [15897, 15916]","false","filtered"
"2488","2436","15897","641.2965","7.121","162.5","127","127_1_F1","2M+K; M+K","[15903, 15916]; [15903, 15916]","false","filtered"
"2484","2565","22311","639.2837","10.195","2,428.3","126","126_1_F1","2M+ACN+H; 2M+H; M+2H; M+3H; M+ACN+H; M+H; M+Na","[22319]; [22319]; [22319]; [22319]; [22319]; [22319]; [22319]","true","keep_rep"
"2485","2566","22319","661.2655","10.199","354.8","126","126_1_F1","2M+ACN+Na; 2M+Na; M+2Na; M+2Na-H; M+3Na; M+ACN+Na; M+Na","[22311]; [22311]; [22311]; [22311]; [22311]; [22311]; [22311]","false","filtered"
"2482","2475","16374","339.1944","7.340","3,133.1","125","125_1_F1","M+2Na-H","[16388]","true","keep_rep"
"2483","2470","16388","333.1829","7.302","228.8","125","125_1_F1","M+K","[16374]","false","filtered"
"2480","1209","6080","611.2122","2.802","624.3","124","124_1_F1","2M+Na; M+Na","[6038]; [6038]","true","keep_rep"
"2481","1202","6038","606.2562","2.793","406.2","124","124_1_F1","2M+NH4; M+NH4","[6080]; [6080]","false","filtered"
"2478","1753","9540","602.2649","4.206","7,532.4","123","123_1_F1","2M+NH4; M+NH4","[9549]; [9549]","true","keep_rep"
"2479","1755","9549","607.2206","4.209","706.1","123","123_1_F1","2M+Na; M+Na","[9540]; [9540]","false","filtered"
"2476","2557","21486","625.2678","9.799","3,778.9","122","122_1_F1","2M+ACN+H; 2M+H; M+2H; M+3H; M+ACN+H; M+H; M+Na","[21487]; [21487]; [21487]; [21487]; [21487]; [21487]; [21487]","true","keep_rep"
"2477","2558","21487","647.2498","9.799","362.2","122","122_1_F1","2M+ACN+Na; 2M+Na; M+2Na; M+2Na-H; M+3Na; M+ACN+Na; M+Na","[21486]; [21486]; [21486]; [21486]; [21486]; [21486]; [21486]","false","filtered"
"2474","2507","17490","598.3816","7.818","861.2","121","121_1_F1","2M+NH4; M+NH4","[17491]; [17491]","true","keep_rep"
"2475","2508","17491","603.3364","7.818","335.1","121","121_1_F1","2M+Na; M+Na","[17490]; [17490]","false","filtered"
"2472","2058","11521","621.3660","5.061","170.2","120","120_1_F1","2M+ACN+H; 2M+H; M+2H; M+3H; M+ACN+H; M+H; M+Na","[11526]; [11526]; [11526]; [11526]; [11526]; [11526]; [11526]","true","keep_rep"
"2473","2059","11526","643.3471","5.072","55.4","120","120_1_F1","2M+ACN+Na; 2M+Na; M+2Na; M+2Na-H; M+3Na; M+ACN+Na; M+Na","[11521]; [11521]; [11521]; [11521]; [11521]; [11521]; [11521]","false","filtered"
"2469","2105","11849","628.2808","5.251","9,197.3","119","119_1_F1","2M+NH4; M+NH4","[11842, 11847]; [11842, 11847]","true","keep_rep"
"2470","2103","11842","611.2542","5.247","7,820.7","119","119_1_F1","2M+ACN+H; 2M+H; M+2H; M+3H; M+ACN+H; M+H; M+Na","[11847]; [11847, 11849]; [11847]; [11847]; [11847]; [11847, 11849]; [11847]","false","filtered"
"2471","2104","11847","633.2358","5.247","718.1","119","119_1_F1","2M+ACN+Na; 2M+Na; M+2Na; M+2Na-H; M+3Na; M+ACN+Na; M+Na","[11842]; [11842, 11849]; [11842]; [11842]; [11842]; [11842]; [11842, 11849]","false","filtered"
"2467","1491","7887","569.2435","3.541","4,538.6","118","118_1_F1","2M+H; M+H","[7883]; [7883]","true","keep_rep"
"2468","1490","7883","586.2706","3.539","2,297.8","118","118_1_F1","2M+NH4; M+NH4","[7887]; [7887]","false","filtered"
"2465","2550","21327","609.2730","9.725","6,006.8","117","117_1_F1","2M+ACN+H; 2M+H; M+2H; M+3H; M+ACN+H; M+H; M+Na","[21328]; [21328]; [21328]; [21328]; [21328]; [21328]; [21328]","true","keep_rep"
"2466","2551","21328","631.2548","9.725","714.2","117","117_1_F1","2M+ACN+Na; 2M+Na; M+2Na; M+2Na-H; M+3Na; M+ACN+Na; M+Na","[21327]; [21327]; [21327]; [21327]; [21327]; [21327]; [21327]","false","filtered"
"2463","2561","21732","609.2727","9.928","7,943.5","116","116_1_F1","2M+ACN+H; 2M+H; M+2H; M+3H; M+ACN+H; M+H; M+Na","[21731]; [21731]; [21731]; [21731]; [21731]; [21731]; [21731]","true","keep_rep"
"2464","2559","21731","631.2549","9.926","1,402.6","116","116_1_F1","2M+ACN+Na; 2M+Na; M+2Na; M+2Na-H; M+3Na; M+ACN+Na; M+Na","[21732]; [21732]; [21732]; [21732]; [21732]; [21732]; [21732]","false","filtered"
"2460","2252","13103","584.2545","5.844","3,390.4","115","115_1_F1","2M+NH4; M+NH4","[13107]; [13107]","true","keep_rep"
"2461","2251","13084","513.3074","5.837","1,196.0","115","115_1_F1","M+H","[13107]","false","filtered"
"2462","2253","13107","589.2099","5.846","255.1","115","115_1_F1","2M+Na; M+2K-H; M+Na","[13103]; [13084]; [13103]","false","filtered"
"2458","1955","10827","607.2214","4.783","363.7","114","114_1_F1","2M+ACN+H; 2M+H; M+2H; M+3H; M+ACN+H; M+H; M+Na","[10840]; [10840]; [10840]; [10840]; [10840]; [10840]; [10840]","true","keep_rep"
"2459","1959","10840","629.2032","4.789","351.9","114","114_1_F1","2M+ACN+Na; 2M+Na; M+2Na; M+2Na-H; M+3Na; M+ACN+Na; M+Na","[10827]; [10827]; [10827]; [10827]; [10827]; [10827]; [10827]","false","filtered"
"2455","2203","12696","622.3979","5.644","3,397.9","113","113_1_F1","2M+NH4; M+NH4","[12697, 12710]; [12697, 12710]","true","keep_rep"
"2456","2204","12697","627.3529","5.644","852.5","113","113_1_F1","2M+ACN+Na; 2M+Na; M+2Na; M+2Na-H; M+3Na; M+ACN+Na; M+Na","[12710]; [12696, 12710]; [12710]; [12710]; [12710]; [12710]; [12696, 12710]","false","filtered"
"2457","2206","12710","605.3702","5.646","354.0","113","113_1_F1","2M+ACN+H; 2M+H; M+2H; M+3H; M+ACN+H; M+H; M+Na","[12697]; [12696, 12697]; [12697]; [12697]; [12697]; [12696, 12697]; [12697]","false","filtered"
"2452","2509","17557","596.3120","7.851","5,469.4","112","112_1_F1","2M+NH4; M+NH4","[17574]; [17574, 17577]","true","keep_rep"
"2453","2511","17574","601.2669","7.859","1,154.5","112","112_1_F1","2M+ACN+H; 2M+H; 2M+Na; M+2H; M+3H; M+ACN+H; M+H; M+Na","[17577]; [17577]; [17557]; [17577]; [17577]; [17577]; [17577]; [17557, 17577]","false","filtered"
"2454","2510","17577","623.2496","7.855","843.4","112","112_1_F1","2M+ACN+Na; 2M+Na; M+2Na; M+2Na-H; M+3Na; M+ACN+Na; M+Na","[17574]; [17574]; [17574]; [17557, 17574]; [17574]; [17574]; [17574]","false","filtered"
"2450","1150","5688","572.2358","2.604","723.5","111","111_1_F1","2M+NH4; M+NH4","[5689]; [5689]","true","keep_rep"
"2451","1151","5689","577.1899","2.604","164.5","111","111_1_F1","2M+Na; M+Na","[5688]; [5688]","false","filtered"
"2447","2190","12483","595.2591","5.550","4,461.3","110","110_1_F1","2M+ACN+H; 2M+H; M+2H; M+3H; M+ACN+H; M+H; M+Na","[12491]; [12473, 12491]; [12491]; [12491]; [12491]; [12473, 12491]; [12491]","true","keep_rep"
"2448","2188","12473","612.2863","5.546","2,857.6","110","110_1_F1","2M+NH4; M+NH4","[12483, 12491]; [12483, 12491]","false","filtered"
"2449","2191","12491","617.2413","5.552","357.5","110","110_1_F1","2M+ACN+Na; 2M+Na; M+2Na; M+2Na-H; M+3Na; M+ACN+Na; M+Na","[12483]; [12473, 12483]; [12483]; [12483]; [12483]; [12483]; [12473, 12483]","false","filtered"
"2445","2316","13747","360.2528","6.135","1,109.0","109","109_1_F1","M+IsoProp+Na+H","[13762]","true","keep_rep"
"2446","2319","13762","321.1668","6.147","831.9","109","109_1_F1","M+2Na-H","[13747]","false","filtered"
"2443","2248","13014","570.2752","5.789","5,319.6","108","108_1_F1","2M+NH4; M+NH4","[13023]; [13023]","true","keep_rep"
"2444","2249","13023","553.2499","5.795","458.8","108","108_1_F1","2M+H; M+H","[13014]; [13014]","false","filtered"
"2440","2562","22107","593.2772","10.133","76,157.2","107","107_1_F1","2M+ACN+H; 2M+H; M+2H; M+3H; M+ACN+H; M+H; M+K; M+Na","[22112]; [22112, 22119]; [22112]; [22112]; [22112]; [22112, 22119]; [22119]; [22112]","true","keep_rep"
"2441","2563","22112","615.2601","10.135","6,341.3","107","107_1_F1","2M+ACN+Na; 2M+Na; M+2Na; M+2Na-H; M+3Na; M+ACN+Na; M+Na","[22107]; [22107, 22119]; [22107]; [22107]; [22107]; [22107]; [22107, 22119]","false","filtered"
"2442","2564","22119","631.2338","10.135","481.9","107","107_1_F1","2M+K; M+2K-H; M+K","[22107, 22112]; [22107]; [22107, 22112]","false","filtered"
"2438","2568","22661","593.2772","10.424","17,606.1","106","106_1_F1","2M+ACN+H; 2M+H; M+2H; M+3H; M+ACN+H; M+H; M+Na","[22656]; [22656]; [22656]; [22656]; [22656]; [22656]; [22656]","true","keep_rep"
"2439","2567","22656","615.2601","10.422","754.0","106","106_1_F1","2M+ACN+Na; 2M+Na; M+2Na; M+2Na-H; M+3Na; M+ACN+Na; M+Na","[22661]; [22661]; [22661]; [22661]; [22661]; [22661]; [22661]","false","filtered"
"2436","1351","6858","573.2063","3.132","2,811.8","105","105_1_F1","2M+Na; M+Na","[6859]; [6859]","true","keep_rep"
"2437","1352","6859","589.1814","3.132","1,473.7","105","105_1_F1","2M+K; M+K","[6858]; [6858]","false","filtered"
"2432","1710","9260","586.2709","4.075","6,287.8","104","104_1_F1","2M+NH4; M+NH4","[9208, 9217]; [9208, 9215, 9217]","true","keep_rep"
"2433","1699","9208","591.2254","4.048","2,839.9","104","104_1_F1","2M+ACN+H; 2M+H; 2M+Na; M+2H; M+3H; M+ACN+H; M+H; M+Na","[9215]; [9215]; [9217, 9260]; [9215]; [9215]; [9215]; [9215]; [9215, 9217, 9260]","false","filtered"
"2434","1703","9215","613.2078","4.050","1,261.9","104","104_1_F1","2M+ACN+Na; 2M+Na; M+2Na; M+2Na-H; M+3Na; M+ACN+Na; M+Na","[9208]; [9208]; [9208]; [9208, 9217, 9260]; [9208]; [9208]; [9208]","false","filtered"
"2435","1704","9217","607.2007","4.050","170.8","104","104_1_F1","2M+K; M+K","[9208, 9260]; [9208, 9215, 9260]","false","filtered"
"2430","1579","8570","549.2163","3.783","5,421.1","103","103_1_F1","2M+H; M+H","[8582]; [8582]","true","keep_rep"
"2431","1586","8582","566.2438","3.786","377.7","103","103_1_F1","2M+NH4; M+NH4","[8570]; [8570]","false","filtered"
"2421","2036","11361","591.2254","4.985","6,905.6","102","102_1_F1","2M+ACN+H; 2M+H; 2M+Na; M+2H; M+3H; M+ACN+H; M+H; M+H+K; M+Na","[11355]; [11355]; [11337]; [11355]; [11355]; [11355]; [11355]; [11409]; [11337, 11355]","true","keep_rep"
"2422","2033","11355","613.2078","4.985","5,488.3","102","102_1_F1","2M+ACN+Na; 2M+Na; M+2Na; M+2Na-H; M+3Na; M+ACN+Na; M+Na","[11361]; [11361]; [11361]; [11337, 11361]; [11361]; [11361]; [11361]","false","filtered"
"2423","2040","11408","630.2963","5.004","1,221.6","102","102_1_F1","2M+ACN+H; 2M+ACN+Na; 2M+NH4; M+2ACN+2H; M+2ACN+H; M+3ACN+2H; M+ACN+H; M+ACN+Na; M+NH4","[11328, 11418]; [11328]; [11409]; [11328, 11418]; [11328, 11418]; [11328]; [11328, 11418]; [11328, 11418]; [11409]","false","filtered"
"2424","2044","11418","611.2543","5.008","1,117.2","102","102_1_F1","2M+ACN+Na; 2M+H; 2M+Na; M+2Na; M+2Na-H; M+3Na; M+ACN+Na; M+H; M+Na","[11328]; [11417]; [11328, 11408]; [11328, 11408]; [11328, 11408]; [11328]; [11328, 11408]; [11417]; [11328, 11408]","false","filtered"
"2425","2027","11337","607.1993","4.983","942.1","102","102_1_F1","2M+K; M+K","[11361]; [11355, 11361]","false","filtered"
"2426","2035","11328","589.2726","4.985","676.4","102","102_1_F1","2M+ACN+H; 2M+H; 2M+NH4; 2M+Na; M+2H; M+3H; M+ACN+2H; M+ACN+H; M+H; M+NH4; M+Na","[11418]; [11408, 11418]; [11409]; [11408]; [11408, 11418]; [11418]; [11408]; [11408, 11418]; [11408, 11418]; [11409]; [11408, 11418]","false","filtered"
"2427","2043","11417","628.2806","5.008","607.1","102","102_1_F1","2M+NH4; M+DMSO+H; M+NH4","[11418]; [11409]; [11418]","false","filtered"
"2428","2047","11323","593.2311","5.019","579.3","102","102_1_F1","M+ACN+Na","[11409]","false","filtered"
"2429","2045","11409","613.2678","5.008","545.6","102","102_1_F1","2M+ACN+H; 2M+H; M+2ACN+2H; M+ACN+H; M+ACN+Na; M+H; M+IsoProp+Na+H","[11328]; [11408]; [11361]; [11328]; [11417]; [11408]; [11323]","false","filtered"
"2419","1366","6997","562.2515","3.187","599.4","101","101_1_F1","2M+NH4; M+NH4","[6991]; [6991]","true","keep_rep"
"2420","1365","6991","567.2069","3.185","289.3","101","101_1_F1","2M+Na; M+Na","[6997]; [6997]","false","filtered"
"2417","1581","8574","629.2024","3.783","4,371.5","100","100_2_F1","2M+ACN+Na; 2M+Na; M+2Na; M+2Na-H; M+3Na; M+ACN+Na; M+Na","[8558]; [8558]; [8558]; [8555, 8558, 8571]; [8558]; [8558]; [8558]","true","keep_rep"
"2418","1580","8571","623.1924","3.783","1,111.6","100","100_2_F1","2M+K; M+2K-H; M+K","[8555, 8558]; [8555]; [8555, 8558, 8574]","false","filtered"
"2414","1577","8555","585.2365","3.781","34,012.1","100","100_1_F1","2M+ACN+H; 2M+H; M+2H; M+3H; M+ACN+H; M+H; M+K; M+Na","[8558]; [8400, 8558, 8571]; [8558]; [8558]; [8558]; [8400, 8558, 8571, 8574]; [8571]; [8558]","true","keep_rep"
"2415","1578","8558","607.2201","3.781","8,644.7","100","100_1_F1","2M+ACN+H; 2M+ACN+Na; 2M+H; 2M+Na; M+2H; M+2Na; M+2Na-H; M+3H; M+3Na; M+ACN+H; M+ACN+Na; M+H; M+Na","[8574]; [8555]; [8574]; [8400, 8555, 8571]; [8574]; [8555]; [8555]; [8574]; [8555]; [8574]; [8555]; [8574]; [8400, 8555, 8571, 8574]","false","filtered"
"2416","1547","8400","602.2651","3.733","5,100.9","100","100_1_F1","2M+NH4; M+NH4","[8555, 8558]; [8555, 8558]","false","filtered"
"2412","2117","11897","561.2449","5.262","3,506.3","99","99_1_F1","2M+Na; M+Na","[11898]; [11898]","true","keep_rep"
"2413","2118","11898","577.2185","5.262","536.0","99","99_1_F1","2M+K; M+K","[11897]; [11897]","false","filtered"
"2409","1873","10358","575.2305","4.552","1,048.4","98","98_1_F1","2M+ACN+H; 2M+H; M+2H; M+3H; M+ACN+H; M+H; M+Na","[10355]; [10355]; [10355]; [10355]; [10355]; [10355]; [10355]","true","keep_rep"
"2410","1872","10355","597.2124","4.552","720.7","98","98_1_F1","2M+ACN+Na; 2M+Na; M+2K-H; M+2Na; M+2Na-H; M+3Na; M+ACN+Na; M+Na","[10358]; [10358]; [10384]; [10358]; [10358]; [10358]; [10358]; [10358]","false","filtered"
"2411","1880","10384","603.3549","4.560","235.3","98","98_1_F1","M+2ACN+H","[10355]","false","filtered"
"2407","1467","7735","533.2216","3.465","695.2","97","97_1_F1","2M+H; M+H","[7737]; [7737]","true","keep_rep"
"2408","1468","7737","550.2487","3.465","84.9","97","97_1_F1","2M+NH4; M+NH4","[7735]; [7735]","false","filtered"
"2405","1702","9214","533.2217","4.050","5,150.4","96","96_1_F1","2M+H; M+H","[9219]; [9219]","true","keep_rep"
"2406","1705","9219","550.2484","4.052","1,783.5","96","96_1_F1","2M+NH4; M+NH4","[9214]; [9214]","false","filtered"
"2403","1644","8964","555.1492","3.951","1,329.9","95","95_1_F1","2M+Na; M+Na","[8969]; [8969]","true","keep_rep"
"2404","1646","8969","571.1233","3.953","302.0","95","95_1_F1","2M+K; M+K","[8964]; [8964]","false","filtered"
"2401","2250","13083","553.2992","5.837","1,067.1","94","94_1_F1","2M+Na; M+Na","[13090]; [13090]","true","keep_rep"
"2402","2254","13090","548.3453","5.858","717.8","94","94_1_F1","2M+NH4; M+NH4","[13083]; [13083]","false","filtered"
"2399","2244","12974","553.2991","5.775","1,172.1","93","93_1_F1","2M+Na; M+Na","[12992]; [12992]","true","keep_rep"
"2400","2247","12992","548.3448","5.779","645.4","93","93_1_F1","2M+NH4; M+NH4","[12974]; [12974]","false","filtered"
"2395","2520","17759","598.3815","7.972","2,273.5","92","92_1_F1","2M+NH4; M+ACN+Na; M+NH4","[17758]; [17736]; [17758]","true","keep_rep"
"2396","2519","17758","603.3368","7.972","1,255.0","92","92_1_F1","2M+Na; M+ACN+Na; M+Na","[17759]; [17741]; [17759]","false","filtered"
"2397","2515","17736","534.3650","7.960","706.6","92","92_1_F1","2M+NH4; M+; M+NH4","[17741]; [17759]; [17741]","false","filtered"
"2398","2517","17741","539.3204","7.964","614.2","92","92_1_F1","2M+Na; M+; M+Na","[17736]; [17758]; [17736]","false","filtered"
"2393","2142","12030","517.2266","5.328","51,719.5","91","91_1_F1","2M+H; M+H","[12029]; [12029]","true","keep_rep"
"2394","2141","12029","534.2536","5.328","4,175.9","91","91_1_F1","2M+NH4; M+NH4","[12030]; [12030]","false","filtered"
"2390","2468","16325","532.3501","7.296","1,069.7","90","90_1_F1","2M+NH4; M+NH4","[16336, 16337]; [16336, 16337]","true","keep_rep"
"2391","2466","16337","537.3047","7.290","855.3","90","90_1_F1","2M+Na; M+Na","[16325, 16336]; [16325, 16336]","false","filtered"
"2392","2465","16336","553.2783","7.290","236.9","90","90_1_F1","2M+K; M+K","[16325, 16337]; [16325, 16337]","false","filtered"
"2388","1523","8152","525.3047","3.633","772.2","89","89_1_F1","2M+Na; M+Na","[8160]; [8160]","true","keep_rep"
"2389","1526","8160","520.3503","3.635","444.2","89","89_1_F1","2M+NH4; M+NH4","[8152]; [8152]","false","filtered"
"2384","1435","7467","538.2295","3.360","1,600.3","88","88_3_F1","2M+NH4; M+NH4","[7370, 7468]; [7370, 7468]","true","keep_rep"
"2385","1433","7370","543.1847","3.358","389.4","88","88_3_F1","2M+Na; M+Na","[7467, 7468]; [7467, 7468]","false","filtered"
"2386","1436","7468","559.1599","3.360","100.9","88","88_3_F1","2M+K; M+2Na-H; M+K","[7370, 7467]; [7426]; [7370, 7467]","false","filtered"
"2376","1411","7303","596.2358","3.304","1,400.3","88","88_2_F1","2M+ACN+H; 2M+NH4; M+2ACN+2H; M+NH4","[7266]; [7304, 7305]; [7425]; [7304, 7305]","true","keep_rep"
"2377","1412","7304","601.1912","3.304","827.5","88","88_2_F1","2M+ACN+H; 2M+Na; M+2Na-H; M+ACN+Na; M+H+K; M+Na","[7273]; [7303, 7305]; [7426]; [7426]; [7266]; [7303, 7305]","false","filtered"
"2378","1428","7427","603.2065","3.352","781.9","88","88_2_F1","2M+Na; M+Na","[7426, 7437]; [7426, 7437]","false","filtered"
"2379","1427","7426","598.2504","3.352","760.3","88","88_2_F1","2M+NH4; M+ACN+H; M+IsoProp+H; M+IsoProp+Na+H; M+NH4","[7427, 7437]; [7304]; [7304]; [7468]; [7427, 7437]","false","filtered"
"2380","1426","7425","566.2015","3.352","728.1","88","88_2_F1","2M+ACN+Na; 2M+Na; M+ACN+Na; M+H+Na; M+Na","[7470]; [7436]; [7470]; [7303]; [7436]","false","filtered"
"2381","1413","7305","617.1657","3.305","637.2","88","88_2_F1","2M+ACN+H; 2M+K; M+K","[7267]; [7303, 7304]; [7303, 7304]","false","filtered"
"2382","1429","7437","619.1811","3.352","222.8","88","88_2_F1","2M+K; M+K","[7426, 7427]; [7426, 7427]","false","filtered"
"2383","1430","7436","582.1756","3.354","126.7","88","88_2_F1","2M+K; M+K","[7425]; [7425]","false","filtered"
"2366","1388","7174","625.1789","3.248","2,239.5","88","88_1_F1","2M+ACN+H; 2M+ACN+Na; 2M+H; M+2H; M+3H; M+ACN+H; M+ACN+Na; M+H; M+H+K; M+H+Na; M+Na","[7175]; [7197]; [7175]; [7175]; [7175]; [7175]; [7197]; [7175]; [7194]; [7189]; [7175]","true","keep_rep"
"2367","1404","7266","582.2200","3.287","842.8","88","88_1_F1","2M+3H2O+2H; 2M+NH4; M+2H; M+2Na; M+NH4","[7303]; [7267, 7273]; [7304]; [7197]; [7267, 7273]","false","filtered"
"2368","1393","7194","617.1884","3.252","552.5","88","88_1_F1","2M+Na; M+H+Na; M+Na","[7187, 7189]; [7174]; [7187, 7189]","false","filtered"
"2369","1407","7273","587.1757","3.288","519.7","88","88_1_F1","2M+3H2O+2H; 2M+K; 2M+NH4; 2M+Na; M+CH3OH+H; M+K; M+NH4; M+Na","[7304]; [7187]; [7189]; [7266, 7267]; [7189]; [7187]; [7189]; [7266, 7267]","false","filtered"
"2370","1391","7187","612.2303","3.250","487.5","88","88_1_F1","2M+ACN+Na; 2M+NH4; M+ACN+Na; M+NH4","[7273]; [7189, 7194]; [7273]; [7189, 7194]","false","filtered"
"2371","1389","7175","647.1603","3.248","355.1","88","88_1_F1","2M+ACN+Na; 2M+Na; M+2Na; M+2Na-H; M+3Na; M+ACN+Na; M+Na","[7174]; [7174]; [7174]; [7174]; [7174]; [7174]; [7174]","false","filtered"
"2372","1405","7267","603.1496","3.287","309.9","88","88_1_F1","2M+3H2O+2H; 2M+K; M+K","[7305]; [7266, 7273]; [7266, 7273]","false","filtered"
"2373","1395","7058","574.2509","3.254","275.2","88","88_1_F1","2M+NH4; M+NH4","[7197]; [7197]","false","filtered"
"2374","1392","7189","633.1604","3.252","199.2","88","88_1_F1","2M+ACN+Na; 2M+K; M+ACN+Na; M+DMSO+H; M+H+K; M+K","[7273]; [7187, 7194]; [7273]; [7273]; [7174]; [7187, 7194]","false","filtered"
"2375","1396","7197","579.2068","3.254","179.8","88","88_1_F1","2M+NH4; 2M+Na; M+H+K; M+NH4; M+Na","[7174]; [7058]; [7266]; [7174]; [7058]","false","filtered"
"2387","1437","7470","503.1920","3.362","296.1","88","","2M+H; M+H","[7425]; [7425]","false","kept (no corr-family)"
"2364","1199","6030","537.2092","2.785","2,631.5","87","87_1_F1","2M+ACN+H; 2M+H; M+2H; M+3H; M+ACN+H; M+H; M+Na","[6031]; [6031]; [6031]; [6031]; [6031]; [6031]; [6031]","true","keep_rep"
"2365","1200","6031","559.1912","2.785","474.4","87","87_1_F1","2M+ACN+Na; 2M+Na; M+2Na; M+2Na-H; M+3Na; M+ACN+Na; M+Na","[6030]; [6030]; [6030]; [6030]; [6030]; [6030]; [6030]","false","filtered"
"2360","1122","5557","512.2713","2.543","1,132.7","86","86_1_F1","2M+NH4; M+NH4; M+Na","[5549]; [5549]; [5529]","true","keep_rep"
"2361","1112","5511","551.2711","2.526","581.5","86","86_1_F1","2M+H; M+DMSO+H; M+H","[5529]; [5549]; [5529]","false","filtered"
"2362","1119","5529","568.2982","2.530","316.9","86","86_1_F1","2M+NH4; M+DMSO+H; M+NH4","[5511]; [5557]; [5511]","false","filtered"
"2363","1120","5549","517.2268","2.541","190.6","86","86_1_F1","2M+Na; M+2Na-H; M+Na","[5557]; [5511]; [5557]","false","filtered"
"2357","1336","6786","535.2762","3.102","3,372.2","85","85_1_F1","2M+ACN+H; 2M+H; M+2H; M+3H; M+ACN+H; M+H; M+Na","[6793]; [6780, 6793]; [6793]; [6793]; [6793]; [6780, 6793]; [6793]","true","keep_rep"
"2358","1338","6793","557.2588","3.104","805.2","85","85_1_F1","2M+ACN+Na; 2M+Na; M+2Na; M+2Na-H; M+3Na; M+ACN+Na; M+Na","[6786]; [6780, 6786]; [6786]; [6786]; [6786]; [6786]; [6780, 6786]","false","filtered"
"2359","1340","6780","552.3028","3.107","167.7","85","85_1_F1","2M+NH4; M+NH4","[6786, 6793]; [6786, 6793]","false","filtered"
"2355","2538","18626","510.3653","8.355","803.0","84","84_1_F1","2M+NH4; M+NH4","[18631]; [18631]","true","keep_rep"
"2356","2539","18631","515.3203","8.361","678.5","84","84_1_F1","2M+Na; M+Na","[18626]; [18626]","false","filtered"
"2352","2375","14735","504.3197","6.583","1,608.6","83","83_1_F1","2M+NH4; M+NH4","[14732, 14744]; [14732, 14744]","true","keep_rep"
"2353","2378","14744","509.2731","6.616","737.2","83","83_1_F1","2M+Na; M+Na","[14732, 14735]; [14732, 14735]","false","filtered"
"2354","2377","14732","525.2474","6.612","122.0","83","83_1_F1","2M+K; M+K","[14735, 14744]; [14735, 14744]","false","filtered"
"2350","2407","15283","518.3254","6.842","8,243.3","82","82_1_F1","2M+ACN+H; 2M+H; M+2H; M+3H; M+ACN+H; M+H; M+Na","[15275]; [15275]; [15275]; [15275]; [15275]; [15275]; [15275]","true","keep_rep"
"2351","2406","15275","540.3071","6.836","396.5","82","82_1_F1","2M+ACN+Na; 2M+Na; M+2Na; M+2Na-H; M+3Na; M+ACN+Na; M+Na","[15283]; [15283]; [15283]; [15283]; [15283]; [15283]; [15283]","false","filtered"
"2342","2484","16692","532.3494","7.434","8,596.2","81","81_1_F1","2M+NH4; M+NH4","[16693, 16700, 16702]; [16693, 16700, 16702]","true","keep_rep"
"2343","2485","16693","537.3047","7.434","5,574.8","81","81_1_F1","2M+ACN+Na; 2M+Na; M+2Na; M+2Na-H; M+3Na; M+ACN+Na; M+Na","[16700]; [16692, 16700, 16702]; [16700]; [16700]; [16700]; [16700]; [16692, 16700, 16702]","false","filtered"
"2344","2480","16646","595.2903","7.398","1,681.8","81","81_1_F1","2M+ACN+H; 2M+H; M+2H; M+3H; M+ACN+H; M+H; M+IsoProp+Na+H; M+Na","[16639]; [16639, 16640]; [16639]; [16639]; [16639]; [16639, 16640]; [16702]; [16639]","false","filtered"
"2345","2486","16702","553.2785","7.436","1,399.7","81","81_1_F1","2M+K; 2M+NH4; M+2K-H; M+ACN+H; M+K; M+NH4","[16692, 16693, 16700]; [16641]; [16700]; [16646]; [16692, 16693, 16700]; [16641]","false","filtered"
"2346","2479","16641","577.2791","7.396","928.9","81","81_1_F1","2M+ACN+H; M+ACN+H","[16702]; [16702]","false","filtered"
"2347","2478","16640","612.3174","7.396","830.5","81","81_1_F1","2M+NH4; M+NH4","[16639, 16646]; [16639, 16646]","false","filtered"
"2348","2477","16639","617.2725","7.395","765.6","81","81_1_F1","2M+ACN+Na; 2M+Na; M+2Na; M+2Na-H; M+3Na; M+ACN+Na; M+Na","[16646]; [16640, 16646]; [16646]; [16646]; [16646]; [16646]; [16640, 16646]","false","filtered"
"2349","2487","16700","515.3225","7.436","210.3","81","81_1_F1","2M+ACN+H; 2M+H; M+2H; M+3H; M+ACN+H; M+H; M+K; M+Na","[16693]; [16692, 16693, 16702]; [16693]; [16693]; [16693]; [16692, 16693, 16702]; [16702]; [16693]","false","filtered"
"2340","2370","14578","513.2865","6.544","555.8","80","80_1_F1","2M+ACN+H; 2M+H; M+2H; M+3H; M+ACN+H; M+H; M+Na","[14561]; [14561]; [14561]; [14561]; [14561]; [14561]; [14561]","true","keep_rep"
"2341","2368","14561","535.2676","6.538","383.6","80","80_1_F1","2M+ACN+Na; 2M+Na; M+2Na; M+2Na-H; M+3Na; M+ACN+Na; M+Na","[14578]; [14578]; [14578]; [14578]; [14578]; [14578]; [14578]","false","filtered"
"2337","1744","9479","469.2595","4.176","63,829.8","79","79_1_F1","2M+H; M+H; M+NH4","[9493]; [9493]; [9413]","true","keep_rep"
"2338","1748","9493","486.2860","4.178","14,239.0","79","79_1_F1","2M+NH4; M+NH4","[9479]; [9479]","false","filtered"
"2339","1752","9413","247.1327","4.196","1,930.3","79","79_1_F1","M+ACN+2H","[9479]","false","filtered"
"2334","2496","17012","497.2908","7.559","6,633.0","78","78_1_F1","2M+ACN+H; 2M+H; M+2H; M+3H; M+ACN+H; M+H; M+Na","[17008]; [17008, 17009]; [17008]; [17008]; [17008]; [17008, 17009]; [17008]","true","keep_rep"
"2335","2493","17009","514.3195","7.539","1,794.7","78","78_1_F1","2M+NH4; M+NH4","[17008, 17012]; [17008, 17012]","false","filtered"
"2336","2495","17008","519.2727","7.557","355.0","78","78_1_F1","2M+ACN+Na; 2M+Na; M+2Na; M+2Na-H; M+3Na; M+ACN+Na; M+Na","[17012]; [17009, 17012]; [17012]; [17012]; [17012]; [17012]; [17009, 17012]","false","filtered"
"2332","2501","17188","496.3442","7.659","13,378.6","77","77_1_F1","2M+ACN+H; 2M+H; M+2H; M+3H; M+ACN+H; M+H; M+Na","[17191]; [17191]; [17191]; [17191]; [17191]; [17191]; [17191]","true","keep_rep"
"2333","2500","17191","518.3231","7.648","874.8","77","77_1_F1","2M+ACN+Na; 2M+Na; M+2Na; M+2Na-H; M+3Na; M+ACN+Na; M+Na","[17188]; [17188]; [17188]; [17188]; [17188]; [17188]; [17188]","false","filtered"
"2327","2348","14233","472.3069","6.370","3,003.7","76","76_1_F1","2M+NH4; M+NH4","[14219, 14224]; [14219, 14224]","true","keep_rep"
"2328","2345","14219","477.2621","6.363","2,088.7","76","76_1_F1","2M+Na; M+Na","[14224, 14233]; [14224, 14233]","false","filtered"
"2329","2349","14252","856.4560","6.386","1,125.2","76","76_1_F1","2M+3H2O+2H; 2M+NH4; M+NH4","[14224]; [14250]; [14250]","false","filtered"
"2330","2347","14224","493.2347","6.365","469.4","76","76_1_F1","2M+K; M+DMSO+H; M+K","[14219, 14233]; [14252]; [14219, 14233]","false","filtered"
"2331","2350","14250","861.4107","6.388","200.5","76","76_1_F1","2M+Na; M+Na","[14252]; [14252]","false","filtered"
"2318","2197","12525","453.2642","5.570","103,670.1","75","75_1_F1","2M+H; M+H","[12511]; [12511]","true","keep_rep"
"2319","2200","12528","493.2569","5.570","71,200.7","75","75_1_F1","2M+Na; M+2Na; M+H+Na; M+Na","[12527, 12529]; [12514, 12547]; [12514]; [12514, 12527, 12529, 12547]","false","filtered"
"2320","2198","12527","488.3016","5.570","43,769.1","75","75_1_F1","2M+3H2O+2H; 2M+NH4; M+NH4","[12512]; [12528, 12529]; [12514, 12528, 12529, 12547]","false","filtered"
"2321","2201","12529","509.2310","5.570","33,084.1","75","75_1_F1","2M+K; M+H+K; M+K","[12527, 12528]; [12547]; [12514, 12527, 12528, 12547]","false","filtered"
"2322","2195","12512","502.3170","5.568","7,120.6","75","75_1_F1","2M+ACN+H; 2M+K; M+CH3OH+H; M+K","[12527]; [12518]; [12511]; [12518]","false","filtered"
"2323","2194","12511","470.2911","5.568","7,000.1","75","75_1_F1","2M+NH4; M+H; M+NH4","[12525]; [12512]; [12525]","false","filtered"
"2324","2196","12514","963.5249","5.568","2,546.3","75","75_1_F1","2M+Na; M+H; M+Na","[12527, 12528, 12529, 12547]; [12528]; [12528, 12547]","false","filtered"
"2325","2202","12547","979.4993","5.572","633.8","75","75_1_F1","2M+K; M+H; M+K","[12514, 12527, 12528, 12529]; [12529]; [12514, 12528]","false","filtered"
"2326","2199","12518","486.3433","5.570","331.8","75","75_1_F1","2M+Na; M+Na","[12512]; [12512]","false","filtered"
"2314","2471","16430","520.3376","7.307","5,171.3","74","74_1_F1","2M+ACN+H; 2M+H; M+2H; M+3H; M+ACN+H; M+H; M+IsoProp+H; M+IsoProp+Na+H; M+Na","[16420]; [16420]; [16420]; [16420]; [16420]; [16420]; [16420]; [16417]; [16420]","true","keep_rep"
"2315","2472","16417","475.2466","7.309","257.5","74","74_1_F1","2M+Na; M+K; M+Na","[16415]; [16430]; [16415]","false","filtered"
"2316","2473","16420","542.3232","7.314","221.9","74","74_1_F1","2M+ACN+Na; 2M+Na; M+2ACN+H; M+2Na; M+2Na-H; M+3Na; M+ACN+Na; M+Na","[16430]; [16430]; [16430]; [16430]; [16430]; [16430]; [16430]; [16430]","false","filtered"
"2317","2474","16415","491.2198","7.318","98.9","74","74_1_F1","2M+K; M+K","[16417]; [16417]","false","filtered"
"2312","2335","14077","451.2488","6.295","3,093.0","73","73_1_F1","2M+H; M+H","[14082]; [14082]","true","keep_rep"
"2313","2338","14082","468.2753","6.297","401.7","73","73_1_F1","2M+NH4; M+NH4","[14077]; [14077]","false","filtered"
"2309","2343","14204","530.3126","6.357","12,761.5","72","72_2_F1","2M+NH4; M+NH4","[14091, 14210]; [14091, 14210]","true","keep_rep"
"2310","2344","14210","513.2861","6.359","10,285.9","72","72_2_F1","2M+3H2O+2H; 2M+ACN+H; 2M+ACN+Na; 2M+H; 2M+K; 2M+NH4; 2M+Na; M+; M+2ACN+2H; M+2ACN+H; M+2H; M+2H+Na; M+2K-H; M+2Na; M+2Na-H; M+3ACN+2H; M+3H; M+3Na; M+ACN+2H; M+ACN+H; M+ACN+Na; M+CH3OH+H; M+DMSO+H; M+H; M+H+2Na; M+H+K; M+H+NH4; M+H+Na; M+IsoProp+H; M+IsoProp+Na+H; M+K; M+NH4; M+Na","[14091]; [14091]; [14091]; [14091, 14204]; [14091]; [14091]; [14091]; [14091]; [14091]; [14091]; [14091]; [14091]; [14091]; [14091]; [14091]; [14091]; [14091]; [14091]; [14091]; [14091]; [14091]; [14091]; [14091]; [14091, 14204]; [14091]; [14091]; [14091]; [14091]; [14091]; [14091]; [14091]; [14091]; [14091]","false","filtered"
"2311","2342","14091","513.2861","6.323","7,492.7","72","72_2_F1","2M+3H2O+2H; 2M+ACN+H; 2M+ACN+Na; 2M+H; 2M+K; 2M+NH4; 2M+Na; M+; M+2ACN+2H; M+2ACN+H; M+2H; M+2H+Na; M+2K-H; M+2Na; M+2Na-H; M+3ACN+2H; M+3H; M+3Na; M+ACN+2H; M+ACN+H; M+ACN+Na; M+CH3OH+H; M+DMSO+H; M+H; M+H+2Na; M+H+K; M+H+NH4; M+H+Na; M+IsoProp+H; M+IsoProp+Na+H; M+K; M+NH4; M+Na","[14210]; [14093, 14210]; [14210]; [14093, 14094, 14204, 14210]; [14210]; [14210]; [14210]; [14210]; [14210]; [14210]; [14093, 14210]; [14210]; [14210]; [14210]; [14210]; [14210]; [14093, 14210]; [14210]; [14210]; [14093, 14210]; [14078, 14210]; [14210]; [14210]; [14093, 14094, 14204, 14210]; [14210]; [14210]; [14210]; [14210]; [14210]; [14210]; [14094, 14210]; [14210]; [14093, 14210]","false","filtered"
"2307","2340","14093","535.2679","6.301","9,942.3","72","72_1_F2","2M+ACN+Na; 2M+Na; M+2Na; M+2Na-H; M+3Na; M+ACN+Na; M+Na","[14091]; [14091, 14094]; [14091]; [14091]; [14091]; [14091]; [14091, 14094]","true","keep_rep"
"2308","2341","14094","551.2420","6.301","4,268.3","72","72_1_F2","2M+K; M+2K-H; M+K","[14091, 14093]; [14091]; [14091, 14093]","false","filtered"
"2303","2336","14078","528.2970","6.295","1,253.8","72","72_1_F1","2M+NH4; M+DMSO+H; M+NH4","[14060, 14079]; [14091]; [14060, 14079]","true","keep_rep"
"2304","2337","14079","533.2523","6.295","1,205.1","72","72_1_F1","2M+Na; M+; M+Na","[14060, 14078]; [14099]; [14060, 14078]","false","filtered"
"2305","2334","14060","549.2260","6.291","460.8","72","72_1_F1","2M+K; M+K","[14078, 14079]; [14078, 14079]","false","filtered"
"2306","2333","14099","329.1748","6.253","241.5","72","72_1_F1","M+3ACN+2H","[14079]","false","filtered"
"2299","2037","11356","471.2757","4.988","8,598.5","71","71_1_F1","2M+H; 2M+Na; M+2Na; M+2Na-H; M+ACN+H; M+ACN+Na; M+H; M+Na","[11352]; [11391]; [11391]; [11391]; [11391]; [11391]; [11352]; [11391]","true","keep_rep"
"2300","2031","11352","488.3017","4.985","3,945.1","71","71_1_F1","2M+NH4; M+NH4","[11356]; [11356]","false","filtered"
"2301","2038","11391","490.3138","4.994","274.0","71","71_1_F1","2M+ACN+H; 2M+NH4; M+2ACN+2H; M+2ACN+H; M+ACN+H; M+ACN+Na; M+IsoProp+H; M+NH4","[11356]; [11442]; [11356]; [11356]; [11356]; [11356]; [11356]; [11442]","false","filtered"
"2302","2052","11442","495.2706","5.040","199.9","71","","2M+Na; M+Na","[11391]; [11391]","false","kept (no corr-family)"
"2296","1160","5763","469.1327","2.644","1,035.3","70","70_1_F1","2M+Na; M+Na","[5769, 5778]; [5769, 5778]","true","keep_rep"
"2297","1159","5769","464.1778","2.644","877.9","70","70_1_F1","2M+NH4; M+NH4","[5763, 5778]; [5763, 5778]","false","filtered"
"2298","1163","5778","485.1066","2.646","178.7","70","70_1_F1","2M+K; M+K","[5763, 5769]; [5763, 5769]","false","filtered"
"2294","2410","15546","443.3166","6.957","1,065.8","69","69_1_F1","2M+H; M+H","[15547]; [15547]","true","keep_rep"
"2295","2411","15547","460.3430","6.957","193.3","69","69_1_F1","2M+NH4; M+NH4","[15546]; [15546]","false","filtered"
"2291","2528","18131","456.3118","8.141","9,287.5","68","68_1_F1","2M+NH4; M+NH4","[18132, 18140]; [18132, 18140]","true","keep_rep"
"2292","2529","18132","477.2418","8.141","2,273.8","68","68_1_F1","2M+K; M+K","[18131, 18140]; [18131, 18140]","false","filtered"
"2293","2530","18140","461.2667","8.143","1,908.6","68","68_1_F1","2M+Na; M+Na","[18131, 18132]; [18131, 18132]","false","filtered"
"2289","2328","13919","437.2697","6.222","3,760.9","67","67_1_F1","2M+H; M+H","[13920]; [13920]","true","keep_rep"
"2290","2329","13920","454.2960","6.222","639.3","67","67_1_F1","2M+NH4; M+NH4","[13919]; [13919]","false","filtered"
"2287","2513","17715","454.2960","7.945","672.5","66","66_1_F1","2M+NH4; M+NH4","[17721]; [17721]","true","keep_rep"
"2288","2514","17721","459.2513","7.947","356.6","66","66_1_F1","2M+Na; M+Na","[17715]; [17715]","false","filtered"
"2285","2536","18508","454.2930","8.303","1,906.9","65","65_1_F1","2M+NH4; M+NH4","[18515]; [18515]","true","keep_rep"
"2286","2537","18515","459.2512","8.305","323.9","65","65_1_F1","2M+Na; M+Na","[18508]; [18508]","false","filtered"
"2283","2541","18849","454.2957","8.460","854.9","64","64_1_F1","2M+NH4; M+NH4","[18826]; [18826]","true","keep_rep"
"2284","2540","18826","459.2512","8.456","183.7","64","64_1_F1","2M+Na; M+Na","[18849]; [18849]","false","filtered"
"2281","2502","17335","459.2513","7.717","910.5","63","63_1_F1","2M+Na; M+Na","[17328]; [17328]","true","keep_rep"
"2282","2503","17328","475.2242","7.717","197.9","63","63_1_F1","2M+K; M+K","[17335]; [17335]","false","filtered"
"2278","2346","14223","437.2694","6.365","4,597.6","62","62_1_F1","M+ACN+Na","[14267]","true","keep_rep"
"2279","2351","14258","435.2541","6.390","4,470.7","62","62_1_F1","2M+H; M+H","[14267]; [14267]","false","filtered"
"2280","2352","14267","452.2803","6.390","348.6","62","62_1_F1","2M+NH4; M+DMSO+H; M+NH4","[14258]; [14223]; [14258]","false","filtered"
"2276","1719","9338","435.2542","4.126","4,714.9","61","61_1_F1","2M+H; M+H","[9336]; [9336]","true","keep_rep"
"2277","1734","9336","452.2789","4.146","560.2","61","61_1_F1","2M+NH4; M+NH4","[9338]; [9338]","false","filtered"
"2272","2415","15576","491.2419","6.969","2,725.2","60","60_1_F1","2M+ACN+Na; 2M+Na; M+2Na; M+2Na-H; M+3Na; M+ACN+Na; M+Na","[15565]; [15562, 15565, 15583]; [15565]; [15565]; [15565]; [15565]; [15562, 15565, 15583]","true","keep_rep"
"2273","2419","15583","486.2860","6.971","2,081.1","60","60_1_F1","2M+NH4; M+NH4","[15562, 15565, 15576]; [15562, 15565, 15576]","false","filtered"
"2274","2413","15562","507.2156","6.965","1,529.0","60","60_1_F1","2M+K; M+2K-H; M+K","[15565, 15576, 15583]; [15565]; [15565, 15576, 15583]","false","filtered"
"2275","2414","15565","469.2598","6.967","1,327.2","60","60_1_F1","2M+ACN+H; 2M+H; M+2H; M+3H; M+ACN+H; M+H; M+K; M+Na","[15576]; [15562, 15576, 15583]; [15576]; [15576]; [15576]; [15562, 15576, 15583]; [15562]; [15576]","false","filtered"
"2269","2481","16664","442.2963","7.402","428.5","59","59_1_F1","2M+NH4; M+NH4","[16655, 16656]; [16655, 16656]","true","keep_rep"
"2270","2483","16656","447.2516","7.404","342.6","59","59_1_F1","2M+Na; M+Na","[16655, 16664]; [16655, 16664]","false","filtered"
"2271","2482","16655","463.2255","7.402","144.0","59","59_1_F1","2M+K; M+K","[16656, 16664]; [16656, 16664]","false","filtered"
"2267","2310","13728","419.2589","6.127","17,706.4","58","58_1_F1","2M+H; M+H","[13745]; [13745]","true","keep_rep"
"2268","2315","13745","436.2858","6.133","226.8","58","58_1_F1","2M+NH4; M+NH4","[13728]; [13728]","false","filtered"
"2265","2145","12039","419.2589","5.330","16,614.4","57","57_1_F1","2M+H; M+H","[12018]; [12018]","true","keep_rep"
"2266","2134","12018","436.2857","5.326","522.8","57","57_1_F1","2M+NH4; M+NH4","[12039]; [12039]","false","filtered"
"2257","2356","14438","419.2590","6.471","22,744.6","56","56_1_F1","2M+H; M+; M+H","[14439]; [14449]; [14439]","true","keep_rep"
"2258","2358","14440","472.3069","6.471","17,946.9","56","56_1_F1","2M+NH4; M+ACN+H; M+NH4","[14433]; [14447]; [14433]","false","filtered"
"2259","2355","14433","477.2621","6.469","6,492.1","56","56_1_F1","2M+Na; M+Na","[14440]; [14440]","false","filtered"
"2260","2360","14457","470.2912","6.478","2,255.1","56","56_1_F1","2M+NH4; M+NH4","[14447]; [14447]","false","filtered"
"2261","2353","14368","249.1854","6.454","2,059.5","56","56_1_F1","M+2ACN+2H; M+3ACN+2H; M+ACN+H","[14449]; [14449]; [14449]","false","filtered"
"2262","2357","14439","436.2857","6.471","1,121.9","56","56_1_F1","2M+NH4; M+; M+NH4","[14438]; [14447, 14449]; [14438]","false","filtered"
"2263","2359","14447","475.2464","6.474","560.5","56","56_1_F1","2M+K; 2M+Na; M+2K-H; M+2Na-H; M+K; M+Na","[14449]; [14457]; [14449]; [14440]; [14439, 14449]; [14457]","false","filtered"
"2264","2354","14449","437.2922","6.455","175.1","56","56_1_F1","2M+H; 2M+Na; M+ACN+Na; M+H; M+K; M+NH4; M+Na","[14447]; [14368]; [14368]; [14439, 14447]; [14447]; [14438]; [14368]","false","filtered"
"2253","2404","15156","472.3068","6.774","34,227.7","55","55_1_F1","2M+NH4; M+NH4","[15148, 15155, 15157]; [15148, 15155, 15157]","true","keep_rep"
"2254","2402","15148","493.2354","6.772","14,408.9","55","55_1_F1","2M+K; M+2K-H; M+K","[15155, 15156, 15157]; [15155]; [15155, 15156, 15157]","false","filtered"
"2255","2405","15157","477.2617","6.774","10,903.8","55","55_1_F1","2M+ACN+Na; 2M+Na; M+2Na; M+2Na-H; M+3Na; M+ACN+Na; M+Na","[15155]; [15148, 15155, 15156]; [15155]; [15155]; [15155]; [15155]; [15148, 15155, 15156]","false","filtered"
"2256","2403","15155","455.2798","6.774","5,128.0","55","55_1_F1","2M+ACN+H; 2M+H; M+2H; M+3H; M+ACN+H; M+H; M+K; M+Na","[15157]; [15148, 15156, 15157]; [15157]; [15157]; [15157]; [15148, 15156, 15157]; [15148]; [15157]","false","filtered"
"2251","1757","9655","427.1374","4.273","4,274.1","54","54_1_F1","2M+Na; M+Na","[9648]; [9648]","true","keep_rep"
"2252","1756","9648","443.1112","4.268","704.7","54","54_1_F1","2M+K; M+K","[9655]; [9655]","false","filtered"
"2249","1260","6354","420.2240","2.914","2,357.9","53","53_1_F1","2M+NH4; M+NH4","[6355]; [6355]","true","keep_rep"
"2250","1261","6355","425.1809","2.916","392.7","53","53_1_F1","2M+Na; M+Na","[6354]; [6354]","false","filtered"
"2246","1804","9854","423.2376","4.403","1,397.1","52","52_3_F1","2M+Na; M+Na","[9847]; [9847]","true","keep_rep"
"2247","1788","9847","439.2097","4.379","107.9","52","52_3_F1","2M+K; M+CH3OH+H; M+K","[9854]; [9803]; [9854]","false","filtered"
"2235","1778","9755","586.2702","4.327","9,791.9","52","52_2_F1","2M+NH4; M+NH4","[9750, 9754]; [9750, 9752, 9754]","true","keep_rep"
"2236","1777","9754","569.2434","4.327","5,034.0","52","52_2_F1","2M+ACN+H; 2M+H; 2M+NH4; M+2H; M+3H; M+ACN+2H; M+ACN+H; M+H; M+NH4; M+Na","[9750]; [9750, 9755]; [9697]; [9750]; [9750]; [9726]; [9750, 9756]; [9750, 9752, 9755]; [9697]; [9750]","false","filtered"
"2237","1785","9799","507.2364","4.350","3,091.4","52","52_2_F1","2M+ACN+Na; 2M+Na; M+; M+2Na; M+2Na-H; M+3Na; M+ACN+Na; M+Na","[9688]; [9688, 9800]; [9761]; [9688]; [9688]; [9688]; [9688]; [9688, 9800]","false","filtered"
"2238","1786","9800","523.2102","4.350","1,256.5","52","52_2_F1","2M+K; M+2K-H; M+2Na-H; M+K","[9688, 9799]; [9688]; [9726]; [9688, 9799]","false","filtered"
"2239","1783","9688","485.2543","4.350","997.3","52","52_2_F1","2M+ACN+H; 2M+H; M+2H; M+3H; M+ACN+H; M+CH3OH+H; M+H; M+K; M+Na","[9799]; [9799, 9800]; [9799]; [9799]; [9799]; [9782]; [9799, 9800]; [9800]; [9799]","false","filtered"
"2240","1779","9756","588.2731","4.327","955.8","52","52_2_F1","2M+NH4; M+; M+IsoProp+H; M+NH4","[9761]; [9693, 9698]; [9698, 9750, 9754]; [9761]","false","filtered"
"2241","1775","9750","591.2255","4.325","847.3","52","52_2_F1","2M+ACN+H; 2M+ACN+Na; 2M+H; 2M+Na; M+2H; M+2Na; M+2Na-H; M+3H; M+3Na; M+ACN+H; M+ACN+Na; M+H; M+Na","[9752]; [9754]; [9752]; [9754, 9755]; [9752]; [9754]; [9754]; [9752]; [9754]; [9693, 9752]; [9754, 9756]; [9752]; [9752, 9754, 9755]","false","filtered"
"2242","1780","9761","571.2460","4.328","453.3","52","52_2_F1","2M+H; M+; M+ACN+Na; M+H; M+IsoProp+H","[9756]; [9671]; [9799]; [9756]; [9697]","false","filtered"
"2243","1776","9752","613.2079","4.327","393.4","52","52_2_F1","2M+ACN+Na; 2M+Na; M+2Na; M+2Na-H; M+3Na; M+ACN+Na; M+Na","[9750]; [9750]; [9750]; [9750, 9754, 9755]; [9750]; [9693, 9750]; [9750]","false","filtered"
"2244","1782","9792","508.3279","4.348","320.2","52","52_2_F1","2M+ACN+Na; 2M+NH4; M+ACN+Na; M+NH4","[9716]; [9720, 9782]; [9716]; [9782]","false","filtered"
"2245","1781","9782","513.2834","4.346","148.8","52","52_2_F1","2M+Na; M+ACN+2H; M+DMSO+H; M+H; M+IsoProp+H; M+Na","[9720, 9792]; [9717]; [9720]; [9726]; [9688]; [9792]","false","filtered"
"2233","1760","9666","471.2749","4.279","5,208.4","52","52_1_F5","M+H+NH4","[9716]","true","keep_rep"
"2234","1771","9716","483.2752","4.305","171.2","52","52_1_F5","2M+K; M+ACN+2H; M+K","[9792]; [9666]; [9792]","false","filtered"
"2230","1763","9676","650.3562","4.283","30,426.6","52","52_1_F4","2M+NH4; M+NH4","[9668, 9671]; [9668, 9671]","true","keep_rep"
"2231","1762","9671","655.3114","4.281","18,177.2","52","52_1_F4","2M+Na; M+IsoProp+Na+H; M+Na","[9668, 9676]; [9761]; [9668, 9676]","false","filtered"
"2232","1761","9668","671.2853","4.279","7,019.5","52","52_1_F4","2M+K; M+K","[9671, 9676]; [9671, 9676]","false","filtered"
"2227","1768","9698","611.2546","4.296","2,217.1","52","52_1_F3","2M+ACN+H; 2M+H; M+2H; M+3H; M+ACN+H; M+H; M+IsoProp+Na+H; M+Na","[9693]; [9692, 9693]; [9693]; [9693]; [9693]; [9692, 9693]; [9756]; [9693, 9756]","true","keep_rep"
"2228","1765","9692","628.2813","4.294","1,545.0","52","52_1_F3","2M+NH4; M+NH4","[9693, 9698]; [9693, 9698]","false","filtered"
"2229","1766","9693","633.2374","4.294","423.0","52","52_1_F3","2M+ACN+Na; 2M+Na; M+2Na; M+2Na-H; M+3Na; M+ACN+Na; M+IsoProp+Na+H; M+Na","[9698]; [9692, 9698]; [9698]; [9698, 9756]; [9698]; [9698]; [9750, 9752]; [9692, 9698]","false","filtered"
"2222","1764","9724","541.2760","4.289","3,202.4","52","52_1_F2","2M+Na; M+Na","[9726]; [9726]","true","keep_rep"
"2223","1774","9726","557.2530","4.309","1,341.4","52","52_1_F2","2M+3H2O+2H; 2M+K; M+2Na-H; M+DMSO+H; M+H+NH4; M+K","[9697]; [9724]; [9782]; [9800]; [9754]; [9724]","false","filtered"
"2224","1767","9697","593.2435","4.296","603.9","52","52_1_F2","2M+ACN+H; 2M+ACN+Na; M+2ACN+H; M+ACN+H; M+K","[9754]; [9726]; [9761]; [9754]; [9657]","false","filtered"
"2225","1758","9656","537.2533","4.275","582.3","52","52_1_F2","2M+H; M+H","[9657]; [9657]","false","filtered"
"2226","1759","9657","554.2805","4.275","233.7","52","52_1_F2","2M+NH4; M+; M+NH4","[9656]; [9697]; [9656]","false","filtered"
"2220","1772","9717","501.2857","4.305","2,652.9","52","52_1_F1","2M+H; M+DMSO+H; M+H; M+H+NH4","[9720]; [9803]; [9720]; [9782]","true","keep_rep"
"2221","1773","9720","518.3111","4.307","1,066.2","52","52_1_F1","2M+3H2O+2H; 2M+NH4; M+IsoProp+Na+H; M+NH4","[9782, 9792]; [9717]; [9782]; [9717]","false","filtered"
"2248","1787","9803","467.2438","4.352","1,996.2","52","","M+2Na-H; M+IsoProp+H","[9717]; [9847]","false","kept (no corr-family)"
"2218","2545","20422","437.2691","9.221","1,130.8","51","51_1_F1","2M+ACN+H; 2M+H; M+2H; M+3H; M+ACN+H; M+H; M+Na","[20430]; [20430]; [20430]; [20430]; [20430]; [20430]; [20430]","true","keep_rep"
"2219","2546","20430","459.2510","9.223","325.4","51","51_1_F1","2M+ACN+Na; 2M+Na; M+2Na; M+2Na-H; M+3Na; M+ACN+Na; M+Na","[20422]; [20422]; [20422]; [20422]; [20422]; [20422]; [20422]","false","filtered"
"2211","2292","13444","879.4307","5.986","3,435.0","50","50_2_F2","2M+K; 2M+Na; M+Na","[13351]; [13441, 13445]; [13441, 13445]","true","keep_rep"
"2212","2293","13445","895.4034","5.986","1,800.5","50","50_2_F2","2M+K; M+K","[13441, 13444]; [13441, 13444]","false","filtered"
"2213","2290","13441","874.4749","5.984","1,638.2","50","50_2_F2","2M+NH4; M+NH4","[13444, 13445]; [13444, 13445]","false","filtered"
"2208","2284","13397","470.2910","5.966","47,603.4","50","50_2_F1","2M+NH4; M+H; M+NH4","[13351]; [13399]; [13351]","true","keep_rep"
"2209","2285","13399","502.3168","5.966","43,178.6","50","50_2_F1","2M+3H2O+2H; 2M+ACN+H; M+2ACN+2H; M+3ACN+2H; M+CH3OH+H; M+H","[13348]; [13383]; [13374]; [13361]; [13397]; [13315]","false","filtered"
"2210","2288","13348","516.3328","5.975","27,238.9","50","50_2_F1","2M+ACN+H; M+; M+IsoProp+H; M+NH4","[13399]; [13379]; [13383]; [13193]","false","filtered"
"2201","2270","13352","531.3074","5.962","11,438.7","50","50_1_F2","M+","[13260]","true","keep_rep"
"2202","2281","13385","561.2453","5.964","5,179.9","50","50_1_F2","2M+Na; M+Na","[13369]; [13369]","false","filtered"
"2203","2260","13267","553.2479","5.930","4,339.8","50","50_1_F2","2M+H; M+H","[13260]; [13259, 13260]","false","filtered"
"2204","2258","13260","570.2752","5.928","3,750.6","50","50_1_F2","2M+NH4; M+K; M+NH4","[13267]; [13352]; [13259, 13267]","false","filtered"
"2205","2264","13315","578.2338","5.960","2,855.2","50","50_1_F2","2M+Na; M+2H; M+2K-H; M+H; M+Na","[13405]; [13259]; [13399]; [13369]; [13405]","false","filtered"
"2206","2272","13369","577.2200","5.962","648.1","50","50_1_F2","2M+K; M+; M+K","[13385]; [13315]; [13385]","false","filtered"
"2207","2261","13259","597.2134","5.932","302.7","50","50_1_F2","M+2Na; M+2Na-H; M+H+K","[13405]; [13260, 13267]; [13315]","false","filtered"
"2181","2280","13383","488.3014","5.964","881,845.2","50","50_1_F1","2M+3H2O+2H; 2M+NH4; M+CH3OH+H; M+H+K; M+H+NH4; M+NH4","[13399]; [13347, 13355]; [13348]; [13398]; [13361]; [13347, 13355, 13360, 13361, 13362, 13364]","true","keep_rep"
"2182","2269","13351","453.2641","5.962","309,782.0","50","50_1_F1","2M+H; M+2Na; M+CH3OH+H; M+H; M+H+Na","[13397]; [13209]; [13444]; [13397]; [13209]","false","filtered"
"2183","2267","13349","417.2429","5.962","251,931.7","50","50_1_F1","2M+H; 2M+Na; M+; M+2ACN+H; M+H","[13312]; [13193]; [13295]; [13210]; [13312]","false","filtered"
"2184","2271","13355","493.2565","5.962","176,468.7","50","50_1_F1","2M+Na; M+2H+Na; M+2Na; M+3Na; M+H+K; M+H+Na; M+Na","[13347, 13383]; [13386]; [13360, 13361, 13362, 13364]; [13386, 13388]; [13295]; [13362]; [13347, 13360, 13361, 13362, 13364, 13383]","false","filtered"
"2185","2276","13362","963.5243","5.962","67,578.3","50","50_1_F1","2M+ACN+Na; 2M+Na; M+2H+Na; M+2Na; M+2Na-H; M+3Na; M+ACN+Na; M+H; M+Na","[13360]; [13347, 13355, 13360, 13361, 13364, 13383]; [13388]; [13360]; [13360]; [13360, 13388]; [13360]; [13355]; [13355, 13360, 13361, 13364]","false","filtered"
"2186","2266","13347","509.2308","5.962","62,758.6","50","50_1_F1","2M+K; M+H+K; M+K","[13355, 13383]; [13364]; [13355, 13360, 13361, 13362, 13364, 13383]","false","filtered"
"2187","2275","13361","958.5689","5.962","34,975.3","50","50_1_F1","2M+NH4; M+DMSO+H; M+H; M+H+K; M+NH4","[13347, 13355, 13360, 13362, 13364, 13383]; [13399]; [13383]; [13323]; [13355, 13360, 13362, 13364]","false","filtered"
"2188","2277","13364","979.4987","5.962","17,609.8","50","50_1_F1","2M+K; M+2K-H; M+H; M+K","[13347, 13355, 13360, 13361, 13362, 13383]; [13360]; [13347]; [13355, 13360, 13361, 13362]","false","filtered"
"2189","2262","13379","281.1538","5.933","10,201.3","50","50_1_F1","M+2ACN+2H; M+2Na; M+ACN+H","[13295]; [13348]; [13295]","false","filtered"
"2190","2282","13386","728.3914","5.964","7,334.2","50","50_1_F1","2M+Na; M+2H; M+2Na; M+H+Na; M+Na","[13403]; [13355]; [13355, 13388]; [13388]; [13388, 13403]","false","filtered"
"2191","2283","13388","1,433.7915","5.964","5,917.1","50","50_1_F1","2M+Na; M+2H; M+2Na; M+H; M+Na","[13386, 13403]; [13362]; [13360, 13362]; [13386]; [13355, 13386]","false","filtered"
"2192","2278","13365","981.5019","5.962","4,537.9","50","50_1_F1","2M+K; 2M+Na; M+2K-H; M+K","[13374]; [13193]; [13374]; [13374]","false","filtered"
"2193","2274","13360","941.5409","5.962","2,485.3","50","50_1_F1","2M+ACN+H; 2M+H; 2M+K; M+2H; M+3H; M+ACN+H; M+ACN+Na; M+H; M+K; M+Na","[13362]; [13347, 13355, 13361, 13362, 13364, 13383]; [13295]; [13362]; [13362, 13388]; [13362]; [13323]; [13355, 13361, 13362, 13364]; [13364]; [13362]","false","filtered"
"2194","2259","13209","295.1906","5.930","2,140.7","50","50_1_F1","M+2H+Na; M+3H; M+DMSO+H; M+IsoProp+H","[13351]; [13323, 13351]; [13193]; [13295]","false","filtered"
"2195","2256","13312","434.2743","5.916","1,925.2","50","50_1_F1","2M+NH4; M+NH4","[13349]; [13349]","false","filtered"
"2196","2265","13323","961.5760","5.960","1,695.3","50","50_1_F1","M+2Na; M+DMSO+H; M+IsoProp+Na+H","[13361]; [13209]; [13360]","false","filtered"
"2197","2268","13374","472.2767","5.962","1,638.2","50","50_1_F1","M+2H; M+ACN+H; M+H; M+H+K; M+H+Na","[13365]; [13398]; [13365]; [13365]; [13399]","false","filtered"
"2198","2257","13210","335.1840","5.917","1,060.3","50","50_1_F1","M+H","[13349]","false","filtered"
"2199","2273","13295","496.2650","5.962","880.1","50","50_1_F1","2M+3H2O+2H; 2M+NH4; 2M+Na; M+2Na; M+2Na-H; M+DMSO+H; M+NH4; M+Na","[13209]; [13379]; [13398]; [13355]; [13360]; [13349]; [13379]; [13398]","false","filtered"
"2200","2263","13193","261.1472","5.934","541.9","50","50_1_F1","M+2Na-H; M+ACN+2H; M+ACN+Na; M+H+Na","[13209]; [13365]; [13349]; [13348]","false","filtered"
"2214","2295","13597","486.2856","6.025","10,064.0","50","","M+DMSO+H","[13398]","false","kept (no corr-family)"
"2215","2291","13398","491.3095","5.984","6,883.2","50","","2M+NH4; M+2Na; M+IsoProp+H; M+IsoProp+Na+H; M+NH4","[13295]; [13383]; [13374]; [13597]; [13295]","false","kept (no corr-family)"
"2216","2289","13403","723.4348","5.979","1,530.4","50","","2M+NH4; M+NH4","[13386]; [13386, 13388]","false","kept (no corr-family)"
"2217","2286","13405","594.2097","5.968","682.8","50","","2M+K; M+H+K; M+K","[13315]; [13259]; [13315]","false","kept (no corr-family)"
"2176","2396","14948","437.2725","6.736","33,634.6","49","49_2_F1","2M+H; M+; M+H; M+H+K; M+IsoProp+Na+H","[14947, 15016]; [14972]; [14947]; [15016]; [14941]","true","keep_rep"
"2177","2392","14947","454.2959","6.688","8,107.5","49","49_2_F1","2M+ACN+H; 2M+NH4; M+2ACN+2H; M+2ACN+H; M+ACN+H; M+ACN+Na; M+H; M+NH4","[14942]; [14948]; [14942]; [14942]; [14942]; [14942]; [14835]; [14948]","false","filtered"
"2165","2382","14834","472.3067","6.652","71,325.9","49","49_1_F1","2M+3H2O+2H; 2M+ACN+H; 2M+NH4; M+2ACN+2H; M+2ACN+H; M+ACN+H; M+ACN+Na; M+NH4","[14835]; [14934]; [14904, 14917]; [14934]; [14934]; [14934, 14935]; [14934]; [14904, 14917]","true","keep_rep"
"2166","2381","14833","419.2588","6.652","57,662.8","49","49_1_F1","2M+H; M+H","[14807]; [14807]","false","filtered"
"2167","2385","14904","477.2620","6.670","31,875.0","49","49_1_F1","2M+ACN+H; 2M+Na; M+ACN+H; M+Na","[14934]; [14834, 14917]; [14934]; [14834, 14917]","false","filtered"
"2168","2386","14917","493.2360","6.676","12,964.7","49","49_1_F1","2M+K; M+K","[14834, 14904]; [14834, 14904]","false","filtered"
"2169","2388","14935","475.2464","6.684","9,878.7","49","49_1_F1","2M+ACN+Na; 2M+Na; M+2Na; M+2Na-H; M+3Na; M+ACN+Na; M+K; M+Na","[14934]; [14934, 14943]; [14934]; [14834, 14934]; [14934]; [14934]; [14807]; [14934, 14943]","false","filtered"
"2170","2390","14941","417.2431","6.686","8,722.9","49","49_1_F1","2M+Na; M+2Na; M+2Na-H; M+ACN+Na; M+Na","[14807]; [14807]; [14807]; [14807, 14948]; [14807]","false","filtered"
"2171","2379","14817","265.1600","6.637","5,544.6","49","49_1_F1","M+2ACN+2H; M+DMSO+H","[14943]; [14807]","false","filtered"
"2172","2383","14835","486.3221","6.652","5,399.9","49","49_1_F1","2M+ACN+H; M+2ACN+H; M+CH3OH+H","[14834]; [14807]; [14947]","false","filtered"
"2173","2387","14934","453.2642","6.684","4,378.7","49","49_1_F1","2M+ACN+H; 2M+H; 2M+NH4; 2M+Na; M+2H; M+2Na; M+2Na-H; M+3H; M+ACN+H; M+ACN+Na; M+H; M+K; M+NH4; M+Na","[14935]; [14935, 14943]; [14904]; [14834]; [14935]; [14834]; [14834]; [14935]; [14935]; [14834]; [14935, 14943]; [14943]; [14904]; [14834, 14935]","false","filtered"
"2174","2391","14943","491.2197","6.686","3,717.0","49","49_1_F1","2M+K; M+2K-H; M+2Na-H; M+K","[14934, 14935]; [14934]; [14817]; [14934, 14935]","false","filtered"
"2175","2380","14807","436.2859","6.646","1,651.2","49","49_1_F1","2M+ACN+H; 2M+ACN+Na; 2M+NH4; M+; M+2ACN+2H; M+2ACN+H; M+ACN+H; M+ACN+Na; M+CH3OH+H; M+NH4","[14941]; [14817]; [14833]; [14935]; [14941]; [14941]; [14941]; [14941]; [14835]; [14833]","false","filtered"
"2178","2384","14942","435.2508","6.670","10,154.7","49","","2M+Na; M+2Na; M+2Na-H; M+ACN+Na; M+Na","[14947]; [14947]; [14947]; [14947]; [14947]","false","kept (no corr-family)"
"2179","2401","14972","470.2976","6.746","9,776.8","49","","M+CH3OH+H","[14948]","false","kept (no corr-family)"
"2180","2397","15016","279.1955","6.738","2,874.1","49","","M+3H; M+IsoProp+H","[14948]; [14948]","false","kept (no corr-family)"
"2162","2393","14970","391.2472","6.715","5,111.6","48","48_1_F1","2M+Na; M+Na","[14990, 15102]; [14990, 15102]","true","keep_rep"
"2163","2394","15102","407.2208","6.723","1,043.7","48","48_1_F1","2M+K; M+K","[14970, 14990]; [14970, 14990]","false","filtered"
"2164","2395","14990","386.2912","6.733","139.9","48","","2M+NH4; M+NH4","[14970, 15102]; [14970, 15102]","false","kept (no corr-family)"
"2154","2363","14542","387.1948","6.530","21,999.4","47","47_1_F1","2M+ACN+H; 2M+H; M+2H; M+3H; M+ACN+2H; M+ACN+H; M+H; M+H+Na; M+K; M+Na","[14541]; [14536, 14537, 14541]; [14532, 14541]; [14541]; [14532]; [14541, 14557]; [14532, 14536, 14537, 14541]; [14532]; [14537]; [14541]","true","keep_rep"
"2155","2366","14541","409.1771","6.531","15,485.5","47","47_1_F1","2M+ACN+Na; 2M+Na; M+2ACN+2H; M+2Na; M+2Na-H; M+3Na; M+ACN+Na; M+H+Na; M+Na","[14542]; [14536, 14537, 14542]; [14532]; [14532, 14542]; [14542]; [14542]; [14542, 14557]; [14532]; [14532, 14536, 14537, 14542]","false","filtered"
"2156","2365","14537","425.1509","6.531","13,145.4","47","47_1_F1","2M+K; M+2K-H; M+K","[14536, 14541, 14542]; [14542]; [14532, 14536, 14541, 14542]","false","filtered"
"2157","2362","14536","404.2217","6.530","7,048.6","47","47_1_F1","2M+NH4; M+NH4","[14537, 14541, 14542]; [14532, 14537, 14541, 14542]","false","filtered"
"2158","2367","14535","389.1968","6.534","623.1","47","47_1_F1","2M+ACN+H; 2M+H; M+2H; M+3H; M+ACN+H; M+H; M+Na","[14534]; [14534, 14557]; [14534]; [14534]; [14534]; [14534, 14557]; [14534]","false","filtered"
"2159","2371","14534","411.1802","6.545","517.9","47","47_1_F1","2M+ACN+Na; 2M+Na; M+2Na; M+2Na-H; M+3Na; M+ACN+Na; M+Na","[14535]; [14535, 14557]; [14535]; [14535]; [14535]; [14535]; [14535, 14557]","false","filtered"
"2160","2361","14557","406.2261","6.528","136.9","47","47_1_F1","2M+NH4; M+IsoProp+H; M+NH4","[14534, 14535]; [14541, 14542]; [14534, 14535]","false","filtered"
"2161","2364","14532","795.3613","6.530","50.5","47","47_1_F1","2M+Na; M+2Na-H; M+ACN+Na; M+H; M+IsoProp+H; M+Na","[14536, 14537, 14541, 14542]; [14542]; [14542]; [14541]; [14541]; [14541, 14542]","false","filtered"
"2148","1575","8553","567.2276","3.781","77,870.3","46","46_2_F2","2M+ACN+H; 2M+H; M+2Na-H; M+ACN+H; M+H","[8479]; [8554]; [8590]; [8479]; [8554]","true","keep_rep"
"2149","1576","8554","584.2542","3.781","36,458.9","46","46_2_F2","2M+ACN+H; 2M+ACN+Na; 2M+H; 2M+NH4; M+2ACN+2H; M+2ACN+H; M+3ACN+2H; M+ACN+H; M+ACN+Na; M+H; M+IsoProp+H; M+NH4","[8479]; [8479]; [8590]; [8553]; [8479]; [8479]; [8479]; [8479]; [8479]; [8590]; [8532]; [8553]","false","filtered"
"2150","1587","8532","283.1164","3.787","846.1","46","46_2_F2","M+2ACN+2H; M+2Na; M+2Na-H; M+ACN+2H; M+H+K; M+H+Na; M+IsoProp+Na+H; M+K; M+Na","[8479]; [8479]; [8417]; [8554]; [8478]; [8479]; [8462]; [8438, 8478]; [8479]","false","filtered"
"2151","1588","8590","601.2801","3.788","214.8","46","46_2_F2","2M+NH4; M+DMSO+H; M+NH4","[8554]; [8553]; [8554]","false","filtered"
"2142","1583","8585","800.4449","3.785","33,289.4","46","46_2_F1","2M+NH4; M+NH4","[8584, 8593, 8594]; [8584, 8593, 8594]","true","keep_rep"
"2143","1589","8593","805.4000","3.788","29,051.8","46","46_2_F1","2M+ACN+Na; 2M+Na; M+2Na; M+2Na-H; M+3Na; M+ACN+Na; M+Na","[8584]; [8584, 8585, 8594]; [8584]; [8584]; [8584]; [8584]; [8584, 8585, 8594]","false","filtered"
"2144","1582","8584","783.4182","3.785","9,545.3","46","46_2_F1","2M+ACN+H; 2M+H; 2M+K; M+2H; M+3H; M+ACN+H; M+H; M+K; M+Na","[8593]; [8585, 8593, 8594]; [8551]; [8593]; [8593]; [8593]; [8585, 8593, 8594]; [8594]; [8593]","false","filtered"
"2145","1572","8551","451.2488","3.781","8,370.2","46","46_2_F1","2M+H; M+; M+2ACN+H; M+DMSO+H; M+H","[8564]; [8439]; [8597]; [8584]; [8564]","false","filtered"
"2146","1590","8594","821.3762","3.788","7,294.3","46","46_2_F1","2M+K; M+2K-H; M+K","[8584, 8585, 8593]; [8584]; [8584, 8585, 8593]","false","filtered"
"2147","1584","8564","468.2757","3.786","208.0","46","46_2_F1","2M+NH4; M+NH4","[8551]; [8551]","false","filtered"
"2135","1553","8429","748.3230","3.737","100,740.3","46","46_1_F4","2M+NH4; M+NH4","[8406, 8433]; [8406, 8433, 8434]","true","keep_rep"
"2136","1554","8433","753.2779","3.737","7,192.3","46","46_1_F4","2M+ACN+H; 2M+H; 2M+Na; M+2H; M+3H; M+ACN+H; M+H; M+K; M+Na","[8434]; [8426, 8434, 8462]; [8406, 8429]; [8434]; [8434]; [8434]; [8426, 8434, 8462]; [8426]; [8406, 8429, 8434]","false","filtered"
"2137","1555","8434","775.2574","3.737","1,749.7","46","46_1_F4","2M+ACN+Na; 2M+K; 2M+Na; M+2Na; M+2Na-H; M+3Na; M+ACN+Na; M+H; M+Na","[8433]; [8456]; [8426, 8433, 8462]; [8433]; [8406, 8429, 8433]; [8433]; [8433]; [8456, 8462]; [8426, 8433, 8462]","false","filtered"
"2138","1548","8406","769.2489","3.735","1,443.3","46","46_1_F4","2M+ACN+H; 2M+H; 2M+K; M+2H; M+3H; M+ACN+H; M+H; M+K; M+Na","[8426]; [8426, 8456]; [8429, 8433]; [8426]; [8426]; [8426]; [8426, 8456]; [8429, 8433, 8434]; [8426]","false","filtered"
"2139","1551","8426","791.2338","3.737","576.7","46","46_1_F4","2M+ACN+Na; 2M+K; 2M+Na; M+2K-H; M+2Na; M+2Na-H; M+3Na; M+ACN+Na; M+H; M+K; M+Na","[8406]; [8433, 8434, 8462]; [8406, 8456]; [8433]; [8406]; [8406]; [8406]; [8406]; [8456]; [8433, 8434, 8462]; [8406, 8456]","false","filtered"
"2140","1561","8456","407.1115","3.743","243.9","46","46_1_F4","M+2Na; M+H+K; M+H+Na; M+K; M+Na","[8406, 8426]; [8434, 8462]; [8426]; [8434]; [8406, 8426]","false","filtered"
"2141","1549","8462","399.1240","3.737","139.5","46","46_1_F4","2M+H; M+2Na; M+H+Na; M+Na","[8532]; [8426, 8433, 8434]; [8434, 8456]; [8426, 8433, 8434]","false","filtered"
"2133","1564","8478","527.2624","3.757","2,480.4","46","46_1_F3","2M+K; 2M+Na; M+H; M+Na","[8532]; [8479]; [8532]; [8479]","true","keep_rep"
"2134","1565","8479","543.2370","3.757","579.0","46","46_1_F3","2M+H; 2M+K; 2M+NH4; 2M+Na; M+2H; M+ACN+2H; M+ACN+H; M+H; M+IsoProp+H; M+K; M+NH4; M+Na","[8554]; [8478]; [8553]; [8532, 8554]; [8554]; [8554]; [8554]; [8532, 8554]; [8532]; [8478]; [8553]; [8532, 8554]","false","filtered"
"2128","1540","8373","473.2896","3.711","2,525.1","46","46_1_F2","M+2H; M+H+Na","[8439]; [8439]","true","keep_rep"
"2129","1559","8445","489.2322","3.741","784.0","46","46_1_F2","2M+Na; M+2Na-H; M+Na","[8439]; [8446]; [8439]","false","filtered"
"2130","1562","8446","523.2882","3.743","568.3","46","46_1_F2","2M+Na; M+DMSO+H; M+Na","[8417]; [8445]; [8417]","false","filtered"
"2131","1557","8417","518.3332","3.739","386.0","46","46_1_F2","2M+ACN+H; 2M+NH4; M+DMSO+H; M+NH4","[8532]; [8446]; [8439]; [8446]","false","filtered"
"2132","1556","8439","484.2765","3.739","269.5","46","46_1_F2","2M+NH4; M+2Na; M+2Na-H; M+CH3OH+H; M+H+Na; M+NH4","[8445]; [8373]; [8417]; [8551]; [8373]; [8445]","false","filtered"
"2125","1558","8458","362.2546","3.739","4,792.9","46","46_1_F1","2M+NH4; M+NH4","[8404, 8422]; [8404, 8422]","true","keep_rep"
"2126","1550","8422","383.1840","3.737","623.1","46","46_1_F1","2M+K; M+H+Na; M+K","[8404, 8458]; [8597]; [8404, 8458]","false","filtered"
"2127","1563","8597","391.1737","3.747","119.4","46","46_1_F1","M+H+K; M+Na","[8422]; [8551]","false","filtered"
"2152","1567","8404","367.2111","3.762","6,327.3","46","","2M+Na; M+Na","[8422, 8458]; [8422, 8458]","false","kept (no corr-family)"
"2153","1560","8438","327.2177","3.743","690.5","46","","M+2ACN+H","[8532]","false","kept (no corr-family)"
"2123","2326","13896","360.2527","6.208","1,363.5","45","45_1_F1","2M+Na; M+Na","[13883]; [13883]","true","keep_rep"
"2124","2327","13883","376.2257","6.215","328.8","45","45_1_F1","2M+K; M+K","[13896]; [13896]","false","filtered"
"2118","1484","7770","395.2055","3.510","3,896.2","44","44_1_F1","2M+ACN+Na; 2M+Na; M+2Na; M+2Na-H; M+3Na; M+ACN+Na; M+H+NH4; M+Na","[7765]; [7765, 7772]; [7765]; [7765]; [7765]; [7765]; [7747]; [7765, 7772]","true","keep_rep"
"2119","1483","7772","411.1782","3.507","1,742.8","44","44_1_F1","2M+K; M+2K-H; M+K","[7765, 7770]; [7765]; [7765, 7770]","false","filtered"
"2120","1472","7747","832.4348","3.471","1,566.9","44","44_1_F1","2M+NH4; M+IsoProp+H; M+NH4","[7741]; [7770]; [7741]","false","filtered"
"2121","1477","7765","373.2225","3.487","1,379.3","44","44_1_F1","2M+ACN+H; 2M+H; M+2H; M+3H; M+ACN+H; M+H; M+K; M+Na","[7770]; [7770, 7772]; [7770]; [7770]; [7770]; [7770, 7772]; [7772]; [7770]","false","filtered"
"2122","1470","7741","837.3879","3.469","165.2","44","44_1_F1","2M+Na; M+Na","[7747]; [7747]","false","filtered"
"2116","2167","12222","373.1769","5.421","596.0","43","43_1_F1","2M+ACN+H; 2M+H; M+2H; M+3H; M+ACN+H; M+H; M+Na","[12237]; [12237]; [12237]; [12237]; [12237]; [12237]; [12237]","true","keep_rep"
"2117","2168","12237","395.1593","5.423","209.9","43","43_1_F1","2M+ACN+Na; 2M+Na; M+2Na; M+2Na-H; M+3Na; M+ACN+Na; M+Na","[12222]; [12222]; [12222]; [12222]; [12222]; [12222]; [12222]","false","filtered"
"2114","2030","11346","348.2755","4.984","7,824.1","42","42_1_F1","2M+NH4; M+NH4","[11332]; [11332]","true","keep_rep"
"2115","2042","11332","353.2312","5.006","2,317.8","42","42_1_F1","2M+Na; M+Na","[11346]; [11346]","false","filtered"
"2112","1315","6712","353.1584","3.045","586.3","41","41_1_F1","2M+Na; M+Na","[6708]; [6708]","true","keep_rep"
"2113","1320","6708","348.2048","3.061","283.2","41","41_1_F1","2M+NH4; M+NH4","[6712]; [6712]","false","filtered"
"2109","1406","7265","393.1894","3.287","1,154.9","40","40_1_F1","2M+ACN+Na; 2M+Na; M+2Na; M+2Na-H; M+3Na; M+ACN+Na; M+Na","[7268]; [7260, 7268]; [7268]; [7268]; [7268]; [7268]; [7260, 7268]","true","keep_rep"
"2110","1415","7268","371.2092","3.307","1,058.7","40","40_1_F1","2M+ACN+H; 2M+H; M+2H; M+3H; M+ACN+H; M+H; M+K; M+Na","[7265]; [7260, 7265]; [7265]; [7265]; [7265]; [7260, 7265]; [7260]; [7265]","false","filtered"
"2111","1403","7260","409.1629","3.286","363.8","40","40_1_F1","2M+K; M+2K-H; M+K","[7265, 7268]; [7268]; [7265, 7268]","false","filtered"
"2105","1383","7158","365.1718","3.243","2,999.2","39","39_1_F1","2M+ACN+H; 2M+H; M+2H; M+3H; M+ACN+H; M+H; M+Na","[7192]; [7192]; [7192]; [7192]; [7192]; [7192]; [7192]","true","keep_rep"
"2106","1397","7206","750.3203","3.257","900.3","39","39_1_F1","2M+NH4; M+; M+NH4","[7195]; [7192]; [7195]","false","filtered"
"2107","1384","7192","387.1539","3.244","182.3","39","39_1_F1","2M+ACN+Na; 2M+Na; M+2Na; M+2Na-H; M+3Na; M+ACN+Na; M+H+Na; M+Na","[7158]; [7158]; [7158]; [7158]; [7158]; [7158]; [7206]; [7158]","false","filtered"
"2108","1394","7195","755.2775","3.252","96.2","39","39_1_F1","2M+Na; M+Na","[7206]; [7206]","false","filtered"
"2103","2408","15359","345.2062","6.874","733.5","38","38_1_F1","2M+Na; M+Na","[15347]; [15347]","true","keep_rep"
"2104","2409","15347","361.1792","6.895","212.7","38","38_1_F1","2M+K; M+K","[15359]; [15359]","false","filtered"
"2096","1986","11040","361.1105","4.860","20,192.9","37","37_1_F1","2M+K","[10984]","true","keep_rep"
"2097","1979","11020","533.2192","4.858","8,677.6","37","37_1_F1","2M+ACN+H; 2M+H; M+2Na-H; M+ACN+H; M+H","[11185]; [11044]; [10984]; [11185]; [11044]","false","filtered"
"2098","2009","11175","493.2563","4.888","7,649.2","37","37_1_F1","2M+Na; M+Na","[10951, 11185]; [10951, 11185]","false","filtered"
"2099","1967","10951","488.3015","4.848","7,167.9","37","37_1_F1","2M+NH4; M+NH4","[11175, 11185]; [11175, 11185]","false","filtered"
"2100","2010","11185","509.2291","4.896","1,624.7","37","37_1_F1","2M+H; 2M+K; 2M+NH4; 2M+Na; M+2H; M+ACN+2H; M+ACN+H; M+H; M+K; M+NH4; M+Na","[11044]; [10951, 11175]; [11020]; [11044]; [11044]; [11044]; [11044]; [11044]; [10951, 11175]; [11020]; [11044]","false","filtered"
"2101","1988","11044","550.2478","4.860","1,357.7","37","37_1_F1","2M+ACN+H; 2M+ACN+Na; 2M+NH4; M+2ACN+2H; M+2ACN+H; M+3ACN+2H; M+ACN+H; M+ACN+Na; M+DMSO+H; M+NH4","[11185]; [11185]; [11020]; [11185]; [11185]; [11185]; [11185]; [11185]; [10984]; [11020]","false","filtered"
"2102","1972","10984","245.1328","4.856","715.0","37","37_1_F1","M+2H; M+H+NH4; M+IsoProp+Na+H","[11020]; [11044]; [11040]","false","filtered"
"2094","2522","17910","322.2748","8.021","7,948.4","36","36_1_F1","2M+H; M+H; M+K","[17885]; [17885]; [17885]","true","keep_rep"
"2095","2523","17885","360.2300","8.052","311.6","36","36_1_F1","2M+K; M+2K-H; M+K","[17910]; [17910]; [17910]","false","filtered"
"2082","2034","11359","551.2320","4.985","57,938.6","35","35_7_F1","2M+H; 2M+K; M+H","[11353]; [11269]; [11353]","true","keep_rep"
"2083","2032","11353","568.2594","4.985","20,005.9","35","35_7_F1","2M+NH4; M+IsoProp+H; M+NH4","[11359]; [11206, 11411]; [11359]","false","filtered"
"2084","2025","11335","533.2216","4.983","10,026.6","35","35_7_F1","M+H+K","[11206, 11411]","false","filtered"
"2085","2041","11411","525.2265","5.006","1,010.1","35","35_7_F1","2M+K; M+2K-H; M+H+Na; M+K; M+NH4","[11407, 11428]; [11407]; [11335]; [11407, 11428]; [11353]","false","filtered"
"2086","2020","11269","317.1967","4.959","380.0","35","35_7_F1","2M+H; M+H; M+IsoProp+H; M+K","[11262]; [11262]; [11359]; [11262]","false","filtered"
"2087","2039","11407","487.2690","5.004","298.2","35","35_7_F1","2M+H; M+H; M+K","[11411, 11428]; [11411, 11428]; [11411]","false","filtered"
"2080","2012","11220","504.2966","4.914","3,641.6","35","35_6_F2","2M+NH4; M+NH4","[11206]; [11206]","true","keep_rep"
"2081","2017","11206","525.2263","4.940","429.0","35","35_6_F2","2M+K; M+H+Na; M+K; M+NH4","[11220]; [11335]; [11220]; [11353]","false","filtered"
"2075","2018","11257","506.3095","4.943","2,487.8","35","35_6_F1","2M+NH4; M+NH4","[11246, 11256]; [11246, 11256]","true","keep_rep"
"2076","2014","11246","511.2675","4.927","2,100.0","35","35_6_F1","2M+Na; M+Na","[11256, 11257]; [11256, 11257]","false","filtered"
"2077","2011","11263","339.1786","4.908","1,470.5","35","35_6_F1","2M+Na; M+3H; M+H+K; M+Na","[11262]; [11256]; [11154]; [11262]","false","filtered"
"2078","2015","11256","527.2422","4.929","701.9","35","35_6_F1","2M+K; M+H+K; M+K","[11246, 11257]; [11263]; [11246, 11257]","false","filtered"
"2079","2016","11262","355.1536","4.933","205.9","35","35_6_F1","2M+K; M+2K-H; M+K","[11263, 11269]; [11269]; [11263, 11269]","false","filtered"
"2073","1989","11046","551.2319","4.860","302,238.0","35","35_5_F2","2M+H; M+H; M+NH4","[11042]; [11042]; [10850]","true","keep_rep"
"2074","1987","11042","568.2592","4.860","64,365.9","35","35_5_F2","2M+NH4; M+NH4","[11046]; [11046]","false","filtered"
"2045","1990","11048","586.2696","4.860","643,980.2","35","35_5_F1","2M+NH4; M+2H+Na; M+3H; M+CH3OH+H; M+H+NH4; M+NH4","[10988, 11018]; [11087]; [11087]; [10850, 11021]; [11054]; [10982, 10988, 10995, 11018, 11054, 11137]","true","keep_rep"
"2046","1976","11017","515.2109","4.858","163,126.9","35","35_5_F1","2M+H; M+; M+H","[11019]; [11162]; [10992, 11019]","false","filtered"
"2047","1974","10990","588.2720","4.856","63,237.0","35","35_5_F1","2M+NH4; M+2H+Na; M+DMSO+H; M+IsoProp+H; M+NH4","[10992, 11038]; [11087]; [11019]; [11018]; [10992, 11038]","false","filtered"
"2048","1977","11018","591.2251","4.858","44,017.7","35","35_5_F1","2M+ACN+H; 2M+H; 2M+Na; M+2ACN+2H; M+2H; M+2H+Na; M+2Na; M+3H; M+ACN+H; M+ACN+Na; M+H; M+H+K; M+H+Na; M+Na","[11137]; [11137]; [10988, 11048]; [10995]; [11137]; [11072, 11107]; [10982, 10995, 11054]; [11094, 11107, 11137]; [11137]; [10990]; [11137]; [11162]; [10995]; [10982, 10988, 10995, 11048, 11054, 11137]","false","filtered"
"2049","1980","11021","553.2345","4.858","27,640.5","35","35_5_F1","M+; M+2H; M+DMSO+H","[10850, 11048]; [10982]; [11023]","false","filtered"
"2050","1981","11023","497.1999","4.858","26,880.7","35","35_5_F1","M+Na","[11021]","false","filtered"
"2051","1993","11054","1,154.5043","4.860","20,885.8","35","35_5_F1","2M+NH4; M+H; M+NH4","[10982, 10988, 10995, 11018, 11048, 11137]; [11048]; [10982, 10995, 11018]","false","filtered"
"2052","2001","11128","435.2539","4.872","19,324.1","35","35_5_F1","2M+H; M+3Na; M+H","[11148]; [11154]; [11148]","false","filtered"
"2053","1991","11051","870.3865","4.860","15,093.2","35","35_5_F1","M+2H; M+H+NH4; M+H+Na","[11070]; [11052, 11072]; [11070]","false","filtered"
"2054","2007","11154","638.3923","4.876","11,493.0","35","35_5_F1","2M+ACN+H; 2M+NH4; M+; M+2ACN+2H; M+2ACN+H; M+ACN+H; M+ACN+Na; M+H+K; M+IsoProp+H; M+NH4","[10964]; [11159]; [11263]; [10964]; [10964]; [10964]; [10964]; [11128]; [10964]; [11159]","false","filtered"
"2055","2005","11137","613.2073","4.874","10,766.3","35","35_5_F1","2M+ACN+Na; 2M+Na; M+2H+Na; M+2K-H; M+2Na; M+2Na-H; M+3Na; M+ACN+Na; M+H; M+H+K; M+Na","[11018]; [11018]; [11094]; [10964]; [11018]; [10982, 10988, 10995, 11018, 11048, 11054]; [11018, 11094, 11107]; [11018]; [11056]; [11162]; [11018]","false","filtered"
"2056","1973","10988","607.1988","4.856","7,961.7","35","35_5_F1","2M+K; M+K; M+Na","[11018, 11048]; [10982, 10995, 11018, 11048, 11054, 11137]; [10850]","false","filtered"
"2057","1978","11019","532.2377","4.858","6,484.6","35","35_5_F1","2M+NH4; M+NH4; M+Na","[11017]; [10992, 11017]; [10990]","false","filtered"
"2058","1992","11052","872.8640","4.860","4,162.8","35","35_5_F1","2M+H; M+2H; M+H; M+H+NH4; M+H+Na","[11087]; [11070, 11072]; [11087]; [11107]; [11051, 11072]","false","filtered"
"2059","1975","10992","593.2246","4.856","3,974.9","35","35_5_F1","2M+Na; M+; M+2ACN+H; M+3H; M+DMSO+H; M+Na","[10990, 11038]; [11162]; [11162]; [11094]; [11017, 11019]; [10990, 11038]","false","filtered"
"2060","2006","10995","1,159.4563","4.875","2,931.3","35","35_5_F1","2M+ACN+Na; 2M+Na; M+2Na; M+2Na-H; M+3Na; M+ACN+Na; M+H; M+IsoProp+H; M+Na","[10982]; [10982, 10988, 11018, 11048, 11054, 11137]; [10982]; [10982]; [10982]; [10982]; [11018]; [11018]; [10982, 11018, 11054]","false","filtered"
"2061","1995","11070","881.3716","4.862","1,998.0","35","35_5_F1","2M+NH4; M+2H; M+2Na; M+H+NH4; M+H+Na; M+NH4","[11107]; [11087]; [11051]; [11052, 11072]; [11051]; [11094, 11107]","false","filtered"
"2062","1996","11072","883.8535","4.862","1,716.4","35","35_5_F1","M+2Na; M+H+NH4; M+H+Na","[11051, 11052]; [11018, 11107]; [11052, 11070]","false","filtered"
"2063","2008","11159","643.3476","4.878","1,357.7","35","35_5_F1","2M+ACN+H; 2M+Na; M+ACN+H; M+Na","[10964]; [11154]; [10964]; [11154]","false","filtered"
"2064","1985","11038","609.1986","4.860","1,117.8","35","35_5_F1","2M+K; M+K","[10990, 10992]; [10990, 10992]","false","filtered"
"2065","1997","11107","886.3314","4.864","889.5","35","35_5_F1","2M+ACN+H; 2M+H; 2M+Na; M+2H; M+2Na; M+3H; M+ACN+H; M+H; M+H+Na; M+Na","[11094]; [11094]; [11070]; [11018, 11094, 11137]; [11052]; [11094]; [11094]; [11094]; [11018, 11072]; [11070, 11094]","false","filtered"
"2066","1970","11087","889.8908","4.855","746.1","35","35_5_F1","2M+NH4; M+2Na; M+H+K; M+H+NH4; M+H+Na; M+NH4","[11052]; [11048]; [10990]; [11070]; [11048]; [11052]","false","filtered"
"2067","1968","10964","619.3512","4.851","739.1","35","35_5_F1","2M+NH4; 2M+Na; M+2ACN+H; M+2Na; M+2Na-H; M+ACN+H; M+ACN+Na; M+DMSO+H; M+NH4; M+Na","[11159]; [11154]; [11137]; [11154]; [11154]; [11154]; [11154]; [10850]; [11159]; [11154]","false","filtered"
"2068","1998","11094","908.3121","4.866","566.3","35","35_5_F1","2M+ACN+Na; 2M+Na; M+2H; M+2Na; M+2Na-H; M+3Na; M+ACN+Na; M+H+K; M+Na","[11107]; [11107]; [11137]; [11018, 11107, 11137]; [11070, 11107]; [11107]; [11107]; [10992]; [11107]","false","filtered"
"2069","1983","11056","673.2666","4.859","543.9","35","35_5_F1","M+DMSO+H; M+IsoProp+H","[10850]; [11137]","false","filtered"
"2070","1969","10982","1,137.4820","4.854","432.8","35","35_5_F1","2M+ACN+H; 2M+H; 2M+K; M+2H; M+3H; M+ACN+H; M+CH3OH+H; M+H; M+Na","[10995]; [10988, 10995, 11018, 11048, 11054, 11137]; [11162]; [10995]; [10995]; [10995]; [11021]; [10995, 11018, 11054]; [10995]","false","filtered"
"2071","2000","11148","452.2793","4.872","363.9","35","35_5_F1","2M+NH4; M+NH4","[11128]; [11128]","false","filtered"
"2072","2003","11162","594.2269","4.872","243.5","35","35_5_F1","M+2H; M+2Na; M+2Na-H; M+DMSO+H; M+H; M+IsoProp+Na+H","[11137]; [11018]; [10982]; [11017]; [10992]; [10992]","false","filtered"
"2041","1958","10838","567.2269","4.789","1,515.8","35","35_4_F1","2M+H; M+CH3OH+H; M+H","[10832]; [10841]; [10832]","true","keep_rep"
"2042","1961","10844","612.2862","4.791","1,395.1","35","35_4_F1","2M+ACN+H; 2M+NH4; M+2ACN+2H; M+2ACN+H; M+ACN+H; M+ACN+Na; M+DMSO+H; M+IsoProp+H; M+NH4","[10789, 10798, 10802]; [10841, 10850]; [10798]; [10798]; [10789, 10795, 10798, 10802]; [10798]; [10781]; [10832]; [10841, 10850]","false","filtered"
"2043","1960","10841","595.2594","4.789","1,018.5","35","35_4_F1","2M+ACN+H; 2M+H; M+2H; M+3H; M+ACN+H; M+H; M+IsoProp+H; M+IsoProp+Na+H; M+Na","[10850]; [10844, 10850]; [10850]; [10850]; [10850]; [10844, 10850]; [10838]; [10793]; [10850]","false","filtered"
"2044","1962","10850","617.2436","4.811","141.6","35","35_4_F1","2M+ACN+H; 2M+ACN+Na; 2M+Na; M+2K-H; M+2Na; M+2Na-H; M+3Na; M+ACN+H; M+ACN+Na; M+CH3OH+H; M+DMSO+H; M+IsoProp+Na+H; M+Na","[10798]; [10841]; [10841, 10844]; [10964]; [10841]; [10841]; [10841]; [10798]; [10841, 11021, 11048]; [10988]; [10781]; [11046]; [10841, 10844, 11056]","false","filtered"
"2026","1947","10802","588.2853","4.764","14,029.5","35","35_3_F1","2M+3H2O+2H; 2M+ACN+H; 2M+ACN+Na; 2M+H; 2M+K; 2M+NH4; 2M+Na; M+; M+2ACN+2H; M+2ACN+H; M+2H; M+2H+Na; M+2K-H; M+2Na; M+2Na-H; M+3ACN+2H; M+3H; M+3Na; M+ACN+2H; M+ACN+H; M+ACN+Na; M+CH3OH+H; M+DMSO+H; M+H; M+H+2Na; M+H+K; M+H+NH4; M+H+Na; M+IsoProp+H; M+IsoProp+Na+H; M+K; M+NH4; M+Na","[10662]; [10662, 10680]; [10662]; [10662]; [10662]; [10662, 10789, 10798, 10844]; [10662]; [10662]; [10662, 10680, 10826]; [10662, 10680, 10832]; [10662]; [10662]; [10662]; [10662]; [10662]; [10662]; [10662]; [10662]; [10662]; [10662, 10680, 10687]; [10662, 10680]; [10662, 10781]; [10662, 10701]; [10662]; [10662]; [10662, 10804]; [10662]; [10662]; [10662]; [10662]; [10662]; [10662, 10789, 10795, 10798, 10844]; [10662]","true","keep_rep"
"2027","1941","10764","493.2570","4.751","13,217.4","35","35_3_F1","2M+ACN+H; 2M+H; 2M+Na; M+ACN+H; M+H; M+K; M+Na","[10699]; [10829]; [10772]; [10699]; [10829]; [10829]; [10772]","false","filtered"
"2028","1945","10793","553.2480","4.762","9,017.2","35","35_3_F1","M+2ACN+2H; M+2ACN+H; M+ACN+H; M+H+K; M+IsoProp+H","[10829]; [10825]; [10841]; [10781]; [10721]","false","filtered"
"2029","1944","10792","517.2267","4.762","5,872.6","35","35_3_F1","2M+H; M+H","[10803]; [10803]","false","filtered"
"2030","1953","10825","549.2167","4.781","4,351.1","35","35_3_F1","2M+H; M+DMSO+H; M+H","[10826]; [10793]; [10826]","false","filtered"
"2031","1957","10832","584.2552","4.785","3,118.3","35","35_3_F1","2M+NH4; M+CH3OH+H; M+DMSO+H; M+NH4","[10838]; [10844]; [10802]; [10838]","false","filtered"
"2032","1942","10772","509.2278","4.753","3,005.1","35","35_3_F1","2M+ACN+H; 2M+H; 2M+K; M+2H; M+3H; M+ACN+H; M+H; M+K; M+Na","[10829]; [10829]; [10764]; [10829]; [10829]; [10829]; [10804, 10829]; [10764]; [10829]","false","filtered"
"2033","1948","10798","593.2411","4.764","1,566.2","35","35_3_F1","2M+ACN+H; 2M+H; 2M+NH4; 2M+Na; M+2H; M+2Na; M+2Na-H; M+3H; M+ACN+H; M+ACN+Na; M+DMSO+H; M+H; M+NH4; M+Na","[10680, 10795]; [10795]; [10850]; [10662, 10789, 10802, 10844]; [10795]; [10844]; [10844]; [10795]; [10680, 10795]; [10844]; [10781]; [10795]; [10850]; [10662, 10789, 10795, 10802, 10844]","false","filtered"
"2034","1949","10795","615.2229","4.764","744.8","35","35_3_F1","2M+ACN+H; 2M+ACN+Na; 2M+Na; M+2ACN+H; M+2Na; M+2Na-H; M+3Na; M+ACN+H; M+ACN+Na; M+DMSO+H; M+Na","[10687]; [10680, 10798]; [10798]; [10634]; [10798]; [10662, 10789, 10798, 10802, 10844]; [10798]; [10687]; [10680, 10798]; [10680]; [10798]","false","filtered"
"2035","1954","10826","566.2439","4.781","532.2","35","35_3_F1","2M+3H2O+2H; 2M+NH4; M+H+K; M+NH4","[10781]; [10825]; [10802]; [10825]","false","filtered"
"2036","1951","10803","534.2546","4.764","389.8","35","35_3_F1","2M+ACN+H; 2M+NH4; M+; M+2ACN+2H; M+2ACN+H; M+ACN+H; M+ACN+Na; M+IsoProp+H; M+NH4","[10702]; [10792]; [10708]; [10702]; [10702]; [10702]; [10702]; [10781]; [10792]","false","filtered"
"2037","1956","10829","531.2058","4.784","277.5","35","35_3_F1","2M+ACN+Na; 2M+K; 2M+Na; M+2K-H; M+2Na; M+2Na-H; M+3Na; M+ACN+Na; M+H; M+H+K; M+K; M+Na","[10772]; [10764, 10781]; [10772]; [10764]; [10772]; [10772]; [10772]; [10772]; [10789]; [10793]; [10764, 10781]; [10772, 10804]","false","filtered"
"2038","1943","10789","609.2162","4.759","246.2","35","35_3_F1","2M+ACN+H; 2M+ACN+Na; 2M+K; M+DMSO+H; M+K","[10727]; [10708]; [10662, 10798, 10802, 10844]; [10829]; [10662, 10795, 10798, 10802, 10844]","false","filtered"
"2039","1952","10804","591.2862","4.764","242.8","35","35_3_F1","M+2ACN+2H; M+2ACN+H; M+2Na; M+DMSO+H","[10680]; [10772, 10829]; [10662, 10802]; [10679]","false","filtered"
"2040","1946","10781","556.2519","4.762","99.1","35","35_3_F1","2M+ACN+Na; 2M+NH4; M+2ACN+H; M+2Na; M+ACN+H; M+ACN+Na; M+H; M+NH4; M+Na","[10829]; [10826]; [10803]; [10793]; [10798]; [10829]; [10662, 10802]; [10850]; [10844]","false","filtered"
"2024","1927","10702","515.2112","4.718","4,927.5","35","35_2_F4","2M+Na; M+2Na; M+2Na-H; M+ACN+Na; M+H; M+Na","[10803]; [10803]; [10803]; [10803]; [10634]; [10803]","true","keep_rep"
"2025","1929","10634","593.2286","4.718","767.9","35","35_2_F4","2M+Na; M+DMSO+H; M+IsoProp+H; M+Na","[10662]; [10702]; [10795]; [10662]","false","filtered"
"2022","1925","10699","469.2596","4.718","16,498.7","35","35_2_F3","2M+H; 2M+NH4; M+H; M+NH4","[10723]; [10764]; [10723]; [10764]","true","keep_rep"
"2023","1933","10723","486.2859","4.720","3,967.6","35","35_2_F3","2M+NH4; M+NH4","[10699]; [10699]","false","filtered"
"2005","1918","10673","586.2700","4.714","139,622.8","35","35_2_F2","2M+NH4; M+H; M+NH4","[10674, 10680, 10687]; [10617]; [10674, 10680, 10682, 10687]","true","keep_rep"
"2006","1926","10701","509.2538","4.718","11,283.1","35","35_2_F2","2M+ACN+Na; 2M+Na; M+; M+2ACN+2H; M+2ACN+H; M+2Na; M+2Na-H; M+3Na; M+ACN+Na; M+CH3OH+H; M+H+Na; M+K; M+Na","[10722]; [10721, 10722, 10724]; [10662, 10802]; [10726]; [10722]; [10665, 10722, 10726]; [10722]; [10722]; [10722]; [10800]; [10726]; [10771]; [10665, 10721, 10722, 10724, 10726]","false","filtered"
"2007","1924","10687","591.2255","4.716","9,295.0","35","35_2_F2","2M+ACN+H; 2M+ACN+Na; 2M+H; 2M+NH4; 2M+Na; M+2H; M+2Na; M+2Na-H; M+3H; M+3Na; M+ACN+H; M+ACN+Na; M+H; M+NH4; M+Na","[10682]; [10680]; [10682]; [10795]; [10673, 10674, 10680]; [10682]; [10680]; [10680, 10802]; [10682]; [10680]; [10682]; [10662, 10680]; [10682]; [10795]; [10673, 10674, 10680, 10682]","false","filtered"
"2008","1939","10662","588.2780","4.735","9,282.1","35","35_2_F2","2M+3H2O+2H; 2M+ACN+H; 2M+ACN+Na; 2M+H; 2M+K; 2M+NH4; 2M+Na; M+; M+2ACN+2H; M+2ACN+H; M+2H; M+2H+Na; M+2K-H; M+2Na; M+2Na-H; M+3ACN+2H; M+3H; M+3Na; M+ACN+2H; M+ACN+H; M+ACN+Na; M+CH3OH+H; M+DMSO+H; M+H; M+H+2Na; M+H+K; M+H+NH4; M+H+Na; M+IsoProp+H; M+IsoProp+Na+H; M+K; M+NH4; M+Na","[10802]; [10680, 10802]; [10802]; [10802]; [10802]; [10634, 10789, 10798, 10802]; [10802]; [10611, 10802]; [10680, 10802]; [10680, 10802]; [10802]; [10802]; [10802]; [10802]; [10802]; [10802]; [10802]; [10802]; [10802]; [10680, 10802]; [10680, 10802]; [10781, 10802]; [10701, 10802]; [10802]; [10802]; [10802, 10804]; [10802]; [10802]; [10680, 10687, 10802]; [10802]; [10802]; [10634, 10789, 10795, 10798, 10802]; [10802]","false","filtered"
"2009","1921","10679","551.2318","4.716","6,893.0","35","35_2_F2","2M+ACN+H; 2M+H; M+2H; M+3H; M+ACN+H; M+H; M+K; M+Na","[10708]; [10708]; [10708]; [10708]; [10708]; [10708, 10727]; [10804]; [10708]","false","filtered"
"2010","1911","10722","487.2667","4.698","5,655.6","35","35_2_F2","2M+ACN+H; 2M+H; M+2H; M+3H; M+ACN+2H; M+ACN+H; M+H; M+H+K; M+H+Na; M+IsoProp+H; M+K; M+Na","[10701]; [10701, 10721, 10724]; [10665, 10701, 10726]; [10701]; [10726]; [10701]; [10665, 10701, 10721, 10724, 10726]; [10665]; [10726]; [10701]; [10721]; [10701]","false","filtered"
"2011","1922","10680","569.2426","4.716","4,883.8","35","35_2_F2","2M+ACN+H; 2M+H; 2M+NH4; 2M+Na; M+2H; M+2Na; M+2Na-H; M+3H; M+ACN+H; M+ACN+Na; M+CH3OH+H; M+H; M+H+K; M+K; M+NH4; M+Na","[10687]; [10673, 10674, 10687]; [10795, 10798]; [10662, 10802]; [10687]; [10662, 10802]; [10662, 10802]; [10687]; [10662, 10687]; [10662, 10802]; [10795]; [10673, 10674, 10682, 10687]; [10804]; [10674]; [10795, 10798]; [10662, 10687, 10802]","false","filtered"
"2012","1932","10721","525.2260","4.720","4,839.7","35","35_2_F2","2M+K; M+2K-H; M+CH3OH+H; M+H+K; M+K","[10701, 10722, 10724]; [10722]; [10793]; [10665]; [10665, 10701, 10722, 10724, 10726]","false","filtered"
"2013","1934","10724","504.2964","4.720","4,112.9","35","35_2_F2","2M+NH4; M+NH4","[10701, 10721, 10722]; [10665, 10701, 10721, 10722, 10726]","false","filtered"
"2014","1923","10682","613.2077","4.716","2,585.3","35","35_2_F2","2M+ACN+Na; 2M+Na; M+2Na; M+2Na-H; M+3Na; M+ACN+Na; M+Na","[10687]; [10687]; [10687]; [10673, 10674, 10680, 10687]; [10687]; [10687]; [10687]","false","filtered"
"2015","1910","10611","627.2497","4.698","2,465.1","35","35_2_F2","2M+H; M+H; M+K","[10475, 10610]; [10475, 10610]; [10662]","false","filtered"
"2016","1909","10610","644.2766","4.697","1,347.3","35","35_2_F2","2M+3H2O+2H; 2M+ACN+H; 2M+ACN+Na; 2M+H; 2M+K; 2M+NH4; 2M+Na; M+; M+2ACN+2H; M+2ACN+H; M+2H; M+2H+Na; M+2K-H; M+2Na; M+2Na-H; M+3ACN+2H; M+3H; M+3Na; M+ACN+2H; M+ACN+H; M+ACN+Na; M+CH3OH+H; M+DMSO+H; M+H; M+H+2Na; M+H+K; M+H+NH4; M+H+Na; M+IsoProp+H; M+IsoProp+Na+H; M+K; M+NH4; M+Na","[10475]; [10475]; [10475]; [10475]; [10475]; [10475, 10611]; [10475]; [10475]; [10475]; [10475]; [10475]; [10475]; [10475]; [10475]; [10475]; [10475]; [10475]; [10475]; [10475]; [10475]; [10475]; [10475]; [10475]; [10475]; [10475]; [10475]; [10475]; [10475]; [10475]; [10475, 10548]; [10475]; [10475, 10611]; [10475]","false","filtered"
"2017","1919","10674","607.1970","4.714","1,153.0","35","35_2_F2","2M+K; M+2K-H; M+ACN+2H; M+K","[10673, 10680, 10687]; [10680]; [10727]; [10673, 10680, 10682, 10687]","false","filtered"
"2018","1935","10726","995.5146","4.720","808.1","35","35_2_F2","2M+Na; M+2Na-H; M+ACN+Na; M+H; M+IsoProp+H; M+Na","[10665, 10701, 10721, 10722, 10724]; [10722]; [10722]; [10701]; [10701]; [10665, 10701, 10722]","false","filtered"
"2019","1928","10708","573.2153","4.718","629.9","35","35_2_F2","2M+3H2O+2H; 2M+ACN+H; 2M+ACN+Na; 2M+H; 2M+Na; M+2H; M+2Na; M+2Na-H; M+3H; M+3Na; M+ACN+H; M+ACN+Na; M+H; M+K; M+Na","[10789]; [10727]; [10679]; [10727]; [10679]; [10727]; [10679]; [10679]; [10727]; [10679]; [10727]; [10679]; [10727]; [10803]; [10679, 10727]","false","filtered"
"2020","1936","10727","595.1967","4.720","346.7","35","35_2_F2","2M+3H2O+2H; 2M+ACN+Na; 2M+Na; M+2Na; M+2Na-H; M+3Na; M+ACN+Na; M+H+NH4; M+Na","[10789]; [10708]; [10708]; [10708]; [10679, 10708]; [10708]; [10708]; [10674]; [10708]","false","filtered"
"2021","1930","10665","1,011.4892","4.718","159.0","35","35_2_F2","2M+K; M+2K-H; M+H; M+K","[10701, 10721, 10722, 10724, 10726]; [10722]; [10721]; [10701, 10722, 10726]","false","filtered"
"2001","1908","10600","346.2597","4.693","28,922.0","35","35_2_F1","2M+NH4; M+NH4","[10638, 10646]; [10620, 10638, 10646]","true","keep_rep"
"2002","1906","10638","351.2162","4.686","13,030.6","35","35_2_F1","2M+ACN+H; 2M+H; 2M+Na; M+2H; M+3H; M+ACN+H; M+H; M+IsoProp+Na+H; M+Na","[10620]; [10620]; [10600, 10646]; [10620]; [10620]; [10620]; [10620]; [10553]; [10600, 10620, 10646]","false","filtered"
"2003","1917","10646","367.1897","4.712","758.6","35","35_2_F1","2M+K; M+K","[10600, 10638]; [10600, 10620, 10638]","false","filtered"
"2004","1915","10620","373.1985","4.707","484.9","35","35_2_F1","2M+ACN+Na; 2M+Na; M+2Na; M+2Na-H; M+3Na; M+ACN+Na; M+Na","[10638]; [10638]; [10638]; [10600, 10638, 10646]; [10638]; [10638]; [10638]","false","filtered"
"1998","1904","10548","602.2649","4.655","6,150.2","35","35_1_F2","2M+NH4; M+ACN+H; M+NH4","[10532]; [10475, 10610]; [10532, 10544]","true","keep_rep"
"1999","1902","10544","629.2033","4.655","712.5","35","35_1_F2","2M+ACN+Na; 2M+Na; M+2Na; M+2Na-H; M+3Na; M+ACN+Na; M+Na","[10532]; [10532]; [10532]; [10532, 10548]; [10532]; [10532]; [10532]","false","filtered"
"2000","1900","10532","607.2212","4.651","445.5","35","35_1_F2","2M+ACN+H; 2M+H; 2M+Na; M+2H; M+3H; M+ACN+H; M+H; M+Na","[10544]; [10544]; [10548]; [10544]; [10544]; [10544]; [10544]; [10544, 10548]","false","filtered"
"1985","1898","10527","570.2765","4.648","9,353.5","35","35_1_F1","2M+NH4; M+H+K; M+NH4","[10523, 10524]; [10553]; [10521, 10523, 10524]","true","keep_rep"
"1986","1895","10523","553.2475","4.646","8,091.3","35","35_1_F1","2M+ACN+H; 2M+H; M+2H; M+3H; M+ACN+H; M+H; M+Na","[10524]; [10524, 10527]; [10524]; [10524]; [10524, 10531]; [10521, 10524, 10527]; [10524]","false","filtered"
"1987","1903","10547","567.2281","4.655","4,645.2","35","35_1_F1","2M+H; M+; M+H","[10536]; [10617]; [10536]","false","filtered"
"1988","1901","10536","584.2547","4.653","4,064.0","35","35_1_F1","2M+NH4; M+; M+2ACN+H; M+DMSO+H; M+NH4","[10547]; [10617]; [10617]; [10490]; [10547]","false","filtered"
"1989","1891","10490","588.2860","4.623","3,365.2","35","35_1_F1","2M+NH4; M+2ACN+H; M+CH3OH+H; M+DMSO+H; M+NH4","[10484]; [10536]; [10518, 10553]; [10553]; [10484]","false","filtered"
"1990","1896","10524","575.2306","4.646","1,734.3","35","35_1_F1","2M+ACN+H; 2M+ACN+Na; 2M+H; 2M+Na; M+2H; M+2Na; M+2Na-H; M+3H; M+3Na; M+ACN+H; M+ACN+Na; M+H; M+Na","[10521]; [10523]; [10521]; [10523, 10527]; [10521]; [10523]; [10523]; [10521]; [10523]; [10521]; [10523, 10531]; [10521]; [10521, 10523, 10527]","false","filtered"
"1991","1892","10491","606.3303","4.623","897.8","35","35_1_F1","2M+ACN+H; 2M+H; M+2H; M+3H; M+ACN+H; M+DMSO+H; M+H; M+K; M+Na","[10495]; [10475, 10495]; [10495]; [10495]; [10495]; [10531]; [10475, 10495]; [10475]; [10495]","false","filtered"
"1992","1899","10531","572.2788","4.651","885.9","35","35_1_F1","2M+NH4; M+2ACN+H; M+2Na-H; M+IsoProp+H; M+NH4; M+Na","[10518]; [10553]; [10491]; [10523, 10524]; [10518]; [10495]","false","filtered"
"1993","1894","10518","555.2518","4.644","823.0","35","35_1_F1","2M+H; M+; M+H","[10531]; [10490, 10553]; [10531]","false","filtered"
"1994","1889","10521","597.2125","4.612","692.0","35","35_1_F1","2M+ACN+Na; 2M+Na; M+2Na; M+2Na-H; M+3Na; M+ACN+Na; M+Na","[10524]; [10524]; [10524]; [10523, 10524, 10527]; [10524]; [10524]; [10524]","false","filtered"
"1995","1893","10495","628.3135","4.625","318.4","35","35_1_F1","2M+ACN+Na; 2M+Na; M+2Na; M+2Na-H; M+3Na; M+ACN+Na; M+DMSO+H; M+Na","[10491]; [10475, 10491]; [10491]; [10491]; [10491]; [10491]; [10531]; [10475, 10491]","false","filtered"
"1996","1890","10484","593.2412","4.622","242.6","35","35_1_F1","2M+Na; M+Na","[10490]; [10490]","false","filtered"
"1997","1905","10553","573.2766","4.659","99.1","35","35_1_F1","2M+K; M+2Na; M+ACN+Na; M+IsoProp+Na+H; M+NH4","[10638]; [10527]; [10490]; [10531]; [10490, 10518]","false","filtered"
"2088","1938","10770","453.2628","4.731","11,911.9","35","","2M+H; M+H","[10771]; [10771]","false","kept (no corr-family)"
"2089","2046","11428","504.2965","5.017","3,522.3","35","","2M+NH4; M+NH4","[11407, 11411]; [11407, 11411]","false","kept (no corr-family)"
"2090","1940","10771","470.2913","4.739","2,731.0","35","","2M+NH4; M+; M+NH4","[10770]; [10701]; [10770]","false","kept (no corr-family)"
"2091","1950","10800","499.2162","4.764","451.8","35","","M+Na","[10701]","false","kept (no corr-family)"
"2092","1912","10617","585.2577","4.701","427.4","35","","M+; M+H; M+IsoProp+Na+H; M+NH4","[10673]; [10536]; [10536]; [10547]","false","kept (no corr-family)"
"2093","1897","10475","644.2833","4.648","411.7","35","","2M+3H2O+2H; 2M+ACN+H; 2M+ACN+Na; 2M+H; 2M+K; 2M+NH4; 2M+Na; M+; M+2ACN+2H; M+2ACN+H; M+2H; M+2H+Na; M+2K-H; M+2Na; M+2Na-H; M+3ACN+2H; M+3H; M+3Na; M+ACN+2H; M+ACN+H; M+ACN+Na; M+CH3OH+H; M+DMSO+H; M+H; M+H+2Na; M+H+K; M+H+NH4; M+H+Na; M+IsoProp+H; M+IsoProp+Na+H; M+K; M+NH4; M+Na","[10610]; [10610]; [10610]; [10610]; [10491, 10495, 10610]; [10610, 10611]; [10610]; [10610]; [10610]; [10610]; [10610]; [10610]; [10491, 10610]; [10610]; [10610]; [10610]; [10610]; [10610]; [10610]; [10610]; [10610]; [10610]; [10610]; [10610]; [10610]; [10610]; [10610]; [10610]; [10610]; [10548, 10610]; [10491, 10495, 10610]; [10610, 10611]; [10610]","false","kept (no corr-family)"
"1980","1728","9377","344.1499","4.140","4,215.1","34","34_1_F1","2M+ACN+H; 2M+H; M+2H; M+3H; M+ACN+H; M+H; M+K; M+Na","[9378]; [9378, 9379]; [9378]; [9378]; [9378]; [9378, 9379]; [9376, 9379]; [9378]","true","keep_rep"
"1981","1729","9378","366.1319","4.140","3,317.5","34","34_1_F1","2M+ACN+Na; 2M+Na; M+2Na; M+2Na-H; M+3Na; M+ACN+Na; M+Na","[9377]; [9377, 9379]; [9377]; [9377]; [9377]; [9377]; [9377, 9379]","false","filtered"
"1982","1718","9389","621.3682","4.121","1,292.6","34","34_1_F1","2M+H; M+H","[9376]; [9376]","false","filtered"
"1983","1730","9379","382.1059","4.140","1,212.8","34","34_1_F1","2M+K; M+2K-H; M+K","[9377, 9378]; [9376, 9377]; [9377, 9378]","false","filtered"
"1984","1727","9376","638.3932","4.140","216.4","34","34_1_F1","2M+3H2O+2H; 2M+NH4; M+NH4","[9377, 9379]; [9389]; [9389]","false","filtered"
"1957","1871","10354","535.2374","4.552","14,697.6","33","33_4_F1","2M+H; M+H; M+H+K; M+IsoProp+H","[10367]; [10367]; [10422]; [10362, 10416]","true","keep_rep"
"1958","1878","10367","552.2638","4.556","5,795.8","33","33_4_F1","2M+NH4; M+H; M+IsoProp+H; M+NH4","[10354]; [10432]; [10362, 10365]; [10354]","false","filtered"
"1959","1866","10338","604.2807","4.539","3,270.7","33","33_4_F1","2M+NH4; M+2ACN+H; M+H+Na; M+NH4","[10337]; [10314]; [10432]; [10337]","false","filtered"
"1960","1884","10417","511.2674","4.579","2,351.8","33","33_4_F1","2M+ACN+Na; 2M+Na; M+2Na; M+2Na-H; M+3Na; M+ACN+Na; M+Na","[10419]; [10419, 10422]; [10419]; [10419]; [10419]; [10419]; [10419, 10422]","false","filtered"
"1961","1887","10435","651.3335","4.588","1,415.7","33","33_4_F1","2M+NH4; M+H+K; M+H+Na; M+NH4","[10432]; [10381]; [10390]; [10432]","false","filtered"
"1962","1874","10361","437.2694","4.554","1,351.4","33","33_4_F1","2M+H; M+; M+H","[10356]; [10365]; [10356]","false","filtered"
"1963","1885","10422","527.2419","4.581","1,211.0","33","33_4_F1","2M+ACN+Na; 2M+K; M+2K-H; M+H+Na; M+K","[10402]; [10417, 10419]; [10419]; [10354]; [10417, 10419]","false","filtered"
"1964","1886","10432","634.3072","4.586","680.3","33","33_4_F1","2M+H; M+2ACN+2H; M+2ACN+H; M+H","[10435]; [10338]; [10367]; [10435]","false","filtered"
"1965","1879","10381","643.3483","4.560","657.6","33","33_4_F1","2M+Na; M+H+Na; M+Na","[10390]; [10435]; [10390]","false","filtered"
"1966","1882","10402","491.2406","4.567","423.8","33","33_4_F1","2M+3H2O+2H; 2M+Na; M+Na","[10422]; [10416]; [10416]","false","filtered"
"1967","1877","10356","454.2960","4.554","338.5","33","33_4_F1","2M+NH4; M+; M+NH4","[10361]; [10313]; [10361]","false","filtered"
"1968","1867","10337","609.2369","4.539","328.4","33","33_4_F1","2M+Na; M+Na","[10338]; [10338]","false","filtered"
"1969","1875","10362","492.2030","4.554","259.6","33","33_4_F1","2M+ACN+H; 2M+H; M+2H; M+3H; M+ACN+H; M+ACN+Na; M+H; M+NH4; M+Na","[10365]; [10365]; [10365]; [10365]; [10365]; [10416]; [10365, 10367]; [10354]; [10365]","false","filtered"
"1970","1876","10365","514.1849","4.554","148.2","33","33_4_F1","2M+ACN+Na; 2M+Na; M+2K-H; M+2Na; M+2Na-H; M+3Na; M+ACN+Na; M+Na","[10362]; [10362]; [10361]; [10362]; [10362]; [10362]; [10362]; [10362, 10367]","false","filtered"
"1971","1881","10390","659.3223","4.563","128.0","33","33_4_F1","2M+K; M+H+K; M+K","[10381]; [10435]; [10381]","false","filtered"
"1972","1883","10416","507.2147","4.575","90.8","33","33_4_F1","2M+K; M+CH3OH+H; M+DMSO+H; M+K","[10402]; [10354]; [10362]; [10402]","false","filtered"
"1941","1854","10250","511.2676","4.494","7,999.7","33","33_3_F1","2M+ACN+Na; 2M+H; 2M+Na; M+2Na; M+2Na-H; M+3Na; M+ACN+2H; M+ACN+Na; M+H+K; M+Na","[10249]; [10267]; [10249, 10251, 10259]; [10249]; [10249]; [10249]; [10313]; [10249]; [10262]; [10249, 10251, 10259]","true","keep_rep"
"1942","1850","10229","816.4399","4.482","6,733.2","33","33_3_F1","2M+NH4; M+2ACN+2H; M+ACN+2H; M+NH4","[10230]; [10314]; [10267]; [10230]","false","filtered"
"1943","1853","10249","489.2854","4.494","6,407.4","33","33_3_F1","2M+ACN+H; 2M+H; 2M+NH4; M+2H; M+2Na; M+3H; M+ACN+H; M+ACN+Na; M+H; M+K; M+Na","[10250]; [10250, 10251, 10259]; [10313]; [10250]; [10156]; [10250]; [10250]; [10339]; [10250, 10251, 10259]; [10251]; [10250]","false","filtered"
"1944","1859","10259","506.3118","4.496","4,997.7","33","33_3_F1","2M+H; 2M+NH4; M+ACN+H; M+NH4","[10262]; [10249, 10250, 10251]; [10159, 10344]; [10249, 10250, 10251]","false","filtered"
"1945","1857","10257","567.2277","4.496","4,431.0","33","33_3_F1","2M+ACN+H; 2M+H; M+2H; M+3H; M+ACN+H; M+H; M+Na","[10265]; [10258, 10265]; [10265]; [10265]; [10265]; [10248, 10258, 10265]; [10265]","false","filtered"
"1946","1865","10240","525.2257","4.525","4,142.6","33","33_3_F1","2M+K; M+K","[10339, 10344]; [10339, 10344]","false","filtered"
"1947","1862","10344","509.2508","4.522","4,111.3","33","33_3_F1","2M+3H2O+2H; 2M+Na; M+2Na-H; M+Na","[10313]; [10240, 10339]; [10259]; [10240, 10339]","false","filtered"
"1948","1858","10258","584.2544","4.496","3,930.8","33","33_3_F1","2M+ACN+Na; 2M+NH4; M+ACN+Na; M+NH4","[10267]; [10257, 10265]; [10267]; [10248, 10257, 10265]","false","filtered"
"1949","1855","10251","527.2420","4.494","3,614.8","33","33_3_F1","2M+K; M+2K-H; M+K","[10249, 10250, 10259]; [10249]; [10249, 10250, 10259]","false","filtered"
"1950","1851","10230","821.3949","4.482","763.7","33","33_3_F1","2M+Na; M+ACN+2H; M+Na","[10229]; [10162]; [10229]","false","filtered"
"1951","1860","10265","589.2113","4.498","379.4","33","33_3_F1","2M+ACN+H; 2M+ACN+Na; 2M+H; 2M+Na; M+2H; M+2Na; M+2Na-H; M+3H; M+3Na; M+ACN+H; M+ACN+Na; M+H; M+Na","[10248]; [10257]; [10248]; [10257, 10258]; [10248]; [10257]; [10257]; [10248]; [10257]; [10248]; [10257]; [10248]; [10248, 10257, 10258]","false","filtered"
"1952","1852","10262","533.3229","4.483","335.4","33","33_3_F1","2M+3H2O+2H; 2M+NH4; M+2ACN+2H; M+CH3OH+H; M+DMSO+H; M+IsoProp+H; M+NH4","[10259]; [10267]; [10250]; [10314]; [10313]; [10160]; [10267]","false","filtered"
"1953","1861","10267","538.2792","4.500","327.6","33","33_3_F1","2M+3H2O+2H; 2M+NH4; 2M+Na; M+2H+Na; M+NH4; M+Na","[10250]; [10258]; [10262]; [10229]; [10258]; [10262]","false","filtered"
"1954","1856","10248","611.1929","4.495","250.3","33","33_3_F1","2M+ACN+Na; 2M+Na; M+2Na; M+2Na-H; M+3Na; M+ACN+Na; M+Na","[10265]; [10265]; [10265]; [10257, 10258, 10265]; [10265]; [10265]; [10265]","false","filtered"
"1955","1863","10314","539.2609","4.523","136.1","33","33_3_F1","M+3Na; M+K; M+NH4","[10229]; [10262]; [10338]","false","filtered"
"1956","1864","10313","499.2700","4.524","79.7","33","33_3_F1","2M+3H2O+2H; 2M+NH4; 2M+Na; M+2Na-H; M+DMSO+H; M+H+NH4","[10249]; [10344]; [10339]; [10262, 10356]; [10339]; [10250]","false","filtered"
"1937","1838","10097","621.3654","4.417","20,078.3","33","33_2_F2","2M+ACN+H; 2M+H; M+2H; M+3H; M+ACN+H; M+H; M+K; M+Na","[10116]; [10106, 10116, 10121, 9890]; [10116]; [10116]; [10116]; [10106, 10116, 10121]; [10121]; [10116]","true","keep_rep"
"1938","1842","10116","643.3473","4.423","17,406.1","33","33_2_F2","2M+ACN+Na; 2M+Na; M+2Na; M+2Na-H; M+3Na; M+ACN+Na; M+Na","[10097]; [10097, 10106, 10121, 9890]; [10097]; [10097]; [10097]; [10097]; [10097, 10106, 10121]","false","filtered"
"1939","1839","10106","638.3922","4.419","16,710.5","33","33_2_F2","2M+NH4; M+NH4","[10097, 10116, 10121, 9890]; [10097, 10116, 10121]","false","filtered"
"1940","1843","10121","659.3219","4.425","3,000.2","33","33_2_F2","2M+K; M+2K-H; M+IsoProp+Na+H; M+K","[10097, 10106, 10116, 9890]; [10097]; [9977]; [10097, 10106, 10116]","false","filtered"
"1903","1807","9966","569.2430","4.404","494,248.4","33","33_2_F1","2M+ACN+H; 2M+H; M+2ACN+2H; M+2H; M+2Na; M+3H; M+ACN+2H; M+ACN+H; M+H; M+H+K; M+H+NH4; M+H+Na; M+K; M+Na","[9971]; [9770, 9970, 9971]; [10007]; [10007, 10008, 9971, 9978, 9985]; [10007, 9976]; [9971]; [10007, 9978]; [9971, 9997]; [10007, 10008, 9770, 9898, 9970, 9971, 9978]; [10007]; [10007]; [10007, 9978]; [9770]; [9971]","true","keep_rep"
"1904","1809","9970","586.2696","4.404","85,154.9","33","33_2_F1","2M+NH4; M+2ACN+2H; M+2H; M+2H+Na; M+2Na; M+3H; M+ACN+2H; M+H; M+H+K; M+H+NH4; M+H+Na; M+NH4","[9770, 9966, 9971]; [9976]; [9976]; [10004]; [9976]; [10004, 10005]; [10074, 9976]; [9976]; [9976]; [10008, 9976]; [9976]; [10007, 10008, 9770, 9898, 9966, 9971, 9978]","false","filtered"
"1905","1808","9968","571.2450","4.404","46,642.8","33","33_2_F1","2M+ACN+H; 2M+H; M+; M+2H; M+3H; M+ACN+H; M+DMSO+H; M+H; M+IsoProp+H; M+K; M+Na","[10025]; [10025, 9982, 9997]; [10010]; [10025, 9920]; [10025]; [10025]; [10162]; [10025, 9920, 9982, 9997]; [10010]; [9982]; [10025]","false","filtered"
"1906","1817","9998","489.2850","4.406","22,199.8","33","33_2_F1","2M+ACN+H; 2M+H; M+; M+2H; M+2Na; M+3H; M+ACN+H; M+H; M+K; M+Na","[10080]; [10080, 10082, 9965]; [10162]; [10080]; [10156]; [10080]; [10080]; [10080, 10082, 9965]; [10082]; [10080]","false","filtered"
"1907","1810","9971","591.2250","4.404","19,513.6","33","33_2_F1","2M+ACN+H; 2M+ACN+Na; 2M+H; 2M+Na; M+2ACN+2H; M+2H; M+2Na; M+2Na-H; M+3H; M+3Na; M+ACN+2H; M+ACN+H; M+ACN+Na; M+H; M+H+K; M+H+NH4; M+H+Na; M+Na","[9898]; [9966]; [9898]; [9770, 9966, 9970]; [9985]; [9898, 9985]; [10007, 10008, 9966, 9978, 9985]; [9966]; [9898]; [9966]; [9985]; [9898]; [9966, 9997]; [9898, 9985]; [10010, 9985]; [9985]; [9978, 9985]; [10007, 10008, 9770, 9898, 9966, 9970, 9978]","false","filtered"
"1908","1825","10008","1,154.5045","4.406","8,874.9","33","33_2_F1","2M+H; 2M+NH4; M+ACN+H; M+H; M+NH4","[9976]; [10007, 9770, 9898, 9966, 9970, 9971, 9978]; [9977]; [9970, 9976]; [10007, 9966, 9971, 9978, 9985]","false","filtered"
"1909","1816","9997","588.2732","4.406","7,890.1","33","33_2_F1","2M+3H2O+2H; 2M+NH4; M+DMSO+H; M+H; M+H+NH4; M+IsoProp+H; M+NH4","[10109]; [10025, 9968, 9982]; [10159]; [10060]; [9920]; [9966, 9971]; [10025, 9920, 9968, 9982]","false","filtered"
"1910","1849","10159","509.2512","4.449","6,837.4","33","33_2_F1","M+; M+2Na-H; M+CH3OH+H","[9997]; [10259, 9965]; [10165]","false","filtered"
"1911","1806","9965","506.3122","4.404","5,810.6","33","33_2_F1","2M+NH4; M+ACN+H; M+NH4","[10080, 10082, 9998]; [10159]; [10080, 10082, 9998]","false","filtered"
"1912","1818","9999","648.2170","4.406","4,976.8","33","33_2_F1","2M+ACN+H; 2M+ACN+Na; 2M+H; 2M+Na; M+2ACN+2H; M+2ACN+H; M+2H; M+3ACN+2H; M+ACN+2H; M+ACN+H; M+ACN+Na; M+H; M+Na","[9770]; [9770]; [9943]; [10060, 9943]; [9770]; [9770]; [9943]; [9770]; [9943]; [9770, 9943]; [9770]; [9943]; [10060, 9943]","false","filtered"
"1913","1823","10005","887.4129","4.406","4,925.1","33","33_2_F1","2M+NH4; M+H+NH4; M+NH4","[10003]; [10004, 9970]; [10003]","false","filtered"
"1914","1822","10004","878.8997","4.406","4,765.6","33","33_2_F1","M+2H; M+H+NH4; M+H+Na","[10005, 9970]; [10003]; [9970]","false","filtered"
"1915","1829","9770","607.1981","4.408","4,119.0","33","33_2_F1","2M+H; 2M+K; 2M+Na; M+2H; M+2K-H; M+ACN+2H; M+ACN+H; M+H; M+K; M+Na","[9999]; [9966, 9970, 9971]; [9999]; [9999]; [9966]; [9999]; [9999]; [9943, 9999]; [10007, 10008, 9898, 9966, 9970, 9971, 9978]; [9999]","false","filtered"
"1916","1848","10160","517.2265","4.447","3,100.3","33","33_2_F1","2M+H; M+2Na-H; M+H","[10162]; [10262]; [10162]","false","filtered"
"1917","1824","10007","1,137.4771","4.406","2,562.8","33","33_2_F1","2M+ACN+H; 2M+H; 2M+K; M+2ACN+H; M+2H; M+2Na-H; M+3H; M+ACN+H; M+H; M+K; M+NH4; M+Na","[9978]; [10008, 9770, 9898, 9966, 9970, 9971, 9978]; [10010]; [9966]; [9978]; [9966, 9976]; [9978]; [9966, 9978]; [10008, 9966, 9971, 9978, 9985]; [9966]; [9966]; [9966, 9978]","false","filtered"
"1918","1797","10109","281.1373","4.401","1,865.7","33","33_2_F1","M+; M+H","[9882]; [9997]","false","filtered"
"1919","1827","10025","593.2282","4.408","1,716.0","33","33_2_F1","2M+ACN+Na; 2M+Na; M+; M+2ACN+H; M+2Na; M+2Na-H; M+3Na; M+ACN+Na; M+Na","[9968]; [9968, 9982, 9997]; [10010]; [10010]; [9920, 9968]; [9968]; [9968]; [9968]; [9920, 9968, 9982, 9997]","false","filtered"
"1920","1799","9882","365.1951","4.402","1,675.2","33","33_2_F1","2M+ACN+Na; 2M+Na; M+2Na; M+2Na-H; M+3Na; M+ACN+Na; M+IsoProp+Na+H; M+Na","[9890]; [9890]; [9890]; [9890]; [9890]; [9890]; [10109]; [9890]","false","filtered"
"1921","1836","10080","511.2655","4.414","1,476.3","33","33_2_F1","2M+ACN+Na; 2M+Na; M+; M+2Na; M+2Na-H; M+3Na; M+ACN+Na; M+IsoProp+H; M+Na","[9998]; [10082, 9965, 9998]; [10162]; [9998]; [9998]; [9998]; [9998]; [10162]; [10082, 9965, 9998]","false","filtered"
"1922","1805","9963","471.2739","4.404","1,461.0","33","33_2_F1","M+ACN+Na","[10156]","false","filtered"
"1923","1802","9943","689.2431","4.402","1,375.3","33","33_2_F1","2M+ACN+H; 2M+ACN+Na; 2M+Na; M+2ACN+2H; M+2ACN+H; M+3ACN+2H; M+ACN+H; M+ACN+Na; M+Na","[9999]; [10060, 9999]; [9981]; [9999]; [9770, 9999]; [9999]; [9999]; [10060, 9999]; [9981]","false","filtered"
"1924","1814","9978","1,159.4579","4.404","1,093.3","33","33_2_F1","2M+ACN+H; 2M+ACN+Na; 2M+H; 2M+Na; M+2H; M+2Na; M+2Na-H; M+3H; M+3Na; M+ACN+H; M+ACN+Na; M+H; M+Na","[9985]; [10007]; [9985]; [10007, 10008, 9770, 9898, 9966, 9970, 9971]; [9985]; [10007]; [10007, 9966]; [9985]; [10007]; [9985]; [10007, 9966]; [9971, 9985]; [10007, 10008, 9966, 9971, 9985]","false","filtered"
"1925","1821","10003","870.3880","4.406","1,078.1","33","33_2_F1","2M+H; M+2H; M+H","[10005]; [10004]; [10005]","false","filtered"
"1926","1841","9921","551.2323","4.421","1,041.8","33","33_2_F1","2M+ACN+H; M+ACN+H","[10082]; [10082]","false","filtered"
"1927","1847","10156","486.2860","4.444","846.0","33","33_2_F1","M+DMSO+H; M+H+K","[9963]; [10249, 9998]","false","filtered"
"1928","1826","10082","527.2382","4.407","598.9","33","33_2_F1","2M+K; 2M+NH4; M+2K-H; M+IsoProp+H; M+K; M+NH4","[10080, 9965, 9998]; [9921]; [9998]; [10165]; [10080, 9965, 9998]; [9921]","false","filtered"
"1929","1812","10060","664.1887","4.404","553.0","33","33_2_F1","2M+H; 2M+K; 2M+Na; M+2H; M+2K-H; M+ACN+2H; M+ACN+H; M+H; M+K; M+Na","[9981]; [9943, 9999]; [9981]; [9981]; [9997]; [9981]; [9981]; [9981]; [9943, 9999]; [9981]","false","filtered"
"1930","1832","9985","1,181.4376","4.408","519.3","33","33_2_F1","2M+ACN+Na; 2M+H; 2M+K; 2M+Na; M+2ACN+H; M+2Na; M+2Na-H; M+3Na; M+ACN+H; M+ACN+Na; M+H; M+K; M+NH4; M+Na","[9978]; [9898, 9971]; [10010]; [9978]; [9971]; [9978]; [10007, 10008, 9966, 9971, 9978]; [9978]; [9971]; [9978]; [9898, 9971]; [10010, 9971]; [9971]; [9971, 9978]","false","filtered"
"1931","1828","9982","609.1995","4.408","467.7","33","33_2_F1","2M+K; M+2K-H; M+K","[10025, 9968, 9997]; [9968]; [10025, 9920, 9968, 9997]","false","filtered"
"1932","1798","10074","1,190.5627","4.401","319.1","33","33_2_F1","2M+NH4; M+IsoProp+H; M+NH4","[9977]; [9970, 9976]; [9977]","false","filtered"
"1933","1844","10165","499.2153","4.440","220.7","33","33_2_F1","M+CH3OH+H; M+Na","[10082]; [10159]","false","filtered"
"1934","1834","9981","705.2141","4.412","184.1","33","33_2_F1","2M+ACN+H; 2M+ACN+Na; 2M+K; M+2ACN+2H; M+2ACN+H; M+3ACN+2H; M+ACN+H; M+ACN+Na; M+K","[10060]; [10060]; [9943]; [10060]; [10060]; [10060]; [10060]; [10060]; [9943]","false","filtered"
"1935","1846","10162","534.2543","4.442","157.1","33","33_2_F1","2M+NH4; M+2Na-H; M+3H; M+ACN+H; M+IsoProp+Na+H; M+NH4; M+Na","[10160]; [9998]; [10230]; [9968]; [10080]; [10160]; [10080]","false","filtered"
"1936","1801","10010","594.2262","4.402","150.6","33","33_2_F1","M+2H; M+2Na; M+2Na-H; M+H; M+IsoProp+Na+H; M+Na","[9898]; [9971, 9985]; [10007]; [10025]; [10025, 9968]; [9968, 9985]","false","filtered"
"1901","1784","9798","492.1775","4.350","4,079.3","33","33_1_F2","M+2H","[9890]","true","keep_rep"
"1902","1795","9890","343.2120","4.393","451.7","33","33_1_F2","2M+ACN+H; 2M+H; M+2ACN+2H; M+2H; M+3ACN+2H; M+3H; M+ACN+H; M+CH3OH+H; M+H; M+H+2Na; M+Na","[9882]; [9882]; [10096]; [9882]; [10096]; [9882]; [10096, 9882]; [10097, 10106, 10116, 10121]; [9882]; [9798]; [9882]","false","filtered"
"1899","1791","9883","682.3823","4.388","2,053.3","33","33_1_F1","2M+NH4; M+DMSO+H; M+NH4","[9856]; [10096]; [9856]","true","keep_rep"
"1900","1789","9856","687.3365","4.381","1,212.2","33","33_1_F1","2M+Na; M+Na","[9883]; [9883]","false","filtered"
"1973","1868","10339","504.2966","4.542","13,338.3","33","","2M+3H2O+2H; 2M+NH4; M+DMSO+H; M+IsoProp+Na+H; M+NH4","[10313]; [10240, 10344]; [10249]; [10313]; [10240, 10344]","false","kept (no corr-family)"
"1974","1794","9898","613.2076","4.392","12,746.7","33","","2M+ACN+Na; 2M+Na; M+2Na; M+2Na-H; M+3Na; M+ACN+Na; M+H+K; M+Na","[9971]; [9971]; [9971, 9985]; [10007, 10008, 9770, 9966, 9970, 9971, 9978]; [9971]; [9971]; [10010]; [9971, 9985]","false","kept (no corr-family)"
"1975","1792","9976","1,171.5336","4.390","2,232.4","33","","2M+H; 2M+NH4; M+2ACN+H; M+2Na-H; M+ACN+H; M+DMSO+H; M+H; M+K; M+NH4; M+Na","[9970]; [10008]; [9970]; [9970]; [10074, 9970]; [10007, 9966]; [9970]; [9970]; [10008, 9970]; [9970]","false","kept (no corr-family)"
"1976","1888","10419","489.2875","4.594","2,067.2","33","","2M+ACN+H; 2M+H; M+2H; M+3H; M+ACN+H; M+H; M+K; M+Na","[10417]; [10417, 10422]; [10417]; [10417]; [10417]; [10417, 10422]; [10422]; [10417]","false","kept (no corr-family)"
"1977","1837","10096","603.3541","4.417","1,022.7","33","","2M+H; M+; M+ACN+H; M+H","[9890]; [9883]; [9890]; [9890]","false","kept (no corr-family)"
"1978","1796","9977","1,173.5282","4.393","725.4","33","","2M+H; 2M+Na; M+H; M+IsoProp+H","[10074]; [10121]; [10074]; [10008]","false","kept (no corr-family)"
"1979","1790","9920","1,158.5080","4.385","195.5","33","","2M+NH4; M+H; M+NH4","[10025, 9968, 9982, 9997]; [9997]; [10025, 9968]","false","kept (no corr-family)"
"1897","1751","9565","365.1951","4.194","1,324.3","32","32_1_F1","2M+ACN+Na; 2M+Na; M+2Na; M+2Na-H; M+3Na; M+ACN+Na; M+Na","[9558]; [9558]; [9558]; [9558]; [9558]; [9558]; [9558]","true","keep_rep"
"1898","1754","9558","343.2119","4.206","226.7","32","32_1_F1","2M+ACN+H; 2M+H; M+2H; M+3H; M+ACN+H; M+H; M+Na","[9565]; [9565]; [9565]; [9565]; [9565]; [9565]; [9565]","false","filtered"
"1894","2544","20385","323.2001","9.213","2,625.2","31","31_1_F1","2M+Na; M+2ACN+2H; M+2Na; M+H+Na; M+Na","[20370]; [20373]; [20373]; [20373]; [20370, 20373]","true","keep_rep"
"1895","2542","20370","339.1747","9.194","487.1","31","31_1_F1","2M+K; M+K","[20385]; [20373, 20385]","false","filtered"
"1896","2543","20373","623.4039","9.207","172.2","31","31_1_F1","2M+Na; M+H; M+IsoProp+H; M+Na","[20370, 20385]; [20385]; [20385]; [20385]","false","filtered"
"1892","2489","16830","293.2113","7.477","6,779.6","30","30_1_F1","2M+H; M+H; M+K","[16833]; [16833]; [16833]","true","keep_rep"
"1893","2490","16833","331.1680","7.489","310.2","30","30_1_F1","2M+K; M+2K-H; M+K","[16830]; [16830]; [16830]","false","filtered"
"1888","2321","13856","306.1920","6.170","774.0","29","29_2_F1","2M+NH4; M+ACN+Na; M+IsoProp+Na+H; M+NH4","[13855, 13858]; [13900]; [13712]; [13855, 13858]","true","keep_rep"
"1889","2323","13858","327.1212","6.191","269.6","29","29_2_F1","2M+K; M+2K-H; M+K","[13855, 13856]; [13855]; [13855, 13856]","false","filtered"
"1890","2325","13855","289.1646","6.202","160.5","29","29_2_F1","2M+H; M+H; M+K","[13856, 13858]; [13856, 13858]; [13858]","false","filtered"
"1873","2305","13712","472.3068","6.125","27,761.8","29","29_1_F1","2M+3H2O+2H; 2M+NH4; M+NH4","[13856]; [13713, 13730]; [13705, 13713, 13730]","true","keep_rep"
"1874","2312","13732","568.2595","6.127","22,618.7","29","29_1_F1","2M+K; 2M+NH4; M+2K-H; M+K; M+NH4","[13751]; [13716, 13718]; [13751]; [13751]; [13682, 13716, 13718]","false","filtered"
"1875","2306","13713","477.2621","6.125","14,806.9","29","29_1_F1","2M+Na; M+2Na; M+H+Na; M+Na","[13712, 13730]; [13705]; [13705]; [13705, 13712, 13730]","false","filtered"
"1876","2298","13630","307.1903","6.109","8,428.2","29","29_1_F1","2M+H; M+2ACN+2H; M+H; M+K","[13631, 13636]; [13751]; [13631, 13636]; [13631]","false","filtered"
"1877","2307","13716","551.2322","6.125","6,694.7","29","29_1_F1","2M+ACN+H; 2M+H; 2M+K; M+2H; M+2K-H; M+3H; M+ACN+H; M+H; M+K; M+Na","[13718]; [13718, 13732]; [13751, 13752]; [13718]; [13752]; [13718]; [13717, 13718]; [13682, 13718, 13732]; [13751, 13752]; [13718]","false","filtered"
"1878","2314","13730","493.2368","6.132","5,571.4","29","29_1_F1","2M+K; M+ACN+Na; M+K","[13712, 13713]; [13752]; [13705, 13712, 13713]","false","filtered"
"1879","2308","13717","570.2622","6.125","1,673.7","29","29_1_F1","2M+NH4; M+IsoProp+H; M+NH4","[13731]; [13716, 13718]; [13731]","false","filtered"
"1880","2309","13718","573.2149","6.125","1,576.1","29","29_1_F1","2M+ACN+H; 2M+ACN+Na; 2M+H; 2M+Na; M+2H; M+2Na; M+2Na-H; M+3H; M+3Na; M+ACN+H; M+ACN+Na; M+H; M+Na","[13682]; [13716]; [13682]; [13716, 13732]; [13682]; [13716]; [13716]; [13682]; [13716]; [13682]; [13716, 13717]; [13682]; [13682, 13716, 13732]","false","filtered"
"1881","2300","13682","595.1968","6.117","1,378.8","29","29_1_F1","2M+ACN+Na; 2M+Na; M+2Na; M+2Na-H; M+3Na; M+ACN+Na; M+Na","[13718]; [13718]; [13718]; [13716, 13718, 13732]; [13718]; [13718]; [13718]","false","filtered"
"1882","2318","13752","513.2859","6.137","965.5","29","29_1_F1","2M+H; M+H; M+IsoProp+Na+H; M+K","[13716, 13751]; [13716, 13751]; [13730]; [13716]","false","filtered"
"1883","2299","13636","324.2184","6.114","937.0","29","29_1_F1","2M+NH4; M+NH4","[13630, 13631]; [13630, 13631]","false","filtered"
"1884","2311","13731","553.2344","6.127","506.6","29","29_1_F1","2M+H; M+H","[13717]; [13717]","false","filtered"
"1885","2317","13751","530.3122","6.137","433.9","29","29_1_F1","2M+H; 2M+NH4; M+; M+H; M+K; M+NH4","[13732]; [13716, 13752]; [13630]; [13732]; [13732]; [13716, 13752]","false","filtered"
"1886","2297","13631","345.1474","6.096","286.8","29","29_1_F1","2M+K; M+2K-H; M+K","[13630, 13636]; [13630]; [13630, 13636]","false","filtered"
"1887","2302","13705","931.5334","6.121","142.8","29","29_1_F1","2M+Na; M+H; M+Na","[13712, 13713, 13730]; [13713]; [13713]","false","filtered"
"1891","2322","13900","275.2032","6.176","4,319.3","29","","M+CH3OH+H","[13856]","false","kept (no corr-family)"
"1871","2424","15643","349.1994","7.009","1,281.4","28","28_1_F1","2M+ACN+Na; 2M+Na; M+2Na; M+2Na-H; M+3Na; M+ACN+Na; M+Na","[15646]; [15646]; [15646]; [15646]; [15646]; [15646]; [15646]","true","keep_rep"
"1872","2421","15646","327.2174","6.979","1,132.0","28","28_1_F1","2M+ACN+H; 2M+H; M+2H; M+3H; M+ACN+H; M+H; M+Na","[15643]; [15643]; [15643]; [15643]; [15643]; [15643]; [15643]","false","filtered"
"1869","2467","16364","407.1825","7.291","1,041.2","27","27_6_F1","2M+Na; M+Na","[16359]; [16359]","true","keep_rep"
"1870","2469","16359","423.1532","7.297","163.7","27","27_6_F1","2M+K; M+; M+K","[16364]; [16125]; [16364]","false","filtered"
"1865","2463","16125","507.2117","7.254","926.7","27","27_5_F2","M+CH3OH+H; M+IsoProp+Na+H","[16170]; [16177, 16203, 16359]","true","keep_rep"
"1866","2456","16203","424.1693","7.224","897.7","27","27_5_F2","2M+Na; M+H; M+Na","[16210]; [16125, 16177]; [16210]","false","filtered"
"1867","2454","16177","423.1536","7.218","342.0","27","27_5_F2","2M+K; M+; M+K","[16193]; [16125, 16203]; [16193]","false","filtered"
"1868","2458","16210","440.1432","7.226","165.2","27","27_5_F2","2M+K; M+K","[16203]; [16203]","false","filtered"
"1860","2462","16191","339.1947","7.243","4,802.1","27","27_5_F1","2M+ACN+Na; 2M+Na; M+; M+2ACN+2H; M+2H+Na; M+2Na; M+2Na-H; M+3H; M+3Na; M+ACN+2H; M+ACN+Na; M+H+NH4; M+H+Na; M+Na","[16220]; [16215, 16220]; [16126, 16133]; [16216]; [16169, 16178]; [16126, 16216, 16220]; [16220]; [16178]; [16169, 16220]; [16126]; [16220]; [16133]; [16126, 16216]; [16126, 16215, 16216, 16220]","true","keep_rep"
"1861","2455","16178","519.2729","7.218","4,702.8","27","27_5_F1","2M+ACN+Na; 2M+Na; M+2Na; M+2Na-H; M+3Na; M+ACN+Na; M+H+Na; M+IsoProp+H; M+Na","[16169]; [16169, 16170, 16181]; [16169, 16191]; [16169]; [16169]; [16169]; [16191]; [16122]; [16169, 16170, 16181]","false","filtered"
"1862","2460","16220","317.2113","7.241","2,830.4","27","27_5_F1","2M+ACN+H; 2M+H; M+2H; M+3H; M+ACN+2H; M+ACN+H; M+H; M+H+Na; M+K; M+Na","[16191]; [16191, 16215]; [16126, 16191, 16216]; [16169, 16191]; [16216]; [16191]; [16126, 16191, 16215, 16216]; [16216]; [16215]; [16191]","false","filtered"
"1863","2459","16215","355.1659","7.228","745.4","27","27_5_F1","2M+K; M+2K-H; M+2Na-H; M+K","[16191, 16220]; [16220]; [16150]; [16126, 16191, 16216, 16220]","false","filtered"
"1864","2457","16216","655.3944","7.224","86.7","27","27_5_F1","2M+H; 2M+NH4; 2M+Na; M+2H; M+2Na-H; M+ACN+2H; M+ACN+H; M+ACN+Na; M+CH3OH+H; M+H; M+IsoProp+H; M+NH4; M+Na","[16126]; [16133]; [16126, 16191, 16215, 16220]; [16126]; [16220]; [16126]; [16126]; [16220]; [16133]; [16126, 16191]; [16191]; [16133]; [16126, 16191, 16220]","false","filtered"
"1858","2451","16193","407.1819","7.209","1,745.5","27","27_4_F4","2M+Na; M+; M+Na","[16177]; [16122]; [16177]","true","keep_rep"
"1859","2446","16122","491.2434","7.199","971.8","27","27_4_F4","M+CH3OH+H; M+IsoProp+Na+H","[16178]; [16193]","false","filtered"
"1856","2448","16126","696.4189","7.204","1,250.1","27","27_4_F3","2M+ACN+H; 2M+ACN+Na; 2M+NH4; M+2ACN+2H; M+2ACN+H; M+3ACN+2H; M+ACN+H; M+ACN+Na; M+IsoProp+H; M+NH4","[16216]; [16191, 16215, 16216, 16220]; [16133, 16191]; [16216]; [16216]; [16216]; [16191, 16216]; [16191, 16216, 16220]; [16191]; [16133]","true","keep_rep"
"1857","2450","16133","701.3745","7.208","514.9","27","27_4_F3","2M+ACN+Na; 2M+Na; M+ACN+H; M+ACN+Na; M+DMSO+H; M+Na","[16216]; [16126, 16191]; [16191]; [16216]; [16216]; [16126]","false","filtered"
"1850","2447","16181","514.3215","7.200","2,627.3","27","27_4_F2","2M+NH4; M+ACN+2H; M+NH4","[16169, 16170, 16178]; [16074]; [16169, 16170, 16178]","true","keep_rep"
"1851","2453","16170","535.2470","7.216","2,532.0","27","27_4_F2","2M+K; M+2K-H; M+ACN+2H; M+IsoProp+H; M+K","[16169, 16178, 16181]; [16169]; [16055]; [16125]; [16169, 16178, 16181]","false","filtered"
"1852","2452","16169","497.2908","7.216","2,285.2","27","27_4_F2","2M+ACN+H; 2M+H; 2M+NH4; 2M+Na; M+2H; M+2Na; M+3H; M+ACN+H; M+DMSO+H; M+H; M+K; M+Na","[16178]; [16170, 16178, 16181]; [16068]; [16074]; [16178, 16191]; [16191, 16220]; [16178]; [16178]; [16074]; [16170, 16178, 16181]; [16170]; [16178]","false","filtered"
"1853","2442","16074","502.3176","7.170","972.9","27","27_4_F2","2M+3H2O+2H; 2M+NH4; M+H+NH4; M+IsoProp+Na+H; M+NH4","[16169]; [16055, 16068]; [16181]; [16169]; [16055, 16068]","false","filtered"
"1854","2440","16068","507.2729","7.168","550.4","27","27_4_F2","2M+3H2O+2H; 2M+Na; M+Na","[16169]; [16055, 16074]; [16055, 16074]","false","filtered"
"1855","2441","16055","523.2466","7.168","285.7","27","27_4_F2","2M+K; M+CH3OH+H; M+H+NH4; M+K","[16068, 16074]; [15912]; [16170]; [16068, 16074]","false","filtered"
"1847","2444","16118","277.1796","7.190","4,579.0","27","27_4_F1","M+IsoProp+Na+H","[16039]","true","keep_rep"
"1848","2445","16150","393.2637","7.195","1,512.4","27","27_4_F1","2M+Na; M+2ACN+H; M+Na","[16039]; [16215]; [16039]","false","filtered"
"1849","2449","16039","409.2366","7.208","119.1","27","27_4_F1","2M+K; 2M+Na; M+K","[16150]; [16118]; [16150]","false","filtered"
"1842","2435","15911","470.2954","7.116","2,666.6","27","27_3_F1","2M+NH4; M+NH4","[15912]; [15912]","true","keep_rep"
"1843","2438","15912","491.2188","7.123","642.5","27","27_3_F1","2M+K; M+2Na-H; M+H; M+K","[15911]; [15859]; [16055]; [15911]","false","filtered"
"1844","2433","15858","504.3329","7.088","319.4","27","27_3_F1","2M+NH4; M+CH3OH+H; M+NH4","[15847, 15859]; [15805]; [15847, 15859]","false","filtered"
"1845","2432","15847","509.2887","7.086","236.7","27","27_3_F1","2M+Na; M+DMSO+H; M+Na","[15858, 15859]; [15805]; [15858, 15859]","false","filtered"
"1846","2434","15859","525.2627","7.088","152.5","27","27_3_F1","2M+K; M+DMSO+H; M+K","[15847, 15858]; [15912]; [15847, 15858]","false","filtered"
"1837","2429","15740","475.2463","7.035","14,414.2","27","27_2_F1","2M+ACN+Na; 2M+Na; M+2Na; M+2Na-H; M+3Na; M+ACN+Na; M+Na","[15731]; [15731, 15732, 15733]; [15731]; [15731, 15805]; [15731]; [15731, 15805]; [15731, 15732, 15733]","true","keep_rep"
"1838","2428","15733","491.2198","7.033","7,787.9","27","27_2_F1","2M+K; M+2K-H; M+K","[15731, 15732, 15740]; [15731]; [15731, 15732, 15740]","false","filtered"
"1839","2431","15805","472.3056","7.074","6,234.8","27","27_2_F1","2M+ACN+H; 2M+NH4; M+2ACN+2H; M+2ACN+H; M+ACN+H; M+ACN+Na; M+H; M+IsoProp+H; M+NH4","[15731]; [15807]; [15731]; [15731]; [15731, 15740, 15847]; [15731]; [15858]; [15731, 15740]; [15807]","false","filtered"
"1840","2427","15731","453.2641","7.033","4,798.6","27","27_2_F1","2M+ACN+H; 2M+H; 2M+Na; M+2H; M+2Na; M+2Na-H; M+3H; M+ACN+H; M+ACN+Na; M+H; M+K; M+Na","[15740]; [15732, 15733, 15740]; [15805]; [15740]; [15805]; [15805]; [15740]; [15740, 15805]; [15805]; [15732, 15733, 15740]; [15733]; [15740, 15805]","false","filtered"
"1841","2430","15807","455.2799","7.070","833.1","27","27_2_F1","2M+H; M+H","[15805]; [15805]","false","filtered"
"1831","2425","15732","470.2945","7.014","23,519.5","27","27_1_F1","2M+ACN+H; 2M+NH4; M+2ACN+2H; M+2ACN+H; M+ACN+H; M+ACN+Na; M+DMSO+H; M+NH4","[15561]; [15731, 15733, 15740]; [15561]; [15561]; [15561]; [15561]; [15580]; [15731, 15733, 15740]","true","keep_rep"
"1832","2420","15585","477.2614","6.973","7,698.7","27","27_1_F1","2M+ACN+Na; 2M+Na; M+2Na; M+2Na-H; M+3Na; M+ACN+Na; M+Na","[15580]; [15580, 15581, 15582]; [15580]; [15580]; [15580]; [15580]; [15580, 15581, 15582]","false","filtered"
"1833","2417","15581","472.3066","6.971","7,113.5","27","27_1_F1","2M+NH4; M+NH4","[15580, 15582, 15585]; [15580, 15582, 15585]","false","filtered"
"1834","2418","15582","493.2358","6.971","4,422.9","27","27_1_F1","2M+K; M+2K-H; M+K","[15580, 15581, 15585]; [15580]; [15580, 15581, 15585]","false","filtered"
"1835","2416","15580","455.2798","6.971","3,954.9","27","27_1_F1","2M+ACN+H; 2M+H; M+2ACN+H; M+2H; M+3H; M+ACN+H; M+ACN+Na; M+H; M+K; M+Na","[15585]; [15581, 15582, 15585]; [15561]; [15585]; [15585]; [15585]; [15732]; [15581, 15582, 15585]; [15582]; [15585]","false","filtered"
"1836","2412","15561","451.2489","6.965","687.9","27","27_1_F1","2M+Na; M+2Na; M+2Na-H; M+ACN+Na; M+DMSO+H; M+Na","[15732]; [15732]; [15732]; [15732]; [15580]; [15732]","false","filtered"
"1829","2331","13982","335.2218","6.231","1,887.2","26","26_1_F1","2M+ACN+Na; 2M+Na; M+2Na; M+2Na-H; M+3Na; M+ACN+Na; M+Na","[13983]; [13983]; [13983]; [13983]; [13983]; [13983]; [13983]","true","keep_rep"
"1830","2332","13983","313.2382","6.242","1,154.0","26","26_1_F1","2M+ACN+H; 2M+H; M+2H; M+3H; M+ACN+H; M+H; M+Na","[13982]; [13982]; [13982]; [13982]; [13982]; [13982]; [13982]","false","filtered"
"1813","2241","12965","488.3016","5.775","115,790.8","25","25_3_F1","2M+3H2O+2H; 2M+NH4; M+; M+ACN+H; M+NH4","[12950]; [12963, 12968, 12970]; [13019]; [12911, 13019]; [12958, 12963, 12968, 12970, 12975]","true","keep_rep"
"1814","2242","12968","493.2570","5.775","20,705.1","25","25_3_F1","2M+ACN+Na; 2M+Na; M+2Na; M+2Na-H; M+3Na; M+ACN+Na; M+H+Na; M+Na","[12963]; [12963, 12965, 12970]; [12958, 12963, 12975]; [12963]; [12963]; [12963]; [12975]; [12958, 12963, 12965, 12970, 12975]","false","filtered"
"1815","2243","12970","509.2309","5.775","18,799.1","25","25_3_F1","2M+K; M+2K-H; M+H+K; M+K","[12963, 12965, 12968]; [12963]; [12958]; [12958, 12963, 12965, 12968, 12975]","false","filtered"
"1816","2235","12913","435.2540","5.761","7,762.4","25","25_3_F1","2M+H; M+CH3OH+H; M+H","[12926]; [12840]; [12926]","false","filtered"
"1817","2239","12950","502.3168","5.773","4,140.7","25","25_3_F1","2M+ACN+H; M+2H; M+CH3OH+H; M+H+Na","[12965]; [12990]; [12910]; [12990]","false","filtered"
"1818","2238","12948","453.2637","5.773","2,810.3","25","25_3_F1","2M+H; M+H","[12910]; [12910]","false","filtered"
"1819","2234","12911","491.2414","5.759","2,502.8","25","25_3_F1","2M+Na; M+2Na-H; M+K; M+Na","[12868, 12909]; [12842, 12965, 13019]; [12926]; [12868, 12909]","false","filtered"
"1820","2240","12963","471.2730","5.775","1,616.2","25","25_3_F1","2M+ACN+H; 2M+H; M+; M+2H; M+3H; M+ACN+2H; M+ACN+H; M+ACN+Na; M+H; M+H+K; M+H+Na; M+K; M+Na","[12968]; [12965, 12968, 12970]; [12990]; [12958, 12968, 12975]; [12968]; [12975]; [12968]; [12868]; [12958, 12965, 12968, 12970, 12975]; [12958]; [12975]; [12970]; [12968]","false","filtered"
"1821","2231","12990","513.3065","5.756","1,300.2","25","25_3_F1","2M+3H2O+2H; 2M+H; M+2Na; M+ACN+H; M+H; M+H+Na","[12868]; [13019]; [12950]; [12963]; [13019]; [12950]","false","filtered"
"1822","2233","12910","470.2913","5.759","1,220.1","25","25_3_F1","2M+NH4; M+ACN+Na; M+H; M+NH4","[12948]; [12840]; [12950]; [12840, 12948]","false","filtered"
"1823","2232","12909","507.2142","5.757","1,065.6","25","25_3_F1","2M+K; M+2Na-H; M+K","[12868, 12911]; [12836]; [12868, 12911]","false","filtered"
"1824","2236","12926","452.2798","5.765","675.0","25","25_3_F1","2M+NH4; M+; M+NH4","[12913]; [12911]; [12913]","false","filtered"
"1825","2245","12975","963.5242","5.775","362.2","25","25_3_F1","2M+Na; M+2Na-H; M+ACN+Na; M+H; M+Na","[12958, 12963, 12965, 12968, 12970]; [12963]; [12963]; [12968]; [12958, 12963, 12968]","false","filtered"
"1826","2237","13019","530.3315","5.771","294.7","25","25_3_F1","2M+NH4; M+ACN+H; M+IsoProp+Na+H; M+NH4","[12990]; [12965]; [12911, 12965]; [12990]","false","filtered"
"1827","2246","12958","979.4987","5.777","218.5","25","25_3_F1","2M+K; M+2K-H; M+H; M+K","[12963, 12965, 12968, 12970, 12975]; [12963]; [12970]; [12963, 12968, 12975]","false","filtered"
"1811","2221","12814","504.2965","5.705","7,005.0","25","25_2_F2","2M+NH4; M+NH4","[12811]; [12811]","true","keep_rep"
"1812","2219","12811","525.2262","5.705","441.7","25","25_2_F2","2M+ACN+Na; 2M+K; 2M+Na; M+2Na; M+2Na-H; M+3Na; M+ACN+Na; M+K; M+Na","[12779]; [12814]; [12779]; [12779]; [12779]; [12779]; [12779]; [12814]; [12779]","false","filtered"
"1801","2218","12732","309.2065","5.695","12,172.0","25","25_2_F1","2M+ACN+H; 2M+H; M+2H; M+3ACN+2H; M+3H; M+ACN+H; M+H; M+K; M+Na","[12733, 12899]; [12733, 12734, 12899]; [12733, 12899]; [12773]; [12733, 12840, 12899]; [12733, 12899]; [12733, 12734, 12899]; [12734]; [12733, 12899]","true","keep_rep"
"1802","2229","12868","486.2870","5.740","5,784.5","25","25_2_F1","2M+H; 2M+NH4; M+DMSO+H; M+IsoProp+Na+H; M+NH4","[12990]; [12813, 12909, 12911]; [12963]; [12840]; [12813, 12909, 12911]","false","filtered"
"1803","2222","12823","451.2490","5.708","4,857.4","25","25_2_F1","M+2Na-H","[12840]","false","filtered"
"1804","2224","12840","485.2907","5.718","3,998.0","25","25_2_F1","M+2ACN+H; M+2H; M+2Na; M+3H; M+CH3OH+H; M+DMSO+H; M+IsoProp+H","[12868, 12913]; [12899]; [12732, 12899]; [12860]; [12910]; [12823, 12910]; [12779]","false","filtered"
"1805","2228","12899","331.1900","5.736","3,220.8","25","25_2_F1","2M+ACN+Na; 2M+Na; M+2ACN+H; M+2H+Na; M+2Na; M+2Na-H; M+3ACN+2H; M+3Na; M+ACN+Na; M+IsoProp+H; M+Na","[12732]; [12732]; [12773]; [12840]; [12732]; [12732]; [12773]; [12732, 12840]; [12732]; [12836]; [12732]","false","filtered"
"1806","2225","12842","525.2835","5.718","3,212.6","25","25_2_F1","2M+ACN+H; 2M+Na; M+DMSO+H; M+Na","[12749]; [12835, 12836]; [12813, 12911]; [12835, 12836]","false","filtered"
"1807","2220","12813","469.2593","5.705","2,901.3","25","25_2_F1","2M+H; M+2ACN+H; M+H; M+Na","[12868]; [12859]; [12868]; [12842]","false","filtered"
"1808","2223","12836","541.2572","5.716","1,446.3","25","25_2_F1","2M+H; 2M+K; M+DMSO+H; M+K","[12899]; [12835, 12842]; [12909]; [12835, 12842]","false","filtered"
"1809","2227","12860","768.4554","5.734","956.3","25","25_2_F1","2M+NH4; M+2ACN+2H; M+NH4","[12859]; [12840]; [12859]","false","filtered"
"1810","2226","12859","773.4104","5.732","216.3","25","25_2_F1","2M+H; 2M+Na; M+Na","[12813]; [12860]; [12860]","false","filtered"
"1791","2217","12780","521.2581","5.689","7,641.4","25","25_1_F1","2M+3H2O+2H; 2M+H; 2M+K; M+H; M+K","[12749]; [12773]; [12748]; [12773]; [12748]","true","keep_rep"
"1792","2205","12698","556.2959","5.644","7,286.8","25","25_1_F1","2M+3H2O+2H; M+IsoProp+Na+H","[12747, 12748, 12755]; [12755]","false","filtered"
"1793","2208","12747","529.2810","5.673","4,370.0","25","25_1_F1","2M+ACN+H; 2M+H; M+2H; M+3H; M+ACN+H; M+CH3OH+H; M+H; M+Na","[12755]; [12698, 12748, 12755]; [12755]; [12755]; [12755]; [12773]; [12748, 12755]; [12755]","false","filtered"
"1794","2207","12733","331.1904","5.659","3,786.8","25","25_1_F1","2M+ACN+Na; 2M+Na; M+2ACN+H; M+2Na; M+2Na-H; M+3ACN+2H; M+3Na; M+ACN+Na; M+Na","[12732]; [12732, 12734]; [12773]; [12732]; [12732]; [12773]; [12732]; [12732]; [12732, 12734]","false","filtered"
"1795","2213","12835","520.3332","5.683","2,372.3","25","25_1_F1","2M+NH4; M+IsoProp+H; M+NH4","[12836, 12842]; [12773]; [12836, 12842]","false","filtered"
"1796","2215","12773","538.2845","5.687","1,901.3","25","25_1_F1","2M+3H2O+2H; 2M+ACN+H; 2M+NH4; M+2Na-H; M+ACN+H; M+DMSO+H; M+H; M+NH4","[12749]; [12733, 12899]; [12780]; [12732]; [12747]; [12835]; [12733, 12899]; [12780]","false","filtered"
"1797","2209","12748","546.3074","5.673","1,727.6","25","25_1_F1","2M+ACN+Na; 2M+NH4; M+ACN+Na; M+NH4","[12780]; [12698, 12747, 12755]; [12780]; [12747, 12755]","false","filtered"
"1798","2214","12734","347.1630","5.684","482.3","25","25_1_F1","2M+K; M+2K-H; M+K","[12732, 12733]; [12732]; [12732, 12733]","false","filtered"
"1799","2210","12749","511.2695","5.673","407.1","25","25_1_F1","2M+3H2O+2H; 2M+H; 2M+NH4","[12842]; [12773]; [12780]","false","filtered"
"1800","2212","12755","551.2647","5.675","404.2","25","25_1_F1","2M+ACN+Na; 2M+Na; M+2Na; M+2Na-H; M+3Na; M+ACN+Na; M+DMSO+H; M+Na","[12747]; [12698, 12747, 12748]; [12747]; [12747]; [12747]; [12747]; [12698]; [12747, 12748]","false","filtered"
"1828","2216","12779","503.2475","5.689","749.7","25","","2M+ACN+H; 2M+H; M+2H; M+3H; M+ACN+H; M+DMSO+H; M+H; M+Na","[12811]; [12811]; [12811]; [12811]; [12811]; [12840]; [12811]; [12811]","false","kept (no corr-family)"
"1788","587","3080","282.1551","1.200","18,405.0","24","24_1_F1","2M+NH4; M+NH4","[3075, 3081]; [3075, 3081]","true","keep_rep"
"1789","586","3075","287.1105","1.198","16,916.3","24","24_1_F1","2M+Na; M+Na","[3080, 3081]; [3080, 3081]","false","filtered"
"1790","588","3081","303.0845","1.202","7,530.6","24","24_1_F1","2M+K; M+K","[3075, 3080]; [3075, 3080]","false","filtered"
"1782","1329","6766","465.1038","3.091","9,063.4","23","23_3_F1","2M+ACN+H; 2M+H; M+2H; M+3H; M+ACN+H; M+H; M+K; M+Na","[6767]; [6760, 6767]; [6767]; [6767]; [6767]; [6760, 6767]; [6760]; [6767]","true","keep_rep"
"1783","1330","6767","487.0857","3.091","3,192.3","23","23_3_F1","2M+ACN+Na; 2M+Na; M+2Na; M+2Na-H; M+3Na; M+ACN+Na; M+Na","[6766]; [6760, 6766]; [6766]; [6766]; [6766]; [6766]; [6760, 6766]","false","filtered"
"1784","1328","6760","503.0591","3.089","232.9","23","23_3_F1","2M+K; M+2K-H; M+K","[6766, 6767]; [6629, 6766]; [6766, 6767]","false","filtered"
"1772","1317","6648","540.2450","3.048","826.1","23","23_2_F1","2M+NH4; M+ACN+H; M+NH4","[6647, 6650]; [6595]; [6647, 6650]","true","keep_rep"
"1773","1313","6629","468.1639","3.039","429.7","23","23_2_F1","2M+ACN+Na; 2M+Na; M+2Na; M+2Na-H; M+3Na; M+ACN+H; M+ACN+Na; M+Na","[6496, 6623, 6691]; [6620, 6623]; [6623]; [6623]; [6623]; [6760]; [6623, 6691]; [6496, 6620, 6623]","false","filtered"
"1774","1302","6595","543.1848","3.021","409.5","23","23_2_F1","2M+Na; M+2Na-H; M+Na","[6587, 6588]; [6648]; [6587, 6588]","false","filtered"
"1775","1316","6647","545.2004","3.047","339.8","23","23_2_F1","2M+Na; M+IsoProp+H; M+IsoProp+Na+H; M+Na","[6648, 6650]; [6620]; [6620]; [6648, 6650]","false","filtered"
"1776","1312","6623","446.1816","3.037","291.4","23","23_2_F1","2M+ACN+H; 2M+ACN+Na; 2M+H; M+; M+2ACN+2H; M+2ACN+H; M+2H; M+3ACN+2H; M+3H; M+ACN+H; M+ACN+Na; M+H; M+H+K; M+H+NH4; M+K; M+Na","[6496, 6629, 6691]; [6691]; [6620, 6629]; [6739]; [6691]; [6691]; [6629]; [6691]; [6629]; [6629, 6691]; [6691]; [6496, 6620, 6629]; [6496]; [6739]; [6620]; [6629]","false","filtered"
"1777","1309","6620","484.1382","3.034","142.2","23","23_2_F1","2M+K; M+; M+2K-H; M+2Na-H; M+K; M+Na","[6623, 6629]; [6647]; [6623]; [6604]; [6496, 6623, 6629]; [6647]","false","filtered"
"1778","1307","6616","544.1578","3.034","119.6","23","23_2_F1","2M+K; M+ACN+Na; M+K; M+NH4","[6604]; [6588]; [6587, 6604]; [6588]","false","filtered"
"1779","1304","6588","559.1600","3.024","110.8","23","23_2_F1","2M+K; M+; M+CH3OH+H; M+DMSO+H; M+K","[6587, 6595]; [6510]; [6616]; [6616]; [6587, 6595]","false","filtered"
"1780","1310","6604","523.2293","3.034","53.2","23","23_2_F1","2M+NH4; M+ACN+Na; M+IsoProp+Na+H; M+NH4","[6616]; [6587]; [6620]; [6587, 6616]","false","filtered"
"1781","1314","6650","561.1740","3.045","45.0","23","23_2_F1","2M+K; M+IsoProp+Na+H; M+K","[6647, 6648]; [6510]; [6647, 6648]","false","filtered"
"1768","1293","6513","498.1740","2.969","2,131.0","23","23_1_F2","2M+ACN+Na; 2M+Na; M+2Na; M+2Na-H; M+3Na; M+ACN+Na; M+K; M+Na","[6552]; [6526, 6552]; [6552]; [6552]; [6552]; [6552]; [6587]; [6526, 6552]","true","keep_rep"
"1769","1295","6526","514.1487","2.979","1,746.6","23","23_1_F2","2M+K; M+2K-H; M+K","[6513, 6552]; [6552]; [6513, 6552]","false","filtered"
"1770","1301","6587","538.2298","3.017","956.2","23","23_1_F2","2M+NH4; M+CH3OH+H; M+DMSO+H; M+NH4","[6588, 6595]; [6604, 6616]; [6513, 6604]; [6588, 6595]","false","filtered"
"1771","1296","6552","476.1921","2.998","792.9","23","23_1_F2","2M+ACN+H; 2M+H; M+2H; M+3H; M+ACN+H; M+H; M+K; M+Na","[6513]; [6513, 6526]; [6513]; [6513]; [6513]; [6513, 6526]; [6526]; [6513]","false","filtered"
"1766","1297","6496","285.1327","3.007","1,012.0","23","23_1_F1","2M+Na; M+2ACN+H; M+3ACN+2H; M+3H; M+Na","[6510]; [6623, 6629]; [6620, 6623, 6629]; [6623]; [6510]","true","keep_rep"
"1767","1298","6510","301.1057","3.009","220.8","23","23_1_F1","2M+K; M+3ACN+2H; M+ACN+2H; M+K","[6496]; [6650]; [6588]; [6496]","false","filtered"
"1785","1323","6715","917.3681","3.070","222.0","23","","2M+H; M+H","[6739]; [6739]","false","kept (no corr-family)"
"1786","1325","6739","934.3919","3.076","106.9","23","","2M+ACN+H; 2M+NH4; M+IsoProp+H; M+NH4","[6623]; [6715]; [6623]; [6715]","false","kept (no corr-family)"
"1787","1324","6691","405.1554","3.072","49.4","23","","2M+H; 2M+Na; M+2H; M+ACN+2H; M+ACN+H; M+H; M+Na","[6623, 6629]; [6623]; [6623]; [6623]; [6623]; [6623, 6629]; [6623]","false","kept (no corr-family)"
"1762","2320","13744","320.2591","6.158","1,621.8","22","22_1_F1","2M+3H2O+2H; 2M+ACN+H; 2M+ACN+Na; 2M+H; 2M+K; 2M+NH4; 2M+Na; M+; M+2ACN+2H; M+2ACN+H; M+2H; M+2H+Na; M+2K-H; M+2Na; M+2Na-H; M+3ACN+2H; M+3H; M+3Na; M+ACN+2H; M+ACN+H; M+ACN+Na; M+CH3OH+H; M+DMSO+H; M+H; M+H+2Na; M+H+K; M+H+NH4; M+H+Na; M+IsoProp+H; M+IsoProp+Na+H; M+K; M+NH4; M+Na","[13891]; [13891]; [13891]; [13891]; [13891]; [13891]; [13891]; [13711, 13891]; [13891]; [13891]; [13891]; [13891]; [13891]; [13891]; [13891]; [13891]; [13891]; [13891]; [13891]; [13891]; [13891]; [13891]; [13891]; [13891]; [13891]; [13891]; [13891]; [13891]; [13891]; [13891]; [13891]; [13891]; [13891]","true","keep_rep"
"1763","2301","13711","365.2315","6.118","826.4","22","22_1_F1","2M+Na; M+2Na-H; M+Na","[13735]; [13744]; [13735]","false","filtered"
"1764","2313","13735","381.2049","6.129","113.5","22","22_1_F1","2M+K; M+K","[13711]; [13711]","false","filtered"
"1765","2324","13891","320.2592","6.197","2,579.2","22","","2M+3H2O+2H; 2M+ACN+H; 2M+ACN+Na; 2M+H; 2M+K; 2M+NH4; 2M+Na; M+; M+2ACN+2H; M+2ACN+H; M+2H; M+2H+Na; M+2K-H; M+2Na; M+2Na-H; M+3ACN+2H; M+3H; M+3Na; M+ACN+2H; M+ACN+H; M+ACN+Na; M+CH3OH+H; M+DMSO+H; M+H; M+H+2Na; M+H+K; M+H+NH4; M+H+Na; M+IsoProp+H; M+IsoProp+Na+H; M+K; M+NH4; M+Na","[13744]; [13744]; [13744]; [13744]; [13744]; [13744]; [13744]; [13744]; [13744]; [13744]; [13744]; [13744]; [13744]; [13744]; [13744]; [13744]; [13744]; [13744]; [13744]; [13744]; [13744]; [13744]; [13744]; [13744]; [13744]; [13744]; [13744]; [13744]; [13744]; [13744]; [13744]; [13744]; [13744]","false","kept (no corr-family)"
"1759","2516","17702","295.2274","7.964","8,620.5","21","21_1_F1","2M+ACN+H; 2M+H; M+2H; M+3H; M+ACN+H; M+H; M+K; M+Na","[17705]; [17705, 17707]; [17705]; [17705]; [17705]; [17705, 17707]; [17707]; [17705]","true","keep_rep"
"1760","2521","17705","317.2101","7.972","2,858.7","21","21_1_F1","2M+ACN+Na; 2M+Na; M+2Na; M+2Na-H; M+3Na; M+ACN+Na; M+Na","[17702]; [17702, 17707]; [17702]; [17702]; [17702]; [17702]; [17702, 17707]","false","filtered"
"1761","2518","17707","333.1840","7.968","308.9","21","21_1_F1","2M+K; M+2K-H; M+K","[17702, 17705]; [17702]; [17702, 17705]","false","filtered"
"1757","593","3163","247.1300","1.309","2,852.9","20","","2M+NH4; M+NH4","[3167]; [3167]","false","kept (no corr-family)"
"1758","592","3167","230.1029","1.289","239.7","20","","2M+H; M+H","[3163]; [3163]","false","kept (no corr-family)"
"1752","2534","18438","245.1502","8.294","2,169.9","19","19_1_F1","2M+Na; M+2ACN+2H; M+2Na; M+H+Na; M+Na","[18432]; [18426]; [18426]; [18426]; [18426, 18432]","true","keep_rep"
"1753","2535","18444","321.1857","8.294","665.4","19","19_1_F1","2M+Na; M+2ACN+H; M+IsoProp+H; M+Na","[18443]; [18432]; [18432]; [18443]","false","filtered"
"1754","2533","18443","337.1610","8.289","358.4","19","19_1_F1","2M+K; M+K","[18444]; [18444]","false","filtered"
"1755","2531","18426","467.3061","8.257","214.6","19","19_1_F1","2M+Na; M+H; M+IsoProp+H; M+Na","[18432, 18438]; [18438]; [18438]; [18438]","false","filtered"
"1756","2532","18432","261.1242","8.265","183.9","19","19_1_F1","2M+K; M+H; M+K; M+Na","[18438]; [18444]; [18426, 18438]; [18444]","false","filtered"
"1748","1377","7018","685.1367","3.198","208.5","18","18_4_F1","2M+ACN+H; 2M+H; 2M+Na; M+2H; M+2Na-H; M+3H; M+ACN+H; M+H; M+Na","[7023]; [7023]; [7022]; [7023]; [7017]; [7023]; [7023]; [7023]; [7022, 7023]","true","keep_rep"
"1749","1378","7022","701.1042","3.198","100.6","18","18_4_F1","2M+ACN+Na; 2M+K; 2M+Na; M+2Na; M+2Na-H; M+3Na; M+ACN+Na; M+K; M+Na","[7017]; [7018]; [7017]; [7017]; [7017]; [7017]; [7017]; [7018, 7023]; [7017]","false","filtered"
"1750","1380","7023","707.1184","3.200","75.1","18","18_4_F1","2M+ACN+Na; 2M+Na; M+2Na; M+2Na-H; M+3Na; M+ACN+Na; M+Na","[7018]; [7018]; [7018]; [7018, 7022]; [7018]; [7018]; [7018]","false","filtered"
"1732","1372","7028","595.1676","3.196","29,605.4","18","18_3_F1","2M+ACN+H; 2M+H; M+2H; M+3H; M+ACN+H; M+H; M+K; M+Na","[7030]; [6896, 7030, 7031]; [7030]; [7030]; [7030]; [7030, 7031]; [7031]; [7030]","true","keep_rep"
"1733","1373","7030","617.1500","3.196","5,342.8","18","18_3_F1","2M+ACN+Na; 2M+Na; M+2Na; M+2Na-H; M+3Na; M+ACN+Na; M+Na","[7028]; [6896, 7028, 7031]; [7028]; [7028]; [7028]; [7028]; [7028, 7031]","false","filtered"
"1734","1363","7002","409.1853","3.171","2,913.6","18","18_3_F1","2M+Na; M+; M+Na","[7013]; [6984]; [7013]","false","filtered"
"1735","1361","6910","498.1743","3.151","1,039.6","18","18_3_F1","2M+ACN+H; 2M+ACN+Na; 2M+NH4; 2M+Na; M+2ACN+2H; M+2ACN+H; M+2Na; M+2Na-H; M+3ACN+2H; M+3Na; M+ACN+H; M+ACN+Na; M+CH3OH+H; M+NH4; M+Na","[6794]; [6855]; [7027]; [6855, 6907]; [6794]; [6794]; [6855]; [6855]; [6840]; [6855]; [6794]; [6794, 6855]; [7027]; [7027]; [6855, 6907]","false","filtered"
"1736","1367","7013","425.1577","3.192","820.7","18","18_3_F1","2M+K; M+K","[7002]; [7002]","false","filtered"
"1737","1357","6899","379.0798","3.147","790.2","18","18_3_F1","2M+K; M+K","[6896, 6901]; [6896, 6901]","false","filtered"
"1738","1364","6984","473.2028","3.178","773.4","18","18_3_F1","2M+H; M+ACN+Na; M+H","[6986]; [7002]; [6986]","false","filtered"
"1739","1360","6907","514.1482","3.151","479.7","18","18_3_F1","2M+K; M+2K-H; M+3ACN+2H; M+K","[6855, 6910]; [6855]; [6852]; [6855, 6910]","false","filtered"
"1740","1374","7031","633.1236","3.196","460.2","18","18_3_F1","2M+K; M+2K-H; M+CH3OH+H; M+K","[6896, 7028, 7030]; [7028]; [7017]; [7028, 7030]","false","filtered"
"1741","1358","6896","358.1503","3.148","448.7","18","18_3_F1","2M+NH4; M+IsoProp+H; M+NH4","[6899, 6901]; [6823, 6824, 7028, 7030, 7031]; [6899, 6901]","false","filtered"
"1742","1359","6901","363.1055","3.148","421.6","18","18_3_F1","2M+Na; M+2H+Na; M+3H; M+NH4; M+Na","[6896, 6899]; [7027]; [7027]; [6816]; [6896, 6899]","false","filtered"
"1743","1362","6986","490.2298","3.163","330.6","18","18_3_F1","2M+H; 2M+NH4; 2M+Na; M+DMSO+H; M+H; M+K; M+NH4; M+Na","[7026]; [6984]; [7025]; [6881, 6883]; [7026]; [7026]; [6984]; [7025, 7027]","false","filtered"
"1744","1370","7026","528.1856","3.196","296.9","18","18_3_F1","2M+ACN+Na; 2M+K; 2M+Na; M+2K-H; M+2Na; M+2Na-H; M+3Na; M+ACN+Na; M+K; M+Na","[7025]; [6986]; [7025, 7027]; [6986]; [7025]; [7025]; [7025]; [7025]; [6986]; [7025, 7027]","false","filtered"
"1745","1369","7025","506.2034","3.196","278.7","18","18_3_F1","2M+ACN+H; 2M+H; 2M+K; M+2H; M+3H; M+ACN+H; M+H; M+K; M+Na","[7026]; [7026, 7027]; [6986]; [7026]; [7026]; [7026]; [7026, 7027]; [6986, 7027]; [7026]","false","filtered"
"1746","1375","7017","679.1202","3.196","278.5","18","18_3_F1","2M+ACN+H; 2M+H; M+2H; M+3H; M+ACN+H; M+DMSO+H; M+H; M+K; M+Na","[7022]; [7022]; [7022]; [7022]; [7022]; [7031]; [7022]; [7018]; [7022]","false","filtered"
"1747","1371","7027","544.1593","3.196","125.0","18","18_3_F1","2M+ACN+Na; 2M+K; M+2H; M+2K-H; M+ACN+Na; M+DMSO+H; M+H+Na; M+K","[6910]; [7025, 7026]; [6901]; [6986, 7025]; [6910]; [6910]; [6901]; [7025, 7026]","false","filtered"
"1720","1355","6876","384.1449","3.138","6,784.7","18","18_2_F2","2M+ACN+H; 2M+H; M+; M+2H; M+3H; M+ACN+H; M+H; M+K; M+Na","[6816]; [6816, 6861]; [6789]; [6816]; [6816]; [6816]; [6816, 6861]; [6861, 6874]; [6816]","true","keep_rep"
"1721","1348","6843","519.1987","3.128","4,030.7","18","18_2_F2","M+DMSO+H","[6789, 6794]","false","filtered"
"1722","1343","6823","595.1675","3.118","2,182.3","18","18_2_F2","2M+ACN+H; 2M+H; M+2H; M+3H; M+ACN+H; M+H; M+Na","[6824]; [6824, 6896]; [6824]; [6824]; [6824]; [6824]; [6824]","false","filtered"
"1723","1354","6871","624.2867","3.136","1,668.8","18","18_2_F2","2M+ACN+H; 2M+H; M+2H; M+3H; M+ACN+H; M+H; M+H+K; M+IsoProp+Na+H; M+Na","[6693]; [6693]; [6693]; [6693]; [6693]; [6693]; [6881]; [6824]; [6693]","false","filtered"
"1724","1332","6874","406.2443","3.097","875.1","18","18_2_F2","2M+NH4; M+IsoProp+H; M+NH4","[6881]; [6861, 6876]; [6881]","false","filtered"
"1725","1346","6881","411.2003","3.123","855.5","18","18_2_F2","2M+Na; M+; M+2H+Na; M+Na","[6874]; [6986]; [6871]; [6874]","false","filtered"
"1726","1344","6824","617.1502","3.118","474.7","18","18_2_F2","2M+ACN+Na; 2M+Na; M+2K-H; M+2Na; M+2Na-H; M+3Na; M+ACN+Na; M+Na","[6823]; [6823, 6896]; [6871]; [6823]; [6823]; [6823]; [6823]; [6823]","false","filtered"
"1727","1345","6816","406.1270","3.123","381.7","18","18_2_F2","2M+ACN+Na; 2M+Na; M+2Na; M+2Na-H; M+3Na; M+ACN+Na; M+IsoProp+H; M+Na","[6876]; [6861, 6876]; [6876]; [6876]; [6876]; [6876]; [6901]; [6861, 6876]","false","filtered"
"1728","1353","6861","422.1006","3.132","312.4","18","18_2_F2","2M+K; M+2K-H; M+K","[6816, 6876]; [6874, 6876]; [6816, 6876]","false","filtered"
"1729","1334","6789","463.1582","3.100","201.8","18","18_2_F2","2M+Na; M+DMSO+H; M+Na","[6794]; [6876]; [6794, 6843]","false","filtered"
"1730","1335","6794","479.1320","3.102","88.8","18","18_2_F2","2M+K; 2M+Na; M+2Na; M+2Na-H; M+ACN+Na; M+K; M+Na","[6789]; [6910]; [6910]; [6855, 6910]; [6855, 6910]; [6789, 6843]; [6910]","false","filtered"
"1731","1342","6693","646.2688","3.111","67.9","18","18_2_F2","2M+ACN+Na; 2M+Na; M+2Na; M+2Na-H; M+3Na; M+ACN+Na; M+Na","[6871]; [6871]; [6871]; [6871]; [6871]; [6871]; [6871]","false","filtered"
"1712","1347","6840","445.1478","3.126","1,008.4","18","18_2_F1","2M+K; 2M+Na; M+H+NH4; M+Na","[6883]; [6841, 6852]; [6910]; [6841, 6852]","true","keep_rep"
"1713","1350","6855","476.1915","3.131","838.1","18","18_2_F1","2M+ACN+H; 2M+ACN+Na; 2M+H; M+2H; M+3H; M+ACN+H; M+H; M+IsoProp+H; M+K; M+Na","[6910]; [6841]; [6907, 6910]; [6910]; [6910]; [6794, 6910]; [6907, 6910]; [6794]; [6907]; [6910]","false","filtered"
"1714","1356","6883","434.2031","3.140","794.1","18","18_2_F1","2M+3H2O+2H; M+NH4; M+Na","[6840]; [6880]; [6986]","false","filtered"
"1715","1333","6759","237.0743","3.099","413.1","18","18_2_F1","2M+Na; M+Na","[6763]; [6763]","false","filtered"
"1716","1341","6880","855.3309","3.108","400.2","18","18_2_F1","2M+Na","[6883]","false","filtered"
"1717","1349","6852","461.1215","3.130","231.2","18","18_2_F1","2M+H; 2M+K; M+H; M+H+NH4; M+K","[6763]; [6840, 6841]; [6763]; [6907]; [6840, 6841]","false","filtered"
"1718","1337","6841","440.1923","3.104","204.7","18","18_2_F1","2M+3H2O+2H; 2M+ACN+H; 2M+ACN+Na; 2M+H; 2M+K; 2M+NH4; 2M+Na; M+; M+2ACN+2H; M+2ACN+H; M+2H; M+2H+Na; M+2K-H; M+2Na; M+2Na-H; M+3ACN+2H; M+3H; M+3Na; M+ACN+2H; M+ACN+H; M+ACN+Na; M+CH3OH+H; M+DMSO+H; M+H; M+H+2Na; M+H+K; M+H+NH4; M+H+Na; M+IsoProp+H; M+IsoProp+Na+H; M+K; M+NH4; M+Na","[6670, 6855]; [6670]; [6670]; [6670]; [6670]; [6670, 6678, 6698, 6840, 6852]; [6670]; [6670]; [6670]; [6670]; [6670]; [6670]; [6670]; [6670]; [6670]; [6670]; [6670]; [6670]; [6670]; [6670]; [6670]; [6670]; [6670]; [6670]; [6670]; [6670]; [6670]; [6670]; [6670]; [6670]; [6670]; [6670, 6678, 6698, 6840, 6852]; [6670]","false","filtered"
"1719","1331","6763","253.0482","3.091","167.1","18","18_2_F1","2M+K; M+2Na; M+K; M+Na","[6759]; [6698, 6852]; [6759]; [6698, 6852]","false","filtered"
"1703","1305","6583","411.2004","3.028","1,884.8","18","18_1_F1","2M+ACN+Na; 2M+Na; M+2Na; M+2Na-H; M+3Na; M+ACN+Na; M+Na","[6586]; [6585, 6586]; [6586]; [6586]; [6586]; [6586]; [6585, 6586]","true","keep_rep"
"1704","1319","6678","445.1477","3.060","1,864.5","18","18_1_F1","2M+Na; M+DMSO+H; M+Na","[6670, 6698, 6841]; [6614]; [6670, 6698, 6841]","false","filtered"
"1705","1300","6586","389.2177","3.017","738.4","18","18_1_F1","2M+ACN+H; 2M+H; M+2H; M+3H; M+ACN+H; M+H; M+K; M+Na","[6583]; [6583, 6585]; [6583]; [6583]; [6583]; [6583, 6585]; [6585]; [6583]","false","filtered"
"1706","1299","6585","427.1736","3.017","681.2","18","18_1_F1","2M+K; M+2K-H; M+DMSO+H; M+K","[6583, 6586]; [6586]; [6617]; [6583, 6586]","false","filtered"
"1707","1321","6698","461.1216","3.062","485.9","18","18_1_F1","2M+H; 2M+K; M+H; M+K","[6763]; [6670, 6678, 6841]; [6763]; [6670, 6678, 6841]","false","filtered"
"1708","1308","6617","390.1767","3.034","451.5","18","18_1_F1","2M+NH4; M+ACN+H; M+H+K; M+NH4","[6609, 6614]; [6585]; [6594]; [6609, 6614]","false","filtered"
"1709","1311","6614","411.1062","3.035","418.3","18","18_1_F1","2M+K; M+2Na-H; M+K","[6609, 6617]; [6678]; [6609, 6617]","false","filtered"
"1710","1306","6609","395.1319","3.032","363.6","18","18_1_F1","2M+Na; M+Na","[6614, 6617]; [6614, 6617]","false","filtered"
"1711","1318","6670","440.1923","3.058","303.3","18","18_1_F1","2M+3H2O+2H; 2M+ACN+H; 2M+ACN+Na; 2M+H; 2M+K; 2M+NH4; 2M+Na; M+; M+2ACN+2H; M+2ACN+H; M+2H; M+2H+Na; M+2K-H; M+2Na; M+2Na-H; M+3ACN+2H; M+3H; M+3Na; M+ACN+2H; M+ACN+H; M+ACN+Na; M+CH3OH+H; M+DMSO+H; M+H; M+H+2Na; M+H+K; M+H+NH4; M+H+Na; M+IsoProp+H; M+IsoProp+Na+H; M+K; M+NH4; M+Na","[6841]; [6841]; [6841]; [6841]; [6841]; [6678, 6698, 6841]; [6841]; [6841]; [6841]; [6841]; [6841]; [6841]; [6841]; [6841]; [6841]; [6841]; [6841]; [6841]; [6841]; [6841]; [6841]; [6841]; [6841]; [6841]; [6841]; [6841]; [6841]; [6841]; [6841]; [6841]; [6841]; [6678, 6698, 6841]; [6841]","false","filtered"
"1751","1303","6594","371.2087","3.024","97.2","18","","M+2H","[6617]","false","kept (no corr-family)"
"1694","1543","8363","670.3821","3.725","22,475.2","17","17_4_F1","2M+NH4; M+NH4","[8357, 8365, 8374]; [8357, 8365, 8374]","true","keep_rep"
"1695","1537","8310","592.2959","3.701","13,306.9","17","17_4_F1","2M+ACN+H; 2M+H; M+; M+2H; M+3H; M+ACN+H; M+H; M+Na","[8311]; [8311]; [8357]; [8311]; [8311]; [8311]; [8311, 8323, 8365]; [8311, 8357]","false","filtered"
"1696","1544","8365","675.3373","3.725","9,811.1","17","17_4_F1","2M+ACN+Na; 2M+Na; M+2Na; M+2Na-H; M+3Na; M+ACN+Na; M+IsoProp+H; M+IsoProp+Na+H; M+Na","[8357]; [8357, 8363, 8374]; [8357]; [8357]; [8357]; [8357]; [8311]; [8310, 8311, 8323]; [8357, 8363, 8374]","false","filtered"
"1697","1552","8427","668.3665","3.737","6,542.2","17","17_4_F1","M+CH3OH+H; M+DMSO+H","[8357]; [8357]","false","filtered"
"1698","1545","8374","691.3112","3.727","2,041.8","17","17_4_F1","2M+K; M+2K-H; M+K","[8357, 8363, 8365]; [8357]; [8357, 8363, 8365]","false","filtered"
"1699","1538","8311","614.2783","3.701","801.3","17","17_4_F1","2M+ACN+H; 2M+ACN+Na; 2M+H; 2M+Na; M+; M+2H; M+2Na; M+2Na-H; M+3H; M+3Na; M+ACN+H; M+ACN+Na; M+H; M+Na","[8323]; [8310]; [8323]; [8310]; [8365]; [8323]; [8310]; [8310, 8357]; [8323]; [8310]; [8323]; [8310]; [8323]; [8310, 8323, 8365]","false","filtered"
"1700","1541","8357","653.3570","3.723","212.4","17","17_4_F1","2M+ACN+H; 2M+H; M+2H; M+3H; M+ACN+H; M+ACN+Na; M+H; M+IsoProp+H; M+IsoProp+Na+H; M+K; M+NH4; M+Na","[8365]; [8363, 8365, 8374]; [8365]; [8365]; [8365]; [8427]; [8363, 8365, 8374]; [8310]; [8310, 8311]; [8374]; [8427]; [8365]","false","filtered"
"1701","1539","8323","636.2606","3.703","164.8","17","17_4_F1","2M+ACN+Na; 2M+Na; M+2Na; M+2Na-H; M+3Na; M+ACN+Na; M+IsoProp+H; M+Na","[8311]; [8311]; [8311]; [8310, 8311, 8365]; [8311]; [8311]; [8265]; [8311]","false","filtered"
"1685","1531","8242","608.2907","3.671","8,399.6","17","17_3_F1","2M+ACN+H; 2M+H; M+2H; M+3H; M+ACN+H; M+H; M+Na","[8244]; [8244]; [8244]; [8244]; [8244]; [8244, 8248]; [8244]","true","keep_rep"
"1686","1533","8264","588.2672","3.677","1,360.4","17","17_3_F1","2M+NH4; M+NH4","[8265, 8266]; [8265, 8266]","false","filtered"
"1687","1534","8265","593.2243","3.677","1,172.8","17","17_3_F1","2M+Na; M+NH4; M+Na","[8264, 8266]; [8323]; [8264, 8266]","false","filtered"
"1688","1535","8266","609.1972","3.677","485.1","17","17_3_F1","2M+3H2O+2H; 2M+K; M+2Na-H; M+K","[8156]; [8264, 8265]; [8165]; [8264, 8265]","false","filtered"
"1689","1532","8244","630.2739","3.671","428.7","17","17_3_F1","2M+ACN+H; 2M+ACN+Na; 2M+H; 2M+Na; M+2H; M+2Na; M+2Na-H; M+3H; M+3Na; M+ACN+H; M+ACN+Na; M+H; M+Na","[8248]; [8242]; [8248]; [8242]; [8248]; [8242]; [8242]; [8248]; [8242]; [8248]; [8242]; [8248]; [8242, 8248]","false","filtered"
"1690","1529","8172","319.1300","3.641","303.5","17","17_3_F1","2M+NH4; M+2ACN+2H; M+3ACN+2H; M+3Na; M+ACN+2H; M+ACN+H; M+H+NH4; M+NH4","[8165]; [8068]; [8068]; [8049]; [8068]; [8068]; [8248]; [8165]","false","filtered"
"1691","1527","8165","302.1031","3.639","240.0","17","17_3_F1","2M+H; M+H; M+H+K","[8172]; [8172]; [8266]","false","filtered"
"1692","1530","8248","652.2551","3.650","109.9","17","17_3_F1","2M+ACN+Na; 2M+Na; M+2Na; M+2Na-H; M+3Na; M+ACN+Na; M+CH3OH+H; M+IsoProp+Na+H; M+Na","[8059, 8244]; [8059, 8244]; [8059, 8244]; [8059, 8073, 8242, 8244]; [8059, 8244]; [8059, 8244]; [8172]; [8153]; [8059, 8244]","false","filtered"
"1693","1528","8156","645.1978","3.639","55.6","17","17_3_F1","2M+ACN+Na; M+2Na-H","[8266]; [8153, 8158]","false","filtered"
"1681","1507","8062","962.5007","3.597","16,060.2","17","17_2_F3","2M+NH4; M+H; M+NH4","[8037, 8044, 8048, 8049]; [8037]; [8044, 8048, 8049]","true","keep_rep"
"1682","1511","8049","967.4526","3.604","5,383.7","17","17_2_F3","2M+Na; M+DMSO+H; M+H; M+Na","[8037, 8044, 8048, 8062]; [8172]; [8044]; [8044, 8048, 8062]","false","filtered"
"1683","1510","8048","983.4272","3.604","1,659.2","17","17_2_F3","2M+K; M+K","[8037, 8044, 8049, 8062]; [8044, 8049, 8062]","false","filtered"
"1684","1506","8037","490.2645","3.591","521.9","17","17_2_F3","2M+3H2O+2H; 2M+NH4; M+H+NH4; M+NH4","[7916]; [8044]; [8062]; [8044, 8048, 8049, 8062]","false","filtered"
"1679","1517","8087","565.2121","3.611","574.9","17","17_2_F2","2M+H; M+H","[8088]; [8088]","true","keep_rep"
"1680","1518","8088","582.2390","3.611","141.1","17","17_2_F2","2M+NH4; M+H+K; M+NH4","[8087]; [7967]; [8087]","false","filtered"
"1665","1516","8073","608.2907","3.609","10,054.4","17","17_2_F1","2M+ACN+H; 2M+H; 2M+NH4; M+2H; M+3H; M+ACN+H; M+H; M+Na","[8059]; [8059]; [8045]; [8059]; [8059]; [8059]; [8059, 8248]; [8059]","true","keep_rep"
"1666","1504","7982","602.2657","3.585","3,012.6","17","17_2_F1","2M+ACN+H; 2M+NH4; M+2ACN+2H; M+2ACN+H; M+ACN+H; M+ACN+Na; M+NH4","[8094]; [7967, 7990]; [8094]; [8094]; [8094]; [8094]; [7967, 7990]","false","filtered"
"1667","1521","8126","335.1611","3.624","2,460.3","17","17_2_F1","M+DMSO+H","[8158]","false","filtered"
"1668","1524","8153","601.2302","3.633","1,820.6","17","17_2_F1","2M+H; 2M+Na; M+2ACN+H; M+2Na-H; M+ACN+H; M+CH3OH+H; M+H; M+IsoProp+H; M+K; M+NH4; M+Na","[8158]; [8146]; [8158]; [8158]; [8158]; [8248]; [8156, 8158]; [8032]; [8158]; [8158]; [8146, 8158]","false","filtered"
"1669","1522","8146","596.2733","3.630","1,371.6","17","17_2_F1","2M+3H2O+2H; 2M+NH4; M+IsoProp+H; M+NH4","[7990]; [8153]; [8045]; [8153, 8158]","false","filtered"
"1670","1520","8100","600.2499","3.614","1,021.1","17","17_2_F1","2M+NH4; M+; M+DMSO+H; M+IsoProp+H; M+NH4","[8094]; [8032, 8045, 8051]; [7967]; [8032]; [8094]","false","filtered"
"1671","1519","8094","583.2225","3.612","853.5","17","17_2_F1","2M+H; 2M+NH4; 2M+Na; M+2Na; M+2Na-H; M+ACN+Na; M+H; M+NH4; M+Na","[8100]; [7990]; [7982]; [7982]; [7982]; [7982]; [8100]; [7990]; [7982]","false","filtered"
"1672","1513","8059","630.2739","3.606","533.8","17","17_2_F1","2M+ACN+H; 2M+ACN+Na; 2M+H; 2M+Na; M+2H; M+2Na; M+2Na-H; M+3H; M+3Na; M+ACN+2H; M+ACN+H; M+ACN+Na; M+DMSO+H; M+H; M+Na","[8248]; [8073]; [8248]; [8073]; [8248]; [8073]; [8073]; [8248]; [8073]; [8045]; [8248]; [8073]; [8068]; [8248]; [8073, 8248]","false","filtered"
"1673","1509","8045","618.2779","3.604","310.9","17","17_2_F1","2M+3H2O+2H; 2M+NH4; M+2ACN+2H; M+2ACN+H; M+CH3OH+H; M+H+NH4; M+NH4","[8073]; [8032, 8051]; [8068]; [8146]; [7967]; [8059]; [8032, 8051, 8100]","false","filtered"
"1674","1505","7990","607.2212","3.587","282.0","17","17_2_F1","2M+ACN+H; 2M+ACN+Na; 2M+K; 2M+Na; M+2Na; M+2Na-H; M+3Na; M+ACN+H; M+ACN+Na; M+H+Na; M+Na","[8094]; [7967]; [8146]; [7967, 7982]; [7967, 8068]; [7967]; [7967]; [8094]; [7967]; [8068]; [7967, 7982]","false","filtered"
"1675","1514","8068","596.2336","3.608","266.6","17","17_2_F1","2M+ACN+H; 2M+NH4; M+2ACN+H; M+2H; M+2Na; M+2Na-H; M+ACN+H; M+H; M+H+K; M+H+Na; M+NH4","[8172]; [8072]; [8172]; [7990]; [7967]; [8059]; [8172]; [8172]; [8045]; [7967, 7990]; [8072]","false","filtered"
"1676","1508","8032","623.2341","3.599","241.4","17","17_2_F1","2M+Na; M+2ACN+2H; M+2ACN+H; M+IsoProp+Na+H; M+Na","[8045, 8051]; [8072]; [8153]; [8100]; [8045, 8051, 8100]","false","filtered"
"1677","1525","8158","301.1191","3.635","240.6","17","17_2_F1","M+2ACN+2H; M+2H; M+2Na; M+2Na-H; M+ACN+2H; M+H; M+H+K; M+H+NH4; M+H+Na","[8153]; [8153, 8156]; [8153]; [8126]; [8153]; [8153]; [8153]; [8153]; [8146, 8153]","false","filtered"
"1678","1515","8072","601.1888","3.609","211.5","17","17_2_F1","2M+Na; M+H+K; M+Na","[8068]; [8032]; [8068]","false","filtered"
"1661","1498","7924","769.2699","3.562","2,700.2","17","17_1_F3","2M+Na; M+Na","[7822, 7939]; [7822, 7939]","true","keep_rep"
"1662","1500","7822","764.3152","3.573","1,331.6","17","17_1_F3","2M+NH4; M+2Na; M+NH4","[7924, 7939]; [8044]; [7924, 7939]","false","filtered"
"1663","1503","8044","495.2216","3.582","661.7","17","17_1_F3","2M+Na; M+2Na; M+3H; M+H+Na; M+Na","[8037]; [8048, 8049, 8062]; [7822]; [8049]; [8037, 8048, 8049, 8062]","false","filtered"
"1664","1499","7939","785.2456","3.566","263.0","17","17_1_F3","2M+K; M+K","[7822, 7924]; [7822, 7924]","false","filtered"
"1659","1502","7967","585.2385","3.581","702.7","17","17_1_F2","2M+ACN+H; 2M+H; 2M+NH4; M+; M+2H; M+2Na; M+3H; M+ACN+H; M+ACN+Na; M+H; M+H+Na; M+NH4; M+Na","[7990]; [7982, 7990]; [7882]; [8045]; [7990, 8068]; [8088]; [7990]; [7990]; [8100]; [7982, 7990]; [8068]; [7882]; [7990]","true","keep_rep"
"1660","1489","7882","609.2369","3.535","336.2","17","17_1_F2","2M+ACN+H; M+ACN+H","[7967]; [7967]","false","filtered"
"1653","1488","7876","146.0605","3.532","5,975.7","17","17_1_F1","M+H+NH4","[7890]","true","keep_rep"
"1654","1496","7917","510.2837","3.559","726.7","17","17_1_F1","2M+ACN+H; 2M+Na; M+Na","[7890]; [7916]; [7916]","false","filtered"
"1655","1492","7890","273.0851","3.543","508.2","17","17_1_F1","2M+ACN+Na; 2M+Na; M+; M+2Na; M+2Na-H; M+3Na; M+ACN+Na; M+K; M+Na","[7889]; [7889, 7891]; [7876]; [7889]; [7889]; [7889]; [7889]; [7917]; [7889, 7891]","false","filtered"
"1656","1494","7889","251.1042","3.550","488.8","17","17_1_F1","2M+ACN+H; 2M+H; M+2H; M+3H; M+ACN+H; M+H; M+H+K; M+K; M+Na","[7890]; [7890, 7891]; [7890]; [7890]; [7890]; [7890, 7891]; [7916]; [7891]; [7890]","false","filtered"
"1657","1495","7916","526.2579","3.557","394.4","17","17_1_F1","2M+ACN+Na; 2M+K; M+ACN+Na; M+K","[8037]; [7917]; [7889]; [7917]","false","filtered"
"1658","1493","7891","289.0590","3.543","191.3","17","17_1_F1","2M+K; M+2K-H; M+K","[7889, 7890]; [7889]; [7889, 7890]","false","filtered"
"1702","1501","8051","639.2088","3.577","74.1","17","","2M+K; M+K","[8032, 8045]; [8032, 8045, 8100]","false","kept (no corr-family)"
"1650","1382","7117","219.1003","3.234","1,024.1","16","16_1_F1","2M+Na; M+Na","[7113]; [7113]","true","keep_rep"
"1651","1398","7223","352.1165","3.266","371.4","16","16_1_F1","M+2H; M+H+Na","[7113]; [7113]","false","filtered"
"1652","1381","7113","235.0736","3.229","194.8","16","16_1_F1","2M+K; M+2H+Na; M+3H; M+K","[7117]; [7223]; [7223]; [7117]","false","filtered"
"1647","1401","7232","258.0743","3.273","275.6","15","15_1_F1","2M+ACN+Na; 2M+Na; M+2Na; M+2Na-H; M+3Na; M+ACN+Na; M+Na","[7229]; [7229, 7230]; [7229]; [7229]; [7229]; [7229]; [7229, 7230]","true","keep_rep"
"1648","1399","7229","236.0921","3.270","141.1","15","15_1_F1","2M+ACN+H; 2M+H; M+2H; M+3H; M+ACN+H; M+H; M+K; M+Na","[7232]; [7230, 7232]; [7232]; [7232]; [7232]; [7230, 7232]; [7230]; [7232]","false","filtered"
"1649","1400","7230","274.0481","3.270","86.7","15","15_1_F1","2M+K; M+2K-H; M+K","[7229, 7232]; [7229]; [7229, 7232]","false","filtered"
"1645","2054","11457","173.1179","5.051","4,188.6","14","14_1_F1","2M+H; M+H","[11452]; [11452]","true","keep_rep"
"1646","2056","11452","190.1443","5.052","162.0","14","14_1_F1","2M+NH4; M+NH4","[11457]; [11457]","false","filtered"
"1627","1742","9466","509.2521","4.174","62,750.7","13","13_1_F1","2M+ACN+Na; 2M+Na; M+2Na; M+2Na-H; M+3Na; M+ACN+Na; M+H+NH4; M+H+Na; M+Na","[9480]; [9480, 9495, 9527]; [9480, 9484, 9485]; [9416, 9480]; [9480]; [9480]; [9425]; [9484]; [9480, 9484, 9485, 9495, 9527]","true","keep_rep"
"1628","1749","9495","525.2260","4.178","26,980.5","13","13_1_F1","2M+ACN+Na; 2M+K; 2M+Na; M+2K-H; M+2Na; M+2Na-H; M+3Na; M+ACN+Na; M+CH3OH+H; M+H+K; M+K; M+Na","[9416]; [9466, 9480, 9527]; [9416]; [9480]; [9416]; [9416]; [9416]; [9416]; [9354]; [9485]; [9466, 9480, 9484, 9485, 9527]; [9416]","false","filtered"
"1629","1745","9480","487.2693","4.176","4,426.8","13","13_1_F1","2M+ACN+H; 2M+H; 2M+Na; M+2H; M+3H; M+ACN+2H; M+ACN+H; M+H; M+H+K; M+H+Na; M+K; M+Na","[9466]; [9466, 9495, 9527]; [9416]; [9466, 9484, 9485]; [9466]; [9484]; [9466]; [9466, 9484, 9485, 9495, 9527]; [9485]; [9484]; [9495]; [9416, 9466]","false","filtered"
"1630","1746","9484","995.5147","4.176","3,519.2","13","13_1_F1","2M+Na; M+2Na-H; M+ACN+Na; M+H; M+Na","[9466, 9480, 9485, 9495, 9527]; [9480]; [9480]; [9466]; [9466, 9480, 9485]","false","filtered"
"1631","1741","9407","287.1261","4.164","872.5","13","13_1_F1","2M+Na; M+Na","[9406]; [9406]","false","filtered"
"1632","1739","9425","521.2580","4.153","815.8","13","13_1_F1","2M+ACN+H; 2M+H; M+2H; M+3H; M+ACN+2H; M+ACN+H; M+H; M+K; M+Na","[9418]; [9408, 9418]; [9418]; [9418]; [9466]; [9418]; [9408, 9418]; [9408]; [9418]","false","filtered"
"1633","1747","9485","1,011.4880","4.176","715.2","13","13_1_F1","2M+K; M+2K-H; M+2Na-H; M+H; M+K","[9466, 9480, 9484, 9495, 9527]; [9480]; [9416]; [9495]; [9466, 9480, 9484]","false","filtered"
"1634","1738","9418","543.2399","4.151","572.2","13","13_1_F1","2M+ACN+Na; 2M+Na; M+2Na; M+2Na-H; M+3Na; M+ACN+Na; M+Na","[9425]; [9408, 9425]; [9425]; [9425]; [9425]; [9425]; [9408, 9425]","false","filtered"
"1635","1731","9239","580.2767","4.140","323.3","13","13_1_F1","2M+ACN+Na; 2M+NH4; M+NH4","[9406]; [9362, 9405]; [9362, 9405]","false","filtered"
"1636","1723","9362","601.2065","4.139","244.8","13","13_1_F1","2M+K; M+2K-H; M+K","[9239, 9405]; [9405]; [9239, 9405]","false","filtered"
"1637","1733","9405","563.2509","4.145","211.4","13","13_1_F1","2M+H; M+; M+2ACN+H; M+H; M+IsoProp+H; M+K","[9239, 9362]; [9430]; [9408]; [9239, 9362]; [9430]; [9362]","false","filtered"
"1638","1737","9416","503.2467","4.151","210.0","13","13_1_F1","2M+ACN+H; 2M+H; 2M+K; M+2H; M+3H; M+ACN+H; M+H; M+H+K; M+K; M+Na","[9495]; [9495]; [9480]; [9495]; [9495]; [9495]; [9495]; [9485]; [9466, 9480]; [9495]","false","filtered"
"1639","1740","9430","586.2349","4.155","150.7","13","13_1_F1","2M+3H2O+2H; M+IsoProp+Na+H; M+Na","[9408]; [9405]; [9405]","false","filtered"
"1640","1722","9354","165.0686","4.138","148.0","13","13_1_F1","M+3H; M+DMSO+H","[9495]; [9355]","false","filtered"
"1641","1736","9408","559.2142","4.149","142.6","13","13_1_F1","2M+H; 2M+K; M+2K-H; M+DMSO+H; M+K","[9430]; [9418, 9425]; [9425]; [9405]; [9418, 9425]","false","filtered"
"1642","1735","9406","303.0998","4.147","134.9","13","13_1_F1","2M+K; M+2Na-H; M+K","[9407]; [9239]; [9407]","false","filtered"
"1643","1721","9355","200.1086","4.137","120.7","13","13_1_F1","2M+3H2O+2H","[9354]","false","filtered"
"1644","1750","9527","504.2960","4.192","3,200.9","13","","2M+NH4; M+NH4","[9466, 9480, 9495]; [9466, 9480, 9484, 9485, 9495]","false","kept (no corr-family)"
"1625","1142","5656","574.2727","2.586","8,218.9","12","12_2_F1","2M+NH4; M+NH4","[5657]; [5657]","true","keep_rep"
"1626","1143","5657","579.2290","2.586","833.2","12","12_2_F1","2M+Na; M+; M+Na","[5656]; [5560]; [5656]","false","filtered"
"1620","1116","5525","574.2725","2.528","16,505.2","12","12_1_F1","2M+NH4; M+NH4","[5509, 5526]; [5509, 5526]","true","keep_rep"
"1621","1123","5605","189.1303","2.544","5,900.6","12","12_1_F1","2M+NH4; M+NH4","[5560]; [5560]","false","filtered"
"1622","1117","5526","579.2276","2.528","1,777.1","12","12_1_F1","2M+Na; M+; M+Na","[5509, 5525]; [5560]; [5509, 5525]","false","filtered"
"1623","1132","5560","194.0814","2.570","974.2","12","12_1_F1","2M+Na; M+3H; M+Na","[5605]; [5526, 5657]; [5605]","false","filtered"
"1624","1111","5509","595.2012","2.526","224.4","12","12_1_F1","2M+K; M+K","[5525, 5526]; [5525, 5526]","false","filtered"
"1609","1713","9284","335.1844","4.100","17,244.7","11","11_7_F1","2M+Na; M+IsoProp+Na+H; M+Na","[9289]; [9227, 9233, 9235]; [9289]","true","keep_rep"
"1610","1717","9289","351.1588","4.108","1,294.7","11","11_7_F1","2M+K; M+K","[9284]; [9284]","false","filtered"
"1607","1697","9203","551.2318","4.048","12,510.9","11","11_6_F4","2M+H; M+2ACN+H; M+H","[9205]; [9133]; [9205]","true","keep_rep"
"1608","1698","9205","568.2599","4.048","6,043.0","11","11_6_F4","2M+NH4; M+NH4","[9203]; [9203]","false","filtered"
"1604","1707","9233","525.2474","4.060","1,301.2","11","11_6_F3","2M+ACN+Na; 2M+Na; M+2Na; M+2Na-H; M+3Na; M+ACN+Na; M+Na","[9235]; [9227, 9235, 9284]; [9235]; [9235]; [9235]; [9235]; [9227, 9235]","true","keep_rep"
"1605","1706","9227","541.2211","4.057","513.7","11","11_6_F3","2M+H; 2M+K; 2M+NH4; 2M+Na; M+2H; M+2K-H; M+ACN+2H; M+ACN+H; M+H; M+K; M+NH4; M+Na","[9142]; [9233, 9235, 9284]; [9141]; [9142]; [9142]; [9235]; [9142]; [9142]; [9142]; [9233, 9235]; [9141]; [9142]","false","filtered"
"1606","1708","9235","503.2647","4.060","428.0","11","11_6_F3","2M+ACN+H; 2M+H; M+2H; M+3H; M+ACN+H; M+H; M+K; M+Na","[9233]; [9227, 9233, 9284]; [9233]; [9233]; [9233]; [9227, 9233]; [9227]; [9233]","false","filtered"
"1602","1696","9202","453.2644","4.048","5,307.9","11","11_6_F2","2M+H; M+H; M+IsoProp+Na+H","[9195]; [9195]; [9218]","true","keep_rep"
"1603","1700","9195","470.2916","4.048","914.4","11","11_6_F2","2M+NH4; M+; M+NH4","[9202]; [9133]; [9202]","false","filtered"
"1597","1690","9175","314.1392","4.035","16,186.2","11","11_6_F1","2M+ACN+H; 2M+H; 2M+NH4; M+2H; M+2Na-H; M+3H; M+ACN+2H; M+ACN+H; M+H; M+H+Na; M+K; M+NH4; M+Na","[9176]; [9176, 9177]; [9086]; [9157, 9176]; [9200]; [9176]; [9157]; [9176]; [9157, 9176, 9177]; [9157]; [9177]; [9086]; [9176]","true","keep_rep"
"1598","1691","9177","352.0952","4.035","4,458.9","11","11_6_F1","2M+K; M+2K-H; M+K","[9175, 9176]; [9175]; [9157, 9175, 9176]","false","filtered"
"1599","1694","9341","357.1901","4.047","1,775.0","11","11_6_F1","2M+3H2O+2H; 2M+ACN+H; 2M+ACN+Na; 2M+H; 2M+K; 2M+NH4; 2M+Na; M+; M+2ACN+2H; M+2ACN+H; M+2H; M+2H+Na; M+2K-H; M+2Na; M+2Na-H; M+3ACN+2H; M+3H; M+3Na; M+ACN+2H; M+ACN+H; M+ACN+Na; M+CH3OH+H; M+DMSO+H; M+H; M+H+2Na; M+H+K; M+H+NH4; M+H+Na; M+IsoProp+H; M+IsoProp+Na+H; M+K; M+NH4; M+Na","[9029]; [9029]; [9029]; [9029]; [9029]; [9029]; [9029, 9191, 9200]; [9029]; [9029]; [9029, 9086, 9087]; [9029]; [9029]; [9029]; [9029, 9315]; [9029]; [9029]; [9029]; [9029]; [9029]; [9029]; [9029]; [9029]; [9029]; [9029]; [9029]; [9029]; [9029]; [9029]; [9029]; [9029]; [9029]; [9029]; [9029, 9191, 9200, 9315]","false","filtered"
"1600","1693","9191","373.1631","4.045","428.1","11","11_6_F1","2M+K; M+2ACN+H; M+K","[9029, 9200, 9341]; [9087]; [9029, 9200, 9315, 9341]","false","filtered"
"1601","1695","9200","352.2338","4.048","202.7","11","11_6_F1","2M+NH4; M+2ACN+H; M+H+NH4; M+NH4","[9029, 9191, 9341]; [9175]; [9315]; [9029, 9191, 9315, 9341]","false","filtered"
"1581","1685","9176","336.1232","4.030","11,693.0","11","11_5_F1","2M+ACN+Na; 2M+Na; M+2Na; M+2Na-H; M+3H; M+3Na; M+ACN+Na; M+H+Na; M+Na","[9175]; [9175, 9177]; [9157, 9175]; [9175]; [9141]; [9175]; [9175]; [9157]; [9157, 9175, 9177]","true","keep_rep"
"1582","1673","9106","650.2991","4.009","7,283.0","11","11_5_F1","2M+ACN+H; 2M+H; 2M+Na; M+2H; M+2Na; M+2Na-H; M+3H; M+ACN+H; M+ACN+Na; M+H; M+IsoProp+Na+H; M+Na","[9107]; [9107]; [8918]; [9107]; [8918]; [8918]; [9107]; [9107]; [8918]; [9107, 9114]; [9136]; [8918, 9107]","false","filtered"
"1583","1674","9029","357.1901","4.009","4,516.4","11","11_5_F1","2M+3H2O+2H; 2M+ACN+H; 2M+ACN+Na; 2M+H; 2M+K; 2M+NH4; 2M+Na; M+; M+2ACN+2H; M+2ACN+H; M+2H; M+2H+Na; M+2K-H; M+2Na; M+2Na-H; M+3ACN+2H; M+3H; M+3Na; M+ACN+2H; M+ACN+H; M+ACN+Na; M+CH3OH+H; M+DMSO+H; M+H; M+H+2Na; M+H+K; M+H+NH4; M+H+Na; M+IsoProp+H; M+IsoProp+Na+H; M+K; M+NH4; M+Na","[9341]; [9341]; [9341]; [9341]; [9341]; [9341]; [9028, 9030, 9191, 9200, 9341]; [9341]; [9341]; [9005, 9086, 9087, 9341]; [9341]; [9341]; [9341]; [9341]; [9341]; [9341]; [9341]; [9341]; [9341]; [9341]; [9341]; [9341]; [9341]; [9341]; [9341]; [9341]; [9341]; [9341]; [9341]; [9341]; [9341]; [9341]; [9028, 9030, 9191, 9200, 9341]","false","filtered"
"1584","1678","9141","565.2122","4.015","2,105.7","11","11_5_F1","2M+ACN+H; 2M+H; M+3ACN+2H; M+ACN+H; M+H","[9055, 9227]; [9142]; [9176]; [9055, 9227]; [9142]","false","filtered"
"1585","1683","9148","583.2222","4.018","1,823.2","11","11_5_F1","2M+ACN+H; 2M+H; M+2H; M+3H; M+ACN+H; M+H; M+Na","[9136]; [9040, 9048, 9136]; [9136]; [9136]; [9040, 9136]; [9040, 9136]; [9136]","false","filtered"
"1586","1669","9054","644.2757","3.984","1,434.0","11","11_5_F1","2M+ACN+H; 2M+NH4; M+2Na-H; M+NH4","[9047]; [9071]; [9053]; [9071]","false","filtered"
"1587","1666","9048","355.1277","3.982","1,132.8","11","11_5_F1","2M+ACN+Na; 2M+Na; M+; M+2K-H; M+2Na; M+2Na-H; M+3Na; M+ACN+Na; M+Na","[9040]; [9040]; [9030]; [8933]; [9040]; [9040]; [9040]; [9040, 9136, 9148]; [9040]","false","filtered"
"1588","1671","9071","627.2493","3.988","858.0","11","11_5_F1","2M+H; 2M+K; M+2ACN+2H; M+H; M+IsoProp+H","[9054]; [9030]; [9136]; [9054]; [9157]","false","filtered"
"1589","1684","9086","297.1109","4.027","606.1","11","11_5_F1","2M+H; 2M+Na; M+H; M+H+Na; M+Na","[9175]; [9087]; [9175]; [9157]; [9029, 9087, 9341]","false","filtered"
"1590","1672","9107","672.2834","4.000","504.5","11","11_5_F1","2M+ACN+H; 2M+ACN+Na; 2M+H; 2M+Na; M+2H; M+2Na; M+2Na-H; M+3H; M+3Na; M+ACN+H; M+ACN+Na; M+H; M+IsoProp+H; M+Na","[9114]; [9106]; [9114]; [9106]; [9114]; [9106]; [8918, 9106]; [9114]; [9106]; [9114]; [9106]; [9114]; [9114]; [9106, 9114]","false","filtered"
"1591","1668","9053","617.3410","3.984","406.5","11","11_5_F1","M+; M+NH4","[9114]; [9054]","false","filtered"
"1592","1670","9055","541.2216","3.984","278.8","11","11_5_F1","2M+H; 2M+K; 2M+NH4; 2M+Na; M+2H; M+ACN+2H; M+ACN+H; M+H; M+K; M+NH4; M+Na","[9142]; [9042]; [9141]; [9142]; [9142]; [9142]; [9142]; [9142]; [9042]; [9141]; [9142]","false","filtered"
"1593","1679","9136","605.2045","4.016","244.2","11","11_5_F1","2M+ACN+Na; 2M+Na; M+2Na; M+2Na-H; M+3Na; M+ACN+Na; M+H+K; M+K; M+Na","[9148]; [9040, 9048, 9148]; [9148]; [9148]; [9148]; [9040, 9148]; [9071]; [9106]; [9040, 9148]","false","filtered"
"1594","1677","9142","582.2385","4.014","190.4","11","11_5_F1","2M+ACN+H; 2M+ACN+Na; 2M+NH4; M+2ACN+2H; M+2ACN+H; M+3ACN+2H; M+ACN+H; M+ACN+Na; M+NH4","[9055, 9227]; [9055, 9227]; [9141]; [9055, 9227]; [9055, 9227]; [9055, 9227]; [9055, 9227]; [9055, 9227]; [9141]","false","filtered"
"1595","1686","9157","649.2540","4.031","78.8","11","11_5_F1","2M+Na; M+2ACN+H; M+2Na-H; M+ACN+Na; M+DMSO+H; M+H; M+Na","[9175, 9176, 9177]; [9071]; [9175]; [9175]; [9086]; [9176]; [9175, 9176]","false","filtered"
"1596","1667","8918","669.3490","3.983","70.1","11","11_5_F1","2M+ACN+H; 2M+Na; M+2ACN+2H; M+2ACN+H; M+ACN+H; M+ACN+Na; M+IsoProp+H; M+Na","[9106]; [8923]; [9106]; [9106]; [9106, 9107]; [9106]; [9009]; [8923]","false","filtered"
"1554","1658","9012","233.0791","3.964","67,814.7","11","11_4_F1","2M+ACN+Na; 2M+Na; M+2H; M+2H+Na; M+2Na; M+2Na-H; M+3Na; M+ACN+Na; M+Na","[9009]; [9009, 9013]; [9133]; [8967]; [9009]; [9009]; [9009]; [9009]; [9009, 9013]","true","keep_rep"
"1555","1648","8973","732.3283","3.955","43,832.1","11","11_4_F1","2M+NH4; M+2H; M+2Na; M+H+Na; M+NH4","[8967, 8976]; [8930]; [8914]; [8914, 8930]; [8967, 8976, 8977]","false","filtered"
"1556","1657","9009","211.0970","3.964","21,170.7","11","11_4_F1","2M+ACN+H; 2M+H; M+2H; M+2H+Na; M+3H; M+ACN+H; M+H; M+Na","[9012]; [9012, 9013]; [9012]; [8918]; [9012]; [9012]; [9012, 9013]; [9012]","false","filtered"
"1557","1642","8956","339.1079","3.948","8,874.5","11","11_4_F1","2M+NH4; M+2H; M+2Na-H; M+H+Na; M+NH4","[8875]; [8977]; [9030]; [8976]; [8875]","false","filtered"
"1558","1643","8957","800.4452","3.948","7,445.8","11","11_4_F1","2M+NH4; M+NH4","[8971]; [8971]","false","filtered"
"1559","1664","9040","333.1451","3.980","7,065.6","11","11_4_F1","2M+ACN+H; 2M+H; M+2ACN+2H; M+2H; M+3ACN+2H; M+3H; M+ACN+H; M+CH3OH+H; M+DMSO+H; M+H; M+Na","[9048]; [9048]; [9136, 9148]; [9048]; [9136, 9148]; [9048]; [9048, 9136, 9148]; [9047]; [9133]; [9048]; [9048]","false","filtered"
"1560","1663","9047","301.1200","3.977","6,600.4","11","11_4_F1","M+; M+DMSO+H; M+H","[9054]; [8932, 8937]; [9040]","false","filtered"
"1561","1649","8974","734.3314","3.955","5,951.3","11","11_4_F1","2M+NH4; M+DMSO+H; M+IsoProp+H; M+NH4","[8966]; [9114]; [8976]; [8966]","false","filtered"
"1562","1637","8914","721.3389","3.934","4,337.1","11","11_4_F1","2M+ACN+H; 2M+H; M+; M+2H; M+3H; M+ACN+H; M+H; M+H+Na; M+IsoProp+H; M+Na","[8930]; [8930]; [8971]; [8930, 8973]; [8930]; [8930]; [8930]; [8973]; [8966]; [8930]","false","filtered"
"1563","1650","8976","737.2828","3.955","3,518.9","11","11_4_F1","2M+ACN+H; 2M+H; 2M+Na; M+2ACN+H; M+2H; M+3H; M+ACN+H; M+ACN+Na; M+H; M+Na","[8977]; [8977]; [8967, 8973]; [8956]; [8977]; [8977]; [8977]; [8974]; [8977]; [8967, 8973, 8977]","false","filtered"
"1564","1647","8971","805.4001","3.953","3,201.0","11","11_4_F1","2M+H; 2M+K; 2M+Na; M+IsoProp+Na+H; M+Na","[8909]; [8937]; [8957]; [8914]; [8957]","false","filtered"
"1565","1654","9013","228.1231","3.960","1,987.1","11","11_4_F1","2M+NH4; M+3H; M+NH4","[9009, 9012]; [8953]; [9009, 9012]","false","filtered"
"1566","1662","9030","373.1629","3.973","996.1","11","11_4_F1","2M+K; M+2ACN+H; M+DMSO+H; M+K; M+NH4","[9028, 9029]; [9001]; [8956, 9071]; [9028, 9029]; [9048]","false","filtered"
"1567","1652","8977","759.2650","3.955","830.3","11","11_4_F1","2M+ACN+Na; 2M+Na; M+2ACN+H; M+2K-H; M+2Na; M+2Na-H; M+3Na; M+ACN+Na; M+Na","[8976]; [8976]; [8956]; [8953]; [8976]; [8967, 8973, 8976]; [8976]; [8976]; [8976]","false","filtered"
"1568","1665","9042","525.2475","3.980","759.7","11","11_4_F1","2M+ACN+Na; 2M+H; 2M+Na; M+ACN+Na; M+Na","[8937]; [8933]; [9055]; [8937]; [9055]","false","filtered"
"1569","1653","8933","323.1855","3.959","689.4","11","11_4_F1","M+2Na-H; M+ACN+2H; M+IsoProp+H","[9048]; [8923]; [9042]","false","filtered"
"1570","1640","8932","467.1902","3.940","644.8","11","11_4_F1","2M+Na; M+DMSO+H; M+NH4; M+Na","[8937, 9047]; [8865, 8866, 8867]; [8884]; [8937]","false","filtered"
"1571","1636","8906","419.1822","3.932","575.0","11","11_4_F1","2M+ACN+H; 2M+H; M+2H; M+3H; M+ACN+H; M+H; M+Na","[8909]; [8909]; [8909]; [8909]; [8909]; [8909]; [8909]","false","filtered"
"1572","1635","8909","441.1642","3.930","522.4","11","11_4_F1","2M+ACN+Na; 2M+Na; M+2Na; M+2Na-H; M+3Na; M+ACN+Na; M+K; M+Na","[8906]; [8906]; [8906]; [8906]; [8906]; [8906]; [8971]; [8906]","false","filtered"
"1573","1651","8966","739.2870","3.955","437.0","11","11_4_F1","2M+Na; M+DMSO+H; M+Na","[8974]; [8914, 8930]; [8974]","false","filtered"
"1574","1661","9028","352.2339","3.973","422.6","11","11_4_F1","2M+NH4; M+NH4","[9029, 9030]; [9029, 9030]","false","filtered"
"1575","1645","8967","753.2556","3.952","390.8","11","11_4_F1","2M+K; M+DMSO+H; M+K","[8973, 8976]; [9012]; [8973, 8976, 8977]","false","filtered"
"1576","1638","8923","664.3928","3.936","217.9","11","11_4_F1","2M+NH4; M+IsoProp+H; M+NH4","[8918]; [8933]; [8918]","false","filtered"
"1577","1659","8937","462.2352","3.968","194.7","11","11_4_F1","2M+H; 2M+NH4; M+DMSO+H; M+H; M+NH4","[9042]; [8932, 9047]; [8971]; [9042]; [8932]","false","filtered"
"1578","1639","8930","743.3199","3.938","146.1","11","11_4_F1","2M+ACN+Na; 2M+Na; M+2ACN+H; M+2Na; M+2Na-H; M+3Na; M+ACN+Na; M+H+Na; M+Na","[8914]; [8914]; [8966]; [8914, 8973]; [8914]; [8914]; [8914]; [8973]; [8914]","false","filtered"
"1579","1641","8953","765.4074","3.944","125.3","11","11_4_F1","M+2ACN+H; M+CH3OH+H; M+IsoProp+Na+H","[8977]; [8865]; [9013]","false","filtered"
"1580","1660","9114","694.2705","3.970","70.0","11","11_4_F1","2M+ACN+Na; 2M+Na; M+2ACN+H; M+2K-H; M+2Na; M+2Na-H; M+3Na; M+ACN+Na; M+K; M+Na","[9107]; [9107]; [9107]; [9053]; [9107]; [9106, 9107]; [9107]; [9107]; [8974]; [9107]","false","filtered"
"1552","1624","8853","946.5026","3.906","692.6","11","11_3_F4","2M+NH4; M+NH4","[8838]; [8838]","true","keep_rep"
"1553","1622","8838","951.4575","3.897","312.8","11","11_3_F4","2M+K; 2M+Na; M+Na","[8733]; [8853]; [8853]","false","filtered"
"1550","1614","8802","592.2957","3.881","4,640.4","11","11_3_F3","2M+ACN+H; 2M+H; 2M+K; M+2H; M+3H; M+ACN+H; M+ACN+Na; M+H; M+K; M+Na","[8778]; [8778]; [8657]; [8778]; [8778]; [8778]; [8882]; [8778]; [8657]; [8778]","true","keep_rep"
"1551","1610","8778","614.2791","3.874","278.9","11","11_3_F3","2M+ACN+Na; 2M+Na; M+2Na; M+2Na-H; M+3Na; M+ACN+H; M+ACN+Na; M+Na","[8802]; [8802]; [8802]; [8802]; [8802]; [8883]; [8802]; [8802]","false","filtered"
"1533","1618","8823","654.3875","3.891","3,661.6","11","11_3_F2","2M+NH4; M+NH4","[8686, 8829]; [8686, 8829]","true","keep_rep"
"1534","1619","8829","659.3428","3.893","1,622.0","11","11_3_F2","2M+Na; M+Na","[8686, 8823]; [8686, 8823]","false","filtered"
"1535","1607","8769","532.3128","3.873","1,144.8","11","11_3_F2","2M+NH4; M+IsoProp+H; M+NH4; M+Na","[8764, 8770]; [8733, 8884]; [8764, 8770]; [8808]","false","filtered"
"1536","1625","8859","606.3502","3.908","814.3","11","11_3_F2","2M+NH4; M+NH4","[8851, 8858]; [8762, 8851, 8858]","false","filtered"
"1537","1612","8780","588.2674","3.878","661.9","11","11_3_F2","2M+NH4; M+NH4","[8788]; [8788]","false","filtered"
"1538","1630","8872","532.1951","3.912","553.9","11","11_3_F2","2M+ACN+Na; 2M+Na; M+2Na; M+2Na-H; M+3Na; M+ACN+Na; M+Na","[8884]; [8884]; [8884]; [8884]; [8884]; [8884]; [8884]","false","filtered"
"1539","1608","8770","537.2682","3.873","529.4","11","11_3_F2","2M+Na; M+Na","[8764, 8769]; [8764, 8769]","false","filtered"
"1540","1620","8686","675.3172","3.893","376.4","11","11_3_F2","2M+K; M+ACN+Na; M+K","[8823, 8829]; [8858]; [8823, 8829]","false","filtered"
"1541","1634","8884","510.2135","3.916","349.8","11","11_3_F2","2M+ACN+H; 2M+H; M+2H; M+3H; M+ACN+H; M+H; M+IsoProp+H; M+K; M+NH4; M+Na","[8872]; [8872]; [8872]; [8872]; [8872]; [8872]; [8932]; [8769]; [8764]; [8872]","false","filtered"
"1542","1606","8762","314.1393","3.871","338.3","11","11_3_F2","2M+ACN+H; 2M+H; M+2H; M+3H; M+ACN+H; M+H; M+H+K; M+K; M+NH4; M+Na","[8771]; [8771]; [8771]; [8771]; [8771]; [8771]; [8851, 8858, 8859]; [8851]; [8788]; [8771]","false","filtered"
"1543","1616","8808","588.3544","3.886","302.7","11","11_3_F2","2M+Na; M+DMSO+H; M+Na","[8804]; [8769]; [8804]","false","filtered"
"1544","1609","8771","336.1216","3.873","216.3","11","11_3_F2","2M+ACN+Na; 2M+Na; M+2Na; M+2Na-H; M+3Na; M+ACN+Na; M+Na","[8762]; [8762]; [8762]; [8762]; [8762]; [8762]; [8762]","false","filtered"
"1545","1613","8788","593.2239","3.879","194.4","11","11_3_F2","2M+H; 2M+Na; M+Na","[8762]; [8780]; [8780]","false","filtered"
"1546","1615","8804","604.3310","3.883","176.2","11","11_3_F2","2M+K; M+CH3OH+H; M+DMSO+H; M+K","[8808]; [8851]; [8851]; [8808]","false","filtered"
"1547","1626","8858","611.3057","3.908","152.6","11","11_3_F2","2M+ACN+Na; 2M+Na; M+; M+2Na; M+2Na-H; M+3Na; M+ACN+Na; M+Na","[8851]; [8851, 8859]; [8686]; [8851]; [8851]; [8851]; [8851]; [8762, 8851, 8859]","false","filtered"
"1548","1623","8851","589.3226","3.906","112.9","11","11_3_F2","2M+ACN+H; 2M+H; 2M+K; M+2H; M+3H; M+ACN+H; M+ACN+Na; M+H; M+NH4; M+Na","[8858]; [8858, 8859]; [8762]; [8858]; [8858]; [8858]; [8804]; [8762, 8858, 8859]; [8804]; [8858]","false","filtered"
"1549","1621","8764","553.2439","3.895","67.2","11","11_3_F2","2M+K; M+IsoProp+H; M+K","[8769, 8770]; [8884]; [8769, 8770]","false","filtered"
"1527","1632","8882","284.1286","3.916","15,635.7","11","11_3_F1","2M+ACN+H; 2M+H; M+2H; M+3H; M+ACN+H; M+H; M+H+K; M+K; M+Na","[8883]; [8875, 8883]; [8883]; [8883]; [8883]; [8875, 8883]; [8802]; [8875]; [8883]","true","keep_rep"
"1528","1633","8883","306.1106","3.916","11,434.5","11","11_3_F1","2M+ACN+Na; 2M+Na; M+; M+2Na; M+2Na-H; M+3Na; M+ACN+Na; M+H+K; M+Na","[8882]; [8875, 8882]; [8865]; [8882]; [8882]; [8882]; [8882]; [8778]; [8875, 8882]","false","filtered"
"1529","1631","8875","322.0846","3.914","5,436.8","11","11_3_F1","2M+H; 2M+K; M+2K-H; M+H; M+K","[8956]; [8882, 8883]; [8882]; [8956]; [8882, 8883]","false","filtered"
"1530","1627","8865","389.1716","3.910","2,807.3","11","11_3_F1","2M+ACN+H; 2M+H; M+2ACN+H; M+2H; M+2Na; M+3H; M+ACN+H; M+H; M+K; M+Na","[8866]; [8866, 8867]; [8883]; [8866]; [8953]; [8866]; [8866]; [8866, 8867, 8932]; [8867]; [8866]","false","filtered"
"1531","1628","8866","411.1536","3.910","2,482.6","11","11_3_F1","2M+ACN+Na; 2M+Na; M+2Na; M+2Na-H; M+3Na; M+ACN+Na; M+Na","[8865]; [8865, 8867]; [8865]; [8865]; [8865]; [8865]; [8865, 8867, 8932]","false","filtered"
"1532","1629","8867","427.1274","3.910","909.5","11","11_3_F1","2M+K; M+2K-H; M+K","[8865, 8866]; [8865]; [8865, 8866, 8932]","false","filtered"
"1524","1603","8657","617.3387","3.849","594.4","11","11_2_F3","2M+ACN+Na; 2M+H; M+ACN+Na; M+H","[8802]; [8641]; [8802]; [8641]","true","keep_rep"
"1525","1593","8641","634.3609","3.814","374.6","11","11_2_F3","2M+NH4; M+DMSO+H; M+NH4","[8657]; [8587, 8668]; [8657]","false","filtered"
"1526","1599","8668","619.3497","3.822","335.1","11","11_2_F3","2M+Na; M+2Na; M+2Na-H; M+ACN+Na; M+Na","[8587]; [8587]; [8587]; [8587, 8641]; [8587]","false","filtered"
"1520","1594","8731","506.3126","3.815","787.7","11","11_2_F2","2M+ACN+H; 2M+NH4; M+2ACN+2H; M+2ACN+H; M+ACN+H; M+ACN+Na; M+NH4","[8535]; [8723, 8732, 8733]; [8535]; [8535]; [8535, 8562]; [8535]; [8723, 8732, 8733]","true","keep_rep"
"1521","1602","8723","511.2679","3.846","698.4","11","11_2_F2","2M+ACN+Na; 2M+Na; M+2Na; M+2Na-H; M+3Na; M+ACN+Na; M+Na","[8733]; [8731, 8732, 8733]; [8733]; [8733]; [8733]; [8733]; [8731, 8732, 8733]","false","filtered"
"1522","1604","8732","527.2409","3.851","687.9","11","11_2_F2","2M+K; M+2K-H; M+K","[8723, 8731, 8733]; [8733]; [8723, 8731, 8733]","false","filtered"
"1523","1605","8733","489.2841","3.854","225.6","11","11_2_F2","2M+ACN+H; 2M+H; M+2H; M+3H; M+ACN+H; M+CH3OH+H; M+H; M+K; M+NH4; M+Na","[8723]; [8723, 8731, 8732]; [8723]; [8723]; [8723]; [8838]; [8723, 8731, 8732]; [8732]; [8769]; [8723]","false","filtered"
"1515","1591","8635","459.2234","3.812","4,110.7","11","11_2_F1","2M+ACN+H; 2M+H; M+2H; M+3H; M+ACN+H; M+CH3OH+H; M+H; M+IsoProp+H; M+Na","[8633]; [8633, 8639]; [8633]; [8633]; [8633]; [8562]; [8633, 8639]; [8659]; [8552, 8633]","true","keep_rep"
"1516","1601","8633","481.2071","3.831","431.2","11","11_2_F1","2M+ACN+Na; 2M+Na; M+2Na; M+2Na-H; M+3Na; M+ACN+Na; M+Na","[8635]; [8635, 8639]; [8635]; [8635]; [8635]; [8635]; [8635, 8639]","false","filtered"
"1517","1598","8659","838.3513","3.820","352.4","11","11_2_F1","2M+ACN+H; 2M+NH4; M+NH4","[8635]; [8656]; [8656]","false","filtered"
"1518","1592","8639","476.2503","3.814","234.0","11","11_2_F1","2M+NH4; M+NH4","[8633, 8635]; [8633, 8635]","false","filtered"
"1519","1597","8656","843.3066","3.818","205.5","11","11_2_F1","2M+Na; M+Na","[8659]; [8659]","false","filtered"
"1513","1566","8583","621.3717","3.760","2,487.2","11","11_1_F2","2M+H; M+H","[8587]; [8587]","true","keep_rep"
"1514","1585","8587","638.3925","3.786","340.4","11","11_1_F2","2M+ACN+H; 2M+NH4; M+2ACN+2H; M+2ACN+H; M+ACN+H; M+ACN+Na; M+NH4","[8668]; [8583]; [8668]; [8641, 8668]; [8668]; [8668]; [8583]","false","filtered"
"1510","1569","8535","487.2696","3.779","8,298.1","11","11_1_F1","2M+ACN+H; 2M+H; 2M+Na; M+2H; M+2Na; M+2Na-H; M+3H; M+ACN+H; M+ACN+Na; M+H; M+Na","[8562]; [8536, 8562]; [8731]; [8562]; [8731]; [8731]; [8562]; [8562]; [8731]; [8536, 8562]; [8562, 8731]","true","keep_rep"
"1511","1570","8536","504.2965","3.779","3,281.1","11","11_1_F1","2M+NH4; M+NH4","[8535, 8562]; [8535, 8562]","false","filtered"
"1512","1574","8562","509.2505","3.781","298.4","11","11_1_F1","2M+ACN+Na; 2M+Na; M+2ACN+H; M+2Na; M+2Na-H; M+3Na; M+ACN+Na; M+Na","[8535]; [8535, 8536]; [8635]; [8535]; [8535, 8731]; [8535]; [8535]; [8535, 8536]","false","filtered"
"1611","1656","9005","149.0602","3.963","45,216.3","11","","M+H+Na","[9029]","false","kept (no corr-family)"
"1612","1573","8552","469.2594","3.781","9,664.8","11","","M+CH3OH+H","[8635]","false","kept (no corr-family)"
"1613","1701","9212","435.2541","4.050","5,677.3","11","","2M+H; M+H","[9218]; [9218]","false","kept (no corr-family)"
"1614","1655","9001","105.0342","3.961","5,125.6","11","","M+2H+Na","[9030]","false","kept (no corr-family)"
"1615","1682","9218","452.2793","4.018","340.2","11","","2M+NH4; M+2ACN+H; M+NH4","[9212]; [9202]; [9212]","false","kept (no corr-family)"
"1616","1675","9133","547.2013","4.011","225.2","11","","2M+K; M+2ACN+H; M+2K-H; M+DMSO+H","[9040]; [9012]; [9195]; [9203]","false","kept (no corr-family)"
"1617","1692","9087","313.0839","4.043","129.0","11","","2M+K; M+K; M+Na","[9086]; [9029, 9086, 9341]; [9191]","false","kept (no corr-family)"
"1618","1711","9315","686.4334","4.095","73.0","11","","2M+NH4; M+H; M+NH4","[9191, 9200, 9325, 9341]; [9200]; [9325, 9341]","false","kept (no corr-family)"
"1619","1714","9325","669.4104","4.104","48.4","11","","2M+H; M+H","[9315]; [9315]","false","kept (no corr-family)"
"1508","1339","6722","208.0983","3.106","802.6","10","10_1_F1","2M+ACN+H; 2M+H; M+2H; M+3H; M+ACN+H; M+H; M+Na","[6730]; [6730]; [6730]; [6730]; [6730]; [6730]; [6730]","true","keep_rep"
"1509","1322","6730","230.0794","3.068","80.2","10","10_1_F1","2M+ACN+Na; 2M+Na; M+2Na; M+2Na-H; M+3Na; M+ACN+Na; M+Na","[6722]; [6722]; [6722]; [6722]; [6722]; [6722]; [6722]","false","filtered"
"1506","536","2673","207.9683","0.940","324.2","9","9_1_F1","2M+ACN+H; 2M+H; M+2H; M+3H; M+ACN+H; M+H; M+Na","[2669]; [2669]; [2669]; [2669]; [2669]; [2669]; [2669]","true","keep_rep"
"1507","537","2669","229.9490","0.944","320.2","9","9_1_F1","2M+ACN+Na; 2M+Na; M+2Na; M+2Na-H; M+3Na; M+ACN+Na; M+Na","[2673]; [2673]; [2673]; [2673]; [2673]; [2673]; [2673]","false","filtered"
"1504","591","3173","184.1337","1.267","16,292.6","8","8_1_F1","2M+3H2O+2H","[3118]","true","keep_rep"
"1505","590","3118","195.0802","1.223","381.5","8","8_1_F1","2M+K","[3173]","false","filtered"
"1490","1478","7795","197.1177","3.490","295,567.0","7","7_4_F2","2M+ACN+H; 2M+H; M+2H; M+3H; M+ACN+H; M+H; M+K; M+Na","[7798]; [7785, 7786, 7797, 7798]; [7798]; [7798]; [7798]; [7785, 7786, 7797, 7798]; [7785]; [7798]","true","keep_rep"
"1491","1469","7798","219.1005","3.467","21,277.3","7","7_4_F2","2M+ACN+Na; 2M+H; 2M+Na; M+2H; M+2Na; M+2Na-H; M+3Na; M+ACN+2H; M+ACN+H; M+ACN+Na; M+H; M+Na","[7795]; [7786]; [7785, 7786, 7795, 7797]; [7786]; [7795]; [7795]; [7795]; [7786]; [7786]; [7795]; [7786]; [7785, 7786, 7795, 7797]","false","filtered"
"1492","1479","7785","235.0735","3.497","4,985.6","7","7_4_F2","2M+K; M+2K-H; M+H+Na; M+K","[7786, 7795, 7797, 7798]; [7795]; [7691]; [7786, 7795, 7797, 7798]","false","filtered"
"1493","1480","7786","260.1261","3.497","2,677.7","7","7_4_F2","2M+ACN+H; 2M+ACN+Na; M+2ACN+2H; M+2ACN+H; M+2H; M+2Na; M+3ACN+2H; M+ACN+2H; M+ACN+H; M+ACN+Na; M+DMSO+H; M+H; M+H+K; M+H+NH4; M+H+Na","[7798]; [7785, 7795, 7797, 7798]; [7798, 7928]; [7798]; [7928]; [7928]; [7798]; [7928]; [7798]; [7785, 7795, 7797, 7798]; [7797]; [7928]; [7928]; [7928]; [7928]","false","filtered"
"1494","1462","7691","525.1744","3.447","214.4","7","7_4_F2","2M+K; M+DMSO+H; M+K","[7687]; [7785]; [7687]","false","filtered"
"1484","1476","7794","179.1073","3.485","25,030.1","7","7_4_F1","M+; M+ACN+2H","[7696]; [7867]","true","keep_rep"
"1485","1465","7779","135.1173","3.456","7,961.8","7","7_4_F1","M+; M+NH4","[7797]; [7690]","false","filtered"
"1486","1464","7867","694.3671","3.454","2,003.0","7","7_4_F1","2M+ACN+Na; 2M+NH4; M+NH4","[7794]; [7712]; [7712]","false","filtered"
"1487","1461","7690","196.0978","3.447","746.1","7","7_4_F1","2M+ACN+H; 2M+H; M+2H; M+3H; M+ACN+2H; M+ACN+H; M+DMSO+H; M+H; M+Na","[7696]; [7696]; [7696]; [7553, 7696]; [7712]; [7696]; [7779]; [7696]; [7696]","false","filtered"
"1488","1466","7712","699.3225","3.456","358.7","7","7_4_F1","2M+H; 2M+Na; M+Na","[7690]; [7867]; [7867]","false","filtered"
"1489","1463","7696","218.0794","3.449","49.7","7","7_4_F1","2M+ACN+Na; 2M+Na; M+2H; M+2Na; M+2Na-H; M+3Na; M+ACN+Na; M+K; M+Na","[7690]; [7690]; [7563]; [7690]; [7690]; [7690]; [7690]; [7794]; [7690]","false","filtered"
"1482","1447","7563","479.1200","3.399","238.7","7","7_3_F3","2M+ACN+H; 2M+H; M+2H; M+2Na-H; M+3H; M+ACN+H; M+H; M+Na","[7557]; [7557]; [7557]; [7696]; [7557]; [7557]; [7557]; [7557]","true","keep_rep"
"1483","1444","7557","501.1013","3.397","109.2","7","7_3_F3","2M+ACN+Na; 2M+Na; M+2Na; M+2Na-H; M+3Na; M+ACN+Na; M+Na","[7563]; [7563]; [7563]; [7563]; [7563]; [7563]; [7563]","false","filtered"
"1472","1456","7651","910.3763","3.436","2,463.8","7","7_3_F2","2M+NH4; M+IsoProp+Na+H; M+NH4","[7653]; [7595]; [7653]","true","keep_rep"
"1473","1453","7768","816.4400","3.424","1,932.2","7","7_3_F2","2M+NH4; M+NH4","[7608]; [7608]","false","filtered"
"1474","1458","7606","409.1853","3.438","939.0","7","7_3_F2","2M+Na; M+NH4; M+Na","[7595, 7616]; [7607]; [7595, 7616]","false","filtered"
"1475","1450","7616","404.2291","3.416","696.8","7","7_3_F2","2M+NH4; M+NH4","[7463, 7595, 7606]; [7463, 7595, 7606]","false","filtered"
"1476","1449","7588","764.3155","3.411","451.8","7","7_3_F2","2M+ACN+H; 2M+NH4; M+NH4","[7463, 7595]; [7594]; [7594]","false","filtered"
"1477","1451","7607","783.3102","3.421","371.8","7","7_3_F2","2M+H; M+2Na-H; M+IsoProp+Na+H; M+Na","[7606]; [7608]; [7548]; [7608]","false","filtered"
"1478","1452","7608","821.3953","3.421","268.5","7","7_3_F2","2M+Na; M+2ACN+H; M+IsoProp+H; M+Na","[7768]; [7607]; [7607]; [7768]","false","filtered"
"1479","1457","7653","915.3313","3.436","159.5","7","7_3_F2","2M+Na; M+IsoProp+Na+H; M+Na","[7651]; [7595]; [7651]","false","filtered"
"1480","1459","7594","769.2696","3.443","157.2","7","7_3_F2","2M+Na; M+Na","[7588]; [7588]","false","filtered"
"1481","1454","7595","425.1575","3.429","153.1","7","7_3_F2","2M+K; M+ACN+Na; M+H+NH4; M+H+Na; M+K","[7606, 7616]; [7588]; [7653]; [7651]; [7606, 7616]","false","filtered"
"1469","1448","7568","393.1896","3.409","1,035.7","7","7_3_F1","2M+ACN+Na; 2M+Na; M+2ACN+2H; M+2Na; M+2Na-H; M+3Na; M+ACN+Na; M+Na","[7562]; [7562, 7565]; [7548]; [7562]; [7562]; [7562]; [7562]; [7562, 7565]","true","keep_rep"
"1470","1455","7565","409.1624","3.434","639.0","7","7_3_F1","2M+K; M+2K-H; M+K","[7562, 7568]; [7562]; [7562, 7568]","false","filtered"
"1471","1446","7562","371.2085","3.399","384.3","7","7_3_F1","2M+ACN+H; 2M+H; M+2H; M+3H; M+ACN+H; M+H; M+K; M+Na","[7568]; [7565, 7568]; [7568]; [7568]; [7568]; [7565, 7568]; [7565]; [7568]","false","filtered"
"1465","1420","7243","1,124.5512","3.344","2,321.4","7","7_2_F4","2M+NH4; M+H; M+NH4","[7429, 7446]; [7446]; [7429]","true","keep_rep"
"1466","1440","7511","532.3284","3.376","690.0","7","7_2_F4","2M+ACN+H; 2M+H; M+; M+2H; M+3H; M+ACN+H; M+H; M+Na","[7512]; [7512]; [7446]; [7512]; [7512]; [7512]; [7512]; [7512]","false","filtered"
"1467","1434","7429","1,129.5094","3.359","371.0","7","7_2_F4","2M+Na; M+Na","[7243, 7446]; [7243]","false","filtered"
"1468","1432","7446","571.2927","3.356","368.3","7","7_2_F4","M+H+NH4; M+K; M+NH4","[7243]; [7511]; [7243, 7429]","false","filtered"
"1462","1419","7445","409.1850","3.339","933.1","7","7_2_F3","2M+Na; M+IsoProp+H; M+Na","[7463]; [7098]; [7463]","true","keep_rep"
"1463","1439","7506","422.1453","3.374","738.2","7","7_2_F3","M+H+K","[7463]","false","filtered"
"1464","1441","7463","425.1578","3.378","139.5","7","7_2_F3","2M+K; M+2Na; M+ACN+Na; M+K","[7445, 7616]; [7506]; [7588]; [7445, 7616]","false","filtered"
"1457","1417","7375","449.1089","3.337","1,482.5","7","7_2_F2","2M+ACN+H; 2M+ACN+Na; 2M+H; M+2H; M+3H; M+ACN+H; M+H; M+Na","[7378]; [7398]; [7378]; [7378]; [7378]; [7378]; [7378]; [7378]","true","keep_rep"
"1458","1418","7378","471.0911","3.339","990.2","7","7_2_F2","2M+ACN+Na; 2M+Na; M+2Na; M+2Na-H; M+3Na; M+ACN+Na; M+Na","[7375]; [7375]; [7375]; [7375]; [7375]; [7375]; [7375]","false","filtered"
"1459","1425","7396","375.1561","3.350","702.7","7","7_2_F2","2M+ACN+H; 2M+H; M+2H; M+3H; M+ACN+H; M+H; M+K; M+Na","[7405]; [7398, 7405]; [7405]; [7405]; [7405]; [7398, 7405]; [7398]; [7405]","false","filtered"
"1460","1423","7405","397.1382","3.350","460.1","7","7_2_F2","2M+ACN+Na; 2M+NH4; 2M+Na; M+2Na; M+2Na-H; M+3Na; M+ACN+Na; M+CH3OH+H; M+NH4; M+Na","[7396]; [7302]; [7396, 7398]; [7396]; [7396]; [7396]; [7396]; [7302]; [7302]; [7396, 7398]","false","filtered"
"1461","1422","7398","413.1119","3.348","176.2","7","7_2_F2","2M+3H2O+2H; 2M+K; M+2K-H; M+K","[7375]; [7396, 7405]; [7396]; [7396, 7405]","false","filtered"
"1453","1431","7444","335.1609","3.356","2,385.9","7","7_2_F1","2M+3H2O+2H; M+2H; M+DMSO+H; M+H+Na","[7548]; [7406]; [7512]; [7391]","true","keep_rep"
"1454","1424","7406","701.3379","3.350","803.5","7","7_2_F1","2M+ACN+Na; 2M+Na; M+2Na; M+2Na-H; M+3Na; M+ACN+Na; M+CH3OH+H; M+Na","[7391]; [7391, 7393]; [7391]; [7391]; [7391]; [7391]; [7444]; [7391, 7393]","false","filtered"
"1455","1421","7391","679.3574","3.345","83.4","7","7_2_F1","2M+ACN+H; 2M+H; M+2ACN+2H; M+2H; M+3H; M+ACN+H; M+CH3OH+H; M+H; M+Na","[7406]; [7393, 7406]; [7282]; [7406]; [7406]; [7406]; [7444]; [7393, 7406]; [7406]","false","filtered"
"1456","1442","7548","371.1486","3.382","63.6","7","7_2_F1","2M+ACN+Na; 2M+K; M+ACN+2H; M+H+K; M+K","[7444]; [7553]; [7607]; [7568]; [7553]","false","filtered"
"1450","1414","7098","427.1482","3.306","328.2","7","7_1_F1","2M+ACN+Na; 2M+Na; M+2Na; M+2Na-H; M+3Na; M+ACN+Na; M+DMSO+H; M+Na","[7226]; [7226, 7302]; [7226]; [7226]; [7226]; [7226]; [7445]; [7226, 7302]","true","keep_rep"
"1451","1410","7302","443.1225","3.304","240.1","7","7_1_F1","2M+ACN+Na; 2M+K; M+2K-H; M+ACN+Na; M+DMSO+H; M+K","[7405]; [7098, 7226]; [7226]; [7405]; [7405]; [7098, 7226]","false","filtered"
"1452","1402","7226","405.1665","3.280","124.2","7","7_1_F1","2M+ACN+H; 2M+H; M+2H; M+3H; M+ACN+H; M+H; M+K; M+Na","[7098]; [7098, 7302]; [7098]; [7098]; [7098]; [7098, 7302]; [7302]; [7098]","false","filtered"
"1495","1482","7797","214.1443","3.502","9,621.6","7","","2M+3H2O+2H; 2M+NH4; M+CH3OH+H; M+DMSO+H; M+NH4","[7799]; [7785, 7786, 7795, 7798]; [7786]; [7779]; [7785, 7786, 7795, 7798]","false","kept (no corr-family)"
"1496","1475","7799","228.1599","3.477","6,503.4","7","","2M+ACN+H","[7797]","false","kept (no corr-family)"
"1497","1416","7393","696.3832","3.323","2,924.5","7","","2M+NH4; M+NH4","[7391, 7406]; [7391, 7406]","false","kept (no corr-family)"
"1498","1445","7553","355.1740","3.398","764.1","7","","2M+Na; M+3ACN+2H; M+Na","[7548]; [7690]; [7548]","false","kept (no corr-family)"
"1499","1460","7687","509.2011","3.445","498.0","7","","2M+Na; M+Na","[7691]; [7691]","false","kept (no corr-family)"
"1500","1443","7512","554.3113","3.397","314.7","7","","2M+ACN+H; 2M+ACN+Na; 2M+Na; M+2Na; M+2Na-H; M+3Na; M+ACN+Na; M+Na","[7444]; [7511]; [7511]; [7511]; [7511]; [7511]; [7511]; [7511]","false","kept (no corr-family)"
"1501","1497","7919","514.2874","3.559","218.3","7","","2M+NH4; M+NH4","[7928]; [7928]","false","kept (no corr-family)"
"1502","1409","7282","649.3251","3.296","83.9","7","","M+H+Na","[7391]","false","kept (no corr-family)"
"1503","1487","7928","519.2431","3.531","48.5","7","","2M+H; 2M+Na; M+2ACN+H; M+2Na-H; M+ACN+H; M+H; M+K; M+NH4; M+Na","[7786]; [7919]; [7786]; [7786]; [7786]; [7786]; [7786]; [7786]; [7786, 7919]","false","kept (no corr-family)"
"1440","2185","12307","292.1759","5.477","1,131.7","6","6_6_F1","2M+H; 2M+NH4; M+2H+Na; M+H; M+NH4","[12462]; [12315]; [12254]; [12462]; [12315]","true","keep_rep"
"1441","2186","12315","313.1045","5.491","123.2","6","6_6_F1","2M+K; M+K","[12307]; [12307]","false","filtered"
"1429","2179","12277","493.2570","5.447","6,068.3","6","6_5_F2","2M+ACN+H; 2M+ACN+Na; 2M+Na; M+2Na; M+2Na-H; M+3Na; M+ACN+H; M+ACN+Na; M+Na","[12270]; [12244]; [12244, 12254, 12261]; [12244]; [12244]; [12244]; [12270]; [12244]; [12244, 12254, 12261]","true","keep_rep"
"1430","2184","12293","435.2540","5.458","5,456.5","6","6_5_F2","2M+H; 2M+K; M+H","[12294]; [12226]; [12294]","false","filtered"
"1431","2172","12244","471.2744","5.435","4,096.5","6","6_5_F2","2M+ACN+H; 2M+H; M+2H; M+3H; M+ACN+H; M+ACN+Na; M+H; M+K; M+Na","[12277]; [12254, 12261, 12277]; [12277]; [12277]; [12277]; [12271]; [12254, 12261, 12277]; [12261]; [12277]","false","filtered"
"1432","2173","12254","488.3015","5.437","4,046.0","6","6_5_F2","2M+ACN+H; 2M+NH4; M+2ACN+2H; M+2ACN+H; M+3ACN+2H; M+ACN+H; M+ACN+Na; M+H; M+NH4","[12270]; [12244, 12261, 12277]; [12270]; [12270]; [12307]; [12270, 12272]; [12270]; [12137]; [12244, 12261, 12277]","false","filtered"
"1433","2174","12261","509.2307","5.441","4,021.7","6","6_5_F2","2M+K; M+2K-H; M+K; M+NH4","[12244, 12254, 12277]; [12244]; [12244, 12254, 12277]; [12287]","false","filtered"
"1434","2176","12271","486.2858","5.445","3,578.0","6","6_5_F2","2M+NH4; M+DMSO+H; M+NH4","[12270, 12272, 12276]; [12244]; [12270, 12272, 12276]","false","filtered"
"1435","2177","12272","491.2409","5.445","2,169.6","6","6_5_F2","2M+ACN+Na; 2M+Na; M+2Na; M+2Na-H; M+3Na; M+ACN+Na; M+K; M+Na","[12270]; [12270, 12271, 12276]; [12270]; [12254, 12270]; [12270]; [12270]; [12294]; [12270, 12271, 12276]","false","filtered"
"1436","2183","12294","452.2799","5.452","1,904.2","6","6_5_F2","2M+NH4; M+; M+NH4","[12293]; [12272]; [12293]","false","filtered"
"1437","2182","12285","535.2370","5.449","1,428.4","6","6_5_F2","2M+H; M+H; M+IsoProp+H","[12287]; [12287]; [12276]","false","filtered"
"1438","2178","12276","507.2146","5.447","1,416.1","6","6_5_F2","2M+K; M+2K-H; M+CH3OH+H; M+K","[12270, 12271, 12272]; [12270]; [12285]; [12270, 12271, 12272]","false","filtered"
"1439","2175","12270","469.2599","5.445","1,322.5","6","6_5_F2","2M+ACN+H; 2M+H; 2M+NH4; 2M+Na; M+2H; M+2Na; M+2Na-H; M+3H; M+ACN+H; M+ACN+Na; M+H; M+K; M+NH4; M+Na","[12272]; [12271, 12272, 12276]; [12277]; [12254]; [12272]; [12254]; [12254]; [12272]; [12272]; [12254]; [12271, 12272, 12276]; [12276]; [12277]; [12254, 12272]","false","filtered"
"1427","2171","12230","181.1228","5.426","90,951.1","6","6_5_F1","2M+ACN+H; 2M+H; M+2H; M+3H; M+ACN+H; M+H; M+Na","[12231]; [12226, 12231]; [12231]; [12231]; [12231]; [12226, 12231]; [12231]","true","keep_rep"
"1428","2180","12231","203.1057","5.448","496.5","6","6_5_F1","2M+ACN+Na; 2M+Na; M+2Na; M+2Na-H; M+3Na; M+ACN+Na; M+Na","[12230]; [12226, 12230]; [12230]; [12230]; [12230]; [12230]; [12226, 12230]","false","filtered"
"1425","2153","12104","710.3982","5.371","1,046.8","6","6_4_F3","2M+NH4; M+NH4","[12119]; [12119]","true","keep_rep"
"1426","2155","12119","715.3528","5.377","592.7","6","6_4_F3","2M+Na; M+2ACN+H; M+2H; M+IsoProp+H; M+Na","[12104]; [12034]; [12049]; [12034]; [12104]","false","filtered"
"1420","2160","12144","543.2593","5.385","1,360.7","6","6_4_F2","2M+K; M+2K-H; M+CH3OH+H; M+K","[12131]; [12131]; [12287]; [12131]","true","keep_rep"
"1421","2157","12131","505.3053","5.381","1,265.9","6","6_4_F2","2M+H; M+DMSO+H; M+H; M+K","[12144]; [12154]; [11976, 12144]; [12144]","false","filtered"
"1422","2166","12287","552.2658","5.419","948.2","6","6_4_F2","2M+NH4; M+ACN+H; M+IsoProp+H; M+NH4","[12285]; [12144]; [12261]; [12285]","false","filtered"
"1423","2162","12154","459.3111","5.391","884.3","6","6_4_F2","2M+ACN+H; 2M+H; M+2H; M+3H; M+ACN+H; M+CH3OH+H; M+H; M+Na","[12157]; [12157]; [12157]; [12157]; [12157]; [12131]; [12157]; [12157]","false","filtered"
"1424","2163","12157","481.2935","5.393","428.2","6","6_4_F2","2M+ACN+Na; 2M+Na; M+2Na; M+2Na-H; M+3Na; M+ACN+Na; M+Na","[12154]; [12154]; [12154]; [12154]; [12154]; [12154]; [12154]","false","filtered"
"1413","2158","12138","525.2834","5.383","24,285.1","6","6_4_F1","2M+ACN+Na; 2M+Na; M+2Na; M+2Na-H; M+3Na; M+ACN+Na; M+DMSO+H; M+H+Na; M+Na","[12136]; [12136, 12137, 12143]; [12130, 12136]; [12136]; [12136]; [12136]; [12075]; [12130]; [12130, 12136, 12137, 12143]","true","keep_rep"
"1414","2154","12136","503.3006","5.377","16,512.0","6","6_4_F1","2M+ACN+H; 2M+H; M+2ACN+H; M+2H; M+3H; M+ACN+2H; M+ACN+H; M+H; M+H+Na; M+K; M+Na","[12138]; [12137, 12138, 12143]; [11976]; [12130, 12138]; [12138]; [12130]; [12138]; [12130, 12137, 12138, 12143]; [12130]; [12143]; [12138]","false","filtered"
"1415","2161","12137","520.3327","5.390","15,416.5","6","6_4_F1","2M+NH4; M+2H; M+CH3OH+H; M+DMSO+H; M+NH4","[12136, 12138, 12143]; [12185]; [12254]; [12079]; [12130, 12136, 12138, 12143]","false","filtered"
"1416","2159","12143","541.2573","5.385","12,191.6","6","6_4_F1","2M+K; M+2K-H; M+K","[12136, 12137, 12138]; [12136]; [12130, 12136, 12137, 12138]","false","filtered"
"1417","2165","12226","198.1495","5.419","1,863.7","6","6_4_F1","2M+NH4; M+; M+2ACN+2H; M+3ACN+2H; M+ACN+H; M+CH3OH+H; M+NH4","[12230, 12231]; [12293]; [12199]; [12199]; [12199]; [12185]; [12230, 12231]","false","filtered"
"1418","2164","12185","369.2044","5.409","272.7","6","6_4_F1","2M+K; M+; M+3Na; M+K","[12226]; [12284]; [12137]; [12204]","false","filtered"
"1419","2156","12130","1,027.5780","5.381","242.6","6","6_4_F1","2M+Na; M+2Na-H; M+ACN+Na; M+H; M+Na","[12136, 12137, 12138, 12143]; [12136]; [12136]; [12138]; [12136, 12138]","false","filtered"
"1410","2150","12023","634.3644","5.347","11,660.4","6","6_3_F2","2M+NH4; M+NH4","[12024, 12034]; [12024, 12034]","true","keep_rep"
"1411","2138","12024","639.3161","5.326","1,775.7","6","6_3_F2","2M+Na; M+Na","[12023, 12034]; [12023, 12034]","false","filtered"
"1412","2144","12034","655.2911","5.328","375.7","6","6_3_F2","2M+K; M+H; M+K; M+Na","[12023, 12024]; [12119]; [12023, 12024]; [12119]","false","filtered"
"1394","2137","12022","570.2750","5.326","91,580.9","6","6_3_F1","2M+NH4; M+IsoProp+H; M+NH4","[12012, 12020]; [12007]; [12012, 12020, 12041]","true","keep_rep"
"1395","2143","12032","572.2778","5.328","8,870.9","6","6_3_F1","2M+NH4; M+IsoProp+H; M+NH4","[12009]; [12012]; [12009]","false","filtered"
"1396","2133","12012","575.2304","5.324","7,335.4","6","6_3_F1","2M+ACN+H; 2M+H; 2M+Na; M+2H; M+3H; M+ACN+H; M+ACN+Na; M+H; M+Na","[12041]; [12041]; [12020, 12022]; [12041]; [12041]; [12041]; [12032]; [12041]; [12020, 12022, 12041]","false","filtered"
"1397","2139","11988","220.1330","5.327","6,179.5","6","6_3_F1","2M+ACN+H; 2M+H; M+; M+2H; M+3H; M+ACN+H; M+H; M+Na","[11995]; [11995]; [11887]; [11995]; [11995]; [11995]; [11995]; [11995]","false","filtered"
"1398","2146","12041","597.2122","5.330","3,190.6","6","6_3_F1","2M+ACN+Na; 2M+Na; M+2Na; M+2Na-H; M+3Na; M+ACN+Na; M+Na","[12012]; [12012]; [12012]; [12012, 12020, 12022]; [12012]; [12012]; [12012]","false","filtered"
"1399","2132","12007","527.2457","5.322","1,946.0","6","6_3_F1","2M+ACN+Na; 2M+Na; M+2Na; M+2Na-H; M+3Na; M+ACN+Na; M+IsoProp+H; M+NH4; M+Na","[11998]; [11998, 12006, 12019]; [11998]; [11998]; [11998]; [11998]; [12049]; [12022]; [11998, 12006, 12019]","false","filtered"
"1400","2151","12075","491.2409","5.351","1,709.8","6","6_3_F1","2M+Na; M+2Na-H; M+Na","[12079]; [12138]; [12079]","false","filtered"
"1401","2128","11985","525.2257","5.312","1,451.0","6","6_3_F1","2M+K; M+2Na-H; M+K","[11976]; [12006]; [11976]","false","filtered"
"1402","2148","12049","499.2155","5.334","1,428.1","6","6_3_F1","M+3Na; M+CH3OH+H; M+H","[12119]; [12007]; [12009]","false","filtered"
"1403","2136","12020","591.2041","5.326","1,325.6","6","6_3_F1","2M+K; M+K","[12012, 12022]; [12012, 12022, 12041]","false","filtered"
"1404","2130","11998","505.2633","5.320","1,078.8","6","6_3_F1","2M+ACN+H; 2M+H; M+2H; M+3H; M+ACN+H; M+H; M+H+K; M+K; M+Na","[12007]; [12006, 12007, 12019]; [12007]; [12007]; [12007]; [12006, 12007, 12019]; [11951, 12079]; [12019]; [12007]","false","filtered"
"1405","2152","12079","486.2858","5.355","995.1","6","6_3_F1","2M+NH4; M+2H; M+2Na-H; M+ACN+H; M+NH4","[12075]; [11998]; [12137]; [11995]; [12075]","false","filtered"
"1406","2135","12019","543.2193","5.326","769.2","6","6_3_F1","2M+K; M+2K-H; M+K","[11998, 12006, 12007]; [11998]; [11998, 12006, 12007]","false","filtered"
"1407","2131","12006","522.2893","5.322","670.8","6","6_3_F1","2M+NH4; M+3ACN+2H; M+ACN+H; M+NH4","[11998, 12007, 12019]; [11945]; [11985]; [11998, 12007, 12019]","false","filtered"
"1408","2140","12009","577.2339","5.328","647.0","6","6_3_F1","2M+Na; M+DMSO+H; M+Na","[12032]; [12049]; [12032]","false","filtered"
"1409","2129","11995","242.1156","5.318","341.4","6","6_3_F1","2M+ACN+Na; 2M+Na; M+2Na; M+2Na-H; M+3Na; M+ACN+Na; M+H+K; M+Na","[11988]; [11988]; [11988]; [11988]; [11988]; [11988]; [11951, 12079]; [11988]","false","filtered"
"1392","2106","11853","435.2536","5.255","39,954.4","6","6_2_F2","2M+H; M+2ACN+2H; M+H","[11854]; [11843]; [11854]","true","keep_rep"
"1393","2109","11843","405.2270","5.260","352.9","6","6_2_F2","M+H+Na","[11853]","false","filtered"
"1377","2110","11889","471.2749","5.262","520,824.4","6","6_2_F1","2M+ACN+H; 2M+H; M+2ACN+2H; M+2H; M+2Na; M+3H; M+ACN+2H; M+ACN+H; M+ACN+Na; M+H; M+H+K; M+H+NH4; M+H+Na; M+K; M+Na","[11892]; [11890, 11892, 11894]; [11899]; [11892, 11899, 11900, 11901, 11909]; [11899]; [11892]; [11899, 11900]; [11892]; [11821, 11951]; [11890, 11892, 11894, 11899, 11900, 11901, 11909]; [11899, 11901]; [11899]; [11899, 11900]; [11894]; [11892]","true","keep_rep"
"1378","2113","11892","493.2566","5.262","294,414.5","6","6_2_F1","2M+3H2O+2H; 2M+ACN+H; 2M+ACN+Na; 2M+Na; M+2ACN+2H; M+2Na; M+2Na-H; M+3Na; M+ACN+H; M+ACN+Na; M+H+Na; M+IsoProp+Na+H; M+Na","[11869]; [11813, 11945]; [11889]; [11889, 11890, 11894]; [11868]; [11889, 11899, 11900, 11901, 11909]; [11889]; [11889]; [11813, 11945]; [11889]; [11900]; [11869]; [11889, 11890, 11894, 11899, 11900, 11901, 11909]","false","filtered"
"1379","2111","11890","488.3013","5.262","249,597.5","6","6_2_F1","2M+3H2O+2H; 2M+ACN+H; 2M+NH4; M+2ACN+2H; M+2ACN+H; M+2Na; M+ACN+H; M+ACN+Na; M+CH3OH+H; M+H+NH4; M+NH4","[11893]; [11813, 11945]; [11889, 11892, 11894]; [11813, 11945]; [11813, 11945]; [11769]; [11813, 11814, 11945]; [11813, 11945]; [11896]; [11909]; [11889, 11892, 11894, 11899, 11900, 11901, 11909]","false","filtered"
"1380","2115","11894","509.2305","5.262","161,223.2","6","6_2_F1","2M+K; M+2K-H; M+H+K; M+K","[11889, 11890, 11892]; [11889]; [11901]; [11889, 11890, 11892, 11899, 11900, 11901, 11909]","false","filtered"
"1381","2119","11900","963.5242","5.262","56,355.3","6","6_2_F1","2M+ACN+Na; 2M+Na; M+2Na; M+2Na-H; M+3Na; M+ACN+Na; M+H; M+Na","[11899]; [11889, 11890, 11892, 11894, 11899, 11901, 11909]; [11899]; [11889, 11899]; [11899]; [11889, 11899]; [11892]; [11889, 11892, 11899, 11901, 11909]","false","filtered"
"1382","2114","11893","502.3169","5.262","22,914.2","6","6_2_F1","2M+3H2O+2H; 2M+ACN+H; M+3ACN+2H","[11896]; [11890]; [11909]","false","filtered"
"1383","2116","11896","516.3328","5.262","12,598.5","6","6_2_F1","2M+ACN+H; M+IsoProp+H","[11893]; [11890]","false","filtered"
"1384","2120","11901","979.5008","5.262","4,712.7","6","6_2_F1","2M+K; M+2K-H; M+H; M+K","[11889, 11890, 11892, 11894, 11899, 11900, 11909]; [11889, 11899]; [11894]; [11889, 11892, 11899, 11900, 11909]","false","filtered"
"1385","2102","11868","471.2035","5.247","3,524.5","6","6_2_F1","2M+ACN+H; 2M+H; M+2H; M+3H; M+ACN+H; M+ACN+Na; M+H; M+H+K; M+K; M+Na","[11891]; [11869, 11891]; [11891]; [11891]; [11891]; [11814]; [11786, 11869, 11891]; [11892]; [11761]; [11891]","false","filtered"
"1386","2126","11945","469.2595","5.288","3,395.1","6","6_2_F1","2M+H; 2M+NH4; 2M+Na; M+2H; M+2Na; M+2Na-H; M+ACN+Na; M+H; M+H+NH4; M+NH4; M+Na","[11951]; [11892]; [11890]; [11869]; [11890]; [11890]; [11890]; [11951]; [12006]; [11892]; [11890]","false","filtered"
"1387","2107","11869","488.2279","5.258","1,661.9","6","6_2_F1","2M+NH4; 2M+Na; M+2H; M+DMSO+H; M+H+K; M+NH4","[11868, 11891]; [11892]; [11808]; [11892]; [11813, 11814, 11945]; [11786, 11868, 11891]","false","filtered"
"1388","2112","11891","493.1819","5.262","1,574.0","6","6_2_F1","2M+ACN+Na; 2M+Na; M+2Na; M+2Na-H; M+3Na; M+ACN+Na; M+Na","[11868]; [11868, 11869]; [11868]; [11868]; [11868]; [11868]; [11868, 11869]","false","filtered"
"1389","2121","11909","958.5679","5.264","1,569.9","6","6_2_F1","2M+NH4; M+DMSO+H; M+H; M+NH4","[11889, 11890, 11892, 11894, 11899, 11900, 11901]; [11893]; [11890]; [11889, 11892, 11899, 11900, 11901]","false","filtered"
"1390","2123","11899","941.5417","5.272","1,219.1","6","6_2_F1","2M+ACN+H; 2M+H; M+2ACN+H; M+2H; M+2Na-H; M+3H; M+ACN+H; M+H; M+K; M+NH4; M+Na","[11900]; [11889, 11890, 11892, 11894, 11900, 11901, 11909]; [11889]; [11900]; [11889]; [11900]; [11889, 11900]; [11889, 11892, 11900, 11901, 11909]; [11889, 11901]; [11889]; [11889, 11900]","false","filtered"
"1391","2127","11951","486.2858","5.290","1,019.7","6","6_2_F1","2M+NH4; M+2H; M+ACN+H; M+DMSO+H; M+NH4","[11945]; [11998]; [11995]; [11889]; [11945]","false","filtered"
"1367","2094","11854","452.2785","5.213","8,991.5","6","6_1_F2","2M+NH4; M+; M+NH4","[11853]; [11814]; [11853]","true","keep_rep"
"1368","2096","11807","504.2961","5.217","3,876.9","6","6_1_F2","2M+H; 2M+NH4; M+NH4","[11912]; [11785]; [11785]","false","filtered"
"1369","2100","11814","491.2410","5.219","3,047.1","6","6_1_F2","2M+ACN+Na; 2M+Na; M+2Na; M+2Na-H; M+3Na; M+ACN+Na; M+IsoProp+Na+H; M+K; M+Na","[11813]; [11808, 11813, 11821]; [11813, 11869]; [11813, 11890]; [11813]; [11813]; [11868]; [11854, 11912]; [11808, 11813, 11821]","false","filtered"
"1370","2083","11751","506.3183","5.185","2,733.4","6","6_1_F2","2M+NH4; M+ACN+H; M+IsoProp+Na+H; M+NH4","[11761]; [11785]; [11821]; [11761]","false","filtered"
"1371","2092","11785","509.2531","5.211","2,549.7","6","6_1_F2","2M+Na; M+2Na-H; M+Na","[11807]; [11751]; [11807]","false","filtered"
"1372","2093","11786","549.2165","5.211","2,139.8","6","6_1_F2","2M+K; M+2K-H; M+DMSO+H; M+K","[11761]; [11761]; [11868, 11869]; [11761]","false","filtered"
"1373","2099","11813","469.2595","5.219","1,799.9","6","6_1_F2","2M+ACN+H; 2M+H; 2M+NH4; 2M+Na; M+2H; M+2Na; M+2Na-H; M+3H; M+ACN+H; M+ACN+Na; M+H; M+K; M+NH4; M+Na","[11814]; [11808, 11814, 11821]; [11892]; [11890]; [11814, 11869]; [11890]; [11890]; [11814]; [11814]; [11890]; [11808, 11814, 11821]; [11808]; [11892]; [11814, 11890]","false","filtered"
"1374","2097","11808","507.2150","5.217","1,637.5","6","6_1_F2","2M+K; M+2K-H; M+H+K; M+K","[11813, 11814, 11821]; [11813]; [11869]; [11813, 11814, 11821]","false","filtered"
"1375","2101","11821","486.2858","5.223","1,560.0","6","6_1_F2","2M+NH4; M+ACN+Na; M+DMSO+H; M+NH4","[11808, 11813, 11814]; [11751]; [11889]; [11808, 11813, 11814]","false","filtered"
"1376","2085","11761","511.2675","5.202","688.0","6","6_1_F2","2M+H; 2M+Na; M+DMSO+H; M+H; M+K; M+Na","[11786]; [11751]; [11868]; [11786]; [11786]; [11751]","false","filtered"
"1365","2095","11769","311.2218","5.214","1,493.1","6","6_1_F1","2M+ACN+Na; 2M+Na; M+2Na; M+2Na-H; M+3H; M+3Na; M+ACN+Na; M+Na","[11776]; [11776]; [11776]; [11776]; [11890]; [11776]; [11776]; [11776]","true","keep_rep"
"1366","2090","11776","289.2377","5.206","832.2","6","6_1_F1","2M+ACN+H; 2M+H; M+2H; M+3H; M+ACN+H; M+H; M+Na","[11769]; [11769]; [11769]; [11769]; [11769]; [11769]; [11769]","false","filtered"
"1442","2122","11912","531.3071","5.265","14,075.5","6","","2M+3H2O+2H; M+DMSO+H","[11807]; [11814]","false","kept (no corr-family)"
"1443","2181","12284","453.2635","5.449","6,469.3","6","","M+IsoProp+Na+H","[12185]","false","kept (no corr-family)"
"1444","2125","11887","299.1636","5.280","4,574.3","6","","M+DMSO+H","[11988]","false","kept (no corr-family)"
"1445","2147","11976","504.2980","5.333","3,160.7","6","","2M+NH4; M+; M+IsoProp+Na+H; M+NH4","[11985]; [12131]; [12136]; [11985]","false","kept (no corr-family)"
"1446","2192","12482","333.2055","5.562","1,239.6","6","","2M+ACN+H; 2M+H; M+2H; M+3H; M+ACN+H; M+H; M+Na","[12462]; [12462]; [12462]; [12462]; [12462]; [12462]; [12462]","false","kept (no corr-family)"
"1447","2169","12199","313.2379","5.424","992.1","6","","2M+H; M+ACN+H; M+H","[12226]; [12226]; [12226]","false","kept (no corr-family)"
"1448","2187","12462","355.1890","5.521","440.2","6","","2M+ACN+Na; 2M+Na; M+2Na; M+2Na-H; M+3Na; M+ACN+Na; M+Na","[12307, 12482]; [12482]; [12482]; [12482]; [12482]; [12307, 12482]; [12482]","false","kept (no corr-family)"
"1449","2170","12204","375.2154","5.424","232.0","6","","M+2Na-H","[12185]","false","kept (no corr-family)"
"1356","2073","11542","163.0759","5.127","23,027.3","5","5_2_F1","2M+3H2O+2H; M+ACN+2H","[11561]; [11599]","true","keep_rep"
"1357","2069","11584","546.3073","5.116","1,208.4","5","5_2_F1","2M+H; 2M+NH4; M+2ACN+H; M+H; M+H+NH4; M+K; M+NH4","[11536]; [11581, 11599]; [11614]; [11536]; [11621]; [11536]; [11581, 11599]","false","filtered"
"1358","2066","11461","367.1904","5.087","1,083.3","5","5_2_F1","2M+K; 2M+Na; M+DMSO+H; M+K","[11466]; [11515]; [11621]; [11466]","false","filtered"
"1359","2070","11581","529.2807","5.119","645.7","5","5_2_F1","2M+H; 2M+K; M+2K-H; M+H; M+K","[11584, 11599]; [11607]; [11607]; [11584, 11599]; [11599, 11607]","false","filtered"
"1360","2076","11621","599.3242","5.133","510.4","5","5_2_F1","2M+Na; M+3ACN+2H","[11461]; [11584]","false","filtered"
"1361","2072","11599","567.2357","5.123","504.1","5","5_2_F1","2M+ACN+H; 2M+H; 2M+K; M+2H; M+2K-H; M+3H; M+ACN+H; M+H; M+K; M+Na","[11532]; [11532, 11536, 11542]; [11581, 11584]; [11532]; [11581, 11607]; [11532]; [11532]; [11525, 11532, 11536]; [11581, 11584]; [11532]","false","filtered"
"1362","2071","11607","491.3200","5.120","502.8","5","5_2_F1","2M+H; 2M+NH4; M+H; M+K; M+NH4","[11581]; [11614]; [11581, 11599]; [11581]; [11614]","false","filtered"
"1363","2074","11614","496.2766","5.129","358.9","5","5_2_F1","2M+Na; M+CH3OH+H; M+Na","[11607]; [11584]; [11607]","false","filtered"
"1352","2063","11561","199.0751","5.080","7,305.5","5","5_1_F3","2M+ACN+Na; M+2H+Na; M+H","[11542]; [11525]; [11531]","true","keep_rep"
"1353","2062","11536","584.2545","5.076","6,946.8","5","5_1_F3","2M+K; 2M+NH4; M+2K-H; M+K; M+NH4","[11584]; [11532, 11599]; [11584]; [11584]; [11525, 11532, 11599]","false","filtered"
"1354","2060","11532","589.2102","5.074","468.9","5","5_1_F3","2M+ACN+H; 2M+ACN+Na; 2M+H; 2M+Na; M+2H; M+2Na; M+2Na-H; M+3H; M+3Na; M+ACN+H; M+ACN+Na; M+H; M+Na","[11525]; [11599]; [11525]; [11536, 11599]; [11525]; [11599]; [11599]; [11525]; [11599]; [11525]; [11599]; [11525]; [11525, 11536, 11599]","false","filtered"
"1355","2061","11525","611.1935","5.074","100.1","5","5_1_F3","2M+ACN+Na; 2M+Na; M+2Na; M+2Na-H; M+3Na; M+ACN+Na; M+K; M+Na","[11532]; [11532]; [11532]; [11532, 11536, 11599]; [11532]; [11532]; [11561]; [11532]","false","filtered"
"1350","2055","11466","351.2162","5.052","14,085.3","5","5_1_F2","2M+ACN+H; 2M+H; 2M+Na; M+2H; M+3H; M+ACN+H; M+H; M+Na","[11460]; [11460]; [11461]; [11460]; [11460]; [11460]; [11460]; [11460, 11461]","true","keep_rep"
"1351","2050","11460","373.1972","5.036","716.4","5","5_1_F2","2M+ACN+Na; 2M+Na; M+2Na; M+2Na-H; M+3Na; M+ACN+Na; M+Na","[11466]; [11466]; [11466]; [11466]; [11466]; [11466]; [11466]","false","filtered"
"1347","2065","11548","261.1106","5.081","43,502.1","5","5_1_F1","2M+Na; M+Na","[11515, 11531]; [11515, 11531]","true","keep_rep"
"1348","2053","11459","275.2014","5.042","3,263.6","5","5_1_F1","2M+ACN+H; M+2ACN+2H; M+2ACN+H; M+ACN+H; M+ACN+Na","[11515]; [11515]; [11515]; [11515]; [11515]","false","filtered"
"1349","2064","11515","256.1548","5.080","1,185.4","5","5_1_F1","2M+NH4; 2M+Na; M+2Na; M+2Na-H; M+ACN+Na; M+IsoProp+Na+H; M+NH4; M+Na","[11531, 11548]; [11459]; [11459]; [11459]; [11459]; [11461]; [11531, 11548]; [11459]","false","filtered"
"1364","2067","11531","277.0842","5.094","4,152.5","5","","2M+K; M+DMSO+H; M+K","[11515, 11548]; [11561]; [11515, 11548]","false","kept (no corr-family)"
"1314","1277","6440","611.1631","2.954","153,958.2","4","4_4_F1","2M+ACN+H; 2M+ACN+Na; 2M+H; 2M+K; 2M+Na; M+2H; M+2K-H; M+2Na; M+2Na-H; M+3H; M+3Na; M+ACN+2H; M+ACN+H; M+ACN+Na; M+H; M+H+Na; M+K; M+Na","[6441]; [6400]; [6441, 6442]; [6406]; [6400]; [6441, 6448]; [6406]; [6400]; [6400]; [6441]; [6400]; [6448]; [6441]; [6400, 6474]; [6427, 6441, 6442, 6448]; [6448]; [6406, 6442]; [6400, 6441]","true","keep_rep"
"1315","1278","6441","633.1448","2.954","25,735.3","4","4_4_F1","2M+ACN+H; 2M+ACN+Na; 2M+H; 2M+Na; M+2H; M+2Na; M+2Na-H; M+3H; M+3Na; M+ACN+H; M+ACN+Na; M+CH3OH+H; M+H; M+H+Na; M+Na","[6427, 6482]; [6440]; [6427]; [6440, 6442]; [6427]; [6440, 6448]; [6400, 6440]; [6427]; [6440]; [6427, 6482]; [6440]; [6450]; [6427]; [6448]; [6427, 6440, 6442, 6448]","false","filtered"
"1316","1273","6423","303.0497","2.952","13,131.2","4","4_4_F1","2M+Na; M+ACN+Na","[6347]; [6353]","false","filtered"
"1317","1289","6474","626.1739","2.958","6,328.0","4","4_4_F1","2M+NH4; M+; M+DMSO+H; M+NH4","[6457, 6475, 6482]; [6428]; [6400, 6440]; [6457, 6475, 6482]","false","filtered"
"1318","1285","6454","301.0346","2.956","5,685.3","4","4_4_F1","M+H+K","[6353]","false","filtered"
"1319","1279","6442","649.1184","2.954","2,690.6","4","4_4_F1","2M+K; M+2K-H; M+CH3OH+H; M+K","[6440, 6441]; [6406, 6440]; [6429]; [6427, 6440, 6441, 6448]","false","filtered"
"1320","1290","6475","631.1291","2.958","2,514.5","4","4_4_F1","2M+ACN+Na; 2M+NH4; 2M+Na; M+2Na; M+2Na-H; M+3Na; M+ACN+Na; M+NH4; M+Na","[6482]; [6427]; [6457, 6474, 6482]; [6482]; [6482]; [6482]; [6482]; [6427]; [6457, 6474, 6482]","false","filtered"
"1321","1276","6429","695.1152","2.952","1,831.1","4","4_4_F1","2M+ACN+H; 2M+H; 2M+K; M+2H; M+3H; M+ACN+H; M+DMSO+H; M+H; M+K; M+Na","[6445]; [6445]; [6450]; [6445]; [6445]; [6445]; [6442]; [6445]; [6447, 6450]; [6445]","false","filtered"
"1322","1267","6438","355.1740","2.943","1,353.3","4","4_4_F1","2M+K; 2M+Na; M+DMSO+H; M+H; M+IsoProp+H; M+Na","[6336]; [6411, 6472]; [6347]; [6336]; [6215]; [6405, 6411, 6472]","false","filtered"
"1323","1274","6427","655.1268","2.952","1,088.3","4","4_4_F1","2M+ACN+H; 2M+ACN+Na; 2M+Na; M+2Na; M+2Na-H; M+3Na; M+ACN+H; M+ACN+Na; M+DMSO+H; M+Na","[6475]; [6441, 6482]; [6441]; [6441]; [6440, 6441, 6442, 6448]; [6441]; [6475]; [6441, 6482]; [6482]; [6441]","false","filtered"
"1324","1287","6457","647.1019","2.956","1,066.2","4","4_4_F1","2M+K; M+; M+2K-H; M+K","[6474, 6475, 6482]; [6428]; [6482]; [6474, 6475, 6482]","false","filtered"
"1325","1268","6353","323.0902","2.944","987.0","4","4_4_F1","M+2ACN+2H; M+H; M+H+NH4; M+IsoProp+Na+H","[6454]; [6385]; [6484]; [6423]","false","filtered"
"1326","1271","6406","573.2076","2.948","937.6","4","4_4_F1","2M+H; 2M+Na; M+H; M+K; M+Na","[6440]; [6400]; [6440, 6442]; [6440]; [6400]","false","filtered"
"1327","1266","6472","371.1477","2.940","656.4","4","4_4_F1","2M+K; 2M+Na; M+DMSO+H; M+H; M+IsoProp+H; M+K; M+Na","[6411, 6438]; [6336, 6337]; [6347]; [6336]; [6491]; [6405, 6411, 6438]; [6336, 6398]","false","filtered"
"1328","1281","6445","717.0963","2.954","596.8","4","4_4_F1","2M+ACN+Na; 2M+K; 2M+Na; M+2K-H; M+2Na; M+2Na-H; M+3Na; M+ACN+Na; M+K; M+Na","[6429]; [6447, 6450]; [6429]; [6450]; [6429]; [6429]; [6429]; [6429]; [6447, 6450, 6490]; [6429]","false","filtered"
"1329","1292","6491","643.1511","2.960","593.3","4","4_4_F1","2M+3H2O+2H; 2M+ACN+H; 2M+H; 2M+Na; M+2H; M+2K-H; M+3H; M+ACN+H; M+H; M+Na","[6450]; [6428]; [6428, 6484]; [6472]; [6428]; [6215]; [6428]; [6428]; [6428, 6484]; [6428]","false","filtered"
"1330","1284","6448","1,243.2995","2.954","583.8","4","4_4_F1","2M+Na; M+2Na-H; M+ACN+Na; M+H; M+Na","[6427, 6440, 6441, 6442]; [6440]; [6440]; [6441]; [6440, 6441]","false","filtered"
"1331","1283","6447","701.1298","2.954","541.6","4","4_4_F1","2M+ACN+H; 2M+ACN+Na; 2M+H; 2M+Na; M+2ACN+H; M+2H; M+2Na; M+2Na-H; M+3H; M+3Na; M+ACN+H; M+ACN+Na; M+H; M+Na","[6490]; [6428, 6450]; [6490]; [6445, 6450]; [6450]; [6490]; [6450]; [6429, 6450]; [6490]; [6450]; [6490]; [6450]; [6490]; [6445, 6450, 6490]","false","filtered"
"1332","1269","6398","427.1728","2.946","532.5","4","4_4_F1","2M+K; M+DMSO+H; M+K","[6405]; [6336, 6472]; [6405]","false","filtered"
"1333","1270","6400","589.1828","2.946","476.5","4","4_4_F1","2M+ACN+H; 2M+H; 2M+K; M+2H; M+3H; M+ACN+H; M+H; M+IsoProp+H; M+K; M+Na","[6440]; [6440]; [6406]; [6440]; [6440]; [6440, 6474]; [6336, 6440, 6441]; [6325]; [6406]; [6336, 6440]","false","filtered"
"1334","1291","6490","723.1116","2.960","406.5","4","4_4_F1","2M+ACN+Na; 2M+Na; M+2Na; M+2Na-H; M+3Na; M+ACN+Na; M+Na","[6447]; [6447]; [6447]; [6445, 6447, 6450]; [6447]; [6447]; [6447]","false","filtered"
"1335","1275","6428","665.1343","2.952","383.3","4","4_4_F1","2M+3H2O+2H; 2M+ACN+Na; 2M+Na; M+2K-H; M+2Na; M+2Na-H; M+3Na; M+ACN+Na; M+K; M+NH4; M+Na","[6447, 6450]; [6491]; [6484, 6491]; [6215]; [6491]; [6491]; [6491]; [6491]; [6474]; [6457]; [6484, 6491]","false","filtered"
"1336","1272","6411","350.2176","2.950","352.4","4","4_4_F1","2M+NH4; M+NH4","[6438, 6472]; [6405, 6438, 6472]","false","filtered"
"1337","1282","6450","679.1381","2.954","197.2","4","4_4_F1","2M+ACN+H; 2M+ACN+Na; 2M+H; 2M+Na; M+2H; M+3H; M+ACN+H; M+DMSO+H; M+H; M+IsoProp+H; M+K; M+Na","[6428, 6447]; [6491]; [6445, 6447]; [6429]; [6447]; [6447]; [6447]; [6441]; [6445, 6447, 6490]; [6447]; [6445]; [6429, 6447]","false","filtered"
"1338","1280","6482","609.1470","2.954","170.2","4","4_4_F1","2M+ACN+H; 2M+H; 2M+NH4; M+2H; M+3H; M+ACN+H; M+CH3OH+H; M+H; M+K; M+NH4; M+Na","[6475]; [6457, 6474, 6475]; [6427, 6441]; [6475]; [6475]; [6475]; [6427]; [6457, 6474, 6475]; [6457]; [6427, 6441]; [6475]","false","filtered"
"1339","1288","6484","660.1798","2.956","155.3","4","4_4_F1","2M+NH4; M+CH3OH+H; M+NH4","[6428, 6491]; [6353]; [6428, 6491]","false","filtered"
"1311","1251","6312","468.1639","2.899","533.6","4","4_3_F2","2M+3H2O+2H; 2M+ACN+Na; 2M+Na; M+2Na; M+2Na-H; M+3Na; M+ACN+Na; M+Na","[6193]; [6296]; [6294, 6296]; [6296]; [6296]; [6296]; [6296]; [6294, 6296]","true","keep_rep"
"1312","1246","6294","484.1378","2.894","504.0","4","4_3_F2","2M+K; M+; M+2K-H; M+K","[6182, 6296, 6312]; [6184]; [6296]; [6296, 6312]","false","filtered"
"1313","1247","6296","446.1823","2.894","362.3","4","4_3_F2","2M+ACN+H; 2M+H; M+2H; M+3H; M+ACN+H; M+H; M+K; M+Na","[6312]; [6182, 6294, 6312]; [6312]; [6312]; [6312]; [6294, 6312]; [6294]; [6312]","false","filtered"
"1291","1249","6304","855.3314","2.896","5,109.2","4","4_3_F1","2M+ACN+H; 2M+H; 2M+Na; M+2ACN+H; M+2H; M+2Na-H; M+3H; M+ACN+H; M+ACN+Na; M+H; M+Na","[6314]; [6313, 6314]; [6249]; [6311]; [6314]; [6249]; [6314]; [6314]; [6249]; [6313, 6314]; [6249, 6314]","true","keep_rep"
"1292","1240","6244","412.2192","2.880","2,919.4","4","4_3_F1","2M+NH4; M+H; M+NH4","[6249, 6257]; [6180]; [6182, 6249, 6257]","false","filtered"
"1293","1262","6331","339.1416","2.919","1,893.6","4","4_3_F1","2M+Na; M+3ACN+2H; M+Na","[6348, 6385]; [6323]; [6348, 6385]","false","filtered"
"1294","1244","6335","175.0872","2.888","1,590.9","4","4_3_F1","2M+ACN+H; 2M+H; 2M+NH4; M+2H; M+3H; M+ACN+2H; M+ACN+H; M+H; M+H+K; M+H+Na; M+K; M+NH4; M+Na","[6336]; [6336, 6337]; [6347]; [6232, 6336]; [6336]; [6232]; [6336]; [6232, 6336, 6337]; [6226]; [6232]; [6337]; [6347]; [6336]","false","filtered"
"1295","1252","6313","872.3585","2.899","1,283.3","4","4_3_F1","2M+NH4; M+NH4","[6304, 6314]; [6304, 6314]","false","filtered"
"1296","1257","6336","197.0690","2.908","678.6","4","4_3_F1","2M+ACN+Na; 2M+Na; M+2H; M+2H+Na; M+2Na; M+2Na-H; M+3H; M+3Na; M+ACN+Na; M+H+K; M+H+Na; M+K; M+Na","[6335]; [6335, 6337]; [6322]; [6400]; [6232, 6335, 6398, 6472]; [6335]; [6400]; [6335]; [6335]; [6226, 6438]; [6232, 6472]; [6226, 6438]; [6232, 6335, 6337, 6472]","false","filtered"
"1297","1241","6249","417.1739","2.882","664.9","4","4_3_F1","2M+Na; M+2ACN+2H; M+2H; M+ACN+2H; M+H; M+H+K; M+H+Na; M+Na","[6244, 6257]; [6311]; [6304, 6314]; [6304]; [6181, 6304]; [6206]; [6304, 6322]; [6182, 6244, 6257]","false","filtered"
"1298","1256","6327","369.1176","2.905","623.0","4","4_3_F1","2M+ACN+H; 2M+H; M+; M+2H; M+3H; M+ACN+H; M+ACN+Na; M+H; M+Na","[6338, 6385]; [6338]; [6311]; [6338]; [6338]; [6338]; [6215]; [6338]; [6322, 6338]","false","filtered"
"1299","1264","6215","611.2047","2.921","492.4","4","4_3_F1","2M+H; 2M+Na; M+2Na-H; M+Na","[6327]; [6226, 6438]; [6491]; [6428]","false","filtered"
"1300","1248","6385","355.1164","2.895","408.1","4","4_3_F1","2M+3H2O+2H; 2M+K; M+CH3OH+H; M+H; M+K","[6327, 6338]; [6331, 6348]; [6353]; [6311]; [6331, 6348]","false","filtered"
"1301","1250","6311","387.1425","2.899","403.2","4","4_3_F1","2M+K; M+2ACN+H; M+2H; M+CH3OH+H; M+H+Na; M+K; M+NH4","[6193, 6310]; [6208]; [6304]; [6385]; [6249]; [6310]; [6327]","false","filtered"
"1302","1253","6314","877.3135","2.899","388.4","4","4_3_F1","2M+ACN+Na; 2M+Na; M+2Na; M+2Na-H; M+3Na; M+ACN+Na; M+Na","[6304]; [6304, 6313]; [6304]; [6249, 6304]; [6304]; [6304]; [6304, 6313]","false","filtered"
"1303","1245","6337","213.0425","2.892","329.9","4","4_3_F1","2M+K; M+2H; M+2K-H; M+2Na; M+H+Na; M+K","[6335, 6336]; [6202]; [6335]; [6199]; [6199, 6202]; [6232, 6335, 6336, 6472]","false","filtered"
"1304","1258","6338","391.1005","2.908","240.9","4","4_3_F1","2M+ACN+Na; 2M+Na; M+2Na; M+2Na-H; M+3Na; M+ACN+Na; M+Na","[6327, 6385]; [6327]; [6327]; [6322, 6327]; [6327]; [6327]; [6327]","false","filtered"
"1305","1263","6348","334.1874","2.920","231.2","4","4_3_F1","2M+NH4; M+H; M+NH4","[6331, 6385]; [6310]; [6331, 6385]","false","filtered"
"1306","1242","6322","425.1575","2.885","202.4","4","4_3_F1","2M+K; M+CH3OH+H; M+DMSO+H; M+H+K; M+H+Na; M+K","[6206]; [6336]; [6327, 6338]; [6249]; [6179, 6257]; [6206]","false","filtered"
"1307","1243","6257","433.1481","2.886","195.3","4","4_3_F1","2M+K; M+H+K; M+K","[6244, 6249]; [6179, 6322]; [6182, 6244, 6249]","false","filtered"
"1308","1259","6347","158.0603","2.912","143.0","4","4_3_F1","2M+H; M+2ACN+2H; M+H; M+H+K; M+H+Na; M+NH4","[6335]; [6455]; [6335]; [6226, 6438]; [6232, 6472]; [6423]","false","filtered"
"1309","1254","6323","586.2152","2.903","124.6","4","4_3_F1","2M+NH4; M+2Na-H; M+ACN+Na; M+CH3OH+H; M+NH4","[6325]; [6212]; [6222]; [6331]; [6208, 6325]","false","filtered"
"1310","1255","6325","607.1442","2.903","65.3","4","4_3_F1","2M+H; 2M+K; M+2ACN+H; M+2Na-H; M+ACN+H; M+DMSO+H; M+H; M+IsoProp+H; M+K; M+NH4; M+Na","[6208]; [6323]; [6208]; [6205, 6208]; [6208]; [6400]; [6208]; [6231]; [6208, 6323]; [6208]; [6208]","false","filtered"
"1266","1214","6121","209.1542","2.825","10,969.4","4","4_2_F1","M+2ACN+H; M+ACN+2H; M+NH4","[6091]; [6091]; [6233]","true","keep_rep"
"1267","1218","6180","490.2295","2.843","7,001.0","4","4_2_F1","2M+ACN+Na; 2M+NH4; M+ACN+H; M+ACN+Na; M+DMSO+H; M+NH4","[6227, 6233]; [6181, 6182]; [6233]; [6233]; [6042, 6070, 6125, 6244]; [6181, 6182, 6184]","false","filtered"
"1268","1216","6125","411.2005","2.843","6,047.1","4","4_2_F1","2M+ACN+H; 2M+ACN+Na; 2M+Na; M+; M+2Na; M+2Na-H; M+3Na; M+ACN+H; M+ACN+Na; M+DMSO+H; M+Na","[6163]; [6124]; [6124, 6126, 6128]; [6180]; [6124]; [6124]; [6124]; [6163]; [6124]; [6225, 6226, 6232]; [6124, 6126, 6128]","false","filtered"
"1269","1227","6193","238.1078","2.856","2,955.4","4","4_2_F1","2M+ACN+H; 2M+H; M+2H; M+3H; M+ACN+H; M+ACN+Na; M+H; M+K; M+NH4; M+Na","[6191]; [6191, 6194]; [6191]; [6191]; [6191]; [6310, 6311]; [6191, 6194]; [6194]; [6312]; [6191]","false","filtered"
"1270","1238","6226","355.1737","2.873","2,243.2","4","4_2_F1","2M+K; 2M+Na; M+2Na-H; M+DMSO+H; M+H; M+IsoProp+H; M+IsoProp+Na+H; M+Na","[6336]; [6225, 6232]; [6335]; [6347]; [6163, 6336]; [6215, 6222]; [6222]; [6125, 6225, 6232]","false","filtered"
"1271","1232","6225","350.2180","2.867","2,236.5","4","4_2_F1","2M+NH4; M+ACN+H; M+NH4","[6226, 6232]; [6163]; [6125, 6226, 6232]","false","filtered"
"1272","1220","6182","473.2027","2.846","1,848.6","4","4_2_F1","2M+3H2O+2H; 2M+ACN+H; 2M+H; M+2H; M+3H; M+ACN+H; M+ACN+Na; M+DMSO+H; M+H; M+Na","[6294, 6296]; [6181]; [6180, 6181]; [6181]; [6181]; [6181]; [6206]; [6042, 6043, 6044, 6244, 6249, 6257]; [6180, 6181, 6184]; [6181]","false","filtered"
"1273","1219","6181","495.1850","2.843","1,524.7","4","4_2_F1","2M+ACN+H; 2M+ACN+Na; 2M+H; 2M+Na; M+2H; M+2Na; M+2Na-H; M+3H; M+3Na; M+ACN+H; M+ACN+Na; M+DMSO+H; M+H; M+Na","[6184]; [6182]; [6184]; [6180, 6182]; [6184]; [6182]; [6182]; [6184]; [6182]; [6184, 6233]; [6182]; [6043, 6070, 6249]; [6184]; [6180, 6182, 6184]","false","filtered"
"1274","1235","6205","282.0983","2.869","1,520.0","4","4_2_F1","2M+ACN+H; 2M+H; M+2H; M+3H; M+ACN+H; M+H; M+H+K; M+Na","[6208]; [6208]; [6208, 6325]; [6208]; [6208]; [6208]; [6211, 6212]; [6208]","false","filtered"
"1275","1223","6191","260.0899","2.848","1,339.7","4","4_2_F1","2M+ACN+H; 2M+ACN+Na; 2M+Na; M+2Na; M+2Na-H; M+3Na; M+ACN+H; M+ACN+Na; M+Na","[6233]; [6193]; [6193, 6194]; [6193]; [6193]; [6193]; [6233]; [6193]; [6193, 6194]","false","filtered"
"1276","1222","6206","409.1849","2.846","1,288.9","4","4_2_F1","2M+ACN+Na; 2M+Na; M+; M+2Na; M+2Na-H; M+3Na; M+ACN+Na; M+H+Na; M+Na","[6163]; [6163, 6217, 6322]; [6182]; [6163]; [6128, 6163]; [6163]; [6128, 6163]; [6249]; [6163, 6217, 6322]","false","filtered"
"1277","1239","6232","371.1475","2.873","1,178.7","4","4_2_F1","2M+H; 2M+K; 2M+Na; M+2Na-H; M+ACN+Na; M+DMSO+H; M+H; M+K; M+Na","[6202]; [6225, 6226]; [6335, 6336, 6337]; [6335]; [6335]; [6347]; [6336]; [6125, 6225, 6226]; [6335, 6336]","false","filtered"
"1278","1226","6199","202.0537","2.854","718.6","4","4_2_F1","2M+ACN+H; 2M+H; M+2H; M+3H; M+ACN+H; M+H; M+H+Na; M+Na","[6202]; [6202]; [6202, 6337]; [6202]; [6202]; [6202]; [6337]; [6202]","false","filtered"
"1279","1215","6163","387.2021","2.834","666.8","4","4_2_F1","2M+ACN+H; 2M+H; 2M+NH4; 2M+Na; M+2H; M+2Na; M+2Na-H; M+3H; M+ACN+H; M+ACN+Na; M+CH3OH+H; M+DMSO+H; M+H; M+K; M+NH4; M+Na","[6206]; [6206, 6217]; [6125]; [6128]; [6206]; [6128]; [6128]; [6206]; [6206]; [6128]; [6226]; [6225]; [6206, 6217]; [6217]; [6125]; [6128, 6206]","false","filtered"
"1280","1230","6212","542.2608","2.862","571.9","4","4_2_F1","2M+NH4; M+H; M+NH4","[6211]; [6323]; [6205, 6211]","false","filtered"
"1281","1224","6194","276.0638","2.848","458.5","4","4_2_F1","2M+K; M+2K-H; M+K","[6191, 6193]; [6193]; [6191, 6193]","false","filtered"
"1282","1231","6222","606.2564","2.866","337.4","4","4_2_F1","2M+ACN+Na; 2M+NH4; M+IsoProp+Na+H","[6226]; [6226]; [6323]","false","filtered"
"1283","1233","6227","258.0743","2.868","312.0","4","4_2_F1","2M+ACN+Na; 2M+Na; M+2Na; M+2Na-H; M+3Na; M+ACN+Na; M+Na","[6233]; [6231, 6233]; [6233]; [6180, 6233]; [6233]; [6233]; [6231, 6233]","false","filtered"
"1284","1237","6310","366.2122","2.872","274.1","4","4_2_F1","2M+NH4; M+CH3OH+H; M+NH4","[6193, 6311]; [6348]; [6311]","false","filtered"
"1285","1221","6184","517.1677","2.846","267.5","4","4_2_F1","2M+ACN+Na; 2M+Na; M+2Na; M+2Na-H; M+3Na; M+ACN+Na; M+CH3OH+H; M+Na","[6181]; [6181]; [6181]; [6180, 6181, 6182]; [6181]; [6181, 6233]; [6294]; [6181]","false","filtered"
"1286","1229","6211","547.2150","2.861","259.3","4","4_2_F1","2M+Na; M+Na","[6212]; [6205, 6212]","false","filtered"
"1287","1236","6233","236.0918","2.870","238.7","4","4_2_F1","2M+ACN+H; 2M+H; 2M+NH4; M+2H; M+2Na; M+2Na-H; M+3H; M+ACN+H; M+H; M+H+NH4; M+H+Na; M+K; M+NH4; M+Na","[6227]; [6227, 6231]; [6191]; [6227]; [6180]; [6121]; [6227]; [6227]; [6227, 6231]; [6181, 6184]; [6180]; [6231]; [6191]; [6180, 6227]","false","filtered"
"1288","1234","6231","274.0481","2.869","164.3","4","4_2_F1","2M+K; M+2H; M+2K-H; M+H+Na; M+K","[6227, 6233]; [6325]; [6233]; [6208]; [6227, 6233]","false","filtered"
"1289","1228","6208","304.0798","2.858","136.6","4","4_2_F1","2M+ACN+Na; 2M+Na; M+; M+2ACN+2H; M+2H; M+2Na; M+2Na-H; M+3Na; M+ACN+2H; M+ACN+Na; M+H; M+H+K; M+H+NH4; M+H+Na; M+Na","[6205]; [6205]; [6311]; [6231, 6325]; [6325]; [6205, 6325]; [6205]; [6205]; [6325]; [6205]; [6325]; [6323, 6325]; [6325]; [6325]; [6205]","false","filtered"
"1290","1225","6202","224.0355","2.851","74.0","4","4_2_F1","2M+ACN+Na; 2M+Na; M+2Na; M+2Na-H; M+3Na; M+ACN+Na; M+H+Na; M+K; M+Na","[6199]; [6199]; [6199, 6337]; [6199]; [6199]; [6199]; [6337]; [6232]; [6199]","false","filtered"
"1257","1204","6042","412.2196","2.796","7,810.1","4","4_1_F1","2M+ACN+H; 2M+H; 2M+NH4; M+2H; M+3H; M+ACN+H; M+H; M+NH4; M+Na","[6070]; [6070]; [6043, 6044]; [6070]; [6070]; [6070]; [6070, 6180]; [6043, 6044, 6182]; [6070]","true","keep_rep"
"1258","1211","6124","389.2177","2.810","4,645.4","4","4_1_F1","2M+ACN+H; 2M+H; M+2H; M+3H; M+ACN+H; M+H; M+K; M+Na","[6125]; [6125, 6126, 6128]; [6125]; [6125]; [6125]; [6125, 6126, 6128]; [6126]; [6125]","false","filtered"
"1259","1197","6025","409.1836","2.777","3,308.9","4","4_1_F1","2M+Na; M+2Na-H; M+H+Na; M+Na","[6217]; [6128]; [6043]; [6217]","false","filtered"
"1260","1212","6126","427.1737","2.810","1,865.0","4","4_1_F1","2M+K; M+2K-H; M+K","[6124, 6125, 6128]; [6124]; [6124, 6125, 6128]","false","filtered"
"1261","1207","6217","425.1582","2.797","1,490.0","4","4_1_F1","2M+K; M+2K-H; M+H+K; M+H+Na; M+K","[6025, 6163, 6206]; [6163]; [6043]; [6007, 6044, 6179]; [6025, 6163, 6206]","false","filtered"
"1262","1205","6043","417.1739","2.796","1,222.2","4","4_1_F1","2M+H; 2M+Na; M+H; M+H+K; M+H+Na; M+Na","[6070]; [6042, 6044]; [6070, 6181]; [6025]; [6217]; [6042, 6044, 6182]","false","filtered"
"1263","1208","6070","434.2031","2.800","891.9","4","4_1_F1","2M+ACN+Na; 2M+NH4; 2M+Na; M+2Na; M+2Na-H; M+3Na; M+ACN+Na; M+NH4; M+Na","[6042]; [6043]; [6042]; [6042]; [6042]; [6042]; [6042]; [6043, 6181]; [6042, 6180]","false","filtered"
"1264","1213","6128","406.2444","2.812","801.2","4","4_1_F1","2M+ACN+H; 2M+NH4; M+2ACN+2H; M+2ACN+H; M+ACN+H; M+ACN+Na; M+IsoProp+H; M+NH4","[6163]; [6124, 6125, 6126]; [6163]; [6163]; [6025, 6163, 6206]; [6163]; [6206]; [6124, 6125, 6126]","false","filtered"
"1265","1206","6044","433.1478","2.796","489.5","4","4_1_F1","2M+K; M+H+K; M+K","[6042, 6043]; [6007, 6179, 6217]; [6042, 6043, 6182]","false","filtered"
"1340","1286","6455","465.1037","2.956","4,930.3","4","","2M+H","[6347]","false","kept (no corr-family)"
"1341","1201","6091","126.0919","2.793","4,841.6","4","","M+; M+3H","[6121]; [6121]","false","kept (no corr-family)"
"1342","1265","6405","411.2006","2.926","1,553.4","4","","2M+Na; M+DMSO+H; M+Na","[6398]; [6411, 6438, 6472]; [6398]","false","kept (no corr-family)"
"1343","1217","6179","455.1922","2.843","627.1","4","","2M+3H2O+2H; 2M+ACN+H; 2M+ACN+Na; 2M+H; 2M+K; 2M+NH4; 2M+Na; M+; M+2ACN+2H; M+2ACN+H; M+2H; M+2H+Na; M+2K-H; M+2Na; M+2Na-H; M+3ACN+2H; M+3H; M+3Na; M+ACN+2H; M+ACN+H; M+ACN+Na; M+CH3OH+H; M+DMSO+H; M+H; M+H+2Na; M+H+K; M+H+NH4; M+H+Na; M+IsoProp+H; M+IsoProp+Na+H; M+K; M+NH4; M+Na","[6007]; [6007]; [6007]; [6007]; [6007]; [6007]; [6007]; [6007]; [6007, 6044, 6217, 6257, 6322]; [6007]; [6007]; [6007]; [6007]; [6007]; [6007]; [6007]; [6007]; [6007]; [6007]; [6007]; [6007]; [6007]; [6007]; [6007]; [6007]; [6007]; [6007]; [6007]; [6007]; [6007]; [6007]; [6007]; [6007]","false","kept (no corr-family)"
"1344","1198","6024","519.1991","2.781","544.4","4","","M+ACN+Na","[6007]","false","kept (no corr-family)"
"1345","1203","6007","455.1910","2.796","259.3","4","","2M+3H2O+2H; 2M+ACN+H; 2M+ACN+Na; 2M+H; 2M+K; 2M+NH4; 2M+Na; M+; M+2ACN+2H; M+2ACN+H; M+2H; M+2H+Na; M+2K-H; M+2Na; M+2Na-H; M+3ACN+2H; M+3H; M+3Na; M+ACN+2H; M+ACN+H; M+ACN+Na; M+CH3OH+H; M+DMSO+H; M+H; M+H+2Na; M+H+K; M+H+NH4; M+H+Na; M+IsoProp+H; M+IsoProp+Na+H; M+K; M+NH4; M+Na","[6179]; [6179]; [6179]; [6179]; [6179]; [6179]; [6005, 6179]; [6024, 6179]; [6044, 6179, 6217]; [6179]; [6179]; [6179]; [6179]; [6179]; [6179]; [6179]; [6179]; [6179]; [6179]; [6179]; [6179]; [6179]; [6179]; [6179]; [6179]; [6179]; [6179]; [6179]; [6179]; [6179]; [6179]; [6179]; [6005, 6179]","false","kept (no corr-family)"
"1346","1196","6005","450.2343","2.766","145.9","4","","2M+NH4; M+NH4","[6007]; [6007]","false","kept (no corr-family)"
"1247","589","3039","268.1046","1.217","74,219.3","3","3_8_F1","2M+ACN+H; 2M+H; M+2H; M+3H; M+ACN+H; M+H; M+Na","[3022]; [3022]; [3022]; [3022]; [3022]; [3022]; [3022]","true","keep_rep"
"1248","585","3022","290.0864","1.183","4,281.4","3","3_8_F1","2M+ACN+Na; 2M+Na; M+2Na; M+2Na-H; M+3Na; M+ACN+Na; M+H; M+Na","[3039]; [3039]; [3039]; [3039]; [3039]; [3039]; [3006]; [3039]","false","filtered"
"1242","584","3033","151.0757","1.162","10,074.2","3","3_7_F1","2M+H; M+H; M+NH4","[3021]; [3021]; [3006]","true","keep_rep"
"1243","581","3000","273.0948","1.144","3,344.1","3","3_7_F1","2M+Na; M+Na","[2980, 3006]; [3006]","false","filtered"
"1244","583","3021","168.1026","1.153","3,330.1","3","3_7_F1","2M+NH4; M+NH4","[3033]; [3033]","false","filtered"
"1245","580","2980","158.0817","1.113","1,736.5","3","3_7_F1","M+3ACN+2H; M+CH3OH+H","[2950, 2952]; [3000, 3006]","false","filtered"
"1246","582","3006","289.0688","1.148","988.9","3","3_7_F1","2M+K; 2M+Na; M+; M+K","[2980, 3000]; [3033]; [3022]; [3000]","false","filtered"
"1227","576","2951","388.1243","1.099","8,385.0","3","3_6_F1","2M+NH4; M+DMSO+H; M+NH4","[2937]; [2942]; [2937]","true","keep_rep"
"1228","575","2950","383.1454","1.099","6,068.5","3","3_6_F1","2M+ACN+H; 2M+H; 2M+Na; M+2H; M+2Na-H; M+3H; M+ACN+H; M+H; M+Na","[2952]; [2952, 2980]; [2946]; [2952]; [2938]; [2952]; [2952]; [2952]; [2946, 2952]","false","filtered"
"1229","564","2897","346.1136","1.061","4,325.0","3","3_6_F1","2M+ACN+H; 2M+H; M+2H; M+3H; M+ACN+H; M+CH3OH+H; M+H; M+Na","[2906]; [2906]; [2906]; [2906]; [2906]; [2820, 2824]; [2906]; [2906]","false","filtered"
"1230","572","2944","390.1402","1.095","2,980.7","3","3_6_F1","2M+NH4; M+2ACN+2H; M+ACN+H; M+DMSO+H; M+NH4","[2921, 2942]; [2906]; [2937]; [2948]; [2921, 2942]","false","filtered"
"1231","567","2925","355.1026","1.082","2,625.9","3","3_6_F1","M+ACN+Na; M+CH3OH+H; M+IsoProp+Na+H","[2879]; [2952]; [2964]","false","filtered"
"1232","573","2948","394.1715","1.097","2,300.9","3","3_6_F1","2M+NH4; M+2ACN+H; M+NH4","[2938, 2946]; [2944]; [2938, 2946]","false","filtered"
"1233","569","2946","399.1268","1.091","1,982.7","3","3_6_F1","2M+K; 2M+Na; M+2ACN+H; M+K; M+Na","[2950]; [2938, 2948]; [2921]; [2950, 2952]; [2938, 2948]","false","filtered"
"1234","570","2937","393.0799","1.091","1,316.8","3","3_6_F1","2M+Na; M+2Na-H; M+Na","[2951]; [2944]; [2951]","false","filtered"
"1235","566","2921","395.0955","1.079","1,246.4","3","3_6_F1","2M+ACN+Na; 2M+Na; M+2Na; M+2Na-H; M+3Na; M+ACN+Na; M+DMSO+H; M+Na","[2942]; [2942, 2944]; [2942]; [2942]; [2942]; [2942]; [2946]; [2942, 2944]","false","filtered"
"1236","571","2938","415.1006","1.091","803.3","3","3_6_F1","2M+K; M+2K-H; M+DMSO+H; M+K","[2946, 2948]; [2950]; [2894]; [2946, 2948]","false","filtered"
"1237","563","2894","188.0299","1.061","750.1","3","3_6_F1","2M+ACN+Na; 2M+Na; M+2Na; M+2Na-H; M+3Na; M+ACN+Na; M+H+K; M+Na","[2884]; [2884]; [2884]; [2871, 2884, 2888]; [2884]; [2884]; [2938]; [2884, 2964]","false","filtered"
"1238","578","2952","405.1273","1.101","605.6","3","3_6_F1","2M+ACN+Na; 2M+Na; M+2ACN+H; M+2Na; M+2Na-H; M+3Na; M+ACN+Na; M+Na","[2950]; [2950, 2980]; [2925]; [2950]; [2946, 2950]; [2950]; [2950]; [2950]","false","filtered"
"1239","579","2964","198.0746","1.110","476.3","3","3_6_F1","M+3ACN+2H; M+CH3OH+H","[2925]; [2894]","false","filtered"
"1240","565","2906","368.0959","1.070","404.8","3","3_6_F1","2M+ACN+Na; 2M+Na; M+2Na; M+2Na-H; M+3Na; M+ACN+Na; M+H+K; M+Na","[2897]; [2897]; [2897]; [2897]; [2897]; [2897]; [2944]; [2897]","false","filtered"
"1241","577","2942","373.1135","1.101","124.9","3","3_6_F1","2M+ACN+H; 2M+H; M+2H; M+3H; M+ACN+H; M+ACN+Na; M+H; M+IsoProp+Na+H; M+Na","[2921]; [2921, 2944]; [2921]; [2921]; [2921]; [2951]; [2921, 2944]; [2884]; [2921]","false","filtered"
"1224","552","2820","314.0922","1.012","10,935.3","3","3_5_F4","2M+ACN+H; 2M+H; M+2H; M+3H; M+ACN+H; M+H; M+K; M+Na","[2815]; [2815, 2824]; [2815]; [2815]; [2815]; [2815, 2824, 2897]; [2824]; [2815]","true","keep_rep"
"1225","551","2815","336.0743","1.010","2,604.2","3","3_5_F4","2M+ACN+H; 2M+ACN+Na; 2M+Na; M+2Na; M+2Na-H; M+3Na; M+ACN+Na; M+Na","[2792]; [2820]; [2820, 2824]; [2820]; [2820]; [2820]; [2820]; [2820, 2824]","false","filtered"
"1226","555","2824","352.0482","1.018","717.8","3","3_5_F4","2M+K; M+2K-H; M+DMSO+H; M+K","[2815, 2820]; [2820]; [2757]; [2815, 2820, 2897]","false","filtered"
"1222","554","2819","289.0914","1.017","1,491.8","3","3_5_F3","2M+H; 2M+Na; M+ACN+H; M+H; M+IsoProp+H; M+Na","[2736]; [2814]; [2736]; [2736]; [2753]; [2814]","true","keep_rep"
"1223","553","2814","284.1345","1.015","1,055.1","3","3_5_F3","2M+NH4; M+NH4","[2819]; [2819]","false","filtered"
"1219","560","2893","275.1105","1.059","29,870.3","3","3_5_F2","2M+ACN+Na; 2M+H; 2M+Na; M+2Na; M+2Na-H; M+3Na; M+ACN+Na; M+Na","[2862]; [2871]; [2862, 2879, 2892]; [2862]; [2862]; [2862]; [2862]; [2862, 2879, 2892]","true","keep_rep"
"1220","557","2879","291.0844","1.054","12,098.1","3","3_5_F2","2M+K; M+; M+2K-H; M+K","[2862, 2892, 2893]; [2925]; [2862]; [2862, 2892, 2893]","false","filtered"
"1221","561","2862","253.1292","1.060","5,000.9","3","3_5_F2","2M+ACN+H; 2M+H; M+2H; M+3H; M+ACN+H; M+H; M+K; M+Na","[2893]; [2879, 2892, 2893]; [2893]; [2893]; [2893]; [2879, 2892, 2893]; [2879]; [2893]","false","filtered"
"1217","558","2888","144.0659","1.055","95,488.1","3","3_5_F1","2M+ACN+H; 2M+H; M+2H; M+3H; M+ACN+H; M+H; M+IsoProp+H; M+IsoProp+Na+H; M+K; M+Na","[2884]; [2871, 2884]; [2884]; [2884]; [2884]; [2871, 2884, 2894]; [2932]; [2932]; [2871]; [2884]","true","keep_rep"
"1218","559","2884","166.0478","1.057","3,549.6","3","3_5_F1","2M+ACN+H; 2M+ACN+Na; 2M+H; 2M+Na; M+2H; M+2Na; M+2Na-H; M+3H; M+3Na; M+ACN+2H; M+ACN+H; M+ACN+Na; M+H; M+IsoProp+Na+H; M+Na","[2894]; [2888]; [2894]; [2871, 2888]; [2894]; [2888]; [2888]; [2894]; [2888]; [2942]; [2894]; [2888]; [2894]; [2871]; [2871, 2888, 2894]","false","filtered"
"1210","538","2700","229.1548","0.950","10,646.5","3","3_4_F2","M+; M+H+2Na","[2790]; [2638]","true","keep_rep"
"1211","546","2757","291.0703","0.978","3,271.3","3","3_4_F2","2M+ACN+Na; 2M+Na; M+2Na; M+2Na-H; M+3Na; M+ACN+Na; M+CH3OH+H; M+NH4; M+Na","[2764]; [2753, 2764, 2829]; [2764]; [2764]; [2764]; [2764, 2790]; [2792]; [2824]; [2753, 2764]","false","filtered"
"1212","545","2753","307.0444","0.974","2,283.9","3","3_4_F2","2M+K; M+2K-H; M+ACN+Na; M+DMSO+H; M+K","[2757, 2764, 2829]; [2764]; [2792]; [2819]; [2757, 2764]","false","filtered"
"1213","548","2787","284.0994","0.994","1,329.3","3","3_4_F2","2M+ACN+H; 2M+H; M+2H; M+3H; M+ACN+H; M+DMSO+H; M+H; M+K; M+Na","[2790]; [2790, 2792]; [2790]; [2790]; [2790]; [2764]; [2790, 2792]; [2792]; [2790]","false","filtered"
"1214","547","2764","269.0885","0.982","1,219.3","3","3_4_F2","2M+ACN+H; 2M+H; M+2H; M+3H; M+ACN+H; M+ACN+Na; M+H; M+K; M+Na","[2757]; [2753, 2757, 2829]; [2757]; [2757]; [2757, 2790]; [2787]; [2753, 2757]; [2753]; [2757]","false","filtered"
"1215","549","2790","306.0814","0.996","716.3","3","3_4_F2","2M+ACN+Na; 2M+Na; M+2K-H; M+2Na; M+2Na-H; M+3Na; M+ACN+Na; M+DMSO+H; M+Na","[2787]; [2787, 2792]; [2700]; [2787]; [2787]; [2787]; [2787]; [2757, 2764]; [2787, 2792]","false","filtered"
"1216","550","2792","322.0552","0.998","335.5","3","3_4_F2","2M+3H2O+2H; 2M+K; M+2K-H; M+ACN+Na; M+DMSO+H; M+K","[2815]; [2787, 2790]; [2787]; [2757]; [2753]; [2787, 2790]","false","filtered"
"1204","539","2651","123.0558","0.956","84,337.3","3","3_4_F1","M+CH3OH+H","[2737]","true","keep_rep"
"1205","541","2736","186.0765","0.968","6,766.3","3","3_4_F1","2M+ACN+H; 2M+H; M+2ACN+2H; M+2H; M+2Na-H; M+3ACN+2H; M+3H; M+ACN+H; M+DMSO+H; M+H; M+Na","[2737]; [2737]; [2819]; [2737]; [2746]; [2819]; [2737]; [2737, 2819]; [2697]; [2737]; [2737]","false","filtered"
"1206","542","2762","137.0469","0.972","5,461.8","3","3_4_F1","M+2ACN+2H; M+2H; M+2Na; M+2Na-H; M+ACN+2H; M+ACN+H; M+H; M+H+Na; M+Na","[2737]; [2749]; [2748]; [2746]; [2749]; [2737]; [2692, 2749]; [2748, 2749]; [2748]","false","filtered"
"1207","543","2748","292.1394","0.972","1,373.7","3","3_4_F1","2M+ACN+H; 2M+ACN+Na; 2M+H; M+2H; M+3H; M+ACN+H; M+ACN+Na; M+CH3OH+H; M+H; M+Na","[2697, 2749]; [2762]; [2749]; [2749]; [2749]; [2749, 2762]; [2762]; [2691]; [2749]; [2749]","false","filtered"
"1208","540","2737","208.0583","0.966","1,155.1","3","3_4_F1","2M+3H2O+2H; 2M+ACN+Na; 2M+NH4; 2M+Na; M+2Na; M+2Na-H; M+3Na; M+ACN+Na; M+DMSO+H; M+NH4; M+Na","[2651]; [2736]; [2762]; [2736]; [2736]; [2736]; [2736]; [2736]; [2692]; [2762]; [2736]","false","filtered"
"1209","544","2749","314.1210","0.972","698.2","3","3_4_F1","2M+ACN+H; 2M+ACN+Na; 2M+Na; M+2ACN+H; M+2Na; M+2Na-H; M+3Na; M+ACN+H; M+ACN+Na; M+Na","[2692, 2762]; [2697, 2748]; [2748]; [2762]; [2748]; [2748]; [2748]; [2762]; [2748, 2762]; [2748]","false","filtered"
"1187","517","2591","221.0924","0.886","5,023.8","3","3_3_F1","2M+ACN+H; 2M+ACN+Na; 2M+H; 2M+NH4; 2M+Na; M+; M+2ACN+2H; M+2ACN+H; M+2H; M+3ACN+2H; M+3H; M+3Na; M+ACN+H; M+ACN+Na; M+DMSO+H; M+H; M+IsoProp+Na+H; M+NH4; M+Na","[2524, 2576]; [2516, 2517, 2524]; [2576]; [2470]; [2476]; [2692]; [2524]; [2524]; [2576]; [2524]; [2576]; [2678]; [2524, 2576]; [2516, 2517, 2524]; [2476]; [2576]; [2577, 2640]; [2566]; [2576]","true","keep_rep"
"1188","533","2692","300.1058","0.933","4,699.4","3","3_3_F1","2M+3H2O+2H; 2M+ACN+H; 2M+ACN+Na; 2M+Na; M+2Na; M+2Na-H; M+3Na; M+ACN+Na; M+DMSO+H; M+Na","[2596, 2749, 2762]; [2737]; [2697]; [2693, 2697]; [2697]; [2697]; [2697]; [2697]; [2591]; [2693, 2697]","false","filtered"
"1189","529","2640","316.1007","0.914","3,006.0","3","3_3_F1","2M+ACN+H; 2M+ACN+Na; 2M+Na; M+2ACN+2H; M+2ACN+H; M+2Na; M+2Na-H; M+3ACN+2H; M+3Na; M+ACN+H; M+ACN+Na; M+DMSO+H; M+IsoProp+Na+H; M+Na","[2577, 2591]; [2577, 2579, 2639]; [2638, 2639]; [2577]; [2577]; [2639]; [2639]; [2577]; [2639]; [2577]; [2577, 2579, 2639]; [2575]; [2593]; [2638, 2639]","false","filtered"
"1190","520","2597","402.1613","0.888","2,191.9","3","3_3_F1","2M+3H2O+2H; 2M+ACN+H; 2M+ACN+Na; 2M+NH4; M+IsoProp+H; M+NH4","[2536]; [2524]; [2552]; [2552, 2566, 2567]; [2524]; [2566, 2567]","false","filtered"
"1191","519","2596","273.0949","0.888","1,910.5","3","3_3_F1","2M+H; 2M+Na; M+2Na-H; M+DMSO+H; M+H; M+IsoProp+H; M+Na","[2692]; [2516, 2578, 2697]; [2590]; [2697]; [2565]; [2579]; [2578]","false","filtered"
"1192","534","2693","316.0799","0.933","1,641.5","3","3_3_F1","2M+3H2O+2H; 2M+K; M+2K-H; M+H+NH4; M+K","[2578]; [2692, 2697]; [2697]; [2633]; [2692, 2697]","false","filtered"
"1193","525","2633","369.1161","0.910","1,293.3","3","3_3_F1","2M+Na; M+3ACN+2H; M+Na","[2632, 2643]; [2693]; [2632, 2643]","false","filtered"
"1194","527","2638","332.0747","0.912","1,219.4","3","3_3_F1","2M+ACN+H; 2M+ACN+Na; 2M+K; M+2ACN+2H; M+2ACN+H; M+2K-H; M+3ACN+2H; M+ACN+H; M+ACN+Na; M+DMSO+H; M+H+Na; M+K","[2579]; [2579]; [2639, 2640]; [2579]; [2579]; [2639]; [2579]; [2579]; [2575, 2579]; [2565]; [2700]; [2639, 2640]","false","filtered"
"1195","524","2632","364.1606","0.910","847.3","3","3_3_F1","2M+NH4; M+CH3OH+H; M+NH4","[2633, 2643]; [2606]; [2633, 2643]","false","filtered"
"1196","522","2606","175.0869","0.892","656.6","3","3_3_F1","2M+NH4; M+; M+ACN+H; M+DMSO+H; M+H+NH4; M+IsoProp+H; M+NH4","[2593]; [2562, 2573]; [2639]; [2540]; [2632]; [2562]; [2593]","false","filtered"
"1197","530","2643","385.0900","0.916","540.9","3","3_3_F1","2M+K; M+K","[2632, 2633]; [2632, 2633]","false","filtered"
"1198","523","2590","270.1553","0.897","504.1","3","3_3_F1","2M+3H2O+2H; 2M+NH4; M+ACN+H; M+CH3OH+H; M+NH4","[2539]; [2519, 2532, 2552, 2564, 2580]; [2596]; [2532]; [2519, 2532, 2552, 2564, 2580]","false","filtered"
"1199","528","2639","294.1198","0.914","446.2","3","3_3_F1","2M+3H2O+2H; 2M+ACN+H; 2M+H; M+2ACN+2H; M+2ACN+H; M+2H; M+3H; M+ACN+H; M+ACN+Na; M+H; M+K; M+Na","[2606]; [2577, 2579, 2640]; [2638, 2640]; [2577]; [2577]; [2640]; [2640]; [2577, 2579, 2640]; [2577]; [2638, 2640]; [2638]; [2640]","false","filtered"
"1200","526","2552","253.1292","0.911","407.3","3","3_3_F1","2M+ACN+H; 2M+H; M+; M+2H; M+3H; M+ACN+H; M+H; M+IsoProp+H; M+IsoProp+Na+H; M+K; M+Na","[2564]; [2532, 2564, 2580, 2590]; [2678]; [2564]; [2564]; [2564]; [2532, 2564, 2580, 2590]; [2566, 2567, 2597]; [2597]; [2580]; [2564]","false","filtered"
"1201","532","2691","277.1480","0.933","340.5","3","3_3_F1","2M+K; M+H; M+NH4","[2593]; [2593]; [2748]","false","filtered"
"1202","535","2697","278.1239","0.935","321.1","3","3_3_F1","2M+3H2O+2H; 2M+ACN+H; 2M+ACN+Na; 2M+H; M+2H; M+3H; M+ACN+H; M+H; M+IsoProp+Na+H; M+K; M+Na","[2596, 2748, 2749]; [2692]; [2736]; [2692, 2693]; [2692]; [2692]; [2692]; [2692, 2693]; [2596]; [2693]; [2692]","false","filtered"
"1203","518","2593","158.0604","0.888","109.7","3","3_3_F1","2M+H; M+; M+2ACN+2H; M+2ACN+H; M+3ACN+2H; M+ACN+H; M+DMSO+H; M+H; M+H+K; M+IsoProp+H; M+K","[2606]; [2539, 2573]; [2489, 2640]; [2554]; [2554, 2577]; [2489]; [2539]; [2606]; [2518, 2691]; [2524]; [2691]","false","filtered"
"1151","502","2438","132.1024","0.873","349,209.9","3","3_2_F1","2M+H; M+2H; M+3H; M+ACN+H; M+H; M+H+Na; M+Na","[2439]; [2439]; [2439]; [2439]; [2439, 2487]; [2536]; [2439]","true","keep_rep"
"1152","496","2519","294.1550","0.860","14,227.9","3","3_2_F1","2M+3H2O+2H; 2M+ACN+H; 2M+H; M+; M+2ACN+2H; M+2ACN+H; M+2H; M+3H; M+ACN+H; M+ACN+Na; M+CH3OH+H; M+H; M+IsoProp+H; M+K; M+NH4; M+Na","[2414]; [2532, 2564, 2580, 2590]; [2523, 2532]; [2678]; [2564]; [2368, 2564]; [2532]; [2532]; [2532, 2564, 2580, 2590]; [2564]; [2111]; [2523, 2532]; [2678]; [2523]; [2426]; [2532]","false","filtered"
"1153","504","2573","176.0922","0.874","9,173.7","3","3_2_F1","2M+3H2O+2H; 2M+ACN+H; 2M+H; 2M+NH4; M+2H; M+3H; M+ACN+H; M+CH3OH+H; M+H; M+H+NH4; M+NH4; M+Na","[2389]; [2562]; [2562]; [2539]; [2562]; [2562]; [2562]; [2476]; [2562, 2606]; [2368]; [2539, 2593]; [2562]","false","filtered"
"1154","505","2564","275.1104","0.880","7,062.7","3","3_2_F1","2M+ACN+Na; 2M+H; 2M+Na; M+; M+2ACN+2H; M+2ACN+H; M+2H; M+2Na; M+2Na-H; M+3Na; M+ACN+2H; M+ACN+H; M+ACN+Na; M+CH3OH+H; M+H; M+Na","[2552]; [2532]; [2519, 2532, 2552, 2580, 2590]; [2678]; [2425]; [2554]; [2532]; [2519, 2552]; [2519, 2552]; [2552]; [2532]; [2532, 2678]; [2519, 2552]; [2576]; [2532]; [2519, 2532, 2552, 2580, 2590]","false","filtered"
"1155","485","2487","176.0661","0.844","6,432.5","3","3_2_F1","2M+3H2O+2H; 2M+ACN+H; 2M+ACN+Na; 2M+H; 2M+K; 2M+NH4; 2M+Na; M+; M+2ACN+2H; M+2H+Na; M+2Na; M+2Na-H; M+3ACN+2H; M+3Na; M+ACN+H; M+ACN+Na; M+CH3OH+H; M+DMSO+H; M+H; M+H+Na; M+K; M+NH4; M+Na","[2394]; [2309]; [2439]; [2602]; [2126]; [2148, 2304]; [2439, 2554]; [2299]; [2305, 2575, 2579]; [2102]; [2439, 2536]; [2438, 2439]; [2115, 2215, 2242, 2425, 2579]; [2439]; [2305, 2309, 2579]; [2439]; [2250]; [2227, 2245]; [2245]; [2314, 2367]; [2126, 2384]; [2108, 2565]; [2439, 2554]","false","filtered"
"1156","503","2539","121.0654","0.874","6,092.1","3","3_2_F1","2M+H; M+; M+2ACN+2H; M+3H; M+ACN+H; M+CH3OH+H; M+H","[2540]; [2590]; [2573, 2593, 2676, 2678]; [2602]; [2573, 2593]; [2299]; [2540]","false","filtered"
"1157","482","2470","231.0843","0.837","4,894.2","3","3_2_F1","2M+3H2O+2H; 2M+ACN+Na; 2M+K; 2M+NH4; 2M+Na; M+; M+2ACN+H; M+2Na; M+2Na-H; M+ACN+Na; M+CH3OH+H; M+DMSO+H; M+H; M+IsoProp+H; M+IsoProp+Na+H; M+K; M+NH4; M+Na","[2140, 2318, 2591]; [2416]; [2214, 2244, 2540]; [2283, 2326]; [2159, 2471, 2476]; [2102, 2151, 2369]; [2218, 2250]; [2320]; [2165]; [2322, 2416]; [2326]; [2309, 2416]; [2372]; [2676]; [2140, 2201, 2310, 2524]; [2214, 2244, 2540]; [2326]; [2471, 2476]","false","filtered"
"1158","499","2524","180.0644","0.863","4,354.7","3","3_2_F1","2M+3H2O+2H; 2M+ACN+Na; 2M+H; 2M+NH4; 2M+Na; M+; M+2ACN+H; M+2H; M+2Na; M+2Na-H; M+3ACN+2H; M+3Na; M+ACN+2H; M+ACN+H; M+ACN+Na; M+CH3OH+H; M+DMSO+H; M+H; M+H+NH4; M+IsoProp+H; M+IsoProp+Na+H; M+Na","[2448]; [2516]; [2576, 2591]; [2536]; [2516, 2517, 2591]; [2396, 2597]; [2593]; [2591]; [2516]; [2516]; [2406]; [2516]; [2591]; [2591]; [2516]; [2470]; [2216]; [2414, 2576, 2591]; [2597]; [2221]; [2449, 2645]; [2389, 2516, 2517, 2591]","false","filtered"
"1159","480","2467","329.0844","0.836","3,947.4","3","3_2_F1","2M+3H2O+2H; 2M+K; 2M+Na; M+2ACN+H; M+2Na-H; M+ACN+2H; M+ACN+Na; M+CH3OH+H; M+DMSO+H; M+H+K; M+IsoProp+Na+H; M+Na","[2180]; [2368]; [2280, 2468]; [2118]; [2678]; [2329]; [2190]; [2250]; [2250]; [2426]; [2066]; [2468]","false","filtered"
"1160","516","2562","198.0745","0.884","2,957.6","3","3_2_F1","2M+ACN+Na; 2M+Na; M+2Na; M+2Na-H; M+3ACN+2H; M+3Na; M+ACN+Na; M+IsoProp+Na+H; M+Na","[2573]; [2573]; [2573]; [2573]; [2523]; [2573]; [2573]; [2606]; [2573, 2606]","false","filtered"
"1161","494","2516","158.0818","0.859","2,870.7","3","3_2_F1","2M+ACN+H; 2M+H; 2M+NH4; M+2ACN+2H; M+2H; M+2Na-H; M+3H; M+ACN+H; M+ACN+Na; M+CH3OH+H; M+DMSO+H; M+H; M+H+NH4; M+H+Na; M+K; M+NH4; M+Na","[2524]; [2416, 2517, 2524, 2591]; [2318, 2384, 2536]; [2326]; [2524]; [2309]; [2524]; [2524]; [2282]; [2318, 2578, 2596]; [2216]; [2389, 2517, 2524, 2591]; [2224]; [2394]; [2517]; [2318, 2384]; [2524]","false","filtered"
"1162","481","2468","345.0590","0.836","2,760.2","3","3_2_F1","2M+3H2O+2H; 2M+H; 2M+K; M+2Na-H; M+ACN+Na; M+CH3OH+H; M+DMSO+H; M+H+NH4; M+K","[2183]; [2110]; [2467]; [2575]; [2250]; [2181]; [2181]; [2450]; [2467]","false","filtered"
"1163","491","2439","154.0858","0.853","2,449.8","3","3_2_F1","2M+ACN+H; 2M+H; 2M+NH4; 2M+Na; M+2ACN+H; M+2H; M+2Na; M+2Na-H; M+3H; M+3Na; M+ACN+H; M+ACN+Na; M+H; M+H+NH4; M+H+Na; M+IsoProp+H; M+K; M+NH4; M+Na","[2487]; [2487, 2554]; [2151]; [2438]; [2224]; [2487, 2536]; [2438]; [2438]; [2487]; [2438]; [2487]; [2108, 2438]; [2487, 2554]; [2312]; [2304, 2536]; [2199]; [2554]; [2102, 2151, 2312]; [2438, 2487]","false","filtered"
"1164","515","2580","291.0845","0.884","2,175.9","3","3_2_F1","2M+H; 2M+K; 2M+Na; M+2H; M+2K-H; M+ACN+2H; M+ACN+H; M+H; M+H+NH4; M+K; M+Na","[2523]; [2519, 2532, 2552, 2564, 2590]; [2523]; [2523]; [2552]; [2523]; [2523]; [2523]; [2517]; [2519, 2532, 2552, 2564, 2590]; [2523]","false","filtered"
"1165","486","2488","249.0289","0.844","2,036.3","3","3_2_F1","2M+ACN+H; 2M+ACN+Na; 2M+H; 2M+K; 2M+Na; M+; M+2ACN+2H; M+2ACN+H; M+2H; M+2K-H; M+2Na-H; M+3H; M+ACN+H; M+ACN+Na; M+CH3OH+H; M+DMSO+H; M+H; M+IsoProp+Na+H; M+K; M+Na","[2132, 2142, 2489]; [2676]; [2142, 2489]; [2163, 2314]; [2396, 2554]; [2452]; [2132]; [2132]; [2142, 2489]; [2163]; [2115, 2318, 2322]; [2142, 2489]; [2132, 2142, 2489, 2579]; [2132, 2676]; [2326]; [2676]; [2142, 2489]; [2140]; [2163, 2209, 2645]; [2140, 2142, 2396, 2489]","false","filtered"
"1166","500","2532","316.1371","0.864","1,645.1","3","3_2_F1","2M+ACN+H; 2M+ACN+Na; 2M+NH4; 2M+Na; M+; M+2ACN+2H; M+2ACN+H; M+2Na; M+2Na-H; M+3ACN+2H; M+3Na; M+ACN+H; M+ACN+Na; M+DMSO+H; M+IsoProp+H; M+NH4; M+Na","[2564]; [2519, 2552, 2564, 2580, 2590]; [2384, 2426]; [2519, 2523]; [2678]; [2564]; [2564, 2678]; [2519]; [2519]; [2564]; [2519]; [2406, 2564]; [2519, 2552, 2564, 2580, 2590]; [2590]; [2151, 2406]; [2426]; [2519, 2523]","false","filtered"
"1167","493","2540","138.0918","0.858","1,588.6","3","3_2_F1","2M+3H2O+2H; 2M+NH4; M+; M+2ACN+2H; M+2ACN+H; M+3ACN+2H; M+ACN+H; M+ACN+Na; M+IsoProp+H; M+NH4","[2214]; [2216, 2539]; [2449]; [2214, 2470]; [2214]; [2232]; [2214, 2470, 2606]; [2214]; [2384]; [2539]","false","filtered"
"1168","487","2489","271.0120","0.844","1,554.4","3","3_2_F1","2M+ACN+Na; 2M+H; 2M+K; 2M+NH4; 2M+Na; M+2K-H; M+2Na; M+2Na-H; M+3Na; M+ACN+Na; M+DMSO+H; M+K; M+NH4; M+Na","[2488]; [2289]; [2175, 2209, 2593]; [2301]; [2190, 2488]; [2245]; [2488]; [2140, 2396, 2488]; [2488]; [2488, 2579]; [2372]; [2175, 2209, 2593]; [2301]; [2488]","false","filtered"
"1169","509","2575","301.0898","0.882","1,515.9","3","3_2_F1","2M+Na; M+ACN+Na; M+CH3OH+H; M+H; M+Na","[2565]; [2640]; [2487, 2579, 2638]; [2468]; [2565]","false","filtered"
"1170","507","2566","407.1169","0.880","1,351.1","3","3_2_F1","2M+3H2O+2H; 2M+ACN+H; 2M+ACN+Na; 2M+H; 2M+K; 2M+NH4; 2M+Na; M+; M+2ACN+2H; M+2ACN+H; M+2H; M+2H+Na; M+2K-H; M+2Na; M+2Na-H; M+3ACN+2H; M+3H; M+3Na; M+ACN+2H; M+ACN+H; M+ACN+Na; M+CH3OH+H; M+DMSO+H; M+H; M+H+2Na; M+H+K; M+H+NH4; M+H+Na; M+IsoProp+H; M+IsoProp+Na+H; M+K; M+NH4; M+Na","[2352]; [2352]; [2352]; [2352, 2591]; [2352]; [2352]; [2352, 2552, 2567, 2597]; [2352]; [2352]; [2352]; [2352]; [2352]; [2352]; [2352]; [2352]; [2352]; [2352]; [2352]; [2352]; [2352]; [2352]; [2352]; [2352]; [2352]; [2352]; [2352]; [2352]; [2352]; [2352]; [2352]; [2352]; [2352]; [2352, 2567, 2597]","false","filtered"
"1171","512","2577","275.0743","0.884","1,203.9","3","3_2_F1","2M+H; 2M+Na; M+2H; M+2H+Na; M+2Na; M+2Na-H; M+3H; M+ACN+2H; M+ACN+H; M+ACN+Na; M+H; M+IsoProp+H; M+IsoProp+Na+H; M+Na","[2591, 2640]; [2579, 2639, 2640]; [2640]; [2567]; [2639]; [2639]; [2567]; [2640]; [2640]; [2639]; [2640]; [2501]; [2593]; [2579, 2639, 2640]","false","filtered"
"1172","489","2501","256.0472","0.848","1,052.2","3","3_2_F1","2M+ACN+H; 2M+ACN+Na; 2M+K; 2M+NH4; 2M+Na; M+; M+2ACN+2H; M+2ACN+H; M+2Na; M+2Na-H; M+3ACN+2H; M+3Na; M+ACN+H; M+ACN+Na; M+DMSO+H; M+H+Na; M+K; M+Na","[2449]; [2449, 2451, 2645]; [2267]; [2221]; [2451]; [2183]; [2449]; [2449]; [2242, 2451]; [2163, 2368, 2414, 2451]; [2449]; [2451]; [2449, 2577]; [2449, 2451, 2554, 2645]; [2092, 2645]; [2242, 2305]; [2299]; [2451]","false","filtered"
"1173","483","2471","247.0585","0.838","859.4","3","3_2_F1","2M+ACN+Na; 2M+K; M+; M+2Na; M+2Na-H; M+ACN+Na; M+DMSO+H; M+H+K; M+IsoProp+Na+H; M+K","[2163, 2314]; [2159, 2470, 2476]; [2176, 2212, 2280]; [2370]; [2114, 2148]; [2314]; [2121, 2199, 2280, 2645]; [2320]; [2517]; [2470, 2476]","false","filtered"
"1174","506","2565","317.0641","0.880","843.1","3","3_2_F1","2M+H; 2M+K; M+2Na-H; M+ACN+Na; M+K","[2487]; [2575]; [2596]; [2638]; [2575]","false","filtered"
"1175","513","2578","289.0690","0.884","835.8","3","3_2_F1","2M+H; 2M+K; M+DMSO+H; M+K","[2693]; [2516, 2596]; [2576]; [2596]","false","filtered"
"1176","498","2554","192.0401","0.861","655.6","3","3_2_F1","2M+3H2O+2H; 2M+ACN+H; 2M+K; M+; M+2K-H; M+2Na-H; M+ACN+H; M+DMSO+H; M+H; M+H+K; M+K; M+NH4","[2216]; [2593]; [2439, 2487]; [2451, 2501, 2564]; [2439]; [2227]; [2451]; [2396, 2488]; [2593]; [2215]; [2439, 2487]; [2157]","false","filtered"
"1177","511","2576","243.0743","0.884","524.8","3","3_2_F1","2M+3H2O+2H; 2M+ACN+Na; 2M+Na; M+2Na; M+2Na-H; M+3Na; M+ACN+Na; M+CH3OH+H; M+H; M+Na","[2465]; [2524, 2591]; [2591]; [2591]; [2591]; [2591]; [2524, 2591]; [2578]; [2564]; [2591]","false","filtered"
"1178","484","2476","226.1287","0.840","521.3","3","3_2_F1","2M+3H2O+2H; 2M+ACN+H; 2M+ACN+Na; 2M+NH4; M+; M+2ACN+2H; M+2ACN+H; M+2H; M+2Na; M+3ACN+2H; M+ACN+H; M+ACN+Na; M+DMSO+H; M+H+Na; M+IsoProp+H; M+IsoProp+Na+H; M+NH4","[2111, 2591]; [2416]; [2416]; [2159, 2470, 2471]; [2212, 2312]; [2233, 2416]; [2127, 2416, 2573]; [2267]; [2164]; [2416]; [2097, 2416]; [2416]; [2280]; [2164]; [2310, 2394, 2396, 2399]; [2310, 2591]; [2470, 2471]","false","filtered"
"1179","514","2579","291.0485","0.884","452.7","3","3_2_F1","2M+H; 2M+K; 2M+Na; M+2H; M+ACN+2H; M+ACN+H; M+ACN+Na; M+DMSO+H; M+H; M+IsoProp+Na+H; M+K; M+Na","[2638]; [2577, 2639, 2640]; [2487, 2638]; [2638]; [2638]; [2638]; [2487]; [2596]; [2638]; [2488, 2489]; [2577, 2639, 2640]; [2487, 2575, 2638]","false","filtered"
"1180","488","2465","254.0090","0.848","447.2","3","3_2_F1","2M+ACN+Na; 2M+K; 2M+Na; M+2ACN+H; M+2K-H; M+2Na; M+2Na-H; M+3Na; M+ACN+Na; M+K; M+Na","[2157, 2450]; [2448, 2576]; [2450]; [2231]; [2448]; [2450]; [2399, 2450]; [2450]; [2450]; [2448]; [2250, 2450]","false","filtered"
"1181","490","2517","196.0373","0.851","410.3","3","3_2_F1","2M+3H2O+2H; 2M+K; 2M+NH4; M+; M+2H; M+2H+Na; M+2K-H; M+2Na; M+2Na-H; M+ACN+Na; M+CH3OH+H; M+H+Na; M+IsoProp+Na+H; M+K; M+Na","[2450]; [2416, 2516, 2524, 2591]; [2154]; [2176, 2372]; [2449, 2567]; [2580]; [2516]; [2286]; [2092, 2097, 2309]; [2310]; [2471]; [2237]; [2155]; [2389, 2516, 2524, 2591]; [2155]","false","filtered"
"1182","492","2536","103.0540","0.857","303.0","3","3_2_F1","2M+H; M+; M+2ACN+2H; M+2H; M+2H+Na; M+3ACN+2H; M+3H; M+3Na; M+ACN+H; M+CH3OH+H; M+H+K; M+H+NH4; M+NH4","[2299]; [2242, 2384, 2425]; [2215]; [2233]; [2439]; [2140, 2215, 2318, 2524]; [2439, 2487]; [2438]; [2215]; [2318, 2384, 2516]; [2230]; [2597, 2645]; [2451]","false","filtered"
"1183","508","2567","423.0904","0.880","295.9","3","3_2_F1","2M+K; M+2Na; M+CH3OH+H; M+H+Na; M+K","[2352, 2552, 2566, 2597]; [2577]; [2517]; [2577]; [2352, 2566, 2597]","false","filtered"
"1184","497","2523","332.1116","0.860","188.0","3","3_2_F1","2M+3H2O+2H; 2M+ACN+H; 2M+ACN+Na; 2M+K; M+2ACN+2H; M+2ACN+H; M+2K-H; M+3ACN+2H; M+ACN+H; M+ACN+Na; M+CH3OH+H; M+IsoProp+H; M+K","[2224]; [2580]; [2580]; [2519, 2532]; [2580]; [2580]; [2519]; [2580]; [2580]; [2580]; [2414]; [2562]; [2519, 2532]","false","filtered"
"1185","501","2676","203.0431","0.871","172.4","3","3_2_F1","2M+H; 2M+NH4; M+; M+2Na-H; M+CH3OH+H; M+H+K; M+NH4","[2214]; [2488]; [2215, 2425, 2452]; [2539]; [2470, 2488]; [2215]; [2488]","false","filtered"
"1186","510","2678","317.1401","0.882","132.6","3","3_2_F1","2M+H; M+ACN+H; M+ACN+Na; M+CH3OH+H; M+H; M+H+K; M+IsoProp+Na+H; M+Na","[2539]; [2564]; [2552]; [2467]; [2532]; [2591]; [2519, 2532, 2564]; [2519]","false","filtered"
"1021","423","2289","130.0504","0.808","118,535.7","3","3_1_F1","2M+H; M+2ACN+2H; M+2H; M+2H+Na; M+2Na; M+2Na-H; M+3ACN+2H; M+3H; M+ACN+2H; M+ACN+H; M+DMSO+H; M+H; M+H+K; M+H+NH4; M+H+Na; M+K; M+Na","[2221]; [2520]; [2221, 2251, 2520]; [2233, 2267]; [2214, 2520]; [2216]; [2489]; [2221]; [2520]; [2221, 2318]; [2394]; [2157, 2221, 2304, 2389, 2520]; [2212, 2520]; [2117, 2175, 2190, 2520]; [2214, 2520]; [2201]; [2221, 2280]","true","keep_rep"
"1022","403","2201","136.0622","0.807","71,673.3","3","3_1_F1","2M+3H2O+2H; 2M+H; 2M+Na; M+2ACN+H; M+2Na; M+2Na-H; M+3ACN+2H; M+ACN+H; M+ACN+Na; M+H; M+H+NH4; M+K; M+NH4; M+Na","[2154]; [2157]; [2221]; [2151, 2216]; [2212]; [2289, 2299]; [2140, 2310, 2470]; [2155]; [2092]; [2157, 2263]; [2102, 2229]; [2157]; [2092]; [2221]","false","filtered"
"1023","431","2325","261.0949","0.810","62,856.0","3","3_1_F1","2M+ACN+H; 2M+ACN+Na; 2M+H; 2M+K; 2M+NH4; 2M+Na; M+; M+2ACN+H; M+2H; M+2Na; M+2Na-H; M+3Na; M+ACN+2H; M+ACN+H; M+ACN+Na; M+CH3OH+H; M+DMSO+H; M+H; M+H+K; M+H+Na; M+IsoProp+H; M+K; M+NH4; M+Na","[2071]; [2240]; [2115, 2117]; [2114, 2267]; [2118]; [2113, 2117, 2173, 2214, 2240, 2244, 2326]; [2309]; [2163, 2232]; [2117]; [2113, 2240, 2287]; [2113, 2240]; [2240]; [2117]; [2117, 2214]; [2113, 2240]; [2118, 2322]; [2173, 2322, 2384]; [2117]; [2065, 2369]; [2287]; [2190]; [2114, 2267]; [2118]; [2113, 2117, 2240, 2244, 2287, 2326]","false","filtered"
"1024","391","2175","274.0924","0.805","24,246.6","3","3_1_F1","2M+3H2O+2H; 2M+ACN+H; 2M+ACN+Na; 2M+K; M+2Na; M+2Na-H; M+ACN+H; M+CH3OH+H; M+DMSO+H; M+H+NH4; M+H+Na; M+K; M+NH4","[2071, 2097, 2115, 2216, 2369]; [2489]; [2314]; [2245]; [2249]; [2368]; [2489]; [2117, 2190, 2289, 2520]; [2244, 2246, 2520]; [2305]; [2249]; [2102, 2176, 2245]; [2183]","false","filtered"
"1025","449","2384","182.0818","0.816","21,625.1","3","3_1_F1","2M+3H2O+2H; 2M+ACN+H; 2M+H; 2M+NH4; 2M+Na; M+; M+2ACN+2H; M+2ACN+H; M+2H; M+2H+Na; M+2Na; M+2Na-H; M+3H; M+3Na; M+ACN+2H; M+ACN+H; M+ACN+Na; M+CH3OH+H; M+DMSO+H; M+H; M+H+2Na; M+H+K; M+NH4; M+Na","[2540]; [2318, 2516, 2536]; [2318]; [2310]; [2126, 2159]; [2322, 2325]; [2176]; [2237]; [2185, 2318, 2352]; [2211]; [2126]; [2126, 2487]; [2318]; [2172]; [2120, 2224]; [2318, 2516]; [2126]; [2426, 2532]; [2159, 2199, 2368, 2425, 2536]; [2140, 2185, 2318]; [2142]; [2127, 2416]; [2310]; [2126, 2318]","false","filtered"
"1026","433","2328","305.1210","0.810","20,709.9","3","3_1_F1","2M+ACN+H; 2M+ACN+Na; 2M+H; 2M+Na; M+; M+2Na; M+DMSO+H; M+H+K; M+IsoProp+H; M+IsoProp+Na+H; M+Na","[2177]; [2112]; [2416]; [2426]; [2304]; [2117]; [2282]; [2114]; [2242, 2305]; [2249]; [2426]","false","filtered"
"1027","432","2326","277.0688","0.810","20,058.5","3","3_1_F1","2M+ACN+H; 2M+ACN+Na; 2M+H; 2M+K; M+; M+2ACN+2H; M+2K-H; M+2Na-H; M+ACN+H; M+ACN+Na; M+DMSO+H; M+IsoProp+H; M+IsoProp+Na+H; M+K","[2066]; [2263, 2283, 2470]; [2179]; [2113, 2117, 2173, 2214, 2240, 2244, 2325]; [2180]; [2209]; [2240, 2267]; [2119, 2516]; [2406]; [2263, 2470]; [2470]; [2488]; [2140]; [2113, 2117, 2240, 2244, 2287, 2325]","false","filtered"
"1028","370","2113","280.1394","0.803","18,754.2","3","3_1_F1","2M+3H2O+2H; 2M+ACN+H; 2M+ACN+Na; 2M+H; 2M+NH4; M+; M+2ACN+2H; M+2ACN+H; M+2H; M+3ACN+2H; M+3H; M+ACN+H; M+ACN+Na; M+DMSO+H; M+H; M+IsoProp+Na+H; M+K; M+NH4; M+Na","[2199]; [2117, 2173, 2214, 2240, 2244, 2325, 2326]; [2240]; [2117]; [2312]; [2153, 2180, 2309]; [2240, 2287, 2325]; [2240, 2325]; [2117]; [2240, 2287]; [2117]; [2117, 2240, 2244, 2287, 2325, 2326]; [2240, 2325]; [2126, 2322]; [2117]; [2368]; [2114]; [2118]; [2117]","false","filtered"
"1029","394","2177","291.1053","0.805","13,516.5","3","3_1_F1","2M+3H2O+2H; 2M+ACN+Na; 2M+K; 2M+NH4; 2M+Na; M+2ACN+H; M+2Na; M+2Na-H; M+3Na; M+ACN+Na; M+CH3OH+H; M+DMSO+H; M+H; M+H+K; M+H+NH4; M+IsoProp+Na+H; M+K; M+NH4; M+Na","[2328]; [2112]; [2119]; [2121]; [2112, 2114, 2118]; [2237, 2283]; [2112, 2115]; [2112]; [2112]; [2112]; [2121, 2246]; [2235, 2236, 2267, 2414]; [2183]; [2229]; [2232, 2410]; [2394]; [2119]; [2121]; [2112, 2114, 2118]","false","filtered"
"1030","419","2250","314.0849","0.808","11,571.9","3","3_1_F1","2M+3H2O+2H; 2M+NH4; 2M+Na; M+2ACN+H; M+2K-H; M+3Na; M+ACN+Na; M+CH3OH+H; M+H+K; M+NH4; M+Na","[2487]; [2470]; [2181]; [2450, 2465]; [2172, 2211]; [2287]; [2467]; [2468]; [2329]; [2467]; [2181]","false","filtered"
"1031","446","2216","124.0399","0.815","11,100.6","3","3_1_F1","2M+H; 2M+NH4; 2M+Na; M+; M+2ACN+2H; M+2H; M+2Na; M+2Na-H; M+3ACN+2H; M+3Na; M+ACN+2H; M+ACN+H; M+ACN+Na; M+CH3OH+H; M+H; M+H+K; M+H+NH4; M+H+Na; M+K; M+Na","[2092]; [2151, 2201]; [2148]; [2173, 2394]; [2071]; [2071, 2115, 2369]; [2071, 2114, 2148, 2173]; [2148, 2162, 2516]; [2314]; [2148]; [2071, 2115]; [2554]; [2148, 2304, 2314, 2540]; [2212, 2309, 2399]; [2071, 2097, 2115, 2175, 2367, 2369]; [2071]; [2071]; [2065, 2066, 2071, 2115, 2173, 2410]; [2289]; [2148, 2173, 2524]","false","filtered"
"1032","415","2244","256.1395","0.808","10,175.8","3","3_1_F1","2M+3H2O+2H; 2M+ACN+H; 2M+ACN+Na; 2M+NH4; M+; M+2ACN+H; M+3ACN+2H; M+ACN+H; M+ACN+Na; M+CH3OH+H; M+IsoProp+H; M+IsoProp+Na+H; M+NH4","[2109, 2368]; [2065, 2280]; [2214, 2470]; [2113, 2117, 2173, 2214, 2240, 2325, 2326]; [2092]; [2232, 2367]; [2299]; [2214, 2246]; [2214, 2470]; [2117, 2322]; [2175, 2246, 2520]; [2213]; [2113, 2117, 2240, 2287, 2325, 2326]","false","filtered"
"1033","396","2180","319.1002","0.805","8,611.7","3","3_1_F1","2M+ACN+Na; 2M+K; 2M+NH4; 2M+Na; M+2Na-H; M+ACN+H; M+ACN+Na; M+DMSO+H; M+K; M+Na","[2110]; [2153, 2233]; [2467]; [2102, 2183]; [2119]; [2326]; [2110, 2151]; [2134, 2245, 2283, 2304]; [2113, 2153, 2309]; [2102, 2183]","false","filtered"
"1034","379","2120","321.1160","0.803","8,252.6","3","3_1_F1","2M+ACN+H; 2M+ACN+Na; 2M+NH4; 2M+Na; M+; M+2ACN+2H; M+2ACN+H; M+2Na; M+2Na-H; M+3ACN+2H; M+3Na; M+ACN+H; M+ACN+Na; M+CH3OH+H; M+DMSO+H; M+IsoProp+H; M+K; M+NH4; M+Na","[2176]; [2116, 2176, 2245]; [2179]; [2116, 2119, 2121, 2320]; [2224, 2384]; [2176]; [2110, 2176, 2329]; [2116]; [2116, 2227]; [2176]; [2116]; [2176]; [2116, 2176, 2245, 2312]; [2280]; [2212]; [2154]; [2211]; [2179]; [2116, 2119, 2121]","false","filtered"
"1035","450","2217","136.0761","0.816","7,181.5","3","3_1_F1","2M+3H2O+2H; 2M+NH4; M+; M+2ACN+2H; M+2H+Na; M+2Na-H; M+3ACN+2H; M+ACN+2H; M+ACN+H; M+H+NH4; M+NH4","[2154, 2212]; [2214]; [2165, 2218]; [2163, 2229]; [2126]; [2299]; [2163, 2229, 2237]; [2368]; [2163, 2229]; [2114, 2235]; [2214, 2235, 2246, 2369, 2372]","false","filtered"
"1036","437","2245","258.1106","0.810","6,785.1","3","3_1_F1","2M+ACN+H; 2M+ACN+Na; 2M+H; 2M+NH4; 2M+Na; M+; M+2ACN+H; M+2H; M+3H; M+ACN+2H; M+ACN+H; M+ACN+Na; M+CH3OH+H; M+DMSO+H; M+H; M+K; M+NH4; M+Na","[2176]; [2487]; [2116, 2120, 2176]; [2134, 2283, 2304, 2314]; [2116, 2175]; [2213, 2299, 2518]; [2487]; [2116, 2176]; [2176]; [2116]; [2116, 2176]; [2489]; [2114]; [2227]; [2116, 2120, 2176, 2312]; [2369]; [2134, 2180, 2283, 2304]; [2102, 2116, 2175, 2176]","false","filtered"
"1037","410","2240","239.1128","0.808","6,749.4","3","3_1_F1","2M+3H2O+2H; 2M+ACN+H; 2M+ACN+Na; 2M+H; 2M+Na; M+2ACN+H; M+2H; M+3H; M+ACN+2H; M+ACN+H; M+ACN+Na; M+CH3OH+H; M+H; M+H+K; M+H+Na; M+K; M+NH4; M+Na","[2368, 2414]; [2325]; [2263]; [2113, 2117, 2173, 2214, 2244, 2325, 2326]; [2113]; [2170, 2229]; [2113, 2287, 2325]; [2325]; [2113, 2287]; [2113, 2325]; [2235, 2263]; [2312]; [2113, 2117, 2244, 2287, 2325, 2326]; [2065]; [2287]; [2267, 2326]; [2211]; [2113, 2325]","false","filtered"
"1038","349","2246","259.0802","0.785","6,452.1","3","3_1_F1","2M+ACN+H; 2M+H; 2M+K; 2M+Na; M+; M+2Na; M+2Na-H; M+ACN+2H; M+ACN+Na; M+CH3OH+H; M+DMSO+H; M+H; M+H+K; M+H+Na; M+IsoProp+H; M+IsoProp+Na+H; M+K; M+NH4; M+Na","[2242, 2425]; [2236, 2305]; [2212]; [2214, 2217, 2235, 2369, 2372]; [2092, 2251]; [2110]; [2214, 2244]; [2071]; [2175, 2214, 2244]; [2140, 2396]; [2236, 2241, 2369, 2396]; [2121, 2177]; [2170]; [2452]; [2448]; [2213]; [2116, 2212]; [2117]; [2112, 2214, 2235, 2372]","false","filtered"
"1039","383","2304","162.0766","0.805","6,360.1","3","3_1_F1","2M+ACN+H; 2M+H; 2M+NH4; M+; M+2ACN+2H; M+2ACN+H; M+2H; M+2Na-H; M+3ACN+2H; M+3H; M+ACN+2H; M+ACN+H; M+CH3OH+H; M+H; M+H+K; M+H+NH4; M+H+Na; M+IsoProp+H; M+IsoProp+Na+H; M+NH4; M+Na","[2148, 2216, 2314]; [2229, 2314]; [2154, 2280]; [2227]; [2134, 2180, 2245]; [2148, 2487]; [2218, 2314]; [2162]; [2134]; [2314]; [2102, 2134]; [2134, 2148, 2245, 2314]; [2157, 2221, 2289, 2389, 2520]; [2148, 2314]; [2439]; [2328]; [2215]; [2214]; [2314]; [2280, 2282]; [2314]","false","filtered"
"1040","436","2111","262.1294","0.810","5,417.1","3","3_1_F1","2M+3H2O+2H; 2M+ACN+Na; 2M+NH4; M+DMSO+H; M+H; M+IsoProp+H","[2518]; [2476]; [2367]; [2320, 2367]; [2519]; [2108, 2176, 2286]","false","filtered"
"1041","454","2221","152.0352","0.818","4,949.2","3","3_1_F1","2M+3H2O+2H; 2M+ACN+H; 2M+H; 2M+K; 2M+NH4; 2M+Na; M+; M+2H; M+2Na; M+2Na-H; M+3H; M+3Na; M+ACN+H; M+ACN+Na; M+CH3OH+H; M+DMSO+H; M+H; M+H+K; M+K; M+Na","[2190]; [2157]; [2157]; [2201]; [2092]; [2289, 2299]; [2448]; [2157]; [2251, 2289, 2299, 2520]; [2164, 2280, 2289, 2299]; [2157]; [2289, 2299]; [2157]; [2289, 2299, 2318]; [2501, 2524]; [2399]; [2157, 2314, 2414]; [2211, 2212, 2369]; [2201]; [2157, 2289, 2299, 2304, 2389, 2520]","false","filtered"
"1042","443","2310","165.0544","0.812","4,861.2","3","3_1_F1","2M+ACN+Na; 2M+H; 2M+K; 2M+Na; M+; M+2H; M+2H+Na; M+2Na; M+2Na-H; M+3H; M+ACN+Na; M+CH3OH+H; M+DMSO+H; M+H; M+H+K; M+H+Na; M+K; M+NH4; M+Na","[2148]; [2384]; [2389]; [2097, 2224]; [2396, 2476]; [2352]; [2071]; [2097]; [2097, 2127]; [2071, 2115]; [2097, 2148, 2416]; [2517]; [2213, 2224, 2389]; [2384]; [2159, 2312]; [2155]; [2389]; [2140, 2201, 2470]; [2097, 2476]","false","filtered"
"1043","388","2132","229.9750","0.805","4,786.1","3","3_1_F1","2M+ACN+H; 2M+H; 2M+K; 2M+Na; M+2H; M+2Na; M+2Na-H; M+3H; M+ACN+2H; M+ACN+H; M+ACN+Na; M+H; M+K; M+Na","[2313]; [2142, 2313]; [2209]; [2142, 2488]; [2142, 2313]; [2488]; [2488]; [2313]; [2142]; [2142, 2313]; [2488]; [2142, 2313]; [2209]; [2142, 2313, 2488]","false","filtered"
"1044","462","2426","321.0952","0.824","4,669.2","3","3_1_F1","2M+ACN+H; 2M+K; 2M+Na; M+2Na-H; M+H+K; M+H+NH4; M+H+Na; M+K; M+Na","[2118]; [2328]; [2384, 2532]; [2519]; [2117]; [2448]; [2467]; [2328]; [2532]","false","filtered"
"1045","364","2153","163.0606","0.803","4,247.7","3","3_1_F1","2M+H; 2M+NH4; 2M+Na; M+2H; M+2H+Na; M+2Na; M+3ACN+2H; M+3H; M+ACN+2H; M+ACN+H; M+CH3OH+H; M+H; M+H+K; M+H+NH4; M+H+Na; M+IsoProp+H; M+NH4; M+Na","[2233, 2237]; [2155]; [2233]; [2233, 2251]; [2396]; [2113, 2180, 2309]; [2451]; [2396]; [2092, 2233]; [2233]; [2125, 2154, 2236]; [2233, 2237, 2251, 2267, 2283]; [2114, 2394]; [2118]; [2117, 2309]; [2231]; [2320]; [2108, 2180, 2233]","false","filtered"
"1046","356","2071","247.0793","0.793","4,131.4","3","3_1_F1","2M+3H2O+2H; 2M+H; 2M+Na; M+2ACN+H; M+2H; M+2K-H; M+2Na; M+2Na-H; M+ACN+2H; M+ACN+H; M+ACN+Na; M+CH3OH+H; M+DMSO+H; M+H; M+H+K; M+H+NH4; M+H+Na; M+IsoProp+Na+H; M+K; M+NH4; M+Na","[2325]; [2097, 2115, 2175, 2216, 2369]; [2065, 2066, 2115, 2173]; [2216]; [2115, 2310]; [2164]; [2173, 2396]; [2173, 2216]; [2115]; [2115, 2216]; [2173]; [2110]; [2368]; [2115, 2216, 2369]; [2112]; [2246]; [2310]; [2218, 2232]; [2216]; [2216]; [2065, 2066, 2115, 2173, 2216, 2410]","false","filtered"
"1047","398","2183","335.0744","0.805","3,701.5","3","3_1_F1","2M+K; 2M+NH4; M+2K-H; M+2Na-H; M+ACN+2H; M+CH3OH+H; M+DMSO+H; M+H+K; M+K","[2102, 2180]; [2468]; [2309]; [2177]; [2399, 2450]; [2157]; [2175, 2501]; [2163]; [2102, 2180]","false","filtered"
"1048","367","2110","256.0818","0.803","3,659.2","3","3_1_F1","2M+3H2O+2H; 2M+H; 2M+K; 2M+NH4; M+2ACN+2H; M+2H; M+2Na-H; M+3ACN+2H; M+ACN+2H; M+ACN+H; M+ACN+Na; M+CH3OH+H; M+DMSO+H; M+H; M+H+K; M+IsoProp+Na+H; M+K; M+NH4; M+Na","[2322]; [2180, 2406]; [2170]; [2151, 2176]; [2140]; [2372]; [2312]; [2370]; [2396]; [2071]; [2185, 2352, 2370]; [2283]; [2108, 2283]; [2115, 2151, 2180, 2406]; [2246, 2520]; [2155, 2263, 2468]; [2170]; [2120, 2176]; [2119, 2173]","false","filtered"
"1049","472","2451","234.0653","0.830","3,572.5","3","3_1_F1","2M+ACN+H; 2M+ACN+Na; 2M+H; 2M+Na; M+2ACN+2H; M+2ACN+H; M+2H; M+2Na; M+2Na-H; M+3H; M+3Na; M+ACN+H; M+ACN+Na; M+CH3OH+H; M+H; M+H+K; M+H+Na; M+IsoProp+H; M+IsoProp+Na+H; M+Na","[2449, 2501, 2645]; [2414, 2536]; [2501]; [2368, 2414]; [2449]; [2449]; [2242, 2501]; [2414]; [2229, 2389, 2414]; [2501]; [2414]; [2449, 2501, 2554, 2645]; [2414, 2449]; [2153]; [2501]; [2092, 2237]; [2242, 2369]; [2157]; [2163, 2554]; [2163, 2368, 2414, 2501]","false","filtered"
"1050","362","2148","102.0557","0.801","3,502.2","3","3_1_F1","2M+H; M+; M+2ACN+2H; M+2H; M+2Na; M+3ACN+2H; M+3H; M+ACN+2H; M+ACN+H; M+CH3OH+H; M+H; M+H+NH4; M+NH4; M+Na","[2216, 2310]; [2109, 2282, 2394]; [2134, 2304, 2314]; [2114, 2216, 2471]; [2162]; [2304, 2487]; [2216]; [2304, 2314]; [2216, 2304, 2314]; [2394]; [2216, 2310]; [2109, 2112, 2280, 2282]; [2199, 2232, 2280]; [2162, 2216]","false","filtered"
"1051","376","2118","307.0795","0.803","3,354.3","3","3_1_F1","2M+3H2O+2H; 2M+ACN+Na; 2M+K; 2M+Na; M+; M+2K-H; M+2Na; M+2Na-H; M+ACN+Na; M+CH3OH+H; M+DMSO+H; M+H+K; M+H+NH4; M+IsoProp+H; M+K; M+Na","[2426]; [2325, 2396]; [2112, 2114, 2177]; [2117]; [2153]; [2112]; [2179]; [2113]; [2325, 2396]; [2372]; [2322, 2325]; [2115]; [2406]; [2467]; [2112, 2114, 2177]; [2117]","false","filtered"
"1052","469","2448","216.0547","0.830","3,341.2","3","3_1_F1","2M+ACN+Na; 2M+H; 2M+NH4; 2M+Na; M+2H+Na; M+2K-H; M+2Na-H; M+ACN+2H; M+ACN+H; M+ACN+Na; M+CH3OH+H; M+H; M+H+Na; M+K; M+NH4; M+Na","[2224, 2524]; [2465]; [2140]; [2450]; [2426]; [2097]; [2230, 2399]; [2318]; [2157]; [2221, 2224]; [2396]; [2465]; [2322]; [2172, 2465]; [2246, 2520]; [2235, 2450]","false","filtered"
"1053","373","2115","288.1056","0.803","3,334.2","3","3_1_F1","2M+3H2O+2H; 2M+ACN+H; 2M+ACN+Na; 2M+NH4; 2M+Na; M+2ACN+2H; M+2ACN+H; M+2H; M+2Na; M+2Na-H; M+3ACN+2H; M+3Na; M+ACN+H; M+ACN+Na; M+CH3OH+H; M+DMSO+H; M+H+K; M+IsoProp+H; M+IsoProp+Na+H; M+NH4; M+Na","[2117, 2325]; [2071, 2097, 2175, 2216, 2369]; [2065, 2066, 2071, 2173]; [2299]; [2173, 2179]; [2071, 2310]; [2071, 2216]; [2118]; [2173]; [2173]; [2071]; [2173]; [2071, 2216, 2369]; [2065, 2066, 2071, 2173, 2216, 2410]; [2110, 2151, 2406]; [2065]; [2112, 2177]; [2215, 2425, 2487]; [2488]; [2410]; [2173, 2179]","false","filtered"
"1054","363","2231","232.0141","0.801","3,268.3","3","3_1_F1","2M+3H2O+2H; 2M+ACN+H; 2M+ACN+Na; 2M+H; 2M+Na; M+2H; M+2Na; M+2Na-H; M+3H; M+3Na; M+ACN+H; M+ACN+Na; M+H; M+IsoProp+H; M+K; M+NH4; M+Na","[2153]; [2157, 2301]; [2399]; [2301]; [2399]; [2301]; [2399]; [2399]; [2301]; [2399]; [2301]; [2399]; [2301]; [2465]; [2235]; [2372]; [2301, 2399]","false","filtered"
"1055","470","2449","215.0161","0.830","3,036.8","3","3_1_F1","2M+H; 2M+K; 2M+Na; M+2H; M+2K-H; M+2Na; M+2Na-H; M+ACN+2H; M+ACN+H; M+ACN+Na; M+H; M+H+K; M+K; M+Na","[2501]; [2299]; [2451, 2501, 2524, 2645]; [2501]; [2540]; [2451]; [2451]; [2501]; [2501]; [2451]; [2501]; [2517]; [2299]; [2451, 2501, 2645]","false","filtered"
"1056","479","2215","123.0432","0.834","2,767.2","3","3_1_F1","2M+H; M+; M+2ACN+2H; M+2H; M+2H+Na; M+2Na; M+3H; M+3Na; M+ACN+2H; M+ACN+H; M+H; M+H+K; M+H+NH4; M+H+Na; M+NH4; M+Na","[2536]; [2367]; [2425]; [2396, 2425, 2452]; [2314, 2554]; [2126, 2425]; [2314, 2676]; [2304]; [2369, 2425, 2452, 2676]; [2536]; [2425, 2452, 2536]; [2199, 2425]; [2115, 2425, 2487]; [2425, 2452]; [2394]; [2126]","false","filtered"
"1057","397","2181","330.0590","0.805","2,552.7","3","3_1_F1","2M+ACN+Na; 2M+K; M+2Na-H; M+ACN+Na; M+K; M+NH4","[2092, 2452]; [2250]; [2305]; [2452, 2468]; [2250]; [2468]","false","filtered"
"1058","464","2389","190.1078","0.824","2,525.6","3","3_1_F1","2M+ACN+H; 2M+ACN+Na; 2M+H; 2M+NH4; M+; M+2ACN+H; M+2H; M+2Na; M+2Na-H; M+3H; M+ACN+H; M+ACN+Na; M+CH3OH+H; M+H; M+IsoProp+H; M+NH4; M+Na","[2414, 2573]; [2310]; [2414]; [2213, 2310]; [2112, 2235]; [2065, 2280]; [2414]; [2159]; [2097]; [2414]; [2282, 2414]; [2310]; [2516, 2517, 2524]; [2414, 2451]; [2157, 2221, 2289, 2304, 2520]; [2213]; [2109, 2414]","false","filtered"
"1059","455","2410","303.1054","0.820","2,494.7","3","3_1_F1","2M+Na; M+ACN+2H; M+CH3OH+H; M+DMSO+H; M+H+NH4; M+IsoProp+Na+H; M+Na","[2126, 2406]; [2177, 2232]; [2115]; [2065, 2066, 2071, 2115, 2173, 2216]; [2318]; [2214]; [2406]","false","filtered"
"1060","444","2157","174.0142","0.813","2,418.9","3","3_1_F1","2M+ACN+Na; 2M+K; 2M+Na; M+; M+2K-H; M+2Na; M+2Na-H; M+3Na; M+ACN+Na; M+DMSO+H; M+H; M+H+K; M+K; M+Na","[2221]; [2201]; [2221]; [2448, 2554]; [2201]; [2183, 2221]; [2221, 2289, 2304, 2389, 2520]; [2221]; [2221]; [2231, 2301, 2450, 2465]; [2451]; [2232]; [2108, 2201, 2263, 2284]; [2221, 2314, 2414]","false","filtered"
"1061","471","2450","232.0268","0.830","2,282.2","3","3_1_F1","2M+ACN+H; 2M+ACN+Na; 2M+H; 2M+K; 2M+Na; M+2ACN+H; M+2H; M+2H+Na; M+2Na; M+2Na-H; M+3H; M+3Na; M+ACN+H; M+ACN+Na; M+DMSO+H; M+H; M+K; M+NH4; M+Na","[2157, 2465]; [2399, 2517]; [2465]; [2448]; [2399]; [2399]; [2465]; [2468]; [2399]; [2399]; [2465]; [2183, 2399]; [2465]; [2399]; [2263]; [2250, 2465]; [2235, 2448]; [2372]; [2399, 2465]","false","filtered"
"1062","476","2645","210.0612","0.832","2,266.5","3","3_1_F1","2M+3H2O+2H; 2M+ACN+H; 2M+K; 2M+NH4; M+; M+2Na; M+3Na; M+ACN+H; M+CH3OH+H; M+H+Na; M+K; M+NH4; M+Na","[2212]; [2232]; [2230]; [2449, 2451, 2501, 2524]; [2163, 2209, 2370, 2488]; [2212]; [2117, 2312]; [2471]; [2092, 2501]; [2212]; [2127, 2230]; [2449, 2451, 2501]; [2536]","false","filtered"
"1063","400","2199","126.0555","0.806","2,211.2","3","3_1_F1","2M+NH4; M+; M+2ACN+2H; M+2Na; M+2Na-H; M+3ACN+2H; M+ACN+2H; M+ACN+H; M+CH3OH+H; M+H; M+H+Na; M+NH4; M+Na","[2213]; [2113]; [2121, 2280, 2471]; [2215, 2368]; [2126]; [2163]; [2282]; [2148, 2232, 2280]; [2233, 2263, 2320, 2439]; [2318]; [2109, 2368]; [2213]; [2368, 2384]","false","filtered"
"1064","375","2117","302.1212","0.803","2,189.8","3","3_1_F1","2M+3H2O+2H; 2M+ACN+H; 2M+ACN+Na; 2M+K; 2M+NH4; 2M+Na; M+; M+2ACN+2H; M+2ACN+H; M+2H; M+2Na; M+2Na-H; M+3ACN+2H; M+3Na; M+ACN+2H; M+ACN+H; M+ACN+Na; M+DMSO+H; M+H+K; M+IsoProp+H; M+K; M+NH4; M+Na","[2224]; [2115, 2325]; [2113, 2173, 2214, 2240, 2244, 2325, 2326]; [2114]; [2118]; [2113]; [2153, 2309]; [2325]; [2214, 2325]; [2426]; [2113]; [2113]; [2325]; [2113]; [2645]; [2325]; [2113, 2240, 2244, 2287, 2325, 2326]; [2244, 2322]; [2328]; [2175, 2190, 2246, 2289, 2520]; [2114]; [2118]; [2113]","false","filtered"
"1065","377","2102","314.1449","0.803","2,155.5","3","3_1_F1","2M+3H2O+2H; 2M+ACN+H; 2M+ACN+Na; 2M+NH4; M+2ACN+H; M+3ACN+2H; M+ACN+H; M+ACN+Na; M+CH3OH+H; M+DMSO+H; M+H+K; M+H+NH4; M+IsoProp+H; M+IsoProp+Na+H; M+NH4","[2416]; [2151, 2312, 2439]; [2233]; [2180, 2183]; [2151, 2369, 2470]; [2487]; [2151, 2312, 2329]; [2151]; [2134, 2304]; [2116, 2175, 2176, 2245]; [2108]; [2233, 2237]; [2201, 2229]; [2372]; [2180, 2183]","false","filtered"
"1066","359","2162","200.1647","0.797","2,149.9","3","3_1_F1","2M+ACN+H; 2M+NH4; M+2ACN+H; M+2H; M+ACN+H; M+CH3OH+H; M+NH4","[2148, 2216]; [2109]; [2304]; [2165]; [2148]; [2109, 2367]; [2109, 2282]","false","filtered"
"1067","409","2237","226.0702","0.808","1,969.0","3","3_1_F1","2M+3H2O+2H; 2M+ACN+Na; 2M+K; 2M+Na; M+2ACN+2H; M+2Na; M+2Na-H; M+3ACN+2H; M+3Na; M+ACN+2H; M+ACN+H; M+ACN+Na; M+CH3OH+H; M+DMSO+H; M+H; M+H+Na; M+IsoProp+Na+H; M+K; M+NH4; M+Na","[2384]; [2153, 2233]; [2164]; [2233, 2267]; [2517]; [2233, 2267]; [2233, 2267]; [2155]; [2102, 2233]; [2263]; [2066]; [2153, 2233, 2251, 2267, 2283]; [2125, 2163]; [2163, 2217, 2229, 2284, 2329]; [2179]; [2451]; [2314]; [2159, 2173]; [2177]; [2114, 2233, 2267]","false","filtered"
"1068","384","2314","184.0586","0.805","1,949.6","3","3_1_F1","2M+3H2O+2H; 2M+ACN+Na; 2M+H; 2M+NH4; 2M+Na; M+2ACN+2H; M+2H; M+2Na; M+2Na-H; M+3ACN+2H; M+3Na; M+ACN+2H; M+ACN+H; M+ACN+Na; M+CH3OH+H; M+DMSO+H; M+H; M+H+K; M+H+NH4; M+H+Na; M+IsoProp+H; M+Na","[2304]; [2148, 2216, 2304]; [2163, 2471]; [2125, 2394]; [2229, 2304]; [2329]; [2215]; [2218, 2304]; [2304]; [2179]; [2304]; [2154]; [2237]; [2134, 2148, 2245, 2304]; [2157, 2221, 2414]; [2175, 2229, 2488]; [2471]; [2367, 2487]; [2232]; [2215]; [2216]; [2148, 2304]","false","filtered"
"1069","458","2154","172.0594","0.820","1,730.4","3","3_1_F1","2M+3H2O+2H; 2M+ACN+H; 2M+ACN+Na; 2M+H; 2M+NH4; 2M+Na; M+2ACN+2H; M+2ACN+H; M+2H; M+2Na-H; M+3ACN+2H; M+3H; M+3Na; M+ACN+2H; M+ACN+H; M+CH3OH+H; M+H; M+H+NH4; M+IsoProp+Na+H; M+NH4; M+Na","[2280, 2304]; [2125]; [2201, 2217]; [2125, 2229, 2236]; [2214, 2232]; [2236]; [2120]; [2517]; [2125, 2185, 2236]; [2367]; [2176]; [2125]; [2114]; [2236]; [2125, 2153, 2236]; [2218]; [2125, 2229, 2233, 2236]; [2314]; [2125]; [2214, 2232]; [2125, 2236, 2320]","false","filtered"
"1070","438","2224","170.0814","0.811","1,684.9","3","3_1_F1","2M+3H2O+2H; 2M+H; 2M+NH4; 2M+Na; M+2Na; M+2Na-H; M+3H; M+ACN+2H; M+ACN+Na; M+CH3OH+H; M+DMSO+H; M+H; M+H+NH4; M+H+Na; M+IsoProp+H; M+IsoProp+Na+H; M+NH4; M+Na","[2097, 2310, 2439]; [2159]; [2448]; [2230]; [2230]; [2127, 2230]; [2119]; [2516]; [2230, 2416, 2518]; [2117]; [2109]; [2159]; [2120, 2384]; [2119]; [2190]; [2310]; [2448, 2523]; [2230]","false","filtered"
"1071","390","2173","266.1239","0.805","1,631.1","3","3_1_F1","2M+3H2O+2H; 2M+ACN+H; 2M+ACN+Na; 2M+H; 2M+NH4; M+2ACN+2H; M+2ACN+H; M+2H; M+3H; M+ACN+2H; M+ACN+H; M+ACN+Na; M+CH3OH+H; M+DMSO+H; M+H; M+H+K; M+IsoProp+Na+H; M+K; M+Na","[2113, 2117, 2214, 2240, 2244, 2325, 2326]; [2065, 2066, 2071, 2115]; [2216]; [2115, 2179]; [2216]; [2071, 2396]; [2071]; [2115]; [2115]; [2235]; [2065, 2066, 2071, 2115, 2216, 2410]; [2071, 2216]; [2110]; [2159, 2237]; [2115, 2179]; [2112]; [2325]; [2179]; [2115]","false","filtered"
"1072","372","2114","286.1501","0.803","1,624.1","3","3_1_F1","2M+ACN+H; 2M+ACN+Na; 2M+NH4; 2M+Na; M+; M+2ACN+2H; M+2ACN+H; M+2H; M+2Na-H; M+3ACN+2H; M+ACN+Na; M+CH3OH+H; M+DMSO+H; M+IsoProp+H; M+IsoProp+Na+H; M+NH4; M+Na","[2280]; [2325]; [2112, 2118, 2177]; [2117]; [2153]; [2369]; [2134, 2233, 2237]; [2236, 2328]; [2113]; [2154]; [2325]; [2217, 2235]; [2322]; [2245]; [2148, 2216, 2471]; [2112, 2118, 2177]; [2117]","false","filtered"
"1073","467","2313","251.9555","0.825","1,616.5","3","3_1_F1","2M+ACN+Na; 2M+K; 2M+Na; M+2K-H; M+2Na; M+2Na-H; M+3Na; M+ACN+Na; M+K; M+Na","[2132]; [2209]; [2132, 2142]; [2520]; [2132, 2142]; [2132, 2142]; [2132]; [2132, 2142]; [2209]; [2132, 2142]","false","filtered"
"1074","453","2151","137.0599","0.818","1,597.1","3","3_1_F1","2M+H; M+; M+2H; M+ACN+2H; M+ACN+Na; M+DMSO+H; M+H; M+H+NH4; M+H+Na; M+IsoProp+H; M+IsoProp+Na+H; M+NH4","[2439]; [2119]; [2102, 2312, 2329]; [2102, 2369, 2470]; [2309]; [2227]; [2102, 2312, 2439]; [2110, 2115, 2180, 2532]; [2102]; [2213]; [2201, 2216]; [2110, 2176]","false","filtered"
"1075","380","2121","337.0905","0.803","1,572.1","3","3_1_F1","2M+ACN+Na; 2M+H; 2M+K; 2M+Na; M+2ACN+H; M+2K-H; M+ACN+Na; M+DMSO+H; M+K; M+NH4","[2177]; [2199, 2280, 2471]; [2116, 2119, 2120, 2320]; [2170]; [2209]; [2116, 2172]; [2177]; [2177, 2246]; [2116, 2119, 2120]; [2218]","false","filtered"
"1076","442","2372","275.0537","0.812","1,556.8","3","3_1_F1","2M+K; 2M+Na; M+; M+2ACN+H; M+2K-H; M+2Na-H; M+ACN+2H; M+ACN+H; M+ACN+Na; M+DMSO+H; M+H; M+H+K; M+IsoProp+H; M+K","[2214, 2217, 2235, 2246, 2369]; [2176]; [2329]; [2489]; [2214]; [2102, 2470]; [2066]; [2329]; [2396]; [2176, 2263, 2517]; [2118]; [2110, 2452]; [2231, 2450]; [2112, 2214, 2235, 2246]","false","filtered"
"1077","465","2214","119.0495","0.824","1,534.8","3","3_1_F1","2M+H; M+; M+2ACN+2H; M+2H; M+2Na; M+2Na-H; M+3ACN+2H; M+3H; M+ACN+2H; M+ACN+H; M+ACN+Na; M+CH3OH+H; M+H; M+H+K; M+H+NH4; M+H+Na; M+NH4; M+Na","[2217]; [2113, 2117, 2173, 2240, 2244, 2325, 2326]; [2154, 2232]; [2112, 2235, 2246, 2289, 2372]; [2244, 2470, 2540]; [2540]; [2232]; [2108]; [2232, 2236, 2246, 2320]; [2154, 2232]; [2212, 2540]; [2155, 2263]; [2217, 2235, 2246, 2369, 2372]; [2372]; [2117, 2325, 2410]; [2244, 2246, 2289]; [2304, 2676]; [2244, 2470, 2540]","false","filtered"
"1078","416","2520","259.0929","0.808","1,472.3","3","3_1_F1","2M+ACN+H; 2M+H; 2M+K; M+2ACN+H; M+2Na; M+2Na-H; M+3H; M+ACN+H; M+ACN+Na; M+DMSO+H; M+H; M+H+K; M+IsoProp+H; M+IsoProp+Na+H; M+K; M+NH4; M+Na","[2425]; [2157, 2221, 2289, 2304, 2389]; [2212, 2229]; [2289]; [2110]; [2289]; [2352]; [2289]; [2175, 2244]; [2396]; [2221, 2251, 2289]; [2170]; [2448]; [2313]; [2212, 2289]; [2117, 2175, 2190, 2289]; [2289]","false","filtered"
"1079","439","2309","152.0710","0.811","1,419.8","3","3_1_F1","2M+3H2O+2H; 2M+NH4; M+; M+2H; M+2Na; M+3ACN+2H; M+3Na; M+ACN+2H; M+ACN+Na; M+CH3OH+H; M+DMSO+H; M+H; M+H+Na; M+IsoProp+H; M+K; M+NH4","[2394]; [2487]; [2470]; [2117, 2153]; [2183]; [2170, 2249, 2414]; [2164]; [2325]; [2127]; [2227]; [2151]; [2092, 2097, 2517]; [2113, 2153, 2180]; [2216, 2399]; [2516]; [2487]","false","filtered"
"1080","387","2163","211.0701","0.805","1,408.6","3","3_1_F1","2M+3H2O+2H; 2M+ACN+Na; 2M+H; 2M+NH4; 2M+Na; M+; M+2Na; M+2Na-H; M+3H; M+3Na; M+ACN+Na; M+CH3OH+H; M+DMSO+H; M+H; M+H+K; M+IsoProp+H; M+IsoProp+Na+H; M+K; M+NH4; M+Na","[2314, 2471]; [2229]; [2229, 2488]; [2125]; [2217, 2229]; [2451, 2501]; [2229]; [2229, 2267]; [2183]; [2229]; [2217, 2229, 2237]; [2325]; [2212, 2232]; [2209, 2370, 2488, 2645]; [2263]; [2451]; [2199, 2209]; [2488]; [2125, 2237]; [2217, 2229]","false","filtered"
"1081","355","2066","263.0532","0.791","1,392.2","3","3_1_F1","2M+3H2O+2H; 2M+H; 2M+K; 2M+Na; M+2H; M+2Na-H; M+ACN+2H; M+ACN+H; M+DMSO+H; M+H; M+H+K; M+H+NH4; M+K; M+NH4; M+Na","[2326]; [2179]; [2065, 2071, 2115, 2173]; [2179, 2233]; [2179]; [2108]; [2179]; [2179]; [2237]; [2179]; [2396]; [2372]; [2065, 2071, 2115, 2173, 2216, 2410]; [2467]; [2179, 2406]","false","filtered"
"1082","428","2318","204.0638","0.810","1,391.4","3","3_1_F1","2M+3H2O+2H; 2M+ACN+H; 2M+ACN+Na; 2M+H; 2M+K; 2M+Na; M+; M+2ACN+2H; M+2H; M+2H+Na; M+2Na; M+2Na-H; M+3H; M+3Na; M+ACN+2H; M+ACN+H; M+ACN+Na; M+DMSO+H; M+H; M+H+K; M+H+NH4; M+H+Na; M+K; M+Na","[2221, 2289]; [2140, 2536]; [2384, 2516, 2536]; [2140, 2470]; [2368]; [2384]; [2185, 2322, 2488]; [2213, 2352]; [2140, 2352, 2370]; [2410]; [2185, 2352, 2384]; [2126, 2384]; [2140]; [2384]; [2185, 2352, 2370]; [2140]; [2384, 2516]; [2199, 2516]; [2140, 2352, 2370]; [2352, 2416]; [2352, 2448]; [2185, 2352, 2370]; [2368]; [2140, 2185, 2384]","false","filtered"
"1083","386","2155","173.0424","0.805","1,391.2","3","3_1_F1","2M+3H2O+2H; 2M+ACN+Na; 2M+H; 2M+Na; M+; M+2H; M+2Na; M+2Na-H; M+3Na; M+ACN+2H; M+ACN+H; M+ACN+Na; M+DMSO+H; M+H; M+H+K; M+H+NH4; M+IsoProp+H; M+Na","[2153]; [2092]; [2214, 2263]; [2092, 2263]; [2517]; [2263]; [2092, 2251]; [2092]; [2092, 2242]; [2263]; [2263, 2399]; [2092, 2213]; [2201]; [2110, 2263]; [2310]; [2237]; [2517]; [2092, 2251, 2263]","false","filtered"
"1084","351","2229","189.0873","0.788","1,385.2","3","3_1_F1","2M+3H2O+2H; 2M+ACN+H; 2M+H; 2M+NH4; M+; M+2H; M+2H+Na; M+2Na; M+3ACN+2H; M+3H; M+3Na; M+ACN+H; M+ACN+Na; M+CH3OH+H; M+DMSO+H; M+H; M+IsoProp+Na+H; M+NH4; M+Na","[2304, 2314]; [2163]; [2163, 2217]; [2125, 2154, 2236]; [2451]; [2163]; [2177]; [2280]; [2102, 2201]; [2163]; [2112]; [2163, 2217, 2237]; [2233]; [2170, 2240]; [2212, 2520]; [2163, 2217]; [2163, 2314]; [2125, 2154, 2233, 2236]; [2163, 2267]","false","filtered"
"1085","360","2367","206.1029","0.800","1,262.6","3","3_1_F1","2M+ACN+H; 2M+ACN+Na; 2M+H; M+; M+2ACN+2H; M+2ACN+H; M+2H; M+3H; M+ACN+H; M+ACN+Na; M+CH3OH+H; M+DMSO+H; M+H; M+IsoProp+Na+H; M+K; M+Na","[2320]; [2218]; [2320]; [2242]; [2314, 2487]; [2215, 2216]; [2320]; [2320]; [2320]; [2218]; [2232, 2244]; [2154]; [2320]; [2111]; [2162]; [2111, 2320]","false","filtered"
"1086","350","2170","240.1084","0.786","1,165.5","3","3_1_F1","2M+3H2O+2H; 2M+NH4; 2M+Na; M+; M+2ACN+H; M+2H; M+2Na; M+ACN+H; M+CH3OH+H; M+H+Na; M+IsoProp+H; M+IsoProp+Na+H; M+NH4; M+Na","[2235, 2236]; [2242, 2305, 2369]; [2110]; [2211, 2241, 2249]; [2121]; [2246, 2520]; [2368]; [2134]; [2305, 2312]; [2368]; [2249, 2309]; [2229, 2240]; [2242, 2305, 2369]; [2110]","false","filtered"
"1087","378","2119","316.1609","0.803","1,137.3","3","3_1_F1","2M+ACN+H; 2M+ACN+Na; 2M+NH4; M+; M+2ACN+H; M+3ACN+2H; M+ACN+H; M+ACN+Na; M+DMSO+H; M+IsoProp+Na+H; M+NH4","[2151]; [2177]; [2116, 2120, 2121, 2320]; [2224]; [2110, 2284]; [2224]; [2180]; [2177]; [2134]; [2326]; [2116, 2120, 2121]","false","filtered"
"1088","365","2108","219.0979","0.803","1,070.2","3","3_1_F1","2M+3H2O+2H; 2M+ACN+H; 2M+ACN+Na; 2M+H; 2M+K; M+2ACN+2H; M+2H; M+2Na-H; M+3ACN+2H; M+3H; M+3Na; M+ACN+H; M+ACN+Na; M+CH3OH+H; M+DMSO+H; M+H; M+IsoProp+H; M+IsoProp+Na+H; M+NH4; M+Na","[2263]; [2283]; [2125]; [2283]; [2439]; [2214]; [2283]; [2236]; [2394]; [2283]; [2102]; [2110, 2283]; [2125]; [2112]; [2153, 2233]; [2066, 2283]; [2487]; [2157, 2263]; [2111, 2176, 2286]; [2283]","false","filtered"
"1089","440","2369","264.1087","0.812","1,034.8","3","3_1_F1","2M+3H2O+2H; 2M+ACN+H; 2M+ACN+Na; 2M+H; 2M+NH4; 2M+Na; M+; M+2ACN+2H; M+2ACN+H; M+2H; M+2Na; M+2Na-H; M+3H; M+3Na; M+ACN+H; M+ACN+Na; M+CH3OH+H; M+DMSO+H; M+H; M+H+K; M+IsoProp+H; M+IsoProp+Na+H; M+NH4; M+Na","[2214, 2217, 2235, 2246, 2372]; [2170, 2242, 2305]; [2065, 2097]; [2305]; [2071, 2115, 2175, 2216]; [2065, 2176]; [2211, 2221]; [2242, 2451]; [2218, 2242]; [2305]; [2065, 2325]; [2065, 2165, 2245]; [2305]; [2065]; [2170, 2242, 2305]; [2065, 2242]; [2102, 2151, 2470]; [2109, 2416]; [2249, 2305]; [2114]; [2215, 2425, 2452]; [2218, 2236, 2241, 2246]; [2071, 2115, 2216]; [2065, 2176, 2241, 2305]","false","filtered"
"1090","361","2280","186.0761","0.800","1,033.2","3","3_1_F1","2M+3H2O+2H; 2M+ACN+H; 2M+H; 2M+NH4; 2M+Na; M+2ACN+2H; M+2H; M+3ACN+2H; M+ACN+2H; M+ACN+H; M+ACN+Na; M+CH3OH+H; M+DMSO+H; M+H; M+H+K; M+IsoProp+Na+H; M+K; M+NH4; M+Na","[2218]; [2154, 2304]; [2236, 2282]; [2148, 2199, 2232]; [2282]; [2120]; [2282]; [2176, 2212, 2471]; [2282]; [2282, 2304]; [2114]; [2467]; [2065, 2221, 2244, 2289, 2389]; [2112, 2148, 2282]; [2229]; [2218]; [2476]; [2121, 2199, 2471]; [2109, 2282]","false","filtered"
"1091","457","2213","109.0291","0.820","1,002.0","3","3_1_F1","2M+H; M+; M+2Na; M+3H; M+3Na; M+ACN+2H; M+ACN+H; M+CH3OH+H; M+H; M+H+Na; M+Na","[2199]; [2092, 2155]; [2244, 2389]; [2318, 2352]; [2245, 2299, 2518]; [2246]; [2092]; [2151]; [2199]; [2282, 2414]; [2310, 2389]","false","filtered"
"1092","408","2235","254.1240","0.808","996.2","3","3_1_F1","2M+3H2O+2H; 2M+ACN+H; 2M+NH4; M+2ACN+H; M+ACN+2H; M+ACN+H; M+ACN+Na; M+CH3OH+H; M+DMSO+H; M+H; M+H+K; M+H+NH4; M+IsoProp+H; M+NH4","[2282]; [2170]; [2214, 2217, 2246, 2369, 2372]; [2233]; [2065]; [2177, 2414]; [2112, 2389]; [2396]; [2240, 2263]; [2114, 2217]; [2109]; [2173]; [2231, 2448, 2450]; [2112, 2214, 2246, 2372]","false","filtered"
"1093","473","2452","267.0592","0.830","983.3","3","3_1_F1","2M+ACN+Na; 2M+H; 2M+Na; M+2ACN+H; M+2Na; M+2Na-H; M+3Na; M+ACN+H; M+ACN+Na; M+CH3OH+H; M+H; M+H+K; M+H+Na; M+K; M+NH4; M+Na","[2425]; [2092, 2181]; [2215, 2425]; [2242]; [2425]; [2215, 2425]; [2425]; [2305]; [2215, 2369, 2425, 2676]; [2329]; [2181]; [2246]; [2372]; [2320]; [2488]; [2215, 2425]","false","filtered"
"1094","441","2370","448.1429","0.812","978.2","3","3_1_F1","2M+3H2O+2H; 2M+ACN+H; 2M+ACN+Na; 2M+Na; M+; M+2ACN+2H; M+2ACN+H; M+2Na; M+2Na-H; M+3ACN+2H; M+3Na; M+ACN+H; M+ACN+Na; M+IsoProp+H; M+IsoProp+Na+H; M+Na","[2163, 2209, 2645]; [2140, 2318, 2352]; [2110, 2185, 2352]; [2185]; [2471]; [2352]; [2318, 2352]; [2185]; [2185]; [2352]; [2185]; [2140, 2318, 2352]; [2185, 2318, 2352]; [2110]; [2125]; [2185]","false","filtered"
"1095","417","2249","263.0998","0.808","902.5","3","3_1_F1","2M+ACN+Na; 2M+Na; M+; M+2ACN+H; M+2H; M+2Na; M+2Na-H; M+3Na; M+ACN+H; M+ACN+Na; M+DMSO+H; M+H+Na; M+IsoProp+H; M+IsoProp+Na+H; M+NH4; M+Na","[2241, 2282]; [2211, 2241]; [2305, 2369]; [2218]; [2175]; [2211, 2241]; [2165, 2172, 2211, 2241]; [2241]; [2328]; [2211, 2241]; [2352, 2416]; [2175]; [2305]; [2170, 2309]; [2242]; [2170, 2211, 2241]","false","filtered"
"1096","452","2232","196.0590","0.818","902.0","3","3_1_F1","2M+3H2O+2H; 2M+ACN+H; 2M+ACN+Na; 2M+H; M+2ACN+2H; M+2ACN+H; M+2H+Na; M+2Na-H; M+3Na; M+ACN+2H; M+ACN+H; M+ACN+Na; M+CH3OH+H; M+DMSO+H; M+H; M+IsoProp+H; M+NH4; M+Na","[2148, 2199, 2280, 2645]; [2154, 2214]; [2212]; [2236]; [2157]; [2214]; [2177, 2410]; [2540]; [2112]; [2314]; [2154, 2214]; [2134, 2163, 2212]; [2071, 2218]; [2218]; [2214, 2236, 2320]; [2142]; [2325]; [2244, 2367]","false","filtered"
"1097","392","2176","280.0915","0.805","892.0","3","3_1_F1","2M+3H2O+2H; 2M+ACN+H; 2M+ACN+Na; 2M+H; 2M+K; 2M+Na; M+; M+2H; M+2Na; M+2Na-H; M+3Na; M+ACN+2H; M+ACN+H; M+ACN+Na; M+CH3OH+H; M+DMSO+H; M+H; M+IsoProp+H; M+IsoProp+Na+H; M+K; M+Na","[2372]; [2110, 2151]; [2209, 2245]; [2120]; [2369]; [2116, 2120, 2245]; [2384]; [2120]; [2116, 2245]; [2102, 2116, 2175, 2227, 2245]; [2245]; [2120]; [2110, 2120, 2329]; [2116, 2209, 2245]; [2212, 2280, 2471]; [2108, 2111]; [2120]; [2154]; [2263, 2372, 2517]; [2241, 2305, 2369]; [2116, 2120, 2245, 2312]","false","filtered"
"1098","430","2322","246.0975","0.810","867.0","3","3_1_F1","2M+ACN+H; 2M+NH4; M+2ACN+2H; M+2Na-H; M+ACN+H; M+ACN+Na; M+CH3OH+H; M+DMSO+H; M+H; M+K; M+NH4; M+Na","[2218, 2416]; [2110]; [2185, 2448]; [2113, 2126]; [2185, 2318, 2488]; [2325, 2384]; [2263]; [2470]; [2416]; [2114]; [2118, 2325]; [2117, 2244]","false","filtered"
"1099","399","2185","426.1612","0.805","866.6","3","3_1_F1","2M+ACN+H; 2M+ACN+Na; 2M+H; 2M+NH4; M+2ACN+2H; M+2ACN+H; M+2H; M+3H; M+ACN+H; M+ACN+Na; M+H; M+H+NH4; M+IsoProp+H; M+IsoProp+Na+H; M+NH4; M+Na","[2110, 2352, 2370]; [2140, 2318, 2384]; [2370]; [2318, 2322]; [2352]; [2352]; [2370]; [2370]; [2318, 2352, 2370]; [2318, 2352, 2384]; [2370]; [2305]; [2318]; [2125, 2154, 2236]; [2322]; [2370]","false","filtered"
"1100","461","2233","204.0873","0.823","853.2","3","3_1_F1","2M+3H2O+2H; 2M+ACN+H; 2M+ACN+Na; 2M+H; 2M+NH4; 2M+Na; M+; M+2ACN+2H; M+2ACN+H; M+2H; M+3ACN+2H; M+3H; M+ACN+2H; M+ACN+H; M+ACN+Na; M+CH3OH+H; M+DMSO+H; M+H; M+H+K; M+IsoProp+H; M+IsoProp+Na+H; M+NH4; M+Na","[2299]; [2153, 2237]; [2153]; [2237, 2267]; [2199, 2263, 2320]; [2267]; [2536]; [2153, 2251]; [2153]; [2237, 2267]; [2092, 2153]; [2102, 2237]; [2267, 2289]; [2153, 2237, 2251, 2267, 2283]; [2108, 2153, 2180]; [2125, 2154, 2229, 2235, 2236]; [2102, 2229]; [2114, 2237, 2267]; [2476]; [2179]; [2066, 2179]; [2320]; [2237, 2267]","false","filtered"
"1101","451","2406","319.0805","0.818","811.7","3","3_1_F1","2M+ACN+Na; 2M+K; M+2Na-H; M+ACN+2H; M+ACN+Na; M+CH3OH+H; M+DMSO+H; M+IsoProp+Na+H; M+K","[2110]; [2126, 2410]; [2532]; [2118]; [2110, 2115, 2532]; [2179]; [2066, 2179]; [2326, 2524]; [2410]","false","filtered"
"1102","366","2109","246.1452","0.803","806.1","3","3_1_F1","2M+3H2O+2H; 2M+ACN+H; 2M+ACN+Na; 2M+NH4; M+2ACN+2H; M+2ACN+H; M+ACN+H; M+ACN+Na; M+DMSO+H; M+H+Na; M+IsoProp+H; M+IsoProp+Na+H; M+NH4","[2165, 2172, 2211, 2241]; [2148, 2282, 2394]; [2162, 2224]; [2244, 2368]; [2282]; [2280, 2282]; [2282]; [2162, 2282]; [2162, 2389, 2414]; [2235]; [2148, 2369]; [2127, 2241]; [2199, 2368]","false","filtered"
"1103","371","2134","282.1200","0.803","788.1","3","3_1_F1","2M+ACN+H; 2M+NH4; M+2ACN+H; M+2Na-H; M+ACN+H; M+DMSO+H; M+H; M+IsoProp+Na+H; M+NH4","[2148, 2245, 2304, 2314]; [2212, 2232]; [2304]; [2119]; [2180, 2245, 2304]; [2114]; [2102, 2304]; [2170]; [2212]","false","filtered"
"1104","477","2425","245.0772","0.832","744.2","3","3_1_F1","2M+3H2O+2H; 2M+ACN+H; 2M+H; 2M+K; M+2ACN+H; M+2H; M+2Na-H; M+3H; M+ACN+H; M+ACN+Na; M+DMSO+H; M+H; M+H+Na; M+IsoProp+H; M+IsoProp+Na+H; M+K; M+NH4; M+Na","[2246, 2520]; [2452]; [2215, 2452]; [2159, 2384, 2536]; [2215]; [2452]; [2215]; [2452]; [2215, 2369, 2452, 2676]; [2065, 2218]; [2097]; [2215, 2452]; [2287, 2564]; [2140]; [2396]; [2215]; [2115, 2215, 2487]; [2215, 2452]","false","filtered"
"1105","389","2172","260.1610","0.805","730.9","3","3_1_F1","2M+ACN+H; 2M+ACN+Na; 2M+H; M+; M+2ACN+2H; M+2ACN+H; M+2H; M+3ACN+2H; M+3H; M+ACN+2H; M+ACN+H; M+ACN+Na; M+DMSO+H; M+H; M+NH4; M+Na","[2109, 2165, 2211, 2241]; [2165]; [2211]; [2116, 2121]; [2165, 2241]; [2165, 2241, 2448]; [2211]; [2165]; [2211]; [2384]; [2165, 2211, 2241, 2249]; [2165, 2241]; [2127]; [2211]; [2065]; [2211, 2250]","false","filtered"
"1106","478","2352","407.1166","0.832","717.1","3","3_1_F1","2M+3H2O+2H; 2M+ACN+H; 2M+ACN+Na; 2M+H; 2M+K; 2M+NH4; 2M+Na; M+; M+2ACN+2H; M+2ACN+H; M+2H; M+2H+Na; M+2K-H; M+2Na; M+2Na-H; M+3ACN+2H; M+3H; M+3Na; M+ACN+2H; M+ACN+H; M+ACN+Na; M+CH3OH+H; M+DMSO+H; M+H; M+H+2Na; M+H+K; M+H+NH4; M+H+Na; M+IsoProp+H; M+IsoProp+Na+H; M+K; M+NH4; M+Na","[2566]; [2566]; [2566]; [2140, 2318, 2370, 2566]; [2249, 2566]; [2566]; [2110, 2185, 2370, 2566, 2567]; [2566]; [2566]; [2213, 2318, 2566]; [2370, 2566]; [2566]; [2566]; [2185, 2566]; [2185, 2318, 2384, 2566]; [2566]; [2566]; [2566]; [2370, 2566]; [2318, 2370, 2566]; [2185, 2566]; [2566]; [2310, 2566]; [2140, 2318, 2370, 2566]; [2566]; [2520, 2566]; [2566]; [2566]; [2566]; [2566]; [2318, 2566]; [2318, 2566]; [2185, 2318, 2370, 2566, 2567]","false","filtered"
"1107","429","2320","228.0855","0.810","674.3","3","3_1_F1","2M+ACN+H; 2M+ACN+Na; 2M+H; 2M+Na; M+; M+2ACN+H; M+2H; M+2Na; M+2Na-H; M+3Na; M+ACN+H; M+ACN+Na; M+CH3OH+H; M+DMSO+H; M+H; M+H+K; M+K; M+NH4; M+Na","[2199, 2233, 2263]; [2367]; [2267]; [2367]; [2452]; [2153]; [2471]; [2367]; [2111, 2367]; [2367]; [2233]; [2367]; [2214, 2232, 2236]; [2116, 2119, 2120, 2121, 2125, 2154, 2236]; [2267]; [2470]; [2230]; [2209]; [2367]","false","filtered"
"1108","353","2164","215.1400","0.791","667.4","3","3_1_F1","2M+3H2O+2H; 2M+ACN+H; 2M+H; M+2H; M+2Na-H; M+ACN+2H; M+H+Na; M+IsoProp+H","[2237]; [2126]; [2221]; [2476]; [2071]; [2309]; [2476]; [2159]","false","filtered"
"1109","422","2236","213.0870","0.808","649.7","3","3_1_F1","2M+3H2O+2H; 2M+ACN+H; 2M+ACN+Na; 2M+H; 2M+NH4; M+2ACN+2H; M+2ACN+H; M+3ACN+2H; M+3Na; M+ACN+H; M+ACN+Na; M+CH3OH+H; M+H; M+IsoProp+Na+H; M+K; M+NH4; M+Na","[2280, 2282]; [2125, 2154, 2229]; [2154]; [2170]; [2232]; [2125, 2154, 2185]; [2125, 2153, 2154]; [2154]; [2114]; [2125, 2154, 2229, 2233]; [2125, 2154, 2320]; [2218, 2241, 2246, 2369]; [2177, 2267]; [2246, 2305, 2414]; [2108]; [2214, 2232, 2320]; [2112]","false","filtered"
"1110","426","2312","290.1352","0.810","649.3","3","3_1_F1","2M+3H2O+2H; 2M+NH4; M+; M+2ACN+H; M+ACN+Na; M+CH3OH+H; M+DMSO+H; M+H; M+H+K; M+H+NH4; M+IsoProp+H; M+IsoProp+Na+H; M+NH4","[2113]; [2102, 2151, 2439]; [2310]; [2170, 2305]; [2212, 2476]; [2116, 2120, 2176, 2245]; [2110]; [2439]; [2211]; [2645]; [2284]; [2240]; [2102, 2151]","false","filtered"
"1111","414","2209","255.0290","0.808","640.0","3","3_1_F1","2M+ACN+H; 2M+ACN+Na; 2M+H; 2M+K; 2M+Na; M+2K-H; M+2Na-H; M+ACN+H; M+ACN+Na; M+DMSO+H; M+H; M+H+K; M+K; M+Na","[2313]; [2132]; [2163]; [2176, 2396]; [2142, 2489]; [2065]; [2163, 2320, 2370, 2488, 2645]; [2313]; [2132]; [2125]; [2121]; [2326]; [2116, 2176]; [2142, 2489]","false","filtered"
"1112","368","2112","269.1241","0.803","623.7","3","3_1_F1","2M+3H2O+2H; 2M+ACN+H; 2M+ACN+Na; 2M+H; M+2ACN+2H; M+2ACN+H; M+2H; M+2Na; M+3H; M+ACN+2H; M+ACN+H; M+ACN+Na; M+CH3OH+H; M+DMSO+H; M+H; M+H+K; M+H+NH4; M+IsoProp+Na+H; M+K; M+Na","[2328]; [2177]; [2396]; [2114, 2118, 2177]; [2071]; [2108]; [2115, 2177]; [2173]; [2177]; [2394]; [2177]; [2396]; [2214, 2235, 2246, 2372]; [2235, 2236, 2389]; [2114, 2118, 2177]; [2229]; [2232]; [2148, 2280, 2282]; [2118]; [2177]","false","filtered"
"1113","395","2179","304.0800","0.805","585.5","3","3_1_F1","2M+3H2O+2H; 2M+ACN+H; 2M+ACN+Na; 2M+H; 2M+K; 2M+NH4; 2M+Na; M+2ACN+2H; M+2ACN+H; M+2K-H; M+3ACN+2H; M+ACN+2H; M+ACN+H; M+ACN+Na; M+DMSO+H; M+H; M+H+K; M+IsoProp+H; M+K; M+NH4; M+Na","[2326]; [2066]; [2066, 2233]; [2120]; [2115, 2173]; [2233]; [2116]; [2066]; [2066]; [2173]; [2066]; [2127]; [2066]; [2066, 2406]; [2237]; [2120]; [2118]; [2314]; [2115, 2173]; [2406]; [2116]","false","filtered"
"1114","412","2242","245.0637","0.808","569.5","3","3_1_F1","2M+3H2O+2H; 2M+H; 2M+K; 2M+Na; M+; M+2H; M+2Na; M+2Na-H; M+ACN+2H; M+ACN+H; M+ACN+Na; M+DMSO+H; M+H; M+H+K; M+H+Na; M+IsoProp+H; M+IsoProp+Na+H; M+K; M+NH4; M+Na","[2246]; [2305]; [2159, 2536]; [2170, 2305, 2369]; [2249]; [2305, 2501]; [2369, 2451]; [2065, 2369]; [2305]; [2305]; [2218, 2369]; [2282]; [2305, 2328]; [2092, 2155]; [2451, 2501]; [2452]; [2125]; [2367]; [2487]; [2170, 2305, 2369]","false","filtered"
"1115","425","2305","286.0904","0.809","564.5","3","3_1_F1","2M+3H2O+2H; 2M+ACN+H; 2M+ACN+Na; 2M+NH4; 2M+Na; M+2ACN+2H; M+2ACN+H; M+2H+Na; M+2Na; M+2Na-H; M+3ACN+2H; M+3Na; M+ACN+2H; M+ACN+H; M+ACN+Na; M+DMSO+H; M+H; M+IsoProp+H; M+IsoProp+Na+H; M+NH4; M+Na","[2236, 2246, 2414]; [2242]; [2170, 2242, 2369]; [2487]; [2369]; [2242, 2501]; [2242]; [2185]; [2369]; [2065, 2176, 2241, 2369]; [2242]; [2369]; [2175]; [2242, 2328]; [2170, 2242, 2369]; [2170, 2312]; [2181]; [2452]; [2249]; [2487]; [2249, 2369]","false","filtered"
"1116","475","2299","130.0628","0.830","526.9","3","3_1_F1","2M+3H2O+2H; 2M+H; M+2ACN+2H; M+2H; M+3ACN+2H; M+3H; M+ACN+2H; M+ACN+H; M+CH3OH+H; M+H; M+H+NH4; M+K; M+Na","[2536]; [2221]; [2449, 2487]; [2213, 2221, 2245, 2518]; [2115]; [2221, 2244]; [2501]; [2221, 2233, 2449, 2539]; [2414]; [2221, 2518]; [2283]; [2201, 2217]; [2221]","false","filtered"
"1117","354","2065","242.1239","0.791","513.0","3","3_1_F1","2M+3H2O+2H; 2M+ACN+H; 2M+H; 2M+NH4; M+; M+2ACN+2H; M+2H; M+2Na; M+3H; M+ACN+H; M+ACN+Na; M+CH3OH+H; M+H; M+H+NH4; M+IsoProp+H; M+IsoProp+Na+H; M+NH4; M+Na","[2244, 2280, 2389]; [2097, 2369]; [2369]; [2066, 2071, 2115, 2173]; [2172]; [2414]; [2325, 2369]; [2240]; [2369]; [2242, 2369]; [2209]; [2115]; [2241, 2305, 2369]; [2235]; [2218, 2425]; [2165, 2218]; [2066, 2071, 2115, 2173, 2216, 2410]; [2165, 2369]","false","filtered"
"1118","352","2218","181.0521","0.788","509.9","3","3_1_F1","2M+K; 2M+Na; M+; M+2Na-H; M+ACN+2H; M+ACN+H; M+ACN+Na; M+CH3OH+H; M+DMSO+H; M+H; M+H+K; M+IsoProp+Na+H; M+K; M+NH4; M+Na","[2367]; [2280]; [2065, 2242, 2369, 2425]; [2165, 2217]; [2121]; [2154]; [2232]; [2470]; [2280, 2322, 2416]; [2236, 2241, 2249, 2369]; [2304, 2314]; [2542]; [2367]; [2071, 2232]; [2065, 2165, 2241]","false","filtered"
"1119","418","2284","312.1299","0.808","505.3","3","3_1_F1","2M+3H2O+2H; 2M+ACN+H; 2M+NH4; M+2ACN+H; M+DMSO+H; M+NH4","[2190]; [2157, 2263]; [2237, 2329]; [2312]; [2119]; [2329]","false","filtered"
"1120","420","2251","342.1396","0.808","498.0","3","3_1_F1","2M+3H2O+2H; 2M+ACN+H; 2M+ACN+Na; 2M+NH4; M+2ACN+H; M+ACN+H; M+ACN+Na; M+IsoProp+Na+H; M+NH4","[2241]; [2092, 2155, 2263]; [2329]; [2153, 2233, 2237, 2267]; [2092, 2246]; [2092, 2155]; [2092, 2329]; [2221, 2289, 2520]; [2153, 2233]","false","filtered"
"1121","434","2329","317.0845","0.810","494.2","3","3_1_F1","2M+K; 2M+Na; M+2ACN+H; M+2Na; M+2Na-H; M+ACN+H; M+CH3OH+H; M+DMSO+H; M+H+NH4; M+IsoProp+Na+H; M+K; M+Na","[2251]; [2237, 2284]; [2452]; [2250]; [2102, 2151]; [2372]; [2314]; [2116, 2120, 2176]; [2467]; [2372]; [2092, 2251]; [2284]","false","filtered"
"1122","381","2165","219.1367","0.804","477.3","3","3_1_F1","2M+ACN+H; 2M+H; 2M+NH4; 2M+Na; M+; M+2ACN+H; M+2H; M+3H; M+ACN+2H; M+ACN+H; M+CH3OH+H; M+DMSO+H; M+H; M+H+K; M+IsoProp+H; M+Na","[2241]; [2109, 2172, 2211, 2241]; [2368]; [2172]; [2065, 2369]; [2217, 2218]; [2172, 2241]; [2241]; [2172]; [2172, 2241]; [2127, 2159, 2470]; [2127, 2416]; [2172, 2211, 2241, 2249]; [2162]; [2065, 2218]; [2172, 2241]","false","filtered"
"1123","474","2230","189.1237","0.830","434.8","3","3_1_F1","2M+3H2O+2H; 2M+ACN+H; 2M+NH4; M+; M+2ACN+2H; M+2ACN+H; M+3ACN+2H; M+ACN+H; M+ACN+Na; M+H+NH4; M+IsoProp+Na+H; M+NH4; M+Na","[2097]; [2224]; [2645]; [2320]; [2224]; [2224, 2416, 2518]; [2518]; [2224]; [2127, 2224]; [2126]; [2097]; [2448, 2645]; [2536]","false","filtered"
"1124","463","2227","180.1024","0.824","430.3","3","3_1_F1","2M+ACN+H; 2M+ACN+Na; M+2ACN+2H; M+2ACN+H; M+3ACN+2H; M+ACN+H; M+CH3OH+H; M+DMSO+H; M+H; M+IsoProp+H; M+NH4","[2212]; [2151]; [2116, 2120, 2518]; [2487]; [2116, 2176]; [2116]; [2554]; [2241]; [2245]; [2309]; [2283, 2304]","false","filtered"
"1125","447","2394","166.0726","0.815","398.9","3","3_1_F1","2M+3H2O+2H; 2M+ACN+H; 2M+ACN+Na; 2M+NH4; M+; M+2ACN+H; M+2Na; M+3ACN+2H; M+3H; M+ACN+H; M+ACN+Na; M+DMSO+H; M+H; M+H+K; M+H+NH4; M+IsoProp+H","[2148]; [2309]; [2289]; [2487]; [2097]; [2125, 2314]; [2153]; [2177]; [2112]; [2216]; [2109, 2148, 2282]; [2092]; [2396, 2399, 2476]; [2516]; [2108]; [2215]","false","filtered"
"1126","435","2287","499.2001","0.810","385.7","3","3_1_F1","2M+Na; M+2Na-H; M+3ACN+2H; M+ACN+Na; M+CH3OH+H; M+H; M+Na","[2113, 2117, 2240, 2244, 2325, 2326]; [2240]; [2250]; [2113, 2240]; [2425]; [2325]; [2113, 2240, 2325]","false","filtered"
"1127","393","2211","282.1437","0.805","351.7","3","3_1_F1","2M+ACN+H; 2M+ACN+Na; 2M+Na; M+; M+2ACN+2H; M+2ACN+H; M+2Na; M+2Na-H; M+3ACN+2H; M+3Na; M+ACN+2H; M+ACN+H; M+ACN+Na; M+DMSO+H; M+H+Na; M+IsoProp+H; M+NH4; M+Na","[2241, 2249]; [2109, 2165, 2172, 2241]; [2172]; [2120]; [2241, 2249]; [2241, 2249]; [2172]; [2172, 2250]; [2241, 2368]; [2172]; [2384]; [2170, 2241, 2249]; [2165, 2172, 2241, 2249]; [2127]; [2312]; [2240]; [2221, 2369]; [2172]","false","filtered"
"1128","407","2301","253.9953","0.808","348.1","3","3_1_F1","2M+ACN+Na; 2M+H; 2M+Na; M+2K-H; M+2Na; M+2Na-H; M+3Na; M+ACN+Na; M+H; M+Na","[2157, 2231]; [2489]; [2231]; [2283]; [2231]; [2231, 2399]; [2231]; [2231]; [2489]; [2231]","false","filtered"
"1129","411","2241","241.1179","0.808","348.1","3","3_1_F1","2M+ACN+H; 2M+ACN+Na; 2M+H; 2M+K; 2M+Na; M+; M+2ACN+H; M+2H; M+2Na; M+2Na-H; M+3H; M+3Na; M+ACN+2H; M+ACN+H; M+ACN+Na; M+DMSO+H; M+H; M+IsoProp+H; M+IsoProp+Na+H; M+Na","[2249, 2282]; [2165]; [2211, 2249]; [2227]; [2109, 2165, 2172, 2211]; [2065, 2176, 2305, 2369]; [2218]; [2211, 2249]; [2165, 2172]; [2165, 2172]; [2249]; [2165]; [2211, 2368]; [2211, 2249]; [2165, 2172]; [2109, 2127, 2416]; [2170, 2211, 2249]; [2218, 2236, 2246, 2369]; [2251]; [2165, 2172, 2211, 2249]","false","filtered"
"1130","468","2368","229.1190","0.828","346.5","3","3_1_F1","2M+3H2O+2H; 2M+ACN+H; 2M+ACN+Na; 2M+H; 2M+NH4; 2M+Na; M+; M+2H; M+3ACN+2H; M+ACN+H; M+ACN+Na; M+CH3OH+H; M+H; M+H+NH4; M+H+Na; M+IsoProp+H; M+IsoProp+Na+H; M+NH4; M+Na","[2165]; [2140]; [2318]; [2109, 2244]; [2240, 2414, 2451]; [2199, 2384]; [2175, 2217]; [2170]; [2573]; [2140]; [2318]; [2113]; [2109, 2199]; [2211, 2241]; [2170]; [2071]; [2467]; [2414, 2451, 2501, 2519]; [2199]","false","filtered"
"1131","374","2116","299.1342","0.803","345.9","3","3_1_F1","2M+ACN+H; 2M+ACN+Na; 2M+H; 2M+NH4; 2M+Na; M+2ACN+2H; M+2ACN+H; M+2H; M+3ACN+2H; M+3H; M+ACN+H; M+ACN+Na; M+DMSO+H; M+H; M+H+K; M+IsoProp+H; M+K; M+NH4; M+Na","[2120, 2176, 2245]; [2245]; [2119, 2120, 2121, 2320]; [2179]; [2227]; [2176, 2245]; [2176, 2209, 2245]; [2120]; [2245]; [2120]; [2120, 2176, 2245, 2312]; [2102, 2176, 2227, 2245]; [2212, 2246]; [2119, 2120, 2121]; [2159]; [2329]; [2121, 2172]; [2179]; [2120, 2227]","false","filtered"
"1132","448","2396","244.0809","0.816","345.0","3","3_1_F1","2M+3H2O+2H; 2M+H; 2M+K; 2M+NH4; M+; M+2ACN+H; M+2H; M+2Na; M+ACN+Na; M+CH3OH+H; M+DMSO+H; M+H; M+H+K; M+H+NH4; M+H+Na; M+IsoProp+H; M+K; M+NH4; M+Na","[2209]; [2118]; [2112]; [2488, 2554]; [2215]; [2425]; [2066, 2153]; [2283]; [2246, 2520, 2524]; [2372]; [2310, 2394, 2399, 2476]; [2118]; [2071, 2173]; [2110]; [2153]; [2448]; [2112]; [2140, 2246, 2488, 2489]; [2235]","false","filtered"
"1133","404","2212","133.0498","0.808","343.2","3","3_1_F1","2M+H; 2M+Na; M+2H; M+2H+Na; M+2Na; M+3H; M+ACN+H; M+ACN+Na; M+CH3OH+H; M+DMSO+H; M+H; M+H+K; M+H+NH4; M+H+Na; M+NH4; M+Na","[2232]; [2214]; [2134, 2221]; [2645]; [2116, 2246, 2289, 2520]; [2645]; [2216, 2645]; [2227]; [2190]; [2217]; [2134, 2163, 2232]; [2201, 2312, 2476]; [2176, 2280, 2471]; [2120]; [2125]; [2229, 2246, 2520]","false","filtered"
"1134","369","2142","271.0012","0.803","306.8","3","3_1_F1","2M+ACN+H; 2M+ACN+Na; 2M+H; 2M+K; 2M+Na; M+2ACN+2H; M+2ACN+H; M+2Na; M+2Na-H; M+3ACN+2H; M+3Na; M+ACN+2H; M+ACN+H; M+ACN+Na; M+K; M+Na","[2132, 2313]; [2132, 2488]; [2232]; [2209]; [2488]; [2132, 2313]; [2132, 2313]; [2488]; [2488]; [2132]; [2488]; [2384]; [2132, 2313]; [2132, 2313, 2488]; [2209]; [2488]","false","filtered"
"1135","358","2190","142.0500","0.795","289.0","3","3_1_F1","2M+NH4; M+; M+2ACN+2H; M+ACN+2H; M+ACN+H; M+ACN+Na; M+CH3OH+H; M+H+NH4; M+NH4","[2221]; [2284]; [2325]; [2117, 2175, 2289, 2520]; [2212]; [2097]; [2224]; [2467]; [2489]","false","filtered"
"1136","402","2159","187.1082","0.807","282.9","3","3_1_F1","2M+3H2O+2H; 2M+H; 2M+NH4; M+; M+2ACN+2H; M+2ACN+H; M+2Na; M+3H; M+CH3OH+H; M+H; M+H+K; M+IsoProp+Na+H; M+NH4","[2126, 2384]; [2127]; [2224]; [2173, 2237]; [2310]; [2470, 2471, 2476]; [2097]; [2116]; [2164]; [2127, 2165]; [2389]; [2242, 2384, 2425]; [2224]","false","filtered"
"1137","466","2283","241.0822","0.825","265.6","3","3_1_F1","2M+3H2O+2H; 2M+ACN+Na; 2M+H; 2M+Na; M+; M+2Na; M+2Na-H; M+3Na; M+ACN+Na; M+CH3OH+H; M+DMSO+H; M+H; M+H+K; M+NH4; M+Na","[2263, 2326, 2470]; [2108]; [2245]; [2108]; [2299]; [2108]; [2108]; [2108]; [2108, 2110, 2301]; [2177]; [2153, 2227, 2233, 2237, 2267]; [2180, 2245]; [2396]; [2110]; [2108]","false","filtered"
"1138","382","2097","184.0973","0.805","264.3","3","3_1_F1","2M+3H2O+2H; 2M+ACN+H; 2M+H; 2M+Na; M+; M+2ACN+2H; M+2ACN+H; M+2Na-H; M+ACN+H; M+ACN+Na; M+CH3OH+H; M+DMSO+H; M+H; M+H+K; M+IsoProp+H; M+IsoProp+Na+H; M+K; M+NH4","[2190]; [2224, 2310]; [2126]; [2230]; [2476]; [2310]; [2310, 2416]; [2448]; [2310]; [2127, 2310]; [2092, 2309, 2517]; [2230]; [2126]; [2159]; [2071, 2115, 2175, 2216]; [2065, 2369]; [2389]; [2394, 2425]","false","filtered"
"1139","406","2125","194.0427","0.808","253.8","3","3_1_F1","2M+3H2O+2H; 2M+ACN+Na; 2M+H; 2M+K; 2M+NH4; 2M+Na; M+2Na; M+2Na-H; M+3Na; M+ACN+Na; M+CH3OH+H; M+DMSO+H; M+H; M+H+Na; M+K; M+NH4; M+Na","[2314, 2394]; [2154]; [2163]; [2108]; [2154]; [2154, 2229, 2236]; [2154, 2185, 2236]; [2154, 2236, 2320]; [2154]; [2153, 2154, 2236]; [2242]; [2212]; [2163, 2237]; [2370]; [2108]; [2209]; [2154, 2229, 2233, 2236]","false","filtered"
"1140","357","2263","214.0698","0.794","242.2","3","3_1_F1","2M+3H2O+2H; 2M+ACN+H; 2M+ACN+Na; 2M+H; 2M+K; 2M+Na; M+2ACN+2H; M+2ACN+H; M+2Na; M+3ACN+2H; M+ACN+H; M+ACN+Na; M+DMSO+H; M+H; M+H+NH4; M+IsoProp+H; M+K; M+NH4","[2199, 2233, 2320]; [2155, 2214]; [2092, 2155]; [2283, 2326]; [2240]; [2108]; [2155]; [2155, 2399]; [2163]; [2155]; [2110, 2155]; [2092, 2155, 2251]; [2108, 2157, 2201, 2284]; [2322, 2326]; [2237]; [2450]; [2235, 2240]; [2176, 2372]","false","filtered"
"1141","421","2286","425.1092","0.808","234.3","3","3_1_F1","2M+Na; M+DMSO+H","[2108, 2111]; [2517]","false","filtered"
"1142","460","2282","227.1026","0.823","232.4","3","3_1_F1","2M+3H2O+2H; 2M+ACN+H; 2M+ACN+Na; 2M+H; 2M+K; 2M+Na; M+2ACN+2H; M+2ACN+H; M+2Na; M+2Na-H; M+3ACN+2H; M+ACN+H; M+ACN+Na; M+CH3OH+H; M+DMSO+H; M+H; M+IsoProp+H; M+NH4; M+Na","[2241, 2249]; [2236, 2280]; [2280]; [2235]; [2516]; [2109, 2148, 2394]; [2280]; [2280, 2304]; [2109]; [2109, 2162]; [2280]; [2112, 2148, 2280]; [2109, 2280]; [2213]; [2389, 2414]; [2328]; [2242]; [2199]; [2109]","false","filtered"
"1143","405","2140","226.0454","0.808","224.5","3","3_1_F1","2M+3H2O+2H; 2M+ACN+Na; 2M+K; 2M+Na; M+; M+2Na; M+2Na-H; M+3Na; M+ACN+H; M+ACN+Na; M+CH3OH+H; M+DMSO+H; M+H+Na; M+IsoProp+H; M+K; M+Na","[2448]; [2318, 2536]; [2368]; [2318, 2470]; [2246, 2396, 2488, 2489]; [2318, 2352, 2370]; [2185, 2318, 2384]; [2318]; [2425]; [2318]; [2326]; [2201, 2310, 2470]; [2110]; [2488]; [2368]; [2318, 2352, 2370]","false","filtered"
"1144","427","2092","151.0603","0.810","199.5","3","3_1_F1","2M+3H2O+2H; 2M+ACN+H; 2M+H; M+; M+2H; M+2H+Na; M+2Na; M+3ACN+2H; M+3H; M+3Na; M+ACN+2H; M+ACN+H; M+ACN+Na; M+CH3OH+H; M+DMSO+H; M+H; M+H+NH4; M+H+Na; M+IsoProp+Na+H; M+NH4; M+Na","[2216]; [2155]; [2155, 2263]; [2097, 2309, 2517]; [2155, 2251]; [2451]; [2244]; [2501, 2645]; [2155, 2242]; [2414]; [2246, 2251]; [2155, 2213]; [2394]; [2201]; [2201]; [2155, 2251, 2263]; [2153, 2233]; [2251, 2329]; [2213, 2221]; [2181, 2452]; [2155]","false","filtered"
"1145","456","2414","212.0910","0.820","199.2","3","3_1_F1","2M+ACN+H; 2M+ACN+Na; 2M+H; 2M+NH4; 2M+Na; M+; M+2ACN+H; M+2H; M+2Na; M+2Na-H; M+3ACN+2H; M+3H; M+3Na; M+ACN+H; M+ACN+Na; M+CH3OH+H; M+DMSO+H; M+H; M+H+K; M+H+Na; M+IsoProp+H; M+NH4; M+Na","[2451]; [2389]; [2240, 2368, 2451]; [2299]; [2389]; [2177, 2235]; [2236, 2305]; [2451]; [2389]; [2109, 2389]; [2523]; [2451]; [2389]; [2451]; [2282, 2389]; [2309, 2524]; [2519]; [2368, 2451, 2501]; [2092]; [2065]; [2157, 2221, 2314]; [2213]; [2389, 2451]","false","filtered"
"1146","401","2126","201.1236","0.806","179.5","3","3_1_F1","2M+3H2O+2H; 2M+ACN+H; 2M+ACN+Na; 2M+H; 2M+K; 2M+NH4; M+; M+2ACN+2H; M+2ACN+H; M+ACN+2H; M+ACN+H; M+ACN+Na; M+H; M+H+K; M+H+NH4; M+IsoProp+H; M+NH4","[2164]; [2159, 2384]; [2487]; [2215]; [2199]; [2097]; [2113, 2322]; [2384]; [2384]; [2230]; [2318, 2384]; [2384, 2487]; [2215]; [2127]; [2217]; [2406, 2410]; [2097]","false","filtered"
"1147","424","2416","185.0925","0.809","169.0","3","3_1_F1","2M+3H2O+2H; 2M+H; 2M+NH4; 2M+Na; M+; M+2ACN+H; M+2H; M+2Na; M+2Na-H; M+3ACN+2H; M+ACN+2H; M+ACN+H; M+ACN+Na; M+CH3OH+H; M+DMSO+H; M+H; M+IsoProp+Na+H; M+NH4; M+Na","[2516, 2517]; [2476]; [2470]; [2127, 2476]; [2369]; [2218, 2322]; [2318, 2476]; [2127, 2384]; [2127, 2165]; [2322]; [2476]; [2102, 2127, 2476]; [2127]; [2328, 2470]; [2224, 2230]; [2249, 2476]; [2097, 2310]; [2470]; [2127, 2241, 2476]","false","filtered"
"1148","445","2399","210.0373","0.814","160.5","3","3_1_F1","2M+3H2O+2H; 2M+ACN+H; 2M+ACN+Na; 2M+H; M+2H; M+2Na-H; M+3H; M+ACN+H; M+DMSO+H; M+H; M+IsoProp+H; M+K; M+Na","[2216, 2309]; [2231, 2450]; [2221]; [2231, 2450]; [2231, 2450]; [2394, 2396, 2476]; [2183, 2231, 2450]; [2231, 2450]; [2155, 2263]; [2231, 2301, 2450, 2465]; [2450]; [2448]; [2231, 2450]","false","filtered"
"1149","413","2267","245.1130","0.808","150.7","3","3_1_F1","2M+3H2O+2H; 2M+ACN+H; 2M+ACN+Na; 2M+NH4; 2M+Na; M+2ACN+2H; M+2ACN+H; M+2Na-H; M+3ACN+2H; M+ACN+H; M+ACN+Na; M+CH3OH+H; M+DMSO+H; M+H+K; M+NH4; M+Na","[2501]; [2233, 2237]; [2233]; [2320]; [2325]; [2233, 2237]; [2153, 2233, 2237, 2251, 2283]; [2240, 2326]; [2233, 2289]; [2233, 2237]; [2233, 2237]; [2177, 2236]; [2163, 2229]; [2476]; [2320]; [2325]","false","filtered"
"1150","385","2127","204.1334","0.805","130.8","3","3_1_F1","2M+3H2O+2H; 2M+ACN+H; 2M+NH4; M+2ACN+2H; M+2ACN+H; M+2Na; M+ACN+H; M+ACN+Na; M+CH3OH+H; M+DMSO+H; M+H; M+H+2Na; M+IsoProp+H; M+IsoProp+Na+H; M+NH4; M+Na","[2309]; [2416]; [2159]; [2384, 2416]; [2416]; [2126]; [2109, 2241, 2416]; [2165, 2416]; [2645]; [2224, 2230]; [2211]; [2179]; [2416, 2476]; [2097, 2310]; [2159, 2165]; [2172]","false","filtered"
"1249","568","2892","270.1555","1.089","5,960.4","3","","2M+NH4; M+NH4","[2862, 2879, 2893]; [2862, 2879, 2893]","false","kept (no corr-family)"
"1250","495","2518","276.1445","0.860","2,992.7","3","","2M+3H2O+2H; 2M+ACN+H; 2M+ACN+Na; 2M+NH4; M+; M+NH4; M+Na","[2602]; [2111]; [2224, 2230]; [2299]; [2227, 2593]; [2213, 2245, 2299]; [2230]","false","kept (no corr-family)"
"1251","531","2746","202.1807","0.927","2,318.3","3","","2M+NH4; M+IsoProp+H","[2762]; [2736]","false","kept (no corr-family)"
"1252","556","2829","198.0532","1.019","531.3","3","","M+ACN+Na","[2753, 2757, 2764]","false","kept (no corr-family)"
"1253","521","2602","203.0818","0.890","469.7","3","","2M+3H2O+2H; M+2Na; M+DMSO+H","[2487]; [2539]; [2518]","false","kept (no corr-family)"
"1254","574","2932","184.0374","1.099","112.1","3","","2M+ACN+Na; 2M+NH4","[2888]; [2888]","false","kept (no corr-family)"
"1255","459","2542","141.9642","0.822","89.7","3","","M+2Na-H","[2218]","false","kept (no corr-family)"
"1256","562","2871","182.0218","1.061","73.1","3","","2M+K; 2M+NH4; M+2K-H; M+2Na-H; M+K","[2884, 2888]; [2884]; [2888]; [2893]; [2884, 2888, 2894]","false","kept (no corr-family)"
"1013","301","1651","263.0741","0.577","8,999.6","2","2_5_F2","2M+3H2O+2H; 2M+ACN+H; 2M+ACN+Na; 2M+H; 2M+K; 2M+NH4; 2M+Na; M+; M+2ACN+2H; M+2ACN+H; M+2H; M+2H+Na; M+2K-H; M+2Na; M+2Na-H; M+3ACN+2H; M+3H; M+3Na; M+ACN+2H; M+ACN+H; M+ACN+Na; M+CH3OH+H; M+DMSO+H; M+H; M+H+2Na; M+H+K; M+H+NH4; M+H+Na; M+IsoProp+H; M+IsoProp+Na+H; M+K; M+NH4; M+Na","[1158, 997]; [997]; [997]; [997, 999]; [1502, 997]; [997]; [1175, 1248, 1709, 965, 997, 999]; [1048, 997]; [997]; [997]; [997, 999]; [997]; [1264, 997]; [1175, 1179, 976, 997]; [1175, 1189, 997]; [997]; [997]; [1486, 997]; [997, 999]; [997, 999]; [1175, 1248, 997]; [1577, 997]; [997]; [1252, 997, 999]; [997]; [1223, 1260, 997]; [966, 997]; [997]; [997]; [997]; [997]; [997]; [1175, 1179, 1248, 1547, 1709, 965, 997, 999]","true","keep_rep"
"1014","323","1709","279.0479","0.586","2,466.4","2","2_5_F2","2M+3H2O+2H; 2M+K; 2M+Na; M+2Na-H; M+CH3OH+H; M+DMSO+H; M+IsoProp+Na+H; M+K; M+Na","[1090]; [1175, 1248, 1651]; [1509, 955]; [1164]; [1598]; [1597]; [1432]; [1175, 1179, 1248, 1547, 1651]; [1269, 1509, 955]","false","filtered"
"967","309","1163","280.1397","0.582","97,642.2","2","2_5_F1","2M+ACN+H; 2M+ACN+Na; 2M+H; 2M+NH4; M+; M+2ACN+2H; M+2ACN+H; M+2H; M+3ACN+2H; M+3H; M+ACN+H; M+ACN+Na; M+H; M+K; M+NH4; M+Na","[1089, 1457, 1461, 1508, 1597, 1624]; [1357, 1457]; [1461]; [968]; [1254, 1260, 1437, 1547]; [1457, 1597]; [1457, 1597, 954]; [1461]; [1457]; [1461]; [1457, 1461, 1508, 1597, 1624]; [1357, 1457, 1597]; [1461]; [1471]; [1598, 968]; [1461]","true","keep_rep"
"968","318","1477","136.0622","0.584","83,029.7","2","2_5_F1","2M+3H2O+2H; 2M+Na; M+; M+2ACN+H; M+2H; M+2Na; M+2Na-H; M+3ACN+2H; M+H+K; M+H+NH4; M+Na","[1047]; [931]; [998]; [1571]; [875]; [906]; [1355]; [1338, 1526]; [1221]; [1182, 1425, 998]; [931]","false","filtered"
"969","299","1357","217.1298","0.571","67,140.8","2","2_5_F1","2M+ACN+H; 2M+ACN+Na; 2M+H; M+; M+2ACN+2H; M+2ACN+H; M+2H; M+3ACN+2H; M+3H; M+ACN+H; M+ACN+Na; M+DMSO+H; M+H; M+IsoProp+H; M+IsoProp+Na+H; M+NH4; M+Na","[1167, 1457, 921, 954]; [1167]; [1163, 1457]; [1502]; [1167, 954]; [1167, 1200, 954]; [1457]; [1167]; [1457]; [1167, 1457, 921, 954]; [1167, 954]; [1039]; [1163, 1457, 1597]; [1106, 1213]; [1345, 1579]; [1359]; [1457]","false","filtered"
"970","344","1652","132.1024","0.599","59,589.8","2","2_5_F1","2M+NH4; M+2ACN+2H; M+ACN+H; M+H+NH4; M+IsoProp+H; M+NH4","[1571]; [1452]; [1452]; [1409]; [1258, 1526]; [1571]","false","filtered"
"971","328","1502","130.0867","0.588","45,892.3","2","2_5_F1","2M+3H2O+2H; 2M+H; M+; M+2ACN+2H; M+2H; M+2Na; M+3ACN+2H; M+3H; M+ACN+2H; M+ACN+H; M+H; M+H+2Na; M+H+Na; M+IsoProp+H; M+NH4; M+Na","[1355, 1409]; [1437]; [1373]; [1167]; [1437]; [1577]; [1159]; [1437]; [1357]; [1437]; [1437]; [844]; [1075]; [1221]; [1651]; [1437]","false","filtered"
"972","335","1509","274.0920","0.591","35,721.7","2","2_5_F1","2M+3H2O+2H; 2M+ACN+H; 2M+ACN+Na; 2M+H; 2M+K; 2M+NH4; 2M+Na; M+; M+2ACN+2H; M+2ACN+H; M+2H; M+2H+Na; M+2K-H; M+2Na; M+2Na-H; M+3ACN+2H; M+3H; M+3Na; M+ACN+2H; M+ACN+H; M+ACN+Na; M+CH3OH+H; M+DMSO+H; M+H; M+H+2Na; M+H+K; M+H+NH4; M+H+Na; M+IsoProp+H; M+IsoProp+Na+H; M+K; M+NH4; M+Na","[1458, 955]; [955]; [955]; [955]; [955]; [1709, 955]; [955]; [1224, 955]; [955]; [955]; [955]; [955]; [955]; [1741, 955]; [955]; [955]; [955]; [955]; [955]; [955]; [1269, 955]; [1039, 1254, 1355, 1461, 955]; [1359, 1508, 955]; [955]; [955]; [1238, 955, 956]; [1270, 955]; [955]; [955]; [955]; [1425, 955]; [1269, 1709, 955]; [955]","false","filtered"
"973","300","1359","278.1237","0.571","35,109.5","2","2_5_F1","2M+3H2O+2H; 2M+ACN+Na; 2M+NH4; 2M+Na; M+; M+2ACN+H; M+2Na; M+2Na-H; M+3ACN+2H; M+3Na; M+ACN+2H; M+ACN+Na; M+CH3OH+H; M+DMSO+H; M+IsoProp+H; M+NH4; M+Na","[1393, 825]; [1508]; [1461, 1597]; [1508]; [1272]; [1509, 955]; [1470, 1508]; [1508]; [1454]; [1508]; [1089]; [1257, 1508]; [922]; [1357]; [1355]; [1461, 1597]; [1508]","false","filtered"
"974","326","1459","262.1297","0.587","29,808.3","2","2_5_F1","2M+ACN+H; 2M+NH4; M+; M+CH3OH+H; M+IsoProp+H","[825]; [932]; [1200, 1223]; [1179]; [1223, 1452]","false","filtered"
"975","317","1409","144.1023","0.584","26,624.4","2","2_5_F1","2M+3H2O+2H; 2M+ACN+H; M+; M+ACN+2H; M+CH3OH+H; M+IsoProp+H; M+IsoProp+Na+H; M+NH4","[1287, 1571, 875]; [1502]; [1039]; [1652]; [1471, 1597]; [1264]; [825]; [1075, 1470, 1472, 1577]","false","filtered"
"976","302","1388","215.0528","0.579","19,074.2","2","2_5_F1","2M+3H2O+2H; 2M+ACN+H; 2M+ACN+Na; 2M+H; 2M+K; 2M+Na; M+2ACN+2H; M+2H; M+2Na; M+2Na-H; M+3H; M+3Na; M+ACN+H; M+ACN+Na; M+DMSO+H; M+H; M+H+Na; M+IsoProp+H; M+K; M+Na","[691]; [1432]; [1340, 931]; [1432]; [1445]; [1236, 1287, 1340]; [844]; [1432]; [1002, 1340, 1486]; [1340, 1514]; [1432]; [1340]; [1432]; [1340, 931]; [1452]; [1090, 1432, 1458]; [1004]; [1419]; [1238]; [1236, 1340, 1432, 1454, 1470, 1486, 1741]","false","filtered"
"977","332","1580","321.1159","0.589","18,071.2","2","2_5_F1","2M+ACN+H; 2M+ACN+Na; 2M+Na; M+; M+2ACN+H; M+2Na; M+2Na-H; M+3H; M+3Na; M+ACN+Na; M+CH3OH+H; M+DMSO+H; M+H; M+H+K; M+K; M+Na","[1200]; [1223, 1373]; [1373, 1472, 1581]; [1479, 1514]; [1741]; [1373]; [1373]; [1179]; [1373]; [1373]; [1269, 1285]; [1470]; [1310]; [1211]; [1270]; [1373, 1472, 1581]","false","filtered"
"978","312","1452","219.0978","0.583","16,526.8","2","2_5_F1","2M+H; 2M+K; M+; M+2ACN+H; M+3ACN+2H; M+3Na; M+ACN+H; M+DMSO+H; M+H; M+H+NH4; M+K; M+NH4; M+Na","[1293]; [1652]; [1445]; [1338, 1388]; [1338]; [1425]; [1236]; [1260]; [1211, 1647]; [1239]; [1454, 1652]; [1223, 1459]; [1075, 1470]","false","filtered"
"979","336","1597","261.0950","0.591","14,117.8","2","2_5_F1","2M+ACN+H; 2M+ACN+Na; 2M+H; 2M+K; 2M+NH4; 2M+Na; M+; M+2ACN+H; M+2H; M+2Na; M+2Na-H; M+3Na; M+ACN+2H; M+ACN+H; M+ACN+Na; M+CH3OH+H; M+DMSO+H; M+H; M+IsoProp+H; M+K; M+NH4; M+Na","[1458]; [1454, 1457, 954]; [1359, 1461]; [1409, 1471]; [1598, 1741]; [1089, 1163, 1457, 1461, 1508, 1624]; [1254, 1437]; [1622]; [1461]; [1163, 1457]; [1163, 1357, 1457]; [1457]; [1461]; [1461]; [1163, 1457, 954]; [1598]; [1039, 1089, 1479, 1644]; [1359, 1461]; [1709]; [1471]; [1270, 1598]; [1163, 1457, 1461, 1508, 1624]","false","filtered"
"980","319","1479","182.0818","0.584","12,616.6","2","2_5_F1","2M+3H2O+2H; 2M+ACN+H; 2M+ACN+Na; 2M+NH4; M+; M+2ACN+H; M+2H; M+ACN+2H; M+ACN+H; M+DMSO+H; M+H+NH4; M+H+Na; M+IsoProp+H; M+NH4","[1445]; [1393]; [1224, 1442]; [1526]; [1597]; [1039, 968]; [1276, 1340]; [1514, 1580]; [1393]; [1258]; [1252]; [1340]; [1221, 934]; [1526]","false","filtered"
"981","315","1458","247.0796","0.583","10,547.0","2","2_5_F1","2M+3H2O+2H; 2M+ACN+Na; 2M+H; 2M+K; 2M+NH4; 2M+Na; M+; M+2H; M+2Na; M+2Na-H; M+3ACN+2H; M+3Na; M+ACN+H; M+ACN+Na; M+CH3OH+H; M+DMSO+H; M+H+Na; M+K; M+NH4; M+Na","[1597]; [1454]; [1509, 955]; [1039, 1239]; [1090, 1741]; [1089, 1454, 1647]; [906]; [1526]; [1089, 1454]; [1089, 1454]; [1225]; [1454]; [1269]; [1089, 1454]; [1090, 1388, 1432]; [1236]; [1526]; [1239]; [1090, 1741]; [1089, 1454, 1647]","false","filtered"
"982","330","1577","291.1052","0.589","9,959.7","2","2_5_F1","2M+3H2O+2H; 2M+ACN+H; 2M+ACN+Na; 2M+H; 2M+K; 2M+NH4; 2M+Na; M+2K-H; M+CH3OH+H; M+H+K; M+IsoProp+H; M+K; M+NH4; M+Na","[1579]; [1158, 956]; [1238]; [1285]; [1409, 1470, 1472]; [1581]; [1471, 1598, 1842]; [1502]; [1581]; [1239]; [1651]; [1470, 1472]; [1581]; [1471, 1598]","false","filtered"
"983","322","1508","256.1399","0.585","6,843.7","2","2_5_F1","2M+ACN+H; 2M+H; 2M+NH4; M+2H; M+2Na; M+3H; M+ACN+H; M+CH3OH+H; M+H; M+H+2Na; M+H+Na; M+IsoProp+H; M+NH4; M+Na","[1264, 1359, 925]; [1359]; [1089, 1163, 1457, 1461, 1597, 1624]; [1359, 1470]; [1331]; [1359]; [1257, 1359]; [1461]; [1359]; [1259]; [1331]; [1509, 955]; [1163, 1457, 1461, 1597, 1624]; [1359]","false","filtered"
"984","327","1547","319.0999","0.587","6,748.4","2","2_5_F1","2M+K; 2M+Na; M+; M+2Na-H; M+ACN+2H; M+ACN+H; M+ACN+Na; M+DMSO+H; M+IsoProp+Na+H; M+K; M+Na","[1260]; [1425]; [1486]; [1075, 1472]; [1200]; [1624]; [1571]; [1175, 1248, 1651, 1709]; [1257, 1624]; [1163, 1254, 1260, 1437]; [1425]","false","filtered"
"985","321","1472","316.1608","0.585","5,301.2","2","2_5_F1","2M+ACN+H; 2M+ACN+Na; 2M+NH4; M+; M+2ACN+2H; M+2ACN+H; M+2H; M+3ACN+2H; M+ACN+H; M+ACN+Na; M+CH3OH+H; M+DMSO+H; M+IsoProp+Na+H; M+NH4","[1075, 1211, 1571]; [1075, 1409, 1577]; [1373, 1580, 1581]; [1514]; [1075]; [1075, 1089]; [1251]; [1075, 1514]; [1075, 1547]; [1075, 1577]; [1276]; [1175]; [1393, 1624]; [1373, 1580, 1581]","false","filtered"
"986","340","1624","277.0689","0.593","5,164.2","2","2_5_F1","2M+ACN+H; 2M+H; 2M+K; 2M+Na; M+; M+2K-H; M+2Na-H; M+ACN+H; M+H+Na; M+IsoProp+Na+H; M+K","[1647]; [925]; [1089, 1163, 1457, 1461, 1508, 1597]; [1236, 1257]; [1547]; [1457]; [1393, 1472]; [1257, 1547]; [1200]; [1225]; [1163, 1457, 1461, 1508, 1597]","false","filtered"
"987","314","1457","239.1129","0.583","4,945.6","2","2_5_F1","2M+ACN+H; 2M+ACN+Na; 2M+H; 2M+K; 2M+Na; M+2ACN+2H; M+2ACN+H; M+2H; M+2Na; M+2Na-H; M+3ACN+2H; M+3H; M+3Na; M+ACN+2H; M+ACN+H; M+ACN+Na; M+DMSO+H; M+H; M+K; M+NH4; M+Na","[1454, 1597, 954]; [1167, 1357, 954]; [1089, 1163, 1461, 1508, 1597, 1624]; [1285, 1664]; [1163, 1357]; [954]; [1842, 954]; [1163, 1597]; [1357]; [1357]; [954]; [1597]; [1357]; [1163]; [1163, 1597, 954]; [1167, 1357, 954]; [1039]; [1163, 1461, 1508, 1597, 1624]; [1624]; [968]; [1163, 1357, 1597]","false","filtered"
"988","329","1393","158.0817","0.588","4,819.3","2","2_5_F1","2M+3H2O+2H; 2M+H; 2M+NH4; M+2ACN+2H; M+2ACN+H; M+2H; M+2Na-H; M+3ACN+2H; M+ACN+H; M+CH3OH+H; M+DMSO+H; M+H; M+H+NH4; M+IsoProp+H; M+NH4","[1003, 1445]; [1345]; [1479]; [1472, 1624]; [1164]; [1425]; [1437]; [1470]; [1003]; [1359, 825]; [825]; [1345, 1549]; [1514]; [1221, 1355]; [1479]","false","filtered"
"989","331","1579","305.1207","0.589","4,612.9","2","2_5_F1","2M+ACN+H; 2M+K; 2M+Na; M+; M+2Na; M+CH3OH+H; M+H+K; M+IsoProp+H; M+K; M+Na","[1577]; [1345, 1357]; [1632]; [1248, 1644]; [1461]; [1338]; [1471]; [1158, 1270]; [1345]; [1632]","false","filtered"
"990","334","1842","217.1194","0.589","4,143.2","2","2_5_F1","M+2ACN+H; M+CH3OH+H; M+DMSO+H; M+H+Na; M+IsoProp+H; M+IsoProp+Na+H","[1471, 1577, 1598]; [1331]; [1039]; [1454]; [1213, 1457, 954]; [906]","false","filtered"
"991","333","1581","337.0900","0.589","4,065.5","2","2_5_F1","2M+ACN+Na; 2M+K; M+2K-H; M+2Na; M+ACN+Na; M+DMSO+H; M+IsoProp+Na+H; M+K","[1577, 955]; [1373, 1472, 1580]; [1373]; [1251]; [1577, 955]; [1577, 925]; [1338]; [1373, 1472, 1580]","false","filtered"
"992","339","1622","211.0698","0.593","3,909.2","2","2_5_F1","2M+ACN+H; 2M+ACN+Na; M+; M+2ACN+2H; M+2ACN+H; M+2Na-H; M+3ACN+2H; M+ACN+H; M+ACN+Na; M+CH3OH+H; M+DMSO+H; M+H; M+IsoProp+Na+H; M+Na","[966]; [1182, 966]; [1239, 998]; [966]; [966]; [1664]; [966]; [966]; [1182, 1287, 966, 998]; [1597]; [1047, 1644, 906]; [1269]; [1285]; [1239]","false","filtered"
"993","325","1437","152.0709","0.586","3,900.5","2","2_5_F1","2M+ACN+H; 2M+NH4; 2M+Na; M+2ACN+2H; M+2ACN+H; M+2H; M+2Na; M+2Na-H; M+3ACN+2H; M+3Na; M+ACN+2H; M+ACN+Na; M+DMSO+H; M+H; M+H+Na; M+K; M+Na","[1224]; [1047]; [1502]; [1311]; [1174, 1549]; [1254, 1260, 1461]; [1502]; [1502]; [1419, 1549]; [1502]; [1254, 1597]; [1502]; [1571]; [1254]; [1163, 1254, 1260, 1547]; [1393]; [1502]","false","filtered"
"994","346","1425","314.1453","0.604","3,868.0","2","2_5_F1","2M+ACN+H; 2M+NH4; M+; M+2ACN+H; M+ACN+H; M+ACN+Na; M+CH3OH+H; M+DMSO+H; M+H+K; M+IsoProp+H; M+IsoProp+Na+H; M+NH4","[1571]; [1547]; [1393]; [1571]; [1571]; [1571]; [1047, 1248, 1252]; [1373, 1509, 955]; [1452]; [1182, 1477, 998]; [1257]; [1547]","false","filtered"
"995","316","1461","302.1210","0.583","3,412.1","2","2_5_F1","2M+3H2O+2H; 2M+ACN+H; 2M+ACN+Na; 2M+K; 2M+NH4; 2M+Na; M+; M+2ACN+2H; M+2ACN+H; M+2H; M+2Na; M+2Na-H; M+3ACN+2H; M+3Na; M+ACN+H; M+ACN+Na; M+DMSO+H; M+H+K; M+IsoProp+H; M+K; M+NH4; M+Na","[1224, 1514]; [1359, 1597]; [1089, 1163, 1457, 1508, 1597, 1624]; [1471]; [1598]; [1163]; [1254, 1260, 1437]; [1597]; [1597]; [1632]; [1163]; [1163]; [1597]; [1163]; [1359, 1597]; [1163, 1457, 1508, 1597, 1624]; [1508]; [1579]; [1039, 1254, 1355, 1509, 955]; [1471]; [1598]; [1003, 1163]","false","filtered"
"996","337","1598","307.0798","0.591","3,214.1","2","2_5_F1","2M+3H2O+2H; 2M+ACN+Na; 2M+K; 2M+Na; M+; M+2ACN+2H; M+2K-H; M+2Na-H; M+ACN+Na; M+DMSO+H; M+IsoProp+H; M+K; M+Na","[1632]; [1597, 1741]; [1471, 1577, 1842]; [1461]; [1254, 1260]; [934]; [1470]; [1163]; [1270, 1597]; [1597]; [1709]; [1471, 1577]; [1461]","false","filtered"
"997","307","1471","286.1504","0.581","2,965.4","2","2_5_F1","2M+ACN+H; 2M+ACN+Na; 2M+NH4; 2M+Na; M+; M+2ACN+H; M+2H; M+2Na-H; M+3ACN+2H; M+ACN+H; M+ACN+Na; M+IsoProp+H; M+IsoProp+Na+H; M+NH4; M+Na","[1239, 1285]; [1409, 1597]; [1577, 1598, 1842]; [1461]; [1254, 1260]; [1175]; [1579]; [1163]; [1047]; [1269, 1285]; [1597]; [1269, 965]; [825]; [1577, 1598]; [1461]","false","filtered"
"998","320","1449","189.1235","0.585","2,914.7","2","2_5_F1","2M+ACN+H; 2M+NH4; M+2ACN+2H; M+2ACN+H; M+ACN+2H; M+ACN+H; M+ACN+Na; M+IsoProp+H; M+NH4; M+Na","[1345, 1514]; [1445]; [1514]; [1514]; [1106]; [1514]; [1514]; [932]; [1445]; [1331]","false","filtered"
"999","324","1526","165.0551","0.586","2,632.6","2","2_5_F1","2M+ACN+Na; 2M+H; 2M+K; 2M+Na; M+; M+2ACN+2H; M+2ACN+H; M+2H+Na; M+2Na; M+2Na-H; M+3H; M+3Na; M+ACN+H; M+ACN+Na; M+DMSO+H; M+H; M+K; M+NH4; M+Na","[825]; [1479]; [1003]; [1258, 1514, 1652, 825]; [1213, 954]; [1200]; [1174]; [1458]; [825]; [825]; [1458]; [1454, 825]; [1549]; [825]; [1258, 1514]; [1479]; [1003, 925]; [1477]; [1345, 825]","false","filtered"
"1000","345","1664","184.1338","0.603","2,310.7","2","2_5_F1","2M+NH4; M+2ACN+2H; M+2ACN+H; M+DMSO+H; M+IsoProp+Na+H; M+NH4","[1258]; [1248]; [1287]; [1047]; [1457]; [1622]","false","filtered"
"1001","308","1486","402.1613","0.581","1,922.1","2","2_5_F1","2M+ACN+H; 2M+ACN+Na; 2M+NH4; M+2ACN+2H; M+2ACN+H; M+ACN+Na; M+H; M+NH4; M+Na","[1213]; [1514]; [1236, 1340, 1388, 1432, 1454, 1470, 1741]; [1651]; [1547]; [1514]; [1127, 1236]; [1340, 1388]; [1311]","false","filtered"
"1002","341","1647","263.0533","0.593","1,909.7","2","2_5_F1","2M+3H2O+2H; 2M+K; M+2ACN+2H; M+2K-H; M+2Na-H; M+3ACN+2H; M+ACN+H; M+DMSO+H; M+H+K; M+K","[1624]; [1089, 1454, 1458]; [1339]; [1454]; [1211, 1452]; [1339]; [1339]; [934]; [934]; [1089, 1454, 1458]","false","filtered"
"1003","305","1571","137.0600","0.581","1,858.7","2","2_5_F1","2M+Na; M+; M+2ACN+H; M+2H; M+3ACN+2H; M+ACN+2H; M+ACN+Na; M+DMSO+H; M+H; M+H+NH4; M+H+Na; M+IsoProp+Na+H; M+NH4; M+Na","[1652]; [1075, 1211, 1470, 1472]; [1224]; [1182, 1425]; [1236]; [1425]; [1236, 1437]; [1221, 1287, 1409, 875]; [1425]; [1547]; [1182, 1269, 1285, 1425]; [1477]; [1287]; [1652]","false","filtered"
"1004","311","1442","123.0439","0.583","1,716.0","2","2_5_F1","M+2H; M+2H+Na; M+3H; M+3Na; M+ACN+Na; M+H+K","[956]; [1252, 1276]; [1454]; [1248, 1252]; [1224, 1479, 825]; [1258]","false","filtered"
"1005","313","1454","225.0973","0.583","1,611.5","2","2_5_F1","2M+3H2O+2H; 2M+ACN+H; 2M+H; 2M+NH4; 2M+Na; M+2ACN+2H; M+2H; M+2H+Na; M+2Na-H; M+3ACN+2H; M+3H; M+ACN+2H; M+ACN+H; M+CH3OH+H; M+DMSO+H; M+H; M+H+K; M+H+NH4; M+H+Na; M+IsoProp+Na+H; M+K; M+NH4; M+Na","[1457, 1597, 1644, 954]; [1458]; [1089, 1458, 1647]; [1741]; [1089]; [1339, 1442]; [1089, 1458]; [1252]; [1452]; [1273]; [1458]; [1089]; [1089, 1458]; [1236, 1340, 1388, 1432, 1470, 1486, 1741]; [1024, 1236, 934]; [1089, 1458, 1647]; [1842]; [1359]; [1526]; [1039, 1164]; [1647]; [1741]; [1089, 1458]","false","filtered"
"1006","310","1373","299.1342","0.583","1,528.9","2","2_5_F1","2M+ACN+H; 2M+ACN+Na; 2M+H; 2M+K; 2M+NH4; M+2ACN+2H; M+2H; M+3H; M+ACN+H; M+ACN+Na; M+CH3OH+H; M+H; M+H+K; M+IsoProp+Na+H; M+K; M+Na","[1075, 1223, 1580]; [955]; [1472, 1580, 1581]; [1502]; [1159]; [1158]; [1580]; [1580]; [1075, 1580]; [1425, 955]; [1252, 1269, 1285]; [1472, 1580, 1581]; [1211]; [1311]; [1581]; [1580]","false","filtered"
"1007","342","1514","170.0815","0.593","1,487.8","2","2_5_F1","2M+3H2O+2H; 2M+Na; M+; M+2ACN+H; M+2H; M+2Na; M+2Na-H; M+3H; M+ACN+2H; M+ACN+Na; M+CH3OH+H; M+DMSO+H; M+H; M+H+NH4; M+H+Na; M+IsoProp+H; M+IsoProp+Na+H; M+Na","[1526]; [1345, 1449]; [1340, 1388]; [1174]; [1486]; [1449]; [1449, 1549]; [1470, 1472]; [1393]; [1449]; [1224, 1461]; [1345]; [1486]; [1479, 1580]; [1472]; [1340]; [1526]; [1449]","false","filtered"
"1008","347","1549","202.0392","0.605","1,402.7","2","2_5_F1","2M+ACN+H; 2M+ACN+Na; 2M+Na; M+; M+2K-H; M+2Na-H; M+DMSO+H; M+H; M+H+NH4; M+Na","[1260]; [1437]; [1419]; [1325, 1339]; [1514]; [1345, 1393]; [1526]; [1260]; [1325]; [1419, 1437]","false","filtered"
"1009","343","1632","321.0963","0.595","1,383.7","2","2_5_F1","2M+ACN+H; 2M+ACN+Na; 2M+K; M+; M+ACN+Na; M+CH3OH+H; M+H+K; M+IsoProp+Na+H; M+K; M+NH4","[1598]; [1470]; [1579]; [1310]; [1338, 1470]; [932]; [1461]; [1432]; [1579]; [1338]","false","filtered"
"1010","304","1419","218.0098","0.581","841.7","2","2_5_F1","2M+K; M+ACN+H; M+ACN+Na; M+K","[1549]; [1432]; [1388]; [1437, 1549]","false","filtered"
"1011","338","1644","215.1029","0.591","834.3","2","2_5_F1","2M+H; 2M+NH4; M+; M+2ACN+H; M+3ACN+2H; M+ACN+H; M+CH3OH+H; M+DMSO+H; M+H; M+H+NH4; M+IsoProp+H; M+IsoProp+Na+H; M+NH4","[1003, 1264, 925]; [1454, 954]; [1293]; [1047, 1175, 1622]; [1248, 1579]; [1003]; [1039, 1089, 1597]; [1164]; [1003]; [1189]; [1338, 844]; [1003]; [954]","false","filtered"
"1012","306","1470","275.1236","0.581","765.1","2","2_5_F1","2M+H; 2M+NH4; 2M+Na; M+2ACN+H; M+2Na-H; M+3ACN+2H; M+ACN+2H; M+ACN+H; M+CH3OH+H; M+DMSO+H; M+H+K; M+IsoProp+Na+H; M+NH4; M+Na","[1211, 1571]; [1223, 1632]; [1409, 1577]; [1236, 1340, 1388, 1432, 1454, 1486, 1741]; [1598]; [1311]; [1514]; [1089]; [1580]; [1452]; [1359, 1508]; [1393]; [1632]; [1577]","false","filtered"
"862","261","1261","360.1508","0.552","2,133,917.1","2","2_4_F1","2M+NH4; M+2ACN+H; M+CH3OH+H; M+H+NH4; M+IsoProp+H; M+IsoProp+Na+H; M+K; M+NH4","[1177, 1273, 828]; [1158, 998]; [1270]; [1280]; [925]; [1159, 1221, 956]; [1355]; [1177, 1251, 1273, 1280, 828, 855]","true","keep_rep"
"863","284","1224","138.0553","0.561","1,810,035.3","2","2_4_F1","2M+3H2O+2H; 2M+H; 2M+Na; M+; M+2ACN+H; M+2H; M+2Na; M+2Na-H; M+3ACN+2H; M+3H; M+3Na; M+ACN+2H; M+ACN+H; M+ACN+Na; M+DMSO+H; M+H; M+H+NH4; M+IsoProp+Na+H; M+K; M+Na","[1437]; [1087, 1109]; [1264, 825]; [1221, 1287, 572, 854]; [1221]; [1087, 1509, 955]; [1264]; [1264, 1445, 968]; [933]; [1087]; [1264]; [995]; [1087]; [1003, 1167, 1264, 925]; [1442, 1479, 825]; [1087, 1109, 1461, 1514]; [1338]; [1571]; [1109]; [1087, 1264]","false","filtered"
"864","285","1264","116.0712","0.562","926,805.9","2","2_4_F1","2M+H; M+; M+2ACN+2H; M+2H; M+2Na; M+3ACN+2H; M+3H; M+ACN+2H; M+ACN+H; M+ACN+Na; M+CH3OH+H; M+H; M+IsoProp+H; M+Na","[1224, 825]; [1221, 1287, 1293, 875]; [1003, 925]; [1224]; [1651, 997]; [1003, 1508, 1644, 925]; [1224]; [1002, 1258]; [1003, 1167, 1224, 925]; [796, 825]; [1409]; [1087, 1224]; [1221]; [1224, 1445]","false","filtered"
"865","225","1024","147.0768","0.537","910,365.6","2","2_4_F1","2M+3H2O+2H; 2M+ACN+H; 2M+H; 2M+NH4; 2M+Na; M+2H; M+3ACN+2H; M+3H; M+ACN+H; M+ACN+Na; M+CH3OH+H; M+H; M+H+2Na; M+H+K; M+H+NH4; M+H+Na; M+IsoProp+H; M+IsoProp+Na+H; M+K; M+NH4; M+Na","[1039, 1106]; [906, 933]; [933, 934]; [1355, 931]; [1260, 1265]; [1000, 1174, 933, 975]; [933]; [933]; [933]; [1248, 750]; [1213, 1340, 1345, 370, 832]; [1000, 1454, 855, 857, 933, 934]; [839]; [1000, 1047]; [1164]; [1001, 1159]; [921]; [1257]; [934]; [1248, 1355, 750, 931]; [1260, 1265, 933]","false","filtered"
"866","297","1355","130.0504","0.569","585,283.0","2","2_4_F1","2M+3H2O+2H; 2M+H; 2M+NH4; M+; M+2H; M+2Na; M+3H; M+3Na; M+ACN+2H; M+ACN+H; M+ACN+Na; M+CH3OH+H; M+DMSO+H; M+H; M+H+K; M+H+NH4; M+IsoProp+H; M+K; M+NH4; M+Na","[1106, 1174]; [1024, 931]; [1293]; [1211]; [1272, 931, 975]; [1257]; [931]; [1261]; [1359]; [1003, 931]; [1285]; [1221, 1287, 1393]; [1502]; [1024, 1248, 931]; [906]; [1039, 1254, 1461, 1509, 955]; [842]; [1477]; [1285]; [931]","false","filtered"
"867","198","1177","381.0802","0.524","348,280.1","2","2_4_F1","2M+H; 2M+K; M+2ACN+2H; M+2ACN+H; M+2K-H; M+2Na; M+2Na-H; M+ACN+H; M+CH3OH+H; M+DMSO+H; M+H; M+H+Na; M+K; M+NH4; M+Na","[855, 955]; [1261, 1273, 828]; [1259]; [855]; [1273]; [1259]; [855, 933, 975]; [855]; [1324, 1325]; [852, 907, 931]; [855]; [1259]; [1251, 1261, 1273, 1280, 828, 855]; [855]; [1259, 855]","false","filtered"
"868","218","965","258.1107","0.532","326,677.5","2","2_4_F1","2M+ACN+H; 2M+ACN+Na; 2M+H; 2M+NH4; 2M+Na; M+2ACN+H; M+2H; M+2Na; M+2Na-H; M+3ACN+2H; M+3H; M+ACN+H; M+ACN+Na; M+CH3OH+H; M+DMSO+H; M+H; M+IsoProp+Na+H; M+K; M+NH4; M+Na","[1047, 939]; [995]; [1075, 1223, 879, 939]; [1175, 1248, 1651, 750, 938, 997, 999]; [955]; [1047]; [1158, 939]; [1238]; [922]; [1189]; [939]; [1047, 939]; [995]; [1159, 1269, 1471, 999]; [1287, 572]; [1047, 1075, 879, 939]; [1005]; [879]; [1175, 1248, 1651, 750, 938, 997, 999]; [939, 955]","false","filtered"
"869","243","1254","325.1137","0.546","299,318.2","2","2_4_F1","2M+H; 2M+Na; M+2ACN+H; M+2H; M+2Na-H; M+ACN+H; M+ACN+Na; M+CH3OH+H; M+H; M+H+NH4; M+H+Na; M+IsoProp+Na+H; M+K; M+NH4; M+Na","[1260, 1272, 1287]; [1437]; [1260]; [1338]; [1163, 1260, 1437, 1547]; [1260]; [1437, 1597]; [941]; [1260, 1272]; [975]; [1338]; [1039, 1355, 1461, 1509, 955]; [1260, 1471]; [1260, 1598]; [1260, 1437, 1461]","false","filtered"
"870","263","906","133.0612","0.553","281,407.1","2","2_4_F1","2M+3H2O+2H; 2M+H; 2M+NH4; M+; M+2H; M+2Na; M+3H; M+ACN+H; M+ACN+Na; M+DMSO+H; M+H; M+H+K; M+H+NH4; M+K; M+NH4; M+Na","[1024, 933]; [1285, 875, 907]; [905]; [1842]; [1273, 875, 931]; [1355]; [1189, 875]; [875, 966]; [1182]; [1445]; [1622, 839, 854, 875, 907, 968]; [1477]; [1458]; [907]; [1182, 1213, 905, 954]; [875]","false","filtered"
"871","242","1285","145.0505","0.546","197,739.7","2","2_4_F1","2M+H; 2M+NH4; 2M+Na; M+; M+2ACN+2H; M+2H; M+2H+Na; M+2Na; M+2Na-H; M+3H; M+ACN+2H; M+CH3OH+H; M+DMSO+H; M+H; M+H+K; M+H+NH4; M+H+Na; M+NH4; M+Na","[1248, 750, 832, 930]; [842, 855, 875, 933]; [1047]; [1577]; [1269]; [1188, 1269, 1580]; [969]; [1269, 1471]; [1265, 1457]; [969]; [1000, 1269]; [1355, 855]; [1003, 1047, 1355, 875, 906, 907]; [1248, 1269, 750]; [1182, 1269, 1571]; [1017, 1269, 954, 999]; [1252, 1269, 1373]; [1622, 842, 855, 879, 933]; [1471]","false","filtered"
"872","193","933","169.0587","0.521","170,178.5","2","2_4_F1","2M+3H2O+2H; 2M+ACN+H; 2M+ACN+Na; 2M+H; 2M+NH4; 2M+Na; M+; M+2ACN+2H; M+2H; M+2Na; M+2Na-H; M+3ACN+2H; M+3H; M+3Na; M+ACN+2H; M+ACN+H; M+ACN+Na; M+CH3OH+H; M+H; M+H+K; M+H+NH4; M+H+Na; M+IsoProp+Na+H; M+K; M+NH4; M+Na","[1039, 1164]; [1285, 842, 855, 875]; [1024, 906]; [809, 855, 856]; [931]; [1024, 934]; [1024]; [947, 975]; [1177, 1338, 855, 975]; [1000, 1024, 1174, 975]; [1024, 1260, 1265]; [905, 955]; [855]; [1024, 371]; [975]; [1285, 842, 855]; [1024]; [332, 370]; [772, 855, 856, 975]; [1047, 1273, 1276, 975]; [975]; [975]; [1257, 839, 844, 907]; [856]; [1224, 931]; [1000, 1024, 855, 857, 934]","false","filtered"
"873","277","1257","127.0395","0.558","152,806.4","2","2_4_F1","2M+NH4; M+; M+2ACN+2H; M+3ACN+2H; M+ACN+2H; M+ACN+H; M+ACN+Na; M+H+K; M+H+NH4; M+H+Na; M+NH4; M+Na","[930]; [1236, 1624]; [839, 844, 859, 907, 996]; [844, 907]; [922]; [839, 844, 907, 933]; [1024]; [1003, 1355, 1359, 1508]; [1547, 1624]; [1425]; [1005, 930]; [1039]","false","filtered"
"874","230","1159","309.1295","0.540","139,003.7","2","2_4_F1","2M+3H2O+2H; 2M+ACN+H; 2M+H; 2M+K; 2M+Na; M+2H; M+3H; M+ACN+H; M+CH3OH+H; M+DMSO+H; M+H; M+H+NH4; M+IsoProp+Na+H; M+K; M+Na","[1175, 1252, 1373, 999]; [1000, 998]; [1000, 1001, 1445]; [1502]; [1167]; [1000]; [1000]; [1000]; [1221, 1261, 956]; [1239]; [1000, 1001]; [1276]; [1269, 965, 999]; [1001, 1024]; [1000]","false","filtered"
"875","257","1221","139.0575","0.551","135,152.1","2","2_4_F1","2M+H; 2M+K; 2M+NH4; 2M+Na; M+; M+2ACN+2H; M+2ACN+H; M+2H; M+2Na; M+2Na-H; M+3ACN+2H; M+3Na; M+ACN+2H; M+ACN+H; M+ACN+Na; M+CH3OH+H; M+H; M+H+K; M+H+NH4; M+H+Na; M+IsoProp+Na+H; M+K; M+NH4; M+Na","[1287, 1502, 572, 832]; [1265]; [1260, 934]; [1287, 1293, 1571]; [1272, 1445]; [1238, 956]; [1109, 1293]; [1159, 1261, 1287, 956]; [1293, 1477, 918, 956]; [1293]; [1109, 925]; [1293, 1345]; [1287, 956]; [1287, 1355, 1393]; [1293]; [1182, 966]; [1224, 1287, 572, 832, 956]; [956]; [1272, 1273, 882, 956]; [941, 956]; [1224, 1264, 931]; [1265]; [1260, 1479, 691, 842, 934]; [1264, 1287, 1293]","false","filtered"
"876","286","1287","180.0872","0.562","127,458.0","2","2_4_F1","2M+ACN+H; 2M+ACN+Na; 2M+H; 2M+K; 2M+NH4; M+2ACN+2H; M+2ACN+H; M+2H; M+2K-H; M+3ACN+2H; M+3H; M+ACN+H; M+ACN+Na; M+CH3OH+H; M+DMSO+H; M+H; M+H+K; M+H+NH4; M+IsoProp+H; M+IsoProp+Na+H; M+K; M+NH4; M+Na","[1221, 572, 832]; [1221, 1293, 1409, 1571, 875]; [572]; [1265]; [1260]; [1221]; [1221, 1355]; [572]; [1265]; [1221]; [572]; [1221, 1224, 572, 832]; [1221, 1264, 1293, 875]; [1182, 1622, 947, 966, 998]; [1664]; [572, 965]; [1445]; [1272]; [1571]; [1236, 1340, 1388]; [1265]; [1254, 1260, 1272]; [572]","false","filtered"
"877","298","1273","343.1243","0.570","123,119.2","2","2_4_F1","2M+H; M+2H; M+2Na-H; M+ACN+2H; M+ACN+H; M+DMSO+H; M+H; M+H+Na; M+IsoProp+Na+H; M+K; M+NH4","[1177, 1261]; [1251, 1280]; [933, 975]; [1251]; [1276]; [875, 906, 931]; [1177, 1251, 1261, 1280]; [1251, 1259]; [1221, 956]; [1177]; [1454]","false","filtered"
"878","236","1106","120.0661","0.544","111,560.1","2","2_4_F1","2M+H; 2M+NH4; M+2ACN+2H; M+2H; M+2H+Na; M+2Na; M+3ACN+2H; M+ACN+2H; M+ACN+H; M+CH3OH+H; M+H; M+H+K; M+H+Na; M+IsoProp+H; M+NH4; M+Na","[1024, 1039]; [1174, 1355]; [1213, 1357]; [1158]; [1449]; [1293, 1741]; [1167, 1213, 1263]; [1213]; [1213]; [1174, 930]; [1039, 1158, 954]; [1158, 1265]; [1090, 1238]; [1087]; [1174, 691]; [1167]","false","filtered"
"879","274","1182","148.0608","0.557","106,888.6","2","2_4_F1","2M+3H2O+2H; 2M+ACN+H; 2M+H; M+2ACN+2H; M+2H; M+2H+Na; M+2Na; M+2Na-H; M+3ACN+2H; M+3H; M+ACN+2H; M+ACN+H; M+ACN+Na; M+CH3OH+H; M+DMSO+H; M+H; M+H+K; M+H+NH4; M+H+Na; M+IsoProp+Na+H; M+K; M+NH4; M+Na","[1248, 825]; [966]; [1622, 966]; [998]; [947, 966, 998]; [1239]; [1285, 1571, 998]; [1331]; [907]; [966]; [1425, 1477, 998]; [1221, 966]; [1260, 1293]; [905, 906, 954]; [906]; [1287, 1622, 947, 966, 998]; [947, 998]; [998]; [1239, 1571, 998]; [966]; [1265]; [1260]; [966]","false","filtered"
"880","292","1260","163.0605","0.565","106,142.4","2","2_4_F1","2M+ACN+H; 2M+H; 2M+K; M+2ACN+2H; M+2ACN+H; M+2H; M+2Na; M+2Na-H; M+3ACN+2H; M+3H; M+ACN+2H; M+ACN+H; M+ACN+Na; M+CH3OH+H; M+DMSO+H; M+H; M+H+K; M+H+NH4; M+H+Na; M+K; M+Na","[1221]; [1287]; [1024, 1265]; [1254]; [1549]; [1254, 1272]; [1163, 1254, 1437, 1547]; [1075]; [1549]; [1223, 1651, 997]; [1254]; [1221]; [1293]; [1182]; [1182, 1293]; [1254, 1272, 1287]; [1254, 1471]; [1254, 1598]; [1254, 1437, 1461]; [1024, 1265, 933]; [1452, 1547]","false","filtered"
"881","259","1213","198.0977","0.552","102,725.4","2","2_4_F1","2M+3H2O+2H; 2M+ACN+H; 2M+NH4; M+; M+2ACN+H; M+2H; M+ACN+2H; M+ACN+H; M+CH3OH+H; M+H; M+H+NH4; M+H+Na; M+IsoProp+Na+H; M+NH4; M+Na","[1340]; [1106]; [1005, 859]; [1391]; [1106, 1167, 1263, 905, 906]; [1002, 1004, 1311]; [1002]; [1106, 1357, 1842]; [1526]; [1002, 1106, 1311]; [1236]; [1002]; [1024, 1340, 1345, 832]; [1005, 1486, 859]; [1345]","false","filtered"
"882","269","1258","104.0714","0.555","84,670.3","2","2_4_F1","M+2H; M+3ACN+2H; M+CH3OH+H; M+H; M+H+NH4; M+NH4","[1442]; [1248, 1664, 691]; [1526, 1652, 825]; [1479]; [1002, 1264]; [1526]","false","filtered"
"883","252","1269","289.0920","0.549","78,004.9","2","2_4_F1","2M+H; M+2ACN+2H; M+2ACN+H; M+2Na-H; M+3ACN+2H; M+3H; M+ACN+2H; M+ACN+H; M+ACN+Na; M+CH3OH+H; M+DMSO+H; M+H; M+IsoProp+Na+H; M+K; M+NH4; M+Na","[1248, 1285]; [1048]; [1285]; [1285, 1471]; [931]; [969]; [1158]; [1000, 1285]; [1159, 1471, 965, 999]; [1509, 1709, 938, 955]; [1509, 1622, 955, 995, 996]; [1188, 1285, 1580]; [1458, 878]; [1285, 1571]; [1285, 999]; [1252, 1285, 1373]","false","filtered"
"884","248","1089","266.1240","0.547","72,937.0","2","2_4_F1","2M+3H2O+2H; 2M+ACN+H; 2M+ACN+Na; 2M+H; 2M+NH4; M+2ACN+2H; M+2ACN+H; M+2H; M+3ACN+2H; M+3H; M+3Na; M+ACN+H; M+ACN+Na; M+CH3OH+H; M+DMSO+H; M+H; M+H+NH4; M+IsoProp+Na+H; M+K; M+NH4; M+Na","[1163, 1457, 1461, 1508, 1597, 1624]; [1454, 1458, 1647, 878]; [1454]; [878, 881]; [1741]; [1454, 1458]; [1454, 1458]; [878]; [1454]; [878]; [655]; [1454, 1458, 1647, 878]; [1454, 1458]; [1470, 1472]; [1236]; [878, 881]; [1359]; [1039, 1597, 1644]; [1239, 881]; [1090, 1270, 1741]; [878]","false","filtered"
"885","227","875","155.0442","0.538","72,594.1","2","2_4_F1","2M+3H2O+2H; 2M+ACN+H; 2M+H; 2M+K; 2M+Na; M+; M+2H; M+2Na; M+2Na-H; M+3H; M+3Na; M+ACN+H; M+ACN+Na; M+CH3OH+H; M+DMSO+H; M+H; M+H+K; M+H+Na; M+IsoProp+Na+H; M+K; M+NH4; M+Na","[1285, 842, 855, 933]; [854]; [844, 854]; [1287, 1409, 1571]; [1285, 906, 907]; [947]; [852, 854]; [1273, 906, 931]; [906]; [854]; [1189, 906]; [854]; [906, 966]; [1039, 691]; [1164]; [1338, 844, 852, 854, 995]; [1477, 852, 976]; [828]; [968]; [1264, 1287, 844]; [966]; [839, 854, 906, 907, 968]","false","filtered"
"886","281","934","185.0320","0.560","67,013.0","2","2_4_F1","2M+ACN+H; 2M+ACN+Na; 2M+H; 2M+K; M+2ACN+2H; M+2ACN+H; M+2H; M+2H+Na; M+2K-H; M+3H; M+3Na; M+ACN+H; M+ACN+Na; M+H; M+H+K; M+H+Na; M+K; M+Na","[842, 856, 907]; [1221]; [856, 857]; [1024, 933]; [842]; [842]; [856]; [1598]; [1024]; [856]; [1647]; [842, 856]; [1221, 1479, 691, 842]; [1647, 856, 857]; [1174, 1324]; [1300]; [1024, 1454, 855, 857, 933]; [856]","false","filtered"
"887","238","1189","475.1776","0.544","65,171.8","2","2_4_F1","2M+H; 2M+K; M+ACN+Na; M+DMSO+H; M+IsoProp+Na+H","[1235]; [1175, 1651, 997]; [1644]; [875, 906]; [965]","false","filtered"
"888","290","1276","362.1562","0.563","65,045.8","2","2_4_F1","2M+ACN+Na; 2M+NH4; M+; M+3ACN+2H; M+ACN+Na; M+DMSO+H; M+IsoProp+H; M+IsoProp+Na+H; M+NH4","[1047, 975]; [1188, 1252]; [1479]; [1159]; [1047, 933, 975]; [1472]; [1273]; [930]; [1188, 1252, 1442]","false","filtered"
"889","276","1311","458.1873","0.557","63,439.7","2","2_4_F1","2M+3H2O+2H; 2M+ACN+H; 2M+ACN+Na; 2M+NH4; M+; M+2ACN+2H; M+2ACN+H; M+2K-H; M+3ACN+2H; M+ACN+H; M+ACN+Na; M+CH3OH+H; M+DMSO+H","[1373]; [1002, 1004, 1127, 905, 969]; [1002, 1213]; [1437]; [1179]; [1002, 1004]; [1002, 1004]; [1047]; [1002]; [1002, 1004, 1127, 969]; [1002, 1004, 1213]; [1470]; [1486]","false","filtered"
"890","229","1158","277.0900","0.540","59,177.3","2","2_4_F1","2M+3H2O+2H; 2M+ACN+H; 2M+ACN+Na; 2M+H; 2M+K; 2M+Na; M+; M+2H; M+2K-H; M+2Na; M+2Na-H; M+3Na; M+ACN+Na; M+CH3OH+H; M+DMSO+H; M+H+K; M+H+NH4; M+K; M+NH4; M+Na","[1577]; [1651, 997]; [1238]; [832, 999]; [1039, 1106, 1211, 954]; [1090, 1175, 1238, 1239]; [1261, 998]; [879]; [1106, 1265, 1331]; [1238, 955]; [1238, 1293, 1741]; [1238]; [1238]; [1270, 1579]; [1175, 1432]; [1373, 965]; [1269]; [1106, 1211]; [930]; [1090, 1238, 1239]","false","filtered"
"891","240","1200","307.1016","0.545","53,063.7","2","2_4_F1","2M+3H2O+2H; 2M+ACN+H; 2M+ACN+Na; 2M+K; 2M+NH4; 2M+Na; M+2ACN+2H; M+2H; M+2Na; M+2Na-H; M+3Na; M+ACN+Na; M+DMSO+H; M+H+NH4; M+H+Na; M+IsoProp+H; M+K; M+NH4; M+Na","[1580]; [941]; [1223]; [1167, 1357, 954]; [1000, 922]; [1211, 1223]; [1624]; [691]; [1223, 999]; [1223, 1459, 930, 976]; [1223]; [1223]; [832]; [1547]; [691]; [1526]; [1167]; [1000, 1174, 922]; [1211, 1223]","false","filtered"
"892","283","1248","162.0765","0.561","46,462.8","2","2_4_F1","2M+ACN+H; 2M+NH4; M+2ACN+2H; M+2H; M+2Na; M+2Na-H; M+3ACN+2H; M+ACN+2H; M+ACN+H; M+CH3OH+H; M+DMSO+H; M+H; M+H+K; M+H+NH4; M+H+Na; M+IsoProp+Na+H; M+NH4","[1182, 825]; [1285, 832, 930]; [1175, 1179, 1547, 1651, 1709, 938, 965, 997, 999]; [1188, 1252]; [1164]; [832]; [1175, 1651, 997]; [1047, 1175, 1252, 1425, 976, 999]; [1175, 1651, 1709, 938, 965, 997, 999]; [1024, 1355, 931]; [1024, 1258, 691]; [1252, 825]; [1664]; [1579, 1644]; [1252, 1442]; [954]; [1269, 1285]","false","filtered"
"893","210","995","233.0634","0.530","45,668.3","2","2_4_F1","2M+H; 2M+K; 2M+NH4; 2M+Na; M+; M+2H; M+2H+Na; M+3ACN+2H; M+3Na; M+ACN+2H; M+ACN+H; M+CH3OH+H; M+DMSO+H; M+H; M+H+K; M+IsoProp+Na+H; M+K; M+NH4; M+Na","[879, 955]; [965]; [938]; [955, 996]; [1224]; [1017, 955]; [1251]; [1300]; [1270]; [955]; [955]; [938]; [844, 854, 875]; [879, 955]; [1238]; [855]; [965]; [938]; [1269, 955, 996]","false","filtered"
"894","291","1251","707.2250","0.565","45,651.1","2","2_4_F1","2M+Na; M+2K-H; M+2Na-H; M+ACN+Na; M+CH3OH+H; M+DMSO+H; M+Na","[1177, 1261, 1273, 1280]; [1472]; [1273]; [1273]; [995]; [1581]; [1273, 1280]","false","filtered"
"895","217","1004","439.1428","0.530","42,152.6","2","2_4_F1","2M+ACN+Na; 2M+Na; M+; M+2ACN+2H; M+2Na; M+2Na-H; M+3Na; M+ACN+Na; M+CH3OH+H; M+DMSO+H; M+Na","[1002]; [1002, 1127, 1311, 905, 969]; [1175, 1179]; [1324]; [1002, 1311]; [1002, 1213, 1311]; [1002]; [1002, 1311]; [1388]; [859]; [1002, 1127, 1311, 969]","false","filtered"
"896","287","1338","336.0961","0.563","38,245.9","2","2_4_F1","2M+3H2O+2H; 2M+ACN+H; 2M+ACN+Na; 2M+NH4; M+; M+2ACN+2H; M+2ACN+H; M+2H; M+2Na; M+ACN+H; M+ACN+Na; M+CH3OH+H; M+DMSO+H; M+H+Na; M+IsoProp+H; M+NH4; M+Na","[1644, 844, 875]; [1477]; [1452]; [1087]; [933, 975]; [1005]; [1581]; [1001]; [1254]; [932]; [1579]; [1632]; [1224, 1632]; [1001, 1254]; [1090]; [1087]; [1452]","false","filtered"
"897","232","1175","282.1188","0.542","36,542.6","2","2_4_F1","2M+3H2O+2H; 2M+ACN+H; 2M+H; 2M+NH4; M+2ACN+2H; M+2ACN+H; M+2H; M+2Na; M+2Na-H; M+3ACN+2H; M+3H; M+ACN+2H; M+ACN+H; M+ACN+Na; M+DMSO+H; M+H; M+H+K; M+H+NH4; M+H+Na; M+IsoProp+H; M+IsoProp+Na+H; M+NH4; M+Na","[1090, 1158, 1238, 1239]; [1248, 1651, 1709, 750, 938, 965, 997, 999]; [1159, 1252, 999]; [1047, 1644]; [1179, 1651, 976, 997]; [1248, 1651, 750, 997]; [976, 999]; [976]; [1472]; [1004, 1179]; [999]; [1179, 976]; [1179, 1248, 1547, 1651, 1709, 750, 938, 965, 997, 999]; [1189, 1651, 997]; [1471]; [1047, 1248, 1252, 750, 976, 999]; [1223, 976]; [976]; [976]; [986]; [1158, 1432, 986]; [918]; [999]","false","filtered"
"898","197","1188","367.1113","0.524","35,268.9","2","2_4_F1","2M+ACN+Na; 2M+H; 2M+Na; M+2Na; M+2Na-H; M+3Na; M+ACN+Na; M+DMSO+H; M+IsoProp+H; M+IsoProp+Na+H; M+Na","[1000, 1252, 999]; [751]; [1252, 1276]; [1252]; [1248, 1252, 750]; [1252]; [1252, 999]; [1269, 1285, 947]; [1109]; [930]; [1252, 1276]","false","filtered"
"899","209","691","205.0688","0.530","33,203.6","2","2_4_F1","2M+3H2O+2H; 2M+H; 2M+K; 2M+NH4; 2M+Na; M+2ACN+H; M+2H; M+2H+Na; M+2Na; M+3ACN+2H; M+3H; M+3Na; M+ACN+2H; M+ACN+H; M+CH3OH+H; M+DMSO+H; M+H; M+H+K; M+H+NH4; M+IsoProp+Na+H; M+NH4; M+Na","[370]; [1106, 770]; [1248, 1258, 750]; [1388]; [1236, 770, 986]; [1039, 875]; [770]; [1200]; [572]; [931]; [1200]; [1223]; [1340, 770]; [770]; [871, 921]; [1164, 1236, 907]; [770, 996]; [1127]; [969]; [1221, 842, 934]; [1263, 1741]; [770, 986]","false","filtered"
"900","295","1325","427.0775","0.568","32,580.9","2","2_4_F1","2M+Na; M+ACN+H; M+CH3OH+H; M+DMSO+H; M+Na","[1339, 1549]; [1549]; [969]; [1177, 1324]; [1339]","false","filtered"
"901","224","1090","293.0636","0.536","32,546.8","2","2_4_F1","2M+ACN+H; 2M+ACN+Na; 2M+K; 2M+Na; M+2K-H; M+2Na; M+2Na-H; M+3Na; M+ACN+Na; M+DMSO+H; M+H+K; M+H+Na; M+K; M+NH4; M+Na","[1709, 938]; [1458, 1741]; [1158, 1175, 1238, 1239]; [1741, 878, 921]; [1106, 1238]; [1741, 922]; [1089, 1270, 1741]; [1741]; [1458, 1741]; [1388, 1432, 1458]; [879, 955]; [882]; [1158, 1238, 1239]; [1338]; [1741, 878]","false","filtered"
"902","279","998","295.1172","0.560","31,598.9","2","2_4_F1","2M+3H2O+2H; 2M+H; 2M+Na; M+2ACN+H; M+2Na-H; M+ACN+H; M+DMSO+H; M+H; M+IsoProp+Na+H; M+K; M+NH4; M+Na","[1000, 1159, 1223]; [1182, 1287, 1622, 947, 966]; [1477]; [1182]; [1182]; [1182, 1425, 1477]; [1047]; [1182, 947, 966]; [1239, 1622]; [1182, 947]; [1158, 1182, 1261]; [1182, 1239]","false","filtered"
"903","247","1179","522.2041","0.547","26,673.5","2","2_4_F1","2M+ACN+H; 2M+ACN+Na; 2M+H; 2M+NH4; 2M+Na; M+2ACN+2H; M+2ACN+H; M+2H; M+ACN+2H; M+ACN+H; M+ACN+Na; M+H; M+NH4; M+Na","[1175, 1248, 1651, 1709, 750, 938, 997, 999]; [1459]; [976]; [1017, 1048, 1223]; [976]; [1580]; [1004, 1175]; [976]; [976]; [1175, 1651, 976, 997]; [1311]; [1175, 976]; [1017, 1048]; [976]","false","filtered"
"904","293","1047","150.0770","0.566","23,973.5","2","2_4_F1","2M+3H2O+2H; 2M+ACN+H; 2M+NH4; 2M+Na; M+; M+2ACN+2H; M+2ACN+H; M+2H; M+2Na; M+2Na-H; M+3ACN+2H; M+3H; M+3Na; M+ACN+2H; M+ACN+H; M+CH3OH+H; M+DMSO+H; M+H; M+H+K; M+H+NH4; M+IsoProp+Na+H; M+K; M+NH4; M+Na","[1285]; [1477]; [1003]; [1174]; [1293]; [1391, 965, 998]; [1437]; [1276, 933, 975]; [1024]; [1664, 796]; [965]; [1471]; [1311]; [879, 965]; [965]; [1164]; [905]; [1276, 975]; [975]; [1175, 1248, 1252, 1425, 976, 999]; [1003, 1285]; [832]; [1175, 1622, 1644, 839]; [1174]","false","filtered"
"905","268","1265","142.1231","0.555","22,460.2","2","2_4_F1","2M+ACN+H; 2M+H; 2M+NH4; M+2ACN+2H; M+2H; M+ACN+H; M+ACN+Na; M+CH3OH+H; M+H; M+K; M+NH4","[1221]; [1287]; [1024, 1260]; [1106, 1158, 1331, 956]; [1293]; [1221, 1285]; [1293]; [1182]; [1287]; [1287]; [1024, 1260, 933]","false","filtered"
"906","207","969","455.1166","0.528","20,806.7","2","2_4_F1","2M+K; M+2ACN+2H; M+2K-H; M+2Na; M+2Na-H; M+ACN+2H; M+ACN+Na; M+DMSO+H; M+IsoProp+H; M+K; M+Na","[1002, 1004, 1127, 1311, 905]; [1300]; [1002]; [1269]; [1285]; [922]; [691]; [332]; [1325]; [1002, 1004, 1127, 1311]; [1285]","false","filtered"
"907","205","930","151.0472","0.528","19,836.9","2","2_4_F1","2M+ACN+H; 2M+H; 2M+K; 2M+Na; M+2ACN+2H; M+2ACN+H; M+2Na; M+3ACN+2H; M+ACN+2H; M+ACN+H; M+ACN+Na; M+CH3OH+H; M+DMSO+H; M+H; M+H+K; M+H+NH4; M+H+Na; M+IsoProp+Na+H; M+K; M+NH4; M+Na","[1257]; [1164, 370, 921]; [1167]; [832, 932]; [1005]; [931]; [1235, 809]; [1005]; [1158]; [1005, 1257, 1340]; [1106, 1174]; [1432, 572]; [1248, 1285, 750, 832]; [1039, 921]; [1200, 1223]; [1188]; [1235, 1276]; [1109]; [1167]; [1174]; [932]","false","filtered"
"908","212","997","263.0740","0.530","18,648.4","2","2_4_F1","2M+3H2O+2H; 2M+ACN+H; 2M+ACN+Na; 2M+H; 2M+K; 2M+NH4; 2M+Na; M+; M+2ACN+2H; M+2ACN+H; M+2H; M+2H+Na; M+2K-H; M+2Na; M+2Na-H; M+3ACN+2H; M+3H; M+3Na; M+ACN+2H; M+ACN+H; M+ACN+Na; M+CH3OH+H; M+DMSO+H; M+H; M+H+2Na; M+H+K; M+H+NH4; M+H+Na; M+IsoProp+H; M+IsoProp+Na+H; M+K; M+NH4; M+Na","[1158, 1651]; [1651]; [1651]; [1651, 939, 999]; [1651]; [1651, 918]; [1175, 1248, 1651, 750, 938, 965, 999]; [1048, 1651]; [1651]; [1651]; [1651, 999]; [1651]; [1264, 1651]; [1175, 1179, 1651, 976]; [1175, 1189, 1651]; [1651]; [1651]; [1651]; [1651, 999]; [1651, 986, 999]; [1175, 1248, 1651, 750]; [1651, 918]; [1651]; [1252, 1651, 939, 999]; [1651]; [1223, 1260, 1651]; [1651, 966]; [1651]; [1651]; [1651, 986]; [1651]; [1651, 918]; [1175, 1179, 1248, 1651, 750, 938, 965, 999]","false","filtered"
"909","266","1272","342.1397","0.554","18,199.8","2","2_4_F1","2M+3H2O+2H; 2M+ACN+H; 2M+ACN+Na; 2M+NH4; M+2ACN+2H; M+2ACN+H; M+ACN+H; M+ACN+Na; M+H; M+IsoProp+Na+H; M+NH4","[975]; [882]; [1221, 1445]; [1001, 1254, 1260, 1287]; [882]; [1221, 882, 956]; [871, 882]; [1359, 882]; [1287]; [1355, 931, 975]; [1001, 1254, 1260]","false","filtered"
"910","246","844","193.0014","0.547","17,785.4","2","2_4_F1","2M+3H2O+2H; 2M+ACN+Na; 2M+K; 2M+Na; M+2K-H; M+2Na; M+2Na-H; M+3Na; M+ACN+2H; M+ACN+Na; M+CH3OH+H; M+H+K; M+K; M+Na","[842, 856]; [907]; [854, 875]; [1257, 839, 907, 933]; [875]; [907]; [809, 907]; [907]; [1502]; [1257, 907]; [986]; [1388, 852]; [1338, 1644, 852, 854, 875, 995]; [1257, 839, 859, 907, 996]","false","filtered"
"911","228","1127","434.1873","0.538","17,696.3","2","2_4_F1","2M+NH4; M+2ACN+2H; M+2Na; M+ACN+Na; M+CH3OH+H; M+NH4","[1002, 1004, 1311, 905, 969]; [1310]; [1075]; [691]; [1236, 1486]; [1002, 1004, 1311, 969]","false","filtered"
"912","195","907","171.0169","0.523","17,253.0","2","2_4_F1","2M+3H2O+2H; 2M+ACN+H; 2M+H; 2M+K; 2M+Na; M+; M+2H; M+2K-H; M+2Na-H; M+3H; M+ACN+H; M+CH3OH+H; M+H; M+H+K; M+IsoProp+Na+H; M+K; M+NH4; M+Na","[842, 856, 934]; [844]; [1257, 839, 844, 933]; [1285, 875, 906]; [1174]; [1182]; [844]; [906]; [1164, 1236, 691]; [844]; [1257, 844]; [986]; [1257, 839, 844, 859, 996]; [1177, 1340, 852, 931]; [741, 842]; [839, 854, 875, 906, 968]; [1432]; [1174, 844]","false","filtered"
"913","254","1238","255.1079","0.550","15,569.5","2","2_4_F1","2M+3H2O+2H; 2M+ACN+H; 2M+H; 2M+Na; M+2ACN+2H; M+2H; M+2Na-H; M+3H; M+ACN+H; M+ACN+Na; M+DMSO+H; M+H; M+H+K; M+IsoProp+H; M+K; M+NH4; M+Na","[1577]; [1158]; [1090, 1158, 1175, 1239]; [1293, 1741]; [995]; [1158, 1509, 955]; [1293]; [1158]; [1158]; [1293]; [1388]; [1090, 1158, 1239]; [965]; [1221, 956]; [1090, 1106]; [1235]; [1158, 1293, 1741]","false","filtered"
"914","222","1048","527.1596","0.534","14,599.6","2","2_4_F1","2M+H; 2M+Na; M+ACN+H; M+CH3OH+H; M+K; M+Na","[1651, 997]; [1017, 1179, 1223]; [966]; [1269]; [925]; [1017, 1179]","false","filtered"
"915","255","1239","272.1343","0.550","14,455.2","2","2_4_F1","2M+3H2O+2H; 2M+ACN+Na; 2M+NH4; 2M+Na; M+; M+2ACN+2H; M+2H; M+2Na-H; M+3ACN+2H; M+ACN+H; M+ACN+Na; M+H+K; M+IsoProp+H; M+IsoProp+Na+H; M+NH4; M+Na","[1471]; [1458]; [1090, 1158, 1175, 1238]; [878]; [1182, 998]; [1391]; [1577]; [1089, 881]; [1182, 1452]; [1159]; [1458]; [1075]; [1622, 998]; [1622]; [1090, 1158, 1238]; [878]","false","filtered"
"916","260","1174","166.0523","0.552","13,099.1","2","2_4_F1","2M+3H2O+2H; 2M+ACN+H; 2M+ACN+Na; 2M+H; 2M+K; 2M+NH4; M+2ACN+2H; M+2ACN+H; M+2H; M+2Na-H; M+3ACN+2H; M+ACN+2H; M+ACN+H; M+ACN+Na; M+CH3OH+H; M+DMSO+H; M+H; M+H+K; M+IsoProp+Na+H; M+K; M+NH4; M+Na","[1437]; [931]; [1106, 1355]; [1039, 1340]; [1047]; [907]; [922, 996]; [905]; [1324, 934]; [1087]; [856, 922, 996]; [1200, 922]; [922, 996]; [1106]; [930]; [1106, 1514, 930]; [1039, 954]; [1024, 933, 975]; [1526]; [1047]; [907]; [1167]","false","filtered"
"917","273","1345","175.1092","0.557","12,375.5","2","2_4_F1","2M+3H2O+2H; 2M+NH4; M+; M+2ACN+2H; M+2ACN+H; M+2H; M+2Na; M+ACN+H; M+CH3OH+H; M+H+Na; M+IsoProp+H; M+IsoProp+Na+H; M+NH4","[1449, 1514]; [1393]; [1213]; [1579]; [1167, 925]; [1221, 1293]; [1445]; [1357, 1579]; [1526, 825]; [1293]; [1024, 1213, 1340, 832]; [1514]; [1393, 1549]","false","filtered"
"918","194","905","116.0347","0.523","12,173.3","2","2_4_F1","2M+H; M+2H+Na; M+2Na-H; M+3H; M+3Na; M+ACN+Na; M+CH3OH+H; M+H; M+H+NH4; M+H+Na; M+NH4; M+Na","[906]; [1039, 882, 925]; [1047]; [871]; [1003]; [968]; [1174]; [1182, 1213, 906, 954]; [933, 955]; [1002, 1004, 1127, 1311, 969]; [854]; [1167]","false","filtered"
"919","271","931","152.0351","0.557","11,115.8","2","2_4_F1","2M+3H2O+2H; 2M+ACN+H; 2M+H; 2M+K; 2M+Na; M+2H; M+2Na; M+2Na-H; M+3H; M+3Na; M+ACN+2H; M+ACN+H; M+ACN+Na; M+CH3OH+H; M+DMSO+H; M+H; M+H+K; M+H+NH4; M+IsoProp+Na+H; M+K; M+Na","[1174]; [1221]; [1340, 1388, 933]; [1477]; [1024, 1340, 1355]; [1177, 1340, 852, 907]; [1272, 1355, 975]; [1355]; [1269]; [1355]; [1340, 871]; [1340, 925]; [1003, 1355]; [572, 859]; [832]; [1340, 1388, 933]; [1273, 875, 906]; [691]; [930]; [1477]; [1024, 1248, 1340, 1355]","false","filtered"
"920","282","1236","210.0977","0.560","10,924.7","2","2_4_F1","2M+3H2O+2H; 2M+ACN+H; 2M+ACN+Na; 2M+NH4; M+2ACN+H; M+ACN+2H; M+ACN+H; M+ACN+Na; M+CH3OH+H; M+DMSO+H; M+H; M+H+NH4; M+IsoProp+H; M+IsoProp+Na+H; M+NH4; M+Na","[1039, 691, 986]; [1293]; [1571]; [1287, 1340, 1388]; [1257, 1624]; [1213]; [1458]; [1454]; [1452]; [966]; [878]; [1127, 1486]; [1571]; [1164, 691, 907]; [1340, 1388, 1432, 1454, 1470, 1486, 1741]; [1089]","false","filtered"
"921","220","975","337.1109","0.532","10,696.0","2","2_4_F1","2M+3H2O+2H; 2M+ACN+H; 2M+H; 2M+K; 2M+Na; M+2ACN+H; M+2K-H; M+2Na-H; M+ACN+2H; M+ACN+H; M+CH3OH+H; M+DMSO+H; M+H; M+IsoProp+Na+H; M+K; M+NH4; M+Na","[1270]; [882]; [855, 856, 933]; [1047, 1276]; [1272]; [933, 947]; [1047]; [1000, 1024, 1174, 933]; [1254]; [933]; [881]; [1272, 1355, 931]; [1177, 1338, 855, 933]; [1741]; [1047, 1273, 1276, 933]; [933]; [933]","false","filtered"
"922","214","1000","331.1115","0.530","10,665.9","2","2_4_F1","2M+3H2O+2H; 2M+ACN+H; 2M+ACN+Na; 2M+H; 2M+K; 2M+Na; M+2ACN+2H; M+2K-H; M+2Na; M+2Na-H; M+3Na; M+ACN+H; M+ACN+Na; M+DMSO+H; M+IsoProp+Na+H; M+K; M+NH4; M+Na","[1188, 1252, 999]; [1200]; [1159, 998]; [954]; [1024, 855, 857, 933]; [1001, 1159, 1445]; [918]; [1024]; [1159]; [1159]; [1159]; [1200]; [1159]; [1017, 1223]; [1269, 1285, 939]; [1024, 933, 975]; [370]; [1001, 1159]","false","filtered"
"923","211","996","249.0368","0.530","9,909.4","2","2_4_F1","2M+ACN+Na; 2M+H; 2M+K; 2M+Na; M+2ACN+H; M+2H; M+2Na-H; M+ACN+2H; M+ACN+H; M+ACN+Na; M+DMSO+H; M+H; M+H+K; M+IsoProp+Na+H; M+K; M+Na","[859]; [1174, 922]; [955, 995]; [922]; [842]; [922]; [691]; [1432, 922]; [1174, 922]; [859]; [1257, 839, 844, 859, 907]; [1174, 922]; [1741]; [842, 856]; [1269, 955, 995]; [922]","false","filtered"
"924","275","1310","404.1570","0.557","9,008.9","2","2_4_F1","2M+NH4; M+2ACN+H; M+2H; M+2Na; M+H+Na; M+IsoProp+H; M+IsoProp+Na+H; M+NH4","[1164, 1300, 1324]; [1632]; [956]; [956]; [1127]; [1340]; [1580]; [1300, 1324]","false","filtered"
"925","278","1324","409.1128","0.559","8,914.1","2","2_4_F1","2M+H; 2M+Na; M+2Na-H; M+DMSO+H; M+H+Na; M+IsoProp+H; M+Na","[878]; [1164, 1300, 1310]; [1039]; [1174, 934]; [1004]; [1177, 1325]; [1300, 1310]","false","filtered"
"926","289","1340","193.0709","0.563","8,640.0","2","2_4_F1","2M+3H2O+2H; 2M+ACN+H; 2M+ACN+Na; 2M+H; 2M+K; 2M+Na; M+2ACN+2H; M+2ACN+H; M+2H; M+2Na; M+3ACN+2H; M+3H; M+ACN+2H; M+ACN+H; M+ACN+Na; M+CH3OH+H; M+DMSO+H; M+H; M+H+NH4; M+H+Na; M+IsoProp+Na+H; M+Na","[1039, 1174]; [1388, 931]; [931]; [1236, 1287, 1388]; [832]; [1213]; [907, 931]; [931]; [1002, 1388, 1486]; [1479]; [931]; [1388]; [1310]; [1388, 931]; [931]; [1087, 572]; [1024, 1213, 1345, 832]; [1236, 1388, 1432, 1454, 1470, 1486, 1741]; [691]; [1479]; [1514, 930]; [1388, 1514]","false","filtered"
"927","256","1211","302.1456","0.550","8,283.1","2","2_4_F1","2M+3H2O+2H; 2M+ACN+H; 2M+ACN+Na; 2M+NH4; M+2H; M+2Na; M+ACN+Na; M+CH3OH+H; M+IsoProp+Na+H; M+NH4","[1075, 1470, 1472, 1571]; [1355]; [1158, 954]; [1200, 1223]; [1580]; [1373]; [1158]; [832]; [1452, 1647]; [1200, 1223]","false","filtered"
"928","264","1741","271.0812","0.554","7,629.6","2","2_4_F1","2M+3H2O+2H; 2M+ACN+H; 2M+ACN+Na; 2M+H; 2M+K; 2M+Na; M+; M+2ACN+2H; M+2H; M+2K-H; M+3H; M+ACN+H; M+ACN+Na; M+CH3OH+H; M+DMSO+H; M+H; M+H+K; M+IsoProp+H; M+IsoProp+Na+H; M+K; M+NH4; M+Na","[1597, 1598]; [1090, 1458]; [1454]; [1090, 878, 921]; [1238, 1293]; [1089]; [954]; [996]; [1090, 922]; [1106, 1293]; [1090, 1300]; [1090, 1458]; [1454]; [1580]; [1236, 1340, 1388, 1432, 1454, 1470, 1486]; [1090, 878]; [1509, 955]; [941]; [691]; [1158, 1238, 1293]; [975]; [1089, 1090, 1270]","false","filtered"
"929","265","1270","327.1177","0.554","7,360.4","2","2_4_F1","2M+NH4; M+; M+2ACN+H; M+2Na-H; M+3ACN+2H; M+DMSO+H; M+H+Na; M+IsoProp+H; M+IsoProp+Na+H; M+K","[975]; [1261]; [1158, 1579]; [1580]; [1509, 955]; [1089, 1090, 1741]; [995]; [871]; [1597, 1598]; [832]","false","filtered"
"930","200","938","279.0478","0.525","7,140.2","2","2_4_F1","2M+3H2O+2H; 2M+ACN+Na; 2M+H; 2M+K; 2M+Na; M+; M+2Na-H; M+ACN+Na; M+DMSO+H; M+H; M+IsoProp+Na+H; M+K; M+NH4; M+Na","[1090]; [995]; [879, 968]; [1175, 1248, 750, 965, 997, 999]; [955]; [572]; [1164]; [995]; [995]; [879]; [1432]; [1175, 1179, 1248, 750, 965, 997, 999]; [871]; [1269, 955]","false","filtered"
"931","241","1167","176.1035","0.546","7,127.9","2","2_4_F1","2M+3H2O+2H; 2M+ACN+H; 2M+ACN+Na; 2M+H; 2M+NH4; 2M+Na; M+; M+2ACN+2H; M+2ACN+H; M+2H; M+3ACN+2H; M+3H; M+ACN+2H; M+ACN+H; M+ACN+Na; M+CH3OH+H; M+DMSO+H; M+H; M+IsoProp+H; M+IsoProp+Na+H; M+K; M+NH4; M+Na","[1003, 1224, 1264, 925]; [954]; [930]; [1357, 1457, 921, 954]; [1164]; [1357]; [1502]; [1200]; [905]; [1357, 954]; [1331]; [954]; [1357]; [1200, 1357, 954]; [930]; [1159, 1174]; [1106]; [1357, 1457, 921, 954]; [1106, 1213, 1263]; [1263, 1345, 925]; [921]; [1164]; [1357, 954]","false","filtered"
"932","288","1339","443.0492","0.563","6,164.7","2","2_4_F1","2M+H; 2M+K; M+2K-H; M+2Na-H; M+ACN+H; M+DMSO+H; M+H; M+K","[1647, 881]; [1325, 1549]; [1454]; [1005]; [1647]; [1300]; [1647]; [1325]","false","filtered"
"933","249","956","277.1038","0.548","6,056.2","2","2_4_F1","2M+3H2O+2H; 2M+H; 2M+NH4; 2M+Na; M+2ACN+H; M+2H+Na; M+2K-H; M+2Na; M+2Na-H; M+3Na; M+ACN+H; M+CH3OH+H; M+DMSO+H; M+H; M+K; M+NH4; M+Na","[1577]; [1221, 832]; [882]; [941]; [1221, 1238]; [1310]; [1265, 1331]; [1509, 955]; [1221, 1293, 918]; [1310]; [1221]; [1442, 882]; [954]; [1159, 1221, 1261]; [1221]; [1221, 1272, 1273, 882]; [1221, 941]","false","filtered"
"934","267","1280","702.2677","0.554","5,937.1","2","2_4_F1","2M+3H2O+2H; 2M+NH4; M+H; M+NH4","[1225]; [1177, 1251, 1261, 1273]; [1261]; [1251, 1273]","false","filtered"
"935","235","1164","159.0768","0.544","5,797.8","2","2_4_F1","2M+3H2O+2H; 2M+H; 2M+NH4; 2M+Na; M+2ACN+2H; M+2ACN+H; M+2H; M+2Na; M+3ACN+2H; M+ACN+2H; M+ACN+H; M+CH3OH+H; M+H; M+H+K; M+IsoProp+H; M+IsoProp+Na+H; M+NH4; M+Na","[1003, 968]; [1167]; [1039, 933]; [968]; [1709, 938]; [875]; [370]; [832]; [1300, 1310, 1324]; [1024]; [1047]; [1236, 691, 907]; [1167]; [1248, 750]; [854, 921]; [1393, 370, 921, 930]; [1039, 1454]; [1644]","false","filtered"
"936","239","1259","739.1622","0.544","4,498.9","2","2_4_F1","2M+H; 2M+Na; M+2K-H; M+H; M+IsoProp+H; M+NH4; M+Na","[1225]; [1177, 855]; [1273]; [1177]; [1177]; [1508]; [1177]","false","filtered"
"937","196","986","221.0429","0.524","4,420.1","2","2_4_F1","2M+H; 2M+K; 2M+Na; M+; M+2ACN+H; M+2H; M+ACN+2H; M+ACN+H; M+H; M+H+K; M+H+NH4; M+IsoProp+H; M+K; M+Na","[751]; [1236, 691, 770]; [751, 968]; [1175, 997, 999]; [907]; [751]; [751]; [751, 997]; [751, 999]; [572]; [810]; [844]; [691, 770]; [1175, 751]","false","filtered"
"938","216","1002","417.1609","0.530","4,377.0","2","2_4_F1","2M+ACN+H; 2M+H; 2M+K; 2M+Na; M+; M+2H; M+2Na-H; M+3H; M+ACN+2H; M+ACN+H; M+ACN+Na; M+CH3OH+H; M+H; M+H+NH4; M+K; M+Na","[1004]; [1004, 1127, 1311, 905, 969]; [1258, 1264]; [1213, 1311]; [1235]; [1004, 1311]; [1213]; [1004]; [1311]; [1004, 1311]; [1213]; [1340, 1388]; [1004, 1127, 1311, 969]; [939]; [969]; [1004, 1213, 1311]","false","filtered"
"939","296","1003","149.0815","0.569","4,161.4","2","2_4_F1","2M+ACN+H; 2M+H; 2M+NH4; 2M+Na; M+2ACN+2H; M+2ACN+H; M+2H; M+2Na-H; M+3ACN+2H; M+3H; M+ACN+H; M+CH3OH+H; M+H; M+H+NH4; M+IsoProp+H; M+IsoProp+Na+H; M+NH4; M+Na","[925]; [1167, 1224, 1264, 925]; [1164, 968]; [1526]; [1257, 1644]; [1047, 1285]; [925]; [825]; [1644]; [925]; [1264, 1644, 925]; [1393]; [1264, 925]; [1461, 905]; [1355, 931]; [1393, 1445]; [1644, 968]; [1526, 925]","false","filtered"
"940","215","1001","347.0855","0.530","4,091.9","2","2_4_F1","2M+ACN+H; 2M+H; 2M+K; 2M+Na; M+2K-H; M+2Na; M+ACN+H; M+H; M+H+Na; M+IsoProp+Na+H; M+K; M+Na","[882, 947]; [772]; [1000, 1159, 1445]; [1272, 856]; [1024, 1159]; [1338]; [882]; [772]; [1338]; [879]; [1000, 1159]; [1272]","false","filtered"
"941","251","1225","414.0459","0.548","3,799.8","2","2_4_F1","2M+3H2O+2H; M+2K-H; M+2Na-H","[1624]; [1280]; [1259, 1458]","false","filtered"
"942","253","825","143.0820","0.549","3,709.7","2","2_4_F1","2M+3H2O+2H; 2M+ACN+H; 2M+H; 2M+K; 2M+Na; M+2ACN+2H; M+2ACN+H; M+2H; M+3ACN+2H; M+3H; M+ACN+H; M+ACN+Na; M+CH3OH+H; M+H; M+IsoProp+Na+H; M+K; M+NH4; M+Na","[1224, 1264]; [1526]; [1258, 1526]; [1264]; [1409]; [1471]; [1182, 1248]; [1526]; [1248, 1252]; [1526]; [1526]; [1393]; [1459]; [1345, 1526]; [1224, 1442]; [1003]; [1359, 1393]; [1526]","false","filtered"
"943","231","1445","172.0962","0.541","3,683.5","2","2_4_F1","2M+ACN+H; 2M+ACN+Na; 2M+H; 2M+NH4; M+3ACN+2H; M+CH3OH+H; M+DMSO+H; M+H; M+H+K; M+H+Na; M+IsoProp+Na+H; M+NH4","[1003, 1393]; [906]; [1449]; [1479]; [1452]; [1221, 1235, 1272]; [1224, 1264]; [1449]; [1345]; [1287]; [1388]; [1000, 1001, 1159]","false","filtered"
"944","208","839","208.9719","0.529","3,653.5","2","2_4_F1","2M+3H2O+2H; 2M+H; 2M+K; M+2K-H; M+2Na-H; M+ACN+Na; M+H+Na; M+K","[857]; [783]; [1257, 844, 907, 933]; [1047, 854, 875, 906, 907, 968]; [810]; [575]; [1024]; [1257, 844, 907, 996]","false","filtered"
"945","234","954","198.0858","0.543","3,513.4","2","2_4_F1","2M+3H2O+2H; 2M+ACN+H; 2M+ACN+Na; 2M+H; 2M+NH4; 2M+Na; M+; M+2ACN+2H; M+2ACN+H; M+2H; M+2Na; M+2Na-H; M+3ACN+2H; M+3Na; M+ACN+2H; M+ACN+H; M+ACN+Na; M+CH3OH+H; M+DMSO+H; M+H; M+IsoProp+Na+H; M+NH4; M+Na","[925]; [1248, 750]; [1167]; [1454, 1457, 1597, 1644]; [968]; [1167, 1357, 1457, 921]; [956]; [1252]; [1182, 905, 906]; [1457]; [1167, 1357]; [1167, 1357]; [1285, 1741]; [1167]; [1457]; [1457, 1842]; [1167, 1200, 1357]; [1000, 1174, 1526]; [1039, 1106, 1158, 1211]; [1163, 1457, 1597, 1644]; [1263, 968]; [968]; [1167, 1357, 1457, 921]","false","filtered"
"946","250","1223","285.1186","0.548","3,262.2","2","2_4_F1","2M+3H2O+2H; 2M+ACN+H; 2M+H; 2M+NH4; M+2ACN+2H; M+2H; M+2K-H; M+2Na; M+2Na-H; M+3H; M+ACN+H; M+CH3OH+H; M+H; M+H+Na; M+IsoProp+Na+H; M+NH4; M+Na","[1075, 1373, 1470, 1580, 879, 965]; [1200]; [1200, 1211]; [922, 998]; [1260, 1651, 997]; [1200, 999]; [796]; [1175, 976]; [1235]; [1200]; [1200]; [1000, 1017, 1048, 1179]; [1200, 1211]; [691]; [1452, 1459, 572]; [922]; [1200, 1459, 930, 976]","false","filtered"
"947","213","999","304.1005","0.530","2,855.0","2","2_4_F1","2M+3H2O+2H; 2M+ACN+H; 2M+ACN+Na; 2M+H; 2M+NH4; 2M+Na; M+2ACN+2H; M+2ACN+H; M+2H; M+2Na; M+2Na-H; M+3ACN+2H; M+3Na; M+ACN+2H; M+ACN+H; M+ACN+Na; M+CH3OH+H; M+DMSO+H; M+H; M+H+K; M+IsoProp+Na+H; M+NH4; M+Na","[1158, 832]; [1651, 939, 997]; [1175, 1248, 1651, 750, 938, 965, 997]; [1000, 1188, 1252]; [918]; [1159, 1175, 1252]; [1651, 997]; [1651, 986, 997]; [1252]; [1175, 976]; [1175]; [1651, 997]; [1175]; [1252]; [1252, 1651, 939, 997]; [1175, 1179, 1248, 1651, 750, 938, 965, 997]; [1017, 1269, 1285]; [1159, 1269, 965]; [1188, 1252]; [1200, 1223]; [986]; [918]; [1047, 1175, 1248, 1252, 750, 976]","false","filtered"
"948","219","1017","543.1347","0.532","2,852.3","2","2_4_F1","2M+H; 2M+K; M+; M+DMSO+H; M+IsoProp+Na+H; M+K","[1285, 999]; [1000, 1048, 1179, 1223]; [941]; [955, 995]; [1109]; [1048, 1179]","false","filtered"
"949","294","1331","245.1500","0.568","2,846.9","2","2_4_F1","2M+K; M+2H; M+2Na-H; M+DMSO+H; M+H+Na; M+IsoProp+H; M+NH4","[1182]; [1508]; [1158, 1265, 956]; [1449]; [1508]; [1842]; [1167]","false","filtered"
"950","202","941","293.0836","0.525","2,777.9","2","2_4_F1","2M+3H2O+2H; 2M+K; 2M+Na; M+2ACN+H; M+2H; M+2Na; M+ACN+2H; M+DMSO+H; M+H; M+H+K; M+H+Na; M+K; M+Na","[1200]; [956]; [918]; [1741]; [859, 881]; [859]; [1017]; [1075, 921]; [1254]; [1039]; [881]; [1221, 956]; [918]","false","filtered"
"951","270","1252","345.1293","0.556","2,595.7","2","2_4_F1","2M+ACN+H; 2M+ACN+Na; 2M+H; 2M+Na; M+; M+2ACN+2H; M+2ACN+H; M+2H; M+2Na-H; M+3ACN+2H; M+3H; M+ACN+H; M+ACN+Na; M+CH3OH+H; M+DMSO+H; M+H; M+H+K; M+Na","[1000, 1188, 999]; [1159, 1175, 999]; [1188, 1276]; [1248, 825]; [1479]; [999]; [1651, 997, 999]; [1188]; [1248, 1442]; [999]; [1188]; [1188, 999]; [1047, 1175, 1248, 1425, 976, 999]; [954]; [1269, 1285, 1373]; [1188, 1276, 1442]; [1454]; [1188, 1248]","false","filtered"
"952","245","1293","117.0694","0.546","2,454.3","2","2_4_F1","2M+H; M+; M+2ACN+2H; M+2H; M+2H+Na; M+3ACN+2H; M+3H; M+3Na; M+ACN+2H; M+ACN+H; M+CH3OH+H; M+H; M+H+K; M+H+NH4; M+H+Na; M+IsoProp+H; M+K; M+NH4; M+Na","[1221, 1287]; [1235]; [1047]; [1158, 1221, 1238, 1741, 956]; [1345]; [1452]; [1221, 1345]; [1265]; [1238]; [1221]; [1182, 1236, 1260]; [1221, 1238, 1264, 1287, 1741]; [1106, 1741]; [1644]; [1238]; [1221, 1235, 1355]; [1265]; [1260, 1432]; [1221]","false","filtered"
"953","206","842","165.9850","0.528","2,442.5","2","2_4_F1","2M+3H2O+2H; 2M+H; 2M+K; 2M+Na; M+; M+2H; M+2Na; M+2Na-H; M+ACN+2H; M+ACN+H; M+ACN+Na; M+DMSO+H; M+H; M+K; M+Na","[1355]; [844, 856]; [1285, 855, 875, 933]; [856, 907, 934]; [996]; [856]; [934]; [1221, 332, 691, 934]; [856]; [856]; [934]; [809, 907]; [856, 996]; [1285, 855, 933]; [856, 934]","false","filtered"
"954","244","966","170.0433","0.546","2,398.8","2","2_4_F1","2M+ACN+H; 2M+ACN+Na; 2M+H; 2M+Na; M+2H; M+2H+Na; M+2Na; M+2Na-H; M+3H; M+3Na; M+ACN+2H; M+ACN+H; M+ACN+Na; M+CH3OH+H; M+DMSO+H; M+H; M+K; M+Na","[1182]; [1182]; [1622]; [1182, 1622]; [1622]; [1048]; [1182, 947, 998]; [1182]; [1651, 997]; [1182]; [1622]; [1622]; [1182, 1221]; [875]; [875, 906]; [1622, 572]; [1236]; [1182, 1287, 1622, 947, 998]","false","filtered"
"955","262","932","167.0211","0.553","2,393.0","2","2_4_F1","2M+K; M+2ACN+2H; M+2Na; M+2Na-H; M+ACN+Na; M+CH3OH+H; M+DMSO+H; M+H+K; M+K","[832, 930]; [711]; [1632]; [1459]; [856]; [1109]; [925]; [1338]; [1449, 930]","false","filtered"
"956","272","955","274.0913","0.557","2,328.1","2","2_4_F1","2M+3H2O+2H; 2M+ACN+H; 2M+ACN+Na; 2M+H; 2M+K; 2M+NH4; 2M+Na; M+; M+2ACN+2H; M+2ACN+H; M+2H; M+2H+Na; M+2K-H; M+2Na; M+2Na-H; M+3ACN+2H; M+3H; M+3Na; M+ACN+2H; M+ACN+H; M+ACN+Na; M+CH3OH+H; M+DMSO+H; M+H; M+H+2Na; M+H+K; M+H+NH4; M+H+Na; M+IsoProp+H; M+IsoProp+Na+H; M+K; M+NH4; M+Na","[1458, 1509, 878]; [1509, 879, 995]; [1509, 995, 996]; [1509, 1581, 879]; [1373, 1509, 965]; [1509, 1709, 938]; [1509, 922]; [1087, 1224, 1509]; [1017, 1509, 995]; [1509, 995]; [1090, 1509, 879]; [1509]; [1509]; [1509, 1741]; [1509]; [1509, 995]; [1509, 879]; [1509]; [1509]; [1509, 879, 995]; [1269, 1509, 995, 996]; [1039, 1254, 1355, 1461, 1509]; [1359, 1508, 1509]; [1509, 1581, 879]; [1509]; [1158, 1238, 1509, 956]; [1270, 1509]; [1509]; [1509, 905, 933]; [1177, 1509, 855]; [1373, 1425, 1509, 965]; [1269, 1509, 1709, 938]; [1509, 879, 922]","false","filtered"
"957","204","947","333.0693","0.525","2,064.6","2","2_4_F1","2M+3H2O+2H; 2M+K; 2M+Na; M+2K-H; M+2Na-H; M+DMSO+H; M+H+NH4; M+H+Na; M+K","[1001]; [1182, 1287, 966, 998]; [875]; [1182, 998]; [1188, 878]; [933, 975]; [871]; [1432]; [1182, 966, 998]","false","filtered"
"958","237","1039","183.0748","0.544","2,034.4","2","2_4_F1","2M+ACN+H; 2M+ACN+Na; 2M+H; 2M+NH4; M+2H; M+2Na-H; M+3ACN+2H; M+3H; M+ACN+2H; M+ACN+H; M+ACN+Na; M+CH3OH+H; M+DMSO+H; M+H; M+IsoProp+H; M+IsoProp+Na+H; M+K; M+NH4; M+Na","[1164, 933]; [1024, 1106]; [1236]; [1174, 1340]; [1324]; [1357, 1842]; [1254, 1355, 1461, 1509, 955]; [941]; [905]; [1164, 1454]; [1106, 1158, 954]; [921, 930]; [1257, 1458]; [1089, 1597, 1644]; [691, 875]; [1479, 968]; [1409]; [1174]; [1457]","false","filtered"
"959","223","968","132.0554","0.534","1,942.9","2","2_4_F1","2M+3H2O+2H; 2M+H; 2M+NH4; 2M+Na; M+; M+2ACN+2H; M+2H; M+2Na-H; M+3ACN+2H; M+ACN+2H; M+ACN+H; M+ACN+Na; M+CH3OH+H; M+H; M+IsoProp+H; M+K; M+NH4; M+Na","[905]; [1003, 1164]; [1263]; [809]; [839, 854, 875, 906, 907]; [954]; [1163]; [796, 810]; [879, 938]; [1457]; [954]; [1164]; [1039, 1479, 986]; [1003, 1109, 1163]; [875]; [1224]; [1263, 954]; [809]","false","filtered"
"960","199","921","214.0592","0.525","1,666.9","2","2_4_F1","2M+ACN+H; 2M+ACN+Na; 2M+K; 2M+NH4; M+; M+2K-H; M+ACN+H; M+ACN+Na; M+DMSO+H; M+IsoProp+Na+H; M+K","[1024, 332]; [1164, 370, 930]; [1167, 1357, 954]; [1164]; [941]; [1167]; [691]; [1039, 930]; [1090, 1741, 878]; [809]; [1167, 1357, 954]","false","filtered"
"961","221","976","563.2307","0.532","1,524.5","2","2_4_F1","2M+ACN+H; 2M+ACN+Na; 2M+H; 2M+K; 2M+Na; M+2ACN+2H; M+2ACN+H; M+2Na-H; M+3ACN+2H; M+ACN+H; M+ACN+Na; M+H; M+K; M+NH4; M+Na","[1179]; [1179]; [1047, 1175, 1248, 1252, 750, 999]; [1200, 1223]; [852, 875]; [1179]; [1175, 1179, 1651, 997]; [1175]; [1179]; [1175, 1179]; [1179]; [1175, 999]; [1175, 1223]; [1175]; [1175]","false","filtered"
"962","258","1300","425.0864","0.552","1,433.6","2","2_4_F1","2M+K; M+DMSO+H; M+H+K; M+H+Na; M+IsoProp+H; M+IsoProp+Na+H; M+K","[1164, 1310, 1324]; [934]; [1741]; [969]; [1339]; [995]; [1310, 1324]","false","filtered"
"963","201","922","290.0652","0.525","1,411.8","2","2_4_F1","2M+3H2O+2H; 2M+ACN+H; 2M+ACN+Na; 2M+H; 2M+K; 2M+Na; M+; M+2ACN+2H; M+2ACN+H; M+2K-H; M+2Na-H; M+3ACN+2H; M+3H; M+ACN+H; M+ACN+Na; M+DMSO+H; M+H; M+H+K; M+IsoProp+Na+H; M+K; M+Na","[881]; [1174, 996]; [996]; [1200]; [955]; [1223]; [882]; [996]; [1174, 996]; [965]; [1359, 770]; [1432, 996]; [969]; [1174, 996]; [996]; [1257, 1263]; [1174, 1200]; [1090, 1741]; [856]; [879, 955]; [1223]","false","filtered"
"964","280","1432","237.0344","0.560","1,189.7","2","2_4_F1","2M+ACN+Na; 2M+H; 2M+K; 2M+Na; M+; M+2Na; M+2Na-H; M+3Na; M+ACN+H; M+ACN+Na; M+DMSO+H; M+H+NH4; M+IsoProp+H; M+IsoProp+Na+H; M+K; M+Na","[1388]; [572, 930]; [1293]; [1388]; [1632]; [1388]; [1236, 1340, 1388, 1454, 1470, 1486, 1741]; [1388, 947]; [1709, 938]; [1388, 852]; [855]; [922, 996]; [1419]; [907]; [1158, 1175]; [1090, 1388, 1458]","false","filtered"
"965","203","918","309.0591","0.525","1,119.8","2","2_4_F1","2M+ACN+Na; 2M+K; 2M+Na; M+2K-H; M+2Na-H; M+ACN+Na; M+DMSO+H; M+H+K; M+K; M+Na","[997]; [941]; [999]; [1221, 956]; [1175]; [997]; [997]; [1000]; [941]; [999]","false","filtered"
"966","233","925","171.0641","0.543","808.0","2","2_4_F1","2M+ACN+Na; 2M+H; 2M+NH4; 2M+Na; M+2ACN+2H; M+2ACN+H; M+2H+Na; M+2Na; M+2Na-H; M+3Na; M+ACN+2H; M+ACN+Na; M+CH3OH+H; M+DMSO+H; M+H+NH4; M+IsoProp+H; M+NH4; M+Na","[1003]; [954]; [1109]; [1003, 1167, 1224, 1264]; [1581]; [932]; [1048]; [1003]; [1003, 1526]; [1003]; [1261]; [1003, 1264, 1508, 1644]; [1624, 881]; [1167, 1263, 1345]; [882, 905]; [931]; [1109, 1221]; [1003, 1264]","false","filtered"
"860","143","664","616.8123","0.477","2,074.1","2","2_3_F3","2M+K; 2M+Na; M+2H+Na; M+2Na-H; M+3Na; M+K; M+Na","[511]; [608]; [600]; [507, 679]; [467]; [511]; [608]","true","keep_rep"
"861","129","679","648.7584","0.474","633.9","2","2_3_F3","2M+K; M+2K-H; M+2Na-H; M+H; M+K","[608]; [507, 664]; [590]; [514]; [608]","false","filtered"
"858","113","565","1,022.7356","0.472","680.6","2","2_3_F2","2M+K; M+H; M+K","[550, 564, 583]; [583]; [550, 564]","true","keep_rep"
"859","97","564","1,006.7623","0.470","433.5","2","2_3_F2","2M+Na; M+2ACN+H; M+H; M+Na","[550, 565, 583]; [581]; [550]; [550, 565]","false","filtered"
"767","170","793","104.1077","0.501","3,469,438.5","2","2_3_F1","M+; M+3ACN+2H","[796]; [1087]","true","keep_rep"
"768","172","828","365.1063","0.504","1,228,451.9","2","2_3_F1","2M+Na; M+2ACN+H; M+DMSO+H; M+IsoProp+Na+H; M+NH4; M+Na","[1177, 1261]; [810]; [875]; [871, 882]; [654]; [1177, 1261, 855]","false","filtered"
"769","181","859","203.0531","0.513","262,039.6","2","2_3_F1","2M+NH4; 2M+Na; M+; M+2H+Na; M+2Na; M+3H; M+3Na; M+CH3OH+H; M+IsoProp+Na+H; M+NH4; M+Na","[996]; [1005, 1213]; [654]; [881, 941]; [1004, 332]; [881]; [941]; [1257, 844, 907, 996]; [931]; [653, 996]; [1005, 1213]","false","filtered"
"770","187","796","105.1110","0.518","188,301.5","2","2_3_F1","2M+H; M+; M+2H; M+H; M+NH4","[1264]; [1047]; [1223]; [793]; [968]","false","filtered"
"771","98","624","242.9260","0.470","149,211.3","2","2_3_F1","2M+NH4; 2M+Na; M+2ACN+2H; M+2H; M+2H+Na; M+2Na; M+2Na-H; M+3ACN+2H; M+3Na; M+ACN+2H; M+ACN+H; M+ACN+Na; M+DMSO+H; M+H+K; M+H+Na; M+K; M+NH4; M+Na","[234]; [655]; [762]; [632]; [559]; [467, 581, 704, 716]; [708]; [762]; [590, 592]; [762]; [199, 762]; [714]; [668]; [604]; [570, 581]; [604]; [234]; [581, 655, 716]","false","filtered"
"772","161","939","280.0925","0.488","145,642.6","2","2_3_F1","2M+ACN+Na; 2M+NH4; 2M+Na; M+; M+2H+Na; M+2Na; M+2Na-H; M+3Na; M+ACN+Na; M+CH3OH+H; M+DMSO+H; M+IsoProp+H; M+IsoProp+Na+H; M+NH4; M+Na","[965]; [997, 999]; [1075, 879, 965]; [1087]; [1002]; [965]; [965]; [965]; [965]; [1000]; [572]; [1005]; [1005]; [997, 999]; [1075, 879, 965]","false","filtered"
"773","189","879","296.0663","0.519","105,054.1","2","2_3_F1","2M+ACN+H; 2M+ACN+Na; 2M+K; 2M+NH4; 2M+Na; M+2K-H; M+2Na; M+2Na-H; M+3ACN+2H; M+3Na; M+ACN+Na; M+CH3OH+H; M+DMSO+H; M+H+K; M+IsoProp+Na+H; M+K; M+NH4; M+Na","[1285]; [955, 995]; [1075, 1223, 939, 965]; [938, 968]; [955]; [965]; [1090, 955]; [922, 955]; [810]; [955]; [955, 995]; [1001]; [653]; [1158]; [809]; [1047, 1075, 939, 965]; [938]; [955]","false","filtered"
"774","175","655","258.8975","0.510","82,759.2","2","2_3_F1","2M+K; 2M+Na; M+2H; M+2H+Na; M+2Na; M+3H; M+H; M+H+2Na; M+H+K; M+K; M+Na","[624]; [708]; [587, 665]; [598]; [695, 718]; [598]; [700]; [1089]; [716]; [624, 716]; [695, 708, 718]","false","filtered"
"775","157","705","122.9250","0.485","82,302.8","2","2_3_F1","M+2H; M+2H+Na; M+H+K; M+K","[709]; [727]; [707]; [682, 706, 707]","false","filtered"
"776","192","832","156.0772","0.520","63,289.3","2","2_3_F1","2M+3H2O+2H; 2M+ACN+H; 2M+H; 2M+NH4; M+2ACN+2H; M+2ACN+H; M+2H; M+2Na-H; M+3H; M+ACN+2H; M+ACN+H; M+CH3OH+H; M+DMSO+H; M+H; M+H+K; M+H+Na; M+IsoProp+H; M+IsoProp+Na+H; M+K; M+NH4; M+Na","[930, 932]; [370]; [370]; [1221, 1287]; [1200]; [931]; [370]; [1047]; [370]; [1211]; [1024, 1213, 1340, 1345, 370]; [572]; [1340]; [332, 370]; [1164]; [1270]; [653, 855]; [1248, 1285, 750, 930]; [1248, 750]; [1158, 1221, 1287, 956, 999]; [370]","false","filtered"
"777","99","626","378.9011","0.470","41,321.2","2","2_3_F1","2M+K; 2M+Na; M+2ACN+H; M+2Na; M+2Na-H; M+ACN+Na; M+DMSO+H; M+H+K; M+H+Na; M+IsoProp+H; M+K; M+Na","[603]; [576]; [575, 682]; [593, 594]; [660]; [721]; [713]; [494]; [593]; [682]; [494]; [576, 593, 594]","false","filtered"
"778","121","708","274.8734","0.474","35,556.2","2","2_3_F1","2M+K; M+2H; M+2K-H; M+2Na; M+H+K; M+K; M+Na","[655]; [678, 706, 721]; [624]; [706]; [658, 718]; [655, 717, 718]; [682]","false","filtered"
"779","96","604","446.8888","0.470","32,231.4","2","2_3_F1","2M+ACN+H; 2M+K; 2M+Na; M+2Na; M+2Na-H; M+ACN+H; M+ACN+Na; M+DMSO+H; M+H; M+H+Na; M+Na","[762]; [624]; [581]; [521, 562]; [716]; [762]; [595]; [578]; [624]; [562, 574]; [521, 562, 581]","false","filtered"
"780","183","1005","219.0274","0.516","27,859.2","2","2_3_F1","2M+H; 2M+K; 2M+Na; M+; M+2ACN+H; M+2Na-H; M+3Na; M+ACN+H; M+H; M+H+K; M+K; M+Na","[1257, 930]; [1213, 859]; [741]; [939]; [741]; [965]; [1338]; [930]; [930]; [1339, 332]; [1213, 859]; [939]","false","filtered"
"781","176","854","177.0249","0.512","26,994.3","2","2_3_F1","2M+3H2O+2H; 2M+ACN+Na; 2M+H; 2M+K; 2M+Na; M+2H; M+2Na; M+2Na-H; M+3Na; M+ACN+2H; M+ACN+H; M+ACN+Na; M+CH3OH+H; M+DMSO+H; M+H; M+K; M+Na","[855]; [875]; [653]; [572]; [653, 844, 875]; [653]; [852, 875]; [839, 875, 906, 907, 968]; [875]; [653]; [653]; [875]; [426]; [1164, 905]; [1109, 653]; [1224, 572]; [653, 844, 852, 875, 995]","false","filtered"
"782","177","855","191.0405","0.512","26,771.6","2","2_3_F1","2M+ACN+H; 2M+ACN+Na; 2M+H; 2M+Na; M+2ACN+2H; M+2H; M+2Na; M+2Na-H; M+3Na; M+ACN+2H; M+ACN+H; M+ACN+Na; M+CH3OH+H; M+DMSO+H; M+H; M+H+K; M+H+NH4; M+H+Na; M+IsoProp+H; M+Na","[854]; [1285, 842, 875, 933]; [832]; [809, 856, 933]; [1177]; [1177]; [1177, 933, 975]; [1000, 1024, 857, 933, 934]; [933]; [1177]; [995]; [1285, 842, 933]; [1432, 332]; [1285]; [1177, 955]; [1177, 1261, 1263, 828]; [1177]; [1177, 1259]; [707, 741]; [772, 856, 933, 975]","false","filtered"
"783","174","711","326.8841","0.507","26,386.7","2","2_3_F1","2M+K; 2M+Na; M+2ACN+2H; M+2H; M+2H+Na; M+2K-H; M+2Na; M+2Na-H; M+3H; M+3Na; M+H; M+H+K; M+H+Na; M+IsoProp+H; M+K; M+Na","[602]; [706, 712, 741]; [706]; [593]; [716]; [932]; [721, 722]; [714]; [583]; [716]; [741]; [588]; [721]; [741]; [587, 588, 602]; [712, 721, 722, 741]","false","filtered"
"784","134","741","174.9385","0.474","26,170.2","2","2_3_F1","2M+H; 2M+K; 2M+Na; M+2ACN+2H; M+2H; M+2H+Na; M+2K-H; M+2Na; M+2Na-H; M+3Na; M+H; M+H+K; M+H+Na; M+K; M+Na","[907]; [682]; [706]; [711]; [659]; [584]; [1005, 1235]; [711, 712, 721, 722]; [707, 855]; [716, 717]; [682]; [602]; [711]; [1005, 602]; [706, 711, 712]","false","filtered"
"785","119","706","190.9121","0.474","24,041.2","2","2_3_F1","2M+K; 2M+Na; M+2H; M+2H+Na; M+2Na; M+2Na-H; M+3H; M+3Na; M+H; M+H+K; M+H+Na; M+K; M+Na","[741]; [682, 705, 707]; [578, 581]; [678, 708, 721]; [714]; [856]; [711, 721]; [708]; [682]; [712]; [714]; [711, 712, 741]; [682, 707, 714]","false","filtered"
"786","116","682","106.9511","0.472","21,533.4","2","2_3_F1","M+2H; M+2H+Na; M+2Na; M+3H; M+3Na; M+H+K; M+H+Na; M+K; M+Na","[822]; [575, 626]; [706, 707, 714]; [626]; [708]; [741]; [706]; [741, 810]; [705, 706, 707]","false","filtered"
"787","125","716","478.8363","0.474","20,449.7","2","2_3_F1","2M+K; 2M+Na; M+2ACN+H; M+2H; M+2K-H; M+2Na; M+2Na-H; M+H; M+H+K; M+K; M+Na","[581, 624, 655]; [717]; [605]; [711]; [604]; [711]; [718]; [655]; [704]; [467, 581, 624, 704]; [717, 741]","false","filtered"
"788","102","653","218.0428","0.472","17,067.8","2","2_3_F1","2M+3H2O+2H; 2M+ACN+H; 2M+ACN+Na; 2M+K; 2M+NH4; M+; M+2ACN+2H; M+2ACN+H; M+2K-H; M+3ACN+2H; M+ACN+H; M+ACN+Na; M+CH3OH+H; M+H; M+IsoProp+Na+H; M+K; M+NH4","[832]; [463, 854]; [854]; [295, 572]; [857]; [654]; [854]; [854]; [295]; [854]; [1109, 463, 854]; [854]; [859]; [879]; [1109]; [295, 572]; [857]","false","filtered"
"789","178","856","207.0145","0.512","16,569.0","2","2_3_F1","2M+ACN+H; 2M+ACN+Na; 2M+H; 2M+K; 2M+Na; M+; M+2ACN+2H; M+2ACN+H; M+2K-H; M+2Na; M+2Na-H; M+3ACN+2H; M+3Na; M+ACN+H; M+ACN+Na; M+H; M+IsoProp+H; M+K; M+Na","[842, 844]; [842, 907, 934]; [932]; [809, 855, 933]; [857, 934]; [1174]; [842]; [842]; [933]; [934]; [1001, 770, 934]; [603, 842]; [934]; [842, 996]; [842, 934]; [922]; [706]; [772, 855, 933, 975]; [857, 934]","false","filtered"
"790","142","712","342.8630","0.477","13,267.6","2","2_3_F1","2M+K; 2M+Na; M+2ACN+2H; M+2ACN+H; M+2H; M+2K-H; M+H; M+H+K; M+H+NH4; M+K; M+Na","[706, 711, 741]; [714]; [668]; [670]; [680]; [602]; [706]; [486, 722]; [555]; [711, 721, 722, 741]; [714]","false","filtered"
"791","186","572","202.0705","0.518","13,265.7","2","2_3_F1","2M+ACN+Na; 2M+Na; M+; M+2ACN+H; M+2H; M+2Na; M+2Na-H; M+3ACN+2H; M+3Na; M+ACN+H; M+ACN+Na; M+CH3OH+H; M+DMSO+H; M+H; M+H+K; M+IsoProp+Na+H; M+Na","[1221, 1287, 854]; [1287, 653]; [371]; [931]; [986]; [1287]; [1287]; [938]; [1287]; [1087, 1340]; [1221, 1224, 1287, 854]; [966]; [832]; [1223, 939]; [691]; [1432, 930]; [1287, 653, 965]","false","filtered"
"792","185","1087","160.0367","0.518","12,578.9","2","2_3_F1","2M+ACN+H; 2M+Na; M+; M+2H; M+2K-H; M+2Na; M+2Na-H; M+3Na; M+ACN+2H; M+ACN+Na; M+H; M+H+2Na; M+H+K; M+K; M+Na","[1106]; [1109, 1224]; [1340, 572]; [1338]; [793]; [1224, 955]; [1224, 1264, 652]; [1224]; [809]; [1224]; [1338]; [632]; [939]; [1174]; [1109, 1224, 371]","false","filtered"
"793","101","651","124.9230","0.472","12,112.5","2","2_3_F1","M+2Na-H; M+K","[810]; [700]","false","filtered"
"794","163","370","178.0591","0.495","11,483.8","2","2_3_F1","2M+3H2O+2H; 2M+ACN+H; 2M+ACN+Na; 2M+H; 2M+K; 2M+Na; M+2H; M+2Na; M+2Na-H; M+3H; M+3Na; M+ACN+2H; M+ACN+H; M+ACN+Na; M+H; M+H+K; M+K; M+Na","[1164, 921, 930]; [332]; [832]; [332, 691]; [750]; [463, 832]; [332]; [832]; [832]; [332]; [832]; [1000]; [332, 933]; [1024, 832]; [332]; [1164]; [750]; [332, 463, 832]","false","filtered"
"795","138","751","262.0690","0.476","11,430.0","2","2_3_F1","2M+ACN+H; 2M+ACN+Na; 2M+K; M+2ACN+2H; M+2ACN+H; M+3ACN+2H; M+ACN+H; M+ACN+Na; M+DMSO+H; M+IsoProp+Na+H; M+K","[986]; [986]; [770]; [986]; [986]; [986]; [881, 986]; [986]; [1188]; [857]; [770]","false","filtered"
"796","104","656","260.8975","0.472","11,400.0","2","2_3_F1","2M+K; 2M+Na; M+2Na-H; M+ACN+Na; M+K; M+Na","[822]; [709]; [670]; [764]; [822]; [709]","false","filtered"
"797","165","822","244.9231","0.497","10,187.7","2","2_3_F1","2M+Na; M+2Na-H; M+ACN+Na; M+CH3OH+H; M+Na","[656]; [709]; [783]; [682]; [656]","false","filtered"
"798","166","750","162.0765","0.497","9,024.3","2","2_3_F1","2M+H; 2M+NH4; 2M+Na; M+2ACN+2H; M+2H; M+2Na; M+2Na-H; M+3ACN+2H; M+ACN+2H; M+ACN+H; M+CH3OH+H; M+DMSO+H; M+H; M+IsoProp+Na+H; M+K; M+NH4; M+Na","[332]; [1285, 832, 930]; [370]; [1175, 1179, 938, 965, 997, 999]; [1188]; [1164]; [463, 832]; [1175, 997]; [1175, 976, 999]; [1175, 938, 965, 997, 999]; [1024]; [1024, 691]; [332]; [954]; [332]; [1285]; [370]","false","filtered"
"799","171","1263","115.0378","0.502","7,743.4","2","2_3_F1","2M+H; M+; M+2H; M+3H; M+ACN+2H; M+H; M+H+NH4; M+IsoProp+H; M+Na","[968]; [1106, 1167, 1213]; [770]; [463, 855]; [691]; [770, 954, 968]; [922]; [700]; [1167, 925]","false","filtered"
"800","148","332","200.0411","0.479","6,761.6","2","2_3_F1","2M+3H2O+2H; 2M+ACN+Na; 2M+K; 2M+Na; M+2ACN+H; M+2H; M+2K-H; M+2Na; M+2Na-H; M+3Na; M+ACN+H; M+ACN+Na; M+DMSO+H; M+H+K; M+H+Na; M+IsoProp+Na+H; M+K; M+Na","[921]; [370]; [750]; [370]; [208]; [1005]; [750]; [370]; [370, 463, 832]; [370]; [855]; [370, 933]; [842]; [859]; [969]; [658]; [750]; [370]","false","filtered"
"801","103","654","236.0801","0.472","6,422.9","2","2_3_F1","2M+ACN+H; 2M+ACN+Na; 2M+K; M+2ACN+H; M+2K-H; M+3ACN+2H; M+CH3OH+H; M+DMSO+H; M+H; M+H+2Na; M+IsoProp+H; M+K; M+NH4; M+Na","[295]; [285]; [371, 652]; [1109]; [652]; [105, 828]; [193, 859]; [758]; [295]; [426]; [1109]; [371, 652]; [653]; [285]","false","filtered"
"802","188","878","288.1055","0.519","6,337.3","2","2_3_F1","2M+ACN+H; 2M+ACN+Na; 2M+K; 2M+NH4; 2M+Na; M+; M+2ACN+H; M+2Na; M+2Na-H; M+3Na; M+ACN+Na; M+DMSO+H; M+IsoProp+Na+H; M+K; M+NH4; M+Na","[955]; [1089]; [1239]; [1090, 1741, 921]; [1089, 881]; [947]; [1269]; [1089]; [1089]; [1089]; [1089]; [1236]; [1324]; [1239]; [1090, 1741]; [1089, 881]","false","filtered"
"803","120","707","206.8861","0.474","5,932.1","2","2_3_F1","2M+H; 2M+K; M+2H; M+2K-H; M+2Na-H; M+H; M+K","[810]; [682, 705, 706]; [695, 717]; [741, 855]; [857]; [705]; [682, 706, 714]","false","filtered"
"804","145","577","396.8727","0.477","5,722.0","2","2_3_F1","2M+K; 2M+Na; M+2Na-H; M+IsoProp+Na+H; M+K; M+Na","[659]; [578]; [605]; [555]; [659]; [578]","false","filtered"
"805","127","721","630.7864","0.474","5,157.1","2","2_3_F1","2M+H; 2M+K; 2M+Na; M+2ACN+H; M+2K-H; M+H; M+IsoProp+H; M+K; M+Na","[626]; [588]; [711, 712, 722, 741]; [706, 708]; [587]; [514, 711]; [706]; [588]; [711, 722]","false","filtered"
"806","149","768","257.8628","0.480","5,111.7","2","2_3_F1","M+2Na-H; M+DMSO+H","[762]; [764]","false","filtered"
"807","169","1235","140.0621","0.500","4,934.2","2","2_3_F1","M+2H; M+3H; M+ACN+2H; M+ACN+H; M+H; M+H+2Na; M+H+K; M+H+Na; M+IsoProp+Na+H; M+Na","[930]; [1002]; [1189, 1238]; [741]; [1445]; [555]; [1223]; [930]; [1293]; [1293]","false","filtered"
"808","151","770","246.0956","0.480","4,906.6","2","2_3_F1","2M+ACN+H; 2M+ACN+Na; 2M+NH4; 2M+Na; M+2ACN+2H; M+2ACN+H; M+3ACN+2H; M+ACN+H; M+ACN+Na; M+H; M+IsoProp+Na+H; M+NH4; M+Na","[691]; [691, 986]; [1263]; [751]; [691]; [691]; [691]; [691]; [691, 986]; [922]; [856]; [1263]; [751]","false","filtered"
"809","160","578","412.8470","0.488","4,758.5","2","2_3_F1","2M+K; 2M+Na; M+2K-H; M+2Na-H; M+CH3OH+H; M+K; M+Na","[577]; [605]; [659]; [604]; [706]; [577]; [605]","false","filtered"
"810","184","1109","176.0127","0.517","4,740.1","2","2_3_F1","2M+ACN+H; 2M+ACN+Na; 2M+K; 2M+Na; M+; M+2ACN+H; M+2K-H; M+2Na; M+2Na-H; M+3Na; M+ACN+2H; M+ACN+H; M+H; M+H+2Na; M+K; M+Na","[930]; [1221]; [1087, 1224]; [925]; [653, 854]; [668]; [1224]; [1188]; [968]; [1017]; [810]; [653, 932]; [654]; [663]; [1087, 1224, 371, 652]; [1221, 654, 925]","false","filtered"
"811","106","661","480.8346","0.472","4,682.2","2","2_3_F1","2M+K; 2M+Na; M+2H+Na; M+2K-H; M+2Na-H; M+3Na; M+K; M+Na","[582]; [662]; [594]; [579]; [550, 674]; [592]; [582]; [662]","false","filtered"
"812","141","593","734.8168","0.476","4,275.0","2","2_3_F1","2M+K; 2M+Na; M+2ACN+2H; M+2ACN+H; M+2Na-H; M+CH3OH+H; M+DMSO+H; M+H; M+K; M+Na","[494]; [576, 594, 626]; [581]; [591, 711]; [595]; [486]; [703]; [626]; [494]; [594, 626]","false","filtered"
"813","190","881","304.0804","0.519","4,136.6","2","2_3_F1","2M+3H2O+2H; 2M+ACN+H; 2M+K; M+; M+2ACN+H; M+2H; M+2K-H; M+2Na; M+H+Na; M+IsoProp+Na+H; M+K","[925]; [922]; [1089, 878]; [975]; [1339]; [859]; [1089, 1239]; [941]; [859, 941]; [751]; [1089, 878]","false","filtered"
"814","118","595","766.7580","0.473","3,832.5","2","2_3_F1","2M+H; 2M+K; 2M+Na; M+2K-H; M+H; M+K; M+NH4; M+Na","[604]; [594]; [576, 660, 666]; [593]; [576]; [594]; [555]; [576, 666]","false","filtered"
"815","159","652","198.1239","0.486","3,682.2","2","2_3_F1","2M+ACN+H; 2M+H; M+2ACN+H; M+2H; M+3H; M+ACN+H; M+H; M+IsoProp+H; M+K; M+NH4; M+Na","[371]; [371, 654]; [1087]; [371]; [371]; [371]; [371, 654]; [1109]; [654]; [295]; [371]","false","filtered"
"816","158","575","328.8830","0.486","3,651.8","2","2_3_F1","2M+K; 2M+Na; M+2Na-H; M+ACN+2H; M+CH3OH+H; M+K; M+Na","[574, 839]; [713]; [603, 694]; [592]; [626, 682]; [574]; [713]","false","filtered"
"817","179","857","222.9884","0.512","3,453.7","2","2_3_F1","2M+ACN+H; 2M+K; 2M+Na; M+2K-H; M+2Na-H; M+IsoProp+H; M+K; M+Na","[839]; [856, 934]; [653]; [1000, 1024, 855, 933, 934]; [751]; [707]; [856, 934]; [653]","false","filtered"
"818","168","659","380.8964","0.498","3,305.6","2","2_3_F1","2M+H; 2M+Na; M+2Na-H; M+ACN+2H; M+CH3OH+H; M+Na","[276]; [577]; [578]; [519]; [741]; [577]","false","filtered"
"819","136","714","358.8365","0.475","2,988.8","2","2_3_F1","2M+H; 2M+K; 2M+Na; M+2ACN+H; M+2K-H; M+3H; M+CH3OH+H; M+H; M+K; M+Na","[624]; [712]; [682, 706, 707]; [767]; [711]; [606]; [727]; [706]; [712]; [706]","false","filtered"
"820","167","809","148.0374","0.498","2,960.0","2","2_3_F1","2M+K; 2M+Na; M+; M+2ACN+2H; M+ACN+Na; M+CH3OH+H; M+H+K; M+H+NH4; M+IsoProp+H; M+IsoProp+Na+H; M+K; M+NH4; M+Na","[968]; [810]; [844]; [879]; [855, 856, 933]; [276, 463]; [930]; [1087]; [842]; [700]; [968]; [921]; [810]","false","filtered"
"821","123","713","344.8591","0.474","2,909.4","2","2_3_F1","2M+H; 2M+K; 2M+Na; M+2H+Na; M+2K-H; M+2Na-H; M+3Na; M+CH3OH+H; M+K; M+Na","[700]; [575]; [694]; [585]; [426, 574]; [626]; [717]; [555]; [575]; [694]","false","filtered"
"822","111","665","548.8227","0.472","2,897.4","2","2_3_F1","2M+K; 2M+Na; M+2K-H; M+2Na-H; M+CH3OH+H; M+K; M+Na","[584]; [663]; [632]; [678]; [655]; [234, 584]; [663]","false","filtered"
"823","117","494","718.8406","0.472","2,730.3","2","2_3_F1","2M+K; 2M+Na; M+2Na-H; M+DMSO+H; M+H; M+Na","[626]; [593]; [594]; [591, 680]; [626]; [593]","false","filtered"
"824","100","579","448.8877","0.471","2,515.7","2","2_3_F1","2M+Na; M+2Na; M+2Na-H; M+3Na; M+Na","[582]; [199]; [661]; [507]; [582]","false","filtered"
"825","147","758","342.1398","0.478","2,455.9","2","2_3_F1","2M+3H2O+2H; 2M+ACN+H; 2M+H; 2M+NH4; M+2ACN+2H; M+2ACN+H; M+2H; M+3H; M+ACN+H; M+ACN+Na; M+H; M+Na","[654]; [772, 882]; [772]; [295]; [882]; [882]; [772]; [772]; [772, 871, 882]; [882]; [295, 772]; [285, 772]","false","filtered"
"826","137","519","802.7986","0.475","2,429.2","2","2_3_F1","2M+Na; M+2Na-H; M+DMSO+H; M+IsoProp+Na+H; M+Na","[597]; [598]; [486]; [659]; [597]","false","filtered"
"827","156","783","180.9044","0.484","2,325.6","2","2_3_F1","2M+Na; M+; M+2H+Na; M+2K-H; M+H+NH4; M+Na","[764]; [822]; [606]; [839]; [658]; [764]","false","filtered"
"828","182","871","345.0759","0.516","2,307.2","2","2_3_F1","2M+ACN+Na; 2M+H; 2M+Na; M+; M+2Na; M+2Na-H; M+3Na; M+ACN+2H; M+ACN+Na; M+DMSO+H; M+IsoProp+Na+H; M+Na","[882]; [691]; [772, 882]; [905]; [772, 882]; [1272, 758, 772, 882]; [882]; [947]; [772, 828, 882]; [1270]; [931, 938]; [772, 882]","false","filtered"
"829","107","662","496.8083","0.472","2,306.4","2","2_3_F1","2M+ACN+H; 2M+K; 2M+Na; M+2K-H; M+2Na-H; M+ACN+H; M+CH3OH+H; M+K; M+Na","[695]; [661]; [674]; [582]; [583]; [695]; [585]; [661]; [674]","false","filtered"
"830","150","767","336.8407","0.480","2,121.6","2","2_3_F1","2M+NH4; M+IsoProp+H; M+NH4","[694]; [714]; [694]","false","filtered"
"831","191","882","323.0944","0.519","2,013.6","2","2_3_F1","2M+3H2O+2H; 2M+ACN+H; 2M+ACN+Na; 2M+H; 2M+NH4; 2M+Na; M+; M+2ACN+2H; M+2H; M+2Na; M+2Na-H; M+3H; M+ACN+2H; M+ACN+H; M+ACN+Na; M+CH3OH+H; M+DMSO+H; M+H; M+NH4; M+Na","[975]; [871]; [956]; [772, 871]; [1001]; [1272, 758, 772]; [905, 925]; [1090]; [772, 871]; [1272, 758]; [1272, 758]; [871]; [772]; [772, 828, 871]; [1221, 1272, 758, 956]; [922]; [956]; [772, 871]; [1001]; [1272, 758, 772, 871]","false","filtered"
"832","126","718","510.7842","0.474","1,980.6","2","2_3_F1","2M+K; M+2K-H; M+H; M+K","[655, 708, 717]; [716]; [708]; [655, 717]","false","filtered"
"833","128","722","646.7603","0.474","1,926.4","2","2_3_F1","2M+K; M+2K-H; M+H; M+K","[711, 712, 721, 741]; [588]; [486, 712]; [711, 721]","false","filtered"
"834","173","555","395.8798","0.504","1,886.9","2","2_3_F1","M+2ACN+H; M+2K-H; M+3ACN+2H; M+ACN+2H; M+H; M+IsoProp+Na+H; M+Na","[577]; [426]; [712]; [595]; [576]; [713]; [1235]","false","filtered"
"835","115","666","782.7344","0.472","1,838.0","2","2_3_F1","2M+K; M+2ACN+2H; M+2K-H; M+H; M+K","[576, 595, 660]; [717]; [594]; [660]; [576, 595]","false","filtered"
"836","108","663","564.7964","0.472","1,753.9","2","2_3_F1","2M+K; 2M+Na; M+2K-H; M+2Na-H; M+IsoProp+Na+H; M+K; M+Na","[665]; [678]; [234, 584]; [587]; [1109]; [665]; [678]","false","filtered"
"837","154","772","364.1217","0.482","1,749.2","2","2_3_F1","2M+3H2O+2H; 2M+ACN+H; 2M+ACN+Na; 2M+NH4; 2M+Na; M+2ACN+2H; M+2ACN+H; M+2Na; M+2Na-H; M+3ACN+2H; M+3Na; M+ACN+H; M+ACN+Na; M+NH4; M+Na","[855, 856, 933]; [871, 882]; [758, 882]; [1001]; [758]; [871, 882]; [871, 882]; [758]; [285, 758]; [882]; [758]; [871, 882]; [758, 871, 882]; [1001]; [295, 758]","false","filtered"
"838","153","426","351.9896","0.482","1,683.4","2","2_3_F1","2M+ACN+Na; 2M+Na; M+ACN+2H; M+CH3OH+H; M+IsoProp+Na+H; M+Na","[854]; [603, 852]; [654]; [555]; [574, 713]; [603, 852]","false","filtered"
"839","162","605","428.8192","0.491","1,655.2","2","2_3_F1","2M+K; M+2K-H; M+2Na-H; M+ACN+Na; M+CH3OH+H; M+K; M+NH4","[578]; [577]; [581]; [762]; [716]; [578]; [762]","false","filtered"
"840","109","606","578.7723","0.472","1,642.8","2","2_3_F1","2M+K; M+2ACN+2H; M+2K-H; M+IsoProp+H; M+K","[586]; [714]; [585]; [783]; [586]","false","filtered"
"841","135","562","870.7894","0.474","1,526.3","2","2_3_F1","2M+Na; M+2ACN+H; M+2Na-H; M+H; M+Na","[521, 581, 604]; [576]; [467]; [604]; [521, 604]","false","filtered"
"842","164","810","164.0086","0.496","1,364.8","2","2_3_F1","2M+3H2O+2H; 2M+K; M+; M+2H+Na; M+2K-H; M+2Na; M+3Na; M+H+NH4; M+IsoProp+H; M+IsoProp+Na+H; M+K","[682]; [809]; [839]; [879]; [968]; [828]; [986]; [1109]; [707]; [651]; [809]","false","filtered"
"843","110","695","472.8175","0.472","1,347.0","2","2_3_F1","2M+H; 2M+NH4; M+H; M+IsoProp+H; M+NH4","[655]; [662]; [655]; [707, 717]; [662]","false","filtered"
"844","112","703","700.7712","0.472","1,297.2","2","2_3_F1","2M+K; 2M+Na; M+2K-H; M+2Na-H; M+K; M+Na","[591]; [680]; [513]; [593]; [591]; [680]","false","filtered"
"845","122","670","292.8456","0.474","1,156.5","2","2_3_F1","2M+K; M+2K-H; M+CH3OH+H; M+K","[709]; [656]; [712]; [709]","false","filtered"
"846","105","668","208.8841","0.472","1,129.6","2","2_3_F1","2M+K; 2M+Na; M+2H+Na; M+2K-H; M+2Na; M+2Na-H; M+ACN+2H; M+K; M+Na","[658]; [1109]; [712]; [570]; [727]; [624]; [764]; [658]; [276]","false","filtered"
"847","114","560","752.7862","0.472","1,088.8","2","2_3_F1","2M+K; M+K","[559]; [559]","false","filtered"
"848","180","852","347.0351","0.512","1,041.5","2","2_3_F1","2M+H; 2M+K; 2M+NH4; M+2K-H; M+2Na-H; M+H; M+IsoProp+Na+H; M+K; M+NH4","[1432]; [844, 854, 875]; [426, 603]; [875, 976]; [1177, 907, 931]; [844]; [463]; [854, 875]; [426, 603]","false","filtered"
"849","124","727","404.8300","0.474","1,027.6","2","2_3_F1","M+CH3OH+H; M+DMSO+H; M+IsoProp+H","[668]; [714]; [705]","false","filtered"
"850","155","486","724.7818","0.483","940.9","2","2_3_F1","2M+K; M+CH3OH+H; M+DMSO+H; M+H; M+K; M+Na","[514]; [696]; [712, 722]; [519]; [514]; [593]","false","filtered"
"851","146","764","196.8781","0.478","832.2","2","2_3_F1","2M+K; M+; M+H+NH4; M+K; M+NH4","[783]; [656]; [668]; [783]; [768]","false","filtered"
"852","140","694","360.8336","0.476","828.0","2","2_3_F1","2M+ACN+H; 2M+K; M+; M+2K-H; M+2Na-H; M+ACN+H; M+CH3OH+H; M+K","[767]; [713]; [120]; [575, 603]; [576]; [767]; [660]; [713]","false","filtered"
"853","152","371","220.1063","0.481","755.4","2","2_3_F1","2M+ACN+Na; 2M+Na; M+2ACN+H; M+2H; M+2Na; M+2Na-H; M+3Na; M+ACN+Na; M+IsoProp+Na+H; M+NH4; M+Na","[652]; [652, 654]; [1087, 1109]; [933]; [652]; [652]; [652]; [652]; [285]; [572]; [652, 654]","false","filtered"
"854","133","762","443.8148","0.474","706.8","2","2_3_F1","2M+3H2O+2H; 2M+ACN+H; 2M+K; 2M+NH4; 2M+Na; M+2ACN+H; M+2Na; M+2Na-H; M+ACN+H; M+ACN+Na; M+CH3OH+H; M+DMSO+H; M+H; M+K; M+Na","[276]; [624]; [604]; [768]; [581]; [624]; [581]; [581]; [624]; [581]; [605]; [605]; [624]; [604]; [581]","false","filtered"
"855","132","678","580.7709","0.474","623.2","2","2_3_F1","2M+K; M+2K-H; M+2Na-H; M+CH3OH+H; M+K","[663]; [665]; [588]; [706, 708]; [663]","false","filtered"
"856","144","559","736.8112","0.477","593.4","2","2_3_F1","2M+Na; M+CH3OH+H; M+Na","[560]; [624]; [560]","false","filtered"
"857","131","680","716.7441","0.474","587.6","2","2_3_F1","2M+K; M+2K-H; M+2Na-H; M+CH3OH+H; M+K","[703]; [494, 591]; [594]; [712]; [703]","false","filtered"
"764","92","597","818.7751","0.470","3,292.7","2","2_2_F4","2M+K; 2M+Na; M+2Na-H; M+K; M+Na","[519]; [598]; [599]; [519]; [598]","true","keep_rep"
"765","67","598","834.7448","0.465","3,054.9","2","2_2_F4","2M+K; 2M+Na; M+2ACN+H; M+2K-H; M+IsoProp+H; M+K; M+Na","[597]; [599]; [655]; [519]; [655]; [597]; [599]","false","filtered"
"766","93","599","850.7213","0.470","1,738.0","2","2_2_F4","2M+K; M+2K-H; M+K","[598]; [597]; [598]","false","filtered"
"761","78","576","394.8747","0.470","37,271.1","2","2_2_F3","2M+K; 2M+Na; M+; M+2H; M+2Na; M+DMSO+H; M+H+K; M+H+Na; M+K; M+Na","[626]; [660]; [555]; [562]; [595, 666]; [694]; [594]; [595]; [593, 594, 626]; [595, 660, 666]","true","keep_rep"
"762","69","660","410.8521","0.466","21,487.7","2","2_2_F3","2M+K; M+2ACN+H; M+2K-H; M+H+K; M+K","[576]; [694]; [626]; [666]; [576, 595, 666]","false","filtered"
"763","91","594","750.7872","0.470","4,861.9","2","2_2_F3","2M+K; 2M+Na; M+2ACN+2H; M+2K-H; M+2Na-H; M+DMSO+H; M+H; M+K; M+Na","[576, 593, 626]; [595]; [661]; [494]; [666]; [680]; [576]; [593, 626]; [595]","false","filtered"
"759","52","276","268.9621","0.450","3,836.0","2","2_2_F2","2M+ACN+H; 2M+H; 2M+K; 2M+Na; M+2ACN+H; M+2H; M+2Na-H; M+3H; M+ACN+H; M+DMSO+H; M+H; M+IsoProp+H; M+Na","[237]; [237]; [809]; [199]; [668]; [237]; [232]; [237]; [237]; [659]; [237]; [762]; [199, 237]","true","keep_rep"
"760","50","199","284.9385","0.437","1,899.6","2","2_2_F2","2M+K; M+2Na; M+2Na-H; M+3H; M+ACN+Na; M+H+Na; M+IsoProp+Na+H; M+K","[276]; [80]; [192]; [579]; [83]; [80]; [624]; [237, 276]","false","filtered"
"714","58","581","462.8625","0.457","30,947.4","2","2_2_F1","2M+ACN+H; 2M+K; 2M+Na; M+; M+2ACN+2H; M+2ACN+H; M+2H; M+2H+Na; M+2Na; M+2Na-H; M+3H; M+3Na; M+ACN+H; M+ACN+Na; M+DMSO+H; M+H; M+H+K; M+H+Na; M+K; M+Na","[762]; [604]; [624, 716]; [167]; [467, 762]; [706, 762]; [564]; [590]; [467, 704]; [717]; [593]; [590]; [762]; [762]; [605]; [624]; [521]; [467]; [521, 562, 604]; [467, 624, 704, 716]","true","keep_rep"
"715","95","602","310.9134","0.470","26,951.2","2","2_2_F1","2M+K; 2M+Na; M+2Na; M+2Na-H; M+3Na; M+ACN+Na; M+DMSO+H; M+H; M+H+Na; M+Na","[741]; [711]; [587, 588]; [712]; [467, 521]; [717]; [709]; [741]; [587]; [587, 588, 711]","false","filtered"
"716","81","583","530.8501","0.470","16,377.6","2","2_2_F1","2M+K; 2M+Na; M+2ACN+2H; M+2Na-H; M+DMSO+H; M+H+K; M+K; M+Na","[550]; [585]; [711]; [586]; [662]; [565]; [550, 564, 565]; [585]","false","filtered"
"717","76","550","514.8770","0.469","15,434.2","2","2_2_F1","2M+Na; M+2Na; M+2Na-H; M+ACN+Na; M+DMSO+H; M+H+Na; M+Na","[583]; [564, 565]; [585]; [467]; [661]; [564]; [564, 565, 583]","false","filtered"
"718","47","193","242.0005","0.429","14,087.6","2","2_2_F1","2M+ACN+H; 2M+ACN+Na; 2M+H; 2M+NH4; M+2ACN+2H; M+2ACN+H; M+2H; M+3ACN+2H; M+3H; M+ACN+H; M+ACN+Na; M+DMSO+H; M+H; M+H+Na; M+IsoProp+Na+H; M+K; M+Na","[160, 186]; [186]; [160]; [176]; [186]; [186]; [160]; [186]; [160]; [160, 186]; [186]; [208]; [160, 176]; [285]; [212]; [654]; [160]","false","filtered"
"719","66","585","546.8262","0.465","12,180.9","2","2_2_F1","2M+K; 2M+Na; M+2ACN+2H; M+2ACN+H; M+2K-H; M+2Na-H; M+DMSO+H; M+K; M+Na","[583]; [586]; [713]; [662]; [550]; [606]; [674]; [583]; [586]","false","filtered"
"720","83","587","598.8381","0.470","10,437.8","2","2_2_F1","2M+Na; M+2ACN+H; M+2H+Na; M+2Na-H; M+3H; M+3Na; M+DMSO+H; M+H; M+Na","[588, 602, 711]; [655]; [521]; [721]; [523]; [521]; [663]; [602]; [588, 602]","false","filtered"
"721","84","588","614.8128","0.470","8,902.1","2","2_2_F1","2M+H; 2M+K; 2M+Na; M+2Na-H; M+DMSO+H; M+H; M+K; M+Na","[603]; [587, 602, 711]; [721]; [722]; [678]; [711]; [587, 602]; [721]","false","filtered"
"722","54","717","494.8112","0.451","8,254.2","2","2_2_F1","2M+H; 2M+K; 2M+Na; M+2ACN+H; M+2K-H; M+3H; M+H+Na; M+K; M+Na","[602]; [716]; [708, 718]; [695, 707]; [581]; [666]; [713]; [716, 741]; [718]","false","filtered"
"723","56","709","276.8724","0.456","7,646.8","2","2_2_F1","2M+K; 2M+Na; M+2K-H; M+2Na-H; M+CH3OH+H; M+K; M+Na","[656]; [670]; [822]; [602]; [705]; [656]; [670]","false","filtered"
"724","86","589","666.8262","0.470","6,597.0","2","2_2_F1","2M+K; 2M+Na; M+2Na-H; M+DMSO+H; M+K; M+Na","[507]; [590]; [592]; [608]; [507]; [590]","false","filtered"
"725","65","590","682.8005","0.464","6,439.4","2","2_2_F1","2M+K; 2M+Na; M+2H; M+2K-H; M+2Na; M+2Na-H; M+DMSO+H; M+H+K; M+K; M+Na","[589]; [592]; [581]; [507]; [581]; [696]; [679]; [582]; [589]; [592, 624]","false","filtered"
"726","55","295","180.0871","0.455","6,329.7","2","2_2_F1","2M+H; M+; M+2ACN+H; M+2Na; M+3ACN+2H; M+H; M+H+NH4; M+H+Na; M+K; M+NH4","[653]; [652]; [654]; [285]; [654]; [653]; [758, 772]; [285]; [653]; [758]","false","filtered"
"727","57","586","562.7986","0.456","5,702.7","2","2_2_F1","2M+K; 2M+Na; M+2K-H; M+K; M+Na","[585]; [606]; [583]; [585]; [606]","false","filtered"
"728","75","507","650.8532","0.469","4,974.8","2","2_2_F1","2M+Na; M+2ACN+H; M+2Na-H; M+DMSO+H; M+H+Na; M+Na","[589]; [511]; [590]; [664, 679]; [579]; [589]","false","filtered"
"729","79","582","464.8610","0.470","4,962.3","2","2_2_F1","2M+K; 2M+Na; M+2Na-H; M+3Na; M+K; M+Na","[579]; [661]; [662]; [590]; [579]; [661]","false","filtered"
"730","89","592","698.7737","0.470","4,145.9","2","2_2_F1","2M+K; 2M+Na; M+2K-H; M+H+Na; M+IsoProp+Na+H; M+K; M+Na","[590]; [696]; [589]; [661]; [575]; [590, 624]; [514, 696]","false","filtered"
"731","51","658","192.9110","0.443","3,307.5","2","2_2_F1","2M+H; 2M+K; 2M+Na; M+2K-H; M+3Na; M+ACN+2H; M+H; M+K; M+NH4; M+Na","[94]; [570]; [225, 668]; [332]; [708]; [783]; [94]; [570]; [233]; [668]","false","filtered"
"732","82","584","532.8488","0.470","2,617.9","2","2_2_F1","2M+H; 2M+K; 2M+Na; M+2ACN+H; M+2Na-H; M+ACN+H; M+CH3OH+H; M+H; M+K; M+NH4; M+Na","[234]; [632]; [665]; [234]; [234, 663]; [234]; [741]; [234]; [234, 632]; [234]; [234, 665]","false","filtered"
"733","59","280","147.1137","0.461","2,205.2","2","2_2_F1","2M+ACN+H; 2M+H; M+2H; M+3H; M+ACN+H; M+H; M+Na","[285]; [285]; [285]; [285]; [285]; [285]; [285]","false","filtered"
"734","62","521","886.7645","0.463","1,909.9","2","2_2_F1","2M+H; 2M+K; 2M+Na; M+2H; M+2Na; M+2Na-H; M+H; M+K; M+Na","[120]; [562, 581, 604]; [467]; [587]; [587]; [704]; [581]; [562, 604]; [467, 602]","false","filtered"
"735","70","574","312.9117","0.467","1,876.5","2","2_2_F1","2M+ACN+Na; 2M+Na; M+2Na-H; M+3Na; M+ACN+Na; M+DMSO+H; M+Na","[234]; [575]; [426, 713]; [604]; [234]; [234]; [575]","false","filtered"
"736","63","467","902.7314","0.464","1,843.0","2","2_2_F1","2M+H; 2M+K; 2M+Na; M+2K-H; M+H; M+H+Na; M+IsoProp+H; M+K; M+Na","[550]; [521]; [581, 624, 704, 716]; [562]; [581]; [664]; [581]; [521, 602]; [581, 704]","false","filtered"
"737","53","511","600.8340","0.450","1,688.7","2","2_2_F1","2M+Na; M+2Na-H; M+CH3OH+H; M+H; M+Na","[664]; [608]; [507]; [61]; [664]","false","filtered"
"738","64","570","176.9363","0.464","1,676.1","2","2_2_F1","2M+Na; M+; M+2Na-H; M+3Na; M+H; M+NH4; M+Na","[658]; [167]; [668]; [624]; [159]; [120]; [658]","false","filtered"
"739","85","608","632.7846","0.470","1,599.6","2","2_2_F1","2M+K; 2M+Na; M+2K-H; M+2Na-H; M+K; M+Na","[664]; [679]; [511]; [589]; [664]; [679]","false","filtered"
"740","60","700","108.9502","0.463","1,461.3","2","2_2_F1","2M+H; M+2Na; M+2Na-H; M+3Na; M+Na","[1263, 225]; [713]; [183, 809]; [655]; [651]","false","filtered"
"741","88","591","684.7990","0.470","1,423.1","2","2_2_F1","2M+K; 2M+NH4; 2M+Na; M+2Na-H; M+CH3OH+H; M+K; M+NH4; M+Na","[513]; [514]; [703]; [494, 680]; [593]; [513]; [514]; [703]","false","filtered"
"742","71","704","918.7095","0.467","1,412.5","2","2_2_F1","2M+K; M+2K-H; M+H; M+K","[467, 581, 624, 716]; [521]; [716]; [467, 581]","false","filtered"
"743","94","563","970.7228","0.470","1,361.6","2","2_2_F1","2M+K; M+2K-H; M+K","[600]; [523]; [600]","false","filtered"
"744","68","600","954.7472","0.466","1,339.9","2","2_2_F1","2M+K; 2M+Na; M+2ACN+2H; M+K; M+Na","[523]; [563]; [664]; [523]; [563]","false","filtered"
"745","80","632","516.8761","0.470","1,197.9","2","2_2_F1","2M+Na; M+2Na-H; M+CH3OH+H; M+IsoProp+Na+H; M+Na","[584]; [665]; [624]; [1087]; [234, 584]","false","filtered"
"746","87","513","668.8259","0.470","919.9","2","2_2_F1","2M+Na; M+2Na-H; M+Na","[591]; [703]; [591]","false","filtered"
"747","77","603","367.9645","0.470","915.7","2","2_2_F1","2M+3H2O+2H; 2M+K; M+DMSO+H; M+IsoProp+H; M+IsoProp+Na+H; M+K","[626]; [426, 852]; [856]; [588]; [575, 694]; [426, 852]","false","filtered"
"748","72","523","938.7762","0.467","861.1","2","2_2_F1","2M+Na; M+2ACN+2H; M+2Na-H; M+Na","[600]; [587]; [563]; [600]","false","filtered"
"749","46","234","266.9276","0.429","749.5","2","2_2_F1","2M+ACN+H; 2M+K; 2M+NH4; M+; M+2ACN+2H; M+2H; M+2K-H; M+2Na; M+2Na-H; M+ACN+2H; M+ACN+H; M+ACN+Na; M+CH3OH+H; M+DMSO+H; M+H; M+H+K; M+H+NH4; M+H+Na; M+K; M+NH4","[624]; [226]; [574]; [208]; [584]; [584]; [225]; [121, 584, 663]; [160]; [584]; [624]; [160]; [574]; [118]; [584]; [584, 632]; [584]; [121, 584, 665]; [196]; [574]","false","filtered"
"750","90","514","708.8083","0.470","669.8","2","2_2_F1","2M+ACN+H; 2M+Na; M+ACN+H; M+CH3OH+H; M+DMSO+H; M+IsoProp+H; M+Na","[591]; [486]; [591]; [592, 696]; [721]; [679]; [486]","false","filtered"
"751","61","285","169.0946","0.463","633.4","2","2_2_F1","2M+ACN+Na; 2M+Na; M+2ACN+H; M+2H; M+2Na; M+2Na-H; M+3ACN+2H; M+3Na; M+ACN+Na; M+CH3OH+H; M+H+2Na; M+H+NH4; M+H+Na; M+Na","[280]; [280]; [654]; [295]; [280]; [280]; [654]; [280]; [280]; [371]; [193]; [758, 772]; [295]; [280]","false","filtered"
"752","74","674","512.7852","0.468","558.0","2","2_2_F1","2M+K; 2M+Na; M+2K-H; M+2Na-H; M+ACN+Na; M+K; M+Na","[662]; [221]; [661]; [221, 585]; [221]; [662]; [221]","false","filtered"
"753","40","225","117.9909","0.420","277.8","2","2_2_F1","M+; M+2Na; M+ACN+Na; M+CH3OH+H; M+H; M+H+K; M+H+NH4","[246]; [234]; [700]; [132, 658]; [208]; [208]; [246]","false","filtered"
"754","43","221","245.9090","0.420","220.4","2","2_2_F1","2M+K; 2M+Na; M+2H; M+ACN+2H; M+ACN+Na; M+H; M+H+Na; M+K; M+Na","[118, 43]; [167]; [674]; [674]; [120]; [674]; [674]; [118]; [167]","false","filtered"
"755","41","167","240.9533","0.420","219.1","2","2_2_F1","2M+ACN+H; 2M+K; 2M+NH4; M+; M+2K-H; M+ACN+H; M+ACN+Na; M+H+NH4; M+IsoProp+Na+H; M+K; M+NH4","[231]; [230]; [221]; [159, 246, 83]; [230]; [231]; [570]; [581]; [192]; [230]; [221]","false","filtered"
"756","49","208","196.0072","0.432","172.5","2","2_2_F1","2M+ACN+H; M+; M+3ACN+2H; M+CH3OH+H; M+DMSO+H; M+H; M+IsoProp+H","[131]; [225]; [234]; [193]; [225, 332]; [192]; [176]","false","filtered"
"757","48","120","242.9615","0.430","159.7","2","2_2_F1","2M+ACN+Na; 2M+Na; M+; M+2Na; M+2Na-H; M+3ACN+2H; M+3Na; M+ACN+2H; M+ACN+Na; M+CH3OH+H; M+H+K; M+IsoProp+H; M+IsoProp+Na+H; M+Na","[191]; [191]; [196]; [191, 192]; [191]; [694]; [191]; [521]; [191]; [94]; [197]; [221]; [570, 61]; [191]","false","filtered"
"758","42","212","241.0150","0.420","119.2","2","2_2_F1","2M+NH4; M+2ACN+H; M+IsoProp+H; M+IsoProp+Na+H; M+NH4","[197]; [193]; [246]; [191]; [197]","false","filtered"
"675","5","145","244.9475","0.373","19,930.2","2","2_1_F1","2M+3H2O+2H; M+2H; M+ACN+H; M+CH3OH+H; M+DMSO+H; M+H+Na","[43]; [121]; [160]; [118, 237]; [118]; [121]","true","keep_rep"
"676","10","176","130.0173","0.383","16,980.7","2","2_1_F1","M+2H; M+3ACN+2H; M+CH3OH+H; M+H+NH4; M+H+Na; M+NH4","[131]; [208]; [231]; [160, 193]; [131]; [193]","false","filtered"
"677","8","132","146.0302","0.382","15,264.3","2","2_1_F1","2M+3H2O+2H; 2M+ACN+H; M+2ACN+H; M+ACN+H; M+H+2Na; M+IsoProp+H; M+IsoProp+Na+H","[131]; [226]; [133]; [135]; [233]; [225]; [131]","false","filtered"
"678","2","181","169.0462","0.370","13,808.9","2","2_1_F1","2M+3H2O+2H; M+IsoProp+H","[187, 84]; [131]","false","filtered"
"679","17","139","218.9842","0.395","5,255.9","2","2_1_F1","2M+K; 2M+Na; M+; M+2K-H; M+ACN+H; M+H+K; M+IsoProp+Na+H; M+K; M+Na","[230]; [43]; [233]; [135]; [196]; [131]; [189]; [230, 232]; [43]","false","filtered"
"680","39","197","265.0159","0.418","4,508.3","2","2_1_F1","2M+ACN+H; 2M+ACN+Na; M+2ACN+2H; M+2ACN+H; M+ACN+H; M+ACN+Na","[212]; [192]; [120]; [80]; [212]; [192]","false","filtered"
"681","3","231","216.9513","0.371","3,872.4","2","2_1_F1","2M+H; 2M+K; 2M+NH4; 2M+Na; M+; M+ACN+H; M+DMSO+H; M+K; M+NH4","[131]; [186]; [167]; [176]; [159, 246]; [246]; [191]; [186]; [167]","false","filtered"
"682","31","144","243.9970","0.416","3,786.0","2","2_1_F1","2M+ACN+H; 2M+ACN+Na; M+2ACN+2H; M+2ACN+H; M+3ACN+2H; M+ACN+H; M+ACN+Na; M+CH3OH+H; M+H; M+IsoProp+H; M+NH4","[109]; [109]; [109]; [109, 192]; [109]; [109]; [109]; [121, 89]; [162]; [186]; [159]","false","filtered"
"683","4","43","234.9614","0.373","2,415.2","2","2_1_F1","2M+3H2O+2H; 2M+K; 2M+NH4; M+2K-H; M+K","[221]; [139]; [145]; [230]; [139]","false","filtered"
"684","20","186","200.9731","0.397","2,243.6","2","2_1_F1","2M+H; 2M+Na; M+2H; M+ACN+2H; M+ACN+H; M+H; M+NH4; M+Na","[160, 193]; [193, 231]; [193]; [193]; [193]; [160, 193]; [144]; [193, 231]","false","filtered"
"685","1","108","148.0277","0.369","2,145.7","2","2_1_F1","2M+ACN+H; 2M+H; M+H; M+IsoProp+Na+H; M+Na","[226]; [135]; [133, 135]; [133, 183]; [183]","false","filtered"
"686","9","121","255.9417","0.382","1,929.7","2","2_1_F1","2M+K; 2M+NH4; M+2H; M+2K-H; M+2Na; M+2Na-H; M+H; M+H+Na; M+K","[189, 192]; [230]; [234]; [189]; [145]; [144, 89]; [162]; [145, 234]; [189, 192]","false","filtered"
"687","26","192","239.9671","0.409","1,517.8","2","2_1_F1","2M+ACN+Na; 2M+K; 2M+Na; M+; M+2ACN+2H; M+2ACN+H; M+2Na; M+2Na-H; M+3Na; M+ACN+H; M+ACN+Na; M+DMSO+H; M+H+K; M+K; M+Na","[189]; [197]; [121, 189]; [199]; [94]; [167]; [189]; [189, 208]; [189]; [159]; [189]; [109, 144]; [120, 191]; [197]; [121, 189]","false","filtered"
"688","19","133","147.0256","0.395","1,419.7","2","2_1_F1","2M+Na; M+; M+2ACN+H; M+2Na; M+2Na-H; M+3Na; M+ACN+Na; M+DMSO+H; M+H; M+IsoProp+Na+H; M+NH4; M+Na","[183]; [108, 135]; [108, 183]; [183]; [183]; [183]; [183]; [226]; [61]; [132]; [159]; [183]","false","filtered"
"689","22","84","179.9913","0.401","1,346.7","2","2_1_F1","2M+K; M+2H+Na; M+2K-H; M+K","[181, 187]; [151]; [187]; [187]","false","filtered"
"690","36","191","220.9810","0.418","1,342.1","2","2_1_F1","2M+ACN+H; 2M+H; M+; M+2ACN+H; M+2H; M+3H; M+ACN+H; M+ACN+Na; M+H; M+Na","[120]; [120]; [226]; [231]; [120, 192]; [120]; [120]; [212]; [120]; [120]","false","filtered"
"691","33","151","267.0131","0.416","1,218.2","2","2_1_F1","2M+H; M+2Na-H; M+H; M+H+NH4; M+IsoProp+Na+H; M+K","[83]; [196]; [83]; [84]; [232, 80]; [83]","false","filtered"
"692","6","189","217.9896","0.376","961.7","2","2_1_F1","2M+ACN+H; 2M+ACN+Na; 2M+H; M+2ACN+H; M+2H; M+3H; M+ACN+H; M+CH3OH+H; M+H; M+IsoProp+H; M+K; M+Na","[192]; [131]; [121, 192]; [139]; [192]; [192]; [192]; [160]; [121, 192]; [131]; [121]; [192]","false","filtered"
"693","7","187","142.0353","0.382","927.2","2","2_1_F1","2M+H; M+H; M+K","[181, 84]; [84]; [84]","false","filtered"
"694","23","61","222.9305","0.404","702.9","2","2_1_F1","M+2K-H; M+3Na; M+ACN+Na; M+NH4; M+Na","[133]; [511]; [120]; [162]; [196]","false","filtered"
"695","12","80","182.9630","0.388","653.3","2","2_1_F1","M+; M+2H+Na; M+3H; M+ACN+H; M+ACN+Na; M+DMSO+H; M+H","[151, 232]; [199]; [199]; [232]; [230]; [89]; [197]","false","filtered"
"696","14","131","141.0061","0.389","620.9","2","2_1_F1","2M+K; 2M+Na; M+2H+Na; M+2Na; M+3ACN+2H; M+ACN+H; M+ACN+Na; M+CH3OH+H; M+DMSO+H; M+H+NH4; M+H+Na; M+K; M+NH4","[183]; [132]; [139]; [176]; [189]; [226]; [189, 208]; [181, 231]; [132]; [160]; [176]; [183]; [160]","false","filtered"
"697","18","233","257.9384","0.395","620.1","2","2_1_F1","2M+K; M+2ACN+H; M+3ACN+2H; M+K","[196]; [658]; [132]; [139, 196]","false","filtered"
"698","11","230","203.0070","0.387","520.6","2","2_1_F1","2M+ACN+H; 2M+H; 2M+K; 2M+Na; M+2H; M+2K-H; M+2Na-H; M+3H; M+ACN+H; M+H; M+IsoProp+Na+H; M+K; M+NH4; M+Na","[232]; [167, 232]; [135]; [139]; [232]; [135]; [43]; [232]; [232]; [167, 232]; [121, 80]; [135, 167]; [118]; [139, 232]","false","filtered"
"699","21","232","224.9899","0.401","512.7","2","2_1_F1","2M+ACN+Na; 2M+NH4; 2M+Na; M+2Na; M+2Na-H; M+3Na; M+ACN+H; M+ACN+Na; M+H; M+IsoProp+Na+H; M+NH4; M+Na","[230]; [118]; [230]; [230]; [139, 230]; [230]; [151, 80]; [230]; [276]; [80]; [118]; [230]","false","filtered"
"700","16","135","165.0536","0.393","447.8","2","2_1_F1","2M+ACN+H; 2M+ACN+Na; 2M+H; 2M+NH4; M+2ACN+2H; M+2ACN+H; M+3ACN+2H; M+ACN+H; M+ACN+Na; M+CH3OH+H; M+H; M+IsoProp+H; M+K; M+NH4; M+Na","[105]; [105]; [230]; [108]; [105]; [105]; [105]; [105]; [105]; [226]; [230]; [132]; [230]; [108, 133]; [139]","false","filtered"
"701","15","246","258.9783","0.392","434.7","2","2_1_F1","2M+NH4; 2M+Na; M+ACN+H; M+CH3OH+H; M+DMSO+H; M+IsoProp+Na+H; M+NH4","[83]; [225]; [225, 231]; [83]; [212, 226]; [231]; [167, 83]","false","filtered"
"702","29","109","202.9706","0.414","423.6","2","2_1_F1","2M+H; 2M+Na; M+2H; M+ACN+2H; M+ACN+H; M+H; M+Na","[144]; [144]; [144]; [144]; [144, 192]; [144]; [144]","false","filtered"
"703","13","89","249.9266","0.389","410.4","2","2_1_F1","2M+ACN+H; 2M+H; 2M+Na; M+2H; M+ACN+2H; M+ACN+H; M+H; M+K; M+Na","[80]; [237]; [237]; [237]; [237]; [237]; [237]; [121, 144]; [237]","false","filtered"
"704","25","237","290.9433","0.407","355.9","2","2_1_F1","2M+ACN+H; 2M+ACN+Na; 2M+Na; M+2ACN+2H; M+2ACN+H; M+2K-H; M+2Na; M+2Na-H; M+3ACN+2H; M+3Na; M+ACN+H; M+ACN+Na; M+DMSO+H; M+Na","[89]; [276, 89]; [276]; [89]; [89]; [159]; [276]; [199, 276]; [89]; [276]; [89]; [276, 89]; [145]; [276]","false","filtered"
"705","37","196","261.0057","0.418","262.1","2","2_1_F1","2M+ACN+H; M+ACN+H; M+CH3OH+H; M+H; M+IsoProp+H; M+IsoProp+Na+H; M+K; M+NH4","[233]; [233]; [234]; [83]; [61]; [139]; [151]; [120]","false","filtered"
"706","27","118","229.9430","0.410","214.7","2","2_1_F1","2M+Na; M+2Na-H; M+ACN+H; M+ACN+Na; M+NH4; M+Na","[221, 232]; [230]; [234]; [145]; [145]; [221, 232]","false","filtered"
"707","34","162","287.9598","0.416","213.2","2","2_1_F1","M+2ACN+H; M+2Na-H; M+CH3OH+H","[61]; [144]; [121]","false","filtered"
"708","24","226","132.0146","0.406","210.7","2","2_1_F1","2M+3H2O+2H; M+; M+2ACN+2H; M+ACN+2H; M+ACN+Na; M+CH3OH+H; M+DMSO+H; M+H+K; M+NH4","[132]; [135]; [159, 246]; [191]; [133]; [131]; [105, 108]; [105]; [234]","false","filtered"
"709","35","183","125.0384","0.418","210.4","2","2_1_F1","2M+H; 2M+Na; M+; M+2H; M+3H; M+ACN+H; M+H; M+IsoProp+H; M+Na","[133]; [131]; [108]; [133]; [133]; [133, 463]; [105, 133]; [108, 133, 700]; [131, 133]","false","filtered"
"710","30","83","304.9695","0.414","204.3","2","2_1_F1","2M+ACN+Na; 2M+K; M+2K-H; M+2Na-H; M+ACN+2H; M+ACN+Na; M+DMSO+H; M+IsoProp+Na+H; M+K","[159, 246]; [151]; [151]; [196]; [240]; [159, 167, 246]; [159, 246]; [199]; [151]","false","filtered"
"711","28","94","209.9349","0.413","136.9","2","2_1_F1","2M+NH4; M+; M+H; M+H+Na; M+NH4","[658]; [120]; [240]; [192]; [658]","false","filtered"
"712","32","159","258.9909","0.416","109.3","2","2_1_F1","2M+H; 2M+NH4; M+2ACN+H; M+2Na-H; M+ACN+H; M+CH3OH+H; M+DMSO+H; M+IsoProp+H; M+NH4","[133]; [83]; [570]; [237]; [231]; [144, 83]; [226]; [192]; [167, 83]","false","filtered"
"713","38","160","263.9816","0.418","95.8","2","2_1_F1","2M+ACN+H; 2M+ACN+Na; 2M+NH4; 2M+Na; M+2Na; M+2Na-H; M+3Na; M+ACN+H; M+ACN+Na; M+DMSO+H; M+H; M+IsoProp+H; M+Na","[463]; [186, 193]; [131]; [193]; [193]; [193]; [193]; [234]; [186, 193]; [189]; [131, 463]; [145, 234]; [176, 193]","false","filtered"
"1015","303","1391","460.2030","0.579","55,879.4","2","","2M+3H2O+2H; 2M+ACN+Na; M+","[1047]; [1213]; [1239]","false","kept (no corr-family)"
"1016","73","463","194.0329","0.468","2,227.4","2","","2M+3H2O+2H; 2M+K; 2M+NH4; M+2ACN+H; M+2K-H; M+2Na; M+3ACN+2H; M+DMSO+H; M+K; M+NH4","[183]; [370]; [653]; [160]; [750]; [1263]; [160, 852]; [809]; [332, 370]; [653]","false","kept (no corr-family)"
"1017","130","696","714.7471","0.474","1,871.6","2","","2M+K; M+2K-H; M+K; M+Na","[592]; [590]; [514, 592]; [486]","false","kept (no corr-family)"
"1018","226","1075","275.1356","0.538","1,271.6","2","","2M+H; 2M+K; 2M+NH4; 2M+Na; M+2H; M+2Na; M+3H; M+ACN+2H; M+ACN+H; M+DMSO+H; M+H; M+IsoProp+H; M+K; M+NH4; M+Na","[1211, 1472, 1571]; [1260]; [1223, 1373, 879, 939, 965]; [1409, 1472]; [1472]; [1239]; [1127]; [1472]; [1472]; [1452]; [1472, 1547]; [941]; [1502]; [1373, 879, 939, 965]; [1472]","false","kept (no corr-family)"
"1019","45","105","124.0239","0.423","381.8","2","","2M+H; 2M+NH4; 2M+Na; M+; M+2H; M+2H+Na; M+ACN+2H; M+ACN+H; M+H; M+H+Na; M+Na","[135]; [226]; [135]; [183]; [135]; [654]; [135]; [135]; [135]; [226]; [135]","false","kept (no corr-family)"
"1020","44","240","292.9783","0.422","255.3","2","","M+H+NH4; M+IsoProp+Na+H","[83]; [94]","false","kept (no corr-family)"
"585","773","3983","163.0394","1.844","152,438.2","1","1_9_F1","M+; M+2Na-H; M+Na","[3930]; [3920]; [3889]","true","keep_rep"
"586","759","3985","355.1027","1.841","115,723.4","1","1_9_F1","2M+ACN+H; 2M+H; 2M+K; M+; M+2H; M+3H; M+ACN+2H; M+ACN+H; M+ACN+Na; M+H; M+H+Na; M+K; M+Na","[3988]; [3889, 3973, 3988, 3990]; [3877]; [4034]; [3954, 3988, 3994]; [3988]; [3994]; [3889, 3988]; [3986]; [3889, 3973, 3988, 3990, 3994, 4001]; [3994]; [3990]; [3988]","false","filtered"
"587","746","3910","227.0794","1.833","52,596.3","1","1_9_F1","2M+ACN+H; 2M+ACN+Na; 2M+H; 2M+Na; M+2ACN+H; M+2H; M+2H+Na; M+2Na; M+2Na-H; M+3H; M+3Na; M+ACN+H; M+ACN+Na; M+DMSO+H; M+H; M+H+Na; M+Na","[3867]; [4015]; [3867]; [3904, 3939, 4015]; [3891, 3892, 3928, 3930]; [3867]; [3946]; [3927, 3935, 4015]; [4015]; [3867]; [3946, 4015]; [3867]; [3904, 4015]; [3968]; [3867, 3964]; [3927]; [3867, 3904, 3927, 3935, 3939, 4015, 4046]","false","filtered"
"588","762","3988","377.0847","1.841","42,640.1","1","1_9_F1","2M+3H2O+2H; 2M+ACN+H; 2M+ACN+Na; 2M+H; 2M+Na; M+2H; M+2Na; M+2Na-H; M+3H; M+3Na; M+ACN+2H; M+ACN+H; M+ACN+Na; M+H; M+H+Na; M+Na","[3855]; [4001, 4147]; [3985]; [4001]; [3889, 3973, 3985, 3990]; [3954, 4001]; [3954, 3985, 3994]; [3985]; [4001]; [3985]; [4004]; [4001, 4147]; [3889, 3985]; [4001]; [3994]; [3889, 3973, 3985, 3990, 3994, 4001]","false","filtered"
"589","758","3905","146.0604","1.841","24,342.3","1","1_9_F1","M+2H","[3968]","false","filtered"
"590","760","3986","370.1137","1.841","22,731.4","1","1_9_F1","2M+NH4; M+DMSO+H; M+NH4","[3845, 3987, 3989, 4147]; [3985]; [3987, 3989, 4020, 4051, 4147]","false","filtered"
"591","740","3939","243.0533","1.827","19,510.3","1","1_9_F1","2M+K; M+2H+Na; M+2K-H; M+3H; M+3Na; M+CH3OH+H; M+K","[3904, 3910, 4015]; [3987, 4147]; [4015]; [3987]; [3973, 4147]; [3891]; [3867, 3904, 3910, 3927, 3935, 4015, 4046]","false","filtered"
"592","734","3906","159.0919","1.821","14,184.6","1","1_9_F1","2M+3H2O+2H; 2M+ACN+H; 2M+NH4; M+2ACN+2H; M+2ACN+H; M+3ACN+2H; M+ACN+H; M+ACN+Na; M+CH3OH+H; M+DMSO+H; M+NH4","[3921]; [3920]; [3930, 3936]; [3892, 3920]; [3920]; [3920]; [3920]; [3920]; [3930]; [3904]; [3930, 3936, 3964]","false","filtered"
"593","750","3956","367.1505","1.835","12,750.1","1","1_9_F1","2M+ACN+H; 2M+H; 2M+Na; M+; M+2ACN+2H; M+2H; M+2Na; M+3H; M+ACN+H; M+ACN+Na; M+CH3OH+H; M+H; M+IsoProp+Na+H; M+Na","[3942]; [3942]; [3885]; [3927, 3935, 4015]; [3951]; [3942]; [3848]; [3942]; [3942]; [3959]; [4033]; [3942]; [3945]; [3942]","false","filtered"
"594","761","3987","375.0691","1.841","11,558.7","1","1_9_F1","2M+ACN+H; 2M+ACN+Na; 2M+H; 2M+K; 2M+NH4; 2M+Na; M+; M+2H; M+2Na; M+2Na-H; M+3H; M+3Na; M+ACN+H; M+ACN+Na; M+DMSO+H; M+H; M+H+K; M+H+Na; M+NH4; M+Na","[4020]; [4147]; [4020]; [3848]; [4001]; [3845, 3986, 3989, 4147]; [3962]; [4020]; [3939, 4147]; [3973, 4147]; [4020]; [4147]; [4020]; [4147]; [3845]; [4020]; [3859]; [3939]; [4001]; [3986, 3989, 4020, 4051, 4147]","false","filtered"
"595","722","3920","118.0659","1.811","11,271.4","1","1_9_F1","2M+H; 2M+NH4; M+; M+2H; M+2Na; M+ACN+2H; M+ACN+H; M+H; M+H+Na; M+NH4; M+Na","[3906]; [3936]; [3983]; [3892, 3906]; [3919]; [3906]; [3906]; [3906]; [3891]; [3936]; [3906]","false","filtered"
"596","768","4147","353.0871","1.843","8,753.1","1","1_9_F1","2M+ACN+H; 2M+ACN+Na; 2M+H; 2M+NH4; 2M+Na; M+; M+2H; M+2Na; M+2Na-H; M+3H; M+ACN+H; M+ACN+Na; M+CH3OH+H; M+H; M+H+K; M+H+NH4; M+K; M+NH4; M+Na","[3987]; [3948]; [3845, 3986, 3987, 3989]; [3988, 4001]; [3973]; [4004]; [3939, 3987]; [3939, 3973]; [3973]; [3987]; [3987]; [3973]; [4001]; [3986, 3987, 3989, 4020, 4051]; [3951]; [3962, 4004]; [3989]; [3988, 4001]; [3973, 3987]","false","filtered"
"597","724","3867","249.0613","1.815","8,482.3","1","1_9_F1","2M+ACN+Na; 2M+H; 2M+NH4; 2M+Na; M+2Na; M+2Na-H; M+3ACN+2H; M+3Na; M+ACN+Na; M+K; M+Na","[3910]; [3936]; [3954]; [3910]; [3910]; [3904, 3910, 3927, 3935, 3939, 4015, 4046]; [4021]; [3910]; [3910]; [3944]; [3910, 3964]","false","filtered"
"598","731","3921","132.0785","1.820","7,940.3","1","1_9_F1","2M+H; 2M+NH4; M+; M+3ACN+2H; M+H+NH4; M+NH4","[3906]; [3919, 3936]; [4046]; [3928]; [3904]; [3919]","false","filtered"
"599","729","3891","289.0498","1.819","6,039.0","1","1_9_F1","2M+ACN+H; 2M+H; M+2ACN+H; M+2H; M+2K-H; M+3ACN+2H; M+3H; M+ACN+H; M+DMSO+H; M+H; M+H+Na; M+Na","[3892]; [3892, 3910, 3928, 3930]; [3974, 4010]; [3892, 3901]; [3920]; [3974, 4010]; [3892]; [3892]; [3939]; [3892]; [3901]; [3892]","false","filtered"
"600","739","3935","409.1874","1.825","5,560.1","1","1_9_F1","2M+ACN+H; 2M+H; M+2ACN+H; M+2H; M+2Na-H; M+3H; M+ACN+H; M+DMSO+H; M+H; M+H+Na; M+K; M+NH4; M+Na","[3927]; [3867, 3904, 3910, 3927, 3939, 4015, 4046]; [4015]; [3927]; [4015]; [3927]; [3927, 3956, 4015]; [4029]; [3910, 3927, 4015]; [4033]; [4015]; [4015]; [3927, 4015]","false","filtered"
"601","764","3990","393.0587","1.841","5,557.3","1","1_9_F1","2M+K; M+2K-H; M+K","[3889, 3973, 3985, 3988]; [3985]; [3889, 3973, 3985, 3988, 3994, 4001]","false","filtered"
"602","726","3877","237.0872","1.817","4,336.5","1","1_9_F1","2M+ACN+H; 2M+H; M+2H; M+3H; M+ACN+H; M+CH3OH+H; M+DMSO+H; M+H; M+Na","[3879]; [3879]; [3879]; [3879]; [3879]; [4051]; [3985]; [3879]; [3879]","false","filtered"
"603","769","4001","399.0669","1.843","4,237.3","1","1_9_F1","2M+3H2O+2H; 2M+ACN+H; 2M+ACN+Na; 2M+K; 2M+Na; M+2Na; M+2Na-H; M+3Na; M+ACN+H; M+ACN+Na; M+DMSO+H; M+H; M+H+Na; M+Na","[3855]; [3987]; [3988, 4147]; [3879]; [3988]; [3954, 3988]; [3973, 3985, 3988, 3990, 3994]; [3988]; [3987]; [3988, 4147]; [4147]; [4051]; [3954]; [3988]","false","filtered"
"604","718","3848","364.1372","1.799","4,029.5","1","1_9_F1","2M+3H2O+2H; 2M+ACN+H; 2M+ACN+Na; 2M+Na; M+2ACN+2H; M+2ACN+H; M+2Na; M+2Na-H; M+3Na; M+ACN+H; M+ACN+Na; M+DMSO+H; M+H+K; M+H+Na; M+NH4; M+Na","[3987]; [3928, 3951]; [3839, 3945]; [3839, 3845]; [3951]; [3928, 3951]; [3839]; [3839]; [3839]; [3928, 3951]; [3839, 3928, 3945, 3951]; [3959]; [3956]; [3973]; [4021]; [3839, 3845]","false","filtered"
"605","751","3957","559.1934","1.835","3,528.2","1","1_9_F1","2M+ACN+H; 2M+H; M+2H; M+3H; M+ACN+H; M+H; M+Na","[3952]; [3952]; [3952]; [3952]; [3952]; [3952]; [3952]","false","filtered"
"606","723","3859","397.1111","1.811","3,351.6","1","1_9_F1","2M+Na; M+2ACN+2H; M+2Na-H; M+3Na; M+CH3OH+H; M+H+K; M+IsoProp+H; M+IsoProp+Na+H; M+Na","[3855, 3919, 4015]; [3987]; [3927]; [3952]; [3962, 4004]; [3942]; [3955]; [3889]; [3855]","false","filtered"
"607","763","3989","391.0428","1.841","3,337.8","1","1_9_F1","2M+K; M+2K-H; M+H+K; M+K","[3845, 3986, 3987, 4147]; [4147]; [3855]; [3986, 3987, 4020, 4051, 4147]","false","filtered"
"608","742","3945","301.1261","1.829","2,567.7","1","1_9_F1","2M+H; 2M+Na; M+2ACN+H; M+2H; M+ACN+2H; M+ACN+H; M+H; M+NH4; M+Na","[3839, 3848]; [3839, 3928, 3948]; [3889]; [3839]; [3839, 3944]; [3839]; [3839, 3848, 3928, 3951]; [3956]; [3839, 3928, 3948]","false","filtered"
"609","719","3925","205.1195","1.802","2,380.6","1","1_9_F1","2M+3H2O+2H; 2M+ACN+H; 2M+ACN+Na; 2M+H; 2M+K; 2M+NH4; 2M+Na; M+; M+2ACN+2H; M+2ACN+H; M+2H; M+2H+Na; M+2K-H; M+2Na; M+2Na-H; M+3ACN+2H; M+3H; M+3Na; M+ACN+2H; M+ACN+H; M+ACN+Na; M+CH3OH+H; M+DMSO+H; M+H; M+H+2Na; M+H+K; M+H+NH4; M+H+Na; M+IsoProp+H; M+IsoProp+Na+H; M+K; M+NH4; M+Na","[3885]; [3885]; [3885]; [3885]; [3885]; [3885]; [3885, 3911]; [3885]; [3885]; [3885]; [3885]; [3885]; [3885]; [3885]; [3885]; [3885, 4014]; [3885]; [3885]; [3885]; [3885]; [3885]; [3885]; [3885]; [3885]; [3880, 3885]; [3885]; [3885]; [3885]; [3885]; [3885]; [3885]; [3885]; [3885, 3911, 3954]","false","filtered"
"610","756","3973","372.1304","1.839","2,329.3","1","1_9_F1","2M+3H2O+2H; 2M+ACN+H; 2M+NH4; M+2ACN+2H; M+2ACN+H; M+ACN+H; M+ACN+Na; M+H+K; M+H+Na; M+IsoProp+Na+H; M+NH4","[3930]; [4147]; [3985, 3988, 3990]; [3939, 4147]; [4147]; [3987, 4147]; [4147]; [3848]; [3845]; [4014]; [3985, 3988, 3990, 3994, 4001]","false","filtered"
"611","767","3944","289.1260","1.843","2,212.4","1","1_9_F1","2M+3H2O+2H; 2M+Na; M+2Na-H; M+DMSO+H; M+H+NH4; M+Na","[3959]; [3964]; [3936]; [3867]; [3945]; [3964]","false","filtered"
"612","717","3845","380.1111","1.795","2,164.4","1","1_9_F1","2M+3H2O+2H; 2M+ACN+Na; 2M+K; 2M+NH4; M+2H; M+2K-H; M+2Na; M+ACN+Na; M+H+K; M+IsoProp+Na+H; M+K; M+NH4","[3986, 3987, 3989, 4147]; [3948]; [3839, 3848]; [3963]; [3793]; [3839]; [3778, 3793]; [3948]; [3973]; [3987]; [3839, 3848]; [3963]","false","filtered"
"613","721","3885","205.1124","1.810","2,119.6","1","1_9_F1","2M+3H2O+2H; 2M+ACN+H; 2M+ACN+Na; 2M+H; 2M+K; 2M+NH4; 2M+Na; M+; M+2ACN+2H; M+2ACN+H; M+2H; M+2H+Na; M+2K-H; M+2Na; M+2Na-H; M+3ACN+2H; M+3H; M+3Na; M+ACN+2H; M+ACN+H; M+ACN+Na; M+CH3OH+H; M+DMSO+H; M+H; M+H+2Na; M+H+K; M+H+NH4; M+H+Na; M+IsoProp+H; M+IsoProp+Na+H; M+K; M+NH4; M+Na","[3925]; [3925]; [3925]; [3925]; [3925]; [3925]; [3911, 3925]; [3925]; [3925]; [3925]; [3925]; [3925]; [3925]; [3925]; [3925]; [3925]; [3925]; [3925]; [3925]; [3925]; [3925]; [3925, 3956]; [3925]; [3925]; [3880, 3925]; [3925]; [3925]; [3925]; [3925, 4014]; [3925]; [3925]; [3925]; [3911, 3925]","false","filtered"
"614","765","3993","386.1085","1.841","1,868.4","1","1_9_F1","2M+3H2O+2H; 2M+ACN+Na; 2M+NH4; M+2Na; M+3ACN+2H; M+ACN+Na; M+NH4","[4020]; [3928]; [3955, 4021]; [3978]; [3994]; [3928]; [3955, 4021]","false","filtered"
"615","741","3942","389.1327","1.827","1,748.1","1","1_9_F1","2M+ACN+Na; 2M+Na; M+; M+2Na; M+2Na-H; M+3Na; M+ACN+Na; M+CH3OH+H; M+H+Na; M+IsoProp+Na+H; M+Na","[3956]; [3956]; [3927]; [3956]; [3956]; [3956]; [3956]; [4034]; [3859]; [3928]; [3956]","false","filtered"
"616","730","3892","311.0316","1.819","1,460.2","1","1_9_F1","2M+ACN+Na; 2M+Na; M+2K-H; M+2Na; M+2Na-H; M+3Na; M+ACN+Na; M+H+Na; M+K; M+Na","[3891]; [3891, 3910, 3928, 3930]; [3906, 3920]; [3891, 3901]; [3891]; [3891]; [3891]; [3901]; [3964]; [3891]","false","filtered"
"617","735","3911","221.0924","1.821","1,323.0","1","1_9_F1","2M+H; 2M+K; M+3ACN+2H; M+ACN+2H; M+CH3OH+H; M+DMSO+H; M+H; M+IsoProp+H; M+K","[3954]; [3885, 3925]; [3948]; [4033]; [3933]; [3936]; [3954, 3959]; [3978]; [3885, 3925, 3954]","false","filtered"
"618","743","3946","329.1210","1.829","1,300.0","1","1_9_F1","2M+Na; M+; M+2ACN+H; M+2H; M+2Na; M+Na","[3951]; [4014]; [4014]; [3910]; [3910, 4015]; [3951]","false","filtered"
"619","766","3994","731.1808","1.841","1,280.4","1","1_9_F1","2M+Na; M+2Na-H; M+ACN+Na; M+H; M+IsoProp+Na+H; M+Na","[3973, 3985, 3988, 3990, 4001]; [3985]; [3985]; [3988]; [3993]; [3985, 3988]","false","filtered"
"620","752","3959","303.1418","1.835","1,275.4","1","1_9_F1","2M+ACN+H; M+; M+2ACN+H; M+IsoProp+H; M+IsoProp+Na+H; M+NH4","[3944]; [3956]; [3911]; [3978]; [3889]; [3848, 4015]","false","filtered"
"621","757","3974","454.0196","1.839","1,239.2","1","1_9_F1","2M+ACN+H; 2M+H; M+2H; M+3H; M+ACN+H; M+H; M+Na","[3891, 4010]; [4010]; [4010]; [4010]; [4010]; [3891, 4010]; [4010]","false","filtered"
"622","749","3955","369.0819","1.835","1,227.1","1","1_9_F1","2M+ACN+H; 2M+H; M+2H; M+3H; M+ACN+H; M+ACN+Na; M+CH3OH+H; M+H; M+K; M+Na","[4021]; [3993, 4021]; [4021]; [4021]; [4021]; [3928]; [3859]; [3993, 4021]; [4014]; [4021]","false","filtered"
"623","754","3963","404.1191","1.837","1,204.3","1","1_9_F1","2M+ACN+H; M+ACN+H","[3845]; [3845]","false","filtered"
"624","733","3903","344.0070","1.821","1,147.1","1","1_9_F1","M+2Na-H","[3901]","false","filtered"
"625","725","3936","142.0631","1.816","1,072.0","1","1_9_F1","2M+3H2O+2H; 2M+ACN+H; 2M+H; 2M+NH4; M+; M+2H; M+3ACN+2H; M+ACN+2H; M+ACN+H; M+CH3OH+H; M+H; M+H+K; M+H+Na; M+NH4","[3919, 3921]; [3920]; [3906]; [3933]; [3911]; [3964]; [3978]; [3964]; [3920]; [3933]; [3906, 3964]; [3944]; [3964]; [3867, 3933]","false","filtered"
"626","770","4004","729.1653","1.843","1,011.6","1","1_9_F1","2M+ACN+H; 2M+H; 2M+Na; M+2H; M+3H; M+ACN+H; M+H; M+NH4; M+Na","[3962]; [3859, 3962]; [4147]; [3962]; [3962]; [3962, 4147]; [3962]; [3988]; [3962]","false","filtered"
"627","771","4021","391.0646","1.844","926.7","1","1_9_F1","2M+ACN+Na; 2M+Na; M+2Na; M+2Na-H; M+3Na; M+ACN+Na; M+NH4; M+Na","[3955]; [3955, 3993]; [3955]; [3848, 3955]; [3955]; [3955]; [3867]; [3955, 3993]","false","filtered"
"628","720","3855","413.0851","1.809","921.9","1","1_9_F1","2M+ACN+H; 2M+ACN+Na; 2M+K; M+2ACN+2H; M+DMSO+H; M+K","[4001]; [3988]; [3859, 3919, 4015]; [3989]; [3968]; [3859]","false","filtered"
"629","745","3948","317.1001","1.831","877.5","1","1_9_F1","2M+3H2O+2H; 2M+H; 2M+K; M+; M+ACN+2H; M+H; M+K","[4147]; [3845]; [3839, 3928, 3945]; [3911]; [3964]; [3845]; [3839, 3928, 3945]","false","filtered"
"630","755","3964","305.1000","1.837","825.6","1","1_9_F1","2M+K; 2M+Na; M+2Na-H; M+ACN+Na; M+CH3OH+H; M+DMSO+H; M+H+NH4; M+K; M+Na","[3944]; [3906, 3936]; [3936]; [3936]; [3892]; [3867, 3910]; [3948]; [3944]; [3936]","false","filtered"
"631","753","3968","335.0754","1.837","765.0","1","1_9_F1","2M+K; 2M+Na; M+2Na-H; M+H; M+IsoProp+Na+H; M+Na","[3910]; [4014]; [3905]; [3855]; [3933]; [4014]","false","filtered"
"632","748","3951","345.0951","1.833","671.0","1","1_9_F1","2M+K; 2M+Na; M+2Na; M+2Na-H; M+ACN+Na; M+H+K; M+H+Na; M+K; M+Na","[3946]; [3848]; [3848]; [3839, 3848, 3945]; [3848]; [3956]; [4147]; [3946]; [3848]","false","filtered"
"633","732","3901","300.0432","1.821","591.0","1","1_9_F1","M+2ACN+H; M+2H; M+2K-H; M+2Na; M+3ACN+2H; M+H; M+H+Na","[4010]; [3892]; [4046]; [3891]; [4010]; [3903]; [3891, 3892]","false","filtered"
"634","736","3880","304.0141","1.821","455.9","1","1_9_F1","M+H+K","[3885, 3925]","false","filtered"
"635","738","3927","431.1689","1.823","455.9","1","1_9_F1","2M+ACN+Na; 2M+Na; M+2Na; M+2Na-H; M+3Na; M+ACN+H; M+ACN+Na; M+DMSO+H; M+H; M+H+Na; M+Na","[3935]; [3867, 3910, 3935, 3939, 4015, 4046]; [3935]; [3935, 4015]; [3935]; [3942]; [3935, 3956, 4015]; [3859, 4029]; [3910]; [4034]; [3910, 3935, 4015]","false","filtered"
"636","747","3954","259.0581","1.833","408.9","1","1_9_F1","2M+3H2O+2H; 2M+H; 2M+K; M+2H+Na; M+2K-H; M+3H; M+3Na; M+K","[3867]; [3928]; [3911, 3978]; [3988, 4001]; [3911, 3925]; [4001]; [3985, 3988]; [3911, 3978]","false","filtered"
"637","727","3879","259.0695","1.817","391.4","1","1_9_F1","2M+ACN+Na; 2M+Na; M+2Na; M+2Na-H; M+3Na; M+ACN+Na; M+DMSO+H; M+Na","[3877]; [3877]; [3877]; [3877]; [3877]; [3877]; [4001]; [3877]","false","filtered"
"638","737","3928","162.0548","1.822","382.4","1","1_9_F1","M+2H; M+2Na; M+ACN+2H; M+ACN+Na; M+CH3OH+H; M+H; M+H+NH4; M+H+Na; M+NH4; M+Na","[3848, 3993]; [3839, 3945, 3948]; [3848]; [3889]; [3954]; [3848, 3993]; [3942, 3955]; [3839, 3848, 3945]; [3891, 3892, 3910, 3930]; [3839, 3921, 3945, 3948]","false","filtered"
"639","728","3889","219.0767","1.819","370.5","1","1_9_F1","2M+H; 2M+NH4; 2M+Na; M+; M+2ACN+2H; M+3ACN+2H; M+ACN+H; M+DMSO+H; M+H; M+NH4","[3933]; [3978]; [3928]; [3959, 4034]; [3985, 3988, 3990]; [3859, 3985, 3988]; [3985, 3988, 3990]; [3983]; [3945]; [3978]","false","filtered"
"640","744","3952","581.1746","1.831","302.6","1","1_9_F1","2M+ACN+Na; 2M+Na; M+2Na; M+2Na-H; M+3Na; M+ACN+Na; M+H+K; M+Na","[3957]; [3957]; [3957]; [3957]; [3957]; [3957]; [3859]; [3957]","false","filtered"
"641","772","3962","751.1459","1.844","284.4","1","1_9_F1","2M+ACN+Na; 2M+H; 2M+Na; M+2Na; M+2Na-H; M+3Na; M+ACN+Na; M+Na","[4004]; [3987]; [3859, 4004]; [4004]; [4004]; [4004]; [4004, 4147]; [4004]","false","filtered"
"579","714","3778","239.0920","1.761","3,094.4","1","1_8_F1","2M+ACN+H; 2M+H; M+2H; M+3H; M+ACN+H; M+CH3OH+H; M+DMSO+H; M+H; M+IsoProp+H; M+Na","[3793]; [3793]; [3793]; [3793, 3845]; [3793]; [3767]; [3744, 3752]; [3793]; [3793]; [3793]","true","keep_rep"
"580","710","3767","289.1264","1.744","1,280.6","1","1_8_F1","2M+ACN+Na; 2M+Na; M+; M+2ACN+H; M+2Na; M+2Na-H; M+3Na; M+ACN+Na; M+H+NH4; M+Na","[3770]; [3764, 3768, 3770]; [3724]; [3778]; [3770]; [3770]; [3770]; [3770]; [3839]; [3764, 3768, 3770]","false","filtered"
"581","715","3839","342.1551","1.789","910.9","1","1_8_F1","2M+ACN+H; 2M+ACN+Na; 2M+H; M+2ACN+2H; M+2ACN+H; M+2H; M+3ACN+2H; M+3H; M+ACN+H; M+ACN+Na; M+H; M+K; M+Na","[3848, 3945]; [3928, 3945, 3948]; [3845, 3848]; [3945]; [3945]; [3848]; [3767, 3945]; [3848]; [3848, 3928, 3945, 3951]; [3928, 3945, 3948]; [3845, 3848]; [3845]; [3848]","false","filtered"
"582","713","3793","261.0771","1.757","323.7","1","1_8_F1","2M+ACN+Na; 2M+Na; M+2ACN+H; M+2H+Na; M+2Na; M+2Na-H; M+3Na; M+ACN+Na; M+Na","[3778]; [3778]; [3778]; [3845]; [3778]; [3778]; [3778, 3845]; [3778]; [3778]","false","filtered"
"583","712","3770","267.1445","1.746","284.1","1","1_8_F1","2M+ACN+H; 2M+H; M+2H; M+3H; M+ACN+H; M+H; M+K; M+Na","[3767]; [3764, 3767, 3768]; [3767]; [3767]; [3767]; [3764, 3767, 3768]; [3768]; [3767]","false","filtered"
"584","711","3768","305.1001","1.744","247.6","1","1_8_F1","2M+K; M+2K-H; M+K","[3764, 3767, 3770]; [3770]; [3764, 3767, 3770]","false","filtered"
"577","698","3707","301.1262","1.689","1,995.3","1","1_7_F2","2M+H; 2M+Na; M+2H; M+2Na; M+2Na-H; M+ACN+2H; M+ACN+H; M+ACN+Na; M+H; M+Na","[3613]; [3613, 3698, 3705]; [3613]; [3698]; [3698]; [3613]; [3613]; [3698]; [3613]; [3613, 3698, 3705]","true","keep_rep"
"578","697","3705","317.1003","1.687","693.0","1","1_7_F2","2M+H; 2M+K; 2M+Na; M+2H; M+ACN+2H; M+ACN+H; M+H; M+K; M+Na","[3699]; [3613, 3698, 3707]; [3699]; [3699]; [3699]; [3699]; [3699]; [3613, 3698, 3707]; [3699]","false","filtered"
"567","709","3759","332.1344","1.737","5,162.9","1","1_7_F1","2M+NH4; M+K; M+NH4","[3755, 3758]; [3724]; [3755, 3758]","true","keep_rep"
"568","708","3758","337.0898","1.735","1,159.1","1","1_7_F1","2M+Na; M+K; M+Na","[3755, 3759]; [3725]; [3755, 3759]","false","filtered"
"569","701","3724","372.1872","1.706","1,034.2","1","1_7_F1","2M+NH4; M+2ACN+2H; M+2ACN+H; M+DMSO+H; M+NH4","[3725]; [3613]; [3767]; [3759]; [3725]","false","filtered"
"570","702","3725","377.1423","1.706","260.4","1","1_7_F1","2M+Na; M+2ACN+H; M+DMSO+H; M+K; M+NH4; M+Na","[3724]; [3682]; [3758]; [3744]; [3752]; [3724]","false","filtered"
"571","700","3723","283.0794","1.706","259.6","1","1_7_F1","2M+Na; M+H+K; M+Na","[3726, 3728]; [3679]; [3726, 3728]","false","filtered"
"572","706","3755","353.0642","1.733","234.0","1","1_7_F1","2M+K; M+K","[3758, 3759]; [3758, 3759]","false","filtered"
"573","707","3752","359.1109","1.735","228.0","1","1_7_F1","2M+K; M+; M+IsoProp+H; M+K","[3744, 3778]; [3725]; [3726]; [3744]","false","filtered"
"574","699","3726","299.0532","1.706","132.0","1","1_7_F1","2M+K; M+H; M+K","[3723, 3728]; [3752]; [3723, 3728]","false","filtered"
"575","705","3744","338.1813","1.729","116.8","1","1_7_F1","2M+NH4; M+; M+IsoProp+H; M+NH4","[3752, 3778]; [3725]; [3728]; [3752]","false","filtered"
"576","703","3728","278.1239","1.710","103.9","1","1_7_F1","2M+NH4; M+H; M+NH4","[3723, 3726]; [3744]; [3723, 3726]","false","filtered"
"546","682","3621","251.1398","1.640","30,498.2","1","1_6_F1","2M+ACN+H; 2M+H; 2M+NH4; M+2H; M+3H; M+ACN+H; M+H; M+IsoProp+Na+H; M+NH4; M+Na","[3622]; [3622]; [3614]; [3622]; [3622]; [3622]; [3622]; [3599]; [3614]; [3622]","true","keep_rep"
"547","695","3698","320.1709","1.679","5,488.7","1","1_6_F1","2M+ACN+H; 2M+ACN+Na; 2M+H; M+2ACN+2H; M+2ACN+H; M+2H; M+3H; M+ACN+H; M+ACN+Na; M+H; M+K; M+Na","[3613, 3705, 3707]; [3764]; [3613, 3699]; [3707]; [3707]; [3613]; [3613]; [3613, 3705, 3707]; [3707]; [3613, 3699]; [3699]; [3613]","false","filtered"
"548","680","3627","249.1237","1.636","3,380.2","1","1_6_F1","2M+ACN+H; 2M+H; 2M+NH4; M+2ACN+H; M+2H; M+3H; M+ACN+H; M+DMSO+H; M+H; M+K; M+NH4; M+Na","[3624]; [3620, 3624]; [3622]; [3652]; [3624]; [3624]; [3624]; [3614]; [3620, 3624]; [3620]; [3622]; [3624]","false","filtered"
"549","686","3660","388.1243","1.655","2,378.0","1","1_6_F1","2M+ACN+H; 2M+NH4; M+2Na; M+H+Na; M+NH4","[3614]; [3652, 3661]; [3606]; [3606]; [3652, 3661]","false","filtered"
"550","696","3613","342.1529","1.682","1,832.6","1","1_6_F1","2M+ACN+H; 2M+ACN+Na; 2M+Na; M+2ACN+2H; M+2ACN+H; M+2Na; M+2Na-H; M+3ACN+2H; M+3Na; M+ACN+H; M+ACN+Na; M+H+Na; M+Na","[3614, 3707]; [3698, 3705, 3707]; [3698, 3699]; [3707]; [3707]; [3698]; [3698]; [3707]; [3698]; [3707]; [3698, 3705, 3707]; [3724]; [3698, 3699]","false","filtered"
"551","678","3622","273.1214","1.633","1,108.8","1","1_6_F1","2M+ACN+H; 2M+ACN+Na; 2M+Na; M+2Na; M+2Na-H; M+3Na; M+ACN+H; M+ACN+Na; M+IsoProp+Na+H; M+Na","[3627]; [3621]; [3621]; [3621]; [3621]; [3621]; [3627]; [3621]; [3600]; [3621]","false","filtered"
"552","684","3653","390.1402","1.653","1,012.9","1","1_6_F1","2M+ACN+H; M+2ACN+2H; M+2ACN+H; M+ACN+H; M+ACN+Na; M+DMSO+H","[3652]; [3652]; [3652]; [3652, 3661]; [3652]; [3605]","false","filtered"
"553","685","3657","335.1452","1.655","855.6","1","1_6_F1","2M+NH4; M+; M+2ACN+2H; M+IsoProp+H; M+NH4","[3667]; [3699]; [3585]; [3699]; [3667]","false","filtered"
"554","690","3666","436.2184","1.657","685.4","1","1_6_F1","2M+NH4; M+NH4","[3662]; [3662]","false","filtered"
"555","681","3632","355.1021","1.638","529.4","1","1_6_F1","M+CH3OH+H; M+DMSO+H; M+H+K","[3667]; [3667]; [3606]","false","filtered"
"556","689","3662","441.1744","1.655","524.1","1","1_6_F1","2M+Na; M+H+K; M+IsoProp+Na+H; M+Na","[3666]; [3593]; [3699]; [3666]","false","filtered"
"557","693","3682","327.1054","1.669","478.2","1","1_6_F1","2M+ACN+Na; 2M+Na; M+2Na; M+2Na-H; M+3Na; M+ACN+Na; M+CH3OH+H; M+Na","[3679]; [3679]; [3679]; [3679]; [3679]; [3679]; [3606, 3725]; [3679]","false","filtered"
"558","691","3667","340.1006","1.659","472.7","1","1_6_F1","2M+Na; M+; M+3ACN+2H; M+ACN+Na; M+NH4; M+Na","[3657]; [3699]; [3620]; [3632]; [3632]; [3657]","false","filtered"
"559","694","3699","358.1283","1.670","463.5","1","1_6_F1","2M+ACN+H; 2M+ACN+Na; 2M+K; M+2ACN+2H; M+2ACN+H; M+2K-H; M+3ACN+2H; M+ACN+H; M+ACN+Na; M+H; M+IsoProp+Na+H; M+K; M+NH4; M+Na","[3705]; [3705]; [3613, 3698]; [3705]; [3705]; [3698]; [3705]; [3705]; [3705]; [3662]; [3657]; [3613, 3698]; [3667]; [3657]","false","filtered"
"560","679","3624","271.1055","1.635","454.2","1","1_6_F1","2M+ACN+Na; 2M+Na; M+2Na; M+2Na-H; M+3Na; M+ACN+Na; M+DMSO+H; M+Na","[3627]; [3620, 3627]; [3627]; [3627]; [3627]; [3627]; [3614]; [3620, 3627]","false","filtered"
"561","688","3661","393.0797","1.655","319.1","1","1_6_F1","2M+ACN+Na; 2M+Na; M+2Na; M+2Na-H; M+3Na; M+ACN+Na; M+Na","[3652]; [3652, 3660]; [3652]; [3652, 3653]; [3652]; [3652]; [3652, 3660]","false","filtered"
"562","676","3620","287.0795","1.632","258.6","1","1_6_F1","2M+K; M+; M+2K-H; M+2Na-H; M+H+NH4; M+K","[3624, 3627]; [3679]; [3627]; [3567]; [3667]; [3624, 3627]","false","filtered"
"563","692","3679","305.1235","1.665","249.7","1","1_6_F1","2M+ACN+H; 2M+H; M+2ACN+2H; M+2H; M+3H; M+ACN+H; M+H; M+NH4; M+Na","[3682]; [3682]; [3723]; [3682]; [3682]; [3682]; [3682]; [3620]; [3682]","false","filtered"
"564","683","3606","377.1419","1.650","210.0","1","1_6_F1","2M+Na; M+2ACN+2H; M+2ACN+H; M+2H; M+H+Na; M+Na","[3605]; [3632]; [3682]; [3660]; [3660]; [3605]","false","filtered"
"565","677","3614","234.1126","1.632","196.9","1","1_6_F1","2M+H; M+ACN+H; M+ACN+Na; M+H; M+H+Na; M+IsoProp+H; M+IsoProp+Na+H","[3621]; [3624]; [3627]; [3621]; [3567]; [3660]; [3613]","false","filtered"
"566","687","3652","371.0969","1.655","166.5","1","1_6_F1","2M+ACN+H; 2M+H; 2M+K; 2M+Na; M+2H; M+2Na; M+2Na-H; M+3H; M+ACN+H; M+ACN+Na; M+H; M+Na","[3661]; [3660, 3661]; [3627]; [3653]; [3661]; [3653]; [3653]; [3661]; [3661]; [3653]; [3660, 3661]; [3653, 3661]","false","filtered"
"535","672","3580","220.1187","1.615","5,224.7","1","1_5_F2","2M+ACN+H; 2M+H; 2M+NH4; M+2H; M+3H; M+ACN+H; M+DMSO+H; M+H; M+Na","[3567]; [3567]; [3498]; [3567]; [3567]; [3567]; [3498]; [3567]; [3567]","true","keep_rep"
"536","662","3531","287.1106","1.579","2,521.9","1","1_5_F2","2M+Na; M+Na","[3526]; [3526]","false","filtered"
"537","671","3593","289.1263","1.614","1,892.5","1","1_5_F2","2M+Na; M+; M+2H+Na; M+Na","[3585]; [3605]; [3662]; [3585]","false","filtered"
"538","660","3498","180.0641","1.574","1,420.0","1","1_5_F2","2M+ACN+Na; 2M+Na; M+2H; M+2Na; M+2Na-H; M+3Na; M+ACN+Na; M+DMSO+H; M+K; M+Na","[3482]; [3482]; [3489]; [3482]; [3482]; [3482]; [3482]; [3580]; [3580]; [3482]","false","filtered"
"539","670","3592","353.0848","1.614","1,316.3","1","1_5_F2","2M+Na; M+Na","[3588, 3591]; [3588, 3591]","false","filtered"
"540","666","3567","242.1007","1.595","1,119.7","1","1_5_F2","2M+ACN+Na; 2M+H; 2M+Na; M+; M+2Na; M+2Na-H; M+3Na; M+ACN+Na; M+H; M+H+K; M+K; M+Na","[3580]; [3585]; [3580]; [3620]; [3580]; [3580]; [3580]; [3580]; [3585]; [3614]; [3526]; [3580]","false","filtered"
"541","675","3605","372.1871","1.620","1,073.2","1","1_5_F2","2M+NH4; M+2ACN+H; M+IsoProp+H; M+NH4","[3606]; [3593]; [3653]; [3606]","false","filtered"
"542","669","3591","348.1294","1.614","1,002.5","1","1_5_F2","2M+NH4; M+IsoProp+H; M+NH4","[3588, 3592]; [3585]; [3588, 3592]","false","filtered"
"543","661","3526","282.1553","1.578","802.7","1","1_5_F2","2M+NH4; M+DMSO+H; M+NH4","[3531]; [3567]; [3531]","false","filtered"
"544","668","3585","305.1000","1.612","444.4","1","1_5_F2","2M+ACN+Na; 2M+K; M+ACN+Na; M+H+Na; M+K; M+NH4","[3567]; [3593]; [3567]; [3657]; [3593]; [3591]","false","filtered"
"545","667","3588","369.0587","1.610","104.7","1","1_5_F2","2M+K; M+K","[3591, 3592]; [3591, 3592]","false","filtered"
"530","673","3599","206.0451","1.618","6,279.1","1","1_5_F1","2M+ACN+H; 2M+H; M+2H; M+3H; M+ACN+H; M+H; M+H+Na; M+K; M+Na","[3600]; [3600]; [3533, 3600]; [3600]; [3600]; [3600]; [3541]; [3621]; [3600]","true","keep_rep"
"531","663","3533","443.1167","1.579","1,240.2","1","1_5_F1","2M+ACN+Na; 2M+Na; M+2Na; M+2Na-H; M+3Na; M+ACN+Na; M+CH3OH+H; M+Na","[3541]; [3541, 3542]; [3541]; [3541]; [3541]; [3541]; [3599, 3600]; [3541, 3542]","false","filtered"
"532","665","3541","421.1342","1.586","626.5","1","1_5_F1","2M+ACN+H; 2M+H; M+2H; M+3H; M+ACN+H; M+ACN+Na; M+CH3OH+H; M+H; M+K; M+Na","[3533]; [3533, 3542]; [3533]; [3533]; [3533]; [3489]; [3599]; [3533, 3542]; [3542]; [3533]","false","filtered"
"533","674","3600","228.0270","1.618","423.9","1","1_5_F1","2M+ACN+Na; 2M+Na; M+2Na; M+2Na-H; M+3Na; M+ACN+Na; M+K; M+Na","[3599]; [3599]; [3533, 3599]; [3599]; [3599]; [3599]; [3622]; [3599]","false","filtered"
"534","664","3542","459.0904","1.579","74.7","1","1_5_F1","2M+K; M+2K-H; M+K","[3533, 3541]; [3541]; [3533, 3541]","false","filtered"
"528","654","3488","436.2186","1.540","850.2","1","1_4_F3","2M+NH4; M+NH4","[3489]; [3489]","true","keep_rep"
"529","653","3489","441.1739","1.540","656.8","1","1_4_F3","2M+Na; M+2ACN+H; M+IsoProp+Na+H; M+Na","[3488]; [3498]; [3541]; [3488]","false","filtered"
"521","655","3490","394.1715","1.544","2,100.1","1","1_4_F2","2M+NH4; M+ACN+H; M+NH4","[3491, 3492]; [3461]; [3491, 3492]","true","keep_rep"
"522","656","3491","399.1268","1.544","1,718.6","1","1_4_F2","2M+Na; M+Na","[3490, 3492]; [3490, 3492]","false","filtered"
"523","646","3458","407.1530","1.495","1,673.0","1","1_4_F2","2M+ACN+Na; 2M+Na; M+2Na; M+2Na-H; M+3Na; M+ACN+Na; M+Na","[3461]; [3461]; [3461]; [3461]; [3461]; [3461]; [3461]","false","filtered"
"524","650","3471","452.1770","1.517","1,404.6","1","1_4_F2","2M+NH4; M+NH4; M+Na","[3468, 3472]; [3468, 3472]; [3467]","false","filtered"
"525","647","3461","385.1708","1.498","650.5","1","1_4_F2","2M+ACN+H; 2M+H; M+2H; M+3H; M+ACN+H; M+CH3OH+H; M+H; M+Na","[3458]; [3458]; [3458]; [3458]; [3458]; [3490]; [3458]; [3458]","false","filtered"
"526","651","3472","457.1310","1.517","578.0","1","1_4_F2","2M+Na; M+ACN+H; M+IsoProp+Na+H; M+Na","[3468, 3471]; [3492]; [3492]; [3468, 3471]","false","filtered"
"527","657","3492","415.1007","1.544","414.5","1","1_4_F2","2M+K; M+; M+ACN+H; M+K","[3490, 3491]; [3472]; [3472]; [3490, 3491]","false","filtered"
"519","652","3482","158.0817","1.534","12,997.2","1","1_4_F1","2M+ACN+H; 2M+H; M+2H; M+3H; M+ACN+H; M+H; M+Na","[3466, 3498]; [3498]; [3498]; [3498]; [3498]; [3498]; [3498]","true","keep_rep"
"520","648","3466","144.0659","1.501","8,511.5","1","1_4_F1","2M+3H2O+2H; 2M+ACN+H; 2M+H; M+2H; M+3H; M+ACN+H; M+H; M+Na","[3482]; [3467]; [3467]; [3467]; [3467]; [3467]; [3467]; [3467]","false","filtered"
"516","638","3409","369.1161","1.451","18,202.1","1","1_3_F3","2M+K; 2M+Na; M+2K-H; M+ACN+Na; M+K; M+Na","[3264, 3297]; [3401, 3408]; [3297]; [3377]; [3297]; [3401, 3408]","true","keep_rep"
"517","637","3408","364.1607","1.451","11,346.8","1","1_3_F3","2M+NH4; M+NH4","[3401, 3409]; [3401, 3409]","false","filtered"
"518","636","3401","385.0901","1.447","5,433.6","1","1_3_F3","2M+K; M+2K-H; M+K","[3408, 3409]; [3297]; [3408, 3409]","false","filtered"
"512","635","3371","138.0917","1.443","1,105.7","1","1_3_F2","2M+NH4; M+NH4","[3367]; [3367, 3373, 3430]","true","keep_rep"
"513","640","3419","329.1232","1.457","450.0","1","1_3_F2","M+DMSO+H; M+IsoProp+Na+H","[3427, 3430]; [3359]","false","filtered"
"514","641","3427","289.0687","1.461","167.5","1","1_3_F2","2M+3H2O+2H; 2M+K; M+K","[3360]; [3430]; [3419, 3430]","false","filtered"
"515","644","3430","268.1399","1.470","162.4","1","1_3_F2","2M+3H2O+2H; 2M+NH4; M+2H; M+NH4","[3367, 3371, 3373]; [3427]; [3359]; [3419, 3427]","false","filtered"
"509","639","3406","167.0706","1.454","7,579.0","1","1_3_F1","2M+NH4; M+2ACN+H; M+3ACN+2H; M+NH4","[3428]; [3264]; [3264]; [3428]","true","keep_rep"
"510","643","3435","169.0964","1.461","830.5","1","1_3_F1","2M+ACN+H; 2M+H; M+2H; M+2Na; M+3H; M+ACN+H; M+H; M+Na","[3428]; [3428]; [3428]; [3297]; [3428]; [3373, 3428]; [3428]; [3428]","false","filtered"
"511","642","3428","191.0794","1.461","624.9","1","1_3_F1","2M+ACN+H; 2M+ACN+Na; 2M+Na; M+2Na; M+2Na-H; M+3Na; M+ACN+H; M+ACN+Na; M+Na","[3406]; [3435]; [3435]; [3435]; [3435]; [3435]; [3406]; [3373, 3435]; [3435]","false","filtered"
"503","631","3370","328.1395","1.423","16,907.6","1","1_2_F2","2M+ACN+H; 2M+ACN+Na; 2M+H; M+2ACN+2H; M+2ACN+H; M+2H; M+3ACN+2H; M+3H; M+ACN+H; M+ACN+Na; M+DMSO+H; M+H; M+Na","[3359, 3366]; [3359, 3360, 3373]; [3366]; [3359]; [3359]; [3366]; [3359]; [3366]; [3359, 3366, 3396]; [3359, 3360, 3373]; [3373]; [3366]; [3366]","true","keep_rep"
"504","627","3359","287.1105","1.421","11,165.0","1","1_2_F2","2M+H; 2M+Na; M+2ACN+H; M+2H; M+ACN+2H; M+ACN+H; M+ACN+Na; M+H; M+H+K; M+Na","[3366, 3370]; [3360, 3370, 3373]; [3283]; [3370]; [3370]; [3370, 3419]; [3367]; [3366, 3370, 3396]; [3430]; [3360, 3370, 3373]","false","filtered"
"505","628","3360","303.0845","1.421","4,600.8","1","1_2_F2","2M+ACN+H; 2M+K; M+H+NH4; M+K","[3427]; [3359, 3370, 3373]; [3283]; [3359, 3370, 3373]","false","filtered"
"506","633","3373","282.1552","1.425","2,634.9","1","1_2_F2","2M+3H2O+2H; 2M+ACN+H; 2M+NH4; M+2ACN+H; M+ACN+H; M+ACN+Na; M+CH3OH+H; M+NH4","[3428, 3435]; [3367, 3371, 3430]; [3359, 3360, 3370]; [3367]; [3367]; [3367]; [3370]; [3359, 3360, 3370]","false","filtered"
"507","632","3367","121.0654","1.423","2,237.7","1","1_2_F2","2M+H; 2M+NH4; M+2H; M+ACN+2H; M+H; M+H+NH4; M+H+Na","[3371]; [3278]; [3373]; [3373]; [3371, 3373, 3430]; [3359]; [3373]","false","filtered"
"508","634","3366","350.1215","1.425","1,464.8","1","1_2_F2","2M+ACN+H; 2M+ACN+Na; 2M+Na; M+2ACN+2H; M+2ACN+H; M+2Na; M+2Na-H; M+3Na; M+ACN+H; M+ACN+Na; M+IsoProp+H; M+Na","[3396]; [3359, 3370]; [3370]; [3396]; [3396]; [3370]; [3370]; [3370]; [3396]; [3359, 3370, 3396]; [3467]; [3370]","false","filtered"
"496","626","3297","166.0870","1.418","371,327.8","1","1_2_F1","2M+ACN+H; 2M+H; 2M+NH4; M+2H; M+3H; M+ACN+2H; M+ACN+H; M+H; M+H+K; M+H+Na; M+K; M+NH4; M+Na","[3282]; [3282, 3283]; [3279]; [3282, 3409]; [3282]; [3254]; [3282]; [3264, 3282, 3283, 3409]; [3409, 3435]; [3401]; [3283]; [3279]; [3282]","true","keep_rep"
"497","629","3276","120.0813","1.422","332,423.1","1","1_2_F1","2M+NH4; M+; M+H; M+NH4","[3275]; [3334]; [3296]; [3259, 3275]","false","filtered"
"498","620","3275","103.0543","1.393","33,841.7","1","1_2_F1","2M+H; M+; M+H; M+H+NH4; M+NH4","[3276]; [3334]; [3259, 3276]; [3264, 3282, 3310]; [3282]","false","filtered"
"499","623","3264","210.0511","1.404","9,262.7","1","1_2_F1","2M+ACN+H; 2M+ACN+Na; 2M+Na; M+2ACN+H; M+2Na; M+2Na-H; M+3Na; M+ACN+Na; M+DMSO+H; M+H; M+H+Na; M+Na","[3259, 3406]; [3282]; [3282, 3310]; [3284]; [3282, 3306]; [3282, 3283, 3297, 3409]; [3282]; [3282]; [3279]; [3406]; [3306]; [3275, 3282, 3306, 3310]","false","filtered"
"500","621","3282","188.0701","1.395","8,192.8","1","1_2_F1","2M+ACN+H; 2M+ACN+Na; 2M+H; 2M+NH4; 2M+Na; M+2ACN+H; M+2H; M+2Na; M+2Na-H; M+3H; M+3Na; M+ACN+2H; M+ACN+H; M+ACN+Na; M+H; M+H+Na; M+K; M+Na","[3264]; [3297]; [3264, 3310]; [3275]; [3283, 3297]; [3285]; [3264, 3306]; [3297]; [3297]; [3264]; [3297]; [3306]; [3264]; [3297]; [3264, 3275, 3306, 3310]; [3306]; [3310]; [3264, 3283, 3297]","false","filtered"
"501","622","3279","149.0601","1.397","4,655.7","1","1_2_F1","2M+H; M+H; M+NH4","[3297]; [3297]; [3264]","false","filtered"
"502","624","3296","119.0719","1.407","562.9","1","1_2_F1","2M+NH4; M+; M+ACN+2H; M+NH4","[3259]; [3276]; [3284]; [3259]","false","filtered"
"492","1189","5898","411.2007","2.706","697.4","1","1_26_F2","2M+K; 2M+Na; M+2Na; M+H+Na; M+Na","[5968]; [5892, 5893]; [5901]; [5901]; [5892, 5893]","true","keep_rep"
"493","1186","5892","406.2443","2.704","647.0","1","1_26_F2","2M+NH4; M+NH4","[5893, 5898]; [5893, 5898]","false","filtered"
"494","1193","5968","231.0859","2.741","645.4","1","1_26_F2","M+2Na-H","[5898]","false","filtered"
"495","1187","5893","427.1730","2.704","157.6","1","1_26_F2","2M+K; M+2ACN+2H; M+K","[5892, 5898]; [5762]; [5892, 5898]","false","filtered"
"486","1188","5900","124.0764","2.705","8,007.3","1","1_26_F1","M+2ACN+2H","[5944]","true","keep_rep"
"487","1194","5969","266.1240","2.743","1,736.6","1","1_26_F1","2M+NH4; M+2ACN+H; M+NH4","[5977]; [5944]; [5977]","false","filtered"
"488","1192","5944","367.1357","2.729","360.9","1","1_26_F1","2M+H; 2M+K; 2M+Na; M+Na","[5969]; [5900]; [5940, 5947]; [5940, 5947]","false","filtered"
"489","1195","5977","271.0795","2.747","268.4","1","1_26_F1","2M+Na; M+Na","[5969]; [5969]","false","filtered"
"490","1190","5947","362.1819","2.716","181.7","1","1_26_F1","2M+NH4; M+NH4","[5791, 5940, 5944]; [5791, 5940, 5944]","false","filtered"
"491","1191","5940","383.1110","2.727","112.6","1","1_26_F1","2M+3H2O+2H; 2M+ACN+H; 2M+ACN+Na; 2M+H; 2M+K; 2M+NH4; 2M+Na; M+; M+2ACN+2H; M+2ACN+H; M+2H; M+2H+Na; M+2K-H; M+2Na; M+2Na-H; M+3ACN+2H; M+3H; M+3Na; M+ACN+2H; M+ACN+H; M+ACN+Na; M+CH3OH+H; M+DMSO+H; M+H; M+H+2Na; M+H+K; M+H+NH4; M+H+Na; M+IsoProp+H; M+IsoProp+Na+H; M+K; M+NH4; M+Na","[5791]; [5791]; [5791]; [5791]; [5791, 5944, 5947]; [5791]; [5791]; [5791]; [5791]; [5791]; [5791]; [5791]; [5791]; [5791]; [5791]; [5791]; [5791]; [5791]; [5791]; [5791]; [5791]; [5791]; [5791]; [5791]; [5791]; [5791]; [5791]; [5791, 6018]; [5791]; [5791]; [5791, 5944, 5947]; [5791]; [5791]","false","filtered"
"484","1179","5901","400.2189","2.688","2,318.1","1","1_25_F2","2M+NH4; M+2H; M+H+Na; M+IsoProp+Na+H; M+NH4","[5754]; [5898]; [5898]; [5726]; [5754]","true","keep_rep"
"485","1174","5726","334.1900","2.663","825.5","1","1_25_F2","2M+NH4; M+NH4","[5727, 5728, 5732]; [5727, 5728, 5732, 5901]","false","filtered"
"470","1181","5881","369.1185","2.698","5,864.4","1","1_25_F1","2M+ACN+H; 2M+H; M+2H; M+3H; M+ACN+H; M+H; M+Na","[6018]; [6018]; [6018]; [6018]; [6018]; [5875, 6018]; [6018]","true","keep_rep"
"471","1176","5821","415.1370","2.667","3,634.3","1","1_25_F1","2M+K; 2M+Na; M+CH3OH+H; M+IsoProp+Na+H; M+Na","[5738]; [5813, 5820]; [5791]; [5758]; [5813, 5820]","false","filtered"
"472","1170","5758","228.0870","2.655","2,588.9","1","1_25_F1","2M+ACN+H; 2M+H; M+2H; M+2H+Na; M+3ACN+2H; M+3H; M+3Na; M+ACN+H; M+H; M+K; M+Na","[5752]; [5752, 5775]; [5752]; [5727]; [5821]; [5752]; [5732]; [5752]; [5752, 5775]; [5775]; [5752]","false","filtered"
"473","1171","5759","359.1695","2.659","2,570.6","1","1_25_F1","2M+ACN+H; 2M+H; 2M+Na; M+; M+2H; M+3H; M+ACN+H; M+CH3OH+H; M+H; M+H+K; M+IsoProp+Na+H; M+K; M+Na","[5761]; [5760, 5761, 5762]; [5823]; [5789]; [5761]; [5761]; [5761]; [5820]; [5760, 5761, 5762]; [5794]; [5887]; [5762]; [5761, 5823]","false","filtered"
"474","1182","6018","391.1006","2.698","1,598.7","1","1_25_F1","2M+ACN+H; 2M+ACN+Na; 2M+H; 2M+Na; M+2H; M+2Na; M+2Na-H; M+3H; M+3Na; M+ACN+H; M+ACN+Na; M+H; M+H+K; M+Na","[5875]; [5881]; [5875]; [5881]; [5875]; [5881]; [5881]; [5875]; [5881]; [5875]; [5881]; [5875]; [5791, 5940]; [5875, 5881]","false","filtered"
"475","1173","5813","431.1112","2.663","1,423.0","1","1_25_F1","2M+K; M+DMSO+H; M+K; M+NH4","[5820, 5821]; [5874]; [5820, 5821]; [5875]","false","filtered"
"476","1177","5823","375.1459","2.672","1,322.2","1","1_25_F1","2M+ACN+H; 2M+H; 2M+K; M+2H; M+3H; M+ACN+H; M+H; M+H+Na; M+IsoProp+Na+H; M+K; M+Na","[5762]; [5762]; [5759]; [5762]; [5762]; [5762]; [5762]; [5754]; [5885]; [5759, 5761]; [5762]","false","filtered"
"477","1175","5820","410.1826","2.667","1,250.3","1","1_25_F1","2M+NH4; M+IsoProp+Na+H; M+NH4","[5813, 5821]; [5759]; [5813, 5821]","false","filtered"
"478","1172","5762","397.1275","2.659","847.3","1","1_25_F1","2M+ACN+H; 2M+ACN+Na; 2M+K; 2M+Na; M+2K-H; M+2Na; M+2Na-H; M+3Na; M+ACN+Na; M+H+Na; M+K; M+Na","[5791]; [5823]; [5759, 5760, 5761]; [5823]; [5759]; [5823]; [5823]; [5823]; [5823]; [5893]; [5759, 5760, 5761, 5789]; [5823]","false","filtered"
"479","1180","5875","413.0826","2.696","453.7","1","1_25_F1","2M+ACN+Na; 2M+Na; M+; M+2Na; M+2Na-H; M+3Na; M+ACN+Na; M+Na","[6018]; [6018]; [5813]; [6018]; [5881, 6018]; [6018]; [6018]; [6018]","false","filtered"
"480","1184","5887","589.2017","2.700","453.2","1","1_25_F1","2M+K; 2M+Na; M+IsoProp+H; M+Na","[5759]; [5885]; [5874]; [5885]","false","filtered"
"481","1183","5885","605.1767","2.698","354.8","1","1_25_F1","2M+ACN+Na; 2M+K; 2M+Na; M+ACN+Na; M+DMSO+H; M+K","[5783]; [5887]; [5823]; [5783]; [5783]; [5887]","false","filtered"
"482","1169","5783","559.1913","2.654","105.8","1","1_25_F1","2M+NH4; M+CH3OH+H; M+IsoProp+H; M+NH4","[5885]; [5885]; [5752]; [5885]","false","filtered"
"483","1178","5791","383.1107","2.678","85.8","1","1_25_F1","2M+3H2O+2H; 2M+ACN+H; 2M+ACN+Na; 2M+H; 2M+K; 2M+NH4; 2M+Na; M+; M+2ACN+2H; M+2ACN+H; M+2H; M+2H+Na; M+2K-H; M+2Na; M+2Na-H; M+3ACN+2H; M+3H; M+3Na; M+ACN+2H; M+ACN+H; M+ACN+Na; M+CH3OH+H; M+DMSO+H; M+H; M+H+2Na; M+H+K; M+H+NH4; M+H+Na; M+IsoProp+H; M+IsoProp+Na+H; M+K; M+NH4; M+Na","[5762, 5940]; [5940]; [5940]; [5940]; [5776, 5794, 5940, 5947]; [5940]; [5940]; [5940]; [5940]; [5940]; [5940]; [5940]; [5940]; [5940]; [5940]; [5940]; [5940]; [5940]; [5940]; [5940]; [5940]; [5940]; [5940]; [5821, 5940]; [5940]; [5940]; [5752, 5940]; [5940, 6018]; [5940]; [5940]; [5776, 5794, 5940, 5947]; [5940]; [5940]","false","filtered"
"468","1166","5789","442.2291","2.650","4,656.4","1","1_24_F4","2M+NH4; M+; M+2ACN+H; M+IsoProp+Na+H; M+NH4","[5792]; [5683]; [5759]; [5762]; [5792]","true","keep_rep"
"469","1149","5683","241.0951","2.602","2,137.2","1","1_24_F4","2M+ACN+Na; 2M+Na; M+2Na; M+2Na-H; M+3Na; M+ACN+Na; M+H+K; M+Na","[5675]; [5675, 5680]; [5675]; [5675]; [5627, 5675]; [5675]; [5618, 5789]; [5675, 5680]","false","filtered"
"464","1158","5761","381.1520","2.644","1,593.3","1","1_24_F3","2M+ACN+H; 2M+ACN+Na; 2M+Na; M+2Na; M+2Na-H; M+3Na; M+ACN+Na; M+H+K; M+Na","[5776]; [5759]; [5759, 5760, 5762]; [5759]; [5759, 5823]; [5759]; [5759]; [5794]; [5759, 5760, 5762]","true","keep_rep"
"465","1157","5760","376.1973","2.644","430.1","1","1_24_F3","2M+ACN+H; 2M+NH4; M+NH4","[5794]; [5759, 5761, 5762]; [5759, 5761, 5762]","false","filtered"
"466","1162","5776","367.1363","2.646","314.0","1","1_24_F3","2M+3H2O+2H; 2M+Na; M+Na","[5761]; [5791, 5794]; [5791, 5794]","false","filtered"
"467","1165","5794","362.1817","2.650","228.4","1","1_24_F3","2M+3H2O+2H; 2M+NH4; M+2H; M+2Na; M+NH4","[5760]; [5776, 5791]; [5761]; [5759]; [5776, 5791]","false","filtered"
"461","1153","5727","339.1424","2.623","5,241.2","1","1_24_F2","2M+ACN+Na; 2M+Na; M+2H+Na; M+2Na; M+2Na-H; M+3H; M+3Na; M+ACN+Na; M+H+NH4; M+Na","[5732]; [5726, 5728, 5732]; [5795]; [5732]; [5732]; [5795]; [5732]; [5732]; [5758]; [5726, 5728, 5732]","true","keep_rep"
"462","1152","5728","355.1166","2.613","2,066.8","1","1_24_F2","2M+K; M+2K-H; M+K","[5726, 5727, 5732]; [5732]; [5726, 5727, 5732]","false","filtered"
"463","1154","5732","317.1593","2.629","232.2","1","1_24_F2","2M+ACN+H; 2M+H; M+2H; M+3H; M+ACN+H; M+H; M+H+NH4; M+K; M+Na","[5727]; [5726, 5727, 5728]; [5727]; [5727]; [5727]; [5726, 5727, 5728]; [5758]; [5728]; [5727]","false","filtered"
"459","1155","5752","250.0690","2.642","1,148.9","1","1_24_F1","2M+ACN+Na; 2M+Na; M+2H; M+2Na; M+2Na-H; M+3H; M+3Na; M+ACN+Na; M+Na","[5758]; [5758, 5775]; [5783]; [5758]; [5758]; [5791]; [5758]; [5758]; [5758, 5775]","true","keep_rep"
"460","1161","5775","266.0428","2.646","186.4","1","1_24_F1","2M+K; M+2K-H; M+K","[5752, 5758]; [5758]; [5752, 5758]","false","filtered"
"439","1136","5626","207.1384","2.574","17,215.4","1","1_23_F1","2M+NH4; M+NH4","[5554]; [5554, 5555, 5618]","true","keep_rep"
"440","1134","5629","425.1578","2.574","7,344.0","1","1_23_F1","2M+K; 2M+Na; M+2K-H; M+2Na-H; M+ACN+Na; M+IsoProp+Na+H; M+K; M+Na","[5612, 5628]; [5675, 5679]; [5628]; [5679]; [5679]; [5579]; [5612, 5628]; [5679]","false","filtered"
"441","1137","5628","387.2018","2.579","7,277.6","1","1_23_F1","2M+H; 2M+NH4; M+CH3OH+H; M+H; M+K; M+NH4; M+Na","[5612, 5629]; [5684]; [5675]; [5612, 5629]; [5629]; [5684]; [5679]","false","filtered"
"442","1129","5622","225.1491","2.564","4,181.5","1","1_23_F1","M+2ACN+2H; M+3ACN+2H","[5684]; [5612]","false","filtered"
"443","1130","5612","404.2286","2.568","3,105.4","1","1_23_F1","2M+NH4; M+DMSO+H; M+NH4","[5628, 5629]; [5622]; [5628, 5629]","false","filtered"
"444","1145","5667","464.2137","2.592","2,909.3","1","1_23_F1","2M+ACN+H; 2M+ACN+Na; 2M+NH4; 2M+Na; M+2Na; M+2Na-H; M+3Na; M+ACN+H; M+ACN+Na; M+NH4; M+Na","[5555]; [5618]; [5630, 5655, 5661]; [5618]; [5618]; [5618]; [5618]; [5555]; [5618]; [5630, 5655, 5661]; [5618]","false","filtered"
"445","1131","5618","442.2293","2.570","1,669.2","1","1_23_F1","2M+ACN+H; 2M+ACN+Na; 2M+H; 2M+NH4; M+; M+2H; M+3H; M+ACN+H; M+ACN+Na; M+H; M+NH4; M+Na","[5528, 5667]; [5523, 5554, 5555, 5626]; [5528, 5667]; [5630, 5680]; [5683]; [5528, 5667]; [5528, 5667]; [5528, 5554, 5667]; [5554]; [5528, 5667]; [5630, 5661]; [5528, 5667]","false","filtered"
"446","1146","5675","219.1133","2.595","1,665.9","1","1_23_F1","2M+ACN+H; 2M+H; 2M+NH4; M+2ACN+2H; M+2H; M+2Na; M+3H; M+ACN+H; M+H; M+K; M+NH4; M+Na","[5683]; [5680, 5683]; [5679]; [5628]; [5683]; [5661]; [5627, 5683]; [5683]; [5680, 5683]; [5680]; [5629, 5679]; [5683]","false","filtered"
"447","1147","5679","202.0867","2.597","1,467.3","1","1_23_F1","2M+H; M+; M+2H; M+ACN+2H; M+H; M+H+K; M+H+Na","[5675]; [5754]; [5629]; [5629]; [5629, 5675]; [5628]; [5629]","false","filtered"
"448","1144","5661","469.1690","2.588","1,464.4","1","1_23_F1","2M+ACN+Na; 2M+H; 2M+Na; M+2K-H; M+2Na; M+2Na-H; M+3Na; M+ACN+Na; M+H; M+Na","[5630]; [5680]; [5630, 5655, 5667]; [5675]; [5630]; [5618, 5630]; [5630]; [5630]; [5680]; [5630, 5655, 5667]","false","filtered"
"449","1138","5642","700.2839","2.580","1,186.3","1","1_23_F1","2M+NH4; M+NH4","[5643, 5650]; [5643, 5650]","false","filtered"
"450","1127","5573","379.1005","2.551","1,060.5","1","1_23_F1","2M+Na; M+Na","[5572, 5579]; [5572, 5579]","false","filtered"
"451","1133","5627","369.1912","2.574","833.1","1","1_23_F1","2M+NH4; M+2ACN+2H; M+NH4","[5579]; [5675, 5683]; [5579]","false","filtered"
"452","1148","5680","257.0689","2.597","826.4","1","1_23_F1","2M+K; M+2K-H; M+2Na; M+2Na-H; M+K; M+Na","[5675, 5683]; [5675]; [5661]; [5554, 5618, 5630]; [5675, 5683]; [5661]","false","filtered"
"453","1128","5579","374.1456","2.559","748.1","1","1_23_F1","2M+NH4; 2M+Na; M+CH3OH+H; M+H+NH4; M+NH4; M+Na","[5572, 5573]; [5627]; [5629]; [5522]; [5572, 5573]; [5627]","false","filtered"
"454","1139","5643","705.2385","2.580","510.5","1","1_23_F1","2M+Na; M+H+Na; M+Na","[5642, 5650]; [5655]; [5642, 5650]","false","filtered"
"455","1141","5655","485.1428","2.586","393.8","1","1_23_F1","2M+K; M+2K-H; M+3Na; M+K","[5630, 5661, 5667]; [5630]; [5643]; [5630, 5661, 5667]","false","filtered"
"456","1126","5572","395.0745","2.551","344.8","1","1_23_F1","2M+K; M+K","[5573, 5579]; [5573, 5579]","false","filtered"
"457","1135","5630","447.1851","2.574","265.1","1","1_23_F1","2M+ACN+H; 2M+ACN+Na; 2M+H; 2M+Na; M+2H; M+3H; M+ACN+H; M+H; M+K; M+Na","[5661]; [5684]; [5524, 5528, 5655, 5661, 5667]; [5618, 5680]; [5661]; [5661]; [5554, 5661]; [5524, 5528, 5655, 5661, 5667]; [5524, 5655]; [5618, 5661]","false","filtered"
"458","1140","5650","721.2120","2.580","131.1","1","1_23_F1","2M+K; M+K","[5642, 5643]; [5642, 5643]","false","filtered"
"435","1110","5488","409.1843","2.513","18,066.3","1","1_22_F2","2M+3H2O+2H; 2M+H; M+2Na-H; M+DMSO+H; M+IsoProp+H; M+IsoProp+Na+H","[5461]; [5356]; [5523]; [5446]; [5363]; [5461]","true","keep_rep"
"436","1124","5684","411.1995","2.547","3,388.3","1","1_22_F2","2M+3H2O+2H; 2M+ACN+H; 2M+Na; M+2Na-H; M+ACN+H; M+Na","[5630]; [5628]; [5522, 5523]; [5622]; [5628]; [5522, 5523]","false","filtered"
"437","1114","5523","406.2442","2.528","1,886.3","1","1_22_F2","2M+3H2O+2H; 2M+NH4; M+ACN+H; M+NH4","[5618]; [5522, 5684]; [5488]; [5522, 5684]","false","filtered"
"438","1113","5522","427.1730","2.528","1,106.2","1","1_22_F2","2M+K; M+3ACN+2H; M+K","[5523, 5684]; [5579]; [5523, 5684]","false","filtered"
"428","1118","5528","464.2136","2.530","1,160.3","1","1_22_F1","2M+ACN+H; 2M+ACN+Na; 2M+NH4; 2M+Na; M+2Na; M+2Na-H; M+3Na; M+ACN+H; M+ACN+Na; M+H; M+IsoProp+H; M+NH4; M+Na","[5555]; [5618]; [5524, 5630]; [5618]; [5618]; [5618]; [5618]; [5466, 5471, 5555]; [5618]; [5474]; [5461]; [5524, 5630]; [5618]","true","keep_rep"
"429","1106","5466","467.1533","2.499","1,023.0","1","1_22_F1","2M+Na; M+2Na-H; M+Na","[5463]; [5471, 5528]; [5463]","false","filtered"
"430","1108","5474","496.2401","2.505","348.7","1","1_22_F1","2M+NH4; M+CH3OH+H; M+DMSO+H; M+NH4","[5471]; [5528]; [5463]; [5471]","false","filtered"
"431","1121","5555","234.0742","2.543","282.9","1","1_22_F1","2M+ACN+Na; 2M+Na; M+2Na; M+2Na-H; M+3Na; M+ACN+Na; M+Na","[5554]; [5554]; [5471, 5528, 5554, 5667]; [5554, 5618, 5626]; [5554]; [5554]; [5528, 5554, 5667]","false","filtered"
"432","1125","5554","212.0915","2.548","248.6","1","1_22_F1","2M+ACN+H; 2M+H; 2M+Na; M+; M+2H; M+2Na; M+3H; M+ACN+H; M+H; M+H+NH4; M+H+Na; M+Na","[5555]; [5555]; [5626]; [5680]; [5471, 5555]; [5618]; [5555]; [5555]; [5555]; [5630]; [5618]; [5555, 5618, 5626]","false","filtered"
"433","1115","5524","485.1433","2.528","233.0","1","1_22_F1","2M+K; M+2K-H; M+IsoProp+H; M+K","[5528, 5630]; [5630]; [5434]; [5528, 5630]","false","filtered"
"434","1109","5471","501.1951","2.507","107.8","1","1_22_F1","2M+Na; M+2ACN+H; M+DMSO+H; M+Na","[5474]; [5369]; [5466, 5528, 5554, 5555]; [5474]","false","filtered"
"426","1084","5384","596.2567","2.462","2,022.3","1","1_21_F2","2M+ACN+H; 2M+NH4; M+2ACN+H; M+ACN+H; M+H; M+NH4","[5294]; [5397]; [5294]; [5294]; [5294]; [5397]","true","keep_rep"
"427","1090","5397","601.2115","2.464","123.7","1","1_21_F2","2M+Na; M+Na","[5384]; [5384]","false","filtered"
"396","1076","5375","379.1005","2.460","15,855.6","1","1_21_F1","2M+3H2O+2H; 2M+ACN+H; 2M+K; 2M+NH4; 2M+Na; M+; M+CH3OH+H; M+H+K; M+H+NH4; M+K; M+NH4; M+Na","[5446]; [5324]; [5461]; [5434]; [5374, 5376]; [5382]; [5434]; [5321]; [5439]; [5461]; [5434]; [5374, 5376]","true","keep_rep"
"397","1077","5376","395.0746","2.460","4,435.0","1","1_21_F1","2M+K; M+K","[5374, 5375]; [5374, 5375]","false","filtered"
"398","1075","5368","572.2356","2.460","3,794.9","1","1_21_F1","2M+ACN+H; 2M+NH4; M+2ACN+2H; M+2ACN+H; M+ACN+H; M+ACN+Na; M+IsoProp+H; M+NH4","[5378]; [5361]; [5378]; [5378]; [5378, 5459]; [5378]; [5378]; [5361]","false","filtered"
"399","1078","5377","420.1871","2.460","3,545.7","1","1_21_F1","2M+NH4; M+ACN+Na; M+DMSO+H; M+IsoProp+H; M+NH4; M+Na","[5369]; [5316]; [5329]; [5321]; [5316, 5369]; [5312]","false","filtered"
"400","1097","5433","409.1111","2.485","2,366.8","1","1_21_F1","2M+Na; M+Na","[5434, 5461]; [5434, 5461]","false","filtered"
"401","1103","5459","575.1756","2.495","2,246.1","1","1_21_F1","2M+ACN+Na; 2M+Na; M+2Na; M+2Na-H; M+3Na; M+ACN+2H; M+ACN+Na; M+Na","[5378]; [5378]; [5378]; [5368, 5378]; [5378]; [5348]; [5378]; [5378]","false","filtered"
"402","1072","5348","370.1143","2.449","1,270.9","1","1_21_F1","2M+3H2O+2H; 2M+H; 2M+K; M+2ACN+2H; M+2Na-H; M+3H; M+DMSO+H; M+IsoProp+Na+H","[5321, 5324]; [5382]; [5381]; [5296]; [5333, 5461]; [5459]; [5374]; [5324, 5446]","false","filtered"
"403","1092","5374","374.1457","2.472","988.0","1","1_21_F1","2M+3H2O+2H; 2M+ACN+H; 2M+NH4; M+; M+2ACN+H; M+IsoProp+H; M+IsoProp+Na+H; M+NH4","[5446]; [5321]; [5375, 5376]; [5382]; [5348]; [5382]; [5446]; [5375, 5376]","false","filtered"
"404","1094","5329","341.1583","2.475","983.5","1","1_21_F1","2M+Na; M+; M+2H; M+3ACN+2H; M+ACN+2H; M+CH3OH+H; M+Na","[5330]; [5377]; [5321]; [5371]; [5366]; [5370]; [5330]","false","filtered"
"405","1082","5381","359.1702","2.462","911.5","1","1_21_F1","2M+3H2O+2H; 2M+ACN+H; 2M+H; M+2H; M+3H; M+ACN+H; M+H; M+K; M+Na","[5348]; [5363]; [5363, 5382, 5391]; [5363]; [5363]; [5363]; [5363, 5382, 5391]; [5382]; [5363]","false","filtered"
"406","1074","5333","343.1750","2.459","756.0","1","1_21_F1","2M+ACN+H; M+NH4","[5366]; [5348, 5461]","false","filtered"
"407","1104","5461","404.1560","2.495","701.2","1","1_21_F1","2M+ACN+Na; 2M+K; 2M+NH4; 2M+Na; M+ACN+Na; M+DMSO+H; M+H; M+K; M+NH4","[5375]; [5415]; [5433, 5434]; [5488]; [5375]; [5333, 5348, 5488]; [5528]; [5415]; [5433, 5434]","false","filtered"
"408","1095","5378","553.1958","2.476","585.0","1","1_21_F1","2M+ACN+H; 2M+H; 2M+NH4; 2M+Na; M+2H; M+2Na; M+2Na-H; M+3H; M+ACN+H; M+ACN+Na; M+H; M+NH4; M+Na","[5459]; [5459]; [5361]; [5368]; [5459]; [5368]; [5368]; [5459]; [5368, 5459]; [5368]; [5459]; [5361]; [5368, 5459]","false","filtered"
"409","1102","5458","394.2081","2.495","559.5","1","1_21_F1","2M+NH4; M+NH4","[5457]; [5457]","false","filtered"
"410","1096","5415","429.2106","2.478","487.8","1","1_21_F1","2M+ACN+Na; 2M+Na; M+ACN+Na; M+Na","[5461]; [5418]; [5461]; [5418]","false","filtered"
"411","1098","5434","425.0852","2.485","454.4","1","1_21_F1","2M+ACN+Na; 2M+K; M+ACN+Na; M+DMSO+H; M+H; M+K","[5375]; [5433, 5461]; [5375]; [5375]; [5524]; [5433, 5461]","false","filtered"
"412","1100","5446","369.1181","2.491","449.6","1","1_21_F1","2M+ACN+H; 2M+H; 2M+NH4; 2M+Na; M+; M+2ACN+H; M+2H; M+3H; M+ACN+H; M+DMSO+H; M+H; M+H+Na; M+K; M+Na","[5439]; [5439]; [5375]; [5374]; [5371]; [5348]; [5439]; [5439]; [5439]; [5374]; [5439]; [5457]; [5488]; [5439]","false","filtered"
"413","1073","5240","345.1330","2.452","391.3","1","1_21_F1","2M+K; M+ACN+Na; M+CH3OH+H; M+H+NH4; M+K; M+NH4","[5366]; [5321]; [5276]; [5330]; [5366]; [5321]","false","filtered"
"414","1091","5356","288.1450","2.468","383.2","1","1_21_F1","2M+3H2O+2H; 2M+NH4; M+ACN+H; M+H+NH4; M+IsoProp+Na+H; M+NH4","[5371]; [5341, 5346]; [5328]; [5371]; [5488]; [5341, 5346]","false","filtered"
"415","1088","5346","293.1004","2.464","363.7","1","1_21_F1","2M+Na; M+Na","[5341, 5356]; [5341, 5356]","false","filtered"
"416","1080","5341","309.0745","2.461","352.1","1","1_21_F1","2M+K; M+K","[5346, 5356]; [5346, 5356]","false","filtered"
"417","1071","5371","194.0815","2.448","315.1","1","1_21_F1","2M+NH4; M+2H+Na; M+2Na; M+ACN+Na; M+H+NH4; M+NH4; M+Na","[5370]; [5329, 5356]; [5363]; [5356]; [5446]; [5370]; [5363]","false","filtered"
"418","1086","5330","357.1323","2.463","288.9","1","1_21_F1","2M+K; M+; M+ACN+2H; M+ACN+H; M+CH3OH+H; M+H+K; M+K","[5329]; [5457]; [5240]; [5457]; [5295]; [5321]; [5329]","false","filtered"
"419","1079","5369","441.1160","2.460","286.0","1","1_21_F1","2M+K; M+K; M+Na","[5377]; [5316, 5377]; [5471]","false","filtered"
"420","1081","5366","329.1576","2.462","272.3","1","1_21_F1","2M+3H2O+2H; 2M+Na; M+2ACN+H; M+H+NH4; M+IsoProp+H; M+Na","[5333]; [5240]; [5328]; [5329]; [5327]; [5240]","false","filtered"
"421","1101","5457","399.1633","2.495","219.2","1","1_21_F1","2M+Na; M+2ACN+2H; M+ACN+H; M+IsoProp+Na+H; M+Na","[5458]; [5446]; [5330]; [5330]; [5458]","false","filtered"
"422","1099","5439","391.1002","2.489","180.2","1","1_21_F1","2M+ACN+Na; 2M+Na; M+2Na; M+2Na-H; M+3Na; M+ACN+2H; M+ACN+Na; M+Na","[5446]; [5446]; [5446]; [5446]; [5446]; [5375]; [5446]; [5446]","false","filtered"
"423","1083","5382","397.1263","2.462","159.6","1","1_21_F1","2M+3H2O+2H; 2M+K; M+2K-H; M+2Na; M+DMSO+H; M+IsoProp+Na+H; M+K; M+NH4; M+Na","[5348]; [5363, 5381, 5391]; [5381]; [5254]; [5321]; [5374]; [5363, 5381, 5391]; [5375]; [5254, 5374]","false","filtered"
"424","1089","5363","381.1520","2.464","151.7","1","1_21_F1","2M+ACN+Na; 2M+K; 2M+Na; M+2Na; M+2Na-H; M+3Na; M+ACN+Na; M+CH3OH+H; M+K; M+Na","[5381]; [5371]; [5381, 5382, 5391]; [5381]; [5381]; [5381]; [5381]; [5488]; [5371]; [5381, 5382, 5391]","false","filtered"
"425","1093","5391","376.1973","2.472","80.1","1","1_21_F1","2M+NH4; M+NH4","[5363, 5381, 5382]; [5363, 5381, 5382]","false","filtered"
"394","1060","5254","787.2308","2.418","1,039.6","1","1_20_F5","2M+ACN+H; 2M+H; 2M+K; M+2H; M+3H; M+ACN+H; M+H; M+K; M+Na","[5252]; [5252]; [5382]; [5252]; [5252]; [5252]; [5252]; [5382]; [5252]","true","keep_rep"
"395","1050","5252","809.2126","2.399","141.9","1","1_20_F5","2M+ACN+Na; 2M+Na; M+2Na; M+2Na-H; M+3Na; M+ACN+Na; M+Na","[5254]; [5254]; [5254]; [5254]; [5254]; [5254]; [5254]","false","filtered"
"391","1054","5279","487.1932","2.410","1,023.8","1","1_20_F4","2M+ACN+H; 2M+H; M+2H; M+3H; M+ACN+H; M+H; M+Na","[5280]; [5274, 5280]; [5280]; [5280]; [5280]; [5274, 5280]; [5280]","true","keep_rep"
"392","1053","5274","504.2195","2.408","823.9","1","1_20_F4","2M+H; 2M+NH4; M+H; M+NH4","[5213]; [5279, 5280]; [5213]; [5279, 5280]","false","filtered"
"393","1055","5280","509.1755","2.410","301.0","1","1_20_F4","2M+ACN+Na; 2M+Na; M+2ACN+H; M+2Na; M+2Na-H; M+3Na; M+ACN+Na; M+Na","[5279]; [5274, 5279]; [5219]; [5279]; [5279]; [5279]; [5279]; [5274, 5279]","false","filtered"
"389","1065","5321","360.1294","2.434","853.8","1","1_20_F3","2M+3H2O+2H; 2M+NH4; M+2H; M+2Na; M+ACN+H; M+CH3OH+H; M+DMSO+H; M+H; M+H+K; M+NH4","[5228, 5374]; [5324, 5348]; [5375]; [5330]; [5382]; [5240]; [5240]; [5224, 5377]; [5329]; [5324]","true","keep_rep"
"390","1066","5324","365.0850","2.434","165.1","1","1_20_F3","2M+3H2O+2H; 2M+Na; M+DMSO+H; M+Na","[5375]; [5321, 5348]; [5348]; [5321]","false","filtered"
"378","1047","5236","436.1823","2.395","3,617.4","1","1_20_F2","2M+NH4; M+IsoProp+Na+H; M+NH4","[5237, 5244]; [5316]; [5237, 5244]","true","keep_rep"
"379","1049","5244","441.1385","2.397","1,530.0","1","1_20_F2","2M+Na; M+Na","[5236, 5237]; [5236, 5237]","false","filtered"
"380","1061","5312","430.2296","2.424","1,329.0","1","1_20_F2","2M+NH4; M+CH3OH+H; M+H+K; M+NH4","[5316]; [5224, 5377]; [5207]; [5316]","false","filtered"
"381","1058","5295","324.1060","2.414","1,030.3","1","1_20_F2","2M+ACN+Na; 2M+Na; M+; M+2Na; M+2Na-H; M+3Na; M+ACN+Na; M+IsoProp+Na+H; M+Na","[5293]; [5293, 5294, 5296]; [5330]; [5293]; [5293, 5328]; [5293]; [5293]; [5327]; [5293, 5294, 5296, 5327]","false","filtered"
"382","1057","5293","302.1243","2.414","725.1","1","1_20_F2","2M+ACN+H; 2M+H; M+2H; M+3H; M+ACN+H; M+H; M+IsoProp+Na+H; M+K; M+Na","[5295]; [5294, 5295, 5296]; [5295]; [5295]; [5295]; [5294, 5295, 5296, 5327]; [5328]; [5296]; [5295, 5328]","false","filtered"
"383","1064","5294","319.1501","2.426","588.9","1","1_20_F2","2M+NH4; M+2ACN+2H; M+3ACN+2H; M+ACN+2H; M+ACN+H; M+NH4","[5293, 5295, 5296]; [5384]; [5384]; [5384]; [5384]; [5293, 5295, 5296, 5327]","false","filtered"
"384","1048","5237","457.1114","2.395","497.9","1","1_20_F2","2M+K; 2M+Na; M+K","[5236, 5244]; [5327]; [5236, 5244]","false","filtered"
"385","1062","5328","279.1349","2.425","435.7","1","1_20_F2","2M+ACN+H; 2M+H; M+; M+2H; M+3H; M+ACN+H; M+CH3OH+H; M+H; M+IsoProp+H; M+Na","[5327]; [5327]; [5293, 5295]; [5327]; [5327]; [5327]; [5356, 5366]; [5327]; [5293]; [5327]","false","filtered"
"386","1059","5296","340.0800","2.414","294.7","1","1_20_F2","2M+K; M+2K-H; M+H+Na; M+K","[5293, 5294, 5295]; [5293]; [5348]; [5293, 5294, 5295, 5327]","false","filtered"
"387","1070","5327","301.1164","2.443","230.5","1","1_20_F2","2M+ACN+Na; 2M+Na; M+; M+2Na; M+2Na-H; M+3Na; M+ACN+Na; M+CH3OH+H; M+IsoProp+H; M+IsoProp+Na+H; M+Na","[5328]; [5328]; [5293, 5294, 5295, 5296]; [5328]; [5328]; [5328]; [5328]; [5366]; [5295]; [5237]; [5328]","false","filtered"
"388","1063","5316","435.1847","2.425","153.7","1","1_20_F2","2M+Na; M+2ACN+H; M+CH3OH+H; M+DMSO+H; M+H+K; M+Na","[5312]; [5236]; [5224, 5369, 5377]; [5224, 5377]; [5208]; [5312]","false","filtered"
"375","1067","5372","195.0648","2.442","5,056.8","1","1_20_F1","M+IsoProp+H","[5276]","true","keep_rep"
"376","1051","5273","154.0505","2.404","456.0","1","1_20_F1","2M+ACN+H; 2M+H; M+2H; M+3H; M+ACN+H; M+H; M+Na","[5276]; [5276]; [5276]; [5276]; [5276]; [5276]; [5276]","false","filtered"
"377","1056","5276","176.0322","2.412","78.2","1","1_20_F1","2M+ACN+Na; 2M+Na; M+2Na; M+2Na-H; M+3Na; M+ACN+H; M+ACN+Na; M+H+K; M+Na","[5273]; [5273]; [5273]; [5273]; [5273]; [5372]; [5273]; [5240]; [5273]","false","filtered"
"351","619","3334","121.0856","1.391","27,713.3","1","1_1_F1","M+2ACN+2H; M+ACN+H; M+ACN+Na; M+H; M+IsoProp+H; M+NH4","[3259]; [3259]; [3259]; [3276]; [3259]; [3275]","true","keep_rep"
"352","596","3245","388.1243","1.360","9,196.8","1","1_1_F1","2M+NH4; M+NH4","[3248]; [3248]","false","filtered"
"353","610","3300","250.0389","1.380","7,290.9","1","1_1_F1","2M+ACN+H; 2M+ACN+Na; 2M+H; 2M+Na; M+2H; M+2Na; M+2Na-H; M+3H; M+3Na; M+ACN+H; M+ACN+Na; M+DMSO+H; M+H; M+K; M+Na","[3284]; [3285]; [3284, 3287]; [3285, 3302]; [3284]; [3285]; [3254, 3285]; [3284]; [3285]; [3284]; [3285]; [3283]; [3284, 3287]; [3287]; [3284, 3285, 3302]","false","filtered"
"354","613","3278","131.0507","1.381","4,229.7","1","1_1_F1","2M+3H2O+2H; M+; M+IsoProp+H","[3367]; [3219, 3225]; [3219]","false","filtered"
"355","612","3303","315.1054","1.380","2,992.4","1","1_1_F1","2M+H; 2M+NH4; 2M+Na; M+Na","[3291]; [3269]; [3396]; [3396]","false","filtered"
"356","598","3254","289.1263","1.370","2,546.9","1","1_1_F1","2M+Na; M+; M+IsoProp+H; M+IsoProp+Na+H; M+Na","[3250, 3377]; [3297]; [3285]; [3285, 3300]; [3250, 3377]","false","filtered"
"357","611","3302","266.0113","1.380","2,197.1","1","1_1_F1","2M+ACN+H; 2M+H; 2M+K; M+2H; M+2K-H; M+2Na-H; M+3H; M+ACN+H; M+H; M+K; M+Na","[3287]; [3287]; [3285, 3300]; [3287]; [3285]; [3250, 3377]; [3287]; [3287]; [3287]; [3284, 3285, 3300]; [3287]","false","filtered"
"358","604","3284","272.0207","1.378","2,013.6","1","1_1_F1","2M+ACN+Na; 2M+NH4; 2M+Na; M+2H; M+2K-H; M+2Na; M+2Na-H; M+3Na; M+ACN+Na; M+DMSO+H; M+H+Na; M+Na","[3300]; [3264]; [3287, 3300]; [3286]; [3296]; [3300]; [3285, 3300, 3302]; [3300]; [3300]; [3310]; [3286]; [3287, 3300]","false","filtered"
"359","597","3248","393.0796","1.362","1,813.6","1","1_1_F1","2M+Na; M+DMSO+H; M+IsoProp+Na+H; M+Na","[3245]; [3306]; [3225]; [3245]","false","filtered"
"360","614","3310","226.0242","1.383","1,639.3","1","1_1_F1","2M+ACN+Na; 2M+K; 2M+Na; M+2K-H; M+2Na; M+2Na-H; M+3Na; M+ACN+Na; M+CH3OH+H; M+IsoProp+Na+H; M+K; M+Na","[3283]; [3264, 3282]; [3283]; [3282]; [3283]; [3283]; [3283]; [3283]; [3284]; [3376]; [3264, 3275, 3282, 3306]; [3283]","false","filtered"
"361","606","3286","283.0141","1.378","1,605.2","1","1_1_F1","2M+ACN+H; 2M+H; M+2H; M+2Na; M+3H; M+ACN+H; M+H; M+H+Na; M+Na","[3288]; [3288]; [3288]; [3284]; [3288]; [3288]; [3288]; [3284]; [3288]","false","filtered"
"362","608","3288","304.9961","1.378","1,543.8","1","1_1_F1","2M+ACN+Na; 2M+Na; M+2Na; M+2Na-H; M+3Na; M+ACN+Na; M+Na","[3286]; [3286]; [3286]; [3286]; [3286]; [3286]; [3286]","false","filtered"
"363","617","3396","331.0793","1.385","1,344.8","1","1_1_F1","2M+K; 2M+NH4; 2M+Na; M+2Na; M+2Na-H; M+ACN+Na; M+K; M+Na","[3303]; [3325]; [3366]; [3366]; [3359, 3366, 3370]; [3366]; [3303]; [3366]","false","filtered"
"364","595","3219","154.0504","1.347","1,085.8","1","1_1_F1","2M+ACN+H; 2M+H; M+2H; M+3H; M+ACN+H; M+H; M+IsoProp+Na+H; M+Na","[3225]; [3225]; [3225]; [3225]; [3225]; [3225]; [3278]; [3225, 3278]","false","filtered"
"365","594","3225","176.0315","1.343","948.5","1","1_1_F1","2M+ACN+Na; 2M+NH4; 2M+Na; M+2Na; M+2Na-H; M+3H; M+3Na; M+ACN+2H; M+ACN+Na; M+Na","[3219]; [3259]; [3219]; [3219]; [3219, 3278]; [3269]; [3219]; [3248]; [3219]; [3219]","false","filtered"
"366","600","3259","102.0469","1.374","914.3","1","1_1_F1","2M+H; M+; M+2Na; M+2Na-H; M+3ACN+2H; M+ACN+H; M+H; M+NH4; M+Na","[3296]; [3275, 3276]; [3334]; [3334]; [3225]; [3334]; [3296]; [3264]; [3334]","false","filtered"
"367","607","3287","287.9935","1.378","833.4","1","1_1_F1","2M+ACN+Na; 2M+K; 2M+Na; M+2K-H; M+2Na; M+2Na-H; M+3Na; M+ACN+Na; M+K; M+Na","[3302]; [3284, 3300]; [3302]; [3300]; [3302]; [3302]; [3302]; [3302]; [3284, 3300]; [3302]","false","filtered"
"368","602","3291","342.1158","1.377","796.9","1","1_1_F1","2M+3H2O+2H; 2M+NH4; M+NH4","[3303]; [3269]; [3269]","false","filtered"
"369","603","3283","204.0425","1.378","571.2","1","1_1_F1","2M+ACN+H; 2M+H; 2M+K; M+; M+2H; M+2H+Na; M+2K-H; M+3H; M+ACN+H; M+CH3OH+H; M+H; M+K; M+Na","[3310]; [3310]; [3282, 3297]; [3359]; [3310]; [3360]; [3297]; [3310]; [3310]; [3300]; [3310]; [3264, 3282, 3297]; [3310]","false","filtered"
"370","601","3269","325.0899","1.376","519.4","1","1_1_F1","2M+3H2O+2H; 2M+H; 2M+Na; M+3ACN+2H; M+H; M+Na","[3303]; [3291]; [3325]; [3225]; [3291]; [3325]","false","filtered"
"371","605","3285","228.0614","1.378","507.9","1","1_1_F1","2M+ACN+H; 2M+H; 2M+NH4; M+; M+2H; M+3H; M+ACN+H; M+H; M+K; M+Na","[3300]; [3300, 3302]; [3282]; [3254]; [3300]; [3300]; [3300]; [3284, 3300, 3302]; [3302]; [3254, 3300]","false","filtered"
"372","599","3250","305.1002","1.370","337.5","1","1_1_F1","2M+3H2O+2H; 2M+ACN+H; 2M+ACN+Na; 2M+H; 2M+K; 2M+NH4; 2M+Na; M+; M+2ACN+2H; M+2ACN+H; M+2H; M+2H+Na; M+2K-H; M+2Na; M+2Na-H; M+3ACN+2H; M+3H; M+3Na; M+ACN+2H; M+ACN+H; M+ACN+Na; M+CH3OH+H; M+DMSO+H; M+H; M+H+2Na; M+H+K; M+H+NH4; M+H+Na; M+IsoProp+H; M+IsoProp+Na+H; M+K; M+NH4; M+Na","[3377]; [3377]; [3377]; [3377]; [3254, 3377]; [3377]; [3377]; [3377]; [3377]; [3377]; [3377]; [3377]; [3377]; [3377]; [3377]; [3377]; [3377]; [3377]; [3377]; [3377]; [3377]; [3377]; [3377]; [3377]; [3377]; [3377]; [3377]; [3377]; [3377]; [3302, 3377]; [3254, 3377]; [3377]; [3377]","false","filtered"
"373","609","3306","397.1112","1.378","208.0","1","1_1_F1","2M+Na; M+2ACN+H; M+2Na-H; M+ACN+Na; M+H; M+Na","[3264, 3282, 3310]; [3248]; [3282]; [3282]; [3264]; [3264, 3282]","false","filtered"
"374","618","3325","341.0638","1.391","122.3","1","1_1_F1","2M+3H2O+2H; 2M+K; M+K","[3396]; [3269]; [3269]","false","filtered"
"345","1031","5162","757.2207","2.344","23,346.2","1","1_19_F5","2M+ACN+H; 2M+H; M+2H; M+3H; M+ACN+H; M+H; M+IsoProp+H; M+K; M+Na","[5163]; [5147, 5163]; [5163]; [5163]; [5163]; [5147, 5163, 5172]; [5054]; [5147]; [5163]","true","keep_rep"
"346","1032","5163","779.2024","2.344","4,972.4","1","1_19_F5","2M+ACN+H; 2M+ACN+Na; 2M+H; 2M+Na; M+2H; M+2Na; M+2Na-H; M+3H; M+3Na; M+ACN+H; M+ACN+Na; M+H; M+Na","[5172]; [5162]; [5172]; [5147, 5162]; [5172]; [5162]; [5162]; [5172]; [5162]; [5172]; [5162]; [5172]; [5147, 5162, 5172]","false","filtered"
"347","1028","5147","795.1771","2.342","476.4","1","1_19_F5","2M+K; M+2K-H; M+CH3OH+H; M+K","[5162, 5163]; [5162]; [5169]; [5162, 5163, 5172]","false","filtered"
"348","1034","5169","841.1723","2.347","315.4","1","1_19_F5","2M+ACN+H; 2M+H; M+2H; M+3H; M+ACN+H; M+DMSO+H; M+H; M+IsoProp+H; M+Na","[5170]; [5170]; [5170]; [5170]; [5170]; [5147]; [5170]; [5170]; [5170]","false","filtered"
"349","1035","5172","801.1868","2.348","296.6","1","1_19_F5","2M+ACN+Na; 2M+Na; M+2Na; M+2Na-H; M+3Na; M+ACN+Na; M+Na","[5163]; [5163]; [5163]; [5147, 5162, 5163]; [5163]; [5163]; [5163]","false","filtered"
"350","1040","5170","863.1577","2.365","89.4","1","1_19_F5","2M+ACN+Na; 2M+Na; M+2ACN+H; M+2Na; M+2Na-H; M+3Na; M+ACN+Na; M+Na","[5169]; [5169]; [5169]; [5169]; [5169]; [5169]; [5169]; [5169]","false","filtered"
"343","1036","5171","611.1628","2.349","930.3","1","1_19_F4","2M+ACN+H; 2M+H; M+2H; M+3H; M+ACN+H; M+H; M+Na","[5178]; [5022, 5178]; [5178]; [5178]; [5178]; [5178]; [5178]","true","keep_rep"
"344","1037","5178","633.1451","2.351","333.1","1","1_19_F4","2M+ACN+Na; 2M+Na; M+2Na; M+2Na-H; M+3Na; M+ACN+Na; M+Na","[5171]; [5171]; [5171]; [5171]; [5171]; [5171]; [5171]","false","filtered"
"341","1029","5159","562.2724","2.344","2,485.2","1","1_19_F3","2M+NH4; M+NH4","[5213]; [5213]","true","keep_rep"
"342","1041","5213","567.2277","2.365","336.5","1","1_19_F3","2M+ACN+Na; 2M+Na; M+ACN+Na; M+Na","[5274]; [5159, 5263]; [5274]; [5159, 5263]","false","filtered"
"339","1042","5207","422.2392","2.376","732.4","1","1_19_F2","2M+NH4; M+H+Na; M+NH4","[5208]; [5312]; [5208]","true","keep_rep"
"340","1043","5208","427.1956","2.377","509.5","1","1_19_F2","2M+NH4; 2M+Na; M+CH3OH+H; M+H+Na; M+NH4; M+Na","[5117]; [5207]; [5118]; [5316]; [5117]; [5207]","false","filtered"
"334","1046","5228","374.1453","2.389","4,686.1","1","1_19_F1","2M+ACN+H; 2M+NH4; M+NH4","[5321]; [5145, 5156, 5167]; [5145, 5156, 5167]","true","keep_rep"
"335","1030","5156","379.1005","2.344","2,316.6","1","1_19_F1","2M+3H2O+2H; 2M+ACN+Na; 2M+Na; M+2ACN+2H; M+2Na; M+2Na-H; M+3Na; M+ACN+Na; M+H+NH4; M+Na","[5042]; [5167]; [5145, 5167, 5228]; [5219]; [5167]; [5167]; [5167]; [5167]; [5052]; [5145, 5167, 5228]","false","filtered"
"336","1027","5145","395.0746","2.342","696.3","1","1_19_F1","2M+ACN+Na; 2M+K; M+; M+2K-H; M+ACN+Na; M+DMSO+H; M+H+NH4; M+K; M+Na","[5054]; [5156, 5167, 5228]; [5126]; [5167]; [5054]; [5054]; [5053]; [5156, 5167, 5228]; [5126]","false","filtered"
"337","1033","5167","357.1179","2.346","483.1","1","1_19_F1","2M+ACN+H; 2M+H; M+2ACN+2H; M+2ACN+H; M+2H; M+3H; M+ACN+H; M+H; M+H+NH4; M+K; M+Na","[5156]; [5145, 5156, 5228]; [5219]; [5020]; [5156]; [5156]; [5156]; [5145, 5156, 5228]; [5042, 5136]; [5145]; [5156]","false","filtered"
"338","1044","5219","233.0426","2.379","210.8","1","1_19_F1","M+2H+Na; M+3Na; M+H+K","[5156]; [5167]; [5137, 5280]","false","filtered"
"332","1000","5030","497.1637","2.302","2,500.2","1","1_18_F2","2M+Na; M+2H; M+2Na; M+Na","[5043]; [5144]; [5144]; [5043]","true","keep_rep"
"333","1003","5043","513.1376","2.306","373.4","1","1_18_F2","2M+K; M+K","[5030]; [5030]","false","filtered"
"301","1002","5042","369.1185","2.306","26,437.2","1","1_18_F1","2M+3H2O+2H; 2M+ACN+H; 2M+H; 2M+NH4; 2M+Na; M+2H; M+2Na; M+2Na-H; M+3H; M+ACN+2H; M+ACN+H; M+ACN+Na; M+CH3OH+H; M+DMSO+H; M+H; M+K; M+Na","[5014]; [5052]; [5052, 5053, 5136]; [5156]; [5027, 5135, 5136]; [5052, 5136]; [5135]; [5135]; [5052]; [5136, 5167]; [5052, 5136]; [5135]; [5087]; [5064]; [5052, 5053, 5078, 5136]; [5053]; [5052, 5135, 5136, 5218]","true","keep_rep"
"302","998","5021","367.1507","2.300","18,984.3","1","1_18_F1","2M+ACN+H; 2M+H; 2M+Na; M+2H; M+3H; M+ACN+H; M+CH3OH+H; M+H; M+K; M+Na","[5022]; [5014, 5022]; [4922]; [5022]; [5022]; [4922, 5022]; [5020]; [5014, 5015, 5022]; [5014]; [5022]","false","filtered"
"303","1006","5054","349.0899","2.308","9,192.3","1","1_18_F1","2M+3H2O+2H; 2M+NH4; 2M+Na; M+2H; M+CH3OH+H; M+DMSO+H; M+NH4; M+Na","[5144]; [5145]; [5055]; [5162]; [5145]; [5066]; [5145]; [5055]","false","filtered"
"304","1004","5052","391.1004","2.308","8,875.1","1","1_18_F1","2M+3H2O+2H; 2M+ACN+H; 2M+ACN+Na; 2M+H; 2M+Na; M+2H; M+2Na; M+2Na-H; M+3H; M+3Na; M+ACN+2H; M+ACN+H; M+ACN+Na; M+H; M+IsoProp+Na+H; M+Na","[5014]; [5078]; [5042]; [5034, 5078]; [5042, 5053, 5136]; [5078]; [5042, 5136]; [5042, 5135, 5136, 5218]; [5078]; [5042]; [5156]; [5078]; [5042, 5136]; [5078]; [4821]; [5042, 5053, 5078, 5136]","false","filtered"
"305","997","5020","335.1242","2.300","5,538.3","1","1_18_F1","2M+Na; M+2ACN+2H; M+3ACN+2H; M+ACN+H; M+CH3OH+H; M+H; M+IsoProp+H","[4924]; [4972]; [4972]; [4972]; [4821]; [5021]; [5167]","false","filtered"
"306","1007","5055","365.0641","2.308","3,311.7","1","1_18_F1","2M+K; M+K","[5054]; [5054]","false","filtered"
"307","999","5022","389.1325","2.300","2,401.9","1","1_18_F1","2M+ACN+H; 2M+ACN+Na; 2M+H; 2M+Na; M+2ACN+H; M+2H; M+2Na; M+2Na-H; M+3H; M+3Na; M+ACN+H; M+ACN+Na; M+H; M+IsoProp+Na+H; M+Na","[5015]; [5021]; [5015]; [5014, 5021]; [5144]; [5015]; [5021]; [5021]; [5015]; [5021]; [5015, 5137]; [4922, 5021]; [5015]; [5171]; [5014, 5015, 5021]","false","filtered"
"308","1015","5078","413.0826","2.312","1,699.8","1","1_18_F1","2M+ACN+Na; 2M+Na; M+2Na; M+2Na-H; M+3Na; M+ACN+Na; M+Na","[5052]; [5034, 5052]; [5052]; [5042, 5052, 5053, 5136]; [5052]; [5052]; [5052]","false","filtered"
"309","1010","5059","597.1829","2.308","1,164.2","1","1_18_F1","2M+3H2O+2H; 2M+ACN+H; 2M+H; M+2H; M+3H; M+ACN+H; M+DMSO+H; M+H; M+Na","[4972]; [5064]; [5064]; [5064]; [5064]; [5064]; [5066, 5068]; [5064]; [5064]","false","filtered"
"310","996","5027","234.1344","2.299","1,117.2","1","1_18_F1","2M+ACN+H; 2M+H; M+2H; M+3H; M+ACN+H; M+H; M+IsoProp+H; M+K; M+Na","[5034]; [5018, 5034]; [5034]; [5034]; [5034]; [5018, 5034]; [5042]; [5018]; [5034]","false","filtered"
"311","1019","5117","451.1931","2.328","1,095.2","1","1_18_F1","2M+ACN+H; 2M+NH4; M+ACN+H; M+DMSO+H; M+IsoProp+H; M+NH4","[5208]; [5123, 5126]; [5208]; [5118]; [5100]; [5123, 5126]","false","filtered"
"312","1012","5034","256.1167","2.308","1,003.4","1","1_18_F1","2M+ACN+Na; 2M+Na; M+2Na; M+2Na-H; M+3ACN+2H; M+3Na; M+ACN+Na; M+IsoProp+H; M+Na","[5027]; [5018, 5027]; [5027]; [5027]; [5114]; [5027]; [5027]; [5052, 5078]; [5018, 5027]","false","filtered"
"313","1020","5118","455.2254","2.328","998.3","1","1_18_F1","2M+Na; M+2ACN+H; M+3H; M+IsoProp+H; M+IsoProp+Na+H; M+Na","[5114]; [5117]; [5046]; [5208]; [5136]; [5114]","false","filtered"
"314","1005","5053","407.0746","2.308","935.4","1","1_18_F1","2M+K; 2M+Na; M+2K-H; M+2Na; M+2Na-H; M+ACN+2H; M+ACN+Na; M+DMSO+H; M+K; M+Na","[5042, 5052, 5136]; [5137, 5218]; [5042]; [5137]; [5137, 5218]; [5145]; [5137, 5218]; [5015]; [5042, 5052, 5078, 5136]; [5137, 5218]","false","filtered"
"315","1008","5056","375.1653","2.308","895.6","1","1_18_F1","2M+ACN+H; 2M+H; M+2H; M+3H; M+ACN+H; M+CH3OH+H; M+H; M+K; M+Na","[5087]; [5087, 5100]; [5087]; [5087]; [5087]; [4968]; [5087, 5100]; [5100]; [5087]","false","filtered"
"316","1014","5068","536.1986","2.310","802.7","1","1_18_F1","2M+NH4; M+NH4","[5066]; [5059, 5066]","false","filtered"
"317","1023","5135","388.1612","2.338","659.8","1","1_18_F1","2M+ACN+H; 2M+H; M+2ACN+2H; M+2ACN+H; M+2H; M+3H; M+ACN+H; M+ACN+Na; M+H; M+K; M+Na","[5042, 5136]; [5136, 5137]; [5042]; [5042]; [5136]; [5136]; [5042, 5052, 5136, 5218]; [5042]; [5114, 5136, 5137, 5224]; [5137]; [5136]","false","filtered"
"318","1021","5126","456.1481","2.332","578.5","1","1_18_F1","2M+Na; M+2ACN+2H; M+IsoProp+H; M+IsoProp+Na+H; M+Na","[5117, 5123]; [5137]; [5100, 5145]; [5145]; [5117, 5123]","false","filtered"
"319","1024","5136","410.1427","2.338","517.2","1","1_18_F1","2M+3H2O+2H; 2M+ACN+H; 2M+ACN+Na; 2M+Na; M+; M+2ACN+2H; M+2ACN+H; M+2Na; M+2Na-H; M+3ACN+2H; M+3Na; M+ACN+H; M+ACN+Na; M+IsoProp+Na+H; M+K; M+Na","[5014]; [5042, 5052, 5053]; [5042, 5135]; [5135, 5137]; [5114]; [5042, 5052]; [5042, 5052]; [5135]; [5135]; [5042, 5167]; [5135]; [5042, 5052, 5053, 5078]; [5042, 5052, 5135, 5218]; [5014]; [5118]; [5114, 5135, 5137, 5224]","false","filtered"
"320","1025","5137","426.1167","2.338","415.6","1","1_18_F1","2M+ACN+H; 2M+K; M+; M+2ACN+2H; M+2ACN+H; M+2K-H; M+ACN+H; M+ACN+Na; M+CH3OH+H; M+DMSO+H; M+H+Na; M+K","[5053, 5218]; [5135, 5136]; [5219]; [5053]; [5053, 5218]; [5135]; [5053, 5218]; [5053, 5218]; [5015]; [5015, 5022]; [5126]; [5114, 5135, 5136, 5224]","false","filtered"
"321","1017","5087","397.1475","2.314","368.8","1","1_18_F1","2M+ACN+Na; 2M+Na; M+2Na; M+2Na-H; M+3Na; M+ACN+Na; M+IsoProp+H; M+Na","[5056]; [5056, 5100]; [5056]; [5056]; [5056]; [5056]; [5042]; [5056, 5100]","false","filtered"
"322","1018","5114","471.1994","2.326","333.3","1","1_18_F1","2M+K; M+IsoProp+H; M+IsoProp+Na+H; M+K","[5118]; [5136]; [5034, 5135, 5136, 5137]; [5118]","false","filtered"
"323","995","5018","272.0898","2.297","257.8","1","1_18_F1","2M+K; M+2K-H; M+K","[5027, 5034]; [5027]; [5027, 5034]","false","filtered"
"324","1011","5046","704.3145","2.308","221.8","1","1_18_F1","2M+NH4; M+2Na; M+NH4","[5031]; [5118]; [5031]","false","filtered"
"325","993","5014","405.1057","2.293","199.7","1","1_18_F1","2M+ACN+H; 2M+ACN+Na; 2M+K; 2M+Na; M+2K-H; M+DMSO+H; M+K","[5052]; [5042]; [5021, 5022]; [5136]; [5021]; [5136]; [5015, 5021, 5022]","false","filtered"
"326","1001","5031","709.2695","2.302","189.7","1","1_18_F1","2M+Na; M+ACN+2H; M+Na","[5046]; [4943]; [5046]","false","filtered"
"327","1009","5066","541.1538","2.308","184.7","1","1_18_F1","2M+H; 2M+Na; M+H; M+Na","[5054]; [5068]; [5064]; [5059, 5068]","false","filtered"
"328","1016","5064","619.1654","2.312","176.5","1","1_18_F1","2M+ACN+Na; 2M+K; 2M+Na; M+2Na; M+2Na-H; M+3Na; M+ACN+Na; M+DMSO+H; M+Na","[5059]; [5042]; [5059]; [5059]; [5059]; [5059]; [5059]; [5066]; [5059]","false","filtered"
"329","994","5015","411.1157","2.295","167.3","1","1_18_F1","2M+ACN+Na; 2M+Na; M+2ACN+H; M+2Na; M+2Na-H; M+3Na; M+ACN+H; M+ACN+Na; M+NH4; M+Na","[5022]; [5022]; [5053]; [5022]; [5014, 5021, 5022]; [5022]; [4887]; [5022, 5137]; [5137]; [5022]","false","filtered"
"330","1022","5123","472.1226","2.332","156.8","1","1_18_F1","2M+K; M+K","[5117, 5126]; [5117, 5126]","false","filtered"
"331","1013","5100","413.1199","2.310","71.1","1","1_18_F1","2M+K; M+2K-H; M+K; M+NH4; M+Na","[5056, 5087]; [5056]; [5056, 5087]; [5126]; [5117]","false","filtered"
"298","990","4971","582.2409","2.267","6,610.3","1","1_17_F3","2M+NH4; M+NH4","[4769, 4972]; [4769, 4972]","true","keep_rep"
"299","991","4972","587.1961","2.267","741.3","1","1_17_F3","2M+3H2O+2H; 2M+ACN+H; 2M+ACN+Na; 2M+H; 2M+K; 2M+NH4; 2M+Na; M+; M+2ACN+2H; M+2ACN+H; M+2H; M+2H+Na; M+2K-H; M+2Na; M+2Na-H; M+3ACN+2H; M+3H; M+3Na; M+ACN+2H; M+ACN+H; M+ACN+Na; M+CH3OH+H; M+DMSO+H; M+H; M+H+2Na; M+H+K; M+H+NH4; M+H+Na; M+IsoProp+H; M+IsoProp+Na+H; M+K; M+NH4; M+Na","[4769]; [4769]; [4769]; [4769, 5020]; [4769]; [4769, 5059]; [4769, 4971]; [4769]; [4769]; [4769]; [4769]; [4769]; [4769]; [4769]; [4769]; [4769]; [4769]; [4769]; [4769]; [4769, 5020]; [4769]; [4769]; [4769]; [4769, 5020]; [4769]; [4769]; [4769]; [4769]; [4769]; [4769]; [4769]; [4769]; [4769, 4971]","false","filtered"
"300","951","4769","587.1964","2.225","554.9","1","1_17_F3","2M+3H2O+2H; 2M+ACN+H; 2M+ACN+Na; 2M+H; 2M+K; 2M+NH4; 2M+Na; M+; M+2ACN+2H; M+2ACN+H; M+2H; M+2H+Na; M+2K-H; M+2Na; M+2Na-H; M+3ACN+2H; M+3H; M+3Na; M+ACN+2H; M+ACN+H; M+ACN+Na; M+CH3OH+H; M+DMSO+H; M+H; M+H+2Na; M+H+K; M+H+NH4; M+H+Na; M+IsoProp+H; M+IsoProp+Na+H; M+K; M+NH4; M+Na","[4972]; [4972]; [4972]; [4972]; [4972]; [4972]; [4971, 4972]; [4972]; [4972]; [4972]; [4972]; [4972]; [4972]; [4972]; [4972]; [4972]; [4972]; [4972]; [4972]; [4972]; [4972]; [4972]; [4972]; [4972]; [4972]; [4972]; [4972]; [4972]; [4972]; [4972]; [4972]; [4972]; [4971, 4972]","false","filtered"
"294","955","4823","454.0197","2.233","752.1","1","1_17_F2","2M+ACN+H; 2M+H; M+2H; M+2K-H; M+3H; M+ACN+H; M+H; M+Na","[4861]; [4861]; [4861]; [4763]; [4861]; [4861]; [4861]; [4861]","true","keep_rep"
"295","956","4861","476.0018","2.233","240.9","1","1_17_F2","2M+ACN+H; 2M+ACN+Na; 2M+Na; M+2Na; M+2Na-H; M+3Na; M+ACN+H; M+ACN+Na; M+Na","[4818]; [4823]; [4823]; [4823]; [4823]; [4823]; [4818]; [4823]; [4823]","false","filtered"
"296","959","4818","452.0039","2.237","185.0","1","1_17_F2","2M+ACN+H; 2M+H; 2M+NH4; M+2H; M+3H; M+ACN+H; M+H; M+NH4; M+Na","[4872]; [4872]; [4861]; [4872]; [4872]; [4872]; [4872]; [4861]; [4872]","false","filtered"
"297","957","4872","473.9864","2.235","82.7","1","1_17_F2","2M+ACN+Na; 2M+Na; M+2Na; M+2Na-H; M+3Na; M+ACN+Na; M+Na","[4818]; [4818]; [4818]; [4818]; [4818]; [4818]; [4818]","false","filtered"
"256","960","4848","344.1345","2.237","67,810.4","1","1_17_F1","2M+3H2O+2H; 2M+NH4; M+ACN+H; M+IsoProp+Na+H; M+NH4","[4877]; [4850, 4851]; [4813]; [4877, 4922]; [4850, 4851, 4853]","true","keep_rep"
"257","980","4912","217.0975","2.253","53,132.4","1","1_17_F1","M+; M+2ACN+H; M+ACN+2H; M+H","[4921]; [4843]; [4879, 4904]; [4939]","false","filtered"
"258","986","4821","163.0395","2.259","29,549.1","1","1_17_F1","2M+3H2O+2H; M+H+K; M+H+NH4; M+H+Na","[5040]; [4882]; [5052]; [5020]","false","filtered"
"259","985","4943","474.2606","2.257","26,169.9","1","1_17_F1","M+DMSO+H; M+H+2Na","[4663]; [5031]","false","filtered"
"260","968","4910","144.0813","2.240","23,360.8","1","1_17_F1","2M+H; M+2ACN+2H; M+3ACN+2H; M+ACN+H; M+CH3OH+H","[4921]; [4904]; [4904]; [4904]; [4939]","false","filtered"
"261","981","4921","171.0920","2.255","16,861.1","1","1_17_F1","2M+3H2O+2H; M+3ACN+2H","[4910]; [4912]","false","filtered"
"262","961","4850","349.0898","2.237","12,454.4","1","1_17_F1","2M+3H2O+2H; 2M+ACN+H; 2M+H; 2M+NH4; 2M+Na; M+2H; M+3H; M+ACN+H; M+CH3OH+H; M+H; M+NH4; M+Na","[4877]; [4853]; [4853]; [4880]; [4848, 4851]; [4853, 4957]; [4853]; [4853]; [4880]; [4786, 4813, 4853]; [4880]; [4848, 4851, 4853]","false","filtered"
"263","962","4851","365.0642","2.237","4,793.3","1","1_17_F1","2M+K; M+H; M+K","[4848, 4850]; [4814]; [4848, 4850, 4853]","false","filtered"
"264","971","4877","339.1078","2.243","4,425.9","1","1_17_F1","2M+NH4; 2M+Na; M+2Na-H; M+DMSO+H; M+Na","[4850]; [4848]; [4666, 4924]; [4848, 4922]; [4763]","false","filtered"
"265","948","4792","406.1715","2.221","4,162.8","1","1_17_F1","2M+ACN+Na; 2M+NH4; M+ACN+Na; M+CH3OH+H; M+DMSO+H; M+NH4","[4813]; [4786, 4795]; [4813]; [4663]; [4710]; [4786, 4795]","false","filtered"
"266","979","4957","757.2212","2.252","3,095.3","1","1_17_F1","2M+ACN+H; 2M+H; M+2H; M+3H; M+ACN+H; M+H; M+IsoProp+H; M+Na","[4964]; [4964]; [4964]; [4964]; [4964]; [4964]; [4850]; [4964]","false","filtered"
"267","972","4878","386.1086","2.243","2,859.7","1","1_17_F1","2M+3H2O+2H; 2M+NH4; 2M+Na; M+2H; M+DMSO+H; M+H+Na; M+NH4","[4746]; [4874, 4887]; [4879]; [4814]; [4879]; [4814]; [4874, 4887]","false","filtered"
"268","953","4813","381.1161","2.229","2,168.1","1","1_17_F1","2M+3H2O+2H; 2M+K; 2M+NH4; 2M+Na; M+2ACN+2H; M+CH3OH+H; M+DMSO+H; M+IsoProp+H; M+K; M+NH4; M+Na","[4763]; [4792]; [4786]; [4814]; [4865]; [4786, 4850, 4853]; [4848]; [4866]; [4792]; [4786]; [4814]","false","filtered"
"269","974","4882","369.1667","2.245","2,045.0","1","1_17_F1","2M+ACN+H; 2M+H; M+2ACN+H; M+2H; M+3H; M+ACN+H; M+ACN+Na; M+H; M+NH4; M+Na","[4879]; [4879]; [4821]; [4879]; [4879]; [4879]; [4566]; [4879]; [4663]; [4879]","false","filtered"
"270","952","4938","188.0711","2.228","1,658.8","1","1_17_F1","2M+ACN+H; 2M+ACN+Na; 2M+H; M+2ACN+2H; M+2ACN+H; M+3ACN+2H; M+ACN+H; M+ACN+Na; M+H; M+H+K","[4691]; [4691]; [4904]; [4691]; [4691]; [4691, 4843]; [4691]; [4691]; [4904]; [4843]","false","filtered"
"271","978","4843","135.0444","2.252","1,636.5","1","1_17_F1","M+3Na; M+H; M+H+NH4","[4938]; [4912]; [4938]","false","filtered"
"272","970","4904","205.0978","2.243","1,456.7","1","1_17_F1","2M+H; 2M+NH4; M+ACN+H; M+H; M+H+NH4; M+NH4","[4910]; [4938]; [4910]; [4910]; [4879, 4912]; [4938]","false","filtered"
"273","950","4795","411.1275","2.223","1,199.4","1","1_17_F1","2M+Na; M+CH3OH+H; M+DMSO+H; M+IsoProp+H; M+K; M+Na","[4786, 4792]; [4868, 4884]; [4719, 4721, 4853]; [4865]; [4691]; [4786, 4792]","false","filtered"
"274","966","4866","353.0869","2.239","1,156.1","1","1_17_F1","2M+ACN+H; 2M+H; M+2H; M+3H; M+ACN+H; M+CH3OH+H; M+H; M+K; M+Na","[4854]; [4750, 4854]; [4854]; [4854]; [4854]; [4813]; [4746, 4750, 4854]; [4750]; [4854]","false","filtered"
"275","987","4955","425.1789","2.261","1,028.0","1","1_17_F1","2M+ACN+Na; 2M+Na; M+2Na; M+2Na-H; M+3Na; M+ACN+Na; M+Na","[4968]; [4968]; [4968]; [4968]; [4968]; [4968]; [4968]","false","filtered"
"276","958","4746","397.0513","2.235","879.2","1","1_17_F1","2M+ACN+Na; 2M+K; 2M+Na; M+2K-H; M+2Na; M+2Na-H; M+3Na; M+ACN+Na; M+DMSO+H; M+K; M+Na","[4854, 4865]; [4740, 4878]; [4854]; [4968]; [4854]; [4750, 4854, 4866]; [4854]; [4854, 4865]; [4865, 4884]; [4740]; [4854]","false","filtered"
"277","964","4854","375.0691","2.237","813.3","1","1_17_F1","2M+ACN+H; 2M+ACN+Na; 2M+H; 2M+Na; M+2H; M+2Na; M+2Na-H; M+3H; M+3Na; M+ACN+H; M+ACN+Na; M+DMSO+H; M+H; M+Na","[4746, 4865]; [4866]; [4746]; [4750, 4866]; [4746]; [4866]; [4866]; [4746]; [4866]; [4746, 4865]; [4866]; [4884]; [4746]; [4746, 4750, 4866]","false","filtered"
"278","982","4922","172.0760","2.255","788.8","1","1_17_F1","2M+H; M+; M+2ACN+2H; M+2H; M+H; M+H+NH4; M+IsoProp+Na+H","[4924]; [5021]; [4848, 4877]; [4968]; [4924]; [5021, 5022]; [5040]","false","filtered"
"279","954","4814","397.0905","2.229","731.8","1","1_17_F1","2M+3H2O+2H; 2M+K; M+; M+2Na; M+CH3OH+H; M+H+NH4; M+H+Na; M+K","[4757]; [4813]; [4615]; [4878]; [4851]; [4615]; [4878]; [4813]","false","filtered"
"280","963","4853","371.0722","2.237","717.4","1","1_17_F1","2M+ACN+Na; 2M+NH4; 2M+Na; M+2Na; M+2Na-H; M+3Na; M+ACN+Na; M+K; M+NH4; M+Na","[4850]; [4880]; [4850]; [4850]; [4848, 4850, 4851]; [4850]; [4850]; [4795]; [4880]; [4786, 4813, 4850]","false","filtered"
"281","976","4884","379.1011","2.247","707.1","1","1_17_F1","2M+Na; M+2ACN+H; M+H; M+IsoProp+H; M+Na","[4880]; [4854]; [4795, 4868]; [4746, 4865]; [4880]","false","filtered"
"282","984","4939","261.0614","2.257","702.9","1","1_17_F1","2M+K; M+2Na-H","[4910]; [4912]","false","filtered"
"283","947","4786","427.1012","2.219","672.1","1","1_17_F1","2M+ACN+Na; 2M+K; M+ACN+Na; M+CH3OH+H; M+DMSO+H; M+K","[4813]; [4792, 4795]; [4813]; [4880]; [4711, 4813, 4850, 4853]; [4792, 4795]","false","filtered"
"284","988","4964","779.2020","2.264","637.5","1","1_17_F1","2M+ACN+Na; 2M+Na; M+2Na; M+2Na-H; M+3Na; M+ACN+Na; M+Na","[4957]; [4957]; [4957]; [4957]; [4957]; [4957]; [4957]","false","filtered"
"285","967","4868","439.1584","2.239","572.6","1","1_17_F1","2M+Na; M+IsoProp+H; M+Na","[4663]; [4795, 4884]; [4663]","false","filtered"
"286","965","4865","351.0715","2.239","566.3","1","1_17_F1","2M+NH4; M+CH3OH+H; M+H; M+H+Na; M+NH4","[4746, 4854]; [4746, 4884]; [4795]; [4813]; [4746, 4854]","false","filtered"
"287","969","4874","391.0643","2.241","497.1","1","1_17_F1","2M+ACN+Na; 2M+K; 2M+Na; M+2K-H; M+2Na; M+2Na-H; M+3Na; M+ACN+Na; M+K; M+Na","[4887]; [5040]; [4878, 4887]; [5040]; [4887]; [4887]; [4887]; [4757, 4887]; [5040]; [4878, 4887]","false","filtered"
"288","989","4968","403.1967","2.267","421.5","1","1_17_F1","2M+ACN+H; 2M+H; M+2ACN+H; M+2H; M+3H; M+ACN+H; M+H; M+IsoProp+H; M+Na","[4955]; [4955]; [4746]; [4955]; [4955]; [4955]; [4955]; [4922, 5056]; [4955]","false","filtered"
"289","973","4880","395.0747","2.243","372.1","1","1_17_F1","2M+ACN+H; 2M+ACN+Na; 2M+K; M+ACN+H; M+ACN+Na; M+DMSO+H; M+H; M+K","[4853]; [4850]; [4884]; [4853]; [4850]; [4850]; [4786]; [4884]","false","filtered"
"290","977","4887","369.0816","2.249","344.6","1","1_17_F1","2M+ACN+H; 2M+H; M+; M+2H; M+3H; M+ACN+H; M+H; M+K; M+Na","[4874]; [4874, 4878]; [5015]; [4874]; [4874]; [4874]; [4874, 4878]; [5040]; [4874]","false","filtered"
"291","983","4924","189.1027","2.255","290.6","1","1_17_F1","2M+NH4; M+2ACN+2H; M+CH3OH+H; M+NH4","[4922]; [4877]; [5020]; [4922]","false","filtered"
"292","949","4663","434.2028","2.222","181.2","1","1_17_F1","2M+NH4; M+2ACN+H; M+IsoProp+H; M+K; M+NH4","[4868]; [4882]; [4792]; [4943]; [4868]","false","filtered"
"293","975","4879","391.1481","2.245","178.7","1","1_17_F1","2M+3H2O+2H; 2M+ACN+Na; 2M+Na; M+; M+2Na; M+2Na-H; M+3Na; M+ACN+Na; M+IsoProp+Na+H; M+Na","[4878]; [4882]; [4882]; [4904, 4912]; [4882]; [4882]; [4882]; [4882]; [4878]; [4882]","false","filtered"
"220","914","4645","773.2153","2.168","145,163.7","1","1_16_F1","2M+ACN+H; 2M+H; M+2H; M+3H; M+ACN+H; M+ACN+Na; M+H; M+IsoProp+Na+H; M+K; M+Na","[4648]; [4648, 4650]; [4648]; [4648]; [4648]; [4647]; [4615, 4648, 4650]; [4608]; [4650]; [4648]","true","keep_rep"
"221","935","4719","355.1027","2.177","38,337.8","1","1_16_F1","2M+ACN+H; 2M+H; 2M+NH4; 2M+Na; M+2H; M+3H; M+ACN+H; M+ACN+Na; M+DMSO+H; M+H; M+H+NH4; M+K; M+Na","[4721]; [4710, 4711, 4721]; [4709]; [4727]; [4721]; [4721]; [4721]; [4612]; [4727]; [4578, 4710, 4711, 4721]; [4605]; [4711]; [4721, 4795]","false","filtered"
"222","916","4648","795.1970","2.168","25,048.0","1","1_16_F1","2M+ACN+H; 2M+ACN+Na; 2M+H; 2M+Na; M+2H; M+2Na; M+2Na-H; M+3H; M+3Na; M+ACN+H; M+ACN+Na; M+DMSO+H; M+H; M+Na","[4615, 4653]; [4645]; [4615]; [4645, 4650]; [4615]; [4645]; [4645]; [4615]; [4645]; [4615, 4653]; [4645]; [4740]; [4615]; [4615, 4645, 4650]","false","filtered"
"223","938","4726","163.0395","2.186","16,358.5","1","1_16_F1","M+2H; M+3Na; M+ACN+2H; M+K","[4608]; [4671]; [4605]; [4666]","false","filtered"
"224","936","4721","377.0848","2.177","11,468.0","1","1_16_F1","2M+3H2O+2H; 2M+ACN+H; 2M+ACN+Na; 2M+Na; M+2Na; M+2Na-H; M+3Na; M+ACN+2H; M+ACN+H; M+ACN+Na; M+K; M+Na","[4605]; [4583]; [4719]; [4710, 4711, 4719]; [4719]; [4719, 4795]; [4719]; [4709]; [4583]; [4719]; [4585]; [4578, 4710, 4711, 4719]","false","filtered"
"225","940","4691","147.0442","2.190","7,166.3","1","1_16_F1","2M+H; 2M+Na; M+2H; M+2H+Na; M+3Na; M+ACN+2H; M+ACN+H; M+H; M+H+K; M+H+NH4; M+Na","[4938]; [4938]; [4938]; [4585]; [4585, 4795]; [4938]; [4938]; [4938]; [4566]; [4694]; [4938]","false","filtered"
"226","915","4647","788.2264","2.168","6,400.4","1","1_16_F1","2M+NH4; M+DMSO+H; M+NH4","[4644, 4653, 4675]; [4645]; [4644, 4653, 4675]","false","filtered"
"227","910","4612","370.1139","2.166","3,868.1","1","1_16_F1","2M+3H2O+2H; 2M+NH4; M+2Na; M+2Na-H; M+DMSO+H; M+IsoProp+Na+H; M+NH4","[4709, 4727]; [4583, 4672, 4750]; [4605]; [4590]; [4719]; [4709]; [4583, 4672, 4750]","false","filtered"
"228","934","4650","811.1744","2.176","3,004.5","1","1_16_F1","2M+K; 2M+Na; M+2K-H; M+CH3OH+H; M+K","[4645, 4648]; [4592]; [4645]; [4652]; [4615, 4645, 4648]","false","filtered"
"229","931","4712","425.1788","2.174","2,178.7","1","1_16_F1","2M+Na; M+2ACN+H; M+Na","[4696]; [4740]; [4696]","false","filtered"
"230","917","4652","857.1677","2.168","2,131.4","1","1_16_F1","2M+ACN+H; 2M+H; M+2H; M+3H; M+ACN+H; M+DMSO+H; M+H; M+Na","[4655]; [4655]; [4655]; [4655]; [4655]; [4650]; [4655]; [4655]","false","filtered"
"231","943","4666","312.1656","2.201","2,062.7","1","1_16_F1","2M+ACN+Na; 2M+NH4; M+H; M+IsoProp+H; M+IsoProp+Na+H; M+NH4","[4726]; [4680]; [4765]; [4671]; [4686]; [4680, 4877]","false","filtered"
"232","922","4675","793.1818","2.170","1,780.7","1","1_16_F1","2M+ACN+Na; 2M+NH4; 2M+Na; M+2Na; M+2Na-H; M+3Na; M+ACN+Na; M+CH3OH+H; M+NH4; M+Na","[4653]; [4615]; [4644, 4647, 4653]; [4653]; [4653]; [4653]; [4653]; [4740]; [4615]; [4644, 4647, 4653]","false","filtered"
"233","939","4615","817.1756","2.189","1,244.3","1","1_16_F1","2M+ACN+H; 2M+ACN+Na; 2M+Na; M+2Na; M+2Na-H; M+3Na; M+ACN+H; M+ACN+Na; M+Na","[4675]; [4648, 4653]; [4648, 4814]; [4648]; [4645, 4648, 4650]; [4648]; [4675, 4814]; [4648, 4653]; [4648]","false","filtered"
"234","930","4711","393.0584","2.174","1,118.3","1","1_16_F1","2M+3H2O+2H; 2M+K; M+2K-H; M+2Na-H; M+K","[4681]; [4710, 4719, 4721]; [4719]; [4786]; [4578, 4710, 4719, 4721]","false","filtered"
"235","924","4693","343.1371","2.172","1,097.3","1","1_16_F1","2M+NH4; 2M+Na; M+2ACN+H; M+2H+Na; M+2Na; M+3Na; M+IsoProp+H; M+NH4; M+Na","[4499]; [4566, 4694]; [4542]; [4671]; [4601]; [4671]; [4547]; [4499]; [4566, 4694]","false","filtered"
"236","918","4680","317.1215","2.169","1,077.9","1","1_16_F1","2M+3H2O+2H; 2M+ACN+H; 2M+ACN+Na; 2M+H; 2M+K; 2M+NH4; 2M+Na; M+; M+2ACN+2H; M+2ACN+H; M+2H; M+2H+Na; M+2K-H; M+2Na; M+2Na-H; M+3ACN+2H; M+3H; M+3Na; M+ACN+2H; M+ACN+H; M+ACN+Na; M+CH3OH+H; M+DMSO+H; M+H; M+H+2Na; M+H+K; M+H+NH4; M+H+Na; M+IsoProp+H; M+IsoProp+Na+H; M+K; M+NH4; M+Na","[4513]; [4513, 4542]; [4498, 4513]; [4513, 4542]; [4513]; [4513]; [4479, 4498, 4513, 4666]; [4513]; [4513]; [4498, 4513]; [4513, 4542]; [4513]; [4513, 4521]; [4498, 4513]; [4498, 4513]; [4513]; [4513, 4542]; [4498, 4513]; [4513]; [4513, 4542]; [4498, 4513]; [4513]; [4513]; [4513, 4542, 4547, 4763]; [4513]; [4513]; [4513]; [4513]; [4513, 4542]; [4513]; [4513]; [4513]; [4498, 4513, 4542, 4666]","false","filtered"
"237","944","4763","395.1318","2.203","1,013.3","1","1_16_F1","2M+ACN+H; 2M+Na; M+DMSO+H; M+H+NH4; M+IsoProp+H; M+NH4; M+Na","[4813]; [4757, 4765]; [4680, 4877]; [4608]; [4605]; [4823]; [4757, 4765]","false","filtered"
"238","920","4672","375.0693","2.170","965.6","1","1_16_F1","2M+3H2O+2H; 2M+ACN+Na; 2M+Na; M+2Na; M+2Na-H; M+3Na; M+ACN+Na; M+K; M+Na","[4709]; [4583]; [4583, 4612, 4750]; [4583]; [4583, 4602, 4710]; [4583]; [4583]; [4740]; [4583, 4612, 4750]","false","filtered"
"239","928","4709","365.0847","2.174","746.7","1","1_16_F1","2M+3H2O+2H; 2M+NH4; 2M+Na; M+ACN+2H; M+DMSO+H; M+H+NH4; M+Na","[4719]; [4672]; [4612, 4727]; [4583]; [4612]; [4721]; [4727]","false","filtered"
"240","927","4696","441.1535","2.172","737.9","1","1_16_F1","2M+K; M+2ACN+H; M+K","[4712]; [4740]; [4712]","false","filtered"
"241","937","4740","381.0807","2.186","633.7","1","1_16_F1","2M+Na; M+2H; M+2Na; M+2Na-H; M+H+Na; M+K; M+Na","[4746]; [4675]; [4648]; [4672]; [4653]; [4712]; [4696, 4746]","false","filtered"
"242","925","4694","359.1108","2.172","598.5","1","1_16_F1","2M+K; 2M+NH4; M+DMSO+H; M+H+K; M+H+Na; M+IsoProp+Na+H; M+K; M+NH4","[4566, 4693]; [4490]; [4714]; [4601]; [4605]; [4691]; [4566, 4693]; [4490]","false","filtered"
"243","929","4710","372.1299","2.174","560.3","1","1_16_F1","2M+3H2O+2H; 2M+ACN+H; 2M+NH4; M+2ACN+2H; M+2ACN+H; M+2Na-H; M+ACN+2H; M+ACN+H; M+ACN+Na; M+IsoProp+Na+H; M+K; M+NH4","[4605, 4681]; [4583]; [4711, 4719, 4721]; [4583]; [4583]; [4792]; [4727]; [4583, 4602, 4672]; [4583]; [4605]; [4584]; [4578, 4711, 4719, 4721]","false","filtered"
"244","946","4765","390.1769","2.205","546.2","1","1_16_F1","2M+NH4; M+DMSO+H; M+NH4","[4757, 4763]; [4666]; [4757, 4763]","false","filtered"
"245","919","4671","503.2105","2.170","537.8","1","1_16_F1","2M+H; 2M+Na; M+2ACN+H; M+2H; M+2Na; M+H+NH4; M+Na","[4666]; [4686]; [4726]; [4693]; [4693]; [4713]; [4686]","false","filtered"
"246","913","4644","809.1572","2.168","534.2","1","1_16_F1","2M+K; M+2K-H; M+K","[4647, 4653, 4675]; [4653]; [4647, 4653, 4675]","false","filtered"
"247","909","4608","407.1319","2.166","457.3","1","1_16_F1","2M+K; M+2ACN+H; M+3ACN+2H; M+ACN+2H; M+IsoProp+H; M+K","[4478, 4590, 4602]; [4726]; [4645]; [4763]; [4750]; [4478, 4590, 4602]","false","filtered"
"248","942","4757","411.1044","2.199","381.1","1","1_16_F1","2M+ACN+H; 2M+K; M+2Na-H; M+IsoProp+H; M+IsoProp+Na+H; M+K","[4814]; [4763, 4765]; [4579]; [4681]; [4874]; [4763, 4765]","false","filtered"
"249","932","4713","556.2401","2.174","301.2","1","1_16_F1","2M+NH4; M+3ACN+2H; M+NH4","[4714]; [4671]; [4714]","false","filtered"
"250","933","4714","561.1961","2.174","264.9","1","1_16_F1","2M+H; 2M+K; 2M+Na; M+2Na; M+H+Na; M+Na","[4694]; [4601]; [4713]; [4499]; [4499]; [4713]","false","filtered"
"251","911","4605","367.1003","2.168","215.2","1","1_16_F1","2M+ACN+H; 2M+NH4; 2M+Na; M+2Na-H; M+ACN+2H; M+CH3OH+H; M+DMSO+H; M+H+K; M+IsoProp+Na+H; M+Na","[4583]; [4721]; [4681, 4710]; [4547]; [4719]; [4763]; [4710]; [4612, 4694]; [4726]; [4681]","false","filtered"
"252","921","4686","498.2554","2.170","186.2","1","1_16_F1","2M+ACN+H; 2M+NH4; M+NH4","[4666]; [4671]; [4671]","false","filtered"
"253","926","4681","383.0731","2.172","174.6","1","1_16_F1","2M+ACN+Na; 2M+K; 2M+NH4; 2M+Na; M+2Na; M+2Na-H; M+3Na; M+ACN+Na; M+CH3OH+H; M+K; M+Na","[4547]; [4605, 4710]; [4711]; [4547]; [4547]; [4542, 4547]; [4547]; [4547]; [4757]; [4605]; [4547]","false","filtered"
"254","945","4566","338.1806","2.204","163.0","1","1_16_F1","2M+NH4; M+CH3OH+H; M+IsoProp+Na+H; M+NH4","[4693, 4694]; [4882]; [4691]; [4693, 4694]","false","filtered"
"255","941","4750","391.0422","2.191","110.1","1","1_16_F1","2M+K; M+2K-H; M+2Na-H; M+K","[4583, 4612, 4672, 4854, 4866]; [4583, 4866]; [4608]; [4583, 4612, 4672, 4746, 4854, 4866]","false","filtered"
"193","888","4479","180.1021","2.125","6,243.6","1","1_15_F1","2M+ACN+H; 2M+H; M+2H; M+2Na; M+3H; M+ACN+H; M+CH3OH+H; M+DMSO+H; M+H; M+Na","[4516]; [4516]; [4516]; [4478]; [4516]; [4516]; [4680]; [4427]; [4516]; [4516]","true","keep_rep"
"194","902","4585","417.1372","2.160","4,413.6","1","1_15_F1","2M+Na; M+2Na-H; M+DMSO+H; M+H; M+Na","[4578, 4584]; [4481, 4691]; [4721]; [4691]; [4578, 4584]","false","filtered"
"195","893","4504","120.0813","2.137","4,381.6","1","1_15_F1","2M+NH4; M+NH4","[4521]; [4521]","false","filtered"
"196","908","4727","360.1299","2.165","4,333.7","1","1_15_F1","2M+3H2O+2H; 2M+NH4; M+; M+2H+Na; M+DMSO+H; M+H+NH4; M+IsoProp+H; M+IsoProp+Na+H; M+NH4","[4719]; [4612, 4709]; [4490]; [4474]; [4474]; [4710]; [4490]; [4719]; [4709]","false","filtered"
"197","894","4542","339.1079","2.142","4,240.0","1","1_15_F1","2M+ACN+H; 2M+ACN+Na; 2M+H; 2M+Na; M+2ACN+H; M+2H; M+2Na; M+2Na-H; M+3H; M+3Na; M+ACN+H; M+ACN+Na; M+CH3OH+H; M+DMSO+H; M+H; M+Na","[4547]; [4680]; [4516, 4547]; [4680]; [4513, 4680]; [4547]; [4680]; [4680]; [4547]; [4680]; [4547]; [4680]; [4499]; [4693]; [4547, 4681]; [4547, 4680]","false","filtered"
"198","885","4498","295.1297","2.122","4,061.6","1","1_15_F1","2M+ACN+H; 2M+H; M+2ACN+2H; M+2H; M+3H; M+ACN+H; M+H; M+IsoProp+H; M+Na","[4513, 4680]; [4513, 4680]; [4474]; [4513, 4680]; [4513, 4680]; [4513, 4680]; [4513, 4680]; [4680]; [4513, 4680]","false","filtered"
"199","880","4473","369.1670","2.116","2,742.8","1","1_15_F1","2M+ACN+H; 2M+H; M+2ACN+H; M+2H; M+3H; M+ACN+H; M+H; M+IsoProp+H; M+Na","[4414, 4478, 4602]; [4414, 4423, 4478, 4590, 4602]; [4474, 4768]; [4414, 4478, 4602]; [4414, 4478, 4602]; [4414, 4478, 4602]; [4414, 4423, 4478, 4590, 4602]; [4414, 4602]; [4414, 4478, 4602]","false","filtered"
"200","900","4583","353.0872","2.160","2,252.6","1","1_15_F1","2M+3H2O+2H; 2M+ACN+H; 2M+H; 2M+NH4; 2M+Na; M+2H; M+2Na; M+2Na-H; M+3H; M+ACN+H; M+ACN+Na; M+H; M+H+NH4; M+K; M+NH4; M+Na","[4605]; [4672]; [4612, 4672, 4750]; [4721]; [4710]; [4672]; [4710]; [4710]; [4672]; [4672]; [4710]; [4612, 4672, 4750]; [4709]; [4750]; [4721]; [4602, 4672, 4710]","false","filtered"
"201","903","4590","386.2024","2.162","2,117.4","1","1_15_F1","2M+NH4; M+IsoProp+H; M+NH4","[4473, 4478, 4602, 4608]; [4612]; [4473, 4478, 4602, 4608]","false","filtered"
"202","895","4547","361.0900","2.144","1,492.5","1","1_15_F1","2M+ACN+H; 2M+ACN+Na; 2M+H; 2M+Na; M+2H; M+2Na; M+2Na-H; M+3H; M+3Na; M+ACN+H; M+ACN+Na; M+DMSO+H; M+H; M+K; M+Na","[4681]; [4542]; [4681]; [4516, 4542]; [4681]; [4542]; [4542, 4680]; [4681]; [4542]; [4681]; [4542]; [4693]; [4681]; [4605]; [4542, 4681]","false","filtered"
"203","898","4579","450.1978","2.158","1,361.8","1","1_15_F1","2M+NH4; 2M+Na; M+2ACN+H; M+DMSO+H; M+IsoProp+Na+H; M+NH4","[4592, 4593]; [4481]; [4499]; [4481]; [4757]; [4592, 4593]","false","filtered"
"204","907","4602","391.1581","2.164","1,170.3","1","1_15_F1","2M+ACN+Na; 2M+Na; M+2ACN+H; M+2Na; M+2Na-H; M+3Na; M+ACN+Na; M+IsoProp+H; M+IsoProp+Na+H; M+Na","[4473]; [4473, 4590, 4608]; [4473]; [4473]; [4473]; [4473]; [4473]; [4583, 4672, 4710]; [4601]; [4473, 4590, 4608]","false","filtered"
"205","904","4592","455.1540","2.162","1,115.8","1","1_15_F1","2M+Na; M+2ACN+2H; M+IsoProp+H; M+Na","[4579, 4593]; [4578]; [4650]; [4579, 4593]","false","filtered"
"206","890","4499","367.1365","2.126","972.3","1","1_15_F1","2M+ACN+H; 2M+Na; M+; M+2ACN+H; M+2H+Na; M+3H; M+ACN+H; M+IsoProp+H; M+Na","[4693]; [4490]; [4579]; [4513]; [4714]; [4714]; [4693]; [4542]; [4490]","false","filtered"
"207","901","4584","412.1820","2.160","913.3","1","1_15_F1","2M+NH4; M+DMSO+H; M+NH4","[4578, 4585]; [4710]; [4578, 4585]","false","filtered"
"208","897","4578","433.1115","2.158","753.8","1","1_15_F1","2M+K; M+2Na-H; M+DMSO+H; M+H+K; M+K","[4584, 4585]; [4488]; [4710, 4711, 4719, 4721]; [4592]; [4584, 4585]","false","filtered"
"209","905","4593","471.1268","2.162","641.9","1","1_15_F1","2M+K; M+K","[4579, 4592]; [4579, 4592]","false","filtered"
"210","883","4481","455.2259","2.120","629.0","1","1_15_F1","2M+3H2O+2H; 2M+Na; M+2ACN+H; M+IsoProp+Na+H; M+Na","[4579]; [4488]; [4407, 4585]; [4579]; [4488]","false","filtered"
"211","884","4768","595.2015","2.120","527.8","1","1_15_F1","2M+Na; M+Na","[4473, 4474]; [4474]","false","filtered"
"212","887","4490","383.1108","2.124","407.9","1","1_15_F1","2M+ACN+H; 2M+K; M+ACN+H; M+IsoProp+Na+H; M+K; M+Na","[4694]; [4499]; [4694]; [4727]; [4499]; [4727]","false","filtered"
"213","892","4516","202.0842","2.132","357.5","1","1_15_F1","2M+ACN+Na; 2M+Na; M+2Na; M+2Na-H; M+3ACN+2H; M+3Na; M+ACN+Na; M+CH3OH+H; M+Na","[4479]; [4479]; [4479]; [4479]; [4601]; [4479]; [4479]; [4542, 4547]; [4479]","false","filtered"
"214","891","4521","103.0544","2.130","356.6","1","1_15_F1","2M+H; M+3Na; M+H; M+H+NH4","[4504]; [4513, 4680]; [4504]; [4443]","false","filtered"
"215","906","4601","340.1369","2.164","308.0","1","1_15_F1","2M+ACN+Na; 2M+Na; M+2H; M+2Na; M+2Na-H; M+3Na; M+ACN+Na; M+CH3OH+H; M+DMSO+H; M+H+K; M+IsoProp+H; M+Na","[4640]; [4640]; [4694]; [4640]; [4640]; [4640]; [4640]; [4602]; [4714]; [4693]; [4516]; [4640]","false","filtered"
"216","889","4513","317.1116","2.126","223.9","1","1_15_F1","2M+3H2O+2H; 2M+ACN+H; 2M+ACN+Na; 2M+H; 2M+K; 2M+NH4; 2M+Na; M+; M+2ACN+2H; M+2ACN+H; M+2H; M+2H+Na; M+2K-H; M+2Na; M+2Na-H; M+3ACN+2H; M+3H; M+3Na; M+ACN+2H; M+ACN+H; M+ACN+Na; M+CH3OH+H; M+DMSO+H; M+H; M+H+2Na; M+H+K; M+H+NH4; M+H+Na; M+IsoProp+H; M+IsoProp+Na+H; M+K; M+NH4; M+Na","[4680]; [4680]; [4498, 4680]; [4680]; [4680]; [4680]; [4498, 4680]; [4680]; [4680]; [4680]; [4680]; [4680]; [4521, 4680]; [4498, 4680]; [4498, 4680]; [4680]; [4680]; [4498, 4680]; [4680]; [4680]; [4498, 4680]; [4499, 4680]; [4443, 4680]; [4680]; [4680]; [4680]; [4680]; [4680]; [4542, 4680]; [4680]; [4680]; [4680]; [4498, 4680]","false","filtered"
"217","882","4478","391.1480","2.118","218.4","1","1_15_F1","2M+ACN+Na; 2M+Na; M+2K-H; M+2Na; M+2Na-H; M+3Na; M+ACN+Na; M+Na","[4473]; [4473, 4590, 4608]; [4479]; [4473]; [4473]; [4473]; [4473]; [4473, 4590, 4608]","false","filtered"
"218","881","4474","590.2461","2.116","185.8","1","1_15_F1","2M+3H2O+2H; 2M+NH4; M+3ACN+2H; M+IsoProp+Na+H; M+NH4","[4727]; [4473, 4768]; [4727]; [4498]; [4768]","false","filtered"
"219","886","4488","471.2000","2.122","133.9","1","1_15_F1","2M+K; M+2ACN+H; M+K","[4481]; [4578]; [4481]","false","filtered"
"168","865","4349","265.1549","2.067","14,676.4","1","1_14_F1","2M+ACN+H; 2M+H; M+2H; M+3H; M+ACN+H; M+H; M+IsoProp+Na+H; M+K; M+Na","[4350]; [4350, 4354]; [4350]; [4350]; [4350]; [4339, 4350, 4354]; [4408]; [4354]; [4350]","true","keep_rep"
"169","872","4407","198.0762","2.081","2,773.9","1","1_14_F1","2M+3H2O+2H; 2M+ACN+H; 2M+H; M+2H; M+3H; M+3Na; M+ACN+H; M+DMSO+H; M+H; M+H+NH4; M+H+Na; M+K; M+Na","[4326]; [4408, 4437]; [4399, 4408]; [4408]; [4408]; [4404]; [4408]; [4437]; [4399, 4408, 4437]; [4334]; [4481]; [4399]; [4408]","false","filtered"
"170","856","4381","425.1788","2.059","1,687.2","1","1_14_F1","2M+ACN+Na; 2M+Na; M+2Na; M+2Na-H; M+3Na; M+ACN+Na; M+NH4; M+Na","[4387]; [4387, 4388]; [4387]; [4387]; [4387]; [4387]; [4315]; [4319, 4387, 4388]","false","filtered"
"171","869","4423","386.2027","2.075","1,458.3","1","1_14_F1","2M+ACN+H; 2M+NH4; M+NH4","[4334]; [4414, 4473]; [4414, 4473]","false","filtered"
"172","857","4387","403.1969","2.061","1,255.8","1","1_14_F1","2M+ACN+H; 2M+H; M+2H; M+3H; M+ACN+H; M+H; M+K; M+Na","[4381]; [4381, 4388]; [4381]; [4381]; [4381]; [4319, 4381, 4388]; [4388]; [4381]","false","filtered"
"173","863","4404","548.2563","2.065","1,207.7","1","1_14_F1","2M+ACN+Na; 2M+NH4; M+ACN+2H; M+NH4; M+Na","[4444]; [4400]; [4379]; [4400]; [4407]","false","filtered"
"174","864","4408","220.0585","2.067","1,140.4","1","1_14_F1","2M+ACN+Na; 2M+Na; M+; M+2H+Na; M+2Na; M+2Na-H; M+3Na; M+ACN+Na; M+H; M+K; M+Na","[4407, 4437]; [4399, 4407]; [4354]; [4317]; [4318, 4407]; [4407]; [4407]; [4407]; [4354]; [4349]; [4399, 4407, 4437]","false","filtered"
"175","862","4348","177.0550","2.063","1,135.9","1","1_14_F1","2M+K; M+H+K; M+K","[4437]; [4439]; [4437, 4439]","false","filtered"
"176","870","4425","353.1356","2.075","1,086.8","1","1_14_F1","2M+NH4; M+2ACN+H; M+NH4","[4416]; [4354, 4391]; [4416]","false","filtered"
"177","877","4443","271.1170","2.101","699.6","1","1_14_F1","2M+Na; M+CH3OH+H; M+IsoProp+Na+H; M+Na","[4444]; [4513]; [4521]; [4444]","false","filtered"
"178","878","4461","422.1429","2.103","560.1","1","1_14_F1","2M+Na; M+ACN+Na; M+Na","[4464]; [4414]; [4464]","false","filtered"
"179","861","4437","161.0816","2.063","515.7","1","1_14_F1","2M+Na; M+2ACN+H; M+2Na; M+3ACN+2H; M+ACN+H; M+Na","[4348]; [4407, 4408]; [4439]; [4399, 4407, 4408]; [4407]; [4348, 4439]","false","filtered"
"180","876","4439","315.1426","2.099","514.5","1","1_14_F1","2M+K; 2M+Na; M+H; M+K; M+Na","[4348, 4437]; [4434]; [4348]; [4437]; [4434]","false","filtered"
"181","858","4388","441.1528","2.061","405.5","1","1_14_F1","2M+K; M+2K-H; M+H+Na; M+K","[4381, 4387]; [4387]; [4377]; [4319, 4381, 4387]","false","filtered"
"182","854","4377","309.0971","2.056","289.4","1","1_14_F1","2M+H; M+3Na; M+DMSO+H; M+H","[4416]; [4388]; [4314, 4318, 4320]; [4414]","false","filtered"
"183","868","4416","336.1082","2.073","246.6","1","1_14_F1","2M+3H2O+2H; 2M+H; M+H; M+H+K","[4377]; [4425]; [4425]; [4317]","false","filtered"
"184","867","4414","391.1582","2.069","237.6","1","1_14_F1","2M+ACN+Na; 2M+Na; M+2ACN+H; M+2Na; M+2Na-H; M+3Na; M+ACN+Na; M+CH3OH+H; M+Na","[4473]; [4423, 4473]; [4377, 4473]; [4473]; [4473]; [4327, 4473]; [4473]; [4461]; [4423, 4473]","false","filtered"
"185","873","4438","379.1004","2.085","212.8","1","1_14_F1","2M+Na; M+Na","[4379]; [4379]","false","filtered"
"186","874","4444","287.0898","2.090","183.0","1","1_14_F1","2M+ACN+Na; 2M+K; M+2H+Na; M+2Na-H; M+K","[4334]; [4443]; [4464]; [4404]; [4443]","false","filtered"
"187","855","4379","374.1454","2.058","176.3","1","1_14_F1","2M+ACN+Na; 2M+NH4; M+3Na; M+ACN+Na; M+DMSO+H; M+IsoProp+Na+H; M+NH4","[4391]; [4438]; [4404]; [4391]; [4296]; [4331]; [4438]","false","filtered"
"188","879","4464","438.1170","2.105","167.1","1","1_14_F1","2M+K; M+H+K; M+K","[4461]; [4444]; [4461]","false","filtered"
"189","859","4399","236.0323","2.063","135.4","1","1_14_F1","2M+K; M+2K-H; M+2Na-H; M+K","[4407, 4408]; [4407]; [4300]; [4407, 4408, 4437]","false","filtered"
"190","860","4400","553.2109","2.063","118.0","1","1_14_F1","2M+Na; M+ACN+H; M+ACN+Na; M+Na","[4404]; [4327]; [4323]; [4404]","false","filtered"
"191","875","4434","310.1865","2.090","82.9","1","1_14_F1","2M+NH4; M+NH4","[4439]; [4439]","false","filtered"
"192","866","4391","349.0897","2.069","75.1","1","1_14_F1","2M+3H2O+2H; 2M+ACN+Na; 2M+K; M+ACN+Na; M+DMSO+H; M+IsoProp+Na+H; M+K","[4317]; [4354]; [4379]; [4354]; [4354, 4425]; [4329]; [4379]","false","filtered"
"166","845","4327","572.2358","2.029","1,668.4","1","1_13_F3","2M+NH4; M+H+K; M+IsoProp+H; M+NH4","[4336]; [4414]; [4400]; [4336]","true","keep_rep"
"167","847","4336","577.1910","2.033","754.4","1","1_13_F3","2M+Na; M+Na","[4327]; [4327]","false","filtered"
"145","834","4300","383.1318","2.015","7,680.4","1","1_13_F2","2M+H; 2M+K; 2M+Na; M+DMSO+H; M+Na","[4399]; [4334]; [4296, 4301]; [4243, 4244]; [4296, 4301]","true","keep_rep"
"146","833","4296","378.1765","2.012","6,683.6","1","1_13_F2","2M+NH4; M+2ACN+H; M+H+K; M+IsoProp+Na+H; M+NH4","[4300, 4301]; [4277, 4379]; [4341]; [4246]; [4300, 4301]","false","filtered"
"147","838","4317","339.1079","2.024","5,930.0","1","1_13_F2","2M+ACN+Na; 2M+NH4; M+2Na; M+ACN+2H; M+ACN+Na; M+CH3OH+H; M+DMSO+H","[4354]; [4391]; [4416]; [4243, 4408]; [4323, 4328]; [4279]; [4278, 4279]","false","filtered"
"148","835","4301","399.1059","2.015","3,465.1","1","1_13_F2","2M+K; M+DMSO+H; M+K","[4296, 4300]; [4244]; [4296, 4300]","false","filtered"
"149","851","4350","287.1370","2.046","2,472.8","1","1_13_F2","2M+ACN+Na; 2M+Na; M+; M+2Na; M+2Na-H; M+3Na; M+ACN+Na; M+H; M+Na","[4349]; [4349, 4354]; [4339]; [4349]; [4349]; [4349]; [4349]; [4341]; [4339, 4349, 4354]","false","filtered"
"150","848","4339","348.2022","2.036","1,313.2","1","1_13_F2","2M+ACN+H; 2M+H; M+2H; M+3H; M+ACN+H; M+H; M+IsoProp+H; M+IsoProp+Na+H; M+Na","[4341]; [4341]; [4341]; [4341]; [4341]; [4341]; [4350]; [4349, 4350, 4354]; [4341]","false","filtered"
"151","841","4320","483.1481","2.024","1,290.3","1","1_13_F2","2M+K; 2M+Na; M+H+K; M+K; M+Na","[4371]; [4314, 4318, 4377]; [4315]; [4371]; [4314, 4318]","false","filtered"
"152","839","4318","478.1928","2.024","1,166.3","1","1_13_F2","2M+NH4; M+H+K; M+IsoProp+Na+H; M+NH4","[4314, 4320, 4377]; [4319]; [4408]; [4314, 4320]","false","filtered"
"153","840","4319","481.2038","2.024","1,020.1","1","1_13_F2","2M+NH4; M+2Na; M+2Na-H; M+DMSO+H; M+NH4","[4315]; [4318]; [4368]; [4381, 4387, 4388]; [4315]","false","filtered"
"154","829","4278","302.1242","2.003","968.1","1","1_13_F2","2M+ACN+H; 2M+H; M+2ACN+H; M+2H; M+3H; M+ACN+H; M+H; M+IsoProp+Na+H; M+K; M+Na","[4279]; [4277, 4279]; [4354]; [4279]; [4279]; [4279, 4317]; [4277, 4279]; [4334]; [4277]; [4279]","false","filtered"
"155","842","4323","568.2255","2.026","967.6","1","1_13_F2","2M+NH4; M+DMSO+H; M+NH4","[4317, 4328]; [4400]; [4328]","false","filtered"
"156","852","4354","303.1109","2.048","817.7","1","1_13_F2","2M+3H2O+2H; 2M+K; 2M+NH4; M+2ACN+H; M+2K-H; M+CH3OH+H; M+IsoProp+Na+H; M+K; M+NH4","[4317]; [4349, 4350]; [4391]; [4408]; [4349]; [4391, 4425]; [4278, 4408]; [4339, 4349, 4350]; [4391]","false","filtered"
"157","830","4279","324.1059","2.003","561.4","1","1_13_F2","2M+ACN+Na; 2M+NH4; 2M+Na; M+2H; M+2Na; M+2Na-H; M+3Na; M+ACN+Na; M+DMSO+H; M+H+K; M+IsoProp+Na+H; M+NH4; M+Na","[4278]; [4329]; [4277, 4278]; [4244]; [4278]; [4278]; [4278]; [4278, 4317]; [4188, 4226, 4368, 4371]; [4243]; [4256]; [4317, 4329]; [4277, 4278]","false","filtered"
"158","846","4331","291.0958","2.030","475.5","1","1_13_F2","2M+Na; M+2ACN+2H; M+3ACN+2H; M+ACN+H; M+DMSO+H; M+H; M+Na","[4306, 4329]; [4314]; [4314]; [4314]; [4306]; [4379]; [4329]","false","filtered"
"159","853","4334","251.1027","2.049","347.9","1","1_13_F2","2M+3H2O+2H; M+3ACN+2H; M+CH3OH+H; M+DMSO+H","[4444]; [4407]; [4278]; [4300, 4423]","false","filtered"
"160","837","4314","499.1215","2.022","242.6","1","1_13_F2","2M+H; 2M+K; M+ACN+H; M+H; M+K","[4331]; [4318, 4320, 4377]; [4331]; [4331]; [4318, 4320]","false","filtered"
"161","844","4329","307.0695","2.028","212.9","1","1_13_F2","2M+H; 2M+K; M+ACN+H; M+ACN+Na; M+H; M+K","[4279]; [4306, 4331]; [4391]; [4243]; [4246, 4279]; [4331]","false","filtered"
"162","836","4315","486.1587","2.022","211.7","1","1_13_F2","2M+Na; M+2Na; M+DMSO+H; M+H+K; M+Na","[4319]; [4320]; [4381]; [4371]; [4319]","false","filtered"
"163","843","4328","573.1811","2.026","119.5","1","1_13_F2","2M+Na; M+Na","[4317, 4323]; [4323]","false","filtered"
"164","849","4341","370.1843","2.036","114.5","1","1_13_F2","2M+ACN+Na; 2M+Na; M+2Na; M+2Na-H; M+3Na; M+ACN+Na; M+H+Na; M+IsoProp+Na+H; M+Na","[4339]; [4339]; [4339]; [4339]; [4339]; [4339]; [4296]; [4350]; [4339]","false","filtered"
"165","828","4277","340.0801","2.001","93.9","1","1_13_F2","2M+K; M+2K-H; M+2Na-H; M+H+K; M+IsoProp+Na+H; M+K","[4278, 4279]; [4278]; [4188, 4296]; [4244]; [4246]; [4278, 4279]","false","filtered"
"143","832","4299","181.0859","2.006","7,585.1","1","1_13_F1","M+CH3OH+H; M+IsoProp+Na+H; M+NH4","[4257]; [4176, 4326]; [4243]","true","keep_rep"
"144","850","4326","212.0911","2.044","92.8","1","1_13_F1","2M+ACN+H; 2M+NH4; M+IsoProp+Na+H","[4407]; [4299]; [4427]","false","filtered"
"141","806","4304","429.2109","1.958","1,208.6","1","1_12_F2","2M+Na; M+Na","[4199]; [4199]","true","keep_rep"
"142","807","4199","445.1838","1.958","269.8","1","1_12_F2","2M+K; M+IsoProp+H; M+K","[4304]; [4195]; [4304]","false","filtered"
"118","821","4248","365.0847","1.983","1,535.5","1","1_12_F1","2M+Na; M+2ACN+H; M+Na","[4249, 4257]; [4244]; [4249, 4257]","true","keep_rep"
"119","814","4371","508.2035","1.976","1,149.8","1","1_12_F1","2M+ACN+Na; 2M+NH4; M+2ACN+2H; M+ACN+Na; M+NH4","[4320]; [4226, 4279, 4368]; [4315]; [4320]; [4226, 4368]","false","filtered"
"120","820","4247","318.1552","1.983","999.7","1","1_12_F1","2M+NH4; M+2Na; M+IsoProp+Na+H; M+NH4","[4188, 4246, 4256]; [4208]; [4195]; [4246, 4256]","false","filtered"
"121","815","4368","513.1589","1.978","921.9","1","1_12_F1","2M+H; 2M+Na; M+2K-H; M+Na","[4196]; [4226, 4279, 4371]; [4319]; [4226, 4371]","false","filtered"
"122","827","4306","213.0748","1.994","897.4","1","1_12_F1","M+2ACN+2H; M+2ACN+H; M+2H+Na; M+3ACN+2H; M+3H; M+ACN+H; M+DMSO+H; M+H","[4244]; [4173]; [4243]; [4244]; [4257]; [4244]; [4329, 4331]; [4331]","false","filtered"
"123","825","4259","495.1118","1.987","878.7","1","1_12_F1","2M+ACN+Na; 2M+Na; M+2Na; M+2Na-H; M+3Na; M+ACN+Na; M+Na","[4260]; [4254, 4260]; [4260]; [4260]; [4260]; [4260]; [4254, 4260]","false","filtered"
"124","803","4188","328.1396","1.954","737.6","1","1_12_F1","2M+3H2O+2H; M+2ACN+H; M+CH3OH+H; M+IsoProp+Na+H","[4173, 4246, 4247, 4256]; [4279]; [4277]; [4256]","false","filtered"
"125","823","4256","323.1103","1.985","483.5","1","1_12_F1","2M+Na; M+2ACN+H; M+DMSO+H; M+Na","[4188, 4246, 4247]; [4279]; [4188]; [4246, 4247]","false","filtered"
"126","809","4208","315.1418","1.964","473.6","1","1_12_F1","2M+H; 2M+Na; M+H+K; M+Na","[4176]; [4209]; [4247]; [4209]","false","filtered"
"127","816","4243","327.1054","1.980","380.6","1","1_12_F1","2M+H; 2M+Na; M+; M+2ACN+H; M+2H; M+2Na; M+ACN+2H; M+ACN+H; M+H; M+H+K; M+H+NH4; M+IsoProp+Na+H; M+Na","[4182, 4299]; [4182, 4244]; [4257]; [4254]; [4182]; [4279]; [4182]; [4182]; [4182]; [4306]; [4317]; [4329]; [4182, 4244, 4300]","false","filtered"
"128","805","4196","256.0795","1.956","325.5","1","1_12_F1","2M+ACN+Na; 2M+Na; M+; M+2Na; M+2Na-H; M+3Na; M+ACN+Na; M+Na","[4195]; [4195]; [4368]; [4195]; [4195]; [4195]; [4195]; [4195]","false","filtered"
"129","801","4180","236.0533","1.952","271.6","1","1_12_F1","2M+ACN+Na; 2M+Na; M+2Na; M+2Na-H; M+3Na; M+ACN+Na; M+Na","[4173]; [4173]; [4173]; [4173]; [4173]; [4173]; [4173]","false","filtered"
"130","802","4182","368.1322","1.952","251.3","1","1_12_F1","2M+ACN+H; 2M+ACN+Na; M+2ACN+2H; M+2ACN+H; M+3ACN+2H; M+ACN+H; M+ACN+Na","[4243]; [4243, 4244]; [4243]; [4243]; [4243]; [4243]; [4243, 4244]","false","filtered"
"131","822","4249","381.0585","1.983","220.2","1","1_12_F1","2M+K; M+K","[4248, 4257]; [4248, 4257]","false","filtered"
"132","817","4246","339.0859","1.980","208.9","1","1_12_F1","2M+K; M+2ACN+H; M+2Na-H; M+CH3OH+H; M+K","[4188, 4247, 4256]; [4277]; [4296]; [4329]; [4247, 4256]","false","filtered"
"133","819","4257","360.1299","1.981","208.7","1","1_12_F1","2M+ACN+Na; 2M+NH4; M+2ACN+2H; M+CH3OH+H; M+NH4","[4299]; [4248, 4249]; [4306]; [4243]; [4248, 4249]","false","filtered"
"134","824","4254","511.0859","1.985","174.8","1","1_12_F1","2M+K; 2M+Na; M+2K-H; M+K","[4259, 4260]; [4243]; [4260]; [4259, 4260]","false","filtered"
"135","810","4209","331.1164","1.964","166.7","1","1_12_F1","2M+K; M+K","[4208]; [4208]","false","filtered"
"136","818","4244","343.0797","1.980","164.9","1","1_12_F1","2M+H; 2M+K; M+2Na; M+ACN+H; M+DMSO+H; M+H; M+H+K; M+IsoProp+H; M+K; M+Na","[4306]; [4182, 4243]; [4277]; [4306]; [4226]; [4306]; [4279]; [4248]; [4182, 4243, 4300]; [4301]","false","filtered"
"137","826","4260","473.1297","1.991","164.4","1","1_12_F1","2M+ACN+H; 2M+H; M+2H; M+3H; M+ACN+H; M+H; M+K; M+Na","[4259]; [4254, 4259]; [4259]; [4259]; [4259]; [4254, 4259]; [4254]; [4259]","false","filtered"
"138","804","4173","214.0706","1.955","155.3","1","1_12_F1","2M+ACN+H; 2M+H; M+2H; M+3H; M+ACN+H; M+ACN+Na; M+H; M+IsoProp+Na+H; M+Na","[4180]; [4180]; [4180]; [4180]; [4180]; [4188]; [4180]; [4306]; [4180]","false","filtered"
"139","812","4226","529.1329","1.970","119.0","1","1_12_F1","2M+H; 2M+K; M+K","[4244]; [4279, 4368, 4371]; [4368, 4371]","false","filtered"
"140","808","4176","236.0903","1.964","86.0","1","1_12_F1","2M+ACN+H; 2M+ACN+Na; 2M+Na; M+2Na; M+2Na-H; M+3Na; M+ACN+Na; M+DMSO+H; M+H+Na; M+Na","[4299]; [4163]; [4163]; [4163, 4262, 4283]; [4163]; [4163]; [4163]; [4208, 4214, 4216]; [4262]; [4163, 4262, 4283]","false","filtered"
"115","793","4105","420.2235","1.895","7,140.9","1","1_11_F3","2M+NH4; M+IsoProp+Na+H; M+NH4","[4096, 4097, 4103]; [4029]; [4096, 4097, 4103]","true","keep_rep"
"116","796","4102","223.1332","1.909","6,159.8","1","1_11_F3","M+2ACN+2H; M+3ACN+2H; M+ACN+H; M+CH3OH+H","[4088]; [4088]; [4088]; [4103]","false","filtered"
"117","791","4103","403.1969","1.895","1,624.4","1","1_11_F3","2M+ACN+H; 2M+H; 2M+Na; M+2ACN+H; M+2H; M+3H; M+ACN+H; M+H; M+K; M+Na","[4097]; [4096, 4097, 4105]; [4102]; [4020]; [4097]; [4097]; [4097]; [4096, 4097, 4105]; [4096]; [4097]","false","filtered"
"113","794","4114","367.1005","1.903","2,057.2","1","1_11_F2","2M+Na; M+Na","[4115]; [4115]","true","keep_rep"
"114","795","4115","383.0747","1.903","545.7","1","1_11_F2","2M+K; M+2K-H; M+K","[4114]; [4088]; [4114]","false","filtered"
"110","799","4216","158.0817","1.942","3,233.6","1","1_11_F1","2M+ACN+H; 2M+H; M+2H; M+3ACN+2H; M+3H; M+ACN+H; M+DMSO+H; M+H; M+Na","[4214]; [4214]; [4214]; [4104]; [4214]; [4214]; [4149]; [4176, 4214]; [4163, 4214]","true","keep_rep"
"111","792","4104","410.1662","1.895","1,799.6","1","1_11_F1","2M+3H2O+2H; 2M+NH4; M+ACN+Na; M+CH3OH+H; M+NH4","[4216]; [4051, 4091]; [4097]; [4096]; [4051, 4091]","false","filtered"
"112","797","4163","214.1072","1.920","774.8","1","1_11_F1","2M+ACN+H; 2M+H; M+2H; M+3H; M+ACN+2H; M+ACN+H; M+DMSO+H; M+H; M+H+Na; M+Na","[4176]; [4176]; [4176, 4262]; [4176]; [4262]; [4176]; [4214, 4216]; [4176, 4262]; [4262]; [4176]","false","filtered"
"108","779","4033","417.1756","1.853","770.4","1","1_10_F2","2M+ACN+H; 2M+H; M+2ACN+H; M+2H; M+3H; M+ACN+H; M+H; M+H+K; M+NH4; M+Na","[4034]; [4034]; [3956]; [4034]; [4034]; [4034]; [4034]; [3935]; [3911]; [4034]","true","keep_rep"
"109","780","4034","439.1581","1.853","693.8","1","1_10_F2","2M+ACN+Na; 2M+H; 2M+Na; M+2ACN+H; M+2Na; M+2Na-H; M+3Na; M+ACN+Na; M+H+K; M+IsoProp+Na+H; M+Na","[4033]; [3889]; [4033]; [3942]; [4033]; [4033]; [4033]; [4033]; [3927]; [3985]; [4033]","false","filtered"
"95","786","4029","188.0710","1.868","456,242.9","1","1_10_F1","2M+H; M+2Na; M+H; M+H+K; M+H+NH4; M+H+Na","[4015]; [3935]; [4015]; [4105]; [4096]; [3927, 4088]","true","keep_rep"
"96","784","4015","205.0979","1.857","358,840.9","1","1_10_F1","2M+ACN+H; 2M+H; 2M+NH4; M+2ACN+2H; M+2H; M+2Na; M+3ACN+2H; M+3H; M+ACN+2H; M+ACN+H; M+H; M+H+K; M+H+NH4; M+H+Na; M+IsoProp+Na+H; M+K; M+NH4; M+Na","[3910]; [3904, 3910, 3939]; [4029]; [3935]; [3910, 3927, 3935]; [3935]; [3959]; [3910, 3946]; [3927, 3935, 3956, 4088]; [3904, 3910]; [3867, 3904, 3910, 3927, 3935, 3939, 4046]; [3935]; [3935]; [3927, 3935]; [3978]; [3939]; [3855, 3859, 4029]; [3910]","false","filtered"
"97","778","3904","144.0813","1.853","13,111.5","1","1_10_F1","M+2ACN+2H; M+3ACN+2H; M+ACN+2H; M+ACN+H; M+ACN+Na; M+H","[3867, 3910, 3935, 3939, 4015, 4046]; [3910, 4015]; [3921]; [3910, 3939, 4015]; [3906]; [3933]","false","filtered"
"98","790","4097","425.1788","1.893","9,033.4","1","1_10_F1","2M+ACN+Na; 2M+Na; M+2Na; M+2Na-H; M+3Na; M+ACN+Na; M+DMSO+H; M+Na","[4103]; [4096, 4103, 4105]; [4103]; [4103]; [4103]; [4103]; [4104]; [4096, 4103, 4105]","false","filtered"
"99","777","4046","265.1561","1.848","4,484.9","1","1_10_F1","2M+H; M+2ACN+H; M+ACN+H; M+IsoProp+H; M+IsoProp+Na+H","[3921]; [3930]; [3901]; [3867, 3904, 3910, 3927, 3935, 3939, 4015]; [4088]","false","filtered"
"100","789","4096","441.1530","1.893","3,680.7","1","1_10_F1","2M+K; M+2ACN+H; M+2K-H; M+ACN+Na; M+IsoProp+Na+H; M+K","[4097, 4103, 4105]; [4020]; [4103]; [4104]; [4029]; [4097, 4103, 4105]","false","filtered"
"101","783","3933","188.0548","1.856","2,782.1","1","1_10_F1","2M+ACN+Na; 2M+H; M+; M+2Na-H; M+3ACN+2H; M+ACN+Na; M+DMSO+H; M+H","[3936]; [3930]; [3911]; [3904]; [3968]; [3936]; [3889, 3936]; [3930]","false","filtered"
"102","776","4020","397.0507","1.848","2,244.8","1","1_10_F1","2M+ACN+Na; 2M+K; 2M+Na; M+2K-H; M+2Na; M+2Na-H; M+3Na; M+ACN+Na; M+K; M+Na","[3987]; [3993]; [3987]; [4103]; [3987]; [3986, 3987, 3989, 4051, 4147]; [3987]; [3987]; [4096]; [3987]","false","filtered"
"103","781","3978","243.0847","1.854","2,181.7","1","1_10_F1","2M+ACN+H; 2M+H; 2M+Na; M+2ACN+H; M+3H; M+ACN+H; M+H; M+IsoProp+Na+H; M+Na","[3889]; [4015]; [3954]; [3911]; [3993]; [3889]; [3959]; [3936]; [3954]","false","filtered"
"104","782","3930","205.0835","1.854","2,019.7","1","1_10_F1","2M+ACN+Na; 2M+NH4; M+ACN+H; M+ACN+Na; M+CH3OH+H; M+DMSO+H; M+IsoProp+H; M+NH4; M+Na","[3906]; [3933]; [3983]; [3906]; [3973]; [3906]; [3891, 3892, 3910, 3928]; [3933]; [4046]","false","filtered"
"105","787","4088","385.1862","1.891","1,768.1","1","1_10_F1","2M+Na; M+ACN+Na; M+CH3OH+H; M+DMSO+H; M+NH4; M+Na","[4046, 4102]; [4102]; [4029]; [4115]; [4015]; [4102]","false","filtered"
"106","788","4091","415.1215","1.891","404.7","1","1_10_F1","2M+Na; M+Na","[4051, 4104]; [4051, 4104]","false","filtered"
"107","785","4051","431.0956","1.858","277.9","1","1_10_F1","2M+K; 2M+Na; M+CH3OH+H; M+DMSO+H; M+K","[4091, 4104]; [3877]; [4001]; [3986, 3987, 3989, 4020, 4147]; [4091, 4104]","false","filtered"
"642","992","5040","177.0551","2.290","44,688.3","1","","2M+ACN+H; 2M+H; M+2H; M+H; M+H+K; M+H+Na","[4821]; [4922]; [4874]; [4874]; [4874]; [4887]","false","kept (no corr-family)"
"643","1185","5874","177.0548","2.704","12,042.3","1","","M+2H; M+3H","[5813]; [5887]","false","kept (no corr-family)"
"644","912","4639","303.0502","2.168","8,290.7","1","","M+3Na","[4655]","false","kept (no corr-family)"
"645","1069","5370","177.0551","2.442","7,342.7","1","","2M+H; M+2Na; M+H","[5371]; [5329]; [5371]","false","kept (no corr-family)"
"646","1164","5738","136.0762","2.649","5,924.7","1","","M+2ACN+2H","[5821]","false","kept (no corr-family)"
"647","813","4149","186.1493","1.970","5,239.0","1","","2M+3H2O+2H","[4216]","false","kept (no corr-family)"
"648","1052","5263","562.2725","2.406","4,448.2","1","","2M+NH4; M+NH4","[5213]; [5213]","false","kept (no corr-family)"
"649","871","4427","146.0605","2.077","4,320.7","1","","M+2Na-H; M+NH4","[4479]; [4326]","false","kept (no corr-family)"
"650","1045","5224","420.1872","2.387","3,526.4","1","","M+ACN+Na; M+CH3OH+H; M+IsoProp+H; M+NH4; M+Na","[5316]; [5135, 5136, 5137]; [5321]; [5316]; [5312]","false","kept (no corr-family)"
"651","1026","5144","339.1078","2.342","2,995.3","1","","2M+NH4; M+2H+Na; M+3Na; M+CH3OH+H","[5054]; [5030]; [5030]; [5022]","false","kept (no corr-family)"
"652","630","3369","310.1290","1.423","2,637.2","1","","2M+3H2O+2H; M+IsoProp+Na+H","[3377]; [3377]","false","kept (no corr-family)"
"653","798","4195","234.0977","1.941","2,044.4","1","","2M+ACN+H; 2M+H; M+; M+2ACN+2H; M+2H; M+3H; M+ACN+H; M+H; M+Na","[4196]; [4196]; [4247]; [4199]; [4196]; [4196]; [4196]; [4196]; [4196]","false","kept (no corr-family)"
"654","716","3919","115.0521","1.793","1,335.2","1","","2M+H; M+ACN+2H; M+H; M+H+K","[3921, 3936]; [3855, 3859]; [3921]; [3920]","false","kept (no corr-family)"
"655","923","4640","318.1554","2.172","952.5","1","","2M+ACN+H; 2M+H; M+2H; M+3H; M+ACN+H; M+H; M+Na","[4601]; [4601]; [4601]; [4601]; [4601]; [4601]; [4601]","false","kept (no corr-family)"
"656","1167","5792","447.1845","2.652","851.5","1","","2M+Na; M+Na","[5789]; [5789]","false","kept (no corr-family)"
"657","1068","5361","577.1911","2.442","841.0","1","","2M+ACN+H; 2M+Na; M+ACN+H; M+Na","[5378]; [5368]; [5378]; [5368]","false","kept (no corr-family)"
"658","899","4653","771.1996","2.160","781.6","1","","2M+ACN+H; 2M+H; 2M+NH4; M+2H; M+3H; M+ACN+H; M+CH3OH+H; M+H; M+K; M+NH4; M+Na","[4675]; [4644, 4647, 4675]; [4615, 4648]; [4675]; [4675]; [4675]; [4740]; [4644, 4647, 4675]; [4644]; [4615, 4648]; [4675]","false","kept (no corr-family)"
"659","775","4014","330.1189","1.846","750.2","1","","2M+ACN+H; 2M+NH4; M+; M+2Na-H; M+ACN+H; M+H; M+IsoProp+Na+H; M+NH4","[3885]; [3968]; [3955]; [3925]; [3973]; [3946]; [3946]; [3968]","false","kept (no corr-family)"
"660","1168","5795","519.1987","2.652","643.4","1","","M+2Na; M+H+Na","[5727]; [5727]","false","kept (no corr-family)"
"661","774","4010","476.0015","1.845","588.9","1","","2M+ACN+H; 2M+ACN+Na; 2M+Na; M+2Na; M+2Na-H; M+3Na; M+ACN+Na; M+H; M+Na","[3901]; [3891, 3974]; [3974]; [3974]; [3974]; [3974]; [3974]; [3901]; [3891, 3974]","false","kept (no corr-family)"
"662","896","4655","879.1501","2.146","544.0","1","","2M+ACN+Na; 2M+Na; M+2Na; M+2Na-H; M+3Na; M+ACN+Na; M+K; M+Na","[4652]; [4652]; [4652]; [4652]; [4652]; [4652]; [4639]; [4652]","false","kept (no corr-family)"
"663","1156","5754","405.1741","2.642","416.0","1","","2M+H; 2M+Na; M+2ACN+2H; M+Na","[5679]; [5901]; [5823]; [5901]","false","kept (no corr-family)"
"664","1105","5463","462.1977","2.497","386.6","1","","2M+NH4; M+2Na-H; M+NH4","[5466]; [5474]; [5466]","false","kept (no corr-family)"
"665","831","4283","427.2082","2.006","274.2","1","","2M+ACN+H; 2M+H; M+2H; M+3H; M+ACN+H; M+H; M+Na","[4262]; [4176, 4262]; [4262]; [4262]; [4262]; [4176, 4262]; [4262]","false","kept (no corr-family)"
"666","704","3764","284.1706","1.715","235.1","1","","2M+3H2O+2H; 2M+NH4; M+NH4","[3698]; [3767, 3768, 3770]; [3767, 3768, 3770]","false","kept (no corr-family)"
"667","1038","5218","193.0499","2.354","216.3","1","","M+2H; M+ACN+2H; M+H; M+H+K; M+H+Na","[5053, 5137]; [5053, 5137]; [5053, 5137]; [5042, 5052, 5135, 5136]; [5053, 5137]","false","kept (no corr-family)"
"668","645","3467","166.0491","1.470","210.9","1","","2M+ACN+Na; 2M+Na; M+2Na; M+2Na-H; M+3Na; M+ACN+2H; M+ACN+Na; M+Na","[3466]; [3466]; [3466]; [3466]; [3466, 3471]; [3366]; [3466]; [3466]","false","kept (no corr-family)"
"669","625","3377","305.0998","1.407","194.5","1","","2M+3H2O+2H; 2M+ACN+H; 2M+ACN+Na; 2M+H; 2M+K; 2M+NH4; 2M+Na; M+; M+2ACN+2H; M+2ACN+H; M+2H; M+2H+Na; M+2K-H; M+2Na; M+2Na-H; M+3ACN+2H; M+3H; M+3Na; M+ACN+2H; M+ACN+H; M+ACN+Na; M+CH3OH+H; M+DMSO+H; M+H; M+H+2Na; M+H+K; M+H+NH4; M+H+Na; M+IsoProp+H; M+IsoProp+Na+H; M+K; M+NH4; M+Na","[3250]; [3250]; [3250]; [3250]; [3250, 3254]; [3250]; [3250, 3369]; [3250, 3409]; [3250]; [3250]; [3250]; [3250]; [3250]; [3250]; [3250]; [3250]; [3250]; [3250]; [3250]; [3250]; [3250]; [3250]; [3250, 3369]; [3250]; [3250]; [3250]; [3250]; [3250]; [3250]; [3250, 3302]; [3250, 3254]; [3250]; [3250]","false","kept (no corr-family)"
"670","800","4214","180.0646","1.949","129.6","1","","2M+ACN+Na; 2M+Na; M+2Na; M+2Na-H; M+3Na; M+ACN+Na; M+Na","[4216]; [4216]; [4216]; [4163, 4216]; [4216]; [4216]; [4176, 4216]","false","kept (no corr-family)"
"671","811","4262","449.1928","1.970","105.0","1","","2M+ACN+Na; 2M+Na; M+2Na; M+2Na-H; M+3Na; M+ACN+Na; M+H; M+Na","[4283]; [4163, 4176, 4283]; [4283]; [4163, 4283]; [4283]; [4163, 4283]; [4176]; [4163, 4176, 4283]","false","kept (no corr-family)"
"672","1107","5418","424.2549","2.502","103.3","1","","2M+NH4; M+NH4","[5415]; [5415]","false","kept (no corr-family)"
"673","649","3468","473.1064","1.510","87.8","1","","2M+K; M+K","[3471, 3472]; [3471, 3472]","false","kept (no corr-family)"
"674","616","3376","141.9644","1.385","60.3","1","","M+","[3310]","false","kept (no corr-family)"
"1","2552","21419","506.5304","9.730","106,001.7","0","","none","none","false","kept (no group)"
"2","2287","13344","263.1438","5.971","78,822.1","0","","none","none","false","kept (no group)"
"3","2573","24617","506.5288","11.598","36,162.4","0","","none","none","false","kept (no group)"
"4","2294","13382","435.2503","5.991","34,889.0","0","","none","none","false","kept (no group)"
"5","348","1802","178.9952","0.661","34,854.0","0","","none","none","false","kept (no group)"
"6","1085","5421","186.1494","2.463","33,169.5","0","","none","none","false","kept (no group)"
"7","2279","13381","399.2323","5.964","31,024.5","0","","none","none","false","kept (no group)"
"8","2303","13700","437.2695","6.123","27,664.0","0","","none","none","false","kept (no group)"
"9","2476","16508","277.2169","7.342","24,703.5","0","","none","none","false","kept (no group)"
"10","1835","10079","459.3111","4.414","21,286.8","0","","none","none","false","kept (no group)"
"11","2211","12699","291.1957","5.674","19,742.7","0","","none","none","false","kept (no group)"
"12","2230","12893","291.1960","5.742","18,623.9","0","","none","none","false","kept (no group)"
"13","139","752","266.1601","0.476","16,412.2","0","","none","none","false","kept (no group)"
"14","2086","11762","570.2752","5.202","15,175.6","0","","none","none","false","kept (no group)"
"15","1611","8777","602.2650","3.875","13,249.2","0","","none","none","false","kept (no group)"
"16","2049","11464","293.2118","5.030","8,953.9","0","","none","none","false","kept (no group)"
"17","2525","17865","295.2273","8.064","8,895.2","0","","none","none","false","kept (no group)"
"18","2024","11334","453.2643","4.983","8,597.9","0","","none","none","false","kept (no group)"
"19","1485","7832","626.3459","3.511","8,159.7","0","","none","none","false","kept (no group)"
"20","1999","11110","453.2639","4.868","8,008.4","0","","none","none","false","kept (no group)"
"21","1536","8288","339.1078","3.689","7,448.5","0","","none","none","false","kept (no group)"
"22","2497","17002","293.2111","7.571","6,939.6","0","","none","none","false","kept (no group)"
"23","1907","10645","293.2118","4.691","6,772.0","0","","none","none","false","kept (no group)"
"24","2081","11696","105.0342","5.148","6,256.3","0","","none","none","false","kept (no group)"
"25","615","3322","251.1392","1.385","6,175.9","0","","none","none","false","kept (no group)"
"26","1803","10095","441.3000","4.402","6,134.0","0","","none","none","false","kept (no group)"
"27","2526","18105","295.2274","8.130","5,558.6","0","","none","none","false","kept (no group)"
"28","2013","11233","261.1106","4.923","5,540.2","0","","none","none","false","kept (no group)"
"29","2026","11336","553.2351","4.983","5,334.5","0","","none","none","false","kept (no group)"
"30","1931","10720","433.2383","4.720","5,281.2","0","","none","none","false","kept (no group)"
"31","2082","11662","517.2266","5.148","5,075.6","0","","none","none","false","kept (no group)"
"32","2048","11491","435.2541","5.025","4,708.1","0","","none","none","false","kept (no group)"
"33","2569","22886","535.2711","10.586","4,633.1","0","","none","none","false","kept (no group)"
"34","1087","5420","168.1389","2.463","4,490.0","0","","none","none","false","kept (no group)"
"35","1712","9288","221.1542","4.096","4,385.2","0","","none","none","false","kept (no group)"
"36","2339","14092","495.2752","6.301","4,278.6","0","","none","none","false","kept (no group)"
"37","2149","12065","435.2540","5.342","4,272.0","0","","none","none","false","kept (no group)"
"38","2304","13629","289.1799","6.124","4,232.5","0","","none","none","false","kept (no group)"
"39","1210","6120","191.1436","2.807","4,134.4","0","","none","none","false","kept (no group)"
"40","2547","20828","259.2061","9.450","4,131.1","0","","none","none","false","kept (no group)"
"41","1471","7769","211.1699","3.470","4,074.0","0","","none","none","false","kept (no group)"
"42","2068","11628","437.2677","5.116","3,811.0","0","","none","none","false","kept (no group)"
"43","2560","21735","287.2388","9.927","3,494.5","0","","none","none","false","kept (no group)"
"44","1617","8820","439.2852","3.891","3,460.2","0","","none","none","false","kept (no group)"
"45","2098","11809","584.2543","5.217","3,433.8","0","","none","none","false","kept (no group)"
"46","2524","17860","277.2164","8.052","3,378.5","0","","none","none","false","kept (no group)"
"47","2193","12499","293.2116","5.563","3,228.0","0","","none","none","false","kept (no group)"
"48","659","3486","204.1601","1.554","3,164.1","0","","none","none","false","kept (no group)"
"49","2255","13218","277.1800","5.913","3,150.4","0","","none","none","false","kept (no group)"
"50","2512","17706","277.2165","7.942","3,038.8","0","","none","none","false","kept (no group)"
"51","2330","13921","477.2622","6.223","2,955.3","0","","none","none","false","kept (no group)"
"52","2389","14999","351.2537","6.685","2,949.5","0","","none","none","false","kept (no group)"
"53","2051","11465","311.2225","5.038","2,934.2","0","","none","none","false","kept (no group)"
"54","1845","10150","451.2486","4.442","2,871.7","0","","none","none","false","kept (no group)"
"55","1368","7021","287.0549","3.196","2,866.9","0","","none","none","false","kept (no group)"
"56","1039","5182","232.1914","2.362","2,702.5","0","","none","none","false","kept (no group)"
"57","1916","10637","311.2224","4.711","2,229.5","0","","none","none","false","kept (no group)"
"58","2488","16829","275.2016","7.467","2,193.5","0","","none","none","false","kept (no group)"
"59","2572","23379","520.5109","10.967","1,925.0","0","","none","none","false","kept (no group)"
"60","1982","11058","862.3771","4.858","1,897.3","0","","none","none","false","kept (no group)"
"61","2108","11867","417.2430","5.259","1,637.1","0","","none","none","false","kept (no group)"
"62","1831","9951","321.1460","4.408","1,550.2","0","","none","none","false","kept (no group)"
"63","2504","17337","419.2570","7.728","1,526.5","0","","none","none","false","kept (no group)"
"64","2091","11767","271.2277","5.210","1,359.4","0","","none","none","false","kept (no group)"
"65","2505","17384","421.2743","7.741","1,357.6","0","","none","none","false","kept (no group)"
"66","2527","18130","421.2747","8.141","1,263.9","0","","none","none","false","kept (no group)"
"67","1833","10064","297.1320","4.409","1,254.1","0","","none","none","false","kept (no group)"
"68","2461","16121","317.1738","7.241","1,121.2","0","","none","none","false","kept (no group)"
"69","2494","17007","479.2802","7.557","902.2","0","","none","none","false","kept (no group)"
"70","2296","13598","451.2490","6.075","899.8","0","","none","none","false","kept (no group)"
"71","2443","16086","353.2698","7.187","891.8","0","","none","none","false","kept (no group)"
"72","2057","11534","549.2130","5.059","882.9","0","","none","none","false","kept (no group)"
"73","1709","9238","485.2542","4.062","732.7","0","","none","none","false","kept (no group)"
"74","1595","8654","659.3412","3.818","635.0","0","","none","none","false","kept (no group)"
"75","1971","11103","1,180.5478","4.855","631.1","0","","none","none","false","kept (no group)"
"76","1568","8550","385.1476","3.769","490.3","0","","none","none","false","kept (no group)"
"77","2023","11363","1,188.5563","4.974","467.6","0","","none","none","false","kept (no group)"
"78","1512","8040","369.1171","3.606","465.3","0","","none","none","false","kept (no group)"
"79","2376","14731","362.2688","6.594","444.2","0","","none","none","false","kept (no group)"
"80","2506","17392","461.2665","7.747","412.3","0","","none","none","false","kept (no group)"
"81","2124","11862","365.2327","5.275","378.9","0","","none","none","false","kept (no group)"
"82","2019","11364","615.2101","4.954","357.6","0","","none","none","false","kept (no group)"
"83","1294","6437","381.0801","2.969","356.5","0","","none","none","false","kept (no group)"
"84","2571","23430","560.5020","10.960","301.9","0","","none","none","false","kept (no group)"
"85","2426","15688","651.2226","7.023","293.8","0","","none","none","false","kept (no group)"
"86","658","3495","359.1335","1.545","280.8","0","","none","none","false","kept (no group)"
"87","1542","8367","635.3451","3.725","265.3","0","","none","none","false","kept (no group)"
"88","2570","22948","142.0920","10.646","231.0","0","","none","none","false","kept (no group)"
"89","2369","14573","495.2752","6.542","183.1","0","","none","none","false","kept (no group)"
"90","2464","16319","440.1432","7.279","163.7","0","","none","none","false","kept (no group)"
"91","1408","7280","684.3610","3.293","151.4","0","","none","none","false","kept (no group)"
"92","1438","7492","387.1077","3.371","147.0","0","","none","none","false","kept (no group)"
"93","2189","12489","577.2483","5.546","138.0","0","","none","none","false","kept (no group)"
"94","1720","9357","791.4198","4.136","115.0","0","","none","none","false","kept (no group)"