"","Feature","mz","rt","intensity","iso_group","status","shift"
"3185","3185","889.5790","1.310","196,787.3","395","keep_rep","C13*1 (z=1)"
"3186","3186","890.5840","1.316","109,913.6","395","filtered","none"
"3180","3180","885.5499","1.304","11,010,608.9","394","keep_rep","C13*1 (z=1)"
"3181","3181","886.5535","1.304","5,711,411.1","394","filtered","none"
"3178","3178","883.5344","1.304","1,743,977.0","393","keep_rep","C13*1 (z=1)"
"3179","3179","884.5379","1.304","911,292.7","393","filtered","none"
"3167","3167","868.5707","1.465","1,605,977.4","392","keep_rep","C13*1 (z=1)"
"3169","3169","869.5739","1.465","851,848.6","392","filtered","none"
"3158","3158","861.5499","1.304","1,304,460.2","391","keep_rep","C13*1 (z=1)"
"3159","3159","862.5538","1.304","680,682.0","391","filtered","none"
"3154","3154","856.6073","2.518","1,229,321.5","390","keep_rep","C13*1 (z=1)"
"3156","3156","857.6109","2.518","550,116.8","390","filtered","none"
"3147","3147","852.5762","1.465","455,981.1","389","keep_rep","C13*1 (z=1)"
"3149","3149","853.5794","1.467","213,732.9","389","filtered","none"
"3141","3141","846.5870","2.473","5,746,701.9","388","keep_rep","C13*1 (z=1)"
"3142","3142","847.5906","2.473","2,938,686.1","388","filtered","none"
"3137","3137","844.5697","1.465","1,382,218.1","387","keep_rep","C13*1 (z=1)"
"3140","3140","845.5739","1.469","703,047.9","387","filtered","none"
"3135","3135","842.5554","1.457","2,897,349.1","386","keep_rep","C13*1 (z=1)"
"3136","3136","843.5584","1.451","1,441,172.8","386","filtered","none"
"3133","3133","838.5589","1.324","529,591.1","385","keep_rep","C13*1 (z=1)"
"3134","3134","839.5633","1.324","208,076.0","385","filtered","none"
"3131","3131","836.5434","1.304","1,499,472.6","384","keep_rep","C13*1 (z=1)"
"3132","3132","837.5478","1.304","723,709.4","384","filtered","none"
"3116","3116","826.5604","1.459","892,107.5","383","keep_rep","C13*1 (z=1)"
"3118","3118","827.5642","1.465","376,931.6","383","filtered","none"
"3114","3114","824.7250","16.050","11,479,433.1","382","keep_rep","C13*1 (z=1)"
"3115","3115","825.7282","16.050","1,112,592.2","382","filtered","none"
"3107","3107","821.5331","1.284","521,738.9","381","keep_rep","C13*1 (z=1)"
"3109","3109","822.5366","1.284","259,043.3","381","filtered","none"
"3099","3099","812.5445","1.324","1,218,633.9","380","keep_rep","C13*1 (z=1)"
"3100","3100","813.5479","1.324","549,832.3","380","filtered","none"
"3097","3097","810.5294","1.324","1,622,514.8","379","keep_rep","C13*1 (z=1)"
"3098","3098","811.5324","1.324","779,250.5","379","filtered","none"
"3094","3094","808.1191","7.747","318,311.6","378","keep_rep","C13*1 (z=1)"
"3096","3096","809.1219","7.750","82,393.2","378","filtered","none"
"3091","3091","806.5917","2.585","3,239,210.2","377","keep_rep","C13*1 (z=1)"
"3093","3093","807.5950","2.585","1,540,958.4","377","filtered","none"
"3086","3086","804.5763","2.540","1,066,719.4","376","keep_rep","C13*1 (z=1)"
"3087","3087","805.5793","2.540","496,274.6","376","filtered","none"
"3081","3081","794.5548","2.585","1,044,350.3","375","keep_rep","C13*1 (z=1)"
"3083","3083","795.5586","2.585","489,396.6","375","filtered","none"
"3079","3079","793.5428","1.485","3,678,113.0","374","keep_rep","C13*1 (z=1)"
"3080","3080","794.5467","1.485","799,812.5","374","filtered","none"
"3075","3075","790.5223","1.465","507,410.3","373","keep_rep","C13*1 (z=1)"
"3076","3076","791.5263","1.465","249,689.3","373","filtered","none"
"3072","3072","788.5458","1.337","1,640,464.6","372","keep_rep","C13*1 (z=1)"
"3074","3074","789.5490","1.329","732,641.1","372","filtered","none"
"3070","3070","786.5293","1.324","781,215.9","371","keep_rep","C13*1 (z=1)"
"3071","3071","787.5318","1.324","308,342.4","371","filtered","none"
"3065","3065","778.5604","2.563","3,903,425.1","370","keep_rep","C13*1 (z=1)"
"3067","3067","779.5638","2.563","1,753,558.7","370","filtered","none"
"3064","3064","778.5602","1.526","2,978,279.3","369","keep_rep","C13*1 (z=1)"
"3066","3066","779.5637","1.526","1,355,676.1","369","filtered","none"
"3056","3056","771.7427","16.030","2,268,003.2","368","keep_rep","C13*1 (z=2)"
"3057","3057","772.2441","16.030","405,309.9","368","filtered","none"
"3030","3030","748.5289","2.115","1,696,763.8","367","keep_rep","C13*1 (z=1)"
"3032","3032","749.5329","2.115","702,333.8","367","filtered","none"
"3022","3022","744.0844","10.615","794,385.8","366","keep_rep","C13*1 (z=1)"
"3024","3024","745.0872","10.615","194,471.8","366","filtered","none"
"3018","3018","742.0685","10.315","511,264.5","365","keep_rep","C13*1 (z=1)"
"3020","3020","743.0712","10.314","117,994.5","365","filtered","none"
"3015","3015","738.7567","16.030","3,066,505.6","364","keep_rep","C13*1 (z=2)"
"3016","3016","739.2581","16.030","491,219.1","364","filtered","none"
"2996","2996","718.7606","16.041","6,978,194.6","363","keep_rep","C13*1 (z=1)"
"2998","2998","719.7629","16.044","593,816.4","363","filtered","none"
"2986","2986","697.2915","1.365","6,685,561.8","362","keep_rep","C13*1 (z=1)"
"2987","2987","698.2948","1.365","2,502,776.7","362","filtered","C13*1 (z=1)"
"2989","2989","699.2975","1.364","586,693.8","362","filtered","none"
"2981","2981","693.1192","8.294","2,683,256.5","361","keep_rep","C13*1 (z=1)"
"2982","2982","694.1222","8.294","655,268.0","361","filtered","C13*1 (z=1)"
"2983","2983","695.1239","8.294","138,154.8","361","filtered","none"
"2975","2975","685.7746","16.047","4,848,245.9","360","keep_rep","C13*1 (z=2); C13*1 (z=1)"
"2977","2977","686.2761","16.041","754,740.5","360","filtered","C13*1 (z=2)"
"2978","2978","686.7768","16.047","424,183.7","360","filtered","none"
"2966","2966","671.4172","1.364","746,385.9","359","keep_rep","C13*1 (z=1)"
"2967","2967","672.4202","1.362","294,896.9","359","filtered","none"
"2959","2959","665.7785","16.050","6,193,776.3","358","keep_rep","C13*1 (z=2); C13*1 (z=1)"
"2961","2961","666.2801","16.044","975,948.8","358","filtered","C13*1 (z=2)"
"2963","2963","666.7803","16.044","547,230.8","358","filtered","none"
"2957","2957","664.1177","8.180","1,887,031.0","357","keep_rep","C13*1 (z=1)"
"2958","2958","665.1208","8.180","469,589.7","357","filtered","C13*1 (z=1)"
"2960","2960","666.1228","8.180","103,128.0","357","filtered","none"
"2955","2955","662.1019","8.386","4,136,879.8","356","keep_rep","C13*1 (z=1)"
"2956","2956","663.1049","8.386","980,630.7","356","filtered","none"
"2950","2950","655.4218","1.364","3,228,115.5","355","keep_rep","C13*1 (z=1)"
"2951","2951","656.4253","1.364","1,383,276.3","355","filtered","C13*1 (z=1)"
"2953","2953","657.4279","1.364","306,683.2","355","filtered","none"
"2946","2946","653.3012","1.344","781,543.3","354","keep_rep","C13*1 (z=1)"
"2948","2948","654.3048","1.344","258,775.5","354","filtered","none"
"2945","2945","653.1397","8.432","2,396,964.3","353","keep_rep","C13*1 (z=1)"
"2947","2947","654.1424","8.432","567,443.5","353","filtered","none"
"2930","2930","635.1425","8.521","1,424,854.5","352","keep_rep","C13*1 (z=1)"
"2931","2931","636.1457","8.521","336,971.9","352","filtered","none"
"2926","2926","632.7926","16.050","6,954,531.1","351","keep_rep","C13*1 (z=2); C13*1 (z=1)"
"2927","2927","633.2942","16.050","1,004,594.5","351","filtered","C13*1 (z=2)"
"2928","2928","633.7947","16.050","585,527.8","351","filtered","none"
"2919","2919","628.0566","9.258","721,439.7","350","keep_rep","C13*1 (z=1)"
"2921","2921","629.0597","9.258","127,160.6","350","filtered","none"
"2897","2897","613.1602","8.521","3,187,900.5","349","keep_rep","C13*1 (z=1)"
"2901","2901","614.1632","8.521","766,316.6","349","filtered","none"
"2896","2896","613.1402","9.328","1,877,049.0","348","keep_rep","C13*1 (z=1)"
"2900","2900","614.1436","9.335","423,824.5","348","filtered","C13*1 (z=1)"
"2904","2904","615.1456","9.328","101,150.9","348","filtered","none"
"2895","2895","612.7964","16.050","33,193,581.0","347","keep_rep","C13*1 (z=2); C13*1 (z=1)"
"2898","2898","613.2981","16.050","1,319,532.6","347","filtered","C13*1 (z=2); C13*(1+0.5)"
"2899","2899","613.7996","16.050","2,474,125.2","347","filtered","C13*1 (z=1)"
"2903","2903","614.8008","16.051","946,084.4","347","filtered","none"
"2882","2882","606.0744","9.258","31,115,093.6","346","keep_rep","C13*1 (z=1)"
"2883","2883","607.0777","9.258","6,162,257.0","346","filtered","C13*1 (z=1)"
"2884","2884","608.0794","9.258","1,626,984.5","346","filtered","C13*1 (z=1)"
"2886","2886","609.0829","9.259","256,182.1","346","filtered","none"
"2878","2878","603.9657","10.196","752,003.0","345","keep_rep","C13*1 (z=1)"
"2881","2881","604.9689","10.196","72,960.0","345","filtered","none"
"2872","2872","601.2204","9.212","350,066.7","344","keep_rep","C13*1 (z=1)"
"2874","2874","602.2239","9.211","80,641.9","344","filtered","none"
"2869","2869","599.3204","1.505","1,850,246.4","343","keep_rep","C13*1 (z=1)"
"2870","2870","600.3238","1.505","536,420.1","343","filtered","C13*1 (z=1)"
"2873","2873","601.3263","1.505","76,262.5","343","filtered","none"
"2868","2868","599.3204","2.743","838,861.1","342","keep_rep","C13*1 (z=1)"
"2871","2871","600.3238","2.743","248,021.1","342","filtered","none"
"2864","2864","598.2835","8.499","1,268,581.0","341","keep_rep","C13*1 (z=1)"
"2867","2867","599.2867","8.499","353,888.9","341","filtered","none"
"2861","2861","597.3049","1.505","434,110.2","340","keep_rep","C13*1 (z=1)"
"2865","2865","598.3078","1.505","109,073.1","340","filtered","none"
"2850","2850","584.2680","8.499","1,743,658.4","339","keep_rep","C13*1 (z=1)"
"2853","2853","585.2709","8.499","477,149.6","339","filtered","none"
"2841","2841","579.8104","16.050","8,918,743.0","338","keep_rep","C13*1 (z=2); C13*1 (z=1)"
"2843","2843","580.3120","16.050","1,204,490.6","338","filtered","C13*1 (z=2)"
"2846","2846","580.8125","16.050","711,422.0","338","filtered","none"
"2840","2840","579.0275","11.639","444,208.9","337","keep_rep","C13*1 (z=1)"
"2842","2842","580.0308","11.639","70,505.9","337","filtered","none"
"2831","2831","572.0803","7.701","2,177,153.7","336","keep_rep","C13*1 (z=1)"
"2832","2832","573.0836","7.701","400,981.2","336","filtered","none"
"2825","2825","570.3779","1.587","519,411.7","335","keep_rep","C13*1 (z=1)"
"2829","2829","571.3807","1.587","141,179.3","335","filtered","none"
"2826","2826","570.3779","2.721","180,656.4","334","keep_rep","C13*1 (z=1)"
"2830","2830","571.3812","2.721","45,912.0","334","filtered","none"
"2816","2816","565.0478","10.007","15,246,227.2","333","keep_rep","C13*1 (z=1)"
"2817","2817","566.0512","10.007","2,613,111.7","333","filtered","C13*1 (z=1)"
"2818","2818","567.0527","10.007","701,643.4","333","filtered","none"
"2808","2808","559.8141","16.050","8,878,973.1","332","keep_rep","C13*1 (z=2); C13*1 (z=1)"
"2810","2810","560.3156","16.050","1,162,638.8","332","filtered","C13*1 (z=2)"
"2811","2811","560.8163","16.050","667,589.0","332","filtered","none"
"2798","2798","556.3258","2.721","1,833,659.1","331","keep_rep","C13*1 (z=1)"
"2802","2802","557.3291","2.721","479,971.6","331","filtered","none"
"2792","2792","554.3098","1.587","276,530.2","330","keep_rep","C13*1 (z=1)"
"2797","2797","555.3131","1.587","63,022.6","330","filtered","none"
"2784","2784","546.8250","16.051","18,175,691.8","329","keep_rep","C13*1 (z=1)"
"2786","2786","547.8285","16.051","1,089,067.1","329","filtered","C13*1 (z=1)"
"2787","2787","548.8296","16.051","516,050.8","329","filtered","none"
"2779","2779","543.3502","1.608","345,833.0","328","keep_rep","C13*1 (z=1)"
"2782","2782","544.3530","1.608","44,190.4","328","filtered","none"
"2774","2774","540.0543","8.386","2,724,997.3","327","keep_rep","C13*1 (z=1)"
"2776","2776","541.0577","8.386","445,391.8","327","filtered","none"
"2765","2765","536.5053","1.414","854,381.3","326","keep_rep","C13*1 (z=1)"
"2769","2769","537.5085","1.405","309,325.8","326","filtered","none"
"2761","2761","535.2701","3.879","1,084,288.5","325","keep_rep","C13*1 (z=1)"
"2764","2764","536.2733","3.879","307,638.4","325","filtered","none"
"2760","2760","535.0376","9.936","493,432.0","324","keep_rep","C13*1 (z=1)"
"2763","2763","536.0409","9.936","69,886.4","324","filtered","none"
"2752","2752","529.9558","10.220","1,406,056.6","323","keep_rep","C13*1 (z=1)"
"2753","2753","530.9606","10.220","169,904.9","323","filtered","none"
"2749","2749","527.9578","10.220","9,562,461.8","322","keep_rep","C13*1 (z=1)"
"2750","2750","528.9599","10.220","2,260,623.3","322","filtered","none"
"2747","2747","526.8286","16.050","3,648,007.6","321","keep_rep","C13*1 (z=2)"
"2748","2748","527.3301","16.050","417,306.3","321","filtered","none"
"2741","2741","524.2999","1.485","686,311.8","320","keep_rep","C13*1 (z=1)"
"2743","2743","525.3034","1.485","157,624.7","320","filtered","none"
"2742","2742","524.2998","2.765","218,609.6","319","keep_rep","C13*1 (z=1)"
"2744","2744","525.3033","2.765","49,849.2","319","filtered","none"
"2733","2733","521.9841","11.874","2,981,966.3","318","keep_rep","C13*1 (z=1)"
"2738","2738","522.9876","11.874","309,895.0","318","filtered","none"
"2731","2731","521.2543","3.879","1,400,612.1","317","keep_rep","C13*1 (z=1)"
"2734","2734","522.2577","3.879","379,208.6","317","filtered","none"
"2721","2721","516.9732","10.219","361,940.7","316","keep_rep","C13*1 (z=2)"
"2723","2723","517.4742","10.216","128,390.8","316","filtered","none"
"2716","2716","514.6735","2.879","207,171.8","315","filtered","C13*1 (z=1)"
"2718","2718","515.6813","2.879","208,634.0","315","keep_rep","none"
"2703","2703","509.2889","1.405","551,525.5","314","keep_rep","C13*1 (z=1)"
"2705","2705","510.2921","1.405","110,131.4","314","filtered","none"
"2701","2701","509.1142","3.879","491,115.6","313","keep_rep","C13*1 (z=1)"
"2704","2704","510.1175","3.879","93,411.9","313","filtered","none"
"2693","2693","507.1462","5.653","176,810.3","312","keep_rep","C13*1 (z=1)"
"2697","2697","508.1495","5.653","30,613.7","312","filtered","none"
"2689","2689","506.8323","16.051","36,461,611.6","311","keep_rep","C13*1 (z=1)"
"2695","2695","507.8358","16.051","2,169,381.2","311","filtered","C13*1 (z=1)"
"2698","2698","508.8368","16.051","1,094,012.6","311","filtered","none"
"2685","2685","505.9888","10.219","65,277,479.1","310","keep_rep","C13*1 (z=1)"
"2691","2691","506.9921","10.219","7,340,220.3","310","filtered","C13*1 (z=1)"
"2696","2696","507.9933","10.219","2,055,405.7","310","filtered","C13*1 (z=1)"
"2699","2699","508.9960","10.219","194,920.2","310","filtered","none"
"2682","2682","504.9301","10.995","2,524,263.2","309","keep_rep","C13*1 (z=1)"
"2684","2684","505.9330","10.995","575,231.3","309","filtered","none"
"2675","2675","501.6658","2.902","314,364.1","308","keep_rep","C13*1 (z=2)"
"2676","2676","502.1673","2.902","130,980.6","308","filtered","none"
"2671","2671","500.2788","1.567","567,407.3","307","keep_rep","C13*1 (z=1)"
"2674","2674","501.2821","1.567","133,404.8","307","filtered","none"
"2663","2663","496.9888","11.019","320,353.2","306","keep_rep","C13*1 (z=1)"
"2667","2667","497.9920","11.020","25,910.9","306","filtered","none"
"2658","2658","495.0428","9.142","1,655,399.0","305","keep_rep","C13*1 (z=1)"
"2660","2660","496.0462","9.142","213,071.3","305","filtered","none"
"2652","2652","493.9464","10.972","116,071.0","304","keep_rep","C13*1 (z=2)"
"2656","2656","494.4474","10.971","33,501.0","304","filtered","none"
"2631","2631","488.0311","7.349","94,384.9","303","filtered","C13*1 (z=1)"
"2635","2635","489.0303","7.345","98,310.7","303","keep_rep","C13*1 (z=1)"
"2642","2642","490.0314","7.349","64,522.3","303","filtered","none"
"2630","2630","487.1322","3.879","1,799,561.7","302","keep_rep","C13*1 (z=1)"
"2633","2633","488.1357","3.879","353,598.4","302","filtered","C13*1 (z=1)"
"2637","2637","489.1372","3.879","68,898.4","302","filtered","none"
"2629","2629","487.1003","9.141","5,120,242.8","301","keep_rep","C13*1 (z=1)"
"2632","2632","488.1039","9.141","784,904.9","301","filtered","C13*1 (z=1)"
"2636","2636","489.1054","9.141","158,288.2","301","filtered","none"
"2615","2615","482.9617","10.995","22,938,800.2","300","keep_rep","C13*1 (z=1)"
"2621","2621","483.9653","10.995","2,333,420.2","300","filtered","C13*1 (z=1)"
"2624","2624","484.9662","10.995","764,955.9","300","filtered","C13*1 (z=1)"
"2627","2627","485.9689","10.994","52,807.0","300","filtered","none"
"2604","2604","480.9824","9.913","1,694,731.3","299","keep_rep","C13*1 (z=1)"
"2611","2611","481.9857","9.912","164,045.4","299","filtered","none"
"2600","2600","480.3100","2.721","1,326,165.2","298","keep_rep","C13*1 (z=1)"
"2608","2608","481.3132","2.721","324,838.7","298","filtered","none"
"2601","2601","480.3098","1.567","2,418,186.2","297","keep_rep","C13*1 (z=1)"
"2609","2609","481.3132","1.567","624,129.1","297","filtered","C13*1 (z=1)"
"2613","2613","482.3156","1.567","77,930.5","297","filtered","none"
"2596","2596","478.2942","1.567","635,397.7","296","keep_rep","C13*1 (z=1)"
"2598","2598","479.2976","1.567","144,633.1","296","filtered","none"
"2577","2577","473.2828","1.344","1,784,158.9","295","keep_rep","C13*1 (z=1)"
"2582","2582","474.2863","1.345","528,206.4","295","filtered","none"
"2576","2576","473.2793","7.353","1,145,973.3","294","keep_rep","C13*1 (z=1)"
"2581","2581","474.2827","7.353","260,405.1","294","filtered","none"
"2554","2554","464.3149","1.567","4,294,288.8","293","keep_rep","C13*1 (z=1)"
"2558","2558","465.3184","1.567","1,075,520.0","293","filtered","none"
"2553","2553","464.3149","2.698","2,169,813.0","292","keep_rep","C13*1 (z=1)"
"2559","2559","465.3182","2.698","537,317.8","292","filtered","none"
"2545","2545","462.2994","2.698","196,719.6","291","keep_rep","C13*1 (z=1)"
"2551","2551","463.3026","2.698","40,995.8","291","filtered","none"
"2544","2544","462.2572","1.304","175,024.5","290","filtered","C13*1 (z=1)"
"2549","2549","463.2652","1.304","247,603.1","290","keep_rep","none"
"2543","2543","462.0673","11.306","625,024.5","289","keep_rep","C13*1 (z=1)"
"2547","2547","463.0710","11.306","88,068.0","289","filtered","none"
"2535","2535","459.2636","7.353","1,393,208.6","288","keep_rep","C13*1 (z=1)"
"2538","2538","460.2669","7.353","306,843.2","288","filtered","none"
"2529","2529","457.1871","1.485","1,155,656.4","287","keep_rep","C13*1 (z=1)"
"2532","2532","458.1906","1.485","301,509.9","287","filtered","none"
"2521","2521","454.1505","3.879","625,387.2","286","keep_rep","C13*1 (z=1)"
"2526","2526","455.1538","3.879","103,295.2","286","filtered","none"
"2518","2518","453.8502","16.050","5,081,510.4","285","keep_rep","C13*1 (z=2); C13*1 (z=1)"
"2523","2523","454.3520","16.051","518,871.6","285","filtered","C13*1 (z=2)"
"2524","2524","454.8523","16.060","278,672.1","285","filtered","none"
"2516","2516","453.1665","5.665","207,222.0","284","keep_rep","C13*1 (z=1)"
"2522","2522","454.1698","5.665","26,882.7","284","filtered","none"
"2499","2499","449.1983","9.142","275,466.0","283","keep_rep","C13*1 (z=1)"
"2504","2504","450.2016","9.141","41,589.2","283","filtered","none"
"2498","2498","449.1502","1.425","8,117,968.8","282","keep_rep","C13*1 (z=1)"
"2503","2503","450.1536","1.425","1,650,560.7","282","filtered","none"
"2484","2484","445.9813","8.294","1,813,923.7","281","keep_rep","C13*1 (z=1)"
"2490","2490","446.9831","8.294","353,333.4","281","filtered","none"
"2482","2482","445.0531","9.793","4,813,444.9","280","keep_rep","C13*1 (z=1)"
"2485","2485","446.0569","9.793","561,972.2","280","filtered","none"
"2468","2468","442.0174","11.019","3,803,769.6","279","keep_rep","C13*1 (z=1)"
"2474","2474","443.0212","11.019","398,010.5","279","filtered","none"
"2464","2464","440.8604","16.060","71,239,689.1","278","keep_rep","C13*1 (z=1)"
"2467","2467","441.8638","16.063","3,401,904.0","278","filtered","none"
"2463","2463","440.0223","12.351","559,810.1","277","keep_rep","C13*1 (z=1)"
"2465","2465","441.0253","12.351","64,477.7","277","filtered","none"
"2445","2445","436.2835","2.721","1,708,917.2","276","keep_rep","C13*1 (z=1)"
"2456","2456","437.2870","2.721","370,964.7","276","filtered","none"
"2446","2446","436.2834","1.587","3,381,474.6","275","keep_rep","C13*1 (z=1)"
"2455","2455","437.2868","1.587","721,714.1","275","filtered","none"
"2423","2423","430.0845","4.579","265,242.8","274","keep_rep","C13*1 (z=1)"
"2426","2426","431.0878","4.579","32,314.5","274","filtered","none"
"2412","2412","428.1092","8.027","2,335,711.2","273","keep_rep","C13*1 (z=1)"
"2419","2419","429.1127","8.025","276,443.3","273","filtered","C13*1 (z=1)"
"2424","2424","430.1138","8.024","60,274.3","273","filtered","none"
"2404","2404","426.0225","9.397","33,671,339.6","272","keep_rep","C13*1 (z=1)"
"2407","2407","427.0261","9.398","3,581,577.5","272","filtered","none"
"2401","2401","425.0810","10.082","989,963.9","271","keep_rep","C13*1 (z=1)"
"2406","2406","426.0844","10.083","109,548.0","271","filtered","none"
"2391","2391","422.9542","9.190","1,149,678.2","270","keep_rep","C13*1 (z=1)"
"2397","2397","423.9558","9.188","197,555.4","270","filtered","none"
"2390","2390","422.0880","11.377","723,292.2","269","keep_rep","C13*1 (z=1)"
"2393","2393","423.0915","11.377","105,412.8","269","filtered","none"
"2378","2378","419.9881","12.351","2,580,494.2","268","keep_rep","C13*1 (z=1)"
"2383","2383","420.9899","12.351","508,006.8","268","filtered","none"
"2361","2361","416.7613","1.304","285,838.5","267","keep_rep","C13*1 (z=1)"
"2368","2368","417.7689","1.304","273,907.0","267","filtered","none"
"2353","2353","414.8461","9.720","4,338,864.3","266","keep_rep","C13*1 (z=1)"
"2358","2358","415.8457","9.721","198,768.0","266","filtered","none"
"2346","2346","413.1972","1.485","7,829,137.2","265","keep_rep","C13*1 (z=1)"
"2351","2351","414.2007","1.485","2,044,677.1","265","filtered","C13*1 (z=1)"
"2356","2356","415.2034","1.485","306,869.6","265","filtered","none"
"2324","2324","408.1416","4.110","425,868.2","264","keep_rep","C13*1 (z=1)"
"2328","2328","409.1450","4.111","70,440.5","264","filtered","none"
"2320","2320","407.1148","7.353","709,725.5","263","keep_rep","C13*1 (z=1)"
"2323","2323","408.1184","7.352","87,995.0","263","filtered","none"
"2310","2310","404.7613","1.324","301,339.6","262","keep_rep","C13*1 (z=1)"
"2315","2315","405.7691","1.324","249,181.0","262","filtered","none"
"2308","2308","404.1314","3.832","772,660.4","261","keep_rep","C13*1 (z=1)"
"2313","2313","405.1349","3.832","120,060.5","261","filtered","none"
"2303","2303","403.5559","7.750","476,719.0","260","keep_rep","C13*1 (z=2)"
"2307","2307","404.0575","7.751","127,277.7","260","filtered","none"
"2300","2300","402.9951","10.171","16,950,481.2","259","keep_rep","C13*1 (z=1)"
"2304","2304","403.9988","10.172","1,650,054.1","259","filtered","C13*1 (z=1)"
"2311","2311","404.9996","10.172","432,368.2","259","filtered","none"
"2290","2290","401.0829","3.997","373,924.2","258","keep_rep","C13*1 (z=1)"
"2296","2296","402.0865","3.996","46,811.1","258","filtered","none"
"2286","2286","400.8679","16.051","225,464,684.8","257","keep_rep","C13*1 (z=2); C13*1 (z=1); C13*(1+0.5)"
"2292","2292","401.3696","16.050","5,705,149.5","257","filtered","C13*1 (z=2); C13*1 (z=1); C13*(1+0.5)"
"2293","2293","401.8710","16.051","10,849,582.1","257","filtered","C13*1 (z=2); C13*1 (z=1)"
"2298","2298","402.3718","16.060","246,764.8","257","filtered","C13*1 (z=2)"
"2299","2299","402.8722","16.051","4,147,043.1","257","filtered","none"
"2271","2271","395.2440","1.384","2,581,223.3","256","keep_rep","C13*1 (z=1)"
"2277","2277","396.2476","1.384","604,831.8","256","filtered","none"
"2267","2267","393.7690","1.324","479,002.1","255","keep_rep","C13*1 (z=2)"
"2269","2269","394.2706","1.324","200,002.4","255","filtered","none"
"2260","2260","392.1599","7.353","1,086,090.9","254","keep_rep","C13*1 (z=1)"
"2264","2264","393.1633","7.353","146,467.0","254","filtered","none"
"2232","2232","387.1653","8.002","747,048.0","253","keep_rep","C13*1 (z=1)"
"2237","2237","388.1688","8.002","90,595.0","253","filtered","none"
"2231","2231","387.1538","7.957","1,011,616.5","252","keep_rep","C13*1 (z=1)"
"2236","2236","388.1574","7.957","131,240.1","252","filtered","none"
"2223","2223","386.1321","4.626","558,781.3","251","keep_rep","C13*1 (z=1)"
"2230","2230","387.1357","4.626","76,733.8","251","filtered","none"
"2216","2216","385.1788","1.485","3,583,329.3","250","keep_rep","C13*1 (z=1)"
"2225","2225","386.1821","1.485","859,383.0","250","filtered","none"
"2214","2214","385.1329","7.345","1,346,854.0","249","keep_rep","C13*1 (z=1)"
"2224","2224","386.1364","7.345","172,197.9","249","filtered","none"
"2201","2201","383.1146","7.539","503,155.3","248","keep_rep","C13*1 (z=1)"
"2206","2206","384.1182","7.539","64,035.8","248","filtered","none"
"2195","2195","382.5504","8.565","1,045,175.9","247","keep_rep","C13*1 (z=2)"
"2199","2199","383.0517","8.565","229,518.0","247","filtered","none"
"2190","2190","381.1104","8.090","2,684,306.3","246","keep_rep","C13*1 (z=1)"
"2194","2194","382.1140","8.090","280,339.5","246","filtered","none"
"2185","2185","380.0156","10.499","987,340.5","245","keep_rep","C13*1 (z=1)"
"2188","2188","381.0192","10.499","73,880.8","245","filtered","none"
"2182","2182","379.1010","4.042","867,858.9","244","keep_rep","C13*1 (z=1)"
"2186","2186","380.1049","4.042","118,997.6","244","filtered","none"
"2177","2177","378.0978","7.353","207,322.9","243","keep_rep","C13*1 (z=1)"
"2183","2183","379.1015","7.353","19,655.7","243","filtered","none"
"2164","2164","375.1538","7.957","478,941.3","242","keep_rep","C13*1 (z=1)"
"2169","2169","376.1575","7.957","53,984.7","242","filtered","none"
"2161","2161","374.7734","16.507","4,343,310.5","241","keep_rep","C13*1 (z=1)"
"2167","2167","375.7769","16.507","148,710.3","241","filtered","none"
"2155","2155","373.1002","10.291","1,035,724.0","240","keep_rep","C13*1 (z=1)"
"2159","2159","374.1041","10.291","138,171.5","240","filtered","none"
"2150","2150","372.1051","3.902","2,656,399.0","239","keep_rep","C13*1 (z=1)"
"2156","2156","373.1087","3.903","399,924.3","239","filtered","none"
"2148","2148","371.5386","10.615","751,845.9","238","keep_rep","C13*1 (z=2)"
"2149","2149","372.0402","10.615","174,291.3","238","filtered","none"
"2146","2146","371.1366","7.353","6,786,898.7","237","keep_rep","C13*1 (z=1)"
"2152","2152","372.1401","7.353","869,049.0","237","filtered","C13*1 (z=1)"
"2157","2157","373.1412","7.353","181,925.1","237","filtered","none"
"2136","2136","369.1983","14.090","310,422.4","236","keep_rep","C13*1 (z=1)"
"2142","2142","370.2017","14.090","27,252.5","236","filtered","none"
"2122","2122","368.0378","8.294","1,437,158.0","235","keep_rep","C13*1 (z=1)"
"2130","2130","369.0421","8.294","138,148.4","235","filtered","none"
"2120","2120","367.8820","16.051","64,851,225.6","234","keep_rep","C13*1 (z=2); C13*1 (z=1)"
"2126","2126","368.3837","16.051","5,522,166.7","234","filtered","C13*1 (z=2)"
"2127","2127","368.8841","16.051","3,115,555.7","234","filtered","none"
"2119","2119","367.3582","1.343","390,043.1","233","keep_rep","C13*1 (z=1)"
"2125","2125","368.3614","1.345","66,912.5","233","filtered","none"
"2107","2107","364.1188","7.844","734,072.3","232","keep_rep","C13*1 (z=1)"
"2113","2113","365.1222","7.844","88,365.5","232","filtered","none"
"2098","2098","363.1511","7.353","498,833.2","231","keep_rep","C13*1 (z=1)"
"2108","2108","364.1543","7.353","57,402.2","231","filtered","none"
"2095","2095","363.0352","11.019","1,575,055.2","230","keep_rep","C13*1 (z=1)"
"2103","2103","364.0391","11.020","156,375.6","230","filtered","C13*1 (z=1)"
"2112","2112","365.0396","11.019","27,350.8","230","filtered","none"
"2090","2090","362.0510","10.125","10,166,793.2","229","keep_rep","C13*1 (z=1)"
"2096","2096","363.0550","10.125","1,035,337.6","229","filtered","C13*1 (z=1)"
"2104","2104","364.0557","10.125","176,605.1","229","filtered","none"
"2083","2083","360.9984","3.902","482,778.3","228","keep_rep","C13*1 (z=1)"
"2088","2088","361.9999","3.902","64,349.1","228","filtered","none"
"2070","2070","358.7996","16.482","5,639,578.0","227","keep_rep","C13*1 (z=1)"
"2076","2076","359.8029","16.482","196,906.1","227","filtered","none"
"2056","2056","355.1680","1.485","1,689,020.0","226","keep_rep","C13*1 (z=1)"
"2060","2060","356.1716","1.485","335,024.1","226","filtered","none"
"2044","2044","351.1774","7.376","514,127.2","225","keep_rep","C13*1 (z=1)"
"2046","2046","352.1809","7.376","67,188.2","225","filtered","none"
"2025","2025","347.8858","16.051","63,064,654.1","224","keep_rep","C13*1 (z=2); C13*1 (z=1)"
"2030","2030","348.3875","16.050","5,352,364.1","224","filtered","C13*1 (z=2)"
"2031","2031","348.8880","16.050","2,890,275.3","224","filtered","none"
"2019","2019","347.0400","9.397","17,301,074.7","223","keep_rep","C13*1 (z=1)"
"2026","2026","348.0438","9.397","1,807,762.1","223","filtered","C13*1 (z=1)"
"2034","2034","349.0448","9.397","309,516.8","223","filtered","none"
"2017","2017","346.1193","4.110","482,320.9","222","keep_rep","C13*1 (z=1)"
"2023","2023","347.1229","4.110","52,675.1","222","filtered","none"
"2016","2016","346.1178","7.330","2,258,695.9","221","keep_rep","C13*1 (z=1)"
"2022","2022","347.1211","7.330","267,654.1","221","filtered","none"
"2014","2014","346.0559","8.294","76,494,718.1","220","keep_rep","C13*1 (z=1)"
"2020","2020","347.0597","8.294","7,979,502.1","220","filtered","C13*1 (z=1)"
"2027","2027","348.0607","8.294","1,258,596.9","220","filtered","C13*1 (z=1)"
"2036","2036","349.0637","8.294","98,207.8","220","filtered","none"
"1994","1994","343.0201","9.072","1,960,006.5","219","keep_rep","C13*1 (z=1)"
"2003","2003","344.0235","9.072","129,369.9","219","filtered","none"
"1989","1989","342.0444","12.351","1,323,733.3","218","keep_rep","C13*1 (z=1)"
"1996","1996","343.0479","12.351","153,692.2","218","filtered","none"
"1970","1970","339.2000","1.356","11,608,953.1","217","keep_rep","C13*1 (z=1)"
"1977","1977","340.2034","1.361","2,349,249.6","217","filtered","none"
"1969","1969","339.1233","4.579","1,183,149.7","216","keep_rep","C13*1 (z=1)"
"1976","1976","340.1268","4.578","137,186.7","216","filtered","none"
"1957","1957","337.3116","1.361","256,978.7","215","keep_rep","C13*1 (z=1)"
"1961","1961","338.3148","1.365","33,101.8","215","filtered","none"
"1950","1950","337.0557","9.188","9,392,274.9","214","keep_rep","C13*1 (z=1)"
"1959","1959","338.0596","9.188","884,845.4","214","filtered","C13*1 (z=1)"
"1966","1966","339.0600","9.187","167,404.6","214","filtered","none"
"1944","1944","336.8177","16.507","3,459,278.2","213","keep_rep","C13*1 (z=1)"
"1958","1958","337.8212","16.507","117,258.0","213","filtered","none"
"1930","1930","334.8963","16.065","249,162,280.6","212","keep_rep","C13*1 (z=1)"
"1939","1939","335.8996","16.067","9,100,703.0","212","filtered","C13*1 (z=1)"
"1947","1947","336.9008","16.065","4,578,027.2","212","filtered","none"
"1921","1921","333.0917","1.587","1,618,933.7","211","keep_rep","C13*1 (z=1)"
"1927","1927","334.0955","1.587","243,476.6","211","filtered","none"
"1920","1920","333.0593","9.606","5,084,781.4","210","keep_rep","C13*1 (z=1)"
"1926","1926","334.0628","9.606","490,904.2","210","filtered","C13*1 (z=1)"
"1933","1933","335.0638","9.606","97,381.0","210","filtered","none"
"1907","1907","330.0612","7.587","860,447.5","209","keep_rep","C13*1 (z=1)"
"1916","1916","331.0649","7.587","74,483.4","209","filtered","none"
"1906","1906","329.2490","1.385","459,065.2","208","keep_rep","C13*1 (z=1)"
"1909","1909","330.2521","1.384","68,329.5","208","filtered","none"
"1889","1889","328.0585","8.543","4,158,395.2","207","keep_rep","C13*1 (z=1)"
"1903","1903","329.0627","8.543","460,673.2","207","filtered","none"
"1887","1887","327.2329","1.385","632,445.8","206","keep_rep","C13*1 (z=1)"
"1895","1895","328.2368","1.384","90,441.3","206","filtered","none"
"1885","1885","327.1803","1.365","1,186,954.2","205","keep_rep","C13*1 (z=1)"
"1894","1894","328.1835","1.365","203,189.4","205","filtered","none"
"1871","1871","325.1844","1.365","28,021,840.3","204","keep_rep","C13*1 (z=1)"
"1877","1877","326.1878","1.365","5,371,266.9","204","filtered","C13*1 (z=1)"
"1886","1886","327.1907","1.364","539,302.0","204","filtered","none"
"1857","1857","323.0287","9.165","23,933,476.1","203","keep_rep","C13*1 (z=1)"
"1865","1865","324.0323","9.165","2,342,335.1","203","filtered","C13*1 (z=1)"
"1870","1870","325.0332","9.165","457,506.1","203","filtered","none"
"1854","1854","322.9829","8.958","1,151,659.7","202","keep_rep","C13*1 (z=1)"
"1864","1864","323.9860","8.958","95,682.4","202","filtered","none"
"1843","1843","321.0496","7.657","1,921,241.1","201","keep_rep","C13*1 (z=1)"
"1849","1849","322.0531","7.657","191,360.1","201","filtered","none"
"1834","1834","320.0626","12.351","21,490,048.8","200","keep_rep","C13*1 (z=1)"
"1844","1844","321.0660","12.351","2,638,790.6","200","filtered","C13*1 (z=1)"
"1850","1850","322.0671","12.351","483,497.3","200","filtered","none"
"1828","1828","319.0437","10.053","788,675.8","199","keep_rep","C13*1 (z=1)"
"1833","1833","320.0472","10.055","53,125.0","199","filtered","none"
"1826","1826","318.0960","8.024","29,131,882.6","198","keep_rep","C13*1 (z=1)"
"1831","1831","319.0995","8.027","2,868,406.4","198","filtered","C13*1 (z=1)"
"1838","1838","320.1005","8.025","572,668.1","198","filtered","C13*1 (z=1)"
"1846","1846","321.1037","8.024","47,044.3","198","filtered","none"
"1802","1802","315.0814","5.047","375,835.4","197","keep_rep","C13*1 (z=1)"
"1813","1813","316.0845","5.047","32,284.1","197","filtered","none"
"1801","1801","315.0811","8.670","4,148,512.0","196","keep_rep","C13*1 (z=1)"
"1812","1812","316.0842","8.670","418,931.3","196","filtered","none"
"1790","1790","314.9001","16.051","8,581,964.4","195","keep_rep","C13*1 (z=2)"
"1809","1809","315.4016","16.051","584,965.6","195","filtered","none"
"1782","1782","313.1648","1.383","1,555,532.8","194","keep_rep","C13*1 (z=1)"
"1788","1788","314.1679","1.383","256,098.5","194","filtered","none"
"1770","1770","312.1303","7.912","870,968.6","193","keep_rep","C13*1 (z=1)"
"1781","1781","313.1339","7.912","94,567.9","193","filtered","none"
"1760","1760","311.2958","1.385","1,863,262.4","192","keep_rep","C13*1 (z=1)"
"1773","1773","312.2994","1.385","386,403.2","192","filtered","none"
"1758","1758","311.1689","2.608","8,622,052.2","191","keep_rep","C13*1 (z=1)"
"1772","1772","312.1724","2.608","1,526,481.0","191","filtered","none"
"1756","1756","311.1688","1.367","36,447,121.9","190","keep_rep","C13*1 (z=1)"
"1771","1771","312.1723","1.367","6,545,967.3","190","filtered","C13*1 (z=1)"
"1783","1783","313.1751","1.367","615,826.6","190","filtered","none"
"1748","1748","310.1146","7.935","1,605,707.3","189","keep_rep","C13*1 (z=1)"
"1755","1755","311.1181","7.935","176,528.2","189","filtered","none"
"1743","1743","309.2802","1.384","1,542,898.6","188","keep_rep","C13*1 (z=1)"
"1750","1750","310.2836","1.384","305,541.6","188","filtered","none"
"1731","1731","308.9784","10.267","727,380.8","187","keep_rep","C13*1 (z=1)"
"1745","1745","309.9820","10.268","28,665.2","187","filtered","none"
"1724","1724","308.0990","7.657","1,219,602.9","186","keep_rep","C13*1 (z=1)"
"1739","1739","309.1024","7.657","141,013.4","186","filtered","none"
"1721","1721","308.0724","8.543","13,101,741.8","185","keep_rep","C13*1 (z=1)"
"1737","1737","309.0758","8.543","1,383,495.2","185","filtered","none"
"1716","1716","307.2642","1.388","460,575.8","184","keep_rep","C13*1 (z=1)"
"1728","1728","308.2677","1.387","65,460.0","184","filtered","none"
"1713","1713","307.1125","3.621","1,205,766.1","183","keep_rep","C13*1 (z=1)"
"1725","1725","308.1160","3.621","181,328.1","183","filtered","none"
"1712","1712","307.1124","1.630","1,486,374.7","182","keep_rep","C13*1 (z=1)"
"1726","1726","308.1159","1.630","225,450.6","182","filtered","none"
"1705","1705","306.0766","8.543","311,305,192.2","181","keep_rep","C13*1 (z=1)"
"1709","1709","307.0800","8.542","33,944,045.9","181","filtered","C13*1 (z=1)"
"1722","1722","308.0812","8.543","4,245,239.9","181","filtered","C13*1 (z=1)"
"1738","1738","309.0845","8.543","363,608.1","181","filtered","none"
"1703","1703","306.0582","3.996","4,543,039.5","180","keep_rep","C13*1 (z=1)"
"1708","1708","307.0617","3.996","432,131.4","180","filtered","none"
"1684","1684","303.2330","1.410","1,321,280.8","179","keep_rep","C13*1 (z=1)"
"1694","1694","304.2364","1.410","264,698.9","179","filtered","none"
"1681","1681","303.0836","10.384","1,316,585.6","178","keep_rep","C13*1 (z=1)"
"1693","1693","304.0871","10.384","149,114.4","178","filtered","none"
"1674","1674","302.5337","9.258","3,458,128.7","177","keep_rep","C13*1 (z=2); C13*1 (z=1)"
"1679","1679","303.0355","9.258","653,268.5","177","filtered","C13*1 (z=2)"
"1685","1685","303.5363","9.258","162,537.4","177","filtered","none"
"1670","1670","302.0521","12.351","15,295,576.8","176","keep_rep","C13*1 (z=1)"
"1680","1680","303.0555","12.351","1,843,617.2","176","filtered","C13*1 (z=1)"
"1690","1690","304.0566","12.349","291,255.8","176","filtered","none"
"1662","1662","301.0420","4.579","660,211.9","175","keep_rep","C13*1 (z=1)"
"1669","1669","302.0453","4.579","62,222.6","175","filtered","none"
"1653","1653","300.0491","8.981","3,987,278.4","174","keep_rep","C13*1 (z=1)"
"1664","1664","301.0525","8.981","349,343.7","174","filtered","none"
"1651","1651","299.2593","1.405","935,412.5","173","keep_rep","C13*1 (z=1)"
"1657","1657","300.2630","1.400","135,814.3","173","filtered","none"
"1637","1637","298.1145","7.892","1,257,045.8","172","keep_rep","C13*1 (z=1)"
"1646","1646","299.1180","7.890","128,459.9","172","filtered","none"
"1629","1629","297.1530","1.385","14,879,070.3","171","keep_rep","C13*1 (z=1)"
"1640","1640","298.1566","1.385","2,476,556.3","171","filtered","C13*1 (z=1)"
"1650","1650","299.1589","1.384","175,365.9","171","filtered","none"
"1628","1628","297.1345","2.721","39,632,565.6","170","keep_rep","C13*1 (z=1)"
"1638","1638","298.1378","2.721","6,562,097.9","170","filtered","C13*1 (z=1)"
"1648","1648","299.1400","2.721","713,224.5","170","filtered","none"
"1606","1606","294.9036","16.065","172,949,189.8","169","keep_rep","C13*1 (z=2); C13*1 (z=1)"
"1615","1615","295.4053","16.060","2,427,558.2","169","filtered","C13*1 (z=2)"
"1617","1617","295.9068","16.060","6,000,574.2","169","filtered","none"
"1605","1605","294.8855","6.677","113,960.3","168","filtered","C13*1 (z=1)"
"1616","1616","295.8868","6.677","140,774.0","168","filtered","C13*1 (z=1)"
"1623","1623","296.8854","6.677","146,331.7","168","keep_rep","none"
"1585","1585","292.9236","9.674","25,973,576.2","167","keep_rep","C13*1 (z=1)"
"1596","1596","293.9281","9.674","109,804.5","167","filtered","C13*1 (z=1)"
"1607","1607","294.9276","9.674","612,124.6","167","filtered","none"
"1583","1583","292.8278","16.507","9,571,401.7","166","keep_rep","C13*1 (z=1)"
"1595","1595","293.8313","16.507","222,119.6","166","filtered","none"
"1574","1574","290.9680","10.995","2,333,510.7","165","keep_rep","C13*1 (z=1)"
"1578","1578","291.9714","10.995","117,894.0","165","filtered","C13*1 (z=1)"
"1587","1587","292.9723","10.996","35,853.6","165","filtered","none"
"1561","1561","289.0333","9.913","469,731.2","164","keep_rep","C13*1 (z=1)"
"1572","1572","290.0367","9.912","27,421.5","164","filtered","none"
"1551","1551","287.0524","6.794","1,286,537.9","163","keep_rep","C13*1 (z=1)"
"1555","1555","288.0558","6.793","132,891.8","163","filtered","none"
"1550","1550","287.0498","8.958","2,707,212.1","162","keep_rep","C13*1 (z=1)"
"1554","1554","288.0534","8.958","223,262.4","162","filtered","none"
"1540","1540","286.0560","4.177","603,042.9","161","keep_rep","C13*1 (z=1)"
"1552","1552","287.0595","4.180","51,772.5","161","filtered","none"
"1524","1524","283.2644","1.425","260,087,165.1","160","keep_rep","C13*1 (z=1)"
"1530","1530","284.2677","1.424","51,041,903.5","160","filtered","C13*1 (z=1)"
"1536","1536","285.2709","1.424","4,762,090.9","160","filtered","C13*1 (z=1)"
"1543","1543","286.2737","1.425","315,735.3","160","filtered","none"
"1517","1517","283.0686","6.724","1,644,072.6","159","keep_rep","C13*1 (z=1)"
"1528","1528","284.0721","6.724","164,698.6","159","filtered","none"
"1509","1509","282.0204","10.007","708,788.0","158","keep_rep","C13*1 (z=2)"
"1514","1514","282.5221","10.007","115,813.3","158","filtered","none"
"1507","1507","281.2488","1.405","12,483,400.1","157","keep_rep","C13*1 (z=1)"
"1513","1513","282.2521","1.405","2,371,538.5","157","filtered","none"
"1499","1499","280.9971","7.353","1,698,617.3","156","keep_rep","C13*1 (z=1)"
"1508","1508","281.9974","7.353","157,217.8","156","filtered","none"
"1496","1496","280.4507","10.220","198,820.4","155","filtered","C13*1 (z=2)"
"1498","1498","280.9496","10.220","232,199.7","155","keep_rep","none"
"1486","1486","279.1240","1.485","20,831,148.5","154","keep_rep","C13*1 (z=1)"
"1494","1494","280.1273","1.485","3,375,045.1","154","filtered","C13*1 (z=1)"
"1506","1506","281.1298","1.485","313,832.5","154","filtered","none"
"1483","1483","279.0600","4.579","3,166,540.8","153","keep_rep","C13*1 (z=1)"
"1493","1493","280.0634","4.579","329,157.2","153","filtered","none"
"1465","1465","276.8537","16.458","11,757,863.5","152","keep_rep","C13*1 (z=1)"
"1472","1472","277.8572","16.458","274,897.6","152","filtered","none"
"1448","1448","272.0890","8.522","4,498,174.9","151","keep_rep","C13*1 (z=1)"
"1454","1454","273.0926","8.522","450,761.9","151","filtered","none"
"1443","1443","271.2281","1.425","855,211.2","150","keep_rep","C13*1 (z=1)"
"1449","1449","272.2313","1.417","110,527.8","150","filtered","none"
"1435","1435","270.9319","9.118","1,672,273.2","149","keep_rep","C13*1 (z=1)"
"1444","1444","271.9317","9.118","188,917.0","149","filtered","none"
"1427","1427","269.2487","1.424","2,157,066.9","148","keep_rep","C13*1 (z=1)"
"1432","1432","270.2521","1.425","394,560.6","148","filtered","none"
"1421","1421","268.9245","16.068","107,892,829.8","147","keep_rep","C13*1 (z=1)"
"1428","1428","269.9279","16.071","2,517,440.1","147","filtered","C13*1 (z=1)"
"1434","1434","270.9288","16.071","1,679,464.6","147","filtered","none"
"1413","1413","267.0738","4.883","1,040,063.4","146","keep_rep","C13*1 (z=1)"
"1418","1418","268.0772","4.883","97,561.0","146","filtered","none"
"1392","1392","265.0445","3.879","1,620,050.1","145","keep_rep","C13*1 (z=1)"
"1404","1404","266.0478","3.879","150,676.6","145","filtered","none"
"1382","1382","263.4755","10.220","3,401,368.8","144","keep_rep","C13*1 (z=2)"
"1384","1384","263.9765","10.220","720,920.2","144","filtered","C13*1 (z=2)"
"1388","1388","264.4738","10.220","419,275.0","144","filtered","none"
"1363","1363","260.8798","16.361","9,788,007.1","143","keep_rep","C13*1 (z=1)"
"1373","1373","261.8832","16.362","216,526.1","143","filtered","C13*1 (z=1)"
"1378","1378","262.8840","16.362","101,813.4","143","filtered","none"
"1340","1340","257.0894","4.672","778,521.9","142","keep_rep","C13*1 (z=1)"
"1348","1348","258.0926","4.672","68,104.0","142","filtered","none"
"1334","1334","256.0958","8.024","20,644,653.9","141","keep_rep","C13*1 (z=1)"
"1341","1341","257.0990","8.025","1,697,832.2","141","filtered","C13*1 (z=1)"
"1349","1349","258.0998","8.024","222,410.9","141","filtered","none"
"1329","1329","255.2332","1.442","473,830,417.8","140","keep_rep","C13*1 (z=1)"
"1335","1335","256.2365","1.442","82,875,225.6","140","filtered","C13*1 (z=1)"
"1344","1344","257.2397","1.442","6,462,178.0","140","filtered","C13*1 (z=1)"
"1350","1350","258.2414","1.445","361,085.1","140","filtered","none"
"1318","1318","254.6981","2.879","865,972.7","139","keep_rep","C13*1 (z=3)"
"1327","1327","255.0325","2.879","211,271.6","139","filtered","none"
"1314","1314","253.2177","1.425","2,814,272.2","138","keep_rep","C13*1 (z=1)"
"1317","1317","254.2213","1.425","440,950.0","138","filtered","none"
"1305","1305","251.9620","10.995","902,603.2","137","keep_rep","C13*1 (z=2)"
"1309","1309","252.4629","10.995","171,455.1","137","filtered","none"
"1290","1290","249.1136","1.485","1,037,933.8","136","keep_rep","C13*1 (z=1)"
"1296","1296","250.1169","1.485","142,542.7","136","filtered","none"
"1283","1283","248.0802","2.653","390,852.8","135","keep_rep","C13*1 (z=2)"
"1284","1284","248.5818","2.653","95,560.3","135","filtered","none"
"1280","1280","248.0544","6.840","3,364,437.1","134","keep_rep","C13*1 (z=1)"
"1289","1289","249.0579","6.840","225,827.4","134","filtered","none"
"1267","1267","246.0574","6.840","9,123,497.8","133","keep_rep","C13*1 (z=1)"
"1277","1277","247.0609","6.840","633,194.3","133","filtered","none"
"1265","1265","245.9713","5.047","972,690.3","132","keep_rep","C13*1 (z=1)"
"1273","1273","246.9714","5.047","68,840.7","132","filtered","none"
"1262","1262","245.9093","16.278","366,155.7","131","keep_rep","C13*1 (z=1)"
"1271","1271","246.9102","16.287","187,934.2","131","filtered","none"
"1259","1259","245.0433","7.214","20,531,833.0","130","keep_rep","C13*1 (z=1)"
"1266","1266","246.0467","7.214","1,256,647.8","130","filtered","C13*1 (z=1)"
"1275","1275","247.0476","7.213","274,375.2","130","filtered","none"
"1238","1238","243.0624","5.792","1,537,568.8","129","keep_rep","C13*1 (z=1)"
"1251","1251","244.0658","5.791","139,147.5","129","filtered","none"
"1239","1239","243.0623","3.902","2,291,577.2","128","keep_rep","C13*1 (z=1)"
"1252","1252","244.0657","3.902","210,486.2","128","filtered","none"
"1225","1225","242.0786","5.654","7,602,344.2","127","keep_rep","C13*1 (z=1)"
"1242","1242","243.0756","5.653","55,397.0","127","filtered","C13*1 (z=1)"
"1244","1244","243.0817","5.653","707,432.3","127","filtered","C13*1 (z=1)"
"1254","1254","244.0829","5.653","64,666.0","127","filtered","none"
"1220","1220","241.0721","8.024","192,250.1","126","filtered","C13*1 (z=1)"
"1227","1227","242.0801","8.024","1,136,117.3","126","keep_rep","C13*1 (z=1)"
"1245","1245","243.0829","8.024","61,602.8","126","filtered","none"
"1209","1209","240.0517","12.351","2,405,254.1","125","keep_rep","C13*1 (z=1)"
"1217","1217","241.0549","12.351","240,440.3","125","filtered","none"
"1196","1196","238.8595","16.507","9,656,937.4","124","keep_rep","C13*1 (z=1)"
"1207","1207","239.8629","16.507","209,986.6","124","filtered","none"
"1190","1190","238.0255","6.840","785,187.5","123","keep_rep","C13*1 (z=1)"
"1201","1201","239.0289","6.842","65,613.3","123","filtered","none"
"1178","1178","236.8613","16.507","45,139,138.5","122","keep_rep","C13*1 (z=1)"
"1187","1187","237.8647","16.507","1,024,207.6","122","filtered","none"
"1165","1165","234.9567","4.134","594,397.5","121","keep_rep","C13*1 (z=1)"
"1173","1173","235.9564","4.134","38,275.9","121","filtered","none"
"1161","1161","233.7997","6.747","251,020.7","120","filtered","C13*1 (z=1)"
"1163","1163","234.8031","6.747","379,237.7","120","keep_rep","none"
"1146","1146","231.0622","8.586","2,998,424.6","119","keep_rep","C13*1 (z=1)"
"1151","1151","232.0656","8.586","234,205.4","119","filtered","none"
"1139","1139","230.8013","6.724","448,302.4","118","keep_rep","C13*1 (z=1)"
"1149","1149","231.8029","6.724","337,374.4","118","filtered","none"
"1138","1138","230.5299","11.306","277,000.7","117","keep_rep","C13*1 (z=2)"
"1145","1145","231.0318","11.306","33,633.2","117","filtered","none"
"1121","1121","228.9318","16.071","420,506,599.9","116","keep_rep","C13*1 (z=1)"
"1133","1133","229.9352","16.067","9,984,859.6","116","filtered","C13*1 (z=1)"
"1140","1140","230.9360","16.071","5,956,396.1","116","filtered","none"
"1118","1118","228.1271","3.621","281,431.6","115","keep_rep","C13*1 (z=1)"
"1132","1132","229.1348","3.621","143,361.7","115","filtered","none"
"1111","1111","227.9607","4.579","3,868,244.8","114","keep_rep","C13*1 (z=1)"
"1124","1124","228.9601","4.579","329,980.8","114","filtered","C13*1 (z=1)"
"1134","1134","229.9590","4.579","92,715.0","114","filtered","none"
"1135","1135","229.9646","4.579","46,568.7","114","filtered","none"
"1109","1109","227.2018","1.445","8,748,680.2","113","keep_rep","C13*1 (z=1)"
"1119","1119","228.2051","1.445","1,285,438.5","113","filtered","none"
"1107","1107","227.0519","8.043","213,865.3","112","keep_rep","C13*1 (z=1)"
"1114","1114","228.0530","8.044","32,897.7","112","filtered","none"
"1095","1095","225.0647","5.538","767,002.0","111","keep_rep","C13*1 (z=1)"
"1100","1100","226.0680","5.538","73,461.7","111","filtered","none"
"1082","1082","222.8854","16.433","5,383,771.3","110","keep_rep","C13*1 (z=1)"
"1087","1087","223.8888","16.434","112,749.8","110","filtered","none"
"1073","1073","220.8872","16.433","37,372,619.2","109","keep_rep","C13*1 (z=1)"
"1078","1078","221.8907","16.433","879,317.2","109","filtered","C13*1 (z=1)"
"1083","1083","222.8912","16.434","468,780.0","109","filtered","none"
"1063","1063","219.1027","1.485","2,271,598.3","108","keep_rep","C13*1 (z=1)"
"1070","1070","220.1062","1.485","308,297.5","108","filtered","none"
"1056","1056","219.0455","7.292","5,079,891.7","107","keep_rep","C13*1 (z=1)"
"1069","1069","220.0488","7.283","315,668.5","107","filtered","none"
"1050","1050","218.1035","3.318","8,995,272.8","106","keep_rep","C13*1 (z=1)"
"1064","1064","219.1068","3.318","861,142.9","106","filtered","C13*1 (z=1)"
"1071","1071","220.1077","3.318","61,171.3","106","filtered","none"
"1048","1048","218.0670","8.409","1,831,168.0","105","keep_rep","C13*1 (z=1)"
"1058","1058","219.0703","8.409","147,167.9","105","filtered","none"
"1024","1024","214.0486","8.905","38,723,620.9","104","keep_rep","C13*1 (z=1)"
"1027","1027","215.0462","8.913","116,757.7","104","filtered","C13*1 (z=1)"
"1028","1028","215.0519","8.913","2,124,190.0","104","filtered","C13*1 (z=1)"
"1031","1031","216.0526","8.912","436,759.2","104","filtered","none"
"975","975","206.9498","16.071","130,058,631.8","103","keep_rep","C13*1 (z=1)"
"985","985","207.9532","16.071","3,035,642.5","103","filtered","none"
"969","969","205.9605","8.981","4,738,483.6","102","keep_rep","C13*1 (z=1)"
"979","979","206.9637","8.981","193,977.2","102","filtered","none"
"967","967","205.1598","1.505","13,242,072.4","101","keep_rep","C13*1 (z=1)"
"972","972","206.1631","1.505","1,923,153.2","101","filtered","none"
"963","963","204.9132","16.311","31,751,871.7","100","keep_rep","C13*1 (z=1)"
"968","968","205.9166","16.312","739,406.6","100","filtered","C13*1 (z=1)"
"974","974","206.9173","16.312","343,175.4","100","filtered","none"
"954","954","203.0827","5.561","6,088,615.9","99","keep_rep","C13*1 (z=1)"
"960","960","204.0859","5.561","705,639.2","99","filtered","none"
"951","951","203.0538","7.353","7,168,915.5","98","keep_rep","C13*1 (z=1)"
"957","957","204.0569","7.353","454,192.1","98","filtered","none"
"919","919","199.1704","1.465","1,290,594.3","97","keep_rep","C13*1 (z=1)"
"925","925","200.1737","1.465","107,118.2","97","filtered","none"
"915","915","199.0378","5.561","18,319,294.4","96","keep_rep","C13*1 (z=1)"
"922","922","200.0411","5.561","960,574.2","96","filtered","C13*1 (z=1)"
"933","933","201.0419","5.562","223,995.7","96","filtered","none"
"903","903","198.9053","16.483","9,685,963.3","95","keep_rep","C13*1 (z=1)"
"921","921","199.9087","16.483","214,957.7","95","filtered","none"
"891","891","197.0220","8.024","18,221,968.4","94","keep_rep","C13*1 (z=1)"
"898","898","198.0253","8.024","960,812.0","94","filtered","C13*1 (z=1)"
"913","913","199.0261","8.024","196,646.5","94","filtered","none"
"883","883","196.8948","10.007","21,731,617.0","93","keep_rep","C13*1 (z=1)"
"896","896","197.8950","10.007","2,312,059.6","93","filtered","none"
"882","882","196.8855","10.900","1,509,846.7","92","keep_rep","C13*1 (z=1)"
"895","895","197.8856","10.900","154,426.6","92","filtered","none"
"879","879","196.0649","6.840","4,433,545.5","91","keep_rep","C13*1 (z=1)"
"893","893","197.0682","6.840","261,744.7","91","filtered","none"
"870","870","195.0864","14.113","1,221,512.9","90","keep_rep","C13*1 (z=1)"
"881","881","196.0898","14.113","66,021.8","90","filtered","none"
"868","868","195.0510","7.680","5,372,227.9","89","keep_rep","C13*1 (z=1)"
"876","876","196.0545","7.680","323,843.0","89","filtered","none"
"863","863","194.9464","9.651","125,218,509.5","88","keep_rep","C13*1 (z=1)"
"874","874","195.9504","9.652","329,938.5","88","filtered","C13*1 (z=1)"
"889","889","196.9506","9.651","2,011,778.2","88","filtered","none"
"858","858","194.9276","10.876","7,382,257.9","87","keep_rep","C13*1 (z=1)"
"873","873","195.9269","10.876","99,552.7","87","filtered","none"
"833","833","192.0489","1.587","2,677,968.9","86","keep_rep","C13*1 (z=1)"
"848","848","193.0521","1.587","267,918.4","86","filtered","none"
"824","824","191.0199","11.330","16,402,602.9","85","keep_rep","C13*1 (z=1)"
"828","828","192.0233","11.330","953,070.1","85","filtered","none"
"806","806","188.9393","16.071","272,158,217.1","84","keep_rep","C13*1 (z=1)"
"813","813","189.9427","16.071","6,290,701.8","84","filtered","C13*1 (z=1)"
"823","823","190.9435","16.071","3,293,580.3","84","filtered","none"
"803","803","188.0564","8.585","5,847,217.0","83","keep_rep","C13*1 (z=1)"
"810","810","189.0597","8.585","417,946.3","83","filtered","none"
"796","796","187.0725","5.000","1,276,483.3","82","keep_rep","C13*1 (z=1)"
"804","804","188.0758","5.000","64,581.4","82","filtered","none"
"795","795","187.0379","6.514","1,305,204.1","81","keep_rep","C13*1 (z=1)"
"802","802","188.0413","6.514","59,598.1","81","filtered","none"
"786","786","185.0747","2.741","6,587,932.4","80","keep_rep","C13*1 (z=2)"
"787","787","185.5765","2.742","1,041,219.4","80","filtered","none"
"761","761","182.9313","16.383","4,446,802.9","79","keep_rep","C13*1 (z=1)"
"770","770","183.9347","16.385","83,348.4","79","filtered","none"
"755","755","182.0588","8.824","9,957,006.7","78","keep_rep","C13*1 (z=1)"
"766","766","183.0620","8.824","517,635.4","78","filtered","none"
"750","750","181.0719","7.353","197,332,849.2","77","keep_rep","C13*1 (z=1)"
"757","757","182.0750","7.353","13,118,471.5","77","filtered","C13*1 (z=1)"
"767","767","183.0757","7.353","2,308,745.5","77","filtered","none"
"747","747","181.0272","8.025","1,235,963.5","76","keep_rep","C13*1 (z=1)"
"753","753","182.0306","8.024","60,527.2","76","filtered","none"
"742","742","180.8422","6.239","612,160.0","75","keep_rep","C13*1 (z=1)"
"751","751","181.8424","6.239","60,896.8","75","filtered","none"
"727","727","179.0561","9.628","37,436,585.1","74","keep_rep","C13*1 (z=1)"
"737","737","180.0595","9.628","2,459,557.9","74","filtered","C13*1 (z=1)"
"749","749","181.0603","9.628","409,832.5","74","filtered","none"
"716","716","178.8443","6.239","607,163.7","73","keep_rep","C13*1 (z=1)"
"731","731","179.8445","6.239","59,195.2","73","filtered","none"
"708","708","178.0511","3.225","4,335,347.1","72","keep_rep","C13*1 (z=1)"
"726","726","179.0543","3.225","392,718.1","72","filtered","none"
"705","705","177.8601","6.817","1,784,817.5","71","filtered","C13*1 (z=1)"
"717","717","178.8591","6.817","1,750,480.4","71","filtered","C13*1 (z=1)"
"732","732","179.8571","6.817","453,486.0","71","filtered","C13*1 (z=1)"
"733","733","179.8603","6.817","966,222.4","71","filtered","C13*1 (z=1)"
"743","743","180.8560","6.817","561,183.0","71","filtered","C13*1 (z=1)"
"744","744","180.8596","6.817","2,714,369.2","71","keep_rep","none"
"752","752","181.8573","6.816","342,452.8","71","filtered","C13*1 (z=1)"
"759","759","182.8566","6.816","881,725.1","71","filtered","none"
"760","760","182.8616","6.817","1,066,425.0","71","filtered","none"
"702","702","176.9360","9.651","100,486,952.9","70","keep_rep","C13*1 (z=1)"
"706","706","177.9402","9.651","238,991.1","70","filtered","C13*1 (z=1)"
"723","723","178.9402","9.651","1,415,516.5","70","filtered","none"
"672","672","174.0407","8.868","51,250,694.5","69","keep_rep","C13*1 (z=1)"
"687","687","175.0379","8.868","171,700.6","69","filtered","C13*1 (z=1)"
"688","688","175.0441","8.868","3,367,727.6","69","filtered","C13*1 (z=1)"
"694","694","176.0447","8.868","461,239.1","69","filtered","none"
"668","668","173.1045","14.090","15,053,613.9","68","keep_rep","C13*1 (z=1)"
"675","675","174.1078","14.090","948,557.6","68","filtered","C13*1 (z=1)"
"690","690","175.1086","14.090","36,447.4","68","filtered","none"
"637","637","171.0065","8.026","83,956,175.8","67","keep_rep","C13*1 (z=1)"
"654","654","172.0098","8.024","2,799,631.3","67","filtered","C13*1 (z=1)"
"664","664","173.0105","8.027","990,479.2","67","filtered","none"
"617","617","168.9813","10.430","9,709,190.8","66","keep_rep","C13*1 (z=1)"
"625","625","169.9808","10.429","65,674.8","66","filtered","none"
"626","626","169.9847","10.430","300,969.8","66","filtered","none"
"590","590","164.0719","4.179","15,478,086.2","65","keep_rep","C13*1 (z=1)"
"595","595","165.0751","4.179","1,443,726.3","65","filtered","none"
"580","580","163.0614","7.345","2,930,076.7","64","keep_rep","C13*1 (z=1)"
"589","589","164.0646","7.335","166,827.1","64","filtered","none"
"574","574","162.9602","16.071","227,017,897.3","63","keep_rep","C13*1 (z=1)"
"585","585","163.9635","16.071","2,451,722.7","63","filtered","C13*1 (z=1)"
"592","592","164.9643","16.071","2,133,824.4","63","filtered","none"
"560","560","161.0456","9.628","3,355,742.0","62","keep_rep","C13*1 (z=1)"
"569","569","162.0489","9.628","185,815.3","62","filtered","none"
"558","558","160.9495","16.507","15,958,024.5","61","keep_rep","C13*1 (z=1)"
"565","565","161.9529","16.507","336,918.2","61","filtered","none"
"553","553","160.0617","3.809","3,217,541.1","60","keep_rep","C13*1 (z=1)"
"562","562","161.0650","3.809","190,666.4","60","filtered","none"
"552","552","160.0616","8.846","4,751,540.6","59","keep_rep","C13*1 (z=1)"
"563","563","161.0649","8.846","272,822.9","59","filtered","none"
"533","533","157.0133","4.111","2,193,456.7","58","keep_rep","C13*1 (z=1)"
"540","540","158.0166","4.111","104,345.8","58","filtered","none"
"530","530","156.9521","16.385","13,205,894.3","57","keep_rep","C13*1 (z=1)"
"539","539","157.9555","16.385","131,168.3","57","filtered","C13*1 (z=1)"
"547","547","158.9562","16.385","109,966.2","57","filtered","none"
"516","516","155.0100","4.533","617,886.9","56","keep_rep","C13*1 (z=1)"
"522","522","156.0132","4.532","34,044.4","56","filtered","none"
"512","512","154.9156","16.483","14,703,651.1","55","keep_rep","C13*1 (z=1)"
"520","520","155.9190","16.483","146,253.6","55","filtered","none"
"507","507","154.0122","8.981","1,961,530.8","54","keep_rep","C13*1 (z=1)"
"517","517","155.0157","8.981","67,091.6","54","filtered","none"
"499","499","152.9960","5.815","1,705,364.9","53","keep_rep","C13*1 (z=1)"
"506","506","153.9993","5.815","39,656.6","53","filtered","none"
"500","500","152.9959","8.046","3,860,705.3","52","keep_rep","C13*1 (z=1)"
"505","505","153.9991","8.045","103,911.7","52","filtered","none"
"492","492","152.5346","8.521","4,060,691.6","51","keep_rep","C13*1 (z=2)"
"502","502","153.0364","8.521","365,537.0","51","filtered","none"
"485","485","151.0613","6.400","2,100,787.2","50","keep_rep","C13*1 (z=1)"
"490","490","152.0647","6.400","98,882.2","50","filtered","none"
"472","472","150.0422","5.815","2,938,988.6","49","keep_rep","C13*1 (z=1)"
"484","484","151.0456","5.815","147,257.5","49","filtered","none"
"469","469","150.0173","4.579","2,660,321.8","48","keep_rep","C13*1 (z=1)"
"479","479","151.0207","4.578","127,031.9","48","filtered","none"
"452","452","148.0439","5.445","3,843,972.9","47","keep_rep","C13*1 (z=1)"
"465","465","149.0472","5.445","196,702.1","47","filtered","none"
"444","444","147.0453","4.179","1,006,796.0","46","keep_rep","C13*1 (z=1)"
"453","453","148.0486","4.180","79,025.4","46","filtered","none"
"441","441","147.0300","9.235","4,329,611.9","45","keep_rep","C13*1 (z=1)"
"451","451","148.0334","9.235","216,025.3","45","filtered","none"
"431","431","146.0651","8.432","1,502,934.0","44","keep_rep","C13*1 (z=1)"
"447","447","147.0661","8.432","167,351.0","44","filtered","none"
"428","428","146.0460","5.047","28,248,825.1","43","keep_rep","C13*1 (z=1)"
"443","443","147.0431","5.047","79,330.0","43","filtered","C13*1 (z=1)"
"446","446","147.0493","5.047","1,564,683.8","43","filtered","C13*1 (z=1)"
"455","455","148.0502","5.047","208,647.3","43","filtered","none"
"429","429","146.0459","8.649","547,162,777.6","42","keep_rep","C13*1 (z=1)"
"442","442","147.0431","8.649","2,016,032.6","42","filtered","C13*1 (z=1)"
"445","445","147.0491","8.649","31,578,588.9","42","filtered","C13*1 (z=1)"
"454","454","148.0500","8.649","4,452,797.8","42","filtered","C13*1 (z=1)"
"456","456","148.0525","8.649","443,057.3","42","filtered","none"
"466","466","149.0530","8.649","236,088.6","42","filtered","none"
"415","415","145.0984","13.584","1,629,997.5","41","keep_rep","C13*1 (z=1)"
"435","435","146.1018","13.584","94,556.4","41","filtered","none"
"412","412","145.0507","1.485","5,420,673.6","40","keep_rep","C13*1 (z=1)"
"430","430","146.0541","1.485","331,897.7","40","filtered","none"
"408","408","144.9755","16.071","5,404,946.5","39","keep_rep","C13*1 (z=1)"
"417","417","145.9836","16.063","910,098.0","39","filtered","none"
"380","380","140.9782","16.071","139,681,969.5","38","keep_rep","C13*1 (z=1)"
"388","388","141.9815","16.071","1,565,375.1","38","filtered","C13*1 (z=1)"
"394","394","142.9823","16.071","1,406,473.3","38","filtered","none"
"374","374","140.0119","9.492","23,770,637.6","37","keep_rep","C13*1 (z=1)"
"384","384","141.0090","9.491","62,559.0","37","filtered","C13*1 (z=1)"
"385","385","141.0153","9.491","501,245.3","37","filtered","C13*1 (z=1)"
"389","389","142.0161","9.491","173,979.0","37","filtered","none"
"350","350","136.0283","4.088","367,155.0","36","keep_rep","C13*1 (z=1)"
"362","362","137.0315","4.089","11,690.0","36","filtered","none"
"341","341","135.0313","4.088","26,795,659.8","35","keep_rep","C13*1 (z=1)"
"352","352","136.0346","4.090","1,456,990.7","35","filtered","C13*1 (z=1)"
"365","365","137.0380","4.090","21,391.8","35","filtered","none"
"340","340","135.0300","6.724","11,846,816.4","34","keep_rep","C13*1 (z=1)"
"351","351","136.0332","6.724","485,805.8","34","filtered","none"
"331","331","134.8948","6.607","59,775,019.6","33","keep_rep","C13*1 (z=1)"
"349","349","135.8948","6.607","6,794,858.0","33","filtered","none"
"324","324","134.0473","2.765","8,447,113.6","32","keep_rep","C13*1 (z=1)"
"345","345","135.0506","2.765","444,238.1","32","filtered","none"
"317","317","133.0659","1.485","4,883,145.6","31","keep_rep","C13*1 (z=1)"
"327","327","134.0693","1.485","482,047.1","31","filtered","none"
"311","311","133.0143","9.769","26,835,786.9","30","keep_rep","C13*1 (z=1)"
"319","319","134.0176","9.769","1,161,831.0","30","filtered","C13*1 (z=1)"
"339","339","135.0185","9.769","250,747.3","30","filtered","none"
"293","293","132.0302","8.913","199,242,428.5","29","keep_rep","C13*1 (z=1)"
"314","314","133.0273","8.913","677,169.6","29","filtered","C13*1 (z=1)"
"315","315","133.0335","8.913","8,990,167.6","29","filtered","C13*1 (z=1)"
"322","322","134.0344","8.913","1,648,893.7","29","filtered","C13*1 (z=1)"
"323","323","134.0369","8.922","131,503.5","29","filtered","C13*1 (z=1)"
"343","343","135.0377","8.914","62,589.2","29","filtered","none"
"286","286","131.0827","14.090","5,965,668.9","28","keep_rep","C13*1 (z=1)"
"299","299","132.0861","14.090","333,170.1","28","filtered","none"
"282","282","131.0462","8.628","15,644,732.7","27","keep_rep","C13*1 (z=1)"
"295","295","132.0496","8.628","585,062.7","27","filtered","none"
"280","280","130.8893","6.887","1,472,909.8","26","keep_rep","C13*1 (z=1)"
"289","289","131.8901","6.887","160,028.8","26","filtered","none"
"276","276","130.0874","4.696","38,816,554.6","25","keep_rep","C13*1 (z=1)"
"288","288","131.0907","4.696","2,639,051.4","25","filtered","none"
"274","274","130.0510","3.434","1,545,794.2","24","keep_rep","C13*1 (z=1)"
"285","285","131.0544","3.434","70,457.1","24","filtered","none"
"272","272","130.0510","7.957","25,992,745.4","23","keep_rep","C13*1 (z=1)"
"284","284","131.0543","7.957","1,370,822.5","23","filtered","none"
"258","258","128.8923","6.887","1,283,645.8","22","keep_rep","C13*1 (z=1)"
"267","267","129.8930","6.887","155,151.3","22","filtered","none"
"252","252","128.0354","4.579","105,949,474.8","21","keep_rep","C13*1 (z=1)"
"262","262","129.0324","4.579","370,017.9","21","filtered","C13*1 (z=1)"
"264","264","129.0387","4.579","5,927,506.2","21","filtered","C13*1 (z=1)"
"269","269","130.0396","4.579","645,393.3","21","filtered","none"
"270","270","130.0420","4.579","112,917.6","21","filtered","none"
"251","251","128.0354","8.649","96,712,521.6","20","keep_rep","C13*1 (z=1)"
"261","261","129.0325","8.649","320,271.4","20","filtered","C13*1 (z=1)"
"263","263","129.0387","8.649","5,409,265.7","20","filtered","C13*1 (z=1)"
"268","268","130.0395","8.649","561,147.7","20","filtered","none"
"225","225","124.0074","8.127","38,666,129.5","19","keep_rep","C13*1 (z=1)"
"231","231","125.0068","8.135","287,071.5","19","filtered","C13*1 (z=1)"
"232","232","125.0107","8.135","827,715.1","19","filtered","C13*1 (z=1)"
"240","240","126.0117","8.127","224,026.4","19","filtered","none"
"217","217","122.9676","16.071","183,877,680.0","18","keep_rep","C13*1 (z=1)"
"224","224","123.9708","16.071","1,957,396.2","18","filtered","C13*1 (z=1)"
"227","227","124.9718","16.071","1,499,167.8","18","filtered","none"
"199","199","118.0510","7.935","19,441,680.4","17","keep_rep","C13*1 (z=1)"
"206","206","119.0480","7.935","59,387.8","17","filtered","C13*1 (z=1)"
"208","208","119.0543","7.935","823,094.2","17","filtered","C13*1 (z=1)"
"210","210","120.0552","7.935","102,897.6","17","filtered","none"
"188","188","117.0194","9.211","3,919,240.5","16","keep_rep","C13*1 (z=1)"
"198","198","118.0227","9.212","153,067.1","16","filtered","none"
"185","185","116.9596","16.506","60,141,858.7","15","keep_rep","C13*1 (z=1)"
"197","197","117.9629","16.507","653,618.5","15","filtered","none"
"181","181","116.0718","6.238","6,913,719.6","14","keep_rep","C13*1 (z=1)"
"192","192","117.0751","6.239","355,957.6","14","filtered","none"
"176","176","116.0354","5.047","1,868,778.3","13","keep_rep","C13*1 (z=1)"
"190","190","117.0387","5.047","60,851.5","13","filtered","none"
"164","164","115.0401","1.485","3,333,160.9","12","keep_rep","C13*1 (z=1)"
"178","178","116.0434","1.485","155,895.1","12","filtered","none"
"162","162","115.0037","9.769","3,743,191.2","11","keep_rep","C13*1 (z=1)"
"175","175","116.0070","9.769","124,723.2","11","filtered","none"
"159","159","114.0561","6.446","33,988,394.1","10","keep_rep","C13*1 (z=1)"
"167","167","115.0531","6.446","104,688.3","10","filtered","C13*1 (z=1)"
"168","168","115.0594","6.446","1,840,066.8","10","filtered","C13*1 (z=1)"
"180","180","116.0603","6.446","121,048.9","10","filtered","none"
"154","154","113.0357","8.628","3,726,694.4","9","keep_rep","C13*1 (z=1)"
"158","158","114.0389","8.628","124,985.5","9","filtered","none"
"115","115","104.0353","8.890","3,383,401.8","8","keep_rep","C13*1 (z=1)"
"118","118","105.0386","8.890","89,172.8","8","filtered","none"
"110","110","102.0560","8.649","44,094,149.3","7","keep_rep","C13*1 (z=1)"
"114","114","103.0594","8.649","1,949,456.9","7","filtered","C13*1 (z=1)"
"117","117","104.0603","8.649","177,020.6","7","filtered","none"
"78","78","96.9696","9.650","341,850,543.3","6","keep_rep","C13*1 (z=1)"
"85","85","97.9737","9.651","512,529.6","6","filtered","C13*1 (z=1)"
"94","94","98.9738","9.651","2,994,478.1","6","filtered","none"
"76","76","96.9602","10.853","60,782,909.5","5","keep_rep","C13*1 (z=1)"
"84","84","97.9595","10.853","502,065.4","5","filtered","C13*1 (z=1)"
"92","92","98.9644","10.853","563,165.2","5","filtered","none"
"53","53","89.0245","3.879","78,351,819.2","4","keep_rep","C13*1 (z=1)"
"58","58","90.0278","3.879","2,623,212.5","4","filtered","C13*1 (z=1)"
"62","62","91.0287","3.879","505,382.6","4","filtered","none"
"48","48","88.0404","8.913","14,278,296.4","3","keep_rep","C13*1 (z=1)"
"55","55","89.0438","8.913","416,473.7","3","filtered","none"
"37","37","85.0295","1.485","4,386,128.1","2","keep_rep","C13*1 (z=1)"
"40","40","86.0328","1.485","162,899.6","2","filtered","none"
"13","13","75.0086","2.383","28,713,660.5","1","keep_rep","C13*1 (z=1)"
"15","15","76.0119","2.383","993,564.0","1","filtered","C13*1 (z=1)"
"16","16","77.0128","2.383","393,521.5","1","filtered","none"
"1","1","72.0088","7.934","295,986.5","","kept","none"
"2","2","72.0088","8.890","100,152.8","","kept","none"
"3","3","72.9429","6.910","58,239.1","","kept","none"
"4","4","72.9527","16.507","71,541.0","","kept","none"
"5","5","72.9695","16.507","25,944,313.7","","kept","none"
"6","6","72.9862","16.507","72,456.0","","kept","none"
"7","7","73.0292","7.334","137,114.6","","kept","none"
"8","8","73.0292","9.212","238,720.3","","kept","none"
"9","9","74.0245","8.757","1,471,799.2","","kept","none"
"10","10","74.0245","5.047","1,465,701.5","","kept","none"
"11","11","74.9676","16.507","2,545,427.0","","kept","none"
"12","12","74.9737","16.507","91,126.4","","kept","none"
"14","14","75.0086","6.700","295,897.4","","kept","none"
"17","17","78.9188","6.239","2,744,195.5","","kept","none"
"18","18","78.9400","9.651","316,481.9","","kept","none"
"19","19","78.9445","9.651","126,997.9","","kept","none"
"20","20","78.9589","8.823","49,028,974.4","","kept","none"
"21","21","78.9589","6.841","2,305,603.5","","kept","none"
"22","22","78.9733","9.651","123,741.5","","kept","none"
"23","23","78.9778","9.651","319,378.0","","kept","none"
"24","24","79.9571","8.135","538,373.6","","kept","none"
"25","25","79.9568","2.698","527,992.3","","kept","none"
"26","26","80.0116","16.071","913,203.1","","kept","none"
"27","27","80.9168","6.239","3,006,246.3","","kept","none"
"28","28","80.9632","9.651","648,847.6","","kept","none"
"29","29","81.0457","5.711","24,470.3","","kept","none"
"30","30","82.9541","3.458","1,741,123.0","","kept","none"
"31","31","82.9745","16.071","2,132,871.8","","kept","none"
"32","32","83.0138","7.335","72,594.5","","kept","none"
"33","33","84.0455","5.069","259,852.2","","kept","none"
"34","34","84.0454","8.628","185,605.0","","kept","none"
"35","35","84.0454","7.236","60,357.3","","kept","none"
"36","36","84.9512","3.458","605,136.9","","kept","none"
"38","38","85.0295","10.853","337,926.7","","kept","none"
"39","39","85.0295","7.338","384,147.1","","kept","none"
"41","41","87.0088","3.156","1,685,143.4","","kept","none"
"42","42","87.0088","9.628","411,759.2","","kept","none"
"43","43","87.0452","2.810","675,713.3","","kept","none"
"44","44","87.0452","1.505","895,193.8","","kept","none"
"45","45","87.9727","6.934","39,683.6","","kept","none"
"46","46","88.0122","3.167","42,681.7","","kept","none"
"47","47","88.0404","8.024","3,726,313.9","","kept","none"
"49","49","88.0405","3.411","789,380.4","","kept","none"
"50","50","88.9881","10.758","792,079.8","","kept","none"
"51","51","89.0019","3.879","204,604.6","","kept","none"
"52","52","89.0072","3.879","69,760.2","","kept","none"
"54","54","89.0245","7.330","1,066,199.9","","kept","none"
"56","56","89.0471","3.879","204,070.3","","kept","none"
"57","57","89.9257","8.981","93,590.0","","kept","none"
"59","59","90.9714","10.196","2,208,188.5","","kept","none"
"60","60","90.9715","15.564","3,366,994.6","","kept","none"
"61","61","91.0221","2.608","3,638,917.5","","kept","none"
"63","63","91.0302","5.676","22,919.9","","kept","none"
"64","64","91.0401","4.066","135,382.5","","kept","none"
"65","65","92.0255","4.088","179,260.8","","kept","none"
"66","66","92.9281","6.840","11,732,038.6","","kept","none"
"67","67","94.9251","6.840","8,796,896.4","","kept","none"
"68","68","94.9931","15.595","2,153,843.6","","kept","none"
"69","69","95.0251","8.628","437,671.7","","kept","none"
"70","70","95.9618","8.825","1,008,330.6","","kept","none"
"71","71","95.9858","16.507","5,476,393.5","","kept","none"
"72","72","96.9222","6.840","1,562,004.2","","kept","none"
"73","73","96.9406","10.849","36,272.2","","kept","none"
"74","74","96.9439","9.651","876,288.0","","kept","none"
"75","75","96.9499","9.651","313,334.5","","kept","none"
"77","77","96.9606","9.792","27,800,396.4","","kept","none"
"79","79","96.9858","10.830","115,414.3","","kept","none"
"80","80","96.9883","16.071","11,317,807.4","","kept","none"
"81","81","96.9953","9.651","871,523.1","","kept","none"
"82","82","97.0295","1.485","2,815,143.9","","kept","none"
"83","83","97.0295","7.338","107,827.7","","kept","none"
"86","86","97.9839","16.507","441,984.3","","kept","none"
"87","87","98.0248","5.047","1,041,298.1","","kept","none"
"88","88","98.0328","1.486","122,480.6","","kept","none"
"89","89","98.9492","20.130","39,299,748.8","","kept","none"
"90","90","98.9559","10.853","3,172,012.9","","kept","none"
"91","91","98.9559","9.746","1,471,320.9","","kept","none"
"93","93","98.9669","6.863","831,196.6","","kept","none"
"95","95","98.9739","6.840","76,128.4","","kept","none"
"96","96","99.0087","9.628","258,138.0","","kept","none"
"97","97","99.9259","1.028","1,728,295.3","","kept","none"
"98","98","99.9259","6.887","1,335,990.4","","kept","none"
"99","99","99.9340","8.981","72,067.0","","kept","none"
"100","100","100.0016","16.071","344,140.5","","kept","none"
"101","101","100.0227","2.856","439,307.1","","kept","none"
"102","102","100.0404","8.670","158,143.4","","kept","none"
"103","103","100.9336","8.649","571,624.9","","kept","none"
"104","104","100.9462","20.106","14,108,574.1","","kept","none"
"105","105","100.9856","16.071","33,935,765.9","","kept","none"
"106","106","101.0244","9.400","2,071,757.4","","kept","none"
"107","107","101.0244","7.341","1,008,190.7","","kept","none"
"108","108","101.0608","2.766","1,708,960.2","","kept","none"
"109","109","101.0720","8.454","87,045.4","","kept","none"
"111","111","103.0401","4.019","986,919.1","","kept","none"
"112","112","103.0401","9.245","78,254.8","","kept","none"
"113","113","103.0531","8.649","140,921.3","","kept","none"
"116","116","104.0354","5.047","504,156.0","","kept","none"
"119","119","105.9360","1.004","519,721.8","","kept","none"
"120","120","105.9360","6.003","626,898.5","","kept","none"
"121","121","105.9360","1.915","479,031.5","","kept","none"
"122","122","105.9360","3.017","681,733.6","","kept","none"
"123","123","106.0285","5.862","47,522.0","","kept","none"
"124","124","106.9809","8.135","174,121.1","","kept","none"
"125","125","106.9809","2.743","172,148.1","","kept","none"
"126","126","107.0364","5.815","23,655.4","","kept","none"
"127","127","108.0125","8.271","75,039.2","","kept","none"
"128","128","108.9020","6.840","354,041.1","","kept","none"
"129","129","108.9963","2.405","405,226.8","","kept","none"
"130","130","109.0295","1.505","97,972.7","","kept","none"
"131","131","109.0407","8.454","207,760.3","","kept","none"
"132","132","109.0408","5.653","149,487.4","","kept","none"
"133","133","110.0248","12.351","721,550.9","","kept","none"
"134","134","110.0360","5.654","3,487,677.2","","kept","none"
"135","135","110.8990","6.840","248,459.8","","kept","none"
"136","136","110.9852","8.649","363,278.7","","kept","none"
"137","137","110.9886","3.879","70,234.5","","kept","none"
"138","138","111.0088","12.351","1,058,491.3","","kept","none"
"139","139","111.0088","11.306","1,827,409.0","","kept","none"
"140","140","111.0200","3.879","33,536,921.0","","kept","none"
"141","141","111.0201","6.794","1,107,763.1","","kept","none"
"142","142","111.0331","5.653","25,602.2","","kept","none"
"143","143","111.0394","5.664","137,613.7","","kept","none"
"144","144","111.0515","3.879","69,631.2","","kept","none"
"145","145","111.9567","8.024","37,798.5","","kept","none"
"146","146","112.0171","3.891","220,694.9","","kept","none"
"147","147","112.0234","3.891","1,427,628.3","","kept","none"
"148","148","112.0404","8.868","395,029.8","","kept","none"
"149","149","112.0405","4.146","260,763.6","","kept","none"
"150","150","112.9374","12.860","300,418.9","","kept","none"
"151","151","112.9622","16.385","135,067.5","","kept","none"
"152","152","113.0245","7.353","526,313.7","","kept","none"
"153","153","113.0243","3.879","168,955.5","","kept","none"
"155","155","113.0357","5.492","337,036.2","","kept","none"
"156","156","114.0197","8.868","3,994,513.3","","kept","none"
"157","157","114.0233","6.446","69,620.7","","kept","none"
"160","160","114.0889","6.446","69,532.4","","kept","none"
"161","161","115.0037","8.913","5,850,577.8","","kept","none"
"163","163","115.0231","8.890","127,566.5","","kept","none"
"165","165","115.0400","7.328","165,483.8","","kept","none"
"166","166","115.0513","7.353","93,900.9","","kept","none"
"169","169","115.0765","2.743","500,674.8","","kept","none"
"170","170","115.9207","9.004","1,151,201.4","","kept","none"
"171","171","115.9208","5.235","1,031,394.5","","kept","none"
"172","172","115.9208","6.377","861,568.0","","kept","none"
"173","173","115.9208","7.867","382,702.1","","kept","none"
"174","174","115.9756","16.483","79,543.8","","kept","none"
"177","177","116.0354","3.785","690,769.1","","kept","none"
"179","179","116.0507","5.561","268,505.3","","kept","none"
"182","182","116.0717","8.846","415,868.4","","kept","none"
"183","183","116.9256","16.507","126,466.7","","kept","none"
"184","184","116.9336","16.507","45,928.4","","kept","none"
"186","186","116.9856","16.507","49,131.5","","kept","none"
"187","187","116.9937","16.507","129,846.3","","kept","none"
"189","189","117.0194","6.958","392,667.8","","kept","none"
"191","191","117.0558","2.766","562,749.4","","kept","none"
"193","193","117.9288","0.635","2,732,953.2","","kept","none"
"194","194","117.9287","7.358","2,588,204.0","","kept","none"
"195","195","117.9287","3.855","2,781,615.4","","kept","none"
"196","196","117.9288","6.073","2,390,502.4","","kept","none"
"200","200","118.9114","6.237","56,210.9","","kept","none"
"201","201","118.9421","10.852","576,070.7","","kept","none"
"202","202","118.9515","9.651","583,743.2","","kept","none"
"203","203","118.9577","16.507","4,752,271.1","","kept","none"
"204","204","118.9637","16.507","511,379.6","","kept","none"
"205","205","119.0350","7.345","289,953.2","","kept","none"
"207","207","119.0503","6.840","469,363.2","","kept","none"
"209","209","119.9471","6.561","391,661.1","","kept","none"
"211","211","120.9094","6.237","58,547.7","","kept","none"
"212","212","120.9966","21.830","1,891,870.4","","kept","none"
"213","213","121.0408","2.743","1,870,387.8","","kept","none"
"214","214","121.0506","7.331","52,840.3","","kept","none"
"215","215","121.0507","5.328","75,013.6","","kept","none"
"216","216","122.9309","16.071","400,627.0","","kept","none"
"218","218","122.9853","8.824","1,608,899.1","","kept","none"
"219","219","123.0042","16.071","393,888.8","","kept","none"
"220","220","123.9021","7.237","1,085,275.7","","kept","none"
"221","221","123.9021","6.446","816,541.1","","kept","none"
"222","222","123.9021","8.713","1,089,645.3","","kept","none"
"223","223","123.9702","8.127","70,794.8","","kept","none"
"226","226","124.0444","8.127","70,989.9","","kept","none"
"228","228","124.9915","4.977","476,282.3","","kept","none"
"229","229","125.0009","8.025","1,013,906.9","","kept","none"
"230","230","125.0045","8.152","117,772.7","","kept","none"
"233","233","125.0244","9.628","546,222.6","","kept","none"
"234","234","125.0357","2.787","1,584,680.5","","kept","none"
"235","235","125.0356","8.454","290,457.7","","kept","none"
"236","236","125.0470","4.672","366,441.4","","kept","none"
"237","237","125.0469","9.188","125,133.4","","kept","none"
"238","238","125.9652","9.004","79,988.6","","kept","none"
"239","239","126.0032","8.127","1,743,216.4","","kept","none"
"241","241","126.0198","4.882","240,110.6","","kept","none"
"242","242","126.0503","4.684","10,871.8","","kept","none"
"243","243","127.0066","8.113","24,954.6","","kept","none"
"244","244","127.0401","1.485","893,045.7","","kept","none"
"245","245","127.0401","7.333","45,253.6","","kept","none"
"246","246","127.0513","8.454","3,665,579.7","","kept","none"
"247","247","127.0514","2.743","112,616.3","","kept","none"
"248","248","127.9964","4.579","219,759.3","","kept","none"
"249","249","127.9964","8.649","166,429.0","","kept","none"
"250","250","128.0056","4.579","83,516.9","","kept","none"
"253","253","128.0546","8.432","168,788.4","","kept","none"
"254","254","128.0652","4.579","81,645.2","","kept","none"
"255","255","128.0744","4.579","220,703.2","","kept","none"
"256","256","128.0744","8.649","174,331.4","","kept","none"
"257","257","128.8716","6.653","169,636.5","","kept","none"
"259","259","129.0194","8.649","624,899.6","","kept","none"
"260","260","129.0194","10.876","593,125.3","","kept","none"
"265","265","129.0558","1.715","586,526.3","","kept","none"
"266","266","129.5407","8.521","251,263.6","","kept","none"
"271","271","130.0421","8.649","120,032.7","","kept","none"
"273","273","130.0510","8.868","3,401,035.9","","kept","none"
"275","275","130.0620","8.002","521,326.3","","kept","none"
"277","277","130.0874","7.297","961,675.3","","kept","none"
"278","278","130.0907","7.957","43,046.8","","kept","none"
"279","279","130.8685","6.630","113,018.2","","kept","none"
"281","281","130.9253","6.887","55,264.6","","kept","none"
"283","283","131.0482","7.957","59,017.1","","kept","none"
"287","287","131.0827","12.833","1,249,639.9","","kept","none"
"290","290","131.9603","9.001","133,250.7","","kept","none"
"291","291","131.9894","8.913","394,901.2","","kept","none"
"292","292","131.9989","8.924","150,275.3","","kept","none"
"294","294","132.0303","10.190","5,174,723.9","","kept","none"
"296","296","132.0553","7.935","134,244.0","","kept","none"
"297","297","132.0711","8.913","404,227.7","","kept","none"
"298","298","132.0797","14.113","29,398.3","","kept","none"
"300","300","132.0916","4.696","144,691.7","","kept","none"
"301","301","132.8680","21.808","7,074,680.2","","kept","none"
"302","302","132.8679","2.383","3,781,090.7","","kept","none"
"303","303","132.8680","6.794","11,495,333.0","","kept","none"
"304","304","132.8679","1.445","2,960,696.3","","kept","none"
"305","305","132.8679","0.219","2,873,657.2","","kept","none"
"306","306","132.8865","6.887","555,045.7","","kept","none"
"307","307","132.9003","6.607","3,107,729.1","","kept","none"
"308","308","132.9224","6.933","31,015.1","","kept","none"
"309","309","132.9464","6.840","802,134.5","","kept","none"
"310","310","132.9730","9.769","39,357.8","","kept","none"
"312","312","133.0156","4.100","20,466.7","","kept","none"
"313","313","133.0157","5.815","500,770.2","","kept","none"
"316","316","133.0507","3.294","64,428.6","","kept","none"
"318","318","133.9918","2.856","333,082.3","","kept","none"
"320","320","134.0191","5.838","23,250.6","","kept","none"
"321","321","134.0234","4.134","220,404.5","","kept","none"
"325","325","134.0612","3.225","357,183.6","","kept","none"
"326","326","134.0612","6.840","109,012.6","","kept","none"
"328","328","134.8650","2.383","2,280,842.0","","kept","none"
"329","329","134.8652","21.807","4,555,772.5","","kept","none"
"330","330","134.8654","6.817","8,404,280.6","","kept","none"
"332","332","134.8947","2.630","907,328.3","","kept","none"
"333","333","134.9160","16.532","195,136.7","","kept","none"
"334","334","134.9256","16.531","265,733.1","","kept","none"
"335","335","134.9435","6.840","299,272.9","","kept","none"
"336","336","134.9702","16.532","648,750.4","","kept","none"
"337","337","134.9891","4.088","47,317.8","","kept","none"
"338","338","134.9990","4.101","14,583.9","","kept","none"
"342","342","135.0314","4.977","1,508,586.3","","kept","none"
"344","344","135.0446","2.765","234,013.4","","kept","none"
"346","346","135.0664","4.020","434,821.8","","kept","none"
"347","347","135.0735","4.088","42,650.9","","kept","none"
"348","348","135.5407","8.500","248,936.0","","kept","none"
"353","353","136.8632","6.794","3,221,741.4","","kept","none"
"354","354","136.8633","21.830","1,809,141.2","","kept","none"
"355","355","136.8633","2.383","970,286.5","","kept","none"
"356","356","136.8777","6.469","88,657.0","","kept","none"
"357","357","136.8918","6.607","20,331,486.1","","kept","none"
"358","358","136.9495","9.672","356,330.9","","kept","none"
"359","359","136.9497","15.323","274,187.9","","kept","none"
"360","360","136.9497","11.898","422,480.7","","kept","none"
"361","361","136.9497","13.211","407,580.8","","kept","none"
"363","363","137.0341","6.713","75,375.7","","kept","none"
"364","364","137.0357","2.836","173,202.4","","kept","none"
"366","366","137.8919","6.618","2,246,299.4","","kept","none"
"367","367","138.0561","2.879","78,794.6","","kept","none"
"368","368","138.8755","6.491","105,513.9","","kept","none"
"369","369","138.8901","6.607","535,033.8","","kept","none"
"370","370","138.9415","16.361","16,281,107.9","","kept","none"
"371","371","138.9708","10.759","312,084.0","","kept","none"
"372","372","139.9450","16.383","160,953.1","","kept","none"
"373","373","139.9756","16.483","1,051,922.9","","kept","none"
"375","375","140.8727","6.492","27,218.3","","kept","none"
"376","376","140.9194","6.239","289,465.4","","kept","none"
"377","377","140.9397","16.362","1,155,278.6","","kept","none"
"378","378","140.9457","16.362","112,581.1","","kept","none"
"379","379","140.9760","6.910","93,171.4","","kept","none"
"381","381","140.9783","0.980","1,556,276.8","","kept","none"
"382","382","140.9783","17.290","1,829,481.7","","kept","none"
"383","383","140.9783","7.633","452,709.0","","kept","none"
"386","386","141.0193","9.628","309,017.8","","kept","none"
"387","387","141.9737","16.507","78,919.1","","kept","none"
"390","390","142.0509","8.868","644,990.1","","kept","none"
"391","391","142.0663","5.560","60,904.2","","kept","none"
"392","392","142.9173","6.239","339,937.2","","kept","none"
"393","393","142.9730","6.910","95,907.0","","kept","none"
"395","395","143.0463","8.521","501,584.1","","kept","none"
"396","396","143.0463","5.023","68,769.3","","kept","none"
"397","397","143.0463","6.050","53,447.4","","kept","none"
"398","398","143.9601","8.981","604,456.0","","kept","none"
"399","399","143.9759","9.004","508,279.2","","kept","none"
"400","400","144.0125","2.856","198,362.6","","kept","none"
"401","401","144.0303","4.860","270,290.4","","kept","none"
"402","402","144.0303","3.364","96,182.1","","kept","none"
"403","403","144.0669","8.565","270,417.6","","kept","none"
"404","404","144.0779","8.317","107,074.8","","kept","none"
"405","405","144.8665","6.793","1,862,528.2","","kept","none"
"406","406","144.8697","6.887","581,247.2","","kept","none"
"407","407","144.9700","6.957","24,407.4","","kept","none"
"409","409","144.9760","8.992","68,895.3","","kept","none"
"410","410","144.9803","10.996","38,193.8","","kept","none"
"411","411","145.0143","9.398","3,260,129.4","","kept","none"
"413","413","145.0508","8.511","332,926.1","","kept","none"
"414","414","145.0619","8.454","29,946,823.9","","kept","none"
"416","416","145.9556","8.981","228,116.3","","kept","none"
"418","418","145.9985","5.047","41,180.7","","kept","none"
"419","419","145.9987","8.649","899,854.2","","kept","none"
"420","420","146.0248","4.367","4,072,049.3","","kept","none"
"421","421","146.0248","8.340","5,022,635.8","","kept","none"
"422","422","146.0248","5.595","3,466,803.7","","kept","none"
"423","423","146.0248","6.423","4,306,820.4","","kept","none"
"424","424","146.0248","1.505","4,372,518.3","","kept","none"
"425","425","146.0248","7.283","3,966,463.0","","kept","none"
"426","426","146.0249","0.172","3,674,647.9","","kept","none"
"427","427","146.0248","2.698","3,151,743.9","","kept","none"
"432","432","146.0824","3.318","124,896.2","","kept","none"
"433","433","146.0823","6.934","85,427.1","","kept","none"
"434","434","146.0935","5.047","39,201.1","","kept","none"
"436","436","146.8635","6.793","1,274,620.2","","kept","none"
"437","437","146.8668","6.887","617,818.4","","kept","none"
"438","438","146.9661","0.077","897,990.0","","kept","none"
"439","439","146.9661","4.088","530,361.3","","kept","none"
"440","440","146.9661","1.004","255,127.6","","kept","none"
"448","448","147.0664","4.579","112,172.9","","kept","none"
"449","449","147.0816","1.485","96,174.2","","kept","none"
"450","450","148.0075","3.481","62,919.3","","kept","none"
"457","457","148.0630","7.165","47,046.6","","kept","none"
"458","458","148.8605","6.782","201,380.0","","kept","none"
"459","459","148.8637","6.887","203,542.9","","kept","none"
"460","460","148.8914","6.910","45,534.0","","kept","none"
"461","461","149.0009","2.249","1,230,583.4","","kept","none"
"462","462","149.0096","1.546","1,240,576.0","","kept","none"
"463","463","149.0343","5.862","412,500.2","","kept","none"
"464","464","149.0469","3.132","106,895.7","","kept","none"
"467","467","149.0608","2.743","450,311.2","","kept","none"
"468","468","149.0608","1.587","992,944.7","","kept","none"
"470","470","150.0173","3.551","333,298.5","","kept","none"
"471","471","150.0396","5.445","149,650.0","","kept","none"
"473","473","150.0561","2.856","128,680.4","","kept","none"
"474","474","150.8866","6.758","405,862.9","","kept","none"
"475","475","150.9707","10.430","479,211.7","","kept","none"
"476","476","150.9802","9.889","36,439.3","","kept","none"
"477","477","150.9889","2.902","177,367.6","","kept","none"
"478","478","151.0167","8.024","146,751.0","","kept","none"
"480","480","151.0261","6.724","45,902.9","","kept","none"
"481","481","151.0262","11.087","52,937.1","","kept","none"
"482","482","151.0262","5.445","195,958.7","","kept","none"
"483","483","151.0393","5.815","48,609.5","","kept","none"
"486","486","151.1128","1.588","465,337.7","","kept","none"
"487","487","152.0118","8.824","657,560.3","","kept","none"
"488","488","152.0441","7.979","49,144.5","","kept","none"
"489","489","152.0466","5.676","50,879.3","","kept","none"
"491","491","152.0718","2.721","232,895.5","","kept","none"
"493","493","152.8837","6.770","445,049.0","","kept","none"
"494","494","152.9273","11.851","559,587.7","","kept","none"
"495","495","152.9272","9.673","422,043.6","","kept","none"
"496","496","152.9273","15.139","331,489.3","","kept","none"
"497","497","152.9273","13.224","557,315.5","","kept","none"
"498","498","152.9361","16.532","147,792.8","","kept","none"
"501","501","153.0306","5.791","162,790.7","","kept","none"
"503","503","153.0671","8.499","193,995.5","","kept","none"
"504","504","153.8687","6.560","759,733.7","","kept","none"
"508","508","154.0276","8.846","280,036.2","","kept","none"
"509","509","154.0487","6.377","114,263.1","","kept","none"
"510","510","154.0875","2.721","843,126.2","","kept","none"
"511","511","154.8809","6.771","147,144.6","","kept","none"
"513","513","154.9159","6.863","85,814.1","","kept","none"
"514","514","154.9283","6.607","300,022.0","","kept","none"
"515","515","154.9658","11.092","183,342.1","","kept","none"
"518","518","155.8658","6.560","483,719.6","","kept","none"
"519","519","155.9113","6.864","115,752.2","","kept","none"
"521","521","155.9760","7.890","45,046.6","","kept","none"
"523","523","156.0304","8.868","471,895.5","","kept","none"
"524","524","156.0781","14.090","455,317.8","","kept","none"
"525","525","156.9136","16.483","1,986,305.1","","kept","none"
"526","526","156.9198","16.484","90,496.2","","kept","none"
"527","527","156.9212","6.097","297,360.4","","kept","none"
"528","528","156.9212","3.551","250,461.2","","kept","none"
"529","529","156.9397","16.556","215,054.0","","kept","none"
"531","531","156.9635","3.902","111,174.6","","kept","none"
"532","532","156.9907","8.046","69,984.3","","kept","none"
"534","534","157.0256","5.514","332,795.7","","kept","none"
"535","535","157.0368","7.003","257,902.0","","kept","none"
"536","536","157.0772","4.390","55,479.1","","kept","none"
"537","537","157.1234","1.526","2,405,327.5","","kept","none"
"538","538","157.9083","6.864","83,751.1","","kept","none"
"541","541","158.0435","7.867","137,455.4","","kept","none"
"542","542","158.1268","1.541","184,783.0","","kept","none"
"543","543","158.8514","6.191","57,201.6","","kept","none"
"544","544","158.9118","16.483","56,516.6","","kept","none"
"545","545","158.9254","9.651","20,296,066.6","","kept","none"
"546","546","158.9502","16.385","905,472.6","","kept","none"
"548","548","158.9888","16.050","696,323.1","","kept","none"
"549","549","159.0299","9.628","120,189.8","","kept","none"
"550","550","159.5277","12.351","299,228.1","","kept","none"
"551","551","160.0074","8.522","274,514.9","","kept","none"
"554","554","160.0616","2.271","228,212.7","","kept","none"
"555","555","160.8422","6.820","252,334.4","","kept","none"
"556","556","160.8495","6.168","82,125.6","","kept","none"
"557","557","160.9296","9.651","202,450.3","","kept","none"
"559","559","161.0455","8.499","1,793,280.1","","kept","none"
"561","561","161.0457","2.925","208,211.8","","kept","none"
"564","564","161.9138","4.065","96,236.1","","kept","none"
"566","566","162.0232","7.256","40,397.4","","kept","none"
"567","567","162.0233","2.973","48,058.2","","kept","none"
"568","568","162.0410","6.793","79,885.3","","kept","none"
"570","570","162.8427","6.840","4,468,098.6","","kept","none"
"571","571","162.9043","16.071","408,306.3","","kept","none"
"572","572","162.9477","16.507","1,096,381.3","","kept","none"
"573","573","162.9535","16.531","171,185.6","","kept","none"
"575","575","163.0161","16.071","436,037.9","","kept","none"
"576","576","163.0402","6.863","345,528.1","","kept","none"
"577","577","163.0403","3.621","127,402.7","","kept","none"
"578","578","163.0614","1.716","1,342,853.9","","kept","none"
"579","579","163.0614","2.721","1,374,027.9","","kept","none"
"581","581","163.0614","4.766","561,913.9","","kept","none"
"582","582","163.0766","1.506","348,622.2","","kept","none"
"583","583","163.8405","6.817","6,938,873.3","","kept","none"
"584","584","163.8967","6.262","113,808.6","","kept","none"
"586","586","164.0001","8.158","148,761.2","","kept","none"
"587","587","164.0389","7.330","3,074,785.8","","kept","none"
"588","588","164.0580","3.738","151,726.6","","kept","none"
"591","591","164.8396","6.840","4,498,550.2","","kept","none"
"593","593","165.0405","7.283","2,746,061.2","","kept","none"
"594","594","165.0409","1.546","4,522,284.3","","kept","none"
"596","596","165.8375","6.817","6,992,977.9","","kept","none"
"597","597","165.8945","6.262","117,433.7","","kept","none"
"598","598","165.9602","8.649","182,024.8","","kept","none"
"599","599","165.9913","4.579","144,485.3","","kept","none"
"600","600","166.0515","3.851","145,308.3","","kept","none"
"601","601","166.8355","6.840","1,851,009.3","","kept","none"
"602","602","166.9574","16.071","17,085,802.2","","kept","none"
"603","603","166.9752","10.758","328,719.6","","kept","none"
"604","604","166.9752","7.516","55,815.9","","kept","none"
"605","605","167.0116","8.024","508,545.9","","kept","none"
"606","606","167.0438","8.409","708,771.2","","kept","none"
"607","607","167.0714","1.365","1,173,262.6","","kept","none"
"608","608","167.8342","6.817","1,889,509.3","","kept","none"
"609","609","167.8517","6.191","194,376.7","","kept","none"
"610","610","167.9609","16.071","311,252.3","","kept","none"
"611","611","167.9973","9.189","1,140,915.8","","kept","none"
"612","612","168.0279","5.070","607,083.4","","kept","none"
"613","613","168.0278","8.649","4,068,434.1","","kept","none"
"614","614","168.0667","2.879","209,916.7","","kept","none"
"615","615","168.8322","6.840","736,207.2","","kept","none"
"616","616","168.8501","6.864","86,263.6","","kept","none"
"618","618","168.9908","9.889","644,998.5","","kept","none"
"619","619","168.9995","2.902","241,407.2","","kept","none"
"620","620","169.0314","8.649","189,847.9","","kept","none"
"621","621","169.0983","1.826","2,006,322.7","","kept","none"
"622","622","169.0984","6.794","2,744,175.4","","kept","none"
"623","623","169.8342","6.630","746,562.7","","kept","none"
"624","624","169.8497","6.191","280,545.3","","kept","none"
"627","627","169.9863","8.981","106,210.6","","kept","none"
"628","628","170.0435","7.891","282,215.0","","kept","none"
"629","629","170.0457","8.565","220,915.4","","kept","none"
"630","630","170.8294","6.840","116,851.2","","kept","none"
"631","631","170.8332","6.818","255,941.9","","kept","none"
"632","632","170.8472","6.864","96,154.5","","kept","none"
"633","633","170.9461","8.024","122,368.2","","kept","none"
"634","634","170.9771","10.430","405,453.9","","kept","none"
"635","635","170.9854","10.408","99,305.5","","kept","none"
"636","636","171.0065","9.072","21,260,649.3","","kept","none"
"638","638","171.0201","16.224","2,343,482.5","","kept","none"
"639","639","171.0200","8.386","3,546,995.0","","kept","none"
"640","640","171.0201","10.290","2,695,523.7","","kept","none"
"641","641","171.0202","19.791","2,071,952.9","","kept","none"
"642","642","171.0202","12.375","2,643,885.0","","kept","none"
"643","643","171.0202","14.113","2,544,936.6","","kept","none"
"644","644","171.0202","22.426","1,460,234.8","","kept","none"
"645","645","171.0202","21.186","1,757,111.1","","kept","none"
"646","646","171.0202","18.022","1,387,270.9","","kept","none"
"647","647","171.0412","9.305","188,898.6","","kept","none"
"648","648","171.0664","2.765","427,331.6","","kept","none"
"649","649","171.0776","6.794","171,262.7","","kept","none"
"650","650","171.1392","1.505","938,441.3","","kept","none"
"651","651","171.8317","6.630","429,639.9","","kept","none"
"652","652","171.8479","6.191","83,256.7","","kept","none"
"653","653","172.0099","9.050","849,426.1","","kept","none"
"655","655","172.0147","6.446","119,934.0","","kept","none"
"656","656","172.0240","5.839","600,896.9","","kept","none"
"657","657","172.0467","6.378","45,684.8","","kept","none"
"658","658","172.0617","12.351","155,342.9","","kept","none"
"659","659","172.5243","8.295","77,414.8","","kept","none"
"660","660","172.9174","16.532","611,824.7","","kept","none"
"661","661","172.9260","16.507","5,546,862.2","","kept","none"
"662","662","172.9872","4.111","83,266.2","","kept","none"
"663","663","173.0092","10.875","874,669.4","","kept","none"
"665","665","173.0106","9.072","254,166.3","","kept","none"
"666","666","173.0162","9.397","292,651.1","","kept","none"
"667","667","173.0274","5.862","15,722.1","","kept","none"
"669","669","173.9294","16.507","53,802.5","","kept","none"
"670","670","174.0126","10.853","42,782.2","","kept","none"
"671","671","174.0172","3.867","88,738.4","","kept","none"
"673","673","174.0772","8.409","41,490.8","","kept","none"
"674","674","174.1019","14.113","199,990.9","","kept","none"
"676","676","174.8610","6.816","1,636,762.1","","kept","none"
"677","677","174.9241","16.507","786,021.2","","kept","none"
"678","678","174.9302","16.507","49,509.2","","kept","none"
"679","679","174.9375","10.877","736,474.8","","kept","none"
"680","680","174.9468","9.651","406,134.7","","kept","none"
"681","681","174.9470","6.817","362,071.4","","kept","none"
"682","682","174.9626","16.410","157,955.5","","kept","none"
"683","683","174.9778","5.862","90,549.6","","kept","none"
"684","684","175.0125","3.879","133,290.5","","kept","none"
"685","685","175.0249","8.628","262,155.6","","kept","none"
"686","686","175.0361","10.172","169,181.9","","kept","none"
"689","689","175.0547","5.445","63,261.7","","kept","none"
"691","691","176.0024","4.953","113,549.0","","kept","none"
"692","692","176.0388","2.766","1,792,818.1","","kept","none"
"693","693","176.0387","1.826","820,967.2","","kept","none"
"695","695","176.0565","4.625","55,085.7","","kept","none"
"696","696","176.8174","6.308","236,848.5","","kept","none"
"697","697","176.8591","6.794","1,187,040.8","","kept","none"
"698","698","176.8727","9.652","162,320.4","","kept","none"
"699","699","176.9170","10.876","54,345.0","","kept","none"
"700","700","176.9267","10.805","115,813.2","","kept","none"
"701","701","176.9361","11.330","10,975,893.5","","kept","none"
"703","703","176.9422","15.395","570,020.6","","kept","none"
"704","704","177.0340","8.543","399,688.2","","kept","none"
"707","707","178.0181","3.668","57,807.1","","kept","none"
"709","709","178.0599","14.113","955,798.7","","kept","none"
"710","710","178.0670","2.765","5,047,769.7","","kept","none"
"711","711","178.0669","1.465","1,418,202.5","","kept","none"
"712","712","178.0670","0.218","1,402,263.4","","kept","none"
"713","713","178.0732","3.155","51,970.6","","kept","none"
"714","714","178.5687","2.765","739,696.6","","kept","none"
"715","715","178.8154","6.308","386,018.3","","kept","none"
"718","718","178.8844","11.186","6,611,223.1","","kept","none"
"719","719","178.8843","9.936","6,510,811.9","","kept","none"
"720","720","178.9033","0.588","1,126,095.9","","kept","none"
"721","721","178.9033","2.925","1,080,574.0","","kept","none"
"722","722","178.9340","16.311","3,929,970.4","","kept","none"
"724","724","179.0351","3.109","89,587.6","","kept","none"
"725","725","179.0462","8.521","317,368.3","","kept","none"
"728","728","179.0563","7.330","734,984.1","","kept","none"
"729","729","179.0563","18.603","5,659,904.5","","kept","none"
"730","730","179.0562","15.810","3,195,284.2","","kept","none"
"734","734","179.8846","11.186","654,195.8","","kept","none"
"735","735","179.8844","9.913","667,559.5","","kept","none"
"736","736","180.0416","3.388","47,763.6","","kept","none"
"738","738","180.0667","6.863","16,323,731.0","","kept","none"
"739","739","180.5217","10.125","161,231.5","","kept","none"
"740","740","180.8131","6.308","164,500.8","","kept","none"
"741","741","180.8272","6.239","70,923.4","","kept","none"
"745","745","180.9322","16.312","257,957.0","","kept","none"
"746","746","181.0140","11.019","162,236.3","","kept","none"
"748","748","181.0508","3.621","2,077,885.3","","kept","none"
"754","754","182.0541","3.644","192,904.4","","kept","none"
"756","756","182.0706","6.863","59,354.0","","kept","none"
"758","758","182.8250","6.239","152,052.8","","kept","none"
"762","762","182.9867","8.409","83,057.6","","kept","none"
"763","763","182.9888","16.071","214,773.5","","kept","none"
"764","764","182.9967","9.652","332,704.2","","kept","none"
"765","765","183.0109","1.364","252,057.2","","kept","none"
"768","768","183.0815","1.485","363,326.6","","kept","none"
"769","769","183.0928","3.598","76,013.3","","kept","none"
"771","771","183.9706","8.649","1,525,207.1","","kept","none"
"772","772","183.9928","4.556","77,027.7","","kept","none"
"773","773","184.0017","8.649","197,907.5","","kept","none"
"774","774","184.0380","8.958","598,829.4","","kept","none"
"775","775","184.0788","7.341","142,733.3","","kept","none"
"776","776","184.8229","6.239","71,353.4","","kept","none"
"777","777","184.8587","6.794","362,780.6","","kept","none"
"778","778","184.9294","16.385","306,810.5","","kept","none"
"779","779","184.9549","11.305","108,184.1","","kept","none"
"780","780","184.9679","16.071","24,155,676.2","","kept","none"
"781","781","184.9857","10.360","872,063.7","","kept","none"
"782","782","185.0219","8.024","76,096.6","","kept","none"
"783","783","185.0221","5.351","1,685,769.0","","kept","none"
"784","784","185.0748","0.219","1,488,486.7","","kept","none"
"785","785","185.0747","1.370","1,540,177.3","","kept","none"
"788","788","185.9715","16.071","515,584.4","","kept","none"
"789","789","186.0256","5.374","53,037.7","","kept","none"
"790","790","186.0258","8.649","227,954.4","","kept","none"
"791","791","186.0384","5.047","81,427.4","","kept","none"
"792","792","186.0464","10.291","30,698.8","","kept","none"
"793","793","186.0727","2.743","567,504.4","","kept","none"
"794","794","187.0249","10.568","98,303.8","","kept","none"
"797","797","187.0765","1.489","66,992.6","","kept","none"
"798","798","187.1088","6.794","237,972.0","","kept","none"
"799","799","187.1340","2.676","76,327.1","","kept","none"
"800","800","187.9876","8.981","247,983.0","","kept","none"
"801","801","187.9982","5.873","10,671.4","","kept","none"
"805","805","188.5452","7.353","30,164.2","","kept","none"
"807","807","188.9395","0.957","1,476,493.2","","kept","none"
"808","808","189.0350","6.514","446,297.1","","kept","none"
"809","809","189.0518","10.007","111,144.1","","kept","none"
"811","811","189.0881","7.891","155,227.7","","kept","none"
"812","812","189.0921","1.485","1,169,297.1","","kept","none"
"814","814","190.0099","4.556","1,330,090.5","","kept","none"
"815","815","190.0511","2.994","42,335.7","","kept","none"
"816","816","190.0510","7.081","53,401.2","","kept","none"
"817","817","190.0722","3.574","51,693.0","","kept","none"
"818","818","190.0956","1.486","119,237.0","","kept","none"
"819","819","190.1450","2.182","356,332.0","","kept","none"
"820","820","190.8920","16.532","232,549.4","","kept","none"
"821","821","190.8924","6.864","94,504.1","","kept","none"
"822","822","190.9367","16.556","280,236.8","","kept","none"
"825","825","191.0561","8.455","129,980.5","","kept","none"
"826","826","191.0715","1.485","183,731.4","","kept","none"
"827","827","191.0827","2.879","154,655.9","","kept","none"
"829","829","192.0336","8.713","135,357.9","","kept","none"
"830","830","192.0338","2.994","296,954.0","","kept","none"
"831","831","192.0338","5.699","358,890.9","","kept","none"
"832","832","192.0338","6.724","113,756.1","","kept","none"
"834","834","192.0826","2.720","5,952,087.9","","kept","none"
"835","835","192.0827","1.316","1,298,393.6","","kept","none"
"836","836","192.0827","0.217","1,255,559.6","","kept","none"
"837","837","192.0878","4.883","69,987.6","","kept","none"
"838","838","192.5842","2.698","1,004,979.0","","kept","none"
"839","839","192.8895","6.864","76,096.2","","kept","none"
"840","840","192.9198","15.370","722,776.7","","kept","none"
"841","841","192.9197","13.681","723,073.4","","kept","none"
"842","842","192.9197","11.923","710,121.9","","kept","none"
"843","843","192.9883","8.024","1,007,375.4","","kept","none"
"844","844","192.9882","9.095","143,962.2","","kept","none"
"845","845","192.9885","6.630","25,211.1","","kept","none"
"846","846","192.9909","8.317","122,802.9","","kept","none"
"847","847","193.0238","11.293","129,794.7","","kept","none"
"849","849","193.0804","2.720","504,335.6","","kept","none"
"850","850","193.9791","6.911","51,366.9","","kept","none"
"851","851","194.0047","9.119","146,393.1","","kept","none"
"852","852","194.0447","1.587","100,393.9","","kept","none"
"853","853","194.8910","10.900","51,247.7","","kept","none"
"854","854","194.9004","10.007","986,837.9","","kept","none"
"855","855","194.9006","11.186","1,084,835.8","","kept","none"
"856","856","194.9059","0.981","3,087,387.0","","kept","none"
"857","857","194.9059","12.689","3,536,175.8","","kept","none"
"859","859","194.9370","10.852","6,157,916.1","","kept","none"
"860","860","194.9373","9.983","2,286,302.0","","kept","none"
"861","861","194.9465","11.353","8,991,257.1","","kept","none"
"862","862","194.9466","12.762","1,534,128.7","","kept","none"
"864","864","194.9466","14.136","544,460.3","","kept","none"
"865","865","194.9466","15.322","153,438.1","","kept","none"
"866","866","195.0062","8.868","227,005.9","","kept","none"
"867","867","195.0333","3.248","47,128.8","","kept","none"
"869","869","195.0564","3.110","118,203.4","","kept","none"
"871","871","195.1026","1.567","394,491.0","","kept","none"
"872","872","195.9059","12.689","600,549.4","","kept","none"
"875","875","195.9761","6.922","72,590.7","","kept","none"
"877","877","196.0579","14.113","70,369.1","","kept","none"
"878","878","196.0616","12.328","113,307.1","","kept","none"
"880","880","196.0727","4.579","274,137.1","","kept","none"
"884","884","196.8949","11.186","23,300,260.7","","kept","none"
"885","885","196.9061","16.434","115,850.5","","kept","none"
"886","886","196.9233","10.876","633,972.4","","kept","none"
"887","887","196.9259","16.532","77,631.4","","kept","none"
"888","888","196.9324","10.865","310,037.6","","kept","none"
"890","890","197.0057","4.133","322,878.9","","kept","none"
"892","892","197.0566","8.500","118,012.8","","kept","none"
"894","894","197.8080","6.630","590,554.4","","kept","none"
"897","897","197.8951","11.209","2,554,498.3","","kept","none"
"899","899","198.0608","6.840","177,714.5","","kept","none"
"900","900","198.8092","6.794","834,013.9","","kept","none"
"901","901","198.8934","11.197","595,483.4","","kept","none"
"902","902","198.8933","9.984","531,877.8","","kept","none"
"904","904","198.9087","10.829","45,375.0","","kept","none"
"905","905","198.9180","11.496","1,766,749.8","","kept","none"
"906","906","198.9181","15.175","258,369.1","","kept","none"
"907","907","198.9179","10.615","1,430,155.6","","kept","none"
"908","908","198.9180","12.737","1,088,146.9","","kept","none"
"909","909","198.9180","13.632","720,108.7","","kept","none"
"910","910","198.9178","9.698","2,321,050.1","","kept","none"
"911","911","198.9544","6.824","108,765.5","","kept","none"
"912","912","199.0015","7.494","74,752.6","","kept","none"
"914","914","199.0376","3.879","1,061,818.3","","kept","none"
"916","916","199.0375","8.024","131,353.1","","kept","none"
"917","917","199.0904","2.698","2,473,268.6","","kept","none"
"918","918","199.1340","1.509","124,810.8","","kept","none"
"920","920","199.5922","2.698","433,714.1","","kept","none"
"923","923","200.0565","3.908","40,689.9","","kept","none"
"924","924","200.0884","2.676","197,090.0","","kept","none"
"926","926","200.8063","6.794","1,150,471.9","","kept","none"
"927","927","200.9035","16.483","1,393,192.2","","kept","none"
"928","928","200.9093","16.483","95,593.2","","kept","none"
"929","929","200.9419","16.385","4,920,643.9","","kept","none"
"930","930","201.0170","9.282","41,230.0","","kept","none"
"931","931","201.0193","8.409","63,826.6","","kept","none"
"932","932","201.0382","9.628","109,778.4","","kept","none"
"934","934","201.0882","3.063","103,108.6","","kept","none"
"935","935","201.0921","1.486","145,025.9","","kept","none"
"936","936","201.1246","6.121","30,170.2","","kept","none"
"937","937","201.1359","11.804","98,858.2","","kept","none"
"938","938","201.9454","16.386","103,138.4","","kept","none"
"939","939","201.9557","4.556","52,273.8","","kept","none"
"940","940","201.9814","8.649","255,388.5","","kept","none"
"941","941","202.0035","8.649","347,456.0","","kept","none"
"942","942","202.0722","9.305","228,328.5","","kept","none"
"943","943","202.0722","6.968","58,721.7","","kept","none"
"944","944","202.8034","6.794","589,789.9","","kept","none"
"945","945","202.9401","16.386","353,574.4","","kept","none"
"946","946","202.9462","16.386","57,867.2","","kept","none"
"947","947","202.9527","16.068","3,176,665.0","","kept","none"
"948","948","203.0021","2.845","166,889.5","","kept","none"
"949","949","203.0287","7.844","169,376.5","","kept","none"
"950","950","203.0327","3.621","36,052.5","","kept","none"
"952","952","203.0675","5.282","213,013.3","","kept","none"
"953","953","203.0674","9.351","181,830.1","","kept","none"
"955","955","203.0889","13.583","40,391.7","","kept","none"
"956","956","204.0512","8.649","315,911.3","","kept","none"
"958","958","204.0642","4.203","57,379.8","","kept","none"
"959","959","204.0666","3.017","44,274.9","","kept","none"
"961","961","204.0878","6.537","102,750.7","","kept","none"
"962","962","204.8004","6.810","127,172.9","","kept","none"
"964","964","205.0354","10.663","799,408.4","","kept","none"
"965","965","205.0752","6.816","126,893.9","","kept","none"
"966","966","205.0831","7.317","180,566.2","","kept","none"
"970","970","206.0469","0.980","900,513.4","","kept","none"
"971","971","206.0469","6.169","856,201.6","","kept","none"
"973","973","206.9114","16.312","2,276,339.6","","kept","none"
"976","976","206.9500","0.957","1,942,248.7","","kept","none"
"977","977","206.9500","7.633","499,445.6","","kept","none"
"978","978","206.9583","8.936","1,406,871.3","","kept","none"
"980","980","207.0040","8.024","138,121.9","","kept","none"
"981","981","207.0041","5.328","67,893.8","","kept","none"
"982","982","207.0122","1.739","479,436.4","","kept","none"
"983","983","207.1392","1.462","514,306.2","","kept","none"
"984","984","207.1392","19.284","375,620.3","","kept","none"
"986","986","207.9559","8.981","1,845,438.8","","kept","none"
"987","987","207.9789","6.606","138,616.3","","kept","none"
"988","988","208.0204","5.047","237,550.4","","kept","none"
"989","989","208.8453","6.769","146,468.1","","kept","none"
"990","990","208.9027","6.910","66,795.2","","kept","none"
"991","991","208.9347","6.770","532,940.7","","kept","none"
"992","992","208.9516","4.111","33,351.7","","kept","none"
"993","993","208.9542","16.060","1,853,783.2","","kept","none"
"994","994","208.9851","8.135","123,393.8","","kept","none"
"995","995","209.0667","6.817","63,863.4","","kept","none"
"996","996","209.9100","8.363","66,191.7","","kept","none"
"997","997","209.9501","4.579","264,913.9","","kept","none"
"998","998","209.9535","8.981","236,324.8","","kept","none"
"999","999","209.9760","6.606","110,375.3","","kept","none"
"1000","1000","210.0077","9.628","134,324.5","","kept","none"
"1001","1001","210.0885","8.521","265,915.9","","kept","none"
"1002","1002","210.8424","6.769","213,699.3","","kept","none"
"1003","1003","210.8820","16.507","270,146.4","","kept","none"
"1004","1004","210.8997","6.910","41,727.5","","kept","none"
"1005","1005","210.9317","6.770","207,998.5","","kept","none"
"1006","1006","211.0014","10.268","350,445.4","","kept","none"
"1007","1007","211.0014","7.633","2,094,483.7","","kept","none"
"1008","1008","211.0977","1.693","206,796.3","","kept","none"
"1009","1009","211.1340","1.507","211,626.5","","kept","none"
"1010","1010","212.0048","6.980","308,957.5","","kept","none"
"1011","1011","212.0167","5.839","139,934.1","","kept","none"
"1012","1012","212.0178","4.579","109,038.3","","kept","none"
"1013","1013","212.8395","6.770","106,794.0","","kept","none"
"1014","1014","212.9626","9.072","64,896.6","","kept","none"
"1015","1015","212.9912","5.538","68,074.1","","kept","none"
"1016","1016","213.0056","6.992","66,886.5","","kept","none"
"1017","1017","213.0123","2.971","336,096.4","","kept","none"
"1018","1018","213.0130","4.579","786,164.8","","kept","none"
"1019","1019","213.0170","8.868","386,339.6","","kept","none"
"1020","1020","213.0845","14.113","154,093.8","","kept","none"
"1021","1021","213.0924","1.485","192,554.5","","kept","none"
"1022","1022","213.5140","2.948","58,061.0","","kept","none"
"1023","1023","214.0334","7.890","92,671.2","","kept","none"
"1025","1025","215.0286","7.890","127,047.9","","kept","none"
"1026","1026","215.0329","6.910","444,370.6","","kept","none"
"1029","1029","216.0433","6.863","685,515.0","","kept","none"
"1030","1030","216.0515","12.351","414,971.2","","kept","none"
"1032","1032","216.8539","12.423","438,651.2","","kept","none"
"1033","1033","216.9098","10.829","674,294.4","","kept","none"
"1034","1034","216.9159","16.507","4,565,567.3","","kept","none"
"1035","1035","216.9193","10.805","1,098,562.1","","kept","none"
"1036","1036","216.9286","11.472","2,564,757.9","","kept","none"
"1037","1037","216.9285","10.615","2,277,879.3","","kept","none"
"1038","1038","216.9286","12.738","1,668,717.6","","kept","none"
"1039","1039","216.9286","15.199","394,080.0","","kept","none"
"1040","1040","216.9284","9.721","4,079,069.9","","kept","none"
"1041","1041","216.9286","13.632","1,174,563.0","","kept","none"
"1042","1042","217.0299","6.910","133,515.1","","kept","none"
"1043","1043","217.0485","7.283","14,954,506.6","","kept","none"
"1044","1044","217.0830","4.579","241,717.6","","kept","none"
"1045","1045","217.9193","16.507","97,153.0","","kept","none"
"1046","1046","218.0404","6.863","243,273.7","","kept","none"
"1047","1047","218.0518","7.306","957,995.1","","kept","none"
"1049","1049","218.1035","1.982","3,203,223.3","","kept","none"
"1051","1051","218.9053","10.829","66,743.6","","kept","none"
"1052","1052","218.9140","16.507","667,531.3","","kept","none"
"1053","1053","218.9198","16.507","57,789.2","","kept","none"
"1054","1054","219.0040","8.024","193,629.1","","kept","none"
"1055","1055","219.0277","7.353","240,727.3","","kept","none"
"1057","1057","219.0511","10.900","43,079.1","","kept","none"
"1059","1059","219.0776","4.367","211,541.2","","kept","none"
"1060","1060","219.0879","3.318","454,067.5","","kept","none"
"1061","1061","219.0888","2.788","670,759.6","","kept","none"
"1062","1062","219.0887","1.695","405,523.9","","kept","none"
"1065","1065","219.1755","1.526","1,041,427.9","","kept","none"
"1066","1066","219.9762","8.649","265,403.3","","kept","none"
"1067","1067","219.9782","9.560","617,383.2","","kept","none"
"1068","1068","220.0089","4.088","509,918.7","","kept","none"
"1072","1072","220.7670","6.215","136,757.4","","kept","none"
"1074","1074","220.9629","8.930","72,267.6","","kept","none"
"1075","1075","221.0198","5.561","493,665.2","","kept","none"
"1076","1076","221.0519","7.353","229,201.0","","kept","none"
"1077","1077","221.1546","1.415","370,019.7","","kept","none"
"1079","1079","221.9844","8.137","27,183.4","","kept","none"
"1080","1080","222.0443","6.677","203,456.1","","kept","none"
"1081","1081","222.7650","6.215","343,271.0","","kept","none"
"1084","1084","222.9238","16.312","987,512.9","","kept","none"
"1085","1085","223.0284","1.445","2,167,387.3","","kept","none"
"1086","1086","223.1341","1.505","819,516.4","","kept","none"
"1088","1088","223.9328","8.113","55,081.4","","kept","none"
"1089","1089","223.9565","6.583","68,257.7","","kept","none"
"1090","1090","223.9640","4.111","41,020.8","","kept","none"
"1091","1091","224.7630","6.215","258,021.5","","kept","none"
"1092","1092","224.8835","16.434","173,198.8","","kept","none"
"1093","1093","224.8894","16.410","56,302.3","","kept","none"
"1094","1094","224.9158","16.090","1,313,503.1","","kept","none"
"1096","1096","225.1691","2.788","327,179.8","","kept","none"
"1097","1097","225.1860","1.445","219,048.0","","kept","none"
"1098","1098","225.9663","4.579","178,494.7","","kept","none"
"1099","1099","226.0487","8.025","3,556,427.8","","kept","none"
"1101","1101","226.0835","4.296","121,342.5","","kept","none"
"1102","1102","226.0852","6.840","30,702.8","","kept","none"
"1103","1103","226.1816","1.567","111,754.4","","kept","none"
"1104","1104","226.7611","6.215","54,593.7","","kept","none"
"1105","1105","226.9639","8.046","69,416.4","","kept","none"
"1106","1106","226.9964","9.889","60,710.2","","kept","none"
"1108","1108","227.0926","2.743","206,831.7","","kept","none"
"1110","1110","227.2018","2.630","1,466,337.2","","kept","none"
"1112","1112","227.9608","8.649","271,439.0","","kept","none"
"1113","1113","228.0280","9.072","96,912.4","","kept","none"
"1115","1115","228.0627","9.561","67,994.4","","kept","none"
"1116","1116","228.0643","7.941","382,031.5","","kept","none"
"1117","1117","228.0989","8.521","221,394.7","","kept","none"
"1120","1120","228.8038","6.747","312,893.3","","kept","none"
"1122","1122","228.9320","0.957","1,792,637.0","","kept","none"
"1123","1123","228.9319","7.633","381,004.4","","kept","none"
"1125","1125","228.9685","5.047","67,006.3","","kept","none"
"1126","1126","229.0026","10.303","36,491.0","","kept","none"
"1127","1127","229.0118","9.560","1,153,391.5","","kept","none"
"1128","1128","229.0467","10.639","211,069.4","","kept","none"
"1129","1129","229.0621","14.113","265,152.8","","kept","none"
"1130","1130","229.0830","9.258","242,797.3","","kept","none"
"1131","1131","229.1346","1.640","127,729.1","","kept","none"
"1136","1136","230.0197","8.027","275,473.3","","kept","none"
"1137","1137","230.0283","5.047","34,704.7","","kept","none"
"1141","1141","230.9875","6.355","62,792.0","","kept","none"
"1142","1142","230.9912","9.792","70,713.6","","kept","none"
"1143","1143","231.0236","5.069","476,347.2","","kept","none"
"1144","1144","231.0275","9.515","211,885.8","","kept","none"
"1147","1147","231.0987","8.203","277,805.3","","kept","none"
"1148","1148","231.1029","1.485","226,445.9","","kept","none"
"1150","1150","231.9555","9.004","622,533.8","","kept","none"
"1152","1152","232.8013","6.746","314,932.3","","kept","none"
"1153","1153","232.9248","6.864","219,854.7","","kept","none"
"1154","1154","232.9622","4.134","21,949.3","","kept","none"
"1155","1155","232.9855","6.355","62,801.0","","kept","none"
"1156","1156","233.0215","5.444","155,772.6","","kept","none"
"1157","1157","233.0780","9.305","295,054.3","","kept","none"
"1158","1158","233.0781","6.049","52,485.9","","kept","none"
"1159","1159","233.0781","5.023","51,734.1","","kept","none"
"1160","1160","233.1547","1.486","1,442,619.5","","kept","none"
"1162","1162","234.1582","1.505","182,013.8","","kept","none"
"1164","1164","234.8724","0.981","357,202.1","","kept","none"
"1166","1166","234.9786","8.670","116,137.8","","kept","none"
"1167","1167","235.0200","5.839","13,704.5","","kept","none"
"1168","1168","235.0726","4.649","253,238.7","","kept","none"
"1169","1169","235.0727","5.955","223,131.6","","kept","none"
"1170","1170","235.0726","3.551","72,375.8","","kept","none"
"1171","1171","235.0791","14.113","520,538.0","","kept","none"
"1172","1172","235.8005","6.748","141,484.0","","kept","none"
"1174","1174","236.0236","10.498","394,355.2","","kept","none"
"1175","1175","236.0306","8.913","207,443.5","","kept","none"
"1176","1176","236.7997","6.724","433,625.3","","kept","none"
"1177","1177","236.8049","6.746","150,798.5","","kept","none"
"1179","1179","236.8935","10.876","166,618.1","","kept","none"
"1180","1180","236.9027","9.673","668,125.7","","kept","none"
"1181","1181","236.9783","8.024","39,900.0","","kept","none"
"1182","1182","236.9985","4.134","73,979.3","","kept","none"
"1183","1183","237.0295","7.358","274,122.7","","kept","none"
"1184","1184","237.0771","2.765","381,591.2","","kept","none"
"1185","1185","237.1246","1.609","3,573,701.9","","kept","none"
"1186","1186","237.1247","2.743","5,652,738.7","","kept","none"
"1188","1188","237.9888","9.561","2,460,821.6","","kept","none"
"1189","1189","238.0101","7.867","72,321.8","","kept","none"
"1191","1191","238.0312","6.377","75,702.9","","kept","none"
"1192","1192","238.1087","2.630","1,136,737.4","","kept","none"
"1193","1193","238.1279","2.743","706,357.2","","kept","none"
"1194","1194","238.7966","6.759","134,747.4","","kept","none"
"1195","1195","238.8018","6.747","177,672.4","","kept","none"
"1197","1197","238.8650","16.507","513,489.1","","kept","none"
"1198","1198","238.8978","16.458","663,735.1","","kept","none"
"1199","1199","239.0038","6.747","94,590.6","","kept","none"
"1200","1200","239.0167","9.514","454,035.4","","kept","none"
"1202","1202","239.0306","7.238","147,189.6","","kept","none"
"1203","1203","239.0599","1.441","1,955,241.5","","kept","none"
"1204","1204","239.0789","3.133","28,957.6","","kept","none"
"1205","1205","239.0928","1.608","376,001.9","","kept","none"
"1206","1206","239.1403","2.630","917,284.1","","kept","none"
"1208","1208","240.0225","6.840","269,362.4","","kept","none"
"1210","1210","240.0856","3.318","231,040.8","","kept","none"
"1211","1211","240.8576","16.507","647,564.8","","kept","none"
"1212","1212","240.8637","16.507","98,096.5","","kept","none"
"1213","1213","240.8711","1.004","613,239.0","","kept","none"
"1214","1214","240.8961","16.458","80,830.3","","kept","none"
"1215","1215","241.0121","10.078","761,495.7","","kept","none"
"1216","1216","241.0121","8.068","169,360.5","","kept","none"
"1218","1218","241.0600","7.074","197,314.6","","kept","none"
"1219","1219","241.0724","2.721","194,101.8","","kept","none"
"1221","1221","241.2176","1.425","1,613,466.6","","kept","none"
"1222","1222","241.9294","6.584","122,282.5","","kept","none"
"1223","1223","241.9910","4.065","47,479.1","","kept","none"
"1224","1224","242.0521","7.728","120,764.5","","kept","none"
"1226","1226","242.0785","9.282","148,154.5","","kept","none"
"1228","1228","242.0800","6.711","111,626.9","","kept","none"
"1229","1229","242.1765","1.629","944,683.4","","kept","none"
"1230","1230","242.2207","1.437","225,328.5","","kept","none"
"1231","1231","242.8951","16.507","72,938.9","","kept","none"
"1232","1232","242.9271","6.537","114,829.1","","kept","none"
"1233","1233","242.9453","16.071","280,959.8","","kept","none"
"1234","1234","243.0276","8.135","327,681.1","","kept","none"
"1235","1235","243.0339","7.376","145,309.3","","kept","none"
"1236","1236","243.0463","7.376","1,427,492.1","","kept","none"
"1237","1237","243.0568","7.074","61,036.1","","kept","none"
"1240","1240","243.0623","8.691","650,708.7","","kept","none"
"1241","1241","243.0624","10.384","225,039.0","","kept","none"
"1243","1243","243.0811","3.458","458,715.3","","kept","none"
"1246","1246","243.0987","9.583","299,879.1","","kept","none"
"1247","1247","243.9258","6.606","106,291.9","","kept","none"
"1248","1248","243.9664","8.110","39,344.8","","kept","none"
"1249","1249","244.0499","7.368","76,150.6","","kept","none"
"1250","1250","244.0592","8.824","7,938,937.2","","kept","none"
"1253","1253","244.0675","7.353","1,107,803.5","","kept","none"
"1255","1255","244.1669","12.810","70,700.5","","kept","none"
"1256","1256","244.9058","16.266","16,681,565.1","","kept","none"
"1257","1257","244.9061","17.143","1,466,218.1","","kept","none"
"1258","1258","244.9242","6.537","77,645.4","","kept","none"
"1260","1260","245.0624","8.835","482,785.5","","kept","none"
"1261","1261","245.0780","4.019","55,016.9","","kept","none"
"1263","1263","245.9457","4.533","48,542.4","","kept","none"
"1264","1264","245.9711","8.649","1,249,064.8","","kept","none"
"1268","1268","246.0634","8.846","93,223.2","","kept","none"
"1269","1269","246.0731","9.584","110,358.1","","kept","none"
"1270","1270","246.9040","16.269","1,104,187.3","","kept","none"
"1272","1272","246.9424","16.051","4,565,462.1","","kept","none"
"1274","1274","247.0407","6.817","125,915.7","","kept","none"
"1276","1276","247.0574","10.663","215,766.4","","kept","none"
"1278","1278","247.1709","1.445","147,306.0","","kept","none"
"1279","1279","247.9942","4.556","270,766.2","","kept","none"
"1281","1281","248.0577","7.703","32,694.9","","kept","none"
"1282","1282","248.0804","1.425","845,266.8","","kept","none"
"1285","1285","248.9839","9.072","70,735.9","","kept","none"
"1286","1286","249.0222","8.157","353,831.5","","kept","none"
"1287","1287","249.0495","4.157","98,739.4","","kept","none"
"1288","1288","249.0552","8.340","674,770.2","","kept","none"
"1291","1291","249.1498","1.485","620,189.6","","kept","none"
"1292","1292","250.0101","7.867","78,897.7","","kept","none"
"1293","1293","250.0503","6.818","123,508.9","","kept","none"
"1294","1294","250.0589","8.317","46,138.4","","kept","none"
"1295","1295","250.0935","8.618","112,638.2","","kept","none"
"1297","1297","250.1453","1.365","659,892.4","","kept","none"
"1298","1298","250.9397","16.071","773,047.8","","kept","none"
"1299","1299","250.9867","6.377","62,893.3","","kept","none"
"1300","1300","251.0417","12.810","159,950.4","","kept","none"
"1301","1301","251.0788","3.691","158,961.7","","kept","none"
"1302","1302","251.0945","14.090","40,559.7","","kept","none"
"1303","1303","251.2017","1.445","121,823.1","","kept","none"
"1304","1304","251.4699","11.330","471,374.4","","kept","none"
"1306","1306","251.9893","9.073","96,612.6","","kept","none"
"1307","1307","252.0093","5.885","29,918.6","","kept","none"
"1308","1308","252.0549","7.236","617,203.5","","kept","none"
"1310","1310","252.9214","5.850","15,970.7","","kept","none"
"1311","1311","253.0772","14.113","203,289.3","","kept","none"
"1312","1312","253.0931","7.121","81,900.8","","kept","none"
"1313","1313","253.1451","1.522","263,188.0","","kept","none"
"1315","1315","253.9994","6.840","85,465.4","","kept","none"
"1316","1316","254.0785","8.543","687,251.8","","kept","none"
"1319","1319","254.6981","1.715","281,613.5","","kept","none"
"1320","1320","254.8631","16.532","375,228.1","","kept","none"
"1321","1321","254.8720","16.508","1,298,116.0","","kept","none"
"1322","1322","254.9041","10.877","341,634.7","","kept","none"
"1323","1323","254.9135","9.674","661,420.1","","kept","none"
"1324","1324","254.9136","11.282","582,218.8","","kept","none"
"1325","1325","254.9890","8.024","58,624.6","","kept","none"
"1326","1326","254.9903","4.090","83,515.2","","kept","none"
"1328","1328","255.0989","3.458","25,715.0","","kept","none"
"1330","1330","255.8376","6.793","108,298.5","","kept","none"
"1331","1331","255.9818","4.554","487,635.3","","kept","none"
"1332","1332","256.0596","6.816","726,370.7","","kept","none"
"1333","1333","256.0942","3.434","75,130.0","","kept","none"
"1336","1336","256.8638","16.458","161,672.5","","kept","none"
"1337","1337","256.8702","16.531","260,149.4","","kept","none"
"1338","1338","257.0782","4.579","152,370.4","","kept","none"
"1339","1339","257.0785","8.454","120,298.7","","kept","none"
"1342","1342","257.1146","9.374","74,940.5","","kept","none"
"1343","1343","257.1761","1.465","217,708.6","","kept","none"
"1345","1345","258.0385","9.235","547,021.8","","kept","none"
"1346","1346","258.0565","6.817","239,366.9","","kept","none"
"1347","1347","258.0822","14.102","40,969.9","","kept","none"
"1351","1351","258.8373","6.794","152,152.3","","kept","none"
"1352","1352","258.8917","15.420","397,295.5","","kept","none"
"1353","1353","259.0114","7.377","70,125.4","","kept","none"
"1354","1354","259.0202","7.376","101,036.5","","kept","none"
"1355","1355","259.0225","9.745","707,123.0","","kept","none"
"1356","1356","259.0573","8.363","318,610.9","","kept","none"
"1357","1357","259.0913","7.869","587,869.5","","kept","none"
"1358","1358","259.9708","9.514","315,591.6","","kept","none"
"1359","1359","259.9870","3.783","42,456.9","","kept","none"
"1360","1360","260.0131","6.355","123,840.7","","kept","none"
"1361","1361","260.0776","8.756","31,758.3","","kept","none"
"1362","1362","260.0778","5.579","52,823.0","","kept","none"
"1364","1364","260.8926","11.922","770,256.8","","kept","none"
"1365","1365","260.8926","13.175","643,311.8","","kept","none"
"1366","1366","260.8926","14.570","558,105.2","","kept","none"
"1367","1367","260.8926","15.469","508,006.4","","kept","none"
"1368","1368","260.9057","16.507","650,359.8","","kept","none"
"1369","1369","261.0124","5.549","66,437.4","","kept","none"
"1370","1370","261.0729","8.649","1,597,419.5","","kept","none"
"1371","1371","261.0730","10.711","857,071.5","","kept","none"
"1372","1372","261.1093","9.583","1,036,916.6","","kept","none"
"1374","1374","261.9788","7.727","103,904.8","","kept","none"
"1375","1375","262.0675","3.318","59,259.2","","kept","none"
"1376","1376","262.1127","9.561","99,189.8","","kept","none"
"1377","1377","262.8779","16.362","1,356,121.2","","kept","none"
"1379","1379","262.9074","16.071","674,871.6","","kept","none"
"1380","1380","262.9820","8.868","162,571.2","","kept","none"
"1381","1381","263.0093","8.543","602,281.3","","kept","none"
"1383","1383","263.9562","5.047","39,090.7","","kept","none"
"1385","1385","263.9945","7.449","438,576.7","","kept","none"
"1386","1386","264.0604","5.675","931,953.7","","kept","none"
"1387","1387","264.0741","4.204","79,314.5","","kept","none"
"1389","1389","264.9084","16.071","912,228.1","","kept","none"
"1390","1390","264.9428","10.781","226,776.9","","kept","none"
"1391","1391","265.0281","7.376","272,592.1","","kept","none"
"1393","1393","265.0445","5.792","59,727.7","","kept","none"
"1394","1394","265.0478","8.076","74,114.1","","kept","none"
"1395","1395","265.0573","13.583","174,957.0","","kept","none"
"1396","1396","265.0572","5.537","228,843.1","","kept","none"
"1397","1397","265.0636","5.653","90,895.2","","kept","none"
"1398","1398","265.0679","8.939","126,183.9","","kept","none"
"1399","1399","265.1480","1.385","2,594,124.9","","kept","none"
"1400","1400","265.1481","7.367","666,341.9","","kept","none"
"1401","1401","265.1482","2.630","1,848,404.5","","kept","none"
"1402","1402","265.1482","0.243","1,055,115.3","","kept","none"
"1403","1403","266.0049","5.069","59,287.7","","kept","none"
"1405","1405","266.0898","8.284","57,875.8","","kept","none"
"1406","1406","266.0898","4.977","34,543.2","","kept","none"
"1407","1407","266.1518","1.374","296,827.3","","kept","none"
"1408","1408","266.8041","6.747","299,886.7","","kept","none"
"1409","1409","266.9006","10.758","107,905.0","","kept","none"
"1410","1410","266.9679","9.864","165,572.7","","kept","none"
"1411","1411","267.0253","7.187","367,356.1","","kept","none"
"1412","1412","267.0724","8.757","515,322.3","","kept","none"
"1414","1414","267.0737","9.397","223,705.2","","kept","none"
"1415","1415","267.2332","1.405","275,407.6","","kept","none"
"1416","1416","267.9534","4.556","303,327.2","","kept","none"
"1417","1417","267.9627","6.239","78,110.3","","kept","none"
"1419","1419","268.8012","6.747","543,425.3","","kept","none"
"1420","1420","268.9163","9.305","157,446.0","","kept","none"
"1422","1422","268.9375","9.118","70,651.5","","kept","none"
"1423","1423","268.9602","7.004","145,755.9","","kept","none"
"1424","1424","269.0548","14.113","79,884.0","","kept","none"
"1425","1425","269.1395","1.506","130,472.6","","kept","none"
"1426","1426","269.2126","1.445","551,528.4","","kept","none"
"1429","1429","269.9607","6.238","76,180.6","","kept","none"
"1430","1430","269.9645","8.136","16,601.6","","kept","none"
"1431","1431","270.0012","5.839","24,444.6","","kept","none"
"1433","1433","270.7983","6.747","381,071.3","","kept","none"
"1436","1436","270.9573","7.028","45,529.1","","kept","none"
"1437","1437","271.0043","8.157","946,184.6","","kept","none"
"1438","1438","271.0575","10.545","279,972.3","","kept","none"
"1439","1439","271.0817","14.090","275,424.9","","kept","none"
"1440","1440","271.0914","7.890","878,074.2","","kept","none"
"1441","1441","271.1023","7.949","143,105.0","","kept","none"
"1442","1442","271.1187","1.485","234,697.3","","kept","none"
"1445","1445","271.9322","9.118","139,993.8","","kept","none"
"1446","1446","272.0084","8.113","27,571.4","","kept","none"
"1447","1447","272.0543","8.868","162,780.3","","kept","none"
"1450","1450","272.7954","6.747","126,680.4","","kept","none"
"1451","1451","272.8378","16.556","316,928.7","","kept","none"
"1452","1452","272.9218","16.071","7,152,271.8","","kept","none"
"1453","1453","273.0002","8.113","75,322.0","","kept","none"
"1455","1455","273.9662","8.891","139,340.0","","kept","none"
"1456","1456","273.9897","6.840","104,673.9","","kept","none"
"1457","1457","273.9925","5.070","174,786.1","","kept","none"
"1458","1458","274.8726","11.258","967,460.8","","kept","none"
"1459","1459","274.9493","4.111","90,709.9","","kept","none"
"1460","1460","275.0178","10.995","68,966.0","","kept","none"
"1461","1461","275.0888","10.315","545,664.6","","kept","none"
"1462","1462","275.1252","9.374","762,445.1","","kept","none"
"1463","1463","276.0775","6.840","14,527.4","","kept","none"
"1464","1464","276.8520","10.900","86,302.1","","kept","none"
"1466","1466","276.8612","9.769","136,032.3","","kept","none"
"1467","1467","277.0220","7.376","50,841.1","","kept","none"
"1468","1468","277.0330","9.628","877,806.1","","kept","none"
"1469","1469","277.0332","7.728","31,828.6","","kept","none"
"1470","1470","277.0478","8.068","94,776.6","","kept","none"
"1471","1471","277.0589","8.046","73,687.6","","kept","none"
"1473","1473","277.9886","5.862","27,519.5","","kept","none"
"1474","1474","278.0552","6.794","16,171.9","","kept","none"
"1475","1475","278.0881","8.756","240,539.3","","kept","none"
"1476","1476","278.1879","2.608","7,074,826.4","","kept","none"
"1477","1477","278.1880","1.497","4,021,225.1","","kept","none"
"1478","1478","278.8518","16.458","2,477,715.5","","kept","none"
"1479","1479","278.9816","7.727","178,685.8","","kept","none"
"1480","1480","279.0026","7.352","72,854.8","","kept","none"
"1481","1481","279.0391","3.879","384,063.8","","kept","none"
"1482","1482","279.0488","7.353","487,309.3","","kept","none"
"1484","1484","279.0689","14.113","74,160.2","","kept","none"
"1485","1485","279.0712","4.696","42,290.0","","kept","none"
"1487","1487","279.1600","1.424","267,162.9","","kept","none"
"1488","1488","279.1804","2.608","2,262,335.1","","kept","none"
"1489","1489","279.2333","1.405","957,153.2","","kept","none"
"1490","1490","280.0230","9.165","246,920.8","","kept","none"
"1491","1491","280.0344","5.653","39,789.6","","kept","none"
"1492","1492","280.0357","8.824","359,920.6","","kept","none"
"1495","1495","280.2367","1.425","123,804.7","","kept","none"
"1497","1497","280.8499","16.458","165,968.1","","kept","none"
"1500","1500","281.0184","3.856","81,457.1","","kept","none"
"1501","1501","281.0311","9.444","627,478.5","","kept","none"
"1502","1502","281.0362","3.879","116,906.4","","kept","none"
"1503","1503","281.0895","2.994","88,713.4","","kept","none"
"1504","1504","281.0992","3.318","37,964.4","","kept","none"
"1505","1505","281.1121","4.718","79,206.4","","kept","none"
"1510","1510","282.0387","9.258","80,490.2","","kept","none"
"1511","1511","282.0846","10.125","95,972.9","","kept","none"
"1512","1512","282.0847","6.400","243,982.4","","kept","none"
"1515","1515","282.8877","16.434","107,250.7","","kept","none"
"1516","1516","282.9534","10.830","416,915.7","","kept","none"
"1518","1518","283.0687","11.019","30,775.9","","kept","none"
"1519","1519","283.0785","5.560","122,278.4","","kept","none"
"1520","1520","283.0913","7.912","469,077.0","","kept","none"
"1521","1521","283.1025","7.957","192,829.0","","kept","none"
"1522","1522","283.1110","1.385","662,130.9","","kept","none"
"1523","1523","283.1370","1.405","374,110.7","","kept","none"
"1525","1525","283.9978","7.330","49,896.6","","kept","none"
"1526","1526","284.0155","5.584","87,354.8","","kept","none"
"1527","1527","284.0415","12.351","216,672.1","","kept","none"
"1529","1529","284.1255","6.724","50,438.8","","kept","none"
"1531","1531","284.7751","6.817","102,423.5","","kept","none"
"1532","1532","284.8984","16.246","1,397,014.0","","kept","none"
"1533","1533","284.9475","5.352","43,541.5","","kept","none"
"1534","1534","285.0496","9.984","961,894.6","","kept","none"
"1535","1535","285.0731","10.407","489,402.1","","kept","none"
"1537","1537","285.5367","7.691","161,906.0","","kept","none"
"1538","1538","285.9639","5.047","91,877.2","","kept","none"
"1539","1539","286.0529","9.995","66,614.8","","kept","none"
"1541","1541","286.0699","4.789","24,316.2","","kept","none"
"1542","1542","286.1046","8.180","120,536.6","","kept","none"
"1544","1544","286.8802","6.864","218,953.2","","kept","none"
"1545","1545","286.9122","6.840","157,241.5","","kept","none"
"1546","1546","286.9782","8.122","41,114.4","","kept","none"
"1547","1547","286.9979","4.977","42,640.1","","kept","none"
"1548","1548","287.0362","7.376","57,160.1","","kept","none"
"1549","1549","287.0394","13.584","83,498.0","","kept","none"
"1553","1553","287.1000","9.960","290,735.6","","kept","none"
"1556","1556","288.0661","8.542","1,688,707.1","","kept","none"
"1557","1557","288.1092","3.504","52,349.9","","kept","none"
"1558","1558","288.8772","6.864","155,753.0","","kept","none"
"1559","1559","288.8958","16.288","675,619.3","","kept","none"
"1560","1560","289.0074","7.167","145,067.2","","kept","none"
"1562","1562","289.0558","4.907","150,067.3","","kept","none"
"1563","1563","289.0681","10.545","371,584.2","","kept","none"
"1564","1564","289.0691","8.521","162,423.5","","kept","none"
"1565","1565","289.0699","7.028","235,347.7","","kept","none"
"1566","1566","289.1018","1.587","691,231.1","","kept","none"
"1567","1567","289.1020","3.155","98,916.3","","kept","none"
"1568","1568","289.1156","10.079","251,645.6","","kept","none"
"1569","1569","289.9602","5.838","13,716.2","","kept","none"
"1570","1570","289.9672","6.841","85,273.5","","kept","none"
"1571","1571","290.0071","6.239","196,463.1","","kept","none"
"1573","1573","290.0885","7.540","698,454.4","","kept","none"
"1575","1575","290.9679","9.374","267,938.2","","kept","none"
"1576","1576","291.8953","16.030","658,200.9","","kept","none"
"1577","1577","291.9643","6.841","56,000.1","","kept","none"
"1579","1579","292.0050","6.239","199,346.3","","kept","none"
"1580","1580","292.0724","8.024","79,767.0","","kept","none"
"1581","1581","292.2036","1.485","3,285,558.6","","kept","none"
"1582","1582","292.2037","2.608","6,159,360.3","","kept","none"
"1584","1584","292.8879","6.677","120,585.1","","kept","none"
"1586","1586","292.9238","11.305","2,472,191.1","","kept","none"
"1588","1588","292.9926","8.924","194,902.5","","kept","none"
"1589","1589","293.0520","4.090","1,208,225.6","","kept","none"
"1590","1590","293.0636","14.090","972,317.8","","kept","none"
"1591","1591","293.0662","4.695","14,768.5","","kept","none"
"1592","1592","293.0996","8.670","217,279.5","","kept","none"
"1593","1593","293.1760","2.608","1,916,014.6","","kept","none"
"1594","1594","293.1962","2.608","1,702,865.9","","kept","none"
"1597","1597","294.0009","5.398","49,045.4","","kept","none"
"1598","1598","294.0153","10.101","52,492.5","","kept","none"
"1599","1599","294.0487","4.111","14,493.5","","kept","none"
"1600","1600","294.0500","9.258","148,021.6","","kept","none"
"1601","1601","294.0556","4.109","116,674.8","","kept","none"
"1602","1602","294.0671","14.102","46,256.8","","kept","none"
"1603","1603","294.8257","16.507","2,698,845.4","","kept","none"
"1604","1604","294.8622","10.900","75,544.7","","kept","none"
"1608","1608","294.9880","8.914","63,934.8","","kept","none"
"1609","1609","295.0339","4.579","86,534.9","","kept","none"
"1610","1610","295.0338","14.113","119,615.1","","kept","none"
"1611","1611","295.0429","7.889","85,982.4","","kept","none"
"1612","1612","295.0842","6.480","44,385.7","","kept","none"
"1613","1613","295.0940","8.628","236,418.8","","kept","none"
"1614","1614","295.2642","1.391","288,150.5","","kept","none"
"1618","1618","295.9840","6.840","226,439.5","","kept","none"
"1619","1619","296.0737","5.023","30,649.0","","kept","none"
"1620","1620","296.0738","6.027","24,502.8","","kept","none"
"1621","1621","296.8203","11.258","665,340.1","","kept","none"
"1622","1622","296.8237","16.507","267,796.1","","kept","none"
"1624","1624","296.9079","16.071","2,552,775.6","","kept","none"
"1625","1625","296.9419","8.363","150,249.6","","kept","none"
"1626","1626","297.0705","4.719","260,519.8","","kept","none"
"1627","1627","297.1345","1.727","35,271,790.2","","kept","none"
"1630","1630","297.1531","3.063","1,615,184.1","","kept","none"
"1631","1631","297.1532","0.065","2,307,117.9","","kept","none"
"1632","1632","297.2434","1.424","769,093.1","","kept","none"
"1633","1633","297.2802","1.385","185,753.6","","kept","none"
"1634","1634","297.9811","6.840","154,216.4","","kept","none"
"1635","1635","298.0463","10.431","307,915.5","","kept","none"
"1636","1636","298.0700","9.319","46,111.2","","kept","none"
"1639","1639","298.1378","1.716","5,871,062.4","","kept","none"
"1641","1641","298.8616","16.507","383,128.6","","kept","none"
"1642","1642","298.8866","6.677","208,333.6","","kept","none"
"1643","1643","298.9632","5.561","582,885.2","","kept","none"
"1644","1644","298.9819","7.353","167,304.4","","kept","none"
"1645","1645","299.0150","9.628","302,451.7","","kept","none"
"1647","1647","299.1226","5.070","84,458.5","","kept","none"
"1649","1649","299.1489","1.385","639,897.0","","kept","none"
"1652","1652","300.0090","6.192","119,422.1","","kept","none"
"1654","1654","300.0815","8.649","141,887.4","","kept","none"
"1655","1655","300.0856","8.025","298,133.6","","kept","none"
"1656","1656","300.1302","7.890","1,087,951.5","","kept","none"
"1658","1658","300.8597","16.507","75,865.9","","kept","none"
"1659","1659","300.8888","6.677","48,909.9","","kept","none"
"1660","1660","300.9506","11.018","178,850.0","","kept","none"
"1661","1661","301.0307","7.353","518,535.9","","kept","none"
"1663","1663","301.0510","14.113","333,840.1","","kept","none"
"1665","1665","301.0653","8.823","420,298.3","","kept","none"
"1666","1666","301.1338","7.878","102,798.7","","kept","none"
"1667","1667","301.1660","1.505","350,090.8","","kept","none"
"1668","1668","302.0070","6.203","119,198.3","","kept","none"
"1671","1671","302.0649","6.957","34,469.8","","kept","none"
"1672","1672","302.0993","8.607","690,327.6","","kept","none"
"1673","1673","302.1360","6.724","336,545.4","","kept","none"
"1675","1675","302.8855","6.677","17,643.6","","kept","none"
"1676","1676","303.0020","7.097","88,635.4","","kept","none"
"1677","1677","303.0149","8.981","50,103.2","","kept","none"
"1678","1678","303.0237","8.958","81,630.1","","kept","none"
"1682","1682","303.0947","9.617","134,664.5","","kept","none"
"1683","1683","303.0998","6.377","60,978.4","","kept","none"
"1686","1686","303.9094","16.051","910,335.1","","kept","none"
"1687","1687","304.0161","6.747","505,500.1","","kept","none"
"1688","1688","304.0442","9.065","881,752.4","","kept","none"
"1689","1689","304.0530","5.676","335,119.3","","kept","none"
"1691","1691","304.0665","4.133","43,474.0","","kept","none"
"1692","1692","304.0709","8.085","98,847.1","","kept","none"
"1695","1695","304.8697","16.362","756,203.2","","kept","none"
"1696","1696","304.9009","16.051","1,054,746.9","","kept","none"
"1697","1697","305.0370","3.855","586,721.5","","kept","none"
"1698","1698","305.0691","10.499","780,893.8","","kept","none"
"1699","1699","305.0742","5.676","17,180.4","","kept","none"
"1700","1700","305.2158","2.608","5,565,410.3","","kept","none"
"1701","1701","305.2490","1.404","416,557.9","","kept","none"
"1702","1702","306.0132","6.769","372,376.9","","kept","none"
"1704","1704","306.0768","6.817","3,462,336.1","","kept","none"
"1706","1706","306.0865","8.111","119,025.0","","kept","none"
"1707","1707","307.0338","8.271","228,278.3","","kept","none"
"1710","1710","307.0805","6.817","335,777.6","","kept","none"
"1711","1711","307.0948","7.844","85,959.5","","kept","none"
"1714","1714","307.1149","9.048","56,687.2","","kept","none"
"1715","1715","307.1555","1.425","286,741.4","","kept","none"
"1717","1717","307.9399","6.863","50,963.6","","kept","none"
"1718","1718","308.0381","4.227","103,040.6","","kept","none"
"1719","1719","308.0484","10.806","126,166.1","","kept","none"
"1720","1720","308.0577","9.697","1,094,347.3","","kept","none"
"1723","1723","308.0984","8.891","47,945.1","","kept","none"
"1727","1727","308.1161","7.891","41,890.2","","kept","none"
"1729","1729","308.9377","6.840","110,288.6","","kept","none"
"1730","1730","308.9515","7.353","50,841.2","","kept","none"
"1732","1732","309.0182","7.376","284,061.5","","kept","none"
"1733","1733","309.0259","4.089","43,638.3","","kept","none"
"1734","1734","309.0286","14.113","74,545.0","","kept","none"
"1735","1735","309.0319","9.027","157,880.6","","kept","none"
"1736","1736","309.0343","3.878","64,988.3","","kept","none"
"1740","1740","309.1083","3.609","38,111.1","","kept","none"
"1741","1741","309.1530","1.385","356,587.6","","kept","none"
"1742","1742","309.1738","1.385","466,317.4","","kept","none"
"1744","1744","309.5068","10.292","151,455.0","","kept","none"
"1746","1746","310.0288","4.202","26,031.5","","kept","none"
"1747","1747","310.0774","8.521","137,948.4","","kept","none"
"1749","1749","310.1297","1.782","123,816.2","","kept","none"
"1751","1751","310.8384","16.532","252,094.9","","kept","none"
"1752","1752","310.8777","16.245","9,007,963.0","","kept","none"
"1753","1753","310.8780","17.143","889,373.1","","kept","none"
"1754","1754","310.9348","6.840","71,242.8","","kept","none"
"1757","1757","311.1690","0.219","5,621,317.9","","kept","none"
"1759","1759","311.1689","6.805","2,304,815.7","","kept","none"
"1761","1761","311.9426","8.913","69,887.7","","kept","none"
"1762","1762","312.0115","21.891","873,756.8","","kept","none"
"1763","1763","312.0115","20.828","750,095.0","","kept","none"
"1764","1764","312.0115","0.957","1,030,012.9","","kept","none"
"1765","1765","312.0116","19.598","547,883.6","","kept","none"
"1766","1766","312.0116","17.315","145,570.8","","kept","none"
"1767","1767","312.0115","6.073","539,403.1","","kept","none"
"1768","1768","312.0115","7.632","189,810.6","","kept","none"
"1769","1769","312.0469","7.912","123,666.1","","kept","none"
"1774","1774","312.8753","16.263","518,052.6","","kept","none"
"1775","1775","312.9144","16.068","56,855,635.6","","kept","none"
"1776","1776","312.9499","10.997","93,541.5","","kept","none"
"1777","1777","313.0045","6.121","46,868.7","","kept","none"
"1778","1778","313.0447","9.235","193,925.2","","kept","none"
"1779","1779","313.0512","8.135","51,537.0","","kept","none"
"1780","1780","313.0787","1.386","674,340.1","","kept","none"
"1784","1784","313.1862","13.559","32,674.8","","kept","none"
"1785","1785","313.9178","16.051","2,016,173.8","","kept","none"
"1786","1786","313.9740","8.936","65,676.3","","kept","none"
"1787","1787","313.9849","5.070","46,315.4","","kept","none"
"1789","1789","314.8960","10.782","488,844.0","","kept","none"
"1791","1791","314.9056","9.769","6,772,103.6","","kept","none"
"1792","1792","314.9057","11.353","1,943,621.2","","kept","none"
"1793","1793","314.9058","12.761","702,270.2","","kept","none"
"1794","1794","314.9186","16.063","1,161,486.6","","kept","none"
"1795","1795","315.0024","6.120","48,278.8","","kept","none"
"1796","1796","315.0235","2.902","154,636.2","","kept","none"
"1797","1797","315.0334","14.113","138,778.8","","kept","none"
"1798","1798","315.0340","4.088","341,947.3","","kept","none"
"1799","1799","315.0456","14.113","534,723.8","","kept","none"
"1800","1800","315.0499","4.626","38,877.0","","kept","none"
"1803","1803","315.0964","8.890","470,999.2","","kept","none"
"1804","1804","315.0966","4.296","86,609.1","","kept","none"
"1805","1805","315.0991","3.109","533,062.1","","kept","none"
"1806","1806","315.1004","1.567","270,861.1","","kept","none"
"1807","1807","315.1367","1.385","346,683.0","","kept","none"
"1808","1808","315.2903","1.485","155,674.4","","kept","none"
"1810","1810","315.9021","16.065","307,472.6","","kept","none"
"1811","1811","316.0373","4.100","28,533.8","","kept","none"
"1814","1814","316.1023","3.109","77,042.7","","kept","none"
"1815","1815","316.1166","8.024","46,290.5","","kept","none"
"1816","1816","316.8689","9.720","171,644.9","","kept","none"
"1817","1817","317.0159","4.579","43,841.8","","kept","none"
"1818","1818","317.0289","9.526","171,586.3","","kept","none"
"1819","1819","317.0790","4.579","667,163.7","","kept","none"
"1820","1820","317.0990","10.267","62,972.7","","kept","none"
"1821","1821","317.1103","9.304","64,662.8","","kept","none"
"1822","1822","317.1145","2.879","386,068.8","","kept","none"
"1823","1823","318.0033","8.113","144,875.8","","kept","none"
"1824","1824","318.0288","3.318","290,030.6","","kept","none"
"1825","1825","318.0945","10.522","272,752.2","","kept","none"
"1827","1827","318.9967","5.584","51,032.2","","kept","none"
"1829","1829","319.0770","5.444","148,459.2","","kept","none"
"1830","1830","319.0944","7.867","33,050.0","","kept","none"
"1832","1832","320.0035","8.913","72,781.2","","kept","none"
"1835","1835","320.0738","3.109","32,687.2","","kept","none"
"1836","1836","320.0850","4.684","85,013.0","","kept","none"
"1837","1837","320.0923","7.517","133,075.0","","kept","none"
"1839","1839","320.8436","16.458","1,737,663.6","","kept","none"
"1840","1840","320.9875","8.958","3,198,677.7","","kept","none"
"1841","1841","320.9896","7.353","137,141.6","","kept","none"
"1842","1842","321.0108","3.856","33,369.0","","kept","none"
"1845","1845","321.0874","8.691","570,439.8","","kept","none"
"1847","1847","321.9845","8.935","292,843.2","","kept","none"
"1848","1848","322.0446","9.607","2,322,943.9","","kept","none"
"1851","1851","322.0924","4.157","197,505.1","","kept","none"
"1852","1852","322.1121","7.844","18,718.3","","kept","none"
"1853","1853","322.8415","16.458","353,916.2","","kept","none"
"1855","1855","323.0127","7.400","113,023.7","","kept","none"
"1856","1856","323.0238","4.556","282,210.6","","kept","none"
"1858","1858","323.0416","5.560","47,350.5","","kept","none"
"1859","1859","323.0481","9.628","189,325.8","","kept","none"
"1860","1860","323.0738","5.815","52,297.7","","kept","none"
"1861","1861","323.0920","6.910","43,681.5","","kept","none"
"1862","1862","323.1141","1.508","229,510.8","","kept","none"
"1863","1863","323.1690","1.384","322,984.1","","kept","none"
"1866","1866","324.0468","7.935","212,529.1","","kept","none"
"1867","1867","324.0751","4.134","199,887.7","","kept","none"
"1868","1868","324.2912","1.485","139,300.6","","kept","none"
"1869","1869","324.9803","8.958","147,199.8","","kept","none"
"1872","1872","325.1846","0.219","4,125,456.8","","kept","none"
"1873","1873","325.1845","2.608","6,312,718.7","","kept","none"
"1874","1874","325.5198","10.315","163,055.3","","kept","none"
"1875","1875","325.9905","8.455","375,871.6","","kept","none"
"1876","1876","326.0261","9.058","275,096.2","","kept","none"
"1878","1878","326.1880","2.608","1,176,280.0","","kept","none"
"1879","1879","326.3067","1.485","108,648.0","","kept","none"
"1880","1880","326.8516","16.335","4,204,830.0","","kept","none"
"1881","1881","326.9842","5.560","95,852.1","","kept","none"
"1882","1882","326.9888","9.584","209,972.0","","kept","none"
"1883","1883","327.0240","3.902","253,158.7","","kept","none"
"1884","1884","327.0319","13.571","45,821.4","","kept","none"
"1888","1888","328.0460","4.088","136,425.5","","kept","none"
"1890","1890","328.0686","8.089","14,357.9","","kept","none"
"1891","1891","328.1041","3.854","21,080.2","","kept","none"
"1892","1892","328.1166","8.002","77,878.1","","kept","none"
"1893","1893","328.1687","6.700","156,228.9","","kept","none"
"1896","1896","328.8043","16.580","100,044.3","","kept","none"
"1897","1897","328.8494","16.336","545,781.1","","kept","none"
"1898","1898","328.8794","16.071","747,596.6","","kept","none"
"1899","1899","328.8883","16.263","355,974.1","","kept","none"
"1900","1900","328.9373","9.268","66,560.2","","kept","none"
"1901","1901","329.0207","3.879","80,621.1","","kept","none"
"1902","1902","329.0482","4.907","43,565.1","","kept","none"
"1904","1904","329.1120","8.735","600,061.1","","kept","none"
"1905","1905","329.1390","7.867","118,518.7","","kept","none"
"1908","1908","330.0809","7.657","52,657.2","","kept","none"
"1910","1910","331.0001","7.381","105,082.3","","kept","none"
"1911","1911","331.0105","14.113","157,133.4","","kept","none"
"1912","1912","331.0139","9.050","39,013.6","","kept","none"
"1913","1913","331.0291","5.538","106,447.8","","kept","none"
"1914","1914","331.0459","8.649","291,791.0","","kept","none"
"1915","1915","331.0550","8.670","157,131.9","","kept","none"
"1917","1917","331.2647","1.384","259,080.6","","kept","none"
"1918","1918","331.5555","8.174","401,302.0","","kept","none"
"1919","1919","332.9918","4.134","37,976.2","","kept","none"
"1922","1922","333.0943","5.538","57,545.2","","kept","none"
"1923","1923","333.2804","1.365","114,735.4","","kept","none"
"1924","1924","334.0076","8.924","21,473.9","","kept","none"
"1925","1925","334.0189","8.649","206,852.7","","kept","none"
"1928","1928","334.1260","9.235","312,335.6","","kept","none"
"1929","1929","334.8798","9.804","1,606,733.0","","kept","none"
"1931","1931","335.0032","8.846","209,815.1","","kept","none"
"1932","1932","335.0265","14.114","117,194.3","","kept","none"
"1934","1934","335.0747","8.649","485,695.2","","kept","none"
"1935","1935","335.0898","5.069","225,476.6","","kept","none"
"1936","1936","335.0955","8.157","408,916.9","","kept","none"
"1937","1937","335.1433","6.771","621,850.7","","kept","none"
"1938","1938","335.3979","16.051","1,348,472.8","","kept","none"
"1940","1940","335.9658","9.561","206,878.9","","kept","none"
"1941","1941","336.0618","9.651","97,988.9","","kept","none"
"1942","1942","336.1205","6.700","220,882.4","","kept","none"
"1943","1943","336.3273","1.445","157,220.2","","kept","none"
"1945","1945","336.8682","10.829","132,104.6","","kept","none"
"1946","1946","336.8779","10.805","508,082.2","","kept","none"
"1948","1948","337.0159","4.088","132,082.9","","kept","none"
"1949","1949","337.0276","14.113","277,052.7","","kept","none"
"1951","1951","337.0632","8.670","419,534.1","","kept","none"
"1952","1952","337.0633","5.047","40,627.7","","kept","none"
"1953","1953","337.0781","8.935","164,830.3","","kept","none"
"1954","1954","337.0877","5.421","35,840.3","","kept","none"
"1955","1955","337.0914","8.113","21,176.2","","kept","none"
"1956","1956","337.1402","6.793","228,210.9","","kept","none"
"1960","1960","338.0667","10.476","238,128.9","","kept","none"
"1962","1962","338.8154","16.507","966,607.4","","kept","none"
"1963","1963","338.9556","5.561","36,265.4","","kept","none"
"1964","1964","338.9890","11.233","2,109,384.3","","kept","none"
"1965","1965","338.9888","10.055","191,261.5","","kept","none"
"1967","1967","339.0609","4.579","280,923.3","","kept","none"
"1968","1968","339.0859","5.839","76,327.3","","kept","none"
"1971","1971","339.2001","2.608","2,320,495.3","","kept","none"
"1972","1972","339.3268","1.345","255,441.6","","kept","none"
"1973","1973","339.9924","11.222","113,387.3","","kept","none"
"1974","1974","340.0553","5.665","32,891.6","","kept","none"
"1975","1975","340.0780","8.024","50,037.3","","kept","none"
"1978","1978","340.8133","16.507","92,400.9","","kept","none"
"1979","1979","341.0045","9.270","46,156.4","","kept","none"
"1980","1980","341.0271","6.642","21,009.3","","kept","none"
"1981","1981","341.0393","3.902","247,983.2","","kept","none"
"1982","1982","341.0433","14.114","103,067.5","","kept","none"
"1983","1983","341.1389","7.891","163,832.3","","kept","none"
"1984","1984","341.1500","7.956","63,867.2","","kept","none"
"1985","1985","341.1958","1.364","475,266.2","","kept","none"
"1986","1986","341.2062","1.345","219,209.6","","kept","none"
"1987","1987","341.2701","1.385","289,940.3","","kept","none"
"1988","1988","342.0036","5.676","28,867.1","","kept","none"
"1990","1990","342.5672","4.719","47,598.2","","kept","none"
"1991","1991","342.8255","16.408","4,331,952.8","","kept","none"
"1992","1992","342.9695","9.004","338,338.6","","kept","none"
"1993","1993","342.9877","3.927","289,587.6","","kept","none"
"1995","1995","343.0315","7.657","106,699.2","","kept","none"
"1997","1997","343.0912","8.913","484,526.2","","kept","none"
"1998","1998","343.0923","6.354","62,245.1","","kept","none"
"1999","1999","343.1036","7.097","27,297.3","","kept","none"
"2000","2000","343.1177","8.958","133,302.5","","kept","none"
"2001","2001","343.1256","8.981","74,890.1","","kept","none"
"2002","2002","343.3217","1.465","63,813.1","","kept","none"
"2004","2004","344.0328","8.543","157,112.6","","kept","none"
"2005","2005","344.0356","2.879","380,769.3","","kept","none"
"2006","2006","344.1102","7.912","216,186.1","","kept","none"
"2007","2007","344.8233","16.408","883,115.0","","kept","none"
"2008","2008","344.9648","9.004","119,591.5","","kept","none"
"2009","2009","344.9685","7.173","129,889.8","","kept","none"
"2010","2010","344.9946","7.399","61,766.1","","kept","none"
"2011","2011","345.0106","9.188","288,647.5","","kept","none"
"2012","2012","345.0556","5.862","18,093.0","","kept","none"
"2013","2013","346.0560","9.397","6,737,126.4","","kept","none"
"2015","2015","346.0561","6.840","1,281,334.1","","kept","none"
"2018","2018","346.8912","6.817","155,987.5","","kept","none"
"2021","2021","347.1034","7.493","1,515,899.7","","kept","none"
"2024","2024","347.2163","14.090","57,799.0","","kept","none"
"2028","2028","348.1066","7.516","152,440.1","","kept","none"
"2029","2029","348.1334","7.353","81,606.7","","kept","none"
"2032","2032","349.0106","7.380","59,958.8","","kept","none"
"2033","2033","349.0188","8.649","883,376.4","","kept","none"
"2035","2035","349.0544","10.315","116,413.1","","kept","none"
"2037","2037","349.1588","6.793","472,950.6","","kept","none"
"2038","2038","349.1619","7.821","70,672.5","","kept","none"
"2039","2039","350.0218","3.994","27,105.7","","kept","none"
"2040","2040","350.8701","16.240","7,149,272.8","","kept","none"
"2041","2041","350.8705","17.143","773,308.6","","kept","none"
"2042","2042","351.0138","8.649","319,223.8","","kept","none"
"2043","2043","351.1556","6.771","169,580.9","","kept","none"
"2045","2045","352.0432","7.587","56,257.5","","kept","none"
"2047","2047","352.8990","6.595","20,875.4","","kept","none"
"2048","2048","353.0492","2.765","591,452.8","","kept","none"
"2049","2049","353.0825","7.353","42,427.4","","kept","none"
"2050","2050","353.9427","6.818","69,635.2","","kept","none"
"2051","2051","354.0725","7.979","336,216.3","","kept","none"
"2052","2052","354.0724","9.049","82,815.2","","kept","none"
"2053","2053","354.8924","16.051","943,265.7","","kept","none"
"2054","2054","355.0255","14.125","83,457.0","","kept","none"
"2055","2055","355.0982","0.957","224,181.6","","kept","none"
"2057","2057","355.8728","16.197","1,463,913.8","","kept","none"
"2058","2058","355.8981","6.606","21,172.2","","kept","none"
"2059","2059","355.9398","6.817","77,138.0","","kept","none"
"2061","2061","356.9041","16.051","1,008,754.9","","kept","none"
"2062","2062","357.0718","5.070","127,663.1","","kept","none"
"2063","2063","357.1326","5.047","179,268.0","","kept","none"
"2064","2064","357.1332","8.649","420,220.8","","kept","none"
"2065","2065","357.1414","2.765","1,010,691.1","","kept","none"
"2066","2066","357.2803","1.364","55,804.9","","kept","none"
"2067","2067","357.9476","9.560","300,576.5","","kept","none"
"2068","2068","358.0093","12.351","91,060.4","","kept","none"
"2069","2069","358.1259","7.703","84,946.9","","kept","none"
"2071","2071","359.0151","9.767","37,646.8","","kept","none"
"2072","2072","359.0378","9.207","154,439.1","","kept","none"
"2073","2073","359.0862","9.583","79,430.0","","kept","none"
"2074","2074","359.1320","5.445","42,386.4","","kept","none"
"2075","2075","359.1684","8.649","119,579.0","","kept","none"
"2077","2077","359.9887","5.676","19,371.8","","kept","none"
"2078","2078","360.0417","9.185","12,070.7","","kept","none"
"2079","2079","360.7975","16.482","1,544,571.9","","kept","none"
"2080","2080","360.8361","16.410","259,524.8","","kept","none"
"2081","2081","360.9711","11.258","124,191.9","","kept","none"
"2082","2082","360.9728","3.902","111,766.8","","kept","none"
"2084","2084","361.0680","5.862","49,481.3","","kept","none"
"2085","2085","361.1304","5.838","113,564.5","","kept","none"
"2086","2086","361.9749","6.724","373,057.2","","kept","none"
"2087","2087","361.9963","8.521","526,202.8","","kept","none"
"2089","2089","362.0374","5.653","50,177.0","","kept","none"
"2091","2091","362.1459","7.307","111,359.0","","kept","none"
"2092","2092","362.7954","16.482","146,470.4","","kept","none"
"2093","2093","363.0165","4.556","76,627.1","","kept","none"
"2094","2094","363.0214","3.855","75,065.1","","kept","none"
"2097","2097","363.0984","9.140","29,948.0","","kept","none"
"2099","2099","363.9719","6.724","418,467.4","","kept","none"
"2100","2100","363.9922","8.521","212,125.9","","kept","none"
"2101","2101","364.0142","12.351","58,576.8","","kept","none"
"2102","2102","364.0266","12.351","260,506.6","","kept","none"
"2105","2105","364.0840","5.837","54,218.3","","kept","none"
"2106","2106","364.0923","8.113","56,649.9","","kept","none"
"2109","2109","365.0021","9.072","96,058.2","","kept","none"
"2110","2110","365.0022","7.191","71,331.5","","kept","none"
"2111","2111","365.0134","7.657","38,609.9","","kept","none"
"2114","2114","365.1355","8.408","90,330.4","","kept","none"
"2115","2115","365.3424","1.344","325,028.8","","kept","none"
"2116","2116","365.9683","6.724","165,243.7","","kept","none"
"2117","2117","366.8440","16.312","2,332,034.6","","kept","none"
"2118","2118","366.9901","8.499","425,477.6","","kept","none"
"2121","2121","367.9985","8.543","403,721.4","","kept","none"
"2123","2123","368.0996","7.330","253,293.9","","kept","none"
"2124","2124","368.1248","7.810","42,955.8","","kept","none"
"2128","2128","368.9888","8.499","161,403.7","","kept","none"
"2129","2129","369.0219","9.374","348,954.0","","kept","none"
"2131","2131","369.0679","8.935","253,568.7","","kept","none"
"2132","2132","369.0852","7.493","148,081.5","","kept","none"
"2133","2133","369.1211","7.727","207,977.7","","kept","none"
"2134","2134","369.1339","5.491","98,406.9","","kept","none"
"2135","2135","369.1863","14.091","24,070.7","","kept","none"
"2137","2137","369.2283","1.588","65,719.9","","kept","none"
"2138","2138","369.9959","8.543","167,377.5","","kept","none"
"2139","2139","370.0247","5.676","128,175.8","","kept","none"
"2140","2140","370.1157","7.353","306,773.3","","kept","none"
"2141","2141","370.1404","7.353","1,683,924.6","","kept","none"
"2143","2143","370.8727","16.050","1,157,993.3","","kept","none"
"2144","2144","371.0029","14.113","95,169.6","","kept","none"
"2145","2145","371.0087","3.832","160,936.3","","kept","none"
"2147","2147","371.1569","2.743","1,015,127.9","","kept","none"
"2151","2151","372.1160","8.203","40,296.9","","kept","none"
"2153","2153","372.9849","10.949","15,391.9","","kept","none"
"2154","2154","373.0842","3.621","45,726.1","","kept","none"
"2158","2158","374.0315","8.001","82,063.8","","kept","none"
"2160","2160","374.1137","8.455","245,350.5","","kept","none"
"2162","2162","375.0253","4.672","27,660.5","","kept","none"
"2163","2163","375.1516","10.900","163,615.0","","kept","none"
"2165","2165","375.1616","11.233","1,771,629.0","","kept","none"
"2166","2166","375.1612","9.674","5,202,195.1","","kept","none"
"2168","2168","375.8690","16.196","1,350,160.6","","kept","none"
"2170","2170","376.1647","9.674","763,738.9","","kept","none"
"2171","2171","376.7714","16.507","1,488,541.1","","kept","none"
"2172","2172","376.8103","16.507","325,635.5","","kept","none"
"2173","2173","376.8653","16.009","636,841.7","","kept","none"
"2174","2174","377.0199","14.136","85,512.5","","kept","none"
"2175","2175","377.1407","16.556","77,056.9","","kept","none"
"2176","2176","377.7749","16.507","44,400.4","","kept","none"
"2178","2178","378.1343","7.005","218,952.2","","kept","none"
"2179","2179","378.7692","16.507","199,372.2","","kept","none"
"2180","2180","378.8022","16.877","59,171.0","","kept","none"
"2181","2181","378.8859","16.051","590,947.2","","kept","none"
"2184","2184","379.7534","1.325","166,819.5","","kept","none"
"2187","2187","380.1313","5.023","51,524.9","","kept","none"
"2189","2189","381.0195","9.210","20,090.9","","kept","none"
"2191","2191","381.9962","5.642","23,871.2","","kept","none"
"2192","2192","382.0752","7.979","119,103.0","","kept","none"
"2193","2193","382.1005","8.846","190,252.4","","kept","none"
"2196","2196","382.8181","16.361","1,705,040.0","","kept","none"
"2197","2197","382.9802","3.856","95,853.3","","kept","none"
"2198","2198","383.0265","9.983","161,365.7","","kept","none"
"2200","2200","383.0838","8.824","33,222.4","","kept","none"
"2202","2202","383.1229","6.840","83,541.5","","kept","none"
"2203","2203","384.0119","8.294","63,663.6","","kept","none"
"2204","2204","384.0313","10.031","52,127.3","","kept","none"
"2205","2205","384.0327","10.126","75,684.2","","kept","none"
"2207","2207","384.1432","7.003","15,649.4","","kept","none"
"2208","2208","384.1926","14.102","68,415.3","","kept","none"
"2209","2209","384.8159","16.361","335,866.8","","kept","none"
"2210","2210","385.0163","13.561","70,927.7","","kept","none"
"2211","2211","385.0171","11.042","109,553.2","","kept","none"
"2212","2212","385.0932","2.787","684,652.4","","kept","none"
"2213","2213","385.1205","7.353","105,391.0","","kept","none"
"2215","2215","385.1727","2.698","786,935.3","","kept","none"
"2217","2217","386.0084","12.351","74,892.2","","kept","none"
"2218","2218","386.0162","9.948","84,635.8","","kept","none"
"2219","2219","386.0338","11.472","91,118.9","","kept","none"
"2220","2220","386.0363","8.294","68,659.4","","kept","none"
"2221","2221","386.0625","9.004","291,436.8","","kept","none"
"2222","2222","386.1004","7.844","101,872.6","","kept","none"
"2226","2226","387.0103","9.912","61,122.4","","kept","none"
"2227","2227","387.0351","10.546","124,913.3","","kept","none"
"2228","2228","387.0966","7.353","73,111.9","","kept","none"
"2229","2229","387.1089","7.345","41,309.4","","kept","none"
"2233","2233","387.8783","16.051","509,389.0","","kept","none"
"2234","2234","388.0816","5.538","104,994.9","","kept","none"
"2235","2235","388.1555","1.445","296,990.5","","kept","none"
"2238","2238","388.1841","4.719","17,669.2","","kept","none"
"2239","2239","388.9351","10.972","247,529.4","","kept","none"
"2240","2240","388.9456","11.019","161,381.4","","kept","none"
"2241","2241","389.1770","9.674","4,351,705.6","","kept","none"
"2242","2242","389.1775","11.234","1,403,983.4","","kept","none"
"2243","2243","389.8777","16.050","1,404,776.2","","kept","none"
"2244","2244","390.0199","8.272","166,130.5","","kept","none"
"2245","2245","390.0820","7.330","173,700.3","","kept","none"
"2246","2246","390.1158","3.934","315,998.0","","kept","none"
"2247","2247","390.1805","9.675","647,765.4","","kept","none"
"2248","2248","390.2866","1.465","107,951.3","","kept","none"
"2249","2249","390.8931","11.008","67,017.7","","kept","none"
"2250","2250","390.9005","9.697","5,291,491.5","","kept","none"
"2251","2251","391.0406","14.090","233,052.4","","kept","none"
"2252","2252","391.0669","7.516","53,424.7","","kept","none"
"2253","2253","391.1190","4.018","31,961.8","","kept","none"
"2254","2254","391.1296","5.584","83,907.5","","kept","none"
"2255","2255","391.1681","14.090","24,291.4","","kept","none"
"2256","2256","391.1803","14.103","126,009.9","","kept","none"
"2257","2257","391.5717","6.747","192,341.8","","kept","none"
"2258","2258","392.0977","7.376","411,053.0","","kept","none"
"2259","2259","392.1264","5.538","142,681.7","","kept","none"
"2261","2261","392.7847","16.555","343,098.5","","kept","none"
"2262","2262","393.0809","7.563","134,920.7","","kept","none"
"2263","2263","393.1280","5.769","24,589.3","","kept","none"
"2265","2265","393.2416","1.546","82,502.1","","kept","none"
"2266","2266","393.3741","1.342","86,663.7","","kept","none"
"2268","2268","394.0869","3.879","120,520.0","","kept","none"
"2270","2270","394.7827","16.532","92,520.2","","kept","none"
"2272","2272","395.2571","1.567","441,509.5","","kept","none"
"2273","2273","395.2569","2.743","143,184.5","","kept","none"
"2274","2274","395.3899","1.339","125,320.9","","kept","none"
"2275","2275","396.0236","10.430","72,494.8","","kept","none"
"2276","2276","396.0815","5.745","12,706.1","","kept","none"
"2278","2278","396.2604","1.587","68,246.0","","kept","none"
"2279","2279","397.1145","8.890","410,136.5","","kept","none"
"2280","2280","398.7920","16.433","2,140,722.4","","kept","none"
"2281","2281","399.0188","4.579","64,307.4","","kept","none"
"2282","2282","399.0464","9.444","318,851.1","","kept","none"
"2283","2283","399.0829","5.579","63,473.2","","kept","none"
"2284","2284","400.1299","7.399","131,654.4","","kept","none"
"2285","2285","400.7899","16.433","585,610.7","","kept","none"
"2287","2287","401.0158","9.002","430,108.8","","kept","none"
"2288","2288","401.0504","10.385","322,335.3","","kept","none"
"2289","2289","401.0611","10.407","233,578.7","","kept","none"
"2291","2291","401.0962","7.353","105,931.0","","kept","none"
"2294","2294","402.0112","10.499","2,184,541.9","","kept","none"
"2295","2295","402.0128","8.294","76,534.8","","kept","none"
"2297","2297","402.1992","8.136","27,279.9","","kept","none"
"2301","2301","402.9953","11.068","1,997,889.0","","kept","none"
"2302","2302","403.3069","1.465","145,203.5","","kept","none"
"2305","2305","404.0433","10.759","432,158.1","","kept","none"
"2306","2306","404.0547","8.499","142,521.0","","kept","none"
"2309","2309","404.1425","4.813","41,085.7","","kept","none"
"2312","2312","405.1072","7.353","213,349.0","","kept","none"
"2314","2314","405.2630","1.304","136,780.6","","kept","none"
"2316","2316","406.0019","8.477","1,277,135.5","","kept","none"
"2317","2317","406.9984","13.559","27,366.0","","kept","none"
"2318","2318","407.0039","8.477","214,189.1","","kept","none"
"2319","2319","407.1024","7.353","64,026.6","","kept","none"
"2321","2321","407.2207","1.587","83,770.3","","kept","none"
"2322","2322","408.1140","4.638","16,854.4","","kept","none"
"2325","2325","408.8550","16.196","1,697,666.5","","kept","none"
"2326","2326","409.0676","11.448","25,528.9","","kept","none"
"2327","2327","409.1401","5.653","34,214.7","","kept","none"
"2329","2329","409.2363","2.721","457,080.4","","kept","none"
"2330","2330","410.0273","8.824","218,010.0","","kept","none"
"2331","2331","410.1241","3.880","38,329.4","","kept","none"
"2332","2332","410.1259","5.561","221,959.1","","kept","none"
"2333","2333","410.2398","1.567","316,774.4","","kept","none"
"2334","2334","410.5638","7.190","80,154.9","","kept","none"
"2335","2335","410.9271","11.019","61,431.7","","kept","none"
"2336","2336","411.1273","4.836","603,070.1","","kept","none"
"2337","2337","411.2392","1.425","304,481.8","","kept","none"
"2338","2338","412.0316","8.499","383,569.1","","kept","none"
"2339","2339","412.1307","4.813","83,584.1","","kept","none"
"2340","2340","412.1842","5.676","23,878.5","","kept","none"
"2341","2341","412.8697","9.769","802,140.2","","kept","none"
"2342","2342","412.8824","9.793","4,037,986.2","","kept","none"
"2343","2343","413.0227","14.110","217,721.9","","kept","none"
"2344","2344","413.1238","5.769","14,942.7","","kept","none"
"2345","2345","413.1681","3.878","219,243.3","","kept","none"
"2347","2347","413.2230","4.154","22,088.7","","kept","none"
"2348","2348","413.8984","6.840","43,419.3","","kept","none"
"2349","2349","414.1084","5.538","78,589.8","","kept","none"
"2350","2350","414.1709","5.561","271,009.9","","kept","none"
"2352","2352","414.7661","16.507","2,295,718.0","","kept","none"
"2354","2354","415.0627","7.564","55,137.6","","kept","none"
"2355","2355","415.1100","5.768","80,504.2","","kept","none"
"2357","2357","415.7693","16.483","74,009.2","","kept","none"
"2359","2359","416.0268","9.138","155,853.9","","kept","none"
"2360","2360","416.2151","8.137","23,600.5","","kept","none"
"2362","2362","416.7640","16.506","797,491.2","","kept","none"
"2363","2363","416.8420","16.219","5,416,157.4","","kept","none"
"2364","2364","416.8425","17.143","538,728.7","","kept","none"
"2365","2365","417.0220","10.149","354,297.2","","kept","none"
"2366","2366","417.1802","6.700","454,490.3","","kept","none"
"2367","2367","417.3378","1.485","304,291.4","","kept","none"
"2369","2369","417.9937","12.351","125,373.0","","kept","none"
"2370","2370","418.0056","10.453","113,137.7","","kept","none"
"2371","2371","418.0259","10.192","22,158.0","","kept","none"
"2372","2372","418.0294","12.328","228,030.1","","kept","none"
"2373","2373","418.0403","12.328","222,193.1","","kept","none"
"2374","2374","418.7622","16.506","104,440.5","","kept","none"
"2375","2375","419.0714","7.353","85,727.5","","kept","none"
"2376","2376","419.2038","7.367","236,359.0","","kept","none"
"2377","2377","419.9335","6.723","224,767.6","","kept","none"
"2379","2379","420.0216","9.628","561,814.2","","kept","none"
"2380","2380","420.1280","5.584","56,676.5","","kept","none"
"2381","2381","420.8001","16.482","260,628.8","","kept","none"
"2382","2382","420.8641","16.050","665,248.3","","kept","none"
"2384","2384","420.9952","9.211","47,407.0","","kept","none"
"2385","2385","421.0057","9.651","575,261.7","","kept","none"
"2386","2386","421.0650","5.561","59,574.4","","kept","none"
"2387","2387","421.2269","1.345","128,823.0","","kept","none"
"2388","2388","421.2726","1.567","145,145.7","","kept","none"
"2389","2389","421.9305","6.724","326,119.4","","kept","none"
"2392","2392","423.0650","3.994","122,210.7","","kept","none"
"2394","2394","423.1574","8.003","306,482.3","","kept","none"
"2395","2395","423.2884","1.567","148,478.0","","kept","none"
"2396","2396","423.9275","6.723","177,977.8","","kept","none"
"2398","2398","424.0332","8.294","171,702.1","","kept","none"
"2399","2399","424.0765","10.102","25,261.1","","kept","none"
"2400","2400","424.5795","6.191","78,001.2","","kept","none"
"2402","2402","425.1100","5.561","75,874.3","","kept","none"
"2403","2403","425.1366","8.913","43,996.7","","kept","none"
"2405","2405","426.0226","10.268","7,810,234.8","","kept","none"
"2408","2408","427.1948","4.719","8,598.8","","kept","none"
"2409","2409","427.2339","1.485","139,692.5","","kept","none"
"2410","2410","428.0267","9.156","3,379,568.5","","kept","none"
"2411","2411","428.0627","7.353","163,640.6","","kept","none"
"2413","2413","428.2090","4.556","229,305.7","","kept","none"
"2414","2414","428.2151","8.024","157,511.7","","kept","none"
"2415","2415","429.0305","9.142","373,550.0","","kept","none"
"2416","2416","429.0583","9.164","578,160.8","","kept","none"
"2417","2417","429.0966","7.353","243,795.7","","kept","none"
"2418","2418","429.1044","8.913","251,312.5","","kept","none"
"2420","2420","429.1546","5.549","42,575.7","","kept","none"
"2421","2421","429.1922","1.506","185,460.5","","kept","none"
"2422","2422","429.1932","1.515","182,195.1","","kept","none"
"2425","2425","430.7399","16.532","1,454,444.6","","kept","none"
"2427","2427","431.0914","8.340","311,582.5","","kept","none"
"2428","2428","431.1218","5.676","130,042.2","","kept","none"
"2429","2429","432.1060","3.855","160,065.3","","kept","none"
"2430","2430","432.5768","7.610","222,372.4","","kept","none"
"2431","2431","432.7379","16.532","612,581.9","","kept","none"
"2432","2432","432.8158","16.311","1,562,788.2","","kept","none"
"2433","2433","433.1118","6.945","62,924.6","","kept","none"
"2434","2434","433.9425","9.606","433,730.9","","kept","none"
"2435","2435","434.1337","7.288","177,143.0","","kept","none"
"2436","2436","434.7359","16.532","99,296.8","","kept","none"
"2437","2437","434.8644","9.865","848,835.3","","kept","none"
"2438","2438","435.0046","14.113","110,998.2","","kept","none"
"2439","2439","435.1193","5.676","13,829.6","","kept","none"
"2440","2440","435.2049","4.111","77,502.1","","kept","none"
"2441","2441","435.2517","1.567","530,221.1","","kept","none"
"2442","2442","436.1088","4.954","17,631.8","","kept","none"
"2443","2443","436.1133","8.135","49,531.4","","kept","none"
"2444","2444","436.1589","8.024","29,511.3","","kept","none"
"2447","2447","436.7740","16.507","744,965.6","","kept","none"
"2448","2448","436.8278","9.769","386,672.3","","kept","none"
"2449","2449","436.8449","16.047","841,304.5","","kept","none"
"2450","2450","436.9674","11.246","74,223.5","","kept","none"
"2451","2451","436.9809","9.211","179,631.6","","kept","none"
"2452","2452","437.0259","7.702","107,740.7","","kept","none"
"2453","2453","437.0918","5.769","36,383.6","","kept","none"
"2454","2454","437.2144","3.318","93,005.8","","kept","none"
"2457","2457","437.9824","9.196","30,623.7","","kept","none"
"2458","2458","438.1190","8.432","30,707.2","","kept","none"
"2459","2459","438.2709","1.567","206,044.3","","kept","none"
"2460","2460","438.7718","16.507","264,955.3","","kept","none"
"2461","2461","439.3031","1.608","70,901.7","","kept","none"
"2462","2462","439.9876","10.475","41,743.0","","kept","none"
"2466","2466","441.0522","7.353","65,011.0","","kept","none"
"2469","2469","442.0694","9.003","78,627.1","","kept","none"
"2470","2470","442.1249","8.024","326,090.2","","kept","none"
"2471","2471","442.2246","4.556","169,224.0","","kept","none"
"2472","2472","442.7821","16.434","236,593.4","","kept","none"
"2473","2473","442.8650","16.051","1,868,164.7","","kept","none"
"2475","2475","443.1074","3.902","49,682.1","","kept","none"
"2476","2476","443.1280","8.002","46,996.9","","kept","none"
"2477","2477","443.2475","1.405","283,819.3","","kept","none"
"2478","2478","444.0217","10.995","94,716.4","","kept","none"
"2479","2479","444.0339","8.294","287,212.4","","kept","none"
"2480","2480","444.0765","4.134","64,699.7","","kept","none"
"2481","2481","445.0171","9.515","756,453.0","","kept","none"
"2483","2483","445.1933","14.089","73,207.2","","kept","none"
"2486","2486","446.1684","5.607","86,836.5","","kept","none"
"2487","2487","446.2194","5.047","53,047.8","","kept","none"
"2488","2488","446.8208","9.769","199,831.3","","kept","none"
"2489","2489","446.9653","9.374","227,742.0","","kept","none"
"2491","2491","447.1345","1.414","924,341.2","","kept","none"
"2492","2492","447.8179","9.746","185,191.5","","kept","none"
"2493","2493","448.0045","9.351","478,021.5","","kept","none"
"2494","2494","448.1379","1.405","164,120.2","","kept","none"
"2495","2495","448.7898","16.337","972,023.5","","kept","none"
"2496","2496","449.1044","7.237","215,140.2","","kept","none"
"2497","2497","449.1134","6.817","302,617.1","","kept","none"
"2500","2500","449.2206","4.111","56,567.9","","kept","none"
"2501","2501","450.0912","8.024","86,743.3","","kept","none"
"2502","2502","450.1164","6.840","45,452.0","","kept","none"
"2505","2505","450.2629","1.608","44,960.2","","kept","none"
"2506","2506","450.2992","2.721","60,075.1","","kept","none"
"2507","2507","451.0724","4.110","52,325.3","","kept","none"
"2508","2508","451.0787","7.353","71,727.4","","kept","none"
"2509","2509","451.0865","8.913","90,997.4","","kept","none"
"2510","2510","451.1103","6.829","123,185.6","","kept","none"
"2511","2511","452.0667","4.579","122,266.8","","kept","none"
"2512","2512","452.2784","1.608","783,876.1","","kept","none"
"2513","2513","452.2786","2.743","393,196.8","","kept","none"
"2514","2514","453.0670","11.946","70,843.3","","kept","none"
"2515","2515","453.1039","5.676","77,761.3","","kept","none"
"2517","2517","453.2819","1.587","165,103.7","","kept","none"
"2519","2519","454.0881","3.854","86,517.9","","kept","none"
"2520","2520","454.1116","2.833","125,316.8","","kept","none"
"2525","2525","455.0978","6.724","145,859.5","","kept","none"
"2527","2527","456.1314","7.191","101,536.1","","kept","none"
"2528","2528","456.8346","16.218","2,338,981.5","","kept","none"
"2530","2530","457.2480","7.728","54,152.1","","kept","none"
"2531","2531","457.8881","9.606","120,705.7","","kept","none"
"2533","2533","458.7563","16.506","550,129.5","","kept","none"
"2534","2534","459.0738","5.803","14,047.5","","kept","none"
"2536","2536","460.0283","10.118","429,446.6","","kept","none"
"2537","2537","460.1802","10.412","73,199.7","","kept","none"
"2539","2539","460.7543","16.506","192,420.1","","kept","none"
"2540","2540","461.0131","11.043","175,434.3","","kept","none"
"2541","2541","461.0966","8.933","37,020.7","","kept","none"
"2542","2542","462.0045","12.351","299,466.0","","kept","none"
"2546","2546","462.2996","1.567","455,394.8","","kept","none"
"2548","2548","463.2140","9.145","205,259.8","","kept","none"
"2550","2550","463.2835","1.567","155,154.5","","kept","none"
"2552","2552","464.1054","5.630","41,979.8","","kept","none"
"2555","2555","464.3242","2.902","52,124.9","","kept","none"
"2556","2556","464.7639","16.385","941,555.7","","kept","none"
"2557","2557","465.3047","1.284","486,218.4","","kept","none"
"2560","2560","465.9828","10.734","296,092.8","","kept","none"
"2561","2561","466.0019","9.370","333,206.5","","kept","none"
"2562","2562","466.3314","2.743","289,211.9","","kept","none"
"2563","2563","466.7617","16.385","258,456.1","","kept","none"
"2564","2564","467.1757","14.090","63,672.4","","kept","none"
"2565","2565","467.2654","1.388","97,277.9","","kept","none"
"2566","2566","467.3340","1.587","101,315.1","","kept","none"
"2567","2567","468.1035","4.579","81,045.4","","kept","none"
"2568","2568","468.1291","8.824","106,370.2","","kept","none"
"2569","2569","468.1503","5.607","68,477.3","","kept","none"
"2570","2570","469.9862","9.351","70,873.9","","kept","none"
"2571","2571","471.0708","8.226","1,576,412.4","","kept","none"
"2572","2572","471.0785","10.292","233,976.9","","kept","none"
"2573","2573","471.0867","7.225","91,541.7","","kept","none"
"2574","2574","471.1051","8.499","507,256.3","","kept","none"
"2575","2575","473.0543","4.111","24,574.8","","kept","none"
"2578","2578","473.2830","2.383","886,847.1","","kept","none"
"2579","2579","474.1467","8.958","26,156.5","","kept","none"
"2580","2580","474.2138","1.485","93,279.1","","kept","none"
"2583","2583","474.7302","16.532","682,623.3","","kept","none"
"2584","2584","475.1122","8.607","184,818.3","","kept","none"
"2585","2585","475.1484","5.653","62,895.3","","kept","none"
"2586","2586","475.2553","7.376","78,954.5","","kept","none"
"2587","2587","475.9894","9.696","122,192.1","","kept","none"
"2588","2588","476.1324","3.855","80,167.6","","kept","none"
"2589","2589","476.1627","8.935","52,848.5","","kept","none"
"2590","2590","476.2787","1.577","34,909.8","","kept","none"
"2591","2591","476.7282","16.532","287,848.3","","kept","none"
"2592","2592","477.9938","10.499","39,461.2","","kept","none"
"2593","2593","478.0487","9.142","142,673.9","","kept","none"
"2594","2594","478.0906","9.073","311,905.0","","kept","none"
"2595","2595","478.1616","4.906","37,236.7","","kept","none"
"2597","2597","478.2942","2.721","282,143.3","","kept","none"
"2599","2599","480.1130","4.134","54,195.0","","kept","none"
"2602","2602","480.7378","16.458","1,383,129.2","","kept","none"
"2603","2603","480.8529","16.051","1,760,347.4","","kept","none"
"2605","2605","481.0011","10.030","282,905.2","","kept","none"
"2606","2606","481.1943","3.860","160,232.3","","kept","none"
"2607","2607","481.2454","7.353","86,768.4","","kept","none"
"2610","2610","481.9778","11.330","4,332,696.5","","kept","none"
"2612","2612","482.2548","2.833","189,458.4","","kept","none"
"2614","2614","482.7359","16.458","477,585.6","","kept","none"
"2616","2616","482.9804","11.401","333,395.8","","kept","none"
"2617","2617","483.0063","9.374","82,775.0","","kept","none"
"2618","2618","483.0783","8.935","40,662.1","","kept","none"
"2619","2619","483.1102","7.349","86,496.5","","kept","none"
"2620","2620","483.2735","1.407","148,277.1","","kept","none"
"2622","2622","484.0494","11.306","53,472.9","","kept","none"
"2623","2623","484.8504","16.051","2,755,742.4","","kept","none"
"2625","2625","485.0318","7.333","80,078.0","","kept","none"
"2626","2626","485.1642","5.653","35,535.6","","kept","none"
"2628","2628","486.0874","5.607","35,982.5","","kept","none"
"2634","2634","488.8774","9.697","1,741,127.7","","kept","none"
"2638","2638","489.1427","8.779","273,674.8","","kept","none"
"2639","2639","489.1583","14.090","85,546.9","","kept","none"
"2640","2640","489.2780","1.322","1,434,717.6","","kept","none"
"2641","2641","489.9937","9.722","543,000.3","","kept","none"
"2643","2643","490.1323","5.607","40,975.3","","kept","none"
"2644","2644","490.1480","4.579","165,839.5","","kept","none"
"2645","2645","490.2813","1.310","408,610.4","","kept","none"
"2646","2646","491.0306","7.330","147,591.8","","kept","none"
"2647","2647","492.0758","9.139","55,928.0","","kept","none"
"2648","2648","492.3101","1.567","37,747.9","","kept","none"
"2649","2649","492.3462","1.546","96,337.2","","kept","none"
"2650","2650","493.0530","8.226","266,179.0","","kept","none"
"2651","2651","493.2476","7.353","92,613.9","","kept","none"
"2653","2653","494.0008","10.431","161,244.7","","kept","none"
"2654","2654","494.0473","9.258","87,143.4","","kept","none"
"2655","2655","494.3259","1.587","136,177.3","","kept","none"
"2657","2657","495.0340","8.935","67,684.2","","kept","none"
"2659","2659","495.2609","7.353","56,478.6","","kept","none"
"2661","2661","496.2955","3.295","154,051.4","","kept","none"
"2662","2662","496.7119","16.531","1,505,385.5","","kept","none"
"2664","2664","497.0938","8.628","217,097.6","","kept","none"
"2665","2665","497.1438","4.213","27,430.1","","kept","none"
"2666","2666","497.9890","8.981","40,333.8","","kept","none"
"2668","2668","498.7099","16.531","639,905.8","","kept","none"
"2669","2669","499.3798","1.324","571,306.8","","kept","none"
"2670","2670","500.2789","2.698","194,269.3","","kept","none"
"2672","2672","500.7080","16.531","105,803.1","","kept","none"
"2673","2673","500.9728","10.162","496,828.9","","kept","none"
"2677","2677","502.9513","9.913","138,331.8","","kept","none"
"2678","2678","503.9452","11.330","361,186.0","","kept","none"
"2679","2679","504.0114","9.810","189,654.2","","kept","none"
"2680","2680","504.0536","8.936","218,865.1","","kept","none"
"2681","2681","504.1400","4.111","78,212.7","","kept","none"
"2683","2683","505.0925","7.353","143,553.3","","kept","none"
"2686","2686","505.9889","1.804","47,036.6","","kept","none"
"2687","2687","506.0488","8.936","77,282.7","","kept","none"
"2688","2688","506.3254","1.556","55,780.0","","kept","none"
"2690","2690","506.9287","10.995","386,409.2","","kept","none"
"2692","2692","507.0717","6.817","49,639.1","","kept","none"
"2694","2694","507.2632","7.353","64,765.3","","kept","none"
"2700","2700","509.0492","8.628","154,171.9","","kept","none"
"2702","2702","509.2175","3.879","52,372.4","","kept","none"
"2706","2706","510.3111","3.294","111,530.5","","kept","none"
"2707","2707","510.8604","9.793","754,687.6","","kept","none"
"2708","2708","511.9629","9.730","65,279.2","","kept","none"
"2709","2709","512.1187","7.376","86,790.3","","kept","none"
"2710","2710","512.6858","16.555","958,354.2","","kept","none"
"2711","2711","512.8230","9.729","3,428,847.9","","kept","none"
"2712","2712","513.0762","7.181","67,820.3","","kept","none"
"2713","2713","513.1986","8.024","620,554.5","","kept","none"
"2714","2714","513.8228","9.742","169,511.2","","kept","none"
"2715","2715","514.2021","8.035","108,379.7","","kept","none"
"2717","2717","514.6839","16.556","476,629.4","","kept","none"
"2719","2719","515.9827","10.453","72,037.8","","kept","none"
"2720","2720","516.6820","16.555","96,465.9","","kept","none"
"2722","2722","517.1642","8.521","133,545.8","","kept","none"
"2724","2724","517.9742","10.197","74,338.0","","kept","none"
"2725","2725","518.0697","9.049","53,724.0","","kept","none"
"2726","2726","518.0855","8.499","54,897.6","","kept","none"
"2727","2727","519.0540","9.374","53,465.2","","kept","none"
"2728","2728","520.2703","5.653","39,903.2","","kept","none"
"2729","2729","520.9081","10.995","140,488.8","","kept","none"
"2730","2730","521.1324","8.913","149,956.6","","kept","none"
"2732","2732","521.9576","11.353","56,996.6","","kept","none"
"2735","2735","522.8063","16.218","1,178,809.4","","kept","none"
"2736","2736","522.9417","10.995","331,415.6","","kept","none"
"2737","2737","522.9542","10.181","73,390.5","","kept","none"
"2739","2739","523.9990","9.584","525,544.9","","kept","none"
"2740","2740","524.2793","1.546","124,209.0","","kept","none"
"2745","2745","526.1218","4.111","49,350.0","","kept","none"
"2746","2746","526.8238","9.792","305,889.9","","kept","none"
"2751","2751","529.1285","5.653","78,088.8","","kept","none"
"2754","2754","531.0964","3.855","207,787.3","","kept","none"
"2755","2755","531.9197","9.628","480,373.8","","kept","none"
"2756","2756","534.2858","5.653","32,567.5","","kept","none"
"2757","2757","534.2871","8.001","51,269.0","","kept","none"
"2758","2758","534.4898","1.390","341,416.2","","kept","none"
"2759","2759","534.8048","9.811","293,728.7","","kept","none"
"2762","2762","535.2815","4.672","26,928.0","","kept","none"
"2766","2766","536.7043","16.507","462,251.8","","kept","none"
"2767","2767","536.7294","16.532","150,530.4","","kept","none"
"2768","2768","537.2464","3.855","45,437.4","","kept","none"
"2770","2770","538.7020","16.531","213,893.9","","kept","none"
"2771","2771","538.7278","16.532","60,858.6","","kept","none"
"2772","2772","538.8817","10.973","220,148.6","","kept","none"
"2773","2773","539.8797","10.995","229,387.9","","kept","none"
"2775","2775","540.3311","1.587","261,025.3","","kept","none"
"2777","2777","541.2228","3.879","72,532.9","","kept","none"
"2778","2778","542.3470","2.743","471,283.8","","kept","none"
"2780","2780","543.9357","10.220","227,681.7","","kept","none"
"2781","2781","543.9517","11.874","567,269.8","","kept","none"
"2783","2783","545.9683","10.243","437,234.7","","kept","none"
"2785","2785","546.9703","10.220","91,601.2","","kept","none"
"2788","2788","549.2968","4.672","21,225.9","","kept","none"
"2789","2789","551.1101","5.653","26,071.3","","kept","none"
"2790","2790","552.6785","16.556","413,165.0","","kept","none"
"2791","2791","553.9012","9.651","117,621.2","","kept","none"
"2793","2793","554.3100","2.743","75,622.8","","kept","none"
"2794","2794","554.6759","16.556","226,690.6","","kept","none"
"2795","2795","555.2383","3.902","183,361.3","","kept","none"
"2796","2796","555.2735","1.390","59,825.7","","kept","none"
"2799","2799","556.3257","1.587","5,368,229.3","","kept","none"
"2800","2800","557.1435","8.294","211,149.8","","kept","none"
"2801","2801","557.1881","8.043","51,633.9","","kept","none"
"2803","2803","558.0046","10.102","69,290.8","","kept","none"
"2804","2804","558.0645","9.095","373,136.4","","kept","none"
"2805","2805","558.3314","1.588","285,647.4","","kept","none"
"2806","2806","558.7118","16.532","110,935.9","","kept","none"
"2807","2807","559.1031","4.037","37,167.4","","kept","none"
"2809","2809","559.9816","12.351","129,929.5","","kept","none"
"2812","2812","561.9084","10.220","833,912.0","","kept","none"
"2813","2813","562.7985","16.197","663,310.1","","kept","none"
"2814","2814","562.9062","10.220","939,901.4","","kept","none"
"2815","2815","563.9039","10.220","370,800.3","","kept","none"
"2819","2819","568.3618","1.567","349,103.4","","kept","none"
"2820","2820","568.3618","2.698","92,451.4","","kept","none"
"2821","2821","568.6518","16.557","202,144.1","","kept","none"
"2822","2822","569.2538","3.885","130,401.8","","kept","none"
"2823","2823","569.3654","1.587","78,247.9","","kept","none"
"2824","2824","570.3419","1.567","201,555.4","","kept","none"
"2827","2827","570.6497","16.557","121,751.7","","kept","none"
"2828","2828","571.2887","1.528","193,598.8","","kept","none"
"2833","2833","574.6859","16.556","142,248.3","","kept","none"
"2834","2834","575.0591","6.724","109,149.0","","kept","none"
"2835","2835","575.1986","8.024","228,040.4","","kept","none"
"2836","2836","575.3492","2.721","229,416.7","","kept","none"
"2837","2837","575.3494","1.367","266,804.8","","kept","none"
"2838","2838","576.2009","8.004","47,419.2","","kept","none"
"2839","2839","576.6838","16.556","69,563.3","","kept","none"
"2844","2844","580.3260","1.587","55,235.3","","kept","none"
"2845","2845","580.6944","16.507","285,441.1","","kept","none"
"2847","2847","580.9387","10.995","127,471.4","","kept","none"
"2848","2848","581.2753","10.408","87,510.1","","kept","none"
"2849","2849","583.3449","1.567","384,299.7","","kept","none"
"2851","2851","584.3570","1.567","4,939,011.2","","kept","none"
"2852","2852","584.3571","2.698","1,795,818.7","","kept","none"
"2854","2854","586.3634","1.567","282,185.1","","kept","none"
"2855","2855","586.3633","2.698","70,873.1","","kept","none"
"2856","2856","586.8540","9.697","667,374.4","","kept","none"
"2857","2857","588.0753","10.639","513,743.6","","kept","none"
"2858","2858","594.0626","7.703","182,200.2","","kept","none"
"2859","2859","596.6682","16.556","407,484.5","","kept","none"
"2860","2860","597.1812","8.024","101,271.4","","kept","none"
"2862","2862","597.3049","2.743","175,137.3","","kept","none"
"2863","2863","598.2543","12.327","301,550.7","","kept","none"
"2866","2866","598.6664","16.556","207,750.5","","kept","none"
"2875","2875","602.6758","16.458","305,317.4","","kept","none"
"2876","2876","602.9192","10.998","735,847.6","","kept","none"
"2877","2877","603.1589","8.203","242,283.7","","kept","none"
"2879","2879","604.0704","11.044","197,292.1","","kept","none"
"2880","2880","604.3256","1.567","130,992.5","","kept","none"
"2885","2885","608.8367","9.785","313,916.0","","kept","none"
"2887","2887","609.0883","10.384","214,428.1","","kept","none"
"2888","2888","610.3725","1.546","124,726.4","","kept","none"
"2889","2889","610.7997","9.745","677,377.0","","kept","none"
"2890","2890","611.1451","10.511","2,700,321.9","","kept","none"
"2891","2891","612.1482","10.499","646,748.6","","kept","none"
"2892","2892","612.1706","4.012","50,613.0","","kept","none"
"2893","2893","612.2701","12.328","227,946.8","","kept","none"
"2894","2894","612.6419","16.557","274,421.2","","kept","none"
"2902","2902","614.6400","16.557","156,764.7","","kept","none"
"2905","2905","615.2357","9.212","222,240.5","","kept","none"
"2906","2906","616.4717","2.676","239,066.8","","kept","none"
"2907","2907","616.4716","1.546","423,120.3","","kept","none"
"2908","2908","617.3334","1.364","181,365.9","","kept","none"
"2909","2909","618.2522","8.477","99,857.3","","kept","none"
"2910","2910","618.6501","16.556","360,097.6","","kept","none"
"2911","2911","619.2890","1.505","108,427.7","","kept","none"
"2912","2912","620.0206","10.313","62,098.1","","kept","none"
"2913","2913","620.1378","9.103","349,718.5","","kept","none"
"2914","2914","620.6477","16.533","171,677.8","","kept","none"
"2915","2915","624.2475","8.271","226,916.8","","kept","none"
"2916","2916","624.8010","9.793","184,850.1","","kept","none"
"2917","2917","625.3362","1.485","30,113.2","","kept","none"
"2918","2918","627.9327","10.219","124,413.4","","kept","none"
"2920","2920","628.7703","16.217","746,205.7","","kept","none"
"2922","2922","629.8963","9.629","223,849.2","","kept","none"
"2923","2923","630.1129","9.165","175,382.4","","kept","none"
"2924","2924","630.8188","9.865","302,806.3","","kept","none"
"2925","2925","631.1994","8.890","101,480.2","","kept","none"
"2929","2929","634.6237","16.557","368,138.2","","kept","none"
"2932","2932","636.6216","16.568","207,893.2","","kept","none"
"2933","2933","638.2132","8.090","162,313.4","","kept","none"
"2934","2934","638.2633","8.272","180,679.5","","kept","none"
"2935","2935","641.1721","4.579","70,797.2","","kept","none"
"2936","2936","644.1396","9.184","54,754.1","","kept","none"
"2937","2937","644.2558","7.979","202,774.4","","kept","none"
"2938","2938","645.4503","1.465","170,059.8","","kept","none"
"2939","2939","647.0646","9.165","611,302.7","","kept","none"
"2940","2940","650.5977","16.580","182,135.4","","kept","none"
"2941","2941","651.8782","9.676","160,855.8","","kept","none"
"2942","2942","652.0465","10.315","220,357.4","","kept","none"
"2943","2943","652.5957","16.580","113,776.7","","kept","none"
"2944","2944","652.7890","16.050","1,437,857.5","","kept","none"
"2949","2949","654.7875","16.030","868,502.7","","kept","none"
"2952","2952","657.1242","8.543","229,685.8","","kept","none"
"2954","2954","658.6677","16.556","79,502.9","","kept","none"
"2962","2962","666.4506","1.405","111,509.2","","kept","none"
"2964","2964","667.0648","10.522","881,746.9","","kept","none"
"2965","2965","669.2967","1.324","184,086.0","","kept","none"
"2968","2968","672.9382","9.583","126,249.7","","kept","none"
"2969","2969","674.6144","16.580","84,750.2","","kept","none"
"2970","2970","674.6417","16.557","87,106.9","","kept","none"
"2971","2971","675.1186","9.184","130,150.1","","kept","none"
"2972","2972","675.1214","8.432","238,739.5","","kept","none"
"2973","2973","683.4390","16.010","1,178,732.1","","kept","none"
"2974","2974","684.8307","9.696","199,625.1","","kept","none"
"2976","2976","686.1411","4.742","36,676.6","","kept","none"
"2979","2979","687.4116","1.364","289,298.4","","kept","none"
"2980","2980","688.4922","1.465","154,139.3","","kept","none"
"2984","2984","696.6231","16.580","81,793.2","","kept","none"
"2985","2985","696.7703","16.021","773,475.8","","kept","none"
"2988","2988","698.5135","1.475","136,205.9","","kept","none"
"2990","2990","699.4978","2.428","573,356.6","","kept","none"
"2991","2991","700.5289","2.428","399,130.0","","kept","none"
"2992","2992","701.9419","10.173","87,271.5","","kept","none"
"2993","2993","703.4068","1.364","196,122.4","","kept","none"
"2994","2994","707.0653","10.384","177,016.1","","kept","none"
"2995","2995","716.5242","1.546","306,686.9","","kept","none"
"2997","2997","719.2621","16.030","679,454.2","","kept","none"
"2999","2999","720.2017","3.879","59,319.7","","kept","none"
"3000","3000","720.4957","1.384","303,103.0","","kept","none"
"3001","3001","721.5023","1.359","142,902.9","","kept","none"
"3002","3002","722.5135","1.445","3,959,558.3","","kept","none"
"3003","3003","723.5173","1.462","1,670,528.3","","kept","none"
"3004","3004","724.5219","1.445","450,703.8","","kept","none"
"3005","3005","724.5238","2.115","328,308.5","","kept","none"
"3006","3006","724.5283","1.465","209,918.2","","kept","none"
"3007","3007","726.5436","1.485","100,185.7","","kept","none"
"3008","3008","726.5451","2.405","230,463.6","","kept","none"
"3009","3009","727.8723","9.628","117,975.4","","kept","none"
"3010","3010","732.0914","16.021","890,336.7","","kept","none"
"3011","3011","734.5796","16.581","111,728.3","","kept","none"
"3012","3012","736.5297","1.490","258,694.3","","kept","none"
"3013","3013","736.5773","16.581","76,652.7","","kept","none"
"3014","3014","738.5082","1.417","348,932.3","","kept","none"
"3017","3017","740.5249","1.747","110,373.1","","kept","none"
"3019","3019","742.5394","1.485","424,673.2","","kept","none"
"3021","3021","743.5422","1.536","177,038.5","","kept","none"
"3023","3023","744.5557","2.540","459,295.7","","kept","none"
"3025","3025","745.5028","1.298","342,436.3","","kept","none"
"3026","3026","746.5119","1.394","1,401,985.6","","kept","none"
"3027","3027","746.5127","1.405","1,352,451.3","","kept","none"
"3028","3028","747.5183","1.304","3,717,225.2","","kept","none"
"3029","3029","748.5258","1.364","3,051,809.9","","kept","none"
"3031","3031","749.5303","1.376","1,134,699.7","","kept","none"
"3033","3033","749.5337","2.115","602,327.0","","kept","none"
"3034","3034","749.8537","9.674","107,044.3","","kept","none"
"3035","3035","750.5453","2.226","4,393,453.8","","kept","none"
"3036","3036","751.5486","2.215","2,035,555.7","","kept","none"
"3037","3037","754.0817","16.010","900,960.2","","kept","none"
"3038","3038","756.5612","16.581","119,821.5","","kept","none"
"3039","3039","758.7526","16.050","547,890.3","","kept","none"
"3040","3040","760.5137","1.324","741,333.5","","kept","none"
"3041","3041","762.5084","1.404","178,966.1","","kept","none"
"3042","3042","763.5610","1.546","3,799,907.1","","kept","none"
"3043","3043","763.5612","2.676","1,975,605.1","","kept","none"
"3044","3044","764.5232","2.048","334,973.7","","kept","none"
"3045","3045","764.5640","1.546","1,586,948.3","","kept","none"
"3046","3046","764.5647","2.676","912,963.9","","kept","none"
"3047","3047","765.5269","1.405","264,775.3","","kept","none"
"3048","3048","765.5691","2.676","268,365.2","","kept","none"
"3049","3049","766.1076","8.565","647,419.8","","kept","none"
"3050","3050","766.5406","2.160","2,833,909.9","","kept","none"
"3051","3051","767.4127","16.009","741,995.9","","kept","none"
"3052","3052","767.5439","2.182","1,493,055.0","","kept","none"
"3053","3053","768.5489","1.459","379,630.5","","kept","none"
"3054","3054","768.5504","2.238","495,103.6","","kept","none"
"3055","3055","770.3009","8.024","104,373.8","","kept","none"
"3058","3058","772.5353","16.581","103,167.4","","kept","none"
"3059","3059","773.5344","1.304","1,522,075.4","","kept","none"
"3060","3060","774.0695","9.374","199,968.9","","kept","none"
"3061","3061","774.5449","2.182","1,048,320.0","","kept","none"
"3062","3062","775.5489","2.137","664,752.8","","kept","none"
"3063","3063","776.5609","2.271","529,273.9","","kept","none"
"3068","3068","784.1503","6.770","560,034.1","","kept","none"
"3069","3069","785.1532","6.770","177,424.3","","kept","none"
"3073","3073","789.4032","16.010","763,180.4","","kept","none"
"3077","3077","791.7388","16.030","1,777,841.5","","kept","none"
"3078","3078","792.5398","1.507","7,822,750.7","","kept","none"
"3082","3082","795.5573","2.585","573,615.0","","kept","none"
"3084","3084","802.7352","16.025","724,714.4","","kept","none"
"3085","3085","804.5757","1.505","615,601.8","","kept","none"
"3088","3088","806.5545","1.505","554,002.1","","kept","none"
"3089","3089","806.5551","2.204","773,514.1","","kept","none"
"3090","3090","806.5910","1.526","1,551,994.9","","kept","none"
"3092","3092","807.5587","1.526","314,082.8","","kept","none"
"3095","3095","808.5088","1.324","81,234.8","","kept","none"
"3101","3101","816.5394","1.465","315,368.7","","kept","none"
"3102","3102","818.5558","2.115","2,195,785.1","","kept","none"
"3103","3103","819.5184","1.298","550,562.5","","kept","none"
"3104","3104","819.5587","1.485","1,503,606.6","","kept","none"
"3105","3105","820.5715","2.518","20,781,454.9","","kept","none"
"3106","3106","820.5712","1.505","10,179,996.2","","kept","none"
"3108","3108","821.5744","1.526","5,859,991.8","","kept","none"
"3110","3110","822.5769","1.505","1,455,260.0","","kept","none"
"3111","3111","822.5779","2.518","2,718,819.2","","kept","none"
"3112","3112","823.5805","1.546","301,471.9","","kept","none"
"3113","3113","823.5815","2.518","521,313.6","","kept","none"
"3117","3117","827.4017","1.469","263,796.5","","kept","none"
"3119","3119","828.5762","2.137","1,473,170.1","","kept","none"
"3120","3120","829.5795","1.485","742,727.6","","kept","none"
"3121","3121","830.5881","1.506","362,176.6","","kept","none"
"3122","3122","832.3016","8.024","192,957.2","","kept","none"
"3123","3123","832.5707","1.526","254,828.9","","kept","none"
"3124","3124","832.6068","2.585","648,816.1","","kept","none"
"3125","3125","833.5182","1.310","349,599.5","","kept","none"
"3126","3126","834.5273","1.310","442,283.9","","kept","none"
"3127","3127","834.6220","2.630","393,778.6","","kept","none"
"3128","3128","835.5331","1.304","1,352,422.4","","kept","none"
"3129","3129","835.5336","1.310","1,276,692.7","","kept","none"
"3130","3130","836.5412","1.316","402,524.6","","kept","none"
"3138","3138","844.5706","2.137","1,073,381.6","","kept","none"
"3139","3139","844.7210","16.030","1,108,752.6","","kept","none"
"3143","3143","848.6003","1.505","2,190,113.8","","kept","none"
"3144","3144","848.6024","2.585","6,093,436.0","","kept","none"
"3145","3145","849.6060","2.585","2,773,596.8","","kept","none"
"3146","3146","850.6089","2.585","831,581.5","","kept","none"
"3148","3148","853.0519","9.351","92,237.8","","kept","none"
"3150","3150","854.5908","1.467","941,373.0","","kept","none"
"3151","3151","854.5917","2.226","1,122,457.0","","kept","none"
"3152","3152","855.5954","1.497","463,494.2","","kept","none"
"3153","3153","856.6061","1.507","534,605.8","","kept","none"
"3155","3155","857.5187","1.304","723,683.3","","kept","none"
"3157","3157","859.5341","1.304","426,461.5","","kept","none"
"3160","3160","863.5633","1.320","470,335.8","","kept","none"
"3161","3161","864.5690","1.304","165,954.6","","kept","none"
"3162","3162","864.7168","16.050","675,480.0","","kept","none"
"3163","3163","866.1608","7.610","123,578.6","","kept","none"
"3164","3164","866.5551","1.428","717,091.3","","kept","none"
"3165","3165","867.5180","1.284","330,597.7","","kept","none"
"3166","3166","867.5583","1.441","333,637.8","","kept","none"
"3168","3168","869.5320","1.283","251,797.5","","kept","none"
"3170","3170","870.5863","1.485","2,473,466.1","","kept","none"
"3171","3171","871.5902","2.238","1,649,756.0","","kept","none"
"3172","3172","872.5996","1.506","804,486.7","","kept","none"
"3173","3173","872.6014","2.473","1,317,991.4","","kept","none"
"3174","3174","872.6020","2.473","999,644.5","","kept","none"
"3175","3175","873.6041","1.505","304,209.3","","kept","none"
"3176","3176","877.7063","16.010","725,090.7","","kept","none"
"3177","3177","878.5912","1.465","140,529.1","","kept","none"
"3182","3182","887.5608","1.304","2,085,207.0","","kept","none"
"3183","3183","888.5671","1.304","983,457.4","","kept","none"
"3184","3184","888.5684","1.310","604,738.9","","kept","none"
"3187","3187","894.4722","16.581","70,281.6","","kept","none"
"3188","3188","894.5864","1.465","621,474.4","","kept","none"
"3189","3189","895.5900","1.486","301,412.7","","kept","none"
"3190","3190","896.6017","2.293","679,701.6","","kept","none"
"3191","3191","897.6053","1.500","209,327.0","","kept","none"
"3192","3192","897.7027","16.025","596,877.4","","kept","none"
"3193","3193","908.7051","16.050","702,511.5","","kept","none"
"3194","3194","909.5495","1.304","351,978.5","","kept","none"
"3195","3195","911.5653","1.304","621,350.4","","kept","none"
"3196","3196","913.5798","1.304","358,032.1","","kept","none"
"3197","3197","915.5984","1.345","439,355.6","","kept","none"
"3198","3198","916.6025","1.345","204,378.4","","kept","none"
"3199","3199","929.2993","10.545","169,211.1","","kept","none"
"3200","3200","930.6890","16.050","3,953,212.3","","kept","none"
"3201","3201","970.6806","16.050","566,019.7","","kept","none"